MJD,m,dm,uJy,duJy,F,err,chi/N,RA,Dec,x,y,maj,min,phi,apfit,mag5sig,Sky,Obs
57922.557742,20.314,0.54,27,15,o,0,1.46,318.17044,-42.50001,1639.38,4853.26,2.9,2.79,-79.3,-0.475,18.99,20.09,01a57922o0641o
57922.565352,19.917,0.558,39,22,o,0,1.2,318.17044,-42.50001,9120.74,5495.34,3.26,3.07,-60.1,-0.446,18.95,20.04,01a57922o0656o
57922.567814,21.068,1.603,14,22,o,0,1.14,318.17044,-42.50001,9065.06,5425.78,3.35,3.18,-72.1,-0.437,18.89,20.08,01a57922o0661o
57922.579045,-21.596,2.095,-8,18,o,0,1.24,318.17044,-42.50001,1683.05,4695.82,3.16,2.98,-74.1,-0.456,18.88,20.05,01a57922o0683o
57923.564898,-16.343,1.316,-1054,1386,o,0,1.13,318.17044,-42.50001,7031.66,5203.23,2.08,1.71,6.5,-0.461,14.89,16.65,02a57923o0640o
57930.537701,19.517,0.671,57,38,o,0,0.62,318.17044,-42.50001,909.22,4318.08,6.59,6.27,-62.2,-0.342,18.36,20.51,01a57930o0575o
57930.548269,-21.083,1.889,-13,25,o,0,0.87,318.17044,-42.50001,9841.16,6035.68,5.3,4.82,-54.1,-0.375,18.68,20.6,01a57930o0596o
57930.560243,19.269,0.417,71,30,o,0,0.91,318.17044,-42.50001,9792.25,6005.13,6.3,5.75,-43.9,-0.36,18.54,20.64,01a57930o0619o
57930.562222,-19.32,0.377,-68,26,o,0,0.87,318.17044,-42.50001,111.13,6200.61,6.3,5.19,-17.1,-0.309,18.55,20.68,01a57930o0623o
57930.569562,19.745,0.521,46,24,o,0,1.17,318.17044,-42.50001,60.31,6154.33,4.43,3.91,-43.3,-0.379,18.92,20.69,01a57930o0638o
57930.571029,20.562,0.962,22,21,o,0,1.01,318.17044,-42.50001,9786.12,6163.11,4.94,4.35,-58.9,-0.37,18.8,20.62,01a57930o0641o
57930.580363,-20.427,1.358,-24,33,o,0,0.99,318.17044,-42.50001,41.02,6317.36,5.26,4.68,-38.5,-0.351,18.73,20.67,01a57930o0659o
57934.530974,22.093,3.071,5,16,o,0,0.87,318.17044,-42.50001,3036.75,6998.48,3.05,2.82,-73.0,-0.453,19.2,20.57,01a57934o0597o
57934.541083,21.412,1.429,10,14,o,0,1.28,318.17044,-42.50001,7724.35,3361.86,3.05,2.97,85.9,-0.445,19.18,20.59,01a57934o0617o
57934.547945,21.905,2.182,6,14,o,0,1.13,318.17044,-42.50001,7657.92,3310.63,3.0,2.91,-83.7,-0.449,19.2,20.63,01a57934o0631o
57934.558235,-21.388,1.275,-10,13,o,0,1.14,318.17044,-42.50001,7652.46,3468.72,3.12,3.06,-54.6,-0.442,19.25,20.74,01a57934o0651o
57938.512868,19.693,0.404,48,20,o,0,1.2,318.17044,-42.50001,2670.48,7118.55,3.44,2.83,-47.7,-0.454,18.86,20.0,01a57938o0449o
57938.518297,20.989,1.122,15,16,o,0,1.42,318.17044,-42.50001,2638.9,7060.57,3.4,2.8,-51.6,-0.453,18.96,20.13,01a57938o0460o
57938.529651,20.423,0.602,25,15,o,0,1.16,318.17044,-42.50001,2703.8,7095.33,3.32,2.77,-46.6,-0.46,19.19,20.54,01a57938o0482o
57938.530142,21.515,1.617,9,14,o,0,1.09,318.17044,-42.50001,2717.69,6977.49,3.22,2.72,-48.2,-0.466,19.21,20.55,01a57938o0483o
57940.473067,-20.451,1.608,-24,38,o,0,1.04,318.17044,-42.50001,9268.33,6690.44,2.3,2.07,17.2,-0.511,18.44,18.89,02a57940o0424o
57940.482331,20.659,1.87,20,37,o,0,1.8,318.17044,-42.50001,9280.98,6731.04,2.28,2.07,16.9,-0.471,18.41,18.86,02a57940o0443o
57948.498605,-21.901,5.462,-6,34,o,0,1.6,318.17044,-42.50001,340.96,3621.04,2.5,2.19,69.5,-0.495,18.21,19.08,02a57948o0515o
57948.510801,-20.553,1.436,-22,31,o,0,1.35,318.17044,-42.50001,328.23,3580.12,2.4,2.21,48.0,-0.457,18.39,19.17,02a57948o0540o
57948.514217,19.567,0.854,54,46,o,0,1.13,318.17044,-42.50001,10085.54,3644.73,2.77,2.44,87.0,-0.476,18.13,18.96,02a57948o0547o
57948.520407,-24.591,61.333,0,32,o,0,0.96,318.17044,-42.50001,386.4,3656.29,2.41,2.12,22.1,-0.473,18.47,19.21,02a57948o0559o
57948.523332,-21.525,4.303,-9,38,o,0,1.09,318.17044,-42.50001,10056.35,3609.34,2.68,2.33,-89.3,-0.47,18.23,19.08,02a57948o0565o
57948.530186,-21.845,6.519,-7,43,o,0,0.78,318.17044,-42.50001,10116.12,3685.74,2.64,2.32,-87.3,-0.501,18.38,19.12,02a57948o0579o
57948.532142,19.783,0.778,44,34,o,0,0.85,318.17044,-42.50001,405.63,3539.87,2.31,2.03,27.3,-0.508,18.57,19.23,02a57948o0583o
57948.54152,-24.053,43.25,-1,38,o,0,1.01,318.17044,-42.50001,10145.23,3565.36,2.62,2.27,83.4,-0.483,18.49,19.17,02a57948o0601o
57950.494018,21.573,1.971,8,17,o,0,1.46,318.17044,-42.50001,2852.93,4205.91,3.63,2.96,-88.9,-0.424,18.91,20.24,01a57950o0520o
57950.504925,20.005,0.553,36,20,o,0,1.21,318.17044,-42.50001,7895.85,6156.86,3.66,2.78,-84.9,-0.44,18.75,19.94,01a57950o0542o
57950.506862,-22.139,4.684,-5,24,o,0,1.26,318.17044,-42.50001,7839.46,6086.51,3.66,2.83,-82.7,-0.43,18.78,19.96,01a57950o0546o
57950.51704,-19.321,0.626,-68,42,o,0,0.83,318.17044,-42.50001,7833.51,6243.36,3.86,2.87,-83.4,-0.427,18.29,19.69,01a57950o0566o
57954.487163,19.719,0.414,47,20,o,0,1.22,318.17044,-42.50001,8929.92,4478.49,4.54,3.04,-86.5,-0.405,18.79,20.39,01a57954o0568o
57954.495474,21.273,1.7,11,19,o,0,1.01,318.17044,-42.50001,8963.55,4550.58,4.28,2.82,-86.4,-0.431,18.92,20.41,01a57954o0585o
57954.504687,25.24,69.0,0,20,o,0,0.98,318.17044,-42.50001,8913.13,4508.72,4.3,2.93,-86.0,-0.43,18.89,20.41,01a57954o0604o
57954.511916,21.851,3.0,7,20,o,0,1.21,318.17044,-42.50001,8887.96,4655.22,4.48,3.09,-86.7,-0.41,18.83,20.39,01a57954o0618o
57958.468691,-20.387,0.786,-25,20,o,0,0.91,318.17044,-42.50001,8961.69,4953.33,4.67,3.42,-85.0,-0.401,18.85,20.59,01a57958o0200o
57958.479362,-21.457,1.964,-10,19,o,0,1.25,318.17044,-42.50001,8986.06,5033.97,4.63,3.22,-87.4,-0.411,18.9,20.57,01a57958o0222o
57958.491446,-20.992,1.378,-15,20,o,0,1.03,318.17044,-42.50001,8932.38,5004.38,4.54,3.16,-85.2,-0.402,18.9,20.57,01a57958o0246o
57958.503105,-20.276,0.628,-28,18,o,0,1.07,318.17044,-42.50001,8912.14,5166.74,4.61,3.11,-86.5,-0.406,18.91,20.6,01a57958o0270o
57960.482277,21.593,2.4,8,20,o,0,1.18,318.17044,-42.50001,2240.97,4732.0,2.58,2.28,69.0,-0.451,18.83,20.71,02a57960o0476o
57960.488116,-21.58,1.78,-8,15,o,0,1.62,318.17044,-42.50001,2213.68,4692.21,2.42,2.2,63.1,-0.465,18.92,20.62,02a57960o0488o
57960.497872,19.608,0.312,52,16,o,0,1.35,318.17044,-42.50001,2272.72,4770.12,2.43,2.22,56.7,-0.468,18.99,20.66,02a57960o0508o
57960.510558,21.243,1.537,12,18,o,0,0.82,318.17044,-42.50001,2304.1,4652.48,2.32,2.13,52.9,-0.482,19.07,20.57,02a57960o0534o
57966.46929,-25.504,79.0,0,18,o,0,1.0,318.17044,-42.50001,908.23,6745.46,3.43,2.97,-88.0,-0.407,19.0,20.43,01a57966o0452o
57966.477983,24.328,26.667,1,18,o,0,0.97,318.17044,-42.50001,942.44,6818.27,3.36,2.96,85.8,-0.419,19.02,20.57,01a57966o0469o
57966.484787,18.967,0.237,94,22,o,0,1.05,318.17044,-42.50001,891.65,6768.91,4.7,3.85,83.8,-0.363,18.73,20.54,01a57966o0483o
57966.48576,-22.351,3.933,-4,16,o,0,1.21,318.17044,-42.50001,863.86,6891.29,3.8,3.33,-86.7,-0.39,18.96,20.55,01a57966o0485o
57968.420464,19.646,0.394,50,20,o,0,1.12,318.17044,-42.50001,9291.01,7105.41,2.05,1.88,53.5,-0.509,18.9,19.42,02a57968o0360o
57968.433025,19.869,0.572,41,23,o,0,1.18,318.17044,-42.50001,9299.42,7147.51,2.11,1.93,53.1,-0.494,18.9,19.44,02a57968o0385o
57968.44199,21.192,1.533,12,19,o,0,1.27,318.17044,-42.50001,1212.8,3377.64,2.12,1.88,33.3,-0.496,18.88,19.46,02a57968o0403o
57968.450419,-20.47,3.125,-24,74,o,0,1.37,318.17044,-42.50001,9224.97,7184.35,2.17,1.99,54.2,-0.501,17.56,18.18,02a57968o0420o
57975.454239,-20.84,1.816,-17,30,o,0,1.08,318.17044,-42.50001,9596.38,4727.87,3.18,3.03,-80.3,-0.44,18.39,19.2,01a57975o0423o
57975.462077,18.98,0.337,93,31,o,0,1.11,318.17044,-42.50001,9614.0,4799.32,3.13,3.06,-87.3,-0.439,18.41,19.2,01a57975o0438o
57975.469887,19.468,0.553,59,33,o,0,1.3,318.17044,-42.50001,9558.1,4752.04,3.29,3.23,-83.9,-0.428,18.3,19.17,01a57975o0453o
57975.478239,-22.435,9.182,-4,35,o,0,1.28,318.17044,-42.50001,9545.01,4900.61,4.08,3.92,87.0,-0.379,18.02,19.15,01a57975o0469o
57977.44751,-20.533,1.208,-22,27,o,0,1.05,318.17044,-42.50001,2827.82,3884.75,2.61,2.38,71.1,-0.412,18.56,19.58,02a57977o0428o
57977.456155,21.649,3.324,8,26,o,0,1.16,318.17044,-42.50001,2815.04,3845.62,2.83,2.63,62.2,-0.415,18.48,19.56,02a57977o0445o
57977.464827,20.009,0.662,36,24,o,0,1.01,318.17044,-42.50001,2874.74,3922.88,2.51,2.3,64.7,-0.425,18.62,19.54,02a57977o0462o
57977.474533,-24.996,62.5,0,23,o,0,1.33,318.17044,-42.50001,2890.87,3809.72,2.55,2.36,70.1,-0.437,18.62,19.56,02a57977o0481o
57979.448117,-21.362,2.154,-10,22,o,0,1.34,318.17044,-42.50001,8456.5,3990.72,3.5,2.84,-83.6,-0.429,18.58,19.81,01a57979o0408o
57979.456955,-20.734,1.62,-18,30,o,0,0.93,318.17044,-42.50001,8473.98,4065.07,3.34,2.78,-85.5,-0.44,18.53,19.65,01a57979o0425o
57979.465813,-20.346,1.421,-26,38,o,0,1.38,318.17044,-42.50001,8417.38,4022.5,3.5,2.84,-82.9,-0.431,18.08,19.17,01a57979o0442o
57979.47569,-18.871,0.62,-103,64,o,0,0.98,318.17044,-42.50001,8404.37,4178.47,3.49,2.96,-85.6,-0.426,17.29,18.41,01a57979o0461o
57981.426303,-24.32,12.0,-1,8,c,0,0.99,318.17044,-42.50001,917.62,4255.11,2.53,2.44,43.1,-0.402,19.61,21.36,02a57981o0379c
57981.434626,20.909,0.541,16,8,c,0,1.51,318.17044,-42.50001,905.69,4215.64,2.57,2.49,47.6,-0.402,19.6,21.34,02a57981o0396c
57981.442928,-21.965,1.333,-6,8,c,0,1.47,318.17044,-42.50001,965.65,4294.1,2.56,2.48,54.6,-0.403,19.54,21.3,02a57981o0413c
57981.451218,21.9,1.628,6,10,c,0,0.77,318.17044,-42.50001,982.28,4176.54,2.59,2.52,50.4,-0.405,19.53,21.22,02a57981o0430c
57983.433608,-21.103,1.592,-13,21,o,0,1.07,318.17044,-42.50001,10382.19,6441.84,4.14,2.84,-85.0,-0.414,18.92,20.34,01a57983o0314o
57983.442488,20.823,1.286,17,22,o,0,1.09,318.17044,-42.50001,10400.54,6517.2,4.18,2.82,-84.2,-0.411,18.92,20.31,01a57983o0331o
57983.446122,21.757,2.545,7,18,o,0,1.1,318.17044,-42.50001,653.07,6560.28,3.48,2.73,87.8,-0.411,18.99,20.33,01a57983o0338o
57983.451293,21.156,1.684,12,21,o,0,1.31,318.17044,-42.50001,10343.6,6473.45,4.51,3.3,-85.4,-0.382,18.79,20.3,01a57983o0348o
57983.454925,-22.011,3.696,-6,21,o,0,1.02,318.17044,-42.50001,672.12,6633.61,3.69,2.95,-88.5,-0.403,18.93,20.35,01a57983o0355o
57983.460126,-23.236,10.857,-2,20,o,0,1.34,318.17044,-42.50001,10331.82,6625.21,4.12,2.75,-82.1,-0.434,18.91,20.27,01a57983o0365o
57983.465846,20.378,0.731,26,19,o,0,1.35,318.17044,-42.50001,617.6,6602.24,3.69,2.79,89.1,-0.406,18.96,20.33,01a57983o0376o
57983.47359,-22.605,6.071,-3,20,o,0,0.86,318.17044,-42.50001,590.61,6750.12,3.62,2.84,88.7,-0.397,18.97,20.39,01a57983o0391o
57985.425812,-18.879,0.638,-102,65,c,0,1.61,318.17044,-42.50001,1328.27,6827.33,3.47,3.15,46.8,-0.422,17.28,19.8,02a57985o0395c
57985.434143,-20.43,1.189,-24,29,c,0,1.58,318.17044,-42.50001,1303.0,6786.5,3.22,2.89,40.5,-0.44,18.27,20.62,02a57985o0412c
57985.44245,19.691,1.105,48,53,c,0,1.29,318.17044,-42.50001,1376.78,6865.19,3.35,3.07,44.9,-0.429,17.61,19.95,02a57985o0429c
57985.450756,21.919,9.0,6,56,c,0,1.06,318.17044,-42.50001,1394.11,6747.58,3.32,2.99,50.0,-0.438,17.61,19.91,02a57985o0446c
57987.419483,21.692,2.885,8,22,o,0,1.25,318.17044,-42.50001,7195.19,6441.67,3.67,2.99,-86.0,-0.417,18.78,20.25,01a57987o0140o
57987.428309,21.819,3.2,7,22,o,0,1.03,318.17044,-42.50001,7213.86,6515.8,3.81,2.94,-84.5,-0.422,18.8,20.29,01a57987o0157o
57987.437168,22.217,4.647,5,22,o,0,1.22,318.17044,-42.50001,7159.22,6473.61,3.82,2.93,-84.8,-0.421,18.75,20.2,01a57987o0174o
57987.446039,-23.271,11.286,-2,20,o,0,1.0,318.17044,-42.50001,7148.49,6625.82,3.8,2.83,-83.7,-0.431,18.84,20.25,01a57987o0191o
57989.418591,23.409,7.5,2,12,c,0,1.35,318.17044,-42.50001,889.38,5511.89,2.62,2.42,36.4,-0.439,19.14,20.79,02a57989o0375c
57989.427042,-21.467,1.167,-9,11,c,0,1.4,318.17044,-42.50001,877.34,5471.83,2.53,2.38,36.2,-0.447,19.47,21.09,02a57989o0392c
57989.43547,-22.459,2.815,-4,11,c,0,1.04,318.17044,-42.50001,937.39,5549.38,2.5,2.33,33.9,-0.442,19.49,21.1,02a57989o0409c
57989.443915,23.658,9.143,1,11,c,0,1.34,318.17044,-42.50001,954.97,5431.95,2.65,2.48,40.5,-0.438,19.3,20.93,02a57989o0426c
57997.372774,23.076,16.375,2,35,o,0,1.09,318.17044,-42.50001,5193.95,917.29,2.88,2.5,54.3,-0.447,18.4,19.6,02a57997o0240o
57997.39882,20.147,1.016,32,32,o,0,1.02,318.17044,-42.50001,5257.48,837.43,2.61,2.38,54.6,-0.442,18.62,19.51,02a57997o0264o
58007.371563,-20.931,1.867,-15,29,o,0,0.97,318.17044,-42.50001,7314.45,9855.59,4.22,3.56,-89.1,-0.395,18.55,19.89,01a58007o0320o
58007.379952,-19.777,0.704,-45,31,o,0,0.89,318.17044,-42.50001,7332.29,9929.16,4.05,3.35,-82.6,-0.408,18.56,19.78,01a58007o0338o
58007.387791,22.199,5.389,5,26,o,0,1.08,318.17044,-42.50001,7290.59,9883.1,3.68,3.03,-83.0,-0.431,18.6,19.73,01a58007o0355o
58007.39605,20.602,1.54,21,32,o,0,1.24,318.17044,-42.50001,7265.42,10033.97,3.94,3.16,-83.3,-0.413,18.32,19.44,01a58007o0373o
58011.362158,21.956,3.036,6,18,o,0,0.71,318.17044,-42.50001,7278.93,9623.52,3.37,2.72,-79.1,-0.449,19.19,20.64,01a58011o0299o
58011.369983,21.203,1.404,12,17,o,0,1.11,318.17044,-42.50001,7306.78,9662.63,3.55,2.81,-76.3,-0.435,19.15,20.61,01a58011o0316o
58011.377817,20.0,0.412,36,15,o,0,1.38,318.17044,-42.50001,7246.87,9584.16,3.49,2.77,-77.3,-0.441,19.17,20.58,01a58011o0333o
58011.385646,-21.351,1.891,-10,20,o,0,1.05,318.17044,-42.50001,7219.62,9700.99,3.49,2.76,-77.9,-0.445,19.14,20.55,01a58011o0350o
58011.402243,-22.244,4.1,-5,19,o,0,0.86,318.17044,-42.50001,542.26,4301.88,2.12,1.92,64.3,-0.494,18.98,20.4,02a58011o0352o
58011.412539,20.425,0.824,24,20,o,0,0.6,318.17044,-42.50001,529.85,4260.09,2.32,2.03,69.8,-0.476,18.94,20.29,02a58011o0374o
58011.423258,20.88,2.0,16,32,o,0,0.74,318.17044,-42.50001,10280.94,4321.56,2.65,2.24,81.9,-0.507,18.4,19.83,02a58011o0397o
58011.433445,19.942,0.571,38,22,o,0,1.53,318.17044,-42.50001,10252.64,4283.59,2.75,2.26,86.0,-0.491,18.86,20.24,02a58011o0419o
58017.360774,21.931,2.185,6,13,c,0,1.03,318.17044,-42.50001,3941.28,706.56,3.41,2.87,52.4,-0.414,19.44,21.2,02a58017o0178c
58017.367676,21.22,1.228,12,14,c,0,0.87,318.17044,-42.50001,8353.67,10380.21,2.96,2.7,-11.3,-0.46,19.37,21.06,02a58017o0193c
58017.368589,20.789,0.704,18,12,c,0,1.1,318.17044,-42.50001,3929.12,666.25,3.25,2.73,50.4,-0.433,19.47,21.14,02a58017o0195c
58017.375954,20.5,0.536,23,12,c,0,1.34,318.17044,-42.50001,8342.51,10339.75,2.8,2.51,-10.4,-0.457,19.4,21.04,02a58017o0211c
58017.376867,-21.883,1.839,-6,12,c,0,1.18,318.17044,-42.50001,3990.91,744.27,3.07,2.66,44.6,-0.451,19.47,21.11,02a58017o0213c
58017.384245,23.698,13.2,1,16,c,0,1.04,318.17044,-42.50001,8403.92,10415.86,3.2,2.92,-13.9,-0.427,19.33,21.02,02a58017o0229c
58017.385158,0.0,21.099,0,13,c,0,1.13,318.17044,-42.50001,4007.56,625.49,3.44,3.01,53.9,-0.387,19.38,21.11,02a58017o0231c
58017.392495,22.601,4.118,3,14,c,0,1.16,318.17044,-42.50001,8420.65,10296.07,2.89,2.58,-13.1,-0.454,19.36,21.03,02a58017o0247c
58021.365162,-22.158,2.3,-5,11,c,0,0.98,318.17044,-42.50001,6544.81,1957.12,2.76,2.52,69.7,-0.431,19.54,21.17,02a58021o0323c
58021.373535,-21.751,1.535,-7,11,c,0,1.15,318.17044,-42.50001,6518.92,1918.09,2.76,2.54,73.9,-0.431,19.54,21.17,02a58021o0341c
58021.382273,-21.309,1.031,-11,11,c,0,0.99,318.17044,-42.50001,6578.28,1994.48,2.75,2.54,76.4,-0.437,19.56,21.15,02a58021o0360c
58021.391049,22.317,2.96,4,13,c,0,0.95,318.17044,-42.50001,6596.01,1876.0,2.74,2.54,77.8,-0.437,19.5,21.1,02a58021o0379c
58023.316038,-21.322,2.298,-11,25,o,0,0.85,318.17044,-42.50001,7113.27,8244.6,3.52,2.81,-84.8,-0.432,18.83,19.94,01a58023o0140o
58023.32387,23.965,20.25,1,19,o,0,1.64,318.17044,-42.50001,7147.2,8315.43,3.64,2.83,-82.0,-0.425,18.82,19.93,01a58023o0157o
58023.331692,-22.569,6.286,-3,21,o,0,1.43,318.17044,-42.50001,7093.52,8249.96,3.71,2.85,-82.1,-0.423,18.77,19.92,01a58023o0174o
58023.346396,20.917,1.246,16,19,o,0,1.42,318.17044,-42.50001,7070.88,8426.23,3.68,2.83,-84.0,-0.428,18.8,19.93,01a58023o0206o
58029.33551,-18.847,0.36,-105,38,o,0,0.98,318.17044,-42.50001,5592.39,595.21,2.53,2.19,40.5,-0.521,18.35,18.63,02a58029o0297o
58029.343327,21.108,2.825,13,37,o,0,1.67,318.17044,-42.50001,5580.98,554.47,3.13,2.75,41.4,-0.427,18.18,18.61,02a58029o0314o
58033.344929,22.401,6.892,4,27,o,0,1.04,318.17044,-42.50001,4767.44,1819.32,2.18,2.04,82.3,-0.442,18.41,18.71,02a58033o0224o
58033.353263,20.12,0.858,32,28,o,0,1.26,318.17044,-42.50001,4797.02,1702.25,2.2,2.02,82.5,-0.445,18.39,18.67,02a58033o0242o
58039.311396,-20.939,1.639,-15,25,o,0,1.17,318.17044,-42.50001,5513.12,8585.3,3.48,3.1,-81.3,-0.415,18.71,19.86,01a58039o0177o
58039.319207,19.726,0.503,47,24,o,0,1.16,318.17044,-42.50001,5528.57,8655.6,3.69,3.3,-82.2,-0.418,18.71,19.99,01a58039o0194o
58039.327039,-23.529,18.167,-1,26,o,0,0.92,318.17044,-42.50001,5470.22,8609.41,3.35,2.87,-83.3,-0.445,18.76,19.9,01a58039o0211o
58039.334859,21.744,2.774,7,20,o,0,1.14,318.17044,-42.50001,5454.73,8756.58,3.36,2.83,-85.2,-0.446,18.85,20.02,01a58039o0228o
58043.306329,19.351,2.065,66,136,o,0,1.12,318.17044,-42.50001,3808.9,10259.31,4.35,4.01,-16.5,-0.377,16.81,18.36,01a58043o0248o
58043.314134,19.498,1.385,58,80,o,0,1.22,318.17044,-42.50001,3822.52,10330.11,3.83,3.33,-74.8,-0.41,17.57,18.92,01a58043o0265o
58043.321982,19.283,0.908,70,64,o,0,1.34,318.17044,-42.50001,3763.55,10283.81,3.81,3.31,-76.5,-0.395,17.38,18.76,01a58043o0282o
58043.329804,20.135,1.382,32,44,o,0,0.95,318.17044,-42.50001,3747.89,10432.94,4.02,3.58,-69.9,-0.388,18.14,19.5,01a58043o0299o
58049.295147,-18.853,0.904,-104,94,c,0,1.27,318.17044,-42.50001,3853.64,1248.14,2.91,2.5,50.9,-0.426,17.47,19.1,02a58049o0039c
58049.302977,-18.764,0.947,-113,107,c,0,1.13,318.17044,-42.50001,3841.25,1207.82,3.0,2.6,54.8,-0.402,16.96,18.62,02a58049o0056c
58049.310797,-17.988,1.412,-232,327,c,0,1.26,318.17044,-42.50001,3900.23,1285.71,3.03,2.56,54.3,-0.404,16.63,18.31,02a58049o0073c
58049.318593,-19.179,0.317,-77,24,c,0,27.03,318.17044,-42.50001,3916.22,1167.68,3.11,2.64,51.6,-0.427,18.95,20.55,02a58049o0090c
58053.257686,20.024,0.494,36,18,o,0,1.21,318.17044,-42.50001,4338.23,1784.86,2.18,1.96,54.5,-0.458,18.99,19.54,02a58053o0159o
58053.264588,-23.174,8.765,-2,17,o,0,1.44,318.17044,-42.50001,4325.98,1744.62,2.25,2.04,59.5,-0.451,18.98,19.57,02a58053o0174o
58053.271467,-20.771,1.184,-18,21,o,0,0.87,318.17044,-42.50001,4384.81,1821.97,2.26,2.08,57.6,-0.45,18.95,19.56,02a58053o0189o
58053.278324,-21.799,2.707,-7,19,o,0,1.7,318.17044,-42.50001,4400.2,1704.5,2.28,2.11,59.4,-0.44,18.95,19.56,02a58053o0204o
58057.274118,14.168,1.077,7811,8412,o,0,1.11,318.17044,-42.50001,3540.65,2259.51,48.43,19.25,0.0,-0.136,15.19,15.18,02a58057o0069o
58057.281455,14.854,0.649,4154,2696,o,0,1.06,318.17044,-42.50001,3528.03,2220.13,34.72,1.75,0.4,-0.136,14.62,14.66,02a58057o0085o
58057.297044,-16.054,0.404,-1376,556,o,0,0.85,318.17044,-42.50001,3601.67,2200.0,2.75,2.22,52.5,-0.376,15.28,15.44,02a58057o0119o
58063.263566,-19.908,0.887,-40,35,o,0,1.23,318.17044,-42.50001,3826.08,9789.73,3.71,3.24,-76.6,-0.43,18.29,19.15,01a58063o0184o
58063.270975,-20.901,2.268,-16,36,o,0,1.19,318.17044,-42.50001,3839.06,9858.42,3.67,3.28,-73.3,-0.427,18.27,19.07,01a58063o0200o
58063.27879,20.045,1.136,35,40,o,0,1.39,318.17044,-42.50001,3779.38,9811.58,3.77,3.32,-73.7,-0.425,18.22,19.01,01a58063o0217o
58063.286601,18.76,0.404,114,46,o,0,1.08,318.17044,-42.50001,3763.0,9959.55,3.87,3.37,-75.0,-0.42,18.16,18.93,01a58063o0234o
58065.270348,15.313,0.482,2720,1311,o,0,1.27,318.17044,-42.50001,5041.81,1610.57,2.53,2.19,59.5,-0.457,13.95,15.28,02a58065o0198o
58065.277678,-16.858,0.797,-656,522,o,0,1.22,318.17044,-42.50001,5100.59,1687.26,2.53,2.17,63.8,-0.437,14.63,15.97,02a58065o0214o
58067.258207,-20.863,1.301,-16,21,o,0,1.15,318.17044,-42.50001,7124.89,9117.66,3.47,2.73,-77.8,-0.439,18.85,19.9,01a58067o0161o
58067.265558,22.249,5.737,5,26,o,0,0.8,318.17044,-42.50001,7137.09,9185.77,3.56,2.85,-79.1,-0.429,18.76,19.86,01a58067o0177o
58067.272906,20.516,1.122,23,25,o,0,1.03,318.17044,-42.50001,7074.77,9115.81,3.67,2.87,-78.9,-0.424,18.77,19.83,01a58067o0193o
58067.280723,-20.538,1.179,-22,26,o,0,1.02,318.17044,-42.50001,7057.97,9261.57,3.72,2.96,-80.9,-0.419,18.72,19.79,01a58067o0210o
58245.594373,18.51,0.349,143,50,o,0,2.22,318.17044,-42.50001,3705.92,10026.47,2.33,2.11,34.4,-0.469,18.02,18.39,02a58245o0792o
58245.601701,-18.673,0.379,-123,47,o,0,1.31,318.17044,-42.50001,3718.41,10066.79,2.35,2.1,32.7,-0.473,18.16,18.5,02a58245o0808o
58245.603527,-19.28,0.653,-70,46,o,0,1.29,318.17044,-42.50001,9223.6,418.7,2.56,2.11,48.1,-0.442,18.09,18.45,02a58245o0812o
58245.605808,-20.213,1.392,-30,42,o,0,1.19,318.17044,-42.50001,9136.65,455.55,2.48,2.21,53.5,-0.427,18.25,18.66,02a58245o0817o
58245.606264,22.719,10.4,3,31,o,0,1.83,318.17044,-42.50001,9166.71,338.39,2.43,2.15,53.8,-0.427,18.29,18.67,02a58245o0818o
58245.607632,19.226,0.588,74,44,o,0,1.05,318.17044,-42.50001,3661.49,9990.3,2.54,2.2,33.7,-0.481,18.26,18.67,02a58245o0821o
58245.623641,19.002,0.78,91,71,o,0,1.49,318.17044,-42.50001,3643.09,10109.88,2.42,2.21,31.4,-0.459,17.86,18.11,02a58245o0856o
58250.60474,20.752,0.694,18,13,c,0,1.41,318.17044,-42.50001,6825.72,9715.19,3.17,2.85,42.3,-0.399,19.39,21.14,02a58250o0787c
58250.610228,-21.538,1.59,-9,14,c,0,1.17,318.17044,-42.50001,6839.89,9755.17,3.29,2.89,48.2,-0.412,19.31,21.0,02a58250o0799c
58250.625852,18.95,1.165,96,111,c,0,2.27,318.17044,-42.50001,6780.36,9678.61,2.95,2.75,48.9,-0.446,17.44,18.16,02a58250o0833c
58250.627221,-18.427,1.181,-155,183,c,0,1.55,318.17044,-42.50001,6766.42,9796.6,2.79,2.66,60.8,-0.491,17.11,17.79,02a58250o0836c
58255.572982,22.005,7.091,6,41,o,0,1.07,318.17044,-42.50001,1077.29,10057.92,3.58,2.95,-84.7,-0.453,18.04,19.41,01a58255o0480o
58255.578519,-20.262,1.159,-28,33,o,0,0.99,318.17044,-42.50001,6539.6,391.19,3.44,3.09,80.4,-0.427,18.18,19.63,01a58255o0492o
58255.580823,20.295,1.151,28,32,o,0,1.61,318.17044,-42.50001,1049.51,9995.38,3.43,2.85,88.9,-0.454,18.0,19.39,01a58255o0497o
58255.586354,22.334,7.667,4,32,o,0,1.08,318.17044,-42.50001,6510.99,329.19,3.28,3.03,83.0,-0.428,18.22,19.61,01a58255o0509o
58255.588659,20.776,2.108,18,38,o,0,1.19,318.17044,-42.50001,1095.57,10052.55,3.55,2.98,89.4,-0.441,18.2,19.63,01a58255o0514o
58255.594864,-21.616,5.706,-8,47,o,0,1.07,318.17044,-42.50001,6553.91,380.49,3.35,3.15,50.6,-0.413,18.33,19.76,01a58255o0526o
58255.597154,21.046,2.5,14,35,o,0,0.87,318.17044,-42.50001,1097.05,9907.44,3.53,2.85,-88.8,-0.447,18.04,19.41,01a58255o0531o
58255.602727,19.899,0.74,40,30,o,0,1.24,318.17044,-42.50001,6554.96,237.8,3.38,3.23,68.5,-0.413,18.39,19.81,01a58255o0543o
58257.584592,-20.523,0.652,-22,15,c,0,1.16,318.17044,-42.50001,6226.79,9355.6,2.84,2.72,-8.2,-0.403,19.35,21.4,02a58257o0761c
58257.594693,-22.808,5.429,-3,15,c,0,1.03,318.17044,-42.50001,6254.59,9395.98,2.86,2.72,-1.4,-0.405,19.4,21.43,02a58257o0783c
58257.607028,-25.605,80.0,0,17,c,0,0.9,318.17044,-42.50001,6194.43,9318.69,2.95,2.8,-2.0,-0.402,19.32,21.32,02a58257o0810c
58257.609805,-20.313,0.601,-27,16,c,0,1.02,318.17044,-42.50001,6164.52,9436.68,2.89,2.76,-23.9,-0.391,19.27,21.17,02a58257o0816c
58259.572487,-21.672,3.778,-8,29,o,0,0.89,318.17044,-42.50001,1190.21,10520.63,3.76,3.17,-87.3,-0.441,18.77,20.28,01a58259o0737o
58259.578012,-20.817,1.121,-17,19,o,0,1.31,318.17044,-42.50001,6652.21,845.68,3.69,3.47,76.8,-0.402,18.9,20.44,01a58259o0749o
58259.580311,20.105,0.624,33,21,o,0,1.14,318.17044,-42.50001,1163.64,10456.36,3.93,3.31,-86.8,-0.415,18.79,20.33,01a58259o0754o
58259.585842,-21.064,1.294,-14,18,o,0,1.06,318.17044,-42.50001,6610.32,782.15,3.59,3.27,88.5,-0.406,18.9,20.46,01a58259o0766o
58259.588133,20.205,0.757,30,23,o,0,1.33,318.17044,-42.50001,1210.21,10511.29,3.74,3.21,-86.6,-0.44,18.86,20.37,01a58259o0771o
58259.593639,-21.89,2.958,-6,19,o,0,1.02,318.17044,-42.50001,6654.11,834.12,3.52,3.35,56.0,-0.395,18.96,20.49,01a58259o0783o
58259.595946,-22.89,8.375,-2,21,o,0,1.08,318.17044,-42.50001,1212.92,10367.2,4.02,3.38,89.1,-0.419,18.75,20.27,01a58259o0788o
58259.601503,-20.998,1.273,-14,18,o,0,1.21,318.17044,-42.50001,6655.72,690.51,3.57,3.26,80.4,-0.406,18.92,20.39,01a58259o0800o
58261.576774,21.226,1.01,12,12,o,0,1.65,318.17044,-42.50001,6135.74,8401.52,2.22,2.18,33.4,-0.444,19.31,20.31,02a58261o0764o
58261.578145,21.852,1.906,7,13,o,0,1.19,318.17044,-42.50001,6150.05,8440.15,2.23,2.19,38.6,-0.458,19.32,20.31,02a58261o0767o
58261.587751,20.664,0.71,20,14,o,0,0.82,318.17044,-42.50001,6091.73,8364.27,2.27,2.24,-4.5,-0.443,19.33,20.41,02a58261o0788o
58261.593705,21.91,1.7,6,11,o,0,1.4,318.17044,-42.50001,6075.68,8481.39,2.36,2.2,-44.3,-0.424,19.32,20.45,02a58261o0801o
58263.571654,-19.884,2.529,-40,102,o,0,1.18,318.17044,-42.50001,5353.04,2271.5,3.12,3.02,68.0,-0.434,17.25,18.62,01a58263o0725o
58263.579484,22.369,7.75,4,32,o,0,1.2,318.17044,-42.50001,5323.69,2207.44,3.15,2.94,8.6,-0.444,18.07,19.44,01a58263o0742o
58263.587282,-20.23,1.4,-29,41,o,0,1.2,318.17044,-42.50001,5370.04,2259.29,3.16,3.08,11.9,-0.435,18.01,19.42,01a58263o0759o
58263.59513,-20.299,1.382,-28,38,o,0,1.02,318.17044,-42.50001,5372.59,2116.29,3.08,2.96,-4.8,-0.439,18.1,19.49,01a58263o0776o
58273.550649,-17.957,1.204,-238,287,o,0,1.14,318.17044,-42.50001,5815.28,9672.1,2.16,2.05,-41.3,-0.484,16.02,16.67,02a58273o0677o
58273.564742,21.088,6.845,13,91,o,0,0.71,318.17044,-42.50001,1361.75,50.33,2.06,1.77,57.2,-0.561,17.82,18.75,02a58273o0707o
58273.565657,-19.377,0.628,-64,40,o,0,1.21,318.17044,-42.50001,5837.9,9712.56,2.24,2.1,-19.7,-0.454,17.84,18.63,02a58273o0709o
58273.566115,18.828,0.353,107,38,o,0,1.08,318.17044,-42.50001,5780.46,9634.12,2.3,2.17,-21.5,-0.466,17.87,18.67,02a58273o0710o
58273.574396,-20.525,3.141,-22,70,o,0,1.82,318.17044,-42.50001,5750.33,9751.63,2.25,2.11,-4.9,-0.448,18.1,18.72,02a58273o0728o
58273.576226,-20.601,19.442,-21,406,o,0,0.3,318.17044,-42.50001,1271.69,91.87,1.95,1.77,69.3,-0.584,17.3,18.58,02a58273o0732o
58274.604198,-19.846,0.985,-42,41,o,0,0.76,318.17044,-42.50001,812.9,364.36,2.18,1.94,57.0,-0.527,17.97,19.25,02a58274o0749o
58274.607894,-20.508,1.937,-23,44,o,0,1.14,318.17044,-42.50001,768.43,386.88,2.33,2.06,46.2,-0.51,17.9,19.2,02a58274o0755o
58274.619565,-19.137,1.171,-80,94,o,0,0.87,318.17044,-42.50001,5110.44,432.68,3.15,2.74,60.1,-0.413,17.31,18.05,02a58274o0776o
58274.620021,-21.391,15.4,-10,155,o,0,1.04,318.17044,-42.50001,9585.62,10047.44,3.63,2.79,58.3,-0.443,16.64,18.25,02a58274o0777o
58275.540894,-20.555,1.238,-22,27,o,0,0.81,318.17044,-42.50001,4191.72,412.07,3.52,3.18,11.3,-0.396,18.6,19.75,01a58275o0680o
58275.548279,21.713,4.0,8,30,o,0,0.98,318.17044,-42.50001,8693.43,10036.91,4.53,3.05,-84.6,-0.404,18.56,19.64,01a58275o0696o
58275.548738,20.216,0.727,30,22,o,0,1.11,318.17044,-42.50001,4166.11,346.89,3.4,2.97,3.1,-0.394,18.71,19.84,01a58275o0697o
58275.556127,-20.441,1.279,-24,31,o,0,0.92,318.17044,-42.50001,8666.8,9952.37,4.81,3.29,-84.3,-0.37,18.56,19.75,01a58275o0713o
58275.556587,21.166,1.72,12,21,o,0,1.56,318.17044,-42.50001,4198.81,399.29,3.47,3.09,10.0,-0.403,18.73,19.89,01a58275o0714o
58275.563986,22.926,11.375,2,28,o,0,1.05,318.17044,-42.50001,8715.39,10022.83,4.32,3.07,-84.4,-0.406,18.62,19.79,01a58275o0730o
58275.564446,19.804,0.484,44,21,o,0,1.08,318.17044,-42.50001,4215.62,254.83,3.37,3.03,9.5,-0.394,18.74,19.93,01a58275o0731o
58275.571834,19.299,0.419,69,29,o,0,0.99,318.17044,-42.50001,8732.71,9877.75,4.58,3.26,-84.8,-0.387,18.64,19.81,01a58275o0747o
58279.542164,20.452,0.837,24,20,o,0,0.84,318.17044,-42.50001,4817.7,1372.79,3.1,3.0,57.4,-0.435,19.01,20.42,01a58279o0656o
58279.550004,-22.225,4.562,-5,21,o,0,0.77,318.17044,-42.50001,4792.93,1306.69,3.31,3.04,-0.9,-0.421,18.68,20.11,01a58279o0673o
58279.55786,-21.702,3.947,-8,30,o,0,0.77,318.17044,-42.50001,4840.52,1357.32,3.24,2.96,3.0,-0.436,18.34,19.81,01a58279o0690o
58279.565715,24.238,24.667,1,18,o,0,0.77,318.17044,-42.50001,4844.71,1212.42,3.29,3.0,-0.5,-0.421,19.03,20.47,01a58279o0707o
58281.536654,21.388,2.25,10,23,c,0,1.09,318.17044,-42.50001,10399.03,677.43,2.88,2.72,0.0,-0.396,19.0,21.39,02a58281o0595c
58281.538027,20.339,0.904,27,24,c,0,1.01,318.17044,-42.50001,10369.66,637.02,2.84,2.73,4.0,-0.406,18.96,21.38,02a58281o0598c
58281.538941,-20.936,0.872,-15,13,c,0,1.07,318.17044,-42.50001,4768.65,10222.63,2.66,2.55,10.4,-0.41,19.57,21.55,02a58281o0600c
58281.547835,23.253,8.2,2,15,c,0,1.55,318.17044,-42.50001,194.74,597.23,2.78,2.48,40.1,-0.5,18.96,21.44,02a58281o0618c
58281.548293,-23.797,11.429,-1,13,c,0,1.37,318.17044,-42.50001,4779.73,10262.12,2.63,2.5,-0.3,-0.417,19.57,21.6,02a58281o0619c
58281.548751,21.483,2.24,9,21,c,0,1.07,318.17044,-42.50001,10323.33,597.46,2.8,2.69,-11.8,-0.415,18.95,21.34,02a58281o0620c
58281.555661,20.822,1.167,17,20,c,0,0.63,318.17044,-42.50001,206.41,637.47,2.95,2.62,40.8,-0.476,18.91,21.4,02a58281o0635c
58281.556119,21.742,1.667,7,12,c,0,1.01,318.17044,-42.50001,4734.54,10185.63,2.66,2.49,2.2,-0.417,19.55,21.61,02a58281o0636c
58281.556577,-20.227,0.756,-29,22,c,0,0.96,318.17044,-42.50001,10304.77,716.82,2.78,2.69,12.7,-0.414,18.92,21.3,02a58281o0637c
58281.563478,-21.283,1.586,-11,18,c,0,1.06,318.17044,-42.50001,144.45,560.67,2.78,2.5,36.8,-0.462,18.91,21.36,02a58281o0652c
58281.563935,23.826,11.0,1,12,c,0,1.32,318.17044,-42.50001,4703.23,10304.42,2.74,2.59,4.7,-0.415,19.49,21.6,02a58281o0653c
58281.571286,22.736,5.75,3,17,c,0,1.15,318.17044,-42.50001,128.98,679.25,2.66,2.37,41.0,-0.486,18.93,21.31,02a58281o0669c
58283.536958,20.145,0.596,32,19,o,0,1.05,318.17044,-42.50001,4533.89,152.98,3.7,3.42,3.4,-0.391,18.94,20.54,01a58283o0622o
58283.544352,25.033,62.0,0,22,o,0,1.06,318.17044,-42.50001,9127.88,9755.19,4.65,3.35,-84.2,-0.384,18.91,20.39,01a58283o0638o
58283.544813,-23.601,14.4,-1,19,o,0,1.17,318.17044,-42.50001,4518.48,113.68,3.56,3.28,4.0,-0.381,19.0,20.55,01a58283o0639o
58283.552196,-19.98,0.643,-37,24,o,0,0.81,318.17044,-42.50001,9099.25,9716.04,4.92,3.43,-83.2,-0.37,18.82,20.41,01a58283o0655o
58283.552655,21.297,1.585,11,17,o,0,0.94,318.17044,-42.50001,4575.86,191.97,3.59,3.3,1.2,-0.396,19.03,20.56,01a58283o0656o
58283.560039,-21.448,2.4,-10,23,o,0,1.01,318.17044,-42.50001,9161.29,9792.54,4.97,3.48,-83.6,-0.36,18.87,20.43,01a58283o0672o
58283.560501,-19.68,0.452,-49,22,o,0,1.04,318.17044,-42.50001,4587.37,75.38,4.2,3.92,-1.9,-0.352,18.88,20.55,01a58283o0673o
58283.567885,20.728,1.234,19,23,o,0,0.84,318.17044,-42.50001,9189.59,9673.96,5.04,3.57,-83.7,-0.358,18.79,20.49,01a58283o0689o
58283.588897,-20.706,0.683,-19,13,o,0,1.13,318.17044,-42.50001,1920.56,5218.29,2.23,2.12,3.6,-0.448,19.24,20.32,02a58283o0731o
58283.60137,24.661,29.5,0,15,o,0,0.92,318.17044,-42.50001,1935.21,5197.58,2.31,2.22,-23.3,-0.425,19.2,20.23,02a58283o0757o
58283.615464,-20.633,1.524,-20,31,o,0,0.73,318.17044,-42.50001,1879.97,5174.37,2.2,2.17,2.5,-0.452,18.42,18.83,02a58283o0786o
58285.531775,22.949,5.385,2,13,c,0,0.82,318.17044,-42.50001,9161.5,1015.81,2.93,2.61,61.7,-0.406,19.45,21.14,02a58285o0626c
58285.533147,-19.97,0.306,-37,11,c,0,1.26,318.17044,-42.50001,9189.72,1055.94,3.02,2.61,57.3,-0.408,19.45,21.14,02a58285o0629c
58285.540462,-22.072,2.12,-5,11,c,0,1.32,318.17044,-42.50001,9116.74,976.07,3.28,2.88,59.3,-0.384,19.37,21.17,02a58285o0645c
58285.551969,24.632,20.667,0,10,c,0,1.35,318.17044,-42.50001,9097.02,1095.27,2.81,2.64,87.7,-0.398,19.49,21.22,02a58285o0670c
58287.524583,21.603,2.167,8,18,o,0,0.82,318.17044,-42.50001,3689.34,2056.12,3.32,2.7,-1.4,-0.449,19.02,20.39,01a58287o0612o
58291.512017,21.633,2.361,8,19,o,0,1.18,318.17044,-42.50001,1433.87,9623.39,3.16,2.88,-81.0,-0.46,18.95,20.32,01a58291o0587o
58291.523069,22.063,3.833,5,21,o,0,0.96,318.17044,-42.50001,1420.96,9585.58,3.84,3.36,-85.1,-0.416,18.79,20.4,01a58291o0611o
58291.534114,20.522,0.9,22,20,o,0,0.95,318.17044,-42.50001,1479.56,9666.73,3.45,2.97,-85.9,-0.452,18.98,20.45,01a58291o0635o
58291.543785,0.0,20.979,0,15,o,0,1.47,318.17044,-42.50001,1494.22,9550.71,3.06,2.83,-73.4,-0.474,18.85,20.52,01a58291o0656o
58293.515557,20.012,0.73,36,26,o,0,1.26,318.17044,-42.50001,6039.59,8667.04,2.14,1.97,-12.4,-0.486,18.82,19.7,02a58293o0529o
58293.516472,22.383,5.515,4,22,o,0,1.22,318.17044,-42.50001,6066.13,8706.74,2.14,1.98,-25.2,-0.48,18.84,19.69,02a58293o0531o
58293.527366,-21.27,2.936,-11,33,o,0,0.55,318.17044,-42.50001,6010.81,8629.73,2.27,2.11,-5.7,-0.469,18.78,19.82,02a58293o0554o
58293.543291,-19.52,0.382,-56,22,o,0,1.23,318.17044,-42.50001,5977.6,8747.62,2.47,2.22,-20.6,-0.436,18.76,20.19,02a58293o0588o
58295.483853,19.485,0.667,58,39,o,0,1.15,318.17044,-42.50001,3281.74,404.4,3.32,3.21,36.3,-0.412,17.93,18.89,01a58295o0512o
58295.493075,24.148,56.667,1,45,o,0,0.9,318.17044,-42.50001,3251.78,366.18,3.48,3.35,67.0,-0.387,17.97,18.93,01a58295o0532o
58295.495836,-20.566,2.136,-22,46,o,0,0.91,318.17044,-42.50001,3310.29,445.8,3.52,3.32,75.8,-0.402,18.02,18.94,01a58295o0538o
58295.505591,-20.394,1.473,-25,37,o,0,1.09,318.17044,-42.50001,3337.71,329.25,3.19,3.12,46.7,-0.413,18.12,18.99,01a58295o0559o
58305.487549,-24.346,30.75,-1,20,o,0,0.86,318.17044,-42.50001,6655.87,9252.5,2.48,2.41,-11.3,-0.438,19.08,20.42,02a58305o0178o
58305.497157,-22.164,4.0,-5,20,o,0,1.09,318.17044,-42.50001,6666.94,9292.08,2.55,2.35,10.6,-0.443,19.04,20.39,02a58305o0199o
58305.508134,21.594,2.265,8,19,o,0,1.27,318.17044,-42.50001,6604.65,9212.94,2.37,2.2,-5.1,-0.435,19.0,20.38,02a58305o0223o
58305.518197,-20.658,0.973,-20,19,o,0,1.23,318.17044,-42.50001,6585.54,9332.33,2.3,2.12,-0.6,-0.449,18.95,20.44,02a58305o0245o
58309.50309,21.174,0.841,12,10,c,0,1.27,318.17044,-42.50001,890.7,2226.13,2.36,2.24,48.3,-0.449,19.54,21.22,02a58309o0563c
58309.50492,21.374,1.215,10,12,c,0,0.94,318.17044,-42.50001,875.33,2187.44,2.56,2.3,49.9,-0.462,19.5,21.24,02a58309o0567c
58309.512863,-20.987,0.758,-15,11,c,0,1.03,318.17044,-42.50001,9689.27,8398.17,2.5,2.44,28.4,-0.427,19.48,21.24,02a58309o0584c
58309.526772,-21.454,1.127,-10,11,c,0,1.04,318.17044,-42.50001,807.4,2266.92,2.44,2.27,52.1,-0.447,19.5,21.22,02a58309o0614c
58311.486735,-22.88,7.182,-3,18,o,0,1.02,318.17044,-42.50001,6977.32,2275.32,3.23,3.15,-46.2,-0.412,18.96,20.28,01a58311o0507o
58311.496923,20.901,1.042,16,16,o,0,1.35,318.17044,-42.50001,6948.19,2237.76,3.19,2.97,-87.9,-0.426,19.01,20.29,01a58311o0528o
58311.509365,-20.116,0.601,-33,20,o,0,0.94,318.17044,-42.50001,7021.04,2313.94,3.25,3.02,-81.6,-0.427,18.95,20.26,01a58311o0554o
58311.519493,-23.793,16.6,-1,18,o,0,1.06,318.17044,-42.50001,7034.08,2197.95,3.14,3.04,-20.5,-0.424,18.97,20.26,01a58311o0576o
58313.471388,-19.652,1.2,-50,60,c,0,1.2,318.17044,-42.50001,10238.43,2014.01,2.92,2.67,3.9,-0.417,17.53,20.04,02a58313o0140c
58313.477789,19.865,0.712,41,29,c,0,1.36,318.17044,-42.50001,10254.18,2051.5,2.78,2.64,16.8,-0.425,18.13,20.5,02a58313o0154c
58313.487891,19.271,1.256,71,89,c,0,0.92,318.17044,-42.50001,10193.83,1969.94,2.69,2.59,23.1,-0.446,17.35,19.75,02a58313o0176c
58313.488806,16.816,0.483,682,329,c,0,1.05,318.17044,-42.50001,10178.29,2087.13,2.62,2.46,29.8,-0.494,18.01,20.47,02a58313o0178c
58313.490179,-19.175,0.924,-78,72,c,0,0.95,318.17044,-42.50001,92.37,1976.46,2.48,2.34,26.6,-0.481,17.84,20.2,02a58313o0181c
58313.492009,-17.425,1.234,-389,480,c,0,1.42,318.17044,-42.50001,105.83,2015.44,2.88,2.58,25.6,-0.463,16.78,19.34,02a58313o0185c
58313.50025,-19.511,1.8,-57,102,c,0,0.72,318.17044,-42.50001,43.27,1939.16,2.49,2.38,37.0,-0.467,18.19,20.61,02a58313o0203c
58315.477743,-24.385,28.0,-1,18,o,0,1.17,318.17044,-42.50001,3200.26,1345.04,3.92,3.68,5.5,-0.384,18.98,20.68,01a58315o0377o
58315.480046,22.799,5.5,3,15,o,0,1.36,318.17044,-42.50001,3228.27,1383.68,3.54,3.38,16.7,-0.413,18.98,20.68,01a58315o0382o
58315.488377,20.4,0.728,25,18,o,0,1.02,318.17044,-42.50001,3257.62,1421.95,3.58,3.33,-2.4,-0.399,19.03,20.69,01a58315o0399o
58315.500855,20.855,1.1,16,18,o,0,0.89,318.17044,-42.50001,3288.02,1307.29,3.37,3.03,-0.6,-0.416,19.07,20.69,01a58315o0425o
58319.472323,19.84,1.405,42,59,o,0,1.02,318.17044,-42.50001,4717.89,441.93,3.27,2.76,-5.4,-0.434,17.92,19.24,01a58319o0502o
58319.477415,-19.433,0.714,-61,44,o,0,0.99,318.17044,-42.50001,9361.17,10073.17,4.83,3.16,-80.7,-0.399,18.42,19.82,01a58319o0512o
58319.477876,21.544,3.591,9,31,o,0,1.34,318.17044,-42.50001,4737.16,481.37,3.4,2.84,-4.6,-0.423,18.51,19.82,01a58319o0513o
58319.485056,22.711,9.25,3,28,o,0,1.18,318.17044,-42.50001,5841.55,10046.76,3.67,2.97,-75.7,-0.438,18.72,20.18,01a58319o0528o
58319.485975,-20.429,1.375,-24,34,o,0,1.04,318.17044,-42.50001,1225.25,560.73,3.2,2.89,-11.3,-0.439,18.08,19.7,01a58319o0530o
58319.493124,-18.849,0.795,-105,83,o,0,1.14,318.17044,-42.50001,9407.97,10113.42,4.17,2.85,-84.2,-0.447,17.33,18.85,01a58319o0545o
58319.494764,-18.735,0.757,-116,88,o,0,1.03,318.17044,-42.50001,5824.76,10163.58,3.96,3.12,-74.5,-0.414,17.45,18.91,01a58319o0548o
58319.502834,-21.431,6.364,-10,62,o,0,1.03,318.17044,-42.50001,9421.76,9994.8,3.58,2.67,-84.3,-0.481,17.79,19.34,01a58319o0565o
58321.45839,-21.232,2.169,-12,25,o,0,0.93,318.17044,-42.50001,5050.75,8801.8,2.29,2.0,-21.8,-0.451,18.9,19.93,02a58321o0467o
58321.458847,-20.911,1.373,-16,22,o,0,1.17,318.17044,-42.50001,5064.8,8840.63,2.37,2.11,-23.6,-0.453,18.89,19.94,02a58321o0468o
58321.462506,-21.143,2.158,-13,27,o,0,0.57,318.17044,-42.50001,5022.72,8761.32,2.15,1.9,-10.4,-0.491,18.92,19.98,02a58321o0476o
58321.473513,-20.478,0.912,-23,21,o,0,0.91,318.17044,-42.50001,4990.77,8877.25,2.09,1.82,-9.6,-0.495,18.92,20.16,02a58321o0500o
58323.433009,0.0,0.0,0,0,o,0,-2.0,318.17044,-42.50001,7853.66,10279.65,4.24,2.75,77.3,-0.463,13.94,14.83,01a58323o0398o
58323.441331,-17.098,5.884,-526,3094,o,0,1.13,318.17044,-42.50001,7880.27,10283.27,4.02,3.19,-81.3,-0.458,14.88,15.73,01a58323o0416o
58323.442713,-15.184,4.318,-3064,13230,o,0,0.99,318.17044,-42.50001,3444.45,720.01,10.23,6.84,-90.0,-0.136,13.23,13.89,01a58323o0419o
58323.45013,16.233,0.978,1167,1141,o,0,1.07,318.17044,-42.50001,7943.18,10360.05,5.12,3.44,-83.9,-0.297,14.08,14.67,01a58323o0435o
58323.45105,17.099,1.559,525,819,o,0,1.18,318.17044,-42.50001,3457.79,602.97,3.51,2.9,-1.1,-0.424,15.06,15.52,01a58323o0437o
58331.44685,22.09,6.0,5,32,o,0,1.25,318.17044,-42.50001,5034.63,1452.7,3.51,3.25,-2.5,-0.417,18.35,19.37,01a58331o0365o
58331.448232,20.914,1.931,16,30,o,0,1.55,318.17044,-42.50001,5019.62,1415.84,3.34,3.29,-87.4,-0.411,18.26,19.28,01a58331o0368o
58331.457254,21.682,5.565,8,43,o,0,1.23,318.17044,-42.50001,5548.02,9072.26,4.0,3.54,-73.3,-0.386,18.28,19.56,01a58331o0387o
58331.463704,-20.818,2.629,-17,45,o,0,0.96,318.17044,-42.50001,5520.34,9189.27,3.65,3.14,-77.3,-0.408,18.39,19.49,01a58331o0400o
58333.513055,-21.835,4.469,-7,30,c,0,1.22,318.17044,-42.50001,952.15,8461.57,3.02,2.8,25.5,-0.461,18.55,19.89,02a58333o0589c
58333.520896,-19.847,0.681,-42,28,c,0,1.18,318.17044,-42.50001,924.87,8421.34,2.91,2.69,22.4,-0.459,18.58,19.86,02a58333o0606c
58333.529196,-19.801,0.763,-44,33,c,0,0.91,318.17044,-42.50001,997.72,8501.71,3.01,2.91,33.5,-0.432,18.45,19.81,02a58333o0624c
58337.430947,20.858,1.895,16,31,c,0,1.29,318.17044,-42.50001,690.56,10001.8,3.27,2.77,77.3,-0.392,18.13,21.13,02a58337o0425c
58337.43507,-19.473,0.545,-59,32,c,0,0.93,318.17044,-42.50001,705.12,10038.85,3.15,2.79,67.6,-0.404,18.24,21.19,02a58337o0434c
58337.435528,20.765,1.288,18,23,c,0,1.09,318.17044,-42.50001,6258.9,432.44,3.23,2.67,74.1,-0.426,18.99,21.34,02a58337o0435c
58337.442755,20.879,1.615,16,26,c,0,1.19,318.17044,-42.50001,749.01,10080.14,3.18,2.81,47.2,-0.404,18.4,21.25,02a58337o0450c
58337.444126,-21.488,2.194,-9,20,c,0,1.24,318.17044,-42.50001,6245.27,394.24,3.1,2.75,64.1,-0.422,19.1,21.36,02a58337o0453c
58337.450531,21.205,1.468,12,18,c,0,0.98,318.17044,-42.50001,6303.45,475.78,2.95,2.63,77.1,-0.42,19.2,21.37,02a58337o0467c
58337.45236,21.056,1.517,14,21,c,0,1.41,318.17044,-42.50001,767.05,9963.72,2.9,2.67,48.8,-0.425,18.59,21.33,02a58337o0471c
58337.460516,-21.127,1.263,-13,16,c,0,1.46,318.17044,-42.50001,6320.06,354.97,2.95,2.72,69.3,-0.424,19.3,21.4,02a58337o0488c
58341.425839,-20.49,0.471,-23,11,c,0,1.04,318.17044,-42.50001,3680.15,1036.29,2.84,2.53,58.3,-0.421,19.58,21.39,02a58341o0420c
58341.437291,-20.876,0.612,-16,10,c,0,1.39,318.17044,-42.50001,3652.01,997.33,2.75,2.45,58.1,-0.434,19.64,21.41,02a58341o0445c
58341.446438,-23.207,5.583,-2,11,c,0,1.13,318.17044,-42.50001,3710.59,1078.59,2.75,2.47,59.9,-0.424,19.61,21.41,02a58341o0465c
58341.447809,22.315,2.37,4,10,c,0,1.15,318.17044,-42.50001,3724.59,959.36,2.77,2.49,62.5,-0.418,19.6,21.41,02a58341o0468c
58343.423594,21.394,1.857,10,19,o,0,1.27,318.17044,-42.50001,7221.8,9602.64,4.3,3.66,-78.5,-0.379,18.95,20.66,01a58343o0133o
58343.431929,23.889,24.0,1,24,o,0,1.11,318.17044,-42.50001,7189.17,9561.32,5.27,4.52,-77.4,-0.305,18.82,20.62,01a58343o0150o
58343.433308,-21.048,1.432,-14,20,o,0,1.12,318.17044,-42.50001,7234.78,9640.04,4.32,3.94,-68.2,-0.348,18.91,20.61,01a58343o0153o
58343.441595,-19.553,0.415,-55,23,o,0,0.95,318.17044,-42.50001,7159.58,9677.35,5.14,4.36,-79.3,-0.295,18.83,20.63,01a58343o0171o
58343.449018,-21.085,2.0,-13,27,o,0,1.25,318.17044,-42.50001,2597.03,65.99,4.83,3.86,-2.6,-0.398,18.62,20.49,01a58343o0186o
58345.430979,16.388,0.818,1011,828,c,0,1.19,318.17044,-42.50001,7989.1,9261.53,3.0,2.91,27.8,-0.382,16.41,18.19,02a58345o0433c
58345.439208,-19.887,1.448,-40,58,c,0,1.29,318.17044,-42.50001,7975.15,9226.47,2.85,2.74,50.7,-0.388,17.18,18.96,02a58345o0451c
58345.446525,-18.254,1.885,-181,342,c,0,0.98,318.17044,-42.50001,8034.06,9304.21,2.77,2.66,37.4,-0.412,15.54,17.29,02a58345o0467c
58345.447896,16.816,0.478,682,326,c,0,1.18,318.17044,-42.50001,8062.38,9185.57,2.77,2.67,42.1,-0.402,15.69,17.45,02a58345o0470c
58347.408194,-23.344,8.833,-2,15,o,0,1.18,318.17044,-42.50001,4668.69,8292.58,3.74,3.25,-78.8,-0.403,19.14,20.93,01a58347o0284o
58347.417005,-23.642,12.75,-1,16,o,0,1.14,318.17044,-42.50001,4681.11,8330.64,3.98,3.59,-73.2,-0.372,19.04,20.94,01a58347o0302o
58347.423194,-21.341,1.583,-11,17,o,0,0.99,318.17044,-42.50001,4621.74,8253.56,3.7,3.51,-54.6,-0.387,19.05,20.89,01a58347o0315o
58347.431995,21.588,1.645,8,14,o,0,1.36,318.17044,-42.50001,4601.92,8369.96,3.56,3.35,-65.0,-0.394,19.07,20.84,01a58347o0333o
58351.429164,-18.537,1.037,-140,145,o,0,0.98,318.17044,-42.50001,7002.97,10459.87,5.13,4.65,-59.4,-0.283,17.12,18.18,01a58351o0368o
58351.436566,-20.158,3.446,-31,108,o,0,1.17,318.17044,-42.50001,2422.3,872.67,4.13,3.19,-3.9,-0.369,16.74,17.69,01a58351o0384o
58351.439356,-17.644,2.31,-318,735,o,0,0.05,318.17044,-42.50001,7017.37,10498.02,4.99,4.21,-74.3,-0.337,17.01,17.81,01a58351o0390o
58351.4468,-18.643,0.749,-127,95,o,0,1.04,318.17044,-42.50001,2436.09,910.06,3.75,3.24,-2.8,-0.397,16.96,17.88,01a58351o0406o
58351.449108,18.585,0.92,134,123,o,0,1.0,318.17044,-42.50001,6956.88,10418.75,5.36,4.96,-46.0,-0.256,17.1,18.1,01a58351o0411o
58351.456531,-18.849,1.042,-105,109,o,0,1.34,318.17044,-42.50001,2374.83,833.6,4.03,3.32,-4.1,-0.395,16.7,17.59,01a58351o0427o
58351.466701,-22.452,18.7,-4,71,o,0,1.1,318.17044,-42.50001,2362.52,950.76,3.13,3.11,74.6,-0.439,17.2,18.11,01a58351o0449o
58361.391599,-22.338,6.034,-4,25,o,0,0.86,318.17044,-42.50001,9484.89,8687.83,2.5,2.33,52.1,-0.466,18.87,19.72,02a58361o0301o
58361.403042,-21.908,3.686,-6,23,o,0,0.98,318.17044,-42.50001,9529.53,8725.81,2.25,2.08,48.7,-0.477,19.01,19.68,02a58361o0326o
58361.404413,22.446,6.061,4,23,o,0,0.92,318.17044,-42.50001,9471.31,8649.27,2.22,2.02,42.9,-0.475,19.0,19.68,02a58361o0329o
58361.414013,20.672,1.269,20,25,o,0,0.86,318.17044,-42.50001,9558.82,8608.36,2.25,2.07,40.7,-0.48,18.99,19.65,02a58361o0350o
58363.377432,-19.949,0.608,-38,23,o,0,0.95,318.17044,-42.50001,6520.1,8987.41,4.09,3.79,-62.5,-0.364,18.84,20.63,01a58363o0267o
58363.384803,-18.28,0.123,-177,22,o,0,5.48,318.17044,-42.50001,6549.41,9025.03,4.21,3.59,-81.4,-0.376,18.8,20.5,01a58363o0283o
58363.394014,-18.747,0.257,-115,30,o,0,2.58,318.17044,-42.50001,6489.03,8946.36,4.71,3.92,-84.4,-0.367,18.64,20.35,01a58363o0303o
58363.4,20.721,1.406,19,26,o,0,0.66,318.17044,-42.50001,6461.88,9061.26,3.63,2.97,-80.2,-0.427,18.86,20.3,01a58363o0316o
58367.373236,24.407,23.0,1,14,o,0,1.1,318.17044,-42.50001,3748.11,9652.87,3.13,2.79,-74.3,-0.458,19.24,20.92,01a58367o0343o
58367.38109,-21.365,1.511,-10,16,o,0,0.91,318.17044,-42.50001,3763.3,9690.28,3.18,2.92,-55.7,-0.441,19.19,20.91,01a58367o0360o
58367.393095,20.493,0.716,23,16,o,0,0.72,318.17044,-42.50001,3702.64,9612.62,3.43,3.01,-76.9,-0.435,19.21,20.93,01a58367o0386o
58367.394477,20.727,0.756,19,14,o,0,1.15,318.17044,-42.50001,3689.8,9730.65,3.27,2.92,-73.6,-0.439,19.23,20.93,01a58367o0389o
58369.366486,-22.446,2.6,-4,10,o,0,0.97,318.17044,-42.50001,3983.75,1706.52,2.19,2.08,76.2,-0.424,19.35,20.5,02a58369o0332o
58369.374311,-23.332,7.133,-2,12,o,0,0.95,318.17044,-42.50001,3970.1,1669.05,2.27,2.1,79.4,-0.409,19.34,20.47,02a58369o0349o
58369.382156,-22.475,2.812,-4,10,o,0,1.21,318.17044,-42.50001,4028.75,1749.25,2.29,2.13,83.2,-0.414,19.31,20.43,02a58369o0366o
58371.361124,-21.962,2.952,-6,18,o,0,0.93,318.17044,-42.50001,6677.12,8928.64,3.89,3.23,-77.7,-0.404,19.16,20.91,01a58371o0322o
58371.368966,22.462,4.231,4,16,o,0,0.98,318.17044,-42.50001,6691.45,8965.84,3.84,3.31,-79.9,-0.403,19.06,20.89,01a58371o0339o
58371.376833,-20.479,0.826,-23,19,o,0,1.02,318.17044,-42.50001,6630.78,8888.61,4.36,3.51,-80.4,-0.377,19.08,20.82,01a58371o0356o
58371.390185,23.043,7.0,2,15,o,0,1.31,318.17044,-42.50001,6616.85,9003.0,3.62,2.92,-82.5,-0.422,19.15,20.73,01a58371o0385o
58377.380632,-20.983,1.121,-15,16,o,0,0.99,318.17044,-42.50001,5143.39,860.49,2.68,2.41,51.5,-0.432,19.18,20.26,02a58377o0369o
58377.387603,-19.198,0.633,-76,48,o,0,0.44,318.17044,-42.50001,9661.37,10511.7,2.65,2.34,42.2,-0.463,19.16,20.21,02a58377o0384o
58377.390402,22.055,2.543,6,14,o,0,1.31,318.17044,-42.50001,5117.09,821.28,2.58,2.37,52.1,-0.447,19.2,20.39,02a58377o0390o
58377.397864,21.245,1.86,12,22,o,0,1.09,318.17044,-42.50001,9647.57,10473.69,3.04,2.56,46.3,-0.449,19.03,20.29,02a58377o0406o
58377.400149,-21.839,1.702,-7,11,o,0,1.67,318.17044,-42.50001,5174.48,900.16,2.44,2.25,62.3,-0.45,19.26,20.4,02a58377o0411o
58377.410331,21.254,1.113,11,13,o,0,1.35,318.17044,-42.50001,5203.27,783.92,2.61,2.43,70.1,-0.423,19.19,20.39,02a58377o0433o
58377.417718,-20.852,1.2,-17,20,o,0,1.27,318.17044,-42.50001,9736.12,10433.29,3.34,2.94,44.2,-0.424,19.06,20.34,02a58377o0449o
58379.359486,-20.734,1.672,-18,31,o,0,1.36,318.17044,-42.50001,10411.84,1180.07,4.11,3.25,-82.0,-0.418,18.39,19.43,01a58379o0324o
58379.369709,-20.759,1.9,-18,34,o,0,1.08,318.17044,-42.50001,10438.93,1219.85,4.4,3.42,-83.6,-0.441,18.29,19.45,01a58379o0346o
58379.3781,20.33,0.952,27,26,o,0,1.47,318.17044,-42.50001,247.23,1336.8,3.34,3.26,-7.1,-0.409,18.4,19.54,01a58379o0364o
58379.379502,21.425,3.517,10,34,o,0,1.0,318.17044,-42.50001,10377.55,1140.68,4.27,3.37,-83.4,-0.412,18.31,19.42,01a58379o0367o
58379.388354,21.062,2.08,14,28,o,0,1.42,318.17044,-42.50001,275.05,1373.47,3.41,3.22,89.9,-0.422,18.27,19.47,01a58379o0386o
58379.389737,-20.121,1.179,-32,38,o,0,1.36,318.17044,-42.50001,10347.26,1257.67,4.38,3.39,-81.9,-0.411,17.95,18.99,01a58379o0389o
58379.398109,-19.79,0.723,-44,32,o,0,1.06,318.17044,-42.50001,198.5,1298.19,3.38,3.33,-82.8,-0.412,18.3,19.42,01a58379o0407o
58379.408311,-20.772,2.386,-18,43,o,0,1.33,318.17044,-42.50001,186.15,1414.62,3.65,3.22,82.2,-0.408,17.95,19.05,01a58379o0429o
58381.347681,20.221,1.309,30,39,o,0,1.61,318.17044,-42.50001,1127.01,8450.3,2.08,1.95,6.2,-0.496,18.52,18.82,02a58381o0196o
58381.357411,19.816,0.849,43,36,o,0,1.87,318.17044,-42.50001,1115.64,8412.34,2.09,1.87,11.6,-0.524,18.5,18.81,02a58381o0216o
58381.366641,-19.375,0.813,-65,52,o,0,0.92,318.17044,-42.50001,1174.83,8491.85,2.11,1.85,10.9,-0.547,18.49,18.79,02a58381o0235o
58381.375926,-19.286,0.669,-70,47,o,0,1.05,318.17044,-42.50001,1191.85,8374.97,2.0,1.87,12.4,-0.526,18.49,18.77,02a58381o0255o
58389.334606,-15.781,0.926,-1769,1638,o,0,1.22,318.17044,-42.50001,8489.26,8340.44,2.51,2.27,51.1,-0.453,16.07,16.27,02a58389o0197o
58389.341541,17.585,36.72,336,12328,o,0,1.38,318.17044,-42.50001,8460.19,8283.54,2.5,2.41,-82.4,-0.471,14.11,14.3,02a58389o0212o
58389.348534,11.608,2.201,82547,181695,o,0,0.99,318.17044,-42.50001,8532.23,8380.06,13.14,7.22,0.0,-0.136,13.19,13.74,02a58389o0227o
58391.32302,20.986,1.448,15,21,o,0,1.08,318.17044,-42.50001,6159.23,10027.72,3.49,3.06,-70.8,-0.429,18.99,20.3,01a58391o0266o
58391.329943,-20.638,1.065,-20,22,o,0,1.08,318.17044,-42.50001,6173.07,10066.4,3.59,3.08,-71.9,-0.433,18.93,20.24,01a58391o0281o
58391.330403,23.533,15.167,1,21,o,0,0.99,318.17044,-42.50001,1499.18,453.4,3.51,2.84,-4.5,-0.411,18.88,20.12,01a58391o0282o
58391.337768,20.078,0.62,34,21,o,0,1.15,318.17044,-42.50001,1511.85,491.42,3.44,2.94,-10.2,-0.415,18.74,20.0,01a58391o0298o
58391.33915,20.27,0.902,28,26,o,0,1.03,318.17044,-42.50001,6111.23,9988.53,4.03,3.28,-76.6,-0.404,18.83,20.05,01a58391o0301o
58391.34375,-20.637,1.313,-20,26,o,0,1.02,318.17044,-42.50001,6098.62,10106.63,4.01,3.25,-78.5,-0.4,18.81,19.94,01a58391o0311o
58391.344211,20.02,0.743,36,26,o,0,0.93,318.17044,-42.50001,1450.55,415.4,3.59,3.06,-6.3,-0.401,18.64,19.87,01a58391o0312o
58391.351133,-21.227,1.961,-12,23,o,0,1.35,318.17044,-42.50001,1423.32,533.51,3.29,2.92,-8.3,-0.422,18.64,19.79,01a58391o0327o
58393.318778,21.643,1.712,8,14,o,0,1.68,318.17044,-42.50001,4256.15,2078.59,2.48,2.26,-75.2,-0.393,18.98,20.03,02a58393o0259o
58393.325746,-20.84,0.909,-17,15,o,0,1.72,318.17044,-42.50001,4228.6,2040.11,2.39,2.22,-83.8,-0.404,19.03,20.04,02a58393o0274o
58393.33262,-23.338,9.833,-2,16,o,0,0.86,318.17044,-42.50001,4285.93,2119.13,2.53,2.32,-77.4,-0.394,19.16,20.2,02a58393o0289o
58393.340879,-21.519,1.773,-9,16,o,0,1.0,318.17044,-42.50001,4315.53,2004.49,2.36,2.21,78.5,-0.412,19.12,20.07,02a58393o0307o
58395.312637,-20.691,1.192,-19,23,o,0,1.04,318.17044,-42.50001,5991.28,8782.5,2.98,2.81,-63.1,-0.441,18.69,20.05,01a58395o0191o
58395.31956,-21.815,3.24,-7,22,o,0,1.32,318.17044,-42.50001,6004.54,8820.5,3.12,2.88,-70.2,-0.437,18.75,20.15,01a58395o0206o
58395.326471,21.015,1.54,14,22,o,0,1.07,318.17044,-42.50001,5945.24,8743.19,3.26,2.95,-77.3,-0.437,18.75,20.13,01a58395o0221o
58395.333385,-21.537,2.654,-9,23,o,0,0.92,318.17044,-42.50001,5931.36,8859.25,3.71,3.22,-79.8,-0.414,18.75,20.2,01a58395o0236o
58401.299561,-20.879,0.697,-16,11,c,0,1.12,318.17044,-42.50001,275.55,9736.36,2.73,2.46,14.0,-0.428,19.38,20.97,02a58401o0224c
58401.306923,24.613,27.667,0,14,c,0,0.9,318.17044,-42.50001,5874.3,150.7,2.83,2.57,75.2,-0.432,19.45,21.09,02a58401o0240c
58401.307381,21.154,0.821,12,10,c,0,1.95,318.17044,-42.50001,262.61,9697.35,2.64,2.36,12.6,-0.454,19.34,20.94,02a58401o0241c
58401.314292,22.276,2.952,4,13,c,0,1.38,318.17044,-42.50001,10451.99,9777.45,3.13,2.8,49.2,-0.429,19.33,21.0,02a58401o0256c
58401.314749,21.634,1.595,8,13,c,0,1.31,318.17044,-42.50001,5846.42,113.26,3.01,2.69,83.9,-0.412,19.42,21.1,02a58401o0257c
58401.315208,-20.543,0.488,-22,11,c,0,1.39,318.17044,-42.50001,321.51,9777.71,2.73,2.55,10.9,-0.436,19.31,20.95,02a58401o0258c
58401.322135,-20.072,0.339,-34,12,c,0,1.34,318.17044,-42.50001,10438.64,9740.05,2.87,2.79,50.4,-0.407,19.38,21.03,02a58401o0273c
58401.322592,21.166,1.091,12,14,c,0,0.75,318.17044,-42.50001,5905.01,192.14,2.96,2.71,85.7,-0.411,19.39,21.09,02a58401o0274c
58401.323049,-20.249,0.337,-29,10,c,0,1.41,318.17044,-42.50001,338.77,9660.17,2.68,2.52,18.5,-0.44,19.34,20.97,02a58401o0275c
58401.329961,-20.645,1.011,-20,20,c,0,1.01,318.17044,-42.50001,10499.3,9816.87,2.88,2.8,62.0,-0.409,19.28,20.92,02a58401o0290c
58401.330419,24.199,16.25,1,12,c,0,0.91,318.17044,-42.50001,5920.3,73.96,2.97,2.7,84.2,-0.405,19.36,21.08,02a58401o0291c
58401.337783,-19.921,7.124,-39,278,c,0,0.01,318.17044,-42.50001,10527.94,9698.27,2.79,2.74,48.3,-0.413,19.37,21.0,02a58401o0307c
58403.331725,-20.522,1.346,-22,30,o,0,0.95,318.17044,-42.50001,4637.32,8555.45,3.78,3.23,-85.0,-0.41,18.62,19.84,01a58403o0271o
58403.341077,20.111,0.981,33,32,o,0,0.95,318.17044,-42.50001,4650.16,8594.21,3.91,3.4,-79.6,-0.394,18.61,19.84,01a58403o0291o
58403.351366,20.539,1.471,22,32,o,0,0.86,318.17044,-42.50001,4590.92,8516.17,3.92,3.37,-85.8,-0.403,18.62,19.88,01a58403o0313o
58403.361171,21.065,2.067,14,28,o,0,1.2,318.17044,-42.50001,4576.8,8632.82,3.83,3.26,-85.7,-0.408,18.65,19.88,01a58403o0334o
58405.309818,-21.51,3.0,-9,27,c,0,0.91,318.17044,-42.50001,1139.65,9587.02,2.65,2.2,7.7,-0.515,18.66,20.87,02a58405o0186c
58405.319565,19.819,0.592,43,25,c,0,1.03,318.17044,-42.50001,1126.92,9547.3,2.61,2.19,7.7,-0.527,18.65,20.82,02a58405o0207c
58405.328911,-21.273,1.839,-11,21,c,0,1.56,318.17044,-42.50001,1185.87,9627.28,2.57,2.23,8.1,-0.494,18.63,20.71,02a58405o0227c
58409.30362,-20.14,0.901,-32,29,o,0,1.17,318.17044,-42.50001,7733.73,9388.82,2.41,2.22,57.4,-0.456,18.41,18.78,02a58409o0245o
58409.312739,-21.929,7.488,-6,46,o,0,0.9,318.17044,-42.50001,7722.94,9349.85,2.41,2.19,60.5,-0.44,18.16,18.58,02a58409o0264o
58409.321644,19.469,1.378,59,82,o,0,1.03,318.17044,-42.50001,7782.24,9428.47,2.33,2.22,35.5,-0.501,17.51,17.63,02a58409o0283o
58409.331365,17.914,2.253,248,558,o,0,1.94,318.17044,-42.50001,7796.5,9311.88,2.42,2.31,75.7,-0.469,15.74,15.62,02a58409o0304o
58413.307316,25.895,275.0,0,44,o,0,1.02,318.17044,-42.50001,1517.2,9669.74,2.55,2.36,18.6,-0.481,18.16,18.49,02a58413o0236o
58413.332367,20.423,1.667,25,41,o,0,1.31,318.17044,-42.50001,7029.84,62.61,2.42,2.26,55.9,-0.469,18.32,18.53,02a58413o0290o
58417.230253,19.957,0.695,38,26,o,0,1.57,318.17044,-42.50001,1098.4,8890.59,2.35,2.12,3.7,-0.489,18.62,19.1,02a58417o0076o
58417.240302,-21.841,5.304,-7,35,o,0,1.01,318.17044,-42.50001,1070.42,8852.8,2.24,2.07,10.4,-0.484,18.54,18.96,02a58417o0097o
58417.250415,20.135,1.094,32,35,o,0,1.18,318.17044,-42.50001,1142.43,8933.13,2.26,2.08,13.0,-0.487,18.51,18.87,02a58417o0118o
58417.260494,20.645,2.252,20,45,o,0,0.97,318.17044,-42.50001,1158.01,8817.24,2.39,2.23,17.1,-0.483,18.37,18.81,02a58417o0139o
58429.279292,-20.297,0.437,-28,12,c,0,1.23,318.17044,-42.50001,4136.1,1570.71,2.77,2.57,74.8,-0.398,19.31,20.86,02a58429o0202c
58429.288168,21.511,1.38,9,12,c,0,1.09,318.17044,-42.50001,4107.96,1531.81,2.8,2.61,80.7,-0.396,19.28,20.81,02a58429o0221c
58431.277184,-20.857,1.25,-16,21,o,0,1.05,318.17044,-42.50001,4967.06,8629.06,3.59,3.23,-81.4,-0.393,18.86,20.35,01a58431o0170o
58431.285044,-23.013,9.5,-2,22,o,0,1.02,318.17044,-42.50001,4976.52,8696.62,3.6,3.33,89.4,-0.386,18.8,20.31,01a58431o0187o
58433.243697,17.699,0.526,302,159,c,0,0.89,318.17044,-42.50001,545.82,9522.84,2.97,2.77,22.3,-0.41,15.92,17.45,02a58433o0106c
58435.242086,-23.259,14.0,-2,25,o,0,0.89,318.17044,-42.50001,7406.53,8917.32,3.51,2.72,-80.0,-0.425,18.82,19.91,01a58435o0132o
58435.250853,-20.951,1.754,-15,26,o,0,1.07,318.17044,-42.50001,7419.36,8990.24,3.88,2.96,-81.4,-0.397,18.74,19.87,01a58435o0151o
58435.259618,24.469,45.0,1,27,o,0,1.35,318.17044,-42.50001,7358.17,8945.59,4.09,3.15,-84.1,-0.385,18.65,19.84,01a58435o0170o
58435.268848,18.998,0.31,91,28,o,0,1.43,318.17044,-42.50001,7340.78,9097.6,4.22,3.21,-82.4,-0.383,18.63,19.79,01a58435o0190o
58437.252547,-12.137,0.572,-50742,29040,o,0,2.09,318.17044,-42.50001,9283.75,9333.08,2.29,2.2,-56.7,-0.472,11.56,11.57,02a58437o0156o
58441.257233,19.432,0.906,61,56,o,0,0.91,318.17044,-42.50001,4356.39,357.94,2.7,2.41,44.1,-0.428,17.5,18.28,02a58441o0164o
58443.250283,21.96,6.708,6,40,o,0,1.08,318.17044,-42.50001,5563.06,10327.14,3.53,2.87,-78.2,-0.439,18.21,19.03,01a58443o0150o
58443.258139,-19.782,1.036,-44,46,o,0,1.08,318.17044,-42.50001,5572.34,10395.09,3.91,3.33,-84.0,-0.412,18.05,18.96,01a58443o0167o
58455.213845,20.751,1.076,18,20,o,0,1.02,318.17044,-42.50001,7282.19,10232.71,3.43,2.71,-80.4,-0.448,18.97,20.25,01a58455o0050o
58455.221757,-22.357,5.143,-4,21,o,0,1.13,318.17044,-42.50001,7293.61,10301.95,3.98,3.08,-80.6,-0.418,18.94,20.27,01a58455o0067o
58611.623071,18.37,0.347,163,56,o,0,0.96,318.17044,-42.50001,3898.91,2311.64,4.26,3.87,0.1,-0.391,17.84,18.89,01a58611o0782o
58611.624915,-19.301,0.952,-69,66,o,0,1.03,318.17044,-42.50001,3878.76,2273.27,3.79,3.44,-5.8,-0.426,17.58,18.41,01a58611o0786o
58617.566181,-21.566,1.762,-9,15,o,0,1.31,318.17044,-42.50001,6627.19,8254.68,2.55,2.12,44.6,-0.407,19.2,20.09,02a58617o0385o
58617.569582,-22.828,6.158,-3,16,o,0,0.95,318.17044,-42.50001,6645.82,8294.32,2.57,2.19,45.0,-0.415,19.15,20.11,02a58617o0391o
58617.575412,21.485,1.71,9,16,o,0,1.13,318.17044,-42.50001,6587.34,8214.56,2.64,2.27,44.5,-0.41,19.14,20.15,02a58617o0403o
58617.585625,-21.777,2.255,-7,16,o,0,0.97,318.17044,-42.50001,6570.34,8331.26,2.51,2.09,42.2,-0.41,19.25,20.23,02a58617o0425o
58617.609106,22.065,2.333,5,13,o,0,1.26,318.17044,-42.50001,6606.15,8271.73,2.34,2.19,52.4,-0.428,19.34,20.35,02a58617o0473o
58619.558832,-20.563,2.257,-22,49,o,0,0.78,318.17044,-42.50001,3703.88,359.46,3.74,3.3,-4.1,-0.37,18.18,19.13,01a58619o0693o
58619.56164,-22.371,10.308,-4,42,o,0,1.15,318.17044,-42.50001,3686.26,321.15,3.95,3.43,-15.1,-0.333,18.22,19.17,01a58619o0699o
58619.566737,-20.448,1.516,-24,36,o,0,1.15,318.17044,-42.50001,3741.11,399.32,3.48,3.12,-10.1,-0.38,18.21,19.26,01a58619o0710o
58619.5788,20.275,1.175,28,33,o,0,1.08,318.17044,-42.50001,3756.04,281.89,3.94,2.98,-3.7,-0.374,18.38,19.45,01a58619o0736o
58619.598857,-22.164,4.75,-5,24,o,0,1.26,318.17044,-42.50001,9271.49,10453.48,3.22,3.13,54.1,-0.457,18.59,19.88,01a58619o0779o
58619.604485,20.693,0.976,19,19,o,0,1.17,318.17044,-42.50001,9251.33,10414.07,3.05,3.02,89.6,-0.481,18.83,20.23,01a58619o0791o
58619.607403,20.618,1.237,20,25,o,0,0.83,318.17044,-42.50001,9315.64,10490.65,3.06,2.89,89.2,-0.486,18.9,20.28,01a58619o0797o
58619.610204,19.807,0.51,43,22,o,0,0.99,318.17044,-42.50001,9334.84,10371.73,3.5,3.34,81.7,-0.421,18.81,20.21,01a58619o0803o
58619.621902,20.738,3.616,18,66,o,0,1.24,318.17044,-42.50001,9298.36,10432.51,3.24,3.1,84.9,-0.482,17.51,18.3,01a58619o0828o
58621.573093,20.028,1.933,35,68,o,0,0.28,318.17044,-42.50001,9288.62,3954.05,2.25,1.99,28.6,-0.419,18.19,18.34,02a58621o0724o
58621.575916,21.546,3.85,9,34,o,0,1.1,318.17044,-42.50001,9307.33,3993.81,2.19,1.98,33.4,-0.413,18.18,18.36,02a58621o0730o
58621.581221,19.931,0.845,39,33,o,0,1.39,318.17044,-42.50001,9247.63,3913.8,2.17,1.97,35.2,-0.424,18.23,18.41,02a58621o0741o
58621.588566,-23.048,14.765,-2,32,o,0,1.03,318.17044,-42.50001,9226.88,4028.42,2.32,2.18,-79.5,-0.455,18.23,18.47,02a58621o0756o
58621.619232,-19.848,0.932,-42,39,o,0,1.27,318.17044,-42.50001,9261.38,3971.57,2.21,1.98,34.1,-0.409,18.11,18.19,02a58621o0820o
58623.550719,-19.093,0.736,-84,62,o,0,1.01,318.17044,-42.50001,3706.55,357.45,3.7,3.48,-13.7,-0.379,17.61,18.55,01a58623o0680o
58623.553525,19.53,1.081,56,61,o,0,1.4,318.17044,-42.50001,3687.34,318.6,3.93,3.47,-14.2,-0.358,17.67,18.54,01a58623o0686o
58623.559135,21.293,5.05,11,56,o,0,1.09,318.17044,-42.50001,3743.35,396.74,3.5,3.27,-9.9,-0.395,17.9,18.7,01a58623o0698o
58623.569034,20.089,1.383,33,46,o,0,1.21,318.17044,-42.50001,3757.66,281.84,3.78,3.26,-16.4,-0.353,17.95,18.8,01a58623o0719o
58623.588777,21.071,3.593,14,49,o,0,0.99,318.17044,-42.50001,9269.16,10451.83,3.18,3.07,88.5,-0.482,17.84,18.71,01a58623o0761o
58623.592112,20.067,1.801,34,62,o,0,1.52,318.17044,-42.50001,9249.38,10413.8,3.11,2.97,84.9,-0.484,17.82,18.67,01a58623o0768o
58623.601939,-19.377,0.986,-64,64,o,0,0.87,318.17044,-42.50001,9314.49,10489.13,3.74,3.27,87.0,-0.451,17.88,18.79,01a58623o0789o
58623.609386,21.966,8.727,6,52,o,0,0.98,318.17044,-42.50001,9334.7,10370.63,3.64,3.08,-89.7,-0.455,17.94,18.81,01a58623o0804o
58623.617528,19.085,0.598,84,50,o,0,1.23,318.17044,-42.50001,9300.93,10433.06,3.19,3.08,87.2,-0.484,17.76,18.58,01a58623o0821o
58623.618909,-19.338,0.817,-67,55,o,0,0.9,318.17044,-42.50001,3715.89,346.42,4.05,3.46,-19.7,-0.347,17.83,18.65,01a58623o0824o
58625.57395,19.728,1.051,47,49,o,0,0.72,318.17044,-42.50001,9285.81,3955.31,2.27,2.08,41.6,-0.431,18.4,18.77,02a58625o0716o
58625.57732,-21.862,4.5,-6,29,o,0,1.17,318.17044,-42.50001,9304.16,3994.46,2.28,2.1,36.8,-0.429,18.41,18.78,02a58625o0723o
58625.582623,21.442,3.23,10,31,o,0,0.81,318.17044,-42.50001,9246.52,3914.56,2.15,2.05,37.1,-0.435,18.51,18.8,02a58625o0734o
58625.593929,19.913,0.693,39,27,o,0,1.05,318.17044,-42.50001,9223.56,4029.78,2.22,1.95,35.0,-0.417,18.49,18.83,02a58625o0758o
58627.54597,-20.273,1.214,-28,34,o,0,1.24,318.17044,-42.50001,2854.04,4241.99,3.79,3.21,-12.5,-0.394,18.24,19.22,01a58627o0669o
58627.549193,19.685,0.732,48,36,o,0,1.11,318.17044,-42.50001,2834.79,4204.12,3.9,3.23,-9.0,-0.386,18.25,19.22,01a58627o0676o
58627.56859,20.293,1.232,28,34,o,0,1.02,318.17044,-42.50001,2891.5,4282.53,3.79,3.3,-14.4,-0.395,18.29,19.33,01a58627o0717o
58627.575574,-19.611,0.618,-52,32,o,0,0.89,318.17044,-42.50001,2910.5,4168.41,3.52,3.03,-12.8,-0.412,18.42,19.35,01a58627o0732o
58631.549013,-19.778,0.469,-44,21,o,0,0.99,318.17044,-42.50001,2849.14,4246.7,3.97,3.7,14.4,-0.397,18.76,20.36,01a58631o0609o
58631.552243,20.682,1.095,19,21,o,0,0.96,318.17044,-42.50001,2828.96,4208.9,3.75,3.48,7.6,-0.398,18.84,20.33,01a58631o0616o
58631.56182,-23.754,16.25,-1,19,o,0,1.02,318.17044,-42.50001,2889.75,4287.51,3.62,3.36,6.7,-0.401,18.89,20.41,01a58631o0636o
58631.580221,-21.397,1.738,-10,17,o,0,1.02,318.17044,-42.50001,2907.32,4171.69,3.34,3.03,-11.7,-0.419,19.04,20.39,01a58631o0675o
58633.520418,-21.949,2.029,-6,12,c,0,1.58,318.17044,-42.50001,8683.5,10158.93,2.88,2.61,67.7,-0.391,19.45,21.21,02a58633o0628c
58633.523183,20.391,0.763,25,19,c,0,1.07,318.17044,-42.50001,8702.1,10198.83,2.85,2.57,55.8,-0.397,19.45,21.23,02a58633o0634c
58633.532719,-20.376,2.111,-26,54,c,0,1.03,318.17044,-42.50001,8644.01,10118.46,2.8,2.54,59.6,-0.403,18.13,19.87,02a58633o0654c
58633.546336,21.169,3.35,12,41,c,0,1.08,318.17044,-42.50001,8628.38,10236.49,2.89,2.61,-76.1,-0.381,19.51,21.27,02a58633o0683c
58633.622148,-18.741,0.562,-116,65,c,0,1.2,318.17044,-42.50001,1882.51,365.51,2.62,2.37,-84.9,-0.396,17.26,18.09,02a58633o0842c
58635.532092,-21.424,1.868,-10,18,o,0,1.26,318.17044,-42.50001,9526.89,409.84,3.55,3.04,-18.3,-0.391,19.06,20.5,01a58635o0647o
58635.538482,22.48,4.867,4,18,o,0,1.26,318.17044,-42.50001,9509.21,369.64,3.26,3.11,-57.7,-0.419,19.1,20.53,01a58635o0660o
58635.54219,-20.666,0.859,-20,17,o,0,1.17,318.17044,-42.50001,9563.84,445.72,3.49,3.05,-18.7,-0.403,19.09,20.54,01a58635o0668o
58635.555011,21.404,2.057,10,20,o,0,0.97,318.17044,-42.50001,9583.74,326.0,3.76,3.26,-14.9,-0.39,19.07,20.59,01a58635o0695o
58637.554254,-21.449,1.152,-10,11,c,0,1.15,318.17044,-42.50001,2355.67,1892.46,2.63,2.55,70.5,-0.399,19.13,20.93,02a58637o0681c
58637.5575,-20.933,0.729,-15,11,c,0,0.96,318.17044,-42.50001,2376.01,1929.47,2.64,2.37,-60.2,-0.404,19.39,21.16,02a58637o0688c
58637.564259,-22.089,2.03,-5,11,c,0,1.13,318.17044,-42.50001,2310.61,1851.9,2.57,2.49,76.7,-0.401,19.42,21.21,02a58637o0702c
58637.57798,-21.83,1.651,-7,11,c,0,1.25,318.17044,-42.50001,2286.94,1969.14,2.55,2.43,57.9,-0.406,19.41,21.2,02a58637o0731c
58637.61641,19.792,0.55,44,24,c,0,1.4,318.17044,-42.50001,2319.9,1905.98,2.45,2.37,62.8,-0.417,18.24,19.15,02a58637o0811c
58643.532523,21.024,1.099,14,16,o,0,1.12,318.17044,-42.50001,9227.09,6650.6,2.95,2.74,-10.8,-0.448,19.03,20.38,01a58643o0587o
58643.53529,20.949,1.242,15,19,o,0,0.78,318.17044,-42.50001,9207.09,6613.0,3.14,3.02,-25.1,-0.426,18.97,20.39,01a58643o0593o
58643.544836,-21.004,1.367,-14,20,o,0,0.97,318.17044,-42.50001,9269.88,6686.71,3.23,3.1,-16.2,-0.422,18.97,20.46,01a58643o0613o
58643.560865,20.381,0.653,26,17,o,0,1.0,318.17044,-42.50001,9290.3,6567.59,3.01,2.91,-12.2,-0.437,19.08,20.46,01a58643o0647o
58645.513191,20.672,0.843,20,16,o,0,1.56,318.17044,-42.50001,10483.16,2053.33,2.43,1.87,-57.7,-0.478,19.26,20.23,02a58645o0604o
58645.515982,20.392,0.695,25,18,o,0,1.24,318.17044,-42.50001,10502.84,2090.28,2.56,1.84,-61.4,-0.487,19.29,20.24,02a58645o0610o
58645.522753,-22.457,4.278,-4,16,o,0,0.79,318.17044,-42.50001,10440.14,2011.62,2.16,1.81,-59.8,-0.48,19.27,20.29,02a58645o0624o
58645.526415,20.214,0.438,30,13,o,0,0.85,318.17044,-42.50001,347.66,2051.49,2.05,1.93,-50.9,-0.463,19.29,20.25,02a58645o0632o
58645.529182,-23.035,6.524,-2,14,o,0,0.7,318.17044,-42.50001,367.17,2089.37,2.1,1.87,-55.2,-0.461,19.32,20.27,02a58645o0638o
58645.535964,20.604,0.563,21,12,o,0,1.24,318.17044,-42.50001,302.89,2010.24,2.02,1.98,-48.4,-0.456,19.26,20.26,02a58645o0652o
58645.536421,21.019,0.812,14,12,o,0,1.7,318.17044,-42.50001,10413.2,2127.22,2.1,1.76,-60.6,-0.489,19.35,20.31,02a58645o0653o
58645.548265,-22.294,3.205,-4,14,o,0,0.96,318.17044,-42.50001,285.84,2127.03,2.3,1.88,-62.0,-0.452,19.3,20.25,02a58645o0678o
58647.509917,19.801,0.679,44,30,o,0,1.02,318.17044,-42.50001,9221.49,6651.66,3.18,3.02,-9.0,-0.427,18.5,19.59,01a58647o0496o
58647.513162,-20.296,0.975,-28,27,o,0,1.17,318.17044,-42.50001,9202.6,6613.91,3.19,3.04,-3.0,-0.429,18.5,19.61,01a58647o0503o
58647.518759,-19.955,0.678,-38,26,o,0,1.26,318.17044,-42.50001,9265.22,6688.97,3.36,3.23,-19.6,-0.412,18.5,19.66,01a58647o0514o
58647.529182,20.902,1.507,16,24,o,0,1.13,318.17044,-42.50001,9283.51,6571.34,3.1,2.99,-87.5,-0.436,18.67,19.77,01a58647o0534o
58649.500901,-20.755,1.644,-18,30,o,0,0.75,318.17044,-42.50001,10480.09,2052.4,1.81,1.72,-57.3,-0.522,18.47,18.76,02a58649o0572o
58649.503731,-21.015,2.472,-14,35,o,0,0.84,318.17044,-42.50001,10498.42,2093.97,1.91,1.69,-66.1,-0.52,18.52,18.78,02a58649o0578o
58649.509801,-20.089,0.81,-34,27,o,0,0.74,318.17044,-42.50001,10439.82,2011.76,1.83,1.72,-52.2,-0.536,18.47,18.82,02a58649o0591o
58649.518691,19.958,0.587,38,22,o,0,0.78,318.17044,-42.50001,347.07,2051.64,2.06,1.84,43.2,-0.44,18.45,18.81,02a58649o0610o
58649.519617,-20.932,1.422,-15,22,o,0,2.04,318.17044,-42.50001,10416.09,2128.87,1.92,1.74,-61.6,-0.518,18.52,18.84,02a58649o0612o
58649.522525,23.118,10.524,2,22,o,0,1.05,318.17044,-42.50001,365.63,2088.99,1.95,1.9,-41.0,-0.457,18.51,18.83,02a58649o0618o
58649.527826,20.22,0.797,30,24,o,0,1.62,318.17044,-42.50001,305.04,2012.13,2.22,1.75,-59.3,-0.474,18.58,18.86,02a58649o0629o
58649.538167,21.061,2.165,14,30,o,0,0.56,318.17044,-42.50001,282.45,2128.81,1.99,1.87,-42.2,-0.459,18.59,18.91,02a58649o0651o
58651.495221,18.388,1.279,160,205,o,0,0.85,318.17044,-42.50001,5299.82,6947.55,3.53,3.22,-6.8,-0.443,17.28,18.03,01a58651o0497o
58651.498057,21.763,28.8,7,206,o,0,1.02,318.17044,-42.50001,5279.52,6909.01,3.57,3.26,-12.5,-0.447,17.32,18.05,01a58651o0503o
58651.503604,-20.422,8.585,-25,211,o,0,1.16,318.17044,-42.50001,5338.18,6985.73,4.01,3.85,-14.2,-0.418,17.18,18.08,01a58651o0515o
58651.513345,-18.692,1.415,-121,171,o,0,1.02,318.17044,-42.50001,5358.71,6871.33,3.45,3.25,-14.5,-0.411,17.37,18.15,01a58651o0536o
58657.578055,19.816,0.991,43,43,o,0,0.94,318.17044,-42.50001,114.31,2373.89,1.98,1.78,42.0,-0.536,18.14,18.75,02a58657o0569o
58657.581865,21.022,1.761,14,25,o,0,2.12,318.17044,-42.50001,95.22,2334.0,1.93,1.71,43.7,-0.507,18.52,18.99,02a58657o0577o
58657.586042,19.464,0.534,60,32,o,0,1.59,318.17044,-42.50001,9678.75,2409.47,2.04,1.94,51.2,-0.472,17.73,18.19,02a58657o0586o
58657.587412,20.09,0.612,33,20,o,0,1.19,318.17044,-42.50001,153.72,2416.69,1.94,1.87,54.4,-0.445,18.49,19.05,02a58657o0589o
58657.589242,20.807,1.277,17,22,o,0,2.16,318.17044,-42.50001,9660.08,2373.08,2.0,1.95,-79.5,-0.485,18.47,19.0,02a58657o0593o
58657.596223,-17.394,1.032,-400,413,o,0,1.35,318.17044,-42.50001,9717.79,2449.37,2.07,1.99,60.4,-0.398,15.88,15.86,02a58657o0608o
58657.603091,19.856,1.066,42,44,o,0,0.96,318.17044,-42.50001,9738.12,2333.23,2.15,2.03,67.2,-0.488,17.89,18.42,02a58657o0623o
58659.489029,20.65,1.058,20,21,o,0,1.1,318.17044,-42.50001,2003.41,2397.83,3.76,3.29,-10.8,-0.38,18.83,20.16,01a58659o0540o
58659.49225,19.895,0.59,40,24,o,0,0.88,318.17044,-42.50001,1983.23,2359.75,3.7,3.22,-12.7,-0.383,18.86,20.15,01a58659o0547o
58659.499525,-19.873,0.532,-41,22,o,0,1.2,318.17044,-42.50001,2041.32,2438.63,3.64,3.15,-10.3,-0.38,18.86,20.15,01a58659o0562o
58659.511405,21.062,1.473,14,20,o,0,1.16,318.17044,-42.50001,2055.82,2324.4,3.51,3.06,-11.6,-0.394,18.88,20.17,01a58659o0587o
58663.517741,-20.357,0.77,-26,20,o,0,0.97,318.17044,-42.50001,1999.36,2401.99,3.34,3.12,-8.5,-0.412,18.61,20.21,01a58663o0519o
58663.527807,21.037,2.6,14,36,o,0,1.06,318.17044,-42.50001,1982.81,2363.35,3.65,3.14,-15.4,-0.383,17.6,19.25,01a58663o0540o
58663.53059,-19.307,0.98,-69,67,o,0,1.18,318.17044,-42.50001,2040.27,2444.19,3.86,3.35,-16.3,-0.367,17.5,19.2,01a58663o0546o
58663.53585,-19.721,0.932,-47,44,o,0,0.97,318.17044,-42.50001,8528.17,8222.84,2.99,2.94,-84.3,-0.427,17.77,19.41,01a58663o0557o
58665.492801,-21.288,0.837,-11,9,c,0,1.01,318.17044,-42.50001,3322.51,3723.72,2.6,2.22,37.9,-0.402,19.6,21.45,02a58665o0414c
58665.495547,-21.584,1.117,-8,9,c,0,1.01,318.17044,-42.50001,3341.15,3761.46,2.64,2.22,38.5,-0.398,19.62,21.45,02a58665o0420c
58665.502013,-20.769,0.557,-18,10,c,0,0.89,318.17044,-42.50001,3279.38,3683.83,2.56,2.21,38.9,-0.406,19.63,21.43,02a58665o0434c
58665.511551,-21.295,0.885,-11,10,c,0,0.98,318.17044,-42.50001,3259.35,3798.43,2.61,2.29,36.9,-0.398,19.55,21.41,02a58665o0454c
58667.471897,19.925,0.455,39,18,o,0,1.22,318.17044,-42.50001,2248.82,8693.67,3.1,2.97,-12.7,-0.424,18.83,20.25,01a58667o0494o
58667.474673,-20.4,0.717,-25,18,o,0,1.28,318.17044,-42.50001,2223.89,8645.65,3.02,2.88,-35.7,-0.437,18.89,20.27,01a58667o0500o
58667.493133,20.212,0.628,30,19,o,0,1.18,318.17044,-42.50001,2259.29,8656.32,2.86,2.74,-19.4,-0.462,18.89,20.31,01a58667o0539o
58667.498219,21.438,2.022,10,20,o,0,1.37,318.17044,-42.50001,2274.36,8525.56,3.05,2.9,-44.7,-0.437,18.86,20.28,01a58667o0550o
58669.468589,24.072,16.0,1,14,c,0,0.95,318.17044,-42.50001,9667.53,168.3,2.75,2.43,-65.2,-0.44,19.34,21.24,02a58669o0450c
58669.471801,-20.896,0.825,-16,13,c,0,1.06,318.17044,-42.50001,9687.68,208.54,2.76,2.46,-62.9,-0.408,19.32,21.25,02a58669o0457c
58669.479617,-19.743,0.244,-46,11,c,0,1.93,318.17044,-42.50001,9624.08,127.4,2.93,2.35,-59.3,-0.426,19.34,21.18,02a58669o0473c
58669.494261,20.991,0.909,15,13,c,0,1.24,318.17044,-42.50001,9598.55,243.45,2.78,2.38,-59.2,-0.428,19.41,21.27,02a58669o0504c
58669.531078,-21.069,1.0,-14,14,c,0,1.03,318.17044,-42.50001,5623.31,252.35,2.88,2.48,-62.2,-0.417,19.47,21.38,02a58669o0580c
58669.534005,-22.055,2.588,-6,14,c,0,0.9,318.17044,-42.50001,4943.25,10343.86,2.72,2.5,-83.4,-0.395,19.47,21.38,02a58669o0586c
58669.543815,-21.938,1.816,-6,11,c,0,0.94,318.17044,-42.50001,5660.05,290.7,2.74,2.42,-73.4,-0.416,19.52,21.35,02a58669o0607c
58669.557949,21.723,1.837,7,14,c,0,1.24,318.17044,-42.50001,5679.47,173.76,2.67,2.37,-75.6,-0.414,19.49,21.39,02a58669o0637c
58670.463194,-22.784,4.474,-3,12,c,0,1.23,318.17044,-42.50001,9668.31,167.96,2.57,2.22,-62.6,-0.434,19.44,21.26,02a58670o0464c
58670.468667,22.66,3.826,3,12,c,0,1.27,318.17044,-42.50001,9685.85,209.97,2.48,2.14,-61.0,-0.441,19.46,21.29,02a58670o0475c
58670.472716,23.325,6.75,2,12,c,0,1.2,318.17044,-42.50001,9623.93,129.46,2.59,2.14,-57.7,-0.44,19.53,21.3,02a58670o0483c
58670.485367,-21.852,2.122,-7,14,c,0,0.72,318.17044,-42.50001,9599.38,247.47,2.45,2.14,-61.9,-0.445,19.51,21.37,02a58670o0508c
58670.518792,-21.56,1.364,-9,12,c,0,1.69,318.17044,-42.50001,4925.73,10307.46,2.68,2.46,85.1,-0.396,19.55,21.52,02a58670o0575c
58670.524011,-20.782,0.724,-18,13,c,0,1.19,318.17044,-42.50001,5603.58,213.04,2.67,2.35,-72.1,-0.429,19.59,21.51,02a58670o0586c
58670.528047,-22.636,3.905,-3,12,c,0,0.73,318.17044,-42.50001,5660.02,290.8,2.65,2.37,-73.1,-0.418,19.54,21.52,02a58670o0594c
58670.540136,-21.733,1.913,-7,14,c,0,0.97,318.17044,-42.50001,5677.05,174.11,2.8,2.37,-63.8,-0.423,19.57,21.56,02a58670o0618c
58671.461835,21.306,1.236,11,14,c,0,1.17,318.17044,-42.50001,9669.28,168.94,3.0,2.66,-59.7,-0.401,19.34,21.37,02a58671o0485c
58671.467293,-22.767,4.5,-3,13,c,0,1.23,318.17044,-42.50001,9688.01,209.6,3.01,2.74,-59.1,-0.408,19.3,21.36,02a58671o0496c
58671.470539,-21.288,1.113,-11,12,c,0,0.92,318.17044,-42.50001,9626.85,128.22,2.93,2.51,-62.2,-0.395,19.4,21.37,02a58671o0503c
58671.481444,20.864,0.802,16,13,c,0,1.12,318.17044,-42.50001,9603.57,244.75,2.75,2.47,-62.4,-0.406,19.42,21.41,02a58671o0526c
58671.499681,20.454,0.578,24,14,c,0,0.94,318.17044,-42.50001,4931.8,10308.48,2.89,2.66,66.9,-0.374,19.5,21.54,02a58671o0564c
58671.5029,-21.834,1.75,-7,12,c,0,1.62,318.17044,-42.50001,4950.67,10346.64,2.78,2.58,-80.9,-0.388,19.58,21.53,02a58671o0571c
58671.508442,22.15,2.536,5,13,c,0,1.1,318.17044,-42.50001,4892.9,10266.86,2.88,2.69,-81.1,-0.38,19.53,21.55,02a58671o0583c
58671.51941,-21.991,2.273,-6,13,c,0,1.49,318.17044,-42.50001,4870.02,10384.92,2.86,2.66,-83.7,-0.388,19.57,21.55,02a58671o0606c
58671.627048,-16.521,0.368,-894,329,c,0,1.35,318.17044,-42.50001,5638.27,244.41,3.3,2.89,-61.3,-0.433,16.35,17.38,02a58671o0829c
58674.465288,-21.995,2.358,-6,14,o,0,0.94,318.17044,-42.50001,7326.4,4017.41,2.21,1.98,45.2,-0.429,19.37,20.39,02a58674o0473o
58674.468499,21.885,2.153,6,14,o,0,1.09,318.17044,-42.50001,7344.78,4056.27,2.18,1.97,37.9,-0.443,19.41,20.45,02a58674o0480o
58674.475697,21.573,1.378,8,12,o,0,1.3,318.17044,-42.50001,7283.43,3978.59,2.07,2.01,51.6,-0.435,19.39,20.51,02a58674o0495o
58674.48567,20.795,0.732,18,13,o,0,1.28,318.17044,-42.50001,7262.88,4091.41,2.39,1.97,39.4,-0.43,19.38,20.48,02a58674o0516o
58679.403174,21.076,4.976,14,67,o,0,0.65,318.17044,-42.50001,5791.45,2202.14,3.88,3.58,-17.4,-0.401,17.61,18.43,01a58679o0367o
58679.406452,19.634,1.232,51,63,o,0,1.03,318.17044,-42.50001,5774.06,2164.05,3.83,3.33,-10.1,-0.411,17.69,18.46,01a58679o0374o
58679.41162,19.084,0.66,84,56,o,0,1.21,318.17044,-42.50001,5830.32,2240.9,3.73,3.34,-15.5,-0.416,17.77,18.5,01a58679o0385o
58679.421851,-22.075,10.045,-5,54,o,0,0.94,318.17044,-42.50001,5847.5,2123.75,3.48,2.94,-8.8,-0.429,17.92,18.57,01a58679o0407o
58685.512809,-20.773,1.629,-18,29,o,0,1.52,318.17044,-42.50001,4771.52,4136.12,2.45,2.18,50.4,-0.436,18.4,19.12,02a58685o0295o
58685.513266,20.083,0.868,34,29,o,0,1.03,318.17044,-42.50001,4752.21,4097.43,2.47,2.19,47.8,-0.434,18.42,19.12,02a58685o0296o
58685.514731,-19.826,0.572,-43,24,o,0,1.55,318.17044,-42.50001,4809.74,4175.58,2.44,2.21,48.7,-0.428,18.39,19.12,02a58685o0299o
58685.522215,-20.104,1.024,-33,34,o,0,1.03,318.17044,-42.50001,4830.14,4060.53,2.53,2.31,57.6,-0.427,18.38,19.14,02a58685o0314o
58689.447577,-21.552,1.473,-9,13,o,0,1.11,318.17044,-42.50001,5776.71,6419.97,2.55,1.91,37.2,-0.409,19.41,20.45,02a58689o0439o
58689.451668,21.028,0.898,14,13,o,0,1.17,318.17044,-42.50001,5794.28,6459.02,2.56,1.94,35.8,-0.405,19.42,20.47,02a58689o0447o
58689.4583,-21.251,1.151,-12,13,o,0,0.89,318.17044,-42.50001,5733.04,6383.07,2.65,1.94,36.2,-0.4,19.42,20.47,02a58689o0460o
58689.471156,-24.992,34.667,0,13,o,0,1.0,318.17044,-42.50001,5713.12,6496.41,2.63,1.94,36.4,-0.404,19.4,20.5,02a58689o0486o
58691.448443,-21.87,2.379,-6,15,o,0,0.98,318.17044,-42.50001,8712.31,4344.39,3.34,2.92,-5.6,-0.416,19.17,20.68,01a58691o0451o
58691.456502,-21.162,1.358,-12,17,o,0,0.83,318.17044,-42.50001,8690.86,4305.06,3.42,3.03,-3.7,-0.407,19.14,20.78,01a58691o0467o
58691.459822,21.996,2.269,6,13,o,0,1.32,318.17044,-42.50001,8750.82,4381.48,3.33,2.91,-6.9,-0.415,19.19,20.77,01a58691o0474o
58691.469723,25.462,63.0,0,15,o,0,1.09,318.17044,-42.50001,8768.35,4264.71,3.46,3.03,-6.1,-0.411,19.17,20.79,01a58691o0494o
58693.435106,-21.049,0.72,-14,10,c,0,1.49,318.17044,-42.50001,2867.9,9945.23,2.37,2.13,-53.1,-0.415,19.63,21.6,02a58693o0399c
58693.436021,-22.043,1.721,-6,10,c,0,1.27,318.17044,-42.50001,2886.39,9984.0,2.38,2.11,-51.7,-0.412,19.61,21.61,02a58693o0401c
58693.436943,-22.072,2.268,-5,12,c,0,1.06,318.17044,-42.50001,2830.5,9906.39,2.39,2.12,-49.2,-0.415,19.62,21.6,02a58693o0403c
58693.444935,23.419,7.273,2,11,c,0,1.12,318.17044,-42.50001,2807.7,10026.27,2.35,2.25,-64.3,-0.411,19.51,21.56,02a58693o0417c
58695.446003,-19.487,0.329,-58,19,o,0,1.07,318.17044,-42.50001,8710.05,4341.45,4.01,3.87,-8.2,-0.393,18.91,20.72,01a58695o0432o
58695.4564,21.831,2.538,7,17,o,0,1.03,318.17044,-42.50001,1884.39,6284.46,3.37,3.27,-79.4,-0.426,19.04,20.76,01a58695o0454o
58695.459479,-22.048,3.118,-6,17,o,0,1.13,318.17044,-42.50001,8749.14,4377.74,3.9,3.79,-17.8,-0.371,18.95,20.71,01a58695o0460o
58695.465276,-22.232,3.471,-5,16,o,0,0.99,318.17044,-42.50001,1810.06,6325.79,3.5,3.37,-76.4,-0.433,19.04,20.76,01a58695o0472o
58699.409849,20.151,0.538,32,17,o,0,0.99,318.17044,-42.50001,928.37,4316.7,3.69,3.49,-16.4,-0.401,19.07,21.06,01a58699o0049o
58699.424704,-24.272,22.5,-1,16,o,0,1.16,318.17044,-42.50001,906.6,4278.99,4.07,3.82,-19.0,-0.387,19.0,20.99,01a58699o0079o
58699.434737,-21.408,1.35,-10,13,o,0,1.53,318.17044,-42.50001,9626.56,6180.21,3.32,3.18,-2.1,-0.426,19.15,20.97,01a58699o0100o
58699.438405,-20.61,0.797,-21,16,o,0,1.13,318.17044,-42.50001,9609.16,6298.14,3.85,3.68,-4.9,-0.396,18.96,20.98,01a58699o0107o
58703.463818,-22.499,4.0,-4,14,o,0,1.03,318.17044,-42.50001,9659.18,6211.87,2.95,2.86,-24.4,-0.453,19.2,20.88,01a58703o0248o
58703.467081,22.593,4.133,3,14,o,0,1.1,318.17044,-42.50001,9679.22,6250.66,3.12,3.0,-74.3,-0.444,19.19,20.88,01a58703o0255o
58703.472681,22.483,3.579,4,13,o,0,1.26,318.17044,-42.50001,9619.73,6171.83,2.91,2.73,-84.6,-0.473,19.27,20.86,01a58703o0267o
58703.482444,19.883,0.413,40,17,o,0,0.78,318.17044,-42.50001,9602.49,6288.25,2.93,2.85,-7.1,-0.457,19.21,20.88,01a58703o0288o
58705.357187,19.038,1.945,88,171,c,0,1.08,318.17044,-42.50001,2792.97,7995.23,2.76,2.31,33.6,-0.399,17.45,18.44,02a58705o0272c
58705.360426,20.413,3.681,25,91,c,0,1.48,318.17044,-42.50001,2812.1,8032.99,2.36,2.33,53.6,-0.433,17.79,18.61,02a58705o0279c
58705.367335,-15.865,0.827,-1637,1354,c,0,0.58,318.17044,-42.50001,2755.31,7956.08,2.46,2.34,44.0,-0.46,15.99,16.98,02a58705o0294c
58705.377875,-19.991,3.875,-37,142,c,0,1.06,318.17044,-42.50001,2731.97,8071.67,2.67,2.35,36.6,-0.355,17.2,17.96,02a58705o0317c
58713.417155,19.279,0.753,71,53,o,0,1.41,318.17044,-42.50001,4196.45,8880.94,2.62,2.01,34.5,-0.426,18.35,18.72,02a58713o0332o
58713.420876,18.256,0.97,181,176,o,0,1.02,318.17044,-42.50001,4176.82,8841.4,2.58,1.95,36.3,-0.519,17.94,18.41,02a58713o0340o
58713.426439,-18.614,1.194,-130,155,o,0,1.86,318.17044,-42.50001,4237.36,8920.35,2.53,1.97,37.4,-0.444,17.35,17.92,02a58713o0352o
58713.437529,19.578,19.466,54,1043,o,0,1.14,318.17044,-42.50001,4258.97,8807.64,2.21,2.12,58.6,-0.45,16.43,17.36,02a58713o0376o
58715.402852,20.819,1.254,17,21,o,0,1.32,318.17044,-42.50001,9266.78,3888.93,3.55,3.13,2.8,-0.4,18.53,19.76,01a58715o0366o
58715.406558,-20.696,1.437,-19,28,o,0,0.93,318.17044,-42.50001,9286.84,3927.78,3.67,3.27,-0.2,-0.384,18.45,19.76,01a58715o0374o
58715.413975,-20.173,1.279,-31,40,o,0,1.18,318.17044,-42.50001,9224.53,3847.87,4.39,4.32,-27.1,-0.411,18.06,19.59,01a58715o0390o
58715.424185,22.499,9.875,4,36,o,0,1.28,318.17044,-42.50001,9208.54,3962.93,4.28,4.14,-45.9,-0.434,18.18,19.66,01a58715o0412o
58717.402454,20.676,1.219,20,24,o,0,0.77,318.17044,-42.50001,6781.22,4522.25,2.42,2.09,-77.8,-0.435,18.58,20.77,02a58717o0386o
58717.405201,22.962,10.0,2,24,o,0,0.67,318.17044,-42.50001,6762.14,4485.17,2.31,2.02,-81.0,-0.447,18.67,20.71,02a58717o0392o
58717.415114,-20.096,0.512,-33,17,o,0,1.55,318.17044,-42.50001,6821.27,4558.75,2.2,2.02,-80.9,-0.448,18.77,20.53,02a58717o0412o
58717.419673,-20.223,0.733,-30,22,o,0,0.82,318.17044,-42.50001,6840.45,4442.54,2.25,2.09,-80.8,-0.43,18.81,20.43,02a58717o0421o
58719.403667,21.21,0.887,12,11,o,0,1.07,318.17044,-42.50001,9293.48,3916.37,2.45,2.1,-4.4,-0.399,19.51,20.74,01a58719o0148o
58719.407432,21.083,0.81,13,11,o,0,1.35,318.17044,-42.50001,9313.07,3954.9,2.58,2.27,-8.8,-0.404,19.45,20.72,01a58719o0156o
58719.412659,23.147,4.941,2,10,o,0,1.45,318.17044,-42.50001,9254.34,3875.8,2.47,2.16,-7.8,-0.407,19.46,20.7,01a58719o0167o
58719.426287,-20.878,0.676,-16,11,o,0,1.09,318.17044,-42.50001,9235.61,3990.24,2.47,2.13,-2.1,-0.409,19.42,20.63,01a58719o0196o
58721.347279,-20.732,0.928,-18,17,c,0,1.1,318.17044,-42.50001,3778.19,6037.39,2.96,2.62,30.0,-0.378,19.03,21.3,02a58721o0266c
58721.358623,-20.662,0.806,-20,16,c,0,1.08,318.17044,-42.50001,3794.47,6075.96,2.99,2.66,28.7,-0.379,19.04,21.36,02a58721o0289c
58721.361825,-22.609,5.9,-3,19,c,0,1.06,318.17044,-42.50001,3739.89,5998.34,3.08,2.67,27.1,-0.368,18.96,21.29,02a58721o0296c
58721.372592,20.896,1.0,16,16,c,0,0.97,318.17044,-42.50001,3713.35,6115.65,2.89,2.57,27.9,-0.378,19.03,21.37,02a58721o0318c
58723.326718,-21.914,1.891,-6,12,o,0,1.04,318.17044,-42.50001,1872.03,397.23,2.06,2.05,-18.4,-0.443,19.5,20.69,01a58723o0184o
58723.329548,21.0,0.887,14,13,o,0,1.18,318.17044,-42.50001,1852.75,359.6,2.2,2.06,56.8,-0.433,19.5,20.69,01a58723o0190o
58723.33775,-22.433,2.675,-4,10,o,0,1.12,318.17044,-42.50001,1908.34,437.31,2.14,2.01,57.5,-0.437,19.54,20.74,01a58723o0206o
58723.351008,-23.964,12.667,-1,12,o,0,1.12,318.17044,-42.50001,1924.63,321.92,2.28,1.97,56.1,-0.469,19.57,20.85,01a58723o0233o
58729.369834,-20.868,0.522,-16,8,c,0,1.79,318.17044,-42.50001,3739.19,340.5,2.6,2.33,81.9,-0.4,19.48,21.27,02a58729o0340c
58729.370749,-21.668,2.105,-8,16,c,0,1.48,318.17044,-42.50001,9197.09,10502.96,3.03,2.89,-61.1,-0.367,19.41,21.19,02a58729o0342c
58729.373035,-19.793,0.231,-44,10,c,0,1.37,318.17044,-42.50001,3720.95,301.94,2.65,2.36,85.7,-0.403,19.45,21.26,02a58729o0347c
58729.37395,-20.929,0.886,-15,14,c,0,1.11,318.17044,-42.50001,9176.45,10464.34,2.9,2.88,-38.2,-0.367,19.43,21.18,02a58729o0349c
58729.37898,-20.087,0.308,-34,10,c,0,1.26,318.17044,-42.50001,3778.33,382.08,2.77,2.42,-66.4,-0.405,19.47,21.22,02a58729o0360c
58729.389042,-21.476,1.286,-9,12,c,0,1.13,318.17044,-42.50001,3796.82,265.24,2.66,2.4,-89.0,-0.385,19.41,21.22,02a58729o0382c
58729.389955,-21.934,1.967,-6,12,c,0,0.98,318.17044,-42.50001,9259.23,10425.22,2.97,2.91,-86.9,-0.367,19.35,21.12,02a58729o0384c
58735.336252,-20.009,7.361,-36,265,o,0,0.96,318.17044,-42.50001,8279.12,8683.85,3.09,2.55,-85.4,-0.376,15.77,15.72,01a58735o0228o
58735.348295,-20.44,17.588,-24,426,o,0,1.21,318.17044,-42.50001,8296.88,8565.93,3.03,2.5,85.3,-0.421,15.57,15.82,01a58735o0254o
58741.367281,-20.123,1.201,-32,39,o,0,0.94,318.17044,-42.50001,9569.32,454.0,2.34,1.72,-59.5,-0.488,18.4,18.71,02a58741o0322o
58741.370146,19.95,0.929,38,35,o,0,1.01,318.17044,-42.50001,9551.28,415.82,2.25,1.76,-62.7,-0.483,18.36,18.7,02a58741o0328o
58741.37533,20.65,2.238,20,45,o,0,0.75,318.17044,-42.50001,9607.63,492.81,2.14,1.72,-65.2,-0.547,18.32,18.68,02a58741o0339o
58741.386502,-21.217,3.781,-12,45,o,0,0.8,318.17044,-42.50001,9628.26,373.87,2.54,1.84,-57.9,-0.483,18.3,18.61,02a58741o0363o
58745.316807,20.998,1.119,14,16,o,0,1.51,318.17044,-42.50001,976.23,10110.33,1.97,1.78,-67.3,-0.479,19.11,20.14,02a58745o0234o
58745.31772,-21.768,3.547,-7,25,o,0,0.9,318.17044,-42.50001,10518.91,10237.34,2.39,1.94,-74.9,-0.488,19.09,20.11,02a58745o0236o
58745.320083,-21.368,1.875,-10,19,o,0,0.85,318.17044,-42.50001,995.59,10147.26,1.89,1.73,-72.7,-0.472,19.12,20.08,02a58745o0241o
58745.327776,-21.045,1.143,-14,16,o,0,1.61,318.17044,-42.50001,9606.2,478.95,2.16,1.83,-70.2,-0.49,18.95,19.9,02a58745o0257o
58745.338025,-20.321,1.208,-27,33,o,0,1.2,318.17044,-42.50001,9626.48,360.39,2.38,1.92,-58.0,-0.452,18.64,19.97,02a58745o0277o
58749.305892,-21.35,1.465,-10,15,c,0,1.1,318.17044,-42.50001,1349.09,3871.38,2.39,2.21,23.2,-0.417,18.94,21.26,02a58749o0205c
58749.308873,19.909,0.425,40,17,c,0,0.76,318.17044,-42.50001,1369.12,3909.7,2.34,2.22,16.7,-0.415,19.0,21.24,02a58749o0211c
58749.316337,20.489,0.906,23,21,c,0,1.25,318.17044,-42.50001,9235.91,6717.32,2.87,2.34,-83.1,-0.417,18.61,21.26,02a58749o0225c
58749.326377,22.671,5.75,3,18,c,0,1.14,318.17044,-42.50001,9256.76,6605.87,2.89,2.55,-77.8,-0.404,18.74,21.31,02a58749o0244c
58751.245701,22.406,3.194,4,13,o,0,0.96,318.17044,-42.50001,124.42,2384.78,2.52,1.92,71.3,-0.41,19.38,20.44,01a58751o0108o
58751.24894,-23.256,6.714,-2,12,o,0,2.05,318.17044,-42.50001,104.86,2346.17,2.63,2.16,69.6,-0.401,19.31,20.45,01a58751o0115o
58751.267727,-24.122,14.111,-1,12,o,0,1.07,318.17044,-42.50001,162.27,2429.45,2.23,1.81,74.3,-0.405,19.52,20.5,01a58751o0154o
58751.268647,-20.834,0.662,-17,11,o,0,1.03,318.17044,-42.50001,9686.26,2384.06,2.35,2.18,-40.5,-0.366,19.49,20.46,01a58751o0156o
58751.271869,20.927,0.794,16,12,o,0,1.2,318.17044,-42.50001,9667.93,2347.92,2.31,2.16,-62.6,-0.578,19.48,20.49,01a58751o0163o
58751.274173,21.617,1.566,8,13,o,0,1.23,318.17044,-42.50001,179.85,2316.2,2.52,1.9,72.6,-0.415,19.43,20.53,01a58751o0168o
58751.292362,21.411,1.315,10,13,o,0,0.97,318.17044,-42.50001,9724.74,2420.86,2.42,2.11,-84.5,-0.384,19.49,20.54,01a58751o0206o
58751.305125,22.285,2.288,4,10,o,0,1.34,318.17044,-42.50001,864.39,8281.63,2.1,1.8,-84.6,-0.439,19.59,20.62,01a58751o0233o
58753.339662,-21.135,1.029,-13,13,c,0,0.66,318.17044,-42.50001,9196.29,6685.91,2.98,2.56,42.7,-0.372,19.46,21.31,02a58753o0243c
58753.342442,21.55,1.208,9,10,c,0,1.12,318.17044,-42.50001,9177.03,6648.88,2.94,2.55,44.5,-0.374,19.43,21.31,02a58753o0249c
58753.348136,-21.682,1.591,-8,12,c,0,0.97,318.17044,-42.50001,9237.55,6726.28,2.79,2.56,50.2,-0.387,19.48,21.29,02a58753o0261c
58753.358341,22.337,2.667,4,11,c,0,1.12,318.17044,-42.50001,9258.31,6611.0,2.73,2.57,-85.1,-0.397,19.45,21.27,02a58753o0283c
58757.263074,-21.979,2.455,-6,14,c,0,1.1,318.17044,-42.50001,5279.88,3619.37,2.62,2.48,-84.9,-0.375,18.87,21.22,02a58757o0048c
58757.291416,21.486,1.357,9,12,c,0,0.99,318.17044,-42.50001,5248.09,6890.94,3.27,2.92,42.8,-0.355,19.2,21.09,02a58757o0076c
58757.297026,23.435,7.0,2,11,c,0,1.32,318.17044,-42.50001,5305.08,6969.36,3.07,2.72,41.7,-0.354,19.21,21.09,02a58757o0088c
58757.300948,22.331,2.9,4,12,c,0,1.19,318.17044,-42.50001,5324.4,6854.89,3.16,2.89,48.0,-0.361,19.23,21.09,02a58757o0096c
58763.20784,21.664,4.625,8,36,o,0,1.32,318.17044,-42.50001,5610.59,207.52,2.16,1.83,-9.0,-0.379,18.25,17.95,01a58763o0034o
58763.22807,-22.009,4.277,-6,24,o,0,1.01,318.17044,-42.50001,5663.57,286.32,2.09,1.9,0.9,-0.389,18.56,18.51,01a58763o0076o
58763.235636,-22.213,5.449,-5,26,o,0,1.56,318.17044,-42.50001,5680.29,168.49,2.15,2.01,1.2,-0.405,18.57,18.59,01a58763o0091o
58763.251151,-21.608,3.728,-8,31,o,0,0.64,318.17044,-42.50001,944.56,10405.2,2.08,1.76,-84.7,-0.478,18.66,18.82,01a58763o0122o
58763.25865,-20.671,1.643,-20,32,o,0,0.63,318.17044,-42.50001,924.33,10365.66,2.0,1.68,-83.8,-0.481,18.65,19.05,01a58763o0137o
58763.261895,19.759,0.732,45,33,o,0,0.79,318.17044,-42.50001,987.06,10447.72,2.04,1.75,-83.4,-0.501,18.59,19.1,01a58763o0144o
58763.276081,21.878,3.127,6,20,o,0,1.76,318.17044,-42.50001,9565.37,203.71,2.35,1.96,-27.8,-0.336,18.65,19.0,01a58763o0173o
58765.310533,-21.415,4.296,-10,42,o,0,1.15,318.17044,-42.50001,2027.61,2342.87,2.35,1.84,45.4,-0.462,17.8,17.98,02a58765o0236o
58765.320782,19.573,0.768,54,41,o,0,1.29,318.17044,-42.50001,2006.27,2301.74,2.26,1.87,44.9,-0.45,17.98,18.18,02a58765o0257o
58765.325473,-20.72,2.845,-19,53,o,0,1.05,318.17044,-42.50001,2064.2,2382.86,2.31,1.84,44.1,-0.459,17.55,17.88,02a58765o0267o
58765.331436,-20.307,1.445,-27,40,o,0,1.03,318.17044,-42.50001,2083.27,2265.91,2.27,1.84,44.9,-0.464,17.91,18.1,02a58765o0279o
58769.264949,-19.818,1.191,-43,51,o,0,1.06,318.17044,-42.50001,2030.09,2333.94,2.71,2.48,87.4,-0.419,17.84,18.64,02a58769o0166o
58769.268214,-20.108,1.337,-33,44,o,0,1.08,318.17044,-42.50001,2010.96,2296.49,2.53,2.3,86.0,-0.423,17.92,18.62,02a58769o0173o
58769.274306,21.55,5.405,9,47,o,0,0.91,318.17044,-42.50001,2069.48,2375.67,2.6,2.4,79.7,-0.426,17.87,18.59,02a58769o0186o
58769.284417,-19.375,0.72,-64,46,o,0,0.85,318.17044,-42.50001,2088.92,2260.78,2.42,2.2,70.5,-0.431,18.06,18.59,02a58769o0208o
58771.201179,-20.997,2.396,-14,35,o,0,0.94,318.17044,-42.50001,3272.32,6542.94,2.14,2.04,74.0,-0.397,18.3,18.34,01a58771o0040o
58771.217907,21.636,2.086,8,17,o,0,1.36,318.17044,-42.50001,3248.91,6504.77,2.05,1.9,75.8,-0.408,18.96,19.33,01a58771o0074o
58771.226478,22.217,4.161,5,20,o,0,0.79,318.17044,-42.50001,3306.96,6583.84,2.09,1.82,79.3,-0.414,18.87,19.22,01a58771o0091o
58771.229704,21.575,2.032,8,17,o,0,1.79,318.17044,-42.50001,3328.33,6470.25,2.21,1.87,82.4,-0.412,18.87,19.21,01a58771o0098o
58775.23641,20.8,0.737,17,13,o,0,0.87,318.17044,-42.50001,7324.7,4000.42,2.05,1.94,-25.2,-0.395,19.26,20.2,01a58775o0095o
58775.240178,21.475,1.363,9,13,o,0,1.24,318.17044,-42.50001,7344.63,4038.31,2.09,1.99,-32.6,-0.399,19.28,20.06,01a58775o0103o
58775.245713,20.686,0.782,19,15,o,0,0.97,318.17044,-42.50001,7284.7,3959.96,2.15,2.08,-47.0,-0.389,19.21,19.97,01a58775o0115o
58775.256417,22.777,5.25,3,15,o,0,1.05,318.17044,-42.50001,7267.28,4075.67,2.34,2.27,-66.2,-0.39,19.04,19.89,01a58775o0138o
58777.218366,19.696,0.393,48,19,c,0,0.99,318.17044,-42.50001,8457.16,2108.9,2.92,2.49,-66.9,-0.38,18.59,21.08,02a58777o0059c
58777.228507,24.443,50.0,1,30,c,0,0.96,318.17044,-42.50001,2069.71,8402.34,3.14,2.49,-76.2,-0.398,18.24,21.08,02a58777o0080c
58777.233213,20.011,0.8,36,29,c,0,1.26,318.17044,-42.50001,2128.04,8484.35,3.42,2.77,-71.9,-0.394,18.26,21.15,02a58777o0089c
58777.240698,-19.889,0.61,-40,24,c,0,1.07,318.17044,-42.50001,2151.38,8367.46,3.33,2.63,-62.3,-0.391,18.42,21.21,02a58777o0104c
58779.233305,21.92,2.027,6,13,o,0,0.8,318.17044,-42.50001,5810.35,6416.47,2.05,1.9,-70.3,-0.418,19.36,20.13,01a58779o0113o
58779.236589,24.079,13.364,1,11,o,0,1.5,318.17044,-42.50001,5829.88,6454.63,1.94,1.83,-63.0,-0.419,19.41,20.15,01a58779o0120o
58779.24351,21.938,1.925,6,12,o,0,1.33,318.17044,-42.50001,5770.71,6376.34,1.96,1.79,-79.9,-0.419,19.39,20.13,01a58779o0135o
58779.253383,22.186,2.556,5,12,o,0,0.98,318.17044,-42.50001,5752.51,6490.89,1.96,1.8,-74.9,-0.425,19.38,20.09,01a58779o0156o
58781.262945,-23.137,5.286,-2,11,c,0,1.2,318.17044,-42.50001,5814.61,2191.71,2.59,2.36,59.1,-0.378,19.3,20.77,02a58781o0175c
58781.265765,-26.007,83.0,0,12,c,0,0.82,318.17044,-42.50001,5795.84,2154.2,2.56,2.36,62.0,-0.383,19.29,20.78,02a58781o0181c
58781.270831,-20.647,0.589,-20,12,c,0,1.08,318.17044,-42.50001,5852.29,2232.23,2.56,2.33,58.4,-0.38,19.33,20.8,02a58781o0192c
58781.281045,23.468,8.2,2,12,c,0,1.01,318.17044,-42.50001,5872.48,2116.53,2.58,2.4,74.5,-0.38,19.31,20.79,02a58781o0214c
58783.255716,-23.481,8.353,-2,12,o,0,1.2,318.17044,-42.50001,5815.31,6412.56,2.16,1.9,0.7,-0.371,19.29,20.03,01a58783o0008o
58783.258483,20.697,0.586,19,11,o,0,1.26,318.17044,-42.50001,5837.11,6450.46,2.12,1.91,1.3,-0.377,19.29,20.03,01a58783o0014o
58783.264958,-21.879,2.274,-6,15,o,0,0.89,318.17044,-42.50001,5779.32,6374.01,2.09,1.91,-83.6,-0.398,19.28,20.05,01a58783o0028o
58783.279954,-23.091,5.85,-2,12,o,0,1.56,318.17044,-42.50001,5755.68,6488.58,2.26,2.09,-76.1,-0.407,19.2,20.03,01a58783o0058o
58785.252773,-20.574,0.55,-21,12,c,0,1.04,318.17044,-42.50001,5817.93,2192.56,2.58,2.37,-75.6,-0.384,19.35,20.9,02a58785o0127c
58785.256477,-20.557,0.532,-22,12,c,0,1.01,318.17044,-42.50001,5799.41,2154.12,2.53,2.32,-74.5,-0.39,19.4,20.89,02a58785o0135c
58785.262967,22.232,2.355,5,11,c,0,1.15,318.17044,-42.50001,5856.94,2232.36,2.62,2.44,-75.3,-0.38,19.34,20.87,02a58785o0149c
58785.27636,-22.22,2.406,-5,11,c,0,1.17,318.17044,-42.50001,5876.91,2116.14,2.56,2.39,-85.9,-0.383,19.29,20.82,02a58785o0178c
58787.202655,20.436,0.776,24,19,o,0,1.26,318.17044,-42.50001,7683.25,563.54,2.18,2.08,-84.8,-0.372,18.52,19.09,01a58787o0056o
58787.205877,22.997,5.92,2,14,o,0,0.98,318.17044,-42.50001,7738.21,642.11,2.17,2.0,87.9,-0.389,19.41,20.15,01a58787o0063o
58787.215015,20.581,0.519,21,11,o,0,0.96,318.17044,-42.50001,2877.81,10055.24,1.98,1.74,-63.2,-0.437,19.43,20.18,01a58787o0082o
58789.20642,-21.118,1.398,-13,18,o,0,0.98,318.17044,-42.50001,4344.7,1783.96,2.57,1.99,38.4,-0.404,18.84,19.5,02a58789o0005o
58789.209674,21.917,2.262,6,14,o,0,1.82,318.17044,-42.50001,4363.58,1821.82,2.69,2.21,36.9,-0.409,18.86,19.58,02a58789o0012o
58789.232515,21.514,2.152,9,19,o,0,1.06,318.17044,-42.50001,6237.22,8808.34,2.7,2.04,39.3,-0.416,18.99,19.75,02a58789o0022o
58789.242542,20.408,0.816,25,20,o,0,0.98,318.17044,-42.50001,6256.87,8690.78,2.72,2.07,39.5,-0.407,18.93,19.74,02a58789o0043o
58791.201069,-21.609,3.536,-8,29,o,0,0.99,318.17044,-42.50001,7696.66,603.24,2.8,2.4,-19.7,-0.357,18.53,18.87,01a58791o0002o
58791.220633,19.8,0.638,44,28,o,0,1.04,318.17044,-42.50001,2953.62,10008.67,1.9,1.83,-34.4,-0.409,18.77,19.09,01a58791o0008o
58791.223498,19.683,1.254,49,61,o,0,0.87,318.17044,-42.50001,2898.88,9931.17,2.0,1.91,-60.6,-0.415,17.82,17.7,01a58791o0014o
58791.23003,-21.459,2.915,-10,28,o,0,1.11,318.17044,-42.50001,2880.72,10045.54,2.42,2.35,-81.6,-0.405,18.5,18.98,01a58791o0028o
58795.189418,-22.998,20.818,-2,48,o,0,1.28,318.17044,-42.50001,2844.15,8068.42,1.88,1.74,-50.0,-0.437,17.84,17.41,01a58795o0032o
58795.194816,19.582,0.457,53,24,o,0,0.9,318.17044,-42.50001,2790.33,7991.88,1.84,1.73,-62.1,-0.432,18.68,18.61,01a58795o0043o
58795.205212,-22.472,4.837,-4,18,o,0,1.04,318.17044,-42.50001,2774.19,8106.59,1.94,1.79,-72.2,-0.424,18.87,19.03,01a58795o0064o
58797.220487,-19.767,0.552,-45,25,o,0,1.33,318.17044,-42.50001,8709.41,4372.04,2.55,2.05,40.3,-0.398,18.43,18.83,02a58797o0074o
58797.22372,-19.38,0.388,-64,25,o,0,1.0,318.17044,-42.50001,8690.06,4334.33,2.48,1.99,39.5,-0.406,18.46,18.85,02a58797o0081o
58797.23023,-22.896,12.05,-2,30,o,0,0.81,318.17044,-42.50001,8748.58,4410.37,2.48,2.06,40.1,-0.399,18.46,18.84,02a58797o0095o
58797.24081,-20.351,1.141,-26,30,o,0,1.29,318.17044,-42.50001,8768.49,4294.16,2.52,2.11,41.6,-0.395,18.36,18.8,02a58797o0118o
58799.204991,21.495,2.603,9,24,o,0,0.82,318.17044,-42.50001,2825.78,8020.88,1.95,1.86,-58.9,-0.4,18.7,18.83,01a58799o0021o
58799.208678,21.068,1.736,14,24,o,0,1.06,318.17044,-42.50001,2846.14,8058.59,1.93,1.83,-67.7,-0.416,18.75,18.83,01a58799o0029o
58799.216059,-20.065,0.846,-34,29,o,0,0.98,318.17044,-42.50001,2789.4,7981.14,2.05,1.91,-76.0,-0.448,18.66,18.81,01a58799o0045o
58799.226209,-20.549,1.063,-22,23,o,0,1.42,318.17044,-42.50001,2773.27,8098.18,2.14,1.95,-75.3,-0.403,18.61,18.77,01a58799o0067o
58801.245959,20.399,1.07,25,27,o,0,1.33,318.17044,-42.50001,8715.68,4371.76,2.29,2.21,80.3,-0.399,18.41,18.9,02a58801o0153o
58801.251096,-21.253,3.074,-12,35,o,0,0.82,318.17044,-42.50001,8696.77,4333.75,2.68,2.14,43.0,-0.379,18.39,18.84,02a58801o0164o
58801.254416,21.324,2.621,11,28,o,0,1.18,318.17044,-42.50001,8758.85,4410.04,2.27,2.14,82.5,-0.409,18.38,18.79,02a58801o0171o
58801.267665,-20.041,0.974,-35,34,o,0,1.12,318.17044,-42.50001,8774.04,4293.78,2.68,2.29,39.0,-0.378,18.21,18.66,02a58801o0198o
58979.589041,-21.575,10.267,-8,87,o,0,0.97,318.17044,-42.50001,4781.15,4144.7,2.76,2.7,-76.3,-0.355,17.07,17.11,01a58979o0763o
58979.605634,-17.233,0.567,-464,263,o,0,1.07,318.17044,-42.50001,4765.12,4108.71,2.88,2.78,-17.2,-0.381,15.96,15.82,01a58979o0799o
58979.614883,16.494,0.617,917,566,o,0,1.08,318.17044,-42.50001,4823.99,4185.38,3.97,3.71,-54.4,-0.34,15.4,15.55,01a58979o0818o
58983.590849,21.549,2.508,9,22,o,0,0.9,318.17044,-42.50001,4783.95,4149.02,2.56,2.45,20.8,-0.369,18.67,19.35,01a58983o0762o
58983.596384,22.636,6.55,3,21,o,0,1.37,318.17044,-42.50001,4766.48,4110.69,2.8,2.49,3.8,-0.358,18.68,19.39,01a58983o0774o
58983.616353,-25.133,81.5,0,26,o,0,0.97,318.17044,-42.50001,4825.45,4188.75,2.81,2.53,4.7,-0.35,18.54,19.12,01a58983o0816o
58983.620501,-21.236,2.333,-12,27,o,0,1.42,318.17044,-42.50001,4844.82,4072.56,2.61,2.34,-3.0,-0.36,18.31,18.54,01a58983o0825o
58987.595028,-21.7,2.098,-8,16,o,0,1.01,318.17044,-42.50001,7691.91,614.75,2.79,2.38,-12.8,-0.349,19.16,20.29,01a58987o0783o
58987.599174,20.497,0.748,23,17,o,0,0.85,318.17044,-42.50001,7673.82,576.36,2.75,2.36,-17.6,-0.351,19.13,20.3,01a58987o0792o
58987.607047,20.908,0.915,16,14,o,0,0.92,318.17044,-42.50001,7729.35,652.71,2.49,2.33,-34.3,-0.374,19.23,20.18,01a58987o0809o
58987.616789,19.733,0.558,46,26,o,0,0.95,318.17044,-42.50001,7747.34,534.85,2.65,2.43,-26.3,-0.344,18.65,19.15,01a58987o0830o
58991.556645,-20.249,0.529,-29,15,o,0,1.33,318.17044,-42.50001,7690.46,614.5,2.73,2.55,-6.8,-0.365,19.21,20.5,01a58991o0699o
58991.559889,20.994,0.966,14,14,o,0,1.11,318.17044,-42.50001,7672.27,575.14,2.36,2.19,-10.5,-0.384,19.31,20.5,01a58991o0706o
58991.567301,21.14,1.096,13,14,o,0,1.08,318.17044,-42.50001,7728.35,652.55,2.47,2.3,-17.3,-0.373,19.34,20.55,01a58991o0721o
58991.578826,-20.515,0.642,-23,14,o,0,0.88,318.17044,-42.50001,7747.85,534.06,2.53,2.37,-17.8,-0.376,19.3,20.63,01a58991o0746o
58995.573127,19.569,0.68,54,37,o,0,1.05,318.17044,-42.50001,7773.62,2559.49,2.41,2.2,-12.1,-0.36,18.1,19.21,01a58995o0737o
58995.576351,-18.847,0.825,-105,87,o,0,1.16,318.17044,-42.50001,7754.91,2521.55,2.33,2.19,-11.4,-0.367,17.55,18.71,01a58995o0744o
58995.583262,-21.152,2.925,-13,37,o,0,0.71,318.17044,-42.50001,7815.05,2598.81,2.26,2.02,-13.9,-0.38,18.23,19.26,01a58995o0759o
58995.60216,-16.77,0.941,-711,669,o,0,1.82,318.17044,-42.50001,7838.75,2482.4,2.41,2.0,-13.7,-0.378,14.99,16.1,01a58995o0799o
58999.564452,-22.202,2.788,-5,13,o,0,1.03,318.17044,-42.50001,7777.82,2559.33,2.74,2.35,-10.7,-0.349,19.18,20.38,01a58999o0710o
58999.567673,-20.493,0.544,-23,12,o,0,1.12,318.17044,-42.50001,7759.79,2521.13,2.67,2.16,-9.3,-0.348,19.31,20.45,01a58999o0717o
58999.578378,-21.073,0.664,-14,9,o,0,1.83,318.17044,-42.50001,7818.28,2597.77,2.38,2.24,-31.6,-0.375,19.41,20.58,01a58999o0739o
58999.584845,20.214,0.436,30,13,o,0,0.8,318.17044,-42.50001,7838.08,2480.72,2.46,2.07,-9.1,-0.369,19.4,20.65,01a58999o0753o
59003.5313,-23.248,15.091,-2,28,o,0,1.03,318.17044,-42.50001,4218.44,8883.51,2.95,2.56,-11.5,-0.318,18.41,19.09,01a59003o0608o
59003.534059,-19.579,0.384,-54,20,o,0,1.56,318.17044,-42.50001,4200.44,8845.46,2.76,2.42,-11.4,-0.362,18.51,19.12,01a59003o0614o
59003.539135,20.539,0.973,22,22,o,0,1.11,318.17044,-42.50001,4261.77,8923.4,2.84,2.41,-7.5,-0.33,18.51,19.16,01a59003o0625o
59007.516058,-19.698,0.886,-48,42,o,0,1.44,318.17044,-42.50001,4216.66,8882.89,2.64,2.37,-6.7,-0.348,17.76,17.93,01a59007o0472o
59007.5193,-19.694,1.13,-48,54,o,0,0.89,318.17044,-42.50001,4197.91,8844.67,2.74,2.57,-5.4,-0.338,17.61,17.77,01a59007o0479o
59007.523944,19.237,0.578,73,42,o,0,1.09,318.17044,-42.50001,4259.34,8922.86,2.52,2.35,-0.1,-0.379,17.99,18.14,01a59007o0489o
59007.529939,19.655,0.814,50,41,o,0,0.71,318.17044,-42.50001,4282.08,8806.86,2.69,2.41,-8.1,-0.353,18.0,18.2,01a59007o0502o
59011.544827,-19.593,0.975,-53,52,o,0,1.27,318.17044,-42.50001,6793.39,4513.6,2.67,2.6,48.5,-0.324,17.62,18.22,01a59011o0663o
59011.54805,19.713,0.853,47,40,o,0,1.28,318.17044,-42.50001,6775.36,4476.48,2.68,2.64,3.9,-0.332,17.93,18.32,01a59011o0670o
59011.554033,-19.851,0.838,-42,35,o,0,1.05,318.17044,-42.50001,6834.82,4554.08,2.76,2.64,-61.0,-0.342,18.17,18.71,01a59011o0683o
59011.563697,20.932,1.579,15,24,o,0,1.47,318.17044,-42.50001,6856.46,4439.65,3.09,2.91,-17.2,-0.332,18.43,19.22,01a59011o0704o
59015.529542,21.107,0.955,13,12,o,0,1.29,318.17044,-42.50001,6792.8,4516.2,2.84,2.34,-2.5,-0.345,19.17,20.43,01a59015o0628o
59015.532766,-20.519,0.526,-22,12,o,0,1.19,318.17044,-42.50001,6773.77,4477.66,2.59,2.48,-18.6,-0.379,19.19,20.47,01a59015o0635o
59015.535994,21.287,1.266,11,14,o,0,0.97,318.17044,-42.50001,6832.52,4554.44,2.79,2.3,-6.4,-0.338,19.2,20.49,01a59015o0642o
59015.54106,-22.328,3.276,-4,14,o,0,1.12,318.17044,-42.50001,6852.5,4438.2,2.79,2.4,-5.2,-0.338,19.15,20.44,01a59015o0653o
59016.553965,-19.916,0.487,-39,19,o,0,1.08,318.17044,-42.50001,6622.51,8264.96,2.63,2.08,39.1,-0.401,19.01,20.13,02a59016o0625o
59016.555793,21.019,1.081,14,15,o,0,0.64,318.17044,-42.50001,6642.29,8302.52,2.34,2.15,53.6,-0.424,19.24,20.35,02a59016o0629o
59016.559452,23.234,8.231,2,15,o,0,1.06,318.17044,-42.50001,6585.55,8223.27,2.54,2.13,41.2,-0.403,19.3,20.41,02a59016o0637o
59016.569276,-20.625,0.76,-20,16,o,0,0.91,318.17044,-42.50001,6565.43,8339.45,2.38,2.01,40.8,-0.414,19.2,20.28,02a59016o0658o
59016.618421,18.809,0.654,109,71,o,0,1.37,318.17044,-42.50001,3934.07,2267.96,2.62,2.31,49.2,-0.427,17.35,17.39,02a59016o0763o
59017.547903,20.981,0.723,15,11,c,0,0.97,318.17044,-42.50001,6624.57,8265.7,2.86,2.53,48.3,-0.382,19.49,21.3,02a59017o0658c
59017.549732,-21.876,1.378,-6,9,c,0,2.12,318.17044,-42.50001,6643.52,8304.52,2.79,2.54,52.2,-0.386,19.51,21.3,02a59017o0662c
59017.552963,22.134,2.133,5,11,c,0,1.15,318.17044,-42.50001,6586.27,8225.84,2.8,2.46,45.8,-0.388,19.48,21.29,02a59017o0669c
59017.558479,20.617,0.537,21,11,c,0,1.19,318.17044,-42.50001,6566.71,8341.36,2.97,2.63,46.0,-0.382,19.45,21.3,02a59017o0681c
59019.497873,-17.103,0.699,-523,366,o,0,1.24,318.17044,-42.50001,9217.45,10485.86,2.77,2.16,8.8,-0.422,15.31,16.58,01a59019o0562o
59019.501101,18.256,0.738,181,134,o,0,1.12,318.17044,-42.50001,9198.8,10446.59,2.27,2.13,23.8,-0.372,16.22,17.31,01a59019o0569o
59019.508511,-17.592,0.821,-334,274,o,0,1.38,318.17044,-42.50001,9263.6,10522.55,2.44,2.15,7.3,-0.41,16.48,17.63,01a59019o0584o
59019.519121,-16.795,1.879,-695,1306,o,0,0.59,318.17044,-42.50001,9290.14,10405.15,2.45,2.11,12.2,-0.434,13.89,15.02,01a59019o0607o
59019.52477,-18.195,1.02,-192,195,o,0,0.94,318.17044,-42.50001,3743.98,349.42,2.64,2.4,-5.2,-0.37,16.34,17.51,01a59019o0619o
59019.528001,18.133,1.941,203,393,o,0,0.72,318.17044,-42.50001,3725.39,310.6,2.22,2.11,7.5,-0.403,16.17,17.2,01a59019o0626o
59019.53076,-17.042,1.552,-554,859,o,0,1.24,318.17044,-42.50001,3782.01,389.55,2.43,2.19,-7.2,-0.377,15.52,16.61,01a59019o0632o
59019.541814,17.574,2.402,339,814,o,0,1.26,318.17044,-42.50001,3800.42,273.62,2.21,2.03,-2.7,-0.393,15.49,16.5,01a59019o0655o
59023.499793,20.733,1.52,18,28,o,0,0.95,318.17044,-42.50001,9223.61,10484.13,2.67,2.46,11.5,-0.39,19.08,20.22,01a59023o0471o
59023.503935,-20.14,0.827,-32,26,o,0,1.22,318.17044,-42.50001,9205.13,10446.38,2.67,2.4,10.4,-0.379,19.05,20.21,01a59023o0480o
59023.509016,17.325,1.082,426,462,o,0,2.51,318.17044,-42.50001,9270.26,10523.51,2.48,2.35,-6.2,-0.415,19.13,20.43,01a59023o0491o
59023.515459,21.122,1.238,13,16,o,0,0.56,318.17044,-42.50001,3742.93,348.82,2.21,2.09,0.1,-0.41,19.15,20.27,01a59023o0505o
59023.516381,-20.25,0.528,-29,15,o,0,1.41,318.17044,-42.50001,9292.76,10404.09,2.33,2.15,11.9,-0.389,19.25,20.36,01a59023o0507o
59023.518685,-21.822,2.787,-7,19,o,0,0.95,318.17044,-42.50001,3723.97,309.86,2.34,2.12,-9.0,-0.389,18.97,20.11,01a59023o0512o
59023.521911,-22.482,4.773,-4,18,o,0,1.09,318.17044,-42.50001,3780.98,389.12,2.22,2.12,-12.2,-0.407,19.03,20.17,01a59023o0519o
59023.532621,20.54,0.842,22,19,o,0,0.81,318.17044,-42.50001,3801.12,273.64,2.35,2.09,-11.2,-0.394,18.89,20.05,01a59023o0541o
59027.475612,22.244,2.178,5,10,o,0,1.16,318.17044,-42.50001,2860.07,4223.66,2.13,2.07,-87.6,-0.411,19.45,20.61,01a59027o0510o
59027.477456,22.033,2.113,6,12,o,0,1.35,318.17044,-42.50001,2841.02,4185.08,2.16,2.11,-80.1,-0.404,19.4,20.62,01a59027o0514o
59027.48169,22.862,4.16,3,11,o,0,1.24,318.17044,-42.50001,2899.57,4264.33,2.27,2.03,-12.3,-0.393,19.42,20.65,01a59027o0523o
59027.498315,-24.766,27.75,0,12,o,0,0.64,318.17044,-42.50001,2920.2,4147.36,2.4,2.12,-10.3,-0.383,19.37,20.7,01a59027o0558o
59029.557881,-21.548,0.911,-9,8,c,0,1.41,318.17044,-42.50001,1851.49,383.9,2.71,2.31,-66.5,-0.402,19.56,21.37,02a59029o0676c
59029.562044,21.375,0.899,10,9,c,0,1.05,318.17044,-42.50001,1833.23,344.88,2.59,2.32,-85.5,-0.394,19.51,21.36,02a59029o0685c
59029.596556,22.62,2.522,3,8,c,0,1.55,318.17044,-42.50001,1890.36,428.02,2.48,2.24,-84.8,-0.413,19.45,21.33,02a59029o0759c
59029.602566,-23.049,4.625,-2,10,c,0,0.74,318.17044,-42.50001,1910.55,313.15,2.47,2.19,-85.1,-0.408,19.44,21.25,02a59029o0772c
59031.461001,21.977,3.739,6,22,o,0,0.72,318.17044,-42.50001,2857.62,4223.49,2.68,2.25,-8.5,-0.345,18.76,19.44,01a59031o0473o
59031.463764,21.162,1.641,12,20,o,0,0.79,318.17044,-42.50001,2838.57,4184.68,2.4,2.28,-14.9,-0.383,18.82,19.44,01a59031o0479o
59031.467909,-19.776,0.404,-45,18,o,0,1.4,318.17044,-42.50001,2896.93,4263.71,2.64,2.24,-10.7,-0.351,18.81,19.46,01a59031o0488o
59031.472977,21.251,1.677,12,19,o,0,1.21,318.17044,-42.50001,2915.56,4148.47,2.36,2.25,-14.6,-0.373,18.84,19.49,01a59031o0499o
59033.422043,-22.921,23.909,-2,59,o,0,1.07,318.17044,-42.50001,8681.83,10168.79,2.99,2.7,71.5,-0.426,17.95,18.33,02a59033o0364o
59033.42389,-19.897,1.467,-40,58,o,0,0.83,318.17044,-42.50001,8700.78,10208.14,3.15,2.82,56.6,-0.424,17.89,18.35,02a59033o0368o
59033.427577,19.95,1.091,38,42,o,0,1.51,318.17044,-42.50001,8643.44,10128.26,2.68,2.44,58.4,-0.444,18.11,18.38,02a59033o0376o
59033.434053,18.861,0.504,104,52,o,0,1.11,318.17044,-42.50001,8626.28,10245.58,2.94,2.71,78.1,-0.412,18.09,18.43,02a59033o0390o
59039.557795,24.085,32.2,1,27,o,0,1.27,318.17044,-42.50001,1043.95,10140.15,2.99,2.57,-66.6,-0.396,18.59,19.22,01a59039o0690o
59039.561025,-21.885,5.083,-6,32,o,0,0.94,318.17044,-42.50001,1063.28,10178.53,3.08,2.58,-66.8,-0.426,18.54,19.22,01a59039o0697o
59039.589915,-24.774,76.0,0,34,o,0,1.33,318.17044,-42.50001,1004.41,10099.57,3.34,3.14,-53.1,-0.365,18.39,19.17,01a59039o0758o
59039.618173,-19.717,1.329,-47,63,o,0,1.19,318.17044,-42.50001,986.87,10216.04,4.37,3.71,-57.6,-0.254,17.82,18.53,01a59039o0818o
59043.429075,-22.281,2.455,-4,11,o,0,0.9,318.17044,-42.50001,9205.64,6681.88,2.12,2.07,80.7,-0.404,19.37,20.33,01a59043o0391o
59043.432309,-21.09,0.937,-13,12,o,0,1.59,318.17044,-42.50001,9186.28,6644.4,2.19,2.09,89.0,-0.4,19.34,20.33,01a59043o0398o
59043.438322,-20.877,0.738,-16,12,o,0,1.17,318.17044,-42.50001,9247.84,6719.26,2.33,2.1,82.5,-0.397,19.32,20.27,01a59043o0411o
59043.46364,20.214,0.506,30,15,o,0,1.09,318.17044,-42.50001,9276.04,6598.88,2.31,2.13,6.4,-0.389,19.14,19.94,01a59043o0465o
59047.455195,-21.082,1.051,-13,14,o,0,1.04,318.17044,-42.50001,9220.01,6680.81,2.22,2.18,56.8,-0.397,19.24,20.39,01a59047o0348o
59047.458418,-20.908,0.911,-16,14,o,0,0.93,318.17044,-42.50001,9199.23,6643.07,2.29,2.25,55.3,-0.399,19.25,20.41,01a59047o0355o
59047.478448,21.697,1.982,8,15,o,0,0.83,318.17044,-42.50001,9265.53,6715.18,2.55,2.06,88.5,-0.409,19.29,20.49,01a59047o0393o
59047.482398,-21.519,1.3,-9,12,o,0,1.5,318.17044,-42.50001,9284.53,6598.13,2.34,2.14,80.3,-0.395,19.32,20.46,01a59047o0399o
59051.437752,20.156,0.383,32,12,o,0,1.2,318.17044,-42.50001,5294.04,6946.26,2.17,2.11,-28.9,-0.393,19.37,20.56,01a59051o0431o
59051.441934,24.778,25.0,0,11,o,0,1.01,318.17044,-42.50001,5275.35,6908.6,2.24,2.16,-14.6,-0.421,19.33,20.55,01a59051o0440o
59051.44748,-20.871,0.651,-16,11,o,0,1.19,318.17044,-42.50001,5335.31,6986.87,1.98,1.96,-51.7,-0.399,19.44,20.55,01a59051o0452o
59051.458118,20.669,0.527,20,10,o,0,1.16,318.17044,-42.50001,5356.66,6871.99,2.03,1.96,-83.8,-0.396,19.46,20.5,01a59051o0475o
59053.463412,21.249,0.859,12,10,c,0,1.31,318.17044,-42.50001,877.65,8152.34,2.57,2.1,-58.2,-0.431,19.43,21.3,02a59053o0483c
59053.46524,-21.814,1.63,-7,11,c,0,1.12,318.17044,-42.50001,896.5,8189.82,2.57,2.14,-58.8,-0.426,19.45,21.3,02a59053o0487c
59053.467982,-26.007,77.0,0,11,c,0,1.12,318.17044,-42.50001,838.89,8113.23,2.53,2.1,-57.5,-0.432,19.49,21.31,02a59053o0493c
59053.473013,-21.661,1.418,-8,11,c,0,1.04,318.17044,-42.50001,818.87,8229.54,2.53,2.06,-57.5,-0.438,19.52,21.3,02a59053o0504c
59053.494356,22.255,2.179,5,10,c,0,2.01,318.17044,-42.50001,95.2,2362.32,2.57,2.36,-71.7,-0.417,19.38,21.23,02a59053o0550c
59053.497606,-20.328,0.512,-27,14,c,0,0.88,318.17044,-42.50001,76.63,2323.47,2.6,2.41,-74.9,-0.418,19.34,21.22,02a59053o0557c
59053.532994,-21.363,1.089,-10,11,c,0,1.0,318.17044,-42.50001,139.07,2406.38,2.86,2.46,-65.1,-0.397,19.38,21.27,02a59053o0633c
59053.561499,-21.392,1.359,-10,14,c,0,1.04,318.17044,-42.50001,158.01,2292.82,3.27,2.88,-67.2,-0.381,19.16,21.22,02a59053o0694c
59055.410813,-20.439,0.807,-24,20,o,0,1.25,318.17044,-42.50001,5288.12,6945.07,3.46,3.35,23.9,-0.437,18.84,20.3,01a59055o0376o
59055.415982,-20.139,0.489,-32,16,o,0,0.93,318.17044,-42.50001,5270.62,6907.67,2.83,2.71,11.2,-0.389,19.06,20.33,01a59055o0387o
59055.420133,-21.156,1.171,-12,15,o,0,1.07,318.17044,-42.50001,5331.26,6985.85,3.13,2.99,-2.5,-0.269,18.9,20.35,01a59055o0396o
59055.434926,24.09,23.333,1,20,o,0,1.14,318.17044,-42.50001,5353.55,6871.87,3.67,3.61,13.2,-0.35,18.77,20.25,01a59055o0428o
59059.425563,-20.704,0.836,-19,16,o,0,0.87,318.17044,-42.50001,2031.47,2366.18,2.24,2.16,33.6,-0.397,19.06,19.85,01a59059o0407o
59059.429283,-21.19,0.985,-12,12,o,0,1.21,318.17044,-42.50001,2013.22,2328.32,2.06,2.0,30.2,-0.405,19.15,19.86,01a59059o0415o
59059.432509,-22.455,4.1,-4,16,o,0,1.41,318.17044,-42.50001,2071.07,2408.03,2.57,2.29,-16.0,-0.368,18.99,19.86,01a59059o0422o
59059.44081,21.759,1.803,7,13,o,0,1.53,318.17044,-42.50001,2090.78,2293.08,2.5,2.24,-13.7,-0.356,19.02,19.91,01a59059o0440o
59067.471953,-20.129,1.062,-32,34,o,0,0.79,318.17044,-42.50001,8435.02,2059.85,3.17,2.93,2.6,-0.285,18.21,18.97,01a59067o0380o
59067.477484,-23.509,23.222,-1,33,o,0,0.94,318.17044,-42.50001,8454.97,2098.9,2.74,2.65,6.2,-0.37,18.37,18.95,01a59067o0392o
59067.483958,-19.273,0.446,-71,32,o,0,1.39,318.17044,-42.50001,8393.72,2020.47,3.36,3.09,-82.6,-0.307,18.15,18.91,01a59067o0406o
59067.502937,19.598,0.861,53,45,o,0,1.08,318.17044,-42.50001,8373.7,2136.96,4.36,4.12,77.1,-0.254,17.88,18.85,01a59067o0447o
59071.453049,22.294,3.514,4,15,o,0,1.01,318.17044,-42.50001,8438.45,2059.87,2.5,2.25,-34.3,-0.388,19.2,20.14,01a59071o0425o
59071.487348,-20.996,0.868,-14,13,o,0,1.86,318.17044,-42.50001,8454.86,2100.34,2.27,2.21,-39.3,-0.385,19.12,19.97,01a59071o0498o
59071.490573,22.378,3.941,4,16,o,0,1.16,318.17044,-42.50001,8394.09,2020.71,2.37,2.26,-8.5,-0.379,19.12,19.95,01a59071o0505o
59071.49621,20.49,0.703,23,16,o,0,0.81,318.17044,-42.50001,8374.96,2137.45,2.37,2.22,-70.5,-0.388,19.05,19.94,01a59071o0517o
59075.422249,-21.101,1.011,-13,13,o,0,1.3,318.17044,-42.50001,4779.66,8358.79,2.5,2.33,-66.8,-0.391,19.17,20.4,01a59075o0386o
59075.425015,20.895,0.779,16,12,o,0,1.32,318.17044,-42.50001,4799.02,8396.97,2.34,2.18,-66.1,-0.407,19.25,20.41,01a59075o0392o
59075.430544,-20.438,0.628,-24,15,o,0,1.08,318.17044,-42.50001,4741.44,8319.24,2.58,2.51,-75.1,-0.401,19.14,20.42,01a59075o0404o
59075.442513,20.606,0.832,21,17,o,0,0.81,318.17044,-42.50001,4724.77,8434.4,2.61,2.43,-74.6,-0.379,19.14,20.37,01a59075o0430o
59077.445254,-23.058,4.692,-2,10,c,0,1.17,318.17044,-42.50001,3212.99,6538.52,2.91,2.44,41.5,-0.355,19.44,21.42,02a59077o0467c
59077.448913,21.56,1.196,9,10,c,0,1.2,318.17044,-42.50001,3194.15,6499.88,2.94,2.44,41.7,-0.355,19.45,21.43,02a59077o0475c
59077.45623,-22.422,2.6,-4,10,c,0,1.01,318.17044,-42.50001,3254.16,6579.87,2.61,2.44,52.2,-0.383,19.44,21.4,02a59077o0491c
59077.490479,21.659,1.354,8,11,c,0,1.35,318.17044,-42.50001,3277.56,6465.94,2.63,2.43,52.5,-0.379,19.37,21.27,02a59077o0565c
59079.412159,-24.655,18.2,0,9,o,0,0.92,318.17044,-42.50001,4782.53,8355.04,2.26,2.05,-9.6,-0.373,19.46,20.71,01a59079o0356o
59079.415382,21.982,1.536,6,9,o,0,1.92,318.17044,-42.50001,4802.07,8393.25,2.39,2.07,2.4,-0.358,19.42,20.7,01a59079o0363o
59079.421823,-22.193,3.069,-5,15,o,0,0.72,318.17044,-42.50001,4744.6,8315.47,2.97,2.7,-8.9,-0.328,19.25,20.69,01a59079o0377o
59079.432872,-20.777,0.641,-18,11,o,0,0.79,318.17044,-42.50001,4728.44,8432.41,2.49,2.3,-13.6,-0.362,19.39,20.7,01a59079o0401o
59083.449397,-22.376,2.541,-4,10,o,0,1.31,318.17044,-42.50001,4322.06,1779.94,2.37,2.07,-8.6,-0.402,19.35,20.55,01a59083o0486o
59083.45262,-21.815,1.66,-7,11,o,0,1.35,318.17044,-42.50001,4342.23,1817.92,2.6,2.23,-11.2,-0.395,19.28,20.55,01a59083o0493o
59083.458151,-20.561,0.526,-22,11,o,0,1.58,318.17044,-42.50001,4280.63,1740.75,2.59,2.39,-19.6,-0.403,19.19,20.49,01a59083o0505o
59095.412573,-19.474,0.631,-59,37,o,0,0.75,318.17044,-42.50001,1869.64,6211.95,2.48,2.39,-85.8,-0.398,18.3,18.69,01a59095o0425o
59095.416722,-23.668,25.111,-1,31,o,0,1.46,318.17044,-42.50001,1889.08,6249.86,2.56,2.45,-78.4,-0.389,18.27,18.68,01a59095o0434o
59095.423721,21.323,3.112,11,33,o,0,1.06,318.17044,-42.50001,1829.9,6174.04,2.49,2.41,83.7,-0.408,18.26,18.66,01a59095o0449o
59095.434783,21.259,3.133,11,36,o,0,0.91,318.17044,-42.50001,1811.4,6290.44,2.41,2.35,-72.0,-0.394,18.31,18.62,01a59095o0473o
59097.380473,21.046,1.828,14,25,o,0,1.49,318.17044,-42.50001,7669.5,609.39,2.14,1.92,68.6,-0.437,18.52,19.0,02a59097o0353o
59097.384162,20.208,0.874,30,26,o,0,0.88,318.17044,-42.50001,7651.65,571.26,2.1,1.91,70.2,-0.449,18.47,18.98,02a59097o0361o
59097.391026,19.496,0.404,58,23,o,0,1.7,318.17044,-42.50001,7709.52,650.66,2.09,1.85,-68.2,-0.469,18.55,18.92,02a59097o0376o
59097.401086,19.653,0.571,50,28,o,0,0.86,318.17044,-42.50001,7730.85,533.71,2.04,1.82,-80.3,-0.474,18.59,19.02,02a59097o0398o
59099.351991,-20.871,1.543,-16,25,o,0,0.81,318.17044,-42.50001,9653.43,6258.66,3.38,3.07,-84.3,-0.41,18.8,19.91,01a59099o0296o
59099.354755,-24.273,30.5,-1,22,o,0,0.84,318.17044,-42.50001,9673.17,6297.33,3.05,2.55,-85.3,-0.421,18.93,19.9,01a59099o0302o
59099.361703,20.67,0.901,20,18,o,0,1.09,318.17044,-42.50001,9613.4,6217.81,2.56,2.37,-85.1,-0.418,19.03,19.89,01a59099o0317o
59099.371839,20.954,1.146,15,17,o,0,1.04,318.17044,-42.50001,9595.18,6332.33,2.81,2.37,-83.9,-0.384,18.98,19.87,01a59099o0339o
59103.342926,21.689,1.579,8,12,o,0,0.98,318.17044,-42.50001,9655.15,6256.78,2.46,2.41,-65.0,-0.402,19.46,20.92,01a59103o0287o
59103.346146,21.254,1.094,11,12,o,0,1.13,318.17044,-42.50001,9675.56,6295.65,2.53,2.36,-80.2,-0.4,19.47,20.91,01a59103o0294o
59103.351669,-20.691,0.515,-19,10,o,0,1.23,318.17044,-42.50001,9616.49,6215.95,2.33,2.13,-72.9,-0.398,19.55,20.85,01a59103o0306o
59103.36272,-21.164,0.948,-12,12,o,0,1.03,318.17044,-42.50001,9598.7,6331.19,2.44,2.25,-81.3,-0.412,19.45,20.78,01a59103o0330o
59107.337161,-21.763,1.538,-7,11,o,0,1.19,318.17044,-42.50001,6672.49,8251.18,2.14,1.84,-61.5,-0.422,19.42,20.29,01a59107o0259o
59107.34038,22.109,2.291,5,12,o,0,1.0,318.17044,-42.50001,6692.97,8289.54,2.17,1.92,-65.9,-0.421,19.4,20.28,01a59107o0266o
59107.345908,-20.453,0.598,-24,14,o,0,1.04,318.17044,-42.50001,6635.03,8211.02,2.41,2.18,-38.7,-0.407,19.27,20.33,01a59107o0278o
59107.356514,21.688,1.489,8,11,o,0,1.13,318.17044,-42.50001,6617.1,8326.86,1.98,1.81,-66.2,-0.425,19.51,20.44,01a59107o0301o
59109.337111,20.28,0.345,28,10,c,0,1.24,318.17044,-42.50001,4182.97,8869.59,2.74,2.44,39.0,-0.381,19.5,21.27,02a59109o0280c
59109.340314,20.78,0.632,18,11,c,0,1.3,318.17044,-42.50001,4163.77,8831.01,2.8,2.48,40.0,-0.375,19.43,21.27,02a59109o0287c
59109.346265,21.03,0.791,14,11,c,0,1.04,318.17044,-42.50001,4224.31,8909.5,2.82,2.42,39.9,-0.374,19.4,21.24,02a59109o0300c
59109.356815,-22.374,2.68,-4,11,c,0,1.19,318.17044,-42.50001,4246.3,8793.29,2.63,2.46,43.6,-0.393,19.42,21.28,02a59109o0323c
59111.331934,21.467,1.165,9,11,o,0,1.02,318.17044,-42.50001,6670.33,8248.03,2.19,1.89,-66.0,-0.403,19.44,20.51,01a59111o0272o
59111.335162,-22.044,1.906,-6,10,o,0,0.9,318.17044,-42.50001,6689.81,8286.55,2.21,2.04,-54.9,-0.385,19.42,20.5,01a59111o0279o
59111.341607,-20.793,0.66,-18,12,o,0,0.87,318.17044,-42.50001,6632.97,8208.56,1.93,1.83,-51.3,-0.411,19.55,20.51,01a59111o0293o
59111.35266,-19.601,0.511,-52,27,o,0,1.2,318.17044,-42.50001,6614.53,8324.64,2.11,2.02,-52.1,-0.403,18.85,19.95,01a59111o0317o
59115.346101,19.992,0.371,37,14,o,0,1.43,318.17044,-42.50001,9285.14,3922.47,2.19,1.93,-74.7,-0.432,19.26,19.89,01a59115o0280o
59115.349793,-24.42,24.0,-1,15,o,0,0.93,318.17044,-42.50001,9305.66,3961.63,2.24,1.94,-75.9,-0.438,19.24,19.9,01a59115o0288o
59115.356242,-21.944,2.169,-6,13,o,0,1.6,318.17044,-42.50001,9246.25,3881.78,2.2,2.01,-72.6,-0.417,19.24,19.94,01a59115o0302o
59115.391599,-20.258,0.5,-29,14,o,0,0.91,318.17044,-42.50001,9222.53,4000.99,2.28,2.13,-56.7,-0.433,19.2,20.14,01a59115o0377o
59121.327427,19.503,0.594,57,34,o,0,1.29,318.17044,-42.50001,6770.18,4506.61,2.65,2.04,39.7,-0.413,18.27,18.48,02a59121o0273o
59121.331128,20.45,1.368,24,33,o,0,1.04,318.17044,-42.50001,6751.7,4468.76,2.69,2.04,39.4,-0.413,18.24,18.48,02a59121o0281o
59121.338002,21.184,2.461,12,30,o,0,1.74,318.17044,-42.50001,6808.32,4547.18,2.65,2.05,38.0,-0.41,18.25,18.45,02a59121o0296o
59121.367999,20.498,1.564,23,36,o,0,1.28,318.17044,-42.50001,6826.03,4434.54,2.71,1.99,43.9,-0.41,18.19,18.35,02a59121o0360o
59123.297919,21.622,3.162,8,26,o,0,1.17,318.17044,-42.50001,8747.12,10127.7,1.96,1.88,-71.0,-0.404,18.64,18.68,01a59123o0197o
59123.301615,-21.7,3.962,-8,30,o,0,0.82,318.17044,-42.50001,8766.9,10166.68,2.11,2.02,-45.1,-0.402,18.58,18.67,01a59123o0205o
59123.308071,21.398,3.133,10,31,o,0,0.92,318.17044,-42.50001,8709.49,10086.12,2.02,1.97,-54.9,-0.396,18.6,18.64,01a59123o0219o
59123.320137,-22.535,8.548,-4,30,o,0,1.03,318.17044,-42.50001,8692.83,10202.83,2.26,2.22,-71.8,-0.405,18.47,18.61,01a59123o0245o
59125.301735,-20.272,1.427,-28,40,o,0,1.18,318.17044,-42.50001,9179.31,10490.97,2.64,2.26,-48.3,-0.392,18.52,18.75,02a59125o0187o
59125.303107,-21.503,3.395,-9,31,o,0,1.03,318.17044,-42.50001,3726.03,328.25,2.28,1.85,-58.0,-0.472,18.62,18.89,02a59125o0190o
59127.287073,21.371,1.805,10,18,o,0,0.95,318.17044,-42.50001,8742.83,10127.33,2.52,2.17,-77.7,-0.369,18.98,19.61,01a59127o0196o
59127.29031,-21.902,2.953,-6,19,o,0,1.55,318.17044,-42.50001,8762.64,10166.91,2.81,2.42,-69.7,-0.371,18.85,19.58,01a59127o0203o
59127.295848,-20.74,1.178,-18,22,o,0,0.78,318.17044,-42.50001,8705.15,10086.82,2.42,2.41,-16.2,-0.373,18.89,19.56,01a59127o0215o
59127.305608,-19.73,0.373,-47,17,o,0,1.26,318.17044,-42.50001,8688.46,10203.75,2.44,2.14,-73.7,-0.377,18.92,19.48,01a59127o0236o
59131.301223,20.934,0.642,15,10,o,0,1.23,318.17044,-42.50001,2331.18,1933.61,2.11,1.84,-0.8,-0.388,19.46,20.47,01a59131o0193o
59131.305395,24.823,20.0,0,8,o,0,1.61,318.17044,-42.50001,2351.15,1971.66,2.1,1.82,-3.8,-0.392,19.47,20.46,01a59131o0202o
59131.311869,20.361,0.486,26,13,o,0,1.01,318.17044,-42.50001,2288.87,1895.54,2.31,1.98,2.3,-0.389,19.36,20.47,01a59131o0216o
59131.322935,-22.451,2.745,-4,10,o,0,1.06,318.17044,-42.50001,2270.32,2012.62,1.95,1.81,5.8,-0.409,19.49,20.53,01a59131o0240o
59137.25038,-21.492,1.185,-9,11,c,0,1.22,318.17044,-42.50001,2836.26,4201.75,2.42,2.33,-88.6,-0.412,19.39,20.91,02a59137o0127c
59137.253582,-22.813,4.2,-3,11,c,0,0.87,318.17044,-42.50001,2817.9,4162.31,2.37,2.29,74.1,-0.409,19.42,20.92,02a59137o0134c
59137.259544,-20.764,0.594,-18,11,c,0,1.34,318.17044,-42.50001,2875.77,4241.98,2.5,2.27,45.3,-0.4,19.41,20.93,02a59137o0147c
59137.270096,-20.326,0.451,-27,12,c,0,1.04,318.17044,-42.50001,2895.97,4127.53,2.61,2.29,42.4,-0.39,19.4,20.94,02a59137o0170c
59139.269457,21.004,0.978,14,14,o,0,0.96,318.17044,-42.50001,10448.63,2001.7,2.4,2.08,-15.0,-0.349,19.32,20.13,01a59139o0173o
59139.272682,-21.128,0.888,-13,11,o,0,1.87,318.17044,-42.50001,10468.2,2041.3,2.44,2.16,-17.3,-0.343,19.3,20.14,01a59139o0180o
59139.278214,-21.23,1.202,-12,14,o,0,1.15,318.17044,-42.50001,10406.37,1961.45,2.42,2.08,-15.2,-0.351,19.35,20.13,01a59139o0192o
59139.283737,20.408,0.437,25,11,o,0,1.63,318.17044,-42.50001,317.03,2106.76,2.07,1.93,-8.2,-0.404,19.26,20.14,01a59139o0204o
59139.286966,-21.765,1.84,-7,13,o,0,1.31,318.17044,-42.50001,337.41,2145.12,2.16,1.95,-5.8,-0.41,19.26,20.2,01a59139o0211o
59139.289269,-22.546,3.833,-4,13,o,0,1.41,318.17044,-42.50001,10385.9,2078.44,2.46,2.19,-16.1,-0.347,19.25,20.12,01a59139o0216o
59139.292953,20.155,0.401,32,13,o,0,1.36,318.17044,-42.50001,274.46,2069.74,2.06,1.95,0.3,-0.408,19.29,20.16,01a59139o0224o
59139.303102,-20.6,0.797,-21,17,o,0,1.05,318.17044,-42.50001,256.04,2187.01,2.11,2.04,-1.8,-0.402,19.18,20.08,01a59139o0246o
59141.296313,-18.897,8.342,-100,836,c,0,1.59,318.17044,-42.50001,9565.11,450.06,2.68,2.18,-64.1,-0.402,16.81,18.43,02a59141o0100c
59141.299975,-22.677,20.0,-3,62,c,0,1.35,318.17044,-42.50001,9546.47,410.27,2.77,2.16,-61.9,-0.354,16.67,18.24,02a59141o0108c
59141.316082,-16.779,1.1,-706,776,c,0,0.83,318.17044,-42.50001,9623.84,370.45,3.05,2.36,-56.7,-0.34,16.53,18.16,02a59141o0143c
59143.256397,20.023,0.648,36,23,o,0,0.93,318.17044,-42.50001,10452.03,2001.79,2.46,2.16,-72.2,-0.376,18.89,19.46,01a59143o0148o
59143.259624,20.851,1.75,17,29,o,0,0.98,318.17044,-42.50001,10471.85,2041.11,2.34,2.19,-39.6,-0.364,18.64,19.12,01a59143o0155o
59143.265153,18.815,0.466,108,50,o,0,1.33,318.17044,-42.50001,10410.38,1961.62,2.39,2.17,-58.9,-0.368,17.59,17.95,01a59143o0167o
59143.271144,-18.933,0.846,-97,82,o,0,1.03,318.17044,-42.50001,320.72,2107.39,1.97,1.92,68.9,-0.433,16.98,17.36,01a59143o0180o
59143.274366,21.151,2.4,13,30,o,0,1.35,318.17044,-42.50001,341.67,2145.56,2.06,1.96,68.8,-0.413,18.17,18.8,01a59143o0187o
59143.276666,20.899,1.398,16,22,o,0,1.47,318.17044,-42.50001,10390.17,2077.17,2.65,2.39,-78.8,-0.359,18.66,19.31,01a59143o0192o
59143.279898,20.338,1.514,27,40,o,0,1.38,318.17044,-42.50001,278.79,2069.73,2.19,2.12,24.2,-0.393,18.22,18.77,01a59143o0199o
59143.290485,19.989,0.543,37,20,o,0,2.07,318.17044,-42.50001,259.96,2186.29,2.22,2.12,43.8,-0.382,18.55,19.16,01a59143o0222o
59145.238091,-21.012,1.589,-14,23,o,0,0.91,318.17044,-42.50001,9560.45,440.66,2.15,1.7,-61.5,-0.499,18.99,19.57,02a59145o0111o
59145.242771,-22.648,6.207,-3,20,o,0,1.34,318.17044,-42.50001,9542.28,403.94,2.26,1.77,-60.9,-0.481,18.93,19.56,02a59145o0121o
59145.248267,20.973,1.12,15,17,o,0,1.62,318.17044,-42.50001,9598.36,483.0,1.97,1.66,-71.3,-0.515,18.97,19.58,02a59145o0133o
59145.258327,19.8,0.513,44,22,o,0,0.97,318.17044,-42.50001,9620.83,366.47,2.31,1.73,-60.6,-0.49,18.98,19.58,02a59145o0155o
59151.252953,-20.297,1.094,-28,30,o,0,0.85,318.17044,-42.50001,10479.17,8128.46,2.57,2.41,21.7,-0.363,18.61,18.97,01a59151o0150o
59151.256178,21.561,3.349,9,29,o,0,1.09,318.17044,-42.50001,10499.0,8168.11,2.69,2.38,6.4,-0.351,18.58,19.02,01a59151o0157o
59151.261716,19.924,0.61,39,24,o,0,1.3,318.17044,-42.50001,10439.74,8088.24,2.36,2.27,61.6,-0.382,18.66,18.95,01a59151o0169o
59151.276472,20.919,1.87,16,29,o,0,1.16,318.17044,-42.50001,10420.93,8205.61,2.74,2.37,7.6,-0.373,18.52,18.88,01a59151o0201o
59151.276933,22.195,5.238,5,25,o,0,1.38,318.17044,-42.50001,918.59,8196.96,2.4,2.14,-17.2,-0.396,18.57,18.91,01a59151o0202o
59151.28015,-21.993,5.717,-6,33,o,0,0.72,318.17044,-42.50001,937.93,8234.49,2.48,2.27,-18.6,-0.386,18.54,18.89,01a59151o0209o
59151.287058,-22.445,7.724,-4,30,o,0,1.13,318.17044,-42.50001,879.68,8158.71,2.67,2.22,-13.3,-0.381,18.5,18.85,01a59151o0224o
59151.297647,20.963,2.296,15,34,o,0,0.95,318.17044,-42.50001,861.44,8275.96,2.96,2.36,-14.4,-0.36,18.38,18.81,01a59151o0247o
59155.244084,15.599,1.233,2091,2579,o,0,1.58,318.17044,-42.50001,3331.64,3787.5,2.42,2.11,-2.3,-0.376,13.6,13.44,01a59155o0130o
59155.250104,15.571,4.075,2146,8743,o,0,1.33,318.17044,-42.50001,3271.43,3711.04,2.27,2.06,0.3,-0.397,12.81,12.62,01a59155o0143o
59157.207432,-22.508,4.714,-4,17,o,0,1.05,318.17044,-42.50001,5263.44,6928.26,2.77,1.94,35.8,-0.424,18.98,19.91,02a59157o0053o
59157.212931,-21.745,4.84,-7,35,o,0,1.09,318.17044,-42.50001,5243.73,6891.58,2.81,1.98,38.3,-0.42,18.46,19.4,02a59157o0065o
59157.216599,19.887,0.922,40,37,o,0,0.93,318.17044,-42.50001,5302.14,6969.71,2.78,1.96,37.3,-0.418,18.31,19.25,02a59157o0073o
59157.227585,19.469,1.42,59,84,o,0,1.27,318.17044,-42.50001,5322.89,6855.29,3.11,2.39,40.5,-0.384,17.28,18.37,02a59157o0097o
59159.229816,-16.813,0.646,-683,441,o,0,1.15,318.17044,-42.50001,3309.83,3747.82,2.43,2.15,-4.8,-0.389,15.41,16.52,01a59159o0102o
59159.233062,-15.404,0.627,-2502,1568,o,0,1.26,318.17044,-42.50001,3330.13,3786.45,2.5,2.27,-9.7,-0.381,14.12,15.31,01a59159o0109o
59161.229816,21.051,0.926,14,13,c,0,1.49,318.17044,-42.50001,5263.97,6930.72,2.89,2.39,41.8,-0.373,19.18,20.51,02a59161o0101c
59161.233939,20.979,0.988,15,15,c,0,0.93,318.17044,-42.50001,5244.71,6892.81,2.92,2.42,43.5,-0.37,19.15,20.51,02a59161o0110c
59161.239454,25.037,45.5,0,16,c,0,1.2,318.17044,-42.50001,5304.59,6970.76,2.93,2.42,43.4,-0.37,19.15,20.53,02a59161o0122c
59161.251821,-24.1,17.2,-1,14,c,0,1.0,318.17044,-42.50001,5327.06,6855.6,2.67,2.43,53.3,-0.391,19.19,20.59,02a59161o0149c
59163.234162,22.651,3.718,3,12,o,0,0.95,318.17044,-42.50001,4997.62,10309.36,1.99,1.86,-43.3,-0.394,19.38,20.17,01a59163o0112o
59163.237389,-24.104,13.667,-1,11,o,0,1.65,318.17044,-42.50001,5016.62,10348.2,2.15,1.96,-25.6,-0.386,19.28,20.16,01a59163o0119o
59163.245231,-20.967,0.767,-15,11,o,0,1.0,318.17044,-42.50001,4959.23,10269.73,2.03,1.88,-33.2,-0.402,19.36,20.15,01a59163o0136o
59163.255844,20.624,0.775,20,16,o,0,0.78,318.17044,-42.50001,4941.15,10387.13,2.21,2.06,-37.0,-0.385,19.28,20.14,01a59163o0159o
59169.212027,-23.086,5.357,-2,11,c,0,1.31,318.17044,-42.50001,2024.33,2341.58,2.53,2.37,-88.5,-0.399,19.37,20.93,02a59169o0071c
59169.216156,23.673,8.375,1,10,c,0,1.29,318.17044,-42.50001,2005.72,2302.32,2.55,2.38,83.3,-0.403,19.37,20.93,02a59169o0080c
59169.22259,-22.321,2.5,-4,11,c,0,1.29,318.17044,-42.50001,2064.12,2382.74,2.58,2.34,57.6,-0.395,19.31,20.92,02a59169o0094c
59169.232698,-21.708,1.469,-8,11,c,0,1.22,318.17044,-42.50001,2084.35,2266.98,2.53,2.34,85.9,-0.4,19.34,20.88,02a59169o0116c
59179.196756,20.318,20.902,27,566,o,0,1.52,318.17044,-42.50001,5789.27,6412.32,2.41,2.02,-1.8,-0.356,15.75,16.01,01a59179o0035o
59179.204141,-22.457,8.885,-4,34,o,0,0.68,318.17044,-42.50001,5808.9,6449.85,2.5,2.46,-32.2,-0.362,18.4,18.87,01a59179o0051o
59179.20829,-20.952,1.469,-15,22,o,0,1.12,318.17044,-42.50001,5750.57,6372.37,2.15,2.09,4.2,-0.381,18.71,19.05,01a59179o0060o
59181.197582,21.462,40.294,9,381,o,0,1.06,318.17044,-42.50001,5819.79,2198.61,2.47,2.26,47.5,-0.394,16.76,17.06,02a59181o0016o
59181.201242,0.0,0.0,0,0,o,0,-2.0,318.17044,-42.50001,5751.56,2114.28,2.49,2.29,56.9,-0.406,14.66,14.98,02a59181o0024o
59181.219118,-20.152,2.26,-32,71,o,0,1.19,318.17044,-42.50001,5869.63,2121.54,2.41,2.27,61.3,-0.397,18.28,18.71,02a59181o0063o
59185.19202,-19.438,0.811,-61,49,o,0,1.65,318.17044,-42.50001,5817.99,2199.3,2.13,1.99,56.6,-0.43,17.66,17.63,02a59185o0024o
59185.195235,-19.518,0.502,-57,28,o,0,1.61,318.17044,-42.50001,5794.73,2159.88,2.15,2.06,77.1,-0.419,18.26,18.49,02a59185o0031o
59185.203024,22.037,3.633,6,20,o,0,0.9,318.17044,-42.50001,5850.92,2238.1,2.15,1.99,60.8,-0.425,18.93,19.53,02a59185o0048o
59185.213542,-20.546,0.847,-22,19,o,0,1.74,318.17044,-42.50001,5869.64,2122.93,2.21,2.1,52.0,-0.418,18.7,19.18,02a59185o0071o
59187.198152,-21.38,2.057,-10,21,o,0,1.48,318.17044,-42.50001,2920.2,9961.36,2.3,2.23,-5.4,-0.38,18.75,19.31,01a59187o0008o
59187.201378,21.088,1.342,13,18,o,0,1.01,318.17044,-42.50001,2938.97,9999.19,2.33,2.16,-50.2,-0.391,18.94,19.65,01a59187o0015o
59187.208754,24.348,23.5,1,16,o,0,1.07,318.17044,-42.50001,2883.24,9923.21,2.26,2.12,-37.2,-0.394,19.15,19.85,01a59187o0031o
59187.222638,-22.103,3.684,-5,19,o,0,1.11,318.17044,-42.50001,2867.59,10041.43,2.48,2.38,-42.3,-0.385,18.99,19.77,01a59187o0061o
59191.191478,19.149,1.213,80,96,o,0,0.45,318.17044,-42.50001,2916.08,9965.97,2.09,1.89,-45.3,-0.428,17.58,17.4,01a59191o0022o
59191.194702,20.088,1.194,34,40,o,0,0.99,318.17044,-42.50001,2934.3,10003.13,2.06,1.89,-51.7,-0.425,18.27,18.31,01a59191o0029o
59191.200225,-19.878,0.529,-41,22,o,0,1.03,318.17044,-42.50001,2876.27,9925.14,2.21,1.99,-46.6,-0.4,18.95,19.46,01a59191o0041o
59191.21035,21.968,2.772,6,16,o,0,0.82,318.17044,-42.50001,2857.08,10041.75,2.2,2.01,-48.5,-0.404,19.15,20.08,01a59191o0063o
59347.552521,-21.671,2.455,-8,19,o,0,1.51,318.17044,-42.50001,104.89,2387.04,2.98,2.41,74.3,-0.413,19.1,20.26,01a59347o0317o
59347.555748,21.328,2.089,11,22,o,0,0.96,318.17044,-42.50001,85.76,2347.57,2.99,2.57,76.1,-0.382,19.08,20.26,01a59347o0324o
59347.558973,21.776,3.192,7,23,o,0,1.01,318.17044,-42.50001,143.44,2428.81,3.52,3.12,75.2,-0.389,18.93,20.26,01a59347o0331o
59347.564047,21.124,1.126,13,14,o,0,1.24,318.17044,-42.50001,161.82,2312.88,2.71,2.23,73.2,-0.406,19.26,20.34,01a59347o0342o
59347.598307,-21.238,1.265,-12,15,o,0,1.05,318.17044,-42.50001,9664.79,2394.8,2.8,2.13,-84.4,-0.403,19.35,20.47,01a59347o0415o
59347.604172,-20.815,0.832,-17,14,o,0,1.06,318.17044,-42.50001,9646.57,2354.7,3.1,2.22,-84.6,-0.404,19.27,20.51,01a59347o0427o
59347.611509,22.623,5.579,3,18,o,0,0.89,318.17044,-42.50001,9703.94,2428.94,3.18,2.35,-84.6,-0.391,19.2,20.38,01a59347o0442o
59347.61508,20.884,0.904,16,14,o,0,1.22,318.17044,-42.50001,9724.64,2311.39,2.92,2.33,-84.3,-0.386,19.17,20.2,01a59347o0449o
59347.61695,-20.793,0.974,-18,17,o,0,0.79,318.17044,-42.50001,125.14,2370.93,2.43,2.0,75.2,-0.429,19.21,20.06,01a59347o0453o
59351.581597,20.084,0.466,34,16,o,0,1.21,318.17044,-42.50001,106.21,2390.74,2.7,2.29,71.5,-0.395,19.21,20.38,01a59351o0758o
59351.585742,-20.475,1.037,-23,24,o,0,0.83,318.17044,-42.50001,85.33,2351.33,3.22,2.78,79.3,-0.386,19.08,20.41,01a59351o0767o
59351.592193,-21.693,2.191,-8,17,o,0,1.34,318.17044,-42.50001,9667.23,2398.0,2.83,2.38,-81.4,-0.381,19.14,20.34,01a59351o0781o
59351.59773,19.769,0.346,45,16,o,0,1.05,318.17044,-42.50001,9646.77,2358.49,2.79,2.13,-84.3,-0.397,19.27,20.34,01a59351o0793o
59351.603608,21.072,0.918,14,12,o,0,1.4,318.17044,-42.50001,143.9,2434.41,2.39,2.07,79.9,-0.427,19.3,20.32,01a59351o0805o
59351.614668,-20.581,0.786,-21,17,o,0,1.15,318.17044,-42.50001,9705.63,2432.31,2.74,2.27,-78.0,-0.383,19.1,20.02,01a59351o0829o
59351.615128,21.403,1.474,10,15,o,0,0.88,318.17044,-42.50001,163.27,2320.14,2.45,2.16,79.9,-0.414,19.13,20.05,01a59351o0830o
59351.621577,-22.789,9.391,-3,26,o,0,0.8,318.17044,-42.50001,9725.42,2313.57,2.44,2.1,-76.0,-0.395,18.73,18.92,01a59351o0844o
59357.557675,19.979,0.655,37,24,o,0,1.79,318.17044,-42.50001,5281.75,3612.48,2.58,1.91,36.8,-0.436,18.64,19.23,02a59357o0696o
59357.561338,-20.502,0.933,-23,21,o,0,0.84,318.17044,-42.50001,5300.92,3650.0,2.31,1.88,38.2,-0.446,18.78,19.38,02a59357o0704o
59357.566843,22.709,6.87,3,21,o,0,0.9,318.17044,-42.50001,5242.38,3570.78,2.4,1.83,35.9,-0.453,18.94,19.64,02a59357o0716o
59357.576988,-20.438,0.535,-24,13,o,0,1.66,318.17044,-42.50001,5221.47,3686.22,2.42,1.86,37.3,-0.449,19.16,20.08,02a59357o0738o
59359.546957,19.538,0.794,56,44,o,0,1.2,318.17044,-42.50001,7228.43,6833.02,3.07,2.91,77.8,-0.346,17.88,18.34,01a59359o0683o
59359.549729,-20.318,1.383,-27,38,o,0,1.09,318.17044,-42.50001,7209.8,6794.35,2.62,2.5,-88.9,-0.402,18.03,18.36,01a59359o0689o
59359.557105,20.042,0.88,35,31,o,0,1.27,318.17044,-42.50001,7270.33,6871.07,2.34,2.31,89.5,-0.377,18.22,18.43,01a59359o0705o
59359.574626,-20.496,1.385,-23,32,o,0,1.1,318.17044,-42.50001,7294.39,6753.15,2.44,2.35,-86.3,-0.378,18.28,18.54,01a59359o0743o
59361.548665,16.924,0.304,617,187,o,0,5.42,318.17044,-42.50001,5280.48,3613.42,2.67,2.08,35.0,-0.457,16.96,17.25,02a59361o0670o
59361.551881,-19.173,2.502,-78,194,o,0,1.03,318.17044,-42.50001,5299.78,3651.52,2.53,1.91,35.8,-0.441,16.27,16.44,02a59361o0677o
59361.556648,15.846,0.701,1665,1167,o,0,0.74,318.17044,-42.50001,5241.43,3572.07,2.43,1.98,34.8,-0.494,15.21,15.56,02a59361o0687o
59361.568122,19.636,6.128,51,311,o,0,1.38,318.17044,-42.50001,5220.55,3687.37,2.33,1.96,29.3,-0.401,15.63,15.65,02a59361o0712o
59365.562989,-20.92,4.017,-16,62,o,0,1.08,318.17044,-42.50001,8529.75,8200.77,2.29,2.05,39.5,-0.448,18.43,18.79,02a59365o0704o
59365.564815,-20.352,2.111,-26,55,o,0,1.39,318.17044,-42.50001,8548.89,8239.98,2.29,2.04,38.6,-0.443,18.44,18.8,02a59365o0708o
59365.568029,18.917,0.613,98,60,o,0,1.14,318.17044,-42.50001,8491.22,8159.32,2.26,2.12,49.2,-0.451,18.47,18.82,02a59365o0715o
59365.58206,-20.932,3.033,-15,47,o,0,2.07,318.17044,-42.50001,8471.97,8275.81,2.33,2.04,39.3,-0.444,18.51,18.86,02a59365o0744o
59367.540234,20.625,0.895,20,18,o,0,1.34,318.17044,-42.50001,899.87,10406.18,2.27,1.9,-74.5,-0.465,18.9,19.59,01a59367o0654o
59367.543465,20.851,1.3,17,22,o,0,0.63,318.17044,-42.50001,880.44,10366.59,2.39,2.07,-71.9,-0.452,18.85,19.63,01a59367o0661o
59367.548999,21.852,3.8,7,25,o,0,0.82,318.17044,-42.50001,943.91,10448.72,2.57,2.16,-72.9,-0.439,18.81,19.56,01a59367o0673o
59367.561331,-21.414,2.195,-10,22,o,0,0.84,318.17044,-42.50001,967.3,10330.84,2.54,2.13,-73.4,-0.441,18.86,19.66,01a59367o0699o
59367.57192,24.912,42.667,0,17,o,0,1.08,318.17044,-42.50001,5599.81,256.69,2.53,2.27,-77.4,-0.419,19.05,19.81,01a59367o0722o
59367.575609,20.2,0.449,30,14,o,0,1.55,318.17044,-42.50001,5581.21,217.68,2.36,2.22,-67.0,-0.401,19.12,19.85,01a59367o0730o
59367.593937,20.441,0.649,24,16,o,0,1.1,318.17044,-42.50001,5638.21,294.65,2.31,2.24,-61.2,-0.41,19.16,19.9,01a59367o0769o
59367.604533,-20.236,0.516,-29,15,o,0,1.26,318.17044,-42.50001,5656.51,177.19,2.34,2.22,-75.2,-0.409,19.18,19.87,01a59367o0792o
59371.503103,21.566,1.107,9,10,c,0,1.42,318.17044,-42.50001,3224.38,6547.12,2.76,2.48,-87.5,-0.372,19.38,21.14,01a59371o0576c
59371.507256,-22.572,2.9,-3,10,c,0,1.18,318.17044,-42.50001,3206.3,6509.69,2.9,2.69,-87.0,-0.353,19.36,21.17,01a59371o0585c
59371.522366,21.473,1.082,9,10,c,0,0.91,318.17044,-42.50001,3266.91,6587.91,2.59,2.29,-89.1,-0.378,19.5,21.27,01a59371o0617c
59371.528836,-21.111,0.75,-13,10,c,0,1.41,318.17044,-42.50001,3286.65,6472.19,2.71,2.45,-87.3,-0.379,19.46,21.28,01a59371o0631c
59375.545336,20.399,0.47,25,12,c,0,0.78,318.17044,-42.50001,3232.61,6547.45,2.91,2.89,73.1,-0.341,19.36,21.27,01a59375o0287c
59375.548111,-20.852,0.53,-17,9,c,0,18.17,318.17044,-42.50001,3214.34,6509.29,2.73,2.65,4.7,-0.341,19.46,21.27,01a59375o0293c
59375.558223,23.486,6.545,2,10,c,0,1.17,318.17044,-42.50001,3275.82,6585.23,2.6,2.51,-82.2,-0.372,19.52,21.32,01a59375o0314c
59375.56562,-22.199,1.917,-5,9,c,0,1.19,318.17044,-42.50001,3296.33,6471.33,2.6,2.52,-88.4,-0.366,19.54,21.33,01a59375o0330c
59379.525404,21.8,1.426,7,10,c,0,0.98,318.17044,-42.50001,4762.76,4144.29,2.62,2.37,89.3,-0.362,19.51,21.21,01a59379o0620c
59379.529093,22.958,3.211,2,8,c,0,1.92,318.17044,-42.50001,4745.28,4106.1,2.6,2.35,87.5,-0.363,19.54,21.22,01a59379o0628c
59379.540063,20.979,0.62,15,9,c,0,1.12,318.17044,-42.50001,4803.06,4181.26,2.87,2.57,-86.2,-0.349,19.45,21.25,01a59379o0651c
59379.546512,-22.221,1.944,-5,9,c,0,1.12,318.17044,-42.50001,4823.6,4067.51,2.69,2.41,-87.2,-0.356,19.55,21.28,01a59379o0665c
59383.510749,-22.58,4.786,-3,16,c,0,1.33,318.17044,-42.50001,4743.17,4108.28,2.53,2.36,80.3,-0.364,18.98,20.73,01a59383o0370c
59383.516278,-16.487,0.467,-923,431,c,0,1.2,318.17044,-42.50001,4801.52,4185.59,2.61,2.34,85.2,-0.364,19.28,21.18,01a59383o0382c
59385.529647,20.668,0.673,20,13,o,0,1.09,318.17044,-42.50001,4741.46,8352.71,2.22,1.92,38.1,-0.422,19.4,20.49,02a59385o0533o
59385.532848,-22.263,2.816,-4,13,o,0,1.15,318.17044,-42.50001,4760.79,8390.73,2.26,1.9,37.3,-0.421,19.43,20.5,02a59385o0540o
59385.554892,21.061,0.823,14,11,o,0,1.4,318.17044,-42.50001,4702.99,8310.79,2.3,1.97,37.9,-0.41,19.43,20.58,02a59385o0587o
59385.559924,-20.663,0.593,-20,12,o,0,0.93,318.17044,-42.50001,4683.86,8426.69,2.17,1.88,36.9,-0.419,19.48,20.59,02a59385o0598o
59387.498239,-15.872,0.664,-1626,1080,o,0,0.99,318.17044,-42.50001,7668.6,612.25,2.73,2.43,-85.9,-0.395,14.99,14.83,01a59387o0575o
59387.500081,-14.66,0.783,-4968,3890,o,0,1.09,318.17044,-42.50001,7651.29,574.66,2.72,2.36,-84.9,-0.383,13.59,13.32,01a59387o0579o
59389.477953,-19.705,1.534,-48,73,o,0,0.85,318.17044,-42.50001,4357.28,1779.8,2.35,2.13,38.0,-0.426,17.36,17.11,02a59389o0510o
59389.481157,18.699,0.605,120,73,o,0,1.49,318.17044,-42.50001,4378.81,1817.85,2.23,2.02,40.0,-0.42,17.24,17.13,02a59389o0517o
59389.486201,20.651,2.993,20,60,o,0,1.05,318.17044,-42.50001,4319.03,1740.02,2.19,2.12,-74.8,-0.429,17.6,17.41,02a59389o0528o
59389.491248,22.256,13.962,4,64,o,0,0.73,318.17044,-42.50001,4298.57,1855.64,2.64,2.46,41.6,-0.408,17.58,17.66,02a59389o0539o
59393.563703,-20.435,2.47,-24,60,o,0,0.9,318.17044,-42.50001,6183.55,8775.45,2.54,2.02,42.0,-0.423,18.37,18.72,02a59393o0696o
59393.567819,23.045,23.647,2,52,o,0,1.36,318.17044,-42.50001,6164.13,8737.37,2.49,1.97,43.3,-0.434,18.41,18.71,02a59393o0705o
59393.59536,0.0,19.395,0,63,o,0,0.96,318.17044,-42.50001,6226.45,8819.13,2.55,2.08,43.5,-0.44,18.4,18.64,02a59393o0764o
59393.611692,-21.137,11.075,-13,141,o,0,1.36,318.17044,-42.50001,6247.69,8705.18,2.36,2.01,15.2,-0.466,17.74,17.98,02a59393o0798o
59395.498466,20.905,1.197,16,19,o,0,1.12,318.17044,-42.50001,7754.67,2552.26,2.7,2.22,-85.2,-0.414,18.94,19.55,01a59395o0559o
59395.502621,22.525,5.346,4,19,o,0,1.39,318.17044,-42.50001,7736.13,2515.52,2.58,2.45,-78.7,-0.379,18.91,19.57,01a59395o0568o
59395.50912,-21.221,1.809,-12,21,o,0,0.87,318.17044,-42.50001,7794.41,2591.95,2.49,2.32,-64.1,-0.389,18.95,19.58,01a59395o0582o
59395.519296,19.892,0.506,40,20,o,0,1.07,318.17044,-42.50001,7813.51,2474.37,2.53,2.26,-81.1,-0.408,19.0,19.63,01a59395o0604o
59399.537714,-21.966,2.231,-6,13,o,0,1.01,318.17044,-42.50001,2810.66,8034.33,2.47,2.1,-69.8,-0.412,19.36,20.41,01a59399o0643o
59399.573079,-21.276,1.095,-11,12,o,0,1.16,318.17044,-42.50001,2834.63,8067.8,2.43,2.0,-73.6,-0.404,19.33,20.3,01a59399o0719o
59399.60157,21.317,1.305,11,14,o,0,0.98,318.17044,-42.50001,2780.46,7988.02,2.63,2.23,-70.9,-0.4,19.26,20.37,01a59399o0780o
59399.621366,20.555,2.279,22,50,o,0,1.24,318.17044,-42.50001,2764.89,8102.07,2.85,2.5,-65.1,-0.395,17.91,17.93,01a59399o0822o
59403.450889,26.256,123.0,0,14,o,0,1.04,318.17044,-42.50001,4206.57,8880.1,2.12,2.08,-2.6,-0.406,19.16,20.11,01a59403o0457o
59403.454111,21.379,1.266,10,13,o,0,0.99,318.17044,-42.50001,4186.7,8842.32,2.08,2.06,-58.5,-0.403,19.17,20.14,01a59403o0464o
59403.459644,21.283,1.056,11,12,o,0,1.31,318.17044,-42.50001,4247.86,8920.47,1.97,1.88,-67.2,-0.423,19.31,20.26,01a59403o0476o
59403.469795,21.155,0.702,12,9,o,0,2.2,318.17044,-42.50001,4269.9,8804.98,2.15,1.97,-84.2,-0.415,19.37,20.37,01a59403o0498o
59405.514312,21.741,1.469,7,11,c,0,1.38,318.17044,-42.50001,904.06,4243.69,2.41,2.28,52.6,-0.418,19.4,21.01,02a59405o0487c
59405.517534,-20.786,0.597,-18,10,c,0,1.42,318.17044,-42.50001,885.25,4207.11,2.33,2.26,64.0,-0.425,19.37,20.97,02a59405o0494c
59405.525791,22.863,4.722,3,12,c,0,0.97,318.17044,-42.50001,944.76,4287.1,2.35,2.26,-85.3,-0.431,19.45,21.06,02a59405o0512c
59405.536806,20.873,0.688,16,11,c,0,1.73,318.17044,-42.50001,967.37,4174.09,2.43,2.26,51.5,-0.416,19.06,20.7,02a59405o0536c
59411.455387,-20.413,0.476,-25,12,o,0,1.13,318.17044,-42.50001,6773.55,4510.27,2.42,2.27,-77.5,-0.388,19.34,20.53,01a59411o0470o
59411.45769,22.277,3.069,4,14,o,0,1.05,318.17044,-42.50001,6754.08,4472.09,2.73,2.62,11.1,-0.37,19.24,20.52,01a59411o0475o
59411.460451,22.059,2.829,6,15,o,0,0.69,318.17044,-42.50001,6812.4,4548.1,2.75,2.68,-55.1,-0.357,19.2,20.51,01a59411o0481o
59411.480235,-20.689,0.695,-19,13,o,0,1.37,318.17044,-42.50001,6838.68,4428.64,2.51,2.38,-46.5,-0.366,19.33,20.56,01a59411o0523o
59415.397504,21.131,1.911,13,24,o,0,0.9,318.17044,-42.50001,6771.29,4510.59,2.3,2.22,-20.8,-0.366,18.68,19.02,01a59415o0346o
59415.400727,20.184,0.691,31,21,o,0,1.21,318.17044,-42.50001,6752.34,4472.54,2.34,2.22,-15.3,-0.38,18.71,19.04,01a59415o0353o
59415.406263,21.029,1.743,14,24,o,0,1.12,318.17044,-42.50001,6810.21,4548.1,2.43,2.27,-80.7,-0.381,18.65,19.05,01a59415o0365o
59415.416402,20.625,1.094,20,22,o,0,1.27,318.17044,-42.50001,6829.09,4430.96,2.55,2.22,-83.8,-0.393,18.67,19.13,01a59415o0387o
59423.43028,-20.103,0.8,-33,26,o,0,0.8,318.17044,-42.50001,3720.26,347.52,3.19,2.95,82.4,-0.369,18.72,19.56,01a59423o0119o
59423.433043,-23.29,12.25,-2,22,o,0,1.03,318.17044,-42.50001,3701.53,308.88,2.71,2.43,69.0,-0.411,18.86,19.56,01a59423o0125o
59423.435805,-20.231,0.667,-29,20,o,0,1.05,318.17044,-42.50001,3760.25,387.67,2.38,2.27,67.5,-0.419,18.95,19.56,01a59423o0131o
59423.440875,21.461,2.542,10,24,o,0,0.95,318.17044,-42.50001,3776.82,270.75,2.84,2.65,75.2,-0.383,18.74,19.54,01a59423o0142o
59427.489714,-22.494,3.387,-4,12,o,0,1.23,318.17044,-42.50001,7717.92,6323.1,2.5,2.12,-77.9,-0.41,19.29,20.27,01a59427o0546o
59427.492944,-22.085,2.509,-5,13,o,0,0.74,318.17044,-42.50001,7737.51,6361.75,2.09,2.01,-54.8,-0.411,19.41,20.27,01a59427o0553o
59427.498935,22.695,4.261,3,13,o,0,1.19,318.17044,-42.50001,7678.94,6283.35,2.63,2.27,-73.4,-0.406,19.22,20.27,01a59427o0566o
59427.534448,21.873,2.732,6,18,o,0,0.92,318.17044,-42.50001,7664.68,6398.25,2.86,2.51,-73.2,-0.386,19.0,20.13,01a59427o0642o
59431.389412,-22.064,1.756,-5,10,c,0,1.14,318.17044,-42.50001,2840.74,4216.44,2.57,2.23,79.1,-0.4,19.58,21.26,01a59431o0340c
59431.392636,23.693,7.545,1,9,c,0,1.23,318.17044,-42.50001,2821.82,4178.55,2.39,2.2,74.2,-0.396,19.61,21.28,01a59431o0347c
59431.39816,21.436,0.893,10,9,c,0,1.35,318.17044,-42.50001,2879.76,4257.12,2.51,2.2,80.4,-0.403,19.6,21.29,01a59431o0359c
59431.429677,21.278,0.987,11,11,c,0,1.03,318.17044,-42.50001,7656.8,6413.21,2.73,2.58,-76.4,-0.373,19.51,21.31,01a59431o0427c
59433.400721,21.914,2.341,6,15,o,0,0.88,318.17044,-42.50001,8692.63,10173.84,2.59,2.0,-63.3,-0.437,19.37,20.27,02a59433o0364o
59433.402548,23.651,13.889,1,18,o,0,0.9,318.17044,-42.50001,8712.29,10212.08,2.63,1.95,-65.6,-0.439,19.38,20.27,02a59433o0368o
59433.405292,21.671,1.809,8,14,o,0,1.46,318.17044,-42.50001,8656.02,10130.97,3.09,2.0,-61.2,-0.415,19.31,20.27,02a59433o0374o
59433.433874,21.227,1.179,12,14,o,0,0.85,318.17044,-42.50001,1905.72,292.34,2.16,1.88,-60.5,-0.464,19.23,20.16,02a59433o0436o
59435.464365,21.618,1.362,8,11,c,0,1.14,318.17044,-42.50001,1040.96,10159.89,3.17,2.74,-61.1,-0.383,19.37,21.38,01a59435o0464c
59435.46759,21.05,0.697,14,10,c,0,1.35,318.17044,-42.50001,1061.58,10197.35,2.79,2.39,-67.4,-0.42,19.51,21.37,01a59435o0471c
59435.472838,20.679,0.605,19,12,c,0,1.1,318.17044,-42.50001,1004.13,10119.58,3.16,2.67,-64.9,-0.386,19.46,21.34,01a59435o0482c
59435.508843,22.742,3.842,3,11,c,0,1.14,318.17044,-42.50001,990.37,10234.01,3.01,2.41,-55.9,-0.39,19.47,21.06,01a59435o0559c
59437.401576,22.213,3.361,5,16,o,0,1.12,318.17044,-42.50001,2364.15,1899.74,2.24,1.95,-56.1,-0.451,19.21,20.19,02a59437o0366o
59437.403406,-21.975,2.359,-6,14,o,0,1.2,318.17044,-42.50001,2384.62,1937.88,2.41,2.12,-63.4,-0.432,19.11,20.19,02a59437o0370o
59437.431447,-20.365,0.484,-26,13,o,0,1.36,318.17044,-42.50001,2318.17,1859.86,2.1,2.03,-54.8,-0.446,19.24,20.15,02a59437o0430o
59437.458673,24.192,19.8,1,15,o,0,1.29,318.17044,-42.50001,8238.93,8564.17,2.5,2.31,49.1,-0.42,19.15,20.03,02a59437o0489o
59439.39578,20.206,0.442,30,13,c,0,1.14,318.17044,-42.50001,9552.12,440.96,3.77,3.35,-59.2,-0.336,19.41,21.47,01a59439o0357c
59439.397623,21.427,1.378,10,13,c,0,0.85,318.17044,-42.50001,9533.2,402.36,3.88,3.37,-64.5,-0.342,19.4,21.48,01a59439o0361c
59439.403199,-22.217,2.409,-5,11,c,0,1.15,318.17044,-42.50001,9590.62,478.27,3.53,3.15,-62.8,-0.336,19.44,21.49,01a59439o0373c
59439.427223,20.904,0.864,16,14,c,0,0.95,318.17044,-42.50001,9607.94,356.27,3.92,3.4,-64.6,-0.348,19.33,21.51,01a59439o0424c
59443.359408,20.12,0.658,32,21,o,0,0.91,318.17044,-42.50001,9198.1,6674.82,2.3,2.26,-67.6,-0.434,18.88,19.42,01a59443o0220o
59443.362175,-22.311,4.395,-4,19,o,0,1.46,318.17044,-42.50001,9179.05,6637.08,2.4,1.98,-58.5,-0.473,18.91,19.43,01a59443o0226o
59443.367703,-19.892,0.608,-40,24,o,0,0.84,318.17044,-42.50001,9239.08,6712.54,2.83,2.39,-60.4,-0.45,18.78,19.44,01a59443o0238o
59443.380945,21.727,2.965,7,22,o,0,0.8,318.17044,-42.50001,9261.29,6592.68,2.55,2.13,-62.4,-0.478,18.89,19.49,01a59443o0266o
59443.494753,23.806,12.571,1,14,o,0,1.05,318.17044,-42.50001,1322.73,3933.72,2.81,2.46,-78.9,-0.4,19.08,20.4,01a59443o0480o
59445.31564,-18.737,0.81,-116,94,o,0,0.67,318.17044,-42.50001,10488.79,2068.5,2.94,1.98,-63.7,-0.464,17.95,17.98,02a59445o0170o
59445.318415,21.864,11.581,6,76,o,0,0.86,318.17044,-42.50001,10509.05,2109.3,2.55,2.09,-56.5,-0.449,17.88,18.01,02a59445o0176o
59445.322081,-18.644,0.394,-127,50,o,0,0.83,318.17044,-42.50001,10448.66,2028.65,2.51,1.94,-60.5,-0.491,17.98,18.05,02a59445o0184o
59445.32712,-19.694,0.823,-48,40,o,0,0.88,318.17044,-42.50001,10427.85,2144.19,2.56,1.89,-60.8,-0.467,18.04,18.12,02a59445o0195o
59445.333981,-19.553,0.695,-55,38,o,0,0.59,318.17044,-42.50001,357.45,2067.45,2.31,1.93,-63.3,-0.439,18.14,18.17,02a59445o0210o
59445.335814,21.579,4.038,8,34,o,0,0.7,318.17044,-42.50001,377.43,2105.47,2.09,1.87,-64.8,-0.448,18.12,18.17,02a59445o0214o
59445.338561,-20.409,1.427,-25,36,o,0,1.13,318.17044,-42.50001,315.93,2028.73,2.17,1.87,-65.2,-0.457,18.09,18.16,02a59445o0220o
59445.347122,-20.533,1.486,-22,33,o,0,1.43,318.17044,-42.50001,293.5,2143.5,2.23,2.05,-72.0,-0.457,18.05,18.24,02a59445o0238o
59451.412865,-20.155,0.779,-32,24,o,0,1.34,318.17044,-42.50001,5259.39,3623.63,2.26,2.22,34.8,-0.39,18.48,18.82,01a59451o0414o
59451.417011,-22.097,3.782,-5,20,o,0,1.06,318.17044,-42.50001,5279.61,3660.96,2.09,2.04,25.7,-0.397,18.77,19.03,01a59451o0423o
59451.424383,-20.76,1.063,-18,19,o,0,1.32,318.17044,-42.50001,5220.44,3583.11,2.27,2.23,47.3,-0.372,18.68,19.05,01a59451o0439o
59451.439786,20.558,1.249,22,27,o,0,0.92,318.17044,-42.50001,5200.31,3697.27,2.34,2.29,44.8,-0.372,18.54,18.84,01a59451o0472o
59455.411051,-19.863,0.306,-41,13,o,0,0.81,318.17044,-42.50001,5258.05,3622.42,2.42,2.29,69.8,-0.391,19.23,20.15,01a59455o0417o
59455.414274,20.375,0.538,26,14,o,0,0.75,318.17044,-42.50001,5279.13,3660.79,2.26,2.18,-57.8,-0.395,19.24,20.11,01a59455o0424o
59455.42026,20.114,0.374,33,12,o,0,0.96,318.17044,-42.50001,5220.39,3581.63,2.2,2.16,74.3,-0.389,19.24,20.08,01a59455o0437o
59455.455658,-20.392,0.519,-25,13,o,0,1.27,318.17044,-42.50001,5202.97,3695.86,2.62,2.09,-51.1,-0.391,19.09,19.95,01a59455o0513o
59457.364892,-23.148,4.929,-2,10,c,0,1.97,318.17044,-42.50001,94.75,2354.73,2.46,2.28,-66.0,-0.422,19.5,21.17,02a59457o0314c
59457.368094,-23.491,7.7,-2,11,c,0,1.01,318.17044,-42.50001,76.0,2315.09,2.48,2.3,-66.3,-0.427,19.47,21.17,02a59457o0321c
59457.374953,21.84,1.333,7,9,c,0,1.01,318.17044,-42.50001,135.56,2395.81,2.47,2.32,-65.7,-0.41,19.48,21.17,02a59457o0336c
59457.409315,-22.714,3.4,-3,10,c,0,1.04,318.17044,-42.50001,160.4,2276.83,2.49,2.3,-70.9,-0.419,19.43,21.1,02a59457o0410c
59457.417561,20.695,0.581,19,11,c,0,1.22,318.17044,-42.50001,9664.57,2392.62,2.68,2.44,-67.6,-0.392,19.4,21.12,02a59457o0428c
59457.420761,-22.456,3.458,-4,13,c,0,154.24,318.17044,-42.50001,9646.48,2354.24,2.62,2.35,-67.3,-0.397,19.42,21.12,02a59457o0435c
59457.431772,-21.826,1.732,-7,12,c,0,1.15,318.17044,-42.50001,9704.92,2431.06,2.76,2.29,-60.6,-0.404,19.4,21.01,02a59457o0458c
59457.435817,21.563,1.423,9,12,c,0,1.04,318.17044,-42.50001,9724.81,2314.14,2.76,2.3,-61.6,-0.403,19.34,20.95,02a59457o0466c
59463.370042,-23.042,5.118,-2,11,o,0,1.63,318.17044,-42.50001,8559.43,8183.26,2.56,2.3,-59.1,-0.401,19.39,20.6,01a59463o0139o
59463.373265,-20.843,0.667,-17,11,o,0,1.69,318.17044,-42.50001,8579.45,8222.28,2.59,2.32,-58.6,-0.404,19.38,20.61,01a59463o0146o
59463.379718,-24.635,28.333,0,14,o,0,0.97,318.17044,-42.50001,8521.66,8142.01,2.86,2.64,-66.2,-0.41,19.24,20.61,01a59463o0160o
59463.407241,20.727,0.847,19,16,o,0,0.92,318.17044,-42.50001,8502.85,8255.73,2.8,2.53,-65.0,-0.395,19.26,20.53,01a59463o0219o
59465.360501,21.735,1.628,7,12,c,0,0.94,318.17044,-42.50001,7216.62,6817.04,2.63,2.49,53.5,-0.397,19.41,21.09,02a59465o0315c
59465.363702,-21.465,1.218,-9,12,c,0,1.12,318.17044,-42.50001,7197.62,6780.91,2.64,2.48,58.5,-0.4,19.42,21.07,02a59465o0322c
59465.369188,22.003,2.0,6,12,c,0,1.18,318.17044,-42.50001,7256.16,6857.31,2.85,2.46,44.0,-0.38,19.35,21.05,02a59465o0334c
59465.404419,-21.325,1.049,-11,11,c,0,1.26,318.17044,-42.50001,7281.91,6741.48,2.61,2.5,-76.2,-0.405,19.41,21.1,02a59465o0410c
59467.368557,21.885,2.708,6,17,o,0,1.43,318.17044,-42.50001,8322.73,2008.4,3.23,3.09,-67.3,-0.447,18.85,20.27,01a59467o0173o
59467.371787,-20.698,0.933,-19,18,o,0,1.02,318.17044,-42.50001,8343.94,2046.83,3.15,3.07,-32.7,-0.446,18.83,20.27,01a59467o0180o
59467.377317,-21.491,1.971,-9,18,o,0,1.13,318.17044,-42.50001,8282.21,1968.25,3.35,3.14,-68.3,-0.434,18.86,20.31,01a59467o0192o
59467.409457,23.593,17.8,1,24,o,0,0.7,318.17044,-42.50001,8262.74,2083.48,3.39,3.27,44.2,-0.398,18.85,20.29,01a59467o0261o
59471.360679,-20.43,0.86,-24,21,o,0,1.15,318.17044,-42.50001,8320.1,2010.69,2.8,2.65,-46.9,-0.482,18.76,19.67,01a59471o0347o
59471.363913,-22.714,7.562,-3,23,o,0,0.97,318.17044,-42.50001,8341.25,2048.92,2.76,2.62,-42.0,-0.484,18.77,19.67,01a59471o0354o
59471.370377,21.12,1.615,13,21,o,0,1.2,318.17044,-42.50001,8280.47,1970.24,2.88,2.75,-36.9,-0.459,18.68,19.66,01a59471o0368o
59471.404537,-20.36,0.712,-26,18,o,0,1.39,318.17044,-42.50001,8265.23,2085.22,2.91,2.79,-47.7,-0.464,18.72,19.69,01a59471o0440o
59479.353046,20.165,1.697,31,53,o,0,1.19,318.17044,-42.50001,4762.3,8369.44,2.96,2.73,-39.6,-0.473,18.32,18.93,01a59479o0319o
59479.356276,20.43,2.426,24,59,o,0,1.09,318.17044,-42.50001,4783.3,8407.45,3.03,2.77,-43.5,-0.465,18.31,18.93,01a59479o0326o
59479.362283,-19.785,1.492,-44,66,o,0,0.88,318.17044,-42.50001,4724.47,8330.51,3.08,2.94,-63.3,-0.446,18.21,18.91,01a59479o0339o
59479.37338,20.805,3.372,17,58,o,0,1.12,318.17044,-42.50001,4710.25,8447.02,3.03,2.98,-83.7,-0.43,18.26,18.9,01a59479o0363o
59483.334894,-20.877,1.167,-16,19,o,0,0.99,318.17044,-42.50001,4199.18,1800.58,3.16,2.95,-45.2,-0.426,18.75,19.92,01a59483o0288o
59483.338118,-21.826,3.25,-7,22,o,0,0.93,318.17044,-42.50001,4220.3,1838.27,2.98,2.91,-44.2,-0.436,18.8,19.9,01a59483o0295o
59483.343672,-20.153,0.648,-32,20,o,0,0.94,318.17044,-42.50001,4158.16,1761.05,2.84,2.68,-41.7,-0.469,18.8,19.86,01a59483o0307o
59483.357044,19.756,0.467,46,21,o,0,1.15,318.17044,-42.50001,4141.5,1877.24,3.26,3.01,-45.1,-0.409,18.61,19.72,01a59483o0336o
59487.324554,22.665,5.533,3,17,o,0,1.18,318.17044,-42.50001,4284.08,1813.01,2.96,2.8,-38.3,-0.46,18.93,20.13,01a59487o0110o
59487.327783,21.15,1.526,13,19,o,0,0.9,318.17044,-42.50001,4304.93,1850.71,3.06,2.88,-42.4,-0.454,18.89,20.1,01a59487o0117o
59487.333799,20.969,1.268,15,19,o,0,1.14,318.17044,-42.50001,4238.97,1774.57,2.95,2.87,5.3,-0.441,18.92,20.09,01a59487o0130o
59487.344393,-22.127,3.84,-5,20,o,0,0.75,318.17044,-42.50001,4218.84,1891.03,2.92,2.78,-39.6,-0.46,18.91,20.14,01a59487o0153o
59491.311,-21.325,1.585,-11,17,o,0,1.16,318.17044,-42.50001,1886.05,6280.58,2.78,2.56,-42.3,-0.491,19.03,20.22,01a59491o0229o
59491.314224,-21.229,1.222,-12,14,o,0,1.74,318.17044,-42.50001,1906.61,6317.6,2.76,2.53,-43.0,-0.491,19.1,20.3,01a59491o0236o
59491.32114,-21.853,2.438,-7,16,o,0,1.09,318.17044,-42.50001,1845.91,6241.94,2.91,2.72,-53.9,-0.468,19.06,20.33,01a59491o0251o
59491.331304,-20.169,0.535,-31,17,o,0,1.07,318.17044,-42.50001,1828.51,6357.92,2.81,2.63,-49.7,-0.48,19.1,20.35,01a59491o0273o
59495.303157,-20.07,1.362,-34,46,o,0,1.04,318.17044,-42.50001,1879.29,6278.07,4.47,4.03,-50.4,-0.354,17.94,19.49,01a59495o0243o
59495.305932,-19.842,0.764,-42,32,o,0,0.96,318.17044,-42.50001,1899.44,6315.83,3.92,3.52,-52.1,-0.436,18.26,19.73,01a59495o0249o
59495.311467,-20.884,1.971,-16,32,o,0,1.0,318.17044,-42.50001,1838.89,6240.43,3.96,3.71,-55.1,-0.406,18.33,19.8,01a59495o0261o
59495.321608,23.368,23.333,2,38,o,0,1.08,318.17044,-42.50001,1822.36,6355.87,4.46,3.93,-61.0,-0.345,18.34,19.79,01a59495o0283o
59499.259588,22.764,10.0,3,28,o,0,1.29,318.17044,-42.50001,9709.63,6211.54,3.88,3.38,-68.4,-0.376,18.49,19.68,01a59499o0154o
59499.262812,22.551,9.615,4,33,o,0,1.12,318.17044,-42.50001,9730.59,6250.76,3.43,3.05,-59.6,-0.377,18.44,19.49,01a59499o0161o
59499.268342,-20.985,1.926,-15,28,o,0,1.09,318.17044,-42.50001,9670.03,6172.82,3.49,3.12,-63.8,-0.414,18.61,19.68,01a59499o0173o
59499.279866,-22.128,14.615,-5,75,o,0,1.13,318.17044,-42.50001,9654.54,6289.19,3.35,2.88,-64.3,-0.431,17.67,18.73,01a59499o0198o
59503.263978,20.179,1.649,31,51,o,0,1.09,318.17044,-42.50001,9714.09,6211.13,2.99,2.82,-55.7,-0.456,18.28,18.8,01a59503o0133o
59503.267224,-20.409,2.667,-25,66,o,0,0.78,318.17044,-42.50001,9733.78,6250.46,3.06,2.93,-65.2,-0.456,18.24,18.79,01a59503o0140o
59503.272755,-22.706,18.071,-3,54,o,0,1.25,318.17044,-42.50001,9672.81,6173.09,2.99,2.92,-56.3,-0.439,18.25,18.79,01a59503o0152o
59503.283363,19.079,0.806,85,68,o,0,0.58,318.17044,-42.50001,9654.94,6290.46,2.94,2.87,-71.2,-0.453,18.24,18.78,01a59503o0175o
59505.298556,-20.023,2.347,-36,83,o,0,1.81,318.17044,-42.50001,7760.7,2557.21,2.28,2.01,52.9,-0.398,17.22,17.78,02a59505o0243o
59505.301761,-19.792,1.273,-44,56,o,0,0.99,318.17044,-42.50001,7742.7,2519.21,2.14,2.0,70.8,-0.428,17.62,17.59,02a59505o0250o
59505.307724,19.847,3.82,42,160,o,0,1.38,318.17044,-42.50001,7799.54,2596.35,2.26,2.02,51.5,-0.393,16.73,16.72,02a59505o0263o
59505.318724,-18.79,1.054,-111,117,o,0,1.48,318.17044,-42.50001,7819.12,2481.13,2.27,2.07,55.4,-0.405,16.56,16.81,02a59505o0287o
59511.252125,-21.914,2.516,-6,16,o,0,1.67,318.17044,-42.50001,6752.03,8250.19,2.92,2.71,-52.6,-0.469,19.03,20.15,01a59511o0150o
59511.255352,23.517,14.714,1,21,o,0,1.05,318.17044,-42.50001,6772.27,8289.16,2.97,2.74,-55.0,-0.456,19.0,20.06,01a59511o0157o
59511.26274,20.964,1.513,15,23,o,0,1.2,318.17044,-42.50001,6712.31,8213.44,2.81,2.75,-49.2,-0.463,18.89,19.82,01a59511o0173o
59511.272905,-21.246,2.107,-12,24,o,0,1.41,318.17044,-42.50001,6694.9,8331.65,2.94,2.84,47.1,-0.439,18.75,19.61,01a59511o0195o
59515.241456,-24.864,53.0,0,22,o,0,1.22,318.17044,-42.50001,9302.71,3883.83,2.76,2.7,-17.7,-0.46,18.75,19.66,01a59515o0130o
59515.24514,-20.424,0.91,-25,22,o,0,0.86,318.17044,-42.50001,9322.46,3923.34,2.82,2.75,-2.8,-0.451,18.78,19.72,01a59515o0138o
59515.252093,-20.556,1.061,-22,23,o,0,1.24,318.17044,-42.50001,9259.98,3846.11,2.82,2.76,-18.5,-0.448,18.68,19.61,01a59515o0153o
59515.264999,24.818,49.5,0,21,o,0,1.22,318.17044,-42.50001,9240.79,3964.48,3.0,2.86,-33.6,-0.438,18.8,19.81,01a59515o0181o
59517.275534,20.539,0.53,22,12,c,0,1.29,318.17044,-42.50001,6774.55,4511.68,2.62,2.44,55.1,-0.375,19.27,20.82,02a59517o0029c
59517.278756,-21.601,1.365,-8,11,c,0,1.56,318.17044,-42.50001,6755.61,4471.44,2.59,2.38,63.4,-0.38,19.28,20.82,02a59517o0036c
59517.289457,-23.054,6.231,-2,14,c,0,1.18,318.17044,-42.50001,6810.45,4551.66,2.67,2.39,54.2,-0.375,19.27,20.81,02a59517o0051c
59517.295443,-21.621,1.72,-8,14,c,0,0.83,318.17044,-42.50001,6830.37,4434.65,2.57,2.39,87.7,-0.38,19.26,20.81,02a59517o0064c
59519.230781,20.197,0.592,30,18,o,0,1.3,318.17044,-42.50001,9304.64,3885.53,2.87,2.79,-16.4,-0.453,18.94,20.03,01a59519o0113o
59519.234005,-19.873,0.411,-41,17,o,0,1.46,318.17044,-42.50001,9325.19,3925.19,3.02,2.89,-52.7,-0.436,18.87,20.02,01a59519o0120o
59519.239561,-20.372,0.77,-26,20,o,0,0.96,318.17044,-42.50001,9263.2,3847.4,3.07,2.71,-62.5,-0.468,18.88,20.01,01a59519o0132o
59519.250615,20.042,0.567,35,20,o,0,1.1,318.17044,-42.50001,9244.73,3965.26,3.11,2.83,-60.9,-0.459,18.85,20.02,01a59519o0156o
59523.228838,-19.727,0.38,-47,18,o,0,1.08,318.17044,-42.50001,8858.06,10101.59,3.0,2.83,-54.1,-0.445,19.15,20.4,01a59523o0110o
59523.232077,20.833,1.038,17,18,o,0,0.88,318.17044,-42.50001,8878.09,10141.44,3.05,2.84,-54.2,-0.439,19.11,20.4,01a59523o0117o
59523.239037,23.477,12.714,2,19,o,0,1.01,318.17044,-42.50001,8817.69,10063.3,2.93,2.9,-67.1,-0.435,19.12,20.39,01a59523o0132o
59523.251024,-21.384,1.609,-10,16,o,0,0.93,318.17044,-42.50001,8801.88,10183.95,3.01,2.98,86.1,-0.425,19.08,20.37,01a59523o0158o
59527.205263,-19.514,0.855,-57,49,o,0,0.88,318.17044,-42.50001,8857.46,10101.08,3.47,3.23,-54.2,-0.411,18.05,18.89,01a59527o0057o
59527.208947,19.813,13.857,43,597,o,0,1.45,318.17044,-42.50001,8877.21,10141.17,3.18,3.14,-88.8,-0.415,15.39,15.94,01a59527o0065o
59527.215398,17.677,0.639,308,197,o,0,0.98,318.17044,-42.50001,8816.8,10061.71,3.32,2.99,-57.0,-0.432,15.53,16.21,01a59527o0079o
59527.226462,24.612,48.0,0,25,o,0,0.93,318.17044,-42.50001,8798.5,10181.66,3.47,3.06,-54.5,-0.419,18.72,19.86,01a59527o0103o
59529.205876,-20.768,1.93,-18,34,o,0,1.3,318.17044,-42.50001,9186.29,10483.56,2.78,2.54,-49.6,-0.372,18.6,19.17,02a59529o0059o
59529.213239,-20.518,1.069,-22,24,o,0,1.33,318.17044,-42.50001,9166.92,10444.47,2.86,2.32,-52.1,-0.395,18.7,19.19,02a59529o0075o
59529.216454,-18.86,0.791,-104,82,o,0,1.83,318.17044,-42.50001,9229.9,10523.17,2.84,2.36,-53.6,-0.392,18.66,19.19,02a59529o0082o
59529.217825,20.611,1.267,21,26,o,0,0.82,318.17044,-42.50001,3732.73,323.87,2.11,1.86,-66.1,-0.455,18.7,19.1,02a59529o0085o
59529.221977,-20.099,0.874,-33,29,o,0,0.72,318.17044,-42.50001,3714.4,284.41,2.39,1.92,-57.7,-0.452,18.68,19.1,02a59529o0094o
59529.22931,21.241,2.009,12,23,o,0,1.0,318.17044,-42.50001,3771.15,366.87,2.13,1.82,-61.1,-0.465,18.71,19.09,02a59529o0110o
59529.229768,-20.713,1.525,-19,29,o,0,0.97,318.17044,-42.50001,9251.15,10408.92,2.7,2.23,-54.7,-0.404,18.74,19.18,02a59529o0111o
59529.239403,20.808,1.358,17,23,o,0,1.31,318.17044,-42.50001,3792.85,252.62,2.45,1.9,-55.8,-0.471,18.66,19.08,02a59529o0132o
59531.212912,19.938,1.008,38,39,o,0,1.11,318.17044,-42.50001,2310.98,2002.64,3.3,3.27,-3.3,-0.42,17.89,18.58,01a59531o0032o
59531.217995,-19.688,0.741,-48,36,o,0,1.03,318.17044,-42.50001,2331.16,2040.69,2.86,2.8,31.9,-0.464,18.14,18.7,01a59531o0043o
59531.228167,-19.49,0.66,-58,38,o,0,1.21,318.17044,-42.50001,2267.64,1965.06,3.21,3.18,-3.3,-0.432,17.93,18.66,01a59531o0065o
59531.230959,19.982,1.165,37,43,o,0,1.1,318.17044,-42.50001,2251.57,2083.23,3.43,3.34,-38.9,-0.418,17.86,18.62,01a59531o0071o
59535.221069,-20.094,1.437,-33,48,o,0,1.21,318.17044,-42.50001,2306.97,2001.18,2.92,2.83,22.1,-0.468,18.02,18.35,01a59535o0004o
59535.224295,-19.17,0.529,-78,41,o,0,1.52,318.17044,-42.50001,2327.66,2039.59,2.68,2.6,-48.4,-0.504,17.96,18.19,01a59535o0011o
59535.228445,20.781,2.294,18,41,o,0,1.18,318.17044,-42.50001,2263.73,1964.81,2.7,2.64,32.2,-0.497,18.0,18.32,01a59535o0020o
59535.238122,21.11,4.021,13,52,o,0,1.32,318.17044,-42.50001,2247.39,2081.54,2.96,2.91,38.6,-0.456,17.72,18.08,01a59535o0041o
59537.191618,-21.558,5.016,-9,43,o,0,1.49,318.17044,-42.50001,2845.55,4196.64,2.39,2.1,45.5,-0.426,17.81,17.93,02a59537o0029o
59537.194821,19.082,0.352,85,30,o,0,1.51,318.17044,-42.50001,2828.09,4158.47,2.33,1.99,43.1,-0.431,18.11,18.24,02a59537o0036o
59537.202145,-19.677,0.771,-49,38,o,0,0.88,318.17044,-42.50001,2888.33,4236.46,2.2,2.04,56.1,-0.44,18.21,18.39,02a59537o0052o
59537.212242,19.241,0.494,73,36,o,0,1.12,318.17044,-42.50001,2907.28,4122.57,2.1,1.95,61.8,-0.445,18.24,18.35,02a59537o0074o
59541.204715,21.875,2.965,6,19,o,0,0.88,318.17044,-42.50001,9564.01,442.59,2.29,1.71,-61.6,-0.499,19.21,20.11,02a59541o0063o
59541.208387,19.942,0.544,38,21,o,0,1.11,318.17044,-42.50001,9545.22,404.34,2.49,1.73,-59.5,-0.498,19.2,20.16,02a59541o0071o
59541.21393,20.176,0.558,31,17,o,0,1.05,318.17044,-42.50001,9601.01,481.06,2.4,1.73,-61.3,-0.493,19.22,20.19,02a59541o0083o
59541.224049,22.437,4.9,4,19,o,0,1.2,318.17044,-42.50001,9621.5,366.87,2.46,1.79,-59.9,-0.496,19.14,20.15,02a59541o0105o
59545.198842,-20.655,1.261,-20,25,o,0,1.0,318.17044,-42.50001,9568.24,442.29,2.44,1.71,-61.8,-0.5,18.77,19.4,02a59545o0049o
59545.204349,-21.716,3.048,-8,23,o,0,0.8,318.17044,-42.50001,9549.33,403.65,2.38,1.76,-62.4,-0.492,18.99,19.76,02a59545o0061o
59545.20757,19.933,0.514,39,20,o,0,1.49,318.17044,-42.50001,9605.59,480.86,2.42,1.73,-60.1,-0.503,19.02,19.82,02a59545o0068o
59545.217701,-20.122,0.617,-32,20,o,0,1.11,318.17044,-42.50001,9626.09,366.3,2.23,1.6,-62.8,-0.524,19.07,19.81,02a59545o0090o
59547.197833,19.647,1.099,50,55,o,0,1.08,318.17044,-42.50001,1226.12,8271.35,4.45,3.63,-38.2,-0.312,18.23,19.17,01a59547o0048o
59547.201522,21.036,2.806,14,39,o,0,1.09,318.17044,-42.50001,1247.97,8309.37,4.7,3.86,-40.0,-0.274,18.25,19.48,01a59547o0056o
59547.207982,-19.487,0.601,-58,35,o,0,0.9,318.17044,-42.50001,1192.88,8236.42,4.36,3.57,-38.5,-0.334,18.48,19.7,01a59547o0070o
59547.21906,19.497,0.548,58,32,o,0,1.2,318.17044,-42.50001,1180.8,8354.95,4.91,4.06,-39.7,-0.266,18.42,19.71,01a59547o0094o
59551.190912,-18.853,3.079,-104,322,o,0,0.86,318.17044,-42.50001,10521.31,8075.67,3.56,3.14,-65.9,-0.346,16.98,17.23,01a59551o0002o
59551.193676,-22.386,30.0,-4,121,o,0,0.95,318.17044,-42.50001,957.1,8290.4,2.94,2.65,-47.5,-0.441,17.96,18.39,01a59551o0008o
59551.1969,-20.803,2.57,-17,44,o,0,1.16,318.17044,-42.50001,980.3,8328.74,3.02,2.66,-46.5,-0.435,18.48,19.24,01a59551o0015o
59551.199666,20.62,1.511,20,31,o,0,1.0,318.17044,-42.50001,10490.76,8039.82,3.26,3.02,-68.1,-0.356,18.58,19.44,01a59551o0021o
59551.204742,-19.703,0.44,-48,21,o,0,1.2,318.17044,-42.50001,926.78,8254.06,3.0,2.66,-43.1,-0.436,18.87,19.93,01a59551o0032o
59551.209812,21.811,3.414,7,23,o,0,1.19,318.17044,-42.50001,10480.37,8159.57,3.2,3.08,-77.7,-0.343,18.77,19.83,01a59551o0043o
59551.219044,21.142,1.574,13,20,o,0,1.24,318.17044,-42.50001,918.38,8372.47,3.22,2.84,-45.6,-0.425,18.86,19.99,01a59551o0063o
59658.380939,-22.129,5.171,-5,26,o,0,0.9,318.17044,-42.50001,1882.42,404.78,2.31,1.71,46.2,-0.43,18.61,19.17,04a59658o0679o
59658.384993,20.975,1.685,15,25,o,0,1.51,318.17044,-42.50001,1861.75,364.89,2.43,1.74,42.4,-0.437,18.59,19.2,04a59658o0688o
59658.398516,19.705,0.467,48,22,o,0,1.05,318.17044,-42.50001,1917.94,445.38,2.23,1.72,42.2,-0.447,18.67,19.21,04a59658o0717o
59658.409448,20.693,2.228,19,43,o,0,1.18,318.17044,-42.50001,1933.47,327.44,2.36,1.76,44.6,-0.457,18.04,18.16,04a59658o0741o
59661.381546,-20.317,0.76,-27,21,o,0,1.43,318.17044,-42.50001,1880.31,405.34,2.6,1.94,44.3,-0.399,18.77,19.63,04a59661o0829o
59661.384263,-20.626,1.353,-20,28,o,0,0.53,318.17044,-42.50001,1860.88,366.31,2.55,1.93,43.7,-0.422,18.83,19.64,04a59661o0835o
59661.389461,20.758,1.057,18,19,o,0,1.32,318.17044,-42.50001,1918.56,445.22,2.54,1.92,44.5,-0.409,18.83,19.69,04a59661o0846o
59661.401549,-21.411,2.25,-10,22,o,0,0.87,318.17044,-42.50001,1932.43,328.01,2.67,1.99,45.4,-0.398,18.88,19.71,04a59661o0868o
59666.135322,20.875,0.843,16,14,o,0,1.2,318.17044,-42.50001,966.05,4162.72,2.29,2.11,-42.1,-0.434,19.17,20.0,03a59666o0828o
59666.138085,20.657,0.772,20,15,o,0,1.09,318.17044,-42.50001,947.65,4122.84,2.23,2.1,-47.6,-0.445,19.15,20.01,03a59666o0834o
59666.151511,-21.423,1.597,-10,16,o,0,1.97,318.17044,-42.50001,1003.88,4201.39,2.3,2.15,-37.4,-0.416,19.01,19.71,03a59666o0862o
59666.157641,20.306,1.095,27,30,o,0,1.21,318.17044,-42.50001,1024.4,4087.35,2.37,2.24,-46.9,-0.426,18.42,18.62,03a59666o0875o
59667.134926,-20.71,0.761,-19,14,c,0,1.1,318.17044,-42.50001,960.87,4165.15,3.07,2.73,-10.1,-0.375,19.13,20.75,03a59667o0546c
59667.142406,-20.231,0.708,-29,21,c,0,1.1,318.17044,-42.50001,944.96,4121.9,3.31,2.97,-10.0,-0.373,18.76,20.44,03a59667o0562c
59667.152035,-20.069,0.563,-34,19,c,0,1.04,318.17044,-42.50001,1001.05,4201.99,2.71,2.41,-14.7,-0.387,18.82,20.14,03a59667o0583c
59667.156641,21.25,5.043,12,58,c,0,0.96,318.17044,-42.50001,1020.76,4087.99,2.89,2.57,-10.1,-0.358,18.16,19.24,03a59667o0593c
59676.298052,23.245,11.5,2,21,o,0,0.85,318.17044,-42.50001,10289.12,8469.01,2.54,2.19,2.7,-0.4,19.03,20.27,04a59676o0720o
59676.306754,21.031,1.262,14,18,o,0,1.4,318.17044,-42.50001,10263.76,8433.22,2.46,2.07,1.2,-0.464,19.09,20.25,04a59676o0739o
59676.316768,21.806,2.405,7,16,o,0,1.41,318.17044,-42.50001,10320.31,8509.4,2.67,2.14,12.7,-0.418,19.1,20.3,04a59676o0761o
59676.322684,23.237,8.273,2,15,o,0,1.29,318.17044,-42.50001,10335.38,8391.57,2.41,2.05,8.4,-0.452,19.18,20.38,04a59676o0774o
59682.139472,21.16,1.102,12,14,o,0,0.92,318.17044,-42.50001,1243.85,6496.4,2.23,2.03,-28.9,-0.443,19.39,20.43,03a59682o0897o
59682.151551,21.627,1.806,8,15,o,0,0.87,318.17044,-42.50001,1222.67,6456.17,2.2,2.02,-32.8,-0.443,19.37,20.35,03a59682o0923o
59682.154328,21.132,1.046,13,13,o,0,1.16,318.17044,-42.50001,1279.13,6536.69,2.27,2.03,-28.0,-0.447,19.31,20.33,03a59682o0929o
59682.162999,20.061,0.497,34,17,o,0,0.94,318.17044,-42.50001,1299.54,6421.66,2.18,2.01,-27.9,-0.457,19.18,19.97,03a59682o0947o
59688.084057,-19.615,0.388,-52,20,o,0,1.31,318.17044,-42.50001,1967.53,335.75,2.25,2.05,-50.2,-0.433,18.85,19.19,03a59688o0791o
59688.090942,20.134,0.647,32,21,o,0,1.16,318.17044,-42.50001,1950.46,294.59,2.23,2.03,-53.5,-0.425,18.87,19.21,03a59688o0806o
59688.094642,-21.703,2.014,-8,15,o,0,2.41,318.17044,-42.50001,2005.87,375.37,2.23,2.01,-54.3,-0.427,18.88,19.23,03a59688o0814o
59688.112589,20.287,0.79,28,22,o,0,1.24,318.17044,-42.50001,2028.02,257.18,2.18,2.0,-49.9,-0.441,18.89,19.27,03a59688o0853o
59690.003717,20.515,1.396,23,32,o,0,1.48,318.17044,-42.50001,1958.47,338.39,2.59,2.43,-36.4,-0.393,18.33,18.66,03a59690o0535o
59690.010083,20.192,1.246,30,38,o,0,1.01,318.17044,-42.50001,1931.76,308.53,2.67,2.52,-51.2,-0.39,18.38,18.75,03a59690o0546o
59690.023578,-20.151,0.941,-32,30,o,0,1.1,318.17044,-42.50001,1990.3,387.01,2.71,2.57,-63.8,-0.372,18.45,18.88,03a59690o0570o
59690.027096,-19.573,0.555,-54,30,o,0,1.07,318.17044,-42.50001,2011.02,269.82,2.7,2.55,-41.5,-0.382,18.44,18.87,03a59690o0576o
59700.239993,-23.892,16.0,-1,16,o,0,1.01,318.17044,-42.50001,5642.53,255.97,2.19,2.13,46.2,-0.387,18.94,20.02,04a59700o0588o
59700.24494,20.998,1.0,14,14,o,0,1.25,318.17044,-42.50001,5623.43,220.09,2.23,2.16,84.8,-0.388,18.94,20.08,04a59700o0597o
59700.249438,0.0,21.023,0,14,o,0,1.44,318.17044,-42.50001,5677.56,297.97,2.18,2.13,-87.5,-0.395,18.94,20.12,04a59700o0605o
59700.260506,21.519,1.5,9,13,o,0,1.44,318.17044,-42.50001,5691.05,180.56,2.1,2.07,54.8,-0.412,19.01,20.14,04a59700o0626o
59702.13411,20.41,0.827,25,21,o,0,0.94,318.17044,-42.50001,8068.92,8713.77,2.47,2.24,-56.4,-0.408,18.79,19.76,03a59702o0884o
59702.140956,-22.734,5.833,-3,17,o,0,1.14,318.17044,-42.50001,8048.47,8674.56,2.41,2.2,-61.6,-0.405,18.96,19.97,03a59702o0897o
59702.152826,-20.747,4.182,-18,76,o,0,0.71,318.17044,-42.50001,8100.64,8755.3,2.44,2.13,-53.4,-0.408,17.6,18.47,03a59702o0922o
59702.160186,-19.067,0.805,-86,69,o,0,0.83,318.17044,-42.50001,8123.89,8634.04,2.38,2.07,-57.3,-0.41,17.6,18.35,03a59702o0937o
59714.264781,-21.26,2.045,-11,23,o,0,1.15,318.17044,-42.50001,4806.71,4153.66,1.87,1.75,-79.2,-0.436,18.58,18.93,04a59714o0679o
59714.275229,-21.702,2.759,-8,21,o,0,1.04,318.17044,-42.50001,4787.2,4115.74,1.82,1.72,-74.9,-0.439,18.62,18.96,04a59714o0702o
59714.282944,21.38,2.4,10,24,o,0,0.94,318.17044,-42.50001,4844.54,4193.61,1.76,1.64,-69.2,-0.444,18.66,19.03,04a59714o0719o
59714.285655,21.115,1.534,13,20,o,0,0.71,318.17044,-42.50001,4863.52,4077.87,1.74,1.65,-62.1,-0.444,18.67,19.03,04a59714o0725o
59716.329774,20.123,0.521,32,17,o,0,1.49,318.17044,-42.50001,4826.94,4163.52,1.85,1.73,-70.6,-0.453,18.72,19.08,04a59716o0773o
59716.332342,19.748,0.425,46,20,o,0,1.0,318.17044,-42.50001,4806.78,4124.74,1.83,1.68,-70.5,-0.436,18.74,19.13,04a59716o0778o
59716.336166,22.115,3.964,5,20,o,0,1.06,318.17044,-42.50001,4866.76,4202.93,1.82,1.71,-59.9,-0.454,18.72,19.14,04a59716o0785o
59716.343592,22.664,5.471,3,17,o,0,0.69,318.17044,-42.50001,4890.33,4085.71,1.82,1.69,-63.5,-0.441,18.75,19.17,04a59716o0800o
59729.902113,23.356,11.429,2,19,o,0,0.91,318.17044,-42.50001,5667.78,297.39,3.23,2.9,-25.9,-0.358,18.86,20.37,03a59730o0450o
59729.908679,20.991,1.047,15,15,o,0,1.04,318.17044,-42.50001,5652.0,256.12,3.24,2.84,-26.5,-0.352,18.95,20.42,03a59730o0462o
59729.914617,21.191,1.44,12,18,o,0,1.08,318.17044,-42.50001,5703.31,341.21,3.31,2.94,-15.4,-0.37,18.94,20.47,03a59730o0472o
59729.931015,21.2,1.083,12,13,o,0,1.54,318.17044,-42.50001,5729.08,223.17,2.95,2.74,-26.8,-0.372,19.09,20.51,03a59730o0502o
59738.079851,21.464,1.027,9,10,o,0,1.32,318.17044,-42.50001,3150.19,6503.21,2.21,2.18,-4.7,-0.461,19.65,21.18,03a59738o0785o
59738.083333,21.447,0.908,10,9,o,0,1.31,318.17044,-42.50001,3129.76,6465.76,2.21,2.19,-90.0,-0.459,19.63,21.17,03a59738o0791o
59738.0864,21.154,0.812,12,10,o,0,1.59,318.17044,-42.50001,3185.94,6544.95,2.25,2.22,36.5,-0.463,19.62,21.15,03a59738o0797o
59738.091808,22.256,2.171,4,10,o,0,1.17,318.17044,-42.50001,3206.21,6430.88,2.24,2.21,12.0,-0.466,19.61,21.11,03a59738o0807o
59740.238457,20.154,0.674,32,21,o,0,0.98,318.17044,-42.50001,4268.52,8899.97,2.51,1.83,-81.1,-0.398,18.86,19.62,04a59740o0212o
59740.241174,-21.035,1.524,-14,21,o,0,0.81,318.17044,-42.50001,4249.75,8861.18,2.53,1.83,-83.2,-0.392,18.98,19.75,04a59740o0218o
59740.246168,20.098,0.469,33,16,o,0,1.12,318.17044,-42.50001,4313.92,8937.84,2.52,1.86,-80.0,-0.397,19.19,20.04,04a59740o0228o
59740.269725,21.562,1.914,9,16,o,0,0.95,318.17044,-42.50001,4340.98,8824.95,2.44,1.79,-82.4,-0.404,19.16,20.06,04a59740o0279o
59744.324036,19.239,2.92,73,214,o,0,0.87,318.17044,-42.50001,4337.54,8914.95,2.69,2.1,-79.0,-0.392,16.32,15.8,04a59744o0770o
59749.341757,21.624,2.32,8,19,o,0,0.72,318.17044,-42.50001,3877.51,6108.86,1.94,1.66,-81.1,-0.409,18.99,19.59,04a59749o0706o
59749.344499,20.618,0.642,21,13,o,0,1.47,318.17044,-42.50001,3896.67,6144.42,1.98,1.66,-80.7,-0.401,19.02,19.55,04a59749o0712o
59749.350177,20.714,0.783,19,15,o,0,1.3,318.17044,-42.50001,3838.06,6061.96,1.98,1.66,-82.0,-0.399,18.99,19.55,04a59749o0723o
59755.119292,21.635,0.919,8,7,c,0,1.22,318.17044,-42.50001,9244.76,4059.4,2.41,2.39,-66.7,-0.404,19.83,21.8,03a59755o0103c
59755.123393,20.891,0.464,16,7,c,0,1.36,318.17044,-42.50001,9262.12,4098.95,2.39,2.37,72.4,-0.407,19.81,21.78,03a59755o0111c
59755.128503,22.105,1.486,5,8,c,0,1.24,318.17044,-42.50001,9205.16,4017.61,2.52,2.46,41.1,-0.414,19.74,21.7,03a59755o0122c
59755.13854,20.8,0.485,17,8,c,0,1.03,318.17044,-42.50001,9180.97,4132.48,2.44,2.42,48.3,-0.407,19.75,21.69,03a59755o0144c
59755.271827,20.879,2.081,16,34,c,0,1.05,318.17044,-42.50001,1938.24,430.95,3.12,2.14,47.0,-0.349,18.33,20.04,04a59755o0537c
59755.275856,20.263,0.726,28,21,c,0,1.71,318.17044,-42.50001,1926.4,387.1,3.1,2.14,44.6,-0.348,18.45,20.2,04a59755o0544c
59755.281905,-19.729,0.968,-47,45,c,0,0.99,318.17044,-42.50001,1989.32,471.61,3.24,2.39,47.4,-0.346,17.9,19.62,04a59755o0556c
59755.301873,21.338,1.941,11,20,c,0,1.01,318.17044,-42.50001,2027.61,349.64,3.2,2.1,47.5,-0.35,18.8,20.53,04a59755o0594c
59756.271597,-22.119,2.238,-5,12,c,0,1.46,318.17044,-42.50001,205.2,8548.96,3.26,2.59,80.0,-0.32,19.33,21.39,04a59756o0541c
59756.273849,-20.394,0.734,-25,18,c,0,1.18,318.17044,-42.50001,187.56,8509.07,3.49,2.91,74.1,-0.286,18.89,20.97,04a59756o0546c
59756.278164,-19.933,0.544,-39,21,c,0,1.41,318.17044,-42.50001,253.0,8589.18,3.45,2.84,81.7,-0.307,18.5,20.53,04a59756o0554c
59756.279975,23.942,15.667,1,15,c,0,0.92,318.17044,-42.50001,10318.62,8516.27,3.36,3.0,-13.9,-0.309,19.28,21.45,04a59756o0558c
59756.283129,20.217,0.466,30,14,c,0,1.12,318.17044,-42.50001,10301.21,8478.5,3.35,2.94,-9.7,-0.309,19.26,21.4,04a59756o0565c
59756.29323,-20.42,0.724,-25,18,c,0,1.24,318.17044,-42.50001,10371.18,8550.15,3.32,3.05,-20.0,-0.311,18.86,20.93,04a59756o0585c
59756.29368,-21.151,1.265,-13,16,c,0,1.4,318.17044,-42.50001,288.43,8468.36,3.44,2.86,85.5,-0.304,18.92,20.97,04a59756o0586c
59756.301071,22.704,7.0,3,21,c,0,1.14,318.17044,-42.50001,10399.99,8434.18,3.18,2.85,-13.0,-0.331,18.71,20.76,04a59756o0598c
59757.083581,21.231,0.63,12,7,c,0,1.33,318.17044,-42.50001,10288.66,8280.97,2.43,2.28,-88.4,-0.41,19.85,21.93,03a59757o0856c
59757.101354,22.351,1.636,4,7,c,0,1.78,318.17044,-42.50001,10302.87,8324.95,2.44,2.23,-85.1,-0.419,19.81,21.91,03a59757o0893c
59757.106537,21.693,1.049,8,8,c,0,1.15,318.17044,-42.50001,10246.38,8241.54,2.46,2.22,-80.9,-0.411,19.84,21.9,03a59757o0904c
59757.110643,20.617,0.366,21,8,c,0,0.81,318.17044,-42.50001,10225.75,8356.54,2.47,2.25,-82.5,-0.411,19.8,21.89,03a59757o0913c
59757.11618,21.087,0.455,13,6,c,0,2.06,318.17044,-42.50001,777.92,8023.49,2.43,2.41,-85.1,-0.396,19.81,21.92,03a59757o0925c
59757.118911,20.279,0.281,28,8,c,0,0.95,318.17044,-42.50001,795.12,8061.91,2.52,2.48,76.4,-0.397,19.77,21.92,03a59757o0931c
59757.153922,21.406,0.829,10,8,c,0,1.21,318.17044,-42.50001,737.81,7992.09,2.42,2.37,-70.7,-0.4,19.84,21.89,03a59757o1006c
59757.183614,-22.811,3.474,-3,10,c,0,1.14,318.17044,-42.50001,718.82,8110.48,2.53,2.46,-61.6,-0.389,19.56,21.24,03a59757o1065c
59758.077454,-22.156,1.862,-5,9,c,0,1.17,318.17044,-42.50001,9712.2,285.31,2.87,2.52,-33.1,-0.44,19.8,21.81,03a59758o0848c
59758.080187,21.202,0.789,12,10,c,0,0.97,318.17044,-42.50001,9730.96,325.85,2.83,2.5,-29.3,-0.447,19.83,21.8,03a59758o0854c
59758.08436,20.655,0.42,20,8,c,0,0.82,318.17044,-42.50001,4771.5,10259.22,2.53,2.31,65.1,-0.408,19.78,21.75,03a59758o0863c
59758.085271,20.959,0.578,15,9,c,0,1.35,318.17044,-42.50001,9671.37,244.92,2.79,2.5,-22.6,-0.452,19.78,21.77,03a59758o0865c
59758.087547,21.121,0.58,13,8,c,0,1.09,318.17044,-42.50001,4788.1,10298.89,2.53,2.26,65.5,-0.405,19.77,21.76,03a59758o0870c
59758.115146,-25.115,30.0,0,10,c,0,1.07,318.17044,-42.50001,9644.1,365.72,2.78,2.46,-35.7,-0.444,19.77,21.74,03a59758o0928c
59758.11749,21.284,0.779,11,9,c,0,1.17,318.17044,-42.50001,4730.39,10224.21,2.66,2.41,73.2,-0.396,19.71,21.74,03a59758o0932c
59758.122548,20.896,0.546,16,9,c,0,0.95,318.17044,-42.50001,4707.09,10339.86,2.65,2.45,78.4,-0.395,19.74,21.74,03a59758o0943c
59758.332911,20.956,0.563,15,8,c,0,0.91,318.17044,-42.50001,7424.26,4063.67,2.37,1.98,-21.7,-0.401,19.75,21.73,04a59758o0616c
59758.335702,21.73,1.1,7,8,c,0,1.08,318.17044,-42.50001,7442.02,4100.02,2.32,1.92,-22.6,-0.402,19.75,21.74,04a59758o0622c
59758.341306,20.191,0.249,30,8,c,0,1.17,318.17044,-42.50001,7381.8,4017.61,2.27,1.88,-21.9,-0.406,19.8,21.76,04a59758o0634c
59758.371407,21.043,0.602,14,8,c,0,1.1,318.17044,-42.50001,7353.97,4109.98,2.28,1.91,-18.9,-0.407,19.76,21.69,04a59758o0695c
59759.407274,-22.955,3.941,-2,9,c,0,1.3,318.17044,-42.50001,2948.35,9936.57,2.95,2.04,-76.2,-0.374,19.8,21.66,04a59759o0839c
59759.411062,21.866,1.319,6,9,c,0,1.65,318.17044,-42.50001,2965.3,9973.18,2.92,2.02,-79.2,-0.382,19.76,21.67,04a59759o0846c
59759.429206,21.35,0.873,10,9,c,0,0.83,318.17044,-42.50001,2902.34,9889.16,2.85,1.96,-78.3,-0.383,19.69,21.54,04a59759o0881c
59759.436233,21.574,1.183,8,10,c,0,1.22,318.17044,-42.50001,2879.45,10005.23,2.93,2.04,-79.8,-0.379,19.65,21.32,04a59759o0893c
59760.2792,20.373,0.261,26,7,c,0,1.95,318.17044,-42.50001,4334.51,8912.06,2.61,2.01,-73.4,-0.386,19.81,21.82,04a59760o0705c
59760.280671,20.397,0.311,25,8,c,0,1.31,318.17044,-42.50001,4314.47,8874.99,2.56,2.04,-76.8,-0.381,19.79,21.84,04a59760o0708c
59760.315837,20.682,0.405,19,8,c,0,1.28,318.17044,-42.50001,4417.46,8956.16,2.53,2.01,-78.3,-0.39,19.81,21.83,04a59760o0783c
59760.32238,20.687,0.413,19,8,c,0,1.15,318.17044,-42.50001,6395.76,1808.97,2.21,1.94,-12.4,-0.405,19.84,21.82,04a59760o0797c
59761.189189,21.167,0.663,12,8,c,0,1.06,318.17044,-42.50001,6828.65,4528.72,2.42,2.1,-23.8,-0.39,19.7,21.92,04a59761o0510c
59761.193359,23.015,2.9,2,7,c,0,1.54,318.17044,-42.50001,6805.74,4493.5,2.3,2.01,-25.8,-0.402,19.69,21.9,04a59761o0518c
59761.199611,21.591,0.833,8,7,c,0,1.36,318.17044,-42.50001,6871.11,4567.9,2.32,2.09,-26.6,-0.394,19.69,21.86,04a59761o0530c
59761.219445,21.969,1.34,6,8,c,0,0.77,318.17044,-42.50001,6896.95,4452.77,2.34,2.0,-17.5,-0.408,19.65,21.86,04a59761o0569c
59762.218006,21.231,0.824,12,10,c,0,0.72,318.17044,-42.50001,2916.11,4249.22,2.51,2.41,75.4,-0.355,19.58,21.72,04a59762o0457c
59762.223439,20.718,0.416,19,8,c,0,1.16,318.17044,-42.50001,2900.9,4210.0,2.55,2.36,70.2,-0.352,19.6,21.71,04a59762o0467c
59762.228196,22.369,1.914,4,8,c,0,0.98,318.17044,-42.50001,2965.59,4286.74,2.29,2.23,68.4,-0.365,19.67,21.74,04a59762o0475c
59762.238031,22.575,2.548,3,9,c,0,34.1,318.17044,-42.50001,2991.41,4174.43,2.24,2.12,58.6,-0.369,19.69,21.79,04a59762o0494c
59763.214999,-22.091,2.429,-5,13,c,0,1.12,318.17044,-42.50001,2914.64,4250.21,2.13,2.04,55.7,-0.416,19.11,21.13,04a59763o0588c
59763.237554,20.57,0.324,22,7,c,0,1.77,318.17044,-42.50001,2914.86,4211.92,2.36,2.18,82.5,-0.372,19.65,21.75,04a59763o0636c
59763.24098,21.503,0.765,9,7,c,0,1.39,318.17044,-42.50001,2976.02,4290.34,2.2,2.1,89.3,-0.374,19.69,21.73,04a59763o0642c
59763.246614,-22.592,2.364,-3,8,c,0,1.04,318.17044,-42.50001,2999.2,4176.37,2.13,2.03,79.5,-0.375,19.69,21.71,04a59763o0654c
59764.17861,21.398,0.966,10,10,c,0,1.13,318.17044,-42.50001,9248.4,6692.55,2.76,2.42,-24.7,-0.397,19.61,21.66,04a59764o0326c
59764.181339,-23.736,9.0,-1,10,c,0,0.91,318.17044,-42.50001,9229.68,6654.48,2.8,2.4,-28.4,-0.402,19.61,21.73,04a59764o0332c
59764.207486,20.607,0.427,21,9,c,0,1.06,318.17044,-42.50001,9302.95,6736.02,2.78,2.45,-29.9,-0.392,19.61,21.71,04a59764o0387c
59764.21406,20.114,0.327,33,11,c,0,0.94,318.17044,-42.50001,9324.98,6618.27,2.82,2.38,-23.7,-0.405,19.63,21.74,04a59764o0401c
59765.320391,20.984,0.53,15,8,c,0,1.59,318.17044,-42.50001,1462.22,3920.24,2.23,1.86,55.7,-0.394,19.61,21.45,04a59765o0654c
59765.324074,20.695,0.434,19,8,c,0,1.24,318.17044,-42.50001,1481.42,3954.48,2.31,1.94,55.5,-0.388,19.57,21.4,04a59765o0662c
59766.099559,23.047,4.278,2,9,o,0,1.24,318.17044,-42.50001,2675.22,7916.07,2.34,2.14,-65.6,-0.412,19.64,21.09,03a59766o0771o
59766.102712,20.534,0.487,22,11,o,0,1.02,318.17044,-42.50001,2692.58,7955.46,2.26,2.1,-64.6,-0.417,19.66,21.11,03a59766o0778o
59766.137914,21.942,1.857,6,11,o,0,0.94,318.17044,-42.50001,2638.7,7884.94,2.33,2.14,-58.3,-0.417,19.61,20.97,03a59766o0853o
59766.16577,21.179,0.745,12,9,o,0,2.0,318.17044,-42.50001,2621.12,8004.84,2.31,2.1,-53.3,-0.408,19.6,20.89,03a59766o0912o
59767.076193,21.295,0.963,11,11,o,0,1.01,318.17044,-42.50001,2678.44,7915.76,2.43,2.31,-59.5,-0.403,19.53,20.93,03a59767o0727o
59767.078896,20.535,0.513,22,11,o,0,1.15,318.17044,-42.50001,2695.55,7954.77,2.52,2.38,-68.7,-0.398,19.45,20.93,03a59767o0733o
59767.084178,-20.403,0.358,-25,9,o,0,1.6,318.17044,-42.50001,2640.06,7877.82,2.38,2.23,-62.2,-0.414,19.53,20.93,03a59767o0744o
59767.120549,20.888,0.635,16,10,o,0,1.28,318.17044,-42.50001,2615.69,7997.54,2.38,2.18,-66.6,-0.407,19.49,20.77,03a59767o0814o
59767.423347,-24.022,8.833,-1,8,c,0,1.42,318.17044,-42.50001,4804.82,8338.89,2.78,2.22,-77.6,-0.368,19.61,21.61,04a59767o0989c
59767.426076,22.587,2.731,3,9,c,0,1.16,318.17044,-42.50001,4823.54,8377.41,2.59,2.02,-77.1,-0.391,19.66,21.57,04a59767o0995c
59767.428789,20.378,0.355,26,9,c,0,1.27,318.17044,-42.50001,4768.34,8301.72,2.6,2.01,-73.6,-0.385,19.68,21.56,04a59767o1001c
59767.431948,-24.901,25.333,0,10,c,0,0.69,318.17044,-42.50001,4748.28,8417.97,2.59,1.95,-77.9,-0.413,19.62,21.46,04a59767o1008c
59769.277448,19.633,0.618,51,31,o,0,1.19,318.17044,-42.50001,88.66,408.36,4.72,2.11,45.4,-0.286,19.19,20.42,04a59769o0645o
59769.296295,20.854,1.074,16,18,o,0,0.97,318.17044,-42.50001,1095.16,10170.59,3.35,2.68,-84.6,-0.35,19.34,20.78,04a59769o0680o
59769.299449,20.235,0.53,29,16,o,0,0.94,318.17044,-42.50001,9685.2,420.41,3.56,2.43,-32.0,-0.343,19.28,20.81,04a59769o0685o
59769.305659,-21.036,1.026,-14,14,o,0,1.5,318.17044,-42.50001,1056.85,10124.38,3.24,2.48,-83.0,-0.351,19.41,20.86,04a59769o0696o
59769.317834,-22.533,4.176,-4,15,o,0,1.16,318.17044,-42.50001,1035.55,10229.93,3.46,2.68,-84.3,-0.348,19.37,20.86,04a59769o0713o
59777.861001,20.45,0.8,24,19,o,0,1.47,318.17044,-42.50001,6715.7,4507.13,2.52,2.32,-40.9,-0.45,18.79,19.62,03a59778o0358o
59777.895123,22.262,5.125,4,23,o,0,0.97,318.17044,-42.50001,6697.05,4465.97,2.38,2.2,-47.1,-0.457,18.81,19.46,03a59778o0430o
59777.89761,19.611,0.338,52,18,o,0,1.49,318.17044,-42.50001,6753.23,4543.59,2.29,2.13,-46.9,-0.462,18.86,19.45,03a59778o0435o
59777.90283,20.1,0.738,33,24,o,0,0.89,318.17044,-42.50001,6775.37,4428.05,2.29,2.16,-38.6,-0.475,18.85,19.43,03a59778o0446o
59780.286699,20.006,0.29,36,10,o,0,1.28,318.17044,-42.50001,1460.16,3912.78,2.33,1.93,59.4,-0.389,19.46,20.86,04a59780o0438o
59780.290098,21.634,1.286,8,10,o,0,1.02,318.17044,-42.50001,1479.0,3947.6,2.37,2.01,64.6,-0.384,19.42,20.85,04a59780o0445o
59780.295634,21.743,1.379,7,10,o,0,1.27,318.17044,-42.50001,1420.85,3867.95,2.5,2.1,60.7,-0.378,19.4,20.85,04a59780o0456o
59780.325871,-22.767,3.714,-3,10,o,0,1.29,318.17044,-42.50001,1392.4,3962.44,2.21,1.86,56.3,-0.403,19.45,20.7,04a59780o0513o
59781.997749,-20.903,1.6,-16,25,o,0,1.2,318.17044,-42.50001,3719.19,5985.26,2.22,2.16,-43.0,-0.439,18.55,19.8,03a59782o0490o
59782.001535,21.702,3.484,8,26,o,0,0.89,318.17044,-42.50001,3735.46,6024.28,2.19,2.12,-55.6,-0.438,18.7,19.92,03a59782o0498o
59782.010095,22.238,11.556,5,53,o,0,1.07,318.17044,-42.50001,3678.3,5946.97,2.19,2.15,-80.4,-0.445,17.8,19.01,03a59782o0516o
59782.021724,-20.947,0.639,-15,10,o,0,1.19,318.17044,-42.50001,3653.87,6063.44,2.26,2.19,-68.1,-0.429,19.56,20.9,03a59782o0541o
59784.265753,-22.417,2.158,-4,8,o,0,1.76,318.17044,-42.50001,1465.01,3922.86,2.22,1.88,59.7,-0.401,19.63,21.31,04a59784o0664o
59784.269086,-21.935,1.421,-6,9,o,0,1.32,318.17044,-42.50001,1484.53,3957.93,2.28,1.92,57.3,-0.394,19.63,21.33,04a59784o0671o
59784.275113,-22.45,2.394,-4,9,o,0,1.36,318.17044,-42.50001,1423.75,3876.89,2.35,2.01,60.5,-0.397,19.62,21.31,04a59784o0684o
59784.286168,23.798,8.5,1,9,o,0,1.11,318.17044,-42.50001,1401.88,3985.74,2.58,2.2,60.4,-0.381,19.56,21.27,04a59784o0705o
59785.89039,21.251,0.64,12,7,c,0,1.26,318.17044,-42.50001,3780.77,272.22,2.61,2.53,-12.8,-0.375,19.78,21.93,03a59786o0404c
59785.898756,22.208,1.667,5,8,c,0,0.81,318.17044,-42.50001,3760.67,232.43,2.55,2.44,-0.2,-0.373,19.84,21.96,03a59786o0420c
59785.910806,20.666,0.386,20,8,c,0,0.94,318.17044,-42.50001,3809.5,318.48,2.42,2.31,-15.6,-0.382,19.87,21.92,03a59786o0442c
59785.920567,-21.582,0.877,-8,7,c,0,1.14,318.17044,-42.50001,3829.11,201.39,2.45,2.3,-15.9,-0.377,19.88,21.91,03a59786o0460c
59785.966259,20.444,0.32,24,8,c,0,1.34,318.17044,-42.50001,8946.99,10495.38,2.69,2.51,-70.7,-0.395,19.78,21.98,03a59786o0546c
59785.978226,20.326,0.347,27,9,c,0,0.79,318.17044,-42.50001,9027.19,10456.22,2.67,2.47,-75.3,-0.396,19.81,21.98,03a59786o0568c
59788.259653,20.666,0.771,20,15,o,0,1.43,318.17044,-42.50001,5386.51,3657.74,2.3,2.2,-19.5,-0.389,18.72,20.39,04a59788o0381o
59788.262485,-20.03,0.879,-35,31,o,0,1.32,318.17044,-42.50001,5405.1,3693.85,2.12,2.1,-0.7,-0.397,17.73,19.28,04a59788o0387o
59788.327533,23.212,6.579,2,12,o,0,1.0,318.17044,-42.50001,5324.38,3575.31,1.98,1.95,-38.8,-0.416,19.37,20.79,04a59788o0406o
59788.335821,20.495,0.583,23,13,o,0,1.12,318.17044,-42.50001,5302.09,3687.04,1.98,1.91,-14.2,-0.406,19.14,20.57,04a59788o0422o
59791.001601,20.885,0.63,16,10,c,0,0.69,318.17044,-42.50001,6648.15,10230.48,2.63,2.44,-80.6,-0.403,19.71,21.6,03a59791o0581c
59791.005101,-22.697,2.636,-3,8,c,0,1.21,318.17044,-42.50001,6665.43,10270.25,2.52,2.34,85.7,-0.406,19.76,21.62,03a59791o0588c
59791.011671,21.029,0.609,14,9,c,0,1.37,318.17044,-42.50001,6609.78,10190.33,2.6,2.43,85.6,-0.404,19.76,21.64,03a59791o0601c
59791.025132,20.943,0.677,15,10,c,0,0.76,318.17044,-42.50001,6586.24,10307.16,2.6,2.46,73.9,-0.406,19.71,21.61,03a59791o0626c
59795.994502,20.971,0.518,15,8,c,0,1.07,318.17044,-42.50001,7622.79,6390.67,2.42,2.38,-54.7,-0.41,19.88,21.98,03a59796o0599c
59795.998332,21.076,0.509,14,7,c,0,1.32,318.17044,-42.50001,7640.33,6430.6,2.34,2.31,-81.1,-0.412,19.9,21.97,03a59796o0606c
59796.005116,21.372,0.753,10,8,c,0,1.06,318.17044,-42.50001,7582.22,6351.27,2.45,2.37,-49.3,-0.407,19.87,21.99,03a59796o0620c
59796.015094,24.891,16.333,0,7,c,0,1.7,318.17044,-42.50001,7559.73,6466.06,2.37,2.24,32.0,-0.412,19.8,22.11,03a59796o0640c
59796.073108,23.571,9.077,1,12,o,0,1.14,318.17044,-42.50001,2054.34,2375.99,2.06,1.82,53.1,-0.426,19.35,20.53,04a59796o0263o
59796.075816,20.814,0.796,17,14,o,0,0.85,318.17044,-42.50001,2033.43,2337.58,2.27,1.89,53.9,-0.43,19.32,20.55,04a59796o0269o
59796.080883,-23.031,5.0,-2,11,o,0,1.28,318.17044,-42.50001,2094.56,2416.18,2.29,1.87,51.1,-0.425,19.32,20.55,04a59796o0280o
59796.091211,21.152,0.957,13,12,o,0,0.91,318.17044,-42.50001,2115.78,2300.71,2.27,1.87,50.9,-0.419,19.36,20.62,04a59796o0302o
59797.113023,23.822,13.857,1,15,o,0,0.93,318.17044,-42.50001,2076.03,2376.68,2.69,2.25,55.6,-0.393,19.14,20.49,04a59797o0318o
59797.114373,-21.642,1.778,-8,14,o,0,1.14,318.17044,-42.50001,2057.22,2337.41,2.66,2.19,53.6,-0.402,19.16,20.45,04a59797o0321o
59797.145929,20.551,0.669,22,15,o,0,1.15,318.17044,-42.50001,2142.85,2417.98,2.61,2.34,59.0,-0.397,19.15,20.58,04a59797o0380o
59797.151658,-22.732,4.65,-3,14,o,0,1.12,318.17044,-42.50001,2163.97,2302.88,2.63,2.21,50.9,-0.398,19.21,20.58,04a59797o0390o
59798.001848,-22.673,5.4,-3,17,o,0,1.04,318.17044,-42.50001,7618.8,6387.77,2.91,2.82,-47.6,-0.41,19.09,20.49,03a59798o0623o
59798.00553,-21.242,1.22,-12,14,o,0,1.29,318.17044,-42.50001,7636.33,6427.36,2.84,2.75,-63.4,-0.413,19.17,20.53,03a59798o0631o
59798.011849,22.348,3.5,4,15,o,0,1.23,318.17044,-42.50001,7579.74,6348.45,2.93,2.85,-60.1,-0.408,19.14,20.59,03a59798o0644o
59798.024789,-22.181,2.393,-5,12,o,0,1.31,318.17044,-42.50001,7557.03,6463.86,2.67,2.55,-43.5,-0.422,19.33,20.83,03a59798o0671o
59799.865315,-19.464,0.889,-60,53,o,0,1.12,318.17044,-42.50001,42.33,294.1,2.52,2.2,-33.9,-0.422,17.98,18.02,03a59800o0320o
59799.86706,-20.406,1.572,-25,39,o,0,1.14,318.17044,-42.50001,9574.44,508.24,2.17,1.98,-39.4,-0.51,18.08,18.1,03a59800o0323o
59799.871117,19.112,0.841,82,69,o,0,1.15,318.17044,-42.50001,9556.38,470.74,2.16,1.98,-40.0,-0.518,17.6,17.43,03a59800o0330o
59799.87748,-21.985,8.935,-6,52,o,0,1.32,318.17044,-42.50001,9610.47,549.44,2.28,2.04,-36.3,-0.513,17.89,17.86,03a59800o0342o
59799.890147,-21.303,4.661,-11,51,o,0,0.92,318.17044,-42.50001,9632.13,431.94,2.48,2.15,-10.9,-0.474,17.86,18.0,03a59800o0364o
59800.19943,20.73,1.305,18,24,o,0,1.07,318.17044,-42.50001,8631.06,8272.62,2.43,2.18,-39.2,-0.393,18.64,19.15,04a59800o0527o
59800.235318,20.717,1.39,19,26,o,0,1.01,318.17044,-42.50001,8642.4,8280.62,2.36,2.25,-29.1,-0.401,18.7,19.37,04a59800o0600o
59800.238311,20.074,0.84,34,28,o,0,0.69,318.17044,-42.50001,8582.92,8198.55,2.34,2.22,-31.1,-0.402,18.7,19.38,04a59800o0606o
59800.268685,-22.103,4.667,-5,24,o,0,1.33,318.17044,-42.50001,8554.01,8295.18,2.27,2.18,-44.4,-0.404,18.65,19.11,04a59800o0666o
59805.180434,22.117,4.14,5,21,o,0,1.24,318.17044,-42.50001,8570.26,2170.47,2.6,1.79,-23.9,-0.403,18.73,19.29,04a59805o0464o
59805.207535,-19.875,0.716,-41,29,o,0,0.87,318.17044,-42.50001,8585.14,2183.96,2.47,1.83,-23.9,-0.417,18.77,19.32,04a59805o0518o
59805.222618,-20.702,1.388,-19,26,o,0,1.38,318.17044,-42.50001,8521.16,2093.73,2.51,1.83,-22.1,-0.415,18.77,19.35,04a59805o0547o
59805.225798,22.158,4.302,5,21,o,0,1.37,318.17044,-42.50001,8499.6,2207.61,2.43,1.81,-24.6,-0.411,18.79,19.33,04a59805o0553o
59806.131249,-20.192,0.842,-30,26,o,0,1.42,318.17044,-42.50001,10427.7,10234.19,2.62,2.17,-44.0,-0.418,18.56,19.01,03a59806o0126o
59806.135053,24.374,40.5,1,26,o,0,1.39,318.17044,-42.50001,10447.3,10272.8,2.69,2.19,-41.9,-0.415,18.51,18.99,03a59806o0134o
59806.142557,-24.029,32.2,-1,29,o,0,1.4,318.17044,-42.50001,10393.4,10186.47,2.71,2.39,-36.3,-0.409,18.43,18.93,03a59806o0149o
59806.162747,-21.239,2.985,-12,35,o,0,1.15,318.17044,-42.50001,10378.98,10290.91,2.76,2.17,-43.0,-0.433,18.34,18.7,03a59806o0188o
59806.992323,-18.128,0.982,-204,200,o,0,0.88,318.17044,-42.50001,10399.41,10263.13,3.02,2.36,-38.3,-0.362,16.76,16.85,03a59807o0561o
59806.996659,-18.415,1.359,-156,212,o,0,1.07,318.17044,-42.50001,10417.62,10304.07,2.9,2.28,-42.4,-0.368,16.53,16.62,03a59807o0568o
59807.000192,-19.911,1.628,-39,64,o,0,0.9,318.17044,-42.50001,837.05,9989.83,2.8,2.41,-51.0,-0.411,17.57,17.87,03a59807o0575o
59807.002976,22.384,15.769,4,64,o,0,0.88,318.17044,-42.50001,10361.0,10221.03,2.86,2.25,-43.3,-0.412,17.87,18.27,03a59807o0580o
59807.003427,18.965,0.628,94,59,o,0,1.33,318.17044,-42.50001,854.57,10028.92,2.73,2.34,-49.4,-0.434,18.09,18.45,03a59807o0581o
59807.009524,20.039,1.59,35,56,o,0,1.07,318.17044,-42.50001,800.08,9950.73,2.62,2.26,-49.8,-0.426,18.13,18.68,03a59807o0592o
59807.016692,-18.382,0.556,-161,90,o,0,1.05,318.17044,-42.50001,10338.91,10334.86,2.82,2.21,-42.9,-0.355,17.14,17.24,03a59807o0604o
59807.021683,-19.853,2.677,-42,111,o,0,1.14,318.17044,-42.50001,775.31,10068.15,2.65,2.24,-49.1,-0.431,17.21,17.28,03a59807o0612o
59809.224882,-21.167,1.383,-12,17,o,0,1.73,318.17044,-42.50001,4834.77,8381.36,2.39,2.24,-69.9,-0.406,19.03,20.7,04a59809o0560o
59809.228405,20.282,0.403,28,11,o,0,0.95,318.17044,-42.50001,4854.32,8417.19,2.48,1.97,-83.1,-0.387,19.39,20.77,04a59809o0566o
59809.233306,21.687,1.437,8,11,o,0,0.95,318.17044,-42.50001,4795.49,8338.04,2.51,1.91,-82.8,-0.395,19.38,20.71,04a59809o0576o
59809.24964,20.622,0.628,20,13,o,0,0.85,318.17044,-42.50001,4772.53,8442.0,2.62,2.12,-84.2,-0.384,19.36,20.72,04a59809o0608o
59810.148453,23.245,3.824,2,7,c,0,1.12,318.17044,-42.50001,5912.6,2213.62,2.19,2.03,-14.9,-0.404,19.83,21.95,04a59810o0315c
59810.151608,20.699,0.397,19,8,c,0,0.85,318.17044,-42.50001,5896.76,2174.51,2.21,2.06,-5.2,-0.396,19.83,21.93,04a59810o0322c
59810.175118,20.849,0.448,17,7,c,0,1.21,318.17044,-42.50001,4801.11,8385.75,2.47,1.93,-71.7,-0.402,19.84,21.96,04a59810o0370c
59810.201896,20.748,0.357,18,6,c,0,1.54,318.17044,-42.50001,4777.97,8475.72,2.53,1.91,-76.3,-0.406,19.86,21.96,04a59810o0423c
59812.166838,-22.646,3.737,-3,12,c,0,0.94,318.17044,-42.50001,4841.0,8424.16,2.57,1.94,-70.6,-0.396,19.43,21.54,04a59812o0355c
59812.169849,22.167,1.606,5,8,c,0,1.37,318.17044,-42.50001,4859.92,8459.73,2.58,1.93,-71.9,-0.397,19.37,21.51,04a59812o0361c
59812.20162,21.106,0.566,13,7,c,0,1.06,318.17044,-42.50001,4799.53,8353.56,2.46,1.9,-74.8,-0.403,19.87,22.0,04a59812o0430c
59812.208088,21.002,0.901,14,13,c,0,0.89,318.17044,-42.50001,4778.04,8464.18,2.55,1.87,-76.0,-0.407,19.2,21.24,04a59812o0444c
59813.042213,21.28,0.71,11,8,c,0,1.22,318.17044,-42.50001,5830.23,2205.78,2.27,2.1,-20.7,-0.396,19.69,21.86,04a59813o0181c
59813.062498,21.509,0.848,9,8,c,0,1.0,318.17044,-42.50001,5822.69,2170.71,2.27,2.03,-23.7,-0.397,19.71,21.86,04a59813o0220c
59813.064301,20.504,0.327,23,8,c,0,1.13,318.17044,-42.50001,5880.54,2247.46,2.25,2.01,-21.9,-0.4,19.71,21.88,04a59813o0224c
59813.068862,21.107,0.55,13,7,c,0,1.23,318.17044,-42.50001,5900.8,2131.65,2.34,2.05,-21.1,-0.392,19.72,21.86,04a59813o0234c
59813.87783,-22.559,2.926,-3,10,o,0,1.0,318.17044,-42.50001,9056.76,6731.72,2.49,2.07,-52.8,-0.4,19.65,21.25,03a59814o0359o
59813.881053,21.877,1.5,6,10,o,0,1.45,318.17044,-42.50001,9037.21,6694.16,2.44,2.06,-52.4,-0.402,19.67,21.24,03a59814o0366o
59813.904499,-21.864,1.469,-6,10,o,0,1.46,318.17044,-42.50001,9086.97,6774.92,2.38,2.04,-48.6,-0.401,19.62,21.2,03a59814o0416o
59813.913702,22.158,2.484,5,12,o,0,1.23,318.17044,-42.50001,9105.9,6661.41,2.39,2.03,-52.8,-0.406,19.44,20.99,03a59814o0436o
59814.178573,-23.46,4.917,-2,7,c,0,1.37,318.17044,-42.50001,4841.3,8411.11,2.59,2.01,-74.0,-0.386,19.78,21.82,04a59814o0471c
59814.204996,20.862,0.489,16,8,c,0,1.13,318.17044,-42.50001,4854.11,8424.96,2.51,1.94,-76.6,-0.4,19.86,21.9,04a59814o0526c
59814.207787,21.293,0.758,11,8,c,0,0.83,318.17044,-42.50001,4796.21,8346.69,2.44,1.88,-77.7,-0.404,19.84,21.87,04a59814o0532c
59814.213765,21.56,0.761,9,7,c,0,1.51,318.17044,-42.50001,4776.45,8458.73,2.6,1.94,-78.1,-0.394,19.79,21.86,04a59814o0545c
59816.192379,22.902,3.25,2,8,c,0,1.59,318.17044,-42.50001,4838.03,8388.66,2.55,1.88,-76.0,-0.399,19.62,21.7,04a59816o0499c
59816.195563,22.057,1.196,6,6,c,0,0.91,318.17044,-42.50001,4856.23,8424.48,2.6,1.9,-76.7,-0.396,19.86,21.97,04a59816o0506c
59816.201489,21.917,1.222,6,8,c,0,1.1,318.17044,-42.50001,4798.19,8342.44,2.49,1.9,-75.8,-0.4,19.89,21.99,04a59816o0519c
59817.951278,20.403,0.583,25,15,o,0,1.04,318.17044,-42.50001,5274.69,3614.18,3.51,3.31,-27.2,-0.448,19.16,21.37,03a59818o0096o
59817.95452,20.108,0.48,33,16,o,0,0.99,318.17044,-42.50001,5292.43,3652.55,3.55,3.13,18.9,-0.397,19.01,21.2,03a59818o0103o
59817.960012,24.424,25.0,1,15,o,0,1.04,318.17044,-42.50001,5235.14,3573.12,3.4,3.1,13.9,-0.416,19.07,21.24,03a59818o0115o
59817.972316,20.845,0.898,17,15,o,0,0.86,318.17044,-42.50001,5211.86,3691.14,3.51,3.22,-44.2,-0.43,19.17,21.34,03a59818o0141o
59820.113712,23.247,4.5,2,8,c,0,1.42,318.17044,-42.50001,6316.57,8800.17,2.71,2.36,-67.2,-0.378,19.72,21.94,04a59820o0330c
59820.11599,-21.989,1.375,-6,8,c,0,1.07,318.17044,-42.50001,6297.15,8761.56,2.63,2.31,-62.4,-0.379,19.77,21.91,04a59820o0335c
59820.118733,24.767,20.0,0,9,c,0,0.86,318.17044,-42.50001,6360.39,8839.4,2.69,2.35,-62.3,-0.375,19.73,21.92,04a59820o0341c
59820.124177,25.211,26.0,0,8,c,0,1.46,318.17044,-42.50001,6385.55,8722.63,2.64,2.38,-57.4,-0.378,19.74,21.94,04a59820o0353c
59823.901072,20.794,0.65,18,11,o,0,0.96,318.17044,-42.50001,8395.7,8268.06,2.46,2.11,-45.1,-0.409,19.56,21.11,03a59824o0301o
59823.928306,22.304,2.864,4,12,o,0,1.07,318.17044,-42.50001,8407.84,8309.97,2.72,2.31,-36.8,-0.39,19.48,21.3,03a59824o0355o
59823.931152,-22.115,1.824,-5,9,o,0,1.44,318.17044,-42.50001,8351.9,8229.15,2.52,2.09,-48.8,-0.413,19.55,21.21,03a59824o0361o
59823.937983,-24.626,19.333,0,10,o,0,1.67,318.17044,-42.50001,8328.61,8344.49,2.54,2.19,-44.3,-0.409,19.52,21.32,03a59824o0376o
59824.184726,21.982,1.355,6,8,c,0,0.66,318.17044,-42.50001,4456.94,1803.44,2.04,1.89,39.8,-0.409,19.82,21.8,04a59824o0308c
59824.187448,21.859,1.045,7,7,c,0,1.58,318.17044,-42.50001,4475.89,1840.02,2.09,1.93,46.5,-0.412,19.82,21.8,04a59824o0314c
59824.194375,22.104,1.179,5,6,c,0,1.93,318.17044,-42.50001,4414.23,1757.24,2.02,1.88,43.6,-0.408,19.83,21.83,04a59824o0329c
59824.205135,21.039,0.531,14,7,c,0,1.62,318.17044,-42.50001,4389.98,1867.67,2.04,1.9,43.7,-0.411,19.83,21.82,04a59824o0352c
59825.921557,-22.015,2.159,-6,12,o,0,0.98,318.17044,-42.50001,8357.42,8230.3,2.49,2.15,-47.7,-0.41,19.51,20.73,03a59826o0451o
59825.928387,22.302,3.152,4,14,o,0,0.69,318.17044,-42.50001,8334.29,8343.99,2.56,2.16,-46.5,-0.403,19.47,20.74,03a59826o0466o
59828.060654,19.726,0.475,47,22,o,0,1.23,318.17044,-42.50001,8766.75,4379.85,2.7,2.01,-17.8,-0.402,18.69,19.26,04a59828o0199o
59828.063815,20.306,1.07,27,29,o,0,1.09,318.17044,-42.50001,8750.19,4341.45,2.65,1.99,-24.0,-0.417,18.7,19.27,04a59828o0206o
59828.069243,20.327,1.077,27,29,o,0,1.42,318.17044,-42.50001,8812.86,4418.22,2.64,1.97,-19.9,-0.42,18.71,19.28,04a59828o0218o
59828.079229,-20.138,0.654,-32,21,o,0,1.25,318.17044,-42.50001,8841.27,4303.27,2.92,2.13,-18.5,-0.399,18.63,19.29,04a59828o0240o
59831.863943,-20.364,1.32,-26,34,o,0,1.06,318.17044,-42.50001,8482.01,2173.73,2.32,2.0,-55.0,-0.431,18.4,18.47,03a59832o0316o
59831.867565,19.539,0.523,56,29,o,0,1.35,318.17044,-42.50001,8500.14,2214.46,2.35,1.97,-58.2,-0.424,18.38,18.45,03a59832o0324o
59831.886954,20.627,1.299,20,26,o,0,1.7,318.17044,-42.50001,8438.12,2136.66,2.15,1.9,-55.6,-0.446,18.38,18.35,03a59832o0364o
59831.89232,19.447,0.599,60,36,o,0,1.06,318.17044,-42.50001,8414.3,2252.0,2.26,1.92,-56.0,-0.432,18.32,18.2,03a59832o0373o
59832.170878,19.367,0.466,65,30,o,0,1.54,318.17044,-42.50001,1946.59,6201.35,2.23,1.88,86.3,-0.384,18.21,18.1,04a59832o0449o
59832.174549,-20.715,1.828,-19,34,o,0,0.91,318.17044,-42.50001,1965.41,6236.46,2.3,1.9,88.1,-0.373,18.22,18.08,04a59832o0457o
59832.181385,20.19,0.997,30,30,o,0,1.51,318.17044,-42.50001,1904.85,6156.01,2.22,1.84,86.3,-0.383,18.23,18.06,04a59832o0472o
59832.191126,19.782,0.779,44,35,o,0,1.2,318.17044,-42.50001,1882.06,6266.51,2.3,1.88,85.5,-0.375,18.19,18.04,04a59832o0493o
59834.109572,20.108,0.761,33,25,o,0,1.21,318.17044,-42.50001,9735.25,6363.16,2.82,2.17,-20.3,-0.409,18.84,19.55,04a59834o0313o
59834.123196,22.355,5.769,4,24,o,0,1.25,318.17044,-42.50001,9752.5,6391.42,2.74,2.22,-19.0,-0.412,18.83,19.55,04a59834o0342o
59834.137836,-20.515,0.967,-23,22,o,0,0.97,318.17044,-42.50001,9691.38,6299.92,2.73,2.13,-19.3,-0.402,18.89,19.57,04a59834o0371o
59834.138287,-21.885,5.302,-6,34,o,0,0.9,318.17044,-42.50001,34.89,6438.21,2.82,2.19,74.5,-0.366,18.82,19.5,04a59834o0372o
59834.148472,20.539,0.963,22,21,o,0,0.93,318.17044,-42.50001,9667.89,6408.65,2.54,2.04,-16.0,-0.426,18.93,19.56,04a59834o0393o
59837.803429,-22.61,3.105,-3,10,c,0,0.8,318.17044,-42.50001,1927.79,8326.96,2.71,2.42,-45.1,-0.385,19.62,21.56,03a59838o0181c
59837.80523,-23.669,7.571,-1,9,c,0,1.39,318.17044,-42.50001,1907.99,8287.8,2.74,2.44,-49.6,-0.386,19.62,21.6,03a59838o0185c
59837.835185,20.767,0.371,18,7,c,0,1.72,318.17044,-42.50001,8441.1,2129.49,2.38,2.12,-51.1,-0.412,19.72,21.64,03a59838o0247c
59837.84495,21.806,1.475,7,10,c,0,0.93,318.17044,-42.50001,1972.39,8253.33,2.72,2.41,-42.3,-0.391,19.65,21.65,03a59838o0267c
59841.137797,-23.392,11.286,-2,18,o,0,1.05,318.17044,-42.50001,6723.98,8290.27,2.35,2.0,-6.6,-0.403,19.19,21.34,04a59841o0366o
59841.140872,21.43,1.185,10,12,o,0,1.08,318.17044,-42.50001,6743.42,8327.95,2.59,2.24,-80.4,-0.397,19.42,20.95,04a59841o0372o
59841.161141,20.385,0.306,26,8,o,0,2.36,318.17044,-42.50001,6680.91,8236.19,2.57,2.26,-78.3,-0.399,19.44,21.05,04a59841o0413o
59841.178885,20.347,0.527,26,14,o,0,0.89,318.17044,-42.50001,6655.01,8343.61,2.52,2.17,-73.4,-0.406,19.43,21.03,04a59841o0448o
59841.835554,21.263,0.671,11,8,c,0,1.24,318.17044,-42.50001,4623.21,8322.11,2.65,2.4,-44.6,-0.378,19.78,21.81,03a59842o0251c
59841.83853,20.301,0.326,28,9,c,0,1.22,318.17044,-42.50001,4640.52,8360.89,2.69,2.48,-36.6,-0.372,19.78,21.81,03a59842o0257c
59841.86383,20.901,0.487,16,8,c,0,1.15,318.17044,-42.50001,4581.06,8286.89,2.58,2.34,-45.0,-0.375,19.82,21.8,03a59842o0311c
59841.869747,20.514,0.409,23,9,c,0,0.84,318.17044,-42.50001,4557.65,8404.13,2.69,2.42,-41.1,-0.375,19.79,21.79,03a59842o0324c
59842.093465,21.312,1.04,11,11,o,0,0.79,318.17044,-42.50001,6731.56,8326.37,2.47,2.24,-68.0,-0.402,19.38,20.95,04a59842o0265o
59842.097924,20.567,0.6,22,13,o,0,1.0,318.17044,-42.50001,6749.37,8361.49,2.72,2.28,-72.9,-0.387,19.34,20.96,04a59842o0274o
59842.104228,22.221,2.433,5,11,o,0,1.09,318.17044,-42.50001,6691.4,8277.66,2.64,2.28,-73.7,-0.395,19.38,20.93,04a59842o0287o
59842.140206,22.467,3.238,4,12,o,0,1.58,318.17044,-42.50001,6667.84,8365.14,2.68,2.35,-70.8,-0.387,19.25,20.82,04a59842o0358o
59843.878993,21.231,1.049,12,12,c,0,1.38,318.17044,-42.50001,4612.55,8333.05,2.51,2.26,-19.8,-0.393,19.15,21.88,03a59844o0232c
59843.882174,21.653,2.071,8,16,c,0,1.02,318.17044,-42.50001,4629.42,8371.98,2.53,2.23,-16.5,-0.393,19.15,21.89,03a59844o0239c
59843.888648,21.038,0.978,14,14,c,0,1.11,318.17044,-42.50001,4574.58,8294.0,2.58,2.34,-20.2,-0.389,19.13,21.87,03a59844o0253c
59843.89931,20.965,1.12,15,17,c,0,0.88,318.17044,-42.50001,4551.42,8410.1,2.59,2.31,-20.8,-0.388,19.11,21.87,03a59844o0276c
59844.078532,21.924,2.128,6,13,o,0,1.07,318.17044,-42.50001,6732.73,8332.68,2.57,2.09,-68.8,-0.423,19.43,20.86,04a59844o0238o
59844.085902,22.5,3.192,4,12,o,0,1.04,318.17044,-42.50001,6750.04,8364.22,2.53,2.13,-73.3,-0.414,19.42,20.84,04a59844o0254o
59844.089259,20.765,0.672,18,12,o,0,0.9,318.17044,-42.50001,6693.08,8282.71,2.46,2.11,-67.6,-0.411,19.44,20.83,04a59844o0261o
59844.122221,21.617,1.541,8,13,o,0,0.81,318.17044,-42.50001,6669.78,8371.28,2.42,2.14,-74.8,-0.417,19.49,20.89,04a59844o0330o
59845.087472,21.573,1.145,8,10,o,0,1.27,318.17044,-42.50001,6725.98,8322.96,2.48,2.14,-65.2,-0.414,19.56,21.14,04a59845o0248o
59845.101421,21.323,0.885,11,10,o,0,1.23,318.17044,-42.50001,6741.52,8349.5,2.4,2.04,-68.2,-0.436,19.59,21.19,04a59845o0277o
59845.103746,21.29,0.954,11,11,o,0,0.79,318.17044,-42.50001,6684.37,8269.57,2.33,2.09,-74.4,-0.421,19.58,21.16,04a59845o0282o
59845.108643,-23.105,4.625,-2,10,o,0,1.48,318.17044,-42.50001,6664.75,8381.61,2.4,2.09,-70.9,-0.413,19.61,21.14,04a59845o0292o
59846.008501,20.213,0.327,30,10,c,0,1.06,318.17044,-42.50001,4624.74,8323.88,2.9,2.51,-35.6,-0.355,19.54,21.48,03a59846o0419c
59846.045562,19.463,0.782,60,47,c,0,1.15,318.17044,-42.50001,4658.98,8358.27,2.62,2.38,-35.9,-0.37,17.75,19.54,03a59846o0456c
59846.051632,20.401,0.491,25,12,c,0,1.54,318.17044,-42.50001,4600.62,8273.43,2.72,2.43,-34.1,-0.363,19.1,20.92,03a59846o0469c
59846.055536,22.839,7.25,3,19,c,0,0.93,318.17044,-42.50001,4580.71,8388.42,2.68,2.46,-31.1,-0.359,18.59,20.4,03a59846o0475c
59846.127149,20.432,0.455,24,11,o,0,1.21,318.17044,-42.50001,6724.15,8289.06,2.63,2.31,-73.3,-0.398,19.35,20.86,04a59846o0336o
59846.150297,21.002,0.764,14,11,o,0,1.25,318.17044,-42.50001,6738.64,8314.31,2.41,2.06,-78.1,-0.422,19.48,20.87,04a59846o0384o
59846.153997,20.303,0.429,28,12,o,0,1.1,318.17044,-42.50001,6680.83,8234.19,2.4,2.12,-76.7,-0.418,19.42,20.87,04a59846o0392o
59846.182959,20.912,0.754,16,12,o,0,0.79,318.17044,-42.50001,6647.87,8337.0,2.46,2.07,-80.3,-0.42,19.39,20.85,04a59846o0448o
59849.856566,20.437,1.0,24,24,c,0,0.94,318.17044,-42.50001,4389.21,1760.58,2.31,2.13,-56.2,-0.395,18.69,20.56,03a59850o0139c
59849.860204,21.722,1.326,7,10,c,0,1.25,318.17044,-42.50001,4406.86,1800.22,2.34,2.16,-59.0,-0.398,19.51,21.43,03a59850o0147c
59849.865628,-22.932,3.19,-2,8,c,0,0.98,318.17044,-42.50001,4348.14,1721.66,2.29,2.13,-55.8,-0.404,19.84,21.84,03a59850o0159c
59849.875574,-21.964,1.462,-6,9,c,0,1.46,318.17044,-42.50001,4324.35,1837.93,2.34,2.16,-53.5,-0.398,19.52,21.46,03a59850o0180c
59852.078975,20.278,0.473,28,13,o,0,0.82,318.17044,-42.50001,9386.84,4009.64,2.59,1.96,-18.0,-0.428,19.45,20.94,04a59852o0229o
59852.081711,19.839,0.398,42,17,o,0,0.91,318.17044,-42.50001,9405.85,4046.66,2.49,1.9,-20.1,-0.47,19.47,20.89,04a59852o0235o
59852.087061,20.989,0.94,15,14,o,0,1.22,318.17044,-42.50001,9345.89,3963.84,2.59,1.96,-17.7,-0.434,19.47,20.93,04a59852o0246o
59852.097114,20.97,1.034,15,15,o,0,1.08,318.17044,-42.50001,9322.39,4071.9,2.53,1.93,-20.5,-0.438,19.52,20.99,04a59852o0268o
59853.827834,20.813,0.595,17,10,o,0,1.03,318.17044,-42.50001,4388.29,1759.54,2.1,1.89,-60.2,-0.427,19.48,20.63,03a59854o0222o
59853.831459,23.087,5.857,2,12,o,0,0.9,318.17044,-42.50001,4406.13,1798.34,2.07,1.91,-62.1,-0.426,19.5,20.66,03a59854o0230o
59853.836906,21.274,0.899,11,10,o,0,1.19,318.17044,-42.50001,4348.77,1718.7,2.07,1.95,-53.5,-0.431,19.48,20.66,03a59854o0242o
59853.847356,22.159,2.083,5,10,o,0,1.36,318.17044,-42.50001,4323.28,1835.62,2.1,1.94,-60.3,-0.415,19.47,20.62,03a59854o0265o
59856.098392,19.694,0.513,48,25,o,0,1.03,318.17044,-42.50001,9385.24,3987.59,2.82,2.24,-21.5,-0.399,18.56,19.22,04a59856o0249o
59856.101558,-23.408,17.7,-2,28,o,0,0.8,318.17044,-42.50001,9402.28,4024.57,2.9,2.1,-17.8,-0.407,18.55,19.23,04a59856o0256o
59856.107436,20.67,1.105,20,22,o,0,1.72,318.17044,-42.50001,9340.66,3941.5,2.92,2.14,-21.4,-0.391,18.6,19.26,04a59856o0269o
59856.128589,-20.625,1.456,-20,30,o,0,0.78,318.17044,-42.50001,9317.89,4049.48,2.65,2.24,-22.5,-0.391,18.6,19.16,04a59856o0314o
59858.819224,17.425,0.784,389,305,o,0,1.2,318.17044,-42.50001,1784.4,6093.12,2.55,2.3,-66.7,-0.412,15.96,15.42,03a59859o0185o
59858.851358,-18.17,1.595,-196,312,o,0,1.42,318.17044,-42.50001,1798.18,6132.7,2.64,2.39,-71.0,-0.385,15.87,15.29,03a59859o0252o
59858.854561,-18.697,9.1,-120,1097,o,0,1.23,318.17044,-42.50001,1741.87,6055.36,2.79,2.51,-71.3,-0.382,14.73,14.15,03a59859o0259o
59858.872952,-16.687,0.61,-768,468,o,0,1.17,318.17044,-42.50001,1718.91,6173.45,2.77,2.41,-65.8,-0.434,15.63,15.05,03a59859o0295o
59859.855055,19.446,0.429,60,26,o,0,1.06,318.17044,-42.50001,1781.57,6098.72,2.53,2.22,-61.6,-0.401,18.58,18.94,03a59860o0267o
59859.858669,20.047,0.763,35,26,o,0,0.98,318.17044,-42.50001,1798.02,6137.26,2.56,2.26,-61.3,-0.397,18.54,18.91,03a59860o0275o
59859.868722,-20.52,1.255,-22,28,o,0,0.91,318.17044,-42.50001,1741.35,6059.62,2.53,2.24,-60.6,-0.402,18.49,18.74,03a59860o0297o
59859.881136,20.087,0.883,34,30,o,0,1.26,318.17044,-42.50001,1718.66,6175.6,2.54,2.24,-62.3,-0.398,18.51,18.75,03a59860o0324o
59860.060437,-20.79,1.7,-18,30,o,0,0.98,318.17044,-42.50001,8781.97,10207.3,2.98,2.67,81.2,-0.347,18.54,18.98,04a59860o0184o
59860.063644,22.906,13.75,2,34,o,0,0.77,318.17044,-42.50001,8800.39,10244.4,3.09,2.8,72.3,-0.332,18.53,18.98,04a59860o0191o
59860.06907,-19.189,0.384,-77,29,o,0,1.07,318.17044,-42.50001,8741.77,10159.66,2.89,2.66,73.9,-0.355,18.59,18.96,04a59860o0203o
59860.08046,20.707,1.684,19,32,o,0,0.85,318.17044,-42.50001,8720.92,10268.72,2.93,2.63,76.9,-0.37,18.55,18.98,04a59860o0228o
59860.086415,-20.619,2.188,-20,45,o,0,0.8,318.17044,-42.50001,3433.45,37.26,2.59,2.03,50.5,-0.387,18.58,18.99,04a59860o0241o
59861.068957,18.66,0.466,125,58,o,0,1.22,318.17044,-42.50001,8779.31,10200.92,2.97,2.08,19.7,-0.356,18.06,18.62,04a59861o0201o
59861.07215,-20.629,1.957,-20,40,o,0,1.29,318.17044,-42.50001,8798.22,10237.44,3.13,2.79,76.4,-0.243,18.27,18.9,04a59861o0208o
59861.077641,-19.621,1.236,-52,64,o,0,1.12,318.17044,-42.50001,8738.26,10152.59,3.4,2.24,19.3,-0.328,18.18,18.55,04a59861o0220o
59861.088935,-20.723,3.0,-19,56,o,0,0.98,318.17044,-42.50001,8717.27,10261.53,3.27,2.58,18.7,-0.346,18.15,18.59,04a59861o0245o
59861.85742,18.67,0.68,124,84,o,0,1.01,318.17044,-42.50001,1777.25,6097.6,2.97,2.58,-57.5,-0.384,17.22,17.06,03a59862o0275o
59861.86065,-18.023,0.289,-224,65,o,0,1.06,318.17044,-42.50001,1794.29,6136.06,2.84,2.5,-62.6,-0.399,17.46,17.29,03a59862o0282o
59861.86581,-20.56,3.274,-22,71,o,0,1.12,318.17044,-42.50001,1737.37,6057.85,3.12,2.72,-59.6,-0.392,17.42,17.35,03a59862o0293o
59861.877027,-19.011,0.892,-90,81,o,0,0.98,318.17044,-42.50001,1715.12,6173.8,3.1,2.78,-60.1,-0.382,17.36,17.3,03a59862o0317o
59862.093027,-19.012,0.374,-90,34,o,0,1.23,318.17044,-42.50001,8778.08,10182.93,3.19,2.81,64.2,-0.32,18.37,18.77,04a59862o0233o
59862.116179,19.788,0.841,44,37,o,0,1.08,318.17044,-42.50001,8789.37,10210.84,3.18,2.67,69.9,-0.325,18.36,18.75,04a59862o0283o
59862.119339,-20.57,1.607,-22,34,o,0,1.21,318.17044,-42.50001,8728.81,10128.48,3.0,2.58,71.8,-0.359,18.38,18.73,04a59862o0290o
59862.124752,-19.677,0.768,-49,38,o,0,1.07,318.17044,-42.50001,8708.13,10243.28,2.9,2.6,76.4,-0.358,18.4,18.7,04a59862o0302o
59864.063015,21.936,3.296,6,20,o,0,1.44,318.17044,-42.50001,8780.21,10199.58,3.27,2.83,54.6,-0.311,18.92,19.85,04a59864o0185o
59864.066209,20.278,0.75,28,21,o,0,0.94,318.17044,-42.50001,8798.35,10237.2,2.94,2.63,63.7,-0.365,18.97,19.81,04a59864o0192o
59864.07315,20.134,0.671,32,22,o,0,1.32,318.17044,-42.50001,8739.59,10153.87,3.01,2.77,61.2,-0.327,18.89,19.82,04a59864o0207o
59864.085979,-21.42,2.021,-10,20,o,0,1.32,318.17044,-42.50001,8716.31,10260.0,3.13,2.72,80.0,-0.335,18.87,19.79,04a59864o0235o
59865.790036,-20.836,0.712,-17,12,o,0,1.01,318.17044,-42.50001,9534.9,6403.53,2.74,2.24,-61.4,-0.385,19.33,20.78,03a59866o0125o
59865.79367,22.658,3.833,3,12,o,0,1.53,318.17044,-42.50001,9552.37,6443.11,2.83,2.34,-62.6,-0.383,19.31,20.78,03a59866o0133o
59865.80001,-20.582,0.538,-21,11,o,0,1.36,318.17044,-42.50001,9494.75,6362.67,2.74,2.23,-62.3,-0.385,19.35,20.78,03a59866o0147o
59865.810226,-22.026,2.091,-6,12,o,0,1.39,318.17044,-42.50001,9472.1,6477.19,2.87,2.27,-58.8,-0.385,19.33,20.84,03a59866o0169o
59868.061525,-21.766,1.193,-7,8,c,0,1.3,318.17044,-42.50001,2453.47,1934.05,2.56,2.01,48.9,-0.389,19.6,21.46,04a59868o0123c
59868.064734,23.38,5.692,2,9,c,0,0.99,318.17044,-42.50001,2473.7,1969.39,2.5,2.03,45.6,-0.394,19.59,21.44,04a59868o0130c
59868.070168,21.439,0.89,10,9,c,0,1.17,318.17044,-42.50001,2410.92,1889.22,2.48,1.93,47.1,-0.397,19.64,21.43,04a59868o0142c
59868.081052,20.694,0.405,19,8,c,0,1.49,318.17044,-42.50001,2386.93,1999.43,2.45,1.95,48.2,-0.397,19.65,21.49,04a59868o0166c
59869.817253,22.697,4.15,3,13,o,0,0.95,318.17044,-42.50001,9534.99,6410.04,2.79,2.2,-56.7,-0.385,19.35,20.7,03a59870o0177o
59869.822439,-21.445,1.169,-10,11,o,0,1.31,318.17044,-42.50001,9553.36,6450.62,2.72,2.13,-55.2,-0.389,19.36,20.68,03a59870o0188o
59869.825691,-23.011,4.813,-2,11,o,0,1.17,318.17044,-42.50001,9496.71,6369.51,2.68,2.12,-49.4,-0.383,19.39,20.7,03a59870o0195o
59869.838288,20.579,0.583,21,12,o,0,1.34,318.17044,-42.50001,9474.47,6484.96,2.65,2.08,-55.3,-0.388,19.39,20.68,03a59870o0222o
59872.059155,20.787,0.569,18,10,c,0,1.29,318.17044,-42.50001,2457.55,1932.8,2.93,2.53,47.0,-0.348,19.33,21.23,04a59872o0080c
59872.062345,20.132,0.353,32,11,c,0,0.91,318.17044,-42.50001,2476.01,1968.58,2.83,2.39,45.9,-0.363,19.39,21.21,04a59872o0087c
59872.070574,20.586,0.432,21,9,c,0,1.12,318.17044,-42.50001,2414.01,1886.39,2.89,2.42,48.7,-0.381,19.41,21.27,04a59872o0105c
59872.081781,21.097,0.681,13,9,c,0,1.47,318.17044,-42.50001,2390.06,1996.27,2.68,2.26,40.8,-0.376,19.47,21.33,04a59872o0129c
59873.784034,21.971,2.323,6,14,o,0,1.11,318.17044,-42.50001,6492.8,8291.31,2.93,2.54,-53.4,-0.393,19.17,20.53,03a59874o0100o
59873.787658,-22.986,6.308,-2,15,o,0,0.94,318.17044,-42.50001,6509.85,8330.24,2.83,2.45,-47.9,-0.404,19.23,20.54,03a59874o0108o
59873.792695,-20.189,0.434,-30,13,o,0,0.98,318.17044,-42.50001,6454.72,8254.12,2.78,2.36,-49.3,-0.395,19.27,20.56,03a59874o0118o
59873.802261,20.642,0.722,20,14,o,0,0.74,318.17044,-42.50001,6430.81,8366.07,2.83,2.41,-51.2,-0.398,19.28,20.62,03a59874o0139o
59876.038686,-24.95,56.0,0,21,c,0,1.16,318.17044,-42.50001,10521.99,2042.58,3.62,2.29,-25.3,-0.361,19.62,21.54,04a59876o0114c
59876.044101,24.589,19.0,0,10,c,0,0.92,318.17044,-42.50001,442.44,2086.01,3.45,2.2,47.6,-0.343,19.56,21.53,04a59876o0126c
59876.047252,-22.257,1.867,-4,8,c,0,1.17,318.17044,-42.50001,462.11,2121.42,3.24,1.99,44.8,-0.359,19.62,21.55,04a59876o0133c
59876.048602,20.1,0.441,33,15,c,0,1.32,318.17044,-42.50001,10496.82,2153.36,3.57,2.24,-25.9,-0.365,19.64,21.51,04a59876o0136c
59876.05364,20.053,0.268,35,9,c,0,1.47,318.17044,-42.50001,400.0,2041.11,3.34,2.09,43.7,-0.346,19.61,21.54,04a59876o0147c
59876.063606,21.407,1.016,10,10,c,0,1.19,318.17044,-42.50001,378.15,2151.56,3.25,2.07,44.1,-0.355,19.65,21.54,04a59876o0169c
59877.807821,21.601,2.63,8,22,o,0,1.4,318.17044,-42.50001,6493.55,8299.55,2.95,2.46,-45.1,-0.399,18.71,20.11,03a59878o0145o
59877.811561,-21.759,5.231,-7,38,o,0,1.03,318.17044,-42.50001,6511.67,8338.79,3.3,2.86,-43.4,-0.399,18.23,19.71,03a59878o0153o
59877.820854,20.571,0.709,22,15,o,0,1.06,318.17044,-42.50001,6454.89,8256.52,2.85,2.35,-42.4,-0.397,19.15,20.51,03a59878o0173o
59877.831818,20.473,0.745,24,18,o,0,0.94,318.17044,-42.50001,6433.9,8371.1,3.13,2.56,-40.5,-0.388,19.04,20.48,03a59878o0196o
59880.034881,20.679,1.0,19,19,c,0,1.8,318.17044,-42.50001,10520.07,2038.4,3.86,2.58,-25.1,-0.331,19.38,21.28,04a59880o0098c
59880.044421,-22.967,4.615,-2,11,c,0,1.1,318.17044,-42.50001,439.95,2078.9,3.44,2.2,45.4,-0.348,19.48,21.36,04a59880o0118c
59880.044871,20.495,0.734,23,17,c,0,0.86,318.17044,-42.50001,10494.38,2150.43,3.84,2.43,-29.1,-0.333,19.5,21.31,04a59880o0119c
59880.047574,21.468,1.176,9,11,c,0,0.91,318.17044,-42.50001,457.73,2115.57,3.44,2.26,44.2,-0.338,19.5,21.35,04a59880o0125c
59880.052992,21.313,0.911,11,10,c,0,1.35,318.17044,-42.50001,396.71,2034.53,3.52,2.27,43.1,-0.354,19.45,21.38,04a59880o0137c
59880.062997,20.287,0.385,28,11,c,0,1.2,318.17044,-42.50001,373.69,2146.74,3.4,2.29,46.0,-0.354,19.49,21.4,04a59880o0159c
59881.760238,21.236,1.047,12,12,o,0,1.22,318.17044,-42.50001,9245.65,4078.89,2.58,2.08,-64.4,-0.38,19.21,20.39,03a59882o0038o
59881.763045,20.535,0.698,22,16,o,0,1.01,318.17044,-42.50001,9262.84,4118.53,2.55,2.04,-62.4,-0.381,19.15,20.26,03a59882o0044o
59881.768518,-23.375,6.833,-2,11,o,0,1.38,318.17044,-42.50001,9204.41,4036.9,2.51,2.02,-65.0,-0.392,19.28,20.48,03a59882o0056o
59881.778981,20.592,0.572,21,12,o,0,1.01,318.17044,-42.50001,9179.67,4151.32,2.62,2.12,-64.5,-0.384,19.31,20.65,03a59882o0078o
59884.004486,20.697,6.126,19,117,o,0,0.56,318.17044,-42.50001,10525.67,8216.62,3.04,2.46,0.1,-0.44,18.13,18.26,04a59884o0032o
59884.014053,-20.642,1.583,-20,32,o,0,1.17,318.17044,-42.50001,10484.67,8168.0,3.06,2.6,5.1,-0.394,18.54,18.98,04a59884o0053o
59884.025992,-20.692,1.657,-19,32,o,0,1.11,318.17044,-42.50001,10465.15,8275.88,2.9,2.47,9.5,-0.419,18.56,19.03,04a59884o0079o
59884.027348,-21.261,1.889,-11,22,o,0,1.51,318.17044,-42.50001,972.91,8179.53,2.84,2.24,-84.7,-0.349,18.66,19.23,04a59884o0082o
59884.030156,21.514,2.778,9,25,o,0,1.02,318.17044,-42.50001,991.53,8215.0,2.91,2.34,88.7,-0.341,18.6,19.25,04a59884o0088o
59884.036083,20.567,1.07,22,23,o,0,1.49,318.17044,-42.50001,933.05,8134.71,2.81,2.17,-85.0,-0.354,18.69,19.26,04a59884o0101o
59884.046406,-20.606,1.276,-21,26,o,0,0.94,318.17044,-42.50001,909.32,8245.94,2.92,2.33,-84.3,-0.349,18.61,19.27,04a59884o0123o
59885.005579,20.574,3.364,21,72,o,0,1.03,318.17044,-42.50001,10524.45,8213.12,3.22,2.68,2.7,-0.396,18.02,18.13,04a59885o0033o
59885.012646,-20.987,2.5,-15,37,o,0,0.95,318.17044,-42.50001,974.35,8189.9,3.24,2.65,-78.4,-0.353,18.25,18.67,04a59885o0047o
59885.013997,-22.474,11.312,-4,42,o,0,0.82,318.17044,-42.50001,10483.78,8167.08,3.32,2.85,4.1,-0.358,18.3,18.69,04a59885o0050o
59885.020162,20.731,1.816,18,34,o,0,1.17,318.17044,-42.50001,989.93,8221.65,3.03,2.43,-86.2,-0.373,18.33,18.83,04a59885o0062o
59885.023058,-22.751,11.067,-3,32,o,0,1.21,318.17044,-42.50001,931.83,8144.03,3.01,2.54,-83.5,-0.355,18.38,18.77,04a59885o0067o
59885.026788,19.998,0.892,36,32,o,0,1.36,318.17044,-42.50001,10460.56,8274.02,3.36,2.91,5.4,-0.33,18.39,18.77,04a59885o0074o
59885.034026,20.013,0.849,36,30,o,0,1.41,318.17044,-42.50001,909.0,8253.4,3.1,2.46,-84.1,-0.355,18.34,18.76,04a59885o0087o
59886.088921,19.351,0.486,66,32,o,0,1.14,318.17044,-42.50001,10491.95,8172.05,2.99,2.56,-4.2,-0.373,18.6,18.94,04a59886o0047o
59886.089371,-21.658,2.827,-8,22,o,0,1.81,318.17044,-42.50001,948.99,8143.53,2.78,2.18,88.8,-0.348,18.54,18.91,04a59886o0048o
59886.091649,-19.729,0.664,-47,31,o,0,1.81,318.17044,-42.50001,10508.7,8211.17,2.98,2.7,-6.9,-0.347,18.57,18.94,04a59886o0053o
59886.092099,21.386,2.516,10,26,o,0,1.4,318.17044,-42.50001,966.16,8179.94,2.8,2.33,-88.8,-0.343,18.54,18.91,04a59886o0054o
59886.115379,-22.904,16.25,-2,41,o,0,0.81,318.17044,-42.50001,10437.47,8128.64,2.63,2.52,-37.4,-0.41,18.6,18.87,04a59886o0102o
59886.11583,-19.874,0.61,-41,25,o,0,1.05,318.17044,-42.50001,897.47,8101.31,2.69,2.06,87.9,-0.36,18.57,18.84,04a59886o0103o
59886.136351,-22.154,6.292,-5,31,o,0,1.48,318.17044,-42.50001,10406.12,8243.9,2.86,2.77,-12.5,-0.338,18.45,18.76,04a59886o0145o
59886.136801,21.906,4.273,6,27,o,0,1.52,318.17044,-42.50001,866.78,8218.06,2.61,2.03,-89.3,-0.361,18.39,18.64,04a59886o0146o
59887.799693,22.154,6.36,5,32,o,0,0.72,318.17044,-42.50001,8434.31,10318.18,3.14,2.4,-41.0,-0.424,18.64,19.23,03a59888o0127o
59888.022232,21.384,5.093,10,52,o,0,0.59,318.17044,-42.50001,10520.47,8195.13,2.92,2.6,-2.1,-0.4,18.75,19.35,04a59888o0064o
59888.032833,-19.114,2.694,-82,221,o,0,1.19,318.17044,-42.50001,10477.43,8148.36,2.97,2.61,-0.1,-0.408,17.25,19.1,04a59888o0087o
59888.078351,20.475,1.267,24,30,o,0,0.97,318.17044,-42.50001,955.25,8145.09,2.87,2.3,-89.4,-0.353,18.43,19.26,04a59888o0186o
59888.082094,18.793,0.335,110,37,o,0,1.21,318.17044,-42.50001,973.13,8182.33,2.86,2.34,-89.8,-0.357,18.41,19.06,04a59888o0194o
59888.087219,19.833,0.806,42,34,o,0,1.09,318.17044,-42.50001,912.83,8105.46,2.88,2.29,-87.8,-0.353,18.07,18.82,04a59888o0205o
59888.113343,-20.158,0.848,-31,27,o,0,1.12,318.17044,-42.50001,880.32,8220.8,2.8,2.17,88.3,-0.35,18.42,18.97,04a59888o0261o
59889.756216,-16.412,1.88,-989,1860,o,0,0.79,318.17044,-42.50001,8515.63,10292.92,2.94,2.24,-43.2,-0.486,14.67,14.12,03a59890o0030o
59889.761802,14.948,2.666,3810,10156,o,0,0.64,318.17044,-42.50001,8455.55,10206.54,2.68,2.1,-48.4,-0.512,12.79,12.09,03a59890o0042o
59889.773353,14.655,0.77,4989,3843,o,0,0.62,318.17044,-42.50001,8433.84,10323.95,3.01,2.34,-44.3,-0.48,13.95,13.34,03a59890o0067o
59892.012316,23.353,26.25,2,43,o,0,1.61,318.17044,-42.50001,3408.77,3746.85,2.23,2.06,80.9,-0.423,17.66,18.03,04a59892o0037o
59892.015497,-20.039,0.687,-35,24,o,0,1.16,318.17044,-42.50001,3427.53,3782.8,2.2,2.0,78.7,-0.417,18.42,19.04,04a59892o0044o
59892.020932,20.976,1.199,15,18,o,0,1.03,318.17044,-42.50001,3367.78,3702.61,2.11,1.92,72.1,-0.425,18.9,19.6,04a59892o0056o
59892.031038,21.573,19.5,8,166,o,0,1.46,318.17044,-42.50001,3345.53,3812.42,2.27,2.12,65.4,-0.402,16.52,17.0,04a59892o0078o
59893.772648,23.63,13.429,1,17,o,0,1.34,318.17044,-42.50001,8493.75,10246.96,2.92,2.32,-43.9,-0.433,19.11,20.22,03a59894o0060o
59893.794919,19.903,0.406,40,16,o,0,1.19,318.17044,-42.50001,8509.01,10283.04,3.2,2.56,-44.0,-0.434,19.24,20.62,03a59894o0108o
59893.79766,20.923,1.059,16,16,o,0,1.02,318.17044,-42.50001,8455.26,10203.59,3.23,2.59,-42.8,-0.443,19.21,20.59,03a59894o0114o
59893.802727,20.851,0.916,17,15,o,0,1.14,318.17044,-42.50001,8434.45,10320.14,3.05,2.43,-43.4,-0.439,19.23,20.46,03a59894o0125o
59897.760542,-21.342,1.3,-10,14,c,0,1.33,318.17044,-42.50001,2384.48,1859.76,2.3,2.12,-50.8,-0.396,19.14,20.06,03a59898o0019c
59897.763248,20.412,0.505,25,12,c,0,0.97,318.17044,-42.50001,2400.61,1895.12,2.32,2.15,-50.4,-0.404,19.34,20.51,03a59898o0025c
59897.768768,20.818,0.524,17,9,c,0,1.03,318.17044,-42.50001,2338.89,1814.41,2.31,2.16,-53.1,-0.396,19.59,21.09,03a59898o0037c
59897.781653,-22.325,1.886,-4,8,c,0,1.75,318.17044,-42.50001,2315.97,1929.34,2.29,2.13,-53.9,-0.402,19.7,21.4,03a59898o0065c
59900.012809,-19.67,0.636,-49,31,o,0,0.95,318.17044,-42.50001,5014.88,10304.27,3.09,2.28,-79.8,-0.394,18.43,18.96,04a59900o0027o
59900.029782,20.307,0.548,27,15,o,0,1.3,318.17044,-42.50001,9747.14,200.59,3.61,2.51,-30.1,-0.359,19.18,20.7,04a59900o0064o
59900.030233,-21.21,1.224,-12,15,o,0,1.11,318.17044,-42.50001,5029.01,10335.1,3.07,2.24,-83.3,-0.39,19.27,20.73,04a59900o0065o
59900.032036,21.018,1.103,14,16,o,0,1.34,318.17044,-42.50001,9685.29,119.98,3.6,2.41,-30.6,-0.349,19.28,20.71,04a59900o0069o
59900.032936,21.305,1.267,11,14,o,0,1.11,318.17044,-42.50001,4970.49,10256.93,3.16,2.26,-82.7,-0.375,19.27,20.76,04a59900o0071o
59901.765177,17.229,1.904,466,887,c,0,1.0,318.17044,-42.50001,2383.73,1858.02,2.84,2.6,-67.6,-0.376,14.92,16.04,03a59902o0029c
59901.768332,16.564,0.595,860,511,c,0,1.68,318.17044,-42.50001,2400.1,1897.75,3.03,2.83,-60.3,-0.368,15.21,16.64,03a59902o0036c
59901.774721,18.072,0.635,214,136,c,0,1.06,318.17044,-42.50001,2336.89,1818.62,2.8,2.59,-61.6,-0.393,16.69,18.4,03a59902o0050c
59901.788573,-19.178,1.133,-77,88,c,0,1.45,318.17044,-42.50001,2314.73,1933.07,2.93,2.66,-67.2,-0.382,17.19,19.12,03a59902o0080c
59904.070565,-21.369,1.589,-10,16,o,0,0.95,318.17044,-42.50001,4987.27,10291.67,3.11,2.17,-80.9,-0.379,19.13,20.38,04a59904o0147o
59904.071016,22.038,3.0,6,17,o,0,1.22,318.17044,-42.50001,9698.6,158.8,3.33,2.21,-33.6,-0.375,19.16,20.44,04a59904o0148o
59904.073722,-20.819,0.959,-17,16,o,0,1.02,318.17044,-42.50001,5003.72,10331.54,3.05,2.11,-83.2,-0.365,19.14,20.4,04a59904o0154o
59904.074172,-20.028,0.556,-35,20,o,0,1.13,318.17044,-42.50001,9716.29,199.7,3.34,2.22,-33.1,-0.372,19.15,20.39,04a59904o0155o
59904.098979,21.292,1.456,11,16,o,0,1.12,318.17044,-42.50001,4936.07,10256.52,2.97,1.96,-82.0,-0.39,19.14,20.36,04a59904o0209o
59904.099429,20.01,0.5,36,18,o,0,1.55,318.17044,-42.50001,9640.28,121.56,3.33,2.19,-34.3,-0.369,19.09,20.39,04a59904o0210o
59904.117484,-22.514,4.81,-4,17,o,0,1.03,318.17044,-42.50001,4908.52,10379.09,3.07,2.03,-78.7,-0.36,19.1,20.28,04a59904o0249o
59904.117934,20.494,0.897,23,21,o,0,1.11,318.17044,-42.50001,9607.46,243.47,2.93,2.15,-35.0,-0.354,19.07,20.23,04a59904o0250o
60028.34296,21.393,1.652,10,17,o,0,1.01,318.17044,-42.50001,8797.33,4369.39,2.23,2.03,-26.8,-0.404,19.0,20.02,04a60028o0598o
60028.344799,21.108,1.267,13,17,o,0,1.17,318.17044,-42.50001,8777.99,4331.01,2.29,2.12,-33.1,-0.39,19.01,20.05,04a60028o0602o
60028.369108,-21.585,1.508,-8,13,o,0,1.3,318.17044,-42.50001,8821.32,4408.64,2.23,1.9,-18.6,-0.42,19.14,20.24,04a60028o0653o
60028.387652,-21.086,0.989,-13,13,o,0,1.15,318.17044,-42.50001,8834.25,4301.46,2.27,2.04,-23.5,-0.417,19.19,20.34,04a60028o0692o
60035.351981,19.555,0.246,55,14,o,0,0.95,318.17044,-42.50001,1002.48,4296.64,2.13,1.84,46.6,-0.399,19.12,20.21,04a60035o0808o
60035.36749,-26.085,105.0,0,14,o,0,1.38,318.17044,-42.50001,977.76,4260.16,2.12,1.93,53.2,-0.422,19.09,20.4,04a60035o0840o
60035.370742,21.503,1.587,9,14,o,0,1.22,318.17044,-42.50001,1036.89,4339.35,2.08,1.95,65.9,-0.418,19.16,20.22,04a60035o0847o
60035.386653,-20.227,0.513,-30,15,o,0,0.91,318.17044,-42.50001,1053.37,4226.93,2.17,1.97,57.4,-0.408,19.15,20.24,04a60035o0880o
60037.392592,21.329,0.904,11,10,o,0,1.78,318.17044,-42.50001,994.06,4303.35,2.03,1.85,63.1,-0.422,19.33,20.55,04a60037o0869o
60037.396832,-22.19,2.548,-5,12,o,0,1.18,318.17044,-42.50001,974.27,4264.32,2.13,1.8,54.3,-0.411,19.37,20.57,04a60037o0878o
60037.402441,20.408,0.488,25,12,o,0,1.1,318.17044,-42.50001,1033.46,4344.19,2.15,1.85,57.0,-0.403,19.32,20.49,04a60037o0890o
60037.411883,21.957,3.036,6,18,o,0,1.39,318.17044,-42.50001,1053.44,4230.29,2.0,1.82,61.5,-0.424,18.91,19.63,04a60037o0910o
60040.340905,20.047,17.333,35,602,o,0,1.76,318.17044,-42.50001,3324.12,6566.89,2.03,1.76,-85.2,-0.444,17.07,18.02,04a60040o0790o
60040.346162,-20.406,1.168,-25,29,o,0,1.44,318.17044,-42.50001,3302.52,6529.32,2.02,1.84,-70.7,-0.449,18.2,18.57,04a60040o0801o
60040.369166,-19.458,0.554,-60,33,o,0,1.08,318.17044,-42.50001,3356.3,6611.32,2.06,1.78,-74.5,-0.432,18.37,18.73,04a60040o0850o
60046.093196,20.627,1.129,20,23,o,0,1.04,318.17044,-42.50001,7800.6,2618.65,2.35,2.17,-41.6,-0.445,18.62,19.14,03a60046o0786o
60046.110165,-18.665,5.025,-124,624,o,0,1.01,318.17044,-42.50001,7778.56,2586.34,2.26,2.12,-43.4,-0.471,15.31,14.95,03a60046o0821o
60046.112983,17.292,1.17,440,514,o,0,0.91,318.17044,-42.50001,7834.25,2663.04,2.21,2.03,-44.6,-0.475,15.53,15.21,03a60046o0827o
60046.132676,-16.315,4.088,-1082,4423,o,0,1.1,318.17044,-42.50001,7861.84,2538.26,2.28,2.19,-18.4,-0.481,13.09,12.61,03a60046o0866o
60047.368155,21.123,1.388,13,18,o,0,1.71,318.17044,-42.50001,7823.95,2577.05,2.23,1.92,-33.1,-0.403,18.7,19.36,04a60047o0825o
60047.371334,23.046,12.941,2,28,o,0,0.78,318.17044,-42.50001,7803.94,2539.28,2.19,2.0,-31.0,-0.412,18.71,19.27,04a60047o0832o
60047.392966,-21.424,2.244,-10,22,o,0,1.1,318.17044,-42.50001,7866.31,2620.44,2.18,1.95,-31.1,-0.429,18.71,19.26,04a60047o0875o
60047.408736,21.906,3.553,6,22,o,0,0.88,318.17044,-42.50001,7889.84,2508.95,2.24,2.03,-25.7,-0.416,18.74,19.26,04a60047o0907o
60053.323817,21.595,4.727,8,40,c,0,0.95,318.17044,-42.50001,9302.66,10497.06,2.84,2.56,-52.3,-0.4,19.17,20.85,04a60053o0757c
60053.327077,-19.902,0.804,-40,32,c,0,0.95,318.17044,-42.50001,9281.4,10458.93,2.78,2.57,-48.2,-0.422,19.18,20.93,04a60053o0764c
60053.406834,20.877,0.901,16,15,c,0,1.21,318.17044,-42.50001,9365.15,10439.55,2.82,2.42,-76.3,-0.408,19.44,21.07,04a60053o0858c
60061.003328,19.582,0.833,53,44,o,0,1.0,318.17044,-42.50001,5224.14,6952.48,2.49,2.13,-43.4,-0.396,18.14,19.24,03a60061o0609o
60061.028741,20.735,0.708,18,13,o,0,1.34,318.17044,-42.50001,5200.28,6913.73,2.41,2.04,-43.5,-0.395,19.25,20.39,03a60061o0659o
60061.057313,21.155,1.5,12,19,o,0,0.89,318.17044,-42.50001,5258.76,6977.38,2.35,2.03,-44.5,-0.403,19.01,20.13,03a60061o0716o
60061.069354,-21.48,1.846,-9,17,o,0,1.35,318.17044,-42.50001,5274.79,6868.12,2.32,2.0,-45.9,-0.408,18.98,20.12,03a60061o0739o
60063.136254,20.201,0.42,30,13,o,0,0.76,318.17044,-42.50001,2084.71,2289.15,2.13,1.93,-60.8,-0.434,19.38,20.36,03a60063o0881o
60063.141419,21.341,1.193,11,13,o,0,0.86,318.17044,-42.50001,2066.6,2249.27,2.3,2.04,-63.3,-0.42,19.33,20.37,03a60063o0889o
60063.15501,20.525,0.632,22,14,o,0,0.88,318.17044,-42.50001,2147.25,2213.35,2.13,1.92,-48.3,-0.443,19.4,20.55,03a60063o0916o
60064.050525,21.513,1.721,9,16,o,0,1.22,318.17044,-42.50001,2027.22,8395.52,3.02,2.75,-37.6,-0.364,19.13,20.46,03a60064o0742o
60064.053356,-21.519,1.673,-9,15,o,0,1.07,318.17044,-42.50001,2008.9,8353.31,2.86,2.51,-41.9,-0.37,19.21,20.48,03a60064o0748o
60064.075692,19.912,0.373,39,15,o,0,0.95,318.17044,-42.50001,2064.82,8431.63,2.58,2.25,-41.6,-0.385,19.31,20.45,03a60064o0794o
60064.093572,21.582,1.667,8,14,o,0,1.25,318.17044,-42.50001,2084.67,8317.66,2.78,2.4,-42.2,-0.378,19.17,20.35,03a60064o0830o
60066.151272,20.341,0.512,26,14,o,0,1.18,318.17044,-42.50001,5866.51,2217.99,2.35,2.07,-33.5,-0.422,19.1,20.08,03a60066o0893o
60066.155509,21.095,1.457,13,19,o,0,1.3,318.17044,-42.50001,5849.27,2178.9,2.32,2.09,-34.8,-0.416,18.79,19.71,03a60066o0902o
60066.170857,-20.209,1.466,-30,44,o,0,1.7,318.17044,-42.50001,5908.2,2257.82,2.05,1.98,-33.9,-0.478,17.98,18.38,03a60066o0934o
60066.173427,-21.0,4.812,-14,70,o,0,1.1,318.17044,-42.50001,5929.5,2142.14,2.15,1.91,-50.9,-0.448,17.45,17.55,03a60066o0938o
60067.041154,21.084,1.846,13,25,o,0,0.61,318.17044,-42.50001,5848.72,2225.84,2.07,1.89,-40.5,-0.459,18.87,19.46,03a60067o0732o
60067.043931,-22.499,3.235,-4,12,o,0,2.01,318.17044,-42.50001,5830.93,2185.62,2.08,1.87,-43.4,-0.452,18.89,19.48,03a60067o0738o
60067.062652,22.22,3.045,5,14,o,0,1.66,318.17044,-42.50001,5890.9,2258.46,2.09,1.88,-46.7,-0.457,18.96,19.57,03a60067o0775o
60067.067785,20.168,0.568,31,18,o,0,1.59,318.17044,-42.50001,5911.52,2142.79,2.12,1.94,-42.4,-0.453,18.97,19.61,03a60067o0786o
60069.086581,19.602,0.428,52,22,o,0,1.3,318.17044,-42.50001,6100.89,8793.98,2.72,2.31,-34.4,-0.383,18.64,19.2,03a60069o0831o
60069.110412,19.812,0.563,43,24,o,0,1.29,318.17044,-42.50001,6085.92,8752.92,2.88,2.54,-37.7,-0.382,18.6,19.3,03a60069o0881o
60069.113645,-19.725,0.472,-47,22,o,0,1.12,318.17044,-42.50001,6144.04,8829.83,2.89,2.46,-34.6,-0.373,18.66,19.3,03a60069o0887o
60069.131163,19.698,0.495,48,24,o,0,0.94,318.17044,-42.50001,6166.52,8715.05,2.89,2.41,-35.2,-0.374,18.69,19.34,03a60069o0922o
60069.17878,-21.362,3.243,-10,34,o,0,0.92,318.17044,-42.50001,6136.05,8769.77,2.73,2.22,-40.2,-0.375,18.29,18.38,03a60069o1018o
60070.018161,18.811,3.261,109,354,o,0,1.29,318.17044,-42.50001,8672.43,4410.5,2.37,2.12,-48.1,-0.5,15.4,14.92,03a60070o0691o
60070.061491,-19.6,9.667,-52,507,o,0,1.3,318.17044,-42.50001,8744.62,4377.79,2.39,2.08,-52.3,-0.436,15.36,14.73,03a60070o0783o
60071.222705,-20.693,1.963,-19,38,o,0,1.47,318.17044,-42.50001,8791.0,4372.43,2.68,2.07,-15.0,-0.358,17.96,18.3,04a60071o0494o
60071.22555,19.789,0.883,44,39,o,0,1.21,318.17044,-42.50001,8770.22,4336.16,2.46,1.98,-19.7,-0.386,18.05,18.34,04a60071o0500o
60071.230712,20.463,1.415,24,34,o,0,1.43,318.17044,-42.50001,8825.86,4412.35,2.54,2.13,-20.3,-0.391,18.06,18.4,04a60071o0511o
60071.240876,-19.878,0.838,-41,34,o,0,0.72,318.17044,-42.50001,8840.61,4295.68,2.34,2.08,-22.6,-0.39,18.21,18.5,04a60071o0533o
60072.087295,-21.527,2.529,-9,22,o,0,1.28,318.17044,-42.50001,935.84,4170.69,2.39,2.08,-66.3,-0.394,18.68,19.08,03a60072o0837o
60072.089201,-20.985,1.442,-15,21,o,0,1.52,318.17044,-42.50001,917.13,4130.31,2.42,2.1,-65.5,-0.391,18.68,19.09,03a60072o0841o
60072.09295,20.848,1.496,17,25,o,0,0.95,318.17044,-42.50001,974.18,4209.18,2.41,2.1,-66.1,-0.393,18.71,19.11,03a60072o0849o
60072.10684,-22.914,9.15,-2,23,o,0,0.92,318.17044,-42.50001,996.19,4093.48,2.34,2.07,-61.9,-0.408,18.71,19.1,03a60072o0876o
60072.98938,19.691,0.533,48,26,o,0,1.39,318.17044,-42.50001,932.86,4189.26,2.45,2.18,-63.9,-0.39,18.39,18.65,03a60073o0606o
60073.01597,20.131,0.838,32,27,o,0,1.33,318.17044,-42.50001,911.31,4144.62,2.46,2.08,-65.9,-0.398,18.54,18.8,03a60073o0662o
60073.017795,20.129,0.894,32,29,o,0,1.04,318.17044,-42.50001,969.71,4222.1,2.38,2.09,-65.8,-0.397,18.51,18.77,03a60073o0666o
60073.020595,-20.749,1.537,-18,28,o,0,1.09,318.17044,-42.50001,991.31,4104.77,2.38,2.11,-66.6,-0.399,18.52,18.74,03a60073o0672o
60075.091648,21.684,2.914,8,22,o,0,1.51,318.17044,-42.50001,3963.09,2269.63,2.13,1.95,-44.8,-0.437,18.56,18.81,03a60075o0833o
60075.094526,19.442,0.421,61,26,o,0,1.23,318.17044,-42.50001,3945.54,2230.48,2.16,1.94,-48.2,-0.438,18.59,18.79,03a60075o0839o
60075.097747,20.566,1.036,22,22,o,0,1.43,318.17044,-42.50001,3999.9,2310.73,2.13,1.97,-31.9,-0.436,18.6,18.8,03a60075o0846o
60075.114065,22.368,6.811,4,28,o,0,1.08,318.17044,-42.50001,4025.56,2194.31,2.16,1.94,-49.1,-0.423,18.54,18.74,03a60075o0881o
60077.185986,22.212,5.765,5,27,o,0,2.02,318.17044,-42.50001,1376.19,6620.22,2.35,2.07,82.7,-0.37,18.37,19.46,04a60077o0500o
60077.188879,19.852,0.699,42,29,o,0,1.09,318.17044,-42.50001,1354.59,6581.96,2.29,2.03,79.9,-0.374,18.49,19.54,04a60077o0506o
60077.195566,20.567,0.909,22,20,o,0,1.0,318.17044,-42.50001,1409.11,6661.83,2.22,1.95,84.6,-0.384,18.79,19.8,04a60077o0520o
60077.231351,21.867,2.957,6,19,o,0,1.37,318.17044,-42.50001,1407.42,6554.3,2.19,1.91,84.2,-0.381,18.84,19.78,04a60077o0596o
60083.293249,-22.675,10.556,-3,33,o,0,1.1,318.17044,-42.50001,173.59,8557.97,2.38,2.01,-81.5,-0.406,17.85,18.87,04a60083o0619o
60083.294653,-18.948,0.475,-96,46,o,0,1.59,318.17044,-42.50001,10291.19,8513.73,2.49,2.15,1.2,-0.456,17.89,18.97,04a60083o0622o
60083.295112,22.779,19.4,3,54,o,0,1.07,318.17044,-42.50001,152.18,8519.84,2.67,2.11,-89.2,-0.35,17.86,18.94,04a60083o0623o
60083.297556,-21.172,4.524,-12,56,o,0,1.45,318.17044,-42.50001,10271.31,8476.19,2.54,2.02,2.3,-0.428,18.72,19.74,04a60083o0628o
60083.298574,21.684,7.929,8,61,o,0,1.02,318.17044,-42.50001,215.51,8598.75,2.33,2.07,-81.5,-0.404,18.0,19.06,04a60083o0630o
60083.300458,-18.393,1.2,-159,191,o,0,1.15,318.17044,-42.50001,10333.65,8552.47,2.65,2.19,-3.2,-0.446,16.49,17.58,04a60083o0634o
60083.303782,18.543,0.575,139,80,o,0,1.22,318.17044,-42.50001,237.22,8482.96,2.66,2.07,89.8,-0.343,17.58,18.63,04a60083o0641o
60083.305738,18.886,3.125,101,316,o,0,1.38,318.17044,-42.50001,10352.93,8434.92,2.67,2.41,-11.4,-0.512,16.03,17.15,04a60083o0645o
60085.156157,20.56,0.411,22,9,c,0,1.39,318.17044,-42.50001,10389.07,8309.59,2.57,2.34,-15.4,-0.391,19.66,21.47,03a60085o0841c
60085.175503,-25.134,39.0,0,12,c,0,0.87,318.17044,-42.50001,10405.73,8356.71,2.56,2.34,-32.8,-0.384,19.41,20.99,03a60085o0881c
60085.178344,20.491,0.53,23,12,c,0,0.81,318.17044,-42.50001,10347.29,8273.31,2.58,2.29,-48.6,-0.383,19.38,20.79,03a60085o0887c
60085.183172,20.228,1.406,29,41,c,0,0.18,318.17044,-42.50001,10328.77,8391.07,2.53,2.27,-46.9,-0.384,19.17,20.14,03a60085o0896c
60085.184596,21.021,1.135,14,16,c,0,1.17,318.17044,-42.50001,840.85,8069.76,2.55,2.22,-21.6,-0.363,19.0,19.86,03a60085o0899c
60088.043074,20.57,0.523,22,11,c,0,1.26,318.17044,-42.50001,811.26,10326.13,3.11,2.69,-36.3,-0.395,19.62,21.65,03a60088o0744c
60088.04587,22.33,2.292,4,10,c,0,1.18,318.17044,-42.50001,834.34,10210.08,2.9,2.53,-38.5,-0.393,19.68,21.65,03a60088o0750c
60089.266832,20.126,0.409,32,13,o,0,1.54,318.17044,-42.50001,9725.98,3584.75,2.6,2.0,-20.7,-0.401,19.15,20.43,04a60089o0436o
60089.269243,-20.913,0.869,-16,14,o,0,1.17,318.17044,-42.50001,9707.88,3546.91,2.62,1.98,-22.2,-0.397,19.19,20.44,04a60089o0441o
60089.304474,-21.413,1.437,-10,14,o,0,1.08,318.17044,-42.50001,9814.34,3621.9,2.62,1.95,-19.9,-0.405,19.26,20.53,04a60089o0510o
60091.006007,22.053,1.875,6,10,c,0,1.26,318.17044,-42.50001,3190.08,6501.15,2.83,2.62,-38.5,-0.348,19.47,21.34,03a60091o0576c
60091.021459,22.204,2.03,5,10,c,0,1.25,318.17044,-42.50001,3168.23,6468.75,2.56,2.37,-37.5,-0.373,19.57,21.34,03a60091o0608c
60091.024193,22.157,1.806,5,9,c,0,1.13,318.17044,-42.50001,3227.4,6545.01,2.53,2.31,-40.3,-0.375,19.6,21.35,03a60091o0614c
60091.03542,21.384,0.859,10,9,c,0,1.17,318.17044,-42.50001,3250.09,6426.09,2.59,2.36,-36.4,-0.373,19.61,21.39,03a60091o0638c
60105.955354,20.816,1.028,17,18,o,0,1.45,318.17044,-42.50001,43.94,323.24,2.63,2.39,-62.7,-0.441,19.25,20.52,03a60106o0584o
60105.986123,24.435,31.5,1,19,o,0,1.85,318.17044,-42.50001,90.36,354.09,2.56,2.32,-66.0,-0.464,19.28,20.47,03a60106o0648o
60106.014722,-20.372,0.592,-26,15,o,0,3.26,318.17044,-42.50001,116.87,228.34,2.59,2.35,-59.3,-0.44,19.25,20.5,03a60106o0709o
60106.031747,25.215,46.0,0,14,o,0,1.66,318.17044,-42.50001,9626.25,555.54,2.43,2.28,-25.6,-0.484,19.24,20.42,03a60106o0745o
60106.053349,20.355,0.619,26,16,o,0,1.26,318.17044,-42.50001,9614.06,514.85,2.49,2.28,-24.0,-0.468,19.26,20.42,03a60106o0790o
60106.056548,20.603,0.794,21,16,o,0,0.82,318.17044,-42.50001,9669.48,592.81,2.48,2.33,-33.0,-0.472,19.22,20.43,03a60106o0797o
60106.062043,-21.205,1.278,-12,15,o,0,1.17,318.17044,-42.50001,9694.96,473.94,2.52,2.27,-23.0,-0.479,19.25,20.4,03a60106o0809o
60117.928785,21.516,1.263,9,11,o,0,1.1,318.17044,-42.50001,6094.99,8790.69,2.67,2.27,-37.3,-0.393,19.45,20.92,03a60118o0316o
60117.931614,20.171,0.371,31,12,o,0,1.0,318.17044,-42.50001,6077.75,8749.03,2.5,2.13,-39.1,-0.41,19.53,20.93,03a60118o0322o
60117.937455,21.239,0.892,12,10,o,0,1.18,318.17044,-42.50001,6138.03,8825.31,2.46,2.16,-37.0,-0.417,19.56,21.0,03a60118o0334o
60117.967806,-21.574,1.373,-8,12,o,0,0.9,318.17044,-42.50001,6159.82,8706.85,2.71,2.39,-39.6,-0.4,19.45,21.03,03a60118o0397o
60125.184763,20.36,0.756,26,20,o,0,1.04,318.17044,-42.50001,3973.4,2334.9,2.04,1.88,23.1,-0.43,18.91,19.77,04a60125o0516o
60125.188109,20.644,1.0,20,20,o,0,0.82,318.17044,-42.50001,3955.23,2296.85,1.79,1.74,61.6,-0.433,18.98,19.76,04a60125o0523o
60125.22277,20.063,0.471,34,16,o,0,1.2,318.17044,-42.50001,4027.04,2380.1,1.81,1.78,63.6,-0.435,19.01,19.79,04a60125o0597o
60125.231113,20.335,0.72,27,19,o,0,0.74,318.17044,-42.50001,4047.28,2270.16,1.9,1.82,45.9,-0.454,19.03,19.81,04a60125o0614o
60126.916973,-20.952,1.6,-15,24,o,0,1.11,318.17044,-42.50001,1227.09,6503.63,2.37,2.1,-57.5,-0.419,18.72,19.07,03a60127o0486o
60126.919798,22.638,7.542,3,24,o,0,1.01,318.17044,-42.50001,1207.83,6464.12,2.4,2.11,-55.7,-0.419,18.72,19.08,03a60127o0492o
60126.925416,21.157,1.816,12,23,o,0,1.22,318.17044,-42.50001,1267.16,6541.6,2.32,2.08,-57.9,-0.422,18.75,19.1,03a60127o0504o
60126.935888,21.021,1.649,14,23,o,0,0.88,318.17044,-42.50001,1291.78,6422.79,2.34,2.09,-58.2,-0.415,18.76,19.12,03a60127o0526o
60132.076857,-18.924,0.634,-98,62,o,0,1.23,318.17044,-42.50001,10514.91,2176.47,4.16,2.64,3.6,-0.339,17.75,18.34,03a60132o0780o
60132.078169,19.012,0.435,90,39,o,0,1.04,318.17044,-42.50001,457.77,1959.27,3.43,2.48,-3.3,-0.347,18.07,18.57,03a60132o0782o
60132.105949,-20.076,1.347,-34,46,o,0,1.13,318.17044,-42.50001,10485.24,2290.58,2.91,2.53,-4.2,-0.354,18.21,18.6,03a60132o0836o
60132.106432,-20.582,2.169,-21,46,o,0,0.68,318.17044,-42.50001,471.31,1997.46,3.48,2.57,-6.3,-0.341,18.11,18.53,03a60132o0837o
60132.13771,-20.307,1.689,-27,46,o,0,1.14,318.17044,-42.50001,412.08,1921.9,3.03,2.6,-8.6,-0.381,18.03,18.38,03a60132o0898o
60132.163571,20.741,4.017,18,74,o,0,1.0,318.17044,-42.50001,386.76,2040.41,3.33,2.72,-4.5,-0.358,17.62,18.22,03a60132o0950o
60136.062004,21.28,0.894,11,10,o,0,1.86,318.17044,-42.50001,3372.36,3704.18,2.04,1.96,-53.6,-0.462,19.58,20.88,03a60136o0653o
60136.067522,20.692,0.607,19,12,o,0,1.14,318.17044,-42.50001,3388.7,3743.54,2.06,1.94,-61.2,-0.463,19.57,20.86,03a60136o0664o
60136.07033,-21.499,1.07,-9,10,o,0,1.8,318.17044,-42.50001,3331.83,3665.89,2.07,1.93,-58.2,-0.449,19.6,20.86,03a60136o0670o
60136.080464,23.205,4.706,2,9,o,0,1.65,318.17044,-42.50001,3307.49,3783.09,2.1,1.99,-60.2,-0.454,19.55,20.85,03a60136o0691o
60137.964095,21.012,0.512,14,7,c,0,1.37,318.17044,-42.50001,5707.6,261.05,2.3,2.15,-34.4,-0.389,19.88,21.96,03a60138o0576c
60137.966009,20.856,0.475,16,8,c,0,0.86,318.17044,-42.50001,5690.38,221.72,2.31,2.16,-44.9,-0.385,19.88,21.98,03a60138o0580c
60138.00181,20.492,0.389,23,9,c,0,0.76,318.17044,-42.50001,5760.34,300.18,2.35,2.22,-36.2,-0.392,19.84,21.86,03a60138o0654c
60138.007247,20.844,0.439,17,7,c,0,1.06,318.17044,-42.50001,5783.02,183.75,2.37,2.27,-33.9,-0.392,19.86,21.85,03a60138o0663c
60138.942262,21.199,0.644,12,8,c,0,0.77,318.17044,-42.50001,5704.85,261.67,2.42,2.29,-38.0,-0.385,19.8,21.91,03a60139o0536c
60138.948374,21.219,0.596,12,7,c,0,1.42,318.17044,-42.50001,5743.14,302.38,2.44,2.3,-40.3,-0.386,19.8,21.89,03a60139o0548c
60138.953656,20.984,0.5,15,7,c,0,1.38,318.17044,-42.50001,5766.27,185.09,2.43,2.28,-43.3,-0.382,19.82,21.89,03a60139o0559c
60138.978557,21.856,1.308,7,9,c,0,1.12,318.17044,-42.50001,796.96,10270.04,2.82,2.51,-37.0,-0.411,19.76,21.91,03a60139o0611c
60138.980823,21.652,1.106,8,9,c,0,1.03,318.17044,-42.50001,777.55,10230.91,2.82,2.49,-39.5,-0.413,19.76,21.92,03a60139o0616c
60138.984073,21.246,0.891,12,10,c,0,0.86,318.17044,-42.50001,837.51,10314.06,2.92,2.59,-36.2,-0.405,19.73,21.92,03a60139o0623c
60138.995706,21.858,1.55,7,10,c,0,0.88,318.17044,-42.50001,865.09,10195.85,2.78,2.44,-42.3,-0.406,19.76,21.93,03a60139o0647c
60142.082586,21.741,1.969,7,14,c,0,1.07,318.17044,-42.50001,5750.96,6445.85,2.38,2.16,-51.3,-0.39,19.02,20.77,03a60142o0780c
60142.085824,20.955,0.847,15,13,c,0,1.28,318.17044,-42.50001,5769.26,6484.9,2.36,2.19,-43.7,-0.396,19.2,20.94,03a60142o0787c
60142.1197,20.902,0.68,16,11,c,0,1.17,318.17044,-42.50001,5713.87,6407.02,2.31,2.09,-49.9,-0.383,19.46,21.15,03a60142o0856c
60142.135254,21.447,1.133,10,11,c,0,1.19,318.17044,-42.50001,5688.25,6519.23,2.32,2.11,-48.5,-0.389,19.4,21.15,03a60142o0887c
60147.058689,21.309,0.821,11,9,c,0,1.25,318.17044,-42.50001,2746.73,7988.84,2.5,2.25,-36.6,-0.382,19.58,21.61,03a60147o0719c
60147.064223,20.921,0.756,16,12,c,0,0.98,318.17044,-42.50001,2689.73,7911.56,2.78,2.37,-19.0,-0.386,19.44,21.54,03a60147o0730c
60147.100294,20.452,0.472,24,11,c,0,0.89,318.17044,-42.50001,2671.2,8029.45,2.56,2.28,-37.1,-0.386,19.55,21.53,03a60147o0799c
60148.023609,20.151,0.292,32,9,c,0,1.33,318.17044,-42.50001,6441.16,1735.63,2.42,2.27,-14.9,-0.423,19.69,21.53,03a60148o0685c
60148.029617,20.834,0.473,17,8,c,0,1.39,318.17044,-42.50001,6458.78,1775.1,2.62,2.35,-8.6,-0.409,19.64,21.57,03a60148o0698c
60148.037721,21.047,0.716,14,10,c,0,0.82,318.17044,-42.50001,6400.48,1694.92,2.32,2.2,-39.9,-0.425,19.76,21.53,03a60148o0714c
60148.04064,21.207,0.864,12,10,c,0,1.01,318.17044,-42.50001,6377.24,1810.71,2.38,2.29,-23.6,-0.425,19.7,21.52,03a60148o0719c
60149.989607,20.969,0.594,15,9,c,0,0.9,318.17044,-42.50001,3768.75,6024.88,2.28,2.11,-44.3,-0.381,19.79,21.65,03a60150o0588c
60149.998364,21.252,0.739,12,8,c,0,1.06,318.17044,-42.50001,3786.05,6063.29,2.44,2.21,-20.0,-0.374,19.75,21.67,03a60150o0606c
60150.035346,26.218,72.0,0,8,c,0,1.18,318.17044,-42.50001,3703.85,6101.88,2.34,2.16,-41.9,-0.384,19.75,21.58,03a60150o0679c
60151.211172,20.215,0.386,30,12,o,0,1.24,318.17044,-42.50001,6900.98,4561.1,2.05,1.9,-18.5,-0.449,19.44,20.86,04a60151o0197o
60151.212555,21.217,0.867,12,10,o,0,1.56,318.17044,-42.50001,6883.04,4522.67,2.05,1.92,-10.5,-0.44,19.45,20.86,04a60151o0200o
60151.240405,21.715,1.576,8,12,o,0,0.74,318.17044,-42.50001,6971.36,4602.09,2.08,1.89,-16.2,-0.445,19.57,21.15,04a60151o0257o
60151.260305,21.015,0.695,14,10,o,0,1.01,318.17044,-42.50001,3840.85,6151.51,2.09,1.85,-82.6,-0.442,19.51,21.09,04a60151o0294o
60155.140997,-21.011,1.519,-14,22,o,0,1.93,318.17044,-42.50001,2926.3,4264.95,2.04,1.85,-89.1,-0.436,18.68,19.13,04a60155o0409o
60155.155791,-21.399,2.24,-10,22,o,0,1.14,318.17044,-42.50001,2913.3,4231.21,1.93,1.77,76.3,-0.429,18.73,19.19,04a60155o0440o
60155.159004,-22.034,3.793,-6,21,o,0,1.3,318.17044,-42.50001,2973.85,4311.07,1.91,1.78,74.2,-0.432,18.73,19.18,04a60155o0447o
60155.174235,-22.102,3.585,-5,19,o,0,1.65,318.17044,-42.50001,3003.75,4195.84,1.94,1.84,59.9,-0.417,18.77,19.25,04a60155o0479o
60159.988565,15.209,0.67,2996,2008,o,0,1.45,318.17044,-42.50001,5317.45,3636.08,2.39,2.28,-51.8,-0.44,13.8,13.23,03a60160o0546o
60159.991799,19.127,1.589,81,129,o,0,0.93,318.17044,-42.50001,5334.74,3675.62,2.41,2.32,-51.5,-0.455,16.95,16.71,03a60160o0553o
60159.99726,20.479,3.05,23,71,o,0,0.7,318.17044,-42.50001,5276.4,3597.13,2.38,2.25,-25.6,-0.439,17.46,17.48,03a60160o0565o
60160.007636,-17.084,0.2,-532,106,o,0,1.81,318.17044,-42.50001,5252.56,3712.52,2.36,2.21,-55.6,-0.436,17.27,17.16,03a60160o0587o
60161.185426,22.121,3.587,5,18,o,0,0.96,318.17044,-42.50001,5402.81,6993.79,2.02,1.87,-39.1,-0.413,19.12,20.05,04a60161o0502o
60161.188611,20.352,0.676,26,18,o,0,1.01,318.17044,-42.50001,5386.02,6957.98,1.99,1.86,-46.8,-0.413,19.06,20.06,04a60161o0509o
60161.191374,20.549,0.873,22,19,o,0,1.12,318.17044,-42.50001,5447.82,7035.61,2.1,1.87,-55.5,-0.408,19.1,20.04,04a60161o0515o
60161.196413,-26.325,141.0,0,15,o,0,1.63,318.17044,-42.50001,5471.13,6919.8,2.0,1.85,-49.4,-0.413,19.1,20.05,04a60161o0526o
60161.95111,-21.423,2.481,-10,24,o,0,1.01,318.17044,-42.50001,8446.15,8299.12,2.59,2.28,-39.2,-0.399,18.65,19.39,03a60162o0535o
60161.985518,19.844,0.692,42,29,o,0,1.05,318.17044,-42.50001,8460.67,8340.61,2.79,2.43,-26.3,-0.374,18.3,18.89,03a60162o0607o
60161.988687,-21.74,3.971,-7,29,o,0,1.17,318.17044,-42.50001,8404.32,8259.4,2.79,2.41,-29.1,-0.374,18.41,19.07,03a60162o0614o
60162.007568,20.396,0.964,25,24,o,0,0.8,318.17044,-42.50001,8379.91,8374.42,2.66,2.24,-46.6,-0.393,18.62,19.27,03a60162o0651o
60163.080791,21.274,1.301,11,15,o,0,1.38,318.17044,-42.50001,8438.25,8293.75,2.5,2.07,-43.0,-0.405,19.17,20.1,03a60163o0381o
60163.102813,21.124,1.27,13,16,o,0,1.16,318.17044,-42.50001,8457.54,8326.86,2.57,2.15,-43.4,-0.406,19.07,20.02,03a60163o0427o
60163.105654,20.462,0.767,24,18,o,0,0.85,318.17044,-42.50001,8402.95,8246.68,2.57,2.16,-43.8,-0.403,19.08,19.97,03a60163o0433o
60163.123939,-19.828,0.483,-42,21,o,0,0.74,318.17044,-42.50001,8382.11,8356.73,2.54,2.1,-42.0,-0.403,19.01,19.79,03a60163o0471o
60166.035749,23.517,8.1,1,12,o,0,1.39,318.17044,-42.50001,4657.35,8352.73,2.45,2.19,-44.6,-0.399,19.4,20.66,03a60166o0488o
60166.039002,21.607,1.279,8,11,o,0,1.4,318.17044,-42.50001,4675.19,8391.72,2.37,2.15,-47.8,-0.405,19.36,20.61,03a60166o0495o
60166.044194,-22.268,2.939,-4,13,o,0,0.95,318.17044,-42.50001,4620.96,8313.16,2.41,2.15,-46.2,-0.398,19.31,20.54,03a60166o0506o
60166.066191,20.407,0.63,25,16,o,0,1.18,318.17044,-42.50001,4599.33,8428.36,2.6,2.36,-47.2,-0.382,19.14,20.24,03a60166o0553o
60167.221935,20.41,0.365,25,9,c,0,1.26,318.17044,-42.50001,4859.06,8378.57,2.78,2.17,-78.6,-0.374,19.59,21.81,04a60167o0563c
60167.225646,19.914,0.22,39,9,c,0,1.47,318.17044,-42.50001,4877.22,8414.0,2.74,2.11,-76.7,-0.381,19.63,21.77,04a60167o0571c
60167.232899,21.457,1.065,10,10,c,0,1.0,318.17044,-42.50001,4819.47,8332.64,2.68,2.1,-79.8,-0.38,19.59,21.7,04a60167o0584c
60167.266049,21.247,0.809,12,9,c,0,1.31,318.17044,-42.50001,4795.88,8424.81,2.81,2.22,-79.3,-0.379,19.49,21.62,04a60167o0652c
60170.194189,21.83,1.224,7,8,c,0,1.11,318.17044,-42.50001,1970.09,6228.73,2.32,1.94,89.2,-0.374,19.72,21.87,04a60170o0501c
60170.197452,20.873,0.51,16,8,c,0,1.61,318.17044,-42.50001,1989.02,6263.39,2.22,1.93,-89.5,-0.383,19.75,21.85,04a60170o0507c
60170.203311,20.459,0.316,24,8,c,0,1.37,318.17044,-42.50001,1931.07,6182.06,2.23,1.96,88.0,-0.379,19.72,21.85,04a60170o0516c
60170.235706,21.152,0.577,13,7,c,0,1.68,318.17044,-42.50001,1908.64,6268.7,2.33,2.02,-86.9,-0.372,19.66,21.76,04a60170o0583c
60171.929574,22.18,2.889,5,14,o,0,0.99,318.17044,-42.50001,9594.36,6427.91,3.32,3.06,-20.1,-0.356,19.18,21.18,03a60172o0465o
60171.935845,-21.27,1.359,-11,15,o,0,0.96,318.17044,-42.50001,9612.81,6468.79,3.24,2.9,-54.2,-0.379,19.09,21.02,03a60172o0478o
60171.939676,21.064,1.125,14,15,o,0,1.0,318.17044,-42.50001,9555.51,6388.05,3.01,2.87,-51.4,-0.383,19.08,20.93,03a60172o0486o
60171.974082,20.538,1.714,22,38,o,0,1.0,318.17044,-42.50001,9529.34,6506.66,2.67,2.31,-48.9,-0.382,18.14,19.71,03a60172o0557o
60174.932875,-18.105,1.057,-208,220,o,0,1.16,318.17044,-42.50001,6550.42,8313.95,2.62,2.13,-38.0,-0.397,16.25,17.65,03a60175o0469o
60174.941204,18.489,2.162,146,316,o,0,1.17,318.17044,-42.50001,6568.87,8353.34,2.54,2.11,-41.1,-0.418,15.84,17.23,03a60175o0487o
60175.111155,-22.393,3.542,-4,14,o,0,1.46,318.17044,-42.50001,6516.67,8261.4,2.8,2.25,-38.3,-0.384,19.14,20.34,03a60175o0560o
60175.12489,20.576,0.698,21,15,o,0,1.28,318.17044,-42.50001,6493.14,8370.65,2.75,2.28,-34.7,-0.388,19.11,20.24,03a60175o0589o
60179.19748,22.155,2.462,5,12,c,0,1.85,318.17044,-42.50001,8804.28,10182.3,3.39,2.7,85.1,-0.354,19.31,21.57,04a60179o0461c
60179.200338,21.546,1.149,9,10,c,0,0.89,318.17044,-42.50001,8824.39,10218.71,2.98,2.54,-86.1,-0.36,19.67,21.75,04a60179o0466c
60179.205843,20.436,0.378,24,9,c,0,1.02,318.17044,-42.50001,8765.93,10134.1,2.94,2.48,-82.5,-0.36,19.67,21.7,04a60179o0478c
60179.215971,-21.658,1.159,-8,9,c,0,1.0,318.17044,-42.50001,8745.09,10244.3,2.94,2.4,-76.4,-0.382,19.68,21.75,04a60179o0500c
60180.947772,-22.746,4.905,-3,14,o,0,0.98,318.17044,-42.50001,2451.54,1862.3,2.48,2.2,-71.5,-0.394,19.2,20.34,03a60181o0478o
60180.950951,20.669,0.752,20,15,o,0,1.1,318.17044,-42.50001,2469.74,1901.1,2.44,2.2,-67.7,-0.393,19.2,20.37,03a60181o0485o
60180.958294,21.66,1.473,8,12,o,0,1.58,318.17044,-42.50001,2411.29,1822.58,2.47,2.32,-64.1,-0.385,19.22,20.38,03a60181o0501o
60180.969998,19.725,0.267,47,12,o,0,1.21,318.17044,-42.50001,2387.25,1939.71,2.44,2.31,-55.8,-0.388,19.2,20.38,03a60181o0526o
60182.900046,21.876,3.568,6,23,o,0,0.95,318.17044,-42.50001,10508.62,2186.28,2.49,2.31,-45.9,-0.38,18.69,19.24,03a60183o0178o
60182.931149,21.083,1.552,13,21,o,0,1.22,318.17044,-42.50001,10478.24,2302.27,2.37,2.13,-55.9,-0.389,18.8,19.42,03a60183o0243o
60182.953954,20.045,0.671,35,23,o,0,0.65,318.17044,-42.50001,444.09,1969.88,2.32,2.0,-60.6,-0.398,18.9,19.57,03a60183o0291o
60182.982445,19.808,0.456,43,20,o,0,1.08,318.17044,-42.50001,458.47,2005.83,2.28,1.98,-60.7,-0.404,18.92,19.52,03a60183o0348o
60183.00823,-22.87,9.381,-3,24,o,0,1.07,318.17044,-42.50001,396.2,1927.35,2.31,2.06,-66.9,-0.401,18.84,19.36,03a60183o0400o
60183.011999,-21.009,1.948,-14,28,o,0,0.67,318.17044,-42.50001,373.81,2044.19,2.35,2.05,-60.0,-0.386,18.83,19.36,03a60183o0407o
60187.196736,-21.651,4.75,-8,38,o,0,0.74,318.17044,-42.50001,3449.01,3734.98,1.98,1.85,85.1,-0.463,18.24,18.23,04a60187o0508o
60187.199976,19.898,0.794,40,32,o,0,1.32,318.17044,-42.50001,3466.07,3769.71,1.99,1.84,81.4,-0.444,18.26,18.21,04a60187o0514o
60187.209849,19.003,0.326,91,30,o,0,1.84,318.17044,-42.50001,3405.13,3688.01,1.99,1.85,80.7,-0.445,18.23,18.18,04a60187o0533o
60187.238737,-20.213,1.117,-30,33,o,0,1.34,318.17044,-42.50001,3378.55,3789.46,1.9,1.79,77.2,-0.461,18.24,18.14,04a60187o0591o
60188.925651,19.977,0.902,37,34,o,0,1.19,318.17044,-42.50001,4820.64,10309.96,3.42,2.61,-32.5,-0.347,18.54,19.26,03a60189o0464o
60188.928439,19.619,0.694,52,36,o,0,0.82,318.17044,-42.50001,4838.68,10349.74,3.25,2.66,-42.6,-0.368,18.5,19.14,03a60189o0470o
60188.934338,19.742,0.641,46,30,o,0,0.95,318.17044,-42.50001,4783.65,10269.44,3.21,2.55,-33.5,-0.369,18.61,19.28,03a60189o0483o
60188.945118,18.554,0.463,138,64,o,0,1.02,318.17044,-42.50001,4760.08,10385.23,3.28,2.62,-36.3,-0.358,17.78,18.03,03a60189o0506o
60189.902819,-16.35,1.333,-1047,1396,o,0,0.95,318.17044,-42.50001,7345.55,4099.3,2.45,2.1,-53.2,-0.412,14.33,14.07,03a60190o0401o
60189.906055,17.791,1.197,278,332,o,0,1.3,318.17044,-42.50001,7364.16,4138.78,2.52,2.12,-56.5,-0.398,15.55,15.4,03a60190o0408o
60189.912003,16.141,0.989,1269,1255,o,0,1.35,318.17044,-42.50001,7306.79,4058.96,2.48,2.09,-56.6,-0.412,14.32,14.0,03a60190o0421o
60189.923056,-15.578,0.973,-2132,2074,o,0,1.35,318.17044,-42.50001,7284.94,4174.28,2.58,2.16,-55.7,-0.414,13.95,13.66,03a60190o0445o
60191.154571,-20.907,0.888,-16,14,o,0,1.23,318.17044,-42.50001,7452.98,4041.14,2.2,1.98,-21.0,-0.429,19.18,20.33,04a60191o0409o
60191.157772,21.489,1.757,9,16,o,0,1.14,318.17044,-42.50001,7470.77,4077.76,2.17,1.98,-19.3,-0.428,19.18,20.33,04a60191o0416o
60191.16325,20.505,0.661,23,15,o,0,1.73,318.17044,-42.50001,7410.42,3994.65,2.25,2.06,-25.7,-0.433,19.15,20.26,04a60191o0428o
60191.173263,-20.111,0.46,-33,15,o,0,1.07,318.17044,-42.50001,7388.47,4102.99,2.17,1.99,-30.9,-0.424,19.19,20.25,04a60191o0450o
60200.892741,21.19,0.932,12,11,c,0,0.95,318.17044,-42.50001,3732.8,6031.21,3.83,3.19,-58.7,-0.321,19.39,21.85,03a60201o0354c
60200.895796,-23.592,8.0,-1,11,c,0,1.01,318.17044,-42.50001,3750.86,6070.02,3.78,3.09,-57.7,-0.327,19.4,21.87,03a60201o0360c
60200.901906,21.298,0.917,11,10,c,0,1.49,318.17044,-42.50001,3693.31,5991.97,3.62,2.99,-41.3,-0.334,19.31,21.95,03a60201o0371c
60200.913305,20.461,0.481,24,11,c,0,1.1,318.17044,-42.50001,3672.5,6107.3,3.86,3.28,-59.0,-0.313,19.36,21.97,03a60201o0393c
60201.899864,-21.874,1.5,-6,10,c,0,1.07,318.17044,-42.50001,1486.01,43.69,3.17,2.79,83.7,-0.353,19.49,21.72,03a60202o0390c
60201.917035,20.59,0.489,21,10,c,0,0.98,318.17044,-42.50001,1400.91,82.8,3.37,2.87,84.9,-0.341,19.34,21.58,03a60202o0427c
60203.143829,-21.991,3.432,-6,20,o,0,1.19,318.17044,-42.50001,1461.5,74.1,2.43,1.73,44.4,-0.511,19.52,20.94,04a60203o0381o
60203.147033,20.788,0.638,18,11,o,0,1.41,318.17044,-42.50001,1481.6,110.76,2.48,1.71,44.6,-0.481,19.51,20.97,04a60203o0388o
60203.163604,21.471,1.531,9,14,o,0,1.54,318.17044,-42.50001,1395.47,140.45,2.21,1.69,45.2,-0.517,19.5,21.01,04a60203o0424o
60204.872972,22.216,1.757,5,8,c,0,0.62,318.17044,-42.50001,7638.87,6427.26,2.4,2.17,-56.9,-0.402,19.8,21.77,03a60205o0326c
60204.876279,20.988,0.422,15,6,c,0,2.04,318.17044,-42.50001,7657.62,6466.67,2.38,2.17,-60.6,-0.402,19.82,21.73,03a60205o0333c
60204.881833,21.92,1.224,6,8,c,0,1.0,318.17044,-42.50001,7600.25,6386.62,2.37,2.17,-58.1,-0.403,19.83,21.73,03a60205o0345c
60204.892032,21.217,0.638,12,8,c,0,1.1,318.17044,-42.50001,7578.8,6501.74,2.39,2.15,-59.7,-0.403,19.8,21.68,03a60205o0367c
60207.872452,21.602,1.266,8,10,o,0,1.45,318.17044,-42.50001,1376.04,3805.62,2.35,2.12,-71.8,-0.416,19.44,20.79,03a60208o0098o
60207.875714,-21.434,1.118,-10,11,o,0,1.15,318.17044,-42.50001,1394.66,3842.67,2.33,2.1,-70.5,-0.416,19.45,20.8,03a60208o0105o
60207.883106,20.826,0.612,17,10,o,0,1.23,318.17044,-42.50001,1337.67,3762.84,2.43,2.08,-73.6,-0.415,19.42,20.83,03a60208o0121o
60207.893497,21.373,1.273,10,13,o,0,0.96,318.17044,-42.50001,1313.68,3878.22,2.43,2.11,-71.8,-0.413,19.43,20.82,03a60208o0143o
60209.118142,-19.19,0.749,-77,57,o,0,0.91,318.17044,-42.50001,1460.62,3891.05,2.16,2.02,72.2,-0.421,17.73,18.6,04a60209o0320o
60209.12132,-21.829,13.0,-7,88,o,0,0.8,318.17044,-42.50001,1479.48,3927.07,2.18,1.99,63.9,-0.404,17.33,17.91,04a60209o0327o
60209.153773,-19.012,2.056,-90,186,o,0,0.87,318.17044,-42.50001,1414.88,3828.94,2.11,1.82,58.6,-0.411,16.55,17.1,04a60209o0396o
60209.181945,17.525,0.388,355,138,o,0,0.84,318.17044,-42.50001,1389.9,3932.22,2.08,1.98,68.5,-0.406,16.9,17.82,04a60209o0455o
60209.840521,20.681,0.662,19,13,o,0,1.29,318.17044,-42.50001,5295.71,3649.27,2.28,2.16,-55.1,-0.445,19.25,20.37,03a60210o0258o
60209.859487,-21.404,1.5,-10,15,o,0,1.01,318.17044,-42.50001,5313.16,3687.93,2.35,2.18,-47.4,-0.456,19.21,20.38,03a60210o0298o
60209.862298,22.129,2.769,5,14,o,0,1.28,318.17044,-42.50001,5255.24,3609.53,2.28,2.14,-55.0,-0.448,19.23,20.36,03a60210o0304o
60209.869721,20.636,0.722,20,15,o,0,0.91,318.17044,-42.50001,5231.76,3723.64,2.23,2.08,-64.2,-0.453,19.23,20.4,03a60210o0319o
60214.1188,20.109,0.894,33,29,o,0,1.56,318.17044,-42.50001,8560.74,2102.43,2.81,2.41,-25.4,-0.354,18.34,18.67,04a60214o0315o
60214.124208,-20.953,2.024,-15,30,o,0,1.58,318.17044,-42.50001,8581.07,2138.24,2.86,2.47,-27.7,-0.352,18.25,18.65,04a60214o0325o
60214.155119,19.797,0.816,44,36,o,0,1.23,318.17044,-42.50001,8512.09,2043.8,2.73,2.29,-26.3,-0.369,18.28,18.58,04a60214o0390o
60214.180158,22.725,11.167,3,33,o,0,1.24,318.17044,-42.50001,8480.39,2153.3,2.69,2.34,-31.9,-0.351,18.26,18.5,04a60214o0441o
60215.105333,20.133,0.888,32,28,o,0,1.29,318.17044,-42.50001,8562.81,2108.48,2.57,2.17,-27.0,-0.376,18.41,18.77,04a60215o0284o
60215.108208,-19.271,0.438,-71,31,o,0,0.85,318.17044,-42.50001,8583.58,2144.73,2.6,2.16,-27.5,-0.385,18.39,18.73,04a60215o0290o
60215.113762,20.366,1.257,26,33,o,0,0.96,318.17044,-42.50001,8522.17,2061.98,2.58,2.12,-27.0,-0.381,18.43,18.71,04a60215o0302o
60215.123874,19.902,0.684,40,27,o,0,1.48,318.17044,-42.50001,8497.12,2171.56,2.55,2.13,-27.0,-0.378,18.43,18.67,04a60215o0324o
60215.858797,-20.818,1.687,-17,29,o,0,1.64,318.17044,-42.50001,4635.24,8359.55,2.56,2.29,-46.2,-0.382,18.44,18.89,03a60216o0283o
60215.862534,22.79,10.0,3,28,o,0,1.06,318.17044,-42.50001,4652.67,8398.22,2.4,2.18,-54.4,-0.379,18.48,18.89,03a60216o0291o
60215.867878,21.384,2.405,10,24,o,0,1.2,318.17044,-42.50001,4596.72,8319.87,2.33,2.04,-49.7,-0.381,18.53,18.89,03a60216o0302o
60215.878038,19.67,0.524,49,26,o,0,0.98,318.17044,-42.50001,4573.61,8435.37,2.36,2.1,-40.3,-0.388,18.5,18.85,03a60216o0323o
60216.860299,23.175,44.857,2,88,o,0,1.08,318.17044,-42.50001,4633.29,8354.29,2.79,2.42,-50.3,-0.355,17.17,16.89,03a60217o0290o
60216.863518,19.565,1.333,54,72,o,0,1.14,318.17044,-42.50001,4652.3,8393.28,2.7,2.39,-46.7,-0.37,17.48,17.39,03a60217o0297o
60216.869491,-19.087,1.007,-84,85,o,0,1.31,318.17044,-42.50001,4595.68,8314.54,2.71,2.37,-46.5,-0.367,17.12,16.76,03a60217o0310o
60216.880576,-19.774,2.929,-45,131,o,0,1.09,318.17044,-42.50001,4574.1,8430.26,2.64,2.27,-46.2,-0.373,16.95,16.51,03a60217o0334o
60219.844082,-20.759,0.657,-18,12,o,0,1.1,318.17044,-42.50001,1804.46,6115.36,2.28,2.06,-65.0,-0.44,19.44,20.72,03a60220o0256o
60219.847892,22.603,4.111,3,14,o,0,0.78,318.17044,-42.50001,1821.34,6152.4,2.27,2.01,-61.1,-0.438,19.46,20.63,03a60220o0264o
60219.853048,23.008,4.222,2,10,o,0,1.82,318.17044,-42.50001,1763.87,6074.0,2.33,2.05,-65.0,-0.424,19.41,20.53,03a60220o0275o
60219.863072,21.921,1.86,6,12,o,0,1.11,318.17044,-42.50001,1743.58,6192.9,2.28,2.03,-56.8,-0.434,19.36,20.39,03a60220o0296o
60221.101973,20.683,0.507,19,10,c,0,1.15,318.17044,-42.50001,1952.51,6187.25,2.54,2.21,83.4,-0.365,19.47,21.44,04a60221o0266c
60221.105177,20.224,0.335,30,10,c,0,1.0,318.17044,-42.50001,1971.15,6222.58,2.48,2.12,82.4,-0.362,19.5,21.44,04a60221o0273c
60221.110961,20.244,0.342,29,10,c,0,0.87,318.17044,-42.50001,1914.64,6146.25,2.46,2.15,78.5,-0.362,19.5,21.44,04a60221o0285c
60221.121263,21.599,1.164,8,10,c,0,1.08,318.17044,-42.50001,1888.97,6253.06,2.64,2.33,78.0,-0.354,19.43,21.43,04a60221o0307c
60227.076298,20.718,0.929,19,17,o,0,0.51,318.17044,-42.50001,9389.48,3969.62,2.6,2.35,-23.2,-0.405,19.26,20.73,04a60227o0212o
60227.083074,22.17,2.414,5,12,o,0,1.68,318.17044,-42.50001,9408.21,4005.72,2.74,2.33,-21.5,-0.384,19.29,20.75,04a60227o0226o
60227.086888,23.218,5.667,2,11,o,0,1.37,318.17044,-42.50001,9348.27,3922.7,2.59,2.22,-22.0,-0.408,19.31,20.78,04a60227o0234o
60227.096901,20.731,0.667,18,12,o,0,1.45,318.17044,-42.50001,9325.75,4032.01,2.58,2.12,-23.8,-0.416,19.35,20.77,04a60227o0256o
60227.807068,-21.832,2.029,-7,14,o,0,1.11,318.17044,-42.50001,8527.07,10256.93,2.99,2.39,-44.3,-0.431,19.34,20.64,03a60228o0119o
60227.810887,19.92,0.333,39,13,o,0,1.67,318.17044,-42.50001,8546.29,10297.9,3.07,2.64,-46.1,-0.399,19.22,20.64,03a60228o0127o
60227.816132,24.726,33.5,0,16,o,0,1.11,318.17044,-42.50001,8490.62,10216.19,3.37,2.59,-44.3,-0.431,19.25,20.61,03a60228o0138o
60227.825926,20.671,0.784,20,15,o,0,1.15,318.17044,-42.50001,8469.21,10332.15,3.24,2.59,-44.5,-0.414,19.23,20.56,03a60228o0159o
60233.809523,21.618,1.529,8,12,o,0,1.19,318.17044,-42.50001,10317.2,8320.88,2.83,2.13,-51.4,-0.419,19.49,20.83,03a60234o0118o
60233.810875,22.193,2.735,5,13,o,0,0.6,318.17044,-42.50001,790.3,8060.48,2.48,2.22,-63.0,-0.39,19.5,20.89,03a60234o0121o
60233.813181,22.889,4.937,2,12,o,0,0.96,318.17044,-42.50001,10336.88,8361.76,2.83,2.11,-51.1,-0.417,19.48,20.84,03a60234o0126o
60233.814533,-25.964,79.0,0,12,o,0,1.21,318.17044,-42.50001,808.73,8099.32,2.57,2.27,-62.0,-0.386,19.49,20.92,03a60234o0129o
60233.818357,20.094,0.38,33,13,o,0,1.16,318.17044,-42.50001,10280.8,8279.85,2.81,2.15,-51.8,-0.415,19.47,20.85,03a60234o0137o
60233.819709,20.683,0.672,19,13,o,0,0.85,318.17044,-42.50001,755.02,8022.37,2.61,2.3,-61.5,-0.388,19.5,20.93,03a60234o0140o
60233.829809,-22.988,5.5,-2,13,o,0,1.18,318.17044,-42.50001,10258.6,8393.75,2.83,2.21,-51.2,-0.415,19.41,20.83,03a60234o0161o
60233.831161,-21.029,0.83,-14,12,o,0,0.92,318.17044,-42.50001,730.78,8138.37,2.57,2.26,-60.8,-0.392,19.48,20.89,03a60234o0164o
60234.783972,-21.723,1.451,-7,11,o,0,1.51,318.17044,-42.50001,10314.81,8322.07,2.69,2.06,-56.6,-0.419,19.46,20.66,03a60235o0063o
60234.787879,-22.492,3.44,-4,13,o,0,1.07,318.17044,-42.50001,10333.83,8362.53,2.72,2.04,-55.3,-0.424,19.47,20.67,03a60235o0071o
60234.793513,20.734,0.723,18,13,o,0,1.26,318.17044,-42.50001,10275.64,8280.24,2.82,2.08,-54.0,-0.43,19.43,20.68,03a60235o0082o
60234.801756,-22.199,2.5,-5,12,o,0,0.9,318.17044,-42.50001,785.52,8059.96,2.43,2.14,-68.9,-0.394,19.48,20.69,03a60235o0100o
60234.805431,21.675,1.431,8,11,o,0,1.2,318.17044,-42.50001,804.06,8098.37,2.46,2.12,-64.6,-0.397,19.43,20.65,03a60235o0108o
60234.806364,-22.021,2.171,-6,12,o,0,1.38,318.17044,-42.50001,10253.71,8394.2,2.62,2.0,-55.8,-0.416,19.41,20.59,03a60235o0110o
60234.811443,-23.121,5.867,-2,12,o,0,1.13,318.17044,-42.50001,750.44,8020.89,2.5,2.14,-63.0,-0.395,19.48,20.67,03a60235o0121o
60234.821588,-21.006,0.812,-14,12,o,0,1.09,318.17044,-42.50001,727.03,8136.47,2.4,2.08,-67.4,-0.395,19.5,20.71,03a60235o0143o
60237.778585,-20.939,4.842,-15,74,o,0,0.93,318.17044,-42.50001,9736.33,310.88,2.58,2.23,-61.7,-0.473,17.47,18.04,03a60238o0049o
60237.783783,20.876,4.444,16,72,o,0,1.4,318.17044,-42.50001,9755.53,348.5,2.68,2.35,-60.2,-0.448,17.68,18.45,03a60238o0060o
60237.787462,-21.32,3.694,-11,40,o,0,0.95,318.17044,-42.50001,9694.46,265.19,2.68,2.27,-61.2,-0.467,18.18,19.05,03a60238o0068o
60237.816551,-17.261,4.137,-452,1872,o,0,1.52,318.17044,-42.50001,9668.65,379.25,2.54,2.18,-58.2,-0.39,13.65,13.9,03a60238o0082o
60240.803323,19.828,0.612,42,26,o,0,1.34,318.17044,-42.50001,7307.61,4091.98,2.52,2.18,-55.4,-0.43,18.55,19.0,03a60241o0102o
60240.80621,-19.934,0.611,-39,24,o,0,1.22,318.17044,-42.50001,7326.07,4131.62,2.65,2.23,-56.4,-0.412,18.52,19.0,03a60241o0108o
60240.813048,20.151,0.848,32,27,o,0,1.01,318.17044,-42.50001,7267.95,4049.09,2.58,2.18,-54.8,-0.412,18.56,18.99,03a60241o0122o
60240.825794,20.011,0.798,36,29,o,0,0.74,318.17044,-42.50001,7245.39,4164.58,2.7,2.39,-39.4,-0.41,18.47,18.99,03a60241o0149o
60242.819668,23.862,21.375,1,22,o,0,1.22,318.17044,-42.50001,5712.74,6446.76,2.35,2.08,-51.1,-0.417,18.74,19.18,03a60243o0128o
60242.822989,-21.55,2.406,-9,21,o,0,1.29,318.17044,-42.50001,5730.25,6485.36,2.36,2.03,-50.4,-0.411,18.76,19.17,03a60243o0135o
60242.82827,-20.984,1.568,-15,23,o,0,1.01,318.17044,-42.50001,5675.5,6406.97,2.19,1.98,-53.9,-0.445,18.8,19.15,03a60243o0146o
60242.839061,20.155,0.707,32,22,o,0,1.13,318.17044,-42.50001,5654.29,6520.19,2.28,2.03,-46.9,-0.411,18.72,19.1,03a60243o0169o
60243.799716,19.691,0.557,48,27,o,0,0.79,318.17044,-42.50001,2718.8,9896.61,2.86,2.43,-41.0,-0.366,18.63,19.17,03a60244o0085o
60243.804985,23.111,9.333,2,19,o,0,2.45,318.17044,-42.50001,2736.07,9933.3,2.81,2.38,-40.5,-0.377,18.64,19.16,03a60244o0096o
60243.808227,19.815,0.593,43,26,o,0,1.01,318.17044,-42.50001,2682.98,9854.33,2.88,2.48,-43.6,-0.371,18.62,19.15,03a60244o0103o
60243.818428,21.545,3.184,9,28,o,0,0.97,318.17044,-42.50001,2662.09,9969.86,2.86,2.45,-42.2,-0.361,18.58,19.1,03a60244o0125o
60245.033067,22.76,9.941,3,28,o,0,1.04,318.17044,-42.50001,2980.0,9954.19,3.0,2.1,-77.2,-0.393,18.63,19.32,04a60245o0098o
60245.036314,-23.706,24.429,-1,29,o,0,0.87,318.17044,-42.50001,2998.44,9990.99,3.02,2.11,-76.0,-0.403,18.6,19.32,04a60245o0105o
60245.041839,22.369,6.308,4,26,o,0,1.55,318.17044,-42.50001,2941.76,9909.46,2.91,1.99,-76.1,-0.409,18.62,19.3,04a60245o0117o
60245.055532,-24.559,54.333,0,30,o,0,1.18,318.17044,-42.50001,2920.96,10020.41,2.95,2.22,-75.4,-0.423,18.49,19.24,04a60245o0146o
60246.802893,24.047,26.75,1,23,o,0,1.32,318.17044,-42.50001,2692.86,7948.87,3.15,2.75,-38.0,-0.367,18.64,19.54,03a60247o0087o
60246.806292,20.392,0.92,25,23,o,0,1.19,318.17044,-42.50001,2711.13,7987.64,3.05,2.64,-42.5,-0.36,18.68,19.52,03a60247o0094o
60246.812421,-21.002,1.606,-14,23,o,0,1.27,318.17044,-42.50001,2657.84,7909.62,3.15,2.76,-43.2,-0.357,18.62,19.49,03a60247o0107o
60246.822319,21.366,2.37,10,24,o,0,1.34,318.17044,-42.50001,2633.17,8025.16,2.97,2.53,-39.0,-0.364,18.65,19.42,03a60247o0128o
60249.791635,-22.669,5.846,-3,18,o,0,1.47,318.17044,-42.50001,3717.16,6022.26,2.43,2.18,-57.0,-0.399,18.77,20.09,03a60250o0060o
60249.794878,-22.56,4.688,-3,16,o,0,1.46,318.17044,-42.50001,3735.19,6061.04,2.51,2.2,-57.0,-0.391,18.95,20.32,03a60250o0067o
60249.801548,-20.965,1.393,-15,21,o,0,1.08,318.17044,-42.50001,3679.2,5983.35,2.55,2.29,-56.0,-0.393,18.77,20.19,03a60250o0081o
60249.815117,20.135,0.537,32,17,o,0,0.91,318.17044,-42.50001,3659.38,6098.33,2.49,2.26,-50.9,-0.389,19.08,20.52,03a60250o0110o
60251.042904,21.252,1.184,12,14,c,0,1.05,318.17044,-42.50001,3870.75,6033.61,3.51,3.29,-85.7,-0.283,19.01,21.29,04a60251o0047c
60251.046248,20.135,0.489,32,16,c,0,1.04,318.17044,-42.50001,3888.9,6070.44,4.28,3.99,-80.4,-0.274,18.84,21.28,04a60251o0054c
60251.051749,-22.437,3.571,-4,14,c,0,1.25,318.17044,-42.50001,3829.3,5991.24,3.77,3.52,-86.5,-0.299,18.92,21.27,04a60251o0066c
60251.063125,22.815,4.462,3,12,c,0,1.17,318.17044,-42.50001,3808.75,6104.25,3.3,3.03,-85.8,-0.307,19.09,21.26,04a60251o0090c
60251.808932,15.371,0.523,2581,1351,o,0,0.95,318.17044,-42.50001,6664.1,10302.57,3.36,2.68,-38.7,-0.392,14.74,16.19,03a60252o0015o
60251.816909,-20.8,1.417,-17,25,o,0,1.22,318.17044,-42.50001,6612.7,10221.57,3.29,2.58,-39.0,-0.384,19.04,20.47,03a60252o0032o
60251.827284,20.776,0.884,18,16,o,0,1.1,318.17044,-42.50001,6591.82,10336.92,3.55,2.82,-35.1,-0.379,19.14,20.67,03a60252o0054o
60253.045429,20.867,0.99,16,16,o,0,0.97,318.17044,-42.50001,6907.18,10203.55,2.93,2.33,-80.7,-0.374,19.08,20.38,04a60253o0038o
60253.048667,20.733,1.028,18,19,o,0,1.15,318.17044,-42.50001,6925.59,10242.09,2.62,2.18,-78.2,-0.433,19.12,20.36,04a60253o0045o
60253.055599,-20.4,0.748,-25,19,o,0,0.99,318.17044,-42.50001,6867.04,10160.42,2.72,2.25,-79.0,-0.411,19.13,20.38,04a60253o0060o
60253.071906,-19.828,0.382,-42,16,o,0,1.03,318.17044,-42.50001,6842.88,10274.09,2.85,2.22,-80.5,-0.39,19.14,20.45,04a60253o0095o
60255.778469,-21.517,1.2,-9,11,c,0,1.38,318.17044,-42.50001,10410.05,10280.97,3.13,2.65,-49.1,-0.374,19.47,21.24,03a60256o0018c
60255.785013,23.956,12.8,1,12,c,0,1.17,318.17044,-42.50001,847.66,10005.23,2.99,2.6,-33.0,-0.398,19.53,21.31,03a60256o0032c
60255.788255,-22.666,3.824,-3,12,c,0,0.87,318.17044,-42.50001,866.22,10044.01,2.96,2.55,-34.3,-0.394,19.55,21.32,03a60256o0039c
60255.793549,20.375,0.485,26,12,c,0,1.11,318.17044,-42.50001,813.72,9966.93,3.05,2.66,-31.1,-0.392,19.51,21.33,03a60256o0050c
60255.79644,21.872,2.129,6,14,c,0,1.1,318.17044,-42.50001,10428.89,10320.55,3.12,2.59,-53.3,-0.43,19.46,21.27,03a60256o0056c
60255.803503,20.749,0.753,18,14,c,0,1.17,318.17044,-42.50001,786.86,10088.27,3.5,3.0,-33.8,-0.376,19.46,21.34,03a60256o0071c
60255.806831,21.197,1.41,12,17,c,0,1.01,318.17044,-42.50001,10352.3,10355.98,3.64,2.85,-49.4,-0.439,19.38,21.27,03a60256o0078c
60257.036094,-21.764,2.59,-7,18,o,0,1.1,318.17044,-42.50001,1087.55,10090.76,2.84,2.07,-74.3,-0.416,19.25,20.51,04a60257o0019o
60257.040308,20.415,0.991,25,25,o,0,0.74,318.17044,-42.50001,1105.84,10127.38,2.59,2.05,-73.4,-0.468,19.25,20.49,04a60257o0028o
60257.060124,19.58,0.409,54,22,o,0,0.95,318.17044,-42.50001,1044.91,10044.88,2.7,1.98,-76.6,-0.434,19.22,20.56,04a60257o0071o
60258.790127,-21.765,1.143,-7,8,c,0,1.3,318.17044,-42.50001,1356.2,3792.64,2.34,2.17,-57.9,-0.4,19.58,21.32,03a60259o0038c
60258.803541,20.33,0.387,27,10,c,0,0.87,318.17044,-42.50001,1374.0,3831.23,2.39,2.24,-55.6,-0.395,19.6,21.31,03a60259o0066c
60258.820843,21.227,0.933,12,11,c,0,0.91,318.17044,-42.50001,1317.36,3753.27,2.34,2.18,-50.8,-0.396,19.58,21.29,03a60259o0103c
60258.829572,21.319,0.939,11,10,c,0,1.55,318.17044,-42.50001,1296.65,3870.24,2.33,2.2,-50.3,-0.394,19.6,21.24,03a60259o0121c
60261.830977,20.492,0.5,23,12,c,0,1.28,318.17044,-42.50001,8405.38,8287.96,2.93,2.51,-54.3,-0.38,19.34,21.09,03a60262o0122c
60261.833927,22.278,2.63,4,12,c,0,1.05,318.17044,-42.50001,8422.46,8327.09,2.77,2.31,-54.6,-0.392,19.48,21.12,03a60262o0128c
60261.855085,21.246,0.882,12,10,c,0,1.58,318.17044,-42.50001,8371.5,8241.1,2.74,2.37,-52.9,-0.385,19.42,21.08,03a60262o0173c
60261.872592,22.918,5.143,2,13,c,0,1.03,318.17044,-42.50001,8353.32,8352.29,2.77,2.39,-52.2,-0.383,19.35,21.01,03a60262o0210c
60267.85246,-18.497,0.506,-145,73,o,0,1.23,318.17044,-42.50001,4396.29,1771.19,2.29,2.2,-63.5,-0.445,17.53,18.5,03a60268o0131o
60267.855478,-20.537,12.182,-22,270,o,0,0.89,318.17044,-42.50001,4414.11,1810.46,2.16,2.04,0.0,-0.464,16.35,16.83,03a60268o0137o
60267.861986,-16.1,0.962,-1318,1268,o,0,1.13,318.17044,-42.50001,4356.5,1730.53,2.25,2.2,-31.4,-0.417,14.88,15.29,03a60268o0149o
60269.08818,21.0,1.288,14,19,o,0,1.23,318.17044,-42.50001,4416.55,1755.59,2.05,2.02,9.4,-0.455,18.78,19.56,04a60269o0118o
60269.091017,-19.922,0.56,-39,22,o,0,1.01,318.17044,-42.50001,4434.52,1795.62,2.08,2.05,-1.6,-0.454,18.77,19.53,04a60269o0124o
60269.096179,20.254,0.762,29,22,o,0,0.94,318.17044,-42.50001,4369.55,1719.78,2.09,2.04,14.3,-0.419,18.74,19.53,04a60269o0135o
60269.119628,-21.237,2.221,-12,26,o,0,1.32,318.17044,-42.50001,4340.51,1846.2,2.15,2.09,24.9,-0.438,18.65,19.39,04a60269o0185o
60281.103009,21.119,1.337,13,17,o,0,1.26,318.17044,-42.50001,2392.88,1901.35,2.33,1.96,49.1,-0.426,19.05,20.28,04a60281o0197o
60281.119685,-22.852,5.722,-3,15,o,0,1.4,318.17044,-42.50001,2403.8,1951.96,2.36,1.97,44.9,-0.419,18.99,20.12,04a60281o0232o
60281.132891,20.14,0.583,32,19,o,0,0.92,318.17044,-42.50001,2336.7,1885.84,2.55,2.08,44.6,-0.405,18.93,20.1,04a60281o0260o
60281.135952,22.388,5.304,4,21,o,0,1.04,318.17044,-42.50001,2316.73,2006.55,2.57,2.12,45.3,-0.398,18.92,20.1,04a60281o0266o
60393.385454,19.94,0.72,38,28,o,0,0.93,318.17044,-42.50001,4868.29,4159.96,2.18,2.05,-59.0,-0.521,18.55,19.06,04a60393o0782o
60393.390586,-20.52,1.513,-22,34,o,0,0.96,318.17044,-42.50001,4848.29,4122.13,2.39,2.11,-49.0,-0.512,18.48,19.08,04a60393o0793o
60393.408897,20.825,1.707,17,29,o,0,1.06,318.17044,-42.50001,4902.04,4205.47,2.18,1.93,-46.4,-0.52,18.45,18.91,04a60393o0830o
60393.411185,19.656,0.678,50,34,o,0,1.24,318.17044,-42.50001,4921.8,4088.79,2.27,2.18,-67.8,-0.512,18.19,18.6,04a60393o0835o
60397.383736,20.332,0.903,27,24,o,0,1.38,318.17044,-42.50001,7851.82,2565.6,2.27,2.12,-56.7,-0.426,18.59,19.14,04a60397o0865o
60397.394498,19.853,0.684,42,28,o,0,1.17,318.17044,-42.50001,7831.09,2529.21,2.51,2.07,73.5,-0.397,18.57,19.12,04a60397o0888o
60397.406135,19.944,0.544,38,21,o,0,1.44,318.17044,-42.50001,7888.04,2609.56,2.18,2.03,-41.3,-0.441,18.69,19.22,04a60397o0912o
60397.409858,20.153,0.792,32,25,o,0,0.92,318.17044,-42.50001,7906.82,2493.68,2.23,2.01,-36.4,-0.424,18.67,19.19,04a60397o0920o
60400.319613,20.922,2.027,16,32,o,0,1.24,318.17044,-42.50001,6896.73,4512.72,2.71,2.36,-70.9,-0.399,18.34,19.01,04a60400o0741o
60400.322403,22.952,14.154,2,34,o,0,0.87,318.17044,-42.50001,6876.55,4474.9,2.6,2.22,-70.7,-0.399,18.38,19.08,04a60400o0747o
60400.345074,19.657,0.612,50,30,o,0,0.82,318.17044,-42.50001,6925.63,4554.61,2.29,2.15,-60.1,-0.461,18.54,19.14,04a60400o0793o
60400.358876,-22.679,9.737,-3,30,o,0,0.54,318.17044,-42.50001,6939.84,4442.58,2.32,2.07,-68.0,-0.499,18.62,19.19,04a60400o0822o
60404.366101,22.869,3.129,3,8,o,0,1.1,318.17044,-42.50001,206.26,8551.44,2.63,2.1,-70.8,-0.362,19.71,20.09,04a60404o0301o
60404.367483,-21.719,1.77,-8,13,o,0,1.58,318.17044,-42.50001,10328.87,8492.96,2.66,2.37,-5.2,-0.454,19.61,20.19,04a60404o0302o
60404.378619,-21.421,0.833,-10,8,o,0,1.33,318.17044,-42.50001,186.12,8513.99,2.63,2.05,-70.9,-0.373,19.65,19.92,04a60404o0310o
60404.379995,20.348,0.421,26,11,o,0,1.34,318.17044,-42.50001,10306.55,8458.38,2.42,2.22,-5.3,-0.488,19.66,19.83,04a60404o0311o
60404.39802,20.07,0.287,34,10,o,0,0.95,318.17044,-42.50001,248.76,8597.8,2.57,2.04,-69.1,-0.388,19.71,19.99,04a60404o0324o
60404.399396,-21.594,1.565,-8,13,o,0,1.02,318.17044,-42.50001,10367.93,8540.3,2.52,2.24,-3.1,-0.435,19.63,19.89,04a60404o0325o
60407.342057,21.497,0.821,9,8,o,0,1.0,318.17044,-42.50001,206.95,8548.24,2.5,1.98,-72.5,-0.369,19.94,20.45,04a60407o0241o
60407.349001,19.853,0.234,42,10,o,0,12.25,318.17044,-42.50001,10329.39,8488.89,2.45,2.23,-3.6,-0.454,19.88,20.32,04a60407o0246o
60407.354582,21.007,0.546,14,8,o,0,1.26,318.17044,-42.50001,184.81,8510.96,2.47,1.91,-73.2,-0.367,19.96,20.45,04a60407o0250o
60407.361524,20.878,0.723,16,12,o,0,0.96,318.17044,-42.50001,10306.05,8454.52,2.38,2.31,-41.7,-0.489,19.86,20.36,04a60407o0255o
60407.367094,17.888,0.033,254,8,o,0,18.51,318.17044,-42.50001,245.01,8591.94,2.54,1.98,-70.2,-0.382,19.92,20.42,04a60407o0259o
60407.372685,21.661,1.165,8,9,o,0,1.26,318.17044,-42.50001,10367.7,8532.43,2.3,2.15,-21.8,-0.468,19.89,20.32,04a60407o0263o
60418.104176,22.583,4.227,3,14,o,0,1.59,318.17044,-42.50001,6153.4,8819.58,2.55,2.17,-39.5,-0.407,19.11,20.12,03a60418o0856o
60418.112409,21.257,1.411,11,16,o,0,1.14,318.17044,-42.50001,6133.21,8774.48,2.55,2.22,-39.7,-0.406,19.15,20.19,03a60418o0873o
60418.115179,-24.47,25.75,-1,15,o,0,1.4,318.17044,-42.50001,6191.17,8855.56,2.51,2.14,-41.3,-0.405,19.2,20.21,03a60418o0879o
60418.133835,25.198,49.0,0,15,o,0,1.15,318.17044,-42.50001,6211.65,8742.21,2.5,2.21,-42.3,-0.408,19.19,20.25,03a60418o0918o
60420.378285,21.335,1.214,11,13,o,0,0.8,318.17044,-42.50001,8798.15,4395.85,2.36,2.13,-25.6,-0.442,19.23,20.54,04a60420o0895o
60420.381528,21.086,1.024,13,14,o,0,1.08,318.17044,-42.50001,8779.25,4358.55,2.42,2.24,-34.5,-0.437,19.21,20.54,04a60420o0902o
60420.387971,22.277,3.0,4,13,o,0,1.04,318.17044,-42.50001,8839.66,4434.29,2.44,2.27,-32.4,-0.444,19.18,20.54,04a60420o0916o
60420.411306,-24.219,20.0,-1,15,o,0,0.88,318.17044,-42.50001,8868.02,4323.88,2.33,2.11,-29.3,-0.463,19.27,20.44,04a60420o0964o
60423.135244,19.922,0.756,39,30,o,0,0.91,318.17044,-42.50001,981.07,4193.54,2.26,1.95,-58.8,-0.414,18.64,19.03,03a60423o0874o
60423.139466,20.725,1.655,19,31,o,0,1.27,318.17044,-42.50001,962.82,4153.84,2.28,1.96,-61.5,-0.408,18.54,18.83,03a60423o0883o
60423.146383,19.853,0.584,42,24,o,0,1.24,318.17044,-42.50001,1020.22,4232.55,2.19,1.94,-58.3,-0.419,18.78,19.22,03a60423o0898o
60423.155334,21.16,1.663,12,21,o,0,1.02,318.17044,-42.50001,1043.88,4117.51,2.24,2.0,-62.7,-0.41,18.93,19.53,03a60423o0917o
60423.16547,24.623,35.75,0,18,o,0,1.21,318.17044,-42.50001,1006.47,4171.7,2.28,2.0,-67.7,-0.41,18.87,19.5,03a60423o0936o
60424.078168,-18.884,0.575,-102,58,o,0,1.33,318.17044,-42.50001,4005.81,2305.92,2.21,1.99,-52.4,-0.44,17.61,17.37,03a60424o0805o
60424.080982,-20.566,2.697,-22,58,o,0,1.19,318.17044,-42.50001,3988.37,2265.83,2.18,1.95,-53.1,-0.437,17.65,17.46,03a60424o0811o
60424.103269,-18.912,1.316,-99,130,o,0,1.26,318.17044,-42.50001,4045.74,2343.08,2.28,2.08,-50.5,-0.45,16.67,16.36,03a60424o0859o
60424.109701,20.507,7.923,23,180,o,0,0.64,318.17044,-42.50001,4064.89,2226.36,2.29,2.08,-47.7,-0.437,16.58,16.25,03a60424o0873o
60425.340052,-20.788,1.426,-18,25,o,0,0.79,318.17044,-42.50001,4008.12,2331.4,2.25,2.2,78.0,-0.43,18.62,19.25,04a60425o0824o
60425.343763,19.47,0.406,59,24,o,0,1.01,318.17044,-42.50001,3989.28,2293.45,2.33,2.28,27.6,-0.422,18.58,19.24,04a60425o0832o
60425.359336,25.909,121.0,0,19,o,0,2.03,318.17044,-42.50001,4050.41,2373.95,2.4,2.3,66.3,-0.425,18.61,19.35,04a60425o0863o
60425.364801,-21.073,1.835,-14,25,o,0,1.07,318.17044,-42.50001,4068.04,2258.35,2.48,2.38,41.2,-0.45,18.57,19.34,04a60425o0875o
60430.030415,19.79,1.596,44,70,o,0,1.11,318.17044,-42.50001,8152.96,8725.17,2.81,2.38,-46.8,-0.386,17.5,17.74,03a60430o0634o
60430.06554,-21.373,3.367,-10,34,o,0,0.87,318.17044,-42.50001,8126.9,8684.88,2.63,2.22,-48.6,-0.391,18.31,18.49,03a60430o0709o
60430.068381,19.784,0.898,44,40,o,0,0.89,318.17044,-42.50001,8184.04,8766.23,2.67,2.23,-48.1,-0.396,18.34,18.56,03a60430o0715o
60430.087459,-19.536,0.528,-56,29,o,0,1.13,318.17044,-42.50001,8203.83,8652.93,2.63,2.2,-46.6,-0.391,18.4,18.66,03a60430o0755o
60432.220329,21.228,2.049,12,24,o,0,1.16,318.17044,-42.50001,242.04,8537.9,2.73,2.33,-64.2,-0.36,18.6,19.6,04a60432o0585o
60432.250925,19.806,0.571,43,25,o,0,0.95,318.17044,-42.50001,201.67,8506.45,2.53,2.21,-71.4,-0.353,18.81,19.65,04a60432o0648o
60432.279342,20.434,0.911,24,22,o,0,0.72,318.17044,-42.50001,254.27,8591.37,2.49,2.16,-72.5,-0.377,18.86,19.72,04a60432o0708o
60432.293968,20.029,0.472,35,17,o,0,1.39,318.17044,-42.50001,270.54,8481.17,2.54,2.1,-78.4,-0.367,18.91,19.71,04a60432o0739o
60432.295319,-21.557,2.852,-9,25,o,0,1.1,318.17044,-42.50001,10332.37,8497.88,2.48,2.14,5.0,-0.408,18.84,19.66,04a60432o0742o
60432.31089,21.182,2.125,12,26,o,0,0.88,318.17044,-42.50001,10309.59,8461.89,2.54,2.27,5.0,-0.401,18.87,19.77,04a60432o0774o
60432.314118,-21.789,3.848,-7,27,o,0,0.64,318.17044,-42.50001,10371.22,8538.87,2.43,2.08,4.3,-0.421,18.87,19.77,04a60432o0781o
60432.321065,20.563,1.231,22,27,o,0,1.17,318.17044,-42.50001,10388.5,8425.74,2.5,2.16,5.1,-0.404,18.8,19.6,04a60432o0795o
60434.061013,21.416,1.5,10,15,o,0,1.54,318.17044,-42.50001,204.29,2311.12,2.44,2.15,-65.7,-0.381,19.07,20.22,03a60434o0750o
60434.062404,20.008,1.033,36,37,o,0,1.08,318.17044,-42.50001,9731.15,2516.06,2.33,2.08,-52.0,-0.412,18.97,20.0,03a60434o0753o
60434.064314,21.047,1.41,14,20,o,0,0.88,318.17044,-42.50001,184.94,2271.78,2.5,2.21,-67.4,-0.384,19.05,20.15,03a60434o0757o
60434.065684,19.931,0.525,39,20,o,0,0.87,318.17044,-42.50001,9712.67,2478.58,2.35,2.13,-49.4,-0.401,18.06,19.21,03a60434o0760o
60434.068494,-18.836,1.267,-106,134,o,0,0.69,318.17044,-42.50001,243.73,2351.57,2.51,2.18,-67.4,-0.355,17.98,19.19,03a60434o0766o
60434.071352,-22.567,5.095,-3,17,o,0,0.93,318.17044,-42.50001,9768.35,2553.4,2.29,2.09,-48.3,-0.407,18.99,19.99,03a60434o0772o
60434.093355,20.03,1.5,35,53,o,0,1.3,318.17044,-42.50001,267.02,2225.64,2.45,2.11,-70.9,-0.385,17.41,18.22,03a60434o0818o
60434.094257,21.181,1.556,12,19,o,0,1.15,318.17044,-42.50001,9792.27,2436.19,2.33,2.07,-52.7,-0.399,19.0,20.0,03a60434o0820o
60436.301672,-21.079,1.226,-13,16,o,0,1.15,318.17044,-42.50001,7344.06,6847.41,3.03,2.72,-70.4,-0.383,18.88,20.41,04a60436o0762o
60436.304873,20.254,0.52,29,15,o,0,1.26,318.17044,-42.50001,7324.57,6809.76,3.12,2.77,-66.5,-0.38,18.89,20.4,04a60436o0769o
60436.311333,21.628,2.05,8,17,o,0,1.13,318.17044,-42.50001,7382.45,6887.58,2.87,2.65,-74.0,-0.397,18.92,20.43,04a60436o0783o
60436.334183,-21.281,1.469,-11,16,o,0,1.36,318.17044,-42.50001,7403.45,6778.25,2.66,2.43,-71.4,-0.415,19.03,20.38,04a60436o0832o
60440.321968,-21.432,1.735,-10,17,o,0,1.21,318.17044,-42.50001,3347.94,6589.35,2.28,2.09,-71.8,-0.413,19.08,20.37,04a60440o0806o
60440.323838,20.459,0.743,24,18,o,0,0.98,318.17044,-42.50001,3329.29,6550.22,2.31,2.07,-72.2,-0.409,19.1,20.38,04a60440o0810o
60440.326629,19.903,0.424,40,17,o,0,0.99,318.17044,-42.50001,3390.72,6628.93,2.4,2.18,-61.4,-0.4,19.08,20.35,04a60440o0816o
60440.348295,-23.682,12.0,-1,15,o,0,1.08,318.17044,-42.50001,3417.9,6519.43,2.46,2.23,-76.9,-0.41,19.09,20.45,04a60440o0860o
60442.057682,22.703,3.211,3,10,c,0,1.57,318.17044,-42.50001,4816.14,4160.96,2.64,2.33,-53.7,-0.378,19.32,20.92,03a60442o0784c
60442.059496,24.219,14.8,1,11,c,0,1.15,318.17044,-42.50001,4797.38,4121.64,2.55,2.27,-51.7,-0.38,19.38,20.9,03a60442o0788c
60442.08571,18.181,0.098,194,19,c,0,19.33,318.17044,-42.50001,4857.58,4196.89,2.95,2.65,-47.1,-0.376,19.27,20.97,03a60442o0843c
60442.096231,21.123,0.726,13,9,c,0,1.51,318.17044,-42.50001,4879.7,4082.85,2.6,2.33,-47.9,-0.374,19.42,21.02,03a60442o0865c
60446.059141,21.718,1.491,8,11,c,0,1.03,318.17044,-42.50001,7825.7,2640.88,2.39,2.17,-53.0,-0.424,19.45,20.95,03a60446o0761c
60446.084841,20.299,0.416,28,12,c,0,1.07,318.17044,-42.50001,7811.59,2603.7,2.34,2.16,-51.8,-0.429,19.51,20.97,03a60446o0812c
60446.087775,19.887,0.291,40,12,c,0,0.75,318.17044,-42.50001,7869.07,2679.24,2.36,2.14,-50.5,-0.427,19.5,20.98,03a60446o0818c
60446.090591,21.205,0.802,12,10,c,0,1.3,318.17044,-42.50001,7891.52,2562.75,2.39,2.18,-50.4,-0.422,19.5,20.99,03a60446o0824c
60448.273802,20.142,0.582,32,18,o,0,1.41,318.17044,-42.50001,4332.02,8915.32,2.49,1.95,-70.8,-0.445,19.06,20.22,04a60448o0714o
60448.27561,20.133,0.527,32,17,o,0,0.99,318.17044,-42.50001,4310.11,8877.0,2.47,1.94,-73.7,-0.442,19.03,20.26,04a60448o0718o
60448.278782,-23.733,13.0,-1,15,o,0,1.57,318.17044,-42.50001,4370.42,8955.32,2.34,1.9,-67.3,-0.449,19.11,20.28,04a60448o0725o
60448.29927,19.943,0.43,38,16,o,0,1.1,318.17044,-42.50001,4398.48,8843.16,2.42,1.94,-71.8,-0.441,19.14,20.45,04a60448o0768o
60449.935948,-21.123,2.597,-13,34,o,0,1.13,318.17044,-42.50001,6807.89,4573.49,2.42,2.09,-49.5,-0.409,18.33,18.82,03a60450o0523o
60449.938897,23.22,17.3,2,32,o,0,1.22,318.17044,-42.50001,6788.62,4540.54,2.46,2.1,-45.0,-0.42,18.2,18.7,03a60450o0529o
60449.944185,21.013,2.36,14,34,o,0,1.0,318.17044,-42.50001,6843.98,4618.94,2.49,2.12,-41.9,-0.424,18.2,18.66,03a60450o0540o
60449.954307,-17.422,0.387,-390,151,o,0,1.18,318.17044,-42.50001,6864.39,4502.75,2.41,2.04,-48.1,-0.424,16.53,16.71,03a60450o0561o
60452.005059,20.149,0.781,32,25,o,0,1.79,318.17044,-42.50001,3848.18,353.34,2.31,2.17,-40.6,-0.374,18.5,18.89,03a60452o0673o
60452.008263,23.414,20.273,2,32,o,0,0.64,318.17044,-42.50001,3829.76,312.99,2.32,2.17,-34.0,-0.378,18.49,18.9,03a60452o0680o
60452.031514,19.824,0.534,43,23,o,0,1.31,318.17044,-42.50001,3887.84,388.19,2.24,2.08,-42.9,-0.373,18.61,18.95,03a60452o0729o
60452.035638,-20.875,1.472,-16,24,o,0,1.26,318.17044,-42.50001,3910.37,270.91,2.3,2.09,-41.3,-0.356,18.57,18.95,03a60452o0738o
60456.020667,-20.069,0.847,-34,29,o,0,0.96,318.17044,-42.50001,9663.61,562.57,2.55,2.29,-42.5,-0.445,18.44,18.78,03a60456o0710o
60456.02113,19.646,0.597,50,30,o,0,1.67,318.17044,-42.50001,101.24,337.37,2.63,2.31,-70.2,-0.441,18.41,18.67,03a60456o0711o
60456.0225,-20.522,1.408,-22,32,o,0,1.17,318.17044,-42.50001,9643.2,528.12,2.68,2.32,-49.4,-0.438,18.42,18.79,03a60456o0714o
60456.024023,20.073,0.957,34,32,o,0,1.35,318.17044,-42.50001,84.19,298.77,2.53,2.24,-61.0,-0.478,18.44,18.68,03a60456o0717o
60456.025393,19.989,0.759,37,28,o,0,1.16,318.17044,-42.50001,9698.17,605.9,2.34,2.14,-36.5,-0.476,18.54,18.82,03a60456o0720o
60456.026812,-21.052,2.082,-14,29,o,0,1.1,318.17044,-42.50001,140.36,381.99,2.41,2.12,-61.9,-0.423,18.51,18.7,03a60456o0723o
60456.030632,21.184,2.874,12,35,o,0,1.04,318.17044,-42.50001,9724.1,486.73,2.27,2.1,-38.8,-0.491,18.58,18.83,03a60456o0731o
60456.032093,-19.969,0.761,-37,28,o,0,1.86,318.17044,-42.50001,162.09,265.53,2.42,2.16,-62.1,-0.473,18.54,18.7,03a60456o0734o
60462.080082,21.203,1.0,12,12,o,0,1.08,318.17044,-42.50001,2126.78,2303.82,2.35,2.02,-58.9,-0.426,19.31,20.52,03a60462o0503o
60462.084153,24.579,21.75,0,12,o,0,1.46,318.17044,-42.50001,2107.97,2266.77,2.29,2.04,-69.0,-0.421,19.29,20.54,03a60462o0510o
60462.089535,-23.873,13.0,-1,13,o,0,1.23,318.17044,-42.50001,2165.38,2348.87,2.42,2.11,-61.3,-0.43,19.3,20.53,03a60462o0520o
60462.097905,-21.578,1.516,-8,13,o,0,0.98,318.17044,-42.50001,2189.42,2232.38,2.29,2.02,-63.4,-0.423,19.29,20.54,03a60462o0536o
60464.387556,20.507,0.497,23,11,c,0,0.74,318.17044,-42.50001,8565.6,2132.22,2.76,2.34,-17.2,-0.353,19.57,21.47,04a60464o0742c
60464.390602,21.282,0.929,11,10,c,0,0.89,318.17044,-42.50001,8586.16,2168.89,2.72,2.36,-13.1,-0.349,19.56,21.43,04a60464o0748c
60464.421721,20.63,0.788,20,16,c,0,1.03,318.17044,-42.50001,8522.62,2065.45,2.75,2.42,-27.6,-0.35,19.09,20.87,04a60464o0813c
60464.428861,21.704,2.875,8,22,c,0,0.88,318.17044,-42.50001,8499.36,2176.11,2.74,2.42,-26.2,-0.342,18.7,20.41,04a60464o0828c
60468.244435,21.416,1.0,10,10,c,0,1.37,318.17044,-42.50001,6316.72,8809.99,2.86,2.06,-69.8,-0.397,19.53,21.48,04a60468o0658c
60468.246238,20.8,0.619,17,11,c,0,0.83,318.17044,-42.50001,6297.05,8771.72,2.63,2.01,-69.2,-0.426,19.55,21.46,04a60468o0662c
60468.249003,20.449,0.409,24,10,c,0,0.95,318.17044,-42.50001,6358.46,8849.25,2.84,2.07,-68.4,-0.399,19.53,21.45,04a60468o0668c
60468.269324,20.437,0.378,24,9,c,0,1.75,318.17044,-42.50001,6385.31,8736.87,2.53,1.98,-63.9,-0.454,19.56,21.46,04a60468o0711c
60474.139047,20.607,0.564,21,12,o,0,1.08,318.17044,-42.50001,6534.25,8318.42,2.48,2.04,-39.8,-0.414,19.42,20.82,03a60474o0429o
60474.142306,21.068,0.862,14,12,o,0,1.12,318.17044,-42.50001,6554.45,8359.2,2.59,2.2,-40.3,-0.408,19.37,20.81,03a60474o0436o
60474.147818,-21.784,1.333,-7,9,o,0,1.84,318.17044,-42.50001,6496.16,8280.93,2.63,2.18,-40.4,-0.402,19.34,20.79,03a60474o0448o
60474.161479,20.252,0.476,29,14,o,0,0.86,318.17044,-42.50001,6476.51,8398.24,2.7,2.3,-39.2,-0.397,19.3,20.76,03a60474o0477o
60477.994747,-21.025,1.97,-14,28,o,0,0.48,318.17044,-42.50001,1993.59,358.14,2.36,2.16,-58.3,-0.418,19.01,20.06,03a60478o0660o
60477.996607,-20.263,0.866,-28,25,o,0,1.18,318.17044,-42.50001,1974.66,317.55,2.34,2.16,-59.4,-0.422,19.02,20.05,03a60478o0664o
60478.020714,-20.52,0.95,-22,21,o,0,1.02,318.17044,-42.50001,2034.54,392.27,2.34,2.1,-55.8,-0.428,19.19,20.31,03a60478o0715o
60478.026779,20.546,0.981,22,22,o,0,0.82,318.17044,-42.50001,2058.33,275.76,2.35,2.11,-55.6,-0.417,19.23,20.41,03a60478o0728o
60481.253033,21.541,3.231,9,28,o,0,1.12,318.17044,-42.50001,8334.58,8680.33,2.3,2.04,-18.2,-0.41,18.65,19.29,04a60481o0337o
60481.255785,-21.21,2.133,-12,25,o,0,1.31,318.17044,-42.50001,8316.41,8642.64,2.37,2.2,-21.2,-0.362,18.64,19.27,04a60481o0343o
60481.259074,-21.581,2.774,-8,24,o,0,1.33,318.17044,-42.50001,8379.38,8719.39,2.34,2.06,-23.4,-0.399,18.64,19.33,04a60481o0350o
60481.264165,-19.087,0.333,-84,28,o,0,0.96,318.17044,-42.50001,8400.59,8602.96,2.46,2.21,-30.4,-0.37,18.65,19.31,04a60481o0361o
60481.981247,-19.333,0.587,-67,39,o,0,1.05,318.17044,-42.50001,50.44,8407.63,3.01,2.7,-46.8,-0.377,18.33,18.78,03a60482o0636o
60481.984156,21.979,5.935,6,35,o,0,1.28,318.17044,-42.50001,31.59,8367.86,2.84,2.52,-51.7,-0.371,18.4,18.79,03a60482o0642o
60481.987349,-20.255,1.295,-29,37,o,0,1.17,318.17044,-42.50001,89.83,8448.44,3.06,2.71,-46.3,-0.356,18.3,18.73,03a60482o0649o
60481.99029,22.698,11.667,3,35,o,0,1.07,318.17044,-42.50001,10146.96,8612.98,3.05,2.47,-38.0,-0.386,18.37,18.81,03a60482o0655o
60481.992582,-22.019,6.815,-6,38,o,0,0.91,318.17044,-42.50001,112.9,8331.24,2.98,2.66,-46.2,-0.36,18.38,18.76,03a60482o0660o
60481.993045,-20.134,1.411,-32,45,o,0,1.01,318.17044,-42.50001,10127.97,8574.59,3.1,2.4,-43.0,-0.399,18.38,18.79,03a60482o0661o
60481.996243,18.727,0.381,117,45,o,0,0.79,318.17044,-42.50001,10187.95,8651.12,3.09,2.44,-43.2,-0.401,18.37,18.8,03a60482o0668o
60482.006008,-20.43,1.843,-24,45,o,0,1.26,318.17044,-42.50001,10209.43,8535.38,2.86,2.34,-42.7,-0.384,18.3,18.62,03a60482o0689o
60489.258549,-14.472,1.135,-5903,6700,o,0,1.21,318.17044,-42.50001,5723.05,290.21,2.15,2.13,20.0,-0.42,12.61,12.68,04a60489o0661o
60489.260355,15.731,2.844,1851,5265,o,0,1.19,318.17044,-42.50001,5707.55,251.21,2.18,2.11,-68.8,-0.424,12.84,12.99,04a60489o0665o
60489.26578,15.148,0.559,3169,1770,o,0,1.48,318.17044,-42.50001,5768.13,330.06,2.01,1.95,83.3,-0.458,13.78,13.83,04a60489o0676o
60489.294604,14.181,0.867,7722,6692,o,0,1.24,318.17044,-42.50001,5812.38,214.97,2.09,2.02,81.2,-0.459,12.38,12.3,04a60489o0733o
60492.182993,20.008,0.349,36,13,o,0,1.45,318.17044,-42.50001,4870.04,4174.01,2.3,2.09,-22.8,-0.496,19.37,20.79,04a60492o0522o
60492.185286,21.45,1.165,10,11,o,0,0.94,318.17044,-42.50001,4849.45,4136.49,2.04,1.92,-58.2,-0.44,19.44,20.95,04a60492o0527o
60492.188159,-25.206,43.5,0,13,o,0,0.84,318.17044,-42.50001,4910.34,4213.48,2.26,2.03,-27.3,-0.508,19.35,20.85,04a60492o0533o
60492.193238,-21.462,1.272,-9,12,o,0,1.25,318.17044,-42.50001,4928.84,4099.02,2.05,1.88,-32.6,-0.482,19.46,20.93,04a60492o0544o
60496.187438,22.252,2.657,5,12,o,0,1.06,318.17044,-42.50001,7858.29,2584.11,2.28,1.99,-24.1,-0.41,19.25,20.32,04a60496o0530o
60496.189278,-21.593,1.625,-8,14,o,0,0.98,318.17044,-42.50001,7840.13,2545.66,2.31,1.99,-26.7,-0.406,19.24,20.25,04a60496o0534o
60496.192138,20.36,0.566,26,15,o,0,1.15,318.17044,-42.50001,7899.85,2622.22,2.32,2.01,-30.4,-0.408,19.19,20.27,04a60496o0540o
60496.19722,-21.47,1.711,-9,16,o,0,0.84,318.17044,-42.50001,7920.38,2506.25,2.26,1.93,-28.6,-0.414,19.19,20.23,04a60496o0551o
60497.224857,19.825,0.4,43,17,o,0,1.0,318.17044,-42.50001,7880.66,2590.27,2.27,1.96,-28.5,-0.418,18.84,20.28,04a60497o0603o
60497.227624,20.776,0.819,18,15,o,0,0.72,318.17044,-42.50001,7862.66,2552.94,2.24,1.94,-27.7,-0.422,19.45,20.91,04a60497o0609o
60497.232715,20.444,0.493,24,12,o,0,1.57,318.17044,-42.50001,7925.49,2629.36,2.37,2.06,-29.6,-0.405,19.23,20.73,04a60497o0620o
60497.263208,-19.954,0.513,-38,19,o,0,1.09,318.17044,-42.50001,7971.38,2516.45,2.63,2.29,-24.0,-0.383,18.45,20.02,04a60497o0681o
60497.951895,19.563,0.585,54,32,c,0,1.44,318.17044,-42.50001,4155.69,8870.16,3.34,2.96,-36.6,-0.351,18.26,20.3,03a60498o0571c
60497.95415,20.716,1.128,19,21,c,0,1.37,318.17044,-42.50001,4135.3,8830.86,3.3,2.98,-33.7,-0.353,18.65,20.68,03a60498o0576c
60497.96014,21.218,1.263,12,15,c,0,1.06,318.17044,-42.50001,4193.46,8909.46,3.32,2.98,-34.9,-0.352,19.1,21.19,03a60498o0589c
60497.966,-21.525,3.071,-9,27,c,0,1.18,318.17044,-42.50001,4218.15,8792.24,3.32,2.99,-34.9,-0.345,18.3,20.33,03a60498o0602c
60500.225296,21.236,0.861,12,10,o,0,1.43,318.17044,-42.50001,6916.48,4553.82,2.06,1.89,-22.1,-0.459,19.5,20.84,04a60500o0609o
60500.227104,21.355,1.085,10,11,o,0,1.14,318.17044,-42.50001,6898.69,4515.71,2.03,1.86,-23.2,-0.454,19.49,20.88,04a60500o0613o
60500.232286,19.949,0.315,38,12,o,0,0.94,318.17044,-42.50001,6960.47,4594.93,2.14,1.87,-30.6,-0.447,19.46,20.84,04a60500o0624o
60500.255603,20.152,0.346,32,11,o,0,0.99,318.17044,-42.50001,7002.0,4478.81,2.19,1.99,-21.1,-0.433,19.48,21.01,04a60500o0674o
60504.171176,22.021,1.816,6,10,o,0,0.88,318.17044,-42.50001,2966.05,4263.29,2.06,1.94,83.9,-0.416,19.49,21.08,04a60504o0500o
60504.173958,22.883,4.045,3,10,o,0,0.98,318.17044,-42.50001,2949.1,4223.77,2.08,1.98,82.0,-0.411,19.52,21.12,04a60504o0506o
60504.177126,20.962,0.583,15,9,o,0,1.71,318.17044,-42.50001,3008.36,4302.69,2.07,1.93,87.3,-0.41,19.52,21.14,04a60504o0513o
60504.182175,-23.399,6.923,-2,11,o,0,1.04,318.17044,-42.50001,3029.62,4187.35,2.1,1.98,-86.2,-0.432,19.53,21.16,04a60504o0524o
60505.236335,22.483,2.162,4,8,o,0,1.44,318.17044,-42.50001,3016.03,4269.75,1.9,1.82,80.7,-0.427,19.64,21.15,04a60505o0617o
60505.238138,-22.862,3.346,-3,9,o,0,1.6,318.17044,-42.50001,2998.37,4230.46,1.89,1.81,82.4,-0.438,19.58,21.15,04a60505o0621o
60505.243002,21.502,1.228,9,11,o,0,0.71,318.17044,-42.50001,3061.06,4309.91,2.07,1.95,80.3,-0.424,19.56,21.17,04a60505o0631o
60505.25192,20.494,0.344,23,8,o,0,1.47,318.17044,-42.50001,3088.55,4194.45,1.99,1.91,-81.6,-0.432,19.55,21.14,04a60505o0649o
60508.163514,-20.972,1.186,-15,18,o,0,1.16,318.17044,-42.50001,9312.49,6702.32,2.44,2.02,-12.8,-0.416,19.01,19.94,04a60508o0458o
60508.166304,-21.942,3.195,-6,19,o,0,0.88,318.17044,-42.50001,9295.16,6664.35,2.49,2.05,-10.0,-0.402,19.03,19.96,04a60508o0464o
60508.169467,20.226,0.627,30,18,o,0,1.13,318.17044,-42.50001,9354.84,6741.01,2.44,2.02,-16.0,-0.421,19.0,20.0,04a60508o0471o
60508.174949,21.497,1.887,9,17,o,0,1.29,318.17044,-42.50001,9376.2,6624.11,2.43,2.06,-13.1,-0.417,19.06,19.99,04a60508o0483o
60509.1581,19.88,0.657,40,27,o,0,1.19,318.17044,-42.50001,9311.75,6701.48,2.27,1.88,-14.5,-0.429,18.91,19.56,04a60509o0452o
60509.182003,-19.712,0.399,-47,19,o,0,1.33,318.17044,-42.50001,9304.87,6667.97,2.34,1.97,-11.2,-0.415,18.92,19.59,04a60509o0502o
60509.201504,20.048,0.832,35,29,o,0,0.78,318.17044,-42.50001,9376.69,6747.7,2.51,1.96,-9.5,-0.417,18.9,19.62,04a60509o0541o
60509.203346,-21.105,1.893,-13,25,o,0,1.13,318.17044,-42.50001,9396.41,6630.85,2.46,1.94,-10.6,-0.42,18.95,19.64,04a60509o0545o
60517.242171,25.026,48.333,0,17,o,0,0.8,318.17044,-42.50001,4846.36,8404.48,2.19,1.76,-61.9,-0.405,19.21,20.13,04a60517o0604o
60517.245367,21.858,2.414,7,16,o,0,1.08,318.17044,-42.50001,4866.09,8440.13,2.13,1.77,-65.1,-0.409,19.2,20.13,04a60517o0611o
60517.255132,-21.069,1.118,-14,15,o,0,1.3,318.17044,-42.50001,4809.46,8353.33,2.23,1.81,-68.5,-0.423,19.18,20.09,04a60517o0632o
60517.289694,19.905,0.404,40,16,o,0,1.16,318.17044,-42.50001,4783.73,8441.32,2.05,1.79,-67.1,-0.407,19.13,20.02,04a60517o0703o
60520.187936,-22.042,1.703,-6,9,c,0,1.01,318.17044,-42.50001,8843.36,4406.98,2.65,2.16,-23.6,-0.382,19.69,21.71,04a60520o0514c
60520.191125,20.68,0.466,19,9,c,0,0.9,318.17044,-42.50001,8823.38,4372.31,2.77,2.35,-19.4,-0.363,19.66,21.69,04a60520o0521c
60520.195706,21.085,0.69,13,9,c,0,0.97,318.17044,-42.50001,8886.01,4450.17,2.69,2.2,-18.4,-0.377,19.69,21.69,04a60520o0531c
60520.202158,21.401,0.887,10,9,c,0,1.09,318.17044,-42.50001,8912.45,4334.06,2.81,2.23,-20.8,-0.372,19.62,21.72,04a60520o0545c
60521.968794,21.416,1.186,10,12,o,0,1.16,318.17044,-42.50001,9551.16,6408.3,2.31,2.18,-27.5,-0.412,19.53,20.96,03a60522o0588o
60521.971963,21.161,0.979,12,12,o,0,1.01,318.17044,-42.50001,9569.46,6449.21,2.22,2.14,-25.2,-0.417,19.54,20.96,03a60522o0595o
60522.005656,0.0,21.322,0,11,o,0,1.1,318.17044,-42.50001,9509.54,6373.38,2.31,2.03,-45.1,-0.413,19.51,20.91,03a60522o0667o
60522.012091,21.201,0.937,12,11,o,0,0.94,318.17044,-42.50001,9487.86,6488.49,2.25,2.0,-46.0,-0.408,19.54,20.88,03a60522o0681o
60525.978076,-21.597,2.051,-8,17,o,0,1.07,318.17044,-42.50001,9262.24,4067.7,2.81,2.45,-56.1,-0.373,19.02,20.5,03a60526o0606o
60525.983174,-21.524,1.911,-9,17,o,0,0.81,318.17044,-42.50001,9279.56,4107.83,2.65,2.46,-46.7,-0.386,19.11,20.52,03a60526o0617o
60525.986398,20.457,0.747,24,18,o,0,1.21,318.17044,-42.50001,9224.69,4027.66,2.84,2.74,-49.4,-0.388,18.94,20.47,03a60526o0624o
60525.997987,20.777,0.928,18,16,o,0,1.09,318.17044,-42.50001,9201.42,4144.69,2.59,2.46,-48.2,-0.381,18.96,20.36,03a60526o0649o
60528.148392,21.62,1.133,8,9,c,0,1.59,318.17044,-42.50001,1991.2,451.28,3.1,2.23,45.4,-0.358,19.47,21.45,04a60528o0289c
60528.150254,20.876,0.641,16,10,c,0,1.05,318.17044,-42.50001,1972.44,411.51,3.11,2.15,46.5,-0.358,19.49,21.43,04a60528o0293c
60528.162961,20.27,0.404,28,11,c,0,1.21,318.17044,-42.50001,2040.33,498.45,3.03,2.19,45.8,-0.374,19.5,21.37,04a60528o0320c
60528.191491,21.093,0.866,13,12,c,0,1.09,318.17044,-42.50001,8739.03,10300.65,3.11,2.56,-72.9,-0.328,19.51,21.26,04a60528o0380c
60530.004677,22.195,2.486,5,12,o,0,1.09,318.17044,-42.50001,2400.16,1842.35,2.35,2.06,-70.4,-0.421,19.47,20.95,03a60530o0658o
60530.00882,21.196,0.88,12,11,o,0,1.4,318.17044,-42.50001,2419.04,1881.87,2.27,2.01,-64.9,-0.428,19.49,20.93,03a60530o0667o
60530.036353,21.329,1.039,11,11,o,0,1.2,318.17044,-42.50001,2357.89,1807.64,2.28,2.14,-67.0,-0.421,19.46,20.89,03a60530o0726o
60530.064938,21.055,0.83,14,11,o,0,1.0,318.17044,-42.50001,2336.78,1929.06,2.44,2.12,-70.9,-0.407,19.4,20.9,03a60530o0787o
60532.262489,19.6,0.466,52,24,c,0,1.11,318.17044,-42.50001,10524.92,2009.07,3.08,2.45,-20.3,-0.348,19.52,21.3,04a60532o0342c
60532.278692,20.875,1.066,16,17,c,0,1.36,318.17044,-42.50001,10499.95,2118.09,3.35,2.59,-22.5,-0.327,19.45,21.34,04a60532o0377c
60532.281423,-24.104,12.0,-1,10,c,0,1.32,318.17044,-42.50001,442.04,2051.92,2.85,2.16,38.6,-0.393,19.46,21.39,04a60532o0383c
60532.306347,22.118,1.938,5,10,c,0,1.44,318.17044,-42.50001,454.22,2078.69,2.88,2.06,41.1,-0.394,19.5,21.33,04a60532o0437c
60532.318578,21.394,0.971,10,10,c,0,1.14,318.17044,-42.50001,387.55,2000.35,2.76,1.96,37.9,-0.399,19.51,21.34,04a60532o0463c
60532.326425,-22.588,3.136,-3,10,c,0,1.11,318.17044,-42.50001,369.23,2119.66,2.83,1.98,38.9,-0.386,19.53,21.31,04a60532o0479c
60533.138493,21.848,1.467,7,10,o,0,1.38,318.17044,-42.50001,252.61,8565.07,2.65,2.04,-80.2,-0.37,19.46,21.06,04a60533o0387o
60533.145785,22.018,1.897,6,11,o,0,1.28,318.17044,-42.50001,240.33,8526.38,2.64,2.01,-78.0,-0.372,19.52,21.1,04a60533o0402o
60533.150595,20.127,0.343,32,11,o,0,1.12,318.17044,-42.50001,307.0,8606.58,2.7,2.13,-74.2,-0.372,19.44,21.09,04a60533o0411o
60533.16158,20.356,0.445,26,12,o,0,0.91,318.17044,-42.50001,337.94,8490.56,2.58,2.04,-75.4,-0.376,19.56,21.24,04a60533o0429o
60533.222589,20.6,0.47,21,10,c,0,0.97,318.17044,-42.50001,454.2,2096.09,2.95,2.01,44.3,-0.383,19.65,21.72,04a60533o0544c
60533.228266,23.576,6.333,1,8,c,0,0.9,318.17044,-42.50001,472.42,2127.49,2.86,1.97,41.1,-0.395,19.67,21.71,04a60533o0556c
60533.233168,21.278,0.773,11,9,c,0,1.48,318.17044,-42.50001,409.11,2046.93,2.75,2.03,43.7,-0.4,19.65,21.72,04a60533o0566c
60533.268537,21.734,1.0,7,7,c,0,1.82,318.17044,-42.50001,384.88,2138.7,2.64,1.92,41.9,-0.399,19.69,21.73,04a60533o0636c
60534.90576,-20.819,2.54,-17,43,o,0,1.03,318.17044,-42.50001,9786.85,2533.13,2.53,2.02,-51.6,-0.39,18.22,19.21,03a60535o0445o
60534.937805,20.46,0.853,24,20,o,0,1.81,318.17044,-42.50001,9775.19,2494.08,2.47,2.02,-56.3,-0.387,18.5,19.59,03a60535o0514o
60534.960917,-20.902,1.717,-16,27,o,0,0.86,318.17044,-42.50001,735.63,8005.41,2.71,2.37,-58.6,-0.381,18.65,19.83,03a60535o0562o
60534.968394,-19.994,1.215,-36,44,o,0,1.16,318.17044,-42.50001,10300.48,8301.97,3.0,2.34,-51.0,-0.405,18.15,19.3,03a60535o0578o
60534.971549,20.28,1.417,28,40,o,0,1.35,318.17044,-42.50001,10319.07,8342.69,2.98,2.29,-47.5,-0.412,18.0,19.24,03a60535o0585o
60534.976476,20.128,1.365,32,44,o,0,0.9,318.17044,-42.50001,712.76,8123.0,2.59,2.29,-56.2,-0.385,18.27,19.54,03a60535o0595o
60534.977829,18.655,0.485,125,61,o,0,0.96,318.17044,-42.50001,10262.43,8261.71,2.89,2.16,-49.0,-0.405,17.96,19.2,03a60535o0598o
60535.011753,19.487,0.578,58,34,o,0,0.77,318.17044,-42.50001,10240.2,8380.67,2.66,2.08,-47.8,-0.407,18.44,19.65,03a60535o0666o
60536.218365,-20.958,1.089,-15,16,o,0,0.79,318.17044,-42.50001,3425.81,3751.79,2.08,2.02,79.3,-0.47,19.08,20.2,04a60536o0552o
60536.221563,-21.82,3.556,-7,24,o,0,1.91,318.17044,-42.50001,3444.43,3787.82,1.99,1.92,-45.2,-0.448,18.27,18.81,04a60536o0559o
60536.254803,21.884,1.804,6,12,o,0,1.03,318.17044,-42.50001,3381.59,3688.55,1.99,1.92,-51.7,-0.445,19.26,20.36,04a60536o0630o
60536.264073,22.277,2.415,4,11,o,0,1.59,318.17044,-42.50001,3359.5,3799.53,1.92,1.89,-51.3,-0.454,19.28,20.47,04a60536o0650o
60537.120611,20.958,1.176,15,18,o,0,1.05,318.17044,-42.50001,7373.97,6861.83,2.13,1.87,-22.6,-0.418,18.98,19.81,04a60537o0343o
60537.126851,20.941,1.402,15,21,o,0,0.92,318.17044,-42.50001,7358.92,6824.37,2.22,2.0,-29.6,-0.403,18.96,19.76,04a60537o0355o
60537.128658,23.782,15.0,1,17,o,0,1.5,318.17044,-42.50001,7419.07,6900.74,2.15,1.95,-30.1,-0.424,18.98,19.77,04a60537o0359o
60537.153932,20.491,0.761,23,18,o,0,1.11,318.17044,-42.50001,7460.53,6788.91,2.42,2.16,-42.4,-0.419,18.91,19.84,04a60537o0407o
60537.9582,19.278,1.079,71,76,o,0,0.59,318.17044,-42.50001,9719.56,286.69,2.42,2.17,-47.7,-0.496,17.9,18.14,03a60538o0528o
60537.959101,18.74,0.46,116,53,o,0,1.12,318.17044,-42.50001,4766.82,10282.44,2.7,2.27,-43.3,-0.38,17.96,18.28,03a60538o0530o
60537.961359,20.773,2.956,18,53,o,0,0.93,318.17044,-42.50001,9741.74,327.67,2.34,2.18,-44.3,-0.487,18.05,18.42,03a60538o0535o
60537.96271,20.227,1.106,30,33,o,0,1.47,318.17044,-42.50001,4784.31,10322.39,2.66,2.27,-43.8,-0.373,18.25,18.7,03a60538o0538o
60537.99661,19.991,1.139,37,42,o,0,1.41,318.17044,-42.50001,9679.12,250.87,2.33,2.14,-42.7,-0.505,18.32,18.72,03a60538o0612o
60537.997962,19.358,0.55,66,36,o,0,1.03,318.17044,-42.50001,4727.59,10247.67,2.74,2.28,-40.3,-0.383,18.32,18.84,03a60538o0615o
60538.024987,-21.852,5.711,-7,38,o,0,1.32,318.17044,-42.50001,9656.99,371.99,2.31,2.16,-28.9,-0.492,18.3,18.81,03a60538o0674o
60538.026339,-22.91,13.583,-2,34,o,0,1.43,318.17044,-42.50001,4709.83,10368.63,2.73,2.32,-41.8,-0.381,18.22,18.55,03a60538o0677o
60545.918084,18.812,0.504,108,55,o,0,1.32,318.17044,-42.50001,2671.11,7923.25,2.45,2.2,-54.4,-0.381,17.56,18.46,03a60546o0459o
60545.921271,21.891,5.95,6,38,o,0,0.96,318.17044,-42.50001,2690.37,7962.29,2.54,2.27,-56.2,-0.379,17.93,18.69,03a60546o0466o
60545.928971,-17.07,0.597,-540,322,o,0,1.1,318.17044,-42.50001,2634.54,7885.33,2.62,2.41,-58.4,-0.39,16.32,16.75,03a60546o0483o
60545.960144,20.111,0.928,33,30,o,0,1.16,318.17044,-42.50001,2610.81,8003.34,2.59,2.32,-56.2,-0.376,18.36,19.0,03a60546o0551o
60547.194267,19.672,0.271,49,13,o,0,1.24,318.17044,-42.50001,3875.72,6061.49,2.51,2.2,-74.2,-0.42,19.2,20.64,04a60547o0458o
60547.197421,-23.562,11.875,-1,16,o,0,0.75,318.17044,-42.50001,3894.29,6097.28,2.7,2.33,-74.7,-0.383,19.11,20.62,04a60547o0465o
60547.204216,21.663,1.75,8,14,o,0,0.93,318.17044,-42.50001,3832.8,6014.84,2.33,2.11,-62.9,-0.43,19.22,20.53,04a60547o0480o
60547.234872,20.232,0.478,29,14,o,0,1.06,318.17044,-42.50001,3809.43,6111.11,2.37,2.1,-66.7,-0.421,19.13,20.4,04a60547o0536o
60547.843545,20.411,0.466,25,12,o,0,1.43,318.17044,-42.50001,6856.76,4584.04,2.46,2.03,-51.5,-0.423,19.27,20.74,03a60548o0269o
60547.8467,20.364,0.485,26,13,o,0,1.17,318.17044,-42.50001,6839.1,4545.84,2.39,2.05,-49.3,-0.427,19.26,20.74,03a60548o0276o
60547.849855,22.285,3.107,4,14,o,0,0.95,318.17044,-42.50001,6896.1,4623.64,2.53,2.08,-53.8,-0.412,19.26,20.77,03a60548o0283o
60547.885407,20.0,0.392,36,14,o,0,0.88,318.17044,-42.50001,6921.27,4506.35,2.53,2.17,-45.9,-0.413,19.27,20.79,03a60548o0352o
60551.931837,20.415,0.469,25,12,o,0,0.95,318.17044,-42.50001,3703.52,5998.1,2.45,2.26,-57.3,-0.408,19.38,20.84,03a60552o0461o
60551.934883,-20.466,0.553,-24,13,o,0,0.93,318.17044,-42.50001,3723.79,6037.22,2.44,2.33,-34.2,-0.401,19.35,20.82,03a60552o0467o
60551.940768,21.295,0.844,11,9,o,0,1.96,318.17044,-42.50001,3667.48,5959.77,2.36,2.18,-53.5,-0.413,19.39,20.81,03a60552o0480o
60551.95195,20.546,0.513,22,11,o,0,1.01,318.17044,-42.50001,3646.14,6076.01,2.36,2.12,-57.0,-0.413,19.41,20.82,03a60552o0503o
60553.753482,-21.322,0.938,-11,10,c,0,1.21,318.17044,-42.50001,2942.76,4206.37,2.52,2.42,-70.6,-0.386,19.41,21.31,03a60554o0091c
60553.756203,21.535,1.151,9,10,c,0,1.33,318.17044,-42.50001,2924.79,4166.21,2.57,2.39,-51.8,-0.391,19.47,21.31,03a60554o0097c
60553.759814,21.173,0.854,12,10,c,0,0.89,318.17044,-42.50001,2982.39,4244.83,2.44,2.25,-48.0,-0.397,19.52,21.34,03a60554o0105c
60553.795382,20.234,0.297,29,9,c,0,1.19,318.17044,-42.50001,3005.39,4130.94,2.56,2.33,-52.8,-0.393,19.58,21.48,03a60554o0182c
60556.163066,22.443,3.368,4,13,o,0,0.89,318.17044,-42.50001,1099.55,10133.66,3.28,2.33,-73.2,-0.348,19.3,21.02,04a60556o0438o
60556.165861,20.925,0.81,16,12,o,0,1.14,318.17044,-42.50001,1119.49,10170.46,3.13,2.19,-75.2,-0.374,19.33,20.98,04a60556o0444o
60556.172285,20.233,0.556,29,16,o,0,0.92,318.17044,-42.50001,1063.82,10088.59,3.25,2.29,-71.4,-0.378,19.21,20.9,04a60556o0458o
60556.173186,21.139,0.956,13,12,o,0,1.48,318.17044,-42.50001,1061.9,10087.31,3.12,2.21,-73.2,-0.376,19.31,20.98,04a60556o0460o
60556.183676,21.815,2.0,7,14,o,0,1.11,318.17044,-42.50001,1039.83,10197.87,3.27,2.32,-74.2,-0.349,19.3,21.04,04a60556o0482o
60557.075452,21.643,1.939,8,16,o,0,1.67,318.17044,-42.50001,102.22,474.5,3.23,1.85,43.9,-0.475,19.37,20.85,04a60557o0223o
60557.077255,-22.15,3.688,-5,18,o,0,1.46,318.17044,-42.50001,86.34,434.06,3.1,1.92,41.5,-0.48,19.38,20.83,04a60557o0227o
60557.103181,21.604,1.849,8,15,o,0,1.34,318.17044,-42.50001,170.09,519.53,3.15,1.9,41.9,-0.468,19.3,20.75,04a60557o0278o
60557.10544,21.742,2.0,7,15,o,0,0.92,318.17044,-42.50001,9704.19,474.26,3.04,2.25,-36.0,-0.356,19.36,20.77,04a60557o0283o
60557.106352,20.486,0.658,23,15,o,0,0.87,318.17044,-42.50001,191.54,400.88,3.18,1.91,47.0,-0.454,19.31,20.75,04a60557o0285o
60557.134995,21.065,1.024,14,14,o,0,1.11,318.17044,-42.50001,1119.65,10202.42,2.99,2.01,-71.9,-0.382,19.34,20.8,04a60557o0333o
60557.138609,20.406,0.559,25,14,o,0,1.01,318.17044,-42.50001,1063.91,10122.56,2.96,1.98,-70.5,-0.385,19.37,20.82,04a60557o0337o
60557.15345,20.323,0.518,27,14,o,0,0.81,318.17044,-42.50001,1044.22,10226.72,2.78,1.95,-71.3,-0.414,19.39,20.85,04a60557o0360o
60560.147854,21.219,0.902,12,11,o,0,1.06,318.17044,-42.50001,5389.56,3638.91,1.92,1.85,-30.5,-0.462,19.45,20.9,04a60560o0388o
60560.157773,20.61,0.533,21,11,o,0,1.06,318.17044,-42.50001,5407.17,3670.08,2.08,1.92,-42.2,-0.484,19.45,20.84,04a60560o0408o
60560.162509,20.314,0.418,27,11,o,0,1.42,318.17044,-42.50001,5346.79,3589.66,2.06,1.93,-37.2,-0.474,19.46,20.89,04a60560o0418o
60560.167759,21.65,1.257,8,10,o,0,1.16,318.17044,-42.50001,5326.08,3700.83,1.97,1.87,-53.2,-0.449,19.43,20.88,04a60560o0429o
60561.133858,20.059,0.33,34,11,o,0,0.98,318.17044,-42.50001,5387.64,3652.61,1.99,1.89,-26.8,-0.494,19.44,20.86,04a60561o0343o
60561.136748,20.991,0.821,15,12,o,0,1.26,318.17044,-42.50001,5405.54,3688.78,2.05,1.87,-32.1,-0.488,19.4,20.76,04a60561o0349o
60561.151388,19.936,0.296,38,11,o,0,1.42,318.17044,-42.50001,5345.06,3599.31,1.95,1.9,-56.5,-0.476,19.39,20.78,04a60561o0377o
60561.16288,22.853,3.522,3,9,o,0,1.17,318.17044,-42.50001,5321.44,3706.25,1.98,1.84,-30.7,-0.493,19.4,20.75,04a60561o0399o
60562.142352,-17.046,0.769,-551,424,o,0,1.66,318.17044,-42.50001,8630.41,8224.29,2.1,1.8,-5.9,-0.509,15.63,16.71,04a60562o0360o
60562.148633,17.492,0.715,366,262,o,0,0.86,318.17044,-42.50001,8648.15,8258.84,2.03,1.83,-14.3,-0.446,16.44,17.5,04a60562o0372o
60562.15219,-20.564,7.867,-22,170,o,0,1.09,318.17044,-42.50001,8590.94,8176.93,2.12,1.81,-8.7,-0.429,16.65,17.67,04a60562o0378o
60562.187845,18.736,0.865,116,101,o,0,1.19,318.17044,-42.50001,8566.3,8271.38,2.1,1.82,-11.0,-0.416,17.09,18.22,04a60562o0448o
60562.885868,21.934,2.29,6,14,o,0,1.81,318.17044,-42.50001,8389.69,8268.92,2.77,2.34,-47.6,-0.392,19.09,20.45,03a60563o0368o
60562.891195,-22.032,3.722,-6,21,o,0,1.03,318.17044,-42.50001,8407.38,8308.29,3.77,2.84,5.1,-0.342,18.81,20.44,03a60563o0379o
60562.892096,-21.583,2.25,-8,19,o,0,1.09,318.17044,-42.50001,8406.14,8308.19,3.29,2.72,-4.4,-0.362,18.92,20.44,03a60563o0381o
60562.895311,23.58,14.4,1,19,o,0,0.88,318.17044,-42.50001,8353.51,8227.88,3.33,2.73,-3.3,-0.359,18.9,20.46,03a60563o0388o
60562.915467,20.624,0.794,20,16,o,0,1.15,318.17044,-42.50001,8332.76,8346.82,2.82,2.32,-44.2,-0.39,19.15,20.56,03a60563o0426o
60564.151479,22.079,2.853,5,15,o,0,0.87,318.17044,-42.50001,8566.12,2106.15,2.58,2.23,-24.0,-0.386,19.12,20.51,04a60564o0381o
60564.154332,22.272,3.111,4,14,o,0,1.25,318.17044,-42.50001,8585.69,2142.55,2.54,2.33,-33.2,-0.385,19.17,20.48,04a60564o0387o
60564.159801,-22.888,7.533,-2,19,o,0,0.88,318.17044,-42.50001,8523.72,2059.64,2.57,2.25,-35.4,-0.372,19.02,20.3,04a60564o0399o
60564.169966,20.481,0.715,23,17,o,0,0.9,318.17044,-42.50001,8499.93,2169.84,2.52,2.15,-28.7,-0.387,19.04,20.28,04a60564o0421o
60565.099967,-22.436,9.0,-4,35,o,0,1.06,318.17044,-42.50001,8568.28,2149.27,2.49,2.0,-21.1,-0.39,18.15,18.7,04a60565o0255o
60565.103136,21.161,3.182,12,40,o,0,0.87,318.17044,-42.50001,8589.87,2186.14,2.57,2.07,-24.9,-0.375,18.47,19.1,04a60565o0262o
60565.120242,21.448,6.333,10,61,o,0,0.94,318.17044,-42.50001,8529.65,2091.64,2.46,2.11,-30.5,-0.387,17.72,17.98,04a60565o0294o
60565.129034,19.887,1.011,40,41,o,0,1.03,318.17044,-42.50001,8506.29,2200.53,2.36,2.05,76.5,-0.412,18.08,18.6,04a60565o0309o
60565.870601,-24.744,65.0,0,30,o,0,1.23,318.17044,-42.50001,4606.56,8319.16,2.42,2.15,-44.9,-0.382,18.34,18.71,03a60566o0322o
60565.87379,-21.239,2.387,-12,28,o,0,1.35,318.17044,-42.50001,4624.89,8358.99,2.47,2.14,-47.1,-0.382,18.38,18.74,03a60566o0329o
60565.880683,19.626,0.557,51,28,o,0,0.98,318.17044,-42.50001,4570.56,8281.11,2.43,2.14,-47.4,-0.387,18.4,18.78,03a60566o0344o
60565.890876,19.467,0.484,59,29,o,0,1.28,318.17044,-42.50001,4548.6,8398.15,2.44,2.15,-54.5,-0.384,18.41,18.81,03a60566o0366o
60566.856126,20.113,1.442,33,47,o,0,1.33,318.17044,-42.50001,4606.62,8322.32,2.9,2.54,-44.9,-0.355,17.77,18.01,03a60567o0153o
60569.883054,18.807,0.838,109,91,o,0,0.91,318.17044,-42.50001,1775.87,6082.91,2.66,2.41,-67.5,-0.392,17.16,16.92,03a60570o0359o
60569.886289,-20.868,4.714,-16,77,o,0,1.32,318.17044,-42.50001,1793.56,6120.85,2.59,2.27,-63.1,-0.408,17.2,16.91,03a60570o0366o
60569.891792,18.88,0.9,102,92,o,0,1.06,318.17044,-42.50001,1739.15,6043.21,2.67,2.38,-69.3,-0.416,17.12,16.84,03a60570o0378o
60569.902449,-18.628,0.75,-128,96,o,0,1.03,318.17044,-42.50001,1718.21,6159.76,2.81,2.49,-69.1,-0.402,17.06,16.8,03a60570o0401o
60570.162784,-19.58,0.651,-53,35,o,0,0.81,318.17044,-42.50001,1954.25,6182.35,2.18,1.89,-83.4,-0.404,18.3,18.41,04a60570o0415o
60570.167128,20.757,2.129,18,38,o,0,0.77,318.17044,-42.50001,1972.93,6218.2,2.17,1.91,89.7,-0.397,18.32,18.32,04a60570o0422o
60570.197903,-21.411,3.952,-10,39,o,0,0.94,318.17044,-42.50001,1906.18,6129.74,2.14,1.91,-89.0,-0.408,18.15,18.04,04a60570o0485o
60570.22645,-23.003,19.389,-2,44,o,0,0.88,318.17044,-42.50001,1877.08,6238.88,2.12,1.98,-65.1,-0.418,18.07,17.95,04a60570o0543o
60570.898253,-19.917,1.155,-39,45,o,0,0.82,318.17044,-42.50001,1776.29,6087.2,2.58,2.2,-71.6,-0.4,17.91,17.95,03a60571o0394o
60570.901412,20.485,2.737,23,64,o,0,0.72,318.17044,-42.50001,1797.12,6125.89,2.45,2.15,-65.1,-0.409,17.5,17.5,03a60571o0401o
60570.907549,19.33,1.52,67,102,o,0,1.05,318.17044,-42.50001,1738.66,6047.57,2.52,2.18,-64.7,-0.421,16.79,16.67,03a60571o0414o
60570.928089,19.05,0.442,87,38,o,0,1.37,318.17044,-42.50001,1719.65,6166.31,2.57,2.19,-63.4,-0.398,17.94,17.88,03a60571o0458o
60573.149081,19.527,0.407,56,23,o,0,0.92,318.17044,-42.50001,9732.2,6296.11,2.27,2.05,-6.8,-0.445,18.86,19.52,04a60573o0385o
60573.175495,19.55,0.426,55,23,o,0,1.02,318.17044,-42.50001,9743.3,6324.1,2.37,2.02,-9.6,-0.415,18.84,19.44,04a60573o0438o
60573.175949,-19.766,0.802,-45,36,o,0,0.99,318.17044,-42.50001,31.0,6383.54,2.23,2.0,88.2,-0.391,18.84,19.44,04a60573o0439o
60573.186974,-19.819,0.505,-43,22,o,0,1.11,318.17044,-42.50001,9676.82,6239.78,2.32,2.0,-13.8,-0.435,18.83,19.42,04a60573o0460o
60573.202163,21.764,3.5,7,25,o,0,0.71,318.17044,-42.50001,9650.74,6352.39,2.32,1.96,-15.2,-0.406,18.83,19.41,04a60573o0490o
60574.866044,-23.71,11.667,-1,14,o,0,1.6,318.17044,-42.50001,6498.1,8280.82,2.81,2.41,-44.5,-0.395,19.1,20.51,03a60575o0310o
60574.873521,-21.103,1.155,-13,15,o,0,1.39,318.17044,-42.50001,6512.34,8320.81,2.7,2.33,-43.8,-0.395,19.13,20.36,03a60575o0326o
60574.876372,-22.72,6.214,-3,18,o,0,1.04,318.17044,-42.50001,6457.43,8241.36,2.88,2.43,-41.6,-0.389,19.04,20.4,03a60575o0332o
60574.886155,-21.902,3.226,-6,20,o,0,1.31,318.17044,-42.50001,6441.97,8358.32,2.84,2.38,-41.9,-0.384,18.96,20.09,03a60575o0353o
60576.11708,-21.014,0.683,-14,10,c,0,1.86,318.17044,-42.50001,9389.89,3972.0,2.76,2.28,-22.1,-0.373,19.27,21.19,04a60576o0282c
60576.120267,19.779,1.565,44,70,c,0,0.81,318.17044,-42.50001,9407.98,4009.69,2.74,2.22,-23.3,-0.384,17.63,19.39,04a60576o0289c
60576.126545,-19.711,2.172,-47,103,c,0,0.83,318.17044,-42.50001,9350.64,3927.48,2.66,2.11,-22.1,-0.374,16.94,18.65,04a60576o0302c
60576.137737,19.593,1.857,53,98,c,0,1.54,318.17044,-42.50001,9328.34,4036.17,2.71,2.28,-28.7,-0.39,16.76,18.45,04a60576o0325c
60577.852117,22.357,3.208,4,13,o,0,1.19,318.17044,-42.50001,8497.12,10222.52,2.65,2.18,-48.6,-0.423,19.4,20.83,03a60578o0280o
60577.855044,-21.069,1.107,-14,15,o,0,1.09,318.17044,-42.50001,8514.11,10260.33,2.8,2.16,-43.4,-0.435,19.39,20.84,03a60578o0286o
60577.860536,21.904,2.265,6,14,o,0,0.91,318.17044,-42.50001,8460.71,10178.78,2.81,2.19,-42.4,-0.429,19.4,20.83,03a60578o0298o
60577.872013,-21.628,1.811,-8,15,o,0,1.36,318.17044,-42.50001,8440.74,10296.13,2.97,2.49,-48.2,-0.404,19.27,20.81,03a60578o0323o
60580.254463,21.323,0.972,11,10,c,0,1.37,318.17044,-42.50001,2410.48,1893.06,2.5,2.06,35.6,-0.388,19.27,20.92,04a60580o0016c
60580.257684,20.801,0.667,17,12,c,0,1.2,318.17044,-42.50001,2428.18,1932.55,2.48,2.15,35.6,-0.379,19.25,20.9,04a60580o0023c
60580.264129,21.036,0.939,14,13,c,0,1.12,318.17044,-42.50001,2361.47,1856.3,2.4,1.96,36.6,-0.391,19.31,20.85,04a60580o0037c
60580.27397,20.91,0.794,16,12,c,0,1.17,318.17044,-42.50001,2334.88,1977.3,2.55,2.07,41.9,-0.384,19.25,20.82,04a60580o0058c
60585.112717,20.911,0.615,16,10,c,0,1.29,318.17044,-42.50001,987.93,8164.17,2.71,2.04,-81.8,-0.357,19.58,21.46,04a60585o0291c
60585.11736,-20.317,0.493,-27,13,c,0,1.36,318.17044,-42.50001,10498.26,8133.66,2.73,2.49,-17.8,-0.399,19.57,21.41,04a60585o0300c
60585.11781,21.117,0.667,13,9,c,0,1.44,318.17044,-42.50001,1006.82,8199.74,2.71,2.11,-84.1,-0.354,19.57,21.47,04a60585o0301c
60585.123318,19.877,0.323,41,13,c,0,1.03,318.17044,-42.50001,10476.58,8245.97,2.62,2.51,-7.6,-0.419,19.63,21.39,04a60585o0312c
60585.123772,-22.731,3.619,-3,11,c,0,1.01,318.17044,-42.50001,949.21,8119.97,2.61,2.05,-82.1,-0.358,19.58,21.43,04a60585o0313c
60585.143239,23.016,4.133,2,9,c,0,1.33,318.17044,-42.50001,921.47,8226.42,2.67,2.15,-81.0,-0.355,19.55,21.42,04a60585o0353c
60585.84281,21.019,0.819,14,12,o,0,1.56,318.17044,-42.50001,3301.6,3671.82,2.66,2.47,-68.3,-0.413,19.22,20.77,03a60586o0253o
60585.846018,21.204,1.519,12,18,o,0,0.78,318.17044,-42.50001,3321.0,3709.6,2.75,2.55,-70.8,-0.404,19.1,20.7,03a60586o0260o
60585.851597,23.791,10.167,1,11,o,0,1.57,318.17044,-42.50001,3265.24,3631.42,2.59,2.36,-69.3,-0.406,19.23,20.73,03a60586o0272o
60585.862126,21.291,1.214,11,13,o,0,0.96,318.17044,-42.50001,3245.9,3747.97,2.73,2.48,-67.3,-0.405,19.19,20.74,03a60586o0295o
60587.858963,20.785,0.75,18,13,o,0,1.17,318.17044,-42.50001,4753.54,10277.09,2.46,2.09,-48.4,-0.396,19.35,20.71,03a60588o0278o
60587.862151,21.625,1.587,8,13,o,0,1.32,318.17044,-42.50001,4769.81,10316.94,2.55,2.17,-42.3,-0.392,19.33,20.73,03a60588o0285o
60587.867983,22.274,2.923,4,13,o,0,1.07,318.17044,-42.50001,4717.38,10238.74,2.55,2.15,-44.4,-0.396,19.33,20.77,03a60588o0297o
60587.902651,20.737,0.745,18,14,o,0,0.9,318.17044,-42.50001,4701.64,10359.9,2.51,2.09,-44.6,-0.395,19.29,20.6,03a60588o0368o
60588.133078,-21.361,0.962,-10,10,c,0,1.51,318.17044,-42.50001,9753.68,151.66,3.03,2.35,-29.3,-0.363,19.52,21.27,04a60588o0215c
60588.135961,20.534,0.557,22,12,c,0,1.13,318.17044,-42.50001,9771.6,188.54,2.91,2.43,-26.7,-0.364,19.55,21.31,04a60588o0221c
60588.141085,17.772,0.785,283,222,c,0,0.99,318.17044,-42.50001,9708.5,107.07,3.18,2.45,-30.3,-0.303,17.06,18.64,04a60588o0232c
60588.151389,20.422,0.505,25,12,c,0,1.02,318.17044,-42.50001,9683.18,222.89,2.91,2.43,-27.6,-0.362,19.27,21.03,04a60588o0253c
60589.818785,-19.731,1.388,-46,65,o,0,2.06,318.17044,-42.50001,7295.87,4095.97,2.09,1.9,-57.5,-0.445,17.16,18.38,03a60590o0203o
60589.824305,21.748,3.424,7,25,o,0,0.92,318.17044,-42.50001,7239.63,4016.92,2.11,1.84,-59.7,-0.463,18.77,20.05,03a60590o0215o
60589.834341,22.004,2.825,6,16,o,0,0.53,318.17044,-42.50001,7218.64,4132.42,2.13,1.87,-56.8,-0.477,19.28,20.62,03a60590o0237o
60592.07047,21.802,2.558,7,18,o,0,1.03,318.17044,-42.50001,5892.91,6433.29,2.44,2.13,-73.9,-0.419,18.94,20.17,04a60592o0127o
60592.07364,20.183,0.588,31,18,o,0,1.0,318.17044,-42.50001,5909.84,6468.77,2.21,2.02,-67.4,-0.422,19.01,20.17,04a60592o0134o
60592.079209,19.73,0.361,47,17,o,0,1.19,318.17044,-42.50001,5852.86,6387.31,2.46,2.2,-82.1,-0.419,18.93,20.2,04a60592o0146o
60592.090327,-21.53,1.842,-9,16,o,0,1.19,318.17044,-42.50001,5829.48,6496.07,2.24,2.01,-71.5,-0.417,18.93,20.11,04a60592o0170o
60593.813616,-21.675,4.676,-8,36,o,0,1.32,318.17044,-42.50001,2713.97,9861.22,2.71,2.36,-46.9,-0.386,18.37,18.87,03a60594o0185o
60593.816827,19.583,0.909,53,48,o,0,1.13,318.17044,-42.50001,2731.86,9898.78,2.62,2.27,-44.7,-0.383,18.06,18.52,03a60594o0192o
60593.822368,19.149,1.018,80,81,o,0,1.01,318.17044,-42.50001,2678.25,9820.42,2.71,2.34,-45.5,-0.389,17.76,18.08,03a60594o0204o
60593.83389,-18.704,0.502,-120,60,o,0,1.49,318.17044,-42.50001,2656.12,9938.04,2.79,2.37,-42.7,-0.373,18.09,18.55,03a60594o0229o
60594.787033,-19.636,0.614,-51,31,o,0,1.6,318.17044,-42.50001,2710.32,9862.5,2.58,2.26,-47.1,-0.393,18.38,18.67,03a60595o0120o
60594.794772,20.672,1.687,20,33,o,0,1.18,318.17044,-42.50001,2728.9,9902.16,2.59,2.27,-50.5,-0.398,18.35,18.65,03a60595o0135o
60594.799444,19.651,0.663,50,33,o,0,1.07,318.17044,-42.50001,2675.92,9825.04,2.5,2.21,-51.7,-0.396,18.38,18.66,03a60595o0145o
60594.809464,21.17,2.709,12,34,o,0,0.78,318.17044,-42.50001,2652.99,9942.36,2.54,2.18,-56.8,-0.383,18.41,18.64,03a60595o0165o
60597.817741,-20.625,1.767,-20,36,o,0,1.16,318.17044,-42.50001,6383.75,1702.24,2.92,2.8,-67.9,-0.413,18.18,18.84,03a60598o0188o
60597.821535,-20.154,1.292,-32,41,o,0,1.0,318.17044,-42.50001,6404.2,1742.32,3.07,2.86,-64.4,-0.447,18.14,18.82,03a60598o0196o
60597.826964,19.913,0.891,39,35,o,0,0.93,318.17044,-42.50001,6349.67,1665.64,2.87,2.69,-52.3,-0.42,18.23,18.86,03a60598o0207o
60597.836769,20.029,1.369,35,48,o,0,0.82,318.17044,-42.50001,6323.41,1777.97,3.36,3.2,-57.5,-0.434,18.02,18.78,03a60598o0228o
60600.070451,20.852,1.514,17,25,o,0,1.66,318.17044,-42.50001,3881.67,6045.31,2.04,1.87,-52.6,-0.424,18.59,18.88,04a60600o0192o
60600.086493,-22.64,6.8,-3,22,o,0,1.16,318.17044,-42.50001,3896.46,6072.6,2.0,1.77,-71.0,-0.448,18.61,18.9,04a60600o0207o
60600.090178,22.35,6.658,4,28,o,0,0.98,318.17044,-42.50001,3837.84,5994.25,2.01,1.8,-69.9,-0.437,18.6,18.88,04a60600o0215o
60600.095787,19.792,0.545,44,24,o,0,1.24,318.17044,-42.50001,3817.27,6107.84,2.01,1.77,-73.4,-0.439,18.59,18.82,04a60600o0227o
60601.792876,19.943,0.561,38,22,o,0,1.3,318.17044,-42.50001,6635.72,10228.99,3.01,2.57,-44.6,-0.386,18.78,19.7,03a60602o0135o
60601.7966,-21.784,3.273,-7,23,o,0,0.98,318.17044,-42.50001,6654.43,10268.05,3.09,2.45,-38.7,-0.372,18.84,19.69,03a60602o0143o
60601.803065,20.471,0.845,24,20,o,0,1.66,318.17044,-42.50001,6599.2,10186.61,2.95,2.39,-39.4,-0.392,18.85,19.66,03a60602o0157o
60601.81326,21.922,3.72,6,23,o,0,1.37,318.17044,-42.50001,6579.99,10305.5,3.24,2.69,-39.6,-0.374,18.7,19.57,03a60602o0179o
60601.833529,-20.336,0.937,-27,25,o,0,0.94,318.17044,-42.50001,1380.03,46.12,2.67,2.44,-73.8,-0.418,18.67,19.5,03a60602o0222o
60604.05575,20.971,1.053,15,16,o,0,0.83,318.17044,-42.50001,7809.72,6339.0,2.48,2.23,-47.6,-0.421,19.21,20.5,04a60604o0157o
60604.060504,20.479,0.627,23,15,o,0,1.33,318.17044,-42.50001,7829.45,6377.55,2.45,2.22,-50.9,-0.42,19.19,20.5,04a60604o0167o
60604.065796,19.979,0.399,37,15,o,0,1.15,318.17044,-42.50001,7771.08,6296.49,2.5,2.28,-44.1,-0.433,19.2,20.55,04a60604o0178o
60604.076653,20.192,0.418,30,13,o,0,1.39,318.17044,-42.50001,7746.4,6405.07,2.42,2.19,-46.9,-0.422,19.25,20.66,04a60604o0201o
60605.784775,21.06,0.97,14,13,c,0,0.98,318.17044,-42.50001,10390.86,10253.11,3.0,2.44,-57.2,-0.428,19.49,21.24,03a60606o0101c
60605.788067,21.917,1.964,6,12,c,0,1.36,318.17044,-42.50001,10407.82,10293.99,3.08,2.49,-55.5,-0.439,19.48,21.22,03a60606o0108c
60605.794486,0.0,21.163,0,12,c,0,1.2,318.17044,-42.50001,10353.46,10212.22,3.06,2.47,-50.6,-0.435,19.44,21.21,03a60606o0122c
60605.796754,21.09,0.892,13,12,c,0,1.32,318.17044,-42.50001,828.4,9980.04,2.92,2.54,-41.1,-0.395,19.46,21.26,03a60606o0127c
60605.799958,-22.171,2.56,-5,13,c,0,1.01,318.17044,-42.50001,846.59,10018.56,2.85,2.49,-40.4,-0.401,19.48,21.25,03a60606o0134c
60605.805458,-23.144,6.556,-2,13,c,0,1.3,318.17044,-42.50001,10335.26,10329.02,3.01,2.46,-53.8,-0.428,19.42,21.19,03a60606o0146c
60605.805909,20.403,0.458,25,12,c,0,1.67,318.17044,-42.50001,793.43,9941.41,2.94,2.58,-43.0,-0.399,19.44,21.24,03a60606o0147c
60605.817278,-21.321,1.127,-11,12,c,0,1.29,318.17044,-42.50001,770.43,10060.58,2.81,2.46,-39.3,-0.407,19.45,21.24,03a60606o0171c
60608.055327,20.153,0.445,32,14,o,0,0.74,318.17044,-42.50001,1346.46,3875.86,2.23,1.94,66.7,-0.398,19.29,20.57,04a60608o0151o
60608.059002,20.01,0.373,36,13,o,0,0.93,318.17044,-42.50001,1365.75,3914.29,2.19,1.92,70.2,-0.407,19.3,20.55,04a60608o0159o
60608.065076,19.839,0.35,42,15,o,0,0.72,318.17044,-42.50001,1307.21,3839.61,2.04,1.83,68.0,-0.417,19.34,20.56,04a60608o0172o
60608.076854,-23.647,9.2,-1,12,o,0,1.27,318.17044,-42.50001,1287.85,3955.82,2.11,1.9,68.8,-0.408,19.32,20.6,04a60608o0197o
60609.786572,22.75,4.0,3,12,c,0,0.83,318.17044,-42.50001,5266.42,3610.86,2.72,2.53,-58.0,-0.381,19.32,21.21,03a60610o0099c
60609.789762,20.778,0.514,18,9,c,0,1.86,318.17044,-42.50001,5284.9,3648.92,2.46,2.25,-56.0,-0.392,19.4,21.18,03a60610o0106c
60609.797061,21.213,0.806,12,10,c,0,1.06,318.17044,-42.50001,5229.08,3569.97,2.49,2.25,-56.7,-0.394,19.46,21.24,03a60610o0122c
60609.806927,-24.679,19.0,0,9,c,0,1.41,318.17044,-42.50001,5208.42,3688.27,2.51,2.32,-57.5,-0.392,19.47,21.29,03a60610o0143c
60612.02662,22.629,5.417,3,18,o,0,0.96,318.17044,-42.50001,8519.83,8196.9,2.2,1.91,-9.5,-0.419,19.24,20.34,04a60612o0081o
60612.029895,20.061,0.333,34,11,o,0,2.62,318.17044,-42.50001,8538.53,8235.5,2.15,1.84,-9.2,-0.42,19.24,20.31,04a60612o0088o
60612.035647,21.803,2.132,7,15,o,0,1.27,318.17044,-42.50001,8482.44,8156.56,2.19,1.87,-11.9,-0.419,19.21,20.36,04a60612o0100o
60612.045959,19.917,0.383,39,15,o,0,1.13,318.17044,-42.50001,8464.49,8273.61,2.16,1.88,-14.2,-0.429,19.25,20.42,04a60612o0122o
60613.777123,20.877,0.618,16,10,c,0,1.29,318.17044,-42.50001,8472.31,2173.12,2.6,2.22,-61.7,-0.4,19.54,21.4,03a60614o0078c
60613.780422,20.007,0.289,36,10,c,0,0.84,318.17044,-42.50001,8492.69,2213.4,2.64,2.28,-60.4,-0.402,19.54,21.41,03a60614o0085c
60613.787377,21.426,1.051,10,10,c,0,1.01,318.17044,-42.50001,8438.12,2135.16,2.62,2.28,-56.1,-0.407,19.52,21.39,03a60614o0100c
60613.797699,19.624,0.215,51,11,c,0,1.06,318.17044,-42.50001,8411.21,2247.7,2.61,2.23,-61.4,-0.413,19.5,21.36,03a60614o0122c
60616.164699,-21.314,1.677,-11,18,o,0,1.03,318.17044,-42.50001,4743.45,8358.39,2.53,1.95,-76.7,-0.425,18.94,20.06,04a60616o0123o
60616.168052,21.294,1.286,11,14,o,0,2.47,318.17044,-42.50001,4761.66,8396.15,2.68,2.07,-79.3,-0.394,18.9,20.04,04a60616o0130o
60616.192593,19.41,0.319,62,20,o,0,1.18,318.17044,-42.50001,4705.64,8318.3,2.64,2.1,-78.7,-0.405,18.71,19.86,04a60616o0183o
60617.01121,-21.561,3.143,-9,27,o,0,0.93,318.17044,-42.50001,4734.58,8351.13,2.64,2.02,-62.5,-0.47,18.85,20.5,04a60617o0034o
60617.032909,20.377,0.526,26,14,o,0,1.65,318.17044,-42.50001,4754.03,8389.21,2.3,1.87,-72.3,-0.426,19.31,20.63,04a60617o0081o
60617.036086,-20.895,0.963,-16,15,o,0,1.01,318.17044,-42.50001,4696.01,8312.42,2.29,1.89,-72.9,-0.437,19.31,20.67,04a60617o0088o
60617.042556,20.847,0.876,17,15,o,0,1.01,318.17044,-42.50001,4678.76,8430.49,2.1,1.77,-72.8,-0.411,19.35,20.64,04a60617o0102o
60620.008472,-20.58,0.796,-21,17,o,0,1.25,318.17044,-42.50001,1841.65,6176.21,2.23,1.92,-84.0,-0.408,19.01,19.84,04a60620o0033o
60620.012106,21.073,1.143,14,15,o,0,1.05,318.17044,-42.50001,1861.47,6214.33,2.25,1.92,-86.4,-0.406,19.15,20.2,04a60620o0041o
60620.019863,20.768,0.92,18,16,o,0,0.71,318.17044,-42.50001,1804.32,6139.48,2.21,1.95,-84.2,-0.423,19.24,20.5,04a60620o0058o
60620.03405,20.073,0.405,34,14,o,0,0.77,318.17044,-42.50001,1785.8,6256.99,2.25,1.92,-85.2,-0.414,19.34,20.61,04a60620o0089o
60621.757249,20.666,2.849,20,56,o,0,0.91,318.17044,-42.50001,9573.35,6406.67,2.82,2.28,-56.9,-0.374,17.82,18.17,03a60622o0027o
60621.760425,19.528,0.765,56,43,o,0,1.21,318.17044,-42.50001,9593.23,6446.63,2.91,2.33,-56.2,-0.354,17.99,18.43,03a60622o0034o
60621.767758,-19.761,0.639,-45,29,o,0,0.74,318.17044,-42.50001,9537.17,6362.5,2.89,2.52,-61.1,-0.385,18.62,19.59,03a60622o0050o
60621.781145,-18.683,0.583,-122,71,o,0,1.17,318.17044,-42.50001,9519.84,6478.54,5.14,4.73,-62.9,-0.429,17.51,18.73,03a60622o0079o
60624.016832,20.916,2.196,16,34,o,0,0.73,318.17044,-42.50001,6629.58,8255.38,2.32,2.09,-49.2,-0.386,18.51,18.98,04a60624o0045o
60624.020625,19.915,0.895,39,35,o,0,0.76,318.17044,-42.50001,6648.84,8294.97,2.36,2.13,-55.0,-0.382,18.51,19.02,04a60624o0053o
60624.034083,-22.854,9.944,-3,26,o,0,1.29,318.17044,-42.50001,6592.17,8217.58,2.24,2.05,-46.4,-0.397,18.53,19.03,04a60624o0082o
60624.039598,19.785,0.662,44,29,o,0,1.17,318.17044,-42.50001,6575.54,8334.96,2.38,2.06,-68.9,-0.402,18.56,19.03,04a60624o0094o
60625.069071,20.13,0.769,32,25,o,0,1.37,318.17044,-42.50001,6631.77,8260.89,2.18,1.97,-57.1,-0.391,18.61,19.06,04a60625o0157o
60625.071848,-21.196,2.056,-12,25,o,0,1.47,318.17044,-42.50001,6650.21,8299.89,2.13,1.96,-62.7,-0.387,18.63,19.06,04a60625o0163o
60625.087823,21.914,4.857,6,30,o,0,0.85,318.17044,-42.50001,6591.71,8221.91,2.06,1.88,-55.6,-0.402,18.57,19.04,04a60625o0198o
60625.093842,21.233,2.286,12,27,o,0,0.97,318.17044,-42.50001,6575.01,8338.96,2.2,1.88,-70.4,-0.395,18.61,19.01,04a60625o0211o
60625.764441,-21.248,2.977,-12,34,o,0,0.81,318.17044,-42.50001,9288.6,4063.7,3.18,2.84,-57.3,-0.393,18.35,19.14,03a60626o0039o
60625.76766,20.738,1.511,18,28,o,0,1.16,318.17044,-42.50001,9308.86,4103.42,2.96,2.59,-58.7,-0.357,18.47,19.28,03a60626o0046o
60625.787169,20.907,1.412,16,22,o,0,1.41,318.17044,-42.50001,9253.73,4022.64,2.89,2.5,-57.9,-0.36,18.58,19.37,03a60626o0088o
60625.793653,21.552,3.058,9,27,o,0,0.76,318.17044,-42.50001,9233.22,4138.69,2.68,2.24,-60.1,-0.371,18.62,19.34,03a60626o0102o
60628.064272,20.924,2.101,16,33,o,0,1.41,318.17044,-42.50001,8693.43,10157.57,2.31,1.99,-0.6,-0.472,18.53,19.06,04a60628o0142o
60628.067105,-23.924,40.0,-1,39,o,0,0.7,318.17044,-42.50001,8713.13,10197.87,2.29,1.99,-6.5,-0.485,18.53,19.03,04a60628o0148o
60628.082025,19.996,1.025,36,37,o,0,1.42,318.17044,-42.50001,8658.27,10117.99,2.23,1.92,-7.6,-0.498,18.46,18.96,04a60628o0180o
60628.100118,20.155,1.071,32,34,o,0,1.4,318.17044,-42.50001,8640.49,10236.4,2.18,1.86,-7.8,-0.504,18.38,18.85,04a60628o0219o
60629.768125,26.07,193.0,0,26,o,0,1.19,318.17044,-42.50001,2424.5,1834.55,2.3,2.05,-62.7,-0.41,18.52,18.89,03a60630o0042o
60629.771426,-20.456,1.208,-24,29,o,0,1.06,318.17044,-42.50001,2443.99,1873.52,2.29,2.02,-60.5,-0.415,18.59,18.97,03a60630o0049o
60629.790358,20.755,1.299,18,24,o,0,1.39,318.17044,-42.50001,2388.88,1796.63,2.3,2.05,-63.0,-0.405,18.56,19.01,03a60630o0090o
60629.805892,-23.319,12.0,-2,20,o,0,2.0,318.17044,-42.50001,2367.8,1914.48,2.36,2.1,-65.7,-0.395,18.52,18.96,03a60630o0124o
60632.030485,20.393,0.543,25,14,o,0,1.61,318.17044,-42.50001,340.29,2053.47,2.54,1.87,48.6,-0.422,19.22,20.52,04a60632o0063o
60632.038489,0.0,21.104,0,13,o,0,1.26,318.17044,-42.50001,362.55,2094.43,2.59,1.85,44.9,-0.418,19.21,20.52,04a60632o0080o
60632.041699,-20.991,0.979,-15,14,o,0,1.24,318.17044,-42.50001,300.4,2018.38,2.59,1.86,45.6,-0.424,19.21,20.51,04a60632o0087o
60632.042153,-21.065,1.154,-14,16,o,0,1.87,318.17044,-42.50001,10464.51,2046.14,2.92,2.17,-32.5,-0.383,19.2,20.44,04a60632o0088o
60632.045348,-21.568,1.953,-9,17,o,0,1.41,318.17044,-42.50001,10483.11,2085.85,2.94,2.15,-33.3,-0.361,19.25,20.4,04a60632o0095o
60632.05959,21.42,1.576,10,16,o,0,0.88,318.17044,-42.50001,281.91,2137.92,2.58,1.83,44.3,-0.405,19.23,20.51,04a60632o0126o
60632.060491,20.575,0.947,21,20,o,0,1.06,318.17044,-42.50001,10423.97,2007.39,2.86,2.13,-32.2,-0.379,19.16,20.41,04a60632o0128o
60632.078561,20.501,1.035,23,24,o,0,0.97,318.17044,-42.50001,10403.95,2124.69,2.71,2.05,-31.2,-0.384,18.99,19.96,04a60632o0167o
60633.779245,19.461,1.368,60,82,o,0,1.34,318.17044,-42.50001,10332.29,8295.22,2.82,2.12,-57.4,-0.443,17.15,18.3,03a60634o0051o
60633.782417,-22.624,170.5,-3,552,o,0,0.82,318.17044,-42.50001,10350.53,8334.44,2.83,2.11,-58.5,-0.425,16.74,17.9,03a60634o0058o
60633.90973,-20.163,4.36,-31,136,o,0,0.93,318.17044,-42.50001,823.91,8084.44,3.19,2.92,-46.6,-0.338,16.61,17.49,03a60634o0102o
60633.912053,19.243,2.195,73,160,o,0,0.89,318.17044,-42.50001,769.88,8007.79,3.25,2.98,-48.6,-0.324,16.22,17.07,03a60634o0107o
60633.916224,-18.761,1.017,-114,116,o,0,1.21,318.17044,-42.50001,746.76,8125.46,3.36,3.09,-47.6,-0.342,16.86,17.69,03a60634o0116o
60636.020127,20.948,1.149,15,17,c,0,0.83,318.17044,-42.50001,3314.64,3723.14,2.24,2.11,69.2,-0.371,18.9,20.08,04a60636o0031c
60636.023286,-21.29,1.233,-11,14,c,0,0.94,318.17044,-42.50001,3334.03,3761.91,2.14,2.02,65.0,-0.373,19.11,20.48,04a60636o0038c
60636.028736,21.241,0.804,12,9,c,0,1.74,318.17044,-42.50001,3276.14,3685.91,2.09,1.99,69.3,-0.383,19.36,20.86,04a60636o0050c
60636.049547,20.438,0.442,24,11,c,0,1.28,318.17044,-42.50001,3259.44,3804.92,2.09,2.0,53.1,-0.381,19.36,21.02,04a60636o0095c
60753.375236,20.879,1.745,16,28,o,0,1.52,318.17044,-42.50001,3741.95,343.57,2.15,1.99,54.5,-0.44,18.37,19.09,04a60753o0828o
60753.379425,19.984,0.887,37,33,o,0,1.06,318.17044,-42.50001,3722.87,305.12,2.16,1.97,52.0,-0.429,18.43,19.12,04a60753o0837o
60753.384213,23.305,18.6,2,32,o,0,1.27,318.17044,-42.50001,3779.75,385.36,2.22,1.98,47.1,-0.435,18.48,19.13,04a60753o0847o
60753.404122,-21.119,2.888,-13,37,o,0,0.93,318.17044,-42.50001,3799.38,271.03,2.2,1.96,49.2,-0.432,18.29,18.84,04a60753o0889o
60754.38023,20.376,0.875,26,22,o,0,1.5,318.17044,-42.50001,2878.63,4222.33,2.21,2.09,-82.2,-0.424,18.58,19.38,04a60754o0843o
60754.383494,23.58,17.111,1,23,o,0,1.27,318.17044,-42.50001,2859.12,4184.06,2.12,2.03,87.2,-0.421,18.61,19.43,04a60754o0850o
60754.395923,20.596,1.25,21,26,o,0,1.09,318.17044,-42.50001,2915.7,4264.96,2.19,2.05,-86.5,-0.425,18.63,19.45,04a60754o0875o
60754.403378,-20.611,0.973,-21,20,o,0,2.24,318.17044,-42.50001,2933.76,4151.23,2.08,2.0,72.9,-0.419,18.53,19.25,04a60754o0889o
60766.392445,21.654,1.667,8,13,c,0,0.92,318.17044,-42.50001,5826.67,2207.81,2.23,2.13,-27.6,-0.413,19.21,20.86,04a60766o0897c
60766.396586,21.249,1.071,12,12,c,0,1.15,318.17044,-42.50001,5807.5,2169.96,2.32,2.19,-17.2,-0.414,19.22,20.85,04a60766o0906c
60766.404106,20.255,0.538,29,15,c,0,1.02,318.17044,-42.50001,5865.32,2248.58,2.32,2.24,-24.6,-0.411,19.18,20.77,04a60766o0922c
60766.415745,19.566,0.481,54,26,c,0,1.1,318.17044,-42.50001,5884.15,2133.74,2.32,2.2,-14.9,-0.404,18.47,19.39,04a60766o0947c
60772.384241,-20.98,0.889,-15,13,c,0,1.26,318.17044,-42.50001,949.72,4285.82,2.54,2.15,43.9,-0.365,19.12,20.64,04a60772o0877c
60772.399486,20.995,1.0,14,14,c,0,0.86,318.17044,-42.50001,929.29,4249.8,2.55,2.23,46.4,-0.368,19.12,20.65,04a60772o0909c
60772.410754,23.341,8.0,2,13,c,0,1.47,318.17044,-42.50001,989.12,4329.95,2.55,2.22,44.4,-0.368,19.06,20.51,04a60772o0932c
60772.417995,-20.41,0.863,-25,22,c,0,0.88,318.17044,-42.50001,1006.33,4215.2,2.51,2.21,46.6,-0.363,18.67,19.73,04a60772o0947c
60777.373511,20.45,1.206,24,29,o,0,0.93,318.17044,-42.50001,1306.89,6621.29,2.37,2.05,-89.9,-0.371,18.5,19.18,04a60777o0799o
60777.376299,19.859,0.702,41,29,o,0,0.97,318.17044,-42.50001,1287.15,6581.51,2.36,1.99,-88.5,-0.377,18.52,19.18,04a60777o0805o
60777.381936,-20.288,0.888,-28,25,o,0,1.23,318.17044,-42.50001,1345.77,6660.59,2.39,2.05,-84.8,-0.374,18.51,19.19,04a60777o0817o
60777.400399,-20.007,0.721,-36,26,o,0,1.14,318.17044,-42.50001,1363.25,6547.74,2.36,2.05,-82.7,-0.383,18.58,19.32,04a60777o0857o
60781.286388,-19.978,1.057,-37,39,o,0,1.2,318.17044,-42.50001,8240.56,8633.74,2.42,2.17,-61.6,-0.411,18.34,18.96,04a60781o0699o
60781.289252,-20.401,1.884,-25,47,o,0,0.8,318.17044,-42.50001,8221.08,8595.88,2.5,2.15,-69.5,-0.434,18.31,18.99,04a60781o0705o
60781.294376,19.55,0.735,55,40,o,0,0.93,318.17044,-42.50001,8282.44,8673.12,2.36,2.16,-43.5,-0.379,18.31,19.02,04a60781o0716o
60781.319601,22.114,5.9,5,31,o,0,1.29,318.17044,-42.50001,8301.73,8561.05,2.3,2.12,-50.3,-0.378,18.46,19.15,04a60781o0768o
60782.015955,19.691,0.772,48,37,o,0,1.29,318.17044,-42.50001,10152.14,8570.29,3.17,2.42,-44.7,-0.405,18.3,18.85,03a60782o0644o
60782.018784,19.591,0.716,53,38,o,0,1.32,318.17044,-42.50001,10131.23,8536.24,3.27,2.46,-46.9,-0.408,18.27,18.88,03a60782o0650o
60782.02433,19.087,0.46,84,39,o,0,0.97,318.17044,-42.50001,10189.72,8614.22,3.26,2.61,-44.6,-0.415,18.27,18.92,03a60782o0662o
60782.052636,19.326,0.578,68,39,o,0,0.88,318.17044,-42.50001,10211.22,8499.03,3.0,2.26,-43.9,-0.425,18.46,19.11,03a60782o0723o
60783.141101,20.278,0.879,28,25,o,0,0.95,318.17044,-42.50001,57.77,8384.61,2.48,2.14,-54.6,-0.389,18.79,19.41,03a60783o0899o
60783.149011,20.039,0.861,35,30,o,0,0.8,318.17044,-42.50001,41.91,8344.69,2.58,2.23,-54.7,-0.399,18.76,19.38,03a60783o0914o
60783.153134,21.151,1.974,13,25,o,0,1.07,318.17044,-42.50001,101.63,8425.94,2.52,2.2,-54.3,-0.397,18.81,19.4,03a60783o0923o
60783.163363,-21.119,1.806,-13,23,o,0,1.46,318.17044,-42.50001,123.6,8308.57,2.57,2.26,-57.3,-0.391,18.72,19.4,03a60783o0945o
60784.082632,20.964,1.622,15,24,o,0,1.02,318.17044,-42.50001,196.27,2286.19,2.44,2.1,-68.0,-0.369,18.65,19.15,03a60784o0802o
60784.086303,-21.167,2.06,-12,26,o,0,1.17,318.17044,-42.50001,177.17,2246.42,2.4,2.08,-69.1,-0.384,18.68,19.2,03a60784o0810o
60784.091835,-20.548,0.987,-22,22,o,0,1.29,318.17044,-42.50001,237.72,2326.39,2.29,2.0,-64.2,-0.398,18.79,19.32,03a60784o0822o
60784.107731,0.0,0.0,0,0,o,0,-2.0,318.17044,-42.50001,216.94,2163.32,2.53,2.18,-64.7,-0.357,17.92,19.03,03a60784o0855o
60788.337418,20.3,0.842,28,23,o,0,0.77,318.17044,-42.50001,953.05,10418.23,2.84,2.03,-74.6,-0.391,18.99,20.13,04a60788o0817o
60788.33834,23.316,10.273,2,18,o,0,1.09,318.17044,-42.50001,5616.56,260.35,2.22,2.13,62.1,-0.413,18.91,20.11,04a60788o0819o
60788.340634,-23.261,11.6,-2,21,o,0,1.01,318.17044,-42.50001,931.65,10378.49,2.77,1.99,-74.0,-0.396,18.98,20.11,04a60788o0824o
60788.341606,22.081,2.857,5,15,o,0,1.62,318.17044,-42.50001,5599.48,221.82,2.2,2.15,50.4,-0.407,18.96,20.1,04a60788o0826o
60788.346195,-20.472,1.21,-24,28,o,0,0.75,318.17044,-42.50001,993.59,10459.2,2.64,1.93,-73.4,-0.429,19.0,20.1,04a60788o0836o
60788.364246,20.167,0.554,31,17,o,0,1.19,318.17044,-42.50001,5656.3,303.94,2.2,2.16,30.2,-0.438,18.99,20.21,04a60788o0874o
60788.366533,20.906,1.267,16,20,o,0,1.24,318.17044,-42.50001,1011.05,10344.07,2.77,1.92,-74.1,-0.413,19.01,20.24,04a60788o0879o
60788.370205,20.205,0.52,30,16,o,0,1.37,318.17044,-42.50001,5673.15,186.95,2.24,2.17,56.5,-0.43,19.01,20.15,04a60788o0887o
60788.421374,19.64,0.472,51,24,o,0,0.81,318.17044,-42.50001,959.15,10408.78,2.81,1.86,-73.2,-0.404,18.82,19.74,04a60788o0995o
60788.426628,20.719,2.308,19,43,o,0,0.77,318.17044,-42.50001,5635.41,256.16,2.16,2.09,59.2,-0.435,18.25,18.68,04a60788o1006o
60789.395312,20.668,0.769,20,15,o,0,1.51,318.17044,-42.50001,5617.25,270.19,2.19,2.13,35.2,-0.435,19.07,20.38,04a60789o0936o
60789.399571,-21.113,1.21,-13,16,o,0,1.55,318.17044,-42.50001,5599.76,231.7,2.15,2.1,0.9,-0.439,19.1,20.37,04a60789o0945o
60789.409869,20.878,0.979,16,16,o,0,1.14,318.17044,-42.50001,5656.07,311.37,2.19,2.16,56.8,-0.447,19.05,20.37,04a60789o0967o
60789.418448,-24.073,19.8,-1,17,o,0,0.98,318.17044,-42.50001,5672.55,195.54,2.26,2.18,48.1,-0.433,19.06,20.29,04a60789o0985o
60789.426988,22.57,7.0,3,24,o,0,0.94,318.17044,-42.50001,5635.45,256.76,2.16,2.15,49.1,-0.432,18.73,19.57,04a60789o1003o
60789.985683,20.68,0.882,19,17,c,0,1.06,318.17044,-42.50001,3248.06,6498.37,2.79,2.41,-35.5,-0.361,19.03,20.59,03a60790o0578c
60790.010761,20.203,0.433,30,13,c,0,1.3,318.17044,-42.50001,3224.81,6466.76,2.66,2.26,-42.1,-0.368,19.17,20.71,03a60790o0632c
60790.013588,22.427,3.474,4,14,c,0,1.39,318.17044,-42.50001,3281.68,6545.38,2.69,2.37,-43.1,-0.368,19.16,20.73,03a60790o0638c
60790.036556,21.937,2.121,6,13,c,0,1.22,318.17044,-42.50001,3300.98,6428.25,2.62,2.25,-45.4,-0.371,19.2,20.75,03a60790o0687c
60792.133248,20.971,0.664,15,10,c,0,1.43,318.17044,-42.50001,4823.55,4132.18,2.26,2.05,-49.4,-0.392,19.47,21.16,03a60792o0942c
60792.137482,21.175,0.774,12,10,c,0,1.5,318.17044,-42.50001,4806.09,4093.95,2.25,2.05,-51.6,-0.396,19.51,21.17,03a60792o0951c
60792.14436,23.205,5.286,2,10,c,0,1.32,318.17044,-42.50001,4864.44,4171.75,2.29,2.07,-50.9,-0.393,19.49,21.14,03a60792o0966c
60792.164373,-22.093,2.075,-5,11,c,0,1.14,318.17044,-42.50001,4892.5,4058.68,2.26,2.06,-54.3,-0.399,19.45,21.01,03a60792o1009c
60792.175266,-20.797,1.309,-17,23,c,0,1.33,318.17044,-42.50001,4857.05,4115.57,2.28,2.14,-50.9,-0.39,18.57,19.1,03a60792o1031c
60792.366737,23.612,9.889,1,13,o,0,1.5,318.17044,-42.50001,4796.73,4159.26,2.11,2.01,-70.2,-0.462,19.08,20.34,04a60792o0885o
60792.390545,22.131,2.471,5,13,o,0,1.64,318.17044,-42.50001,4775.15,4123.65,2.17,2.08,-71.3,-0.447,19.11,20.46,04a60792o0934o
60792.400255,-21.424,1.769,-10,17,o,0,1.1,318.17044,-42.50001,4832.75,4202.19,2.25,2.14,-49.1,-0.49,19.06,20.43,04a60792o0954o
60792.409008,21.173,1.434,12,18,o,0,0.71,318.17044,-42.50001,4850.15,4087.68,2.08,2.07,4.8,-0.474,19.15,20.46,04a60792o0972o
60794.09645,21.664,1.298,8,10,c,0,0.97,318.17044,-42.50001,7785.41,672.4,2.45,2.25,-45.3,-0.396,19.38,21.07,03a60794o0859c
60794.121051,21.461,1.211,10,11,c,0,1.13,318.17044,-42.50001,7775.92,634.95,2.45,2.29,-45.7,-0.399,19.43,21.15,03a60794o0912c
60794.124248,20.494,0.474,23,11,c,0,1.57,318.17044,-42.50001,7831.44,713.31,2.54,2.32,-51.8,-0.395,19.37,21.16,03a60794o0919c
60794.134512,21.135,0.849,13,11,c,0,1.33,318.17044,-42.50001,7857.63,597.3,2.57,2.34,-52.5,-0.389,19.4,21.16,03a60794o0941c
60794.16876,-22.035,2.176,-6,12,c,0,1.36,318.17044,-42.50001,7829.17,657.62,2.49,2.28,-50.1,-0.391,19.26,20.7,03a60794o1013c
60797.39976,20.478,0.729,23,17,o,0,1.15,318.17044,-42.50001,7780.64,2574.92,2.37,2.1,-25.3,-0.505,19.06,20.3,04a60797o0883o
60797.404975,21.069,1.287,14,18,o,0,0.87,318.17044,-42.50001,7761.09,2537.27,2.4,2.09,-25.1,-0.398,19.07,20.3,04a60797o0894o
60797.428208,-22.625,6.579,-3,21,o,0,1.09,318.17044,-42.50001,7817.29,2617.7,2.38,2.21,-30.7,-0.397,18.75,19.6,04a60797o0941o
60797.430239,20.782,1.575,18,28,o,0,0.89,318.17044,-42.50001,7835.92,2501.67,2.36,2.21,-22.3,-0.397,18.55,19.22,04a60797o0944o
60802.095782,-21.013,0.677,-14,10,c,0,1.01,318.17044,-42.50001,3870.2,321.2,2.4,2.3,-44.6,-0.366,19.45,21.13,03a60802o0859c
60802.098594,21.297,0.956,11,10,c,0,1.34,318.17044,-42.50001,3852.29,281.57,2.51,2.35,-61.1,-0.355,19.4,21.15,03a60802o0865c
60802.099495,-25.682,74.0,0,14,c,0,0.87,318.17044,-42.50001,9093.31,10518.29,2.81,2.38,-54.9,-0.411,19.45,21.16,03a60802o0867c
60802.108366,21.54,1.309,9,12,c,0,0.96,318.17044,-42.50001,3908.26,360.65,2.46,2.34,-45.1,-0.369,19.45,21.19,03a60802o0886c
60802.1183,21.242,0.887,12,10,c,0,1.3,318.17044,-42.50001,3934.15,244.41,2.48,2.36,-48.6,-0.365,19.47,21.18,03a60802o0907c
60802.1215,21.919,2.303,6,14,c,0,0.68,318.17044,-42.50001,9176.77,10481.3,2.74,2.36,-56.1,-0.417,19.49,21.21,03a60802o0914c
60803.079071,0.0,21.108,0,13,c,0,1.19,318.17044,-42.50001,3864.52,322.76,2.44,2.21,-38.7,-0.379,19.31,21.0,03a60803o0831c
60803.080891,21.016,0.978,14,14,c,0,0.93,318.17044,-42.50001,3846.46,282.38,2.38,2.14,-42.1,-0.374,19.35,21.01,03a60803o0835c
60803.086337,23.735,9.625,1,11,c,0,1.04,318.17044,-42.50001,3902.72,362.89,2.33,2.15,-41.1,-0.377,19.42,21.04,03a60803o0847c
60803.099662,20.451,0.41,24,10,c,0,1.48,318.17044,-42.50001,3928.71,245.22,2.3,2.2,-53.0,-0.361,19.44,20.95,03a60803o0876c
60805.327703,23.413,13.889,2,22,o,0,1.01,318.17044,-42.50001,2874.08,4239.3,2.41,2.27,-81.5,-0.397,18.67,19.65,04a60805o0769o
60805.329531,20.205,0.76,30,23,o,0,1.03,318.17044,-42.50001,2854.83,4200.1,2.39,2.31,-67.4,-0.384,18.68,19.65,04a60805o0773o
60805.35578,-20.457,0.813,-24,19,o,0,0.88,318.17044,-42.50001,2910.92,4282.57,2.31,2.11,-56.6,-0.423,18.77,19.73,04a60805o0827o
60805.373787,23.333,14.125,2,24,o,0,0.84,318.17044,-42.50001,2930.35,4168.65,2.57,2.42,-43.2,-0.435,18.7,19.84,04a60805o0864o
60807.040796,-20.314,1.581,-27,43,o,0,0.75,318.17044,-42.50001,101.99,323.63,2.68,2.09,-59.9,-0.389,18.64,19.1,03a60807o0760o
60807.042176,20.114,0.818,33,27,o,0,0.9,318.17044,-42.50001,9663.33,546.45,2.2,1.99,-36.7,-0.498,18.73,19.12,03a60807o0763o
60807.043528,-24.326,36.2,-1,24,o,0,0.8,318.17044,-42.50001,86.03,282.27,2.37,2.05,-55.6,-0.459,18.73,19.17,03a60807o0766o
60807.04488,-26.091,177.0,0,24,o,0,1.37,318.17044,-42.50001,9645.52,507.91,2.28,2.04,-38.5,-0.49,18.72,19.19,03a60807o0769o
60807.049988,19.522,0.544,56,31,o,0,1.16,318.17044,-42.50001,143.78,364.27,2.34,2.02,-58.1,-0.466,18.67,19.01,03a60807o0780o
60807.052262,-20.057,0.847,-34,29,o,0,1.28,318.17044,-42.50001,9701.6,585.53,2.23,1.98,-42.7,-0.492,18.62,19.02,03a60807o0785o
60807.07606,22.878,15.0,3,38,o,0,0.63,318.17044,-42.50001,173.05,244.54,2.44,2.11,-60.7,-0.449,18.53,18.9,03a60807o0836o
60807.076961,-19.206,0.356,-76,27,o,0,1.02,318.17044,-42.50001,9732.29,470.94,2.41,2.13,-42.4,-0.488,18.55,18.94,03a60807o0838o
60808.041834,-20.072,0.725,-34,25,o,0,1.22,318.17044,-42.50001,9177.46,6757.17,2.45,1.95,-50.8,-0.387,18.6,18.82,03a60808o0763o
60808.044538,-20.308,0.937,-27,26,o,0,1.19,318.17044,-42.50001,9159.65,6719.74,2.38,1.96,-47.9,-0.393,18.59,18.83,03a60808o0769o
60808.065371,20.67,1.264,20,25,o,0,0.91,318.17044,-42.50001,9218.83,6799.55,2.43,1.96,-49.4,-0.393,18.7,18.97,03a60808o0813o
60808.083938,-21.153,1.717,-13,22,o,0,1.07,318.17044,-42.50001,9243.45,6684.31,2.37,1.99,-50.8,-0.389,18.75,19.08,03a60808o0852o
60809.303845,-17.433,1.057,-386,408,o,0,1.05,318.17044,-42.50001,9231.11,6681.35,2.43,2.29,-16.2,-0.411,15.74,15.54,04a60809o0770o
60809.307017,-19.424,2.64,-62,163,o,0,1.21,318.17044,-42.50001,9211.15,6643.57,2.48,2.26,-25.7,-0.423,16.63,16.74,04a60809o0777o
60809.310222,-18.421,0.851,-156,132,o,0,0.93,318.17044,-42.50001,9269.83,6719.55,2.49,2.32,-40.3,-0.403,17.02,17.09,04a60809o0784o
60809.333181,17.716,0.615,298,183,o,0,0.88,318.17044,-42.50001,9287.16,6608.22,2.55,2.38,-49.6,-0.425,16.67,16.49,04a60809o0832o
60810.078772,20.101,0.687,33,23,o,0,1.06,318.17044,-42.50001,5266.32,6940.01,2.38,2.14,-48.8,-0.413,18.66,19.04,03a60810o0838o
60810.08112,19.99,0.745,37,27,o,0,0.8,318.17044,-42.50001,5248.71,6901.4,2.37,2.08,-42.0,-0.401,18.7,19.05,03a60810o0843o
60810.087684,-21.788,3.193,-7,22,o,0,1.2,318.17044,-42.50001,5308.19,6980.77,2.3,2.05,-45.0,-0.423,18.69,19.04,03a60810o0857o
60810.093843,21.599,3.072,8,26,o,0,0.86,318.17044,-42.50001,5331.41,6863.93,2.24,2.05,-55.3,-0.432,18.75,19.06,03a60810o0870o
60811.109614,20.917,1.383,16,22,o,0,1.07,318.17044,-42.50001,5273.92,6941.03,2.31,2.04,-46.6,-0.416,18.74,19.16,03a60811o0913o
60811.113295,19.865,0.539,41,22,o,0,1.13,318.17044,-42.50001,5255.82,6902.78,2.31,2.02,-48.1,-0.413,18.76,19.14,03a60811o0921o
60811.140656,-20.572,0.976,-21,21,o,0,1.24,318.17044,-42.50001,5321.85,6980.93,2.4,2.09,-48.1,-0.397,18.69,19.03,03a60811o0980o
60811.160931,20.321,0.698,27,19,o,0,1.68,318.17044,-42.50001,5349.91,6865.29,2.33,2.02,-47.8,-0.404,18.7,19.03,03a60811o1022o
60816.280897,18.724,0.397,118,47,o,0,1.91,318.17044,-42.50001,5828.48,2214.14,2.19,2.1,-45.4,-0.453,17.63,18.25,04a60816o0704o
60816.293444,-21.298,2.179,-11,24,o,0,1.15,318.17044,-42.50001,5810.53,2176.1,2.13,2.11,-40.9,-0.452,18.59,19.55,04a60816o0730o
60816.295266,20.661,1.132,20,22,o,0,1.37,318.17044,-42.50001,5868.52,2252.33,2.24,2.11,-43.3,-0.457,18.75,19.81,04a60816o0734o
60816.311636,-23.074,9.364,-2,20,o,0,1.65,318.17044,-42.50001,5884.29,2141.85,2.31,2.25,-46.5,-0.448,18.72,19.9,04a60816o0769o
60817.324447,0.0,20.838,0,17,o,0,0.97,318.17044,-42.50001,5825.82,2220.23,2.24,2.15,-24.4,-0.434,19.03,20.36,04a60817o0784o
60817.326257,-22.109,2.97,-5,16,o,0,1.16,318.17044,-42.50001,5806.02,2181.73,2.23,2.11,-23.5,-0.445,19.07,20.34,04a60817o0788o
60817.330924,-22.326,4.577,-4,20,o,0,0.57,318.17044,-42.50001,5864.08,2259.55,2.27,2.15,-28.2,-0.446,19.03,20.33,04a60817o0798o
60817.347426,22.702,5.368,3,16,o,0,1.05,318.17044,-42.50001,5881.74,2145.64,2.21,2.1,-36.1,-0.451,19.03,20.29,04a60817o0830o
60818.07135,20.904,0.861,16,14,o,0,1.08,318.17044,-42.50001,6155.7,8795.2,2.47,2.08,-40.5,-0.409,19.37,20.42,03a60818o0832o
60818.073152,-21.127,1.074,-13,14,o,0,1.11,318.17044,-42.50001,6137.49,8756.37,2.51,2.14,-38.9,-0.41,19.33,20.42,03a60818o0836o
60818.075982,21.266,1.329,11,15,o,0,0.82,318.17044,-42.50001,6196.04,8834.65,2.49,2.11,-40.5,-0.412,19.35,20.4,03a60818o0842o
60818.082462,22.709,4.826,3,14,o,0,0.75,318.17044,-42.50001,6218.1,8718.4,2.44,2.11,-47.4,-0.413,19.36,20.43,03a60818o0856o
60824.29505,22.52,2.909,4,10,c,0,1.16,318.17044,-42.50001,3933.97,2323.84,2.42,2.23,44.5,-0.385,19.38,21.4,04a60824o0711c
60824.321171,22.59,2.476,3,8,c,0,1.18,318.17044,-42.50001,3913.76,2286.38,2.41,2.23,52.3,-0.383,19.4,21.51,04a60824o0766c
60824.324924,22.259,2.367,4,11,c,0,1.04,318.17044,-42.50001,3969.66,2370.66,2.35,2.15,40.9,-0.389,19.46,21.53,04a60824o0774c
60824.327709,22.532,2.8,4,10,c,0,1.19,318.17044,-42.50001,3985.92,2254.46,2.55,2.33,33.7,-0.386,19.42,21.54,04a60824o0780c
60826.050084,-20.316,0.489,-27,13,o,0,0.73,318.17044,-42.50001,1288.07,6508.06,2.57,2.31,-55.2,-0.413,19.46,20.9,03a60826o0682o
60826.053368,-23.096,5.647,-2,12,o,0,0.98,318.17044,-42.50001,1272.13,6467.11,2.33,2.08,-62.1,-0.424,19.55,20.89,03a60826o0689o
60826.057899,23.911,11.143,1,11,o,0,1.41,318.17044,-42.50001,1328.75,6548.9,2.5,2.23,-56.5,-0.422,19.48,20.88,03a60826o0699o
60826.064452,-21.942,2.022,-6,12,o,0,1.08,318.17044,-42.50001,1353.1,6432.13,2.44,2.18,-60.1,-0.42,19.47,20.87,03a60826o0713o
60828.301607,21.635,1.5,8,12,c,0,0.95,318.17044,-42.50001,1872.09,432.67,2.87,2.0,43.6,-0.397,19.44,21.5,04a60828o0754c
60828.303589,21.281,1.033,11,12,c,0,1.08,318.17044,-42.50001,1851.86,393.27,2.84,2.02,42.7,-0.401,19.45,21.46,04a60828o0758c
60828.306781,20.239,0.392,29,11,c,0,1.16,318.17044,-42.50001,1908.44,473.52,2.79,2.0,42.8,-0.404,19.32,21.34,04a60828o0765c
60828.311985,-21.856,2.345,-7,15,c,0,0.94,318.17044,-42.50001,1926.02,356.89,2.85,1.98,41.8,-0.4,19.18,21.17,04a60828o0776c
60832.20567,22.53,6.333,4,22,o,0,1.07,318.17044,-42.50001,133.59,8531.64,2.77,2.29,-80.7,-0.348,18.74,19.91,04a60832o0561o
60832.206572,21.827,4.346,7,29,o,0,1.01,318.17044,-42.50001,10254.91,8481.2,2.65,2.6,-41.7,-0.421,18.7,19.78,04a60832o0563o
60832.208473,22.295,5.8,4,25,o,0,1.07,318.17044,-42.50001,112.74,8492.53,2.89,2.39,-84.7,-0.361,18.73,19.93,04a60832o0567o
60832.209373,20.73,1.342,18,25,o,0,1.33,318.17044,-42.50001,10234.11,8443.87,2.76,2.7,-64.6,-0.392,18.66,19.82,04a60832o0569o
60832.212174,22.424,5.789,4,22,o,0,1.13,318.17044,-42.50001,173.38,8573.11,2.83,2.33,-83.9,-0.349,18.81,19.94,04a60832o0575o
60832.213603,-21.819,4.061,-7,28,o,0,1.24,318.17044,-42.50001,10296.92,8519.69,2.57,2.31,-7.1,-0.404,18.69,19.8,04a60832o0578o
60832.217752,-20.022,0.569,-36,20,o,0,1.37,318.17044,-42.50001,192.38,8457.33,2.79,2.26,-78.9,-0.362,18.76,19.95,04a60832o0587o
60832.24866,-19.587,0.429,-53,23,o,0,1.18,318.17044,-42.50001,10312.17,8412.29,2.65,2.27,-0.6,-0.394,18.84,19.97,04a60832o0653o
60832.304431,-20.347,0.761,-26,20,o,0,1.16,318.17044,-42.50001,10264.04,8487.88,2.51,2.35,-13.6,-0.438,19.05,20.44,04a60832o0769o
60833.237218,-21.501,2.467,-9,22,o,0,1.16,318.17044,-42.50001,129.65,8538.33,2.87,2.32,-86.0,-0.341,18.79,19.79,04a60833o0557o
60833.240491,-22.329,6.652,-4,28,o,0,1.03,318.17044,-42.50001,109.96,8498.8,2.71,2.21,-84.2,-0.359,18.84,19.77,04a60833o0564o
60833.245967,20.86,1.315,16,22,o,0,1.22,318.17044,-42.50001,170.05,8579.28,2.76,2.17,-85.9,-0.351,18.82,19.82,04a60833o0576o
60833.272119,-20.947,1.388,-15,21,o,0,1.08,318.17044,-42.50001,186.69,8466.63,2.73,2.15,-81.0,-0.352,18.85,19.82,04a60833o0627o
60833.274398,20.647,1.337,20,27,o,0,0.92,318.17044,-42.50001,10250.06,8502.87,2.54,2.24,-3.3,-0.409,18.84,19.84,04a60833o0632o
60833.276246,21.354,2.24,10,23,o,0,1.37,318.17044,-42.50001,10230.16,8464.7,2.53,2.24,-4.5,-0.409,18.85,19.86,04a60833o0636o
60833.27957,22.195,5.593,5,27,o,0,0.92,318.17044,-42.50001,10291.29,8541.41,2.47,2.11,0.6,-0.411,18.86,19.83,04a60833o0643o
60833.306148,-20.517,1.054,-22,24,o,0,0.97,318.17044,-42.50001,10304.55,8430.21,2.58,2.28,0.4,-0.401,18.89,19.96,04a60833o0698o
60837.208727,-19.093,0.529,-84,44,o,0,1.02,318.17044,-42.50001,7269.59,6829.96,2.41,2.12,-56.6,-0.413,18.19,18.57,04a60837o0574o
60837.211941,-19.67,0.792,-49,39,o,0,1.32,318.17044,-42.50001,7250.12,6792.19,2.39,2.1,-57.7,-0.415,18.19,18.57,04a60837o0581o
60837.220357,-21.4,3.927,-10,39,o,0,1.26,318.17044,-42.50001,7308.76,6870.05,2.46,2.17,-52.7,-0.4,18.18,18.62,04a60837o0598o
60837.225519,-20.506,1.704,-23,39,o,0,1.23,318.17044,-42.50001,7325.8,6755.18,2.59,2.19,-57.9,-0.404,18.2,18.61,04a60837o0609o
60837.951996,-18.934,0.421,-97,41,o,0,1.19,318.17044,-42.50001,839.16,10295.44,2.76,2.36,-41.1,-0.433,18.47,18.67,03a60838o0586o
60837.952911,20.694,1.512,19,29,o,0,1.13,318.17044,-42.50001,5724.01,272.15,2.21,2.03,-34.0,-0.398,18.5,18.68,03a60838o0588o
60837.955167,-20.137,1.452,-32,46,o,0,0.74,318.17044,-42.50001,818.19,10254.98,2.72,2.28,-43.3,-0.464,18.46,18.68,03a60838o0593o
60837.956159,-21.849,4.322,-7,29,o,0,1.28,318.17044,-42.50001,5711.32,228.86,2.11,2.0,-14.4,-0.441,18.5,18.7,03a60838o0595o
60837.957983,19.303,0.561,69,39,o,0,1.55,318.17044,-42.50001,878.59,10336.12,2.78,2.41,-40.5,-0.442,18.5,18.72,03a60838o0599o
60837.960725,20.054,0.804,35,28,o,0,1.07,318.17044,-42.50001,5764.02,311.59,2.21,2.03,-37.0,-0.394,18.5,18.72,03a60838o0605o
60837.96344,-19.317,0.614,-68,42,o,0,0.91,318.17044,-42.50001,901.96,10217.76,2.66,2.27,-45.9,-0.436,18.53,18.75,03a60838o0611o
60837.966667,-21.487,3.087,-9,28,o,0,1.01,318.17044,-42.50001,5786.39,193.12,2.24,2.06,-45.2,-0.381,18.48,18.75,03a60838o0618o
60850.163934,-25.082,49.0,0,16,o,0,1.12,318.17044,-42.50001,6808.26,4517.83,2.36,2.13,-52.4,-0.435,19.09,20.49,04a60850o0458o
60850.169066,23.107,7.667,2,16,o,0,1.22,318.17044,-42.50001,6788.61,4480.63,2.42,2.17,-55.0,-0.423,19.11,20.49,04a60850o0469o
60850.173241,20.558,0.585,22,13,o,0,1.44,318.17044,-42.50001,6846.76,4557.69,2.28,2.12,-59.7,-0.436,19.16,20.46,04a60850o0478o
60850.178769,20.608,0.725,21,15,o,0,1.2,318.17044,-42.50001,6865.51,4442.62,2.3,2.08,-57.4,-0.438,19.16,20.55,04a60850o0490o
60854.073731,20.099,0.674,33,22,o,0,1.16,318.17044,-42.50001,6756.09,4559.81,2.44,2.2,-23.1,-0.382,18.57,19.78,04a60854o0170o
60854.075587,19.96,0.66,38,25,o,0,0.81,318.17044,-42.50001,6737.23,4522.21,2.51,2.27,-19.0,-0.373,18.56,19.79,04a60854o0173o
60854.079499,-22.155,4.5,-5,22,o,0,1.04,318.17044,-42.50001,6811.0,4617.95,2.58,2.36,-27.0,-0.365,18.56,20.0,04a60854o0180o
60854.082262,-22.758,6.786,-3,19,o,0,1.4,318.17044,-42.50001,6964.83,4365.54,2.52,2.34,-39.8,-0.375,18.58,20.05,04a60854o0185o
60854.082712,-21.846,3.571,-7,24,o,0,1.31,318.17044,-42.50001,6983.62,4249.13,2.76,2.52,-62.6,-0.363,18.52,20.12,04a60854o0186o
60854.17489,20.454,0.6,24,14,o,0,1.14,318.17044,-42.50001,7569.29,4127.09,2.36,2.12,-29.4,-0.408,19.18,20.82,04a60854o0362o
60854.245287,20.892,0.66,16,10,o,0,1.2,318.17044,-42.50001,6159.71,4063.0,2.25,2.17,-39.1,-0.42,19.29,21.04,04a60854o0487o
60854.245738,21.155,0.904,12,11,o,0,1.29,318.17044,-42.50001,6159.73,4063.02,2.19,2.1,-48.7,-0.42,19.37,21.04,04a60854o0488o
60856.245556,20.791,0.896,18,16,o,0,0.89,318.17044,-42.50001,9571.52,460.31,3.0,2.47,-32.6,-0.367,19.25,20.84,04a60856o0641o
60856.251196,-20.23,0.591,-29,17,o,0,1.0,318.17044,-42.50001,9550.32,425.25,2.85,2.59,-27.1,-0.371,19.16,20.61,04a60856o0653o
60856.265,-20.565,0.552,-22,12,o,0,1.74,318.17044,-42.50001,9608.43,499.83,2.85,2.44,-23.7,-0.39,19.22,20.8,04a60856o0682o
60856.267916,21.135,1.358,13,17,o,0,0.83,318.17044,-42.50001,9628.57,381.5,2.93,2.52,-28.8,-0.381,19.21,20.79,04a60856o0688o
60856.274451,-19.893,1.197,-40,48,o,0,1.12,318.17044,-42.50001,34.91,382.03,2.56,1.9,35.6,-0.472,19.25,20.86,04a60856o0702o
60857.972901,20.387,0.291,25,7,c,0,1.19,318.17044,-42.50001,9193.34,6765.5,2.54,2.25,-54.7,-0.384,19.83,22.03,03a60858o0610c
60857.975182,21.865,1.128,6,7,c,0,1.28,318.17044,-42.50001,9175.18,6727.93,2.5,2.19,-54.8,-0.386,19.84,22.01,03a60858o0615c
60857.978011,21.391,0.981,10,10,c,0,1.26,318.17044,-42.50001,9233.01,6805.32,2.56,2.27,-56.6,-0.385,19.45,21.62,03a60858o0621c
60857.983455,21.019,0.596,14,8,c,0,0.92,318.17044,-42.50001,9255.88,6689.92,2.6,2.32,-55.4,-0.384,19.78,22.03,03a60858o0633c
60860.199762,-22.143,3.346,-5,17,o,0,1.26,318.17044,-42.50001,5302.54,6960.03,2.56,2.13,-69.7,-0.43,19.05,20.38,04a60860o0539o
60860.223996,21.942,3.0,6,18,o,0,1.05,318.17044,-42.50001,5277.11,6928.78,2.5,2.2,-66.8,-0.42,19.08,20.52,04a60860o0591o
60860.225971,20.067,0.456,34,16,o,0,1.4,318.17044,-42.50001,5340.1,7002.47,2.54,2.17,-68.9,-0.399,19.08,20.49,04a60860o0595o
60860.246695,-21.377,1.604,-10,16,o,0,0.89,318.17044,-42.50001,5356.18,6889.02,2.45,2.33,-53.2,-0.407,19.14,20.71,04a60860o0639o
60861.333493,19.76,0.363,45,16,o,0,1.07,318.17044,-42.50001,8684.57,10130.33,2.88,2.47,-76.0,-0.399,19.07,20.75,04a60861o0733o
60861.337134,19.851,0.515,42,22,o,0,0.95,318.17044,-42.50001,8704.22,10170.25,2.9,2.41,-79.4,-0.421,18.93,20.55,04a60861o0739o
60861.343208,19.456,0.705,60,42,o,0,0.9,318.17044,-42.50001,8648.76,10090.68,2.96,2.39,-68.3,-0.43,18.76,20.21,04a60861o0749o
60861.352794,-21.975,3.35,-6,20,o,0,1.25,318.17044,-42.50001,8630.86,10208.43,2.9,2.36,-77.9,-0.4,18.84,20.45,04a60861o0768o
60861.53172,-22.653,10.143,-3,32,o,0,1.12,318.17044,-42.50001,1892.67,378.65,3.07,2.57,-63.6,-0.424,18.53,20.24,02a60861o0603o
60861.536642,-21.799,3.958,-7,27,o,0,0.87,318.17044,-42.50001,1871.53,340.22,2.61,2.13,-63.2,-0.438,18.6,20.18,02a60861o0613o
60861.548331,20.468,1.365,24,32,o,0,0.71,318.17044,-42.50001,1925.45,423.73,3.03,2.58,-62.3,-0.42,18.67,20.34,02a60861o0637o
60861.553209,19.855,0.784,42,32,o,0,0.94,318.17044,-42.50001,1943.19,306.76,2.6,2.14,-62.9,-0.441,18.71,20.18,02a60861o0647o
60863.882866,-22.801,6.389,-3,18,o,0,1.46,318.17044,-42.50001,2075.37,8398.77,2.69,2.28,-39.8,-0.38,18.86,19.6,03a60864o0430o
60863.884689,20.306,0.631,27,17,o,0,1.54,318.17044,-42.50001,2054.28,8359.2,2.66,2.28,-41.1,-0.389,18.85,19.6,03a60864o0434o
60863.887928,20.222,0.74,30,22,o,0,1.03,318.17044,-42.50001,2113.52,8438.43,2.67,2.27,-41.4,-0.38,18.9,19.61,03a60864o0441o
60863.911435,21.929,2.721,6,17,o,0,1.13,318.17044,-42.50001,2136.92,8317.39,2.6,2.21,-38.7,-0.389,18.96,19.69,03a60864o0491o
60865.193869,23.455,22.111,2,33,o,0,1.24,318.17044,-42.50001,2137.16,8493.85,2.66,2.02,-77.3,-0.388,18.29,18.69,04a60865o0527o
60865.195688,-21.134,2.513,-13,32,o,0,1.28,318.17044,-42.50001,2114.83,8454.68,2.69,2.01,-78.2,-0.388,18.28,18.68,04a60865o0531o
60865.198436,-20.57,1.636,-22,35,o,0,1.07,318.17044,-42.50001,2174.56,8534.06,2.59,1.96,-75.7,-0.411,18.32,18.73,04a60865o0537o
60865.203987,20.919,2.551,16,40,o,0,0.57,318.17044,-42.50001,2195.45,8417.67,2.74,2.1,-79.6,-0.373,18.33,18.92,04a60865o0549o
60872.27996,22.388,4.118,4,17,o,0,1.56,318.17044,-42.50001,9622.1,6261.73,2.86,2.67,-39.6,-0.384,18.85,20.15,04a60872o0695o
60872.285063,20.849,1.169,17,19,o,0,1.32,318.17044,-42.50001,9642.82,6303.89,2.89,2.67,-45.0,-0.37,18.82,20.07,04a60872o0705o
60872.288717,-24.301,34.0,-1,24,o,0,0.92,318.17044,-42.50001,9584.14,6222.99,2.83,2.67,-25.1,-0.377,18.82,20.12,04a60872o0713o
60872.304397,-21.104,1.98,-13,26,o,0,0.91,318.17044,-42.50001,9567.01,6338.1,3.07,2.81,-62.0,-0.389,18.72,20.02,04a60872o0744o
60873.066001,-20.402,0.638,-25,16,o,0,1.29,318.17044,-42.50001,6817.58,4509.37,2.44,2.27,-32.8,-0.44,18.99,20.35,04a60873o0196o
60873.067167,-20.273,0.618,-28,17,o,0,1.14,318.17044,-42.50001,6856.63,4547.03,2.56,2.3,-40.4,-0.452,18.94,20.36,04a60873o0198o
60873.418997,-19.872,0.59,-41,24,o,0,1.39,318.17044,-42.50001,9639.85,6280.18,2.55,2.44,-58.5,-0.424,18.78,19.87,04a60873o0821o
60873.42324,20.928,1.543,16,24,o,0,1.28,318.17044,-42.50001,9659.0,6318.92,2.6,2.38,-32.7,-0.439,18.78,19.88,04a60873o0830o
60873.428724,21.961,4.069,6,24,o,0,1.05,318.17044,-42.50001,9598.91,6239.47,2.6,2.24,-19.7,-0.442,18.82,19.85,04a60873o0841o
60873.441376,19.538,0.754,56,42,o,0,1.2,318.17044,-42.50001,9586.17,6359.63,2.51,2.36,-41.5,-0.402,18.38,19.11,04a60873o0865o
60874.936728,21.611,1.045,8,9,o,0,0.97,318.17044,-42.50001,4035.37,2272.12,2.32,2.11,-58.0,-0.426,19.66,21.36,03a60875o0533o
60874.939523,-23.089,4.765,-2,10,o,0,0.89,318.17044,-42.50001,4017.89,2232.44,2.3,2.11,-52.7,-0.423,19.62,21.34,03a60875o0539o
60874.94237,21.065,0.752,14,10,o,0,0.54,318.17044,-42.50001,4074.9,2312.23,2.26,2.07,-54.9,-0.43,19.67,21.36,03a60875o0545o
60874.947781,-21.613,1.014,-8,8,o,0,1.16,318.17044,-42.50001,4095.58,2197.01,2.23,2.02,-53.6,-0.431,19.68,21.33,03a60875o0557o
60876.211218,21.709,1.1,8,8,c,0,1.48,318.17044,-42.50001,1288.56,6636.23,2.48,2.08,-85.7,-0.378,19.51,21.69,04a60876o0555c
60876.237476,20.828,0.557,17,9,c,0,1.01,318.17044,-42.50001,1265.9,6597.01,2.49,2.21,-82.7,-0.375,19.45,21.68,04a60876o0611c
60876.263089,21.08,0.739,13,10,c,0,1.31,318.17044,-42.50001,9232.61,3884.71,2.87,2.33,-16.0,-0.36,19.5,21.65,04a60876o0665c
60876.266844,21.367,0.922,10,10,c,0,1.32,318.17044,-42.50001,9213.28,3998.52,2.87,2.42,-21.0,-0.365,19.49,21.65,04a60876o0673c
60880.207744,21.528,1.13,9,10,c,0,1.28,318.17044,-42.50001,8224.64,8681.37,2.73,2.33,-50.5,-0.398,19.44,21.54,04a60880o0543c
60880.210942,-22.75,3.857,-3,11,c,0,1.1,318.17044,-42.50001,8205.32,8643.42,2.72,2.34,-53.1,-0.384,19.38,21.45,04a60880o0550c
60880.214148,21.253,1.12,12,13,c,0,1.25,318.17044,-42.50001,8266.21,8720.84,2.76,2.38,-55.7,-0.398,19.26,21.32,04a60880o0557c
60880.219652,21.579,1.35,8,11,c,0,1.07,318.17044,-42.50001,8283.74,8604.02,2.73,2.4,-53.5,-0.391,19.36,21.48,04a60880o0569c
60882.014452,22.332,2.686,4,11,o,0,0.82,318.17044,-42.50001,10514.28,2191.81,2.34,2.04,-49.9,-0.399,19.6,21.07,03a60882o0539o
60882.022417,20.463,0.497,24,12,o,0,0.8,318.17044,-42.50001,10476.06,2150.02,2.28,2.09,-42.5,-0.41,19.56,21.1,03a60882o0556o
60882.033888,22.913,4.857,2,12,o,0,0.81,318.17044,-42.50001,10456.24,2265.83,2.22,2.05,-51.6,-0.417,19.58,21.05,03a60882o0581o
60882.034874,22.294,2.222,4,10,o,0,1.29,318.17044,-42.50001,415.45,1940.45,2.36,2.04,-61.2,-0.409,19.56,21.07,03a60882o0583o
60882.038648,21.645,1.197,8,10,o,0,1.88,318.17044,-42.50001,435.12,1979.13,2.35,2.02,-59.7,-0.415,19.57,21.1,03a60882o0591o
60882.04414,20.395,0.441,25,11,o,0,0.93,318.17044,-42.50001,380.08,1902.04,2.32,1.99,-65.1,-0.418,19.56,21.06,03a60882o0603o
60882.055161,-22.637,3.115,-3,10,o,0,1.64,318.17044,-42.50001,360.12,2019.05,2.37,2.04,-64.5,-0.408,19.57,21.07,03a60882o0627o
60885.111299,-22.727,4.588,-3,14,c,0,0.91,318.17044,-42.50001,131.38,2412.62,2.53,2.1,31.3,-0.408,19.37,21.53,04a60885o0328c
60885.114547,21.017,0.7,14,10,c,0,1.51,318.17044,-42.50001,107.55,2375.89,2.97,2.0,39.5,-0.37,19.44,21.52,04a60885o0335c
60885.14983,22.032,1.8,6,10,c,0,1.11,318.17044,-42.50001,167.65,2459.83,3.06,2.09,40.8,-0.369,19.5,21.72,04a60885o0407c
60885.155237,22.712,3.941,3,12,c,0,0.79,318.17044,-42.50001,184.37,2343.17,2.9,2.08,41.7,-0.386,19.48,21.72,04a60885o0418c
60885.210356,-19.611,0.884,-52,46,c,0,0.99,318.17044,-42.50001,9677.6,2419.02,3.07,2.32,-19.4,-0.345,18.05,20.13,04a60885o0530c
60885.212192,-21.406,8.5,-10,84,c,0,1.25,318.17044,-42.50001,9658.04,2381.0,3.09,2.36,-17.9,-0.337,17.55,19.59,04a60885o0534c
60885.215377,20.345,1.75,26,46,c,0,1.05,318.17044,-42.50001,9713.9,2456.59,3.17,2.32,-21.7,-0.341,17.96,19.99,04a60885o0541c
60885.251208,20.524,0.505,22,11,c,0,1.07,318.17044,-42.50001,9729.85,2344.25,3.03,2.36,-16.0,-0.352,19.5,21.69,04a60885o0610c
60886.14104,21.011,1.045,14,15,o,0,1.09,318.17044,-42.50001,3354.11,3684.48,2.71,2.55,-41.7,-0.396,19.02,20.45,03a60886o0214o
60886.151168,20.876,1.145,16,19,o,0,0.94,318.17044,-42.50001,3372.41,3723.82,2.86,2.66,-55.7,-0.397,18.98,20.5,03a60886o0236o
60886.154862,23.346,8.429,2,14,o,0,1.49,318.17044,-42.50001,3317.95,3647.89,2.84,2.67,-26.6,-0.404,18.99,20.52,03a60886o0244o
60886.173005,-19.893,0.405,-40,16,o,0,1.47,318.17044,-42.50001,3294.26,3762.93,2.94,2.76,-44.4,-0.38,18.88,20.37,03a60886o0282o
60886.186458,-20.567,1.424,-22,31,o,0,1.54,318.17044,-42.50001,3331.8,3705.75,2.95,2.75,-33.7,-0.386,18.28,19.06,03a60886o0310o
60889.858689,-18.436,0.669,-153,103,o,0,0.96,318.17044,-42.50001,3245.33,6501.63,2.38,2.26,-81.8,-0.383,17.36,18.07,03a60890o0335o
60889.893603,-20.613,0.873,-21,18,o,0,1.12,318.17044,-42.50001,3233.18,6459.07,2.47,2.21,-58.1,-0.374,18.89,19.89,03a60890o0410o
60889.895417,-19.881,0.581,-40,24,o,0,0.93,318.17044,-42.50001,3292.33,6539.22,2.44,2.16,-52.8,-0.38,18.67,19.47,03a60890o0414o
60889.900527,-19.894,2.304,-40,92,o,0,1.07,318.17044,-42.50001,3315.81,6424.38,2.43,2.18,-52.2,-0.383,17.11,17.58,03a60890o0425o
60893.158193,19.413,0.471,62,29,o,0,1.11,318.17044,-42.50001,4789.77,4164.14,2.09,2.0,-60.9,-0.448,18.37,18.81,04a60893o0431o
60893.160483,-20.121,0.904,-32,29,o,0,1.08,318.17044,-42.50001,4769.97,4125.25,2.27,2.14,-65.5,-0.428,18.34,18.79,04a60893o0436o
60893.187244,19.928,0.721,39,28,o,0,0.71,318.17044,-42.50001,4825.59,4206.88,2.16,2.03,-33.6,-0.45,18.55,19.21,04a60893o0493o
60893.195778,19.302,0.447,69,31,o,0,1.14,318.17044,-42.50001,4842.52,4091.27,2.27,2.09,-35.9,-0.446,18.36,18.81,04a60893o0511o
60898.006686,20.637,0.594,20,12,o,0,1.34,318.17044,-42.50001,7652.72,6397.25,2.51,2.27,-47.4,-0.417,19.22,19.02,03a60898o0238o
60898.015118,20.626,0.724,20,15,o,0,1.05,318.17044,-42.50001,7673.47,6435.74,2.63,2.4,-43.2,-0.409,19.18,18.99,03a60898o0244o
60898.02341,-24.916,30.7,0,12,o,0,1.6,318.17044,-42.50001,7616.75,6355.66,2.52,2.22,-43.5,-0.415,19.25,18.98,03a60898o0250o
60898.039944,-19.848,1.463,-42,61,o,0,1.13,318.17044,-42.50001,2935.53,4151.68,2.36,2.16,-78.1,-0.432,17.58,17.19,04a60898o0062o
60898.96816,20.983,0.721,15,11,o,0,0.76,318.17044,-42.50001,7643.54,6397.89,2.4,2.07,-51.5,-0.419,19.63,19.64,03a60899o0211o
60898.976448,21.549,1.288,9,11,o,0,0.63,318.17044,-42.50001,7663.44,6437.11,2.38,2.07,-51.5,-0.419,19.64,19.62,03a60899o0217o
60898.984729,-22.715,3.417,-3,10,o,0,1.42,318.17044,-42.50001,7607.46,6357.64,2.38,2.09,-50.0,-0.43,19.66,19.62,03a60899o0223o
60899.00543,21.039,0.476,14,7,o,0,1.55,318.17044,-42.50001,2937.14,4144.26,2.31,2.21,-66.1,-0.399,19.76,20.45,04a60899o0037o
60913.961105,21.565,0.939,9,8,o,0,1.02,318.17044,-42.50001,7646.09,6395.8,2.34,2.09,-53.4,-0.42,20.02,20.78,03a60914o0189o
60913.969467,-25.595,40.75,0,9,o,0,0.8,318.17044,-42.50001,7666.08,6435.08,2.35,2.06,-54.3,-0.42,20.04,20.8,03a60914o0195o
60913.977739,21.743,1.233,7,9,o,0,0.66,318.17044,-42.50001,7609.62,6355.27,2.38,2.1,-52.6,-0.421,19.99,20.76,03a60914o0201o
60913.986019,22.092,1.474,5,8,o,0,0.79,318.17044,-42.50001,7589.22,6470.03,2.38,2.08,-45.5,-0.418,19.95,20.71,03a60914o0207o
60917.906169,22.698,5.294,3,16,o,0,1.19,318.17044,-42.50001,4408.06,1754.55,2.2,1.9,-62.7,-0.428,19.02,20.47,03a60918o0429o
60917.908973,-21.653,1.981,-8,16,o,0,0.89,318.17044,-42.50001,4427.43,1794.13,2.13,1.85,-66.8,-0.435,19.14,20.52,03a60918o0435o
60917.915783,20.72,0.55,19,10,o,0,1.23,318.17044,-42.50001,4371.3,1715.37,2.01,1.89,-64.9,-0.458,19.33,20.65,03a60918o0450o
60917.92596,21.651,1.563,8,12,o,0,1.34,318.17044,-42.50001,4354.43,1832.2,2.03,1.92,-54.9,-0.446,19.42,20.62,03a60918o0472o
60919.146666,20.96,1.135,15,17,o,0,1.57,318.17044,-42.50001,4333.24,1756.83,2.15,2.09,42.0,-0.432,18.9,20.11,04a60919o0375o
60919.151774,-22.384,5.087,-4,20,o,0,1.19,318.17044,-42.50001,4353.81,1795.17,2.18,2.12,42.0,-0.442,18.91,20.11,04a60919o0386o
60919.157333,-23.062,8.333,-2,18,o,0,1.2,318.17044,-42.50001,4293.02,1717.36,2.24,2.15,53.0,-0.448,18.89,20.14,04a60919o0398o
60919.167481,20.716,0.857,19,16,o,0,1.31,318.17044,-42.50001,4274.93,1833.83,2.16,2.09,78.8,-0.427,18.94,20.15,04a60919o0420o
60920.160498,20.815,1.156,17,20,o,0,0.97,318.17044,-42.50001,1835.42,6161.06,2.34,2.08,-87.6,-0.388,18.78,19.83,04a60920o0349o
60920.163716,-22.823,7.529,-3,20,o,0,0.96,318.17044,-42.50001,1854.96,6198.95,2.38,2.06,-85.0,-0.389,18.79,19.82,04a60920o0356o
60920.168821,20.536,1.076,22,24,o,0,0.7,318.17044,-42.50001,1796.77,6123.2,2.32,2.03,-86.0,-0.389,18.81,19.8,04a60920o0367o
60920.202307,21.472,1.891,9,18,o,0,1.38,318.17044,-42.50001,1780.11,6241.45,2.27,2.0,-87.8,-0.389,18.83,19.79,04a60920o0437o
60920.893335,20.646,0.979,20,20,o,0,0.92,318.17044,-42.50001,1800.86,6087.06,2.46,2.23,-56.4,-0.404,18.96,19.8,03a60921o0378o
60920.896087,19.447,0.286,60,17,o,0,1.7,318.17044,-42.50001,1821.72,6125.68,2.59,2.35,-61.5,-0.401,18.91,19.8,03a60921o0384o
60920.929835,-20.149,0.576,-32,18,o,0,1.06,318.17044,-42.50001,1773.07,6048.51,2.54,2.3,-67.9,-0.415,18.91,19.87,03a60921o0456o
60920.936226,21.148,1.505,13,19,o,0,0.98,318.17044,-42.50001,1755.82,6163.09,2.46,2.15,-67.7,-0.414,18.95,19.88,03a60921o0470o
60925.901727,19.244,0.599,73,44,o,0,1.38,318.17044,-42.50001,9280.61,4062.73,2.56,2.11,-58.7,-0.386,18.0,18.19,03a60926o0405o
60925.918679,20.041,1.397,35,49,o,0,1.55,318.17044,-42.50001,9302.28,4102.05,2.57,2.16,-56.1,-0.385,18.03,18.22,03a60926o0441o
60925.922322,22.554,15.36,4,53,o,0,1.03,318.17044,-42.50001,9249.46,4022.79,2.46,2.1,-58.1,-0.396,18.06,18.23,03a60926o0447o
60925.93088,-19.624,1.095,-51,56,o,0,0.7,318.17044,-42.50001,9226.59,4137.16,2.61,2.24,-55.7,-0.397,17.93,18.18,03a60926o0462o
60928.134158,19.57,0.498,54,27,o,0,1.05,318.17044,-42.50001,8681.71,10133.95,2.41,2.28,18.1,-0.426,18.82,19.79,04a60928o0350o
60928.137388,-21.176,2.194,-12,27,o,0,0.86,318.17044,-42.50001,8701.42,10174.49,2.38,2.31,83.7,-0.434,18.82,19.79,04a60928o0357o
60928.142491,20.319,1.06,27,29,o,0,0.83,318.17044,-42.50001,8643.44,10093.58,2.39,2.27,87.4,-0.448,18.8,19.76,04a60928o0368o
60928.155452,23.558,23.667,1,32,o,0,1.24,318.17044,-42.50001,8624.36,10211.17,2.48,2.33,89.8,-0.447,18.77,19.75,04a60928o0396o
60931.194493,19.558,0.32,55,18,o,0,1.61,318.17044,-42.50001,2341.4,1883.35,2.38,2.05,47.2,-0.408,18.83,20.36,04a60931o0109o
60931.218548,19.681,0.528,49,26,o,0,0.85,318.17044,-42.50001,2364.37,1922.41,2.48,2.21,43.1,-0.404,18.62,20.01,04a60931o0161o
60931.221748,21.063,1.234,14,17,o,0,1.5,318.17044,-42.50001,2303.19,1845.65,2.31,2.01,45.5,-0.416,18.82,20.15,04a60931o0168o
60931.227565,-20.338,0.874,-27,23,o,0,0.9,318.17044,-42.50001,2289.67,1967.15,2.36,2.11,42.4,-0.419,18.67,19.88,04a60931o0180o
60932.125383,-21.563,1.351,-9,12,c,0,1.19,318.17044,-42.50001,10452.09,2027.19,3.11,2.47,-18.1,-0.357,19.45,21.57,04a60932o0327c
60932.128593,-21.654,1.938,-8,15,c,0,0.96,318.17044,-42.50001,10471.83,2066.85,3.23,2.58,-19.0,-0.359,19.38,21.58,04a60932o0334c
60932.134651,21.036,0.839,14,12,c,0,1.05,318.17044,-42.50001,10411.73,1986.58,3.0,2.49,-20.9,-0.364,19.47,21.59,04a60932o0347c
60932.144918,20.343,0.522,26,14,c,0,0.9,318.17044,-42.50001,10393.05,2103.17,3.11,2.54,-21.0,-0.355,19.41,21.57,04a60932o0369c
60932.148691,23.186,5.364,2,10,c,0,1.19,318.17044,-42.50001,327.62,2039.88,2.91,1.99,44.0,-0.391,19.47,21.63,04a60932o0377c
60932.151939,21.596,1.333,8,11,c,0,1.26,318.17044,-42.50001,346.61,2077.29,2.67,2.04,42.1,-0.413,19.45,21.61,04a60932o0384c
60932.157521,21.853,1.697,7,11,c,0,1.12,318.17044,-42.50001,285.2,2001.67,2.94,2.24,46.0,-0.389,19.39,21.63,04a60932o0396c
60932.167713,21.791,1.526,7,11,c,0,1.31,318.17044,-42.50001,266.42,2119.78,2.81,2.16,42.4,-0.392,19.37,21.59,04a60932o0418c
60932.869343,20.717,0.582,19,11,o,0,0.98,318.17044,-42.50001,10505.64,2185.96,2.26,1.99,-61.6,-0.419,19.61,21.18,03a60933o0078o
60932.872124,21.099,0.752,13,10,o,0,1.05,318.17044,-42.50001,10524.73,2226.83,2.35,2.05,-63.9,-0.405,19.62,21.18,03a60933o0084o
60932.877151,20.753,0.679,18,12,o,0,0.78,318.17044,-42.50001,10470.21,2145.64,2.44,2.03,-63.3,-0.404,19.59,21.17,03a60933o0095o
60932.884869,-22.859,3.864,-3,10,o,0,1.3,318.17044,-42.50001,406.26,1936.16,2.27,2.02,-75.7,-0.424,19.65,21.21,03a60933o0112o
60932.8883,21.484,1.054,9,10,o,0,1.28,318.17044,-42.50001,426.31,1974.94,2.35,2.06,-79.0,-0.417,19.62,21.2,03a60933o0119o
60932.888751,20.647,0.532,20,11,o,0,1.07,318.17044,-42.50001,10450.61,2262.51,2.43,2.03,-62.1,-0.405,19.6,21.18,03a60933o0120o
60932.894718,20.941,0.756,15,12,o,0,0.96,318.17044,-42.50001,369.94,1897.29,2.32,2.01,-74.4,-0.418,19.64,21.2,03a60933o0133o
60932.906332,-22.205,2.075,-5,10,o,0,1.25,318.17044,-42.50001,352.69,2015.09,2.32,1.99,-74.4,-0.421,19.62,21.15,03a60933o0158o
60934.120473,21.548,1.667,9,14,c,0,1.49,318.17044,-42.50001,10423.56,8148.41,2.64,2.57,-63.4,-0.388,19.42,21.47,04a60934o0315c
60934.124319,21.406,1.585,10,16,c,0,0.95,318.17044,-42.50001,10444.08,8188.97,2.58,2.5,-17.0,-0.42,19.47,21.49,04a60934o0323c
60934.129502,-21.516,1.895,-9,17,c,0,0.82,318.17044,-42.50001,10384.31,8108.15,2.6,2.52,-64.2,-0.391,19.48,21.58,04a60934o0334c
60934.139712,20.201,0.5,30,15,c,0,1.05,318.17044,-42.50001,10367.24,8224.5,2.77,2.58,-66.3,-0.385,19.46,21.57,04a60934o0356c
60934.140166,-20.846,0.568,-17,10,c,0,1.59,318.17044,-42.50001,870.85,8137.43,2.92,2.17,-75.1,-0.364,19.44,21.62,04a60934o0357c
60934.143865,-22.356,2.64,-4,11,c,0,1.19,318.17044,-42.50001,888.52,8174.69,2.73,2.06,-79.5,-0.367,19.49,21.58,04a60934o0365c
60934.149831,-21.01,0.825,-14,12,c,0,0.89,318.17044,-42.50001,831.62,8099.29,2.8,2.17,-78.1,-0.366,19.42,21.61,04a60934o0378c
60934.159982,-21.273,1.044,-11,12,c,0,1.09,318.17044,-42.50001,812.56,8217.43,2.66,2.08,-77.9,-0.373,19.47,21.55,04a60934o0400c
60935.123762,-21.908,2.455,-6,15,c,0,1.26,318.17044,-42.50001,10426.26,8148.75,2.93,2.79,-19.1,-0.393,19.19,21.27,04a60935o0321c
60935.12746,20.724,0.778,19,14,c,0,0.89,318.17044,-42.50001,10447.33,8189.2,2.91,2.83,-29.3,-0.389,19.36,21.42,04a60935o0329c
60935.133739,20.961,0.897,15,13,c,0,1.05,318.17044,-42.50001,10388.26,8108.35,3.05,2.81,-37.2,-0.383,19.3,21.48,04a60935o0340c
60935.138463,22.62,3.437,3,11,c,0,1.19,318.17044,-42.50001,873.08,8137.31,2.92,2.33,-79.8,-0.35,19.37,21.54,04a60935o0350c
60935.141271,20.824,0.812,17,14,c,0,1.17,318.17044,-42.50001,892.46,8174.88,3.04,2.4,-78.7,-0.345,19.14,21.38,04a60935o0356c
60935.143626,-21.17,1.022,-12,13,c,0,1.43,318.17044,-42.50001,10368.16,8224.64,2.97,2.79,-42.7,-0.39,19.33,21.47,04a60935o0361c
60935.14728,-22.023,3.143,-6,18,c,0,1.15,318.17044,-42.50001,835.76,8099.72,2.88,2.34,-81.4,-0.35,19.06,21.21,04a60935o0369c
60935.157112,20.616,0.581,21,12,c,0,1.68,318.17044,-42.50001,814.91,8217.04,2.88,2.33,-81.7,-0.352,19.25,21.42,04a60935o0389c
60935.869722,-21.318,1.013,-11,11,o,0,1.08,318.17044,-42.50001,3338.84,3675.01,2.38,2.22,-68.0,-0.429,19.44,21.01,03a60936o0336o
60935.872475,22.279,2.187,4,10,o,0,1.51,318.17044,-42.50001,3359.17,3714.12,2.42,2.18,-69.0,-0.423,19.43,21.01,03a60936o0342o
60935.87751,21.356,1.105,10,12,o,0,0.86,318.17044,-42.50001,3304.69,3636.43,2.36,2.19,-65.7,-0.43,19.47,21.02,03a60936o0353o
60935.888559,-20.368,0.429,-26,11,o,0,1.07,318.17044,-42.50001,3286.83,3752.87,2.44,2.2,-66.7,-0.422,19.45,21.02,03a60936o0376o
60937.122497,22.504,2.708,4,10,c,0,1.35,318.17044,-42.50001,3303.67,3707.92,2.36,2.18,72.2,-0.364,19.37,21.45,04a60937o0319c
60937.125718,20.653,0.496,20,10,c,0,1.31,318.17044,-42.50001,3321.83,3745.26,2.3,2.12,72.8,-0.373,19.41,21.47,04a60937o0326c
60937.131216,-21.167,0.783,-12,10,c,0,1.06,318.17044,-42.50001,3264.16,3668.94,2.32,2.16,68.8,-0.372,19.38,21.48,04a60937o0338c
60937.143248,-22.756,3.947,-3,11,c,0,0.71,318.17044,-42.50001,3245.58,3785.58,2.33,2.19,74.0,-0.371,19.39,21.51,04a60937o0364c
60938.859351,-20.73,0.88,-18,16,o,0,1.22,318.17044,-42.50001,9741.49,280.24,2.33,2.08,-54.4,-0.487,19.22,20.68,03a60939o0311o
60938.862561,20.309,1.642,27,45,o,0,1.0,318.17044,-42.50001,9761.73,320.75,2.27,2.01,-52.3,-0.485,18.26,19.63,03a60939o0318o
60938.865277,20.914,1.065,16,17,o,0,1.33,318.17044,-42.50001,4791.57,10276.77,2.49,2.11,-43.8,-0.404,19.13,20.54,03a60939o0324o
60938.867551,20.86,1.088,16,18,o,0,1.34,318.17044,-42.50001,9704.79,239.51,2.29,2.06,-56.9,-0.479,18.86,20.3,03a60939o0329o
60938.868001,21.957,3.429,6,20,o,0,1.6,318.17044,-42.50001,4809.28,10316.17,2.58,2.15,-45.4,-0.4,18.74,20.2,03a60939o0330o
60938.873046,20.523,0.913,22,20,o,0,0.66,318.17044,-42.50001,4756.88,10236.9,2.59,2.16,-44.0,-0.396,18.98,20.41,03a60939o0341o
60938.877628,21.07,1.085,14,15,o,0,1.11,318.17044,-42.50001,9685.25,357.25,2.36,2.1,-57.1,-0.472,19.33,20.78,03a60939o0351o
60938.883513,20.213,0.415,30,12,o,0,1.07,318.17044,-42.50001,4741.82,10354.84,2.6,2.16,-47.6,-0.393,19.39,20.88,03a60939o0364o
60940.128923,23.342,7.125,2,12,c,0,1.11,318.17044,-42.50001,7307.25,3992.95,2.78,2.57,-52.8,-0.351,19.25,21.18,04a60940o0250c
60940.131769,20.776,0.7,18,12,c,0,0.97,318.17044,-42.50001,7326.62,4031.91,2.84,2.66,-50.1,-0.352,19.19,21.19,04a60940o0256c
60940.137617,21.39,1.457,10,15,c,0,1.04,318.17044,-42.50001,7269.03,3956.51,3.35,3.09,-68.5,-0.309,19.03,21.22,04a60940o0268c
60940.148354,22.843,4.133,3,11,c,0,1.08,318.17044,-42.50001,7247.22,4069.08,2.52,2.35,-46.3,-0.363,19.26,21.2,04a60940o0291c
60941.12169,20.746,0.606,18,11,c,0,0.75,318.17044,-42.50001,7304.02,3992.68,2.46,2.2,-37.2,-0.374,19.36,21.35,04a60941o0311c
60941.124886,20.707,0.535,19,10,c,0,1.15,318.17044,-42.50001,7323.47,4031.27,2.44,2.2,-43.3,-0.377,19.44,21.44,04a60941o0318c
60941.130465,20.225,0.35,30,10,c,0,0.95,318.17044,-42.50001,7262.09,3952.59,2.47,2.2,-36.5,-0.376,19.41,21.43,04a60941o0330c
60941.141197,-23.208,5.0,-2,10,c,0,1.47,318.17044,-42.50001,7244.06,4069.02,2.39,2.18,-42.6,-0.375,19.47,21.45,04a60941o0353c
60943.078002,21.593,1.348,8,11,c,0,0.99,318.17044,-42.50001,5762.69,6392.5,2.65,2.25,-60.2,-0.387,19.35,21.44,04a60943o0220c
60943.083125,20.178,0.323,31,10,c,0,1.41,318.17044,-42.50001,5781.05,6430.27,2.5,2.14,-59.5,-0.399,19.41,21.45,04a60943o0231c
60943.114694,22.135,1.935,5,10,c,0,0.95,318.17044,-42.50001,5726.31,6353.94,2.5,2.14,-70.6,-0.389,19.39,21.48,04a60943o0297c
60943.117446,21.404,1.017,10,10,c,0,0.91,318.17044,-42.50001,5707.0,6468.96,2.48,2.16,-69.9,-0.396,19.38,21.45,04a60943o0303c
60943.842199,-21.187,0.958,-12,12,o,0,1.41,318.17044,-42.50001,2738.37,9870.16,2.78,2.41,-29.6,-0.384,19.46,21.04,03a60944o0267o
60943.845145,21.057,0.931,14,13,o,0,1.04,318.17044,-42.50001,2757.23,9909.14,3.05,2.48,-12.5,-0.373,19.36,21.04,03a60944o0273o
60943.852386,-20.828,0.661,-17,11,o,0,1.14,318.17044,-42.50001,2703.21,9830.99,2.64,2.26,-46.7,-0.4,19.53,21.08,03a60944o0288o
60943.862127,21.536,1.135,9,10,o,0,1.51,318.17044,-42.50001,2685.01,9949.05,2.73,2.4,-36.2,-0.391,19.47,21.06,03a60944o0309o
60944.841476,-17.18,1.2,-488,585,o,0,1.25,318.17044,-42.50001,2750.01,9906.49,2.66,2.37,-43.3,-0.375,14.28,15.57,03a60945o0256o
60946.821184,20.511,0.922,23,21,o,0,0.69,318.17044,-42.50001,2694.85,7925.37,3.42,3.21,-43.2,-0.401,18.97,20.6,03a60947o0206o
60946.838807,20.407,0.647,25,16,o,0,0.79,318.17044,-42.50001,2719.9,7964.92,2.98,2.74,-45.2,-0.374,19.11,20.57,03a60947o0243o
60946.842142,-20.329,0.607,-27,16,o,0,1.04,318.17044,-42.50001,2665.0,7888.21,3.2,3.03,-40.0,-0.377,19.06,20.6,03a60947o0250o
60947.84406,19.919,0.414,39,16,o,0,0.87,318.17044,-42.50001,6404.54,1705.87,2.53,2.38,-53.9,-0.423,19.2,20.48,03a60948o0261o
60947.846791,-21.007,1.084,-14,16,o,0,0.95,318.17044,-42.50001,6426.18,1745.45,2.45,2.28,-55.2,-0.433,19.23,20.49,03a60948o0267o
60947.852739,21.349,1.257,10,13,o,0,1.09,318.17044,-42.50001,6369.45,1666.1,2.4,2.2,-57.1,-0.43,19.22,20.47,03a60948o0280o
60947.862808,-22.5,3.852,-4,14,o,0,0.87,318.17044,-42.50001,6348.93,1782.08,2.35,2.11,-54.5,-0.436,19.27,20.51,03a60948o0302o
60949.101807,22.486,5.826,4,21,o,0,1.77,318.17044,-42.50001,6332.84,1653.18,2.18,2.12,-57.8,-0.431,18.52,19.46,04a60949o0251o
60949.104581,21.857,3.78,7,25,o,0,1.48,318.17044,-42.50001,6354.38,1692.34,2.17,2.1,-39.8,-0.442,18.51,19.47,04a60949o0257o
60949.110993,-24.382,34.0,-1,22,o,0,1.48,318.17044,-42.50001,6293.0,1613.05,2.17,2.11,-61.7,-0.448,18.57,19.53,04a60949o0271o
60949.122104,-20.645,0.913,-20,18,o,0,1.97,318.17044,-42.50001,6271.79,1730.12,2.18,2.09,-65.7,-0.437,18.74,19.64,04a60949o0295o
60950.093685,19.823,0.855,43,36,o,0,1.24,318.17044,-42.50001,3760.88,6019.85,2.24,2.01,-64.8,-0.436,18.12,18.69,04a60950o0235o
60950.09702,19.983,1.083,37,40,o,0,1.21,318.17044,-42.50001,3780.51,6058.3,2.25,2.04,-61.4,-0.437,18.1,18.69,04a60950o0242o
60950.102085,21.129,2.918,13,38,o,0,0.98,318.17044,-42.50001,3722.85,5981.86,2.21,2.0,-65.8,-0.439,18.11,18.69,04a60950o0253o
60950.115075,21.238,3.647,12,42,o,0,0.77,318.17044,-42.50001,3704.15,6097.51,2.42,2.13,-69.3,-0.415,18.06,18.7,04a60950o0281o
60952.080549,-20.473,2.018,-24,47,o,0,1.39,318.17044,-42.50001,6807.19,10189.9,2.6,2.22,-66.8,-0.428,18.12,18.9,04a60952o0205o
60952.084343,19.401,0.624,63,39,o,0,1.19,318.17044,-42.50001,6826.91,10229.29,2.79,2.26,-74.8,-0.404,18.36,18.99,04a60952o0213o
60952.091492,-20.058,1.285,-34,44,o,0,0.98,318.17044,-42.50001,6772.64,10152.12,2.5,2.14,-73.3,-0.422,18.29,18.78,04a60952o0228o
60952.101325,-19.033,0.686,-88,61,o,0,0.76,318.17044,-42.50001,6753.98,10268.14,2.73,2.2,-73.0,-0.439,17.97,18.55,04a60952o0249o
60952.102704,19.051,2.161,87,188,o,0,0.46,318.17044,-42.50001,1332.31,44.8,2.63,2.03,45.2,-0.482,18.09,18.8,04a60952o0252o
60952.106574,-19.322,2.0,-68,136,o,0,0.22,318.17044,-42.50001,1355.08,83.7,2.77,2.06,45.9,-0.464,18.11,18.87,04a60952o0260o
60952.124235,21.177,10.966,12,135,o,0,0.31,318.17044,-42.50001,1272.81,124.45,2.84,2.09,43.5,-0.448,17.93,18.47,04a60952o0298o
60952.853955,20.888,2.241,16,36,o,0,0.98,318.17044,-42.50001,6666.76,10241.6,3.8,2.96,-15.3,-0.348,18.27,19.09,03a60953o0252o
60952.856784,20.365,1.358,26,35,o,0,1.2,318.17044,-42.50001,6685.6,10281.49,3.48,2.8,-22.5,-0.361,18.34,19.06,03a60953o0258o
60952.861651,-19.111,0.5,-82,41,o,0,1.26,318.17044,-42.50001,6632.57,10199.99,4.15,3.21,-14.2,-0.332,18.18,19.0,03a60953o0268o
60952.870827,20.679,2.048,19,40,o,0,0.83,318.17044,-42.50001,6616.3,10315.58,3.4,2.7,-33.0,-0.369,18.36,19.0,03a60953o0284o
60953.113314,-18.822,1.279,-107,137,o,0,0.51,318.17044,-42.50001,1335.86,45.9,3.02,2.2,44.8,-0.456,18.07,18.71,04a60953o0276o
60953.116139,20.92,3.971,16,62,o,0,0.77,318.17044,-42.50001,1358.06,84.31,3.04,2.09,46.4,-0.44,18.12,18.69,04a60953o0282o
60953.136075,-19.249,0.99,-72,72,o,0,0.61,318.17044,-42.50001,1277.13,125.81,3.08,2.19,47.9,-0.435,18.02,18.57,04a60953o0325o
60953.82934,-21.064,1.859,-14,25,o,0,1.03,318.17044,-42.50001,7643.68,6395.01,2.73,2.23,-52.1,-0.403,18.57,19.14,03a60954o0226o
60953.832603,22.358,7.16,4,30,o,0,0.89,318.17044,-42.50001,7663.21,6434.16,2.77,2.31,-45.5,-0.392,18.52,19.13,03a60954o0233o
60953.838921,22.229,5.179,5,24,o,0,1.28,318.17044,-42.50001,7609.32,6356.78,2.61,2.4,-55.4,-0.412,18.55,19.11,03a60954o0246o
60953.848115,22.448,7.409,4,28,o,0,1.1,318.17044,-42.50001,7588.97,6467.9,2.8,2.36,-41.0,-0.399,18.5,19.1,03a60954o0266o
60955.083226,-19.858,0.934,-41,39,o,0,0.69,318.17044,-42.50001,7690.77,6317.97,2.41,2.17,-31.4,-0.433,18.31,18.75,04a60955o0217o
60955.086511,19.925,0.953,39,37,o,0,1.02,318.17044,-42.50001,7709.85,6356.55,2.32,2.1,-31.5,-0.424,18.32,18.75,04a60955o0224o
60955.092133,-21.744,5.175,-7,38,o,0,0.79,318.17044,-42.50001,7652.14,6278.14,2.37,2.13,-32.8,-0.439,18.29,18.75,04a60955o0236o
60955.102944,20.195,1.021,30,31,o,0,1.34,318.17044,-42.50001,7634.83,6393.95,2.3,2.07,-23.6,-0.412,18.27,18.71,04a60955o0258o
60955.842892,20.632,1.742,20,35,o,0,0.83,318.17044,-42.50001,10367.03,10334.35,3.21,2.31,-50.3,-0.446,18.79,19.36,03a60956o0019o
60955.846638,19.939,0.588,38,23,o,0,1.87,318.17044,-42.50001,860.53,9985.19,2.64,2.33,-57.8,-0.446,18.82,19.36,03a60956o0027o
60955.849962,-20.589,1.396,-21,30,o,0,1.0,318.17044,-42.50001,879.61,10022.95,2.9,2.5,-51.3,-0.429,18.71,19.33,03a60956o0034o
60955.855875,22.199,4.92,5,24,o,0,1.54,318.17044,-42.50001,829.26,9946.41,2.8,2.38,-61.2,-0.434,18.73,19.32,03a60956o0046o
60955.866216,20.748,1.975,18,36,o,0,1.33,318.17044,-42.50001,808.72,10064.59,2.84,2.44,-58.4,-0.476,18.7,19.29,03a60956o0068o
60956.828784,-20.703,1.356,-19,26,o,0,1.25,318.17044,-42.50001,10420.33,10259.48,3.06,2.2,-52.4,-0.479,19.0,19.84,03a60957o0223o
60956.831826,21.197,1.746,12,21,o,0,1.47,318.17044,-42.50001,10439.88,10302.68,2.85,2.11,-49.9,-0.455,19.02,19.83,03a60957o0229o
60956.836519,20.738,1.427,18,26,o,0,0.83,318.17044,-42.50001,10385.28,10217.78,2.95,2.2,-49.8,-0.461,19.0,19.8,03a60957o0239o
60956.837871,-21.225,2.016,-12,24,o,0,1.01,318.17044,-42.50001,855.65,9984.17,2.72,2.36,-57.2,-0.442,19.01,19.82,03a60957o0242o
60956.840648,22.188,4.889,5,24,o,0,0.92,318.17044,-42.50001,874.07,10021.92,2.74,2.35,-53.2,-0.421,18.98,19.82,03a60957o0248o
60956.847321,-22.813,8.071,-3,22,o,0,1.1,318.17044,-42.50001,10367.34,10336.15,2.98,2.32,-50.0,-0.442,18.94,19.76,03a60957o0262o
60956.847772,23.346,15.75,2,26,o,0,0.89,318.17044,-42.50001,823.03,9947.92,2.88,2.51,-52.9,-0.43,18.93,19.79,03a60957o0263o
60956.858343,-23.972,27.0,-1,25,o,0,1.18,318.17044,-42.50001,803.69,10063.64,2.76,2.33,-56.2,-0.437,18.98,19.75,03a60957o0286o
60958.089918,22.188,3.688,5,18,o,0,1.01,318.17044,-42.50001,1341.39,3851.92,2.22,2.0,69.7,-0.405,19.11,20.32,04a60958o0226o
60958.09265,-22.77,5.053,-3,14,o,0,1.3,318.17044,-42.50001,1359.96,3889.64,2.23,2.03,65.9,-0.398,19.06,20.2,04a60958o0232o
60958.098657,-20.538,0.72,-22,16,o,0,1.22,318.17044,-42.50001,1303.63,3814.84,2.23,2.08,68.2,-0.401,18.98,20.14,04a60958o0245o
60958.110246,22.238,4.2,5,19,o,0,1.03,318.17044,-42.50001,1283.34,3931.39,2.29,2.11,-43.7,-0.404,18.75,19.85,04a60958o0270o
60959.088247,20.081,0.513,34,17,o,0,1.7,318.17044,-42.50001,1345.65,3853.53,2.27,2.0,69.4,-0.408,18.67,20.17,04a60959o0223o
60959.093094,-20.32,0.567,-27,15,o,0,1.91,318.17044,-42.50001,1365.56,3891.89,2.3,2.09,61.6,-0.397,18.78,20.2,04a60959o0233o
60959.09821,19.399,0.328,63,21,o,0,1.22,318.17044,-42.50001,1307.29,3815.57,2.34,2.02,62.0,-0.394,18.83,20.29,04a60959o0244o
60959.107998,22.596,5.667,3,19,o,0,1.61,318.17044,-42.50001,1290.39,3934.46,2.29,2.06,68.0,-0.396,18.78,20.23,04a60959o0265o
60961.078704,22.039,2.919,6,16,o,0,1.03,318.17044,-42.50001,5266.87,3591.43,2.13,2.02,-62.5,-0.448,19.1,20.36,04a60961o0199o
60961.082478,20.659,0.736,20,15,o,0,1.22,318.17044,-42.50001,5286.29,3629.85,2.14,2.03,-59.2,-0.457,19.07,20.4,04a60961o0207o
60961.089096,20.525,0.68,22,15,o,0,1.31,318.17044,-42.50001,5225.93,3552.77,2.07,1.99,-55.7,-0.462,19.09,20.44,04a60961o0221o
60961.109763,21.339,1.438,11,15,o,0,0.57,318.17044,-42.50001,5209.25,3669.96,2.08,1.96,-59.8,-0.459,19.14,20.47,04a60961o0265o
60962.059302,24.105,24.75,1,20,o,0,1.33,318.17044,-42.50001,8519.54,8178.28,2.51,2.3,-63.3,-0.411,18.91,20.3,04a60962o0158o
60962.062126,20.237,0.685,29,20,o,0,1.1,318.17044,-42.50001,8538.45,8216.49,2.59,2.35,-67.9,-0.42,19.0,20.36,04a60962o0164o
60962.069082,-21.954,3.84,-6,23,o,0,1.07,318.17044,-42.50001,8482.6,8136.91,2.63,2.39,-65.7,-0.425,18.93,20.31,04a60962o0179o
60962.081969,20.449,0.814,24,20,o,0,1.19,318.17044,-42.50001,8466.82,8255.3,2.4,2.23,-36.9,-0.412,18.93,20.34,04a60962o0206o
60962.796284,-20.909,0.892,-16,14,c,0,0.87,318.17044,-42.50001,8417.4,8273.78,2.85,2.32,-52.0,-0.405,19.25,21.13,03a60963o0137c
60962.799617,-24.133,14.75,-1,12,c,0,0.88,318.17044,-42.50001,8436.77,8314.07,2.81,2.29,-51.4,-0.404,19.45,21.34,03a60963o0144c
60962.806143,21.082,2.583,13,35,c,0,0.85,318.17044,-42.50001,8383.9,8233.04,2.91,2.35,-50.3,-0.392,18.32,20.19,03a60963o0158c
60962.818595,19.6,0.65,52,34,c,0,0.95,318.17044,-42.50001,8365.6,8347.87,2.87,2.46,-51.2,-0.394,18.42,20.29,03a60963o0185c
60964.067709,21.192,2.962,12,36,o,0,1.46,318.17044,-42.50001,8441.53,2070.1,2.59,2.34,-38.4,-0.38,18.07,19.42,04a60964o0172o
60964.07096,20.772,1.057,18,19,o,0,1.33,318.17044,-42.50001,8463.24,2109.66,2.54,2.25,-35.0,-0.388,18.7,20.07,04a60964o0179o
60964.078522,20.7,0.901,19,17,o,0,1.53,318.17044,-42.50001,8403.84,2031.16,2.52,2.18,-30.6,-0.399,18.79,20.18,04a60964o0195o
60964.089858,21.023,1.027,14,14,o,0,1.56,318.17044,-42.50001,8381.06,2147.13,2.5,2.21,-37.2,-0.391,19.04,20.49,04a60964o0219o
60965.058372,0.0,20.656,0,20,o,0,0.87,318.17044,-42.50001,8439.76,2069.27,2.27,2.1,-67.3,-0.44,19.14,20.49,04a60965o0152o
60965.063221,-20.587,0.769,-21,16,o,0,0.94,318.17044,-42.50001,8462.87,2109.96,2.34,2.11,-43.4,-0.432,19.13,20.59,04a60965o0162o
60965.06904,-21.99,2.5,-6,14,o,0,1.43,318.17044,-42.50001,8403.42,2031.95,2.38,2.15,-74.7,-0.421,19.1,20.55,04a60965o0174o
60965.079496,20.366,0.606,26,16,o,0,0.86,318.17044,-42.50001,8382.78,2147.68,2.4,2.11,-36.5,-0.409,19.16,20.57,04a60965o0196o
60967.055361,21.018,1.271,14,18,o,0,0.98,318.17044,-42.50001,4730.67,8331.65,2.56,2.05,-72.2,-0.434,19.12,20.61,04a60967o0143o
60967.058187,20.873,0.957,16,16,o,0,1.17,318.17044,-42.50001,4750.4,8370.52,2.41,1.97,-69.8,-0.398,19.17,20.64,04a60967o0149o
60967.064812,-21.294,1.391,-11,15,o,0,1.03,318.17044,-42.50001,4693.68,8292.69,2.27,1.97,-64.3,-0.397,19.17,20.66,04a60967o0163o
60967.074762,-20.668,0.804,-20,16,o,0,1.09,318.17044,-42.50001,4675.73,8408.98,2.51,2.02,-71.0,-0.423,19.13,20.73,04a60967o0184o
60968.79308,-20.875,0.483,-16,8,c,0,1.72,318.17044,-42.50001,4413.64,1760.23,2.43,2.22,-59.6,-0.401,19.64,21.5,03a60969o0119c
60968.795972,22.42,2.0,4,8,c,0,1.37,318.17044,-42.50001,4433.21,1800.07,2.4,2.2,-57.5,-0.401,19.62,21.61,03a60969o0125c
60968.801578,-21.791,1.17,-7,8,c,0,1.05,318.17044,-42.50001,4377.13,1720.11,2.36,2.19,-58.6,-0.401,19.66,21.48,03a60969o0137c
60968.811253,21.237,0.721,12,8,c,0,1.33,318.17044,-42.50001,4355.76,1834.57,2.4,2.2,-60.8,-0.402,19.63,21.47,03a60969o0158c
60970.061208,20.086,0.76,34,26,o,0,1.25,318.17044,-42.50001,1840.91,6160.81,2.37,2.08,-68.7,-0.426,18.57,19.89,04a60970o0153o
60970.064655,19.268,0.674,71,48,o,0,0.89,318.17044,-42.50001,1860.88,6199.36,2.26,1.9,-85.8,-0.4,17.79,19.03,04a60970o0160o
60970.070918,19.695,2.093,48,101,o,0,1.28,318.17044,-42.50001,1804.17,6124.54,2.24,2.04,-67.8,-0.42,16.84,18.08,04a60970o0173o
60970.081015,20.213,2.326,30,69,o,0,0.92,318.17044,-42.50001,1786.62,6241.94,2.22,2.02,-61.9,-0.426,17.51,18.78,04a60970o0194o
60971.079264,-22.706,4.882,-3,15,o,0,1.31,318.17044,-42.50001,1844.27,6160.85,2.47,2.14,-86.4,-0.402,19.03,20.54,04a60971o0189o
60971.082495,20.724,0.772,19,14,o,0,1.23,318.17044,-42.50001,1863.13,6198.97,2.43,2.02,-86.7,-0.401,19.09,20.52,04a60971o0196o
60971.088158,-21.684,1.872,-8,14,o,0,1.12,318.17044,-42.50001,1806.29,6123.59,2.38,2.06,-87.8,-0.397,19.11,20.59,04a60971o0208o
60971.112789,20.518,0.586,22,13,o,0,1.34,318.17044,-42.50001,1786.47,6240.51,2.32,2.01,86.6,-0.391,19.14,20.65,04a60971o0261o
60973.072444,19.439,0.289,61,18,o,0,1.34,318.17044,-42.50001,9625.6,6270.93,2.73,2.49,-32.6,-0.399,19.01,20.53,04a60973o0118o
60973.092857,19.992,0.57,37,21,o,0,1.06,318.17044,-42.50001,9650.35,6317.25,2.73,2.46,-24.8,-0.412,18.93,20.46,04a60973o0161o
60973.095968,-20.087,0.612,-34,20,o,0,1.02,318.17044,-42.50001,9587.01,6232.92,2.68,2.47,-30.8,-0.42,18.93,20.36,04a60973o0167o
60973.100404,-20.439,0.911,-24,22,o,0,0.94,318.17044,-42.50001,9569.24,6348.08,2.74,2.52,-33.6,-0.408,18.92,20.4,04a60973o0174o
60974.022297,20.03,5.281,35,186,o,0,0.64,318.17044,-42.50001,6621.56,8237.53,2.32,1.98,-23.0,-0.437,16.73,18.07,04a60974o0066o
60974.028302,22.971,24.4,2,57,o,0,1.37,318.17044,-42.50001,6641.47,8275.63,2.17,1.99,-36.2,-0.432,17.62,18.62,04a60974o0079o
60974.032067,-20.497,1.934,-23,44,o,0,1.42,318.17044,-42.50001,6583.8,8197.83,2.1,1.93,-44.9,-0.465,18.17,19.2,04a60974o0087o
60974.043595,20.359,1.588,26,41,o,0,0.76,318.17044,-42.50001,6566.73,8313.99,2.03,1.85,-45.3,-0.472,18.55,19.65,04a60974o0112o
60974.775841,-23.42,9.75,-2,15,o,0,1.25,318.17044,-42.50001,6529.03,8282.98,2.99,2.41,-50.7,-0.419,19.19,20.51,03a60975o0082o
60974.778266,23.102,8.7,2,18,o,0,0.78,318.17044,-42.50001,6546.85,8321.39,3.07,2.52,-47.2,-0.416,19.13,20.53,03a60975o0087o
60974.785229,-23.922,13.0,-1,13,o,0,1.62,318.17044,-42.50001,6492.0,8241.48,3.0,2.43,-49.3,-0.415,19.12,20.52,03a60975o0102o
60974.796186,20.976,0.976,15,14,o,0,0.98,318.17044,-42.50001,6477.34,8356.93,2.84,2.3,-47.9,-0.426,19.19,20.51,03a60975o0126o
60976.02352,-20.894,1.52,-16,24,o,0,1.13,318.17044,-42.50001,9272.47,3933.87,2.7,2.33,-21.9,-0.4,18.66,19.82,04a60976o0066o
60976.027257,-19.946,0.684,-38,26,o,0,0.9,318.17044,-42.50001,9292.81,3973.22,2.67,2.38,-26.4,-0.411,18.67,19.89,04a60976o0074o
60976.032748,21.04,1.559,14,22,o,0,1.27,318.17044,-42.50001,9235.69,3893.66,2.64,2.29,-29.2,-0.402,18.78,19.94,04a60976o0086o
60976.042532,-21.389,2.271,-10,23,o,0,1.47,318.17044,-42.50001,9217.59,4011.14,2.69,2.33,-24.1,-0.395,18.68,19.85,04a60976o0107o
60977.041169,23.548,20.833,1,29,o,0,1.34,318.17044,-42.50001,9274.94,3935.15,2.48,2.17,-24.9,-0.433,18.59,19.56,04a60977o0102o
60977.046244,19.288,0.456,70,32,o,0,0.67,318.17044,-42.50001,9295.4,3974.74,2.26,1.92,87.5,-0.461,18.58,19.58,04a60977o0113o
60977.049457,20.15,1.084,32,34,o,0,0.99,318.17044,-42.50001,9236.23,3895.7,2.44,2.17,-29.3,-0.427,18.59,19.49,04a60977o0120o
60977.061198,-19.827,0.828,-43,35,o,0,0.77,318.17044,-42.50001,9218.05,4013.01,2.43,2.07,-24.1,-0.426,18.58,19.46,04a60977o0145o
60977.782829,21.199,2.756,12,33,o,0,1.06,318.17044,-42.50001,8531.65,10232.12,3.33,2.47,-48.4,-0.482,18.73,19.51,03a60978o0086o
60977.786095,21.26,2.479,11,28,o,0,1.16,318.17044,-42.50001,8551.97,10273.08,3.27,2.54,-47.4,-0.446,18.7,19.5,03a60978o0093o
60977.791233,-22.124,5.333,-5,27,o,0,1.37,318.17044,-42.50001,8497.21,10189.45,3.29,2.51,-43.8,-0.457,18.73,19.54,03a60978o0104o
60977.802133,-21.37,2.452,-10,25,o,0,1.59,318.17044,-42.50001,8479.11,10304.5,3.3,2.48,-44.1,-0.465,18.74,19.58,03a60978o0128o
60979.028181,20.408,1.649,25,41,o,0,1.4,318.17044,-42.50001,8683.25,10134.09,2.25,1.97,-8.0,-0.519,18.26,18.86,04a60979o0070o
60979.030976,-21.687,5.951,-8,46,o,0,0.94,318.17044,-42.50001,8703.41,10174.11,2.3,2.14,-4.6,-0.47,18.27,18.86,04a60979o0076o
60979.03656,19.955,1.16,38,44,o,0,1.03,318.17044,-42.50001,8644.97,10092.73,2.21,2.03,-1.1,-0.494,18.25,18.85,04a60979o0088o
60979.047483,19.144,0.564,80,45,o,0,1.16,318.17044,-42.50001,8629.97,10213.55,2.29,2.17,-4.8,-0.478,18.24,18.83,04a60979o0111o
60980.053097,18.905,1.841,100,183,o,0,1.44,318.17044,-42.50001,2346.79,1882.78,2.45,2.13,51.1,-0.404,16.02,16.91,04a60980o0122o
60980.055886,-18.149,1.332,-200,266,o,0,1.22,318.17044,-42.50001,2366.16,1921.08,2.5,2.18,54.1,-0.42,16.39,16.89,04a60980o0128o
60980.783077,-20.934,1.511,-15,23,o,0,0.97,318.17044,-42.50001,2424.31,1833.4,2.73,2.32,-74.9,-0.418,18.74,19.59,03a60981o0094o
60980.786469,19.788,0.537,44,24,o,0,0.99,318.17044,-42.50001,2442.72,1871.14,2.73,2.33,-74.5,-0.414,18.71,19.58,03a60981o0101o
60980.793889,21.8,3.5,7,24,o,0,1.1,318.17044,-42.50001,2389.85,1796.04,2.86,2.5,-75.5,-0.414,18.67,19.55,03a60981o0117o
60980.803798,21.721,3.19,7,24,o,0,0.9,318.17044,-42.50001,2367.77,1912.19,2.72,2.42,-70.4,-0.413,18.72,19.56,03a60981o0138o
60982.016426,20.33,1.267,27,34,o,0,1.19,318.17044,-42.50001,10457.46,2024.62,2.91,2.41,-28.3,-0.324,18.51,19.29,04a60982o0041o
60982.020116,-22.612,13.167,-3,43,o,0,0.98,318.17044,-42.50001,10477.34,2065.28,2.97,2.47,-32.1,-0.358,18.52,19.28,04a60982o0049o
60982.027266,-19.618,0.773,-52,40,o,0,0.81,318.17044,-42.50001,10418.05,1986.03,2.86,2.36,-34.0,-0.338,18.54,19.29,04a60982o0064o
60982.039934,-20.53,1.732,-22,39,o,0,1.1,318.17044,-42.50001,10398.96,2103.7,2.99,2.47,-32.5,-0.337,18.49,19.29,04a60982o0091o
60982.041387,20.788,1.553,18,27,o,0,1.13,318.17044,-42.50001,333.52,2039.9,2.65,1.95,44.0,-0.409,18.51,19.29,04a60982o0094o
60982.046597,-23.219,17.7,-2,33,o,0,0.99,318.17044,-42.50001,353.87,2077.41,2.4,2.05,52.1,-0.43,18.49,19.22,04a60982o0105o
60982.049643,19.501,0.495,58,28,o,0,1.2,318.17044,-42.50001,292.54,2001.36,2.78,2.03,45.5,-0.405,18.46,19.27,04a60982o0111o
60982.067971,-21.033,1.838,-14,26,o,0,1.15,318.17044,-42.50001,276.9,2121.65,2.67,1.96,44.5,-0.414,18.49,19.23,04a60982o0150o
60983.034117,-21.023,2.339,-14,33,o,0,1.06,318.17044,-42.50001,10461.52,2027.25,3.01,2.51,-28.6,-0.364,18.47,19.23,04a60983o0077o
60983.03688,-21.093,2.98,-13,40,o,0,0.8,318.17044,-42.50001,10481.04,2066.86,3.13,2.56,-25.8,-0.369,18.41,19.23,04a60983o0083o
60983.042447,-21.205,2.74,-12,33,o,0,1.16,318.17044,-42.50001,10421.49,1986.78,3.0,2.44,-29.0,-0.372,18.44,19.22,04a60983o0095o
60983.051739,21.599,4.59,8,38,o,0,0.55,318.17044,-42.50001,335.61,2039.57,2.95,2.24,46.6,-0.398,18.4,19.21,04a60983o0115o
60983.052193,21.02,2.404,14,34,o,0,0.91,318.17044,-42.50001,10400.25,2103.82,3.09,2.5,-27.3,-0.371,18.42,19.19,04a60983o0116o
60983.055055,21.785,3.5,7,25,o,0,1.55,318.17044,-42.50001,355.46,2077.69,2.87,2.07,45.4,-0.402,18.46,19.21,04a60983o0122o
60983.060761,22.304,8.55,4,37,o,0,0.84,318.17044,-42.50001,294.37,2002.37,2.99,2.21,44.5,-0.405,18.41,19.19,04a60983o0134o
