MJD,m,dm,uJy,duJy,F,err,chi/N,RA,Dec,x,y,maj,min,phi,apfit,mag5sig,Sky,Obs
57302.452088,-17.18,0.926,-488,452,o,0,16.56,64.16321,40.04256,4704.9,10037.36,4.25,3.51,-53.9,-0.469,19.03,20.7,02a57302o0409o
57302.454634,-13.067,0.0,-21542,6,o,0,3001.46,64.16321,40.04256,2053.96,305.18,5.64,3.32,-14.2,-0.452,19.01,20.67,02a57302o0413o
57302.473874,17.712,1.518,299,453,o,0,100.34,64.16321,40.04256,4702.41,10037.16,4.22,3.52,-53.8,-0.464,19.03,20.67,02a57302o0442o
57302.489204,-13.291,0.0,-17524,7,o,0,3331.13,64.16321,40.04256,2056.99,308.85,5.52,3.36,-14.5,-0.453,19.03,20.66,02a57302o0466o
57302.492366,13.749,0.056,11495,648,o,0,297.92,64.16321,40.04256,6213.28,8582.89,3.9,3.27,-72.2,-0.479,19.06,20.67,02a57302o0471o
57302.517741,16.565,1.278,859,1098,o,0,2.93,64.16321,40.04256,6214.72,8585.88,3.93,3.26,-70.9,-0.478,19.04,20.63,02a57302o0511o
57314.488317,13.726,0.001,11738,17,c,0,3907.33,64.16321,40.04256,2128.55,329.63,6.17,3.89,-17.6,-0.455,19.26,21.19,02a57314o0422c
57314.501179,14.931,0.004,3867,16,c,0,1478.52,64.16321,40.04256,2127.89,331.4,6.15,3.81,-17.8,-0.455,19.35,21.27,02a57314o0441c
57316.452476,15.291,0.007,2777,20,c,0,1196.22,64.16321,40.04256,2135.92,322.76,6.38,4.1,-16.6,-0.445,19.36,21.35,02a57316o0371c
57316.455058,15.688,0.024,1926,47,c,0,88.8,64.16321,40.04256,4779.16,10056.48,4.38,3.88,-57.1,-0.418,19.39,21.35,02a57316o0375c
57316.47906,15.003,0.029,3620,105,c,0,61.46,64.16321,40.04256,4774.82,10061.84,4.48,3.89,-58.2,-0.412,19.37,21.31,02a57316o0410c
57316.480337,15.258,0.008,2862,23,c,0,765.67,64.16321,40.04256,2135.39,327.5,6.46,4.15,-17.1,-0.441,19.34,21.3,02a57316o0412c
57316.50064,15.132,0.01,3214,31,c,0,149.9,64.16321,40.04256,6290.75,8603.7,4.17,3.63,-76.4,-0.451,19.37,21.29,02a57316o0442c
57316.517835,15.38,0.012,2558,30,c,0,151.27,64.16321,40.04256,6295.75,8611.54,4.01,3.5,-78.2,-0.462,19.4,21.25,02a57316o0467c
57320.554559,-15.851,0.642,-1658,1065,o,0,5.54,64.16321,40.04256,5930.23,579.31,4.91,3.43,2.2,-0.481,18.54,19.71,02a57320o0528o
57320.557182,17.623,3.416,324,1107,o,0,2.03,64.16321,40.04256,8575.17,10318.0,4.56,3.65,-80.9,-0.477,18.52,19.72,02a57320o0532o
57320.590732,-13.462,0.001,-14968,12,o,0,2589.59,64.16321,40.04256,5918.8,578.73,5.28,3.46,0.9,-0.474,18.62,19.89,02a57320o0584o
57320.594716,18.338,6.293,168,1056,o,0,1.5,64.16321,40.04256,8564.14,10322.12,4.45,3.59,-81.3,-0.498,18.66,19.95,02a57320o0590o
57320.614608,-11.263,0.005,-113462,548,o,0,685.83,64.16321,40.04256,4411.38,2040.13,4.65,3.35,-11.2,-0.545,18.97,20.55,02a57320o0621o
57320.644371,-11.489,0.002,-92128,161,o,0,221.08,64.16321,40.04256,4411.77,2040.66,4.7,3.41,-11.7,-0.547,18.7,20.08,02a57320o0667o
57324.442113,-13.268,0.001,-17899,13,o,0,5677.6,64.16321,40.04256,2108.76,336.31,7.24,4.16,-17.5,-0.436,17.98,18.77,02a57324o0412o
57324.443398,14.416,0.509,6216,3164,o,0,1.49,64.16321,40.04256,4751.97,10074.63,4.3,3.38,-63.4,-0.511,18.1,18.9,02a57324o0414o
57324.445992,17.062,5.011,543,2723,o,0,1.52,64.16321,40.04256,4749.83,10076.01,4.6,3.63,-60.2,-0.479,18.07,18.91,02a57324o0418o
57324.466301,-12.957,0.001,-23840,14,o,0,4357.21,64.16321,40.04256,2120.44,344.32,7.37,4.58,-20.2,-0.47,18.0,18.83,02a57324o0449o
57324.474824,15.553,3.101,2182,6767,o,0,0.96,64.16321,40.04256,6267.21,8617.16,4.1,2.99,-81.1,-0.472,18.12,18.92,02a57324o0462o
57324.499481,14.42,0.759,6192,4699,o,0,0.67,64.16321,40.04256,6275.1,8630.49,4.16,3.37,-78.2,-0.512,18.06,18.9,02a57324o0498o
57327.517183,12.424,0.055,38942,2149,o,0,16.35,64.16321,40.04256,8652.72,10330.12,4.41,3.71,85.6,-0.496,18.57,19.84,02a57327o0491o
57327.553074,12.829,0.06,26809,1601,o,0,22.83,64.16321,40.04256,8638.35,10333.53,4.43,3.68,89.7,-0.495,18.53,19.77,02a57327o0540o
57328.463492,18.233,5.611,185,1038,o,0,1.71,64.16321,40.04256,4782.96,10087.25,4.21,3.42,-67.1,-0.503,18.74,20.15,02a57328o0436o
57328.491624,-17.063,2.422,-543,1315,o,0,1.44,64.16321,40.04256,4787.38,10094.06,4.17,3.5,-65.7,-0.49,18.79,20.22,02a57328o0476o
57328.522309,-18.055,2.909,-218,633,o,0,1.86,64.16321,40.04256,4490.66,2058.12,5.02,3.8,-13.1,-0.509,18.78,20.21,02a57328o0522o
57328.549058,-14.833,0.14,-4236,592,o,0,11.9,64.16321,40.04256,4480.81,2057.74,4.96,3.74,-11.0,-0.527,18.77,20.19,02a57328o0557o
57364.36816,16.698,1.295,760,984,o,0,4.09,64.16321,40.04256,4514.49,10403.39,3.52,3.38,12.9,-0.416,19.17,20.69,02a57364o0306o
57364.3806,-12.684,0.004,-30641,110,o,0,453.43,64.16321,40.04256,1905.12,664.05,5.23,3.5,-26.3,-0.51,19.16,20.69,02a57364o0324o
57364.388477,-12.794,0.0,-27706,6,o,0,2804.99,64.16321,40.04256,1619.99,60.94,5.7,3.56,-24.0,-0.476,19.17,20.75,02a57364o0336o
57364.389895,-16.549,1.038,-872,905,o,0,1.38,64.16321,40.04256,4229.44,9812.12,3.47,3.41,9.9,-0.426,19.2,20.79,02a57364o0338o
57364.402252,19.066,6.124,86,526,o,0,0.71,64.16321,40.04256,2489.56,1265.36,4.59,3.45,-21.4,-0.504,19.22,20.81,02a57364o0353o
57364.416994,-16.094,0.821,-1325,1088,o,0,1.29,64.16321,40.04256,5521.9,1276.49,3.82,3.36,-8.7,-0.511,19.24,20.83,02a57364o0375o
57365.399331,-12.445,0.0,-38200,5,o,0,19659.97,64.16321,40.04256,6437.31,104.86,4.29,3.44,-0.7,-0.501,19.22,20.84,02a57365o0365o
57365.400331,17.024,1.289,563,725,o,0,1.01,64.16321,40.04256,9056.05,9849.16,3.69,3.52,88.8,-0.45,19.21,20.83,02a57365o0366o
57365.416279,-15.55,0.441,-2187,965,o,0,1.45,64.16321,40.04256,6722.51,701.21,4.21,3.4,2.9,-0.518,19.22,20.83,02a57365o0387o
57365.419335,15.655,0.697,1987,1384,o,0,0.97,64.16321,40.04256,9337.79,10454.66,3.73,3.61,-80.0,-0.443,19.21,20.81,02a57365o0391o
57365.444775,-16.304,0.728,-1092,796,o,0,0.87,64.16321,40.04256,8472.22,9251.36,3.7,3.38,88.4,-0.46,19.17,20.77,02a57365o0427o
57365.458262,-15.625,0.618,-2041,1262,o,0,1.1,64.16321,40.04256,5508.52,1287.98,4.12,3.46,-6.7,-0.504,19.16,20.74,02a57365o0446o
57377.381497,13.163,0.002,19707,42,c,0,3019.46,64.16321,40.04256,6419.91,105.78,5.03,4.06,-4.2,-0.48,18.53,19.6,02a57377o0319c
57377.405507,15.724,0.021,1864,40,c,0,252.54,64.16321,40.04256,6704.3,703.73,4.7,3.76,0.3,-0.501,18.57,19.61,02a57377o0358c
57384.343533,-13.304,0.048,-17314,831,o,0,36.26,64.16321,40.04256,6316.27,313.3,4.13,3.58,-6.4,-0.505,18.69,19.86,02a57384o0221o
57384.349148,13.935,0.128,9687,1235,o,0,15.99,64.16321,40.04256,8930.36,10058.28,3.67,3.6,-22.8,-0.434,18.73,19.87,02a57384o0229o
57384.362008,14.121,0.17,8161,1383,o,0,10.21,64.16321,40.04256,6601.43,907.72,3.95,3.55,-2.9,-0.507,18.68,19.82,02a57384o0249o
57384.385387,14.36,0.212,6546,1390,o,0,16.81,64.16321,40.04256,8343.43,9453.2,3.63,3.54,-88.7,-0.44,18.68,19.79,02a57384o0284o
57384.387899,13.657,0.142,12509,1772,o,0,15.21,64.16321,40.04256,5385.89,1487.4,3.86,3.53,-15.0,-0.486,18.67,19.79,02a57384o0288o
57385.342268,-12.641,0.0,-31887,5,o,0,3167.06,64.16321,40.04256,6313.93,315.57,4.46,3.51,-0.1,-0.516,18.82,20.11,02a57385o0261o
57385.343606,0.0,0.0,0,0,o,0,,64.16321,40.04256,1842.0,661.17,5.48,3.55,-25.1,-0.508,18.82,20.14,02a57385o0262o
57385.362627,-14.712,0.577,-4732,2731,o,0,1.15,64.16321,40.04256,6600.33,910.54,4.19,3.37,2.3,-0.534,18.83,20.06,02a57385o0290o
57385.391881,-15.235,0.403,-2924,1178,o,0,2.6,64.16321,40.04256,8342.39,9454.27,3.62,3.38,-89.9,-0.477,18.83,20.09,02a57385o0309o
57385.404861,-15.017,0.391,-3575,1399,o,0,6.11,64.16321,40.04256,5381.33,1489.2,4.05,3.37,-11.0,-0.523,18.84,20.08,02a57385o0328o
57395.343639,15.342,0.005,2650,14,c,0,1544.26,64.16321,40.04256,6135.35,131.52,4.31,3.62,-1.5,-0.491,19.59,21.52,02a57395o0244c
57395.349043,-17.014,0.027,-568,15,c,0,2.35,64.16321,40.04256,8769.19,9882.35,3.83,3.73,82.7,-0.413,19.61,21.54,02a57395o0252c
57395.359767,-16.858,0.021,-656,14,c,0,3.82,64.16321,40.04256,6463.24,733.29,4.14,3.62,-0.3,-0.468,19.57,21.51,02a57395o0268c
57395.371288,13.19,0.001,19237,26,c,0,5270.78,64.16321,40.04256,9100.84,10501.33,3.93,3.88,-1.1,-0.405,19.59,21.52,02a57395o0286c
57395.38395,-16.17,0.005,-1236,6,c,0,17.74,64.16321,40.04256,8269.69,9301.21,3.69,3.64,86.2,-0.426,19.6,21.51,02a57395o0304c
57395.396634,-16.651,0.271,-793,215,c,0,1.49,64.16321,40.04256,5340.88,1343.18,4.12,3.62,-8.4,-0.448,19.59,21.49,02a57395o0322c
57402.350143,-16.794,0.022,-695,15,c,0,3.74,64.16321,40.04256,8904.02,10065.86,4.07,3.82,85.3,-0.405,19.4,21.18,02a57402o0260c
57402.378258,-15.227,0.002,-2947,7,c,0,198.98,64.16321,40.04256,8326.13,9457.55,4.0,3.71,86.3,-0.423,19.51,21.44,02a57402o0303c
57403.350128,-16.805,0.032,-689,22,c,0,2.66,64.16321,40.04256,8905.9,10063.68,4.15,3.8,84.0,-0.416,19.23,20.85,02a57403o0261c
57403.377484,-16.793,0.029,-696,20,c,0,2.03,64.16321,40.04256,8327.72,9457.56,4.03,3.67,88.7,-0.436,19.25,20.89,02a57403o0303c
57409.332789,16.034,2.763,1401,3871,o,0,1.08,64.16321,40.04256,5675.95,895.23,3.97,3.37,-9.7,-0.549,18.34,19.1,02a57409o0236o
57409.343798,-12.367,0.0,-41048,6,o,0,18211.57,64.16321,40.04256,5375.25,327.01,4.1,3.31,-11.3,-0.551,18.32,19.08,02a57409o0254o
57409.362415,17.632,4.266,322,1372,o,0,2.1,64.16321,40.04256,6274.63,1491.65,3.81,3.4,-5.3,-0.529,18.31,19.05,02a57409o0284o
57413.300108,-15.526,1.506,-2237,3370,o,0,2.02,64.16321,40.04256,5468.03,1110.53,4.1,3.29,-6.8,-0.556,18.68,19.78,02a57413o0145o
57413.311216,-12.774,0.0,-28215,6,o,0,5364.63,64.16321,40.04256,5152.45,524.17,4.21,3.23,-6.4,-0.526,18.67,19.75,02a57413o0163o
57414.312685,-15.935,0.883,-1534,1355,o,0,1.71,64.16321,40.04256,5748.01,645.11,4.31,3.49,-5.3,-0.54,18.8,20.1,02a57414o0205o
57414.328641,-14.305,0.0,-6888,2,o,0,8875.01,64.16321,40.04256,5447.6,56.27,4.48,3.43,-5.9,-0.538,18.77,19.99,02a57414o0231o
57415.347061,15.32,0.53,2704,1433,o,0,1.21,64.16321,40.04256,7781.57,10106.69,3.69,3.56,86.2,-0.464,18.78,20.02,02a57415o0255o
57415.367744,17.705,6.187,301,1860,o,0,1.09,64.16321,40.04256,8916.73,9556.61,3.72,3.4,-84.8,-0.464,18.8,20.04,02a57415o0286o
57415.387469,15.674,0.695,1952,1357,o,0,1.2,64.16321,40.04256,9170.39,9490.05,3.72,3.36,-87.4,-0.466,18.78,19.99,02a57415o0316o
57418.307592,-15.291,0.296,-2778,823,o,0,4.79,64.16321,40.04256,5569.13,622.93,4.35,3.51,-7.2,-0.536,19.01,20.52,02a57418o0194o
57418.319835,-15.784,0.07,-1764,123,o,0,7.85,64.16321,40.04256,5256.14,33.96,4.48,3.51,-6.8,-0.548,19.01,20.49,02a57418o0214o
57419.308177,-15.027,0.32,-3543,1133,o,0,3.44,64.16321,40.04256,5905.84,1191.78,4.51,3.65,-2.8,-0.531,19.07,20.73,02a57419o0166o
57419.319809,-12.88,0.033,-25595,838,o,0,21.95,64.16321,40.04256,5595.77,604.34,4.69,3.71,-5.1,-0.519,19.07,20.73,02a57419o0185o
57419.33759,15.803,0.361,1733,626,o,0,0.27,64.16321,40.04256,6819.2,31.01,4.69,3.54,4.4,-0.501,19.09,20.68,02a57419o0214o
57420.32318,12.82,0.001,27034,33,c,0,6655.66,64.16321,40.04256,8491.14,10500.24,4.13,4.09,7.0,-0.385,19.51,21.46,02a57420o0151c
57420.342067,-16.939,0.053,-609,32,c,0,5.26,64.16321,40.04256,8200.96,9902.13,4.09,3.98,72.8,-0.392,19.5,21.46,02a57420o0181c
57420.361057,-17.555,0.021,-345,7,c,0,669.61,64.16321,40.04256,9334.47,9356.3,4.24,4.01,78.7,-0.384,19.46,21.45,02a57420o0211c
57420.380325,-15.435,0.003,-2432,8,c,0,205.76,64.16321,40.04256,9167.13,9490.44,4.15,3.88,88.0,-0.391,19.47,21.42,02a57420o0241c
57424.290617,-17.342,0.062,-420,26,c,0,2.3,64.16321,40.04256,5496.08,842.68,4.65,3.76,-4.3,-0.514,19.5,21.48,02a57424o0162c
57424.31155,12.992,0.001,23089,23,c,0,5720.7,64.16321,40.04256,5224.49,268.25,5.04,3.92,-5.6,-0.51,19.45,21.44,02a57424o0196c
57427.310568,-16.147,0.005,-1262,6,c,0,594.46,64.16321,40.04256,8322.26,10424.94,3.97,3.88,69.2,-0.421,19.42,21.24,02a57427o0192c
57427.329824,-17.194,0.174,-481,84,c,0,1.42,64.16321,40.04256,8067.45,9841.46,3.93,3.75,85.0,-0.434,19.4,21.21,02a57427o0223c
57427.349267,-15.701,0.008,-1903,15,c,0,444.54,64.16321,40.04256,9232.58,9308.63,4.05,3.68,82.8,-0.421,19.39,21.22,02a57427o0254c
57427.36818,-16.865,0.024,-651,16,c,0,4.4,64.16321,40.04256,9220.76,9383.09,3.95,3.56,85.3,-0.431,19.39,21.18,02a57427o0284c
57431.270035,13.475,0.001,14793,20,c,0,3571.7,64.16321,40.04256,5702.32,455.57,5.5,4.36,-2.3,-0.44,19.17,21.03,02a57431o0147c
57432.296215,-17.027,0.149,-562,84,c,0,1.14,64.16321,40.04256,8438.06,10455.22,4.1,3.82,63.1,-0.429,19.11,20.59,02a57432o0178c
57432.314864,-17.211,0.131,-474,62,c,0,1.1,64.16321,40.04256,8182.63,9871.28,3.96,3.71,74.4,-0.443,19.08,20.53,02a57432o0208c
57432.334219,-16.993,0.052,-579,30,c,0,1.8,64.16321,40.04256,9348.49,9340.83,4.16,3.57,82.0,-0.434,19.04,20.5,02a57432o0239c
57432.353302,-16.924,0.043,-617,26,c,0,2.66,64.16321,40.04256,9188.18,9369.67,4.14,3.55,79.5,-0.442,19.03,20.46,02a57432o0269c
57433.278433,-14.712,0.003,-4732,15,c,0,1135.1,64.16321,40.04256,8156.77,10159.96,4.17,3.89,66.2,-0.448,18.84,20.13,02a57433o0148c
57433.297111,-16.848,0.046,-662,30,c,0,6.25,64.16321,40.04256,7904.43,9577.53,4.07,3.74,72.2,-0.462,18.84,20.12,02a57433o0178c
57433.316147,-16.459,0.094,-948,89,c,0,7.57,64.16321,40.04256,9067.25,9043.41,4.39,3.81,78.4,-0.454,18.8,20.11,02a57433o0208c
57433.330711,-16.317,0.031,-1080,34,c,0,7.58,64.16321,40.04256,9152.59,9352.37,4.27,3.59,79.8,-0.458,18.81,20.05,02a57433o0230c
57440.231401,15.218,1.198,2970,3557,o,0,0.86,64.16321,40.04256,5418.76,1174.6,3.98,3.48,-11.1,-0.509,18.37,19.26,02a57440o0040o
57440.239572,-12.816,0.051,-27139,1398,o,0,23.57,64.16321,40.04256,5105.29,587.73,4.55,3.36,-4.8,-0.556,18.37,19.24,02a57440o0055o
57441.229045,-15.212,1.234,-2986,3686,o,0,1.97,64.16321,40.04256,5653.03,768.08,3.56,3.35,-43.4,-0.484,18.49,19.41,02a57441o0043o
57441.239287,-12.078,0.0,-53554,4,o,0,14109.33,64.16321,40.04256,5352.4,179.5,3.84,3.31,-22.1,-0.516,18.48,19.38,02a57441o0061o
57442.332029,13.821,0.155,10750,1664,o,0,20.43,64.16321,40.04256,7820.8,9979.21,3.89,3.51,76.2,-0.483,18.35,19.28,02a57442o0212o
57442.349869,13.09,0.139,21086,2933,o,0,26.22,64.16321,40.04256,8955.43,9433.35,4.08,3.26,80.4,-0.506,18.3,19.19,02a57442o0241o
57442.367093,13.907,0.284,9933,2825,o,0,14.2,64.16321,40.04256,9133.84,9482.98,4.14,3.28,80.3,-0.508,18.2,19.02,02a57442o0267o
57443.291372,14.074,0.298,8521,2542,o,0,9.52,64.16321,40.04256,7887.75,10231.31,3.86,3.35,76.3,-0.507,18.71,19.89,02a57443o0190o
57443.311902,13.538,0.125,13959,1750,o,0,38.74,64.16321,40.04256,9025.51,9683.34,4.2,3.36,81.6,-0.505,18.57,19.72,02a57443o0226o
57443.331292,12.285,0.115,44249,5101,o,0,30.01,64.16321,40.04256,9138.2,9474.93,4.1,3.18,81.0,-0.507,18.52,19.56,02a57443o0260o
57448.279131,13.334,0.001,16838,24,c,0,5571.93,64.16321,40.04256,5569.26,194.01,4.91,3.65,-2.4,-0.529,19.41,21.27,02a57448o0015c
57449.256784,15.207,0.004,3001,14,c,0,1948.75,64.16321,40.04256,5613.63,837.08,4.87,3.74,-3.0,-0.534,19.41,21.28,02a57449o0121c
57449.273759,12.918,0.001,24700,16,c,0,9904.61,64.16321,40.04256,5313.61,248.36,5.25,3.79,-2.3,-0.524,19.41,21.32,02a57449o0155c
57450.295899,-14.862,0.003,-4122,11,c,0,118.62,64.16321,40.04256,8136.84,9960.67,4.26,3.78,81.2,-0.456,19.34,21.14,02a57450o0189c
57450.313652,-16.519,0.017,-896,15,c,0,5.59,64.16321,40.04256,9272.94,9416.76,4.47,3.64,81.0,-0.461,19.34,21.16,02a57450o0224c
57450.337081,-16.799,0.027,-692,19,c,0,4.46,64.16321,40.04256,9125.99,9473.49,4.33,3.75,80.1,-0.436,19.32,21.13,02a57450o0269c
57451.292877,-16.466,0.009,-941,8,c,0,1394.84,64.16321,40.04256,7914.35,10073.19,4.0,3.75,68.2,-0.458,19.35,21.11,02a57451o0187c
57451.310579,-16.731,0.037,-737,28,c,0,10.66,64.16321,40.04256,9049.1,9526.12,4.24,3.54,80.4,-0.455,19.34,21.1,02a57451o0222c
57451.328265,-17.022,0.042,-564,24,c,0,7.13,64.16321,40.04256,9123.83,9472.71,4.24,3.56,79.8,-0.454,19.31,21.06,02a57451o0256c
57454.250445,-15.65,0.008,-1996,16,c,0,16.39,64.16321,40.04256,5816.1,763.23,4.98,4.1,1.0,-0.513,19.35,21.29,02a57454o0091c
57454.267998,13.382,0.001,16107,22,c,0,5634.04,64.16321,40.04256,5500.98,174.23,5.02,3.76,-1.3,-0.521,19.39,21.27,02a57454o0125c
57455.272222,21.084,33.545,13,449,c,0,2.34,64.16321,40.04256,8201.0,10518.04,4.26,4.0,44.6,-0.437,18.08,19.71,02a57455o0119c
57455.289252,12.981,0.004,23308,96,c,0,1387.8,64.16321,40.04256,7914.67,9921.03,4.13,3.82,72.9,-0.44,17.84,19.41,02a57455o0153c
57455.307199,13.005,0.004,22802,85,c,0,1742.23,64.16321,40.04256,9052.03,9374.37,4.23,3.62,77.4,-0.459,17.72,19.26,02a57455o0188c
57455.324766,-18.613,1.172,-130,153,c,0,24.35,64.16321,40.04256,9128.25,9478.83,4.17,3.51,83.5,-0.467,17.91,19.67,02a57455o0222c
57458.246243,-15.152,0.007,-3158,22,c,0,631.67,64.16321,40.04256,5514.5,995.85,5.13,4.13,-0.8,-0.504,19.21,21.05,02a57458o0097c
57458.262396,12.868,0.001,25877,26,c,0,4849.16,64.16321,40.04256,5201.4,408.82,5.45,4.14,-3.6,-0.513,19.18,21.05,02a57458o0129c
57463.30212,-16.242,2.401,-1157,2778,o,0,7.57,64.16321,40.04256,9353.34,9714.65,4.07,3.3,82.6,-0.499,18.55,19.66,02a57463o0090o
57463.314679,12.769,0.166,28351,4716,o,0,35.09,64.16321,40.04256,9123.4,9470.72,4.12,3.21,81.9,-0.504,18.52,19.64,02a57463o0115o
57466.222065,13.524,1.466,14136,20723,o,0,1.25,64.16321,40.04256,5524.5,1071.5,3.63,3.28,-70.6,-0.524,17.63,17.91,02a57466o0033o
57466.228188,-11.989,0.019,-58135,1101,o,0,29.89,64.16321,40.04256,5231.88,479.8,3.77,3.5,-36.1,-0.52,18.26,19.14,02a57466o0045o
57467.29932,12.24,0.099,46123,4578,o,0,15.52,64.16321,40.04256,8063.51,10213.27,4.29,3.29,85.1,-0.559,18.13,18.99,02a57467o0188o
57467.312002,11.834,0.121,67050,8088,o,0,12.16,64.16321,40.04256,9207.58,9667.67,4.43,3.16,81.6,-0.518,18.11,18.92,02a57467o0213o
57467.32656,12.306,0.213,43403,9224,o,0,14.25,64.16321,40.04256,9117.08,9472.38,4.37,3.11,80.7,-0.514,18.03,18.8,02a57467o0241o
57470.22292,14.586,2.233,5315,11867,o,0,1.1,64.16321,40.04256,5837.92,1076.02,3.8,3.59,-54.2,-0.497,17.69,18.09,02a57470o0034o
57470.226851,-12.85,0.102,-26314,2676,o,0,5.76,64.16321,40.04256,5549.22,484.06,4.01,3.65,-20.2,-0.487,17.97,18.69,02a57470o0042o
57475.308243,-12.099,0.02,-52512,1061,o,0,43.19,64.16321,40.04256,8068.21,10044.69,4.12,3.36,78.1,-0.476,18.6,19.96,02a57475o0177o
57475.323277,-11.167,0.0,-123977,28,o,0,3189.45,64.16321,40.04256,9202.54,9503.47,4.32,3.23,80.1,-0.483,18.54,19.88,02a57475o0201o
57479.252035,-14.404,0.002,-6284,13,c,0,287.0,64.16321,40.04256,7768.32,10236.58,3.94,3.78,37.2,-0.435,19.09,20.61,02a57479o0032c
57479.268324,-16.491,0.029,-919,27,c,0,53.0,64.16321,40.04256,8889.11,9685.1,4.11,3.61,79.0,-0.461,19.03,20.55,02a57479o0065c
57479.285671,13.606,0.001,13110,15,c,0,7671.1,64.16321,40.04256,9114.41,9460.2,4.32,3.59,77.8,-0.47,18.92,20.41,02a57479o0100c
57482.228392,-17.625,0.33,-324,107,c,0,1.31,64.16321,40.04256,5345.14,938.35,4.31,3.86,-9.6,-0.523,17.96,18.57,02a57482o0035c
57482.234193,12.996,0.002,22994,41,c,0,4547.34,64.16321,40.04256,5053.09,345.49,4.77,3.84,-7.1,-0.536,18.59,19.8,02a57482o0047c
57597.619892,15.893,1.761,1596,2810,o,0,1.53,64.16321,40.04256,6525.57,10280.32,3.72,3.7,45.6,-0.44,18.65,19.84,02a57597o0679o
57597.622451,-16.336,1.132,-1060,1200,o,0,5.22,64.16321,40.04256,3764.17,607.65,4.56,3.35,-6.3,-0.518,18.46,19.46,02a57597o0684o
57597.630945,12.942,0.513,24177,12411,o,0,1.73,64.16321,40.04256,6540.12,10320.77,3.77,3.67,17.4,-0.416,17.53,17.62,02a57597o0701o
57597.632971,13.72,1.17,11804,13807,o,0,1.1,64.16321,40.04256,3779.65,647.94,4.75,3.64,-7.3,-0.486,17.18,17.05,02a57597o0705o
57598.612292,-17.901,0.039,-251,10,o,0,5708.16,64.16321,40.04256,10266.32,33.95,7.32,5.16,10.5,-0.415,18.52,20.35,02a57598o0764o
57598.616385,-14.951,0.148,-3797,561,o,0,36.0,64.16321,40.04256,3357.91,9752.07,4.55,4.38,-17.8,-0.404,18.62,20.21,02a57598o0772o
57598.624266,-13.642,0.001,-12681,8,o,0,5695.49,64.16321,40.04256,10281.7,74.21,6.22,4.78,19.9,-0.452,18.19,19.46,02a57598o0788o
57598.627243,-12.618,0.017,-32572,563,o,0,11.58,64.16321,40.04256,3371.19,9791.88,4.64,4.25,-5.1,-0.427,17.86,18.72,02a57598o0794o
57598.630628,13.117,0.461,20566,9485,o,0,0.13,64.16321,40.04256,813.56,42.47,6.2,4.09,-11.9,-0.411,17.42,17.85,02a57598o0801o
57605.622171,-16.815,0.031,-682,21,c,0,2.42,64.16321,40.04256,10174.61,1910.0,4.62,3.97,43.9,-0.462,19.24,20.96,02a57605o0748c
57605.629969,13.273,0.003,17814,46,c,0,1815.99,64.16321,40.04256,743.31,1867.13,6.0,3.93,-4.8,-0.39,18.21,19.38,02a57605o0763c
57605.634658,-17.632,0.396,-322,127,c,0,1.26,64.16321,40.04256,10189.89,1949.95,4.35,3.7,47.2,-0.505,17.94,18.36,02a57605o0772c
57609.624203,15.581,0.015,2126,31,c,0,101.44,64.16321,40.04256,6189.91,8575.45,3.98,3.62,-76.6,-0.449,19.2,20.9,02a57609o0745c
57609.636982,15.233,0.088,2929,259,c,0,2.88,64.16321,40.04256,6219.28,8616.44,3.96,3.6,-80.8,-0.476,17.7,17.97,02a57609o0769c
57617.613018,-15.232,0.715,-2932,2096,o,0,1.81,64.16321,40.04256,6430.98,10222.79,3.94,3.68,-56.6,-0.476,18.58,20.03,02a57617o0739o
57617.626184,-14.713,0.449,-4730,2126,o,0,2.03,64.16321,40.04256,6444.73,10263.45,3.92,3.69,-60.7,-0.475,18.6,20.06,02a57617o0763o
57617.629487,16.069,0.749,1356,1016,o,0,1.26,64.16321,40.04256,3673.1,547.98,4.64,3.19,-5.3,-0.508,18.47,19.82,02a57617o0769o
57617.639433,-15.09,8.503,-3343,28426,o,0,0.77,64.16321,40.04256,6384.11,10186.5,4.02,3.69,-56.5,-0.478,17.45,17.76,02a57617o0787o
57652.539844,14.481,0.471,5854,2758,o,0,1.27,64.16321,40.04256,5022.04,9334.59,3.34,3.14,2.3,-0.431,18.67,19.68,02a57652o0614o
57652.552566,-15.211,0.809,-2988,2419,o,0,1.3,64.16321,40.04256,5052.19,9356.8,3.32,3.12,-5.1,-0.433,18.69,19.7,02a57652o0638o
57652.565187,14.251,0.528,7237,3822,o,0,1.01,64.16321,40.04256,4991.68,9298.02,3.26,3.05,-6.0,-0.441,18.71,19.71,02a57652o0662o
57652.578049,14.621,0.43,5150,2215,o,0,1.1,64.16321,40.04256,4958.68,9419.27,3.31,3.13,-4.3,-0.439,18.69,19.71,02a57652o0686o
57652.590875,15.131,1.007,3219,3242,o,0,0.81,64.16321,40.04256,4999.81,9360.58,3.25,3.03,-15.3,-0.444,18.72,19.72,02a57652o0710o
57660.556034,15.626,0.013,2039,26,c,0,168.06,64.16321,40.04256,6246.46,8704.68,3.56,3.39,-27.3,-0.423,19.57,21.49,02a57660o0401c
57660.56961,15.537,0.014,2215,31,c,0,92.95,64.16321,40.04256,6275.77,8743.68,3.61,3.54,-27.3,-0.429,19.55,21.5,02a57660o0424c
57660.583475,-17.637,0.982,-320,314,c,0,2.53,64.16321,40.04256,4295.51,1785.18,3.85,3.74,-84.0,-0.394,19.56,21.51,02a57660o0448c
57660.597533,-17.508,0.085,-360,31,c,0,2.5,64.16321,40.04256,4324.94,1664.34,3.94,3.85,-18.0,-0.384,19.53,21.49,02a57660o0472c
57660.611341,18.706,1.558,120,186,c,0,2.84,64.16321,40.04256,4279.25,1723.69,3.99,3.93,-73.0,-0.386,19.5,21.45,02a57660o0495c
57664.603049,13.488,0.008,14612,124,c,0,347.59,64.16321,40.04256,5771.87,2432.61,3.86,3.7,-85.1,-0.381,17.28,18.93,02a57664o0063c
57664.615858,15.711,0.019,1886,36,c,0,720.8,64.16321,40.04256,5787.71,2312.27,3.82,3.68,-86.4,-0.389,18.67,20.38,02a57664o0087c
57668.511897,-17.671,0.575,-310,178,c,0,1.45,64.16321,40.04256,1491.41,1308.84,3.94,3.73,88.6,-0.409,19.58,21.38,02a57668o0608c
57668.528989,-18.064,0.924,-216,200,c,0,0.94,64.16321,40.04256,1433.72,1228.04,4.04,3.85,89.5,-0.414,19.54,21.4,02a57668o0641c
57668.541668,-17.174,0.086,-490,42,c,0,1.3,64.16321,40.04256,1417.85,1344.46,3.94,3.79,87.6,-0.411,19.6,21.43,02a57668o0665c
57668.554281,-17.271,0.037,-448,17,c,0,1.74,64.16321,40.04256,1443.36,1289.74,3.9,3.74,85.5,-0.415,19.63,21.48,02a57668o0689c
57674.473955,15.014,1.045,3583,3746,o,0,1.07,64.16321,40.04256,4638.98,9942.62,3.24,2.73,-7.7,-0.504,18.76,19.84,02a57674o0560o
57674.483295,16.181,0.63,1224,771,o,0,1.12,64.16321,40.04256,1990.05,208.8,3.8,3.69,-51.6,-0.431,18.77,19.86,02a57674o0578o
57674.491585,16.818,0.792,681,539,o,0,1.34,64.16321,40.04256,1997.61,205.78,3.81,3.73,-46.0,-0.419,18.77,19.87,02a57674o0594o
57674.492666,16.711,3.642,751,2736,o,0,1.24,64.16321,40.04256,4641.26,9941.62,3.25,2.78,-7.2,-0.496,18.77,19.86,02a57674o0596o
57674.501517,16.611,1.248,823,1028,o,0,0.83,64.16321,40.04256,1999.47,206.15,3.85,3.77,-58.0,-0.422,18.77,19.88,02a57674o0613o
57674.505036,15.443,0.684,2415,1652,o,0,1.15,64.16321,40.04256,4638.4,9924.55,3.17,2.66,-10.3,-0.515,18.8,19.86,02a57674o0620o
57674.514855,16.928,0.809,615,497,o,0,1.24,64.16321,40.04256,1997.54,208.66,3.73,3.62,-80.8,-0.431,18.83,19.88,02a57674o0638o
57674.517635,14.156,0.47,7896,3714,o,0,0.79,64.16321,40.04256,4640.09,9946.73,3.12,2.61,-11.4,-0.515,18.83,19.89,02a57674o0643o
57674.527218,-18.812,5.0,-108,542,o,0,1.01,64.16321,40.04256,1996.86,208.56,3.75,3.66,-71.7,-0.432,18.84,19.93,02a57674o0661o
57674.529927,-15.486,1.429,-2321,3317,o,0,0.59,64.16321,40.04256,4637.23,9946.36,3.21,2.7,-13.3,-0.508,18.83,19.94,02a57674o0666o
57677.526094,14.296,0.771,6946,5356,o,0,1.39,64.16321,40.04256,5375.54,8316.95,3.19,2.88,-22.6,-0.507,18.28,18.86,02a57677o0662o
57677.54773,14.062,0.376,8614,3241,o,0,0.9,64.16321,40.04256,5118.15,2100.83,3.68,3.52,-53.3,-0.441,18.23,18.85,02a57677o0703o
57677.560543,13.267,0.178,17918,3190,o,0,5.45,64.16321,40.04256,5188.33,2175.04,3.96,3.52,-8.5,-0.434,18.18,18.87,02a57677o0727o
57677.579924,14.189,0.786,7662,6022,o,0,1.27,64.16321,40.04256,5207.41,2058.14,3.57,3.27,-63.8,-0.476,18.3,18.93,02a57677o0764o
57677.593855,14.048,0.81,8722,7061,o,0,1.08,64.16321,40.04256,5162.44,2116.37,3.52,3.25,-62.2,-0.473,18.3,18.92,02a57677o0790o
57678.466195,-15.746,1.169,-1827,2136,o,0,1.04,64.16321,40.04256,1531.89,600.05,3.86,3.57,89.0,-0.431,18.27,18.85,02a57678o0565o
57678.47574,15.397,0.417,2518,1049,o,0,0.96,64.16321,40.04256,4131.05,10331.34,3.2,2.57,-6.5,-0.536,18.31,18.92,02a57678o0584o
57678.481844,17.448,3.304,381,1258,o,0,1.69,64.16321,40.04256,1547.96,640.48,3.88,3.64,82.5,-0.43,18.29,18.88,02a57678o0596o
57678.483415,15.675,0.861,1950,1678,o,0,1.84,64.16321,40.04256,4146.28,10370.57,3.28,2.61,-5.8,-0.517,18.3,18.93,02a57678o0599o
57678.490602,-15.443,1.818,-2414,4389,o,0,1.44,64.16321,40.04256,4083.54,10291.5,3.23,2.6,-7.2,-0.513,18.32,18.94,02a57678o0613o
57678.492625,16.742,2.864,730,2091,o,0,1.49,64.16321,40.04256,1489.13,561.57,3.86,3.63,85.0,-0.429,18.3,18.9,02a57678o0617o
57678.505172,-15.877,1.079,-1618,1747,o,0,1.31,64.16321,40.04256,4067.28,10410.81,3.21,2.53,-5.4,-0.522,18.34,18.97,02a57678o0640o
57678.508062,-17.28,2.159,-445,960,o,0,1.27,64.16321,40.04256,1472.43,680.03,3.82,3.56,85.6,-0.44,18.34,18.94,02a57678o0645o
57678.51796,15.46,0.611,2377,1452,o,0,1.34,64.16321,40.04256,4097.77,10356.42,3.2,2.55,-8.9,-0.527,18.35,18.98,02a57678o0663o
57678.52093,-17.951,3.252,-240,780,o,0,0.79,64.16321,40.04256,1502.74,622.83,3.82,3.61,87.7,-0.433,18.33,18.93,02a57678o0668o
57686.468565,16.091,0.017,1330,22,c,0,167.32,64.16321,40.04256,5729.21,8620.53,3.34,3.02,-26.4,-0.439,19.6,21.5,02a57686o0574c
57686.472046,15.943,0.014,1524,22,c,0,209.45,64.16321,40.04256,5757.34,8659.86,3.41,3.15,-30.1,-0.415,19.59,21.51,02a57686o0581c
57686.483905,16.096,0.017,1322,23,c,0,215.27,64.16321,40.04256,5702.38,8584.32,3.42,3.16,-31.1,-0.412,19.61,21.54,02a57686o0604c
57686.495486,15.834,0.019,1684,32,c,0,188.72,64.16321,40.04256,5670.3,8700.96,3.35,3.01,-26.3,-0.444,19.63,21.53,02a57686o0627c
57686.506592,16.092,0.016,1327,22,c,0,251.59,64.16321,40.04256,5713.82,8644.49,3.43,3.17,-29.5,-0.411,19.6,21.53,02a57686o0647c
57690.466386,16.036,0.015,1398,21,c,0,130.53,64.16321,40.04256,5027.49,8271.56,3.75,3.69,63.3,-0.437,19.66,21.62,02a57690o0551c
57690.475968,16.322,0.02,1074,21,c,0,138.89,64.16321,40.04256,5056.43,8314.59,3.73,3.68,50.3,-0.442,19.67,21.64,02a57690o0567c
57690.482297,16.178,0.02,1226,25,c,0,161.87,64.16321,40.04256,4998.9,8234.86,3.63,3.59,27.8,-0.453,19.69,21.64,02a57690o0579c
57690.493512,16.159,0.018,1248,22,c,0,105.08,64.16321,40.04256,4970.98,8355.5,3.66,3.62,28.4,-0.454,19.67,21.63,02a57690o0599c
57690.507314,16.197,0.016,1205,19,c,0,183.98,64.16321,40.04256,5013.87,8293.15,3.58,3.53,12.6,-0.461,19.71,21.65,02a57690o0625c
57694.474502,15.816,0.016,1712,27,c,0,207.61,64.16321,40.04256,5608.76,8746.41,3.49,3.24,-25.0,-0.406,19.52,21.31,02a57694o0543c
57694.487921,23.327,59.8,2,101,c,0,1.26,64.16321,40.04256,4872.51,1669.24,3.94,3.8,-78.2,-0.388,19.57,21.41,02a57694o0568c
57694.502415,20.669,4.683,20,92,c,0,1.45,64.16321,40.04256,4931.04,1743.19,3.87,3.71,-82.6,-0.398,19.59,21.43,02a57694o0596c
57694.512859,-17.633,0.188,-321,60,c,0,1.27,64.16321,40.04256,4960.69,1631.1,3.85,3.7,-75.2,-0.398,19.59,21.42,02a57694o0616c
57694.520304,17.072,0.603,538,325,c,0,1.31,64.16321,40.04256,4913.3,1685.76,3.89,3.73,-74.0,-0.392,19.57,21.4,02a57694o0630c
57698.454888,-17.225,0.534,-468,250,c,0,1.27,64.16321,40.04256,1934.19,863.08,4.06,3.87,87.1,-0.406,19.64,21.53,02a57698o0534c
57698.459499,-17.222,0.069,-469,32,c,0,1.12,64.16321,40.04256,1965.73,895.92,4.05,3.86,89.3,-0.414,19.66,21.56,02a57698o0543c
57698.470103,-18.763,2.314,-113,262,c,0,0.82,64.16321,40.04256,1907.18,825.86,4.05,3.85,-88.2,-0.407,19.69,21.6,02a57698o0563c
57698.484744,-16.555,0.011,-867,9,c,0,7.14,64.16321,40.04256,8622.2,9509.78,3.64,3.46,-71.3,-0.43,19.66,21.57,02a57698o0589c
57698.490497,-16.989,0.377,-581,219,c,0,1.32,64.16321,40.04256,1924.25,879.22,4.1,3.95,89.5,-0.405,19.63,21.56,02a57698o0600c
57702.441504,17.86,3.635,261,947,o,0,1.12,64.16321,40.04256,4940.5,8390.45,3.24,3.0,-15.0,-0.429,18.98,20.16,02a57702o0504o
57702.450429,16.377,1.03,1022,1053,o,0,1.33,64.16321,40.04256,4951.0,8433.5,3.21,2.91,-16.5,-0.448,18.99,20.16,02a57702o0520o
57702.457459,-15.671,0.581,-1956,1138,o,0,2.13,64.16321,40.04256,4892.92,8356.36,3.26,3.03,-15.6,-0.429,18.98,20.17,02a57702o0533o
57702.468265,14.59,0.419,5295,2218,o,0,1.11,64.16321,40.04256,5629.02,1980.46,3.47,3.31,-67.0,-0.461,19.02,20.21,02a57702o0553o
57702.48369,16.914,1.347,623,839,o,0,1.93,64.16321,40.04256,4912.38,8414.28,3.22,2.9,-24.7,-0.457,19.04,20.23,02a57702o0581o
57706.418991,15.379,1.246,2561,3190,o,0,0.98,64.16321,40.04256,4584.96,10225.07,3.38,2.91,-6.2,-0.47,18.1,18.52,02a57706o0462o
57706.419505,16.45,1.545,955,1475,o,0,1.76,64.16321,40.04256,1961.97,488.65,3.85,3.7,-66.4,-0.429,18.07,18.46,02a57706o0463o
57706.430179,-14.576,1.001,-5366,5372,o,0,1.07,64.16321,40.04256,4599.22,10266.16,3.45,2.89,-2.6,-0.458,18.1,18.54,02a57706o0483o
57706.433778,15.905,1.932,1577,3047,o,0,1.08,64.16321,40.04256,1981.24,526.97,3.85,3.69,-73.3,-0.431,18.09,18.49,02a57706o0490o
57706.435469,14.646,0.935,5032,4704,o,0,1.29,64.16321,40.04256,4540.24,10189.67,3.43,2.96,-4.9,-0.467,18.1,18.6,02a57706o0493o
57706.444411,16.18,1.665,1225,2039,o,0,1.18,64.16321,40.04256,4528.31,10304.12,3.41,2.93,-6.6,-0.472,18.13,18.57,02a57706o0510o
57706.444923,17.122,3.31,514,1702,o,0,0.93,64.16321,40.04256,1921.95,448.61,3.87,3.7,-73.7,-0.422,18.09,18.51,02a57706o0511o
57706.459814,13.347,0.198,16634,3299,o,0,8.36,64.16321,40.04256,8608.04,9879.61,3.41,3.3,-72.6,-0.492,18.09,18.43,02a57706o0539o
57706.466135,16.574,3.131,852,2668,o,0,1.11,64.16321,40.04256,4572.12,10247.36,3.37,2.91,-10.3,-0.481,18.16,18.59,02a57706o0551o
57710.418401,-14.204,0.264,-7560,1996,o,0,2.27,64.16321,40.04256,6584.34,9934.18,3.44,3.06,-20.1,-0.447,18.83,19.96,02a57710o0441o
57710.427856,16.551,1.261,870,1097,o,0,1.03,64.16321,40.04256,3817.4,267.18,3.95,3.87,-21.3,-0.418,18.79,19.95,02a57710o0459o
57710.430937,-15.511,0.978,-2268,2218,o,0,1.13,64.16321,40.04256,6617.03,9975.06,3.42,3.05,-18.0,-0.458,18.82,19.97,02a57710o0465o
57710.432176,-19.219,12.415,-74,925,o,0,1.36,64.16321,40.04256,3847.38,308.35,4.05,3.95,-65.1,-0.424,18.76,19.94,02a57710o0467o
57710.443203,15.135,0.592,3208,1898,o,0,0.97,64.16321,40.04256,6728.61,10219.22,3.45,2.99,-17.9,-0.472,18.8,19.87,02a57710o0488o
57710.444242,-17.748,11.519,-289,3328,o,0,1.15,64.16321,40.04256,3969.9,549.61,3.89,3.7,-74.5,-0.443,18.79,19.93,02a57710o0490o
57710.456146,14.729,0.464,4661,2162,o,0,1.04,64.16321,40.04256,3980.92,435.13,3.81,3.64,-70.9,-0.448,18.82,19.94,02a57710o0511o
57710.457998,17.969,15.174,236,3577,o,0,1.39,64.16321,40.04256,6740.2,10103.93,3.28,2.97,-19.6,-0.47,18.85,19.91,02a57710o0514o
57710.463279,-16.543,1.815,-876,1591,o,0,1.2,64.16321,40.04256,3804.28,285.52,3.76,3.63,-60.8,-0.448,18.85,19.92,02a57710o0524o
57710.464457,-15.351,1.051,-2628,2763,o,0,0.64,64.16321,40.04256,3936.05,488.5,3.75,3.58,-66.3,-0.449,18.86,19.95,02a57710o0526o
57718.414511,-17.328,0.073,-425,31,c,0,1.15,64.16321,40.04256,2070.96,1242.19,4.23,4.17,55.1,-0.385,19.46,21.39,02a57718o0432c
57718.430966,14.964,0.002,3753,8,c,0,3097.89,64.16321,40.04256,8410.13,9164.58,4.09,3.98,-82.7,-0.425,19.43,21.37,02a57718o0463c
57718.441845,15.227,0.002,2944,7,c,0,2602.11,64.16321,40.04256,8468.98,9248.54,3.97,3.86,-86.3,-0.436,19.5,21.45,02a57718o0483c
57718.448688,13.431,0.001,15408,19,c,0,7473.44,64.16321,40.04256,8496.09,9127.15,4.28,4.23,-84.3,-0.403,19.3,21.3,02a57718o0496c
57718.465073,13.291,0.001,17516,19,c,0,7139.86,64.16321,40.04256,8452.45,9191.4,4.74,4.06,1.2,-0.397,19.3,21.36,02a57718o0526c
57746.372757,-16.902,0.019,-630,12,c,0,4.53,64.16321,40.04256,6661.64,9511.64,3.81,3.64,-14.8,-0.438,19.6,21.56,02a57746o0363c
57746.37742,-16.988,0.025,-582,14,c,0,2.5,64.16321,40.04256,6632.5,9471.65,3.85,3.63,-9.6,-0.439,19.6,21.56,02a57746o0372c
57746.387981,-16.848,0.022,-662,14,c,0,3.25,64.16321,40.04256,6687.84,9552.34,3.63,3.52,-26.0,-0.424,19.64,21.57,02a57746o0392c
57746.401979,-15.291,0.004,-2778,10,c,0,500.11,64.16321,40.04256,6705.29,9435.17,3.79,3.68,-6.4,-0.456,19.6,21.56,02a57746o0418c
57746.407339,-17.29,0.079,-440,35,c,0,5.94,64.16321,40.04256,6671.83,9489.88,3.62,3.58,-11.9,-0.464,19.63,21.55,02a57746o0428c
57750.370443,-16.667,0.371,-782,290,c,0,1.35,64.16321,40.04256,6086.66,1642.44,3.89,3.79,-83.3,-0.396,19.69,21.7,02a57750o0182c
57750.378571,12.971,0.002,23536,45,c,0,4114.31,64.16321,40.04256,6071.19,1602.33,3.98,3.82,-79.7,-0.383,18.6,20.66,02a57750o0198c
57750.38564,-18.542,1.325,-139,184,c,0,9.2,64.16321,40.04256,6131.0,1682.67,4.41,4.21,-67.0,-0.346,17.95,20.2,02a57750o0212c
57750.395938,-17.193,0.114,-482,55,c,0,0.94,64.16321,40.04256,6147.55,1566.77,4.2,4.09,-10.4,-0.377,19.58,21.65,02a57750o0232c
57750.408847,-16.289,0.004,-1108,5,c,0,21.1,64.16321,40.04256,6104.37,1626.44,3.9,3.77,-82.3,-0.394,19.15,21.16,02a57750o0257c
57762.325059,13.401,0.505,15840,7994,o,0,1.81,64.16321,40.04256,792.8,9607.31,3.16,2.84,7.2,-0.541,18.38,18.97,02a57762o0277o
57762.327043,14.973,0.822,3722,3060,o,0,1.85,64.16321,40.04256,10247.28,9692.27,3.63,3.03,-82.0,-0.512,18.38,18.97,02a57762o0281o
57762.330557,-14.362,0.765,-6536,4997,o,0,3.94,64.16321,40.04256,779.72,9566.75,3.09,2.84,1.4,-0.538,18.39,18.98,02a57762o0288o
57762.340643,13.34,0.623,16746,10435,o,0,1.48,64.16321,40.04256,825.92,9645.6,3.12,2.77,1.8,-0.541,18.38,18.99,02a57762o0308o
57762.343128,15.437,1.216,2428,2953,o,0,1.68,64.16321,40.04256,10232.11,9650.42,3.63,3.0,-85.0,-0.496,18.4,18.99,02a57762o0313o
57762.352613,15.26,1.559,2857,4455,o,0,2.36,64.16321,40.04256,10279.38,9731.64,3.6,2.99,-82.3,-0.51,18.41,19.0,02a57762o0332o
57762.354136,-16.1,4.351,-1318,5735,o,0,20.31,64.16321,40.04256,857.44,9523.11,3.18,2.85,9.0,-0.538,18.39,19.02,02a57762o0335o
57762.359188,-11.216,0.001,-118512,113,o,0,1199.42,64.16321,40.04256,805.9,9582.47,3.24,2.89,7.5,-0.518,18.38,19.01,02a57762o0344o
57762.3597,15.974,2.064,1480,3054,o,0,1.62,64.16321,40.04256,10305.74,9613.29,3.59,2.92,-81.6,-0.521,18.39,19.0,02a57762o0345o
57762.374259,14.527,0.36,5612,2018,o,0,2.88,64.16321,40.04256,10264.24,9671.65,3.6,3.03,-81.5,-0.512,18.38,18.98,02a57762o0374o
57765.390707,13.077,0.39,21340,8324,o,0,3.47,64.16321,40.04256,7274.5,8757.91,3.36,3.21,-78.8,-0.525,18.2,18.66,02a57765o0379o
57765.404947,12.874,0.366,25722,9411,o,0,4.19,64.16321,40.04256,7261.08,8716.83,3.46,3.3,-84.9,-0.518,18.17,18.64,02a57765o0405o
57765.419009,12.874,0.45,25726,11565,o,0,2.93,64.16321,40.04256,7321.13,8795.61,3.55,3.36,-87.3,-0.504,18.14,18.61,02a57765o0431o
57765.431814,13.723,0.628,11769,7394,o,0,3.14,64.16321,40.04256,7332.13,8679.22,3.58,3.41,-87.8,-0.505,18.1,18.56,02a57765o0455o
57765.45189,14.336,0.523,6690,3497,o,0,2.1,64.16321,40.04256,7283.27,8736.0,3.44,3.22,-83.7,-0.526,18.08,18.47,02a57765o0493o
57766.354931,15.363,1.1,2598,2857,o,0,1.9,64.16321,40.04256,7998.9,9695.87,3.8,3.5,84.2,-0.483,18.48,19.27,02a57766o0271o
57766.359837,15.626,1.368,2041,2791,o,0,1.51,64.16321,40.04256,7970.65,9654.86,3.75,3.47,82.8,-0.482,18.46,19.22,02a57766o0281o
57766.369804,14.13,0.417,8091,3374,o,0,1.47,64.16321,40.04256,8030.66,9735.66,3.61,3.31,-85.9,-0.494,18.39,19.14,02a57766o0301o
57766.387732,-16.064,2.204,-1363,3004,o,0,1.58,64.16321,40.04256,8046.83,9617.8,3.61,3.35,-89.7,-0.495,18.45,19.18,02a57766o0337o
57766.403507,14.812,0.548,4318,2367,o,0,1.9,64.16321,40.04256,8017.35,9674.17,3.59,3.33,87.4,-0.495,18.45,19.16,02a57766o0369o
57774.329395,17.907,3.945,250,984,o,0,1.19,64.16321,40.04256,8359.38,8766.1,3.81,3.54,89.0,-0.458,19.2,20.83,02a57774o0269o
57774.34465,-16.225,0.465,-1175,546,o,0,6.74,64.16321,40.04256,8331.23,8725.02,3.69,3.36,-85.5,-0.465,19.24,20.83,02a57774o0300o
57774.354886,-17.435,0.989,-386,382,o,0,0.96,64.16321,40.04256,8392.93,8804.04,3.68,3.3,-82.5,-0.438,19.25,20.86,02a57774o0321o
57774.361432,-17.374,1.859,-408,758,o,0,2.69,64.16321,40.04256,8407.98,8689.9,3.68,3.28,-80.6,-0.445,19.26,20.88,02a57774o0334o
57774.380676,-16.931,1.764,-613,1081,o,0,1.0,64.16321,40.04256,8380.58,8746.35,3.61,3.27,-82.5,-0.443,19.24,20.84,02a57774o0373o
57778.318187,-17.279,0.265,-445,118,c,0,1.15,64.16321,40.04256,5738.64,1906.33,3.97,3.94,-80.8,-0.427,19.56,21.54,02a57778o0076c
57778.340154,-17.665,0.57,-312,178,c,0,1.72,64.16321,40.04256,5725.29,1864.25,4.01,3.89,-8.1,-0.424,19.56,21.54,02a57778o0121c
57778.352559,-17.374,0.051,-408,21,c,0,1.7,64.16321,40.04256,5786.2,1942.02,4.29,3.9,-0.4,-0.401,19.51,21.52,02a57778o0146c
57778.36184,-17.053,0.153,-548,84,c,0,2.07,64.16321,40.04256,5802.62,1822.67,4.14,3.86,-1.4,-0.419,19.53,21.51,02a57778o0165c
57778.369331,-17.6,0.214,-331,71,c,0,1.42,64.16321,40.04256,5774.56,1882.72,3.84,3.82,-29.2,-0.439,19.57,21.5,02a57778o0180c
57782.321805,17.456,0.975,378,368,c,0,1.57,64.16321,40.04256,5273.85,906.46,3.91,3.88,-74.0,-0.408,19.59,21.52,02a57782o0244c
57782.32969,-17.352,0.09,-416,38,c,0,1.32,64.16321,40.04256,5244.35,866.1,3.87,3.81,-60.5,-0.416,19.6,21.5,02a57782o0260c
57782.336495,-17.248,0.604,-458,277,c,0,1.03,64.16321,40.04256,5318.97,943.86,3.85,3.79,-23.9,-0.416,19.59,21.47,02a57782o0274c
57782.356728,-17.447,0.062,-381,24,c,0,1.68,64.16321,40.04256,5338.78,825.23,3.84,3.8,-37.8,-0.42,19.59,21.45,02a57782o0315c
57782.365312,18.864,6.405,103,662,c,0,1.14,64.16321,40.04256,5296.72,883.68,3.86,3.82,-57.9,-0.419,19.59,21.46,02a57782o0332c
57786.324582,-15.876,0.332,-1621,538,c,0,1.39,64.16321,40.04256,5536.22,2173.96,3.79,3.74,-87.0,-0.403,19.38,21.06,02a57786o0032c
57786.327478,-16.168,0.401,-1238,496,c,0,0.78,64.16321,40.04256,5506.75,2134.73,3.8,3.75,-80.0,-0.403,19.37,21.06,02a57786o0038c
57786.348434,-17.606,0.396,-329,130,c,0,1.91,64.16321,40.04256,5568.18,2210.55,3.76,3.73,1.1,-0.406,19.39,21.1,02a57786o0081c
57786.358901,-17.539,0.176,-350,62,c,0,2.08,64.16321,40.04256,5601.34,2093.9,3.76,3.75,-4.6,-0.408,19.41,21.14,02a57786o0102c
57786.370031,-17.477,1.526,-371,566,c,0,1.35,64.16321,40.04256,5558.14,2150.02,3.74,3.71,-52.4,-0.409,19.46,21.22,02a57786o0125c
57794.282955,14.707,0.626,4758,2977,o,0,0.91,64.16321,40.04256,4121.08,1181.49,3.74,3.64,-46.8,-0.48,18.37,19.13,02a57794o0138o
57794.287949,-16.745,6.784,-728,4939,o,0,0.95,64.16321,40.04256,4091.69,1142.64,3.72,3.6,-43.3,-0.482,18.37,19.13,02a57794o0148o
57794.295083,-13.091,0.0,-21070,6,o,0,4400.96,64.16321,40.04256,3760.44,8370.32,3.57,3.46,-20.1,-0.636,18.32,19.39,01a57794o0193o
57794.300116,-16.706,3.433,-754,2590,o,0,1.97,64.16321,40.04256,4151.86,1219.45,3.65,3.55,-43.6,-0.479,18.41,19.12,02a57794o0173o
57794.300906,-12.415,0.001,-39255,33,o,0,4988.71,64.16321,40.04256,3774.61,8409.7,3.56,3.42,-31.6,-0.684,18.38,19.39,01a57794o0204o
57794.315862,-11.694,0.0,-76313,27,o,0,5771.26,64.16321,40.04256,3717.37,8332.3,3.56,3.4,-27.5,-0.686,18.43,19.39,01a57794o0232o
57794.316713,14.754,0.928,4554,4228,o,0,1.34,64.16321,40.04256,4185.99,1100.1,3.97,3.62,-5.2,-0.446,18.34,19.08,02a57794o0207o
57794.330738,14.708,0.781,4752,3712,o,0,1.25,64.16321,40.04256,4141.68,1156.75,3.75,3.55,-11.6,-0.467,18.38,19.06,02a57794o0236o
57794.334013,-10.849,0.001,-166119,86,o,0,1150.97,64.16321,40.04256,3698.29,8448.45,3.63,3.48,-27.6,-0.692,18.37,19.35,01a57794o0266o
57794.349433,-11.116,0.016,-129872,2044,o,0,48.14,64.16321,40.04256,3740.42,8390.78,3.62,3.45,-17.8,-0.676,18.34,19.3,01a57794o0295o
57798.276532,-19.339,15.828,-67,1057,o,0,1.97,64.16321,40.04256,6693.68,1473.03,3.66,3.48,-77.3,-0.456,19.21,20.73,02a57798o0154o
57798.288706,-15.918,1.736,-1559,2706,o,0,2.06,64.16321,40.04256,6678.84,1433.22,3.59,3.44,-76.2,-0.465,19.26,20.79,02a57798o0178o
57798.29327,-12.757,0.0,-28647,5,o,0,3940.18,64.16321,40.04256,1367.11,818.41,4.55,4.43,85.0,-0.536,19.05,20.84,01a57798o0148o
57798.294869,0.0,22.343,0,4,o,0,15423.16,64.16321,40.04256,4134.81,10495.07,3.73,3.46,-31.6,-0.615,19.13,20.87,01a57798o0151o
57798.30081,15.505,0.531,2281,1211,o,0,2.19,64.16321,40.04256,6739.7,1511.25,3.62,3.53,-65.1,-0.457,19.09,20.47,02a57798o0202o
57798.304904,-12.457,0.0,-37772,4,o,0,3837.23,64.16321,40.04256,1385.48,858.99,4.48,4.27,85.9,-0.557,18.92,20.46,01a57798o0170o
57798.310815,-16.854,1.894,-658,1246,o,0,1.24,64.16321,40.04256,6770.61,1392.49,3.76,3.65,-10.8,-0.437,18.92,20.2,02a57798o0222o
57798.313886,-14.438,0.001,-6094,3,o,0,11489.91,64.16321,40.04256,4103.7,10457.53,3.55,3.33,-18.9,-0.652,18.87,20.37,01a57798o0187o
57798.314404,-12.833,0.0,-26727,4,o,0,7589.97,64.16321,40.04256,1323.43,778.61,4.39,4.15,87.5,-0.579,18.85,20.32,01a57798o0188o
57798.315919,-17.313,3.01,-431,1298,o,0,2.06,64.16321,40.04256,6727.51,1450.34,3.62,3.45,-77.4,-0.462,18.91,20.13,02a57798o0232o
57798.320778,-12.847,0.0,-26375,4,o,0,2869.86,64.16321,40.04256,1311.16,895.7,4.46,4.23,-85.4,-0.569,18.79,20.25,01a57798o0200o
57798.342047,-12.721,0.0,-29634,5,o,0,7965.99,64.16321,40.04256,1350.61,834.33,4.44,4.2,-87.6,-0.582,18.74,20.07,01a57798o0240o
57798.343114,-12.976,0.023,-23419,535,o,0,37.31,64.16321,40.04256,4107.95,10514.19,3.46,3.27,-16.2,-0.653,18.8,20.12,01a57798o0242o
57806.279017,-18.734,4.134,-117,482,c,0,5.28,64.16321,40.04256,4324.6,949.83,4.0,3.92,-21.7,-0.434,19.52,21.44,02a57806o0093c
57806.290271,-17.349,0.05,-417,21,c,0,2.14,64.16321,40.04256,4310.62,908.06,4.0,3.9,-21.3,-0.438,19.53,21.46,02a57806o0115c
57806.302927,-16.595,0.019,-835,16,c,0,5.17,64.16321,40.04256,4369.99,985.59,4.25,4.11,-5.1,-0.424,19.4,21.39,02a57806o0140c
57806.3139,-16.877,0.027,-645,18,c,0,3.36,64.16321,40.04256,4385.26,865.79,4.15,3.97,-8.4,-0.442,19.49,21.43,02a57806o0162c
57806.335072,-17.565,0.056,-342,19,c,0,2.62,64.16321,40.04256,4359.29,921.16,4.09,3.86,-6.7,-0.447,19.48,21.38,02a57806o0204c
57830.228677,-12.419,0.02,-39123,770,o,0,34.47,64.16321,40.04256,6946.33,9181.48,3.54,3.08,-11.2,-0.417,17.93,18.67,02a57830o0017o
57830.229643,15.519,0.004,2252,10,o,0,8916.98,64.16321,40.04256,6976.46,9221.12,4.85,3.25,0.1,-0.389,17.84,18.86,02a57830o0019o
57830.234027,-14.591,0.417,-5293,2209,o,0,3.78,64.16321,40.04256,7006.28,9259.49,3.28,3.05,-28.6,-0.425,18.34,19.41,02a57830o0028o
57830.246982,-14.158,0.317,-7882,2499,o,0,4.27,64.16321,40.04256,7030.38,9142.49,3.35,3.31,-50.2,-0.471,18.47,19.67,02a57830o0054o
57830.25665,-17.002,1.566,-574,899,o,0,7.44,64.16321,40.04256,6985.18,9200.4,3.62,3.41,9.0,-0.457,18.41,19.64,02a57830o0074o
57834.26468,-16.578,0.025,-849,21,c,0,11.98,64.16321,40.04256,8233.01,8685.91,3.78,3.57,-46.6,-0.4,18.63,20.18,02a57834o0007c
57834.275636,-16.82,0.033,-679,22,c,0,4.28,64.16321,40.04256,8244.04,8568.6,3.59,3.35,-60.9,-0.416,18.68,20.16,02a57834o0028c
57834.286604,-15.724,0.012,-1865,23,c,0,482.99,64.16321,40.04256,8199.98,8624.5,3.93,3.84,-89.9,-0.426,18.61,20.16,02a57834o0049c
57838.2583,13.87,0.004,10283,37,c,0,465199.45,64.16321,40.04256,4605.22,2234.65,3.98,3.91,-74.9,-0.427,18.57,20.07,02a57838o0009c
57838.270368,13.287,0.002,17583,37,c,0,421091.25,64.16321,40.04256,4621.76,2118.68,4.1,4.05,-33.3,-0.397,18.53,20.08,02a57838o0032c
57838.281452,13.66,0.003,12472,38,c,0,444450.34,64.16321,40.04256,4579.29,2172.08,4.26,4.13,-10.5,-0.384,18.49,20.09,02a57838o0053c
57842.230487,17.112,0.136,519,71,c,0,30.16,64.16321,40.04256,199.14,8366.08,4.22,3.93,50.7,-0.422,17.79,18.64,02a57842o0015c
57842.231522,-16.428,0.062,-974,61,c,0,3.36,64.16321,40.04256,9632.31,8407.15,4.31,3.93,85.4,-0.412,18.03,19.04,02a57842o0017c
57842.23517,12.634,0.001,32095,32,c,0,7865.05,64.16321,40.04256,186.97,8326.2,4.0,3.69,49.0,-0.417,18.28,19.48,02a57842o0024c
57842.237245,-16.409,0.026,-992,25,c,0,12.17,64.16321,40.04256,9616.98,8367.51,4.29,3.92,86.1,-0.401,18.42,19.83,02a57842o0028c
57842.24301,12.707,0.001,30018,26,c,0,6975.9,64.16321,40.04256,247.75,8400.8,4.15,3.87,50.3,-0.404,18.5,19.95,02a57842o0039c
57842.246165,-15.454,0.011,-2390,26,c,0,553.12,64.16321,40.04256,9676.62,8446.97,4.33,3.96,85.7,-0.401,18.54,20.1,02a57842o0045c
57842.252936,12.707,0.001,30007,19,c,0,12307.54,64.16321,40.04256,265.69,8281.98,4.01,3.71,50.5,-0.416,18.51,19.99,02a57842o0058c
57842.256593,-16.232,0.025,-1167,29,c,0,16.7,64.16321,40.04256,9691.46,8330.79,4.2,3.83,83.5,-0.406,18.56,20.1,02a57842o0065c
57842.264483,13.711,0.001,11900,12,c,0,6296.3,64.16321,40.04256,220.96,8342.02,4.21,3.97,49.8,-0.388,18.43,19.95,02a57842o0080c
57842.268741,-16.225,0.027,-1174,31,c,0,446.88,64.16321,40.04256,9646.67,8387.25,4.43,4.12,81.9,-0.381,18.51,20.08,02a57842o0088c
57850.228947,14.299,1.527,6924,10575,o,0,0.97,64.16321,40.04256,7126.63,9665.93,3.33,3.01,-19.7,-0.489,16.96,16.72,02a57850o0006o
57850.229431,14.78,1.464,4448,6512,o,0,1.77,64.16321,40.04256,7155.95,9706.25,3.25,2.9,-23.1,-0.485,17.07,16.88,02a57850o0007o
57850.244885,16.067,1.741,1359,2366,o,0,2.39,64.16321,40.04256,7180.04,9747.77,3.27,2.95,-36.3,-0.457,17.91,18.56,02a57850o0039o
57850.247642,14.527,0.405,5611,2271,o,0,1.95,64.16321,40.04256,7194.25,9630.97,3.23,2.98,-33.9,-0.458,17.92,18.58,02a57850o0044o
57850.249093,-12.267,0.0,-45019,4,o,0,48633.2,64.16321,40.04256,4463.55,62.46,3.82,3.58,-72.9,-0.436,17.91,18.59,02a57850o0047o
57850.263204,15.332,0.749,2673,2002,o,0,1.16,64.16321,40.04256,7160.2,9692.05,3.34,3.2,-35.5,-0.449,17.86,18.53,02a57850o0076o
57858.265888,-13.745,0.254,-11537,2925,o,0,3.1,64.16321,40.04256,8739.69,8894.44,3.99,3.08,87.3,-0.494,17.94,18.87,02a57858o0080o
57858.272541,16.826,5.262,675,3554,o,0,1.65,64.16321,40.04256,8721.56,8858.09,3.95,3.14,85.2,-0.491,17.89,18.78,02a57858o0093o
58002.583835,-13.501,1.98,-14436,28578,o,0,0.0,64.16321,40.04256,1782.54,6214.12,2.96,2.79,88.8,-0.481,18.57,19.5,01a58002o0714o
58002.590893,14.739,1.507,4616,6955,o,0,1.47,64.16321,40.04256,1762.62,6152.69,2.94,2.76,-72.0,-0.479,18.61,19.52,01a58002o0729o
58002.597944,15.148,2.297,3167,7275,o,0,1.1,64.16321,40.04256,1831.95,6204.47,2.89,2.77,-82.7,-0.483,18.63,19.53,01a58002o0744o
58002.605174,14.19,0.759,7657,5811,o,0,1.29,64.16321,40.04256,1855.39,6062.13,3.23,3.02,89.9,-0.458,18.57,19.55,01a58002o0759o
58004.619499,14.726,0.528,4674,2468,o,0,2.48,64.16321,40.04256,1157.63,3591.04,1.93,1.83,36.6,-0.502,19.1,19.62,02a58004o0816o
58004.628022,14.936,1.899,3852,7316,o,0,1.59,64.16321,40.04256,1173.96,3632.18,2.02,1.97,47.0,-0.49,19.03,19.61,02a58004o0833o
58004.636532,12.955,0.318,23888,7604,o,0,3.99,64.16321,40.04256,1115.1,3553.55,2.05,1.91,31.4,-0.488,18.8,19.24,02a58004o0850o
58004.645284,17.615,32.457,327,10599,o,0,0.93,64.16321,40.04256,1100.54,3670.62,2.08,1.99,23.7,-0.479,17.52,17.49,02a58004o0867o
58006.628346,-14.457,1.595,-5988,9549,o,0,1.08,64.16321,40.04256,7751.74,4451.33,3.2,3.02,78.1,-0.439,18.68,19.67,01a58006o0065o
58006.637377,13.085,0.826,21180,17490,o,0,1.66,64.16321,40.04256,2237.28,5735.37,2.91,2.75,-83.6,-0.494,18.43,19.16,01a58006o0082o
58006.645507,13.397,3.171,15889,50383,o,0,0.77,64.16321,40.04256,7702.39,4482.11,3.31,3.21,29.1,-0.409,16.88,17.18,01a58006o0099o
58010.573676,16.049,2.781,1381,3841,o,0,1.32,64.16321,40.04256,1066.34,6005.99,3.41,2.88,-86.4,-0.449,19.12,20.59,01a58010o0754o
58010.581591,13.837,0.491,10597,5199,o,0,1.22,64.16321,40.04256,1063.92,5938.56,3.23,2.7,87.5,-0.463,19.21,20.58,01a58010o0771o
58010.589478,14.351,1.197,6602,7902,o,0,2.8,64.16321,40.04256,1133.47,5985.85,3.08,2.55,-89.9,-0.49,19.19,20.52,01a58010o0788o
58010.594078,-13.139,0.0,-20157,2,o,0,59926.58,64.16321,40.04256,10514.32,5997.62,3.69,2.74,-83.5,-0.464,19.14,20.44,01a58010o0798o
58010.597346,14.184,0.618,7698,4754,o,0,1.27,64.16321,40.04256,1155.88,5840.02,3.13,2.59,-87.8,-0.48,19.2,20.49,01a58010o0805o
58010.602032,-12.631,0.0,-32174,2,o,0,69799.31,64.16321,40.04256,10509.27,5929.74,3.61,2.78,-83.3,-0.464,19.11,20.42,01a58010o0815o
58014.553923,15.099,1.195,3316,3962,o,0,0.75,64.16321,40.04256,1677.4,4243.94,3.48,2.88,-2.1,-0.447,19.2,20.84,01a58014o0716o
58014.561773,12.768,0.943,28372,26751,o,0,0.0,64.16321,40.04256,1661.05,4205.84,2.82,2.75,-88.9,-0.482,19.37,20.91,01a58014o0733o
58014.569655,0.0,0.0,0,0,o,0,-2.0,64.16321,40.04256,1674.95,4236.91,2.6,2.59,-30.0,-0.499,19.41,20.96,01a58014o0750o
58014.577516,-14.962,2.901,-3760,10908,o,0,0.0,64.16321,40.04256,1731.71,4165.64,2.67,2.63,-21.7,-0.492,19.44,21.03,01a58014o0767o
58022.560825,17.47,5.726,373,2137,o,0,0.72,64.16321,40.04256,9319.38,3924.51,3.27,2.76,-80.4,-0.458,19.28,20.65,01a58022o0738o
58022.568631,-15.927,2.22,-1546,3432,o,0,0.55,64.16321,40.04256,9316.23,3855.02,3.38,2.94,-82.4,-0.452,19.22,20.63,01a58022o0755o
58022.576461,-16.039,4.339,-1394,6048,o,0,1.76,64.16321,40.04256,9384.7,3905.48,3.47,2.89,-81.5,-0.455,19.21,20.58,01a58022o0772o
58022.584277,15.14,0.354,3192,1129,o,0,0.68,64.16321,40.04256,9408.16,3760.7,3.62,2.97,-78.5,-0.446,19.15,20.55,01a58022o0789o
58026.571149,-17.06,9.854,-544,5364,o,0,0.85,64.16321,40.04256,7231.16,3232.78,3.28,2.76,-84.7,-0.453,19.35,20.99,01a58026o0678o
58026.58157,-16.986,6.255,-583,3644,o,0,1.21,64.16321,40.04256,7244.07,3313.32,3.25,2.69,-87.8,-0.453,19.35,20.96,01a58026o0697o
58026.591061,14.291,0.626,6974,4365,o,0,1.95,64.16321,40.04256,7182.22,3275.48,3.27,2.77,-87.4,-0.446,19.32,20.95,01a58026o0716o
58026.601656,-15.166,2.387,-3115,7434,o,0,1.56,64.16321,40.04256,7168.3,3434.84,3.28,2.73,-84.2,-0.444,19.32,20.93,01a58026o0735o
58028.567713,13.544,3.118,13883,43281,o,0,0.0,64.16321,40.04256,936.53,4599.47,1.93,1.81,22.1,-0.477,19.68,20.91,02a58028o0790o
58028.576885,0.0,0.0,0,0,o,0,-2.0,64.16321,40.04256,871.44,4513.14,1.82,1.7,19.9,-0.483,19.75,20.96,02a58028o0809o
58028.614975,18.825,8.738,107,936,o,0,2.1,64.16321,40.04256,10430.94,4619.77,2.04,1.93,43.6,-0.504,19.66,20.85,02a58028o0834o
58030.562413,13.932,1.498,9712,14545,o,0,1.27,64.16321,40.04256,10355.3,5417.76,3.59,2.78,-86.0,-0.447,18.31,18.97,01a58030o0608o
58030.571192,12.906,0.765,24981,19099,o,0,0.0,64.16321,40.04256,10368.95,5490.57,3.4,2.72,-86.0,-0.466,18.61,19.41,01a58030o0627o
58030.579031,14.232,0.861,7364,6342,o,0,1.56,64.16321,40.04256,917.88,5565.94,2.97,2.52,-88.2,-0.485,18.14,18.74,01a58030o0644o
58030.579968,-13.011,1.342,-22686,30454,o,0,2.77,64.16321,40.04256,10308.49,5469.43,3.53,2.81,-89.5,-0.447,18.38,19.18,01a58030o0646o
58030.588702,13.184,0.844,19338,16328,o,0,0.58,64.16321,40.04256,933.4,5642.63,2.93,2.52,-79.4,-0.485,18.78,19.66,01a58030o0663o
58030.589871,14.206,2.049,7546,15462,o,0,1.87,64.16321,40.04256,10296.51,5626.17,3.51,2.75,-85.6,-0.447,18.85,19.76,01a58030o0665o
58030.599058,14.033,1.118,8850,9897,o,0,2.16,64.16321,40.04256,869.66,5606.66,3.0,2.54,89.0,-0.486,18.89,19.8,01a58030o0682o
58030.609921,14.914,2.658,3930,10446,o,0,1.08,64.16321,40.04256,855.8,5767.95,3.01,2.52,-88.3,-0.478,18.87,19.77,01a58030o0701o
58032.585456,14.917,0.895,3920,3509,o,0,1.04,64.16321,40.04256,8972.03,7244.52,2.51,2.37,16.0,-0.518,18.66,19.23,02a58032o0218o
58032.594442,-14.52,1.211,-5650,6843,o,0,2.18,64.16321,40.04256,8954.75,7205.02,2.25,2.11,57.5,-0.55,18.73,19.22,02a58032o0237o
58032.603944,-17.743,7.093,-290,2059,o,0,2.3,64.16321,40.04256,9014.04,7285.06,2.46,2.36,54.4,-0.498,18.64,19.24,02a58032o0256o
58032.612962,15.783,0.502,1765,886,o,0,1.16,64.16321,40.04256,9030.28,7170.71,3.42,3.04,64.5,-0.409,18.39,19.22,02a58032o0275o
58034.55796,14.85,1.138,4168,4742,o,0,0.97,64.16321,40.04256,10399.47,5384.76,25.58,16.08,-9.0,-0.136,16.38,16.39,01a58034o0685o
58034.596534,-11.907,0.547,-62717,34308,o,0,3.48,64.16321,40.04256,871.86,5662.87,3.17,3.06,-57.1,-0.484,16.85,17.16,01a58034o0759o
58036.580369,0.0,0.0,0,0,o,0,-2.0,64.16321,40.04256,8647.82,4825.98,2.17,2.15,-71.5,-0.454,19.04,19.65,02a58036o0805o
58036.58925,-13.526,0.99,-14109,13964,o,0,0.0,64.16321,40.04256,8663.28,4832.13,2.2,2.16,-73.2,-0.455,19.01,19.62,02a58036o0824o
58036.598005,0.0,0.0,0,0,o,0,-2.0,64.16321,40.04256,8674.86,4865.76,2.08,2.02,-48.3,-0.462,19.1,19.62,02a58036o0843o
58036.606993,-14.908,1.284,-3953,5076,o,0,0.0,64.16321,40.04256,8738.35,4799.82,2.28,2.2,-41.0,-0.454,19.02,19.61,02a58036o0862o
58038.545364,14.206,0.43,7541,3240,o,0,1.47,64.16321,40.04256,7784.89,5048.94,3.21,3.16,1.9,-0.422,19.01,20.33,01a58038o0673o
58038.554207,-15.454,1.394,-2390,3331,o,0,1.14,64.16321,40.04256,7814.01,5122.23,3.37,3.21,7.7,-0.421,18.73,19.95,01a58038o0692o
58038.563499,15.391,1.454,2534,3685,o,0,1.28,64.16321,40.04256,7755.42,5084.19,3.07,2.99,-11.3,-0.43,18.36,19.26,01a58038o0711o
58038.574444,15.19,2.326,3049,7091,o,0,0.93,64.16321,40.04256,7729.73,5244.22,3.1,3.01,-47.1,-0.43,18.97,20.22,01a58038o0730o
58040.557729,-15.633,1.324,-2028,2684,o,0,0.0,64.16321,40.04256,9094.53,6760.49,2.05,1.94,45.5,-0.511,19.6,20.73,02a58040o0788o
58040.567527,14.203,0.381,7568,2881,o,0,0.81,64.16321,40.04256,9078.47,6725.16,2.07,1.99,58.4,-0.5,19.61,20.7,02a58040o0809o
58040.577819,15.333,0.472,2672,1262,o,0,1.32,64.16321,40.04256,9120.88,6799.64,2.04,1.93,56.0,-0.512,19.64,20.67,02a58040o0830o
58040.588129,13.086,0.27,21158,5703,o,0,0.0,64.16321,40.04256,9149.01,6689.2,2.0,1.91,33.9,-0.5,19.62,20.6,02a58040o0851o
58042.52991,-12.617,0.75,-32584,24449,o,0,0.0,64.16321,40.04256,8957.36,6428.53,3.36,2.63,-84.4,-0.449,19.2,20.8,01a58042o0735o
58042.537338,12.121,0.25,51494,12865,o,0,0.0,64.16321,40.04256,8971.19,6495.72,3.43,2.65,-85.0,-0.445,19.28,20.88,01a58042o0751o
58042.551216,12.921,0.424,24644,10449,o,0,1.44,64.16321,40.04256,8909.99,6474.94,3.44,2.75,-85.9,-0.437,19.34,21.02,01a58042o0781o
58042.561013,13.169,0.778,19610,15254,o,0,0.0,64.16321,40.04256,8898.81,6630.03,3.46,2.77,-84.1,-0.435,19.34,20.93,01a58042o0800o
58044.55858,-15.57,0.378,-2148,813,c,0,1.24,64.16321,40.04256,841.02,6925.48,2.81,2.64,46.0,-0.438,19.61,21.44,02a58044o0292c
58044.566043,-13.808,0.265,-10889,2886,c,0,0.52,64.16321,40.04256,826.59,6887.3,2.6,2.43,44.2,-0.429,19.68,21.44,02a58044o0308c
58044.573227,-15.892,0.005,-1596,8,c,0,272.13,64.16321,40.04256,10289.05,7025.43,3.72,3.11,11.7,-0.425,19.46,21.44,02a58044o0323c
58044.577943,17.779,0.656,281,184,c,0,1.01,64.16321,40.04256,868.42,6962.19,2.88,2.75,46.6,-0.403,19.59,21.43,02a58044o0333c
58044.58323,18.56,0.163,137,22,c,0,2.13,64.16321,40.04256,10274.0,6988.41,3.15,2.86,60.5,-0.436,19.56,21.43,02a58044o0344c
58044.587872,-16.764,0.524,-715,375,c,0,0.86,64.16321,40.04256,898.14,6843.65,2.97,2.84,42.5,-0.425,19.52,21.42,02a58044o0354c
58044.593042,18.646,0.149,126,19,c,0,1.92,64.16321,40.04256,10318.29,7069.55,3.42,3.13,50.3,-0.419,19.51,21.42,02a58044o0365c
58044.602988,-16.554,0.006,-867,5,c,0,436.79,64.16321,40.04256,10348.86,6954.1,3.27,3.02,58.2,-0.42,19.5,21.4,02a58044o0386c
58046.528892,13.992,0.38,9187,3488,o,0,0.78,64.16321,40.04256,8962.48,4509.75,3.58,3.1,-85.5,-0.424,19.27,20.98,01a58046o0728o
58046.537703,16.18,5.191,1225,6358,o,0,1.28,64.16321,40.04256,8918.54,4507.26,3.39,2.97,-84.4,-0.435,19.3,20.99,01a58046o0747o
58046.540532,14.525,0.684,5622,3846,o,0,1.99,64.16321,40.04256,8976.46,4593.28,3.39,2.94,-85.2,-0.441,19.31,21.0,01a58046o0753o
58046.551633,13.654,0.485,12549,6083,o,0,2.05,64.16321,40.04256,8905.24,4679.51,3.61,3.12,-82.7,-0.427,19.23,20.96,01a58046o0777o
58054.511613,14.272,0.519,7100,3685,o,0,1.39,64.16321,40.04256,9615.54,4510.48,3.36,2.93,-83.8,-0.448,19.3,20.84,01a58054o0699o
58054.522703,15.431,0.585,2440,1427,o,0,1.31,64.16321,40.04256,175.2,4567.38,3.03,2.63,-88.2,-0.485,19.28,20.83,01a58054o0723o
58054.523162,-15.941,3.004,-1526,4585,o,0,1.4,64.16321,40.04256,9631.5,4595.78,3.36,2.95,-82.7,-0.441,19.28,20.82,01a58054o0724o
58054.527419,15.899,2.3,1586,3648,o,0,0.62,64.16321,40.04256,9572.91,4537.63,3.39,2.97,-84.9,-0.441,19.27,20.83,01a58054o0733o
58054.527877,16.354,2.05,1044,2139,o,0,0.97,64.16321,40.04256,190.56,4627.07,3.13,2.69,-88.3,-0.468,19.24,20.84,01a58054o0734o
58054.536695,13.528,0.351,14092,4953,o,0,1.27,64.16321,40.04256,9560.08,4691.68,3.41,2.98,-84.4,-0.438,19.25,20.86,01a58054o0753o
58054.538087,16.205,1.942,1197,2323,o,0,0.51,64.16321,40.04256,130.12,4589.33,3.26,2.87,-85.6,-0.465,19.21,20.87,01a58054o0756o
58054.551151,-16.31,1.352,-1087,1469,o,0,1.62,64.16321,40.04256,115.65,4755.68,3.14,2.79,-89.4,-0.454,19.21,20.78,01a58054o0784o
58056.508806,0.0,0.0,0,0,o,0,-2.0,64.16321,40.04256,1920.91,6548.08,1.97,1.87,23.5,-0.473,19.54,20.57,02a58056o0668o
58056.517404,0.0,0.0,0,0,o,0,0.0,64.16321,40.04256,1951.26,6554.9,2.01,1.92,20.1,-0.468,19.58,20.65,02a58056o0686o
58056.518343,0.0,0.0,0,0,o,0,-2.0,64.16321,40.04256,1949.54,6585.74,2.04,1.96,14.2,-0.465,19.61,20.64,02a58056o0688o
58056.524158,0.0,0.0,0,0,o,0,-2.0,64.16321,40.04256,1978.96,6467.57,1.94,1.84,13.4,-0.471,19.62,20.65,02a58056o0700o
58058.518005,-13.285,3.437,-17618,60554,o,0,0.99,64.16321,40.04256,7139.63,5528.91,3.24,2.85,-84.3,-0.461,17.57,18.51,01a58058o0334o
58058.523724,12.368,0.83,41011,34033,o,0,1.73,64.16321,40.04256,7154.81,5589.03,3.28,2.8,-85.1,-0.441,16.7,17.62,01a58058o0346o
58058.538155,-13.781,2.086,-11156,23272,o,0,0.48,64.16321,40.04256,7100.47,5572.29,3.09,2.73,-87.7,-0.455,18.91,19.91,01a58058o0377o
58058.540494,-14.563,8.023,-5430,43571,o,0,0.0,64.16321,40.04256,7088.03,5698.33,3.13,2.71,-86.7,-0.456,18.92,19.89,01a58058o0382o
58060.519699,15.804,0.896,1731,1552,o,0,2.79,64.16321,40.04256,8380.58,4853.97,3.28,2.15,-1.4,-0.426,18.52,18.93,02a58060o0722o
58060.525734,0.0,0.0,0,0,o,0,-2.0,64.16321,40.04256,8303.77,4767.77,2.22,2.08,-15.7,-0.443,18.75,18.95,02a58060o0735o
58060.537489,-17.453,10.075,-379,3818,o,0,1.66,64.16321,40.04256,8409.81,4895.16,2.27,2.18,-42.3,-0.441,18.77,18.99,02a58060o0760o
58060.545025,-15.514,1.601,-2261,3619,o,0,1.77,64.16321,40.04256,8425.63,4781.18,2.23,2.19,-71.5,-0.449,18.75,18.98,02a58060o0776o
58062.469134,-11.288,2.081,-110881,230791,o,0,0.0,64.16321,40.04256,8662.87,6618.84,3.12,2.69,-84.6,-0.467,18.36,18.78,01a58062o0611o
58062.482204,-13.651,2.133,-12580,26835,o,0,0.0,64.16321,40.04256,8676.49,6705.43,3.1,2.71,-84.9,-0.469,18.32,18.77,01a58062o0637o
58062.486861,12.938,3.162,24255,76701,o,0,0.0,64.16321,40.04256,8613.15,6649.82,3.23,2.82,-86.0,-0.459,18.3,18.77,01a58062o0646o
58062.502107,14.788,5.422,4413,23930,o,0,0.83,64.16321,40.04256,8599.67,6828.07,3.24,2.83,-85.1,-0.454,18.23,18.77,01a58062o0677o
58064.509099,-13.259,1.078,-18044,19456,o,0,0.0,64.16321,40.04256,2528.02,6796.25,2.28,2.2,17.1,-0.465,18.51,18.92,02a58064o0705o
58064.519315,0.0,0.0,0,0,o,0,-2.0,64.16321,40.04256,2468.26,6712.15,1.98,1.92,9.7,-0.517,18.66,19.04,02a58064o0727o
58064.520269,0.0,0.0,0,0,o,0,-2.0,64.16321,40.04256,2526.63,6787.99,2.03,1.92,23.0,-0.485,18.95,19.28,02a58064o0729o
58064.523958,-9.898,-0.0,-398894,0,o,0,-0.0,64.16321,40.04256,2588.05,6716.49,2.08,2.0,13.8,-0.475,18.89,19.38,02a58064o0737o
58066.482599,14.601,0.548,5242,2875,o,0,0.94,64.16321,40.04256,10290.54,3839.02,3.64,2.69,-85.8,-0.459,19.13,20.25,01a58066o0664o
58066.490548,13.682,0.36,12220,4394,o,0,1.09,64.16321,40.04256,10305.49,3908.06,3.66,2.72,-85.5,-0.456,19.07,20.27,01a58066o0681o
58066.502991,-18.281,0.026,-177,4,o,0,57755.62,64.16321,40.04256,847.29,3983.45,3.0,2.53,85.5,-0.49,19.05,20.21,01a58066o0708o
58066.503962,14.848,1.783,4176,7448,o,0,1.8,64.16321,40.04256,10250.07,3887.76,3.7,2.76,-85.3,-0.45,19.05,20.2,01a58066o0710o
58066.508147,13.456,0.573,15056,8625,o,0,1.2,64.16321,40.04256,10238.86,4021.15,3.62,2.71,-83.3,-0.458,19.07,20.21,01a58066o0719o
58066.508612,14.386,0.005,6390,32,o,0,54263.95,64.16321,40.04256,865.25,4044.8,2.97,2.47,87.7,-0.502,19.09,20.22,01a58066o0720o
58066.522997,18.258,0.177,181,32,o,0,27111.56,64.16321,40.04256,808.22,4022.95,3.2,2.64,88.8,-0.466,19.0,20.22,01a58066o0751o
58066.528518,15.264,0.324,2848,924,o,0,1.13,64.16321,40.04256,797.66,4161.49,3.01,2.59,-88.8,-0.483,19.08,20.2,01a58066o0763o
58070.490515,15.512,3.462,2266,7842,o,0,0.7,64.16321,40.04256,7175.16,5995.11,3.52,2.79,-86.0,-0.448,19.38,21.3,01a58070o0276o
58070.501109,14.281,0.9,7037,6330,o,0,1.63,64.16321,40.04256,7194.33,6076.7,3.49,2.71,-86.1,-0.452,19.4,21.24,01a58070o0299o
58070.506778,14.67,1.938,4922,9537,o,0,0.69,64.16321,40.04256,7136.44,6022.86,3.71,2.91,-86.2,-0.438,19.34,21.33,01a58070o0311o
58070.520698,-15.236,1.737,-2921,5074,o,0,1.27,64.16321,40.04256,7132.36,6194.96,3.6,2.88,-85.4,-0.443,19.38,21.27,01a58070o0341o
58074.47424,14.592,0.742,5286,3923,o,0,1.13,64.16321,40.04256,8142.56,4341.25,3.42,2.72,-87.0,-0.446,19.34,20.86,01a58074o0639o
58074.485297,13.288,0.343,17576,6029,o,0,0.81,64.16321,40.04256,8161.17,4424.65,3.47,2.81,-87.0,-0.445,19.24,20.84,01a58074o0663o
58074.489522,13.927,0.478,9755,4659,o,0,1.07,64.16321,40.04256,8118.76,4365.48,3.45,2.77,-87.3,-0.447,19.29,20.84,01a58074o0672o
58074.503462,14.828,1.181,4255,5027,o,0,2.04,64.16321,40.04256,8095.2,4537.73,3.41,2.79,-89.3,-0.443,19.27,20.83,01a58074o0702o
58078.462772,14.966,1.35,3745,5056,o,0,1.11,64.16321,40.04256,10255.33,5422.36,3.81,2.82,-86.4,-0.437,19.2,20.83,01a58078o0614o
58078.470242,12.554,0.313,34558,10832,o,0,1.7,64.16321,40.04256,10226.88,5413.77,3.89,2.87,-85.7,-0.429,19.31,21.08,01a58078o0630o
58078.471171,13.776,0.735,11209,8236,o,0,0.97,64.16321,40.04256,10288.16,5492.63,3.93,2.94,-86.4,-0.433,19.27,21.01,01a58078o0632o
58078.471636,15.433,1.703,2437,4150,o,0,0.99,64.16321,40.04256,814.25,5515.39,3.16,2.59,89.3,-0.46,19.28,21.0,01a58078o0633o
58078.484594,15.45,1.145,2398,2747,o,0,1.5,64.16321,40.04256,847.34,5607.35,3.28,2.68,87.4,-0.449,19.28,21.04,01a58078o0661o
58078.485058,13.26,0.385,18028,6948,o,0,1.27,64.16321,40.04256,10220.1,5590.71,3.83,2.89,-87.4,-0.435,19.22,21.01,01a58078o0662o
58078.488748,16.532,2.871,886,2542,o,0,1.97,64.16321,40.04256,790.14,5545.56,3.31,2.8,-86.8,-0.444,19.1,20.85,01a58078o0670o
58078.502742,13.729,0.354,11704,4149,o,0,1.11,64.16321,40.04256,779.13,5715.26,3.4,2.83,87.0,-0.431,18.75,20.38,01a58078o0700o
58094.430498,13.193,0.276,19174,5291,o,0,1.18,64.16321,40.04256,8297.26,4747.48,3.28,2.67,-83.5,-0.459,19.11,20.28,01a58094o0545o
58094.43806,-14.375,2.907,-6456,18765,o,0,0.78,64.16321,40.04256,8329.76,4814.7,3.19,2.68,-84.8,-0.465,19.12,20.3,01a58094o0561o
58094.450519,13.866,0.495,10322,5105,o,0,0.85,64.16321,40.04256,8278.45,4789.38,3.36,2.79,-85.6,-0.447,18.89,20.06,01a58094o0588o
58094.455264,14.97,2.512,3734,9379,o,0,1.16,64.16321,40.04256,8268.32,4924.9,3.24,2.7,-85.5,-0.459,19.02,20.13,01a58094o0598o
58096.437867,-12.923,0.962,-24599,23657,o,0,3.28,64.16321,40.04256,163.47,4579.99,2.44,1.97,56.2,-0.427,19.12,20.07,02a58096o0558o
58096.442635,-15.807,0.732,-1727,1264,o,0,0.9,64.16321,40.04256,9608.33,4635.7,2.62,2.03,61.5,-0.471,19.31,20.25,02a58096o0568o
58096.449686,-14.552,0.0,-5486,3,o,0,49123.15,64.16321,40.04256,148.91,4540.19,2.4,1.95,54.8,-0.414,18.41,19.17,02a58096o0583o
58096.455691,16.717,1.788,747,1335,o,0,1.92,64.16321,40.04256,9591.74,4594.39,2.6,2.04,60.8,-0.48,18.43,19.13,02a58096o0596o
58096.457596,13.008,0.747,22739,16975,o,0,2.68,64.16321,40.04256,208.45,4615.91,2.44,1.96,54.3,-0.419,18.48,19.18,02a58096o0600o
58096.46237,-11.941,0.0,-60782,9,o,0,59581.31,64.16321,40.04256,223.56,4497.51,2.48,1.96,53.7,-0.432,17.44,17.9,02a58096o0610o
58096.462852,-11.862,0.0,-65327,9,o,0,134220.92,64.16321,40.04256,9666.37,4557.76,2.44,2.0,57.9,-0.511,17.57,18.0,02a58096o0611o
58098.428778,15.556,1.139,2176,2478,o,0,1.11,64.16321,40.04256,10401.62,5224.21,3.97,3.45,-83.1,-0.42,19.19,21.17,01a58098o0517o
58098.435407,13.274,0.19,17792,3376,o,0,1.65,64.16321,40.04256,10375.21,5212.52,3.69,3.11,-83.3,-0.428,19.32,21.21,01a58098o0531o
58098.436322,14.155,0.967,7908,7651,o,0,1.54,64.16321,40.04256,10437.1,5291.38,3.59,2.93,-86.8,-0.433,19.36,21.22,01a58098o0533o
58098.436797,15.015,0.437,3579,1564,o,0,1.18,64.16321,40.04256,957.43,5343.58,3.22,2.8,-82.8,-0.447,19.35,21.24,01a58098o0534o
58098.449741,13.635,0.379,12765,4837,o,0,0.81,64.16321,40.04256,994.59,5435.71,3.12,2.73,-85.8,-0.461,19.34,21.27,01a58098o0562o
58098.450205,-18.929,38.239,-97,3723,o,0,1.19,64.16321,40.04256,10358.33,5390.12,3.65,2.97,-87.1,-0.429,19.34,21.25,01a58098o0563o
58098.453945,15.023,0.467,3556,1662,o,0,1.31,64.16321,40.04256,938.19,5373.69,3.32,3.0,-88.1,-0.439,19.36,21.26,01a58098o0571o
58098.467387,-16.313,2.015,-1083,2182,o,0,1.86,64.16321,40.04256,918.23,5541.24,3.13,2.77,82.3,-0.459,19.3,21.01,01a58098o0600o
58100.46689,0.0,0.0,0,0,o,0,-2.0,64.16321,40.04256,743.69,4587.3,1.84,1.74,29.0,-0.484,19.76,21.09,02a58100o0096o
58100.467815,15.628,0.383,2035,780,o,0,1.81,64.16321,40.04256,10203.83,4694.5,2.08,1.9,49.5,-0.505,19.76,21.11,02a58100o0098o
58100.48072,-15.194,1.49,-3037,4525,o,0,4.12,64.16321,40.04256,10173.38,4655.66,2.16,1.88,55.9,-0.511,19.79,21.11,02a58100o0126o
58100.481175,15.313,23.069,2720,62760,o,0,0.0,64.16321,40.04256,821.78,4516.99,1.9,1.71,46.3,-0.489,19.74,21.07,02a58100o0127o
58100.485082,-15.913,1.212,-1565,1897,o,0,1.38,64.16321,40.04256,10231.28,4735.54,2.26,1.89,58.9,-0.522,19.78,21.09,02a58100o0135o
58100.499376,15.918,0.872,1559,1358,o,0,2.19,64.16321,40.04256,10264.18,4620.7,2.38,1.96,56.5,-0.515,19.7,21.05,02a58100o0166o
58102.424047,14.798,0.902,4373,3943,o,0,1.02,64.16321,40.04256,7054.08,4047.44,3.48,2.98,-85.3,-0.429,19.22,20.76,01a58102o0524o
58102.436896,-16.686,6.235,-768,4789,o,0,0.58,64.16321,40.04256,7093.98,4137.3,3.47,3.06,-83.5,-0.43,19.19,20.83,01a58102o0552o
58102.441708,-15.899,4.094,-1586,6495,o,0,1.8,64.16321,40.04256,7038.84,4060.88,3.35,2.91,-83.5,-0.44,19.21,20.81,01a58102o0562o
58102.456065,13.919,0.344,9824,3378,o,0,0.82,64.16321,40.04256,7037.72,4232.2,3.26,2.81,88.5,-0.44,19.22,20.8,01a58102o0593o
58110.407838,-16.086,3.125,-1335,4172,o,0,1.11,64.16321,40.04256,8009.27,4083.78,3.39,2.96,-85.3,-0.435,19.28,20.94,01a58110o0496o
58110.419296,15.256,1.574,2869,4516,o,0,0.81,64.16321,40.04256,8035.12,4168.03,3.4,2.91,-88.1,-0.44,19.28,20.93,01a58110o0521o
58110.424104,-15.779,1.735,-1772,3076,o,0,1.55,64.16321,40.04256,7980.88,4111.08,3.33,2.85,-85.9,-0.447,19.3,20.95,01a58110o0531o
58110.437491,14.173,0.558,7776,4339,o,0,1.1,64.16321,40.04256,7978.73,4278.89,3.32,2.87,-85.5,-0.441,19.29,20.93,01a58110o0560o
58111.492273,15.57,2.819,2148,6057,o,0,0.0,64.16321,40.04256,8381.3,6460.55,1.99,1.94,-7.5,-0.5,19.57,20.7,02a58111o0355o
58111.504791,18.016,4.102,226,926,o,0,0.83,64.16321,40.04256,8366.76,6420.31,1.99,1.93,-12.3,-0.507,19.56,20.68,02a58111o0380o
58111.517344,14.686,0.338,4847,1638,o,0,2.13,64.16321,40.04256,8425.32,6500.43,2.04,1.96,-17.6,-0.486,19.53,20.6,02a58111o0405o
58111.529837,-15.966,4.421,-1491,6593,o,0,0.0,64.16321,40.04256,8439.1,6385.98,2.08,2.02,-17.6,-0.492,19.46,20.52,02a58111o0430o
58112.432156,16.994,2.005,578,1160,o,0,1.35,64.16321,40.04256,9242.08,5011.83,2.16,1.94,53.3,-0.486,19.74,21.09,02a58112o0535o
58112.445132,-17.781,0.98,-280,275,o,0,4.07,64.16321,40.04256,9220.3,4972.58,2.06,1.91,52.8,-0.484,19.78,21.08,02a58112o0563o
58112.445589,18.704,27.235,120,3263,o,0,0.0,64.16321,40.04256,9279.7,5052.22,2.11,1.91,49.7,-0.483,19.8,21.07,02a58112o0564o
58112.450515,14.559,0.456,5451,2484,o,0,3.65,64.16321,40.04256,9305.91,4935.21,2.25,1.99,47.9,-0.484,19.69,21.07,02a58112o0573o
58114.46131,-17.148,7.699,-502,3866,o,0,1.9,64.16321,40.04256,10324.37,6416.46,3.83,2.82,-86.8,-0.419,19.14,20.68,01a58114o0588o
58114.474201,-16.661,2.69,-786,2116,o,0,1.51,64.16321,40.04256,10364.49,6497.81,3.92,2.96,-88.4,-0.407,19.18,20.87,01a58114o0614o
58114.481102,14.917,1.847,3920,7242,o,0,1.38,64.16321,40.04256,10317.09,6443.74,3.93,2.94,-88.2,-0.408,19.1,20.84,01a58114o0628o
58114.481559,16.516,1.704,898,1531,o,0,1.66,64.16321,40.04256,888.7,6543.66,3.33,2.8,87.5,-0.422,19.05,20.77,01a58114o0629o
58114.495545,16.215,0.798,1185,946,o,0,1.3,64.16321,40.04256,931.62,6626.98,3.79,3.35,-88.5,-0.389,18.81,20.63,01a58114o0658o
58114.501291,15.023,0.51,3555,1813,o,0,1.68,64.16321,40.04256,10345.56,6621.08,4.08,3.12,-87.1,-0.398,18.62,20.32,01a58114o0670o
58114.507292,16.07,0.468,1355,634,o,0,1.09,64.16321,40.04256,896.5,6583.86,3.85,3.42,86.5,-0.384,18.74,20.51,01a58114o0683o
58114.518694,17.975,4.041,234,947,o,0,0.99,64.16321,40.04256,905.33,6729.4,3.8,3.31,85.9,-0.389,18.69,20.35,01a58114o0706o
58116.413349,0.0,0.0,0,0,o,0,-2.0,64.16321,40.04256,1643.69,4414.48,2.15,1.97,43.7,-0.468,18.95,19.57,02a58116o0487o
58116.419658,0.0,0.0,0,0,o,0,-2.0,64.16321,40.04256,1672.9,4452.68,2.17,1.93,40.6,-0.471,18.99,19.56,02a58116o0500o
58116.420571,0.0,0.0,0,0,o,0,-2.0,64.16321,40.04256,1613.45,4375.64,2.25,1.93,45.8,-0.473,18.93,19.56,02a58116o0502o
58116.433889,-13.21,0.828,-18888,15638,o,0,0.0,64.16321,40.04256,1734.35,4380.82,2.12,1.89,41.9,-0.488,18.95,19.5,02a58116o0531o
58118.458643,11.356,0.588,104174,61206,o,0,0.0,64.16321,40.04256,7118.13,6217.2,3.27,2.65,-87.7,-0.476,18.22,18.74,01a58118o0573o
58118.47474,-12.694,0.707,-30358,21470,o,0,2.59,64.16321,40.04256,7177.92,6308.93,3.57,3.03,87.5,-0.461,18.07,18.66,01a58118o0606o
58118.482992,12.27,0.481,44895,21615,o,0,1.3,64.16321,40.04256,7134.46,6256.94,3.37,2.78,-86.0,-0.472,18.12,18.62,01a58118o0623o
58118.495093,-12.427,2.521,-38837,97925,o,0,2.05,64.16321,40.04256,7129.62,6408.65,3.51,2.99,-88.2,-0.456,17.75,18.39,01a58118o0649o
58119.430854,0.0,0.0,0,0,o,0,-2.0,64.16321,40.04256,189.46,5293.6,2.14,1.9,24.3,-0.409,18.24,18.61,02a58119o0498o
58119.440557,-15.387,16.262,-2542,41334,o,0,0.0,64.16321,40.04256,203.96,5299.89,2.11,1.84,21.8,-0.447,18.27,18.58,02a58119o0517o
58119.451187,-13.197,3.353,-19102,64046,o,0,0.0,64.16321,40.04256,261.04,5373.87,2.14,1.88,20.7,-0.44,18.23,18.54,02a58119o0536o
58119.462125,-12.342,1.667,-42012,70037,o,0,0.0,64.16321,40.04256,276.6,5255.16,2.09,1.85,9.8,-0.455,18.29,18.49,02a58119o0555o
58120.419984,0.0,0.0,0,0,o,0,-2.0,64.16321,40.04256,2008.95,6110.52,2.1,1.92,41.7,-0.491,18.38,18.69,02a58120o0397o
58120.428112,0.0,0.0,0,0,o,0,-2.0,64.16321,40.04256,1980.31,6073.19,2.22,2.05,38.6,-0.48,18.29,18.67,02a58120o0413o
58120.441826,0.0,0.0,0,0,o,0,-2.0,64.16321,40.04256,2034.0,6149.01,2.15,1.95,37.8,-0.49,18.36,18.63,02a58120o0440o
58120.445837,0.0,0.0,0,0,o,0,-2.0,64.16321,40.04256,2065.29,6029.85,2.16,1.98,34.7,-0.481,18.28,18.61,02a58120o0448o
58122.391067,14.609,1.299,5206,6762,o,0,1.03,64.16321,40.04256,10079.62,5682.58,3.68,2.9,-85.9,-0.44,18.87,19.96,01a58122o0441o
58122.403446,-16.87,6.746,-649,4377,o,0,2.2,64.16321,40.04256,634.98,5775.38,3.55,2.96,88.8,-0.414,18.71,19.88,01a58122o0468o
58122.403903,12.423,0.334,38992,13027,o,0,0.89,64.16321,40.04256,10109.79,5770.19,3.84,3.04,-87.7,-0.425,18.72,19.87,01a58122o0469o
58122.407757,13.351,0.827,16577,13713,o,0,2.99,64.16321,40.04256,10055.76,5709.46,3.88,3.07,-88.0,-0.421,18.73,19.88,01a58122o0477o
58122.408215,16.272,2.541,1125,2858,o,0,1.38,64.16321,40.04256,656.32,5833.32,3.35,2.94,87.9,-0.429,18.78,19.89,01a58122o0478o
58122.421555,13.704,0.766,11977,9173,o,0,1.89,64.16321,40.04256,610.32,5804.2,3.6,3.12,88.5,-0.412,17.37,17.96,01a58122o0507o
58122.422013,12.759,0.793,28615,22688,o,0,1.56,64.16321,40.04256,10059.86,5879.24,3.96,3.29,-87.0,-0.422,17.42,17.99,01a58122o0508o
58122.424946,14.445,1.794,6056,10864,o,0,1.33,64.16321,40.04256,601.31,5933.09,3.64,3.19,-89.9,-0.421,16.96,17.54,01a58122o0514o
58123.443537,14.639,2.291,5061,11593,o,0,0.0,64.16321,40.04256,508.14,4819.88,2.37,2.08,36.4,-0.475,18.96,19.74,02a58123o0517o
58123.445643,17.316,8.722,430,3753,o,0,1.32,64.16321,40.04256,9949.47,4902.22,2.71,2.5,55.4,-0.497,18.87,19.75,02a58123o0521o
58123.455245,0.0,0.0,0,0,o,0,-2.0,64.16321,40.04256,432.28,4736.23,2.54,2.28,39.7,-0.455,18.91,19.79,02a58123o0540o
58123.457308,15.436,0.961,2430,2335,o,0,2.39,64.16321,40.04256,9917.87,4863.1,2.67,2.43,54.2,-0.498,18.94,19.85,02a58123o0544o
58123.467206,14.219,1.917,7457,14299,o,0,0.0,64.16321,40.04256,536.6,4857.77,2.44,2.17,38.3,-0.461,18.92,19.76,02a58123o0563o
58123.469354,15.432,3.533,2439,8617,o,0,0.0,64.16321,40.04256,9975.51,4941.52,2.36,2.21,46.9,-0.504,19.04,19.79,02a58123o0567o
58123.479316,12.844,0.834,26460,22075,o,0,0.0,64.16321,40.04256,566.73,4741.23,2.26,1.95,29.8,-0.467,18.96,19.68,02a58123o0586o
58123.481442,-13.926,1.82,-9763,17771,o,0,0.99,64.16321,40.04256,10004.52,4825.78,2.28,2.12,47.1,-0.487,19.0,19.75,02a58123o0590o
58124.456954,-13.263,1.991,-17974,35792,o,0,0.0,64.16321,40.04256,2601.45,4705.19,2.11,1.95,42.8,-0.464,19.13,19.91,02a58124o0485o
58124.470183,-12.423,0.887,-38986,34592,o,0,0.0,64.16321,40.04256,2585.51,4668.33,2.47,2.29,31.8,-0.45,18.93,19.82,02a58124o0511o
58124.483399,0.0,0.0,0,0,o,0,-2.0,64.16321,40.04256,2597.56,4697.62,2.17,1.98,39.5,-0.465,18.95,19.7,02a58124o0538o
58124.493418,11.723,0.735,74297,54611,o,0,0.0,64.16321,40.04256,2665.6,4626.35,2.33,2.18,26.7,-0.453,18.92,19.7,02a58124o0559o
58125.405046,13.035,1.201,22176,26643,o,0,1.09,64.16321,40.04256,8553.07,6001.96,3.92,2.79,-86.8,-0.425,19.14,20.36,01a58125o0448o
58125.417709,12.192,0.418,48223,20136,o,0,1.72,64.16321,40.04256,8602.17,6086.4,4.07,2.88,-87.9,-0.419,19.05,20.32,01a58125o0473o
58125.430401,13.391,1.232,15977,19686,o,0,1.9,64.16321,40.04256,8563.42,6055.04,4.12,2.95,-87.2,-0.418,19.02,20.24,01a58125o0498o
58125.443137,14.591,1.367,5291,7234,o,0,1.49,64.16321,40.04256,8557.2,6214.66,4.12,2.96,-87.4,-0.42,19.0,20.2,01a58125o0523o
58126.436918,13.592,0.577,13282,7662,o,0,1.54,64.16321,40.04256,9041.98,4811.98,3.95,2.8,-88.2,-0.441,19.2,20.63,01a58126o0510o
58126.449863,14.367,0.484,6502,3148,o,0,0.94,64.16321,40.04256,9083.09,4891.15,4.09,2.94,-87.0,-0.427,19.11,20.52,01a58126o0536o
58126.461549,14.354,0.425,6582,2795,o,0,2.2,64.16321,40.04256,9062.57,4850.71,4.19,3.11,-86.9,-0.416,19.03,20.46,01a58126o0561o
58126.474366,14.857,0.921,4140,3814,o,0,0.82,64.16321,40.04256,9060.02,5002.33,4.46,3.44,-85.4,-0.395,18.91,20.38,01a58126o0587o
58128.387658,0.0,0.0,0,0,o,0,-2.0,64.16321,40.04256,2096.17,6110.61,2.37,2.02,46.7,-0.478,19.5,20.83,02a58128o0424o
58128.398761,15.756,3.937,1809,7122,o,0,0.0,64.16321,40.04256,2124.88,6116.8,2.88,2.59,43.4,-0.438,19.24,20.77,02a58128o0448o
58128.404134,-15.849,2.737,-1661,4545,o,0,0.0,64.16321,40.04256,2183.75,6192.48,2.43,2.13,43.9,-0.465,19.41,20.79,02a58128o0459o
58128.418284,-13.899,0.699,-10009,6998,o,0,0.0,64.16321,40.04256,2201.16,6074.71,2.46,2.14,41.4,-0.463,19.4,20.75,02a58128o0490o
58129.394037,-15.779,3.459,-1772,6129,o,0,0.74,64.16321,40.04256,8835.55,5311.28,4.98,3.39,-85.9,-0.386,18.67,20.58,01a58129o0329o
58129.406717,13.871,0.004,10271,39,o,0,4827.49,64.16321,40.04256,8870.06,5395.86,4.89,3.36,-86.5,-0.381,16.04,17.8,01a58129o0354o
58129.419396,12.604,0.0,32980,16,o,0,10229.15,64.16321,40.04256,8831.26,5365.0,5.12,3.54,-88.5,-0.362,16.85,18.76,01a58129o0379o
58129.432105,-12.5,0.0,-36313,14,o,0,4567.35,64.16321,40.04256,8840.08,5524.14,4.88,3.28,-87.2,-0.385,17.93,19.77,01a58129o0404o
58130.429583,14.365,0.743,6517,4841,o,0,0.73,64.16321,40.04256,7449.0,3419.02,4.16,3.37,-86.1,-0.395,19.15,21.21,01a58130o0420o
58130.442416,14.627,0.472,5118,2416,o,0,1.07,64.16321,40.04256,7490.05,3498.03,4.39,3.54,-87.8,-0.381,19.07,21.15,01a58130o0446o
58130.452377,14.048,0.411,8730,3588,o,0,1.47,64.16321,40.04256,7466.52,3451.88,4.25,3.36,-87.3,-0.38,19.09,21.12,01a58130o0467o
58130.471511,15.072,0.779,3398,2647,o,0,0.75,64.16321,40.04256,7477.68,3621.41,4.64,3.76,-89.4,-0.378,18.94,20.95,01a58130o0508o
58132.400348,0.0,0.0,0,0,o,0,-2.0,64.16321,40.04256,70.94,3483.21,2.03,1.75,41.9,-0.481,19.58,20.72,02a58132o0430o
58132.411968,0.0,0.0,0,0,o,0,-2.0,64.16321,40.04256,54.7,3443.78,2.07,1.81,29.3,-0.48,19.54,20.68,02a58132o0455o
58132.419154,-15.29,0.9,-2780,2504,o,0,1.77,64.16321,40.04256,9562.63,3585.64,2.23,2.01,52.1,-0.48,19.61,20.7,02a58132o0470o
58132.430557,-15.532,1.313,-2225,2921,o,0,1.21,64.16321,40.04256,9547.6,3545.07,2.22,1.98,50.8,-0.485,19.58,20.6,02a58132o0495o
58132.431014,13.101,1.246,20876,26011,o,0,0.0,64.16321,40.04256,161.94,3562.98,2.02,1.74,39.6,-0.467,19.51,20.56,02a58132o0496o
58132.436859,15.442,8.989,2416,21716,o,0,0.0,64.16321,40.04256,177.95,3445.1,2.06,1.79,41.6,-0.481,19.47,20.54,02a58132o0508o
58132.437316,13.645,0.498,12651,6302,o,0,0.0,64.16321,40.04256,9607.73,3624.74,2.23,2.0,54.1,-0.475,19.59,20.6,02a58132o0509o
58132.449639,-15.083,0.672,-3364,2260,o,0,0.98,64.16321,40.04256,9623.46,3507.58,2.27,1.97,49.8,-0.487,19.51,20.49,02a58132o0536o
58134.375819,13.579,0.348,13434,4675,o,0,1.05,64.16321,40.04256,9302.32,3942.31,3.93,2.73,-88.0,-0.445,19.36,20.99,01a58134o0396o
58134.386804,13.259,0.578,18044,10421,o,0,0.9,64.16321,40.04256,9334.05,4021.68,3.97,2.72,-87.4,-0.448,19.34,21.02,01a58134o0420o
58134.393054,12.815,0.382,27172,10370,o,0,0.47,64.16321,40.04256,9282.91,3968.28,3.95,2.73,-87.7,-0.446,19.32,20.99,01a58134o0433o
58134.404975,15.033,2.403,3522,8463,o,0,0.82,64.16321,40.04256,9288.63,4127.38,4.06,2.94,-88.7,-0.432,19.27,20.9,01a58134o0459o
58138.357851,-14.739,0.67,-4618,3094,o,0,1.1,64.16321,40.04256,10378.39,3750.88,4.61,3.04,-88.5,-0.429,19.22,20.95,01a58138o0352o
58138.368405,13.755,0.416,11426,4759,o,0,1.05,64.16321,40.04256,10423.71,3809.29,4.54,3.0,-86.3,-0.435,19.22,20.88,01a58138o0375o
58138.385605,16.561,0.007,862,6,o,0,124607.74,64.16321,40.04256,949.39,3924.29,3.15,2.63,83.0,-0.468,19.28,20.93,01a58138o0412o
58138.386063,14.762,0.733,4522,3314,o,0,0.91,64.16321,40.04256,10390.53,3817.51,4.53,3.0,-88.4,-0.434,19.24,20.91,01a58138o0413o
58138.391828,-14.207,0.258,-7535,1941,o,0,1.74,64.16321,40.04256,10383.28,3954.05,4.43,2.99,-88.0,-0.442,19.25,20.88,01a58138o0425o
58138.392284,-15.638,0.003,-2018,6,o,0,191212.95,64.16321,40.04256,988.48,3986.93,3.16,2.67,81.5,-0.466,19.25,20.89,01a58138o0426o
58138.404649,-18.035,0.007,-222,2,o,0,42086.25,64.16321,40.04256,948.93,3951.07,3.12,2.65,81.0,-0.47,19.28,20.86,01a58138o0453o
58138.410422,-17.168,2.087,-493,1029,o,0,0.95,64.16321,40.04256,943.21,4085.59,3.22,2.77,82.3,-0.462,19.24,20.86,01a58138o0465o
58142.373351,-11.127,0.001,-128551,123,o,0,88.51,64.16321,40.04256,10351.06,4642.94,4.65,3.42,-84.6,-0.404,18.06,19.22,01a58142o0011o
58142.383433,13.524,0.0,14139,5,o,0,46238.46,64.16321,40.04256,10385.41,4716.75,4.57,3.1,-86.7,-0.426,17.28,18.19,01a58142o0033o
58142.389646,12.714,0.0,29820,8,o,0,33943.48,64.16321,40.04256,10335.85,4662.12,4.66,3.06,-87.7,-0.427,17.07,17.92,01a58142o0046o
58142.390562,-11.324,0.0,-107248,19,o,0,33567.11,64.16321,40.04256,913.54,4768.24,3.17,2.7,83.9,-0.469,17.89,18.82,01a58142o0048o
58142.402009,15.5,0.494,2290,1131,o,0,0.84,64.16321,40.04256,949.71,4846.81,3.3,2.73,84.1,-0.456,18.71,19.99,01a58142o0073o
58142.402466,-12.647,0.134,-31712,4257,o,0,1.74,64.16321,40.04256,10347.14,4821.83,4.85,3.15,-88.0,-0.413,18.42,19.59,01a58142o0074o
58142.408252,14.49,0.392,5807,2276,o,0,0.91,64.16321,40.04256,900.66,4787.54,3.65,2.97,80.5,-0.431,18.59,19.98,01a58142o0086o
58142.420192,15.265,0.332,2846,945,o,0,1.19,64.16321,40.04256,910.18,4941.56,3.6,3.03,80.1,-0.424,18.87,20.34,01a58142o0112o
58143.356076,-12.626,0.008,-32330,260,o,0,1094.71,64.16321,40.04256,2149.4,6098.93,2.19,1.98,30.6,-0.52,16.25,16.38,02a58143o0324o
58143.369998,-13.325,0.015,-16989,251,o,0,536.36,64.16321,40.04256,2133.08,6059.01,2.09,1.96,26.6,-0.51,16.14,16.48,02a58143o0350o
58143.383306,-13.487,0.031,-14632,448,o,0,186.65,64.16321,40.04256,2191.15,6133.56,2.13,2.0,16.3,-0.47,15.91,16.08,02a58143o0375o
58144.382023,-12.32,0.197,-42841,8451,o,0,2.3,64.16321,40.04256,8782.85,7152.19,2.05,1.92,-45.8,-0.503,13.78,13.95,02a58144o0281o
58144.389251,-13.984,0.437,-9253,4041,o,0,3.65,64.16321,40.04256,8753.54,7111.42,2.22,1.95,54.2,-0.48,14.13,14.23,02a58144o0296o
58144.401309,14.906,1.317,3960,5217,o,0,1.23,64.16321,40.04256,8811.57,7190.86,3.73,2.37,37.7,-0.321,13.66,13.72,02a58144o0322o
58147.375987,0.0,0.0,0,0,o,0,-2.0,64.16321,40.04256,2144.22,5721.34,2.3,1.93,37.1,-0.503,18.45,18.93,02a58147o0365o
58147.388329,-13.214,0.814,-18810,15308,o,0,0.0,64.16321,40.04256,2174.41,5728.75,2.27,1.89,31.6,-0.492,18.43,18.86,02a58147o0390o
58147.400743,0.0,0.0,0,0,o,0,-2.0,64.16321,40.04256,2187.41,5759.24,2.31,1.91,32.3,-0.496,18.32,18.81,02a58147o0415o
58147.413429,0.0,0.0,0,0,o,0,-2.0,64.16321,40.04256,2202.74,5643.7,2.35,1.94,32.7,-0.501,18.29,18.74,02a58147o0440o
58148.35504,0.0,0.0,0,0,o,0,-2.0,64.16321,40.04256,179.18,4468.21,2.34,1.93,50.7,-0.43,18.67,18.99,02a58148o0335o
58148.36787,-12.602,1.004,-33038,33165,o,0,0.0,64.16321,40.04256,207.13,4473.56,2.38,1.96,50.1,-0.421,18.62,18.96,02a58148o0363o
58148.373702,0.0,0.0,0,0,o,0,-2.0,64.16321,40.04256,221.67,4505.47,2.36,1.93,51.8,-0.434,18.54,18.92,02a58148o0375o
58148.374158,-14.604,1.326,-5227,6932,o,0,0.0,64.16321,40.04256,9665.26,4577.96,2.49,2.1,49.0,-0.497,18.49,18.92,02a58148o0376o
58148.38648,15.053,0.649,3459,2244,o,0,2.51,64.16321,40.04256,9647.95,4537.76,2.44,1.99,54.3,-0.497,18.53,18.88,02a58148o0403o
58148.386936,-11.655,0.616,-79094,48752,o,0,0.0,64.16321,40.04256,280.73,4433.72,2.28,1.87,46.1,-0.443,18.59,18.88,02a58148o0404o
58148.391859,16.572,3.448,854,2944,o,0,2.19,64.16321,40.04256,9707.31,4618.21,2.51,2.04,52.9,-0.494,18.51,18.86,02a58148o0414o
58148.404651,-17.221,6.374,-470,2994,o,0,1.31,64.16321,40.04256,9721.28,4502.71,2.53,2.05,53.0,-0.494,18.45,18.81,02a58148o0442o
58149.364238,-14.196,2.687,-7611,20448,o,0,0.93,64.16321,40.04256,7206.02,6956.61,4.5,3.08,-85.6,-0.395,18.3,18.97,01a58149o0337o
58149.370984,14.185,2.871,7692,22081,o,0,0.69,64.16321,40.04256,7232.93,7018.32,4.51,3.12,-85.8,-0.389,18.26,18.95,01a58149o0351o
58149.377601,14.179,2.379,7736,18402,o,0,0.8,64.16321,40.04256,7184.5,6944.81,4.6,3.3,-87.0,-0.378,18.15,18.92,01a58149o0364o
58149.384731,14.093,1.974,8372,16527,o,0,1.67,64.16321,40.04256,7168.95,7084.65,4.62,3.23,-86.4,-0.378,18.18,18.88,01a58149o0378o
58150.325193,13.58,0.551,13422,7397,o,0,0.95,64.16321,40.04256,8764.62,3564.6,4.08,2.78,-87.8,-0.432,18.6,19.5,01a58150o0267o
58150.336651,12.449,0.327,38071,12448,o,0,1.06,64.16321,40.04256,8794.32,3646.15,4.08,2.71,-88.1,-0.435,18.57,19.49,01a58150o0292o
58150.342381,14.136,1.151,8044,9261,o,0,0.86,64.16321,40.04256,8757.34,3591.28,4.13,2.81,-89.2,-0.419,18.48,19.47,01a58150o0304o
58150.354746,14.165,0.949,7834,7436,o,0,1.06,64.16321,40.04256,8747.4,3753.8,4.19,2.84,-89.1,-0.421,18.51,19.43,01a58150o0331o
58152.371053,-13.309,0.597,-17232,10285,o,0,4.8,64.16321,40.04256,9174.0,3783.93,2.53,2.11,54.0,-0.482,19.05,19.79,02a58152o0345o
58152.383525,-17.041,5.23,-554,2898,o,0,1.86,64.16321,40.04256,9156.68,3744.77,2.45,2.03,52.0,-0.5,19.03,19.73,02a58152o0372o
58152.388911,-14.662,0.736,-4957,3646,o,0,1.03,64.16321,40.04256,9215.85,3823.76,2.53,2.09,53.9,-0.483,19.01,19.71,02a58152o0383o
58152.403202,-16.298,1.673,-1099,1839,o,0,0.72,64.16321,40.04256,9232.49,3709.21,2.56,2.16,50.4,-0.479,18.92,19.65,02a58152o0414o
58154.344031,12.454,0.454,37875,17196,o,0,0.82,64.16321,40.04256,8864.35,5844.23,4.45,3.02,-86.0,-0.407,19.34,21.23,01a58154o0246o
58154.348842,-15.619,2.259,-2053,4637,o,0,1.33,64.16321,40.04256,8886.88,5898.07,4.48,3.04,-86.8,-0.404,19.25,21.11,01a58154o0256o
58154.36167,13.309,0.541,17232,9329,o,0,0.87,64.16321,40.04256,8850.79,5866.71,4.49,3.0,-85.4,-0.404,19.0,20.71,01a58154o0284o
58154.366525,13.914,1.055,9874,10413,o,0,0.68,64.16321,40.04256,8843.86,5998.49,4.48,3.07,-85.8,-0.405,19.2,20.91,01a58154o0294o
58156.3353,-14.088,0.619,-8411,5208,o,0,0.0,64.16321,40.04256,1422.25,6361.62,2.84,2.39,49.8,-0.456,19.25,20.67,02a58156o0097o
58156.338264,15.761,2.222,1801,4002,o,0,0.95,64.16321,40.04256,1407.71,6323.3,2.84,2.28,52.8,-0.458,19.33,20.71,02a58156o0103o
58156.356599,13.462,0.253,14973,3789,o,0,1.68,64.16321,40.04256,1465.28,6397.75,3.15,2.53,51.7,-0.43,19.02,20.48,02a58156o0142o
58156.371065,15.661,1.145,1975,2262,o,0,1.68,64.16321,40.04256,1477.61,6280.62,3.01,2.45,50.5,-0.436,19.18,20.61,02a58156o0173o
58157.359318,13.822,0.781,10747,8389,o,0,1.17,64.16321,40.04256,7655.27,5800.67,4.36,3.12,-87.0,-0.393,19.15,20.87,01a58157o0075o
58157.372063,14.34,1.14,6666,7600,o,0,1.25,64.16321,40.04256,7695.65,5878.85,4.69,3.29,-87.0,-0.377,19.02,20.7,01a58157o0102o
58157.385246,-16.022,3.408,-1416,4826,o,0,1.13,64.16321,40.04256,7663.48,5841.57,4.84,3.44,-86.1,-0.361,19.03,20.8,01a58157o0129o
58157.398575,14.266,0.598,7139,4268,o,0,0.57,64.16321,40.04256,7678.58,5993.98,5.04,3.6,-87.1,-0.349,18.96,20.74,01a58157o0156o
58160.409675,13.909,0.367,9918,3643,o,0,0.0,64.16321,40.04256,8604.2,5040.8,2.36,2.08,54.4,-0.475,19.4,20.58,02a58160o0034o
58160.416339,14.054,1.234,8681,10714,o,0,0.0,64.16321,40.04256,8661.11,5123.38,2.46,2.15,54.8,-0.473,19.35,20.54,02a58160o0047o
58160.427917,-16.075,5.404,-1349,7291,o,0,0.0,64.16321,40.04256,8673.85,5009.34,2.69,2.28,60.6,-0.465,19.27,20.6,02a58160o0070o
58161.331837,18.146,24.223,200,4849,o,0,1.23,64.16321,40.04256,8278.09,6987.62,4.54,3.06,-85.7,-0.392,19.16,20.67,01a58161o0266o
58161.345103,13.231,0.591,18517,10946,o,0,0.66,64.16321,40.04256,8318.1,7071.32,4.63,3.1,-85.8,-0.378,19.17,20.73,01a58161o0293o
58161.358154,15.299,1.731,2756,4771,o,0,0.84,64.16321,40.04256,8298.83,7036.37,4.63,3.26,-86.3,-0.375,19.16,20.73,01a58161o0320o
58161.371745,-15.13,1.33,-3221,4283,o,0,0.85,64.16321,40.04256,8298.29,7193.19,4.73,3.35,-86.3,-0.364,19.08,20.62,01a58161o0347o
58162.308193,14.248,0.277,7256,2013,o,0,1.57,64.16321,40.04256,6891.89,4527.73,3.16,2.98,-87.7,-0.434,19.33,21.13,01a58162o0013o
58162.317122,14.272,1.408,7100,9994,o,0,1.51,64.16321,40.04256,6920.75,4599.07,3.07,2.84,86.9,-0.445,19.37,21.02,01a58162o0032o
58162.326083,14.413,0.584,6234,3643,o,0,1.86,64.16321,40.04256,6877.48,4554.86,3.19,2.85,87.6,-0.44,19.31,20.96,01a58162o0051o
58162.336666,14.386,0.524,6390,3350,o,0,1.09,64.16321,40.04256,6881.71,4707.28,3.29,2.82,89.4,-0.439,19.29,20.98,01a58162o0074o
58170.302605,-13.855,0.566,-10419,5900,o,0,1.31,64.16321,40.04256,9979.34,5029.57,4.98,3.13,-86.1,-0.41,19.12,20.61,01a58170o0212o
58170.311986,14.859,1.63,4135,6739,o,0,1.18,64.16321,40.04256,10027.44,5099.27,5.03,3.1,-87.0,-0.404,19.09,20.59,01a58170o0232o
58170.320361,13.671,0.371,12343,4585,o,0,1.5,64.16321,40.04256,9983.64,5053.56,4.95,3.14,-86.0,-0.41,19.06,20.56,01a58170o0250o
58170.32379,18.677,13.68,123,1680,o,0,0.88,64.16321,40.04256,548.68,5141.23,3.46,2.79,86.0,-0.434,19.07,20.63,01a58170o0257o
58170.329809,14.199,0.522,7594,3961,o,0,1.06,64.16321,40.04256,9972.72,5202.58,5.03,3.22,-85.9,-0.393,19.06,20.56,01a58170o0270o
58170.333321,15.762,0.404,1800,726,o,0,0.54,64.16321,40.04256,596.74,5212.13,3.44,2.72,86.2,-0.436,19.09,20.64,01a58170o0277o
58170.343741,15.953,0.553,1509,835,o,0,0.56,64.16321,40.04256,557.41,5165.7,3.53,2.88,84.6,-0.423,19.05,20.61,01a58170o0299o
58170.354568,16.183,1.229,1221,1500,o,0,0.92,64.16321,40.04256,551.95,5314.0,3.58,2.8,83.7,-0.422,19.08,20.59,01a58170o0321o
58180.217344,-13.216,0.048,-18772,895,o,0,79.52,64.16321,40.04256,8341.87,5127.32,1.97,1.92,86.8,-0.536,15.26,15.46,02a58180o0020o
58180.217801,-12.955,0.044,-23871,1045,o,0,89.88,64.16321,40.04256,8371.74,5166.78,1.95,1.9,-89.6,-0.485,15.02,15.26,02a58180o0021o
58180.235329,-12.006,0.006,-57230,351,o,0,390.65,64.16321,40.04256,8405.5,5202.58,2.08,2.05,52.9,-0.463,15.68,16.25,02a58180o0057o
58180.244299,-13.021,0.042,-22471,935,o,0,136.57,64.16321,40.04256,8410.28,5088.04,2.16,2.12,71.1,-0.427,14.68,14.98,02a58180o0076o
58186.22854,-14.546,0.021,-5516,114,o,0,1401.74,64.16321,40.04256,6894.62,6506.2,3.74,2.75,-84.8,-0.454,15.01,16.41,01a58186o0041o
58186.236636,13.733,0.002,11664,27,o,0,3920.86,64.16321,40.04256,6919.41,6575.15,4.09,3.05,-87.4,-0.422,16.11,17.59,01a58186o0058o
58186.248361,12.481,0.001,36960,28,o,0,8879.31,64.16321,40.04256,6863.11,6659.8,4.29,3.05,-87.9,-0.403,16.44,17.93,01a58186o0083o
58194.225635,-16.746,0.445,-727,324,c,0,1.1,64.16321,40.04256,8028.99,10429.24,2.82,2.56,48.5,-0.446,18.52,19.5,02a58194o0027c
58194.226091,-19.757,1.209,-45,55,c,0,1.46,64.16321,40.04256,8059.19,10469.86,2.78,2.53,41.2,-0.443,18.63,19.61,02a58194o0028c
58194.227016,16.326,2.078,1071,2225,c,0,0.91,64.16321,40.04256,5373.86,721.87,2.71,2.51,58.5,-0.419,18.73,19.79,02a58194o0030c
58194.229336,16.431,1.944,971,1889,c,0,0.84,64.16321,40.04256,5386.76,761.22,2.58,2.42,61.8,-0.421,19.1,20.27,02a58194o0035c
58194.237645,17.232,6.482,465,3012,c,0,0.0,64.16321,40.04256,5432.5,799.57,2.56,2.37,67.7,-0.416,19.56,21.04,02a58194o0053c
58194.238102,13.473,0.001,14825,18,c,0,26261.72,64.16321,40.04256,8087.7,10508.44,2.63,2.34,29.2,-0.434,19.58,21.03,02a58194o0054c
58194.242927,-16.942,0.185,-607,112,c,0,2.03,64.16321,40.04256,8104.1,10388.72,2.56,2.3,26.1,-0.445,19.59,21.07,02a58194o0064c
58194.24384,14.026,0.522,8903,4650,c,0,0.3,64.16321,40.04256,5449.85,679.94,2.56,2.36,50.6,-0.418,19.59,21.1,02a58194o0066c
58206.229469,12.086,0.571,53141,30324,o,0,1.74,64.16321,40.04256,9473.88,6550.55,3.76,3.04,-85.4,-0.468,18.16,18.99,01a58206o0009o
58206.234585,14.198,4.965,7600,37736,o,0,0.61,64.16321,40.04256,9499.31,6604.99,3.99,3.03,-88.7,-0.467,18.39,19.33,01a58206o0020o
58206.24216,13.151,0.907,19939,18083,o,0,0.95,64.16321,40.04256,9456.37,6553.81,4.46,3.21,-87.6,-0.434,18.42,19.37,01a58206o0036o
58206.250118,14.028,0.792,8888,7041,o,0,1.35,64.16321,40.04256,9460.42,6694.6,5.18,4.62,-87.0,-0.386,18.03,19.33,01a58206o0053o
58220.231195,0.0,0.0,0,0,o,0,-2.0,64.16321,40.04256,2025.86,3568.52,2.28,2.04,-65.9,-0.472,18.15,18.39,02a58220o0021o
58220.235422,0.0,0.0,0,0,o,0,-2.0,64.16321,40.04256,2010.93,3526.1,2.27,2.07,-61.5,-0.462,18.68,19.25,02a58220o0030o
58220.242185,0.0,0.0,0,0,o,0,-2.0,64.16321,40.04256,2070.79,3605.5,2.35,2.22,-43.7,-0.453,18.96,19.84,02a58220o0044o
58220.25122,-15.963,12.289,-1495,18376,o,0,0.0,64.16321,40.04256,2130.49,3535.29,2.32,2.22,-53.8,-0.436,18.99,19.91,02a58220o0063o
58366.633739,16.264,18.578,1134,21064,o,0,0.0,64.16321,40.04256,1812.76,5272.14,2.98,2.73,-6.8,-0.462,19.16,20.61,01a58366o0802o
58366.642727,12.817,0.864,27111,23412,o,0,0.0,64.16321,40.04256,1780.25,5234.85,3.02,2.71,1.1,-0.468,18.13,18.86,01a58366o0821o
58370.634007,15.382,7.914,2553,20203,o,0,0.0,64.16321,40.04256,674.3,4056.55,2.83,2.68,-14.4,-0.499,19.12,20.4,01a58370o0177o
58370.644172,11.822,1.44,67820,97684,o,0,0.0,64.16321,40.04256,655.78,4019.18,2.87,2.82,40.2,-0.488,17.46,17.98,01a58370o0196o
58372.601351,13.704,7.907,11978,94717,o,0,0.0,64.16321,40.04256,9476.43,5446.72,2.27,2.25,76.1,-0.444,19.5,20.78,02a58372o0827o
58374.599697,-12.691,0.02,-30440,613,o,0,18.11,64.16321,40.04256,97.11,6005.48,3.48,3.05,-14.0,-0.369,19.26,20.78,01a58374o0609o
58374.608741,-11.553,0.001,-86894,82,o,0,1522.75,64.16321,40.04256,80.31,5968.36,3.32,3.19,-15.1,-0.376,19.21,20.8,01a58374o0628o
58374.617689,-12.091,0.026,-52910,1350,o,0,10.58,64.16321,40.04256,140.9,6043.15,2.98,2.74,-9.3,-0.434,19.25,20.74,01a58374o0647o
58374.622414,-16.327,1.023,-1069,1094,o,0,0.94,64.16321,40.04256,9540.93,5924.79,3.48,3.06,-78.0,-0.446,19.15,20.7,01a58374o0657o
58374.626641,14.03,1.588,8872,14086,o,0,3.14,64.16321,40.04256,151.75,5926.51,2.75,2.54,-78.9,-0.461,19.22,20.68,01a58374o0666o
58374.636322,-16.113,1.961,-1302,2553,o,0,1.09,64.16321,40.04256,9518.4,5886.48,3.28,2.77,-83.6,-0.468,18.88,19.97,01a58374o0686o
58374.645295,15.11,2.97,3281,9745,o,0,1.23,64.16321,40.04256,9576.11,5963.0,3.32,2.93,-82.1,-0.488,17.37,17.75,01a58374o0705o
58376.609694,-17.456,8.025,-378,3034,c,0,0.84,64.16321,40.04256,8324.98,6751.18,2.71,2.6,-69.4,-0.382,19.72,21.49,02a58376o0751c
58376.618508,-15.039,0.409,-3504,1433,c,0,1.41,64.16321,40.04256,8293.9,6869.46,2.75,2.7,86.7,-0.393,19.67,21.47,02a58376o0770c
58378.570215,16.049,2.996,1382,4140,o,0,0.83,64.16321,40.04256,973.63,6292.37,2.94,2.7,-88.9,-0.476,19.35,21.06,01a58378o0757o
58378.579024,14.157,0.541,7893,4271,o,0,1.52,64.16321,40.04256,955.92,6254.77,2.82,2.59,-88.9,-0.48,19.36,21.09,01a58378o0776o
58378.587849,-15.922,2.672,-1553,4151,o,0,1.11,64.16321,40.04256,1014.38,6329.18,2.75,2.6,-82.4,-0.486,19.39,21.14,01a58378o0795o
58378.588782,-20.822,44.222,-17,753,o,0,1.44,64.16321,40.04256,10416.71,6279.53,3.63,2.8,-87.3,-0.469,19.3,21.12,01a58378o0797o
58378.596762,15.591,1.169,2107,2464,o,0,1.61,64.16321,40.04256,1027.61,6215.06,3.0,2.64,-4.1,-0.455,19.39,21.1,01a58378o0814o
58378.597693,15.176,0.452,3088,1396,o,0,1.07,64.16321,40.04256,10400.0,6239.72,3.62,2.64,-86.9,-0.48,19.33,21.08,01a58378o0816o
58378.606571,17.74,2.761,291,803,o,0,0.88,64.16321,40.04256,10459.79,6318.2,3.7,2.83,-88.8,-0.467,19.28,21.07,01a58378o0835o
58378.615586,-20.294,19.2,-28,532,o,0,1.49,64.16321,40.04256,10471.17,6202.43,3.86,2.8,-83.0,-0.464,19.35,21.1,01a58378o0854o
58380.592164,-17.638,7.481,-320,2393,o,0,1.51,64.16321,40.04256,1635.48,5678.61,2.18,2.06,-64.1,-0.442,19.41,20.71,02a58380o0755o
58382.559528,-11.837,0.0,-66836,4,o,0,22420.91,64.16321,40.04256,726.58,3912.19,2.95,2.63,-2.6,-0.466,19.3,20.8,01a58382o0742o
58382.567986,-15.662,0.007,-1974,13,o,0,22883.18,64.16321,40.04256,694.97,3875.29,2.58,2.57,46.6,-0.511,19.32,20.89,01a58382o0759o
58382.576817,-12.042,0.0,-55382,4,o,0,30068.84,64.16321,40.04256,753.55,3951.53,3.42,2.96,-3.8,-0.422,19.3,20.93,01a58382o0778o
58382.578195,16.591,4.666,838,3912,o,0,0.94,64.16321,40.04256,10172.9,3882.43,3.53,2.73,-83.1,-0.472,19.34,20.9,01a58382o0781o
58382.585176,-12.535,0.0,-35166,6,o,0,57466.01,64.16321,40.04256,780.09,3834.95,3.48,2.87,-3.7,-0.419,19.31,20.93,01a58382o0796o
58382.586577,-15.995,0.913,-1453,1327,o,0,1.19,64.16321,40.04256,10140.43,3841.84,3.42,2.77,-82.9,-0.47,19.3,20.91,01a58382o0799o
58382.59545,16.503,3.284,909,2986,o,0,1.3,64.16321,40.04256,10200.18,3920.6,3.55,2.69,-83.4,-0.476,19.3,20.83,01a58382o0818o
58382.60387,-15.822,1.999,-1702,3402,o,0,1.13,64.16321,40.04256,10227.13,3805.06,3.59,2.79,-83.5,-0.464,19.31,20.88,01a58382o0836o
58384.559278,-13.534,1.53,-14003,21425,o,0,0.89,64.16321,40.04256,8062.82,5647.98,2.74,2.3,-53.8,-0.386,18.3,18.61,02a58384o0754o
58384.568337,12.22,0.669,47006,31451,o,0,0.0,64.16321,40.04256,8092.37,5686.77,2.52,2.2,-60.0,-0.407,18.9,19.55,02a58384o0772o
58384.578022,-11.697,0.618,-76074,47010,o,0,0.0,64.16321,40.04256,8030.71,5613.07,2.5,2.21,-56.6,-0.402,18.21,18.55,02a58384o0789o
58384.588324,-12.446,0.417,-38145,15923,o,0,0.0,64.16321,40.04256,8002.78,5731.45,2.39,2.09,-54.2,-0.421,18.8,19.41,02a58384o0807o
58386.606472,-10.823,0.643,-170066,109411,o,0,0.0,64.16321,40.04256,8809.89,6081.8,3.23,2.73,-83.9,-0.446,18.67,19.65,01a58386o0756o
58386.616224,-12.488,0.637,-36712,23367,o,0,0.0,64.16321,40.04256,8841.78,6118.23,3.41,2.78,-82.3,-0.443,18.69,19.67,01a58386o0777o
58386.626042,-12.972,0.961,-23497,22586,o,0,2.6,64.16321,40.04256,8781.49,6041.77,3.44,2.66,-84.5,-0.449,18.68,19.65,01a58386o0798o
58386.635895,17.141,59.777,505,30201,o,0,0.0,64.16321,40.04256,8754.44,6157.57,3.63,2.74,-84.2,-0.439,18.61,19.53,01a58386o0819o
58390.553599,14.149,0.475,7950,3773,o,0,1.29,64.16321,40.04256,9109.62,4418.61,3.01,2.84,-77.3,-0.463,18.74,19.69,01a58390o0727o
58390.561949,19.325,50.652,68,3425,o,0,2.3,64.16321,40.04256,9077.46,4377.22,3.13,2.74,-80.6,-0.47,18.73,19.71,01a58390o0745o
58390.570804,15.381,1.723,2557,4406,o,0,1.9,64.16321,40.04256,9135.7,4456.92,3.06,2.73,-80.6,-0.473,18.78,19.74,01a58390o0764o
58390.579101,14.716,0.515,4717,2431,o,0,1.78,64.16321,40.04256,9162.56,4341.79,3.27,2.96,-75.9,-0.464,18.71,19.76,01a58390o0782o
58392.559238,-15.857,0.685,-1649,1129,o,0,0.54,64.16321,40.04256,2081.12,6621.51,2.17,2.09,-44.0,-0.453,19.21,20.03,02a58392o0773o
58392.567627,14.974,1.096,3720,4078,o,0,1.55,64.16321,40.04256,2095.85,6665.06,2.34,2.12,-55.2,-0.421,19.21,20.01,02a58392o0791o
58392.576436,14.398,0.444,6320,2808,o,0,1.26,64.16321,40.04256,2036.05,6586.07,2.33,2.15,-50.5,-0.418,19.2,20.01,02a58392o0810o
58392.584791,14.812,0.36,4316,1554,o,0,0.75,64.16321,40.04256,2020.67,6702.0,2.3,2.11,-45.3,-0.416,19.19,20.02,02a58392o0828o
58394.552954,16.237,2.741,1162,3183,o,0,1.47,64.16321,40.04256,8792.79,4704.42,3.53,2.69,-83.5,-0.473,19.17,20.51,01a58394o0749o
58394.561322,-15.964,1.738,-1495,2598,o,0,1.3,64.16321,40.04256,8774.39,4663.44,3.09,2.73,-80.1,-0.467,19.23,20.55,01a58394o0767o
58394.570148,14.609,1.015,5204,5283,o,0,2.08,64.16321,40.04256,8831.82,4742.37,3.37,2.85,-86.7,-0.456,19.18,20.58,01a58394o0786o
58394.578508,-15.893,2.984,-1595,4761,o,0,0.94,64.16321,40.04256,8842.3,4626.56,3.1,2.79,-76.0,-0.464,19.22,20.57,01a58394o0804o
58396.543134,-17.073,0.477,-538,257,c,0,1.34,64.16321,40.04256,9822.44,3755.1,2.57,2.5,-83.3,-0.442,19.11,20.7,02a58396o0734c
58396.553012,17.885,0.011,255,3,c,0,2948.58,64.16321,40.04256,788.0,6772.28,2.33,2.19,-0.2,-0.45,19.26,20.82,02a58396o0753c
58396.559894,16.666,0.341,782,267,c,0,1.53,64.16321,40.04256,377.76,3657.72,2.39,2.36,78.5,-0.399,19.21,20.81,02a58396o0766c
58396.563112,-16.863,0.012,-653,8,c,0,1083.79,64.16321,40.04256,842.85,6850.42,2.37,2.25,2.8,-0.45,19.19,20.72,02a58396o0772c
58396.570374,14.597,0.001,5263,3,c,0,17308.26,64.16321,40.04256,10234.14,6874.34,2.47,2.44,58.4,-0.434,19.16,20.62,02a58396o0785c
58396.573367,-18.41,0.123,-157,19,c,0,4.37,64.16321,40.04256,9763.99,3830.16,2.68,2.53,-70.9,-0.432,18.96,20.54,02a58396o0791c
58396.579379,-15.817,0.003,-1711,6,c,0,132.33,64.16321,40.04256,333.82,3615.66,2.41,2.39,-11.4,-0.387,18.82,20.31,02a58396o0804c
58396.588201,-17.87,0.233,-258,60,c,0,1.23,64.16321,40.04256,318.31,3731.35,2.4,2.37,-48.4,-0.401,18.98,20.42,02a58396o0823c
58400.543973,12.651,0.639,31597,20188,c,0,0.0,64.16321,40.04256,2049.41,4577.63,2.39,2.3,35.6,-0.428,19.76,21.52,02a58400o0568c
58400.55327,15.162,1.593,3127,4981,c,0,0.0,64.16321,40.04256,2029.47,4530.06,2.4,2.3,46.5,-0.437,19.74,21.53,02a58400o0586c
58400.563748,16.165,2.229,1242,2768,c,0,0.39,64.16321,40.04256,8538.66,5958.44,2.74,2.61,-63.8,-0.391,19.69,21.53,02a58400o0605c
58400.573274,10.943,0.541,152379,82398,c,0,0.0,64.16321,40.04256,2093.24,4497.9,2.57,2.43,-43.1,-0.401,19.71,21.53,02a58400o0623c
58402.549421,-15.79,0.58,-1753,1017,o,0,0.93,64.16321,40.04256,8761.02,7129.16,4.02,3.07,-80.6,-0.428,19.3,21.09,01a58402o0716o
58402.558782,15.466,1.181,2364,2791,o,0,0.42,64.16321,40.04256,8731.18,7087.62,3.7,2.89,-79.5,-0.44,19.32,21.09,01a58402o0734o
58402.569901,15.194,0.514,3037,1560,o,0,1.43,64.16321,40.04256,8789.13,7168.41,3.71,2.96,-78.4,-0.439,19.31,21.05,01a58402o0753o
58402.580002,15.69,0.456,1922,877,o,0,1.11,64.16321,40.04256,1693.49,3540.06,3.35,3.04,-1.9,-0.446,19.23,21.13,01a58402o0771o
58408.530731,14.214,1.017,7489,7613,o,0,0.24,64.16321,40.04256,1781.08,5773.35,2.12,2.04,-32.9,-0.45,19.58,20.93,02a58408o0729o
58408.540264,14.262,1.049,7165,7519,o,0,0.67,64.16321,40.04256,1810.38,5804.0,2.26,2.05,-45.3,-0.43,19.58,20.92,02a58408o0748o
58408.549893,19.095,14.7,84,1228,o,0,0.52,64.16321,40.04256,1751.66,5724.42,2.41,2.11,-50.0,-0.414,19.58,20.9,02a58408o0767o
58408.559155,14.989,0.386,3669,1417,o,0,1.59,64.16321,40.04256,1721.38,5837.8,2.36,2.14,-57.6,-0.416,19.58,20.9,02a58408o0785o
58412.50741,14.85,7.847,4168,32705,o,0,0.0,64.16321,40.04256,9169.17,5775.68,2.26,2.19,35.7,-0.459,19.22,20.03,02a58412o0686o
58412.513632,0.0,0.0,0,0,o,0,-2.0,64.16321,40.04256,9085.42,5688.77,2.15,2.06,81.9,-0.481,19.3,20.05,02a58412o0698o
58412.514743,0.0,0.0,0,0,o,0,-2.0,64.16321,40.04256,1389.27,4714.79,1.98,1.86,37.3,-0.489,19.35,20.06,02a58412o0700o
58412.527905,0.0,0.0,0,0,o,0,-2.0,64.16321,40.04256,9069.45,5806.75,2.1,2.04,-74.9,-0.49,19.26,20.08,02a58412o0726o
58414.490424,-14.474,4.329,-5891,25502,o,0,0.0,64.16321,40.04256,1236.6,5664.24,2.91,2.75,-82.5,-0.496,18.68,19.7,01a58414o0648o
58414.50326,-15.982,6.136,-1470,9017,o,0,0.74,64.16321,40.04256,1202.42,5627.82,2.74,2.67,-75.4,-0.506,18.72,19.7,01a58414o0672o
58414.511488,-15.895,5.18,-1592,8248,o,0,1.73,64.16321,40.04256,1291.62,5582.53,2.73,2.61,-68.5,-0.518,18.69,19.7,01a58414o0689o
58414.512909,14.262,1.172,7163,8393,o,0,0.56,64.16321,40.04256,1262.36,5700.75,3.05,2.77,-8.0,-0.472,18.65,19.71,01a58414o0692o
58416.459947,-12.839,1.061,-26578,28186,o,0,0.93,64.16321,40.04256,8209.18,4750.44,2.32,2.05,-67.5,-0.44,18.52,18.75,02a58416o0586o
58416.471555,0.0,0.0,0,0,o,0,-2.0,64.16321,40.04256,8179.88,4745.49,2.3,2.08,-63.6,-0.447,18.55,18.78,02a58416o0611o
58416.472491,-11.611,0.413,-82328,34015,o,0,0.0,64.16321,40.04256,8181.59,4714.62,2.43,2.14,-61.8,-0.432,18.51,18.78,02a58416o0613o
58416.477064,-12.589,0.559,-33438,18704,o,0,1.11,64.16321,40.04256,8149.89,4832.21,2.57,2.19,-58.8,-0.399,18.53,18.78,02a58416o0623o
58420.540628,-10.709,5.064,-189004,957195,o,0,0.06,64.16321,40.04256,1684.22,5587.63,2.37,2.04,-37.9,-0.437,17.58,17.7,02a58420o0214o
58424.533141,-16.903,1.645,-629,1034,c,0,1.79,64.16321,40.04256,8296.93,5480.3,2.6,2.58,58.8,-0.412,19.55,21.12,02a58424o0713c
58424.540065,-15.782,0.386,-1767,682,c,0,1.46,64.16321,40.04256,8279.41,5440.11,2.54,2.48,63.9,-0.42,19.56,21.09,02a58424o0728c
58424.553729,-16.138,0.462,-1273,589,c,0,1.65,64.16321,40.04256,8335.32,5522.71,2.52,2.49,32.5,-0.418,19.56,21.05,02a58424o0757c
58424.556494,-18.162,1.037,-197,205,c,0,2.37,64.16321,40.04256,8348.71,5403.81,2.76,2.53,-40.9,-0.386,19.51,21.04,02a58424o0763c
58426.480701,13.701,0.505,12014,6064,o,0,1.1,64.16321,40.04256,9213.95,3754.32,3.84,2.89,-86.0,-0.439,19.17,20.74,01a58426o0377o
58426.488904,14.106,0.418,8274,3459,o,0,1.15,64.16321,40.04256,9229.5,3791.81,3.73,2.75,-88.2,-0.451,19.26,20.79,01a58426o0393o
58426.503056,14.801,0.716,4363,3124,o,0,1.62,64.16321,40.04256,9170.99,3715.44,3.77,2.86,-86.8,-0.439,19.19,20.81,01a58426o0422o
58428.478141,19.095,1340.312,84,111971,c,0,0.0,64.16321,40.04256,1387.98,3595.1,2.38,2.28,35.5,-0.437,19.67,21.49,02a58428o0519c
58428.488848,0.0,0.0,0,0,c,0,-2.0,64.16321,40.04256,1310.25,3512.59,2.35,2.25,41.9,-0.445,19.72,21.53,02a58428o0542c
58428.493888,12.535,0.728,35162,25609,c,0,0.0,64.16321,40.04256,1413.51,3632.65,2.46,2.28,42.0,-0.444,19.69,21.54,02a58428o0553c
58428.508025,-14.013,1.649,-9015,14862,c,0,0.0,64.16321,40.04256,1441.85,3518.64,2.37,2.28,30.9,-0.437,19.75,21.57,02a58428o0583c
58430.463462,13.88,0.678,10186,6903,o,0,0.82,64.16321,40.04256,9042.73,6177.7,4.28,2.98,-84.7,-0.42,19.24,20.96,01a58430o0554o
58430.474226,18.478,11.576,147,1707,o,0,0.96,64.16321,40.04256,10397.14,4075.24,4.34,2.91,-85.8,-0.465,19.21,20.84,01a58430o0576o
58430.475147,13.912,0.001,9888,10,o,0,12082.21,64.16321,40.04256,949.55,3985.37,3.09,2.73,-83.0,-0.482,19.2,20.84,01a58430o0578o
58430.481156,14.069,1.275,8560,10911,o,0,1.56,64.16321,40.04256,8993.85,6209.59,4.24,2.93,-84.9,-0.433,19.18,20.86,01a58430o0589o
58430.495804,-15.68,0.887,-1940,1721,o,0,1.37,64.16321,40.04256,10457.2,4033.76,4.27,2.91,-82.5,-0.469,19.2,20.93,01a58430o0617o
58430.496398,12.755,0.379,28713,10885,o,0,1.7,64.16321,40.04256,8980.73,6388.58,4.2,2.88,-84.9,-0.429,19.21,20.92,01a58430o0618o
58432.48147,14.466,0.646,5936,3836,c,0,2.45,64.16321,40.04256,181.33,6910.8,2.37,2.22,19.9,-0.401,19.54,21.2,02a58432o0635c
58432.491864,-18.073,0.308,-214,66,c,0,2.09,64.16321,40.04256,9630.93,6961.8,2.4,2.3,84.5,-0.459,19.5,21.16,02a58432o0657c
58432.492793,15.21,2.192,2993,6560,c,0,0.0,64.16321,40.04256,164.21,6873.83,2.42,2.21,20.7,-0.408,19.73,21.42,02a58432o0659c
58432.49375,-14.158,0.258,-7885,2034,c,0,4.46,64.16321,40.04256,223.53,6949.33,2.39,2.2,18.5,-0.406,19.7,21.39,02a58432o0661c
58432.497885,-15.252,0.79,-2878,2274,c,0,1.94,64.16321,40.04256,237.79,6830.39,2.37,2.16,-4.8,-0.376,19.55,21.21,02a58432o0670c
58432.498342,-18.375,0.058,-162,9,c,0,1371.76,64.16321,40.04256,9614.84,6922.38,2.48,2.35,73.8,-0.454,19.58,21.25,02a58432o0671c
58432.512457,-16.667,1.018,-782,796,c,0,1.11,64.16321,40.04256,9672.34,7006.56,2.43,2.33,68.4,-0.452,19.74,21.38,02a58432o0701c
58432.517924,-16.405,0.775,-996,772,c,0,1.62,64.16321,40.04256,9683.6,6890.96,2.55,2.45,48.0,-0.423,19.68,21.4,02a58432o0712c
58434.458394,14.624,0.75,5134,3849,o,0,1.41,64.16321,40.04256,6869.03,3165.08,3.32,2.7,-89.7,-0.444,19.32,21.14,01a58434o0599o
58434.46688,15.041,0.933,3496,3264,o,0,1.23,64.16321,40.04256,6882.0,3238.01,3.33,2.7,-86.6,-0.444,19.36,21.14,01a58434o0616o
58434.479633,-16.4,3.831,-1000,3830,o,0,1.7,64.16321,40.04256,6836.27,3211.21,3.5,2.86,88.0,-0.43,19.3,21.18,01a58434o0643o
58434.485056,-18.249,12.325,-182,2246,o,0,1.58,64.16321,40.04256,6807.26,3349.19,3.26,3.21,-58.4,-0.412,19.29,21.19,01a58434o0654o
58436.468758,0.0,0.0,0,0,c,0,-2.0,64.16321,40.04256,1011.46,4258.66,2.39,2.33,12.6,-0.44,19.7,21.54,02a58436o0610c
58436.4758,13.223,0.86,18663,16048,c,0,0.0,64.16321,40.04256,1039.92,4262.29,2.36,2.31,40.7,-0.442,19.72,21.54,02a58436o0625c
58436.487496,-16.29,0.01,-1106,11,c,0,95.4,64.16321,40.04256,10501.67,4415.5,2.63,2.51,-85.7,-0.451,19.71,21.55,02a58436o0650c
58436.488946,-13.793,1.318,-11032,14546,c,0,0.0,64.16321,40.04256,1098.02,4340.21,2.34,2.26,8.7,-0.441,19.72,21.55,02a58436o0653c
58436.494822,17.211,30.708,474,14550,c,0,0.0,64.16321,40.04256,1109.8,4223.55,2.5,2.39,-53.5,-0.416,19.67,21.54,02a58436o0664c
58436.495736,-16.033,0.002,-1402,3,c,0,151.72,64.16321,40.04256,10484.04,4375.27,2.54,2.43,72.1,-0.462,19.75,21.54,02a58436o0666c
58438.443673,15.253,3.898,2876,11211,o,0,0.41,64.16321,40.04256,8853.15,4933.44,3.68,2.72,-86.2,-0.453,19.05,20.69,01a58438o0569o
58438.451095,14.133,0.465,8070,3748,o,0,1.44,64.16321,40.04256,8866.33,5000.33,3.71,2.78,-86.5,-0.452,19.21,20.96,01a58438o0585o
58438.458067,14.263,0.991,7161,7098,o,0,1.14,64.16321,40.04256,8804.83,4952.17,3.81,2.84,-87.4,-0.439,19.0,20.75,01a58438o0600o
58438.471053,14.441,0.895,6077,5440,o,0,0.91,64.16321,40.04256,8791.95,5120.88,3.81,2.82,-86.5,-0.445,19.34,21.19,01a58438o0627o
58442.439764,13.625,1.079,12882,13894,o,0,1.02,64.16321,40.04256,10277.67,5794.93,4.53,2.94,-85.4,-0.463,18.69,19.84,01a58442o0535o
58442.449535,15.568,1.751,2151,3767,o,0,0.84,64.16321,40.04256,839.55,5896.52,3.08,2.62,-86.2,-0.467,18.79,19.92,01a58442o0556o
58442.45046,12.904,0.582,25017,14558,o,0,0.46,64.16321,40.04256,10292.14,5875.57,4.56,2.93,-84.3,-0.464,18.71,19.84,01a58442o0558o
58442.455555,13.932,2.224,9706,21589,o,0,1.47,64.16321,40.04256,10232.76,5820.25,4.71,2.92,-83.8,-0.452,18.72,19.83,01a58442o0569o
58442.456015,15.054,0.789,3455,2726,o,0,1.35,64.16321,40.04256,853.01,5961.05,3.17,2.65,-89.6,-0.461,18.75,19.91,01a58442o0570o
58442.46945,-14.418,1.093,-6205,6784,o,0,1.28,64.16321,40.04256,791.81,5938.02,3.13,2.68,-89.2,-0.477,18.79,19.89,01a58442o0597o
58442.46991,13.303,0.624,17333,10812,o,0,1.48,64.16321,40.04256,10221.95,5994.88,4.62,2.89,-85.3,-0.457,18.75,19.84,01a58442o0598o
58442.475693,15.117,0.535,3259,1744,o,0,0.85,64.16321,40.04256,780.06,6072.68,2.8,2.62,-38.3,-0.475,18.79,19.91,01a58442o0610o
58450.439259,-16.272,3.204,-1126,3606,o,0,1.09,64.16321,40.04256,6989.3,3628.69,3.44,3.15,-85.0,-0.408,19.02,20.5,01a58450o0558o
58450.445286,-14.646,0.897,-5028,4511,o,0,1.06,64.16321,40.04256,6946.68,3614.26,3.56,3.25,-82.4,-0.403,18.99,20.51,01a58450o0571o
58450.446245,15.521,1.027,2247,2308,o,0,0.95,64.16321,40.04256,7006.6,3694.19,3.49,3.24,-80.6,-0.402,18.98,20.5,01a58450o0573o
58450.459783,16.441,5.073,963,4884,o,0,1.4,64.16321,40.04256,6936.1,3787.96,3.4,3.05,-88.6,-0.416,19.02,20.52,01a58450o0602o
58452.43778,13.675,-0.0,12304,0,o,0,-0.0,64.16321,40.04256,1883.88,6911.54,2.03,1.91,40.3,-0.487,19.64,20.99,02a58452o0501o
58452.448949,0.0,0.0,0,0,o,0,-2.0,64.16321,40.04256,1805.9,6826.53,2.07,1.89,37.4,-0.483,19.6,20.86,02a58452o0525o
58452.454559,0.0,0.0,0,0,o,0,-2.0,64.16321,40.04256,1864.07,6901.13,2.02,1.86,44.1,-0.491,19.59,20.8,02a58452o0537o
58452.468301,-12.482,0.714,-36907,26356,o,0,0.0,64.16321,40.04256,1938.67,6831.54,2.09,1.84,40.9,-0.498,19.55,20.71,02a58452o0566o
58454.440756,14.565,1.303,5418,7060,o,0,1.41,64.16321,40.04256,5730.63,6058.04,3.33,2.85,-83.1,-0.438,19.25,21.02,01a58454o0515o
58454.453245,14.19,0.619,7658,4740,o,0,1.03,64.16321,40.04256,5751.33,6146.4,3.38,2.8,-88.4,-0.435,19.26,21.05,01a58454o0542o
58454.458484,15.388,1.59,2540,4040,o,0,0.81,64.16321,40.04256,5694.64,6090.74,3.45,2.81,-89.0,-0.434,19.25,21.02,01a58454o0553o
58454.473903,14.342,0.689,6658,4584,o,0,1.29,64.16321,40.04256,5691.82,6266.34,3.65,3.04,89.0,-0.419,19.19,21.07,01a58454o0586o
58456.512845,16.249,1.142,1149,1312,c,0,0.71,64.16321,40.04256,7572.06,1926.17,2.67,2.59,-70.3,-0.408,19.63,21.4,02a58456o0578c
58456.523373,17.198,4.567,479,2189,c,0,1.79,64.16321,40.04256,7555.64,1885.27,2.68,2.61,-78.7,-0.405,19.61,21.44,02a58456o0601c
58456.531616,17.228,2.596,466,1211,c,0,0.43,64.16321,40.04256,7619.86,1967.43,2.7,2.59,-65.0,-0.409,19.63,21.46,02a58456o0616c
58456.545614,-16.377,0.423,-1021,432,c,0,1.09,64.16321,40.04256,7633.25,1845.35,2.73,2.68,71.8,-0.403,19.58,21.4,02a58456o0645c
58458.456436,-12.429,0.199,-38745,7693,o,0,1.76,64.16321,40.04256,7638.46,8984.27,4.15,3.12,-83.6,-0.399,19.22,21.14,01a58458o0543o
58458.46703,-15.933,2.453,-1537,3770,o,0,1.12,64.16321,40.04256,7663.8,9065.41,4.4,3.31,-82.5,-0.381,19.16,21.03,01a58458o0566o
58458.472881,14.095,0.597,8359,4989,o,0,1.74,64.16321,40.04256,7607.42,9009.84,4.31,3.23,-83.1,-0.381,19.22,21.06,01a58458o0578o
58458.485836,16.279,5.829,1118,6516,o,0,1.07,64.16321,40.04256,7609.64,9177.47,4.27,3.22,-85.3,-0.385,19.26,21.0,01a58458o0606o
58460.468882,-16.286,0.003,-1110,3,c,0,91.98,64.16321,40.04256,6234.86,9254.78,3.09,2.92,36.6,-0.412,19.53,21.51,02a58460o0607c
58460.47426,-17.604,0.048,-330,16,c,0,3.88,64.16321,40.04256,6219.04,9214.87,2.89,2.7,28.9,-0.432,19.62,21.51,02a58460o0618c
58460.489048,-16.414,0.003,-987,3,c,0,64.86,64.16321,40.04256,6273.62,9292.41,2.96,2.74,26.8,-0.439,19.55,21.49,02a58460o0650c
58460.492561,-18.742,0.11,-116,13,c,0,3.34,64.16321,40.04256,6287.37,9175.14,3.08,2.87,28.5,-0.42,19.52,21.48,02a58460o0657c
58462.435554,15.859,2.448,1645,4029,o,0,1.03,64.16321,40.04256,1844.76,5090.44,3.07,2.76,86.6,-0.46,19.3,21.08,01a58462o0548o
58462.442161,14.331,0.409,6723,2752,o,0,1.69,64.16321,40.04256,1878.07,5155.67,2.97,2.69,-86.3,-0.474,19.27,21.08,01a58462o0562o
58462.459911,15.374,0.877,2573,2256,o,0,1.11,64.16321,40.04256,1826.24,5144.83,3.17,2.82,88.4,-0.456,19.24,21.11,01a58462o0599o
58462.46324,-15.926,1.163,-1548,1799,o,0,0.67,64.16321,40.04256,1819.29,5273.8,2.98,2.96,-51.0,-0.455,19.26,21.11,01a58462o0606o
58466.448161,15.018,0.674,3570,2407,o,0,1.38,64.16321,40.04256,2082.15,9070.96,3.19,2.85,-83.2,-0.443,19.23,20.98,01a58466o0573o
58466.45674,-16.772,1.304,-710,926,o,0,1.29,64.16321,40.04256,2118.97,9142.87,3.36,2.96,-85.6,-0.428,19.15,20.94,01a58466o0591o
58466.467373,15.795,0.661,1745,1153,o,0,0.73,64.16321,40.04256,2071.25,9105.15,3.43,3.0,-83.6,-0.42,19.18,20.98,01a58466o0614o
58466.47314,16.021,0.806,1418,1143,o,0,1.4,64.16321,40.04256,2046.85,9241.89,3.44,2.92,-88.5,-0.428,19.2,20.96,01a58466o0626o
58470.424887,14.533,1.349,5584,7533,o,0,0.84,64.16321,40.04256,10456.97,1098.61,3.81,3.0,-81.7,-0.468,17.96,18.94,01a58470o0470o
58470.435937,-14.054,0.723,-8678,6278,o,0,1.32,64.16321,40.04256,1351.0,1276.42,3.33,3.28,61.5,-0.417,17.66,18.44,01a58470o0494o
58470.436891,-15.456,0.005,-2387,11,o,0,35001.41,64.16321,40.04256,10483.36,1184.06,4.25,3.3,-87.4,-0.454,17.53,18.43,01a58470o0496o
58470.443113,15.663,2.46,1971,4848,o,0,0.97,64.16321,40.04256,10446.12,1132.15,3.97,3.05,-81.9,-0.463,18.18,19.12,01a58470o0509o
58470.443587,-17.212,3.813,-473,1805,o,0,1.39,64.16321,40.04256,1373.51,1345.74,3.26,3.15,11.9,-0.424,18.27,19.28,01a58470o0510o
58470.457021,-16.803,6.423,-690,4432,o,0,0.52,64.16321,40.04256,10431.85,1303.0,3.97,3.07,-82.8,-0.454,18.43,19.5,01a58470o0539o
58470.460453,16.092,1.297,1328,1723,o,0,1.03,64.16321,40.04256,1331.18,1329.9,3.49,3.2,-8.2,-0.406,18.78,19.89,01a58470o0546o
58470.47579,15.029,0.467,3536,1652,o,0,1.32,64.16321,40.04256,1337.36,1502.5,3.28,3.11,39.9,-0.438,18.79,19.97,01a58470o0579o
58472.41609,-12.95,0.688,-23984,16500,o,0,2.5,64.16321,40.04256,582.96,7372.43,2.46,2.3,20.8,-0.441,18.42,18.75,02a58472o0499o
58472.428928,13.094,2.068,21017,43459,o,0,0.0,64.16321,40.04256,549.82,7332.28,2.66,2.49,26.2,-0.42,18.29,18.73,02a58472o0527o
58472.433787,-13.778,1.162,-11185,13002,o,0,0.92,64.16321,40.04256,608.02,7407.55,2.42,2.21,28.6,-0.452,18.43,18.73,02a58472o0537o
58472.4347,-16.302,1.741,-1094,1905,o,0,2.29,64.16321,40.04256,9807.12,7409.51,2.56,2.33,48.0,-0.482,18.49,18.84,02a58472o0539o
58472.44852,-15.978,3.901,-1475,5754,o,0,5.98,64.16321,40.04256,9789.25,7369.59,2.29,2.11,44.7,-0.526,18.56,18.86,02a58472o0569o
58472.448992,11.861,0.755,65407,49384,o,0,0.0,64.16321,40.04256,621.53,7289.91,2.3,2.04,27.8,-0.463,18.49,18.74,02a58472o0570o
58472.452396,13.448,0.751,15166,11388,o,0,0.0,64.16321,40.04256,9847.92,7448.92,2.13,2.01,30.9,-0.49,18.6,18.85,02a58472o0577o
58472.467347,15.498,5.729,2295,13146,o,0,0.0,64.16321,40.04256,9861.02,7333.22,2.24,2.09,39.9,-0.52,18.52,18.81,02a58472o0609o
58478.409564,13.163,0.449,19720,8859,o,0,2.12,64.16321,40.04256,5760.05,7101.79,3.38,2.88,-87.1,-0.431,18.89,20.15,01a58478o0405o
58478.420214,13.421,0.545,15544,8473,o,0,3.17,64.16321,40.04256,5784.83,7181.21,3.34,2.88,89.0,-0.438,18.92,20.19,01a58478o0427o
58478.429421,14.904,1.717,3967,6811,o,0,1.12,64.16321,40.04256,5735.3,7139.42,3.32,2.81,89.7,-0.439,18.93,20.16,01a58478o0446o
58478.439091,14.222,0.685,7433,5094,o,0,1.34,64.16321,40.04256,5734.41,7291.85,3.4,2.95,89.1,-0.435,18.89,20.15,01a58478o0467o
58480.416778,15.162,1.609,3127,5030,o,0,0.0,64.16321,40.04256,2454.05,9270.1,2.18,1.93,2.2,-0.506,19.39,20.45,02a58480o0466o
58480.429605,-14.057,0.615,-8652,5320,o,0,0.0,64.16321,40.04256,2436.78,9230.36,2.15,1.94,4.9,-0.502,19.39,20.42,02a58480o0494o
58480.434049,14.316,0.759,6819,5175,o,0,0.0,64.16321,40.04256,2494.47,9306.92,2.28,1.98,6.6,-0.503,19.38,20.43,02a58480o0503o
58480.449672,0.0,0.0,0,0,o,0,-2.0,64.16321,40.04256,2463.5,9143.26,2.24,1.96,4.5,-0.497,19.38,20.35,02a58480o0537o
58486.403345,-18.615,5.365,-130,698,o,0,0.73,64.16321,40.04256,1616.94,3271.88,3.14,2.95,-0.7,-0.44,19.24,21.07,01a58486o0465o
58486.409092,14.65,0.406,5012,2035,o,0,1.43,64.16321,40.04256,1653.54,3333.73,3.37,3.25,19.0,-0.43,19.17,21.05,01a58486o0477o
58486.424328,17.065,2.037,542,1104,o,0,0.9,64.16321,40.04256,1611.22,3310.81,3.28,3.14,3.1,-0.436,19.2,21.08,01a58486o0510o
58486.428191,16.348,1.112,1049,1166,o,0,1.44,64.16321,40.04256,1603.64,3440.42,3.6,3.35,-7.4,-0.403,19.12,21.07,01a58486o0518o
58488.404629,-17.128,0.099,-512,51,c,0,1.64,64.16321,40.04256,2158.22,7325.29,3.12,2.97,15.8,-0.41,19.36,21.42,02a58488o0452c
58488.411369,-17.225,0.498,-468,233,c,0,1.48,64.16321,40.04256,2128.28,7286.87,2.82,2.66,21.0,-0.432,19.48,21.42,02a58488o0466c
58488.425087,-16.96,0.293,-597,175,c,0,0.96,64.16321,40.04256,2185.06,7362.63,2.79,2.64,18.7,-0.435,19.46,21.42,02a58488o0496c
58488.429517,-17.181,0.445,-487,217,c,0,1.65,64.16321,40.04256,2199.93,7244.2,3.0,2.9,-34.9,-0.402,19.45,21.42,02a58488o0505c
58490.394711,14.498,0.748,5764,4310,o,0,0.67,64.16321,40.04256,9728.88,7070.25,4.0,3.27,-81.3,-0.42,19.13,21.22,01a58490o0446o
58490.403697,14.238,1.155,7325,8457,o,0,0.77,64.16321,40.04256,9757.71,7142.26,4.06,2.99,-87.1,-0.421,19.19,21.25,01a58490o0465o
58490.411377,14.05,0.464,8711,4045,o,0,1.03,64.16321,40.04256,9706.44,7093.02,4.42,3.28,-86.6,-0.399,19.2,21.24,01a58490o0481o
58490.4123,18.692,8.434,121,1022,o,0,0.84,64.16321,40.04256,161.18,7195.59,3.62,3.36,-85.8,-0.377,19.12,21.27,01a58490o0483o
58490.422933,18.499,5.385,145,779,o,0,1.23,64.16321,40.04256,192.43,7273.88,3.04,2.78,83.4,-0.418,19.32,21.27,01a58490o0506o
58490.423398,13.762,0.89,11358,10108,o,0,0.53,64.16321,40.04256,9713.59,7253.43,4.2,2.88,-83.0,-0.434,19.32,21.23,01a58490o0507o
58490.428775,-17.056,1.187,-547,649,o,0,0.7,64.16321,40.04256,138.65,7213.2,2.98,2.6,82.7,-0.424,19.33,21.27,01a58490o0518o
58490.441669,16.867,1.279,651,832,o,0,1.51,64.16321,40.04256,145.73,7373.78,3.59,3.19,89.3,-0.393,19.15,21.26,01a58490o0546o
58492.425253,-15.04,0.472,-3499,1650,c,0,0.86,64.16321,40.04256,5454.19,3429.78,2.61,2.5,-66.0,-0.404,19.59,21.5,02a58492o0488c
58492.432439,-16.354,1.488,-1044,1553,c,0,1.32,64.16321,40.04256,5439.97,3392.96,2.53,2.45,-71.1,-0.414,19.63,21.48,02a58492o0503c
58492.445712,-15.302,0.799,-2748,2197,c,0,1.31,64.16321,40.04256,5497.28,3467.07,2.6,2.46,-56.8,-0.406,19.59,21.46,02a58492o0532c
58492.451561,-15.951,1.504,-1512,2273,c,0,1.08,64.16321,40.04256,5514.29,3352.71,2.5,2.46,-68.2,-0.406,19.64,21.45,02a58492o0544c
58494.379928,14.258,0.691,7189,4968,o,0,1.35,64.16321,40.04256,3820.39,5229.41,2.83,2.75,-74.1,-0.471,19.36,21.19,01a58494o0407o
58494.392366,13.614,1.001,13016,13025,o,0,0.0,64.16321,40.04256,3849.47,5314.92,2.85,2.74,82.8,-0.464,19.32,21.17,01a58494o0434o
58494.396243,15.701,2.35,1904,4473,o,0,0.88,64.16321,40.04256,3795.02,5251.65,2.96,2.85,70.8,-0.463,19.27,21.14,01a58494o0442o
58494.410526,13.28,0.865,17701,15305,o,0,3.99,64.16321,40.04256,3799.18,5418.57,2.96,2.87,65.5,-0.459,19.26,21.06,01a58494o0473o
58496.415156,0.0,0.0,0,0,o,0,-2.0,64.16321,40.04256,5418.38,1442.7,2.21,2.07,-66.8,-0.434,19.37,20.55,02a58496o0465o
58496.424185,0.0,0.0,0,0,o,0,-2.0,64.16321,40.04256,5405.11,1405.26,2.18,2.05,-68.4,-0.441,19.43,20.59,02a58496o0484o
58496.441466,0.0,0.0,0,0,o,0,-2.0,64.16321,40.04256,5462.58,1482.34,2.17,2.1,-67.1,-0.438,19.38,20.58,02a58496o0521o
58496.45519,15.869,4.633,1631,7557,o,0,0.0,64.16321,40.04256,5524.47,1410.42,2.16,2.11,-62.2,-0.443,19.37,20.51,02a58496o0551o
58498.38002,-15.204,0.758,-3009,2282,o,0,0.85,64.16321,40.04256,3554.09,3334.71,3.03,2.96,1.2,-0.464,18.98,20.32,01a58498o0380o
58498.393378,15.86,1.713,1644,2817,o,0,1.59,64.16321,40.04256,3587.02,3422.67,2.96,2.91,42.8,-0.462,18.95,20.28,01a58498o0409o
58498.396378,14.864,0.792,4116,3260,o,0,1.26,64.16321,40.04256,3531.58,3355.71,2.89,2.82,12.4,-0.474,19.01,20.27,01a58498o0415o
58498.411145,15.722,0.945,1867,1764,o,0,1.77,64.16321,40.04256,3539.75,3522.76,2.98,2.89,34.2,-0.465,18.96,20.24,01a58498o0447o
58500.361938,-11.218,0.571,-118258,67549,o,0,0.0,64.16321,40.04256,552.83,9322.55,2.15,1.8,12.6,-0.508,18.74,19.11,02a58500o0360o
58500.375246,-14.244,0.521,-7287,3798,o,0,2.47,64.16321,40.04256,9670.37,9354.61,2.09,1.82,31.0,-0.514,18.84,19.15,02a58500o0389o
58500.375715,-10.154,0.0,-315192,43,o,0,263713.15,64.16321,40.04256,536.44,9282.35,2.2,1.76,7.9,-0.505,18.75,19.1,02a58500o0390o
58500.37828,-12.012,0.577,-56920,32871,o,0,24.71,64.16321,40.04256,594.17,9357.87,1.97,1.76,-9.2,-0.56,18.75,19.09,02a58500o0395o
58500.378737,15.216,1.007,2976,2996,o,0,1.08,64.16321,40.04256,9639.14,9314.03,2.07,1.86,28.1,-0.498,18.82,19.14,02a58500o0396o
58500.393522,15.237,0.554,2919,1617,o,0,1.86,64.16321,40.04256,9696.65,9395.23,2.16,1.87,25.7,-0.49,18.77,19.11,02a58500o0428o
58500.393981,12.432,0.186,38642,7193,o,0,35.69,64.16321,40.04256,610.87,9238.96,2.18,1.79,12.5,-0.519,18.74,19.07,02a58500o0429o
58500.396549,16.061,1.935,1366,2643,o,0,1.09,64.16321,40.04256,9708.99,9277.52,2.13,1.84,26.8,-0.509,18.75,19.11,02a58500o0434o
58502.352404,-15.545,7.848,-2199,17254,o,0,2.23,64.16321,40.04256,7727.39,7096.88,3.91,2.9,-87.7,-0.431,18.31,19.07,01a58502o0289o
58502.360483,-13.022,1.138,-22454,25550,o,0,1.05,64.16321,40.04256,7751.19,7165.61,4.09,3.19,89.0,-0.424,18.17,19.04,01a58502o0306o
58502.377814,13.164,0.928,19694,18282,o,0,0.54,64.16321,40.04256,7714.28,7152.81,4.09,3.13,-88.6,-0.426,18.2,18.99,01a58502o0343o
58502.390715,12.611,0.765,32765,25057,o,0,0.68,64.16321,40.04256,7720.67,7315.37,4.23,3.31,-87.2,-0.407,18.13,18.94,01a58502o0371o
58503.380439,-12.776,0.481,-28158,13539,o,0,0.0,64.16321,40.04256,3782.03,5371.36,2.34,2.1,-54.5,-0.439,18.38,18.65,02a58503o0373o
58503.389312,0.0,0.0,0,0,o,0,-2.0,64.16321,40.04256,3720.59,5286.28,2.24,2.05,-50.1,-0.453,18.39,18.63,02a58503o0390o
58503.398188,-12.429,0.454,-38771,17619,o,0,1.22,64.16321,40.04256,3825.04,5408.67,2.38,2.21,-51.8,-0.442,18.32,18.6,02a58503o0407o
58503.407187,0.0,0.0,0,0,o,0,-2.0,64.16321,40.04256,3794.45,5245.67,2.3,2.1,-51.4,-0.444,18.3,18.57,02a58503o0424o
58504.404969,-13.013,0.847,-22628,19162,o,0,0.0,64.16321,40.04256,3778.49,5368.14,2.28,1.97,-47.6,-0.432,18.36,18.49,02a58504o0399o
58504.413249,0.0,0.0,0,0,o,0,-2.0,64.16321,40.04256,3718.77,5282.99,2.27,1.93,-50.1,-0.424,18.4,18.45,02a58504o0416o
58504.421478,-16.293,25.931,-1104,28615,o,0,0.0,64.16321,40.04256,3822.94,5405.44,2.31,1.94,-52.1,-0.434,18.3,18.42,02a58504o0433o
58504.426254,0.0,0.0,0,0,o,0,-2.0,64.16321,40.04256,3791.73,5243.24,2.4,1.99,-52.4,-0.433,18.26,18.4,02a58504o0443o
58506.346282,-14.694,0.008,-4813,39,o,0,6123.99,64.16321,40.04256,2109.86,7149.85,3.05,2.8,86.6,-0.471,18.75,19.87,01a58506o0324o
58506.357016,-14.387,0.004,-6385,23,o,0,2863.88,64.16321,40.04256,2151.59,7229.58,2.98,2.71,83.9,-0.483,18.75,19.84,01a58506o0346o
58506.369408,-14.247,0.006,-7264,43,o,0,211.11,64.16321,40.04256,2106.54,7196.4,3.04,2.67,79.6,-0.48,18.76,19.83,01a58506o0372o
58506.374245,-14.709,0.003,-4745,12,o,0,4462.08,64.16321,40.04256,2084.57,7330.38,3.0,2.64,82.8,-0.493,18.7,19.81,01a58506o0382o
58508.344368,-17.012,0.135,-569,77,o,0,4884.17,64.16321,40.04256,1919.03,1512.5,2.0,1.89,46.4,-0.483,19.56,20.66,02a58508o0329o
58508.355342,-11.133,0.001,-127867,64,o,0,125883.55,64.16321,40.04256,1900.32,1470.41,2.02,1.91,64.4,-0.482,19.42,20.39,02a58508o0353o
58508.361176,12.096,0.001,52677,36,o,0,16952.69,64.16321,40.04256,1960.67,1549.09,2.07,1.95,44.2,-0.48,19.38,20.28,02a58508o0365o
58508.373559,-13.642,0.007,-12686,85,o,0,4346.73,64.16321,40.04256,1973.15,1428.34,2.29,2.13,42.7,-0.455,19.23,20.15,02a58508o0392o
58510.340966,14.264,0.002,7150,17,o,0,4802.03,64.16321,40.04256,4246.81,1307.51,3.04,2.79,-2.0,-0.465,19.27,21.01,01a58510o0310o
58510.353402,14.388,0.003,6377,17,o,0,8206.54,64.16321,40.04256,4264.88,1345.78,3.13,2.93,0.9,-0.451,19.23,21.0,01a58510o0337o
58510.357341,13.972,0.004,9356,40,o,0,3686.41,64.16321,40.04256,4205.33,1267.79,2.92,2.67,-3.3,-0.475,19.28,21.0,01a58510o0345o
58510.373519,14.673,0.001,4908,6,o,0,4744.75,64.16321,40.04256,4193.56,1383.96,3.05,2.87,-3.4,-0.459,19.21,20.92,01a58510o0380o
58514.345591,-18.858,9.474,-104,985,o,0,1.16,64.16321,40.04256,1159.18,9061.04,3.35,2.96,-86.1,-0.454,19.07,20.62,01a58514o0294o
58514.357137,17.603,6.485,330,2142,o,0,1.32,64.16321,40.04256,1175.47,9100.12,3.31,2.82,-81.2,-0.451,19.12,20.73,01a58514o0319o
58514.362453,16.909,1.34,626,839,o,0,0.76,64.16321,40.04256,1114.55,9019.66,3.33,2.75,-80.4,-0.45,19.15,20.72,01a58514o0330o
58514.37537,16.591,1.091,839,915,o,0,0.93,64.16321,40.04256,1100.22,9136.27,3.48,2.96,-86.5,-0.436,19.08,20.68,01a58514o0358o
58518.351688,13.351,0.419,16586,6956,o,0,1.11,64.16321,40.04256,10295.75,5079.76,4.02,2.84,-84.7,-0.47,19.15,20.69,01a58518o0078o
58518.352147,20.768,21.122,18,378,o,0,0.62,64.16321,40.04256,976.14,5206.42,3.13,3.02,-79.6,-0.459,19.13,20.76,01a58518o0079o
58518.364123,-14.452,0.0,-6014,2,o,0,23172.16,64.16321,40.04256,918.69,5127.26,3.06,2.91,-82.7,-0.465,19.14,20.69,01a58518o0105o
58518.368019,-16.905,2.999,-628,1884,o,0,1.11,64.16321,40.04256,906.37,5242.06,3.18,3.06,-87.5,-0.457,19.09,20.69,01a58518o0113o
58526.320638,15.016,1.251,3579,4476,o,0,0.93,64.16321,40.04256,6706.01,9023.85,3.77,2.93,-79.5,-0.428,19.07,20.5,01a58526o0252o
58526.329176,12.841,0.292,26528,7742,o,0,0.72,64.16321,40.04256,6736.96,9062.5,4.27,3.18,-81.2,-0.393,19.05,20.49,01a58526o0270o
58526.332549,14.73,0.719,4655,3349,o,0,1.33,64.16321,40.04256,6676.69,8986.18,4.29,3.16,-81.1,-0.392,19.08,20.48,01a58526o0277o
58526.345958,-14.135,0.61,-8051,4914,o,0,1.39,64.16321,40.04256,6649.09,9106.45,4.17,3.11,-81.6,-0.401,19.02,20.41,01a58526o0306o
58530.291528,12.956,0.287,23866,6841,o,0,2.15,64.16321,40.04256,8013.04,1213.14,3.29,3.17,-55.5,-0.439,18.45,19.35,01a58530o0184o
58530.299416,13.429,0.447,15429,6890,o,0,1.17,64.16321,40.04256,8030.57,1252.4,3.63,3.02,-85.9,-0.456,18.35,19.31,01a58530o0201o
58530.30777,12.833,0.293,26715,7815,o,0,0.91,64.16321,40.04256,7972.35,1177.5,3.44,3.06,-83.1,-0.452,18.4,19.3,01a58530o0219o
58530.316748,15.257,3.966,2866,11367,o,0,0.65,64.16321,40.04256,7961.0,1296.94,3.55,3.05,-86.6,-0.445,18.36,19.28,01a58530o0238o
58542.268031,14.162,0.421,7858,3306,o,0,0.89,64.16321,40.04256,5119.47,7108.27,3.19,3.0,-88.0,-0.442,19.26,21.03,01a58542o0130o
58542.276847,14.097,1.047,8340,8735,o,0,1.82,64.16321,40.04256,5135.29,7147.42,3.33,3.01,-87.5,-0.444,19.27,21.04,01a58542o0149o
58542.285193,14.525,1.477,5626,8309,o,0,0.53,64.16321,40.04256,5076.55,7071.95,3.26,2.99,-89.6,-0.445,19.26,21.1,01a58542o0167o
58542.293574,14.157,1.043,7890,8226,o,0,8.32,64.16321,40.04256,5065.29,7189.11,3.14,2.99,-88.5,-0.449,19.29,21.1,01a58542o0185o
58546.260029,14.436,0.446,6105,2720,o,0,1.04,64.16321,40.04256,5151.79,9048.03,3.09,2.92,-69.4,-0.471,19.15,20.79,01a58546o0111o
58546.269835,12.693,0.405,30398,12323,o,0,0.04,64.16321,40.04256,5168.3,9086.92,3.05,2.87,-69.7,-0.474,19.16,20.76,01a58546o0132o
58546.278231,15.193,1.0,3041,3041,o,0,1.71,64.16321,40.04256,5107.95,9010.35,2.9,2.74,-60.4,-0.481,19.22,20.78,01a58546o0150o
58546.287573,14.268,0.627,7124,4468,o,0,1.49,64.16321,40.04256,5095.51,9128.95,3.03,2.8,-75.5,-0.48,19.17,20.74,01a58546o0170o
58550.230399,14.521,0.43,5644,2427,o,0,0.81,64.16321,40.04256,9900.54,1118.25,3.8,3.39,-15.0,-0.388,19.06,20.61,01a58550o0046o
58550.235632,-15.833,0.937,-1686,1579,o,0,1.01,64.16321,40.04256,785.37,1271.21,3.86,3.3,-17.8,-0.383,19.1,20.8,01a58550o0057o
58550.239796,14.651,0.745,5007,3731,o,0,1.01,64.16321,40.04256,9918.99,1156.98,3.72,3.45,-14.9,-0.409,19.09,20.79,01a58550o0066o
58550.244909,16.168,0.481,1238,596,o,0,1.0,64.16321,40.04256,819.72,1310.08,3.74,3.23,-11.4,-0.407,19.14,20.86,01a58550o0077o
58550.249135,14.895,0.546,3999,2184,o,0,1.65,64.16321,40.04256,9862.1,1083.03,3.52,3.04,-14.1,-0.43,19.23,20.83,01a58550o0086o
58550.25473,14.83,0.149,4246,633,o,0,11.33,64.16321,40.04256,760.86,1229.39,3.64,3.17,-24.3,-0.408,19.18,20.87,01a58550o0098o
58550.258989,15.618,0.725,2054,1489,o,0,1.1,64.16321,40.04256,9850.98,1202.78,3.4,2.91,-16.4,-0.426,19.26,20.81,01a58550o0107o
58550.264099,16.664,0.574,784,450,o,0,1.08,64.16321,40.04256,752.1,1345.51,3.74,3.24,-17.4,-0.394,19.16,20.83,01a58550o0118o
58554.229547,15.799,1.211,1739,2105,o,0,0.92,64.16321,40.04256,6759.51,5135.14,4.1,3.48,-8.6,-0.383,18.76,20.24,01a58554o0041o
58554.23752,14.753,0.652,4559,2974,o,0,1.21,64.16321,40.04256,6777.17,5173.64,3.99,3.43,-8.4,-0.389,18.84,20.43,01a58554o0058o
58554.246364,15.231,0.652,2936,1913,o,0,1.6,64.16321,40.04256,6718.72,5097.96,3.95,3.34,-9.6,-0.393,18.9,20.43,01a58554o0077o
58554.254777,15.528,0.808,2233,1804,o,0,1.36,64.16321,40.04256,6707.59,5216.22,3.54,3.13,-11.1,-0.421,18.97,20.39,01a58554o0095o
58558.240697,16.095,5.356,1324,7091,o,0,0.0,64.16321,40.04256,8700.3,8957.85,2.81,2.65,2.1,-0.475,18.75,19.83,01a58558o0069o
58558.252385,13.113,0.536,20642,11070,o,0,0.0,64.16321,40.04256,8715.67,8998.29,2.72,2.64,7.0,-0.481,18.76,19.8,01a58558o0094o
58558.260311,11.333,0.84,106394,89350,o,0,0.0,64.16321,40.04256,8653.5,8924.77,2.78,2.54,-88.7,-0.493,18.8,19.77,01a58558o0111o
58558.269661,12.751,0.445,28801,12828,o,0,0.07,64.16321,40.04256,8640.54,9044.8,2.81,2.55,-88.3,-0.494,18.76,19.74,01a58558o0131o
58561.321229,19.96,70.068,38,2641,o,0,0.93,64.16321,40.04256,2887.59,5184.03,3.11,2.73,-10.9,-0.453,18.34,19.08,01a58561o0238o
58561.326949,16.278,3.152,1118,3525,o,0,0.98,64.16321,40.04256,2917.26,5222.67,3.13,2.73,-9.2,-0.449,18.29,19.03,01a58561o0250o
58561.333399,15.287,2.898,2786,8074,o,0,1.62,64.16321,40.04256,2856.5,5146.2,2.94,2.75,-9.4,-0.476,18.24,18.98,01a58561o0263o
58561.340922,-17.218,7.546,-471,3551,o,0,1.0,64.16321,40.04256,2843.53,5262.2,2.92,2.78,-11.3,-0.472,18.18,18.9,01a58561o0278o
58562.229916,14.597,0.471,5262,2477,o,0,0.64,64.16321,40.04256,2908.07,5225.03,3.5,2.96,-13.2,-0.407,18.32,19.17,01a58562o0035o
58562.230376,-21.203,116.397,-12,1396,o,0,1.7,64.16321,40.04256,2877.84,5185.97,3.31,2.89,-15.5,-0.427,18.37,19.19,01a58562o0036o
58562.235904,14.42,0.665,6192,4120,o,0,1.09,64.16321,40.04256,2849.17,5147.08,3.71,3.11,-11.7,-0.386,18.36,19.3,01a58562o0048o
58562.243861,15.413,0.668,2482,1658,o,0,1.57,64.16321,40.04256,2837.24,5262.77,3.28,2.85,-11.3,-0.43,18.4,19.29,01a58562o0065o
58566.231552,-16.211,4.181,-1190,4977,o,0,0.56,64.16321,40.04256,3141.04,9068.0,2.88,2.7,-32.2,-0.486,18.68,19.99,01a58566o0041o
58566.246625,-14.457,0.6,-5986,3591,o,0,1.89,64.16321,40.04256,3172.18,9107.08,2.79,2.56,-31.3,-0.477,18.23,19.51,01a58566o0073o
58566.255003,13.387,0.336,16045,5399,o,0,1.37,64.16321,40.04256,3112.53,9028.96,2.77,2.56,-28.7,-0.482,18.94,20.31,01a58566o0091o
58566.266259,14.43,0.37,6139,2270,o,0,1.54,64.16321,40.04256,3083.19,9146.5,2.77,2.55,-29.6,-0.485,18.91,20.28,01a58566o0115o
58568.232855,-17.217,2.183,-471,1028,o,0,0.72,64.16321,40.04256,9597.18,5433.3,2.38,2.29,25.7,-0.441,19.12,20.03,02a58568o0003o
58568.235599,13.862,0.682,10359,7062,o,0,1.46,64.16321,40.04256,200.24,5411.57,2.47,2.15,-49.1,-0.405,19.14,20.16,02a58568o0009o
58568.244965,-12.909,0.445,-24912,11092,o,0,1.05,64.16321,40.04256,258.16,5484.49,2.42,1.96,-50.7,-0.406,19.24,20.35,02a58568o0029o
58568.246841,-16.973,1.457,-590,859,o,0,0.7,64.16321,40.04256,9652.04,5511.3,2.47,2.15,-56.0,-0.452,19.31,20.44,02a58568o0033o
58568.254824,14.212,2.543,7501,19072,o,0,0.0,64.16321,40.04256,273.73,5365.57,2.3,1.94,-48.8,-0.411,19.3,20.33,02a58568o0050o
58568.25669,-15.197,0.148,-3027,448,o,0,2.56,64.16321,40.04256,9665.7,5394.57,2.43,2.1,-53.9,-0.458,19.31,20.42,02a58568o0054o
58570.238658,16.748,1.121,726,814,o,0,1.08,64.16321,40.04256,2297.59,1256.02,4.59,3.81,-16.9,-0.326,18.87,20.4,01a58570o0015o
58570.248548,-12.683,0.05,-30678,1532,o,0,6.59,64.16321,40.04256,2287.78,1373.57,4.52,3.97,-21.6,-0.362,14.74,15.78,01a58570o0036o
58572.225672,13.043,1.478,22010,32537,o,0,0.0,64.16321,40.04256,593.17,7384.2,2.21,1.93,33.9,-0.386,18.24,18.4,02a58572o0026o
58572.226613,-14.281,0.486,-7042,3420,o,0,2.0,64.16321,40.04256,9818.09,7425.56,2.45,1.95,40.2,-0.459,18.48,18.81,02a58572o0028o
58572.231451,0.0,0.0,0,0,o,0,-2.0,64.16321,40.04256,521.14,7298.21,1.99,1.9,8.6,-0.429,18.99,19.54,02a58572o0038o
58572.235667,-16.176,1.543,-1229,1897,o,0,1.08,64.16321,40.04256,9805.29,7383.82,2.14,2.08,34.5,-0.452,19.24,20.04,02a58572o0047o
58572.237503,0.0,0.0,0,0,o,0,-2.0,64.16321,40.04256,580.03,7373.35,2.07,1.9,20.0,-0.42,19.21,20.02,02a58572o0051o
58572.239528,-15.364,0.283,-2597,735,o,0,1.44,64.16321,40.04256,9867.7,7462.22,2.18,2.15,-50.0,-0.45,19.27,20.14,02a58572o0055o
58572.246097,-14.169,3.628,-7802,28306,o,0,0.0,64.16321,40.04256,641.79,7300.23,2.07,1.96,-25.5,-0.424,19.21,20.06,02a58572o0069o
58572.248022,14.975,1.226,3716,4557,o,0,0.0,64.16321,40.04256,9878.1,7347.98,2.25,2.04,34.7,-0.449,19.24,20.16,02a58572o0073o
58576.242704,14.331,1.227,6723,8250,c,0,0.0,64.16321,40.04256,3939.14,1498.57,2.62,2.3,57.1,-0.406,19.23,20.69,02a58576o0050c
58576.253466,-16.775,3.06,-708,2166,c,0,1.13,64.16321,40.04256,3909.06,1458.59,2.58,2.26,57.0,-0.404,19.24,20.68,02a58576o0072c
58576.264573,-11.87,0.894,-64887,58022,c,0,0.0,64.16321,40.04256,3969.61,1535.14,2.43,2.31,70.4,-0.413,19.28,20.65,02a58576o0095c
58576.275511,-13.002,0.81,-22869,18525,c,0,0.2,64.16321,40.04256,4002.69,1414.61,2.54,2.4,-64.3,-0.413,19.28,20.61,02a58576o0118c
58578.237684,-17.089,9.827,-530,5208,o,0,2.26,64.16321,40.04256,6788.13,7083.7,2.99,2.68,-11.3,-0.438,18.86,20.02,01a58578o0050o
58578.244743,16.366,4.389,1032,4529,o,0,0.89,64.16321,40.04256,6803.94,7122.26,3.24,2.82,-8.2,-0.407,18.87,20.15,01a58578o0065o
58578.258114,-16.662,6.19,-786,4865,o,0,1.65,64.16321,40.04256,6744.22,7048.77,3.16,2.75,-9.0,-0.416,18.87,20.11,01a58578o0094o
58578.265663,-15.798,3.875,-1741,6745,o,0,1.56,64.16321,40.04256,6730.05,7167.71,2.96,2.69,-14.5,-0.439,18.9,20.08,01a58578o0110o
58580.232265,-19.556,0.774,-55,42,c,0,1.83,64.16321,40.04256,2467.32,9281.25,2.45,2.37,58.5,-0.418,18.45,19.26,02a58580o0028c
58580.238386,-17.406,0.049,-396,19,c,0,25.83,64.16321,40.04256,2451.44,9240.14,2.45,2.38,48.9,-0.403,19.07,20.23,02a58580o0041c
58580.247436,-17.441,0.042,-383,16,c,0,28.46,64.16321,40.04256,2509.91,9315.18,2.37,2.31,-47.0,-0.417,19.27,20.54,02a58580o0060c
58580.257931,13.385,0.001,16074,16,c,0,30394.5,64.16321,40.04256,2527.81,9196.8,2.42,2.39,85.2,-0.406,19.22,20.51,02a58580o0082c
58582.226078,14.467,1.153,5931,6838,o,0,1.22,64.16321,40.04256,6456.54,3258.87,4.65,3.77,-14.4,-0.376,17.01,17.81,01a58582o0022o
58582.226539,13.921,0.733,9812,7192,o,0,1.24,64.16321,40.04256,6441.05,3220.23,4.42,3.62,-14.6,-0.383,17.16,17.93,01a58582o0023o
58582.235339,15.383,1.407,2552,3591,o,0,0.82,64.16321,40.04256,6397.98,3182.11,4.02,3.31,-16.5,-0.417,18.51,19.59,01a58582o0042o
58582.243918,14.284,0.478,7020,3359,o,0,1.26,64.16321,40.04256,6384.51,3300.73,3.22,2.87,-17.4,-0.453,18.78,19.87,01a58582o0060o
58590.233811,13.878,0.761,10202,7765,o,0,1.33,64.16321,40.04256,1184.26,7143.79,3.47,3.11,-26.6,-0.471,17.71,18.63,01a58590o0010o
58590.234271,15.451,2.148,2396,5147,o,0,0.98,64.16321,40.04256,1169.38,7104.63,3.88,3.43,-32.4,-0.448,17.58,18.66,01a58590o0011o
58590.240823,-16.156,8.738,-1252,10935,o,0,1.83,64.16321,40.04256,1125.22,7064.96,2.99,2.79,-26.4,-0.508,17.97,18.85,01a58590o0025o
58590.25073,13.483,0.528,14680,7749,o,0,1.54,64.16321,40.04256,1112.88,7181.37,3.71,3.3,-38.1,-0.475,17.88,18.81,01a58590o0046o
58710.49082,-14.36,3.316,-6546,21704,o,0,1.54,64.16321,40.04256,1449.94,9724.26,3.05,2.94,-64.8,-0.481,17.8,18.61,01a58710o0534o
58710.494055,13.229,0.486,18545,9007,o,0,2.25,64.16321,40.04256,1431.96,9685.67,2.96,2.79,-65.5,-0.486,17.84,18.65,01a58710o0541o
58710.501519,-12.724,0.634,-29540,18720,o,0,0.0,64.16321,40.04256,1490.33,9762.22,2.98,2.84,-60.2,-0.493,17.91,18.74,01a58710o0557o
58710.513674,-11.824,0.556,-67697,37664,o,0,0.0,64.16321,40.04256,1512.3,9644.3,2.63,2.5,-57.1,-0.543,18.11,18.84,01a58710o0583o
58714.587348,-13.929,0.902,-9737,8784,o,0,0.0,64.16321,40.04256,4586.33,3834.17,3.22,2.87,-15.7,-0.452,18.7,19.71,01a58714o0775o
58714.590731,14.935,4.132,3854,15926,o,0,0.0,64.16321,40.04256,4566.2,3796.9,3.15,2.84,-10.6,-0.459,18.71,19.72,01a58714o0782o
58714.597019,17.855,40.733,262,10669,o,0,0.0,64.16321,40.04256,4624.8,3873.37,3.26,2.94,-13.4,-0.447,18.68,19.75,01a58714o0795o
58714.610102,14.18,0.957,7729,7396,o,0,0.0,64.16321,40.04256,4640.26,3757.84,3.17,2.89,-17.4,-0.452,18.8,19.84,01a58714o0822o
58724.590171,-14.89,2.146,-4016,8618,c,0,0.0,64.16321,40.04256,7574.81,2852.34,2.38,2.24,-64.1,-0.405,19.77,21.64,02a58724o0794c
58724.593678,14.25,1.429,7243,10350,c,0,0.0,64.16321,40.04256,7589.26,2887.13,2.39,2.27,-63.4,-0.402,19.77,21.64,02a58724o0801c
58724.599172,13.666,0.864,12403,10722,c,0,0.0,64.16321,40.04256,7535.3,2808.52,2.37,2.25,-65.4,-0.406,19.76,21.65,02a58724o0812c
58724.609299,15.593,3.775,2102,7934,c,0,0.0,64.16321,40.04256,7518.55,2931.06,2.39,2.29,-74.8,-0.402,19.76,21.66,02a58724o0834c
58724.637978,-15.116,1.449,-3262,4726,c,0,1.26,64.16321,40.04256,7557.9,2875.05,2.38,2.24,-65.0,-0.401,18.75,19.66,02a58724o0894c
58726.535431,14.651,0.019,5008,96,o,0,85.19,64.16321,40.04256,1104.34,7855.24,2.41,2.21,-86.5,-0.403,19.37,20.77,01a58726o0533o
58726.539013,14.229,0.021,7388,157,o,0,68.88,64.16321,40.04256,1081.64,7812.95,2.69,2.3,85.6,-0.392,19.45,20.87,01a58726o0540o
58726.545782,14.57,0.024,5396,129,o,0,20942.95,64.16321,40.04256,1144.37,7893.79,2.24,2.08,-85.1,-0.41,19.57,20.89,01a58726o0554o
58726.558208,14.69,0.024,4829,118,o,0,37432.92,64.16321,40.04256,1164.45,7775.95,2.44,2.26,-83.3,-0.408,19.57,20.9,01a58726o0580o
58726.638514,11.485,0.017,92434,1602,o,0,218.91,64.16321,40.04256,1126.46,7847.79,1.95,1.74,-84.6,-0.453,18.59,18.56,01a58726o0746o
58728.485289,16.235,0.027,1164,31,c,0,8314.58,64.16321,40.04256,7566.58,2843.24,2.57,2.4,37.8,-0.384,19.58,21.37,02a58728o0558c
58728.495218,15.948,0.031,1516,47,c,0,41310.14,64.16321,40.04256,7582.11,2883.51,2.47,2.35,38.1,-0.391,19.63,21.42,02a58728o0579c
58728.498456,16.36,0.037,1037,38,c,0,45324.6,64.16321,40.04256,7523.25,2807.27,2.48,2.37,32.6,-0.389,19.65,21.42,02a58728o0586c
58728.503848,15.984,0.026,1467,38,c,0,34915.9,64.16321,40.04256,7509.27,2924.9,2.5,2.42,42.4,-0.387,19.6,21.44,02a58728o0597c
58730.589961,14.481,0.018,5858,103,o,0,33637.52,64.16321,40.04256,1068.41,5923.64,2.67,2.25,77.7,-0.396,19.44,20.77,01a58730o0539o
58730.595299,14.234,0.018,7349,134,o,0,49178.23,64.16321,40.04256,1049.58,5884.72,2.71,2.29,80.8,-0.397,19.45,20.81,01a58730o0550o
58730.59951,13.033,0.007,22220,166,o,0,91032.07,64.16321,40.04256,1107.04,5962.32,2.67,2.28,78.3,-0.4,19.5,20.83,01a58730o0559o
58730.609586,14.308,0.013,6868,93,o,0,84933.26,64.16321,40.04256,1126.38,5846.99,2.54,2.21,74.1,-0.404,19.51,20.86,01a58730o0580o
58730.63892,12.369,0.005,40949,210,o,0,16965.94,64.16321,40.04256,1085.49,5911.39,2.6,2.48,63.0,-0.396,18.68,19.13,01a58730o0641o
58732.599138,-15.633,2.959,-2026,5995,o,0,1.57,64.16321,40.04256,3789.67,9152.09,2.04,1.98,-80.7,-0.435,19.64,20.84,02a58732o0741o
58732.60194,17.796,9.775,276,2703,o,0,0.92,64.16321,40.04256,3809.4,9192.03,2.05,1.97,-70.4,-0.438,19.6,20.84,02a58732o0747o
58732.61322,-16.454,1.499,-951,1426,o,0,1.4,64.16321,40.04256,3750.99,9113.98,2.06,2.02,86.3,-0.435,19.63,20.9,02a58732o0771o
58732.623179,-14.745,2.378,-4592,10919,o,0,0.0,64.16321,40.04256,3728.35,9231.78,2.08,2.01,62.4,-0.436,19.67,21.02,02a58732o0792o
58732.637492,-13.65,0.214,-12594,2695,o,0,2.74,64.16321,40.04256,3768.66,9174.85,2.04,2.03,-89.6,-0.435,19.04,19.6,02a58732o0822o
58734.536107,-13.917,1.873,-9843,18432,o,0,0.0,64.16321,40.04256,1066.47,5914.0,2.64,2.11,80.1,-0.411,19.49,20.73,01a58734o0558o
58734.541609,0.0,0.0,0,0,o,0,-2.0,64.16321,40.04256,1002.08,5832.21,2.06,1.95,87.4,-0.425,19.63,20.75,01a58734o0569o
58734.545834,0.0,0.0,0,0,o,0,-2.0,64.16321,40.04256,1061.74,5909.57,2.6,2.13,79.9,-0.42,19.5,20.78,01a58734o0578o
58734.55587,-12.89,0.528,-25355,13384,o,0,0.0,64.16321,40.04256,1128.29,5839.25,2.53,2.06,80.4,-0.409,19.58,20.82,01a58734o0598o
58734.64034,0.0,0.0,0,0,o,0,-2.0,64.16321,40.04256,1038.68,5867.56,2.28,1.89,81.0,-0.428,18.63,18.67,01a58734o0772o
58736.594924,17.427,8.392,388,3259,o,0,1.32,64.16321,40.04256,3792.03,9150.51,2.25,2.12,48.7,-0.421,19.5,20.74,02a58736o0623o
58736.597795,15.75,2.371,1820,4314,o,0,1.71,64.16321,40.04256,3811.56,9190.31,2.24,2.14,48.0,-0.43,19.47,20.73,02a58736o0629o
58736.604513,-20.571,93.057,-22,1997,o,0,1.84,64.16321,40.04256,3749.7,9109.5,2.83,2.14,43.0,-0.395,19.4,20.78,02a58736o0643o
58736.614995,15.047,0.664,3478,2308,o,0,0.92,64.16321,40.04256,3727.97,9229.63,2.3,2.16,43.2,-0.423,19.51,20.83,02a58736o0665o
58736.640051,13.549,0.604,13816,8346,o,0,1.13,64.16321,40.04256,3770.84,9171.92,2.75,2.14,41.3,-0.386,18.35,18.7,02a58736o0717o
58744.502358,12.554,0.643,34553,22225,o,0,0.0,64.16321,40.04256,1663.12,2603.16,2.19,1.93,32.4,-0.465,18.78,19.31,02a58744o0619o
58744.505936,-12.543,0.241,-34887,8405,o,0,0.91,64.16321,40.04256,1682.03,2642.52,2.1,1.88,45.4,-0.46,18.81,19.31,02a58744o0626o
58744.512073,12.324,0.279,42685,11930,o,0,0.81,64.16321,40.04256,1625.89,2556.97,2.12,1.81,43.1,-0.464,18.84,19.33,02a58744o0638o
58744.523327,-12.997,0.232,-22980,5342,o,0,1.38,64.16321,40.04256,1608.16,2678.46,2.11,1.9,46.2,-0.454,18.86,19.39,02a58744o0661o
58750.611275,-18.763,174.8,-114,19838,o,0,0.0,64.16321,40.04256,3279.92,713.81,2.06,1.9,53.1,-0.447,19.68,21.07,01a58750o0341o
58750.614125,14.627,3.453,5121,17682,o,0,0.0,64.16321,40.04256,3299.73,752.65,1.99,1.9,50.7,-0.437,19.72,21.08,01a58750o0347o
58750.621583,13.487,1.027,14632,15034,o,0,0.0,64.16321,40.04256,3241.83,672.27,2.01,1.91,21.4,-0.432,19.73,21.03,01a58750o0363o
58750.628982,0.0,0.0,0,0,o,0,-2.0,64.16321,40.04256,3180.17,743.09,2.03,1.94,31.6,-0.431,19.65,20.91,01a58750o0379o
58750.643967,-12.073,0.997,-53801,53665,o,0,0.0,64.16321,40.04256,3264.97,727.83,2.11,2.01,60.5,-0.448,18.13,17.98,01a58750o0411o
58752.554784,-14.202,0.296,-7574,2242,c,0,1.08,64.16321,40.04256,7940.44,6623.31,2.58,2.39,53.2,-0.399,19.78,21.6,02a58752o0714c
58752.557541,-14.748,0.729,-4578,3335,c,0,0.86,64.16321,40.04256,7961.11,6662.16,2.56,2.37,54.3,-0.4,19.78,21.59,02a58752o0720c
58752.563081,-13.737,0.272,-11623,3160,c,0,1.31,64.16321,40.04256,7902.34,6586.1,2.57,2.37,53.0,-0.397,19.75,21.6,02a58752o0732c
58752.574406,-16.816,3.549,-682,2419,c,0,1.52,64.16321,40.04256,7885.77,6706.58,2.61,2.42,52.1,-0.396,19.77,21.62,02a58752o0756c
58752.647397,0.0,0.0,0,0,o,0,-2.0,64.16321,40.04256,2619.6,3879.38,2.06,1.85,32.9,-0.487,17.51,17.44,02a58752o0904o
58754.511438,0.0,0.0,0,0,o,0,-2.0,64.16321,40.04256,622.29,4042.45,2.09,1.87,75.5,-0.427,19.67,20.99,01a58754o0670o
58754.514806,-13.2,1.325,-19058,25245,o,0,0.0,64.16321,40.04256,648.52,4050.97,2.04,1.88,69.9,-0.425,19.72,21.0,01a58754o0677o
58754.521623,0.0,0.0,0,0,o,0,-2.0,64.16321,40.04256,662.3,4081.3,2.05,1.92,64.4,-0.426,19.72,21.0,01a58754o0691o
58754.532912,0.0,0.0,0,0,o,0,-2.0,64.16321,40.04256,681.41,3966.68,2.09,1.82,79.0,-0.438,19.71,20.98,01a58754o0714o
58754.642882,13.075,2.039,21382,43602,o,0,0.0,64.16321,40.04256,9899.93,6438.16,2.39,2.29,88.3,-0.389,18.85,19.33,01a58754o0943o
58758.535418,12.062,0.568,54362,30898,o,0,0.0,64.16321,40.04256,667.64,4102.48,2.34,1.93,74.3,-0.411,19.61,20.89,01a58758o0733o
58758.538687,0.0,0.0,0,0,o,0,-2.0,64.16321,40.04256,600.41,4018.18,2.32,1.88,74.5,-0.412,19.64,20.92,01a58758o0740o
58758.544876,0.0,0.0,0,0,o,0,-2.0,64.16321,40.04256,659.39,4095.04,2.31,1.87,74.6,-0.417,19.65,20.93,01a58758o0753o
58758.555164,0.0,0.0,0,0,o,0,-2.0,64.16321,40.04256,677.44,3978.8,2.31,1.91,74.4,-0.414,19.62,20.93,01a58758o0775o
58762.511014,13.426,1.589,15479,24600,o,0,0.0,64.16321,40.04256,4911.33,7602.12,2.19,1.93,-88.4,-0.432,19.57,20.79,01a58762o0684o
58762.515128,0.0,0.0,0,0,o,0,-2.0,64.16321,40.04256,4845.62,7517.41,2.07,1.95,-13.7,-0.42,19.6,20.8,01a58762o0692o
58762.52238,0.0,0.0,0,0,o,0,-2.0,64.16321,40.04256,4903.18,7595.12,2.16,1.89,-83.9,-0.439,19.59,20.79,01a58762o0707o
58762.532923,0.0,0.0,0,0,o,0,-2.0,64.16321,40.04256,4922.03,7481.5,2.26,1.96,-86.4,-0.431,19.56,20.78,01a58762o0729o
58762.644159,11.484,0.584,92559,54042,o,0,0.0,64.16321,40.04256,5641.54,2964.65,2.17,1.94,84.5,-0.4,18.92,19.29,01a58762o0953o
58764.511665,-14.785,0.181,-4426,799,c,0,2.46,64.16321,40.04256,1443.76,738.86,2.26,2.14,-80.1,-0.445,19.68,21.47,02a58764o0659c
58764.514653,-14.597,0.327,-5264,1722,c,0,1.74,64.16321,40.04256,1464.12,779.56,2.28,2.14,-73.3,-0.45,19.7,21.51,02a58764o0665c
58764.520981,13.06,0.316,21682,6849,c,0,0.54,64.16321,40.04256,1406.08,698.15,2.26,2.14,-79.5,-0.442,19.7,21.49,02a58764o0678c
58764.532487,-16.195,1.011,-1208,1221,c,0,1.23,64.16321,40.04256,1390.61,817.16,2.48,2.17,-58.9,-0.439,19.7,21.47,02a58764o0701c
58768.483468,-12.313,0.285,-43130,12276,o,0,1.41,64.16321,40.04256,1441.6,735.35,2.19,1.99,-65.1,-0.511,17.42,17.54,02a58768o0621o
58768.486824,-12.756,0.501,-28688,14384,o,0,0.74,64.16321,40.04256,1461.98,777.04,2.1,1.86,-57.8,-0.512,17.46,17.5,02a58768o0628o
58768.492954,12.59,0.334,33429,11151,o,0,0.93,64.16321,40.04256,1408.53,697.19,2.29,1.95,-56.7,-0.477,16.71,16.7,02a58768o0641o
58768.503178,14.419,1.01,6202,6262,o,0,1.42,64.16321,40.04256,1390.22,815.54,2.36,2.07,-59.3,-0.512,16.91,17.2,02a58768o0663o
58769.42902,0.0,0.0,0,0,o,0,-2.0,64.16321,40.04256,6504.14,3690.66,2.33,2.02,-86.8,-0.418,18.65,18.93,01a58769o0505o
58769.434446,0.0,0.0,0,0,o,0,-2.0,64.16321,40.04256,6482.62,3652.95,2.22,1.97,-85.3,-0.407,18.72,18.95,01a58769o0516o
58769.437833,0.0,0.0,0,0,o,0,-2.0,64.16321,40.04256,6541.47,3736.19,2.22,2.06,-85.0,-0.406,18.71,18.96,01a58769o0523o
58769.45109,0.0,0.0,0,0,o,0,-2.0,64.16321,40.04256,6560.74,3621.25,2.15,2.04,-86.7,-0.404,18.75,19.01,01a58769o0550o
58770.499137,0.0,0.0,0,0,o,0,-2.0,64.16321,40.04256,6504.13,3692.93,2.01,1.87,-88.9,-0.41,18.91,19.15,01a58770o0670o
58770.501986,0.0,0.0,0,0,o,0,-2.0,64.16321,40.04256,6484.77,3656.4,2.01,1.86,-88.0,-0.419,18.91,19.15,01a58770o0676o
58770.509828,0.0,0.0,0,0,o,0,-2.0,64.16321,40.04256,6539.75,3734.87,2.02,1.87,87.4,-0.419,18.89,19.17,01a58770o0692o
58770.520321,0.0,0.0,0,0,o,0,-2.0,64.16321,40.04256,6558.72,3616.99,2.01,1.88,-82.0,-0.423,18.89,19.19,01a58770o0713o
58771.535818,0.0,0.0,0,0,o,0,-2.0,64.16321,40.04256,5619.41,4860.98,1.96,1.82,39.1,-0.461,18.65,19.03,02a58771o0720o
58771.538696,-11.045,0.398,-138672,55206,o,0,0.0,64.16321,40.04256,5686.52,4945.94,2.0,1.87,38.6,-0.451,18.59,19.02,02a58771o0726o
58771.569141,-12.632,0.953,-32147,30621,o,0,0.0,64.16321,40.04256,4964.47,5708.68,1.91,1.84,18.0,-0.446,18.59,18.79,02a58771o0787o
58778.501802,-14.082,0.294,-8459,2490,o,0,0.46,64.16321,40.04256,8787.19,1347.31,2.12,1.88,-88.8,-0.422,19.49,20.31,01a58778o0599o
58778.507111,-16.024,6.166,-1414,8718,o,0,0.0,64.16321,40.04256,8764.93,1305.83,2.1,1.76,89.7,-0.44,19.52,20.4,01a58778o0610o
58778.510629,-13.464,0.326,-14944,4869,o,0,0.0,64.16321,40.04256,8824.54,1385.72,2.22,1.82,-90.0,-0.429,19.5,20.37,01a58778o0617o
58778.520617,0.0,0.0,0,0,o,0,-2.0,64.16321,40.04256,8798.88,1223.79,2.12,1.89,-82.9,-0.421,19.53,20.41,01a58778o0638o
58780.487089,-13.608,0.573,-13090,7499,c,0,0.59,64.16321,40.04256,7263.12,1008.85,2.36,2.14,-58.7,-0.417,19.69,21.3,02a58780o0650c
58780.489885,-15.301,2.403,-2751,6610,c,0,0.0,64.16321,40.04256,7281.76,1048.22,2.41,2.17,-60.1,-0.415,19.64,21.29,02a58780o0656c
58780.530713,-20.017,83.145,-36,2973,c,0,0.94,64.16321,40.04256,3366.53,9602.93,2.3,2.21,-46.3,-0.423,19.66,21.21,02a58780o0679c
58780.538363,-15.681,0.177,-1938,343,c,0,2.05,64.16321,40.04256,3384.39,9484.65,2.31,2.15,-43.7,-0.424,19.64,21.19,02a58780o0694c
58782.536646,-12.519,0.048,-35681,1703,o,0,35.94,64.16321,40.04256,1823.3,9235.33,2.28,1.85,-87.8,-0.423,16.18,17.33,01a58782o0418o
58782.539879,-12.907,0.097,-24965,2414,o,0,11.47,64.16321,40.04256,1843.04,9273.63,2.27,1.86,-89.3,-0.427,15.04,16.2,01a58782o0425o
58782.548041,-12.948,0.172,-24041,4143,o,0,5.06,64.16321,40.04256,1783.95,9193.73,2.19,1.82,-87.5,-0.432,15.24,16.38,01a58782o0442o
58782.558946,-12.52,0.085,-35654,3028,o,0,10.78,64.16321,40.04256,1765.55,9309.83,2.23,1.83,-85.6,-0.421,15.96,17.06,01a58782o0465o
58788.517573,-17.146,2.27,-503,1142,c,0,1.91,64.16321,40.04256,8844.62,6022.58,2.46,2.37,84.1,-0.401,19.68,21.4,02a58788o0645c
58788.52087,-17.19,0.436,-483,210,c,0,1.33,64.16321,40.04256,8821.79,5984.56,2.84,2.23,32.7,-0.371,19.65,21.43,02a58788o0652c
58788.526022,-16.394,1.534,-1006,1542,c,0,1.95,64.16321,40.04256,8879.17,6067.39,2.38,2.31,-82.0,-0.404,19.77,21.44,02a58788o0663c
58788.536586,-16.283,0.256,-1114,286,c,0,2.33,64.16321,40.04256,8895.73,5949.01,2.6,2.23,35.8,-0.389,19.69,21.46,02a58788o0684c
58790.448188,-13.132,0.698,-20278,14153,o,0,0.0,64.16321,40.04256,7005.2,8004.91,2.02,1.7,-82.5,-0.453,19.66,20.77,01a58790o0578o
58790.451871,13.614,0.882,13015,11484,o,0,0.0,64.16321,40.04256,6985.87,7965.43,2.05,1.77,-84.4,-0.453,19.66,20.78,01a58790o0586o
58790.457408,-13.009,0.567,-22727,12886,o,0,0.0,64.16321,40.04256,7043.27,8044.11,2.11,1.81,-85.7,-0.449,19.67,20.79,01a58790o0598o
58790.470477,-14.435,1.446,-6111,8838,o,0,0.0,64.16321,40.04256,7062.12,7929.42,2.04,1.8,-84.3,-0.453,19.72,20.9,01a58790o0626o
58792.508641,-18.342,9.339,-167,1562,c,0,1.14,64.16321,40.04256,8847.04,6025.89,2.43,2.35,73.3,-0.401,19.7,21.45,02a58792o0701c
58792.513972,-15.457,0.291,-2384,693,c,0,3.21,64.16321,40.04256,8824.41,5987.9,2.62,2.24,34.6,-0.383,19.73,21.44,02a58792o0712c
58792.517194,-16.037,0.268,-1397,374,c,0,1.79,64.16321,40.04256,8881.04,6066.52,2.62,2.31,37.7,-0.385,19.72,21.43,02a58792o0719c
58792.527711,25.412,3580.0,0,889,c,0,2.3,64.16321,40.04256,8898.52,5949.78,2.48,2.4,67.6,-0.397,19.69,21.4,02a58792o0741c
58794.500554,14.734,7.639,4640,35449,o,0,0.0,64.16321,40.04256,5175.56,614.82,2.11,1.9,70.0,-0.43,19.42,20.38,01a58794o0457o
58794.503777,0.0,0.0,0,0,o,0,-2.0,64.16321,40.04256,5148.83,607.69,2.11,1.92,70.4,-0.434,19.42,20.39,01a58794o0464o
58794.509772,0.0,0.0,0,0,o,0,-2.0,64.16321,40.04256,5092.79,528.77,2.13,1.93,73.7,-0.432,19.42,20.45,01a58794o0477o
58794.519916,17.679,29.686,308,9142,o,0,0.73,64.16321,40.04256,5122.6,691.35,2.09,1.93,77.5,-0.426,19.5,20.59,01a58794o0499o
58796.459763,-12.021,0.011,-56426,618,o,0,307.2,64.16321,40.04256,7793.92,8971.03,2.32,2.15,-61.1,-0.503,17.88,18.7,02a58796o0606o
58796.463002,-13.378,1.377,-16179,22275,o,0,1.04,64.16321,40.04256,7813.49,9010.43,2.41,2.21,-60.0,-0.453,18.87,19.57,02a58796o0613o
58796.469139,0.0,0.0,0,0,o,0,-2.0,64.16321,40.04256,2805.05,1600.94,2.11,1.84,-57.3,-0.458,18.85,19.49,02a58796o0626o
58796.479811,0.0,0.0,0,0,o,0,-2.0,64.16321,40.04256,2820.74,1484.92,2.04,1.83,-57.4,-0.463,19.18,19.76,02a58796o0648o
58797.558555,-11.964,0.533,-59492,31693,o,0,0.0,64.16321,40.04256,5181.02,606.87,2.09,1.83,81.5,-0.443,18.94,19.43,01a58797o0663o
58797.561478,13.223,2.893,18662,53990,o,0,0.0,64.16321,40.04256,5200.72,645.89,1.99,1.83,79.0,-0.427,19.0,19.43,01a58797o0669o
58797.575215,-12.804,1.032,-27444,28317,o,0,0.0,64.16321,40.04256,5148.39,568.86,2.08,1.85,77.7,-0.439,18.94,19.38,01a58797o0697o
58797.586006,0.0,0.0,0,0,o,0,-2.0,64.16321,40.04256,5088.37,641.18,2.03,1.88,81.1,-0.434,18.9,19.36,01a58797o0719o
58798.473073,0.0,0.0,0,0,o,0,-2.0,64.16321,40.04256,5323.11,9901.81,2.36,2.04,-80.0,-0.43,18.73,19.07,01a58798o0344o
58798.476435,-15.641,33.523,-2012,67462,o,0,0.0,64.16321,40.04256,5191.78,655.21,2.11,1.87,69.4,-0.448,18.71,18.95,01a58798o0351o
58798.483305,0.0,0.0,0,0,o,0,-2.0,64.16321,40.04256,5089.28,530.18,2.2,2.04,-19.5,-0.398,18.79,18.94,01a58798o0365o
58798.499001,13.715,0.76,11856,9014,o,0,0.52,64.16321,40.04256,5120.24,690.86,2.08,1.86,77.7,-0.443,18.71,18.94,01a58798o0398o
58804.443524,-13.853,0.736,-10438,7682,o,0,1.09,64.16321,40.04256,5792.52,9078.38,2.16,2.12,-27.8,-0.452,19.15,19.93,02a58804o0557o
58804.447382,0.0,0.0,0,0,o,0,-2.0,64.16321,40.04256,4751.36,1415.82,1.94,1.85,39.6,-0.449,19.21,19.92,02a58804o0565o
58804.453582,-13.153,0.321,-19901,6380,o,0,1.57,64.16321,40.04256,5756.37,9043.62,2.31,2.16,41.6,-0.436,19.12,19.93,02a58804o0577o
58804.464881,0.0,0.0,0,0,o,0,-2.0,64.16321,40.04256,4825.34,1375.9,2.08,1.98,-55.5,-0.443,19.11,19.89,02a58804o0601o
58814.411766,0.0,0.0,0,0,o,0,-2.0,64.16321,40.04256,714.18,1727.14,2.22,1.83,72.9,-0.483,19.67,21.09,01a58814o0470o
58814.415248,0.0,0.0,0,0,o,0,-2.0,64.16321,40.04256,9806.66,8754.96,2.71,1.79,-88.0,-0.391,19.68,21.14,01a58814o0477o
58814.421156,11.271,1.996,112595,224715,o,0,0.0,64.16321,40.04256,800.01,1814.15,2.22,1.76,76.1,-0.494,19.62,21.04,01a58814o0489o
58814.434371,16.898,51.705,632,32678,o,0,0.0,64.16321,40.04256,9774.27,8836.31,2.62,1.84,-88.8,-0.383,19.56,21.0,01a58814o0517o
58816.335018,-14.858,2.524,-4140,10448,c,0,0.61,64.16321,40.04256,9155.93,864.41,2.51,2.39,-50.4,-0.409,19.58,21.55,02a58816o0326c
58816.338567,15.513,2.434,2264,5511,c,0,0.94,64.16321,40.04256,9176.79,903.77,2.46,2.35,-52.4,-0.411,19.6,21.55,02a58816o0333c
58816.349061,14.32,0.617,6790,4190,c,0,2.66,64.16321,40.04256,9120.27,827.98,2.85,2.51,-47.5,-0.395,19.58,21.54,02a58816o0355c
58816.355239,14.96,1.669,3768,6288,c,0,0.0,64.16321,40.04256,9101.51,950.42,2.68,2.3,-51.8,-0.415,19.65,21.55,02a58816o0366c
58818.590698,-12.734,0.11,-29267,3214,o,0,20.1,64.16321,40.04256,7576.53,2818.71,2.11,1.76,-83.5,-0.434,15.64,16.97,01a58818o0566o
58818.596578,-12.19,0.298,-48292,14373,o,0,6.42,64.16321,40.04256,7595.53,2858.0,2.3,1.64,89.1,-0.448,13.81,15.22,01a58818o0578o
58820.416472,14.171,1.136,7792,8848,o,0,0.18,64.16321,40.04256,6003.34,6754.41,2.34,2.03,44.6,-0.441,19.53,21.17,02a58820o0252o
58820.420156,0.0,0.0,0,0,o,0,-2.0,64.16321,40.04256,4557.59,3747.36,2.07,1.8,30.8,-0.453,19.69,21.16,02a58820o0259o
58820.425674,0.0,0.0,0,0,o,0,-2.0,64.16321,40.04256,4613.01,3825.16,2.17,1.8,31.7,-0.451,19.6,21.09,02a58820o0270o
58820.435438,0.0,0.0,0,0,o,0,-2.0,64.16321,40.04256,4628.87,3707.28,1.94,1.86,19.9,-0.451,19.6,21.13,02a58820o0290o
58822.332911,12.887,1.234,25425,31367,o,0,0.0,64.16321,40.04256,3004.48,7727.28,2.24,1.8,89.5,-0.434,19.2,20.13,01a58822o0336o
58822.33782,-13.361,2.203,-16426,36192,o,0,0.0,64.16321,40.04256,2984.98,7685.75,2.2,1.77,89.8,-0.438,17.94,18.46,01a58822o0346o
58822.343275,-11.853,0.0,-65887,18,o,0,47017.63,64.16321,40.04256,3043.67,7764.6,1.91,1.73,-79.9,-0.421,16.9,17.36,01a58822o0357o
58822.353336,0.0,0.0,0,0,o,0,-2.0,64.16321,40.04256,3015.54,7601.84,1.95,1.72,-86.9,-0.446,19.07,19.66,01a58822o0378o
58824.489211,0.0,0.0,0,0,o,0,-2.0,64.16321,40.04256,4546.76,3783.32,1.93,1.92,54.1,-0.45,19.22,20.0,02a58824o0590o
58824.492956,0.0,0.0,0,0,o,0,-2.0,64.16321,40.04256,4525.93,3743.5,2.1,2.06,41.9,-0.438,19.08,20.02,02a58824o0598o
58824.49923,14.661,4.88,4960,24205,o,0,0.0,64.16321,40.04256,4628.23,3868.04,2.4,1.82,38.3,-0.45,19.17,20.02,02a58824o0610o
58824.509382,-14.819,1.363,-4288,5846,o,0,0.0,64.16321,40.04256,4648.26,3753.55,2.19,2.15,48.8,-0.428,19.1,20.06,02a58824o0630o
58826.394179,0.0,0.0,0,0,o,0,-2.0,64.16321,40.04256,6728.46,1374.46,2.11,2.04,-70.9,-0.429,19.0,19.44,01a58826o0426o
58826.397927,16.803,52.789,690,36431,o,0,0.0,64.16321,40.04256,3847.05,9188.02,2.33,1.97,-85.3,-0.431,18.91,19.38,01a58826o0433o
58826.404963,13.777,1.052,11199,11786,o,0,1.3,64.16321,40.04256,3788.89,9109.24,2.3,1.91,-86.5,-0.434,18.9,19.38,01a58826o0447o
58826.415434,15.985,3.566,1466,5227,o,0,1.48,64.16321,40.04256,3771.93,9224.15,2.42,2.07,-83.2,-0.43,18.84,19.38,01a58826o0469o
58836.360244,13.847,1.453,10504,15260,o,0,0.0,64.16321,40.04256,9551.92,4656.01,2.35,2.03,-64.1,-0.442,19.64,21.08,02a58836o0354o
58836.36299,0.0,0.0,0,0,o,0,-2.0,64.16321,40.04256,9527.14,4649.69,2.41,2.0,-65.3,-0.44,19.64,21.09,02a58836o0360o
58836.373412,-14.026,2.288,-8901,20364,o,0,0.0,64.16321,40.04256,1070.63,5951.48,2.39,1.84,-57.4,-0.452,19.62,21.09,02a58836o0381o
58836.385808,-14.158,3.285,-7883,25898,o,0,0.0,64.16321,40.04256,1090.62,5836.2,1.98,1.81,-47.0,-0.455,19.75,21.11,02a58836o0407o
58838.358919,-15.342,2.304,-2651,6108,o,0,0.0,64.16321,40.04256,8910.07,7950.56,3.05,2.51,-84.9,-0.381,19.18,20.72,01a58838o0377o
58838.362353,-15.815,1.513,-1714,2593,o,0,0.91,64.16321,40.04256,8890.67,7914.04,3.19,2.61,-82.8,-0.378,19.28,20.88,01a58838o0384o
58838.368513,15.335,1.151,2666,3068,o,0,2.35,64.16321,40.04256,1604.32,2592.27,3.11,2.63,73.0,-0.388,19.26,20.86,01a58838o0397o
58838.384334,-16.634,1.577,-806,1272,o,0,0.71,64.16321,40.04256,1588.2,2706.0,3.27,2.82,78.0,-0.375,18.85,20.49,01a58838o0430o
58844.535996,-16.266,0.236,-1131,267,c,0,1.44,64.16321,40.04256,2961.48,5775.25,2.61,2.25,35.3,-0.387,19.57,21.38,02a58844o0151c
58844.540211,-16.442,1.117,-962,1074,c,0,1.67,64.16321,40.04256,2943.01,5737.52,2.66,2.26,36.6,-0.378,19.55,21.34,02a58844o0160c
58844.545306,-14.281,0.285,-7040,2006,c,0,1.0,64.16321,40.04256,3002.2,5811.8,2.44,2.21,32.9,-0.397,19.57,21.31,02a58844o0171c
58844.555256,-16.875,1.415,-646,913,c,0,2.08,64.16321,40.04256,3021.45,5703.64,2.64,2.26,37.8,-0.382,19.52,21.27,02a58844o0192c
58846.37069,0.0,0.0,0,0,o,0,-2.0,64.16321,40.04256,7913.23,6531.3,2.4,1.78,-86.7,-0.434,19.71,21.15,01a58846o0389o
58846.373714,-14.291,5.463,-6977,38113,o,0,0.0,64.16321,40.04256,7978.82,6615.31,2.08,1.78,-83.9,-0.433,19.78,21.15,01a58846o0395o
58846.379427,-13.185,1.734,-19316,33498,o,0,0.0,64.16321,40.04256,7918.91,6539.07,2.12,1.8,-85.1,-0.432,19.76,21.17,01a58846o0407o
58846.389657,-14.02,4.32,-8954,38681,o,0,0.0,64.16321,40.04256,7901.92,6654.36,2.3,1.77,-85.8,-0.432,19.73,21.15,01a58846o0429o
58866.391798,0.0,0.0,0,0,o,0,-2.0,64.16321,40.04256,5619.13,4824.11,2.25,1.87,-85.9,-0.403,19.6,20.98,01a58866o0383o
58866.395203,0.0,0.0,0,0,o,0,-2.0,64.16321,40.04256,5638.44,4862.82,2.19,1.82,-85.6,-0.404,19.62,20.97,01a58866o0390o
58866.406362,-12.372,0.468,-40852,19110,o,0,2.33,64.16321,40.04256,5626.2,4832.7,2.36,2.05,-79.4,-0.408,19.54,20.93,01a58866o0413o
58866.412209,0.0,0.0,0,0,o,0,-2.0,64.16321,40.04256,5562.05,4904.09,2.27,1.9,-86.2,-0.403,19.6,20.92,01a58866o0425o
58867.430025,-16.473,0.442,-935,413,c,0,1.4,64.16321,40.04256,4880.26,7607.05,2.66,2.6,-42.9,-0.41,19.56,21.45,02a58867o0503c
58867.433233,-15.607,0.225,-2075,468,c,0,2.14,64.16321,40.04256,4862.01,7567.29,2.41,2.35,-24.7,-0.421,19.66,21.45,02a58867o0510c
58867.441323,-20.199,33.757,-30,1020,c,0,1.37,64.16321,40.04256,4917.97,7646.01,2.47,2.34,32.9,-0.41,19.67,21.43,02a58867o0527c
58867.451917,13.846,0.389,10510,4084,c,0,3.57,64.16321,40.04256,4939.86,7526.64,2.37,2.19,-42.9,-0.434,19.68,21.39,02a58867o0549c
58868.371954,-18.421,0.113,-156,18,c,0,1.4,64.16321,40.04256,4873.11,7611.63,3.0,2.95,60.8,-0.382,19.51,21.46,02a58868o0380c
58868.375749,17.493,5.261,365,1922,c,0,1.18,64.16321,40.04256,4854.26,7572.14,2.46,2.39,-52.1,-0.407,19.64,21.47,02a58868o0388c
58868.381753,-16.051,2.401,-1378,3310,c,0,0.0,64.16321,40.04256,4911.59,7649.48,2.41,2.39,-53.0,-0.413,19.67,21.48,02a58868o0401c
58868.392604,17.271,4.629,448,2074,c,0,1.0,64.16321,40.04256,4931.26,7536.03,2.48,2.42,-57.8,-0.416,19.67,21.46,02a58868o0424c
58870.307004,0.0,0.0,0,0,o,0,-2.0,64.16321,40.04256,5613.01,4823.25,2.33,1.87,-89.2,-0.416,19.61,21.02,01a58870o0237o
58870.310225,14.397,2.927,6328,18521,o,0,0.0,64.16321,40.04256,5678.99,4907.56,2.38,1.98,-88.5,-0.414,19.54,21.01,01a58870o0244o
58870.315797,-12.686,0.556,-30591,17012,o,0,0.0,64.16321,40.04256,5620.89,4829.74,2.38,1.95,-87.6,-0.414,19.56,21.03,01a58870o0256o
58870.326401,-12.954,0.498,-23902,11900,o,0,0.0,64.16321,40.04256,5603.93,4945.67,2.54,2.04,-87.2,-0.403,19.49,21.01,01a58870o0279o
58872.301716,14.285,0.575,7013,4034,c,0,0.0,64.16321,40.04256,4878.22,7619.52,2.27,2.21,-53.2,-0.425,19.84,21.59,02a58872o0228c
58872.304918,14.166,0.567,7827,4437,c,0,0.09,64.16321,40.04256,4859.86,7580.53,2.31,2.23,-48.6,-0.422,19.8,21.6,02a58872o0235c
58872.310867,-16.5,2.563,-912,2337,c,0,0.82,64.16321,40.04256,4916.06,7657.05,2.32,2.25,-46.7,-0.421,19.82,21.58,02a58872o0248c
58872.321064,15.433,1.712,2437,4171,c,0,0.0,64.16321,40.04256,4936.74,7540.79,2.3,2.25,-37.0,-0.418,19.81,21.57,02a58872o0270c
58874.361107,0.0,0.0,0,0,o,0,-2.0,64.16321,40.04256,7180.68,914.14,2.14,1.9,-76.3,-0.425,19.66,20.93,01a58874o0351o
58874.363962,0.0,0.0,0,0,o,0,-2.0,64.16321,40.04256,7199.07,953.21,2.22,1.91,-82.3,-0.433,19.6,20.97,01a58874o0357o
58874.370416,0.0,0.0,0,0,o,0,-2.0,64.16321,40.04256,7143.28,876.7,2.32,1.88,-85.5,-0.44,19.57,21.0,01a58874o0371o
58874.380251,0.0,0.0,0,0,o,0,-2.0,64.16321,40.04256,7126.05,995.44,2.22,1.89,-82.4,-0.433,19.59,20.99,01a58874o0392o
58876.451375,-15.66,0.345,-1976,681,c,0,2.55,64.16321,40.04256,6537.02,3752.84,2.41,2.38,-20.6,-0.401,18.98,20.54,02a58876o0522c
58876.453205,-16.805,0.733,-688,505,c,0,1.25,64.16321,40.04256,6515.03,3718.16,2.69,2.38,34.7,-0.393,18.9,20.55,02a58876o0526c
58876.45727,13.689,0.003,12146,33,c,0,6219.02,64.16321,40.04256,6574.11,3796.68,2.68,2.36,33.1,-0.393,18.43,19.94,02a58876o0534c
58876.465668,14.741,0.004,4609,18,c,0,2375.82,64.16321,40.04256,6595.41,3676.01,2.58,2.45,24.9,-0.394,18.27,19.65,02a58876o0550c
58878.321134,13.954,3.2,9515,30446,o,0,0.0,64.16321,40.04256,7222.76,959.58,2.47,2.2,-83.0,-0.411,19.44,20.75,01a58878o0207o
58878.32444,0.0,0.0,0,0,o,0,-2.0,64.16321,40.04256,7196.5,952.62,2.18,1.97,-78.8,-0.419,19.54,20.78,01a58878o0214o
58878.329553,0.0,0.0,0,0,o,0,-2.0,64.16321,40.04256,7140.34,875.83,2.32,2.07,-83.6,-0.416,19.47,20.8,01a58878o0225o
58878.341334,-12.095,0.504,-52739,26588,o,0,0.0,64.16321,40.04256,7167.72,1039.57,2.27,1.98,-83.3,-0.413,19.52,20.81,01a58878o0250o
58882.359814,-14.09,0.665,-8398,5588,o,0,1.79,64.16321,40.04256,1744.79,4558.34,2.75,2.09,87.1,-0.394,18.99,19.72,01a58882o0337o
58882.362666,12.447,0.585,38110,22280,o,0,1.34,64.16321,40.04256,1764.49,4597.23,2.38,1.96,85.4,-0.421,19.08,19.73,01a58882o0343o
58882.370519,14.556,1.107,5465,6051,o,0,1.21,64.16321,40.04256,1706.85,4517.85,2.76,2.12,86.6,-0.399,19.0,19.69,01a58882o0360o
58882.383584,13.82,0.766,10761,8246,o,0,1.27,64.16321,40.04256,1688.61,4633.6,2.87,2.13,86.0,-0.393,18.93,19.63,01a58882o0388o
58883.447723,-15.974,0.824,-1480,1221,o,0,1.07,64.16321,40.04256,8791.34,1365.62,4.53,3.74,-50.7,-0.325,17.95,18.87,02a58883o0517o
58883.45308,-16.642,2.634,-800,2109,o,0,0.7,64.16321,40.04256,8771.76,1326.38,3.89,3.21,-52.9,-0.342,18.11,18.83,02a58883o0527o
58885.339537,-12.017,0.552,-56673,31288,o,0,0.0,64.16321,40.04256,1737.24,4550.55,2.3,1.94,86.9,-0.41,18.72,19.01,01a58885o0152o
58885.344097,-11.466,0.311,-94128,29296,o,0,0.75,64.16321,40.04256,1758.58,4592.16,2.41,1.84,86.4,-0.406,18.76,18.99,01a58885o0161o
58885.349927,13.69,3.627,12132,44003,o,0,0.0,64.16321,40.04256,1700.34,4512.36,2.37,1.81,85.1,-0.415,18.73,18.96,01a58885o0172o
58885.363891,13.826,1.181,10705,12645,o,0,1.17,64.16321,40.04256,1686.46,4628.79,2.39,1.8,86.0,-0.422,18.68,18.9,01a58885o0200o
58886.324475,-13.948,0.081,-9568,776,o,0,184.3,64.16321,40.04256,1739.71,4554.85,2.8,1.69,50.5,-0.422,16.73,17.1,01a58886o0104o
58886.327773,-12.871,0.093,-25802,2407,o,0,8.18,64.16321,40.04256,1760.68,4593.9,3.97,1.75,47.6,-0.397,16.45,16.86,01a58886o0111o
58894.264514,0.0,0.0,0,0,o,0,-2.0,64.16321,40.04256,7778.63,8853.75,1.97,1.75,-85.8,-0.4,19.6,20.69,01a58894o0132o
58894.267311,0.0,0.0,0,0,o,0,-2.0,64.16321,40.04256,7799.29,8892.27,2.01,1.81,-84.9,-0.396,19.62,20.69,01a58894o0138o
58894.273336,0.0,0.0,0,0,o,0,-2.0,64.16321,40.04256,7738.69,8816.14,2.01,1.8,-82.3,-0.399,19.6,20.7,01a58894o0151o
58894.283505,0.0,0.0,0,0,o,0,-2.0,64.16321,40.04256,7719.38,8933.94,1.9,1.86,-4.6,-0.394,19.6,20.74,01a58894o0173o
58900.311223,15.626,0.001,2040,2,c,0,11358.36,64.16321,40.04256,5322.89,9956.13,2.83,2.41,-50.2,-0.405,19.58,21.36,02a58900o0210c
58900.31263,-16.213,0.002,-1188,3,c,0,3644.19,64.16321,40.04256,5305.57,9915.93,2.82,2.4,-49.8,-0.405,19.62,21.38,02a58900o0213c
58900.316785,-17.509,0.009,-360,3,c,0,2495.28,64.16321,40.04256,5362.35,9995.76,2.73,2.39,-45.9,-0.418,19.66,21.37,02a58900o0221c
58900.327959,14.342,0.0,6653,3,c,0,33610.44,64.16321,40.04256,5383.49,9876.7,2.91,2.56,-50.5,-0.401,19.55,21.36,02a58900o0244c
58902.254084,0.0,0.0,0,0,o,0,-2.0,64.16321,40.04256,5784.21,8990.29,2.18,1.74,-78.8,-0.436,19.45,20.39,01a58902o0106o
58902.256912,0.0,0.0,0,0,o,0,-2.0,64.16321,40.04256,5804.42,9028.57,2.11,1.71,-80.2,-0.439,19.49,20.39,01a58902o0112o
58902.264288,-13.088,2.467,-21131,52141,o,0,0.0,64.16321,40.04256,5790.75,8997.47,2.24,1.8,-80.1,-0.437,19.4,20.37,01a58902o0128o
58902.275557,0.0,0.0,0,0,o,0,-2.0,64.16321,40.04256,5725.49,9068.01,2.29,1.79,-80.4,-0.446,19.4,20.46,01a58902o0152o
58906.363257,0.0,0.0,0,0,o,0,-2.0,64.16321,40.04256,9083.21,772.84,2.6,2.12,-77.9,-0.404,19.25,20.34,01a58906o0286o
58906.366526,0.0,0.0,0,0,o,0,-2.0,64.16321,40.04256,9102.48,813.59,2.53,2.14,-73.8,-0.398,19.18,20.32,01a58906o0293o
58906.37165,-12.138,0.787,-50661,39892,o,0,0.0,64.16321,40.04256,9090.79,784.6,2.57,2.16,-75.2,-0.396,19.21,20.37,01a58906o0304o
58906.381465,15.31,20.015,2728,54606,o,0,0.0,64.16321,40.04256,9070.99,907.23,2.52,2.16,-77.4,-0.399,19.17,20.26,01a58906o0325o
58910.232819,-12.216,0.756,-47152,35636,o,0,0.0,64.16321,40.04256,9100.09,801.55,2.51,2.07,-22.2,-0.334,19.18,19.75,01a58910o0048o
58910.236396,0.0,0.0,0,0,o,0,-2.0,64.16321,40.04256,9073.28,793.53,2.35,1.98,-23.0,-0.352,19.24,19.78,01a58910o0055o
58910.243435,15.195,3.627,3034,11003,o,0,0.0,64.16321,40.04256,9063.57,762.63,2.97,2.12,-9.3,-0.354,19.1,19.78,01a58910o0068o
58910.254621,-13.736,0.712,-11632,8286,o,0,0.0,64.16321,40.04256,9049.67,883.32,2.74,2.03,-11.3,-0.323,19.12,19.77,01a58910o0091o
58912.241774,-13.86,0.487,-10378,5058,o,0,0.0,64.16321,40.04256,6891.96,6094.39,2.5,1.89,37.0,-0.429,18.91,19.39,02a58912o0019o
58912.245216,15.635,2.159,2023,4368,o,0,0.59,64.16321,40.04256,6870.74,6054.41,2.5,1.88,37.1,-0.432,18.93,19.38,02a58912o0026o
58912.251258,14.038,0.669,8807,5888,o,0,1.41,64.16321,40.04256,6926.59,6131.29,2.26,1.86,37.5,-0.456,18.94,19.37,02a58912o0039o
58912.264629,16.08,12.248,1342,16442,o,0,0.0,64.16321,40.04256,6946.49,6013.19,2.12,1.93,41.7,-0.455,18.91,19.31,02a58912o0068o
58914.278057,0.0,0.0,0,0,o,0,-2.0,64.16321,40.04256,5936.47,6660.48,2.26,1.81,-1.8,-0.369,18.94,19.35,01a58914o0134o
58914.281399,0.0,0.0,0,0,o,0,-2.0,64.16321,40.04256,5956.59,6699.86,2.13,1.77,-2.2,-0.385,18.99,19.34,01a58914o0141o
58914.286621,0.0,0.0,0,0,o,0,-2.0,64.16321,40.04256,5897.63,6625.02,2.24,1.85,-2.2,-0.369,18.93,19.32,01a58914o0152o
58914.296599,0.0,0.0,0,0,o,0,-2.0,64.16321,40.04256,5880.26,6742.83,2.22,1.86,-0.1,-0.373,18.89,19.28,01a58914o0173o
58918.227862,0.0,0.0,0,0,o,0,-2.0,64.16321,40.04256,5927.26,6661.88,2.16,1.76,-4.4,-0.384,18.94,19.33,01a58918o0035o
58918.231089,0.0,0.0,0,0,o,0,-2.0,64.16321,40.04256,5948.78,6700.7,2.41,1.89,-0.9,-0.366,18.94,19.4,01a58918o0042o
58922.256597,-13.467,0.042,-14907,632,o,0,81.88,64.16321,40.04256,9461.06,2649.36,2.77,2.06,-6.7,-0.327,16.82,17.94,01a58922o0091o
58922.260387,-13.936,0.227,-9670,2198,o,0,15.51,64.16321,40.04256,9480.91,2689.26,2.33,1.94,-16.9,-0.379,14.35,15.51,01a58922o0099o
58922.266195,-13.643,0.209,-12671,2652,o,0,19.25,64.16321,40.04256,9423.55,2615.56,2.47,1.97,-11.0,-0.358,15.18,16.33,01a58922o0111o
58922.297405,15.832,0.005,1688,9,o,0,51980.09,64.16321,40.04256,9404.71,2740.65,2.43,1.92,-7.2,-0.351,17.89,18.9,01a58922o0131o
58932.227735,-17.124,16.876,-513,8664,c,0,0.0,64.16321,40.04256,6790.93,1436.3,2.24,2.18,-87.5,-0.405,18.78,19.76,02a58932o0022c
58932.231001,-14.153,0.302,-7920,2394,c,0,2.22,64.16321,40.04256,6771.8,1395.18,2.25,2.19,-84.0,-0.402,19.22,20.35,02a58932o0029c
58932.236154,14.502,1.266,5746,7273,c,0,0.0,64.16321,40.04256,6829.74,1473.7,2.27,2.22,-86.1,-0.402,19.48,20.83,02a58932o0040c
58932.248275,-14.502,0.797,-5743,4580,c,0,0.0,64.16321,40.04256,6850.63,1353.83,2.29,2.23,-77.0,-0.403,19.5,20.99,02a58932o0066c
59062.582858,-13.09,0.612,-21079,12897,o,0,0.0,64.16321,40.04256,9120.62,9823.54,2.68,2.28,14.1,-0.41,18.9,19.81,01a59062o0705o
59062.600369,-17.028,4.365,-561,2447,o,0,0.49,64.16321,40.04256,9107.34,9782.16,2.59,2.35,26.0,-0.38,19.36,20.72,01a59062o0743o
59062.61609,-14.058,0.623,-8646,5383,o,0,0.0,64.16321,40.04256,9166.32,9858.97,2.16,1.94,27.7,-0.414,19.49,20.54,01a59062o0776o
59062.625329,16.276,4.264,1121,4781,o,0,0.0,64.16321,40.04256,9188.01,9741.81,2.38,2.13,26.5,-0.396,18.69,19.14,01a59062o0796o
59064.60338,-12.414,0.003,-39295,133,o,0,6288.61,64.16321,40.04256,9776.59,6476.53,2.78,2.22,3.0,-0.611,17.76,18.25,02a59064o0783o
59064.608874,-13.674,0.052,-12309,638,o,0,200.36,64.16321,40.04256,9793.6,6514.65,3.0,2.27,1.6,-0.642,17.62,18.18,02a59064o0794o
59068.607805,-14.031,0.94,-8864,8331,o,0,0.91,64.16321,40.04256,5668.87,2957.15,2.71,2.01,39.3,-0.463,19.07,19.91,02a59068o0715o
59068.612628,14.208,0.78,7531,5876,o,0,0.9,64.16321,40.04256,5690.03,2995.62,2.29,1.89,42.3,-0.457,19.17,19.93,02a59068o0725o
59068.617573,-13.896,0.483,-10041,4849,o,0,2.11,64.16321,40.04256,5625.99,2919.16,2.18,1.85,37.0,-0.456,19.19,19.91,02a59068o0735o
59070.593722,0.0,0.0,0,0,o,0,-2.0,64.16321,40.04256,4877.21,5613.44,2.27,2.04,-7.3,-0.369,19.22,20.05,01a59070o0781o
59070.599263,13.785,0.539,11118,5995,o,0,0.0,64.16321,40.04256,4905.52,5622.2,2.43,2.21,-7.0,-0.373,19.2,20.07,01a59070o0793o
59070.617346,0.0,0.0,0,0,o,0,-2.0,64.16321,40.04256,4918.86,5654.07,2.2,2.03,-7.3,-0.373,19.26,20.04,01a59070o0832o
59070.622894,14.096,2.48,8352,20709,o,0,0.0,64.16321,40.04256,4984.27,5582.97,2.5,2.24,-3.9,-0.362,19.04,19.87,01a59070o0844o
59074.590094,0.0,0.0,0,0,o,0,-2.0,64.16321,40.04256,3281.29,9507.34,1.98,1.86,-9.2,-0.396,19.47,20.43,01a59074o0625o
59074.61223,0.0,0.0,0,0,o,0,-2.0,64.16321,40.04256,3265.84,9470.3,1.85,1.75,-66.5,-0.434,19.54,20.47,01a59074o0671o
59074.623268,14.249,2.682,7252,19450,o,0,0.0,64.16321,40.04256,3368.69,9595.77,2.34,2.09,-6.9,-0.355,19.23,20.22,01a59074o0694o
59074.628354,0.0,0.0,0,0,o,0,-2.0,64.16321,40.04256,3342.23,9432.16,1.98,1.87,-48.3,-0.424,19.06,19.57,01a59074o0705o
59078.60221,0.0,0.0,0,0,o,0,-2.0,64.16321,40.04256,3283.94,9509.57,2.22,2.11,-20.0,-0.388,19.48,20.81,01a59078o0805o
59078.61863,0.0,0.0,0,0,o,0,-2.0,64.16321,40.04256,3264.38,9469.56,2.08,1.92,-10.8,-0.404,19.5,20.72,01a59078o0837o
59078.623245,0.0,0.0,0,0,o,0,-2.0,64.16321,40.04256,3322.22,9549.83,2.21,2.11,-14.9,-0.394,19.42,20.59,01a59078o0847o
59078.626007,0.0,0.0,0,0,o,0,-2.0,64.16321,40.04256,3341.81,9434.11,2.15,2.01,-4.5,-0.395,19.32,20.31,01a59078o0853o
59080.599352,-16.726,0.665,-741,492,c,0,1.26,64.16321,40.04256,4018.94,6815.14,2.69,2.41,43.7,-0.388,19.57,21.47,02a59080o0794c
59080.603481,15.202,0.629,3014,1897,c,0,1.92,64.16321,40.04256,4039.32,6855.51,2.64,2.36,43.1,-0.389,19.59,21.48,02a59080o0803c
59080.622303,-16.173,0.554,-1233,683,c,0,0.99,64.16321,40.04256,3978.1,6779.52,3.22,2.49,40.1,-0.348,19.44,21.35,02a59080o0843c
59080.634505,-14.497,1.181,-5769,6812,c,0,1.84,64.16321,40.04256,3962.4,6895.48,2.71,2.39,38.2,-0.377,18.44,19.66,02a59080o0869c
59082.604699,15.483,0.484,2327,1125,o,0,0.91,64.16321,40.04256,8837.74,6010.71,2.69,2.65,73.5,-0.378,19.27,20.58,01a59082o0819o
59082.609804,-17.845,9.643,-264,2548,o,0,0.0,64.16321,40.04256,8821.41,5969.88,2.51,2.32,8.8,-0.366,19.37,20.57,01a59082o0830o
59082.62505,-17.278,5.765,-446,2569,o,0,1.56,64.16321,40.04256,8876.53,6047.94,2.67,2.51,10.1,-0.37,19.27,20.43,01a59082o0862o
59082.628836,-16.499,4.442,-913,4054,o,0,2.91,64.16321,40.04256,8894.6,5932.82,2.55,2.29,4.1,-0.375,19.14,20.03,01a59082o0870o
59086.569987,-14.503,1.229,-5737,7053,o,0,0.0,64.16321,40.04256,8845.39,6014.51,2.1,2.07,-61.3,-0.406,19.59,20.73,01a59086o0748o
59086.575536,0.0,0.0,0,0,o,0,-2.0,64.16321,40.04256,8780.82,5928.35,2.13,2.12,79.5,-0.4,19.57,20.75,01a59086o0760o
59086.579217,19.237,29.248,73,2144,o,0,2.25,64.16321,40.04256,8885.36,6054.92,2.59,2.56,-41.8,-0.373,19.36,20.77,01a59086o0768o
59086.591765,0.0,0.0,0,0,o,0,-2.0,64.16321,40.04256,8859.0,5893.54,2.26,2.09,-84.9,-0.411,19.58,20.84,01a59086o0795o
59088.58466,-20.01,0.369,-36,13,c,0,26.8,64.16321,40.04256,1776.87,9205.13,2.4,2.18,-56.8,-0.45,19.68,21.6,02a59088o0767c
59088.593415,-19.213,7.026,-75,526,c,0,1.88,64.16321,40.04256,1796.48,9244.32,2.37,2.2,-63.1,-0.447,19.71,21.62,02a59088o0786c
59088.61251,-17.62,0.481,-325,156,c,0,5.23,64.16321,40.04256,1733.89,9165.45,2.42,2.23,-60.6,-0.442,19.66,21.61,02a59088o0827c
59088.621868,-16.186,0.441,-1218,537,c,0,1.29,64.16321,40.04256,1717.4,9283.92,2.47,2.29,-57.8,-0.441,19.64,21.56,02a59088o0847c
59090.58644,0.0,0.0,0,0,o,0,-2.0,64.16321,40.04256,2736.38,1557.55,2.16,1.96,-12.2,-0.403,19.72,21.17,01a59090o0792o
59090.596261,0.0,0.0,0,0,o,0,-2.0,64.16321,40.04256,2715.21,1522.73,2.32,1.97,-13.9,-0.386,19.7,21.19,01a59090o0811o
59090.599947,0.0,0.0,0,0,o,0,-2.0,64.16321,40.04256,2773.58,1598.56,2.13,1.95,-11.8,-0.403,19.73,21.19,01a59090o0819o
59090.618154,0.0,0.0,0,0,o,0,-2.0,64.16321,40.04256,2787.86,1484.86,2.3,2.03,-12.1,-0.392,19.69,21.17,01a59090o0857o
59092.58459,16.772,8.027,710,5699,o,0,1.22,64.16321,40.04256,3575.88,2551.45,2.24,2.04,53.8,-0.437,19.08,19.78,02a59092o0789o
59092.588765,13.569,1.99,13566,26996,o,0,0.0,64.16321,40.04256,3594.52,2591.61,2.36,2.01,44.4,-0.451,19.08,19.83,02a59092o0798o
59092.598719,12.336,0.548,42211,23146,o,0,9.64,64.16321,40.04256,3541.51,2512.85,2.27,1.94,46.8,-0.453,19.13,19.96,02a59092o0819o
59092.610225,14.007,1.615,9062,14634,o,0,0.0,64.16321,40.04256,3523.46,2629.73,2.14,1.87,52.3,-0.459,19.33,20.21,02a59092o0844o
59094.581541,0.0,0.0,0,0,o,0,-2.0,64.16321,40.04256,2734.85,1564.7,2.14,2.02,0.7,-0.41,18.91,19.35,01a59094o0784o
59094.584802,0.0,0.0,0,0,o,0,-2.0,64.16321,40.04256,2712.97,1523.17,2.15,2.02,-1.3,-0.398,18.91,19.37,01a59094o0791o
59094.604713,0.0,0.0,0,0,o,0,-2.0,64.16321,40.04256,2771.88,1609.07,2.24,2.13,-9.8,-0.401,18.77,19.22,01a59094o0834o
59094.620959,0.0,0.0,0,0,o,0,-2.0,64.16321,40.04256,2787.37,1488.64,2.08,1.99,-8.0,-0.41,18.77,19.19,01a59094o0869o
59096.5628,-13.486,2.044,-14638,29919,o,0,0.0,64.16321,40.04256,3571.52,2549.13,2.2,1.87,43.2,-0.466,18.98,19.59,02a59096o0740o
59096.566943,-18.051,41.624,-219,9102,o,0,1.26,64.16321,40.04256,3590.75,2588.91,2.23,1.9,44.7,-0.461,19.06,19.63,02a59096o0749o
59096.573388,13.737,3.153,11623,36645,o,0,0.0,64.16321,40.04256,3534.66,2510.57,2.21,1.85,43.6,-0.469,19.02,19.57,02a59096o0763o
59096.584912,-12.697,0.299,-30285,9046,o,0,1.63,64.16321,40.04256,3514.94,2626.63,2.16,1.84,46.0,-0.461,19.01,19.6,02a59096o0788o
59098.613616,0.0,0.0,0,0,o,0,-2.0,64.16321,40.04256,4724.74,1454.59,2.11,1.92,-3.5,-0.43,19.01,19.48,01a59098o0815o
59098.619467,0.0,0.0,0,0,o,0,-2.0,64.16321,40.04256,4704.05,1415.01,2.47,2.05,-8.6,-0.411,18.68,19.1,01a59098o0824o
59098.6297,0.0,0.0,0,0,o,0,-2.0,64.16321,40.04256,4761.09,1494.67,2.2,1.89,-5.8,-0.43,18.69,18.99,01a59098o0841o
59098.632194,0.0,0.0,0,0,o,0,-2.0,64.16321,40.04256,4781.32,1377.04,2.47,2.0,-9.1,-0.416,18.48,18.8,01a59098o0845o
59102.581368,-14.276,0.809,-7074,5725,o,0,0.0,64.16321,40.04256,4781.46,1500.43,2.82,1.8,1.3,-0.401,19.29,20.27,01a59102o0774o
59102.586885,0.0,0.0,0,0,o,0,-2.0,64.16321,40.04256,4714.71,1415.51,2.14,1.81,-8.5,-0.416,19.46,20.29,01a59102o0785o
59102.600275,0.0,0.0,0,0,o,0,-2.0,64.16321,40.04256,4770.65,1494.63,2.14,1.79,-8.9,-0.416,19.44,20.29,01a59102o0814o
59102.612381,14.907,0.972,3956,3847,o,0,0.0,64.16321,40.04256,4833.14,1426.96,2.78,1.84,3.1,-0.387,19.33,20.35,01a59102o0840o
59104.582476,15.021,3.396,3561,12092,o,0,0.0,64.16321,40.04256,5228.31,622.48,1.99,1.9,76.9,-0.463,19.49,20.74,02a59104o0791o
59104.584306,15.176,7.032,3087,21708,o,0,0.0,64.16321,40.04256,5249.09,662.47,1.98,1.91,87.7,-0.467,19.51,20.75,02a59104o0795o
59104.587541,-15.208,0.409,-2998,1226,o,0,0.72,64.16321,40.04256,5193.01,583.91,2.05,1.92,-69.7,-0.46,19.5,20.77,02a59104o0802o
59104.59858,0.0,0.0,0,0,o,0,-2.0,64.16321,40.04256,5128.4,655.6,2.18,2.01,-49.6,-0.454,19.45,20.78,02a59104o0826o
59106.570566,0.0,0.0,0,0,o,0,-2.0,64.16321,40.04256,1388.05,9659.68,1.84,1.69,-57.9,-0.459,19.79,21.14,01a59106o0779o
59106.573329,0.0,0.0,0,0,o,0,-2.0,64.16321,40.04256,1371.9,9623.0,1.91,1.79,-56.6,-0.443,19.72,21.14,01a59106o0785o
59106.578853,0.0,0.0,0,0,o,0,-2.0,64.16321,40.04256,1427.67,9699.25,1.88,1.72,-66.3,-0.442,19.7,21.14,01a59106o0797o
59106.58485,0.0,0.0,0,0,o,0,-2.0,64.16321,40.04256,1448.64,9584.11,1.88,1.75,-52.5,-0.439,19.7,21.12,01a59106o0810o
59106.64012,-15.447,16.877,-2406,40600,o,0,0.0,64.16321,40.04256,9045.45,834.6,2.29,2.12,-34.7,-0.384,18.62,18.8,01a59106o0927o
59108.563426,16.379,4.006,1019,4082,c,0,2.47,64.16321,40.04256,3682.08,4495.79,2.34,2.28,-84.8,-0.407,19.67,21.52,02a59108o0743c
59108.56663,15.038,0.781,3507,2740,c,0,0.75,64.16321,40.04256,3701.59,4534.97,2.29,2.25,83.5,-0.41,19.67,21.52,02a59108o0750c
59108.575183,-14.737,0.241,-4625,1116,c,0,2.6,64.16321,40.04256,3638.99,4456.4,2.38,2.21,48.2,-0.405,19.73,21.59,02a59108o0768c
59108.581142,15.518,1.535,2253,3460,c,0,0.69,64.16321,40.04256,3619.52,4573.26,2.27,2.2,65.7,-0.41,19.69,21.52,02a59108o0781c
59110.500782,12.553,1.687,34587,58347,o,0,0.0,64.16321,40.04256,1433.76,9704.15,1.99,1.84,-26.3,-0.422,18.75,19.96,01a59110o0636o
59110.510371,-15.068,0.273,-3410,933,o,0,93.77,64.16321,40.04256,1412.1,9663.05,1.84,1.68,-58.9,-0.453,17.92,18.98,01a59110o0656o
59110.51466,0.0,0.0,0,0,o,0,0.0,64.16321,40.04256,1471.97,9740.59,1.95,1.8,-57.1,-0.441,18.3,19.34,01a59110o0665o
59110.524811,0.0,0.0,0,0,o,0,-2.0,64.16321,40.04256,1444.59,9574.23,1.86,1.7,-58.6,-0.444,18.78,19.81,01a59110o0687o
59114.545239,0.0,0.0,0,0,o,0,-2.0,64.16321,40.04256,4539.26,3784.33,1.93,1.79,-4.9,-0.411,19.72,20.75,01a59114o0717o
59114.547083,0.0,0.0,0,0,o,0,-2.0,64.16321,40.04256,4520.07,3745.05,1.99,1.79,-9.4,-0.409,19.69,20.75,01a59114o0721o
59114.55215,0.0,0.0,0,0,o,0,-2.0,64.16321,40.04256,4577.18,3823.06,1.96,1.84,-8.4,-0.412,19.68,20.75,01a59114o0732o
59114.557217,0.0,0.0,0,0,o,0,-2.0,64.16321,40.04256,4596.53,3706.01,1.95,1.76,-10.1,-0.412,19.73,20.76,01a59114o0743o
59118.483484,-14.665,1.012,-4944,5002,o,0,0.0,64.16321,40.04256,4590.92,3833.41,2.52,2.15,-10.5,-0.398,19.39,20.56,01a59118o0610o
59118.49089,0.0,0.0,0,0,o,0,-2.0,64.16321,40.04256,4522.38,3744.5,2.1,2.03,-40.6,-0.413,19.53,20.7,01a59118o0626o
59118.505102,0.0,0.0,0,0,o,0,-2.0,64.16321,40.04256,4579.04,3825.55,2.38,2.0,-6.1,-0.401,19.59,20.89,01a59118o0656o
59118.510194,0.0,0.0,0,0,o,0,-2.0,64.16321,40.04256,4597.73,3706.34,2.04,1.95,-16.9,-0.413,19.69,20.9,01a59118o0667o
59120.54371,-11.848,0.449,-66178,29694,o,0,0.0,64.16321,40.04256,9813.93,8824.84,2.3,2.19,-66.0,-0.435,19.32,20.15,02a59120o0452o
59120.546473,-12.474,0.201,-37180,7467,o,0,0.0,64.16321,40.04256,9833.83,8863.14,2.31,2.2,-65.2,-0.436,19.29,20.18,02a59120o0458o
59120.550139,-11.746,0.221,-72721,16047,o,0,0.0,64.16321,40.04256,9775.02,8787.33,2.31,2.2,-63.9,-0.439,19.35,20.23,02a59120o0466o
59120.557956,-12.505,0.92,-36130,33236,o,0,0.0,64.16321,40.04256,9754.14,8907.47,2.34,2.16,-56.4,-0.435,19.37,20.31,02a59120o0483o
59120.636735,0.0,0.0,0,0,o,0,-2.0,64.16321,40.04256,743.23,1675.15,1.95,1.81,40.9,-0.473,19.43,20.4,02a59120o0652o
59122.505057,0.0,0.0,0,0,o,0,-2.0,64.16321,40.04256,1033.85,7820.97,1.93,1.79,-61.7,-0.424,19.16,19.61,01a59122o0621o
59122.509207,0.0,0.0,0,0,o,0,-2.0,64.16321,40.04256,1016.11,7783.12,2.04,1.91,-67.1,-0.418,19.13,19.6,01a59122o0630o
59122.514756,0.0,0.0,0,0,o,0,-2.0,64.16321,40.04256,1073.07,7860.35,1.92,1.79,-61.2,-0.421,19.16,19.61,01a59122o0642o
59122.525414,0.0,0.0,0,0,o,0,-2.0,64.16321,40.04256,1093.08,7745.83,1.92,1.83,-63.1,-0.423,19.19,19.64,01a59122o0665o
59125.447359,0.0,0.0,0,0,o,0,-2.0,64.16321,40.04256,1033.05,7814.1,1.93,1.71,-79.1,-0.43,18.93,19.03,01a59125o0441o
59125.449205,0.0,0.0,0,0,o,0,-2.0,64.16321,40.04256,1015.51,7778.28,1.92,1.72,-81.4,-0.435,18.9,19.04,01a59125o0445o
59125.455206,0.0,0.0,0,0,o,0,-2.0,64.16321,40.04256,1072.22,7857.46,2.01,1.85,-76.0,-0.427,18.85,19.06,01a59125o0458o
59125.465972,0.0,0.0,0,0,o,0,-2.0,64.16321,40.04256,1092.82,7742.5,1.97,1.78,-76.5,-0.428,18.91,19.09,01a59125o0481o
59126.490697,0.0,0.0,0,0,o,0,-2.0,64.16321,40.04256,1041.56,7819.95,2.01,1.87,-57.8,-0.42,18.93,19.23,01a59126o0630o
59126.493806,0.0,0.0,0,0,o,0,-2.0,64.16321,40.04256,1020.26,7784.69,1.92,1.82,-57.4,-0.427,18.94,19.24,01a59126o0636o
59126.498041,0.0,0.0,0,0,o,0,-2.0,64.16321,40.04256,1079.13,7861.4,2.05,1.88,-21.2,-0.423,18.93,19.24,01a59126o0645o
59126.503211,0.0,0.0,0,0,o,0,-2.0,64.16321,40.04256,1099.18,7743.66,1.99,1.88,-33.8,-0.419,18.91,19.26,01a59126o0656o
59130.490705,0.0,0.0,0,0,o,0,-2.0,64.16321,40.04256,998.41,5879.48,1.86,1.81,-20.5,-0.44,19.39,20.01,01a59130o0642o
59130.494416,0.0,0.0,0,0,o,0,-2.0,64.16321,40.04256,977.32,5841.58,1.89,1.82,-51.9,-0.434,19.35,20.0,01a59130o0650o
59130.49995,0.0,0.0,0,0,o,0,-2.0,64.16321,40.04256,1035.13,5917.73,1.93,1.85,-49.6,-0.434,19.37,19.99,01a59130o0662o
59130.510545,0.0,0.0,0,0,o,0,-2.0,64.16321,40.04256,1053.85,5801.63,2.0,1.87,-17.7,-0.466,19.32,20.0,01a59130o0685o
59132.516343,-14.789,0.384,-4410,1694,o,0,1.09,64.16321,40.04256,3805.56,9145.82,2.24,2.08,56.6,-0.415,19.4,20.42,02a59132o0689o
59132.518658,13.796,1.023,11005,11260,o,0,1.6,64.16321,40.04256,3824.39,9185.77,2.17,2.03,53.1,-0.425,19.44,20.42,02a59132o0694o
59132.524171,-15.432,4.833,-2439,11788,o,0,0.78,64.16321,40.04256,3767.37,9106.6,2.29,2.03,48.9,-0.417,19.37,20.41,02a59132o0706o
59132.551882,-14.613,0.368,-5186,1911,o,0,2.41,64.16321,40.04256,3751.35,9225.61,2.21,2.07,45.7,-0.423,19.42,20.54,02a59132o0766o
59134.546905,0.0,0.0,0,0,o,0,-2.0,64.16321,40.04256,9435.99,4551.14,2.26,1.88,-86.3,-0.457,19.68,20.83,01a59134o0652o
59134.580712,0.0,0.0,0,0,o,0,-2.0,64.16321,40.04256,9465.21,4583.1,2.44,1.97,-84.5,-0.422,17.29,18.24,01a59134o0722o
59134.584574,-7.22,0.0,-4700491,2225,o,0,16219.66,64.16321,40.04256,9453.26,4554.75,2.3,2.11,-70.1,-0.419,18.31,19.47,01a59134o0730o
59136.453662,18.301,0.234,174,41,c,0,7.65,64.16321,40.04256,3791.0,9144.13,2.74,2.49,45.6,-0.373,19.6,21.51,02a59136o0627c
59136.478409,-22.318,2.636,-4,11,c,0,112.89,64.16321,40.04256,3814.8,9185.65,2.45,2.4,-76.7,-0.402,19.72,21.53,02a59136o0680c
59136.48812,19.92,0.713,39,28,c,0,11.83,64.16321,40.04256,3756.67,9103.17,2.52,2.42,65.3,-0.39,19.7,21.54,02a59136o0701c
59136.491334,17.747,0.336,289,97,c,0,10.92,64.16321,40.04256,3736.9,9219.93,2.47,2.39,-81.8,-0.402,19.7,21.53,02a59136o0708c
59138.484705,0.0,0.0,0,0,o,0,-2.0,64.16321,40.04256,2933.2,5736.96,1.97,1.9,-29.0,-0.41,19.75,21.21,01a59138o0568o
59138.486548,0.0,0.0,0,0,o,0,-2.0,64.16321,40.04256,2914.55,5698.39,1.98,1.96,-56.1,-0.419,19.74,21.21,01a59138o0572o
59138.512635,0.0,0.0,0,0,o,0,-2.0,64.16321,40.04256,2966.83,5777.46,1.97,1.87,-16.3,-0.409,19.36,20.72,01a59138o0628o
59138.518162,0.0,0.0,0,0,o,0,-2.0,64.16321,40.04256,2986.24,5661.55,1.93,1.81,-19.2,-0.416,19.19,20.5,01a59138o0640o
59138.643011,-10.469,0.466,-235782,109940,o,0,0.0,64.16321,40.04256,7555.12,4771.8,2.09,1.92,-16.8,-0.405,17.59,17.81,01a59138o0908o
59140.52848,-18.596,0.136,-132,18,c,0,15.06,64.16321,40.04256,1658.67,2559.88,2.54,2.3,40.4,-0.404,18.93,20.76,02a59140o0732c
59140.533534,17.654,0.027,315,9,c,0,2794.19,64.16321,40.04256,1641.08,2676.17,2.49,2.3,44.7,-0.407,18.9,20.73,02a59140o0743c
59142.440313,0.0,0.0,0,0,o,0,-2.0,64.16321,40.04256,2938.53,5737.54,2.09,1.79,-4.9,-0.416,19.63,20.74,01a59142o0541o
59142.443999,0.0,0.0,0,0,o,0,-2.0,64.16321,40.04256,2917.6,5695.67,1.93,1.8,-22.2,-0.415,19.64,20.74,01a59142o0549o
59142.449546,0.0,0.0,0,0,o,0,-2.0,64.16321,40.04256,2976.81,5773.78,2.04,1.9,-20.2,-0.414,19.6,20.74,01a59142o0561o
59142.456487,0.0,0.0,0,0,o,0,-2.0,64.16321,40.04256,2996.6,5661.08,2.03,1.94,-24.7,-0.417,19.61,20.79,01a59142o0576o
59144.472463,14.255,0.48,7210,3458,c,0,1.77,64.16321,40.04256,1682.17,2596.53,2.34,2.19,55.7,-0.414,19.75,21.61,02a59144o0565c
59144.475681,-15.495,0.643,-2301,1480,c,0,1.41,64.16321,40.04256,1701.62,2636.51,2.61,2.21,45.4,-0.397,19.71,21.63,02a59144o0572c
59144.479342,15.194,0.918,3036,2787,c,0,1.15,64.16321,40.04256,1644.52,2556.7,2.41,2.21,51.8,-0.411,19.74,21.63,02a59144o0580c
59144.49513,-15.794,0.247,-1748,432,c,0,2.0,64.16321,40.04256,1629.85,2676.34,2.39,2.23,47.9,-0.413,19.72,21.59,02a59144o0613c
59146.534624,13.069,0.756,21490,16238,o,0,0.0,64.16321,40.04256,3261.53,702.68,2.12,1.98,6.0,-0.431,19.71,21.06,01a59146o0595o
59146.540165,-13.559,1.093,-13693,14972,o,0,0.0,64.16321,40.04256,3282.59,742.1,2.02,1.88,9.4,-0.425,19.75,21.06,01a59146o0607o
59146.543408,0.0,0.0,0,0,o,0,-2.0,64.16321,40.04256,3180.34,616.46,2.28,1.88,-11.1,-0.411,19.66,21.06,01a59146o0614o
59146.577366,0.0,0.0,0,0,o,0,-2.0,64.16321,40.04256,3171.32,732.32,2.22,2.08,4.3,-0.425,19.64,21.03,01a59146o0687o
59148.55731,-14.432,0.798,-6124,4885,c,0,0.0,64.16321,40.04256,2621.95,3944.32,2.51,2.22,36.8,-0.402,19.42,20.99,02a59148o0795c
59148.560972,-16.108,5.39,-1308,7050,c,0,0.0,64.16321,40.04256,2602.31,3905.4,2.55,2.21,36.2,-0.406,19.3,20.9,02a59148o0803c
59148.567868,-15.561,1.027,-2166,2225,c,0,2.27,64.16321,40.04256,2660.93,3981.4,2.49,2.21,36.5,-0.405,19.22,20.79,02a59148o0818c
59148.577639,-15.231,0.806,-2934,2363,c,0,1.2,64.16321,40.04256,2683.9,3865.73,2.56,2.23,41.7,-0.4,18.98,20.52,02a59148o0839c
59150.482998,-11.273,-0.0,-112382,0,o,0,-0.0,64.16321,40.04256,7234.26,9864.61,2.19,1.87,17.9,-0.379,17.95,18.19,01a59150o0006o
59150.484838,0.0,0.0,0,0,o,0,-2.0,64.16321,40.04256,7169.79,9778.38,2.13,1.86,18.1,-0.383,19.18,19.82,01a59150o0010o
59150.488561,0.0,0.0,0,0,o,0,-2.0,64.16321,40.04256,7227.48,9857.95,1.88,1.7,18.4,-0.391,19.18,19.74,01a59150o0018o
59150.495022,0.0,0.0,0,0,o,0,-2.0,64.16321,40.04256,7247.18,9739.34,1.86,1.69,11.7,-0.381,18.94,19.41,01a59150o0032o
59153.43727,0.0,0.0,0,0,o,0,-2.0,64.16321,40.04256,602.28,4052.64,1.84,1.81,-88.6,-0.416,18.77,18.79,01a59153o0495o
59153.43911,-12.123,1.093,-51390,56155,o,0,0.0,64.16321,40.04256,628.82,4060.8,1.88,1.81,4.6,-0.422,18.77,18.79,01a59153o0499o
59153.443735,0.0,0.0,0,0,o,0,-2.0,64.16321,40.04256,640.57,4091.97,1.81,1.75,19.7,-0.421,18.77,18.8,01a59153o0509o
59153.455773,12.437,2.577,38469,99122,o,0,0.0,64.16321,40.04256,704.63,4024.18,1.84,1.8,20.9,-0.42,18.77,18.82,01a59153o0535o
59162.497783,-16.414,6.137,-987,6058,o,0,0.0,64.16321,40.04256,5625.81,2944.47,2.34,1.88,-7.1,-0.395,19.49,20.49,01a59162o0683o
59162.501469,0.0,0.0,0,0,o,0,-2.0,64.16321,40.04256,5600.34,2937.3,2.38,1.93,-6.5,-0.392,19.48,20.48,01a59162o0691o
59162.50838,15.803,5.325,1733,9230,o,0,0.0,64.16321,40.04256,5590.85,2906.55,2.35,1.97,-8.7,-0.392,19.48,20.5,01a59162o0706o
59162.543725,0.0,0.0,0,0,o,0,-2.0,64.16321,40.04256,5535.57,2972.25,2.28,2.0,-11.4,-0.405,19.36,20.28,01a59162o0782o
59170.464888,-14.573,6.599,-5379,35497,o,0,0.0,64.16321,40.04256,4003.89,6817.1,2.11,1.92,-77.9,-0.409,19.58,20.81,01a59170o0489o
59170.469043,0.0,0.0,0,0,o,0,-2.0,64.16321,40.04256,3979.08,6809.48,2.15,1.94,-79.9,-0.406,19.57,20.82,01a59170o0498o
59170.475509,17.594,58.159,333,19372,o,0,0.0,64.16321,40.04256,3967.63,6777.54,2.12,1.97,-72.2,-0.41,19.62,20.83,01a59170o0512o
59170.48659,10.541,0.8,220578,176410,o,0,0.0,64.16321,40.04256,3951.9,6893.42,2.12,1.92,-74.9,-0.409,19.6,20.83,01a59170o0536o
59178.48707,12.838,0.559,26587,14868,o,0,0.0,64.16321,40.04256,1797.43,9225.49,1.92,1.79,-62.3,-0.418,19.4,20.54,01a59178o0483o
59178.490298,14.911,5.767,3943,22736,o,0,0.0,64.16321,40.04256,1816.87,9264.04,2.03,1.88,-35.2,-0.408,19.31,20.55,01a59178o0490o
59178.497239,14.214,1.167,7487,8741,o,0,0.0,64.16321,40.04256,1759.77,9184.17,1.9,1.75,-45.5,-0.415,19.41,20.61,01a59178o0505o
59178.509248,14.152,0.886,7927,7027,o,0,0.0,64.16321,40.04256,1740.34,9300.8,1.91,1.84,-29.5,-0.412,19.42,20.65,01a59178o0531o
59179.399667,-13.795,1.406,-11013,15482,o,0,0.77,64.16321,40.04256,7288.82,996.87,2.12,1.8,-55.9,-0.461,18.8,19.22,02a59179o0469o
59179.424952,12.615,0.856,32663,27968,o,0,0.0,64.16321,40.04256,7315.95,1040.42,2.03,1.78,-57.9,-0.463,19.16,19.79,02a59179o0522o
59179.448389,0.0,0.0,0,0,o,0,-2.0,64.16321,40.04256,3295.33,9567.06,2.07,1.81,-54.0,-0.458,19.17,19.8,02a59179o0570o
59179.452871,0.0,0.0,0,0,o,0,-2.0,64.16321,40.04256,3314.97,9449.86,2.07,1.91,-49.8,-0.448,19.16,19.79,02a59179o0578o
59180.430563,-14.364,0.535,-6525,3493,o,0,2.12,64.16321,40.04256,3300.73,9574.58,2.49,2.18,-54.0,-0.45,18.8,19.4,02a59180o0500o
59180.433765,0.0,0.0,0,0,o,0,-2.0,64.16321,40.04256,3236.15,9489.26,2.27,1.97,-52.2,-0.45,18.89,19.41,02a59180o0507o
59180.440639,-14.467,1.426,-5934,8464,o,0,4.22,64.16321,40.04256,3338.5,9612.55,2.19,1.88,-52.8,-0.458,18.94,19.41,02a59180o0522o
59180.452105,0.0,0.0,0,0,o,0,-2.0,64.16321,40.04256,3312.56,9449.71,2.13,1.83,-53.4,-0.442,18.98,19.43,02a59180o0547o
59186.476825,-13.706,0.903,-11955,10792,o,0,3.16,64.16321,40.04256,3535.54,2549.7,2.6,2.5,12.9,-0.387,18.81,19.47,01a59186o0641o
59186.479675,0.0,0.0,0,0,o,0,-2.0,64.16321,40.04256,3509.45,2542.44,2.23,2.16,-3.8,-0.406,18.94,19.46,01a59186o0647o
59186.485205,12.679,1.2,30776,36933,o,0,0.0,64.16321,40.04256,3499.02,2510.37,2.31,2.26,8.8,-0.4,18.88,19.43,01a59186o0659o
59186.496747,12.829,1.025,26818,27487,o,0,0.0,64.16321,40.04256,3484.09,2627.49,2.25,2.19,-6.2,-0.402,18.93,19.39,01a59186o0684o
59187.525428,10.138,0.027,319674,8713,o,0,129.42,64.16321,40.04256,8812.18,6037.83,2.23,2.0,42.4,-0.439,18.13,18.77,02a59187o0694o
59187.528634,11.807,0.033,68754,2244,o,0,80.35,64.16321,40.04256,8792.96,5997.59,2.32,2.01,36.7,-0.417,17.15,17.48,02a59187o0701o
59187.540702,14.406,0.771,6276,4838,o,0,2.33,64.16321,40.04256,8853.72,6075.9,2.25,2.06,37.8,-0.426,18.98,19.53,02a59187o0727o
59187.551764,15.168,0.85,3112,2645,o,0,1.44,64.16321,40.04256,8874.02,5959.75,2.22,2.07,39.6,-0.423,18.01,18.97,02a59187o0751o
59189.412513,0.0,0.0,0,0,o,0,-2.0,64.16321,40.04256,3466.07,2507.69,2.02,1.85,3.7,-0.417,19.48,20.39,01a59189o0490o
59189.4213,0.0,0.0,0,0,o,0,-2.0,64.16321,40.04256,3488.39,2545.41,1.99,1.86,9.0,-0.422,19.49,20.39,01a59189o0509o
59189.427007,0.0,0.0,0,0,o,0,-2.0,64.16321,40.04256,3432.07,2466.38,2.21,1.85,1.2,-0.415,19.41,20.34,01a59189o0521o
59189.440139,-12.398,0.52,-39901,20729,o,0,0.0,64.16321,40.04256,3463.64,2628.31,2.14,1.86,-14.4,-0.411,19.42,20.29,01a59189o0549o
59190.413848,13.634,1.137,12772,14520,o,0,0.0,64.16321,40.04256,3518.19,2551.46,1.98,1.83,8.4,-0.423,19.56,20.6,01a59190o0494o
59190.441597,13.172,0.773,19554,15124,o,0,0.0,64.16321,40.04256,3545.63,2587.81,2.02,1.89,5.0,-0.422,19.54,20.56,01a59190o0553o
59190.462959,15.963,24.208,1496,36208,o,0,0.0,64.16321,40.04256,3494.5,2506.92,1.96,1.88,18.6,-0.424,19.53,20.55,01a59190o0598o
59190.48774,0.0,0.0,0,0,o,0,-2.0,64.16321,40.04256,3437.04,2578.83,1.98,1.87,-19.6,-0.417,19.48,20.41,01a59190o0650o
59192.369612,15.222,0.832,2960,2462,c,0,1.57,64.16321,40.04256,1772.38,4533.62,2.5,2.37,56.1,-0.406,19.67,21.48,02a59192o0404c
59192.371442,15.72,1.234,1870,2308,c,0,1.03,64.16321,40.04256,1792.57,4573.08,2.43,2.36,-85.3,-0.417,19.69,21.5,02a59192o0408c
59192.374185,15.589,0.761,2111,1606,c,0,3.08,64.16321,40.04256,1734.58,4493.57,2.47,2.37,60.9,-0.412,19.67,21.51,02a59192o0414c
59192.379228,-14.616,0.203,-5170,1049,c,0,1.21,64.16321,40.04256,1714.27,4609.55,2.41,2.32,60.1,-0.418,19.68,21.53,02a59192o0425c
59193.403818,0.0,0.0,0,0,o,0,-2.0,64.16321,40.04256,5094.41,560.15,2.05,1.96,-11.7,-0.433,19.67,20.94,01a59193o0476o
59193.413839,-11.767,0.862,-71302,61454,o,0,0.0,64.16321,40.04256,5161.61,644.9,2.18,2.06,-7.8,-0.429,19.61,20.98,01a59193o0496o
59193.417065,0.0,0.0,0,0,o,0,-2.0,64.16321,40.04256,5060.49,520.6,2.17,1.97,-9.5,-0.428,19.67,21.01,01a59193o0503o
59193.431386,-12.669,0.384,-31088,11944,o,0,0.0,64.16321,40.04256,5092.88,683.56,1.99,1.96,-34.9,-0.43,19.71,21.05,01a59193o0533o
59194.41374,-13.61,0.472,-13056,6159,c,0,0.0,64.16321,40.04256,5149.4,610.32,2.48,2.31,-7.3,-0.409,19.77,22.99,01a59194o0500c
59194.417885,13.932,0.914,9711,8879,c,0,1.05,64.16321,40.04256,5169.87,649.29,2.42,2.3,-13.5,-0.412,19.78,22.99,01a59194o0509c
59194.424343,14.155,0.547,7909,4324,c,0,0.0,64.16321,40.04256,5114.56,570.57,2.44,2.32,-5.7,-0.408,19.75,22.99,01a59194o0523c
59194.435417,-14.969,0.527,-3736,1969,c,0,1.47,64.16321,40.04256,5098.53,688.81,2.44,2.41,-6.6,-0.403,19.73,22.99,01a59194o0547c
59198.33199,0.0,0.0,0,0,o,0,-2.0,64.16321,40.04256,5304.76,9896.0,2.09,2.03,36.3,-0.399,18.7,19.85,01a59198o0011o
59198.334751,0.0,0.0,0,0,o,0,-2.0,64.16321,40.04256,5287.0,9857.33,1.9,1.85,13.7,-0.395,19.07,20.2,01a59198o0017o
59198.340283,-13.685,0.046,-12185,560,o,0,252.66,64.16321,40.04256,5393.7,9983.4,1.95,1.88,11.7,-0.396,17.78,18.92,01a59198o0029o
59198.346748,-13.564,0.027,-13632,363,o,0,307.5,64.16321,40.04256,5413.88,9865.86,2.3,1.82,-1.3,-0.384,17.49,18.67,01a59198o0043o
59200.395644,0.0,0.0,0,0,c,0,-0.0,64.16321,40.04256,2773.81,1617.58,2.35,2.22,-62.9,-0.425,19.75,21.56,02a59200o0457c
59200.398863,-12.901,0.987,-25104,24771,c,0,0.0,64.16321,40.04256,2754.6,1579.71,2.42,2.23,-57.7,-0.423,19.7,21.56,02a59200o0464c
59200.437485,-10.619,0.351,-205384,72161,c,0,0.0,64.16321,40.04256,2815.22,1655.62,2.36,2.25,-69.6,-0.421,19.69,21.52,02a59200o0500c
59200.466322,0.0,0.0,0,0,c,0,-2.0,64.16321,40.04256,2787.78,1491.38,2.41,2.31,-81.3,-0.418,19.67,21.46,02a59200o0562c
59202.550987,-16.297,1.907,-1099,2096,c,0,1.83,64.16321,40.04256,3667.97,4488.5,2.8,2.72,-7.0,-0.374,19.36,21.36,01a59202o0027c
59202.554125,14.45,0.625,6025,3766,c,0,0.5,64.16321,40.04256,3687.74,4528.79,2.63,2.6,13.9,-0.361,19.47,21.46,01a59202o0033c
59202.561965,14.21,0.422,7514,3175,c,0,1.71,64.16321,40.04256,3629.6,4450.54,2.72,2.68,-34.0,-0.361,19.48,21.45,01a59202o0050c
59202.574404,16.734,1.653,735,1215,c,0,1.08,64.16321,40.04256,3609.76,4567.89,2.67,2.61,-25.9,-0.358,19.44,21.41,01a59202o0077c
59206.318139,0.0,0.0,0,0,o,0,-2.0,64.16321,40.04256,6842.97,6024.82,2.08,2.04,71.3,-0.419,19.47,20.39,01a59206o0267o
59206.319981,0.0,0.0,0,0,o,0,-2.0,64.16321,40.04256,6823.75,5985.5,2.08,2.06,43.0,-0.412,19.47,20.39,01a59206o0271o
59206.325703,-20.834,234.0,-17,3942,o,0,0.0,64.16321,40.04256,6928.87,6111.13,2.56,2.25,9.8,-0.389,19.31,20.39,01a59206o0283o
59206.332247,0.0,0.0,0,0,o,0,-2.0,64.16321,40.04256,6900.34,5947.8,2.1,2.05,-1.2,-0.411,19.48,20.41,01a59206o0297o
59207.309945,14.368,1.958,6499,12727,o,0,1.16,64.16321,40.04256,5815.4,9055.0,2.25,2.06,-66.4,-0.452,19.35,20.21,02a59207o0235o
59207.318197,15.399,2.571,2513,6461,o,0,0.66,64.16321,40.04256,5830.28,9096.65,2.44,2.06,43.9,-0.422,19.28,20.2,02a59207o0249o
59207.328834,-13.94,1.526,-9635,14706,o,0,0.0,64.16321,40.04256,5779.15,9017.42,2.18,2.03,-60.9,-0.459,19.37,20.2,02a59207o0271o
59207.33207,-12.391,0.204,-40136,8175,o,0,0.89,64.16321,40.04256,5758.51,9135.48,2.23,2.08,-54.7,-0.451,19.31,20.2,02a59207o0278o
59208.351694,11.987,1.256,58258,73183,o,0,0.0,64.16321,40.04256,4780.05,1514.32,1.93,1.89,-46.2,-0.451,19.07,19.66,02a59208o0349o
59208.385586,0.0,0.0,0,0,o,0,-2.0,64.16321,40.04256,4713.29,1426.52,1.93,1.92,-49.8,-0.458,19.05,19.67,02a59208o0422o
59208.390263,0.0,0.0,0,0,o,0,-2.0,64.16321,40.04256,4778.06,1504.86,2.01,1.96,24.4,-0.447,19.06,19.67,02a59208o0432o
59208.397156,0.0,0.0,0,0,o,0,-2.0,64.16321,40.04256,4794.26,1389.17,1.91,1.89,-53.9,-0.458,19.15,19.68,02a59208o0447o
59214.356789,0.0,0.0,0,0,o,0,-2.0,64.16321,40.04256,9757.82,8705.4,2.12,2.09,14.3,-0.37,18.98,19.29,01a59214o0362o
59214.360012,0.0,0.0,0,0,o,0,-2.0,64.16321,40.04256,9779.92,8743.86,2.17,1.99,79.0,-0.375,18.99,19.29,01a59214o0369o
59214.365543,12.742,1.453,29044,42202,o,0,0.0,64.16321,40.04256,9765.83,8713.19,2.3,2.14,7.0,-0.356,18.92,19.28,01a59214o0381o
59214.376155,0.0,0.0,0,0,o,0,-2.0,64.16321,40.04256,9701.93,8784.36,2.11,2.06,82.5,-0.371,18.98,19.26,01a59214o0404o
59216.332439,0.0,0.0,0,0,o,0,-2.0,64.16321,40.04256,1362.93,9669.28,2.5,1.91,-54.0,-0.515,19.13,19.96,02a59216o0307o
59216.335661,15.042,1.606,3493,5608,o,0,0.0,64.16321,40.04256,1391.15,9676.68,2.63,1.95,-53.9,-0.5,19.13,19.96,02a59216o0314o
59216.341667,-14.641,1.136,-5053,5738,o,0,0.0,64.16321,40.04256,1446.84,9752.46,2.58,1.81,-54.9,-0.495,19.17,19.95,02a59216o0327o
59216.375392,12.633,0.506,32109,16231,o,0,0.0,64.16321,40.04256,1463.22,9632.79,2.39,1.84,-54.0,-0.522,19.06,19.81,02a59216o0399o
59217.408863,0.0,0.0,0,0,o,0,-2.0,64.16321,40.04256,7496.33,2758.7,2.1,1.98,-49.0,-0.416,19.37,20.13,01a59217o0473o
59217.414399,0.0,0.0,0,0,o,0,-2.0,64.16321,40.04256,7516.65,2797.01,2.21,2.08,-37.9,-0.414,19.32,20.12,01a59217o0485o
59217.436126,-15.582,4.932,-2125,10480,o,0,0.15,64.16321,40.04256,7507.97,2767.93,2.76,2.3,-3.4,-0.433,19.09,20.02,01a59217o0531o
59217.445105,14.786,5.171,4423,22874,o,0,0.0,64.16321,40.04256,7489.78,2886.47,2.53,2.23,-29.1,-0.402,19.13,19.98,01a59217o0550o
59218.398756,0.0,0.0,0,0,o,0,-2.0,64.16321,40.04256,7499.76,2759.67,2.17,2.03,-45.3,-0.407,19.4,20.26,01a59218o0436o
59218.402447,12.121,0.545,51456,28042,o,0,0.0,64.16321,40.04256,7565.56,2844.57,2.25,2.15,-54.2,-0.403,19.34,20.25,01a59218o0444o
59218.411215,0.0,0.0,0,0,o,0,-2.0,64.16321,40.04256,7464.12,2723.1,2.2,2.07,-19.9,-0.396,19.34,20.21,01a59218o0463o
59218.433953,0.0,0.0,0,0,o,0,-2.0,64.16321,40.04256,7447.99,2841.68,2.25,2.13,-51.3,-0.41,19.26,20.14,01a59218o0512o
59219.37547,0.0,0.0,0,0,c,0,-2.0,64.16321,40.04256,4537.62,3796.43,2.52,2.41,39.5,-0.397,19.63,21.55,02a59219o0300c
59219.383014,-13.955,1.377,-9510,13098,c,0,0.0,64.16321,40.04256,4561.77,3802.88,2.47,2.35,53.0,-0.403,19.68,21.53,02a59219o0316c
59219.393128,14.029,0.782,8883,6951,c,0,0.0,64.16321,40.04256,4617.24,3880.43,2.41,2.29,53.1,-0.405,19.68,21.48,02a59219o0338c
59219.399608,-17.284,13.908,-443,6163,c,0,0.0,64.16321,40.04256,4637.1,3764.07,2.44,2.32,53.9,-0.404,19.64,21.32,02a59219o0352c
59220.31737,-14.436,0.578,-6102,3528,c,0,0.0,64.16321,40.04256,4583.69,3844.53,2.35,2.21,31.6,-0.408,19.75,21.52,02a59220o0272c
59220.321048,12.602,0.779,33052,25751,c,0,0.0,64.16321,40.04256,4563.64,3805.95,2.3,2.19,32.6,-0.41,19.74,21.5,02a59220o0280c
59220.327449,14.326,1.285,6755,8683,c,0,0.0,64.16321,40.04256,4621.3,3883.07,2.33,2.22,31.1,-0.409,19.74,21.5,02a59220o0294c
59220.337566,14.55,1.01,5496,5549,c,0,0.0,64.16321,40.04256,4640.83,3766.14,2.31,2.19,32.4,-0.412,19.74,21.51,02a59220o0316c
59221.309581,-15.321,1.906,-2701,5149,c,0,5.26,64.16321,40.04256,7513.21,2811.61,2.38,2.3,-72.3,-0.399,19.89,21.76,01a59221o0244c
59221.318972,-16.326,11.355,-1071,12157,c,0,0.0,64.16321,40.04256,7535.39,2850.02,2.41,2.33,-75.0,-0.395,19.88,21.79,01a59221o0264c
59221.330573,-13.525,0.909,-14126,12846,c,0,0.0,64.16321,40.04256,7481.74,2772.51,2.48,2.44,-13.2,-0.399,19.83,21.77,01a59221o0289c
59221.337542,14.799,3.996,4368,17454,c,0,0.0,64.16321,40.04256,7464.77,2888.44,2.47,2.38,-81.1,-0.394,19.85,21.77,01a59221o0304c
59222.31813,14.165,1.734,7838,13591,c,0,0.0,64.16321,40.04256,7525.14,2811.23,2.43,2.37,-53.7,-0.396,19.83,21.69,01a59222o0272c
59222.322288,-14.455,2.05,-6001,12300,c,0,0.0,64.16321,40.04256,7545.29,2848.75,2.45,2.34,-45.7,-0.386,19.83,21.69,01a59222o0281c
59222.327812,-14.447,1.916,-6043,11578,c,0,0.0,64.16321,40.04256,7489.67,2772.64,2.55,2.43,-34.4,-0.38,19.76,21.72,01a59222o0293c
59222.338456,16.215,3.143,1186,3728,c,0,2.28,64.16321,40.04256,7473.67,2889.09,2.57,2.4,-20.1,-0.385,19.79,21.73,01a59222o0316c
59223.323489,13.913,0.73,9877,7211,c,0,0.0,64.16321,40.04256,4587.48,3848.11,2.26,2.23,-56.0,-0.408,19.77,21.59,02a59223o0277c
59223.327771,18.817,47.617,108,5138,c,0,0.0,64.16321,40.04256,4569.75,3809.07,2.29,2.24,-44.6,-0.408,19.77,21.57,02a59223o0286c
59223.352803,18.987,71.923,92,6636,c,0,0.0,64.16321,40.04256,4627.33,3883.35,2.34,2.27,-61.4,-0.403,19.71,21.51,02a59223o0336c
59223.363697,-15.175,2.387,-3091,7377,c,0,0.0,64.16321,40.04256,4646.31,3766.88,2.37,2.35,-82.5,-0.398,19.61,21.46,02a59223o0357c
59226.354772,17.912,19.662,248,4885,c,0,0.97,64.16321,40.04256,3808.81,9140.38,2.47,2.27,-46.7,-0.378,19.75,21.83,01a59226o0308c
59226.358004,16.368,2.287,1030,2356,c,0,1.41,64.16321,40.04256,3831.25,9179.28,2.51,2.27,-15.7,-0.36,19.73,21.81,01a59226o0315c
59226.364479,13.872,0.59,10262,6051,c,0,0.0,64.16321,40.04256,3772.54,9100.66,2.35,2.23,-41.3,-0.384,19.79,21.81,01a59226o0329c
59226.376019,13.519,0.631,14207,8959,c,0,0.0,64.16321,40.04256,3755.51,9217.5,2.36,2.2,-50.5,-0.383,19.79,21.81,01a59226o0354c
59228.395652,16.739,0.025,732,18,c,0,173.82,64.16321,40.04256,1052.26,7859.34,2.89,2.61,-50.2,-0.4,19.52,21.5,02a59228o0356c
59228.398863,18.74,0.422,116,49,c,0,7.33,64.16321,40.04256,1033.91,7820.76,2.82,2.53,-46.7,-0.415,19.49,21.48,02a59228o0363c
59228.405755,-17.307,0.162,-434,70,c,0,13.71,64.16321,40.04256,1089.91,7897.25,2.63,2.42,-46.1,-0.408,19.54,21.46,02a59228o0378c
59228.419092,17.346,4.177,419,1748,c,0,10.12,64.16321,40.04256,1111.21,7776.58,2.58,2.39,-47.1,-0.426,19.55,21.44,02a59228o0407c
59230.313691,13.368,0.38,16323,6209,c,0,0.0,64.16321,40.04256,3799.69,9139.71,2.46,2.25,-69.0,-0.408,19.74,21.64,01a59230o0255c
59230.316917,14.704,1.923,4767,9168,c,0,0.0,64.16321,40.04256,3821.6,9178.59,2.44,2.13,-75.0,-0.421,19.77,21.65,01a59230o0262c
59230.322455,-16.067,5.731,-1360,7792,c,0,0.0,64.16321,40.04256,3762.42,9099.36,2.57,2.38,-68.7,-0.396,19.72,21.65,01a59230o0274c
59230.33263,13.084,0.53,21206,11246,c,0,0.0,64.16321,40.04256,3744.29,9215.69,2.47,2.27,-53.7,-0.413,19.73,21.7,01a59230o0296c
59235.366884,-14.15,0.058,-7945,463,o,0,281.94,64.16321,40.04256,1024.21,5886.11,2.28,2.11,31.4,-0.427,16.71,17.78,02a59235o0347o
59235.370095,-13.711,0.087,-11904,1037,o,0,106.6,64.16321,40.04256,1082.48,5960.51,2.18,2.01,34.5,-0.443,16.8,17.75,02a59235o0354o
59235.384805,0.0,0.0,0,0,o,0,-2.0,64.16321,40.04256,1054.47,5797.85,2.12,1.93,29.6,-0.452,18.96,19.72,02a59235o0385o
59242.361035,-11.479,0.621,-93012,57726,o,0,0.0,64.16321,40.04256,7940.51,6574.23,2.55,1.96,-74.4,-0.426,18.66,18.9,01a59242o0292o
59242.365643,0.0,0.0,0,0,o,0,-2.0,64.16321,40.04256,7916.3,6568.47,2.62,2.03,-79.4,-0.425,18.16,18.41,01a59242o0302o
59242.373471,0.0,0.0,0,0,o,0,-2.0,64.16321,40.04256,7856.46,6492.85,2.39,1.93,-77.6,-0.43,17.01,17.03,01a59242o0319o
59242.385471,10.122,3.811,324354,1236219,o,0,0.0,64.16321,40.04256,7882.93,6657.8,2.54,1.96,-81.6,-0.422,18.53,18.75,01a59242o0345o
59244.332962,14.123,1.572,8141,12799,o,0,0.0,64.16321,40.04256,2975.3,5787.62,2.12,1.94,32.3,-0.443,19.01,19.58,02a59244o0286o
59244.33619,0.0,0.0,0,0,o,0,-2.0,64.16321,40.04256,2910.64,5702.72,2.09,1.91,33.9,-0.445,19.06,19.57,02a59244o0293o
59244.343522,0.0,0.0,0,0,o,0,-2.0,64.16321,40.04256,2969.15,5778.59,2.05,1.85,32.3,-0.45,19.07,19.54,02a59244o0309o
59244.353702,0.0,0.0,0,0,o,0,-2.0,64.16321,40.04256,2989.71,5661.69,2.18,1.85,31.9,-0.444,19.02,19.49,02a59244o0331o
59245.293547,0.0,0.0,0,0,o,0,-2.0,64.16321,40.04256,7873.22,6518.49,2.17,2.04,-76.6,-0.421,19.39,20.15,01a59245o0192o
59245.296769,0.0,0.0,0,0,o,0,-2.0,64.16321,40.04256,7893.39,6557.75,2.21,2.06,-88.7,-0.42,19.36,20.13,01a59245o0199o
59245.304142,0.0,0.0,0,0,o,0,-2.0,64.16321,40.04256,7835.59,6481.88,2.21,2.08,-80.2,-0.417,19.3,20.07,01a59245o0215o
59245.328088,0.0,0.0,0,0,o,0,-2.0,64.16321,40.04256,7819.8,6600.06,2.13,1.91,-76.6,-0.429,19.3,19.92,01a59245o0264o
59246.28485,0.0,0.0,0,0,o,0,-2.0,64.16321,40.04256,7879.22,6522.42,1.99,1.79,-77.2,-0.458,19.85,21.07,01a59246o0160o
59246.288553,0.0,0.0,0,0,o,0,-2.0,64.16321,40.04256,7899.84,6561.12,2.03,1.81,-80.6,-0.452,19.82,21.06,01a59246o0168o
59246.295554,0.0,0.0,0,0,o,0,-2.0,64.16321,40.04256,7842.21,6484.75,2.04,1.79,-78.1,-0.456,19.81,21.03,01a59246o0183o
59246.306762,0.0,0.0,0,0,o,0,-2.0,64.16321,40.04256,7825.93,6601.71,2.04,1.81,-77.4,-0.446,19.73,20.82,01a59246o0207o
59252.324962,18.839,0.761,106,80,c,0,4.93,64.16321,40.04256,7212.82,9886.71,2.61,2.47,-54.3,-0.412,19.71,21.43,02a59252o0260c
59252.329091,-17.638,0.051,-320,16,c,0,13.66,64.16321,40.04256,7193.57,9845.25,2.64,2.47,-54.3,-0.408,19.7,21.41,02a59252o0269c
59252.336883,-17.011,0.084,-570,48,c,0,5.22,64.16321,40.04256,7249.88,9924.15,2.64,2.51,-59.7,-0.407,19.64,21.37,02a59252o0286c
59252.348827,18.734,0.516,117,60,c,0,4.19,64.16321,40.04256,7270.19,9806.65,2.62,2.47,-50.1,-0.411,19.62,21.35,02a59252o0312c
59254.297892,13.544,0.475,13878,6588,c,0,1.97,64.16321,40.04256,1958.8,6398.68,2.55,2.18,-85.8,-0.401,19.67,21.62,01a59254o0198c
59254.303438,12.993,0.271,23054,6239,c,0,2.94,64.16321,40.04256,1980.03,6437.86,2.43,2.13,-87.9,-0.402,19.71,21.65,01a59254o0210c
59254.308509,14.856,1.35,4144,5595,c,0,0.62,64.16321,40.04256,1920.71,6357.98,2.62,2.2,-84.9,-0.401,19.68,21.64,01a59254o0221c
59254.319586,14.55,0.701,5496,3854,c,0,1.13,64.16321,40.04256,1903.52,6475.47,2.52,2.17,-85.1,-0.409,19.72,21.64,01a59254o0245c
59256.276443,-17.676,0.053,-309,16,c,0,13.82,64.16321,40.04256,7226.87,9889.4,2.75,2.51,-61.5,-0.402,19.68,21.46,02a59256o0152c
59256.280147,-19.387,0.257,-64,16,c,0,6.54,64.16321,40.04256,7207.23,9849.52,2.77,2.64,-69.3,-0.404,19.64,21.46,02a59256o0160c
59256.286587,17.265,0.647,451,291,c,0,5.06,64.16321,40.04256,7262.67,9928.72,2.75,2.54,-59.3,-0.403,19.68,21.44,02a59256o0174c
59256.298111,-19.095,0.546,-84,46,c,0,5.13,64.16321,40.04256,7279.79,9810.54,2.65,2.5,-58.3,-0.403,19.7,21.46,02a59256o0199c
59258.296778,-16.45,3.572,-955,3411,c,0,3.98,64.16321,40.04256,1395.55,765.39,2.31,2.14,46.5,-0.434,19.76,21.59,01a59258o0197c
59258.300038,15.069,1.046,3408,3566,c,0,0.77,64.16321,40.04256,1416.35,804.66,2.33,2.13,47.2,-0.433,19.76,21.58,01a59258o0204c
59258.305594,-14.264,0.821,-7152,5875,c,0,0.0,64.16321,40.04256,1359.1,723.93,2.28,2.12,44.8,-0.445,19.76,21.58,01a59258o0216c
59258.32036,13.998,0.397,9136,3625,c,0,1.82,64.16321,40.04256,1346.39,840.86,2.37,2.2,39.1,-0.425,19.71,21.53,01a59258o0248c
59262.264273,-12.939,0.669,-24225,16210,o,0,0.0,64.16321,40.04256,1385.54,768.78,1.81,1.68,59.5,-0.475,19.7,20.81,01a59262o0122o
59262.267497,0.0,0.0,0,0,o,0,-2.0,64.16321,40.04256,1359.28,760.71,1.86,1.7,63.7,-0.47,19.69,20.81,01a59262o0129o
59262.274933,-14.521,1.394,-5643,7863,o,0,1.58,64.16321,40.04256,1349.26,726.13,1.9,1.67,65.8,-0.488,19.69,20.82,01a59262o0145o
59262.288844,0.0,0.0,0,0,o,0,-2.0,64.16321,40.04256,1286.44,794.77,1.88,1.72,61.8,-0.474,19.67,20.81,01a59262o0175o
59262.369793,12.808,0.331,27348,9046,c,0,0.0,64.16321,40.04256,6131.69,10068.88,2.39,2.15,-70.7,-0.384,19.55,21.22,01a59262o0337c
59262.370253,-13.775,1.996,-11225,22407,c,0,0.0,64.16321,40.04256,6152.1,10107.9,2.3,2.13,-59.6,-0.362,19.55,21.22,01a59262o0338c
59262.370714,-15.917,11.585,-1561,18080,c,0,0.0,64.16321,40.04256,6091.16,10030.1,2.28,2.16,-61.8,-0.362,19.58,21.23,01a59262o0339c
59262.371174,-18.869,96.686,-103,9950,c,0,0.0,64.16321,40.04256,6071.72,10147.94,2.31,2.19,-61.2,-0.36,19.56,21.23,01a59262o0340c
59262.371635,12.839,0.472,26561,12528,c,0,0.0,64.16321,40.04256,6111.67,10088.85,2.27,2.14,-58.1,-0.369,19.6,21.23,01a59262o0341c
59262.372523,14.201,0.813,7580,6165,c,0,0.0,64.16321,40.04256,4472.62,477.68,2.4,2.22,-72.0,-0.399,19.42,21.01,02a59262o0348c
59262.37298,13.849,0.466,10480,4884,c,0,0.0,64.16321,40.04256,4452.61,438.46,2.39,2.23,-73.0,-0.404,19.46,21.02,02a59262o0349c
59262.373438,13.816,0.641,10805,6928,c,0,0.0,64.16321,40.04256,4512.79,516.92,2.37,2.24,-78.4,-0.412,19.41,21.02,02a59262o0350c
59262.373894,15.365,1.994,2594,5172,c,0,0.63,64.16321,40.04256,4533.63,399.22,2.38,2.21,-69.3,-0.403,19.45,21.03,02a59262o0351c
59262.374352,13.17,0.453,19589,8874,c,0,0.52,64.16321,40.04256,4492.9,457.86,2.37,2.21,-73.4,-0.408,19.47,21.03,02a59262o0352c
59268.309101,-12.513,0.39,-35876,13987,o,0,0.0,64.16321,40.04256,4880.52,7612.4,2.48,2.22,38.0,-0.417,18.82,19.44,02a59268o0198o
59268.314611,13.664,0.448,12426,5569,o,0,2.62,64.16321,40.04256,4860.73,7571.5,2.62,2.37,39.8,-0.398,18.78,19.42,02a59268o0210o
59268.318767,16.361,1.317,1036,1365,o,0,2.0,64.16321,40.04256,4916.7,7649.76,2.87,2.59,35.4,-0.402,18.66,19.4,02a59268o0219o
59268.332088,15.435,3.799,2432,9240,o,0,0.0,64.16321,40.04256,4938.92,7530.23,2.63,2.45,38.1,-0.425,18.71,19.35,02a59268o0248o
59270.266856,0.0,0.0,0,0,o,0,-2.0,64.16321,40.04256,5594.11,4837.62,1.96,1.86,-15.0,-0.394,19.09,19.37,01a59270o0006o
59270.270085,0.0,0.0,0,0,o,0,-2.0,64.16321,40.04256,5615.19,4875.29,2.02,1.94,-51.5,-0.408,19.05,19.36,01a59270o0013o
59270.277461,0.0,0.0,0,0,o,0,-2.0,64.16321,40.04256,5560.04,4797.76,2.02,1.91,-57.6,-0.415,19.02,19.34,01a59270o0029o
59270.293185,-13.424,2.198,-15496,34063,o,0,0.0,64.16321,40.04256,5591.48,4959.11,2.03,1.86,-73.8,-0.433,19.01,19.28,01a59270o0063o
59272.251054,13.407,1.021,15751,16083,o,0,0.0,64.16321,40.04256,4885.48,7614.85,2.09,1.83,36.3,-0.445,18.93,19.18,02a59272o0086o
59272.254721,0.0,-8.253,0,7261875269719,o,0,0.0,64.16321,40.04256,4866.59,7575.29,2.23,1.95,36.0,-0.437,18.86,19.16,02a59272o0094o
59272.260765,-13.318,0.336,-17088,5738,o,0,0.0,64.16321,40.04256,4923.42,7652.63,2.36,2.2,35.2,-0.446,18.68,19.15,02a59272o0107o
59272.279168,0.0,0.0,0,0,o,0,-2.0,64.16321,40.04256,4899.63,7488.35,2.22,2.02,39.8,-0.436,18.74,19.09,02a59272o0147o
59276.238023,13.517,0.737,14226,10491,o,0,0.0,64.16321,40.04256,6543.46,3758.71,2.45,2.27,37.6,-0.437,19.31,20.55,02a59276o0056o
59276.241228,-15.899,1.758,-1587,2789,o,0,1.75,64.16321,40.04256,6523.8,3718.54,2.77,2.64,40.5,-0.429,19.18,20.55,02a59276o0063o
59276.246785,14.184,7.256,7698,55853,o,0,0.0,64.16321,40.04256,6580.64,3797.16,2.47,2.35,42.9,-0.432,19.27,20.55,02a59276o0075o
59276.257399,-14.387,0.714,-6386,4557,o,0,4.6,64.16321,40.04256,6600.66,3677.97,2.58,2.49,47.0,-0.43,19.19,20.55,02a59276o0098o
59278.232985,18.19,0.224,192,43,c,0,4.48,64.16321,40.04256,7194.28,978.21,2.4,2.23,-21.8,-0.401,18.53,19.85,01a59278o0021c
59278.235802,13.636,0.004,12754,57,c,0,3299.9,64.16321,40.04256,7213.76,1016.5,2.35,2.21,-26.6,-0.405,18.14,19.51,01a59278o0027c
59278.243232,14.388,0.002,6382,11,c,0,5996.29,64.16321,40.04256,7159.04,939.86,2.34,2.16,-38.4,-0.405,18.37,19.72,01a59278o0043c
59278.253909,-14.255,1.443,-7213,10411,c,0,1.25,64.16321,40.04256,7142.28,1056.52,2.35,2.22,-33.0,-0.418,18.94,20.31,01a59278o0066c
59284.249599,15.462,0.506,2373,1201,c,0,2.17,64.16321,40.04256,8794.63,1377.66,2.39,2.19,-58.2,-0.413,19.54,21.09,02a59284o0008c
59284.253278,16.521,1.294,895,1157,c,0,2.64,64.16321,40.04256,8774.54,1337.15,2.42,2.21,-58.5,-0.406,19.52,21.12,02a59284o0016c
59284.260144,-16.833,2.707,-671,1816,c,0,1.11,64.16321,40.04256,8832.82,1415.26,2.41,2.21,-58.1,-0.404,19.51,21.12,02a59284o0031c
59284.271169,15.014,0.345,3585,1237,c,0,2.76,64.16321,40.04256,8854.54,1296.81,2.52,2.25,-53.2,-0.408,19.55,21.11,02a59284o0055c
59286.221786,11.819,1.335,67986,90750,o,0,0.0,64.16321,40.04256,1710.11,4569.57,1.95,1.79,-84.0,-0.434,18.2,18.31,01a59286o0019o
59286.22501,12.638,1.295,31960,41400,o,0,0.0,64.16321,40.04256,1733.34,4608.71,1.9,1.77,-84.5,-0.43,18.5,18.88,01a59286o0026o
59286.230545,-12.692,0.813,-30430,24744,o,0,1.79,64.16321,40.04256,1676.19,4528.56,2.01,1.82,-88.1,-0.434,18.7,19.46,01a59286o0038o
59286.242135,-13.379,0.664,-16157,10721,o,0,0.58,64.16321,40.04256,1660.16,4642.48,2.07,1.77,-87.6,-0.433,19.03,19.93,01a59286o0063o
59288.227543,16.668,2.242,782,1752,c,0,2.51,64.16321,40.04256,8798.42,1376.74,2.46,2.16,-58.9,-0.423,18.94,20.09,02a59288o0029c
59288.230767,16.775,2.776,708,1965,c,0,0.33,64.16321,40.04256,8777.5,1336.23,2.51,2.24,-58.4,-0.416,19.3,20.64,02a59288o0036c
59288.238597,14.794,0.528,4388,2316,c,0,0.99,64.16321,40.04256,8837.14,1414.25,2.47,2.22,-52.5,-0.409,19.54,21.14,02a59288o0053c
59288.255254,-16.551,1.103,-870,960,c,0,2.7,64.16321,40.04256,8857.34,1296.16,2.45,2.16,-55.9,-0.418,19.59,21.17,02a59288o0089c
59298.226073,-13.542,2.734,-13911,38031,o,0,0.0,64.16321,40.04256,5800.59,9047.82,2.58,2.48,-51.8,-0.397,18.6,19.05,01a59298o0023o
59298.230234,-14.588,3.042,-5304,16138,o,0,1.3,64.16321,40.04256,5822.31,9086.32,2.71,2.59,-81.8,-0.366,18.7,19.32,01a59298o0032o
59298.237606,-12.495,0.879,-36468,32050,o,0,0.0,64.16321,40.04256,5762.97,9010.58,2.33,2.21,-69.9,-0.412,18.84,19.4,01a59298o0048o
59298.247738,12.3,0.5,43641,21818,o,0,0.0,64.16321,40.04256,5745.3,9126.46,2.67,2.5,-75.5,-0.384,18.69,19.33,01a59298o0070o
59300.254648,0.0,0.0,0,0,o,0,0.0,64.16321,40.04256,5345.05,9960.29,2.22,2.12,-51.9,-0.426,18.68,19.02,02a59300o0043o
59300.261988,15.75,5.904,1820,10746,o,0,0.0,64.16321,40.04256,5324.53,9921.95,2.41,2.28,-54.9,-0.411,18.58,18.97,02a59300o0059o
59300.272122,-13.525,1.282,-14120,18098,o,0,0.0,64.16321,40.04256,5380.01,9996.11,2.48,2.32,-46.1,-0.407,18.46,18.9,02a59300o0081o
59300.276261,-16.288,1.597,-1109,1771,o,0,1.48,64.16321,40.04256,5401.43,9873.81,2.71,2.43,-51.7,-0.401,18.44,18.87,02a59300o0090o
59406.594109,-12.365,0.003,-41129,139,o,0,3286.72,64.16321,40.04256,6892.18,6078.53,2.05,1.9,-10.4,-0.397,17.71,18.86,01a59406o0755o
59406.599652,12.866,0.712,25928,18472,o,0,0.0,64.16321,40.04256,6874.05,6038.4,2.06,1.85,-7.9,-0.395,18.29,19.16,01a59406o0767o
59406.61721,0.0,0.0,0,0,o,0,-2.0,64.16321,40.04256,6886.72,6065.08,2.01,1.92,-30.3,-0.403,18.63,18.95,01a59406o0805o
59406.623237,-14.627,0.291,-5118,1490,o,0,26.14,64.16321,40.04256,6954.16,5996.44,2.06,1.93,-14.7,-0.436,15.13,15.06,01a59406o0818o
59414.595351,0.0,0.0,0,0,o,0,-2.0,64.16321,40.04256,733.29,1683.34,2.16,2.04,54.9,-0.423,19.21,20.02,01a59414o0762o
59414.600889,0.0,0.0,0,0,o,0,-2.0,64.16321,40.04256,713.7,1645.9,2.24,2.12,53.2,-0.419,19.2,20.03,01a59414o0774o
59414.617856,0.0,0.0,0,0,o,0,-2.0,64.16321,40.04256,776.02,1726.71,2.22,2.12,28.5,-0.404,19.15,19.87,01a59414o0810o
59416.600012,-14.128,0.369,-8103,2991,o,0,14.76,64.16321,40.04256,9129.73,863.73,2.28,1.85,-50.3,-0.477,16.58,17.6,02a59416o0764o
59416.60602,-15.589,1.7,-2110,3588,o,0,11.27,64.16321,40.04256,9148.64,902.12,2.05,1.76,-54.9,-0.471,16.92,17.91,02a59416o0777o
59416.620858,0.0,0.0,0,0,o,0,-2.0,64.16321,40.04256,9050.41,778.23,2.17,1.72,-51.8,-0.495,18.36,19.13,02a59416o0809o
59416.625493,-12.028,0.907,-56069,50865,o,0,0.0,64.16321,40.04256,9075.78,943.3,2.22,1.74,-50.6,-0.499,18.5,18.98,02a59416o0819o
59422.601078,0.0,0.0,0,0,o,0,-2.0,64.16321,40.04256,2946.31,7665.89,2.23,2.1,-48.7,-0.435,19.02,19.68,01a59422o0642o
59422.612455,0.0,0.0,0,0,o,0,-2.0,64.16321,40.04256,2930.64,7627.11,2.13,2.03,-55.0,-0.455,19.07,19.66,01a59422o0666o
59422.625415,0.0,0.0,0,0,o,0,-2.0,64.16321,40.04256,2989.94,7704.33,1.94,1.85,-33.5,-0.426,18.48,18.44,01a59422o0693o
59422.628236,0.0,0.0,0,0,o,0,-2.0,64.16321,40.04256,3009.27,7588.56,2.13,2.03,-56.8,-0.425,17.94,17.73,01a59422o0699o
59432.604379,0.0,0.0,0,0,o,0,-2.0,64.16321,40.04256,9437.34,2668.33,2.22,1.93,-51.8,-0.447,19.43,20.59,02a59432o0745o
59432.608551,0.0,0.0,0,0,o,0,-2.0,64.16321,40.04256,9456.75,2706.15,2.24,1.97,-51.8,-0.44,19.37,20.56,02a59432o0754o
59432.617772,0.0,0.0,0,0,o,0,-2.0,64.16321,40.04256,9399.06,2626.71,2.24,1.99,-50.3,-0.439,19.35,20.47,02a59432o0774o
59432.631808,-12.284,1.462,-44280,64744,o,0,0.0,64.16321,40.04256,9429.89,2793.46,2.13,1.91,-56.2,-0.444,18.27,18.18,02a59432o0804o
59438.603895,13.505,0.35,14392,5041,c,0,0.0,64.16321,40.04256,8903.45,7956.38,2.24,2.13,71.5,-0.4,19.85,21.49,01a59438o0656c
59438.607118,-14.427,0.304,-6155,1868,c,0,0.0,64.16321,40.04256,8887.06,7922.03,2.38,2.13,49.5,-0.385,19.86,21.5,01a59438o0663c
59438.624248,-14.25,0.225,-7244,1630,c,0,1.77,64.16321,40.04256,8948.87,8000.97,2.44,2.2,49.3,-0.381,19.62,20.95,01a59438o0699c
59440.5705,13.389,1.696,16017,27167,o,0,0.0,64.16321,40.04256,9514.9,4653.02,2.31,2.26,70.0,-0.425,19.42,20.64,02a59440o0727o
59440.573269,0.0,0.0,0,0,o,0,-2.0,64.16321,40.04256,9487.09,4645.19,2.24,2.09,40.8,-0.429,19.46,20.63,02a59440o0733o
59440.57926,-12.279,0.712,-44485,31671,o,0,0.0,64.16321,40.04256,9475.11,4615.01,2.28,2.19,55.4,-0.427,19.4,20.63,02a59440o0746o
59440.589342,-12.466,0.718,-37474,26892,o,0,0.0,64.16321,40.04256,9455.25,4732.14,2.34,2.23,49.5,-0.425,19.41,20.67,02a59440o0768o
59444.604102,0.0,0.0,0,0,o,0,-2.0,64.16321,40.04256,7533.98,4747.67,2.32,1.92,43.6,-0.438,19.51,20.66,02a59444o0770o
59444.607312,0.0,0.0,0,0,o,0,-2.0,64.16321,40.04256,7555.76,4785.74,2.3,1.95,45.4,-0.434,19.48,20.71,02a59444o0777o
59444.623243,0.0,0.0,0,0,o,0,-2.0,64.16321,40.04256,7498.49,4713.84,2.37,1.91,41.6,-0.435,19.41,20.52,02a59444o0811o
59444.631578,-11.194,0.698,-120886,84325,o,0,0.0,64.16321,40.04256,7530.64,4874.63,2.34,1.9,44.4,-0.427,18.94,19.36,02a59444o0829o
59446.603469,0.0,0.0,0,0,o,0,-2.0,64.16321,40.04256,2588.79,3896.9,1.89,1.83,55.8,-0.429,19.76,20.96,01a59446o0818o
59446.608997,0.0,0.0,0,0,o,0,-2.0,64.16321,40.04256,2569.68,3861.36,1.83,1.76,59.1,-0.431,19.8,21.05,01a59446o0830o
59446.624246,0.0,0.0,0,0,o,0,-2.0,64.16321,40.04256,2628.09,3939.79,1.89,1.77,48.7,-0.423,19.71,20.72,01a59446o0863o
59446.633018,0.0,0.0,0,0,o,0,-2.0,64.16321,40.04256,2645.85,3822.81,2.04,1.91,62.5,-0.414,18.87,19.12,01a59446o0882o
59448.552544,11.341,0.459,105628,48531,o,0,0.0,64.16321,40.04256,7574.55,4793.92,2.2,1.89,41.3,-0.436,18.75,18.96,02a59448o0707o
59448.555749,-9.699,0.324,-478871,154930,o,0,0.0,64.16321,40.04256,7592.61,4832.5,2.28,1.88,39.8,-0.429,18.76,18.98,02a59448o0714o
59448.56171,0.0,0.0,0,0,o,0,-2.0,64.16321,40.04256,7489.22,4709.64,2.26,1.9,42.1,-0.431,18.8,19.02,02a59448o0727o
59448.572314,0.0,0.0,0,0,o,0,-2.0,64.16321,40.04256,7466.98,4826.65,2.25,1.88,41.0,-0.436,18.78,19.08,02a59448o0750o
59452.608719,12.971,0.302,23521,7114,o,0,2.8,64.16321,40.04256,3337.1,706.47,1.99,1.83,-65.2,-0.492,19.17,19.79,02a59452o0827o
59452.615484,17.067,11.387,541,6158,o,0,1.75,64.16321,40.04256,3356.17,742.31,2.08,1.89,-59.0,-0.495,19.14,19.84,02a59452o0841o
59452.623011,-12.462,1.057,-37584,39724,o,0,0.0,64.16321,40.04256,3307.02,663.49,1.96,1.81,-60.0,-0.495,19.22,19.87,02a59452o0857o
59452.626884,-12.971,0.731,-23522,17195,o,0,0.0,64.16321,40.04256,3292.57,780.86,2.0,1.85,-59.1,-0.497,19.15,19.78,02a59452o0865o
59454.60617,-16.877,6.987,-644,4502,o,0,1.33,64.16321,40.04256,8607.79,4165.18,2.21,2.14,-68.0,-0.418,19.26,19.94,01a59454o0786o
59454.610324,0.0,0.0,0,0,o,0,-2.0,64.16321,40.04256,8541.6,4079.37,2.14,2.06,-70.3,-0.426,19.29,19.94,01a59454o0795o
59454.624742,-14.429,1.245,-6141,7647,o,0,0.0,64.16321,40.04256,8643.91,4201.31,2.11,1.98,-65.7,-0.44,19.28,19.9,01a59454o0826o
59454.632716,0.0,0.0,0,0,o,0,-2.0,64.16321,40.04256,8615.88,4040.57,2.16,2.13,56.4,-0.42,18.99,19.3,01a59454o0843o
59455.552713,13.52,0.753,14185,10685,o,0,0.0,64.16321,40.04256,3338.69,699.3,1.96,1.84,-61.7,-0.491,19.0,19.56,02a59455o0692o
59455.55821,16.346,58.38,1051,61348,o,0,0.0,64.16321,40.04256,3356.55,739.88,2.02,1.85,-56.5,-0.483,19.01,19.58,02a59455o0704o
59455.565136,13.107,0.474,20759,9837,o,0,0.3,64.16321,40.04256,3301.16,660.32,1.99,1.82,-59.5,-0.493,18.99,19.6,02a59455o0719o
59455.577252,12.507,0.558,36071,20143,o,0,0.0,64.16321,40.04256,3282.55,778.67,1.89,1.82,-79.3,-0.501,19.06,19.63,02a59455o0744o
59456.580174,12.637,0.386,31995,12351,o,0,0.93,64.16321,40.04256,3331.59,700.72,1.89,1.78,-65.8,-0.502,18.05,18.49,02a59456o0765o
59456.584297,-13.208,0.783,-18909,14809,o,0,1.0,64.16321,40.04256,3351.28,740.75,1.91,1.8,-63.9,-0.492,18.37,18.65,02a59456o0774o
59456.589806,-12.807,0.305,-27376,8343,o,0,1.24,64.16321,40.04256,3296.54,661.67,1.89,1.76,-61.3,-0.499,18.51,18.7,02a59456o0786o
59456.600822,12.221,1.102,46947,51728,o,0,0.0,64.16321,40.04256,3279.62,780.86,1.92,1.81,-77.3,-0.492,18.95,19.4,02a59456o0810o
59458.60404,-13.244,0.149,-18304,2728,o,0,5.48,64.16321,40.04256,9133.86,9816.57,2.42,2.22,58.3,-0.369,15.04,15.16,01a59458o0731o
59458.621091,-13.169,0.022,-19601,428,o,0,407.97,64.16321,40.04256,9115.44,9774.22,2.2,2.01,54.1,-0.37,17.39,17.88,01a59458o0767o
59458.626689,-13.694,0.055,-12086,665,o,0,139.13,64.16321,40.04256,9174.64,9854.29,2.21,2.03,57.1,-0.378,16.67,17.32,01a59458o0779o
59458.629934,-13.651,0.146,-12580,1841,o,0,30.43,64.16321,40.04256,9193.09,9737.57,2.22,1.97,51.2,-0.375,15.7,15.62,01a59458o0786o
59462.57065,-14.529,0.509,-5604,2854,o,0,0.0,64.16321,40.04256,9132.69,9815.32,2.05,1.91,74.3,-0.412,19.75,20.88,01a59462o0757o
59462.573886,0.0,0.0,0,0,o,0,-2.0,64.16321,40.04256,9068.73,9729.71,2.11,2.01,83.6,-0.406,19.7,20.89,01a59462o0764o
59462.578988,0.0,0.0,0,0,o,0,-2.0,64.16321,40.04256,9126.99,9809.03,2.15,2.05,70.3,-0.411,19.67,20.9,01a59462o0775o
59462.590078,-17.103,12.369,-523,6472,o,0,0.0,64.16321,40.04256,9193.24,9738.1,2.03,1.88,67.5,-0.409,19.77,20.98,01a59462o0799o
59464.589556,13.775,0.099,11220,1106,c,0,22.53,64.16321,40.04256,9915.94,6489.3,2.76,2.53,39.4,-0.395,19.67,21.54,02a59464o0746c
59464.593218,-15.074,0.375,-3392,1272,c,0,1.0,64.16321,40.04256,9941.07,6527.27,2.72,2.56,46.8,-0.397,19.67,21.54,02a59464o0754c
59464.599199,16.268,0.993,1129,1121,c,0,1.27,64.16321,40.04256,9881.28,6452.25,2.85,2.66,44.2,-0.388,19.61,21.55,02a59464o0767c
59464.619193,14.412,0.081,6241,507,c,0,16.64,64.16321,40.04256,9869.32,6573.15,2.86,2.61,40.4,-0.395,19.63,21.56,02a59464o0810c
59466.61354,15.587,1.324,2114,2799,o,0,0.96,64.16321,40.04256,4866.89,5656.74,2.85,2.61,45.0,-0.445,19.37,20.94,01a59466o0834o
59466.618683,15.456,1.393,2386,3324,o,0,1.52,64.16321,40.04256,4845.55,5619.35,2.85,2.61,45.9,-0.446,19.35,20.95,01a59466o0845o
59466.62204,-15.7,1.494,-1906,2848,o,0,0.68,64.16321,40.04256,4904.17,5695.67,2.88,2.62,42.8,-0.443,19.37,20.87,01a59466o0852o
59466.63236,-13.928,1.211,-9747,11802,o,0,1.17,64.16321,40.04256,5501.4,4968.06,2.71,2.53,36.5,-0.473,19.22,20.46,01a59466o0874o
59468.555952,15.814,2.225,1716,3819,c,0,1.66,64.16321,40.04256,5680.42,2966.78,2.27,2.19,44.1,-0.405,19.73,21.43,02a59468o0733c
59468.563751,14.398,0.943,6319,5958,c,0,1.82,64.16321,40.04256,5702.32,3001.85,2.29,2.2,71.8,-0.406,19.7,21.42,02a59468o0750c
59468.566967,-15.289,1.917,-2782,5332,c,0,0.0,64.16321,40.04256,5645.95,2924.69,2.29,2.21,67.7,-0.407,19.68,21.44,02a59468o0757c
59468.577994,-14.129,0.695,-8099,5630,c,0,0.0,64.16321,40.04256,5628.69,3041.0,2.39,2.22,53.7,-0.403,19.68,21.46,02a59468o0781c
59470.540568,-16.941,5.987,-608,3638,o,0,1.19,64.16321,40.04256,4866.39,5653.49,2.56,2.45,-61.2,-0.496,19.34,20.69,01a59470o0701o
59470.542412,14.456,0.592,5995,3548,o,0,0.0,64.16321,40.04256,4846.7,5615.19,2.53,2.46,-58.5,-0.501,19.35,20.71,01a59470o0705o
59470.546557,13.293,0.324,17497,5665,o,0,1.14,64.16321,40.04256,4905.31,5691.55,2.54,2.51,-73.8,-0.493,19.36,20.77,01a59470o0714o
59470.552092,15.746,4.329,1826,7906,o,0,8.93,64.16321,40.04256,4923.36,5576.23,2.52,2.43,-57.8,-0.505,19.37,20.77,01a59470o0726o
59472.569035,13.306,0.328,17283,5670,c,0,0.28,64.16321,40.04256,5685.52,2966.28,2.38,2.2,48.2,-0.404,19.72,21.49,02a59472o0469c
59472.572727,16.678,6.724,774,5206,c,0,0.0,64.16321,40.04256,5708.9,3004.47,2.4,2.19,53.5,-0.402,19.66,21.44,02a59472o0477c
59472.57823,20.384,427.869,26,10911,c,0,0.0,64.16321,40.04256,5652.45,2926.69,2.33,2.2,58.6,-0.408,19.69,21.43,02a59472o0489c
59472.592208,-15.81,2.964,-1722,5104,c,0,1.47,64.16321,40.04256,5634.95,3046.98,2.41,2.21,50.8,-0.401,19.68,21.45,02a59472o0519c
59478.522135,-13.919,2.064,-9827,20283,o,0,0.0,64.16321,40.04256,3340.16,9577.19,2.7,2.6,82.0,-0.485,18.64,19.32,01a59478o0680o
59478.525359,14.33,4.347,6730,29252,o,0,0.0,64.16321,40.04256,3321.11,9538.66,2.7,2.6,82.8,-0.489,18.65,19.34,01a59478o0687o
59478.528582,14.251,1.067,7237,7722,o,0,0.45,64.16321,40.04256,3378.14,9615.67,2.79,2.61,70.7,-0.47,18.65,19.35,01a59478o0694o
59478.535962,11.615,0.495,82045,40586,o,0,0.0,64.16321,40.04256,3396.84,9497.64,2.68,2.57,84.0,-0.485,18.66,19.36,01a59478o0710o
59481.542267,16.597,3.224,834,2690,o,0,1.21,64.16321,40.04256,8786.49,5940.11,2.81,2.64,49.6,-0.469,18.8,19.55,01a59481o0739o
59481.544111,17.119,5.841,516,3012,o,0,1.62,64.16321,40.04256,8766.26,5901.07,2.78,2.62,51.8,-0.476,18.79,19.55,01a59481o0743o
59481.549191,16.769,5.463,712,3890,o,0,0.99,64.16321,40.04256,8825.46,5980.01,2.77,2.6,47.8,-0.475,18.8,19.56,01a59481o0754o
59481.55518,-15.308,0.808,-2734,2208,o,0,0.7,64.16321,40.04256,8842.86,5864.34,2.78,2.62,46.5,-0.475,18.77,19.57,01a59481o0767o
59484.484834,12.059,0.185,54492,10060,o,0,3.07,64.16321,40.04256,1781.96,9208.13,2.18,1.74,-56.3,-0.499,18.87,19.32,02a59484o0621o
59484.506019,13.774,0.353,11233,3963,o,0,3.98,64.16321,40.04256,1808.81,9245.76,2.11,1.78,-55.1,-0.493,18.88,19.38,02a59484o0667o
59484.53429,-14.844,0.191,-4190,802,o,0,12.07,64.16321,40.04256,1750.18,9170.61,2.67,2.29,42.2,-0.41,18.67,19.43,02a59484o0728o
59484.539405,12.461,0.274,37626,10296,o,0,2.51,64.16321,40.04256,1732.87,9283.25,2.14,1.81,-58.9,-0.494,18.89,19.44,02a59484o0739o
59486.552776,-15.706,0.55,-1896,1043,o,0,0.91,64.16321,40.04256,8789.73,5937.67,2.8,2.71,59.7,-0.468,19.18,20.33,01a59486o0767o
59486.555567,16.032,1.644,1404,2308,o,0,1.75,64.16321,40.04256,8769.4,5899.6,2.71,2.65,67.8,-0.48,19.18,20.32,01a59486o0773o
59486.558792,-17.181,2.193,-487,1068,o,0,1.44,64.16321,40.04256,8828.67,5977.17,2.71,2.64,84.9,-0.483,19.17,20.27,01a59486o0780o
59486.566166,-15.007,0.727,-3608,2622,o,0,0.61,64.16321,40.04256,8846.54,5860.95,2.73,2.68,83.3,-0.478,19.2,20.33,01a59486o0796o
59486.64119,-15.558,2.014,-2171,4372,o,0,1.95,64.16321,40.04256,1629.37,4649.94,2.77,2.48,-41.8,-0.522,18.64,19.29,01a59486o0955o
59488.613308,16.891,4.05,636,2577,o,0,0.0,64.16321,40.04256,8786.27,1360.67,1.95,1.8,-56.3,-0.466,19.45,20.49,02a59488o0389o
59488.631316,-15.036,0.487,-3514,1713,o,0,2.73,64.16321,40.04256,8761.46,1322.19,2.12,1.86,30.1,-0.443,19.33,20.45,02a59488o0427o
59488.64019,-15.476,1.992,-2343,4667,o,0,0.0,64.16321,40.04256,8824.33,1401.03,1.81,1.77,-56.1,-0.473,19.36,20.23,02a59488o0446o
59490.475493,-12.501,0.764,-36271,27715,o,0,0.0,64.16321,40.04256,2724.75,1650.15,2.98,2.91,-63.2,-0.472,19.09,20.45,01a59490o0537o
59490.481021,-15.34,3.327,-2654,8830,o,0,1.34,64.16321,40.04256,2702.34,1611.47,3.17,3.01,-52.1,-0.448,19.02,20.42,01a59490o0549o
59490.486178,14.531,1.14,5590,6371,o,0,1.56,64.16321,40.04256,2763.84,1688.91,2.89,2.8,-50.7,-0.484,19.13,20.45,01a59490o0560o
59490.512628,15.537,2.718,2214,6017,o,0,1.5,64.16321,40.04256,2781.55,1573.04,3.04,2.98,-56.1,-0.459,19.1,20.56,01a59490o0616o
59492.529035,-13.54,0.263,-13931,3662,o,0,1.69,64.16321,40.04256,3598.58,2556.1,2.3,1.94,44.3,-0.444,19.41,20.73,02a59492o0731o
59492.531322,-13.196,0.261,-19128,4994,o,0,0.8,64.16321,40.04256,3617.73,2595.5,2.35,1.91,43.8,-0.446,19.46,20.78,02a59492o0736o
59492.534078,15.658,4.535,1981,8985,o,0,2.46,64.16321,40.04256,3561.4,2516.8,2.34,1.94,44.1,-0.443,19.37,20.67,02a59492o0742o
59492.540028,-13.883,0.451,-10161,4588,o,0,3.65,64.16321,40.04256,3542.5,2633.04,2.35,1.9,43.7,-0.451,19.49,20.82,02a59492o0755o
59494.469525,-13.106,0.489,-20779,10152,o,0,0.0,64.16321,40.04256,2728.6,1654.03,2.78,2.74,22.5,-0.476,19.24,20.72,01a59494o0599o
59494.474134,15.883,4.614,1609,7425,o,0,0.87,64.16321,40.04256,2704.17,1612.29,2.79,2.66,-42.2,-0.504,19.28,20.62,01a59494o0609o
59494.482468,-11.737,0.382,-73311,28025,o,0,0.0,64.16321,40.04256,2765.84,1690.37,2.77,2.63,-50.3,-0.507,19.33,20.78,01a59494o0626o
59494.49228,15.225,1.786,2951,5271,o,0,1.8,64.16321,40.04256,2782.45,1571.02,2.84,2.75,-75.7,-0.475,19.31,20.86,01a59494o0647o
59498.519596,-14.198,0.516,-7597,3920,o,0,0.0,64.16321,40.04256,4722.3,1511.05,2.68,2.65,68.5,-0.471,19.34,20.79,01a59498o0713o
59498.52236,-16.06,4.854,-1368,6639,o,0,0.21,64.16321,40.04256,4701.84,1471.9,2.74,2.69,72.8,-0.464,19.33,20.8,01a59498o0719o
59498.526058,-14.416,2.212,-6216,13751,o,0,0.0,64.16321,40.04256,4762.45,1547.79,2.7,2.69,62.2,-0.477,19.35,20.83,01a59498o0727o
59498.531581,14.086,0.636,8426,5360,o,0,0.0,64.16321,40.04256,4779.46,1428.95,2.74,2.66,-59.8,-0.466,19.35,20.86,01a59498o0739o
59500.506249,12.279,-0.0,44515,0,o,0,-0.0,64.16321,40.04256,5243.36,619.06,2.22,2.06,72.0,-0.437,19.32,20.55,02a59500o0526o
59500.509464,-12.517,0.885,-35733,31635,o,0,0.0,64.16321,40.04256,5262.54,658.93,2.05,1.9,72.2,-0.446,19.38,20.53,02a59500o0533o
59500.512666,-13.172,0.727,-19556,14220,o,0,0.0,64.16321,40.04256,5208.37,580.82,2.06,1.88,66.3,-0.446,19.39,20.52,02a59500o0540o
59500.537263,-14.145,0.993,-7982,7926,o,0,0.83,64.16321,40.04256,5196.93,707.51,2.62,2.01,48.1,-0.401,19.17,20.44,02a59500o0592o
59502.448972,16.064,3.727,1363,5080,o,0,0.0,64.16321,40.04256,4735.14,1533.33,2.81,2.54,41.1,-0.467,18.93,19.93,01a59502o0564o
59502.45313,0.0,0.0,0,0,o,0,-2.0,64.16321,40.04256,4665.95,1445.7,2.63,2.53,-52.1,-0.497,19.01,20.03,01a59502o0573o
59502.458662,-12.315,0.851,-43050,36645,o,0,0.0,64.16321,40.04256,4771.99,1566.83,2.63,2.51,-46.1,-0.497,19.01,20.02,01a59502o0585o
59502.47308,-15.5,3.378,-2290,7737,o,0,0.0,64.16321,40.04256,4793.41,1446.29,2.66,2.56,-50.2,-0.485,19.08,20.11,01a59502o0615o
59504.480225,-12.987,0.602,-23194,13968,o,0,1.24,64.16321,40.04256,5242.08,617.31,2.09,1.96,84.2,-0.438,18.27,18.64,02a59504o0578o
59504.483433,-13.462,0.639,-14976,9574,o,0,3.52,64.16321,40.04256,5261.21,656.94,2.05,1.94,74.6,-0.448,18.36,18.78,02a59504o0585o
59504.486646,-13.067,0.62,-21536,13361,o,0,0.72,64.16321,40.04256,5205.44,577.54,2.02,1.92,89.7,-0.445,18.19,18.57,02a59504o0592o
59504.505342,12.881,1.493,25561,38162,o,0,0.0,64.16321,40.04256,5193.2,701.21,2.17,2.04,69.5,-0.434,18.45,19.0,02a59504o0632o
59505.437932,11.63,0.342,80884,27677,o,0,0.0,64.16321,40.04256,1499.95,9793.26,2.74,2.39,-45.0,-0.538,18.84,19.64,01a59505o0542o
59505.472507,12.549,0.555,34721,19271,o,0,0.0,64.16321,40.04256,1487.72,9749.73,2.84,2.45,-43.5,-0.525,18.86,19.71,01a59505o0614o
59505.476201,13.316,1.307,17120,22370,o,0,0.63,64.16321,40.04256,1545.04,9825.25,2.76,2.42,-45.0,-0.531,18.85,19.71,01a59505o0622o
59505.478963,-13.925,2.898,-9774,28323,o,0,0.0,64.16321,40.04256,1562.7,9705.91,2.76,2.43,-47.9,-0.523,18.85,19.72,01a59505o0628o
59506.551799,12.702,0.865,30137,26078,o,0,0.0,64.16321,40.04256,8997.71,771.38,3.0,2.75,-59.8,-0.529,18.64,19.57,01a59506o0633o
59506.554572,-13.795,1.649,-11015,18164,o,0,0.0,64.16321,40.04256,9017.47,810.49,3.04,2.82,-52.4,-0.513,18.66,19.57,01a59506o0639o
59506.560106,13.715,0.672,11858,7972,o,0,0.25,64.16321,40.04256,8960.94,734.88,3.28,2.99,-54.4,-0.501,18.57,19.56,01a59506o0651o
59506.595249,13.204,0.97,18989,18410,o,0,0.0,64.16321,40.04256,8954.09,854.63,2.73,2.52,-58.7,-0.544,18.73,19.5,01a59506o0726o
59507.46426,13.571,1.76,13537,23825,o,0,0.0,64.16321,40.04256,3694.11,4485.28,2.32,1.76,42.5,-0.443,18.62,18.86,02a59507o0605o
59507.466089,-12.319,0.17,-42910,7300,o,0,3.31,64.16321,40.04256,3713.26,4524.54,2.31,1.77,42.6,-0.443,18.62,18.87,02a59507o0609o
59507.469433,-12.22,0.694,-47001,32625,o,0,0.0,64.16321,40.04256,3657.0,4445.87,2.31,1.77,42.6,-0.437,18.64,18.88,02a59507o0616o
59507.496103,12.216,0.707,47183,33367,o,0,0.0,64.16321,40.04256,3641.11,4563.38,2.27,1.75,41.3,-0.445,18.67,18.96,02a59507o0670o
59508.501881,-13.936,0.437,-9673,4231,o,0,0.44,64.16321,40.04256,3700.97,4489.0,2.6,2.02,38.1,-0.428,18.51,18.89,02a59508o0650o
59508.503712,-15.193,1.893,-3039,5753,o,0,1.27,64.16321,40.04256,3721.42,4528.02,2.54,2.0,38.6,-0.427,18.49,18.9,02a59508o0654o
59508.507397,-13.882,0.702,-10167,7138,o,0,1.42,64.16321,40.04256,3663.75,4450.61,2.46,2.03,39.3,-0.428,18.5,18.9,02a59508o0662o
59508.512895,12.533,0.478,35235,16838,o,0,1.93,64.16321,40.04256,3644.35,4566.56,2.45,1.94,41.9,-0.433,18.52,18.9,02a59508o0674o
59514.472915,13.843,0.817,10540,8614,o,0,0.0,64.16321,40.04256,4572.97,3848.39,2.73,2.66,42.9,-0.474,19.13,20.23,01a59514o0603o
59514.475221,-13.228,0.748,-18570,13899,o,0,0.0,64.16321,40.04256,4552.39,3808.88,2.69,2.68,42.2,-0.479,19.13,20.21,01a59514o0608o
59514.477984,-19.5,243.985,-58,14037,o,0,0.0,64.16321,40.04256,4611.44,3884.91,2.78,2.69,56.8,-0.469,19.12,20.24,01a59514o0614o
59514.483062,-13.579,1.627,-13444,21879,o,0,0.0,64.16321,40.04256,4629.35,3768.18,2.81,2.69,39.0,-0.469,19.13,20.21,01a59514o0625o
59516.44614,-13.141,0.0,-20114,3,o,0,36845.16,64.16321,40.04256,9820.37,8819.86,2.21,2.17,-73.4,-0.438,19.04,20.09,02a59516o0571o
59516.449348,-14.095,0.0,-8352,2,o,0,71576.61,64.16321,40.04256,9844.73,8857.66,2.29,2.22,82.4,-0.429,18.93,20.01,02a59516o0578o
59516.454866,-20.103,0.079,-33,3,o,0,43608.56,64.16321,40.04256,9785.05,8781.23,2.29,2.18,57.0,-0.434,18.47,19.28,02a59516o0590o
59516.462677,-13.336,0.021,-16818,351,o,0,455.64,64.16321,40.04256,9766.39,8897.38,2.22,2.19,68.0,-0.43,17.67,18.34,02a59516o0607o
59518.421013,-14.294,1.457,-6956,10138,o,0,0.0,64.16321,40.04256,4571.26,3859.47,2.78,2.76,64.5,-0.464,19.32,20.88,01a59518o0523o
59518.424719,-15.833,3.293,-1686,5551,o,0,0.0,64.16321,40.04256,4550.76,3818.63,2.74,2.72,79.1,-0.466,19.33,20.89,01a59518o0531o
59518.449115,14.908,2.101,3953,8305,o,0,0.0,64.16321,40.04256,4609.43,3889.68,2.72,2.69,46.8,-0.47,19.36,20.88,01a59518o0583o
59518.456113,10.409,0.36,249109,89676,o,0,0.0,64.16321,40.04256,4628.2,3770.65,2.79,2.74,-77.1,-0.462,19.33,20.86,01a59518o0598o
59522.507033,12.523,0.236,35532,8368,o,0,0.0,64.16321,40.04256,9393.16,2608.97,3.07,2.9,-55.3,-0.466,19.17,20.65,01a59522o0712o
59522.510254,17.584,29.989,336,10074,o,0,0.0,64.16321,40.04256,9415.16,2647.11,2.92,2.76,-50.5,-0.479,19.22,20.66,01a59522o0719o
59522.517625,-15.421,5.521,-2465,13608,o,0,0.0,64.16321,40.04256,9358.35,2574.03,2.74,2.66,-19.5,-0.477,19.31,20.7,01a59522o0735o
59522.552608,-14.269,1.313,-7117,9341,o,0,0.0,64.16321,40.04256,9352.15,2691.52,2.83,2.78,-27.8,-0.465,19.24,20.71,01a59522o0810o
59524.509172,-15.299,1.142,-2756,3148,c,0,0.9,64.16321,40.04256,2971.76,7720.47,2.46,2.39,-35.1,-0.392,19.56,21.23,02a59524o0718c
59524.512396,16.942,3.632,607,2206,c,0,3.0,64.16321,40.04256,2953.55,7681.24,2.52,2.47,-14.3,-0.379,19.58,21.23,02a59524o0725c
59524.519271,-16.625,2.495,-813,2028,c,0,1.12,64.16321,40.04256,3010.23,7756.38,2.49,2.42,-38.8,-0.388,19.57,21.21,02a59524o0740c
59524.554801,14.247,0.287,7265,2085,c,0,4.4,64.16321,40.04256,3021.92,7639.02,2.59,2.56,11.3,-0.379,19.5,21.17,02a59524o0817c
59526.42654,10.625,0.116,204123,23773,o,0,2108.87,64.16321,40.04256,1128.6,7941.86,2.62,2.49,-71.5,-0.466,19.34,20.91,01a59526o0535o
59526.42884,12.978,0.144,23380,3365,o,0,56.95,64.16321,40.04256,1109.32,7903.23,2.66,2.44,-50.6,-0.477,19.39,20.92,01a59526o0540o
59526.43391,-9.887,0.066,-403071,26728,o,0,0.34,64.16321,40.04256,1167.49,7977.89,2.67,2.43,-48.9,-0.481,19.36,20.91,01a59526o0551o
59526.444017,11.946,0.173,60458,10479,o,0,0.0,64.16321,40.04256,1185.14,7858.62,2.78,2.53,-79.7,-0.449,19.32,20.87,01a59526o0572o
59528.433774,16.319,0.105,1078,113,c,0,47.15,64.16321,40.04256,7605.8,2849.14,2.52,2.36,58.9,-0.385,17.56,19.11,02a59528o0538c
59528.435603,13.593,0.005,13265,72,c,0,1904.33,64.16321,40.04256,7625.62,2887.46,2.53,2.36,55.4,-0.386,17.89,19.52,02a59528o0542c
59528.438807,13.421,0.006,15552,91,c,0,1461.25,64.16321,40.04256,7569.93,2811.07,2.52,2.36,62.1,-0.381,17.62,19.21,02a59528o0549c
59528.444757,19.049,19.5,87,1700,c,0,1.26,64.16321,40.04256,7550.73,2926.98,2.52,2.39,64.5,-0.399,14.79,16.31,02a59528o0562c
59530.463302,14.113,0.968,8218,7954,o,0,0.0,64.16321,40.04256,9474.58,4547.58,2.86,2.71,-64.2,-0.478,19.17,20.63,01a59530o0619o
59530.46654,12.37,0.176,40914,7189,o,0,0.0,64.16321,40.04256,9497.41,4585.7,2.93,2.72,-62.5,-0.478,19.21,20.69,01a59530o0626o
59530.473031,-15.091,2.35,-3340,7850,o,0,0.0,64.16321,40.04256,9437.01,4510.66,2.98,2.88,-58.7,-0.46,19.13,20.63,01a59530o0640o
59530.50713,9.591,0.006,529048,3276,o,0,1412.92,64.16321,40.04256,9430.69,4627.97,2.79,2.73,7.9,-0.464,18.9,20.24,01a59530o0713o
59534.389852,11.261,0.128,113640,14598,o,0,16.14,64.16321,40.04256,1062.47,6007.76,2.53,2.34,-46.7,-0.546,18.37,18.84,01a59534o0460o
59534.392157,12.182,0.332,48674,16154,o,0,33.39,64.16321,40.04256,1042.39,5968.82,2.46,2.35,-52.4,-0.545,18.36,18.95,01a59534o0465o
59534.402303,-15.297,4.285,-2761,11832,o,0,3.98,64.16321,40.04256,1105.25,6041.81,2.47,2.43,85.5,-0.517,18.51,19.06,01a59534o0486o
59534.411595,-11.099,0.297,-131924,39134,o,0,0.0,64.16321,40.04256,1122.26,5922.93,2.58,2.41,-46.9,-0.527,18.41,18.95,01a59534o0506o
59541.460494,-21.316,882.068,-11,9532,o,0,0.0,64.16321,40.04256,7538.75,4733.18,2.79,2.73,-66.9,-0.487,18.75,19.53,01a59541o0595o
59541.463721,14.051,2.022,8705,17602,o,0,0.0,64.16321,40.04256,7560.5,4771.07,2.76,2.73,-41.3,-0.483,18.76,19.53,01a59541o0602o
59541.482198,14.203,0.764,7566,5781,o,0,1.88,64.16321,40.04256,7504.24,4698.01,2.68,2.61,-45.0,-0.496,18.78,19.54,01a59541o0640o
59541.489606,13.774,0.885,11230,9935,o,0,0.0,64.16321,40.04256,7489.9,4814.99,2.77,2.72,-59.2,-0.482,18.75,19.53,01a59541o0656o
59542.363107,12.661,0.425,31290,13288,o,0,0.0,64.16321,40.04256,2998.68,5836.34,2.83,2.69,-46.4,-0.483,18.94,19.96,01a59542o0347o
59542.366812,15.154,1.53,3150,4818,o,0,1.18,64.16321,40.04256,2975.34,5794.62,2.83,2.68,-45.8,-0.485,18.96,19.96,01a59542o0355o
59542.373442,14.352,2.628,6597,17339,o,0,0.0,64.16321,40.04256,3036.77,5868.47,2.73,2.61,-51.8,-0.488,19.0,20.0,01a59542o0369o
59542.384563,-14.779,0.993,-4450,4419,o,0,0.84,64.16321,40.04256,3053.99,5749.74,2.75,2.6,-49.8,-0.49,19.01,20.03,01a59542o0393o
59543.442745,-15.362,0.761,-2602,1981,o,0,0.82,64.16321,40.04256,8894.72,7975.43,2.14,2.05,83.4,-0.44,19.37,20.26,02a59543o0562o
59543.449873,-15.735,6.75,-1845,12455,o,0,4.45,64.16321,40.04256,8873.53,7933.96,2.15,2.08,75.5,-0.446,19.34,20.23,02a59543o0576o
59543.454059,-15.123,0.341,-3243,1104,o,0,3.78,64.16321,40.04256,8929.91,8013.48,2.18,2.09,84.1,-0.439,19.35,20.22,02a59543o0585o
59543.464389,-14.519,0.217,-5657,1225,o,0,3.3,64.16321,40.04256,8948.79,7901.77,2.17,2.09,56.8,-0.44,19.39,20.22,02a59543o0607o
59544.400275,-14.105,0.36,-8281,2982,o,0,0.77,64.16321,40.04256,1692.47,2595.8,1.98,1.9,59.5,-0.462,19.5,20.53,02a59544o0485o
59544.403028,17.059,4.869,545,2654,o,0,1.04,64.16321,40.04256,1713.66,2635.55,1.96,1.88,51.0,-0.462,19.48,20.51,02a59544o0491o
59544.407148,-14.091,0.374,-8389,3139,o,0,1.49,64.16321,40.04256,1655.3,2555.67,2.06,1.84,43.9,-0.457,19.42,20.5,02a59544o0500o
59544.422175,12.707,0.578,30004,17339,o,0,0.0,64.16321,40.04256,1642.05,2674.0,1.92,1.91,31.1,-0.465,19.46,20.41,02a59544o0532o
59545.473283,-14.84,0.72,-4208,3028,o,0,0.77,64.16321,40.04256,3190.05,753.2,2.81,2.7,-47.8,-0.488,19.19,20.43,01a59545o0633o
59545.476054,-14.6,1.747,-5250,9172,o,0,0.0,64.16321,40.04256,3210.94,792.21,2.79,2.68,-57.6,-0.487,19.18,20.42,01a59545o0639o
59545.488935,-14.688,0.989,-4841,4786,o,0,0.69,64.16321,40.04256,3155.69,715.07,2.73,2.63,-43.8,-0.493,19.16,20.38,01a59545o0665o
59545.506893,14.106,1.062,8274,8785,o,0,1.02,64.16321,40.04256,3145.05,834.08,2.86,2.73,-42.9,-0.487,19.13,20.34,01a59545o0702o
59546.444431,16.456,5.941,950,5644,o,0,0.9,64.16321,40.04256,3188.09,752.94,2.78,2.69,-34.4,-0.487,19.38,20.95,01a59546o0581o
59546.447672,-15.454,1.765,-2389,4218,o,0,1.53,64.16321,40.04256,3209.7,792.34,2.76,2.68,-43.4,-0.487,19.4,20.97,01a59546o0588o
59546.454127,14.388,0.633,6379,4040,o,0,0.66,64.16321,40.04256,3153.89,713.96,2.65,2.63,-31.1,-0.49,19.39,20.91,01a59546o0602o
59546.464272,15.584,1.241,2121,2631,o,0,0.75,64.16321,40.04256,3139.07,832.53,2.75,2.67,-36.4,-0.485,19.36,20.85,01a59546o0624o
59550.439915,16.203,2.48,1198,2972,o,0,1.38,64.16321,40.04256,3164.44,744.34,3.33,3.22,-50.6,-0.439,19.14,20.58,01a59550o0260o
59550.443141,-16.851,4.617,-660,3047,o,0,1.01,64.16321,40.04256,3187.57,784.53,2.8,2.67,-47.4,-0.488,19.28,20.62,01a59550o0267o
59550.450053,15.094,3.129,3329,10417,o,0,0.63,64.16321,40.04256,3132.9,707.13,2.93,2.79,-54.2,-0.466,19.2,20.59,01a59550o0282o
59550.46204,13.579,0.617,13444,8296,o,0,1.92,64.16321,40.04256,3122.34,826.93,3.02,2.84,-53.6,-0.472,19.18,20.57,01a59550o0308o
59558.412896,14.383,0.795,6407,5092,o,0,0.0,64.16321,40.04256,9885.84,6354.49,3.09,2.98,-65.1,-0.43,19.17,20.59,01a59558o0507o
59558.416135,-14.804,1.243,-4347,5403,o,0,0.66,64.16321,40.04256,9908.69,6393.64,3.26,3.17,-57.2,-0.415,19.12,20.6,01a59558o0514o
59558.421701,-15.54,1.63,-2208,3598,o,0,1.46,64.16321,40.04256,9849.98,6320.06,3.04,2.96,-61.5,-0.434,19.23,20.61,01a59558o0526o
59558.457118,-14.83,1.865,-4246,7918,o,0,0.0,64.16321,40.04256,9848.74,6440.74,2.98,2.93,-78.2,-0.433,19.15,20.49,01a59558o0602o
59561.385453,17.592,16.985,334,5668,o,0,1.94,64.16321,40.04256,5546.57,2950.83,2.68,2.54,-49.7,-0.498,19.05,20.06,01a59561o0421o
59561.391709,15.366,2.297,2593,5957,o,0,0.68,64.16321,40.04256,5568.1,2989.14,2.65,2.52,-48.8,-0.496,19.08,20.05,01a59561o0434o
59561.394998,-13.337,0.688,-16794,11548,o,0,1.87,64.16321,40.04256,5511.44,2913.64,2.73,2.6,-54.5,-0.485,19.04,20.05,01a59561o0441o
59561.409738,-13.979,1.412,-9296,13124,o,0,0.0,64.16321,40.04256,5502.69,3032.83,2.84,2.64,38.4,-0.467,19.04,20.08,01a59561o0471o
59562.418203,-15.898,11.374,-1588,18063,o,0,0.0,64.16321,40.04256,5567.68,2952.84,2.7,2.59,-45.8,-0.49,18.89,19.75,01a59562o0519o
59562.420973,14.094,1.732,8365,14492,o,0,0.0,64.16321,40.04256,5589.78,2991.38,2.78,2.72,-37.1,-0.477,18.86,19.76,01a59562o0525o
59562.426509,17.112,9.613,519,4988,o,0,0.91,64.16321,40.04256,5532.99,2915.72,2.71,2.68,13.1,-0.48,18.88,19.78,01a59562o0537o
59562.438064,-15.065,3.126,-3418,10685,o,0,0.75,64.16321,40.04256,5521.22,3034.34,2.79,2.7,-41.2,-0.475,18.85,19.77,01a59562o0562o
59569.506421,-18.973,342.346,-94,31998,o,0,1.02,64.16321,40.04256,4059.37,6865.06,2.61,2.45,-41.2,-0.52,17.84,18.14,01a59569o0351o
59569.516573,-13.308,3.29,-17250,56757,o,0,2.05,64.16321,40.04256,4082.5,6905.32,2.62,2.57,-67.0,-0.507,17.7,17.87,01a59569o0373o
59569.522586,12.626,2.908,32331,94008,o,0,1.41,64.16321,40.04256,4022.52,6829.37,2.71,2.57,-51.0,-0.525,17.38,17.51,01a59569o0386o
59569.530461,-12.855,1.912,-26180,50066,o,0,1.47,64.16321,40.04256,4007.23,6946.33,2.7,2.63,-55.2,-0.514,17.36,17.47,01a59569o0403o
59573.354353,18.356,29.238,165,4827,o,0,1.6,64.16321,40.04256,3988.68,6851.81,2.77,2.52,-40.5,-0.491,19.33,20.81,01a59573o0360o
59573.364612,13.181,0.467,19384,9062,o,0,0.0,64.16321,40.04256,4014.86,6890.93,2.91,2.66,-39.6,-0.481,19.3,20.84,01a59573o0382o
59573.372498,-13.576,1.258,-13481,16961,o,0,0.63,64.16321,40.04256,3958.27,6814.81,2.8,2.55,-38.5,-0.49,19.29,20.72,01a59573o0399o
59573.375731,16.75,6.33,725,4587,o,0,0.83,64.16321,40.04256,3942.71,6930.99,2.83,2.57,-39.6,-0.495,19.26,20.67,01a59573o0406o
59574.364171,-15.586,2.976,-2117,6300,o,0,1.94,64.16321,40.04256,4002.13,6851.37,2.71,2.45,-44.6,-0.502,19.16,20.56,01a59574o0392o
59574.369592,-13.471,1.53,-14839,22706,o,0,0.0,64.16321,40.04256,4025.85,6889.47,2.73,2.47,-40.8,-0.497,19.36,20.79,01a59574o0403o
59574.373282,17.125,13.103,513,6718,o,0,3.63,64.16321,40.04256,3967.33,6813.81,2.87,2.55,-40.5,-0.493,19.32,20.8,01a59574o0411o
59574.383978,14.742,0.864,4604,3979,o,0,0.92,64.16321,40.04256,3954.89,6931.61,2.64,2.58,-27.6,-0.481,19.38,20.79,01a59574o0434o
59588.376751,-13.587,0.4,-13346,5337,o,0,3.21,64.16321,40.04256,8819.51,6044.5,2.26,1.92,37.8,-0.437,19.37,20.43,02a59588o0410o
59588.379951,-13.968,0.487,-9390,4575,o,0,0.0,64.16321,40.04256,8799.83,6005.19,2.26,1.91,36.2,-0.441,19.38,20.44,02a59588o0417o
59588.385455,13.134,0.353,20252,7150,o,0,6.55,64.16321,40.04256,8857.45,6083.9,2.25,1.9,36.0,-0.443,19.36,20.46,02a59588o0429o
59588.396941,-17.266,2.476,-450,1115,o,0,0.84,64.16321,40.04256,8877.94,5966.78,2.31,1.88,34.8,-0.44,19.39,20.46,02a59588o0454o
59590.322179,-13.573,0.656,-13517,8872,o,0,2.42,64.16321,40.04256,3448.22,2592.48,2.76,2.63,-35.2,-0.502,19.05,20.02,01a59590o0269o
59590.325412,15.415,1.42,2477,3517,o,0,0.43,64.16321,40.04256,3471.39,2632.26,2.77,2.67,-40.9,-0.494,19.02,20.03,01a59590o0276o
59590.331872,15.587,2.971,2115,6283,o,0,2.88,64.16321,40.04256,3415.41,2555.63,2.72,2.6,-38.9,-0.501,19.04,20.03,01a59590o0290o
59590.366239,16.82,5.911,679,4014,o,0,0.59,64.16321,40.04256,3415.46,2676.45,2.79,2.62,-48.7,-0.489,19.0,20.08,01a59590o0363o
59591.320479,15.769,5.188,1788,9279,o,0,0.0,64.16321,40.04256,8822.47,6039.45,2.26,2.19,61.3,-0.424,18.74,19.38,02a59591o0258o
59591.345713,-16.334,2.196,-1062,2332,o,0,2.45,64.16321,40.04256,8801.69,6000.57,2.34,2.2,43.4,-0.428,18.78,19.38,02a59591o0310o
59591.371154,13.607,3.74,13100,48989,o,0,2.08,64.16321,40.04256,8856.5,6082.15,2.21,2.03,43.8,-0.435,18.87,19.49,02a59591o0363o
59591.396233,-15.521,0.385,-2247,865,o,0,2.36,64.16321,40.04256,8874.02,5966.33,2.6,2.49,46.0,-0.392,18.71,19.47,02a59591o0415o
59597.309067,-13.686,2.505,-12178,30508,o,0,0.0,64.16321,40.04256,5043.01,621.12,2.59,2.45,-43.7,-0.535,18.67,19.2,01a59597o0248o
59597.329711,-14.163,1.475,-7847,11574,o,0,1.87,64.16321,40.04256,5071.8,659.7,2.63,2.48,-39.9,-0.524,18.66,19.19,01a59597o0291o
59597.3325,14.149,1.353,7949,10756,o,0,1.25,64.16321,40.04256,5015.67,584.14,2.65,2.52,-48.8,-0.519,18.59,19.19,01a59597o0297o
59597.337686,-14.254,3.338,-7219,24096,o,0,0.0,64.16321,40.04256,5001.55,704.13,2.81,2.67,-44.8,-0.495,18.58,19.18,01a59597o0308o
59598.314879,-14.083,0.998,-8447,8428,o,0,0.84,64.16321,40.04256,5051.49,621.7,2.72,2.65,-32.0,-0.489,18.73,19.48,01a59598o0266o
59598.318109,-14.496,0.996,-5775,5750,o,0,1.0,64.16321,40.04256,5073.83,661.16,2.77,2.69,-36.9,-0.489,18.7,19.48,01a59598o0273o
59598.324569,14.244,0.897,7285,6533,o,0,1.43,64.16321,40.04256,5019.84,584.49,2.73,2.69,-15.1,-0.479,18.71,19.49,01a59598o0287o
59598.334721,14.446,1.387,6048,8386,o,0,1.16,64.16321,40.04256,5007.69,703.13,2.66,2.62,-38.2,-0.498,18.75,19.48,01a59598o0309o
59601.355296,15.939,1.866,1528,2851,o,0,1.04,64.16321,40.04256,3624.6,4541.7,2.96,2.81,-40.8,-0.462,18.97,20.13,01a59601o0350o
59601.375932,15.675,3.185,1949,6208,o,0,1.72,64.16321,40.04256,3655.39,4581.18,2.95,2.79,-39.0,-0.46,18.94,20.05,01a59601o0394o
59601.38008,14.188,0.556,7668,4263,o,0,1.84,64.16321,40.04256,3594.76,4505.9,2.94,2.79,-43.4,-0.461,18.93,20.04,01a59601o0403o
59601.386559,15.742,2.48,1832,4545,o,0,0.72,64.16321,40.04256,3580.54,4623.62,2.95,2.78,-38.1,-0.465,18.94,20.02,01a59601o0417o
59602.354474,14.318,1.036,6807,7054,o,0,1.57,64.16321,40.04256,3630.13,4542.01,2.9,2.8,-30.6,-0.461,19.24,20.72,01a59602o0348o
59602.357695,-11.641,0.148,-80115,11840,o,0,2.27,64.16321,40.04256,3651.97,4580.77,2.86,2.74,-27.8,-0.47,19.25,20.65,01a59602o0355o
59602.363691,15.59,1.49,2109,3142,o,0,1.08,64.16321,40.04256,3595.92,4504.5,2.79,2.66,-35.0,-0.481,19.24,20.57,01a59602o0368o
59602.375705,14.167,0.421,7817,3287,o,0,1.19,64.16321,40.04256,3585.0,4623.0,2.86,2.71,-36.8,-0.477,19.16,20.4,01a59602o0394o
59604.354529,0.0,0.0,0,0,o,0,-2.0,64.16321,40.04256,4734.88,1463.91,2.01,1.81,51.5,-0.459,19.55,20.71,02a59604o0324o
59604.357741,0.0,0.0,0,0,o,0,-2.0,64.16321,40.04256,4714.6,1423.77,2.02,1.84,52.2,-0.457,19.51,20.67,02a59604o0331o
59604.365068,14.402,2.115,6297,13317,o,0,0.0,64.16321,40.04256,4821.45,1547.27,1.94,1.79,50.0,-0.463,19.55,20.69,02a59604o0347o
59604.375185,-15.836,7.755,-1682,13043,o,0,0.0,64.16321,40.04256,4845.17,1429.67,1.92,1.82,53.6,-0.457,19.57,20.71,02a59604o0369o
59605.343168,0.0,0.0,0,0,o,0,-2.0,64.16321,40.04256,4735.73,1465.92,1.93,1.81,50.8,-0.46,19.45,20.58,02a59605o0301o
59605.34684,12.726,0.577,29492,17006,o,0,0.0,64.16321,40.04256,4760.35,1471.95,2.13,1.78,46.3,-0.456,18.45,19.5,02a59605o0309o
59605.352337,9.438,0.002,609254,1522,o,0,77150.91,64.16321,40.04256,4819.73,1549.04,1.97,1.78,47.4,-0.457,18.77,19.76,02a59605o0321o
59605.364296,0.0,0.0,0,0,o,0,-2.0,64.16321,40.04256,4796.03,1383.61,1.92,1.8,50.3,-0.46,19.59,20.73,02a59605o0347o
59606.285449,-13.075,0.534,-21372,11403,o,0,0.0,64.16321,40.04256,3594.95,4536.13,2.64,2.53,-28.3,-0.489,19.34,20.78,01a59606o0193o
59606.29152,-14.091,1.384,-8388,11605,o,0,0.0,64.16321,40.04256,3618.08,4575.35,2.61,2.5,-29.9,-0.492,19.38,20.81,01a59606o0206o
59606.294753,-13.216,0.761,-18773,14293,o,0,0.0,64.16321,40.04256,3560.78,4499.22,2.64,2.53,-34.9,-0.491,19.38,20.8,01a59606o0213o
59606.308693,14.905,0.966,3963,3828,o,0,1.14,64.16321,40.04256,3551.71,4617.3,2.74,2.62,-34.2,-0.477,19.32,20.75,01a59606o0242o
59607.290914,-15.646,1.49,-2003,2984,o,0,1.59,64.16321,40.04256,3599.33,4538.64,2.67,2.48,-36.6,-0.499,19.33,20.64,01a59607o0204o
59607.294604,16.723,5.234,743,3889,o,0,0.53,64.16321,40.04256,3622.4,4578.18,2.66,2.47,-38.7,-0.501,19.32,20.65,01a59607o0212o
59607.301073,-13.097,0.732,-20944,15328,o,0,0.0,64.16321,40.04256,3566.02,4501.02,2.65,2.47,-41.6,-0.501,19.34,20.63,01a59607o0226o
59607.314045,-18.124,10.506,-204,2147,o,0,1.95,64.16321,40.04256,3554.49,4618.77,2.78,2.62,-41.0,-0.482,19.29,20.69,01a59607o0254o
59608.284176,13.485,1.86,14661,27277,o,0,0.0,64.16321,40.04256,4785.98,1513.01,2.01,1.87,-47.1,-0.464,19.53,20.77,02a59608o0192o
59608.28696,13.264,0.913,17965,16400,o,0,0.0,64.16321,40.04256,4765.04,1474.46,2.02,1.92,36.7,-0.461,19.51,20.74,02a59608o0198o
59608.292445,0.0,0.0,0,0,o,0,-2.0,64.16321,40.04256,4778.82,1505.1,2.09,1.85,-51.0,-0.465,19.52,20.74,02a59608o0210o
59608.302975,0.0,0.0,0,0,o,0,-2.0,64.16321,40.04256,4797.78,1387.42,2.13,2.08,-80.1,-0.446,19.47,20.77,02a59608o0233o
59609.27873,-21.271,597.87,-11,6734,o,0,0.0,64.16321,40.04256,4789.97,1519.69,1.89,1.86,61.4,-0.46,19.55,20.67,02a59609o0177o
59609.281939,0.0,0.0,0,0,o,0,-2.0,64.16321,40.04256,4725.6,1434.0,1.96,1.91,53.1,-0.453,19.52,20.71,02a59609o0184o
59609.291965,0.0,0.0,0,0,o,0,-2.0,64.16321,40.04256,4784.87,1508.18,1.98,1.92,58.5,-0.45,19.58,20.76,02a59609o0205o
59609.297458,0.0,0.0,0,0,o,0,-2.0,64.16321,40.04256,4805.74,1392.47,1.93,1.83,55.5,-0.46,19.6,20.81,02a59609o0217o
59609.329067,14.012,0.973,9021,8774,o,0,6.91,64.16321,40.04256,9866.02,8709.95,2.95,2.83,-75.0,-0.407,19.3,20.76,01a59609o0286o
59609.33231,13.928,0.516,9748,5027,o,0,0.0,64.16321,40.04256,9888.42,8748.46,2.95,2.82,-69.2,-0.409,19.32,20.75,01a59609o0293o
59609.339732,-11.738,0.031,-73226,2256,o,0,156.17,64.16321,40.04256,9827.71,8674.68,2.84,2.73,-78.5,-0.424,19.35,20.76,01a59609o0309o
59609.352243,12.344,0.262,41918,10967,o,0,533.35,64.16321,40.04256,9816.23,8796.8,2.96,2.83,-87.1,-0.411,19.29,20.73,01a59609o0336o
59610.324278,10.778,0.008,177325,1408,o,0,71.65,64.16321,40.04256,9863.56,8704.04,2.97,2.81,-75.3,-0.413,19.3,20.85,01a59610o0275o
59610.331195,12.733,0.242,29293,7079,o,0,0.0,64.16321,40.04256,9887.76,8743.85,2.99,2.84,-79.6,-0.404,19.33,20.86,01a59610o0290o
59610.334419,11.712,0.129,75002,9692,o,0,0.0,64.16321,40.04256,9825.36,8669.9,2.96,2.79,-72.7,-0.414,19.34,20.84,01a59610o0297o
59610.347411,15.45,1.568,2400,3762,o,0,523.9,64.16321,40.04256,9812.21,8790.11,3.04,2.89,-79.5,-0.404,19.28,20.82,01a59610o0325o
59613.264828,9.846,0.008,418260,3512,o,0,0.0,64.16321,40.04256,9839.21,8701.33,2.82,2.72,-72.0,-0.421,19.34,20.67,01a59613o0144o
59613.26805,-12.778,0.107,-28101,3016,o,0,15.22,64.16321,40.04256,9862.96,8739.85,2.87,2.8,57.4,-0.407,19.33,20.68,01a59613o0151o
59613.273599,15.491,2.429,2309,5608,o,0,0.0,64.16321,40.04256,9803.2,8665.52,3.09,3.02,-89.4,-0.387,19.21,20.68,01a59613o0163o
59613.284202,-12.058,0.029,-54554,1596,o,0,187.24,64.16321,40.04256,9791.64,8785.29,2.93,2.75,42.7,-0.412,19.35,20.71,01a59613o0186o
59613.333794,17.134,1.057,509,538,c,0,2.25,64.16321,40.04256,1410.89,9709.0,2.54,2.13,-45.3,-0.48,19.6,21.39,02a59613o0293c
59613.342108,18.106,0.097,208,20,c,0,14.58,64.16321,40.04256,1393.34,9669.06,2.57,2.18,-42.6,-0.473,19.54,21.38,02a59613o0311c
59613.34671,16.49,0.724,920,666,c,0,2.22,64.16321,40.04256,1450.59,9746.94,2.51,2.12,-44.7,-0.483,19.6,21.37,02a59613o0321c
59613.357245,-17.119,0.126,-516,65,c,0,7.32,64.16321,40.04256,1470.62,9626.93,2.45,2.12,-44.1,-0.48,19.56,21.34,02a59613o0344c
59614.27754,18.266,0.524,179,94,c,0,9.23,64.16321,40.04256,1420.3,9718.7,2.57,2.01,-51.1,-0.49,19.67,21.37,02a59614o0168c
59614.281196,22.506,50.077,4,181,c,0,5.06,64.16321,40.04256,1400.89,9679.05,2.68,2.08,-50.7,-0.489,19.62,21.36,02a59614o0176c
59614.286692,17.509,1.307,360,471,c,0,4.03,64.16321,40.04256,1456.84,9757.85,2.64,2.06,-49.6,-0.481,19.61,21.37,02a59614o0188c
59614.297598,15.709,0.318,1890,600,c,0,4.6,64.16321,40.04256,1476.06,9638.03,2.46,1.97,-48.5,-0.495,19.62,21.38,02a59614o0211c
59615.265398,-15.561,2.195,-2166,4754,o,0,0.0,64.16321,40.04256,9843.12,8700.06,2.88,2.73,66.8,-0.415,19.33,20.72,01a59615o0112o
59615.269128,10.842,0.004,167229,746,o,0,72.08,64.16321,40.04256,9866.46,8739.26,2.78,2.71,70.5,-0.419,19.36,20.71,01a59615o0120o
59615.270965,18.249,0.122,182,22,c,0,27.14,64.16321,40.04256,1414.41,9715.92,2.71,2.03,-52.4,-0.489,19.52,21.12,02a59615o0155c
59615.275151,-17.565,0.451,-342,154,c,0,4.59,64.16321,40.04256,1394.91,9676.12,2.57,2.04,-52.5,-0.497,19.54,21.12,02a59615o0164c
59615.275607,-13.607,0.366,-13093,4792,o,0,0.0,64.16321,40.04256,9806.01,8664.92,2.76,2.71,-87.6,-0.428,19.34,20.7,01a59615o0134o
59615.282927,-20.4,1.64,-25,41,c,0,26.72,64.16321,40.04256,1449.55,9751.12,2.64,1.95,-54.0,-0.492,19.55,21.14,02a59615o0181c
59615.290737,-15.032,2.856,-3526,10069,o,0,0.0,64.16321,40.04256,9795.89,8785.62,2.8,2.69,88.5,-0.427,19.34,20.7,01a59615o0166o
59615.293029,-15.086,0.545,-3355,1828,c,0,1.72,64.16321,40.04256,1468.74,9631.63,2.61,2.14,-52.4,-0.488,19.46,21.14,02a59615o0203c
59616.267264,-16.34,7.007,-1057,7409,o,0,1.39,64.16321,40.04256,7466.86,2786.55,2.89,2.84,-22.1,-0.469,19.23,20.67,01a59616o0109o
59616.270983,-14.474,1.742,-5892,10266,o,0,0.0,64.16321,40.04256,7490.33,2825.81,2.93,2.88,-69.4,-0.462,19.22,20.68,01a59616o0117o
59616.278943,-13.793,0.897,-11040,9906,o,0,0.0,64.16321,40.04256,7434.12,2752.25,2.85,2.77,-29.2,-0.477,19.28,20.68,01a59616o0133o
59616.288709,16.212,3.304,1189,3930,o,0,0.0,64.16321,40.04256,7424.25,2870.91,2.88,2.8,-38.0,-0.467,19.27,20.67,01a59616o0154o
59617.268001,-14.47,11.933,-5918,70617,o,0,0.0,64.16321,40.04256,1415.61,9712.98,2.54,1.78,-49.8,-0.524,19.32,20.36,02a59617o0146o
59617.272121,14.893,2.262,4006,9061,o,0,0.0,64.16321,40.04256,1396.2,9671.38,2.42,1.62,-50.8,-0.523,19.36,20.37,02a59617o0155o
59617.282183,14.093,3.564,8372,29834,o,0,0.0,64.16321,40.04256,1450.58,9750.13,2.46,1.65,-50.9,-0.531,19.38,20.38,02a59617o0177o
59617.287498,-14.303,0.754,-6902,5207,o,0,0.0,64.16321,40.04256,1470.41,9631.62,2.57,1.9,-50.9,-0.518,19.27,20.35,02a59617o0188o
59618.306898,0.0,0.0,0,0,o,0,-2.0,64.16321,40.04256,4546.71,3798.76,2.15,1.9,39.5,-0.466,19.31,20.19,02a59618o0232o
59618.310098,0.0,0.0,0,0,o,0,-2.0,64.16321,40.04256,4527.65,3759.8,2.14,1.88,38.5,-0.463,19.31,20.2,02a59618o0239o
59618.316982,0.0,0.0,0,0,o,0,-2.0,64.16321,40.04256,4586.12,3836.12,2.15,1.83,36.7,-0.46,19.35,20.22,02a59618o0254o
59618.329494,0.0,0.0,0,0,o,0,-2.0,64.16321,40.04256,4607.81,3715.4,2.09,1.79,36.5,-0.457,19.34,20.2,02a59618o0281o
59619.2727,14.184,1.01,7697,7776,o,0,0.53,64.16321,40.04256,7489.36,2792.26,2.68,2.54,-46.9,-0.533,18.89,19.75,01a59619o0128o
59619.293232,-11.728,0.435,-73929,32153,o,0,0.0,64.16321,40.04256,7514.02,2834.0,2.63,2.46,-47.1,-0.508,18.87,19.72,01a59619o0172o
59619.311181,13.067,1.228,21544,26446,o,0,0.0,64.16321,40.04256,7460.57,2762.66,2.71,2.51,-50.8,-0.501,18.89,19.7,01a59619o0210o
59619.313994,12.429,0.556,38764,21555,o,0,0.0,64.16321,40.04256,7444.34,2880.33,2.72,2.54,-47.8,-0.497,18.85,19.7,01a59619o0216o
59622.282183,0.0,0.0,0,0,o,0,-2.0,64.16321,40.04256,4545.75,3790.63,2.0,1.72,34.5,-0.477,19.01,19.36,02a59622o0154o
59622.285442,0.0,0.0,0,0,o,0,-2.0,64.16321,40.04256,4527.68,3752.0,2.01,1.73,33.6,-0.473,18.96,19.35,02a59622o0161o
59622.292262,0.0,0.0,0,0,o,0,-2.0,64.16321,40.04256,4584.58,3831.67,2.14,1.73,37.3,-0.466,18.96,19.34,02a59622o0175o
59622.323966,0.0,0.0,0,0,o,0,-2.0,64.16321,40.04256,4599.94,3712.91,2.24,1.82,38.9,-0.454,18.86,19.25,02a59622o0243o
59623.27048,0.0,0.0,0,0,o,0,-2.0,64.16321,40.04256,4539.38,3789.21,2.24,1.9,34.2,-0.46,18.94,19.4,02a59623o0148o
59623.273914,0.0,0.0,0,0,o,0,-2.0,64.16321,40.04256,4520.24,3750.96,2.16,1.9,36.2,-0.458,18.95,19.38,02a59623o0155o
59623.280967,0.0,0.0,0,0,o,0,-2.0,64.16321,40.04256,4577.97,3829.56,1.95,1.85,29.0,-0.465,18.98,19.36,02a59623o0170o
59623.285326,13.127,1.367,20377,27856,o,0,0.0,64.16321,40.04256,7494.65,2799.14,2.84,2.52,-56.4,-0.502,18.66,19.4,01a59623o0181o
59623.288568,16.275,7.51,1122,8431,o,0,2.12,64.16321,40.04256,7515.79,2837.92,2.88,2.54,-56.8,-0.499,18.67,19.39,01a59623o0188o
59623.293487,0.0,0.0,0,0,o,0,-2.0,64.16321,40.04256,4596.64,3709.82,2.02,1.9,29.5,-0.467,18.87,19.3,02a59623o0197o
59623.295567,12.269,0.62,44904,27852,o,0,0.0,64.16321,40.04256,7458.5,2761.32,2.78,2.53,-54.8,-0.506,18.66,19.37,01a59623o0203o
59623.306095,-14.779,4.29,-4450,19089,o,0,0.0,64.16321,40.04256,7444.84,2881.49,2.86,2.55,-56.7,-0.497,18.63,19.34,01a59623o0225o
59624.3025,13.514,1.963,14268,28010,o,0,0.0,64.16321,40.04256,3866.82,9196.48,2.91,2.44,-41.2,-0.509,18.6,19.31,01a59624o0219o
59624.31035,13.087,0.96,21146,20300,o,0,0.44,64.16321,40.04256,3891.25,9236.27,2.98,2.64,-45.0,-0.495,18.54,19.26,01a59624o0236o
59624.328476,12.791,0.864,27775,23996,o,0,0.0,64.16321,40.04256,3833.99,9164.32,2.88,2.51,-43.2,-0.504,18.53,19.22,01a59624o0275o
59624.339123,-14.341,0.751,-6661,5000,o,0,1.01,64.16321,40.04256,3818.57,9281.56,2.78,2.45,-43.7,-0.513,18.56,19.19,01a59624o0298o
59625.389062,-15.457,23.251,-2382,55394,o,0,0.0,64.16321,40.04256,3884.48,9203.93,2.95,2.86,87.0,-0.466,18.2,18.81,01a59625o0031o
59625.393684,-15.657,3.237,-1982,6415,o,0,2.74,64.16321,40.04256,3905.5,9244.4,2.99,2.75,-50.7,-0.491,18.19,18.77,01a59625o0041o
59625.399227,-14.003,2.447,-9096,22256,o,0,2.78,64.16321,40.04256,3845.41,9167.32,3.05,2.85,-54.1,-0.483,18.14,18.75,01a59625o0053o
59625.410757,14.174,0.99,7768,7692,o,0,1.42,64.16321,40.04256,3826.76,9287.18,3.31,3.02,-47.8,-0.471,17.99,18.64,01a59625o0078o
59626.329227,13.242,4.332,18335,79422,o,0,0.0,64.16321,40.04256,1065.87,7860.96,2.59,2.18,-64.7,-0.447,18.45,18.95,02a59626o0244o
59626.333348,14.323,5.62,6774,38072,o,0,0.0,64.16321,40.04256,1046.84,7820.81,2.2,1.89,-44.1,-0.482,18.61,18.93,02a59626o0253o
59626.34254,0.0,0.0,0,0,o,0,-2.0,64.16321,40.04256,1057.25,7849.67,2.17,1.85,-43.3,-0.487,18.59,18.89,02a59626o0273o
59626.353087,0.0,0.0,0,0,o,0,-2.0,64.16321,40.04256,1078.94,7730.01,2.09,1.88,-41.0,-0.472,18.57,18.83,02a59626o0296o
59627.32147,12.922,1.126,24608,27718,o,0,0.0,64.16321,40.04256,3876.58,9194.38,2.97,2.7,-42.4,-0.488,18.5,19.35,01a59627o0140o
59627.324675,13.97,1.832,9372,17171,o,0,2.94,64.16321,40.04256,3898.08,9234.67,2.92,2.66,-44.2,-0.49,18.55,19.33,01a59627o0147o
59627.332008,13.945,0.703,9592,6744,o,0,2.01,64.16321,40.04256,3836.56,9155.91,3.06,2.8,-42.7,-0.474,18.48,19.29,01a59627o0163o
59627.342124,14.329,1.55,6736,10443,o,0,1.38,64.16321,40.04256,3820.39,9277.22,2.95,2.7,-47.6,-0.486,18.5,19.25,01a59627o0185o
59627.368346,0.0,0.0,0,0,o,0,-2.0,64.16321,40.04256,1017.5,7804.88,2.01,1.59,-50.0,-0.515,18.73,18.95,02a59627o0356o
59627.377577,-12.11,1.445,-51997,75152,o,0,0.0,64.16321,40.04256,1046.3,7811.79,2.04,1.65,-48.2,-0.507,18.63,18.89,02a59627o0376o
59627.38999,0.0,0.0,0,0,o,0,-2.0,64.16321,40.04256,1057.9,7841.95,2.24,1.98,-48.6,-0.479,18.45,18.78,02a59627o0403o
59627.40198,13.471,4.463,14845,66252,o,0,0.0,64.16321,40.04256,1123.62,7769.31,2.22,1.81,-49.7,-0.477,18.44,18.66,02a59627o0429o
59629.267987,14.347,2.402,6627,15921,o,0,0.0,64.16321,40.04256,3866.79,9188.55,2.61,2.6,-56.7,-0.475,19.14,20.3,01a59629o0037o
59629.271173,13.651,0.901,12583,11336,o,0,1.3,64.16321,40.04256,3889.23,9228.36,2.65,2.63,78.3,-0.471,19.07,20.21,01a59629o0044o
59629.277658,15.192,1.203,3043,3662,o,0,1.22,64.16321,40.04256,3830.27,9151.11,2.67,2.58,-45.5,-0.473,18.98,20.01,01a59629o0058o
59629.2923,-14.364,0.712,-6525,4645,o,0,1.61,64.16321,40.04256,3812.94,9271.63,2.76,2.54,-40.4,-0.491,18.87,19.8,01a59629o0090o
59629.366888,11.93,0.432,61396,26550,o,0,0.0,64.16321,40.04256,1073.8,7860.67,2.16,2.05,-24.0,-0.466,18.7,19.28,02a59629o0108o
59629.370121,0.0,0.0,0,0,o,0,-2.0,64.16321,40.04256,1009.05,7775.97,2.21,2.07,-38.6,-0.449,18.7,19.25,02a59629o0115o
59629.376076,-13.389,1.225,-16016,19619,o,0,0.0,64.16321,40.04256,1111.19,7898.46,2.37,2.09,-44.6,-0.453,18.63,19.2,02a59629o0128o
59629.387532,-13.832,0.887,-10645,9438,o,0,0.0,64.16321,40.04256,1132.46,7778.19,2.39,2.17,-41.9,-0.429,18.64,19.11,02a59629o0153o
59631.234483,-13.701,1.264,-12013,15182,o,0,0.0,64.16321,40.04256,3855.25,9179.76,2.58,2.55,-41.7,-0.481,19.34,20.75,01a59631o0038o
59631.237666,15.533,1.039,2223,2311,o,0,0.73,64.16321,40.04256,3878.7,9219.09,2.59,2.54,-36.8,-0.485,19.37,20.74,01a59631o0045o
59631.251362,-13.229,0.903,-18557,16764,o,0,0.0,64.16321,40.04256,3818.31,9142.75,2.63,2.5,-38.1,-0.488,19.32,20.72,01a59631o0074o
59631.260483,0.0,0.0,0,0,o,0,-2.0,64.16321,40.04256,1029.22,7818.26,2.09,1.8,-47.4,-0.481,19.5,20.67,02a59631o0121o
59631.263701,-11.069,0.511,-135605,69327,o,0,0.0,64.16321,40.04256,1057.03,7825.85,2.12,1.73,-50.4,-0.484,19.54,20.66,02a59631o0128o
59631.265146,-16.709,7.6,-752,5716,o,0,1.55,64.16321,40.04256,3805.42,9264.6,2.7,2.51,-39.8,-0.488,19.34,20.76,01a59631o0103o
59631.270271,12.139,0.724,50647,36655,o,0,0.0,64.16321,40.04256,1113.67,7901.61,2.1,1.66,-50.6,-0.492,19.53,20.64,02a59631o0142o
59631.282178,14.25,1.971,7241,14276,o,0,0.0,64.16321,40.04256,1134.17,7782.5,2.02,1.66,-45.1,-0.495,19.56,20.65,02a59631o0168o
59632.288388,14.579,0.357,5353,1913,o,0,1.87,64.16321,40.04256,1584.97,2701.06,2.66,2.46,-42.8,-0.536,19.3,20.56,01a59632o0185o
59632.291583,13.129,0.655,20336,13310,o,0,0.0,64.16321,40.04256,1606.31,2741.01,2.68,2.48,-43.9,-0.53,19.31,20.56,01a59632o0192o
59632.298442,13.319,0.373,17078,6374,o,0,1.49,64.16321,40.04256,1547.47,2661.92,2.77,2.51,-45.3,-0.532,19.28,20.57,01a59632o0207o
59632.315027,16.764,3.591,715,2569,o,0,0.63,64.16321,40.04256,1535.6,2780.81,2.84,2.63,-44.4,-0.511,19.22,20.52,01a59632o0243o
59633.236522,14.431,0.469,6134,2880,c,0,1.09,64.16321,40.04256,1079.17,7866.68,2.53,2.24,-47.3,-0.457,19.52,21.15,02a59633o0066c
59633.248904,16.709,0.24,752,180,c,0,5.68,64.16321,40.04256,1058.44,7826.41,2.52,2.23,-47.9,-0.459,19.5,21.18,02a59633o0093c
59633.256312,15.19,0.124,3048,377,c,0,13.39,64.16321,40.04256,1115.63,7901.93,2.49,2.21,-47.5,-0.461,19.53,21.2,02a59633o0109c
59633.25951,-18.868,0.638,-103,66,c,0,8.96,64.16321,40.04256,1135.9,7781.45,2.48,2.17,-48.2,-0.454,19.54,21.19,02a59633o0116c
59635.297899,-15.274,0.92,-2820,2595,o,0,0.88,64.16321,40.04256,1590.24,2702.57,2.93,2.73,-45.8,-0.497,19.19,20.56,01a59635o0205o
59635.308003,14.065,0.379,8593,3256,o,0,0.7,64.16321,40.04256,1612.79,2742.51,3.0,2.78,-48.6,-0.494,19.22,20.6,01a59635o0227o
59635.311191,-14.892,0.835,-4012,3350,o,0,0.75,64.16321,40.04256,1554.26,2664.74,2.98,2.77,-51.1,-0.496,19.2,20.59,01a59635o0234o
59635.320786,15.818,1.838,1709,3141,o,0,1.05,64.16321,40.04256,1540.98,2781.54,2.94,2.79,-41.6,-0.491,19.2,20.59,01a59635o0255o
59636.229541,-15.873,0.908,-1625,1475,o,0,0.73,64.16321,40.04256,1569.81,2697.92,3.06,2.84,-42.3,-0.486,19.14,20.49,01a59636o0055o
59636.238668,15.405,0.935,2500,2338,o,0,1.17,64.16321,40.04256,1593.33,2738.21,3.39,3.17,-41.7,-0.452,19.08,20.62,01a59636o0075o
59636.241436,14.63,0.984,5106,5022,o,0,1.77,64.16321,40.04256,1535.7,2659.93,3.02,2.81,-50.8,-0.491,19.21,20.64,01a59636o0081o
59636.25789,16.291,2.363,1105,2612,o,0,0.6,64.16321,40.04256,1523.66,2777.61,3.16,2.98,-43.0,-0.472,19.14,20.66,01a59636o0116o
59637.249011,-16.466,1.715,-941,1614,o,0,1.17,64.16321,40.04256,1581.74,2701.96,3.57,3.37,-50.0,-0.443,19.03,20.69,01a59637o0097o
59637.252219,15.226,0.483,2947,1425,o,0,1.22,64.16321,40.04256,1603.08,2741.48,3.64,3.35,-45.6,-0.426,19.04,20.72,01a59637o0104o
59637.257699,19.12,16.544,82,1351,o,0,1.6,64.16321,40.04256,1545.34,2663.69,3.32,3.1,-46.5,-0.457,19.12,20.74,01a59637o0116o
59637.268728,15.814,1.36,1716,2334,o,0,0.98,64.16321,40.04256,1532.83,2781.16,3.27,3.0,-48.4,-0.467,19.19,20.76,01a59637o0140o
59637.284721,13.353,0.498,16555,8245,c,0,0.55,64.16321,40.04256,1044.3,5918.94,2.42,2.33,-36.5,-0.437,19.54,21.25,02a59637o0141c
59637.287951,-15.691,1.142,-1922,2194,c,0,4.62,64.16321,40.04256,1025.7,5879.82,2.51,2.41,-41.1,-0.434,19.48,21.24,02a59637o0148c
59637.294814,17.404,0.432,397,171,c,0,3.01,64.16321,40.04256,1083.49,5954.77,2.8,2.69,-45.1,-0.424,19.38,21.23,02a59637o0163c
59637.306735,-15.763,2.152,-1798,3869,c,0,0.53,64.16321,40.04256,1104.51,5835.64,2.39,2.33,-29.8,-0.435,19.51,21.2,02a59637o0189c
59638.240449,-16.224,9.79,-1176,11514,c,0,0.0,64.16321,40.04256,1055.02,5924.66,2.34,2.1,-47.9,-0.466,19.58,21.12,02a59638o0072c
59638.245017,-13.512,0.552,-14300,7892,c,0,2.38,64.16321,40.04256,1034.71,5884.2,2.34,2.06,-52.5,-0.45,19.6,21.13,02a59638o0082c
59638.257517,0.0,0.0,0,0,c,0,-2.0,64.16321,40.04256,1046.07,5913.93,2.34,2.05,-53.4,-0.457,19.57,21.13,02a59638o0109c
59638.265801,0.0,0.0,0,0,c,0,-2.0,64.16321,40.04256,1064.05,5794.03,2.3,2.1,-52.1,-0.453,19.61,21.14,02a59638o0127c
59639.238212,15.602,1.34,2086,2796,o,0,0.9,64.16321,40.04256,1574.89,2706.75,2.8,2.51,-45.5,-0.528,19.22,20.47,01a59639o0071o
59639.245198,-12.996,0.358,-23001,8236,o,0,1.96,64.16321,40.04256,1596.84,2746.11,2.95,2.72,-48.7,-0.503,13.96,14.96,01a59639o0086o
59639.277959,-16.577,2.405,-850,2043,o,0,1.34,64.16321,40.04256,1546.09,2668.64,3.0,2.84,-59.1,-0.487,19.06,20.4,01a59639o0095o
59639.281364,-15.381,1.114,-2557,2850,o,0,0.62,64.16321,40.04256,1530.16,2784.38,3.13,2.94,-54.3,-0.488,19.04,20.38,01a59639o0102o
59640.272045,-14.585,4.609,-5323,24536,o,0,0.0,64.16321,40.04256,7961.12,6560.69,2.77,2.73,-65.0,-0.471,19.21,20.48,01a59640o0116o
59640.275229,-11.312,0.395,-108474,42873,o,0,0.0,64.16321,40.04256,7981.52,6599.13,2.79,2.64,-71.8,-0.476,19.18,20.43,01a59640o0123o
59640.286191,17.928,51.27,245,12555,o,0,0.0,64.16321,40.04256,7923.6,6526.95,2.93,2.83,-69.8,-0.456,19.11,20.4,01a59640o0147o
59640.292591,14.078,0.722,8491,6131,o,0,0.0,64.16321,40.04256,7906.67,6646.72,2.89,2.83,-67.8,-0.455,19.1,20.36,01a59640o0161o
59643.227008,12.793,2.073,27726,57475,o,0,0.0,64.16321,40.04256,7947.63,6553.85,2.66,2.65,-80.3,-0.481,18.95,19.83,01a59643o0045o
59643.230232,13.139,0.549,20150,11059,o,0,0.0,64.16321,40.04256,7969.08,6592.78,2.71,2.66,-65.5,-0.479,19.05,20.04,01a59643o0052o
59643.237991,-14.51,1.038,-5699,5915,o,0,0.27,64.16321,40.04256,7910.21,6518.02,2.8,2.68,-68.8,-0.478,19.08,20.16,01a59643o0069o
59643.249913,0.0,0.0,0,0,o,0,-2.0,64.16321,40.04256,7850.26,6593.43,2.69,2.51,-60.2,-0.499,19.12,20.16,01a59643o0095o
59644.228249,0.0,0.0,0,0,o,0,-2.0,64.16321,40.04256,7903.81,6509.62,2.6,2.57,72.7,-0.491,19.09,20.03,01a59644o0047o
59644.233797,0.0,0.0,0,0,o,0,-2.0,64.16321,40.04256,7925.77,6547.4,2.61,2.54,-62.1,-0.494,19.21,20.25,01a59644o0059o
59644.237296,0.0,0.0,0,0,o,0,-2.0,64.16321,40.04256,7866.47,6473.89,2.58,2.53,-61.8,-0.496,19.24,20.31,01a59644o0066o
59644.25079,13.633,3.366,12788,43046,o,0,0.0,64.16321,40.04256,7895.72,6637.61,2.7,2.59,-67.9,-0.484,19.19,20.38,01a59644o0095o
59645.231397,-16.979,0.223,-587,131,c,0,3.84,64.16321,40.04256,2988.56,5782.17,2.32,2.25,29.4,-0.426,18.97,20.17,02a59645o0033c
59645.236902,17.959,0.921,238,219,c,0,2.22,64.16321,40.04256,2968.55,5743.23,2.39,2.39,45.4,-0.421,19.01,20.46,02a59645o0044c
59645.240891,20.473,1.52,24,36,c,0,2.15,64.16321,40.04256,3026.07,5819.17,2.33,2.29,4.7,-0.428,18.89,20.52,02a59645o0052c
59645.252593,12.816,0.002,27131,45,c,0,10941.61,64.16321,40.04256,3047.61,5700.08,2.36,2.34,88.8,-0.427,18.34,20.03,02a59645o0076c
59646.232525,14.754,6.411,4554,29192,o,0,0.0,64.16321,40.04256,2982.44,5783.32,2.06,2.0,-49.1,-0.485,18.34,18.88,02a59646o0042o
59646.238024,-13.622,0.015,-12917,189,o,0,1638.6,64.16321,40.04256,2962.15,5743.61,2.01,1.94,-33.4,-0.501,17.84,18.21,02a59646o0053o
59646.248288,10.535,0.178,221757,39492,o,0,0.0,64.16321,40.04256,3019.08,5818.41,1.94,1.89,-58.9,-0.481,18.24,19.33,02a59646o0074o
59646.252682,13.02,0.521,22499,11732,o,0,0.0,64.16321,40.04256,3039.63,5700.59,1.88,1.81,-49.4,-0.494,18.27,19.61,02a59646o0083o
59647.237624,15.133,7.281,3214,23397,o,0,0.0,64.16321,40.04256,7951.06,6558.49,2.93,2.68,42.0,-0.451,18.52,19.09,01a59647o0005o
59647.241733,-14.299,5.283,-6923,36580,o,0,0.0,64.16321,40.04256,7972.89,6599.31,2.74,2.6,47.2,-0.478,18.18,18.99,01a59647o0014o
59647.247243,-11.325,0.881,-107150,94385,o,0,0.0,64.16321,40.04256,7914.52,6523.84,2.76,2.64,43.5,-0.483,17.87,18.88,01a59647o0026o
59649.230427,13.894,0.809,10053,8137,o,0,1.27,64.16321,40.04256,2988.28,5786.19,2.64,2.37,35.4,-0.434,18.71,19.32,02a59649o0016o
59649.233379,-13.902,0.402,-9980,4013,o,0,0.0,64.16321,40.04256,2970.38,5747.67,2.57,2.23,32.7,-0.439,18.79,19.43,02a59649o0022o
59649.2396,14.91,1.829,3946,7219,o,0,0.0,64.16321,40.04256,3026.59,5823.23,2.32,2.11,31.6,-0.458,18.9,19.49,02a59649o0035o
59651.259707,-16.13,4.913,-1282,6298,o,0,1.29,64.16321,40.04256,1983.53,6485.57,2.7,2.48,-46.9,-0.506,18.77,19.46,01a59651o0095o
59651.263372,15.176,1.821,3087,5620,o,0,0.9,64.16321,40.04256,2004.84,6524.89,2.58,2.37,-46.7,-0.51,18.78,19.44,01a59651o0103o
59651.26976,14.426,1.446,6158,8904,o,0,1.36,64.16321,40.04256,1946.16,6448.05,2.71,2.47,-47.0,-0.504,18.69,19.43,01a59651o0117o
59651.282991,-14.347,2.624,-6623,17380,o,0,3.09,64.16321,40.04256,1932.03,6564.99,2.88,2.65,-45.6,-0.483,18.68,19.38,01a59651o0146o
59653.262195,-12.087,0.001,-53109,72,o,0,29853.47,64.16321,40.04256,7231.19,9901.46,2.62,2.39,35.0,-0.435,17.95,18.32,02a59653o0119o
59653.26633,-13.018,0.006,-22527,132,o,0,1190.55,64.16321,40.04256,7210.61,9862.17,2.63,2.44,13.9,-0.434,17.67,18.14,02a59653o0128o
59653.273653,-13.108,0.011,-20744,231,o,0,608.95,64.16321,40.04256,7266.62,9940.12,2.45,2.29,10.9,-0.46,17.17,17.15,02a59653o0144o
59653.290185,16.061,2.184,1367,2986,o,0,1.75,64.16321,40.04256,7284.37,9819.54,2.52,2.44,-12.0,-0.424,18.44,18.91,02a59653o0180o
59654.232715,-9.087,0.001,-842064,815,o,0,36930.02,64.16321,40.04256,7246.12,9901.85,2.88,2.65,63.2,-0.439,17.88,18.34,02a59654o0048o
59654.237323,14.861,1.261,4128,5207,o,0,1.05,64.16321,40.04256,7227.04,9861.12,2.57,2.36,27.3,-0.449,18.62,19.02,02a59654o0058o
59654.242584,-13.875,0.001,-10232,5,o,0,30777.88,64.16321,40.04256,7282.36,9940.79,2.87,2.68,39.9,-0.424,17.69,18.19,02a59654o0069o
59654.25457,-13.423,0.009,-15513,134,o,0,1230.19,64.16321,40.04256,7299.44,9820.94,2.57,2.43,16.6,-0.447,17.64,18.01,02a59654o0095o
59655.224583,14.024,0.672,8925,5998,o,0,1.13,64.16321,40.04256,7233.73,9898.96,2.49,2.43,70.0,-0.46,18.3,18.53,02a59655o0028o
59655.227804,16.66,13.191,787,10380,o,0,1.69,64.16321,40.04256,7216.14,9855.89,2.4,2.32,64.2,-0.467,18.37,18.61,02a59655o0035o
59655.229927,14.36,1.022,6548,6690,o,0,1.16,64.16321,40.04256,1974.51,6484.89,2.77,2.56,-42.4,-0.49,18.4,18.92,01a59655o0044o
59655.233118,13.065,0.378,21587,8150,o,0,1.42,64.16321,40.04256,1995.34,6523.56,3.29,3.02,-44.3,-0.429,18.36,19.06,01a59655o0051o
59655.233318,13.939,0.842,9649,8124,o,0,0.66,64.16321,40.04256,7273.61,9934.7,2.41,2.38,-80.2,-0.464,18.23,18.33,02a59655o0047o
59655.241532,-15.359,5.084,-2608,13259,o,0,1.35,64.16321,40.04256,1935.81,6445.59,2.86,2.53,-45.0,-0.497,18.45,19.02,01a59655o0069o
59655.243879,7.323,0.001,4273725,6113,o,0,52949.78,64.16321,40.04256,7292.55,9816.26,2.25,2.16,33.4,-0.48,17.83,17.84,02a59655o0070o
59655.250735,12.188,0.374,48401,18102,o,0,1.11,64.16321,40.04256,1919.57,6564.36,2.8,2.48,-46.5,-0.519,18.24,18.65,01a59655o0089o
59656.28724,-12.835,0.009,-26658,227,o,0,351.44,64.16321,40.04256,1341.16,841.7,2.74,2.59,-68.0,-0.593,16.53,16.6,01a59656o0075o
59656.290886,-12.716,0.013,-29764,389,o,0,244.61,64.16321,40.04256,1361.5,880.7,2.73,2.57,-67.9,-0.599,15.92,16.02,01a59656o0083o
59656.296363,0.0,0.0,0,0,o,0,-2.0,64.16321,40.04256,1260.57,755.54,2.59,2.46,-64.5,-0.653,16.08,16.25,01a59656o0095o
59656.310528,-13.293,0.111,-17487,1943,o,0,24.0,64.16321,40.04256,1292.07,919.64,2.77,2.56,-66.9,-0.614,14.42,14.37,01a59656o0126o
59657.224621,12.916,1.076,24741,26614,o,0,0.0,64.16321,40.04256,7240.44,9893.08,2.14,2.08,77.0,-0.466,18.35,18.48,02a59657o0031o
59657.22925,0.0,0.0,0,0,o,0,-2.0,64.16321,40.04256,7177.77,9806.41,2.1,2.07,73.0,-0.466,18.92,19.32,02a59657o0041o
59657.234358,12.962,0.404,23725,9585,o,0,0.0,64.16321,40.04256,7280.01,9932.8,2.1,2.06,-52.8,-0.462,19.03,19.48,02a59657o0052o
59657.24491,0.0,0.0,0,0,o,0,-2.0,64.16321,40.04256,7251.72,9766.84,2.12,2.03,-42.6,-0.468,18.92,19.31,02a59657o0075o
59658.255963,0.0,0.0,0,0,o,0,-2.0,64.16321,40.04256,625.97,4042.24,2.01,1.91,9.1,-0.443,19.21,20.08,02a59658o0099o
59658.259166,0.0,0.0,0,0,o,0,-2.0,64.16321,40.04256,606.52,4002.43,2.04,1.91,13.8,-0.438,19.19,20.02,02a59658o0106o
59658.264684,-12.061,0.624,-54419,33983,o,0,0.0,64.16321,40.04256,710.9,4124.86,2.03,1.9,15.4,-0.446,19.14,19.84,02a59658o0118o
59658.277071,0.0,0.0,0,0,o,0,-2.0,64.16321,40.04256,686.58,3958.31,2.12,1.96,26.5,-0.438,18.8,19.32,02a59658o0145o
59659.255749,14.72,0.53,4699,2491,o,0,0.94,64.16321,40.04256,1327.98,841.03,2.82,2.61,-55.7,-0.578,19.17,20.33,01a59659o0101o
59659.258949,-13.918,0.712,-9838,7009,o,0,1.28,64.16321,40.04256,1350.15,880.75,2.94,2.73,-54.4,-0.552,19.16,20.33,01a59659o0108o
59659.265336,-18.508,47.15,-144,6766,o,0,1.82,64.16321,40.04256,1292.67,801.96,2.75,2.57,-56.1,-0.586,19.18,20.32,01a59659o0122o
59659.277656,-15.803,2.493,-1732,4319,o,0,1.15,64.16321,40.04256,1279.0,920.46,2.92,2.75,-62.2,-0.57,19.14,20.34,01a59659o0149o
59661.255765,-12.194,0.475,-48116,22861,c,0,0.0,64.16321,40.04256,669.06,4088.25,2.27,2.24,-1.1,-0.42,19.28,21.07,02a59661o0095c
59661.258963,-13.185,1.389,-19326,26837,c,0,0.0,64.16321,40.04256,649.96,4048.93,2.26,2.2,19.3,-0.425,19.14,20.9,02a59661o0102c
59661.265367,12.773,0.002,28246,43,c,0,21246.11,64.16321,40.04256,709.55,4124.8,2.26,2.19,15.8,-0.431,18.68,20.46,02a59661o0116c
59661.275461,-11.789,0.741,-69884,51778,c,0,0.0,64.16321,40.04256,730.88,4007.99,2.25,2.19,31.3,-0.432,18.92,20.52,02a59661o0138c
59664.240741,-12.655,0.398,-31476,12519,o,0,0.0,64.16321,40.04256,5637.17,4897.07,2.61,2.6,-71.8,-0.494,19.06,20.13,01a59664o0064o
59664.244391,-13.255,1.093,-18108,19787,o,0,0.0,64.16321,40.04256,5658.88,4935.67,2.58,2.51,-49.6,-0.513,19.07,20.12,01a59664o0072o
59664.249885,12.968,0.833,23598,19652,o,0,0.0,64.16321,40.04256,5600.32,4860.14,2.55,2.53,-43.5,-0.508,19.08,20.13,01a59664o0084o
59664.263115,12.109,0.265,52036,13764,o,0,0.0,64.16321,40.04256,5585.76,4977.56,2.61,2.59,-74.1,-0.497,19.05,20.1,01a59664o0113o
59666.246712,18.605,4.592,131,603,c,0,1.83,64.16321,40.04256,4896.84,7619.33,2.58,2.3,36.1,-0.405,19.26,20.92,02a59666o0072c
59666.250382,-17.665,0.239,-312,74,c,0,6.75,64.16321,40.04256,4877.5,7577.06,2.59,2.29,34.7,-0.4,19.25,20.91,02a59666o0080c
59666.256337,16.727,0.295,740,218,c,0,3.74,64.16321,40.04256,4933.59,7654.33,2.55,2.33,28.8,-0.407,19.24,20.89,02a59666o0093c
59666.266885,19.977,15.212,37,564,c,0,1.9,64.16321,40.04256,4953.71,7537.31,2.66,2.32,33.5,-0.4,19.16,20.8,02a59666o0116c
59667.244556,14.07,0.282,8554,2408,o,0,62.16,64.16321,40.04256,5635.9,4899.14,2.96,2.65,31.6,-0.458,14.12,15.16,01a59667o0071o
59667.247794,-15.231,1.399,-2934,4103,o,0,21.75,64.16321,40.04256,5657.21,4939.23,2.77,2.65,50.3,-0.475,14.06,15.09,01a59667o0078o
59667.25372,-13.937,0.125,-9662,1212,o,0,120.72,64.16321,40.04256,5599.0,4862.64,2.85,2.73,28.0,-0.462,15.01,16.0,01a59667o0091o
59667.263789,-13.471,0.071,-14842,1057,o,0,53.17,64.16321,40.04256,5581.13,4983.28,2.73,2.68,-32.9,-0.459,15.71,16.68,01a59667o0113o
59669.242018,17.146,0.936,503,471,c,0,1.5,64.16321,40.04256,4892.12,7616.72,2.72,2.33,35.0,-0.389,19.16,20.87,02a59669o0061c
59669.245218,17.199,1.33,479,637,c,0,0.87,64.16321,40.04256,4872.79,7577.9,2.65,2.3,35.4,-0.395,19.22,20.91,02a59669o0068c
59669.25074,16.272,0.45,1125,507,c,0,2.51,64.16321,40.04256,4928.27,7655.63,2.66,2.32,37.4,-0.399,19.2,20.92,02a59669o0080c
59669.260791,16.8,0.885,692,613,c,0,0.98,64.16321,40.04256,4947.94,7537.08,2.75,2.32,35.9,-0.393,19.14,20.88,02a59669o0102c
59681.231128,12.821,0.51,27015,13772,o,0,0.73,64.16321,40.04256,1706.58,4641.25,2.84,2.73,-46.3,-0.5,18.06,18.54,01a59681o0008o
59681.234319,14.299,1.537,6927,10644,o,0,1.67,64.16321,40.04256,1727.61,4680.06,2.8,2.71,-37.1,-0.497,18.31,18.95,01a59681o0015o
59681.244351,-13.82,0.59,-10764,6351,o,0,1.17,64.16321,40.04256,1671.67,4602.71,2.79,2.6,-54.9,-0.498,18.52,19.24,01a59681o0037o
59681.252097,13.958,1.011,9483,9588,o,0,1.42,64.16321,40.04256,1656.74,4719.73,2.81,2.62,-53.1,-0.503,18.51,19.2,01a59681o0054o
59683.236966,-15.199,1.089,-3023,3292,o,0,1.94,64.16321,40.04256,8808.92,1381.64,2.0,1.94,-57.6,-0.463,18.48,18.83,02a59683o0010o
59683.240621,-15.305,2.687,-2741,7366,o,0,2.72,64.16321,40.04256,8788.63,1340.94,2.08,1.97,-47.7,-0.468,18.5,18.88,02a59683o0018o
59683.247053,-15.056,1.246,-3449,4297,o,0,0.83,64.16321,40.04256,8848.16,1420.21,1.99,1.94,-41.6,-0.461,18.48,18.88,02a59683o0032o
59683.258479,-18.11,43.882,-207,9086,o,0,0.0,64.16321,40.04256,8866.1,1305.21,2.29,2.12,-50.4,-0.453,18.32,18.8,02a59683o0057o
59773.596671,16.02,3.696,1419,5245,o,0,0.85,64.16321,40.04256,6514.98,3759.1,3.18,2.98,32.0,-0.427,17.89,18.33,01a59773o0768o
59773.602139,15.193,2.898,3038,8805,o,0,0.43,64.16321,40.04256,6495.84,3718.25,3.04,2.83,33.9,-0.436,17.97,18.41,01a59773o0780o
59773.606253,-16.83,10.231,-673,6883,o,0,1.26,64.16321,40.04256,6555.54,3791.49,3.35,3.1,33.6,-0.405,17.87,18.42,01a59773o0789o
59773.622325,-10.367,0.44,-259025,114006,o,0,0.0,64.16321,40.04256,6576.44,3671.02,3.46,3.29,39.3,-0.411,16.62,16.76,01a59773o0824o
59789.588696,16.111,0.704,1304,919,o,0,0.69,64.16321,40.04256,7027.93,8013.81,3.06,2.99,72.7,-0.429,19.09,20.48,01a59789o0574o
59789.591885,-16.666,1.317,-783,1031,o,0,0.86,64.16321,40.04256,7010.21,7975.07,3.04,2.99,52.2,-0.424,19.07,20.46,01a59789o0581o
59789.609745,16.404,1.103,997,1100,o,0,1.1,64.16321,40.04256,7076.18,8049.21,3.1,3.04,66.6,-0.435,19.03,20.4,01a59789o0619o
59789.62099,16.66,3.807,787,2996,o,0,0.95,64.16321,40.04256,7095.18,7929.18,2.87,2.84,58.8,-0.464,18.58,19.27,01a59789o0642o
59791.604384,-17.463,1.291,-376,485,c,0,1.36,64.16321,40.04256,1720.85,4553.51,2.82,2.54,26.3,-0.395,19.29,20.94,02a59791o0735c
59791.608476,-18.059,2.972,-217,644,c,0,1.55,64.16321,40.04256,1741.33,4593.12,3.05,2.81,33.9,-0.392,19.22,20.94,02a59791o0744c
59791.618053,-16.71,1.774,-752,1334,c,0,1.38,64.16321,40.04256,1687.89,4514.62,2.87,2.67,23.3,-0.396,19.13,20.66,02a59791o0765c
59791.625062,-17.405,1.489,-396,590,c,0,1.37,64.16321,40.04256,1667.05,4629.18,3.07,2.76,44.2,-0.384,18.31,19.91,02a59791o0780c
59797.595631,13.962,0.669,9442,6320,o,0,0.0,64.16321,40.04256,5423.45,9957.84,2.95,2.69,-43.2,-0.49,19.18,20.52,01a59797o0345o
59797.597453,-15.027,0.84,-3543,2974,o,0,1.82,64.16321,40.04256,5405.11,9919.6,2.93,2.83,60.9,-0.47,19.12,20.51,01a59797o0349o
59797.618942,-14.859,1.458,-4136,6029,o,0,0.0,64.16321,40.04256,5473.07,9995.66,3.11,2.99,-43.1,-0.463,18.91,20.16,01a59797o0396o
59797.630753,-15.49,6.071,-2312,14038,o,0,0.7,64.16321,40.04256,5491.98,9874.93,2.9,2.82,68.4,-0.485,17.61,17.69,01a59797o0421o
59799.602728,18.167,0.02,196,4,c,0,2023.4,64.16321,40.04256,7776.56,8964.44,2.79,2.54,30.3,-0.397,19.42,21.16,02a59799o0793c
59799.606813,15.473,0.004,2348,8,c,0,4298.57,64.16321,40.04256,7796.99,9003.31,2.92,2.54,31.1,-0.386,19.41,21.17,02a59799o0802c
59799.620698,14.194,0.001,7628,8,c,0,6650.96,64.16321,40.04256,7737.93,8927.56,2.8,2.54,31.7,-0.393,19.22,20.74,02a59799o0832c
59799.629268,-17.595,0.127,-333,42,c,0,16.58,64.16321,40.04256,7713.97,9043.66,2.88,2.56,31.6,-0.388,18.26,19.32,02a59799o0850c
59805.540121,14.069,0.723,8558,6184,o,0,0.63,64.16321,40.04256,6901.1,6073.4,2.85,2.82,14.9,-0.455,18.55,19.2,01a59805o0679o
59805.543308,15.132,0.701,3216,2255,o,0,1.05,64.16321,40.04256,6883.41,6038.67,3.18,2.95,35.8,-0.417,18.49,19.22,01a59805o0686o
59805.551698,-15.209,0.973,-2994,2912,o,0,0.9,64.16321,40.04256,6944.59,6111.57,3.11,2.86,38.6,-0.425,18.57,19.28,01a59805o0704o
59805.56539,17.406,4.859,396,1924,o,0,1.02,64.16321,40.04256,6969.17,5994.87,3.1,2.81,39.9,-0.423,18.69,19.39,01a59805o0733o
59807.573922,15.143,4.904,3184,15614,o,0,0.0,64.16321,40.04256,5771.58,9073.87,2.44,2.1,32.9,-0.415,18.92,19.49,02a59807o0753o
59807.57757,13.639,0.972,12718,12359,o,0,1.43,64.16321,40.04256,5791.27,9112.26,2.36,2.06,34.9,-0.425,18.94,19.5,02a59807o0761o
59807.583076,-13.663,0.339,-12443,4221,o,0,2.03,64.16321,40.04256,5732.81,9034.66,2.44,2.13,33.0,-0.413,18.9,19.52,02a59807o0773o
59807.600946,13.094,0.81,21003,17015,o,0,0.0,64.16321,40.04256,5718.63,9152.01,2.41,2.11,38.1,-0.414,18.84,19.43,02a59807o0811o
59807.626556,13.099,0.77,20914,16108,o,0,1.25,64.16321,40.04256,5755.05,9093.98,2.82,2.16,31.6,-0.382,18.16,18.51,02a59807o0865o
59809.553828,-15.114,1.923,-3269,6287,o,0,1.06,64.16321,40.04256,5778.86,9073.07,2.1,2.02,16.1,-0.448,19.1,19.7,02a59809o0685o
59809.555636,-11.765,0.952,-71452,68016,o,0,0.23,64.16321,40.04256,5797.44,9111.7,2.23,2.04,29.7,-0.434,18.78,19.34,02a59809o0689o
59809.564438,12.867,0.922,25904,23889,o,0,0.31,64.16321,40.04256,5736.55,9032.97,2.27,2.04,35.7,-0.43,19.1,19.72,02a59809o0707o
59809.569611,12.009,0.163,57089,9278,o,0,4.53,64.16321,40.04256,726.07,1827.16,2.56,2.42,-52.7,-0.608,18.96,19.79,01a59809o0730o
59809.579744,-15.449,6.292,-2400,15104,o,0,34.3,64.16321,40.04256,709.5,1791.11,2.63,2.5,-50.2,-0.598,18.95,19.84,01a59809o0752o
59809.583537,-13.26,1.625,-18034,29300,o,0,0.0,64.16321,40.04256,5713.7,9149.68,2.22,2.04,33.6,-0.428,19.13,19.8,02a59809o0747o
59809.587501,12.264,0.82,45109,36974,o,0,0.0,64.16321,40.04256,772.01,1865.29,2.52,2.38,-49.7,-0.611,19.04,19.88,01a59809o0769o
59809.590687,-12.6,0.535,-33105,17698,o,0,0.0,64.16321,40.04256,788.63,1749.41,2.88,2.69,-38.3,-0.572,18.95,19.9,01a59809o0776o
59811.593923,-15.533,13.95,-2222,31001,o,0,0.0,64.16321,40.04256,9140.45,869.72,2.37,2.09,-54.4,-0.451,19.02,19.9,02a59811o0794o
59811.597092,0.0,0.0,0,0,o,0,-2.0,64.16321,40.04256,9113.34,862.54,2.3,2.05,-47.7,-0.452,19.05,19.91,02a59811o0801o
59811.619143,0.0,0.0,0,0,o,0,-2.0,64.16321,40.04256,9066.24,791.4,2.28,1.99,-57.6,-0.458,19.03,19.9,02a59811o0847o
59811.624618,0.0,0.0,0,0,o,0,-2.0,64.16321,40.04256,9047.86,909.91,2.27,2.0,-53.1,-0.469,19.04,19.84,02a59811o0859o
59813.602702,-12.476,0.365,-37118,13561,o,0,0.0,64.16321,40.04256,9148.67,869.84,2.63,2.17,-55.3,-0.47,19.22,20.54,02a59813o0772o
59813.60451,-12.451,1.332,-37981,50609,o,0,0.0,64.16321,40.04256,9167.35,908.58,2.48,2.04,-55.7,-0.488,19.25,20.55,02a59813o0776o
59813.607673,-13.475,0.813,-14797,12029,o,0,0.46,64.16321,40.04256,9113.19,832.16,3.08,2.64,-54.6,-0.453,19.05,20.54,02a59813o0783o
59813.619405,-11.95,0.646,-60248,38936,o,0,0.0,64.16321,40.04256,9094.93,952.07,2.49,2.12,-58.4,-0.457,19.26,20.47,02a59813o0808o
59817.528964,14.414,2.076,6229,12930,c,0,0.73,64.16321,40.04256,9138.85,865.47,2.55,2.17,-60.4,-0.434,19.34,20.99,02a59817o0617c
59817.530784,17.211,27.294,474,12932,c,0,0.0,64.16321,40.04256,9157.54,904.1,2.42,2.16,-61.1,-0.439,19.37,20.98,02a59817o0621c
59817.536284,13.116,1.051,20596,21641,c,0,0.0,64.16321,40.04256,9098.15,828.63,2.49,2.21,-62.8,-0.434,19.36,20.98,02a59817o0633c
59817.546398,-14.099,2.727,-8322,22693,c,0,0.0,64.16321,40.04256,9075.25,948.47,2.54,2.22,-61.2,-0.438,19.41,21.08,02a59817o0652c
59817.606635,14.429,1.3,6144,7988,o,0,1.44,64.16321,40.04256,3050.68,7758.43,3.05,2.78,58.3,-0.424,19.18,20.6,01a59817o0768o
59817.610736,14.597,1.159,5264,6098,o,0,0.0,64.16321,40.04256,3031.59,7722.36,3.07,2.78,57.1,-0.422,19.23,20.62,01a59817o0777o
59817.626973,16.34,2.601,1057,2748,o,0,0.63,64.16321,40.04256,3090.59,7794.02,3.16,2.9,63.6,-0.409,19.06,20.35,01a59817o0811o
59817.633012,-14.012,0.708,-9017,6384,o,0,1.66,64.16321,40.04256,3108.58,7676.43,3.22,2.95,54.4,-0.412,18.51,19.29,01a59817o0824o
59819.553531,-14.617,0.554,-5169,2863,c,0,0.42,64.16321,40.04256,5968.61,6739.94,2.89,2.34,32.5,-0.392,19.56,21.37,02a59819o0722c
59819.580129,14.63,0.494,5107,2524,c,0,0.88,64.16321,40.04256,5993.74,6781.18,2.88,2.36,34.4,-0.392,19.58,21.45,02a59819o0780c
59819.592423,14.387,0.51,6386,3256,c,0,1.89,64.16321,40.04256,5940.18,6706.56,2.75,2.31,35.5,-0.398,19.6,21.46,02a59819o0807c
59819.603037,-17.762,4.499,-285,1284,c,0,1.51,64.16321,40.04256,5921.93,6823.5,2.92,2.37,36.1,-0.39,19.58,21.47,02a59819o0830c
59821.599316,-15.544,1.746,-2200,3841,o,0,1.02,64.16321,40.04256,3053.05,7759.15,3.2,2.89,51.9,-0.403,19.2,20.71,01a59821o0417o
59821.603413,-14.228,0.904,-7394,6680,o,0,1.04,64.16321,40.04256,3033.94,7720.93,2.99,2.78,59.6,-0.431,19.29,20.76,01a59821o0426o
59821.611673,-14.574,0.467,-5376,2513,o,0,1.65,64.16321,40.04256,3094.13,7797.11,3.06,2.84,59.4,-0.415,19.26,20.8,01a59821o0444o
59821.628474,-18.303,11.302,-173,1958,o,0,0.96,64.16321,40.04256,3112.21,7676.47,3.69,3.13,57.4,-0.322,18.93,20.26,01a59821o0480o
59823.548282,-15.773,0.436,-1782,778,c,0,1.02,64.16321,40.04256,5968.16,6740.37,3.06,2.46,34.1,-0.381,19.52,21.22,02a59823o0713c
59823.551954,15.699,0.927,1907,1768,c,0,1.13,64.16321,40.04256,5989.49,6779.06,2.9,2.42,33.8,-0.389,19.53,21.22,02a59823o0721c
59823.559696,-15.625,0.67,-2042,1369,c,0,1.19,64.16321,40.04256,5930.97,6701.92,2.95,2.43,34.5,-0.386,19.52,21.24,02a59823o0738c
59823.569718,-15.325,0.796,-2691,2142,c,0,0.71,64.16321,40.04256,5912.7,6818.64,2.96,2.41,33.1,-0.391,19.55,21.27,02a59823o0760c
59825.576919,-15.646,0.961,-2003,1926,o,0,0.57,64.16321,40.04256,6745.85,1392.91,3.13,2.89,49.7,-0.429,19.14,20.61,01a59825o0699o
59825.582399,16.164,2.989,1243,3716,o,0,0.37,64.16321,40.04256,6725.31,1352.89,2.96,2.78,53.1,-0.448,19.21,20.64,01a59825o0711o
59825.585591,17.217,4.067,471,1917,o,0,1.04,64.16321,40.04256,6786.63,1430.08,3.06,2.8,52.9,-0.437,19.17,20.63,01a59825o0718o
59825.609181,-15.197,0.907,-3028,2747,o,0,0.42,64.16321,40.04256,6803.92,1309.0,2.9,2.68,44.2,-0.447,19.27,20.71,01a59825o0769o
59829.521855,17.409,10.526,395,4154,o,0,0.65,64.16321,40.04256,6744.07,1406.89,4.01,3.82,52.0,-0.349,18.4,19.63,01a59829o0668o
59829.525043,14.935,1.025,3856,3952,o,0,2.45,64.16321,40.04256,6723.73,1367.42,3.99,3.82,50.9,-0.354,18.43,19.66,01a59829o0675o
59829.53152,-16.242,2.651,-1157,3067,o,0,1.18,64.16321,40.04256,6785.07,1443.79,3.87,3.67,49.1,-0.349,18.55,19.75,01a59829o0689o
59829.547614,-18.796,26.436,-110,2910,o,0,0.79,64.16321,40.04256,6807.63,1328.84,4.23,4.04,50.4,-0.309,18.49,20.03,01a59829o0724o
59833.480125,-13.969,0.248,-9386,2331,o,0,13.65,64.16321,40.04256,9485.02,2706.52,2.14,1.96,-51.0,-0.451,14.85,14.45,02a59833o0574o
59833.482391,-11.266,0.487,-113161,55069,o,0,0.66,64.16321,40.04256,9503.4,2744.25,2.16,2.01,-36.6,-0.442,17.73,17.72,02a59833o0579o
59833.537994,-14.3,0.381,-6918,2637,o,0,1.06,64.16321,40.04256,8923.69,8069.59,2.68,2.25,-57.7,-0.481,18.99,19.41,01a59833o0486o
59833.539842,-14.493,0.978,-5794,5664,o,0,0.0,64.16321,40.04256,8905.29,8029.32,2.57,2.19,-56.4,-0.49,19.03,19.41,01a59833o0490o
59833.55656,-15.245,3.131,-2897,9071,o,0,0.0,64.16321,40.04256,8970.67,8104.65,2.73,2.32,-57.2,-0.479,18.78,19.3,01a59833o0526o
59833.559334,14.659,0.82,4968,4076,o,0,1.16,64.16321,40.04256,8991.32,7989.49,2.73,2.4,-58.9,-0.465,18.95,19.43,01a59833o0532o
59833.637856,15.006,1.83,3609,6604,o,0,1.09,64.16321,40.04256,8957.76,8022.59,2.8,2.44,-54.9,-0.475,17.39,17.16,01a59833o0699o
59835.564157,15.161,2.812,3130,8800,o,0,0.0,64.16321,40.04256,8926.66,8062.13,2.6,2.15,-54.1,-0.496,19.07,19.51,01a59835o0759o
59835.56647,-16.496,4.374,-916,4004,o,0,3.01,64.16321,40.04256,8909.12,8020.66,2.63,2.18,-54.3,-0.487,19.07,19.52,01a59835o0764o
59835.575902,-23.0,834.056,-2,1912,o,0,3.78,64.16321,40.04256,8967.69,8098.53,2.62,2.13,-54.0,-0.499,19.09,19.52,01a59835o0783o
59835.582844,-13.552,0.696,-13774,9592,o,0,0.0,64.16321,40.04256,8988.27,7981.69,2.51,2.13,-55.5,-0.5,19.12,19.6,01a59835o0798o
59837.448656,13.839,1.529,10575,16170,o,0,0.0,64.16321,40.04256,7683.75,8056.94,2.57,2.22,-55.8,-0.474,18.68,18.93,01a59837o0489o
59837.470771,-13.367,0.411,-16342,6724,o,0,0.0,64.16321,40.04256,7675.39,8011.32,2.47,2.17,-56.8,-0.478,18.81,19.05,01a59837o0535o
59837.499018,-17.218,52.016,-471,24480,o,0,0.0,64.16321,40.04256,7742.26,8083.29,2.57,2.14,-54.8,-0.483,18.82,19.1,01a59837o0594o
59837.501792,14.726,4.098,4672,19150,o,0,0.0,64.16321,40.04256,7763.26,7970.47,2.46,2.26,-60.8,-0.466,18.85,19.1,01a59837o0600o
59839.442077,-16.311,10.197,-1086,11068,o,0,0.0,64.16321,40.04256,7670.84,8056.71,2.46,2.18,-55.0,-0.48,18.95,19.39,01a59839o0479o
59839.445799,15.252,5.223,2880,15041,o,0,0.0,64.16321,40.04256,7652.9,8017.56,2.39,2.19,-54.7,-0.471,18.97,19.42,01a59839o0487o
59839.451367,-14.409,0.647,-6258,4050,o,0,0.98,64.16321,40.04256,7712.02,8096.26,2.37,2.2,-52.2,-0.472,19.02,19.47,01a59839o0499o
59839.484755,-14.239,4.635,-7321,33934,o,0,0.0,64.16321,40.04256,9515.23,4648.71,2.27,2.2,0.1,-0.433,19.06,19.73,02a59839o0594o
59839.486563,-15.346,3.735,-2640,9861,o,0,0.54,64.16321,40.04256,9534.19,4686.82,2.32,2.27,8.5,-0.423,19.02,19.75,02a59839o0598o
59839.486602,14.583,0.726,5330,3869,o,0,0.32,64.16321,40.04256,7748.17,7969.36,2.45,2.38,-53.9,-0.46,19.09,19.62,01a59839o0572o
59839.504873,-12.903,1.653,-25049,41401,o,0,0.0,64.16321,40.04256,9476.79,4612.02,2.24,2.18,13.8,-0.435,19.08,19.8,02a59839o0637o
59839.515598,14.004,1.681,9089,15279,o,0,0.0,64.16321,40.04256,9455.98,4730.24,2.71,2.27,24.0,-0.394,18.99,19.81,02a59839o0659o
59841.491443,-14.67,1.096,-4919,5389,o,0,0.0,64.16321,40.04256,1438.76,4056.62,3.05,2.57,44.9,-0.339,19.24,20.48,01a59841o0607o
59841.51188,13.434,1.187,15357,18236,o,0,0.0,64.16321,40.04256,1424.33,4018.1,2.59,2.3,53.0,-0.399,19.36,20.56,01a59841o0651o
59841.540061,12.383,0.841,40440,34008,o,0,0.0,64.16321,40.04256,1484.55,4093.07,2.52,2.23,52.0,-0.41,19.46,20.64,01a59841o0711o
59841.546998,-14.597,0.864,-5263,4548,o,0,0.0,64.16321,40.04256,1506.3,3976.54,3.15,2.66,51.0,-0.33,19.29,20.63,01a59841o0726o
59841.583177,-12.139,0.673,-50616,34049,o,0,0.0,64.16321,40.04256,9542.61,4654.91,2.35,2.17,28.7,-0.432,19.4,20.66,02a59841o0792o
59841.584986,13.576,3.424,13472,46134,o,0,0.0,64.16321,40.04256,9562.27,4693.75,2.4,2.21,28.0,-0.427,19.37,20.66,02a59841o0796o
59841.588152,12.521,1.044,35625,37201,o,0,0.0,64.16321,40.04256,9504.64,4617.92,2.41,2.19,28.2,-0.42,19.36,20.66,02a59841o0803o
59841.595386,-12.795,0.748,-27682,20706,o,0,0.0,64.16321,40.04256,9484.99,4735.54,2.43,2.17,29.6,-0.427,19.42,20.68,02a59841o0819o
59843.517421,-14.882,4.262,-4048,17255,o,0,0.0,64.16321,40.04256,7587.49,4785.85,2.56,2.13,34.5,-0.428,19.31,20.44,02a59843o0608o
59843.537494,12.148,0.374,50189,18755,o,0,0.0,64.16321,40.04256,7611.82,4829.38,2.53,2.02,37.3,-0.433,19.35,20.39,02a59843o0652o
59843.539302,13.809,1.194,10871,12978,o,0,0.0,64.16321,40.04256,7556.38,4752.66,2.54,2.01,35.9,-0.432,19.33,20.4,02a59843o0656o
59843.542466,-14.816,3.894,-4301,16748,o,0,0.0,64.16321,40.04256,7535.32,4868.48,2.55,2.05,37.0,-0.43,19.34,20.39,02a59843o0663o
59843.6364,0.0,0.0,0,0,o,0,-2.0,64.16321,40.04256,2944.35,5712.56,2.52,1.92,25.0,-0.44,19.03,19.7,02a59843o0796o
59845.456826,17.936,0.492,243,120,c,0,2.22,64.16321,40.04256,1432.35,4061.72,3.36,2.96,43.8,-0.291,19.04,20.85,01a59845o0454c
59845.458676,-15.285,0.005,-2791,13,c,0,199.1,64.16321,40.04256,1412.87,4020.41,3.17,2.83,45.8,-0.308,18.89,20.66,01a59845o0458c
59845.461458,15.595,0.003,2100,7,c,0,3330.36,64.16321,40.04256,1472.56,4096.52,3.3,2.89,45.4,-0.293,18.67,20.44,01a59845o0464c
59845.476594,-16.098,1.946,-1321,2571,c,0,1.51,64.16321,40.04256,1495.26,3977.9,3.52,3.02,39.7,-0.27,19.36,21.25,01a59845o0495c
59845.477789,-17.527,51.747,-354,18322,o,0,0.0,64.16321,40.04256,7575.53,4782.91,2.36,1.96,31.2,-0.432,19.17,20.4,02a59845o0593o
59845.480994,13.368,1.591,16318,25964,o,0,0.0,64.16321,40.04256,7602.96,4820.97,2.45,2.03,33.5,-0.436,19.2,20.48,02a59845o0600o
59845.504037,-14.037,1.189,-8811,10475,o,0,0.0,64.16321,40.04256,7548.72,4745.68,2.53,2.08,32.8,-0.434,19.33,20.69,02a59845o0650o
59845.531767,13.043,0.677,22019,14906,o,0,0.0,64.16321,40.04256,7526.36,4866.95,2.55,2.14,35.6,-0.427,19.19,20.57,02a59845o0708o
59847.509896,12.88,0.773,25586,19770,o,0,0.0,64.16321,40.04256,7580.59,4786.12,2.3,2.0,36.3,-0.444,19.43,20.64,02a59847o0655o
59847.511704,0.0,0.0,0,0,o,0,-2.0,64.16321,40.04256,7554.35,4779.06,2.33,1.95,34.7,-0.442,19.41,20.64,02a59847o0659o
59847.51492,-14.772,4.132,-4478,18503,o,0,0.0,64.16321,40.04256,7542.19,4748.58,2.49,2.0,32.1,-0.433,19.31,20.55,02a59847o0666o
59847.520346,-14.006,2.031,-9074,18424,o,0,0.0,64.16321,40.04256,7524.38,4865.85,2.43,2.05,32.4,-0.439,19.39,20.61,02a59847o0678o
59849.494256,-16.649,0.496,-795,394,c,0,0.91,64.16321,40.04256,7394.54,4249.13,2.99,2.76,46.3,-0.328,19.63,21.4,01a59849o0319c
59849.496104,15.779,0.516,1771,914,c,0,1.46,64.16321,40.04256,7376.34,4206.29,2.93,2.77,52.6,-0.335,19.65,21.41,01a59849o0323c
59849.523674,-18.631,2.667,-128,342,c,0,1.52,64.16321,40.04256,7438.42,4281.59,2.92,2.71,47.6,-0.338,19.69,21.48,01a59849o0380c
59849.532454,-17.491,1.528,-366,559,c,0,0.79,64.16321,40.04256,7460.75,4164.04,2.93,2.74,47.6,-0.34,19.66,21.47,01a59849o0399c
59851.531489,-14.679,0.792,-4880,3867,o,0,1.25,64.16321,40.04256,3351.42,698.64,1.93,1.77,62.6,-0.489,19.53,20.83,02a59851o0715o
59851.533296,13.721,2.373,11793,27979,o,0,0.0,64.16321,40.04256,3369.96,738.36,1.95,1.79,60.6,-0.489,19.51,20.83,02a59851o0719o
59851.555414,-20.528,133.934,-22,2990,o,0,4.8,64.16321,40.04256,3315.53,658.16,1.95,1.83,67.4,-0.49,19.53,20.82,02a59851o0767o
59851.558584,14.98,0.833,3698,3082,o,0,1.5,64.16321,40.04256,3296.49,775.46,1.98,1.83,56.9,-0.485,19.51,20.84,02a59851o0774o
59853.420563,-17.608,1.508,-329,496,c,0,0.82,64.16321,40.04256,7371.96,4264.11,3.12,2.99,36.9,-0.319,19.44,21.26,01a59853o0475c
59853.445505,-16.768,0.583,-713,416,c,0,1.86,64.16321,40.04256,7360.05,4218.41,3.17,3.02,41.1,-0.315,19.51,21.36,01a59853o0528c
59853.448303,-18.248,2.414,-182,440,c,0,0.72,64.16321,40.04256,7418.91,4297.39,3.13,2.91,37.2,-0.317,19.53,21.37,01a59853o0534c
59853.451073,17.197,0.973,480,467,c,0,1.03,64.16321,40.04256,7440.03,4182.55,3.22,2.97,37.5,-0.31,19.51,21.36,01a59853o0540c
59853.590574,13.8,0.708,10967,7766,o,0,0.0,64.16321,40.04256,7218.06,9876.06,2.09,2.02,79.7,-0.463,19.51,20.57,02a59853o0838o
59853.618147,0.0,0.0,0,0,o,0,-2.0,64.16321,40.04256,7150.59,9791.05,2.17,2.08,89.2,-0.456,19.46,20.54,02a59853o0895o
59853.621,-13.605,0.686,-13121,9006,o,0,0.0,64.16321,40.04256,7255.83,9917.48,2.17,2.08,-88.9,-0.458,19.45,20.52,02a59853o0901o
59853.640382,12.94,0.736,24205,17806,o,0,0.0,64.16321,40.04256,7269.0,9800.3,2.16,2.11,65.3,-0.457,18.84,19.34,02a59853o0939o
59854.506282,-14.539,1.149,-5552,6378,o,0,1.87,64.16321,40.04256,3341.49,693.9,1.88,1.77,-83.5,-0.503,19.54,20.69,02a59854o0643o
59854.509043,-11.34,0.309,-105725,32634,o,0,0.0,64.16321,40.04256,3360.78,733.87,1.88,1.77,81.2,-0.504,19.48,20.69,02a59854o0649o
59854.512205,-13.982,0.529,-9275,4909,o,0,1.49,64.16321,40.04256,3304.37,655.34,1.86,1.76,79.7,-0.504,19.52,20.69,02a59854o0656o
59854.528113,14.386,0.552,6391,3530,o,0,1.31,64.16321,40.04256,3294.57,770.49,1.88,1.78,77.5,-0.496,19.5,20.68,02a59854o0688o
59856.541922,17.779,1.813,281,509,c,0,1.32,64.16321,40.04256,7876.06,9879.08,3.12,2.86,53.2,-0.352,19.64,21.38,01a59856o0683c
59856.565358,-15.967,0.8,-1490,1192,c,0,1.24,64.16321,40.04256,7861.21,9832.12,3.02,2.83,60.2,-0.36,19.67,21.42,01a59856o0727c
59856.568152,18.859,4.162,104,432,c,0,0.61,64.16321,40.04256,7916.61,9912.47,3.06,2.87,64.8,-0.353,19.67,21.44,01a59856o0733c
59856.576166,-18.024,1.533,-224,343,c,0,1.13,64.16321,40.04256,7935.48,9795.76,3.01,2.84,64.6,-0.363,19.69,21.42,01a59856o0750c
59857.610771,-17.074,2.277,-538,1224,c,0,1.27,64.16321,40.04256,2628.65,872.89,2.98,2.7,52.2,-0.38,19.68,21.43,01a59857o0450c
59857.614004,-18.887,9.322,-101,943,c,0,1.74,64.16321,40.04256,2648.47,912.84,2.96,2.71,53.1,-0.38,19.71,21.44,01a59857o0457c
59857.622388,-17.321,1.099,-428,470,c,0,0.78,64.16321,40.04256,2593.29,833.38,3.02,2.72,52.1,-0.372,19.65,21.46,01a59857o0475c
59857.62849,-16.578,0.929,-849,788,c,0,1.13,64.16321,40.04256,2577.84,952.45,2.98,2.69,46.3,-0.381,19.68,21.41,01a59857o0488c
59857.642392,-16.445,1.022,-959,980,c,0,1.52,64.16321,40.04256,2620.12,895.52,3.15,2.79,49.1,-0.375,18.83,19.55,01a59857o0518c
59858.523974,-12.489,1.765,-36688,64766,o,0,0.0,64.16321,40.04256,9925.15,6483.74,2.31,2.18,35.4,-0.443,18.95,19.75,02a59858o0703o
59858.52578,13.621,1.655,12931,21405,o,0,0.0,64.16321,40.04256,9943.92,6522.28,2.29,2.16,42.0,-0.449,19.13,19.98,02a59858o0707o
59858.551883,-15.181,3.653,-3074,11229,o,0,0.0,64.16321,40.04256,9888.04,6452.89,2.36,2.14,34.1,-0.444,19.29,20.42,02a59858o0760o
59858.557307,13.713,3.757,11882,44643,o,0,0.0,64.16321,40.04256,9870.53,6569.45,2.41,2.14,30.5,-0.444,19.41,20.58,02a59858o0772o
59859.490936,-14.873,18.938,-4083,77327,o,0,0.0,64.16321,40.04256,9916.76,6480.89,2.31,2.23,17.7,-0.454,18.32,18.9,02a59859o0646o
59859.494116,-16.648,63.156,-796,50245,o,0,0.0,64.16321,40.04256,9939.01,6521.75,2.35,2.16,28.9,-0.447,18.9,19.55,02a59859o0653o
59859.499593,-12.151,0.616,-50078,30845,o,0,0.0,64.16321,40.04256,9881.58,6446.61,2.3,2.13,32.2,-0.442,18.52,19.1,02a59859o0665o
59859.509566,-12.989,2.251,-23146,52092,o,0,0.0,64.16321,40.04256,9863.73,6564.2,2.32,2.13,36.3,-0.448,18.86,19.51,02a59859o0687o
59859.587074,-13.509,0.401,-14330,5739,o,0,2.13,64.16321,40.04256,2624.23,866.08,2.41,2.27,42.3,-0.475,19.3,20.25,01a59859o0664o
59859.593319,14.687,0.68,4844,3294,o,0,2.08,64.16321,40.04256,2646.34,906.87,2.59,2.46,45.0,-0.463,19.31,20.4,01a59859o0676o
59859.598589,-14.936,0.895,-3851,3447,o,0,1.81,64.16321,40.04256,2590.53,827.24,2.36,2.23,42.6,-0.475,19.47,20.6,01a59859o0686o
59859.631706,-16.187,6.441,-1217,7838,o,0,0.0,64.16321,40.04256,2580.86,949.42,2.35,2.23,44.1,-0.478,19.5,20.61,01a59859o0754o
59859.642612,10.319,0.365,270730,98713,o,0,364.71,64.16321,40.04256,666.11,4060.45,2.16,1.78,27.0,-0.44,18.31,18.85,02a59859o0975o
59860.355987,14.378,0.87,6437,5599,o,0,1.07,64.16321,40.04256,7803.42,9924.93,2.94,2.26,-49.3,-0.44,18.42,18.57,01a59860o0317o
59860.358788,-15.338,5.191,-2660,13808,o,0,0.0,64.16321,40.04256,7786.68,9884.88,2.8,2.35,-53.8,-0.443,18.43,18.61,01a59860o0323o
59860.364357,14.706,1.303,4761,6205,o,0,1.51,64.16321,40.04256,7846.33,9964.19,2.73,2.29,-53.3,-0.434,18.51,18.67,01a59860o0335o
59860.37453,14.129,0.935,8095,7570,o,0,0.0,64.16321,40.04256,7872.13,9844.67,2.45,2.13,-53.9,-0.468,18.68,18.78,01a59860o0357o
59861.469575,-11.145,1.589,-126522,201059,o,0,1.0,64.16321,40.04256,9915.64,6474.61,2.19,2.07,23.0,-0.5,16.66,16.66,02a59861o0586o
59861.485091,-13.216,0.031,-18774,580,o,0,131.88,64.16321,40.04256,9935.93,6514.52,2.34,2.07,36.3,-0.492,16.14,16.16,02a59861o0619o
59861.488255,10.394,1.243,252605,314068,o,0,0.36,64.16321,40.04256,9877.43,6438.88,2.21,2.08,25.7,-0.469,16.83,16.91,02a59861o0626o
59861.493784,-13.867,0.144,-10309,1486,o,0,26.71,64.16321,40.04256,9858.89,6556.44,2.37,2.11,36.5,-0.563,14.52,14.48,02a59861o0638o
59861.506043,-12.955,0.334,-23879,7984,o,0,2.32,64.16321,40.04256,7875.1,9886.64,2.49,2.34,68.3,-0.445,18.16,17.99,01a59861o0628o
59861.507891,13.653,0.648,12557,8131,o,0,1.66,64.16321,40.04256,7854.15,9845.22,2.43,2.3,82.9,-0.458,18.48,18.52,01a59861o0632o
59861.510727,-13.851,0.967,-10464,10124,o,0,1.43,64.16321,40.04256,7913.1,9925.84,2.53,2.41,89.5,-0.464,16.72,16.08,01a59861o0638o
59861.51627,10.914,0.246,156493,38500,o,0,1.4,64.16321,40.04256,7933.24,9807.4,2.54,2.33,66.9,-0.464,16.79,16.13,01a59861o0650o
59862.426622,-10.636,1.679,-202114,339271,o,0,0.0,64.16321,40.04256,9907.4,6474.78,2.3,2.22,-38.5,-0.45,18.15,18.4,02a59862o0243o
59862.428433,13.967,4.383,9401,41206,o,0,0.0,64.16321,40.04256,9927.39,6513.48,2.25,2.18,-36.0,-0.459,18.32,18.57,02a59862o0247o
59862.432088,0.0,0.0,0,0,o,0,-2.0,64.16321,40.04256,9823.44,6392.19,2.26,2.2,-35.0,-0.451,18.32,18.61,02a59862o0255o
59862.437514,-12.419,2.534,-39138,99170,o,0,0.0,64.16321,40.04256,9847.9,6554.86,2.35,2.3,-14.1,-0.452,18.32,18.66,02a59862o0267o
59863.476494,-8.52,0.198,-1419410,280698,o,0,2.79,64.16321,40.04256,9913.14,6476.9,2.09,1.9,19.3,-0.666,15.62,16.32,02a59863o0519o
59863.478302,0.0,0.0,0,0,o,0,-2.0,64.16321,40.04256,9888.24,6470.81,2.36,2.13,15.9,-0.475,16.01,16.84,02a59863o0523o
59863.481098,-10.238,1.521,-291661,443600,o,0,0.0,64.16321,40.04256,9874.02,6440.95,2.32,2.12,13.2,-0.509,15.94,16.79,02a59863o0529o
59863.49117,0.0,0.0,0,0,o,0,-2.0,64.16321,40.04256,9816.36,6513.59,2.31,2.07,28.2,-0.481,17.03,18.37,02a59863o0551o
59863.497577,-12.012,0.265,-56910,15092,o,0,2.51,64.16321,40.04256,7863.16,9886.92,2.46,2.31,73.0,-0.458,17.86,17.58,01a59863o0441o
59863.514944,15.473,10.254,2349,24089,o,0,0.0,64.16321,40.04256,7848.45,9844.81,2.49,2.39,76.0,-0.446,18.63,18.71,01a59863o0478o
59863.533685,-12.71,0.487,-29922,14577,o,0,0.39,64.16321,40.04256,7906.39,9919.85,2.49,2.27,-51.1,-0.455,18.19,18.0,01a59863o0518o
59863.548743,-13.442,0.506,-15250,7714,o,0,0.0,64.16321,40.04256,7926.45,9799.94,2.47,2.29,60.3,-0.447,18.76,19.0,01a59863o0550o
59867.544951,-14.821,0.554,-4283,2373,o,0,1.59,64.16321,40.04256,7240.87,4942.65,2.49,2.27,30.1,-0.403,19.1,19.68,01a59867o0759o
59867.549107,15.079,1.181,3375,3987,o,0,1.42,64.16321,40.04256,7261.13,4981.6,2.61,2.39,36.8,-0.394,19.03,19.65,01a59867o0768o
59867.557389,0.0,0.0,0,0,o,0,-2.0,64.16321,40.04256,4827.59,7567.05,2.4,1.82,29.7,-0.424,19.04,19.63,02a59867o0794o
59867.560554,0.0,0.0,0,0,o,0,-2.0,64.16321,40.04256,4808.36,7527.75,2.43,1.84,30.3,-0.42,19.0,19.57,02a59867o0801o
59867.574144,16.326,4.455,1071,4770,o,0,1.91,64.16321,40.04256,7209.16,4908.92,2.58,2.41,39.1,-0.393,19.02,19.59,01a59867o0820o
59867.579568,-13.02,0.913,-22498,20546,o,0,0.0,64.16321,40.04256,7190.99,5024.2,2.55,2.36,44.2,-0.398,19.03,19.6,01a59867o0831o
59867.595894,14.264,1.704,7150,12181,o,0,0.0,64.16321,40.04256,4910.14,7652.9,2.54,1.95,28.1,-0.42,18.88,19.48,02a59867o0878o
59867.624251,13.749,0.9,11490,10346,o,0,0.0,64.16321,40.04256,4926.79,7536.45,2.51,1.95,30.6,-0.421,18.86,19.44,02a59867o0940o
59868.552324,-15.507,1.663,-2276,3785,o,0,0.62,64.16321,40.04256,7247.53,4942.19,2.41,2.25,32.9,-0.413,19.34,20.15,01a59868o0750o
59868.555136,-13.316,0.594,-17131,10184,o,0,0.0,64.16321,40.04256,7267.56,4980.54,2.42,2.22,33.1,-0.41,19.33,20.15,01a59868o0756o
59868.561867,-14.673,47.237,-4908,231863,o,0,0.0,64.16321,40.04256,7211.0,4905.32,2.45,2.24,31.1,-0.406,19.36,20.16,01a59868o0769o
59868.584287,20.597,201.228,21,4215,o,0,0.86,64.16321,40.04256,7197.17,5026.49,2.6,2.39,40.4,-0.399,19.26,20.11,01a59868o0813o
59869.344532,-11.841,1.127,-66648,75081,o,0,0.0,64.16321,40.04256,3252.8,5785.99,2.54,2.28,41.6,-0.405,19.28,20.26,01a59869o0336o
59869.347321,13.96,0.696,9459,6586,o,0,0.0,64.16321,40.04256,3233.98,5741.93,2.58,2.27,40.5,-0.397,19.33,20.31,01a59869o0342o
59869.35243,-14.979,0.927,-3702,3432,o,0,0.0,64.16321,40.04256,3294.69,5824.09,2.79,2.37,43.2,-0.381,19.28,20.33,01a59869o0353o
59869.386547,0.0,0.0,0,0,o,0,-2.0,64.16321,40.04256,3281.52,5658.47,2.79,2.29,46.6,-0.368,19.43,20.58,01a59869o0425o
59869.542798,-15.847,2.109,-1665,3511,o,0,0.0,64.16321,40.04256,4881.18,7619.21,2.52,1.84,33.4,-0.425,19.43,20.43,02a59869o0744o
59869.548151,0.0,0.0,0,0,o,0,-2.0,64.16321,40.04256,4816.0,7534.16,2.59,1.84,33.1,-0.426,19.39,20.42,02a59869o0754o
59869.554108,-14.551,0.657,-5490,3605,o,0,0.0,64.16321,40.04256,4916.22,7653.22,2.51,1.85,33.2,-0.427,19.43,20.44,02a59869o0766o
59869.563868,0.0,0.0,0,0,o,0,-2.0,64.16321,40.04256,4892.31,7492.51,2.52,1.86,30.5,-0.435,19.41,20.37,02a59869o0785o
59870.501887,-13.958,0.775,-9481,7346,o,0,0.77,64.16321,40.04256,5696.38,2955.45,2.38,1.86,39.0,-0.464,19.43,20.49,02a59870o0649o
59870.503695,-13.493,0.408,-14545,5940,o,0,1.49,64.16321,40.04256,5714.64,2993.85,2.34,1.85,37.7,-0.463,19.39,20.49,02a59870o0653o
59870.506867,14.489,1.172,5814,6813,o,0,0.95,64.16321,40.04256,5660.67,2917.36,2.34,1.85,40.0,-0.462,19.47,20.51,02a59870o0660o
59870.512292,14.973,2.061,3723,7674,o,0,1.3,64.16321,40.04256,5642.49,3035.0,2.41,1.85,39.1,-0.467,19.4,20.53,02a59870o0672o
59871.491745,-14.0,0.556,-9118,5069,o,0,1.68,64.16321,40.04256,5695.88,2958.69,2.37,1.91,41.3,-0.46,19.49,20.72,02a59871o0655o
59871.493552,-13.084,0.675,-21206,14320,o,0,0.0,64.16321,40.04256,5714.88,2997.42,2.38,1.94,41.3,-0.452,19.5,20.76,02a59871o0659o
59871.497627,-13.124,1.126,-20444,23024,o,0,0.0,64.16321,40.04256,5660.54,2920.17,2.33,1.89,41.0,-0.455,19.51,20.77,02a59871o0668o
59871.503504,-13.47,0.955,-14856,14189,o,0,0.0,64.16321,40.04256,5640.96,3037.3,2.37,1.89,43.1,-0.461,19.53,20.78,02a59871o0681o
59871.544634,16.818,3.996,681,2720,o,0,3.34,64.16321,40.04256,5606.41,4969.65,2.54,2.27,31.9,-0.426,19.55,20.85,01a59871o0737o
59871.54741,-14.233,0.939,-7362,6914,o,0,0.0,64.16321,40.04256,5627.33,5008.39,2.67,2.44,32.5,-0.41,19.5,20.84,01a59871o0743o
59871.553441,-15.182,2.599,-3071,7981,o,0,0.0,64.16321,40.04256,5570.53,4931.94,2.47,2.2,33.0,-0.42,19.58,20.85,01a59871o0756o
59871.588428,-12.859,1.314,-26077,34266,o,0,1.61,64.16321,40.04256,5561.04,5052.77,2.49,2.19,37.0,-0.421,18.8,19.7,01a59871o0829o
59871.648621,-12.257,0.904,-45398,41053,o,0,0.0,64.16321,40.04256,4890.65,7592.76,2.59,1.96,35.8,-0.404,18.11,18.06,02a59871o0994o
59872.528495,-16.766,6.326,-714,4518,o,0,1.01,64.16321,40.04256,7176.6,1075.11,2.28,2.26,-47.0,-0.493,19.31,20.45,01a59872o0589o
59872.534917,-15.15,1.425,-3162,4504,o,0,1.18,64.16321,40.04256,7197.51,1114.33,2.64,2.59,-57.6,-0.455,19.39,20.65,01a59872o0602o
59872.537759,14.42,0.535,6193,3316,o,0,1.55,64.16321,40.04256,7141.49,1037.36,2.58,2.54,-56.3,-0.458,19.39,20.64,01a59872o0608o
59872.568456,-15.492,2.25,-2308,5195,o,0,1.38,64.16321,40.04256,7134.47,1154.61,2.3,2.23,-61.6,-0.481,19.5,20.61,01a59872o0671o
59873.461054,-17.722,8.244,-296,2440,o,0,1.27,64.16321,40.04256,3324.29,9647.09,3.26,3.0,70.0,-0.343,19.26,20.73,01a59873o0591o
59873.465257,15.269,0.775,2834,2196,o,0,1.7,64.16321,40.04256,3308.4,9607.36,3.27,2.88,64.6,-0.335,19.3,20.74,01a59873o0600o
59873.4708,14.856,0.551,4146,2286,o,0,0.76,64.16321,40.04256,3364.84,9683.23,4.1,3.75,71.5,-0.282,19.15,20.76,01a59873o0612o
59873.47912,14.542,1.119,5538,6196,o,0,1.74,64.16321,40.04256,3384.9,9563.88,2.94,2.72,63.1,-0.363,19.37,20.75,01a59873o0630o
59875.520991,12.799,0.872,27557,24026,o,0,0.0,64.16321,40.04256,7184.17,1072.59,2.29,2.26,23.9,-0.477,19.65,21.02,01a59875o0695o
59875.524226,-16.681,9.054,-772,6992,o,0,0.0,64.16321,40.04256,7203.58,1111.7,2.31,2.28,33.9,-0.475,19.67,21.02,01a59875o0702o
59875.529821,-13.57,0.638,-13557,8654,o,0,0.0,64.16321,40.04256,7148.6,1034.16,2.38,2.35,11.7,-0.47,19.61,21.01,01a59875o0714o
59875.561495,-13.733,0.634,-11666,7400,o,0,0.0,64.16321,40.04256,7138.83,1151.25,2.26,2.2,29.1,-0.475,19.59,20.89,01a59875o0778o
59875.564114,17.808,2.538,274,694,c,0,1.02,64.16321,40.04256,6529.7,3756.38,2.91,2.62,30.7,-0.389,19.42,21.18,02a59875o0812c
59875.567288,19.757,14.562,45,661,c,0,1.66,64.16321,40.04256,6509.77,3716.11,2.77,2.44,29.4,-0.394,19.46,21.17,02a59875o0819c
59875.618668,15.656,0.439,1985,872,c,0,1.4,64.16321,40.04256,6566.44,3795.69,3.48,3.15,34.4,-0.39,19.14,20.95,02a59875o0840c
59875.629462,16.715,0.877,748,656,c,0,0.94,64.16321,40.04256,6589.52,3675.74,2.94,2.74,40.7,-0.391,19.25,20.92,02a59875o0862c
59876.470312,0.0,0.0,0,0,o,0,-2.0,64.16321,40.04256,3274.95,9596.92,2.43,2.29,65.3,-0.408,19.7,21.04,01a59876o0577o
59876.473083,13.862,0.461,10353,4769,o,0,0.0,64.16321,40.04256,3301.83,9602.03,2.5,2.35,68.1,-0.408,19.66,21.04,01a59876o0583o
59876.496444,14.816,0.64,4301,2754,o,0,0.0,64.16321,40.04256,3357.51,9675.65,2.47,2.33,67.1,-0.407,19.66,21.03,01a59876o0630o
59876.507147,-14.617,1.096,-5166,5661,o,0,1.93,64.16321,40.04256,7124.28,1156.82,2.26,2.22,-45.8,-0.475,19.66,21.02,01a59876o0652o
59877.449834,-14.133,2.8,-8067,22584,o,0,0.0,64.16321,40.04256,3324.18,9649.09,2.5,2.4,65.7,-0.399,19.52,20.69,01a59877o0563o
59877.454011,0.0,0.0,0,0,o,0,-2.0,64.16321,40.04256,3263.13,9565.38,2.74,2.39,61.5,-0.375,19.47,20.74,01a59877o0572o
59877.460116,0.0,0.0,0,0,o,0,-2.0,64.16321,40.04256,3319.04,9639.76,2.6,2.38,74.3,-0.39,19.54,20.76,01a59877o0585o
59877.470895,-13.392,0.54,-15970,8629,o,0,0.0,64.16321,40.04256,3385.42,9566.17,2.57,2.39,60.9,-0.393,19.54,20.73,01a59877o0608o
59881.524959,-14.964,0.316,-3754,1185,o,0,1.77,64.16321,40.04256,1691.82,4646.04,2.83,2.46,38.3,-0.364,19.44,20.67,01a59881o0735o
59881.560555,-16.877,1.896,-645,1222,o,0,1.02,64.16321,40.04256,1719.22,4689.56,3.31,2.75,35.5,-0.322,19.3,20.65,01a59881o0811o
59881.564719,-18.574,12.155,-135,1642,o,0,0.42,64.16321,40.04256,1660.91,4610.65,2.57,2.39,29.6,-0.415,19.42,20.66,01a59881o0820o
59881.57119,-14.82,0.958,-4285,4103,o,0,2.0,64.16321,40.04256,1643.92,4727.15,2.64,2.46,38.8,-0.401,19.43,20.65,01a59881o0834o
59883.512042,-16.574,1.131,-852,964,o,0,0.68,64.16321,40.04256,1684.13,4641.53,2.79,2.58,41.8,-0.392,19.33,20.6,01a59883o0694o
59883.515277,-18.109,5.574,-207,1155,o,0,0.76,64.16321,40.04256,1704.19,4680.89,2.78,2.56,44.3,-0.382,19.32,20.6,01a59883o0701o
59883.520397,-14.251,1.027,-7236,7434,o,0,1.2,64.16321,40.04256,1647.49,4602.29,2.67,2.43,40.7,-0.399,19.38,20.59,01a59883o0712o
59883.521893,16.832,2.567,672,1724,c,0,1.89,64.16321,40.04256,8776.82,1371.63,2.3,2.19,-58.7,-0.425,19.57,21.22,02a59883o0735c
59883.525527,14.615,0.367,5176,1898,c,0,1.29,64.16321,40.04256,8756.69,1332.75,2.29,2.14,-61.5,-0.432,19.55,21.23,02a59883o0743c
59883.531449,-15.84,0.808,-1675,1353,c,0,1.44,64.16321,40.04256,8817.64,1416.3,2.35,2.3,86.9,-0.414,19.57,21.26,02a59883o0756c
59883.553015,-17.482,7.963,-369,2940,o,0,0.92,64.16321,40.04256,1636.28,4723.95,2.73,2.55,50.8,-0.4,19.33,20.57,01a59883o0779o
59883.562709,15.124,0.675,3239,2187,c,0,1.03,64.16321,40.04256,8838.16,1296.37,2.31,2.21,-69.6,-0.427,19.55,21.24,02a59883o0824c
59885.440341,14.83,1.58,4244,6707,o,0,0.0,64.16321,40.04256,8848.6,6120.19,2.38,2.3,57.9,-0.437,19.42,20.39,01a59885o0549o
59885.444496,-14.442,0.751,-6070,4556,o,0,0.0,64.16321,40.04256,8831.47,6079.6,2.39,2.32,82.3,-0.442,19.42,20.41,01a59885o0558o
59885.455744,16.184,2.805,1220,3421,o,0,0.0,64.16321,40.04256,8889.46,6156.01,2.41,2.27,52.3,-0.439,19.43,20.46,01a59885o0582o
59885.470921,-15.028,0.439,-3540,1556,o,0,1.57,64.16321,40.04256,8908.82,6036.25,2.49,2.33,37.1,-0.427,19.5,20.72,01a59885o0614o
59889.542976,12.185,0.558,48507,27050,o,0,0.84,64.16321,40.04256,7799.06,9051.3,2.45,2.36,50.5,-0.451,18.98,19.52,01a59889o0772o
59890.433842,12.31,0.519,43242,22426,o,0,0.0,64.16321,40.04256,3591.15,2544.94,2.32,1.93,38.0,-0.446,18.65,18.94,02a59890o0447o
59890.436102,-12.893,1.038,-25287,26256,o,0,1.4,64.16321,40.04256,3608.37,2584.31,2.37,2.01,39.5,-0.449,18.61,18.97,02a59890o0452o
59890.43936,-14.581,1.082,-5339,5777,o,0,1.64,64.16321,40.04256,3556.63,2505.12,2.43,2.0,38.2,-0.446,18.62,18.92,02a59890o0459o
59890.446139,-14.699,1.193,-4789,5715,o,0,2.09,64.16321,40.04256,3540.02,2621.9,2.42,1.99,37.5,-0.443,18.64,19.01,02a59890o0474o
59895.499178,15.649,1.613,1998,3222,o,0,1.82,64.16321,40.04256,6976.66,8029.61,2.45,1.91,30.8,-0.436,18.98,19.39,02a59895o0167o
59895.503253,-14.092,1.237,-8378,10365,o,0,0.0,64.16321,40.04256,6957.38,7990.75,2.46,1.93,30.0,-0.43,18.89,19.35,02a59895o0176o
59895.505419,11.219,0.322,118173,38022,o,0,0.0,64.16321,40.04256,7768.65,9012.57,2.42,2.34,67.5,-0.447,19.07,19.5,01a59895o0679o
59895.508663,0.0,0.0,0,0,o,0,-2.0,64.16321,40.04256,7745.46,9007.28,2.57,2.51,77.9,-0.439,18.88,19.38,01a59895o0686o
59895.508774,0.0,0.0,0,0,o,0,-2.0,64.16321,40.04256,6967.74,8023.36,2.43,1.91,29.9,-0.435,18.91,19.32,02a59895o0188o
59895.514147,-10.722,0.29,-186779,54186,o,0,0.0,64.16321,40.04256,7730.99,8976.42,2.42,2.33,61.9,-0.451,18.99,19.39,01a59895o0696o
59895.519695,13.766,0.918,11311,10382,o,0,0.0,64.16321,40.04256,7031.63,7952.2,2.59,2.01,30.4,-0.421,18.84,19.3,02a59895o0212o
59895.545474,0.0,0.0,0,0,o,0,-2.0,64.16321,40.04256,7676.32,9053.49,2.45,2.37,-86.3,-0.452,18.93,19.36,01a59895o0759o
59896.509019,-13.223,0.275,-18655,5128,o,0,1.33,64.16321,40.04256,5774.32,9137.09,2.45,2.41,44.4,-0.4,19.11,19.71,01a59896o0703o
59896.52385,11.49,0.316,92037,29092,o,0,0.0,64.16321,40.04256,5798.78,9176.67,2.5,2.43,56.0,-0.409,19.05,19.69,01a59896o0734o
59896.526623,15.778,2.948,1773,5229,o,0,1.63,64.16321,40.04256,5739.25,9100.3,2.57,2.46,48.7,-0.396,19.05,19.68,01a59896o0740o
59896.545263,-13.588,0.388,-13330,5166,o,0,1.63,64.16321,40.04256,5724.42,9219.89,2.54,2.33,49.5,-0.395,19.09,19.6,01a59896o0779o
59897.41905,-13.536,0.304,-13980,4247,o,0,2.14,64.16321,40.04256,3595.03,2547.22,2.28,1.94,37.6,-0.45,19.21,20.09,02a59897o0510o
59897.426703,-11.702,0.31,-75736,23459,o,0,0.0,64.16321,40.04256,3618.6,2584.09,2.37,1.97,38.0,-0.446,19.18,20.06,02a59897o0526o
59897.430992,14.537,2.63,5559,14618,o,0,0.0,64.16321,40.04256,3559.01,2507.59,2.38,1.96,39.2,-0.446,19.16,20.06,02a59897o0534o
59897.453914,15.056,2.042,3448,7041,o,0,3.22,64.16321,40.04256,3549.38,2627.01,2.36,1.95,35.9,-0.453,19.15,20.0,02a59897o0582o
59897.476514,12.977,0.803,23392,18788,o,0,0.0,64.16321,40.04256,5768.08,9133.7,2.57,2.34,46.7,-0.398,19.25,20.17,01a59897o0630o
59897.479746,13.281,1.207,17679,21331,o,0,0.0,64.16321,40.04256,5786.75,9172.95,2.45,2.32,43.3,-0.41,19.32,20.17,01a59897o0637o
59897.485297,-13.39,0.563,-15991,9007,o,0,0.0,64.16321,40.04256,5727.62,9094.88,2.52,2.34,42.4,-0.405,19.27,20.16,01a59897o0649o
59897.495931,-11.825,0.171,-67637,11546,o,0,0.0,64.16321,40.04256,5711.6,9213.98,2.46,2.35,51.6,-0.41,19.29,20.1,01a59897o0672o
59899.480222,-18.064,25.491,-216,5504,o,0,0.38,64.16321,40.04256,5768.22,9134.65,2.49,2.37,48.1,-0.404,19.5,20.58,01a59899o0622o
59899.483919,14.408,1.864,6261,11668,o,0,8.39,64.16321,40.04256,5789.31,9174.07,2.48,2.39,44.8,-0.411,19.46,20.56,01a59899o0630o
59899.487221,15.071,1.231,3402,4187,o,0,0.0,64.16321,40.04256,5322.82,9957.61,2.17,2.09,40.2,-0.44,19.37,20.43,02a59899o0667o
59899.491321,0.0,0.0,0,0,o,0,-2.0,64.16321,40.04256,5257.98,9870.5,2.08,2.04,-81.5,-0.443,19.39,20.41,02a59899o0676o
59899.497338,13.983,0.636,9262,5889,o,0,0.0,64.16321,40.04256,5360.03,9995.86,2.22,2.09,38.5,-0.431,19.3,20.38,02a59899o0689o
59899.5076,-13.829,1.855,-10677,19810,o,0,0.0,64.16321,40.04256,5733.95,9100.13,2.46,2.39,55.7,-0.411,19.44,20.48,01a59899o0679o
59899.51792,-13.947,0.629,-9580,6027,o,0,1.57,64.16321,40.04256,5717.72,9219.1,2.43,2.35,61.8,-0.413,19.47,20.48,01a59899o0699o
59899.532641,13.95,0.538,9552,5135,o,0,0.0,64.16321,40.04256,5376.22,9880.09,2.23,2.19,-73.6,-0.436,19.31,20.32,02a59899o0766o
59899.653116,-18.424,55.427,-155,8592,o,0,4.96,64.16321,40.04256,5340.8,9934.14,2.49,2.3,30.6,-0.388,18.38,18.73,02a59899o1024o
59901.417742,-15.487,0.336,-2320,780,c,0,0.84,64.16321,40.04256,4805.61,1592.1,3.14,2.87,48.2,-0.354,19.66,21.54,01a59901o0461c
59901.420975,-17.785,2.807,-279,784,c,0,1.32,64.16321,40.04256,4785.66,1552.57,3.24,2.92,48.8,-0.348,19.6,21.52,01a59901o0468c
59901.423773,17.739,1.625,291,474,c,0,1.23,64.16321,40.04256,4844.79,1630.29,3.3,2.91,47.2,-0.328,19.59,21.52,01a59901o0474c
59901.43394,19.634,10.234,51,520,c,0,0.72,64.16321,40.04256,4864.84,1511.09,2.95,2.69,44.9,-0.373,19.71,21.54,01a59901o0496c
59902.4683,0.0,0.0,0,0,o,0,-2.0,64.16321,40.04256,5279.19,9915.64,2.16,2.07,71.8,-0.442,19.48,20.7,02a59902o0608o
59902.488672,-14.233,0.73,-7358,5371,o,0,0.0,64.16321,40.04256,5307.91,9924.22,2.2,2.1,55.9,-0.437,19.47,20.69,02a59902o0651o
59902.501746,-11.925,0.0,-61647,30,o,0,65475.78,64.16321,40.04256,5382.85,9885.17,2.3,2.09,-63.6,-0.443,18.88,20.13,02a59902o0678o
59904.476412,13.534,0.323,14014,4532,c,0,0.65,64.16321,40.04256,9073.83,910.14,2.96,2.85,-44.2,-0.394,19.66,21.6,01a59904o0434c
59904.479673,-15.867,1.68,-1634,2745,c,0,0.39,64.16321,40.04256,9094.43,949.23,2.9,2.82,-51.2,-0.396,19.7,21.59,01a59904o0441c
59904.489842,16.691,1.277,765,977,c,0,1.11,64.16321,40.04256,9039.6,874.6,3.08,2.94,-44.3,-0.38,19.65,21.54,01a59904o0462c
59904.495138,14.671,0.533,4914,2620,c,0,0.67,64.16321,40.04256,9022.5,994.02,3.03,2.89,-38.4,-0.389,19.62,21.49,01a59904o0473c
59905.465268,-16.83,2.107,-673,1418,c,0,1.47,64.16321,40.04256,9071.85,911.05,3.39,3.2,3.3,-0.321,19.48,21.47,01a59905o0558c
59905.468046,16.743,1.3,729,948,c,0,0.88,64.16321,40.04256,9091.22,949.55,3.21,3.09,-27.8,-0.36,19.59,21.51,01a59905o0564c
59905.474514,19.371,9.878,65,640,c,0,0.95,64.16321,40.04256,9035.45,874.61,3.29,3.19,-31.0,-0.348,19.52,21.49,01a59905o0578c
59905.485148,18.484,2.664,147,391,c,0,2.77,64.16321,40.04256,9017.9,994.41,3.23,3.11,-32.0,-0.359,19.21,21.09,01a59905o0601c
59906.444594,13.847,0.323,10501,3393,o,0,2.86,64.16321,40.04256,6888.48,6092.18,2.34,2.01,32.2,-0.446,19.47,20.85,02a59906o0582o
59906.449774,0.0,0.0,0,0,o,0,-2.0,64.16321,40.04256,6823.56,6007.37,2.3,2.0,33.7,-0.438,19.52,20.85,02a59906o0593o
59906.456202,-15.784,1.462,-1763,2576,o,0,0.88,64.16321,40.04256,6925.67,6131.42,2.33,2.07,34.0,-0.439,19.5,20.84,02a59906o0607o
59906.466201,13.779,0.711,11179,7950,o,0,0.0,64.16321,40.04256,6945.93,6015.73,2.43,2.14,36.1,-0.439,19.47,20.82,02a59906o0628o
59907.443468,0.0,0.0,0,0,o,0,-2.0,64.16321,40.04256,6837.81,6045.52,2.08,1.88,34.5,-0.454,19.6,20.88,02a59907o0576o
59907.44599,14.977,0.721,3710,2675,c,0,0.51,64.16321,40.04256,9070.25,907.3,3.05,2.97,-28.2,-0.386,19.59,21.47,01a59907o0557c
59907.447596,14.376,1.703,6453,10988,o,0,0.0,64.16321,40.04256,6864.24,6051.43,2.0,1.82,33.0,-0.46,19.63,20.87,02a59907o0585o
59907.454865,12.123,0.595,51391,30583,o,0,0.0,64.16321,40.04256,6921.22,6132.12,2.03,1.81,32.0,-0.458,19.62,20.86,02a59907o0601o
59907.458666,-16.634,3.152,-806,2540,c,0,1.31,64.16321,40.04256,9091.62,946.6,2.88,2.8,-40.0,-0.396,19.71,21.54,01a59907o0583c
59907.461503,14.731,0.862,4651,4008,c,0,0.37,64.16321,40.04256,9035.32,869.98,2.88,2.8,-35.2,-0.396,19.69,21.54,01a59907o0589c
59907.465319,14.276,0.947,7071,6695,o,0,0.0,64.16321,40.04256,6940.41,6013.64,2.17,2.02,30.9,-0.446,19.48,20.81,02a59907o0624o
59907.476101,-15.426,1.587,-2454,3895,c,0,0.49,64.16321,40.04256,9018.72,990.13,2.9,2.79,-26.7,-0.408,19.7,21.54,01a59907o0619c
59908.385605,16.877,2.64,644,1701,c,0,1.67,64.16321,40.04256,1431.0,9791.71,3.1,2.91,88.6,-0.366,19.64,21.39,01a59908o0368c
59908.387916,-15.971,0.623,-1485,925,c,0,1.15,64.16321,40.04256,1413.42,9752.38,3.12,2.9,85.0,-0.362,19.63,21.4,01a59908o0373c
59908.413325,-18.73,8.379,-117,980,c,0,1.29,64.16321,40.04256,1471.36,9827.49,3.19,2.97,86.4,-0.355,19.6,21.43,01a59908o0425c
59908.419465,-17.411,3.516,-394,1385,c,0,1.52,64.16321,40.04256,1491.77,9708.3,3.06,2.86,84.8,-0.365,19.65,21.45,01a59908o0438c
59909.361489,14.502,0.614,5744,3527,c,0,0.21,64.16321,40.04256,1432.57,9792.08,3.03,2.89,-83.0,-0.373,19.6,21.31,01a59909o0380c
59909.363341,15.39,1.156,2536,2933,c,0,1.51,64.16321,40.04256,1415.12,9753.28,3.23,3.01,78.4,-0.363,19.55,21.32,01a59909o0384c
59909.366111,-15.241,1.194,-2908,3472,c,0,1.09,64.16321,40.04256,1471.79,9829.3,3.09,2.9,89.8,-0.364,19.57,21.33,01a59909o0390c
59909.379353,15.449,1.202,2402,2887,c,0,1.47,64.16321,40.04256,1492.88,9709.29,3.08,2.94,-83.6,-0.37,19.58,21.35,01a59909o0417c
59909.456162,0.0,0.0,0,0,o,0,-2.0,64.16321,40.04256,6837.87,6047.27,2.05,1.84,31.2,-0.457,19.5,20.63,02a59909o0458o
59909.459326,0.0,0.0,0,0,o,0,-2.0,64.16321,40.04256,6818.66,6008.93,2.11,1.85,33.6,-0.455,19.51,20.63,02a59909o0465o
59909.466568,0.0,0.0,0,0,o,0,-2.0,64.16321,40.04256,6875.01,6086.14,2.14,1.85,39.4,-0.45,19.5,20.64,02a59909o0481o
59909.476722,14.384,1.246,6404,7980,o,0,0.0,64.16321,40.04256,6940.38,6015.52,2.07,1.84,33.2,-0.457,19.52,20.62,02a59909o0503o
59913.45638,0.0,0.0,0,0,o,0,-2.0,64.16321,40.04256,6814.67,6008.75,2.11,1.75,33.1,-0.461,19.55,20.65,02a59913o0524o
59913.462306,14.002,0.957,9106,8717,o,0,0.0,64.16321,40.04256,6918.47,6134.16,2.13,1.77,33.8,-0.455,19.53,20.64,02a59913o0535o
59913.496128,12.946,0.437,24068,10513,o,0,0.0,64.16321,40.04256,6934.27,6017.16,2.14,1.87,38.3,-0.452,19.44,20.53,02a59913o0606o
59914.418752,0.0,0.0,0,0,o,0,-2.0,64.16321,40.04256,718.27,1719.58,1.95,1.8,32.2,-0.485,19.45,20.48,02a59914o0523o
59914.421917,0.0,0.0,0,0,o,0,-2.0,64.16321,40.04256,698.62,1680.71,1.93,1.78,32.6,-0.489,19.47,20.51,02a59914o0530o
59914.427355,0.0,0.0,0,0,o,0,-2.0,64.16321,40.04256,759.43,1756.84,1.96,1.79,31.4,-0.48,19.44,20.52,02a59914o0542o
59914.44319,0.0,0.0,0,0,o,0,-2.0,64.16321,40.04256,780.46,1638.85,1.95,1.78,32.8,-0.49,19.46,20.64,02a59914o0576o
59915.434386,0.0,0.0,0,0,o,0,-2.0,64.16321,40.04256,715.28,1714.16,1.92,1.79,31.1,-0.486,19.27,20.13,02a59915o0556o
59915.437549,0.0,0.0,0,0,o,0,-2.0,64.16321,40.04256,696.89,1674.14,1.92,1.78,37.4,-0.492,19.26,20.14,02a59915o0563o
59915.443009,0.0,0.0,0,0,o,0,-2.0,64.16321,40.04256,755.67,1751.08,1.9,1.78,31.5,-0.491,19.26,20.15,02a59915o0575o
59915.453738,-13.04,2.196,-22070,48467,o,0,0.0,64.16321,40.04256,823.61,1679.51,1.91,1.79,35.5,-0.488,19.29,20.16,02a59915o0598o
59917.433327,0.0,0.0,0,0,o,0,-2.0,64.16321,40.04256,751.53,1749.17,2.04,1.66,31.0,-0.477,18.93,19.57,02a59917o0447o
59917.463888,0.0,0.0,0,0,o,0,-2.0,64.16321,40.04256,691.48,1672.7,2.03,1.99,34.6,-0.474,17.87,18.19,02a59917o0510o
59917.480374,0.0,0.0,0,0,o,0,-2.0,64.16321,40.04256,755.69,1749.88,1.89,1.79,36.9,-0.482,18.99,19.52,02a59917o0542o
59917.483544,-12.788,2.408,-27837,67037,o,0,0.0,64.16321,40.04256,822.7,1673.67,1.87,1.79,50.3,-0.496,18.75,19.24,02a59917o0549o
59926.434028,16.328,5.269,1069,5632,o,0,0.0,64.16321,40.04256,2967.41,7734.33,2.5,2.23,31.6,-0.402,18.99,19.91,02a59926o0266o
59926.437195,-14.435,0.61,-6112,3729,o,0,0.0,64.16321,40.04256,2948.28,7695.67,2.41,2.16,28.5,-0.412,19.03,19.92,02a59926o0273o
59926.442639,13.898,1.36,10018,13629,o,0,0.0,64.16321,40.04256,3005.23,7772.38,2.43,2.18,28.5,-0.4,19.03,19.92,02a59926o0285o
59926.456653,16.683,4.275,771,3294,o,0,0.8,64.16321,40.04256,3026.35,7655.01,2.65,2.39,31.8,-0.394,18.91,19.91,02a59926o0315o
59927.331879,-14.808,2.993,-4334,12972,c,0,1.05,64.16321,40.04256,7600.25,2837.56,2.54,2.41,59.1,-0.397,19.55,21.31,02a59927o0320c
59927.334151,14.609,1.339,5203,6967,c,0,0.58,64.16321,40.04256,7618.82,2876.38,2.51,2.41,59.3,-0.395,19.55,21.31,02a59927o0325c
59927.338237,-14.135,0.931,-8051,7492,c,0,0.61,64.16321,40.04256,7562.79,2799.23,2.56,2.44,63.8,-0.39,19.51,21.33,02a59927o0334c
59927.35892,16.544,11.588,876,10147,c,0,0.0,64.16321,40.04256,7543.52,2917.07,2.54,2.43,56.1,-0.393,19.52,21.26,02a59927o0378c
59958.304928,13.684,0.632,12202,7716,o,0,0.0,64.16321,40.04256,8603.11,4205.45,2.12,1.87,28.8,-0.439,19.39,20.42,02a59958o0243o
59958.313701,12.923,0.25,24594,6161,o,0,0.0,64.16321,40.04256,8583.04,4165.31,2.08,1.87,27.4,-0.447,19.41,20.44,02a59958o0262o
59958.316866,15.639,2.747,2015,5536,o,0,0.0,64.16321,40.04256,8641.91,4245.26,2.06,1.87,27.2,-0.438,19.41,20.43,02a59958o0269o
59958.326824,15.402,1.597,2506,4002,o,0,0.0,64.16321,40.04256,8662.76,4128.83,2.07,1.86,24.1,-0.441,19.43,20.47,02a59958o0291o
59959.306414,-16.165,3.114,-1242,3867,o,0,0.77,64.16321,40.04256,8598.66,4202.1,2.3,2.0,27.0,-0.424,19.34,20.46,02a59959o0246o
59959.309577,-15.716,1.056,-1878,1984,o,0,0.59,64.16321,40.04256,8579.46,4162.72,2.32,2.08,29.1,-0.429,19.28,20.47,02a59959o0253o
59959.315475,-16.871,6.233,-648,4039,o,0,0.0,64.16321,40.04256,8637.49,4241.75,2.41,2.21,32.6,-0.42,19.3,20.48,02a59959o0266o
59959.329053,-17.456,4.187,-378,1584,o,0,1.14,64.16321,40.04256,8659.81,4126.06,2.6,2.38,29.0,-0.413,19.19,20.52,02a59959o0296o
59963.479578,-16.221,6.883,-1179,8118,o,0,0.0,64.16321,40.04256,5719.21,7977.06,2.29,2.0,37.3,-0.444,19.34,20.39,02a59963o0392o
59963.501606,0.0,0.0,0,0,o,0,-2.0,64.16321,40.04256,5652.74,7894.71,2.24,2.12,35.0,-0.442,19.24,20.32,02a59963o0440o
59963.504554,-13.619,0.744,-12952,9635,o,0,0.0,64.16321,40.04256,5754.3,8020.82,2.15,2.1,71.1,-0.447,19.23,20.26,02a59963o0446o
59966.310838,-16.336,1.331,-1061,1412,o,0,1.52,64.16321,40.04256,9123.12,9844.52,2.45,2.2,-64.1,-0.45,19.34,20.44,02a59966o0241o
59966.317856,15.866,0.602,1635,985,o,0,1.11,64.16321,40.04256,9102.56,9801.29,2.3,2.04,-61.9,-0.459,19.37,20.45,02a59966o0255o
59966.321517,-16.526,1.263,-890,1124,o,0,6.42,64.16321,40.04256,9159.72,9884.3,2.26,2.05,-68.4,-0.464,19.4,20.44,02a59966o0263o
59966.3343,-16.268,1.488,-1129,1681,o,0,3.2,64.16321,40.04256,9176.15,9767.28,2.36,2.11,-66.7,-0.451,19.37,20.46,02a59966o0290o
59967.314916,16.359,2.184,1038,2268,o,0,0.72,64.16321,40.04256,9109.61,9834.08,2.46,2.06,-64.6,-0.451,19.36,20.47,02a59967o0226o
59967.31808,15.443,1.836,2413,4432,o,0,0.92,64.16321,40.04256,9089.9,9794.03,2.4,2.03,-63.7,-0.453,19.39,20.46,02a59967o0233o
59967.324136,13.544,0.27,13881,3752,o,0,0.88,64.16321,40.04256,9145.85,9874.92,2.41,2.03,-66.7,-0.459,19.39,20.45,02a59967o0246o
59967.336849,17.502,2.532,362,918,o,0,1.09,64.16321,40.04256,9162.92,9758.46,2.32,2.2,-70.6,-0.451,19.38,20.49,02a59967o0274o
60019.263806,14.618,0.919,5163,4744,o,0,0.0,64.16321,40.04256,5002.19,7192.73,2.5,1.95,36.2,-0.424,19.17,20.1,02a60019o0100o
60019.26697,15.741,2.379,1835,4365,o,0,0.0,64.16321,40.04256,4984.37,7153.28,2.48,1.99,36.0,-0.432,19.11,20.11,02a60019o0107o
60019.274141,13.802,0.397,10943,4347,o,0,0.0,64.16321,40.04256,5043.4,7229.89,2.53,2.01,36.7,-0.424,19.15,20.12,02a60019o0122o
60019.288922,12.814,1.525,27184,41453,o,0,0.36,64.16321,40.04256,5066.56,7113.14,2.36,1.97,35.8,-0.437,19.2,20.11,02a60019o0154o
60036.240105,0.0,0.0,0,0,o,0,-2.0,64.16321,40.04256,1277.06,5855.8,2.21,1.98,21.3,-0.434,17.84,18.35,02a60036o0036o
60036.244386,-7.759,0.009,-2859339,26635,o,0,86141.48,64.16321,40.04256,1304.99,5864.15,2.26,1.99,27.9,-0.432,17.74,18.07,02a60036o0045o
60044.238656,-14.413,0.616,-6236,3840,o,0,1.02,64.16321,40.04256,7262.36,8020.64,2.21,2.04,35.1,-0.457,18.91,19.53,02a60044o0033o
60044.24182,15.986,3.459,1464,5065,o,0,2.07,64.16321,40.04256,7244.01,7981.76,2.44,2.32,39.3,-0.442,18.87,19.7,02a60044o0040o
60044.257844,15.191,2.855,3045,8694,o,0,0.0,64.16321,40.04256,7301.29,8056.52,2.2,2.16,53.2,-0.447,19.01,19.78,02a60044o0072o
60044.264805,-15.432,0.73,-2440,1781,o,0,1.21,64.16321,40.04256,7322.3,7940.68,2.3,2.24,42.3,-0.445,18.91,19.75,02a60044o0087o
60148.587605,-16.984,2.207,-584,1288,c,0,0.83,64.16321,40.04256,3584.02,4485.55,2.74,2.49,33.2,-0.4,19.22,20.8,02a60148o0730c
60148.612096,-15.71,0.761,-1888,1436,c,0,1.81,64.16321,40.04256,3587.03,4522.96,2.6,2.38,34.8,-0.397,19.24,20.75,02a60148o0780c
60148.623297,-15.355,0.585,-2618,1532,c,0,1.65,64.16321,40.04256,3524.75,4444.58,2.71,2.4,37.2,-0.389,18.31,19.34,02a60148o0803c
60152.59963,-14.027,0.497,-8900,4420,c,0,2.07,64.16321,40.04256,7472.79,2840.57,2.73,2.6,-8.8,-0.385,19.26,20.99,02a60152o0764c
60152.60392,-14.33,0.538,-6730,3622,c,0,0.76,64.16321,40.04256,7490.06,2878.59,2.74,2.63,5.3,-0.376,19.25,20.99,02a60152o0773c
60152.61868,-14.802,1.288,-4356,5609,c,0,1.86,64.16321,40.04256,7430.57,2801.83,2.74,2.68,-10.6,-0.393,19.04,20.56,02a60152o0803c
60152.627726,-14.574,1.612,-5377,8670,c,0,1.05,64.16321,40.04256,7410.12,2919.26,2.98,2.93,-6.0,-0.381,17.68,18.91,02a60152o0822c
60158.602677,13.021,1.788,22463,40160,o,0,0.0,64.16321,40.04256,7829.97,6610.82,2.44,2.07,33.5,-0.43,18.72,19.06,02a60158o0772o
60158.61095,12.678,1.26,30808,38804,o,0,0.0,64.16321,40.04256,7848.09,6649.06,2.44,2.07,35.9,-0.435,18.66,19.1,02a60158o0789o
60158.61705,-13.106,2.006,-20775,41677,o,0,0.0,64.16321,40.04256,7789.02,6572.43,2.43,2.07,35.6,-0.432,18.68,19.09,02a60158o0802o
60158.627118,-13.062,2.999,-21634,64880,o,0,0.0,64.16321,40.04256,7767.74,6691.85,2.56,2.07,35.1,-0.428,18.28,18.46,02a60158o0821o
60159.585982,0.0,0.0,0,0,o,0,-2.0,64.16321,40.04256,7789.14,6565.11,2.22,2.03,35.5,-0.437,18.91,19.36,02a60159o0742o
60159.589164,10.431,-0.0,244146,0,o,0,-0.0,64.16321,40.04256,7851.61,6650.29,2.26,2.05,35.7,-0.435,18.89,19.38,02a60159o0749o
60159.595998,0.0,0.0,0,0,o,0,-2.0,64.16321,40.04256,7746.96,6526.17,2.33,2.07,38.1,-0.435,18.87,19.42,02a60159o0764o
60159.614121,14.595,7.023,5274,37039,o,0,0.0,64.16321,40.04256,7771.93,6689.61,2.31,2.12,36.5,-0.433,18.92,19.48,02a60159o0803o
60170.606197,-17.399,3.305,-398,1317,c,0,0.81,64.16321,40.04256,7679.09,8949.23,2.62,2.51,36.8,-0.41,19.57,21.33,02a60170o0790c
60170.613283,18.754,0.22,114,25,c,0,8.24,64.16321,40.04256,7700.79,8988.91,2.63,2.5,33.9,-0.408,19.53,21.33,02a60170o0804c
60170.616457,16.826,0.231,676,156,c,0,5.47,64.16321,40.04256,7642.33,8911.31,2.66,2.5,35.8,-0.405,19.54,21.3,02a60170o0811c
60170.624979,-14.353,0.002,-6586,14,c,0,3526.15,64.16321,40.04256,7627.19,9029.39,2.59,2.48,35.3,-0.401,19.4,20.9,02a60170o0829c
60174.60072,-13.085,1.183,-21190,25075,c,0,0.0,64.16321,40.04256,9044.46,857.53,2.49,1.99,-61.0,-0.451,19.51,21.15,02a60174o0789c
60174.604336,-13.314,1.215,-17154,20837,c,0,0.0,64.16321,40.04256,9064.26,895.64,2.57,2.05,-60.3,-0.448,19.5,21.17,02a60174o0797c
60174.610426,-12.423,0.332,-38988,12953,c,0,0.0,64.16321,40.04256,9009.66,818.5,2.51,2.01,-61.5,-0.445,19.54,21.2,02a60174o0810c
60174.630581,12.494,0.63,36507,22997,c,0,0.0,64.16321,40.04256,9000.65,940.12,2.52,2.01,-62.1,-0.455,19.05,20.22,02a60174o0852c
60175.594364,12.639,1.182,31934,37758,c,0,0.0,64.16321,40.04256,9050.81,854.52,2.44,1.98,-63.0,-0.453,19.51,21.16,02a60175o0757c
60175.598341,-13.639,0.534,-12720,6789,c,0,2.19,64.16321,40.04256,9065.29,894.13,2.48,2.0,-61.9,-0.459,19.53,21.18,02a60175o0763c
60175.622406,-12.152,0.606,-50017,30323,c,0,0.0,64.16321,40.04256,9023.21,819.33,2.49,2.0,-64.5,-0.452,19.51,21.14,02a60175o0814c
60176.56841,-16.22,1.612,-1180,1902,c,0,1.02,64.16321,40.04256,5870.77,6724.48,2.64,2.29,36.5,-0.408,19.5,21.13,02a60176o0718c
60176.571598,-17.025,8.189,-562,4603,c,0,1.6,64.16321,40.04256,5890.07,6762.88,2.58,2.29,36.8,-0.412,19.52,21.14,02a60176o0725c
60176.580834,-15.332,0.799,-2675,2136,c,0,0.73,64.16321,40.04256,5831.56,6685.45,2.62,2.27,36.8,-0.411,19.53,21.14,02a60176o0744c
60176.592741,-15.683,0.552,-1936,1069,c,0,0.86,64.16321,40.04256,5811.44,6801.79,2.68,2.28,37.1,-0.408,19.55,21.14,02a60176o0768c
60176.634463,-14.332,0.51,-6717,3424,c,0,1.06,64.16321,40.04256,5875.94,6748.36,2.7,2.3,37.7,-0.401,18.5,19.5,02a60176o0855c
60178.557962,-15.379,2.483,-2561,6360,c,0,1.43,64.16321,40.04256,9385.89,2703.13,2.7,2.42,-50.8,-0.402,19.42,21.09,02a60178o0696c
60178.573169,-14.618,1.072,-5160,5530,c,0,0.87,64.16321,40.04256,9404.05,2741.42,2.82,2.57,-55.5,-0.389,19.39,21.14,02a60178o0727c
60178.576333,13.392,0.352,15959,5620,c,0,0.67,64.16321,40.04256,9347.71,2665.35,2.73,2.48,-52.6,-0.397,19.44,21.17,02a60178o0734c
60178.595768,13.621,0.647,12927,8367,c,0,0.32,64.16321,40.04256,9334.59,2784.22,2.69,2.4,-59.0,-0.403,19.46,21.25,02a60178o0774c
60182.522411,-17.073,1.677,-538,902,c,0,1.26,64.16321,40.04256,7485.17,4775.92,3.07,2.9,12.5,-0.386,19.2,20.94,02a60182o0518c
60182.525601,-14.994,0.529,-3651,1932,c,0,1.76,64.16321,40.04256,7502.26,4814.18,2.81,2.64,13.2,-0.38,19.28,20.93,02a60182o0525c
60182.577839,14.594,1.213,5276,6398,c,0,0.56,64.16321,40.04256,7448.96,4743.09,2.6,2.46,41.3,-0.397,19.52,21.21,02a60182o0554c
60182.605483,15.106,0.579,3294,1908,c,0,1.31,64.16321,40.04256,7440.7,4860.75,2.6,2.47,48.8,-0.398,19.54,21.25,02a60182o0612c
60187.435165,-12.014,0.002,-56786,96,o,0,211.86,64.16321,40.04256,9845.91,6459.79,5.76,5.49,31.6,-0.319,17.27,18.11,02a60187o0467o
60187.439313,-12.577,0.001,-33830,43,o,0,14064.5,64.16321,40.04256,9865.68,6506.05,4.27,4.11,-26.1,-0.309,17.38,18.17,02a60187o0476o
60187.4448,13.048,0.195,21928,4278,o,0,10.04,64.16321,40.04256,9802.59,6431.75,4.04,3.7,-28.6,-0.394,17.53,18.24,02a60187o0488o
60187.455729,-11.26,0.109,-113743,12451,o,0,33.23,64.16321,40.04256,9773.43,6549.38,3.62,3.36,-35.1,-0.424,17.82,18.34,02a60187o0512o
60191.535425,13.864,0.858,10333,8866,o,0,3.04,64.16321,40.04256,3933.06,6809.97,2.15,1.64,-50.9,-0.509,18.81,19.48,02a60191o0675o
60191.537692,-13.483,0.493,-14687,7236,o,0,4.1,64.16321,40.04256,3950.9,6848.2,2.06,1.61,-48.1,-0.509,18.86,19.49,02a60191o0680o
60191.543186,-13.573,0.292,-13516,3942,o,0,3.2,64.16321,40.04256,3891.66,6770.5,2.08,1.62,-50.5,-0.504,18.87,19.49,02a60191o0692o
60191.552974,-12.487,0.461,-36748,16952,o,0,0.0,64.16321,40.04256,3871.76,6886.78,2.02,1.59,-49.1,-0.511,18.9,19.53,02a60191o0712o
60194.507606,14.125,2.361,8128,19188,o,0,0.0,64.16321,40.04256,3475.39,2543.78,2.09,1.79,38.7,-0.477,19.02,19.6,02a60194o0500o
60194.539305,12.8,0.68,27540,18727,o,0,0.0,64.16321,40.04256,3493.42,2583.04,2.12,1.78,40.6,-0.471,19.01,19.67,02a60194o0565o
60194.548055,12.823,0.292,26956,7865,o,0,0.0,64.16321,40.04256,3438.51,2505.42,2.07,1.81,42.1,-0.469,19.14,19.81,02a60194o0584o
60194.573002,10.727,0.343,185829,63763,o,0,0.72,64.16321,40.04256,3432.73,2620.54,2.16,1.82,39.9,-0.482,17.13,17.19,02a60194o0632o
60195.579905,-14.277,0.898,-7068,6350,o,0,1.0,64.16321,40.04256,3497.03,2544.13,2.01,1.79,41.6,-0.475,19.39,20.32,02a60195o0767o
60195.582618,14.155,2.75,7910,21749,o,0,0.0,64.16321,40.04256,3517.86,2585.07,2.03,1.8,39.4,-0.473,19.38,20.32,02a60195o0773o
60195.588041,-15.337,3.618,-2661,9628,o,0,0.0,64.16321,40.04256,3465.62,2507.05,2.0,1.78,39.6,-0.474,19.38,20.32,02a60195o0785o
60195.614014,14.203,2.377,7564,17982,o,0,0.0,64.16321,40.04256,3471.24,2627.25,2.12,1.79,38.6,-0.476,19.41,20.42,02a60195o0840o
60196.450101,15.764,2.622,1796,4709,c,0,1.57,64.16321,40.04256,5138.15,613.58,2.52,2.33,-75.2,-0.419,19.24,20.77,02a60196o0498c
60196.473151,14.829,2.252,4251,9571,c,0,0.84,64.16321,40.04256,5145.12,650.17,2.45,2.18,-65.4,-0.427,19.37,20.92,02a60196o0546c
60196.476952,-14.832,0.966,-4240,4096,c,0,1.3,64.16321,40.04256,5088.96,572.62,2.5,2.21,-62.5,-0.427,19.35,20.92,02a60196o0553c
60196.483366,-14.533,0.34,-5582,1898,c,0,1.15,64.16321,40.04256,5063.34,687.78,2.48,2.25,-60.9,-0.424,19.37,20.89,02a60196o0565c
60198.545114,-18.149,4.79,-200,957,c,0,1.16,64.16321,40.04256,3571.87,4482.36,2.77,2.32,38.8,-0.396,19.43,21.04,02a60198o0702c
60198.546924,-15.114,0.446,-3269,1459,c,0,0.87,64.16321,40.04256,3592.08,4522.45,2.48,2.25,41.3,-0.409,19.47,21.04,02a60198o0706c
60198.550119,-16.665,1.68,-784,1317,c,0,2.0,64.16321,40.04256,3536.23,4445.16,2.53,2.3,40.5,-0.41,19.43,21.04,02a60198o0713c
60198.57181,-15.961,0.642,-1498,962,c,0,1.23,64.16321,40.04256,3533.66,4562.35,2.57,2.33,43.1,-0.409,19.45,21.02,02a60198o0759c
60200.544211,14.826,0.001,4262,5,c,0,11956.35,64.16321,40.04256,9714.21,8820.84,3.81,2.49,-55.6,-0.405,19.43,21.17,02a60200o0698c
60200.548526,14.327,0.001,6748,5,c,0,20705.85,64.16321,40.04256,9736.42,8858.82,3.51,2.45,-55.2,-0.407,19.48,21.18,02a60200o0707c
60200.552736,-17.576,0.046,-338,16,c,0,66.15,64.16321,40.04256,9679.17,8783.12,3.4,2.47,-56.5,-0.41,19.47,21.18,02a60200o0716c
60200.572117,-15.568,0.002,-2152,5,c,0,2930.15,64.16321,40.04256,9672.5,8903.12,3.55,2.49,-55.9,-0.399,19.48,21.23,02a60200o0757c
60202.573685,-13.712,0.782,-11889,9292,c,0,0.76,64.16321,40.04256,7520.58,2852.7,2.51,2.42,79.1,-0.393,19.52,21.22,02a60202o0668c
60202.587953,-13.552,1.023,-13777,14099,c,0,0.0,64.16321,40.04256,7552.41,2893.55,2.52,2.4,76.5,-0.395,19.51,21.21,02a60202o0698c
60202.590766,14.206,0.838,7541,6321,c,0,1.6,64.16321,40.04256,7500.98,2818.02,2.5,2.38,87.3,-0.398,19.5,21.22,02a60202o0704c
60202.597676,14.754,1.293,4552,5884,c,0,0.53,64.16321,40.04256,7487.01,2935.06,2.55,2.41,64.7,-0.392,19.51,21.24,02a60202o0719c
60204.548717,13.224,0.001,18632,19,c,0,6414.56,64.16321,40.04256,3695.35,9145.5,2.85,2.63,38.1,-0.374,18.43,20.02,02a60204o0704c
60204.582271,-15.312,0.002,-2725,6,c,0,2167.88,64.16321,40.04256,3742.12,9187.93,2.81,2.64,52.0,-0.381,19.41,21.14,02a60204o0728c
60204.591958,-15.45,0.003,-2398,7,c,0,1666.01,64.16321,40.04256,3692.28,9110.28,2.73,2.46,37.1,-0.377,19.45,21.18,02a60204o0748c
60204.595149,14.546,0.002,5516,11,c,0,4279.22,64.16321,40.04256,3675.87,9227.29,2.8,2.62,39.1,-0.378,19.43,21.2,02a60204o0755c
60207.533192,-16.155,2.61,-1254,3272,c,0,1.04,64.16321,40.04256,1580.25,2589.37,2.36,2.26,65.2,-0.429,19.5,21.05,02a60207o0688c
60207.536358,14.593,0.646,5283,3413,c,0,0.97,64.16321,40.04256,1600.71,2629.02,2.37,2.28,58.5,-0.424,19.48,21.04,02a60207o0695c
60207.539532,15.667,1.266,1965,2487,c,0,1.59,64.16321,40.04256,1544.85,2550.03,2.39,2.31,61.9,-0.423,19.47,21.04,02a60207o0702c
60207.549989,16.139,1.82,1272,2314,c,0,1.29,64.16321,40.04256,1530.95,2667.0,2.47,2.38,67.1,-0.423,19.46,21.04,02a60207o0722c
60208.604754,14.604,0.531,5228,2775,c,0,0.95,64.16321,40.04256,2667.24,3933.99,2.65,2.42,20.8,-0.415,19.05,20.66,02a60208o0641c
60208.610276,15.265,1.118,2844,3181,c,0,2.27,64.16321,40.04256,2647.0,3896.49,2.66,2.44,21.1,-0.407,19.19,20.84,02a60208o0652c
60208.614278,-15.37,1.378,-2582,3558,c,0,2.03,64.16321,40.04256,2705.7,3973.22,2.67,2.42,32.0,-0.414,19.26,20.88,02a60208o0660c
60208.632592,-15.024,1.089,-3551,3868,c,0,2.13,64.16321,40.04256,2725.0,3856.73,2.58,2.31,35.3,-0.413,19.13,20.58,02a60208o0696c
60208.640772,-18.243,0.624,-183,114,c,0,1.02,64.16321,40.04256,2685.87,3913.23,2.68,2.38,31.7,-0.422,17.81,18.71,02a60208o0712c
60210.613365,14.845,0.769,4188,3219,c,0,1.16,64.16321,40.04256,8637.22,4167.99,2.67,2.37,-65.5,-0.398,19.49,21.1,02a60210o0531c
60210.616261,15.891,0.957,1599,1530,c,0,1.41,64.16321,40.04256,8617.65,4129.31,2.71,2.44,-65.6,-0.391,19.47,21.09,02a60210o0537c
60210.623552,17.348,1.143,418,477,c,0,1.63,64.16321,40.04256,8674.37,4208.65,2.9,2.65,28.6,-0.371,19.33,21.1,02a60210o0551c
60210.627685,-16.431,1.293,-972,1257,c,0,1.48,64.16321,40.04256,8695.62,4093.13,2.66,2.47,-63.4,-0.393,19.43,21.08,02a60210o0559c
60210.642557,-16.038,0.572,-1396,798,c,0,1.3,64.16321,40.04256,8653.99,4146.33,2.69,2.58,30.6,-0.368,18.47,19.39,02a60210o0591c
60212.315183,21.879,592.815,6,3815,o,0,1.41,64.16321,40.04256,9156.45,9935.38,3.0,2.72,-79.4,-0.332,18.55,19.51,04a60212o0729o
60212.318387,12.755,0.294,28708,8443,o,0,0.0,64.16321,40.04256,9135.79,9895.11,2.8,2.45,-67.6,-0.414,18.6,19.57,04a60212o0736o
60212.321128,-15.785,2.728,-1762,4808,o,0,0.69,64.16321,40.04256,9194.29,9976.03,2.82,2.48,-78.6,-0.376,18.58,19.5,04a60212o0742o
60212.343581,17.411,4.563,394,1798,o,0,1.56,64.16321,40.04256,9212.92,9860.3,2.76,2.53,-72.2,-0.384,18.86,20.09,04a60212o0790o
60213.52478,13.884,2.966,10146,30097,o,0,0.0,64.16321,40.04256,1371.19,726.5,2.05,1.82,-62.6,-0.506,19.13,19.79,02a60213o0677o
60213.548727,-14.091,0.693,-8389,5810,o,0,0.62,64.16321,40.04256,1402.02,770.28,2.29,1.82,-54.8,-0.501,19.24,20.08,02a60213o0724o
60213.55145,-16.138,1.725,-1272,2195,o,0,0.79,64.16321,40.04256,1350.65,688.49,2.43,1.9,-54.0,-0.492,19.25,20.18,02a60213o0729o
60213.569602,-16.152,1.34,-1256,1684,o,0,2.13,64.16321,40.04256,1349.78,811.32,2.49,1.93,-52.1,-0.486,19.4,20.58,02a60213o0767o
60214.500347,14.254,3.221,7220,23254,o,0,0.0,64.16321,40.04256,5565.72,4891.76,2.41,1.86,39.9,-0.454,18.96,19.44,02a60214o0630o
60214.503139,0.0,0.0,0,0,o,0,-2.0,64.16321,40.04256,5539.36,4885.61,2.43,1.91,39.8,-0.452,18.91,19.45,02a60214o0636o
60214.506317,-12.593,0.372,-33331,12394,o,0,0.88,64.16321,40.04256,5530.06,4854.94,2.47,1.92,40.3,-0.449,18.93,19.47,02a60214o0643o
60214.529102,-14.089,1.864,-8404,15662,o,0,4.13,64.16321,40.04256,5523.07,4973.59,2.39,1.91,39.9,-0.456,18.99,19.57,02a60214o0691o
60214.637672,0.0,0.0,0,0,o,0,-2.0,64.16321,40.04256,4911.12,5595.32,2.33,1.77,32.3,-0.452,19.21,19.96,02a60214o0915o
60215.506779,-11.985,0.301,-58355,17586,o,0,0.0,64.16321,40.04256,5575.15,4892.16,2.28,1.81,38.5,-0.453,18.86,19.21,02a60215o0641o
60215.509156,-11.672,0.491,-77864,38255,o,0,0.0,64.16321,40.04256,5595.66,4932.09,2.2,1.83,41.4,-0.457,18.83,19.21,02a60215o0646o
60215.521814,-13.776,1.73,-11213,19400,o,0,0.0,64.16321,40.04256,5540.36,4857.59,2.22,1.82,39.5,-0.456,18.85,19.22,02a60215o0671o
60215.530458,-14.122,0.901,-8150,7341,o,0,1.25,64.16321,40.04256,5528.08,4973.08,2.07,1.81,42.5,-0.47,18.85,19.23,02a60215o0689o
60218.347405,14.325,0.94,6759,6351,o,0,0.78,64.16321,40.04256,8853.46,6142.74,3.16,2.85,-58.5,-0.352,17.6,17.91,04a60218o0790o
60218.375469,-14.562,1.301,-5434,7069,o,0,0.72,64.16321,40.04256,1698.3,4511.29,2.6,2.32,66.8,-0.348,17.75,18.02,04a60218o0848o
60218.378186,14.242,1.259,7300,9194,o,0,1.44,64.16321,40.04256,1641.74,4430.57,2.7,2.42,62.0,-0.352,17.72,18.01,04a60218o0853o
60224.285696,-14.473,6.692,-5901,39494,o,0,0.0,64.16321,40.04256,1466.07,9828.87,3.27,2.41,-76.9,-0.343,18.52,19.4,04a60224o0442o
60224.315275,15.499,4.685,2293,10741,o,0,1.52,64.16321,40.04256,1448.82,9790.52,3.2,2.32,-77.3,-0.337,18.53,19.4,04a60224o0505o
60224.319465,10.542,1.901,220315,418872,o,0,0.0,64.16321,40.04256,1504.24,9866.18,3.12,2.16,-76.5,-0.365,18.53,19.39,04a60224o0514o
60224.345334,-14.977,1.055,-3708,3911,o,0,1.09,64.16321,40.04256,9031.67,892.81,3.26,2.55,-31.4,-0.308,18.51,19.46,04a60224o0570o
60225.578056,0.0,0.0,0,0,o,0,-2.0,64.16321,40.04256,1400.22,9647.04,2.12,1.94,-32.4,-0.503,19.34,20.42,02a60225o0793o
60225.606714,0.0,0.0,0,0,o,0,-2.0,64.16321,40.04256,1377.64,9606.3,2.25,2.04,-36.9,-0.488,19.3,20.4,02a60225o0851o
60225.620043,11.407,0.58,99370,57664,o,0,0.0,64.16321,40.04256,1480.5,9731.46,1.98,1.81,-37.7,-0.508,19.38,20.39,02a60225o0876o
60225.623868,12.24,1.862,46113,85861,o,0,0.0,64.16321,40.04256,1501.7,9611.99,2.08,1.92,-34.5,-0.497,19.34,20.4,02a60225o0882o
60227.493397,-14.856,1.299,-4146,5387,c,0,0.44,64.16321,40.04256,5907.83,6731.36,2.65,2.33,41.5,-0.408,19.51,21.18,02a60227o0633c
60227.495205,-14.4,0.873,-6312,5509,c,0,1.09,64.16321,40.04256,5928.96,6770.59,2.65,2.34,42.4,-0.405,19.5,21.18,02a60227o0637c
60227.519146,-15.202,0.574,-3014,1731,c,0,0.88,64.16321,40.04256,5890.96,6696.45,2.73,2.32,39.6,-0.402,19.4,21.03,02a60227o0684c
60227.538141,16.386,0.404,1013,409,c,0,8.89,64.16321,40.04256,5890.56,6819.57,2.74,2.36,37.1,-0.406,19.33,20.98,02a60227o0721c
60228.433289,-13.454,1.672,-15074,25211,c,0,0.18,64.16321,40.04256,9391.98,2700.96,2.53,2.2,-59.2,-0.418,19.49,21.08,02a60228o0499c
60228.466783,-12.788,0.851,-27843,23705,c,0,0.0,64.16321,40.04256,9423.18,2745.24,2.54,2.29,-60.5,-0.416,19.51,21.21,02a60228o0570c
60228.48007,13.153,0.978,19893,19449,c,0,0.0,64.16321,40.04256,9380.3,2673.89,2.48,2.23,-62.3,-0.419,19.54,21.24,02a60228o0598c
60228.482103,-14.727,3.367,-4669,15721,c,0,0.0,64.16321,40.04256,9358.43,2791.01,2.47,2.27,-57.9,-0.415,19.55,21.24,02a60228o0602c
60230.422427,-16.606,2.009,-827,1662,c,0,1.65,64.16321,40.04256,9419.45,4642.35,2.92,2.73,-17.4,-0.389,19.32,20.94,02a60230o0481c
60230.424235,-15.058,0.499,-3440,1716,c,0,0.93,64.16321,40.04256,9439.51,4681.13,2.98,2.86,-66.5,-0.384,19.28,20.95,02a60230o0485c
60230.427005,-15.169,0.692,-3109,2151,c,0,1.09,64.16321,40.04256,9381.42,4605.88,2.87,2.79,-30.8,-0.382,19.31,20.96,02a60230o0491c
60230.460974,-13.971,0.559,-9367,5236,c,0,2.4,64.16321,40.04256,9375.31,4726.07,2.73,2.57,26.0,-0.384,19.41,20.98,02a60230o0564c
60231.470079,-13.423,1.427,-15515,22132,c,0,0.0,64.16321,40.04256,9443.12,4655.0,2.45,2.4,-75.3,-0.412,19.6,21.22,02a60231o0588c
60231.472339,13.083,0.91,21232,19323,c,0,0.0,64.16321,40.04256,9464.49,4693.9,2.48,2.37,-75.2,-0.414,19.59,21.23,02a60231o0593c
60231.476406,14.038,1.83,8808,16116,c,0,0.0,64.16321,40.04256,9410.22,4619.07,2.45,2.38,-75.6,-0.412,19.59,21.24,02a60231o0602c
60231.501454,12.675,0.666,30907,20591,c,0,0.0,64.16321,40.04256,9417.93,4741.49,2.49,2.43,78.6,-0.411,19.53,21.26,02a60231o0648c
60233.492008,16.595,5.658,836,4728,c,0,1.18,64.16321,40.04256,7528.79,4797.51,2.53,2.33,47.5,-0.401,19.54,21.18,02a60233o0640c
60233.493817,-16.172,16.414,-1234,20252,c,0,0.0,64.16321,40.04256,7550.11,4836.32,2.52,2.32,48.0,-0.404,19.55,21.17,02a60233o0644c
60233.514886,-14.511,1.358,-5698,7741,c,0,1.58,64.16321,40.04256,7521.7,4768.01,2.52,2.3,47.4,-0.4,19.55,21.21,02a60233o0686c
60233.534854,16.131,1.37,1282,1756,c,0,2.04,64.16321,40.04256,3074.03,5675.93,2.61,2.22,33.7,-0.413,19.57,21.23,02a60233o0726c
60234.507048,13.48,0.404,14724,5947,c,0,1.48,64.16321,40.04256,3292.32,707.26,2.33,2.2,85.9,-0.452,19.51,21.03,02a60234o0635c
60234.508855,14.33,1.233,6730,8296,c,0,0.65,64.16321,40.04256,3313.0,748.93,2.34,2.24,-86.2,-0.451,19.48,21.03,02a60234o0639c
60234.533664,14.014,0.703,9007,6328,c,0,1.52,64.16321,40.04256,3293.07,675.65,2.38,2.23,-67.7,-0.445,19.48,21.03,02a60234o0690c
60234.539506,14.75,0.975,4573,4459,c,0,1.01,64.16321,40.04256,3284.7,796.2,2.39,2.21,-70.7,-0.45,19.48,21.03,02a60234o0702c
60235.50117,13.852,0.998,10449,10432,c,0,1.17,64.16321,40.04256,3289.0,697.18,2.38,2.22,-76.8,-0.445,19.55,21.21,02a60235o0652c
60235.526633,-16.372,2.467,-1026,2531,c,0,3.0,64.16321,40.04256,3339.86,744.82,2.34,2.2,-69.2,-0.449,19.58,21.26,02a60235o0701c
60235.53124,-15.924,1.914,-1550,2968,c,0,1.22,64.16321,40.04256,3291.0,662.31,2.34,2.22,-70.2,-0.44,19.6,21.27,02a60235o0710c
60235.540122,16.504,3.313,908,3009,c,0,1.5,64.16321,40.04256,3284.07,783.89,2.33,2.25,-83.8,-0.445,19.59,21.3,02a60235o0729c
60236.362591,14.631,0.193,5102,985,c,0,8.24,64.16321,40.04256,9802.23,6473.22,2.72,2.55,-53.3,-0.43,19.34,20.81,02a60236o0348c
60236.398323,16.612,0.104,822,85,c,0,16.27,64.16321,40.04256,9812.41,6515.31,2.53,2.5,-8.1,-0.422,19.48,20.97,02a60236o0418c
60236.412039,14.242,0.109,7298,793,c,0,6.27,64.16321,40.04256,9758.56,6443.34,2.54,2.48,-54.6,-0.424,19.5,20.98,02a60236o0447c
60236.413847,13.184,0.115,19330,2221,c,0,5.95,64.16321,40.04256,9738.68,6560.26,2.55,2.5,-64.7,-0.425,19.47,20.98,02a60236o0451c
60238.442183,-15.619,4.611,-2053,9465,c,0,0.0,64.16321,40.04256,5583.65,2957.84,2.47,2.27,41.1,-0.442,19.48,21.04,02a60238o0535c
60238.443992,-14.236,0.925,-7336,6785,c,0,1.53,64.16321,40.04256,5603.97,2996.69,2.36,2.28,66.4,-0.413,19.49,21.04,02a60238o0539c
60238.465214,13.763,0.752,11341,8534,c,0,0.0,64.16321,40.04256,5563.7,2922.52,2.39,2.29,57.8,-0.412,19.48,21.11,02a60238o0583c
60238.473672,-17.347,16.429,-418,6869,c,0,1.09,64.16321,40.04256,5554.02,3042.11,2.45,2.26,52.6,-0.412,19.52,21.12,02a60238o0601c
60239.501949,15.192,2.283,3041,6945,c,0,1.25,64.16321,40.04256,5645.88,2967.18,2.4,2.27,50.6,-0.418,19.48,21.06,02a60239o0601c
60240.434548,14.842,2.127,4201,8937,o,0,1.36,64.16321,40.04256,3926.48,6811.61,2.38,1.91,39.6,-0.43,19.23,20.09,02a60240o0515o
60240.437341,-13.685,0.409,-12189,4991,o,0,1.76,64.16321,40.04256,3946.7,6853.56,2.37,1.91,39.7,-0.428,19.24,20.1,02a60240o0521o
60240.450382,-14.773,1.663,-4476,7446,o,0,3.97,64.16321,40.04256,3896.66,6776.95,2.73,1.96,36.7,-0.415,19.25,20.21,02a60240o0546o
60240.453661,-12.329,0.475,-42496,20171,o,0,0.0,64.16321,40.04256,3880.86,6895.03,2.32,1.92,39.7,-0.433,19.29,20.25,02a60240o0553o
60242.440661,13.514,0.13,14268,1850,o,0,67.45,64.16321,40.04256,1678.7,9211.2,2.16,2.06,23.7,-0.457,19.01,19.72,02a60242o0536o
60242.44247,17.025,1.956,562,1100,o,0,2.14,64.16321,40.04256,1700.11,9251.92,2.06,2.03,72.3,-0.467,19.05,19.72,02a60242o0540o
60242.46839,14.293,0.353,6961,2454,o,0,67.0,64.16321,40.04256,1669.5,9173.41,2.21,2.12,31.9,-0.441,19.0,19.77,02a60242o0594o
60242.473608,-15.191,1.459,-3045,4441,o,0,11.77,64.16321,40.04256,1653.38,9294.54,2.12,2.06,-78.9,-0.453,19.1,19.79,02a60242o0605o
60244.430522,-13.168,0.339,-19628,6656,o,0,15.53,64.16321,40.04256,273.86,4266.18,2.11,1.74,31.3,-0.44,15.63,15.61,02a60244o0516o
60244.431427,0.0,0.0,0,0,o,0,-2.0,64.16321,40.04256,9994.37,4311.8,1.95,1.9,-2.5,-0.457,15.59,15.29,02a60244o0518o
60244.437221,-9.231,0.204,-736969,150692,o,0,1.54,64.16321,40.04256,9989.77,4283.81,2.12,1.92,-66.8,-0.464,15.62,15.47,02a60244o0530o
60244.447224,-9.27,0.344,-711231,244604,o,0,0.0,64.16321,40.04256,9982.02,4403.24,2.05,1.94,-61.4,-0.465,17.06,16.9,02a60244o0552o
60244.449196,-12.789,0.158,-27823,4387,o,0,6.24,64.16321,40.04256,307.01,4311.6,2.07,1.79,36.4,-0.404,17.91,18.05,02a60244o0556o
60244.45213,-13.397,0.167,-15893,2652,o,0,3.44,64.16321,40.04256,248.81,4230.18,2.06,1.82,32.9,-0.426,18.76,19.1,02a60244o0562o
60244.455293,14.481,1.73,5858,10132,o,0,5.06,64.16321,40.04256,231.39,4347.27,2.07,1.82,31.0,-0.414,18.36,18.59,02a60244o0569o
60245.430491,-10.412,0.477,-248417,118420,o,0,0.0,64.16321,40.04256,10024.55,4321.02,2.2,1.91,-58.6,-0.48,18.34,18.55,02a60245o0525o
60245.4323,12.494,2.963,36516,108206,o,0,0.0,64.16321,40.04256,10046.65,4360.35,2.18,1.88,-58.9,-0.49,18.42,18.56,02a60245o0529o
60245.435254,13.634,5.332,12775,68121,o,0,0.0,64.16321,40.04256,9990.66,4285.13,2.13,1.84,-57.3,-0.499,18.45,18.57,02a60245o0535o
60245.437063,-14.335,0.307,-6700,2058,o,0,3.66,64.16321,40.04256,282.32,4270.01,1.96,1.86,46.7,-0.414,18.44,18.62,02a60245o0539o
60245.440225,-13.052,0.308,-21834,6726,o,0,2.03,64.16321,40.04256,302.58,4310.45,2.01,1.93,43.7,-0.418,18.42,18.62,02a60245o0546o
60245.440676,0.0,0.0,0,0,o,0,-2.0,64.16321,40.04256,9930.99,4357.88,2.26,2.01,-57.9,-0.472,18.38,18.58,02a60245o0547o
60245.443388,12.945,0.28,24095,6744,o,0,2.38,64.16321,40.04256,248.51,4231.33,1.99,1.9,41.4,-0.43,18.42,18.62,02a60245o0553o
60245.448497,-14.568,1.871,-5406,10118,o,0,5.81,64.16321,40.04256,231.3,4347.82,2.0,1.84,40.4,-0.397,18.45,18.64,02a60245o0564o
60250.5227,0.0,0.0,0,0,o,0,-2.0,64.16321,40.04256,878.18,1697.94,1.91,1.78,27.8,-0.481,19.12,19.67,02a60250o0711o
60250.525993,0.0,0.0,0,0,o,0,-2.0,64.16321,40.04256,858.2,1659.87,1.88,1.82,50.5,-0.485,19.1,19.7,02a60250o0718o
60250.539665,0.0,0.0,0,0,o,0,-2.0,64.16321,40.04256,917.64,1735.75,1.92,1.8,43.6,-0.479,19.01,19.55,02a60250o0746o
60250.552336,-11.191,0.601,-121172,72858,o,0,0.0,64.16321,40.04256,981.52,1661.94,1.93,1.77,37.3,-0.487,18.98,19.53,02a60250o0772o
60251.488182,0.0,0.0,0,0,o,0,-2.0,64.16321,40.04256,887.4,1706.11,2.02,1.83,33.5,-0.47,19.19,19.88,02a60251o0650o
60251.494824,13.449,2.537,15154,38441,o,0,0.0,64.16321,40.04256,911.13,1710.77,1.96,1.85,33.7,-0.476,19.19,19.89,02a60251o0664o
60251.498443,0.0,0.0,0,0,o,0,-2.0,64.16321,40.04256,924.84,1741.18,1.96,1.85,27.1,-0.473,19.18,19.9,02a60251o0672o
60251.518131,0.0,0.0,0,0,o,0,-2.0,64.16321,40.04256,942.14,1624.1,1.9,1.86,46.3,-0.48,19.22,19.89,02a60251o0715o
60252.447856,-12.255,0.716,-45482,32546,o,0,0.0,64.16321,40.04256,7416.85,2890.66,2.18,2.08,70.3,-0.426,19.2,20.14,02a60252o0551o
60252.450116,0.0,0.0,0,0,o,0,-2.0,64.16321,40.04256,7391.86,2884.04,2.25,2.12,56.5,-0.414,19.17,20.14,02a60252o0556o
60252.453753,0.0,0.0,0,0,o,0,-2.0,64.16321,40.04256,7340.38,2807.11,2.23,2.12,58.2,-0.418,19.21,20.14,02a60252o0564o
60252.460991,0.0,0.0,0,0,o,0,-2.0,64.16321,40.04256,7328.35,2925.74,2.23,2.14,44.2,-0.413,19.18,20.16,02a60252o0580o
60253.485647,-15.58,1.166,-2128,2482,o,0,0.0,64.16321,40.04256,3135.17,7722.58,2.44,2.14,21.8,-0.41,19.24,20.22,02a60253o0630o
60253.48962,-16.588,3.403,-841,2862,o,0,0.9,64.16321,40.04256,3117.22,7686.18,2.54,2.26,20.6,-0.408,19.17,20.24,02a60253o0638o
60253.495597,-13.803,0.436,-10936,4772,o,0,1.38,64.16321,40.04256,3171.68,7762.83,2.43,2.04,26.9,-0.415,19.25,20.24,02a60253o0649o
60253.526487,0.0,0.0,0,0,o,0,-2.0,64.16321,40.04256,3136.89,7595.49,2.34,2.01,32.5,-0.423,19.26,20.23,02a60253o0712o
60254.538665,-15.306,1.679,-2739,4597,o,0,1.8,64.16321,40.04256,6927.77,1425.16,2.7,2.62,-79.9,-0.412,19.0,20.21,02a60254o0569o
60254.541912,-14.115,0.725,-8203,5943,o,0,0.64,64.16321,40.04256,6907.47,1383.86,3.04,2.89,-69.5,-0.408,18.84,20.15,02a60254o0576o
60254.548796,-13.61,0.378,-13064,4937,o,0,1.76,64.16321,40.04256,6966.64,1462.12,2.68,2.53,-60.2,-0.411,19.05,20.18,02a60254o0591o
60254.562684,-15.429,0.949,-2445,2320,o,0,0.77,64.16321,40.04256,6987.47,1346.08,3.27,3.12,-60.6,-0.399,18.77,20.12,02a60254o0620o
60256.413343,14.614,0.587,5183,3044,c,0,1.1,64.16321,40.04256,1467.57,2624.08,2.55,2.41,66.4,-0.415,19.43,21.08,02a60256o0487c
60256.41515,-17.101,3.714,-524,1947,c,0,1.05,64.16321,40.04256,1487.06,2664.91,2.54,2.46,60.5,-0.415,19.42,21.08,02a60256o0491c
60256.41794,15.187,1.312,3057,4011,c,0,1.46,64.16321,40.04256,1432.28,2586.63,2.47,2.39,64.6,-0.426,19.45,21.1,02a60256o0497c
60256.453571,15.556,1.886,2176,4104,c,0,0.24,64.16321,40.04256,1449.53,2709.88,2.49,2.41,72.8,-0.421,19.49,21.15,02a60256o0568c
60257.460534,14.985,1.726,3680,6352,c,0,0.19,64.16321,40.04256,4748.43,875.05,2.44,2.23,-69.5,-0.432,19.56,21.31,02a60257o0583c
60257.4637,13.621,0.742,12932,9593,c,0,0.96,64.16321,40.04256,4768.89,914.87,2.43,2.23,-71.4,-0.435,19.57,21.3,02a60257o0590c
60257.499454,-15.278,2.039,-2812,5734,c,0,2.53,64.16321,40.04256,4716.1,845.65,2.53,2.34,-73.6,-0.426,19.51,21.29,02a60257o0657c
60257.509066,16.414,0.789,988,779,c,0,4.16,64.16321,40.04256,5921.38,6051.56,2.63,2.35,37.0,-0.399,19.53,21.26,02a60257o0677c
60258.482389,-17.808,0.905,-274,247,c,0,7.52,64.16321,40.04256,2408.03,3755.12,2.59,2.38,11.5,-0.404,17.1,18.62,02a60258o0625c
60258.485557,14.69,0.002,4831,9,c,0,3726.38,64.16321,40.04256,2387.26,3715.35,2.75,2.56,24.6,-0.402,18.41,20.09,02a60258o0632c
60258.506603,14.045,0.007,8750,61,c,0,899.37,64.16321,40.04256,2439.02,3794.56,2.88,2.68,33.1,-0.387,17.15,18.7,02a60258o0675c
60258.512139,13.918,0.004,9832,38,c,0,3256.18,64.16321,40.04256,2457.74,3678.21,2.83,2.55,36.5,-0.399,18.05,19.65,02a60258o0687c
60260.433166,14.732,0.001,4647,4,c,0,7190.06,64.16321,40.04256,8904.98,8056.29,3.14,2.98,40.6,-0.382,19.42,21.37,02a60260o0532c
60260.436361,-16.914,0.028,-623,18,c,0,53.65,64.16321,40.04256,8929.5,8096.73,3.02,2.9,68.5,-0.383,19.43,21.37,02a60260o0539c
60260.439547,-14.99,0.002,-3665,7,c,0,2353.53,64.16321,40.04256,8872.45,8021.03,3.06,2.92,42.7,-0.377,19.41,21.37,02a60260o0546c
60260.465525,-18.853,0.171,-104,18,c,0,5.72,64.16321,40.04256,1717.53,5669.5,2.91,2.69,-0.4,-0.401,19.37,21.34,02a60260o0601c
60260.600919,-18.529,6.825,-141,961,c,0,1.03,64.16321,40.04256,5437.15,4050.78,3.08,2.98,57.9,-0.389,19.16,20.91,02a60260o0880c
60260.601372,18.571,5.105,135,691,c,0,0.82,64.16321,40.04256,5417.53,4011.64,3.01,2.9,48.7,-0.388,19.23,20.91,02a60260o0881c
60260.601824,-17.523,3.111,-355,1106,c,0,1.04,64.16321,40.04256,5477.01,4089.59,2.96,2.85,50.0,-0.391,19.22,20.9,02a60260o0882c
60260.602276,17.385,1.835,404,741,c,0,0.96,64.16321,40.04256,5497.92,3973.97,3.18,3.06,59.8,-0.389,19.12,20.9,02a60260o0883c
60260.602728,16.783,1.274,703,895,c,0,0.8,64.16321,40.04256,5457.56,4031.36,2.92,2.82,49.2,-0.399,19.23,20.9,02a60260o0884c
60261.481458,-18.419,0.107,-156,17,c,0,9.85,64.16321,40.04256,1653.37,5748.5,2.9,2.68,10.4,-0.407,19.39,21.32,02a60261o0547c
60261.484627,17.853,0.836,262,219,c,0,2.79,64.16321,40.04256,1633.8,5708.48,2.83,2.71,15.1,-0.407,19.38,21.31,02a60261o0554c
60261.513168,-17.292,0.379,-440,167,c,0,3.59,64.16321,40.04256,1690.36,5782.04,2.57,2.4,28.8,-0.412,19.49,21.22,02a60261o0612c
60261.51981,15.868,1.199,1632,1958,c,0,0.6,64.16321,40.04256,1711.63,5666.42,2.61,2.41,29.1,-0.414,19.43,21.21,02a60261o0626c
60264.414332,-15.418,1.214,-2470,2998,c,0,0.79,64.16321,40.04256,5964.29,4709.57,2.73,2.49,44.6,-0.393,19.48,21.29,02a60264o0485c
60264.417513,-16.74,1.469,-731,1075,c,0,1.39,64.16321,40.04256,5986.15,4749.11,2.73,2.47,46.0,-0.399,19.5,21.3,02a60264o0492c
60264.421133,-16.351,0.818,-1047,856,c,0,0.89,64.16321,40.04256,5933.27,4672.41,2.87,2.58,43.0,-0.391,19.43,21.31,02a60264o0500c
60264.456533,18.234,1.235,185,228,c,0,3.27,64.16321,40.04256,4751.05,5409.22,2.9,2.72,14.2,-0.396,19.36,21.25,02a60264o0576c
60266.188516,-14.289,4.858,-6990,33959,o,0,0.0,64.16321,40.04256,3357.87,9687.54,3.14,2.22,-77.2,-0.377,18.76,19.88,04a60266o0351o
60266.190332,11.811,0.667,68461,45664,o,0,0.0,64.16321,40.04256,3339.13,9648.58,2.99,2.14,-75.0,-0.384,18.76,19.96,04a60266o0355o
60266.19351,0.0,0.0,0,0,o,0,-2.0,64.16321,40.04256,3349.0,9680.33,2.87,2.07,-75.0,-0.438,18.89,20.0,04a60266o0362o
60266.198966,14.812,2.512,4317,10843,o,0,1.38,64.16321,40.04256,3414.25,9607.36,2.94,2.02,-80.0,-0.372,18.91,19.92,04a60266o0374o
60266.486621,-17.302,0.075,-436,32,c,0,6.66,64.16321,40.04256,3106.38,9381.87,2.42,2.36,-3.0,-0.409,19.57,21.26,02a60266o0647c
60266.49004,13.711,0.0,11902,4,c,0,40671.93,64.16321,40.04256,3087.2,9342.4,2.42,2.37,-12.2,-0.41,19.54,21.25,02a60266o0654c
60266.519212,-14.732,0.002,-4647,7,c,0,6468.99,64.16321,40.04256,3115.26,9419.57,2.4,2.37,-23.0,-0.409,19.51,21.2,02a60266o0714c
60266.546978,13.999,0.001,9127,5,c,0,20302.77,64.16321,40.04256,3118.91,9298.94,2.53,2.4,28.4,-0.4,19.45,21.14,02a60266o0772c
60267.524615,13.091,0.002,21075,39,c,0,17852.11,64.16321,40.04256,3057.81,9342.45,2.33,2.27,17.7,-0.407,18.73,20.13,02a60267o0713c
60267.560213,19.795,9.032,44,396,c,0,1.52,64.16321,40.04256,3094.19,9414.67,2.52,2.46,18.1,-0.403,17.28,18.57,02a60267o0784c
60267.588936,13.691,0.0,12120,4,c,0,57533.43,64.16321,40.04256,3109.66,9295.34,2.48,2.37,42.0,-0.398,19.35,20.74,02a60267o0844c
60268.480688,-19.341,3.457,-67,230,c,0,2.19,64.16321,40.04256,8641.13,5842.56,2.55,2.43,35.1,-0.396,19.42,21.17,02a60268o0522c
60268.483851,22.085,17.517,5,93,c,0,1.96,64.16321,40.04256,8617.26,5804.78,2.56,2.44,35.3,-0.396,19.35,21.05,02a60268o0529c
60268.489275,-15.513,0.003,-2264,6,c,0,218.73,64.16321,40.04256,8669.52,5883.96,2.56,2.48,42.4,-0.396,19.26,20.94,02a60268o0541c
60268.500133,19.242,4.91,73,358,c,0,1.46,64.16321,40.04256,8679.9,5764.68,2.55,2.48,21.1,-0.4,19.24,20.9,02a60268o0565c
60270.475557,0.0,0.0,0,0,o,0,-2.0,64.16321,40.04256,2543.07,1385.18,2.05,1.95,42.2,-0.467,19.21,20.05,02a60270o0600o
60270.484997,0.0,0.0,0,0,o,0,-2.0,64.16321,40.04256,2513.93,1345.14,2.09,1.9,39.4,-0.463,19.24,20.12,02a60270o0619o
60270.501649,-11.446,1.859,-95848,178198,o,0,0.0,64.16321,40.04256,2607.55,1465.7,2.11,1.96,43.5,-0.46,19.29,20.27,02a60270o0653o
60270.505031,0.0,0.0,0,0,o,0,-2.0,64.16321,40.04256,2579.17,1302.26,2.11,1.98,46.8,-0.458,19.3,20.31,02a60270o0659o
60272.469088,12.833,0.655,26717,17506,o,0,0.0,64.16321,40.04256,4595.9,1323.61,2.03,1.86,44.1,-0.466,18.96,19.54,02a60272o0607o
60272.472251,0.0,0.0,0,0,o,0,-2.0,64.16321,40.04256,4527.77,1239.06,1.93,1.85,39.1,-0.471,18.95,19.52,02a60272o0614o
60272.507991,-9.756,0.387,-454641,176132,o,0,0.0,64.16321,40.04256,4606.05,1356.43,2.11,1.84,44.0,-0.462,18.92,19.48,02a60272o0688o
60272.52174,0.0,0.0,0,0,o,0,-2.0,64.16321,40.04256,4572.56,1190.28,2.04,1.84,57.9,-0.465,18.94,19.47,02a60272o0717o
60273.374147,-16.529,44.353,-888,39379,o,0,0.0,64.16321,40.04256,6079.73,8865.25,2.28,2.19,82.9,-0.461,18.58,18.94,02a60273o0412o
60273.375954,-12.451,0.995,-37986,37801,o,0,0.0,64.16321,40.04256,6100.69,8905.74,2.29,2.22,-59.6,-0.462,18.61,18.95,02a60273o0416o
60273.437193,-13.648,0.806,-12613,10161,o,0,1.74,64.16321,40.04256,6027.51,8824.6,2.47,2.26,35.8,-0.442,18.59,19.03,02a60273o0461o
60273.44244,12.383,0.599,40442,24216,o,0,0.0,64.16321,40.04256,4688.24,1250.05,2.32,2.24,47.7,-0.454,18.48,18.93,02a60273o0471o
60278.189479,15.42,4.51,2466,11123,o,0,1.67,64.16321,40.04256,9420.68,2652.95,3.06,2.62,-24.1,-0.331,17.89,18.29,04a60278o0320o
60278.199489,-13.031,1.24,-22259,27611,o,0,0.0,64.16321,40.04256,9448.76,2683.08,3.01,2.65,-23.6,-0.333,17.82,18.26,04a60278o0341o
60278.202673,-13.502,1.051,-14422,15161,o,0,0.81,64.16321,40.04256,9396.54,2605.25,2.98,2.69,-23.2,-0.345,17.83,18.25,04a60278o0348o
60278.208172,-12.745,0.403,-28968,11686,o,0,0.75,64.16321,40.04256,9379.91,2718.24,2.98,2.68,-24.8,-0.317,17.76,18.06,04a60278o0360o
60281.438651,0.0,0.0,0,0,o,0,-2.0,64.16321,40.04256,807.26,5704.28,2.2,1.9,30.0,-0.439,19.29,20.23,02a60281o0549o
60281.445486,0.0,0.0,0,0,o,0,-2.0,64.16321,40.04256,781.38,5664.73,2.14,1.81,22.9,-0.448,19.33,20.22,02a60281o0563o
60281.448649,12.387,-0.0,40276,0,o,0,-0.0,64.16321,40.04256,882.3,5786.29,2.07,1.81,27.3,-0.446,19.37,20.24,02a60281o0570o
60281.46023,0.0,0.0,0,0,o,0,-2.0,64.16321,40.04256,844.63,5621.99,2.05,1.81,23.6,-0.455,19.32,20.23,02a60281o0595o
60282.411651,0.0,0.0,0,0,o,0,-2.0,64.16321,40.04256,2772.76,5565.4,2.2,1.79,27.8,-0.459,19.41,20.47,02a60282o0479o
60282.44712,0.0,0.0,0,0,o,0,-2.0,64.16321,40.04256,2713.18,5521.07,2.2,1.76,27.0,-0.468,19.32,20.22,02a60282o0555o
60282.451223,0.0,0.0,0,0,o,0,-2.0,64.16321,40.04256,2766.47,5596.65,2.19,1.77,26.1,-0.463,19.29,20.21,02a60282o0564o
60282.458035,0.0,0.0,0,0,o,0,-2.0,64.16321,40.04256,2779.6,5479.32,2.28,1.8,27.7,-0.459,19.33,20.18,02a60282o0579o
60283.404668,15.725,0.778,1861,1448,c,0,1.11,64.16321,40.04256,2832.83,5614.14,2.55,2.3,28.5,-0.409,19.53,21.21,02a60283o0482c
60283.408647,-15.641,0.735,-2013,1478,c,0,1.14,64.16321,40.04256,2809.68,5575.52,2.55,2.3,29.8,-0.408,19.52,21.2,02a60283o0490c
60283.414909,16.276,1.255,1121,1407,c,0,4.67,64.16321,40.04256,2860.3,5651.7,2.6,2.33,30.1,-0.41,19.5,21.19,02a60283o0503c
60283.424365,16.663,7.248,784,5686,o,0,2.37,64.16321,40.04256,2285.63,7343.4,2.61,2.51,72.3,-0.423,19.49,20.85,01a60283o0261o
60283.431254,16.129,0.521,1283,669,c,0,2.56,64.16321,40.04256,2858.11,5533.9,2.53,2.28,27.0,-0.412,19.51,21.12,02a60283o0536c
60283.43471,15.444,2.491,2413,6010,o,0,0.96,64.16321,40.04256,2303.63,7427.92,2.76,2.55,86.1,-0.42,19.44,20.78,01a60283o0282o
60283.438194,-17.189,7.881,-483,3809,o,0,0.98,64.16321,40.04256,2239.37,7364.03,2.89,2.76,69.7,-0.403,19.31,20.73,01a60283o0289o
60283.448126,-15.09,1.497,-3341,5002,o,0,1.12,64.16321,40.04256,2215.67,7524.52,2.72,2.59,-85.7,-0.416,19.38,20.66,01a60283o0310o
60284.41117,-14.516,0.001,-5668,7,c,0,1640.73,64.16321,40.04256,7069.47,9696.71,2.73,2.57,-51.3,-0.403,19.46,21.17,02a60284o0491c
60284.444997,-15.399,0.002,-2513,5,c,0,274.35,64.16321,40.04256,7007.47,9654.07,2.73,2.62,-69.3,-0.401,19.49,21.12,02a60284o0562c
60284.447907,-20.153,2.567,-32,81,c,0,3.76,64.16321,40.04256,7064.04,9735.14,2.75,2.61,-58.0,-0.402,19.48,21.13,02a60284o0568c
60284.453019,-14.661,0.001,-4960,6,c,0,1161.21,64.16321,40.04256,7076.39,9615.43,2.71,2.59,-58.3,-0.396,19.47,21.13,02a60284o0579c
60285.375118,-13.577,1.519,-13465,20457,o,0,0.0,64.16321,40.04256,3608.37,1402.04,2.71,2.5,74.7,-0.448,19.39,20.69,01a60285o0394o
60285.377125,-15.145,2.916,-3178,9268,o,0,0.0,64.16321,40.04256,3583.46,1355.77,2.66,2.56,84.8,-0.452,19.38,20.68,01a60285o0398o
60285.380543,-15.223,2.143,-2957,6337,o,0,0.0,64.16321,40.04256,3663.08,1418.46,2.62,2.41,74.0,-0.454,19.4,20.65,01a60285o0405o
60285.390972,0.0,0.0,0,0,o,0,-2.0,64.16321,40.04256,3646.76,1215.66,2.45,2.43,61.7,-0.463,19.43,20.62,01a60285o0425o
60285.408138,18.724,1.706,118,201,c,0,1.89,64.16321,40.04256,7009.8,9698.36,2.81,2.4,-52.7,-0.419,19.51,21.17,02a60285o0484c
60285.411302,-14.965,0.002,-3749,6,c,0,536.39,64.16321,40.04256,6990.31,9663.26,2.84,2.39,-54.4,-0.415,19.49,21.15,02a60285o0491c
60285.418135,15.062,0.001,3428,3,c,0,17316.44,64.16321,40.04256,7049.52,9743.06,2.83,2.41,-56.6,-0.418,19.5,21.14,02a60285o0505c
60285.4292,-14.828,0.002,-4253,7,c,0,638.13,64.16321,40.04256,7070.35,9627.13,2.75,2.39,-56.2,-0.422,19.54,21.18,02a60285o0528c
60286.408673,13.312,2.104,17187,36165,c,0,0.0,64.16321,40.04256,444.81,3920.22,2.39,2.15,-55.5,-0.422,19.58,21.16,02a60286o0473c
60286.411574,13.588,3.197,13330,42620,c,0,0.0,64.16321,40.04256,425.69,3881.98,2.41,2.16,-57.3,-0.418,19.55,21.17,02a60286o0479c
60286.417004,11.974,0.716,58966,42223,c,0,0.0,64.16321,40.04256,486.61,3956.63,2.31,2.15,-55.3,-0.425,19.61,21.19,02a60286o0491c
60286.421539,16.473,1.069,935,1000,c,0,1.53,64.16321,40.04256,10365.23,3975.72,2.75,2.18,-67.0,-0.451,19.62,21.19,02a60286o0501c
60286.45266,15.661,52.261,1976,103247,c,0,0.0,64.16321,40.04256,503.36,3833.02,2.46,2.14,-62.5,-0.42,19.53,21.1,02a60286o0567c
60286.455911,17.777,0.724,281,204,c,0,3.53,64.16321,40.04256,10345.41,3930.36,2.83,2.19,-64.7,-0.446,19.55,21.1,02a60286o0574c
60286.459121,18.429,1.027,154,158,c,0,3.31,64.16321,40.04256,10403.23,4010.87,2.84,2.19,-65.1,-0.448,19.56,21.09,02a60286o0581c
60286.466802,-16.619,0.054,-817,44,c,0,7.15,64.16321,40.04256,10423.26,3894.09,2.8,2.21,-64.9,-0.448,19.53,21.06,02a60286o0597c
60287.346758,14.772,0.065,4481,290,c,0,19.51,64.16321,40.04256,10217.73,6273.25,2.97,2.41,-62.1,-0.439,19.52,21.22,02a60287o0345c
60287.381038,16.876,0.043,645,28,c,0,19.67,64.16321,40.04256,10282.18,6314.27,2.93,2.5,-59.0,-0.431,19.54,21.28,02a60287o0413c
60287.381942,-15.501,0.313,-2289,717,c,0,0.8,64.16321,40.04256,322.13,6226.57,2.41,2.21,-59.3,-0.417,19.56,21.27,02a60287o0415c
60287.384225,13.638,0.084,12731,1071,c,0,11.52,64.16321,40.04256,10226.51,6240.15,2.97,2.45,-59.7,-0.437,19.54,21.28,02a60287o0420c
60287.385129,16.507,1.025,906,929,c,0,1.14,64.16321,40.04256,346.87,6267.44,2.43,2.22,-57.5,-0.41,19.53,21.27,02a60287o0422c
60287.390555,19.413,21.569,62,1344,c,0,0.84,64.16321,40.04256,294.7,6189.8,2.38,2.25,-52.5,-0.407,19.53,21.28,02a60287o0434c
60287.410519,12.574,1.192,33915,40411,c,0,0.0,64.16321,40.04256,510.31,3839.12,2.39,2.25,-52.5,-0.421,19.61,21.31,02a60287o0473c
60287.413486,15.476,0.258,2342,605,c,0,4.29,64.16321,40.04256,10429.68,3900.59,2.87,2.22,-63.0,-0.454,19.56,21.3,02a60287o0479c
60287.455494,12.057,0.372,54626,20333,o,0,0.0,64.16321,40.04256,8893.31,9898.25,2.84,2.51,-57.2,-0.429,18.84,19.85,01a60287o0303o
60287.458887,14.264,0.001,7154,4,o,0,32823.1,64.16321,40.04256,8877.85,10017.86,2.93,2.53,-55.9,-0.418,17.86,18.86,01a60287o0309o
60288.4084,-14.112,1.828,-8224,15036,o,0,0.0,64.16321,40.04256,7710.49,8981.58,2.74,2.67,-49.6,-0.428,19.45,20.77,01a60288o0388o
60288.411171,-14.549,4.476,-5499,24616,o,0,0.0,64.16321,40.04256,7732.91,9019.8,2.7,2.5,-65.0,-0.434,19.52,20.78,01a60288o0394o
60288.417497,-14.625,0.91,-5128,4665,o,0,0.99,64.16321,40.04256,7673.27,8941.87,2.96,2.76,-46.5,-0.408,19.39,20.78,01a60288o0406o
60288.428785,14.408,1.17,6262,7324,o,0,1.2,64.16321,40.04256,7660.51,9057.85,2.62,2.46,-55.8,-0.44,19.52,20.75,01a60288o0429o
60289.429429,0.0,0.0,0,0,o,0,-2.0,64.16321,40.04256,7679.33,8936.92,2.44,2.38,-38.4,-0.453,19.53,20.69,01a60289o0443o
60289.434759,12.925,0.946,24553,23224,o,0,0.0,64.16321,40.04256,7746.61,9019.6,2.57,2.34,-47.6,-0.459,19.5,20.67,01a60289o0454o
60289.438647,11.721,0.363,74428,27053,o,0,0.0,64.16321,40.04256,7686.79,8942.82,2.54,2.41,-51.1,-0.451,19.53,20.69,01a60289o0462o
60289.450319,-14.18,1.825,-7724,14093,o,0,0.0,64.16321,40.04256,7671.07,9059.49,2.65,2.47,49.5,-0.426,19.44,20.65,01a60289o0486o
60291.395986,15.138,0.443,3197,1415,c,0,1.71,64.16321,40.04256,6331.87,3576.21,3.09,3.06,46.5,-0.388,19.31,21.37,02a60291o0441c
60291.406096,-16.009,1.025,-1433,1468,c,0,1.16,64.16321,40.04256,6312.59,3536.73,3.05,2.97,36.5,-0.393,19.37,21.37,02a60291o0462c
60291.409271,15.14,0.493,3192,1574,c,0,1.41,64.16321,40.04256,6372.59,3615.7,2.92,2.88,53.1,-0.388,19.36,21.37,02a60291o0469c
60291.416691,-16.653,11.516,-792,9124,o,0,0.0,64.16321,40.04256,2853.43,4164.4,2.61,2.33,35.9,-0.421,19.59,21.03,01a60291o0399o
60291.43577,15.208,3.158,2997,9465,o,0,0.0,64.16321,40.04256,2879.33,4199.56,2.48,2.33,30.6,-0.436,19.56,21.01,01a60291o0435o
60291.437777,14.703,0.889,4771,4242,c,0,0.0,64.16321,40.04256,6391.62,3498.29,2.54,2.45,48.8,-0.396,19.49,21.33,02a60291o0530c
60291.441114,-15.349,3.236,-2632,8515,o,0,0.0,64.16321,40.04256,2827.43,4121.48,2.5,2.34,26.7,-0.438,19.59,21.02,01a60291o0446o
60291.444994,-14.282,1.226,-7032,8621,o,0,0.0,64.16321,40.04256,2811.66,4235.85,2.41,2.31,5.6,-0.449,19.49,21.04,01a60291o0454o
60292.416454,14.53,0.838,5596,4690,o,0,1.48,64.16321,40.04256,8887.48,8638.23,2.78,2.58,-54.3,-0.446,19.44,20.68,01a60292o0443o
60292.419447,-13.536,0.511,-13988,7150,o,0,0.0,64.16321,40.04256,8908.8,8677.1,2.81,2.55,-58.2,-0.442,19.43,20.69,01a60292o0449o
60292.460594,15.771,6.88,1784,12275,o,0,0.0,64.16321,40.04256,8858.29,8597.56,2.72,2.49,-58.8,-0.453,19.45,20.69,01a60292o0519o
60292.470325,-17.213,15.705,-473,7426,o,0,0.0,64.16321,40.04256,8838.79,8715.44,2.8,2.54,-59.0,-0.447,19.43,20.65,01a60292o0535o
60293.458191,-15.244,0.893,-2899,2590,o,0,0.92,64.16321,40.04256,2900.33,8973.24,2.87,2.76,-73.2,-0.406,19.25,20.55,01a60293o0568o
60293.461037,16.374,1.144,1024,1172,o,0,1.03,64.16321,40.04256,2922.07,9012.13,2.78,2.66,74.8,-0.398,19.29,20.54,01a60293o0574o
60293.468641,16.65,4.142,794,3291,o,0,0.81,64.16321,40.04256,2863.08,8932.6,2.8,2.68,89.4,-0.405,19.26,20.41,01a60293o0590o
60293.502756,-15.318,1.441,-2710,3906,o,0,1.09,64.16321,40.04256,2843.0,9047.21,2.86,2.72,-72.7,-0.407,19.16,20.3,01a60293o0661o
60294.383056,-17.369,0.11,-410,45,c,0,9.39,64.16321,40.04256,6777.74,7845.51,2.57,2.38,40.3,-0.413,19.57,21.3,02a60294o0390c
60294.38827,18.129,2.23,203,454,c,0,1.41,64.16321,40.04256,6761.39,7807.18,2.65,2.57,53.5,-0.408,19.45,21.3,02a60294o0399c
60294.391495,-18.906,0.16,-99,16,c,0,48.85,64.16321,40.04256,6818.49,7886.61,2.47,2.38,51.4,-0.423,19.59,21.29,02a60294o0405c
60294.411754,18.048,1.824,219,400,c,0,2.72,64.16321,40.04256,6835.82,7766.78,2.6,2.4,40.8,-0.413,19.57,21.29,02a60294o0441c
60295.401247,-16.08,0.003,-1342,4,c,0,739.38,64.16321,40.04256,6772.87,7840.32,2.65,2.57,39.6,-0.401,19.47,21.17,02a60295o0435c
60295.404427,-18.239,0.134,-184,25,c,0,4.16,64.16321,40.04256,6755.34,7800.99,2.85,2.82,41.8,-0.401,19.36,21.16,02a60295o0442c
60295.410336,-18.169,0.145,-196,28,c,0,4.06,64.16321,40.04256,6811.83,7880.12,2.77,2.69,35.5,-0.397,19.4,21.16,02a60295o0455c
60295.421251,-17.816,0.19,-271,52,c,0,1.54,64.16321,40.04256,6829.94,7762.83,2.66,2.57,43.3,-0.405,19.44,21.16,02a60295o0479c
60306.439139,-14.449,0.694,-6031,4188,o,0,2.06,64.16321,40.04256,8677.51,7792.15,2.17,2.04,45.8,-0.453,18.73,18.99,02a60306o0549o
60306.442315,-15.897,9.71,-1589,15433,o,0,0.0,64.16321,40.04256,8659.33,7752.14,2.2,2.08,45.0,-0.454,18.71,18.99,02a60306o0556o
60306.447746,13.936,0.297,9677,2877,o,0,1.18,64.16321,40.04256,8714.22,7831.37,2.16,2.05,44.5,-0.455,18.7,18.97,02a60306o0568o
60306.462139,14.051,1.732,8702,15074,o,0,0.0,64.16321,40.04256,8730.08,7714.69,2.18,2.08,48.9,-0.448,18.67,18.93,02a60306o0599o
60307.405695,-15.456,0.572,-2386,1366,o,0,2.0,64.16321,40.04256,8680.68,7792.52,2.14,1.98,37.2,-0.449,19.03,19.51,02a60307o0461o
60307.414988,-15.627,1.599,-2038,3258,o,0,10.65,64.16321,40.04256,8716.72,7832.38,2.13,1.98,54.2,-0.449,19.0,19.5,02a60307o0480o
60307.42799,13.941,1.386,9630,13347,o,0,0.0,64.16321,40.04256,8733.27,7717.54,2.15,2.05,50.1,-0.454,18.96,19.47,02a60307o0508o
60308.438042,0.0,0.0,0,0,o,0,-2.0,64.16321,40.04256,8997.16,6253.99,2.54,2.43,-44.3,-0.463,19.1,19.79,01a60308o0334o
60308.440935,21.101,439.253,13,5785,o,0,1.47,64.16321,40.04256,9062.57,6337.66,2.69,2.57,18.0,-0.43,19.02,19.79,01a60308o0340o
60308.452431,-12.699,0.63,-30221,19035,o,0,0.0,64.16321,40.04256,8999.87,6260.28,2.62,2.55,1.4,-0.435,19.0,19.77,01a60308o0364o
60308.458076,0.0,0.0,0,0,o,0,-2.0,64.16321,40.04256,8933.43,6333.51,2.57,2.54,19.0,-0.432,19.02,19.75,01a60308o0376o
60310.409849,12.487,2.734,36738,100458,o,0,0.0,64.16321,40.04256,8397.93,4003.41,1.94,1.91,50.1,-0.441,19.32,20.12,02a60310o0465o
60310.413018,13.238,0.54,18395,9930,o,0,0.0,64.16321,40.04256,8377.07,3963.22,1.99,1.94,43.6,-0.434,19.28,20.12,02a60310o0472o
60310.430129,13.587,0.965,13341,12876,o,0,0.0,64.16321,40.04256,8429.44,4039.64,1.95,1.9,64.4,-0.439,19.34,20.07,02a60310o0509o
60310.447372,12.603,0.42,33009,13874,o,0,0.0,64.16321,40.04256,8442.82,3924.52,1.98,1.94,53.1,-0.438,19.28,20.03,02a60310o0546o
60311.366916,16.729,2.202,739,1627,o,0,0.4,64.16321,40.04256,8392.21,4000.15,2.05,2.04,-76.2,-0.422,19.33,20.36,02a60311o0372o
60311.372375,0.0,0.0,0,0,o,0,-2.0,64.16321,40.04256,8325.55,3915.28,2.03,1.99,25.5,-0.43,19.34,20.33,02a60311o0383o
60311.375993,14.295,0.276,6951,1922,o,0,1.33,64.16321,40.04256,8429.06,4040.01,2.01,2.0,22.9,-0.432,19.34,20.3,02a60311o0391o
60311.39055,16.213,2.52,1188,2993,o,0,0.41,64.16321,40.04256,8449.37,3921.86,2.13,2.04,23.5,-0.425,19.24,20.19,02a60311o0423o
60312.357754,18.44,25.097,153,3832,o,0,1.51,64.16321,40.04256,2498.13,521.44,2.34,2.21,47.8,-0.472,19.53,20.77,01a60312o0356o
60312.360989,-18.147,9.087,-200,1819,o,0,0.82,64.16321,40.04256,2520.87,560.91,2.7,2.49,41.6,-0.448,19.44,20.75,01a60312o0363o
60312.366535,16.745,5.579,728,4062,o,0,2.61,64.16321,40.04256,2464.4,480.37,2.42,2.21,39.9,-0.461,19.52,20.77,01a60312o0375o
60312.378479,16.937,8.935,610,5448,o,0,1.43,64.16321,40.04256,2450.17,596.0,2.46,2.27,50.2,-0.454,19.51,20.77,01a60312o0399o
60313.366761,-13.521,0.179,-14181,2544,o,0,22.18,64.16321,40.04256,8907.25,9659.78,2.41,1.94,-57.2,-0.457,19.31,20.39,02a60313o0386o
60313.37008,-15.47,1.223,-2356,2882,o,0,0.36,64.16321,40.04256,8887.33,9619.95,2.36,1.94,-62.0,-0.45,19.33,20.45,02a60313o0393o
60313.375504,-15.111,0.856,-3277,2806,o,0,1.2,64.16321,40.04256,8945.32,9701.09,2.39,1.94,-61.6,-0.453,19.41,20.52,02a60313o0405o
60313.385883,-13.777,0.275,-11204,3087,o,0,5.51,64.16321,40.04256,8961.09,9581.18,2.3,1.96,-59.5,-0.464,19.21,20.3,02a60313o0427o
60315.356191,-13.468,0.024,-14892,363,o,0,281.07,64.16321,40.04256,4932.68,5659.81,2.34,1.9,32.1,-0.433,17.2,18.2,02a60315o0344o
60315.358974,-13.479,0.038,-14732,567,o,0,127.27,64.16321,40.04256,4914.53,5620.93,2.45,1.87,32.2,-0.441,16.16,17.16,02a60315o0350o
60315.365525,-13.489,0.028,-14608,412,o,0,233.64,64.16321,40.04256,4971.72,5698.1,2.35,1.86,32.7,-0.443,16.87,17.82,02a60315o0364o
60315.375678,-11.827,1.549,-67506,104573,o,0,0.0,64.16321,40.04256,4989.33,5584.04,2.34,1.8,35.4,-0.449,19.33,20.52,02a60315o0386o
60316.351642,-13.709,3.087,-11929,36823,o,0,0.0,64.16321,40.04256,6789.48,1160.16,2.44,2.39,30.8,-0.439,19.44,20.62,01a60316o0319o
60316.354488,-15.918,13.73,-1558,21394,o,0,0.0,64.16321,40.04256,6808.57,1198.97,2.3,2.22,29.5,-0.454,19.5,20.64,01a60316o0325o
60316.360031,-14.212,0.566,-7500,4247,o,0,3.1,64.16321,40.04256,6754.03,1120.21,2.5,2.4,31.4,-0.444,19.46,20.67,01a60316o0337o
60316.371104,12.41,0.296,39432,11668,o,0,0.19,64.16321,40.04256,6736.52,1237.68,2.66,2.61,40.4,-0.421,19.37,20.68,01a60316o0359o
60317.402046,-14.068,0.446,-8567,3817,o,0,0.48,64.16321,40.04256,3328.44,9558.9,2.09,1.94,-48.2,-0.445,19.4,20.46,02a60317o0335o
60317.404914,-14.956,1.103,-3781,4170,o,0,0.0,64.16321,40.04256,3310.82,9519.53,2.04,1.88,-41.7,-0.455,19.4,20.44,02a60317o0341o
60317.410521,0.0,0.0,0,0,o,0,-2.0,64.16321,40.04256,3319.21,9550.32,2.03,1.91,-42.0,-0.445,19.42,20.45,02a60317o0353o
60317.42505,15.373,1.194,2576,3077,o,0,1.03,64.16321,40.04256,3383.93,9478.55,2.31,2.18,-50.7,-0.439,19.29,20.47,02a60317o0383o
60324.349342,0.0,0.0,0,0,o,0,-2.0,64.16321,40.04256,9028.2,777.42,2.19,2.02,-44.1,-0.499,19.61,20.79,01a60324o0329o
60324.367705,-13.958,1.934,-9476,18323,o,0,0.0,64.16321,40.04256,9097.02,860.37,2.25,2.12,-41.5,-0.488,19.55,20.79,01a60324o0367o
60324.373079,-13.907,1.2,-9934,11920,o,0,0.0,64.16321,40.04256,9041.86,783.49,2.3,2.1,-49.0,-0.491,19.53,20.75,01a60324o0378o
60324.386393,-14.174,1.012,-7767,7858,o,0,0.0,64.16321,40.04256,9023.7,901.79,2.32,2.16,-51.2,-0.487,19.5,20.71,01a60324o0406o
60325.358663,13.446,1.677,15189,25480,o,0,0.0,64.16321,40.04256,1440.5,9705.9,2.3,1.92,-49.1,-0.492,19.41,20.66,02a60325o0357o
60325.362733,-13.89,0.686,-10096,6922,o,0,0.0,64.16321,40.04256,1422.13,9666.33,2.37,1.97,-48.4,-0.491,19.41,20.66,02a60325o0366o
60325.371343,-13.324,1.205,-16996,20474,o,0,0.0,64.16321,40.04256,1477.42,9744.15,2.53,2.13,-53.6,-0.483,19.31,20.66,02a60325o0384o
60325.381596,13.969,3.208,9380,30096,o,0,0.0,64.16321,40.04256,1499.51,9622.74,2.24,1.94,-47.9,-0.494,19.41,20.67,02a60325o0406o
60326.343283,-14.512,0.894,-5690,5088,o,0,1.19,64.16321,40.04256,5936.95,6726.41,2.6,2.37,35.6,-0.365,19.43,20.48,01a60326o0295o
60326.346549,-13.265,0.858,-17943,15397,o,0,3.96,64.16321,40.04256,5957.61,6764.4,2.64,2.39,35.2,-0.36,19.38,20.46,01a60326o0301o
60326.364276,-14.763,1.144,-4516,5168,o,0,0.48,64.16321,40.04256,5900.89,6685.75,2.68,2.38,36.5,-0.359,19.37,20.46,01a60326o0335o
60326.37393,-14.537,1.054,-5563,5863,o,0,1.65,64.16321,40.04256,5885.68,6801.13,2.79,2.52,43.4,-0.352,19.35,20.48,01a60326o0353o
60327.378484,10.378,1.353,256338,346946,o,0,0.0,64.16321,40.04256,4610.07,3828.61,2.24,1.86,28.9,-0.454,19.25,20.14,02a60327o0275o
60327.386018,0.0,0.0,0,0,o,0,-2.0,64.16321,40.04256,4544.23,3743.1,2.19,1.88,26.2,-0.455,19.25,20.12,02a60327o0291o
60327.401273,-13.273,0.364,-17816,6487,o,0,0.0,64.16321,40.04256,4649.29,3866.47,2.28,1.89,27.5,-0.449,19.2,20.05,02a60327o0324o
60327.413184,0.0,0.0,0,0,o,0,-2.0,64.16321,40.04256,4622.88,3704.43,2.27,1.92,27.7,-0.443,19.12,20.0,02a60327o0349o
60328.303756,-12.081,0.893,-53432,47714,o,0,0.0,64.16321,40.04256,9423.74,2672.77,2.41,2.33,-36.2,-0.441,19.13,19.79,01a60328o0182o
60328.306991,10.74,1.086,183635,199374,o,0,0.0,64.16321,40.04256,9442.26,2710.93,2.44,2.36,-28.2,-0.435,19.1,19.79,01a60328o0189o
60328.321393,0.0,0.0,0,0,o,0,-2.0,64.16321,40.04256,9344.15,2587.19,2.52,2.4,-37.5,-0.433,19.05,19.81,01a60328o0218o
60328.326932,0.0,0.0,0,0,o,0,-2.0,64.16321,40.04256,9326.22,2702.89,2.54,2.41,-25.3,-0.43,19.09,19.83,01a60328o0230o
60333.384321,0.0,0.0,0,0,o,0,-2.0,64.16321,40.04256,2954.51,5731.51,2.27,1.82,32.9,-0.441,18.5,18.78,02a60333o0400o
60333.387538,0.0,0.0,0,0,o,0,-2.0,64.16321,40.04256,2936.67,5692.87,2.29,1.84,32.0,-0.435,18.46,18.77,02a60333o0407o
60333.394343,0.0,0.0,0,0,o,0,-2.0,64.16321,40.04256,2994.57,5768.37,2.31,1.86,32.3,-0.436,18.41,18.73,02a60333o0422o
60333.405848,0.0,0.0,0,0,o,0,-2.0,64.16321,40.04256,3013.11,5652.01,2.3,1.88,30.7,-0.441,18.37,18.68,02a60333o0445o
60334.378494,-15.241,6.912,-2908,20098,o,0,0.0,64.16321,40.04256,7247.37,9883.4,2.27,2.08,-51.6,-0.452,18.5,18.81,02a60334o0392o
60334.381668,-14.28,0.718,-7047,5062,o,0,0.95,64.16321,40.04256,7226.66,9842.42,2.36,2.19,-49.8,-0.438,18.45,18.8,02a60334o0399o
60334.40245,15.324,2.162,2693,5824,o,0,1.25,64.16321,40.04256,7281.75,9920.25,2.26,2.18,-53.0,-0.436,18.39,18.73,02a60334o0444o
60334.408408,-14.341,0.791,-6662,5273,o,0,3.11,64.16321,40.04256,7299.67,9803.44,2.31,2.13,-45.1,-0.442,18.41,18.71,02a60334o0457o
60335.358552,13.406,1.024,15756,16128,o,0,0.0,64.16321,40.04256,7244.3,9878.25,2.13,1.95,-58.1,-0.461,18.78,19.13,02a60335o0321o
60335.363785,12.806,0.804,27388,22011,o,0,0.0,64.16321,40.04256,7222.41,9836.5,2.11,1.93,-61.6,-0.465,18.76,19.1,02a60335o0332o
60335.367526,0.0,0.0,0,0,o,0,-2.0,64.16321,40.04256,7234.55,9871.41,2.12,1.99,-63.5,-0.462,18.75,19.1,02a60335o0340o
60335.379365,13.317,0.667,17116,11421,o,0,0.0,64.16321,40.04256,7296.0,9800.9,2.1,2.04,-71.1,-0.461,18.72,19.07,02a60335o0365o
60337.364261,12.752,1.288,28788,37077,o,0,0.0,64.16321,40.04256,685.62,4080.74,2.1,1.91,21.9,-0.441,19.01,19.74,02a60337o0358o
60337.367445,13.224,1.781,18636,33191,o,0,0.0,64.16321,40.04256,664.8,4041.68,2.07,1.94,22.2,-0.442,19.06,19.73,02a60337o0365o
60337.38317,0.0,0.0,0,0,o,0,-2.0,64.16321,40.04256,677.54,4071.1,2.27,2.01,18.0,-0.441,18.89,19.66,02a60337o0399o
60337.390936,0.0,0.0,0,0,o,0,-2.0,64.16321,40.04256,697.56,3951.23,2.25,1.99,8.6,-0.437,18.89,19.62,02a60337o0416o
60338.35865,15.798,1.157,1742,2016,o,0,0.42,64.16321,40.04256,4915.75,7614.21,2.66,2.35,33.4,-0.445,18.9,19.83,02a60338o0347o
60338.361815,18.505,40.064,144,5763,o,0,0.0,64.16321,40.04256,4895.58,7575.05,2.66,2.37,30.1,-0.441,18.9,19.82,02a60338o0354o
60338.380668,15.961,0.705,1499,1056,o,0,0.96,64.16321,40.04256,4949.86,7651.28,3.13,2.6,3.3,-0.413,18.68,19.79,02a60338o0395o
60338.386098,-15.821,1.077,-1705,1837,o,0,0.89,64.16321,40.04256,4969.17,7535.09,2.96,2.58,6.4,-0.411,18.77,19.77,02a60338o0407o
60340.340816,-15.506,1.76,-2278,4009,o,0,1.57,64.16321,40.04256,4009.33,6824.29,2.47,2.34,45.9,-0.411,19.36,20.4,01a60340o0194o
60340.344049,-14.054,1.066,-8681,9258,o,0,0.0,64.16321,40.04256,4029.61,6863.19,2.44,2.35,49.3,-0.416,19.37,20.39,01a60340o0201o
60340.364163,-13.108,0.398,-20737,8253,o,0,0.0,64.16321,40.04256,3975.51,6780.73,2.5,2.32,46.0,-0.404,19.29,20.22,01a60340o0243o
60340.369304,-13.727,1.06,-11725,12424,o,0,0.0,64.16321,40.04256,3954.46,6896.89,2.42,2.3,44.7,-0.412,19.27,20.18,01a60340o0254o
60341.351477,-15.628,3.089,-2037,6291,c,0,0.1,64.16321,40.04256,6581.87,3755.8,2.57,2.47,55.3,-0.399,19.42,21.12,02a60341o0321c
60341.354339,13.487,0.569,14624,8315,c,0,1.05,64.16321,40.04256,6562.15,3716.32,2.5,2.36,47.5,-0.4,19.46,21.11,02a60341o0327c
60341.360406,-15.676,3.152,-1948,6141,c,0,1.15,64.16321,40.04256,6621.02,3794.12,2.48,2.38,51.5,-0.401,19.48,21.11,02a60341o0340c
60341.385224,13.291,0.378,17526,6633,c,0,0.0,64.16321,40.04256,6637.87,3677.11,2.5,2.35,52.8,-0.398,19.45,21.09,02a60341o0393c
60343.32048,-16.541,1.082,-878,950,c,0,1.62,64.16321,40.04256,8818.46,1360.68,2.72,2.3,-59.7,-0.427,19.45,21.14,02a60343o0229c
60343.325645,17.804,8.46,274,2321,c,0,2.02,64.16321,40.04256,8798.0,1320.96,2.63,2.28,-60.8,-0.428,19.46,21.12,02a60343o0240c
60343.329686,17.259,5.543,453,2513,c,0,0.67,64.16321,40.04256,8857.92,1404.39,2.76,2.25,-59.3,-0.429,19.48,21.1,02a60343o0248c
60343.345809,16.992,3.215,580,1864,c,0,2.2,64.16321,40.04256,8877.87,1290.28,2.72,2.32,-56.6,-0.428,19.41,21.05,02a60343o0282c
60344.342308,-13.188,0.65,-19275,12535,o,0,0.0,64.16321,40.04256,3538.46,2558.81,2.52,2.32,39.9,-0.437,19.43,20.51,01a60344o0300o
60344.346127,-15.098,1.928,-3318,6399,o,0,0.74,64.16321,40.04256,3555.82,2596.56,2.52,2.35,33.8,-0.442,19.41,20.53,01a60344o0308o
60344.352051,13.823,0.684,10740,7348,o,0,0.49,64.16321,40.04256,3501.85,2517.26,2.43,2.24,30.7,-0.448,19.47,20.53,01a60344o0320o
60344.367327,16.998,7.473,576,4308,o,0,1.76,64.16321,40.04256,3485.98,2632.41,2.58,2.41,37.8,-0.432,19.43,20.61,01a60344o0352o
60345.333392,-15.768,0.003,-1790,5,c,0,1581.22,64.16321,40.04256,7014.24,8020.21,2.73,2.65,49.4,-0.402,19.36,21.01,02a60345o0282c
60345.337073,-16.846,0.006,-663,4,c,0,1744.63,64.16321,40.04256,6996.54,7981.32,2.76,2.67,46.7,-0.408,19.37,21.0,02a60345o0290c
60345.343045,-14.694,0.002,-4811,8,c,0,4072.99,64.16321,40.04256,7051.37,8060.75,2.65,2.54,45.0,-0.406,19.41,21.02,02a60345o0303c
60345.353383,-19.959,0.568,-38,21,c,0,6.21,64.16321,40.04256,7071.44,7944.14,2.6,2.51,41.6,-0.406,19.44,21.03,02a60345o0325c
60346.418317,14.015,0.001,8991,6,c,0,13554.82,64.16321,40.04256,5358.68,9947.0,3.22,3.03,-46.5,-0.387,19.09,20.78,02a60346o0454c
60346.427695,-16.095,0.004,-1325,5,c,0,2214.44,64.16321,40.04256,5335.3,9914.21,2.78,2.57,-44.3,-0.389,19.17,20.75,02a60346o0472c
60346.438868,13.981,0.002,9277,23,c,0,7704.5,64.16321,40.04256,5389.26,9988.14,2.95,2.74,-40.1,-0.387,19.08,20.7,02a60346o0493c
60346.443264,13.828,0.001,10687,16,c,0,7008.0,64.16321,40.04256,5409.69,9867.67,2.96,2.83,-40.0,-0.399,19.07,20.67,02a60346o0500c
60347.294365,14.576,0.001,5364,3,c,0,13731.41,64.16321,40.04256,5365.86,9947.71,2.83,2.54,-54.2,-0.405,19.35,20.97,02a60347o0182c
60347.297546,19.937,0.496,38,19,c,0,10.05,64.16321,40.04256,5346.31,9907.83,2.76,2.47,-52.8,-0.407,19.38,20.95,02a60347o0189c
60347.304584,-15.165,0.002,-3119,5,c,0,3563.33,64.16321,40.04256,5402.3,9986.59,2.68,2.44,-53.3,-0.412,19.41,20.96,02a60347o0204c
60347.317434,-14.434,0.001,-6117,8,c,0,1036.84,64.16321,40.04256,5422.77,9869.67,2.64,2.43,-50.8,-0.41,19.42,20.93,02a60347o0231c
60349.32831,17.483,0.988,369,364,c,0,1.04,64.16321,40.04256,6928.73,6081.22,2.66,2.37,36.1,-0.4,19.43,20.97,02a60349o0267c
60349.33152,16.589,0.769,840,646,c,0,1.35,64.16321,40.04256,6909.07,6041.79,2.59,2.32,32.8,-0.402,19.47,20.95,02a60349o0274c
60349.341559,16.212,0.529,1189,629,c,0,2.75,64.16321,40.04256,6964.4,6120.04,2.65,2.41,36.5,-0.397,19.4,20.92,02a60349o0295c
60349.352092,16.254,0.612,1144,700,c,0,1.31,64.16321,40.04256,6982.62,6004.61,2.57,2.32,32.2,-0.399,19.42,20.9,02a60349o0317c
60351.300746,-11.589,0.44,-84041,36944,c,0,0.0,64.16321,40.04256,803.02,1737.08,2.47,2.24,-65.7,-0.43,19.47,20.96,02a60351o0195c
60351.304379,-13.212,1.485,-18837,27972,c,0,0.0,64.16321,40.04256,783.02,1698.03,2.46,2.23,-67.3,-0.436,19.46,20.94,02a60351o0203c
60351.311913,12.852,0.796,26245,20880,c,0,0.0,64.16321,40.04256,843.36,1773.4,2.45,2.27,-71.7,-0.427,19.46,20.91,02a60351o0219c
60351.327696,-14.431,7.215,-6132,44242,c,0,0.0,64.16321,40.04256,863.65,1654.56,2.47,2.24,-73.5,-0.433,19.44,20.85,02a60351o0252c
60353.27029,18.34,1.9,168,318,c,0,3.24,64.16321,40.04256,3018.08,7717.21,2.67,2.38,-63.9,-0.386,19.37,20.98,02a60353o0136c
60353.275946,19.941,4.516,38,173,c,0,2.92,64.16321,40.04256,2999.57,7678.83,2.97,2.47,-67.2,-0.37,19.32,20.98,02a60353o0147c
60353.279111,16.984,1.015,584,593,c,0,2.6,64.16321,40.04256,3055.0,7752.97,2.6,2.41,-34.6,-0.389,19.34,20.98,02a60353o0154c
60353.288958,16.665,3.859,784,3024,c,0,0.82,64.16321,40.04256,3074.83,7638.4,2.63,2.43,-75.2,-0.388,19.36,20.97,02a60353o0175c
60355.295043,0.0,0.0,0,0,o,0,-2.0,64.16321,40.04256,6768.81,1374.36,2.18,1.95,-64.5,-0.445,19.24,20.23,02a60355o0189o
60355.30045,-14.347,1.402,-6628,9291,o,0,0.0,64.16321,40.04256,6794.23,1383.15,2.22,1.99,-42.8,-0.438,19.2,20.18,02a60355o0200o
60355.303644,12.872,0.348,25780,8975,o,0,0.0,64.16321,40.04256,6854.2,1462.26,2.04,1.87,-58.2,-0.449,19.25,20.18,02a60355o0207o
60355.32499,13.013,0.561,22642,12694,o,0,0.0,64.16321,40.04256,6873.47,1338.71,2.05,1.83,-59.9,-0.453,19.3,20.21,02a60355o0251o
60359.31126,0.0,0.0,0,0,o,0,-2.0,64.16321,40.04256,2604.26,3891.36,2.13,1.81,33.1,-0.468,18.64,18.97,02a60359o0198o
60359.31402,0.0,0.0,0,0,o,0,-2.0,64.16321,40.04256,2584.2,3852.12,2.21,1.85,34.2,-0.463,18.62,18.96,02a60359o0204o
60359.336857,0.0,0.0,0,0,o,0,-2.0,64.16321,40.04256,2642.9,3929.51,2.28,1.86,33.9,-0.462,18.57,18.87,02a60359o0251o
60359.35206,0.0,0.0,0,0,o,0,-2.0,64.16321,40.04256,2662.65,3811.02,2.25,1.83,35.6,-0.465,18.51,18.8,02a60359o0283o
60361.331265,13.42,0.394,15563,6129,o,0,0.0,64.16321,40.04256,8634.57,4185.93,2.04,1.99,14.1,-0.437,18.7,19.07,02a60361o0264o
60361.335337,-12.143,0.652,-50449,32897,o,0,0.0,64.16321,40.04256,8613.82,4144.81,2.07,1.98,31.1,-0.426,18.68,19.05,02a60361o0273o
60361.348692,13.619,1.007,12955,13041,o,0,0.0,64.16321,40.04256,8669.97,4223.33,2.07,1.99,-43.0,-0.443,18.63,18.99,02a60361o0302o
60361.354125,0.0,0.0,0,0,o,0,-2.0,64.16321,40.04256,8644.62,4062.59,2.04,2.01,-26.1,-0.429,18.61,18.97,02a60361o0314o
60362.305746,-15.719,1.305,-1872,2443,o,0,1.25,64.16321,40.04256,9143.18,9843.51,2.38,1.99,-55.0,-0.469,18.75,19.11,02a60362o0208o
60362.308927,-13.971,0.387,-9371,3628,o,0,1.18,64.16321,40.04256,9123.36,9805.62,2.53,1.96,-52.3,-0.459,18.76,19.1,02a60362o0215o
60362.33007,-14.562,0.487,-5437,2650,o,0,2.03,64.16321,40.04256,9176.6,9884.97,2.44,1.95,-51.8,-0.455,18.77,19.01,02a60362o0261o
60362.335988,-13.865,0.168,-10327,1731,o,0,2.76,64.16321,40.04256,9193.8,9766.49,2.45,1.97,-52.8,-0.469,18.7,18.99,02a60362o0274o
60363.296316,-14.336,0.357,-6695,2391,o,0,2.84,64.16321,40.04256,9137.21,9842.37,2.57,1.93,-56.7,-0.466,18.77,19.1,02a60363o0179o
60363.300053,-15.65,0.89,-1995,1775,o,0,0.76,64.16321,40.04256,9116.75,9802.35,2.47,1.98,-54.7,-0.457,18.73,19.06,02a60363o0187o
60363.305558,-14.478,0.171,-5873,1004,o,0,7.23,64.16321,40.04256,9176.68,9882.06,2.68,2.03,-55.1,-0.463,18.71,19.08,02a60363o0199o
60363.321435,-15.079,0.279,-3377,942,o,0,12.72,64.16321,40.04256,9189.67,9766.56,2.45,2.0,-52.8,-0.463,18.65,19.0,02a60363o0233o
60365.294758,-13.614,0.101,-13016,1309,o,0,29.91,64.16321,40.04256,4931.59,5667.67,2.33,1.89,33.4,-0.429,15.68,15.61,02a60365o0180o
60367.251788,13.046,0.496,21959,10889,o,0,1.09,64.16321,40.04256,3333.01,9558.11,2.5,2.32,-54.6,-0.43,19.16,20.33,02a60367o0045o
60367.258625,-15.61,0.828,-2070,1714,o,0,3.47,64.16321,40.04256,3311.57,9518.52,2.37,2.13,-50.0,-0.433,19.23,20.34,02a60367o0057o
60367.275855,14.558,0.729,5453,3977,o,0,1.21,64.16321,40.04256,3362.92,9594.6,2.41,2.06,-48.3,-0.437,19.08,20.01,02a60367o0094o
60367.279597,13.364,0.704,16382,11534,o,0,0.0,64.16321,40.04256,3384.84,9478.98,2.4,2.12,-49.4,-0.432,19.02,19.9,02a60367o0102o
60368.309259,15.027,1.523,3542,5394,o,0,1.28,64.16321,40.04256,1721.49,4543.31,2.5,2.25,37.4,-0.419,19.23,20.1,01a60368o0212o
60368.31328,14.425,1.404,6164,8654,o,0,0.35,64.16321,40.04256,1740.18,4580.42,2.34,2.18,29.0,-0.441,19.23,20.01,01a60368o0220o
60368.31975,13.518,0.661,14218,9393,o,0,0.0,64.16321,40.04256,1684.66,4501.72,2.51,2.32,32.6,-0.432,19.09,19.9,01a60368o0234o
60368.330569,13.023,0.293,22419,6574,o,0,0.95,64.16321,40.04256,1666.38,4615.56,2.4,2.28,38.0,-0.438,19.03,19.77,01a60368o0257o
60371.255815,0.0,0.0,0,0,o,0,-2.0,64.16321,40.04256,2769.91,1562.35,2.17,2.03,45.7,-0.46,19.22,20.3,02a60371o0095o
60371.259091,0.0,0.0,0,0,o,0,-2.0,64.16321,40.04256,2749.51,1521.55,2.13,2.01,-48.5,-0.467,19.24,20.32,02a60371o0102o
60371.265282,0.0,0.0,0,0,o,0,-2.0,64.16321,40.04256,2808.99,1599.18,1.98,1.91,-51.6,-0.47,19.34,20.33,02a60371o0115o
60371.287312,0.0,0.0,0,0,o,0,-2.0,64.16321,40.04256,2826.2,1482.93,2.08,1.96,51.2,-0.462,19.2,20.27,02a60371o0161o
60375.310568,11.864,0.004,65234,242,o,0,70564.91,64.16321,40.04256,1429.56,9699.05,2.54,2.4,-45.1,-0.44,18.7,19.88,02a60375o0213o
60375.334235,8.21,0.001,1888213,2410,o,0,27070.67,64.16321,40.04256,1405.16,9660.64,2.92,2.73,-42.5,-0.429,18.59,19.83,02a60375o0264o
60375.34856,12.641,0.101,31882,3219,o,0,65.69,64.16321,40.04256,1459.49,9736.41,3.0,2.76,-55.6,-0.413,18.78,19.99,02a60375o0294o
60375.351761,-15.318,0.944,-2708,2555,o,0,0.76,64.16321,40.04256,1480.9,9619.68,2.81,2.71,-47.8,-0.417,18.76,20.01,02a60375o0300o
60385.259799,-14.181,0.525,-7716,4048,o,0,1.52,64.16321,40.04256,3288.89,684.11,2.63,2.48,48.5,-0.441,18.69,19.16,01a60385o0099o
60385.26376,-15.188,1.352,-3053,4129,o,0,2.08,64.16321,40.04256,3310.56,722.95,2.61,2.43,45.2,-0.435,18.73,19.14,01a60385o0107o
60385.269022,13.633,0.724,12794,9268,o,0,0.72,64.16321,40.04256,3254.73,643.78,2.66,2.55,42.9,-0.424,18.64,19.13,01a60385o0118o
60385.28106,15.271,1.342,2828,3794,o,0,1.03,64.16321,40.04256,3240.72,759.84,2.6,2.45,40.3,-0.435,18.7,19.11,01a60385o0143o
60386.289619,-10.847,0.521,-166369,86663,o,0,0.0,64.16321,40.04256,9896.9,6437.69,2.43,2.33,-58.7,-0.463,18.92,19.43,01a60386o0162o
60386.292853,-12.649,0.542,-31649,17163,o,0,0.0,64.16321,40.04256,9917.22,6476.59,2.4,2.39,56.9,-0.453,18.88,19.42,01a60386o0169o
60386.314003,0.0,0.0,0,0,o,0,-2.0,64.16321,40.04256,9806.48,6363.29,2.36,2.32,35.7,-0.462,18.85,19.32,01a60386o0213o
60386.330031,-11.643,0.88,-79913,70289,o,0,0.0,64.16321,40.04256,9826.75,6529.44,2.43,2.33,33.8,-0.453,18.74,19.2,01a60386o0246o
60387.292788,0.0,0.0,0,0,o,0,-2.0,64.16321,40.04256,640.36,4039.56,2.06,2.03,31.4,-0.435,18.66,19.14,02a60387o0148o
60387.296616,0.0,0.0,0,0,o,0,-2.0,64.16321,40.04256,619.81,4001.1,2.09,1.99,34.8,-0.436,18.7,19.14,02a60387o0156o
60387.302062,0.0,0.0,0,0,o,0,-2.0,64.16321,40.04256,680.46,4075.35,2.03,1.94,-59.7,-0.449,18.68,19.11,02a60387o0168o
60387.323107,0.0,0.0,0,0,o,0,-2.0,64.16321,40.04256,696.59,3957.37,2.06,1.98,26.0,-0.442,18.57,18.97,02a60387o0213o
60388.269054,-13.079,0.522,-21301,11109,o,0,0.73,64.16321,40.04256,5644.63,2937.64,2.54,2.33,39.0,-0.415,18.94,19.46,01a60388o0100o
60388.272286,14.413,3.499,6235,21814,o,0,0.0,64.16321,40.04256,5667.2,2976.93,2.56,2.32,37.4,-0.409,18.93,19.44,01a60388o0107o
60388.27846,13.217,0.417,18765,7824,o,0,1.81,64.16321,40.04256,5610.35,2899.4,2.61,2.34,35.5,-0.405,18.91,19.4,01a60388o0120o
60388.28899,-13.419,0.554,-15572,8625,o,0,2.05,64.16321,40.04256,5590.57,3016.65,2.63,2.33,36.8,-0.404,18.89,19.38,01a60388o0142o
60389.24073,-14.503,0.427,-5737,2449,o,0,3.0,64.16321,40.04256,4921.45,7617.46,2.49,2.31,28.9,-0.488,15.52,15.78,02a60389o0037o
60389.243911,-13.137,0.022,-20197,452,o,0,317.59,64.16321,40.04256,4900.52,7578.08,2.51,2.41,41.0,-0.467,16.35,16.44,02a60389o0044o
60389.250303,-13.917,0.001,-9844,14,o,0,17563.1,64.16321,40.04256,4957.3,7654.21,2.78,2.64,-61.4,-0.443,17.01,17.5,02a60389o0058o
60389.270961,-13.591,0.89,-13287,11823,o,0,1.58,64.16321,40.04256,4972.68,7536.96,2.27,2.15,33.7,-0.462,17.99,18.48,02a60389o0103o
60391.28309,14.395,3.007,6338,19059,o,0,0.0,64.16321,40.04256,6566.43,3755.73,2.61,2.55,56.1,-0.444,18.35,18.92,02a60391o0123o
60391.286966,-15.209,1.774,-2995,5314,o,0,0.83,64.16321,40.04256,6545.65,3715.05,2.71,2.64,48.9,-0.426,18.29,18.91,02a60391o0131o
60391.300091,-14.513,1.815,-5688,10324,o,0,0.0,64.16321,40.04256,6598.51,3796.09,2.42,2.26,32.0,-0.403,18.36,18.81,02a60391o0157o
60391.306715,13.966,2.082,9411,19592,o,0,0.0,64.16321,40.04256,6619.96,3676.61,2.32,2.31,10.8,-0.383,18.35,18.77,02a60391o0171o
60393.273264,-13.756,0.648,-11415,7396,o,0,4.33,64.16321,40.04256,1786.46,9208.18,3.18,3.03,71.7,-0.364,13.09,12.82,01a60393o0124o
60393.277276,-12.91,0.372,-24878,9262,o,0,2.41,64.16321,40.04256,1807.45,9247.27,3.42,3.27,77.7,-0.352,12.73,12.44,01a60393o0132o
60393.283687,-13.176,0.28,-19472,5450,o,0,3.29,64.16321,40.04256,1746.38,9167.34,3.37,3.22,85.6,-0.462,13.39,13.14,01a60393o0145o
60393.294147,-12.841,0.088,-26511,2326,o,0,7.86,64.16321,40.04256,1725.3,9282.82,3.36,3.23,-73.9,-0.383,14.1,13.91,01a60393o0166o
60394.233714,15.255,2.628,2871,7546,o,0,0.58,64.16321,40.04256,7016.97,8030.63,2.8,2.52,42.6,-0.424,18.26,18.58,02a60394o0028o
60394.237331,12.778,0.081,28110,2282,o,0,215.37,64.16321,40.04256,6998.75,7991.73,3.51,3.41,61.8,-0.446,17.84,18.66,02a60394o0036o
60394.242751,-10.503,0.002,-228397,358,o,0,19981.18,64.16321,40.04256,7053.23,8069.97,3.38,3.33,61.9,-0.398,17.97,18.69,02a60394o0048o
60394.254147,14.353,0.668,6588,4402,o,0,1.63,64.16321,40.04256,7074.91,7952.0,2.89,2.82,54.4,-0.417,18.14,18.69,02a60394o0073o
60399.248055,-16.692,16.475,-764,12587,o,0,0.0,64.16321,40.04256,6917.29,6079.04,2.15,1.97,35.7,-0.441,19.13,19.91,02a60399o0064o
60399.260736,0.0,0.0,0,0,o,0,-2.0,64.16321,40.04256,6849.8,5993.5,2.11,1.99,36.0,-0.438,19.12,19.87,02a60399o0091o
60399.268171,13.229,2.111,18559,39178,o,0,0.0,64.16321,40.04256,6953.04,6118.99,2.07,1.93,35.2,-0.452,19.14,19.85,02a60399o0107o
60399.281077,13.89,0.997,10089,10064,o,0,0.0,64.16321,40.04256,6972.08,5998.93,2.05,1.91,34.9,-0.445,19.11,19.8,02a60399o0134o
60401.241825,-13.151,0.344,-19926,6850,o,0,0.0,64.16321,40.04256,9796.04,8780.85,2.75,2.51,-60.0,-0.472,19.0,19.92,01a60401o0054o
60401.245641,0.0,0.0,0,0,o,0,-2.0,64.16321,40.04256,9770.98,8774.73,2.52,2.28,-64.5,-0.489,19.12,19.94,01a60401o0062o
60401.254778,-13.98,11.291,-9291,104908,o,0,0.0,64.16321,40.04256,9751.55,8745.69,2.46,2.17,-60.9,-0.496,19.13,19.88,01a60401o0081o
60401.265479,-7.027,1995996.469,-5613089,11203706038535,o,0,0.0,64.16321,40.04256,9731.8,8865.62,2.48,2.31,-75.9,-0.483,19.06,19.87,01a60401o0103o
60402.233076,11.554,0.003,86788,225,o,0,26242.09,64.16321,40.04256,7564.74,4757.38,2.99,2.82,-10.8,-0.355,19.51,19.67,01a60402o0025o
60402.245703,11.501,0.003,91115,249,o,0,31014.45,64.16321,40.04256,7585.74,4797.11,2.99,2.72,38.7,-0.364,19.62,19.89,01a60402o0034o
60402.259588,15.572,0.122,2144,261,o,0,1.9,64.16321,40.04256,7529.12,4722.04,2.78,2.58,36.5,-0.382,19.69,19.82,01a60402o0044o
60405.231467,-13.55,0.023,-13798,324,o,0,4536.3,64.16321,40.04256,7567.29,4759.01,3.84,3.8,10.8,-0.313,18.79,19.08,01a60405o0004o
60405.243968,14.956,0.089,3782,336,o,0,15954.88,64.16321,40.04256,7587.98,4798.73,2.63,2.47,45.7,-0.387,19.81,20.01,01a60405o0013o
60405.256467,14.632,0.046,5094,235,o,0,50.17,64.16321,40.04256,7530.38,4723.01,2.67,2.46,40.9,-0.379,19.84,20.08,01a60405o0022o
60408.228854,-13.177,0.079,-19457,1530,o,0,22.97,64.16321,40.04256,3295.71,684.73,3.08,3.03,-7.4,-0.422,14.6,14.42,01a60408o0026o
60408.247075,-13.883,0.43,-10156,4370,o,0,5.82,64.16321,40.04256,3319.52,723.74,2.57,2.42,44.5,-0.443,14.58,14.84,01a60408o0039o
60408.261112,-15.52,5.239,-2249,11783,o,0,1.8,64.16321,40.04256,3263.99,643.38,2.49,2.31,48.1,-0.46,18.82,18.9,01a60408o0049o
60411.229526,-13.139,0.339,-20162,6845,o,0,2.32,64.16321,40.04256,3298.11,682.96,2.73,2.54,-12.8,-0.408,12.69,12.36,01a60411o0026o
60411.247761,-13.564,0.062,-13629,842,o,0,78.53,64.16321,40.04256,3321.04,722.96,2.48,2.28,44.4,-0.446,16.45,16.56,01a60411o0039o
60411.261808,-14.324,2.221,-6768,15034,o,0,0.42,64.16321,40.04256,3265.0,642.74,2.39,2.27,36.4,-0.465,19.52,19.56,01a60411o0049o
60517.602227,17.088,13.187,531,6999,o,0,0.0,64.16321,40.04256,3385.55,9544.83,2.87,2.64,65.9,-0.378,18.94,19.77,01a60517o0754o
60517.619346,-13.585,0.403,-13371,5388,o,0,2.26,64.16321,40.04256,3371.64,9506.94,2.82,2.46,64.7,-0.382,18.7,19.21,01a60517o0789o
60517.623008,14.62,1.166,5151,6008,o,0,1.25,64.16321,40.04256,3426.6,9584.91,2.92,2.57,63.2,-0.381,18.24,18.52,01a60517o0796o
60517.627349,14.411,5.401,6244,33725,o,0,0.31,64.16321,40.04256,3445.55,9466.2,2.91,2.56,63.7,-0.391,17.52,17.41,01a60517o0805o
60521.529651,13.78,0.792,11172,8846,o,0,0.0,64.16321,40.04256,2908.39,1592.65,2.47,2.32,30.9,-0.485,17.81,18.76,01a60521o0583o
60521.532435,14.551,4.964,5491,27255,o,0,1.77,64.16321,40.04256,2886.24,1546.07,2.67,2.35,35.0,-0.446,17.8,18.83,01a60521o0589o
60521.557112,-15.223,2.01,-2957,5944,o,0,4.99,64.16321,40.04256,2958.58,1634.26,2.93,2.56,42.2,-0.409,18.88,19.89,01a60521o0640o
60521.570782,0.0,0.0,0,0,o,0,-2.0,64.16321,40.04256,2925.74,1462.76,2.64,2.38,44.0,-0.441,19.04,19.99,01a60521o0668o
60523.593074,-12.567,0.254,-34134,8665,o,0,1.01,64.16321,40.04256,5733.6,9055.04,2.16,2.02,32.6,-0.443,19.41,20.62,02a60523o0754o
60523.597176,14.892,3.915,4010,15702,o,0,0.0,64.16321,40.04256,5757.05,9093.89,2.3,2.02,37.6,-0.431,19.41,20.63,02a60523o0763o
60523.621097,-15.051,3.257,-3464,11282,o,0,0.45,64.16321,40.04256,5708.49,9020.79,2.37,2.0,39.8,-0.419,19.02,19.77,02a60523o0811o
60525.599929,10.805,0.87,172956,150442,o,0,0.0,64.16321,40.04256,9109.7,854.17,2.23,1.61,-58.0,-0.526,19.4,20.59,02a60525o0769o
60525.616434,0.0,0.0,0,0,o,0,-2.0,64.16321,40.04256,9086.29,849.4,2.04,1.55,-60.3,-0.552,19.39,20.44,02a60525o0804o
60525.628126,0.0,0.0,0,0,o,0,-2.0,64.16321,40.04256,9036.86,773.96,2.05,1.53,-64.0,-0.59,18.31,18.48,02a60525o0827o
60525.630617,0.0,0.0,0,0,o,0,-2.0,64.16321,40.04256,9016.37,891.46,2.03,1.53,-61.2,-0.632,17.78,17.78,02a60525o0832o
60527.60019,14.748,1.155,4578,5286,o,0,1.89,64.16321,40.04256,5931.34,6728.61,2.63,2.14,36.3,-0.423,18.97,20.27,02a60527o0776o
60527.605661,-13.571,0.445,-13538,6022,o,0,0.7,64.16321,40.04256,5962.31,6767.22,2.5,2.06,35.3,-0.428,19.04,20.24,02a60527o0788o
60527.621981,12.963,0.442,23706,10479,o,0,0.0,64.16321,40.04256,5907.75,6689.02,2.6,2.03,34.6,-0.421,19.07,19.96,02a60527o0822o
60527.626182,12.4,0.811,39798,32275,o,0,0.0,64.16321,40.04256,5889.19,6804.63,2.55,1.96,38.0,-0.418,18.67,19.14,02a60527o0831o
60529.59771,-14.072,1.223,-8537,10440,o,0,0.0,64.16321,40.04256,1160.26,7831.94,2.98,2.79,65.0,-0.412,19.33,20.82,01a60529o0751o
60529.61517,14.751,1.927,4565,8796,o,0,0.0,64.16321,40.04256,1136.4,7795.71,3.01,2.78,59.2,-0.412,19.29,20.72,01a60529o0786o
60529.624357,-15.729,2.326,-1855,4315,o,0,1.22,64.16321,40.04256,1188.31,7873.07,3.21,2.91,58.8,-0.4,18.76,19.73,01a60529o0804o
60529.63219,-12.442,0.677,-38295,25918,o,0,0.0,64.16321,40.04256,1204.56,7757.43,3.13,2.78,56.9,-0.401,17.53,17.52,01a60529o0820o
60531.594014,14.459,2.156,5976,12885,c,0,0.3,64.16321,40.04256,9489.59,4646.02,2.54,2.45,-53.5,-0.411,19.37,21.01,02a60531o0759c
60531.597632,-14.886,0.557,-4034,2248,c,0,1.48,64.16321,40.04256,9509.78,4684.81,2.58,2.45,-56.7,-0.407,19.26,20.86,02a60531o0767c
60531.616022,-13.504,0.858,-14403,12352,c,0,0.0,64.16321,40.04256,9462.5,4612.09,2.52,2.42,-63.0,-0.411,19.39,21.01,02a60531o0806c
60531.626564,13.672,0.786,12338,9702,c,0,1.99,64.16321,40.04256,9443.81,4728.06,2.53,2.47,-65.2,-0.401,19.12,20.3,02a60531o0829c
60533.597314,17.774,9.536,282,2691,o,0,1.53,64.16321,40.04256,3065.84,5756.14,3.21,3.0,62.0,-0.375,19.12,20.44,01a60533o0759o
60533.601013,14.763,0.501,4515,2263,o,0,0.73,64.16321,40.04256,3048.28,5720.59,3.45,2.98,49.0,-0.335,19.14,20.45,01a60533o0767o
60533.620531,-15.175,0.662,-3089,2045,o,0,0.61,64.16321,40.04256,3099.02,5801.33,3.22,2.82,43.8,-0.349,19.13,20.3,01a60533o0806o
60533.62483,18.467,22.176,149,3305,o,0,0.95,64.16321,40.04256,3114.96,5685.6,3.13,2.68,50.1,-0.355,18.93,19.84,01a60533o0815o
60534.601203,-15.375,0.54,-2570,1386,c,0,0.82,64.16321,40.04256,3306.81,691.6,2.35,2.17,-66.4,-0.441,19.47,21.07,02a60534o0734c
60534.606876,13.472,0.611,14831,9060,c,0,1.36,64.16321,40.04256,3330.15,731.34,2.36,2.2,-71.3,-0.442,19.48,21.08,02a60534o0744c
60534.628945,14.028,0.623,8887,5536,c,0,0.46,64.16321,40.04256,3284.53,654.8,2.33,2.19,-84.0,-0.445,19.05,20.12,02a60534o0791c
60534.63397,13.021,0.519,22475,11664,c,0,1.49,64.16321,40.04256,3268.53,772.63,2.37,2.23,-85.2,-0.446,18.28,19.05,02a60534o0801c
60537.529749,16.133,0.14,1279,179,c,0,10.64,64.16321,40.04256,9853.19,6470.57,2.82,2.58,-56.4,-0.411,19.3,20.8,02a60537o0640c
60537.532959,16.227,0.189,1172,221,c,0,5.38,64.16321,40.04256,9880.17,6510.86,2.87,2.65,-29.4,-0.407,19.25,20.83,02a60537o0647c
60537.550835,16.877,0.091,645,59,c,0,9.91,64.16321,40.04256,9829.96,6437.25,2.79,2.64,-51.0,-0.415,19.32,20.91,02a60537o0685c
60537.558512,14.948,0.848,3810,3231,c,0,1.53,64.16321,40.04256,9805.23,6552.35,2.72,2.53,-58.2,-0.416,19.39,20.94,02a60537o0699c
60537.597774,15.423,0.952,2459,2340,o,0,1.22,64.16321,40.04256,748.51,4061.41,3.33,3.12,61.2,-0.341,19.08,20.55,01a60537o0765o
60537.611788,-15.783,1.9,-1765,3354,o,0,1.52,64.16321,40.04256,718.81,4025.59,3.21,3.0,55.1,-0.337,19.19,20.55,01a60537o0794o
60537.618958,14.636,1.073,5075,5447,o,0,0.0,64.16321,40.04256,774.64,4105.72,2.9,2.6,51.0,-0.344,19.24,20.45,01a60537o0809o
60537.623031,15.188,2.385,3055,7286,o,0,0.0,64.16321,40.04256,791.94,3986.77,2.86,2.63,56.4,-0.347,19.13,20.27,01a60537o0817o
60539.579595,-14.914,1.33,-3929,5225,o,0,0.64,64.16321,40.04256,5640.96,2955.42,2.25,1.98,31.9,-0.445,19.25,20.27,02a60539o0740o
60539.582759,-13.688,0.474,-12159,5760,o,0,0.6,64.16321,40.04256,5661.75,2994.49,2.26,1.94,35.0,-0.447,19.32,20.4,02a60539o0747o
60539.602359,14.135,2.363,8052,19030,o,0,0.0,64.16321,40.04256,5611.12,2919.22,2.17,1.9,38.1,-0.46,19.45,20.56,02a60539o0789o
60539.6138,-13.405,0.979,-15774,15446,o,0,0.0,64.16321,40.04256,5602.36,3039.23,2.18,1.91,41.6,-0.452,19.4,20.53,02a60539o0813o
60541.599887,-12.562,0.244,-34287,8350,o,0,1.83,64.16321,40.04256,3998.92,6817.85,2.46,1.9,37.4,-0.432,18.46,18.96,02a60541o0765o
60541.601421,-13.725,0.93,-11748,10921,o,0,2.63,64.16321,40.04256,6628.74,3741.94,2.91,2.58,42.2,-0.357,18.63,19.18,01a60541o0773o
60541.606743,-15.628,1.477,-2036,3006,o,0,0.89,64.16321,40.04256,6603.78,3701.82,2.98,2.62,45.6,-0.361,18.65,19.2,01a60541o0784o
60541.618642,14.992,0.649,3659,2375,o,0,1.37,64.16321,40.04256,6655.31,3779.05,3.02,2.75,46.9,-0.342,18.61,19.25,01a60541o0809o
60541.619896,18.062,118.471,216,25637,o,0,0.0,64.16321,40.04256,4028.94,6858.69,2.48,1.85,38.2,-0.431,18.58,19.12,02a60541o0808o
60541.630535,15.364,0.939,2596,2437,o,0,1.28,64.16321,40.04256,6666.39,3664.04,3.19,2.77,41.2,-0.332,18.3,18.66,01a60541o0833o
60541.633582,-14.273,4.053,-7095,28760,o,0,0.0,64.16321,40.04256,3976.08,6782.94,2.56,1.87,37.4,-0.417,17.92,18.15,02a60541o0837o
60543.488972,11.435,0.547,96850,52969,o,0,0.0,64.16321,40.04256,894.73,1706.3,2.6,2.39,41.1,-0.39,18.53,18.87,01a60543o0353o
60543.491751,0.0,0.0,0,0,o,0,-2.0,64.16321,40.04256,829.35,1623.1,2.45,2.29,36.5,-0.412,18.59,18.89,01a60543o0359o
60543.497315,11.513,0.561,90090,50496,o,0,0.0,64.16321,40.04256,934.57,1745.56,2.51,2.32,38.5,-0.402,18.59,18.93,01a60543o0371o
60543.522051,-8.976,-0.0,-932418,0,o,0,0.0,64.16321,40.04256,951.8,1631.46,2.56,2.43,44.5,-0.405,18.69,19.12,01a60543o0421o
60544.489111,-15.456,6.726,-2387,16053,o,0,1.59,64.16321,40.04256,896.55,1713.18,2.68,2.47,37.6,-0.389,18.6,19.03,01a60544o0514o
60544.492537,13.879,1.014,10194,10341,o,0,0.0,64.16321,40.04256,877.9,1675.21,2.9,2.6,38.3,-0.345,18.54,19.07,01a60544o0521o
60544.501979,-12.353,0.612,-41554,25436,o,0,0.0,64.16321,40.04256,936.32,1751.51,2.66,2.51,42.2,-0.403,18.64,19.14,01a60544o0540o
60544.507452,-13.466,0.721,-14914,10761,o,0,0.0,64.16321,40.04256,957.96,1636.13,2.79,2.52,38.5,-0.372,18.62,19.19,01a60544o0551o
60545.605108,16.906,3.91,628,2453,o,0,1.26,64.16321,40.04256,7055.45,8007.12,3.64,3.41,44.9,-0.339,18.61,19.63,01a60545o0795o
60545.62202,-15.383,0.4,-2551,1021,o,0,1.36,64.16321,40.04256,7027.19,7968.09,3.37,3.02,46.9,-0.345,18.74,19.68,01a60545o0830o
60545.625325,-17.069,2.575,-540,1390,o,0,1.04,64.16321,40.04256,7080.22,8046.31,3.2,2.89,49.8,-0.366,18.75,19.6,01a60545o0837o
60545.633277,16.953,5.363,601,3222,o,0,1.66,64.16321,40.04256,7094.95,7931.99,3.12,2.8,48.9,-0.362,18.32,18.6,01a60545o0853o
60546.455466,-12.551,0.002,-34635,80,o,0,568.61,64.16321,40.04256,9746.23,8812.97,3.85,3.48,-23.5,-0.332,17.82,18.73,02a60546o0460o
60546.462775,-12.484,0.003,-36862,103,o,0,472.58,64.16321,40.04256,9766.98,8850.8,4.02,3.83,-56.8,-0.374,17.85,18.85,02a60546o0475o
60546.464658,-10.156,0.003,-314579,974,o,0,1191.53,64.16321,40.04256,9706.64,8773.12,3.26,3.03,-36.5,-0.387,17.99,18.82,02a60546o0479o
60546.471349,11.923,0.003,61759,197,o,0,34288.59,64.16321,40.04256,9687.96,8890.59,3.01,2.79,-52.4,-0.409,18.15,18.9,02a60546o0490o
60546.492658,-15.129,0.001,-3223,2,o,0,12033.7,64.16321,40.04256,9734.38,8834.24,3.88,3.6,-9.4,-0.337,18.04,19.08,02a60546o0527o
60549.519764,-14.106,1.001,-8271,8282,o,0,5.34,64.16321,40.04256,9767.47,8810.35,2.82,2.31,-41.9,-0.409,18.94,19.89,02a60549o0591o
60549.544198,-12.348,0.242,-41771,10126,o,0,2.44,64.16321,40.04256,9790.98,8850.32,2.67,2.22,-48.5,-0.428,19.12,20.03,02a60549o0638o
60549.561164,-13.277,0.432,-17754,7670,o,0,1.04,64.16321,40.04256,9739.06,8776.65,2.64,2.41,-37.6,-0.403,18.44,19.79,02a60549o0671o
60549.56433,12.202,0.283,47769,13527,o,0,8.43,64.16321,40.04256,9716.48,8891.43,2.6,2.23,-47.0,-0.424,19.02,20.06,02a60549o0678o
60549.601278,-16.249,2.534,-1149,2911,o,0,0.98,64.16321,40.04256,6964.36,6067.62,2.88,2.48,43.9,-0.353,19.12,20.02,01a60549o0779o
60549.604125,16.81,3.077,685,2109,o,0,1.87,64.16321,40.04256,6942.07,6028.45,2.85,2.49,40.8,-0.348,19.14,20.1,01a60549o0785o
60549.619985,-15.692,1.793,-1920,3442,o,0,1.27,64.16321,40.04256,6984.57,6104.3,2.84,2.48,40.9,-0.356,19.12,20.01,01a60549o0817o
60549.631327,-14.843,4.057,-4196,17023,o,0,1.18,64.16321,40.04256,9788.15,8844.23,2.43,2.1,-53.8,-0.439,18.98,19.66,02a60549o0812o
60549.634,-17.217,19.439,-471,9159,o,0,0.0,64.16321,40.04256,6990.62,5988.21,2.73,2.33,43.6,-0.361,18.62,18.85,01a60549o0846o
60553.534339,-13.637,0.548,-12744,6981,o,0,0.93,64.16321,40.04256,880.95,1719.02,2.99,2.77,51.8,-0.358,19.24,20.57,01a60553o0531o
60553.564076,-13.81,1.567,-10865,17027,o,0,0.0,64.16321,40.04256,838.74,1684.99,2.74,2.46,43.0,-0.374,19.33,20.63,01a60553o0583o
60553.59311,17.012,5.627,569,3203,o,0,0.39,64.16321,40.04256,871.09,1763.94,3.17,2.94,53.6,-0.339,19.23,20.73,01a60553o0638o
60553.605884,-15.393,6.206,-2528,15690,o,0,0.0,64.16321,40.04256,872.39,1650.94,2.75,2.56,51.6,-0.393,19.36,20.81,01a60553o0663o
60555.53795,-13.382,0.021,-16112,331,o,0,45966.82,64.16321,40.04256,3752.48,9136.95,3.43,3.24,-16.0,-0.395,18.72,20.21,02a60555o0661o
60555.541147,-12.913,0.001,-24820,25,o,0,83307.16,64.16321,40.04256,3771.57,9175.55,2.95,2.8,-2.2,-0.406,18.9,20.23,02a60555o0668o
60555.557676,-16.871,1.351,-648,875,o,0,0.78,64.16321,40.04256,3717.69,9099.59,2.95,2.87,37.9,-0.383,18.92,20.25,02a60555o0702o
60555.570984,-16.309,0.003,-1087,4,o,0,32611.14,64.16321,40.04256,3702.51,9214.37,3.57,3.3,22.9,-0.394,18.74,20.26,02a60555o0728o
60557.596445,-15.557,0.301,-2174,654,o,0,1.25,64.16321,40.04256,8920.99,7971.64,2.52,2.31,54.5,-0.454,19.46,20.64,01a60557o0771o
60557.599725,15.17,1.103,3105,3424,o,0,0.99,64.16321,40.04256,8902.3,7931.49,2.52,2.29,52.2,-0.457,19.42,20.64,01a60557o0778o
60557.619133,-16.118,1.095,-1296,1420,o,0,0.9,64.16321,40.04256,8952.81,8009.72,2.6,2.34,44.0,-0.447,19.49,20.72,01a60557o0817o
60557.625847,-15.508,1.114,-2274,2534,o,0,0.58,64.16321,40.04256,8970.38,7894.47,2.63,2.36,42.6,-0.441,19.4,20.55,01a60557o0831o
60559.508245,-9.62,0.625,-515105,321735,o,0,0.0,64.16321,40.04256,7905.14,6607.46,2.26,2.09,39.7,-0.44,18.86,19.9,02a60559o0624o
60559.510057,13.045,1.942,21976,42682,o,0,0.0,64.16321,40.04256,7925.51,6645.52,2.29,2.04,36.3,-0.437,18.8,19.8,02a60559o0628o
60559.528977,-14.208,1.755,-7530,13216,o,0,1.48,64.16321,40.04256,7867.27,6567.12,2.46,1.98,32.1,-0.432,18.87,19.92,02a60559o0667o
60559.543936,12.799,0.925,27557,25490,o,0,0.0,64.16321,40.04256,7859.01,6692.57,2.17,1.97,41.8,-0.449,19.28,20.38,02a60559o0699o
60561.531143,-16.222,1.327,-1179,1565,o,0,1.22,64.16321,40.04256,8642.54,4178.62,2.39,2.28,45.5,-0.428,19.35,20.33,01a60561o0659o
60561.533493,-17.601,2.748,-331,909,o,0,1.05,64.16321,40.04256,8624.92,4142.25,2.86,2.41,33.8,-0.368,19.21,20.36,01a60561o0664o
60561.552168,16.207,4.686,1195,5600,o,0,0.32,64.16321,40.04256,1956.95,6380.3,2.26,1.88,38.6,-0.444,19.29,20.3,02a60561o0725o
60561.557831,-15.462,2.197,-2372,5209,o,0,2.72,64.16321,40.04256,1973.74,6420.26,2.26,1.84,35.3,-0.449,19.3,20.29,02a60561o0736o
60561.558572,-17.885,2.073,-255,528,o,0,1.93,64.16321,40.04256,8675.46,4218.29,2.84,2.43,34.6,-0.372,19.24,20.48,01a60561o0716o
60561.560998,13.509,0.636,14332,9122,o,0,0.89,64.16321,40.04256,1920.28,6341.49,2.32,1.92,38.8,-0.439,19.25,20.3,02a60561o0743o
60561.565381,-15.255,0.659,-2870,1891,o,0,2.54,64.16321,40.04256,8695.93,4101.21,2.46,2.3,44.7,-0.429,19.37,20.45,01a60561o0730o
60561.571394,-13.904,0.208,-9962,2068,o,0,1.67,64.16321,40.04256,1902.34,6457.88,2.33,1.94,35.9,-0.438,19.28,20.35,02a60561o0766o
60563.522025,-15.872,2.273,-1626,3696,o,0,1.07,64.16321,40.04256,1417.74,720.74,1.95,1.7,-57.5,-0.513,19.35,20.35,02a60563o0666o
60563.52519,14.752,1.064,4562,4852,o,0,1.69,64.16321,40.04256,1439.61,760.7,1.88,1.74,-65.2,-0.511,19.34,20.36,02a60563o0673o
60563.560465,-14.882,0.959,-4047,3882,o,0,4.76,64.16321,40.04256,1399.63,685.41,1.9,1.7,-65.3,-0.515,19.39,20.42,02a60563o0743o
60563.567721,-16.13,5.505,-1282,7059,o,0,1.32,64.16321,40.04256,1385.0,803.9,1.89,1.72,-67.6,-0.517,19.4,20.45,02a60563o0759o
60565.540307,16.432,29.232,971,28388,o,0,0.0,64.16321,40.04256,5651.61,4887.97,2.22,1.8,36.5,-0.458,19.41,20.45,02a60565o0660o
60565.543473,15.036,3.026,3511,10624,o,0,0.9,64.16321,40.04256,5670.48,4927.74,2.24,1.81,38.4,-0.449,19.43,20.45,02a60565o0667o
60565.565343,-14.153,2.034,-7925,16119,o,0,0.0,64.16321,40.04256,5620.92,4853.66,2.3,1.82,37.7,-0.454,19.46,20.58,02a60565o0711o
60565.569414,-13.868,0.955,-10294,9836,o,0,0.0,64.16321,40.04256,5604.23,4970.1,2.31,1.81,38.7,-0.454,19.47,20.61,02a60565o0720o
60571.492815,13.95,15.297,9554,146142,o,0,0.0,64.16321,40.04256,7751.68,8946.46,2.24,2.1,-51.5,-0.464,18.41,18.72,02a60571o0622o
60571.495546,0.0,0.0,0,0,o,0,-2.0,64.16321,40.04256,7727.33,8939.32,2.29,2.09,-54.4,-0.467,18.45,18.73,02a60571o0628o
60571.50346,-12.888,0.887,-25396,22525,o,0,0.62,64.16321,40.04256,7715.66,8909.23,2.25,2.06,-55.2,-0.464,18.47,18.77,02a60571o0645o
60571.520354,-13.387,1.843,-16043,29563,o,0,2.24,64.16321,40.04256,7709.45,9031.75,2.15,2.14,-87.1,-0.452,18.58,18.86,02a60571o0682o
60573.503516,14.22,1.196,7449,8912,o,0,4.96,64.16321,40.04256,4831.83,1492.46,2.71,2.49,48.0,-0.44,17.35,17.14,01a60573o0642o
60573.506337,13.793,5.371,11039,59293,o,0,0.0,64.16321,40.04256,4811.75,1453.89,2.61,2.39,45.8,-0.444,17.65,17.45,01a60573o0648o
60573.509108,-12.6,0.421,-33105,13931,o,0,0.66,64.16321,40.04256,4870.33,1532.18,2.57,2.32,48.0,-0.449,17.96,18.25,01a60573o0654o
60573.52313,14.343,1.69,6650,11238,o,0,0.0,64.16321,40.04256,4887.7,1418.59,2.58,2.34,56.2,-0.443,18.66,19.03,01a60573o0684o
60577.536146,-11.232,0.167,-116712,19460,o,0,2.66,64.16321,40.04256,5984.5,6732.7,2.67,1.94,40.6,-0.425,17.69,17.95,02a60577o0713o
60577.556812,-13.009,0.007,-22717,163,o,0,1139.3,64.16321,40.04256,6016.49,6775.68,2.66,1.88,38.0,-0.438,16.66,16.87,02a60577o0756o
60577.559977,-14.0,1.841,-9119,16791,o,0,0.95,64.16321,40.04256,5962.26,6700.82,2.62,1.88,37.5,-0.44,18.15,18.58,02a60577o0763o
60577.563143,12.207,0.459,47538,21843,o,0,0.0,64.16321,40.04256,5941.0,6816.87,2.63,1.87,37.7,-0.432,18.01,18.34,02a60577o0770o
60578.544299,-11.1,0.272,-131774,35885,o,0,0.0,64.16321,40.04256,9515.49,2709.73,2.15,1.78,-55.4,-0.477,19.03,19.76,02a60578o0725o
60578.562235,0.0,0.0,0,0,o,0,-2.0,64.16321,40.04256,9495.98,2706.4,2.12,1.78,-53.9,-0.479,18.95,19.71,02a60578o0761o
60578.564043,13.301,2.533,17358,43974,o,0,0.0,64.16321,40.04256,9487.95,2678.04,2.05,1.73,-56.4,-0.492,19.0,19.66,02a60578o0765o
60578.571647,-13.121,2.183,-20498,44739,o,0,0.0,64.16321,40.04256,9474.96,2795.0,2.07,1.82,-49.7,-0.472,18.92,19.62,02a60578o0781o
60579.475349,-11.649,0.574,-79474,45652,o,0,0.0,64.16321,40.04256,9469.61,2695.07,2.24,1.75,-54.6,-0.478,19.34,20.32,02a60579o0585o
60579.477683,0.0,0.0,0,0,o,0,-2.0,64.16321,40.04256,9440.16,2688.89,2.1,1.84,-42.4,-0.47,19.28,20.29,02a60579o0590o
60579.480846,-14.261,5.292,-7169,37939,o,0,0.0,64.16321,40.04256,9432.97,2660.11,2.18,1.74,-55.0,-0.479,19.31,20.3,02a60579o0597o
60579.486299,-12.121,0.365,-51484,18809,o,0,0.0,64.16321,40.04256,9413.79,2778.56,2.17,1.76,-55.1,-0.469,19.34,20.28,02a60579o0609o
60581.515166,15.987,18.759,1463,27448,c,0,0.0,64.16321,40.04256,9524.95,4648.33,2.54,2.37,-64.9,-0.416,19.51,21.1,02a60581o0676c
60581.516974,13.096,1.295,20963,27150,c,0,0.0,64.16321,40.04256,9543.95,4687.2,2.54,2.33,-69.4,-0.422,19.47,21.13,02a60581o0680c
60581.535103,13.293,1.326,17487,23184,c,0,0.0,64.16321,40.04256,9500.45,4614.9,2.46,2.31,-72.3,-0.42,19.54,21.04,02a60581o0718c
60581.53818,-13.108,1.047,-20744,21720,c,0,0.0,64.16321,40.04256,9484.19,4734.42,2.46,2.32,-72.5,-0.42,19.54,21.02,02a60581o0724c
60583.495071,15.413,6.758,2483,16777,c,0,0.0,64.16321,40.04256,7574.29,4779.73,2.59,2.52,33.3,-0.389,19.4,20.95,02a60583o0640c
60583.496879,-14.408,0.999,-6264,6257,c,0,0.73,64.16321,40.04256,7593.18,4819.64,2.57,2.53,46.3,-0.385,19.38,20.96,02a60583o0644c
60583.513554,-15.779,1.682,-1772,2979,c,0,0.6,64.16321,40.04256,7548.88,4753.93,2.55,2.4,49.2,-0.39,19.45,20.99,02a60583o0680c
60583.518675,-14.022,0.804,-8940,7188,c,0,2.53,64.16321,40.04256,7533.69,4870.31,2.55,2.41,45.2,-0.394,19.44,21.01,02a60583o0691c
60584.530596,-14.918,1.047,-3915,4098,o,0,0.0,64.16321,40.04256,7239.66,9863.89,2.61,2.47,70.2,-0.427,19.48,20.67,01a60584o0696o
60584.532445,-14.463,0.329,-5955,1959,o,0,1.71,64.16321,40.04256,7218.92,9823.66,2.58,2.42,69.5,-0.431,19.48,20.67,01a60584o0700o
60584.549441,14.938,1.611,3846,6197,o,0,0.0,64.16321,40.04256,7273.05,9904.36,2.62,2.5,62.6,-0.429,19.46,20.71,01a60584o0734o
60584.553261,-15.44,0.998,-2420,2415,o,0,2.74,64.16321,40.04256,7290.44,9787.61,2.62,2.5,59.0,-0.426,19.47,20.7,01a60584o0742o
60585.497462,-13.999,0.351,-9131,3208,o,0,1.3,64.16321,40.04256,7252.26,9865.52,2.61,2.4,67.7,-0.435,19.4,20.51,01a60585o0648o
60585.504411,-14.09,0.305,-8396,2564,o,0,1.17,64.16321,40.04256,7232.27,9825.69,2.57,2.29,62.5,-0.439,19.43,20.54,01a60585o0663o
60585.507237,-15.304,0.925,-2744,2539,o,0,0.89,64.16321,40.04256,7288.85,9905.64,2.51,2.28,70.7,-0.443,19.47,20.53,01a60585o0669o
60585.519088,17.445,7.31,382,2791,o,0,1.52,64.16321,40.04256,7301.29,9785.22,2.62,2.46,73.2,-0.436,19.42,20.58,01a60585o0694o
60587.479646,17.007,0.071,572,41,c,0,5.14,64.16321,40.04256,9898.02,6479.63,2.85,2.7,-52.6,-0.415,19.35,20.94,02a60587o0609c
60587.48198,14.104,0.242,8289,2003,c,0,1.59,64.16321,40.04256,9917.04,6517.93,2.59,2.44,-56.1,-0.431,19.49,20.95,02a60587o0614c
60587.484744,14.155,0.319,7909,2522,c,0,1.42,64.16321,40.04256,9855.79,6441.67,2.6,2.45,-56.8,-0.425,19.51,20.96,02a60587o0620c
60587.494855,17.851,0.114,263,30,c,0,7.19,64.16321,40.04256,9843.55,6562.1,2.61,2.51,-52.7,-0.425,19.41,20.95,02a60587o0642c
60589.510727,15.146,0.558,3175,1773,o,0,1.31,64.16321,40.04256,4910.58,7595.64,2.98,2.54,48.4,-0.355,19.4,20.7,01a60589o0629o
60589.514882,-17.63,5.138,-322,1655,o,0,1.26,64.16321,40.04256,4891.22,7558.91,2.96,2.59,51.0,-0.361,19.38,20.69,01a60589o0638o
60589.51864,-15.763,1.016,-1798,1826,o,0,1.27,64.16321,40.04256,4947.04,7635.76,2.87,2.41,53.4,-0.359,19.43,20.69,01a60589o0646o
60589.523784,-15.506,1.104,-2279,2516,o,0,0.0,64.16321,40.04256,4965.88,7518.95,2.93,2.46,49.0,-0.357,19.4,20.66,01a60589o0657o
60589.524273,-14.58,0.267,-5345,1426,c,0,1.33,64.16321,40.04256,5693.86,2965.64,2.67,2.58,40.5,-0.392,19.38,21.11,02a60589o0656c
60589.526081,17.072,12.481,539,6724,c,0,0.6,64.16321,40.04256,5714.92,3004.27,2.59,2.5,42.7,-0.394,19.41,21.1,02a60589o0660c
60589.53608,-15.763,3.006,-1798,5405,c,0,1.13,64.16321,40.04256,5660.98,2933.59,2.57,2.51,55.3,-0.393,19.37,21.09,02a60589o0680c
60589.539247,-13.849,0.504,-10483,5284,c,0,1.07,64.16321,40.04256,5641.87,3047.45,2.63,2.56,48.0,-0.389,19.36,21.12,02a60589o0687c
60591.436211,-16.73,1.845,-738,1360,c,0,1.0,64.16321,40.04256,3995.45,6812.62,2.47,2.25,30.1,-0.401,19.39,20.83,02a60591o0527c
60591.469231,-15.954,1.42,-1509,2143,c,0,1.11,64.16321,40.04256,4030.07,6854.28,2.48,2.24,36.6,-0.404,19.43,20.83,02a60591o0599c
60591.482097,16.448,3.24,957,3099,c,0,0.42,64.16321,40.04256,3977.66,6780.18,2.57,2.25,40.1,-0.397,19.38,20.81,02a60591o0627c
60591.490737,14.67,0.609,4920,2994,c,0,1.44,64.16321,40.04256,3961.66,6897.79,2.62,2.26,41.6,-0.39,19.38,20.81,02a60591o0646c
60594.474203,17.108,0.351,521,183,c,0,22.2,64.16321,40.04256,3585.32,2551.76,2.55,2.31,45.8,-0.409,16.89,18.19,02a60594o0001c
60594.477371,16.393,0.755,1007,760,c,0,5.11,64.16321,40.04256,3604.51,2590.82,2.51,2.37,59.0,-0.404,15.49,16.79,02a60594o0008c
60594.500154,15.83,0.433,1691,732,c,0,5.83,64.16321,40.04256,3558.39,2517.1,2.38,2.29,-73.9,-0.418,16.18,17.45,02a60594o0057c
60594.503319,17.946,1.913,241,460,c,0,7.79,64.16321,40.04256,3539.59,2634.17,2.36,2.27,-75.1,-0.424,15.73,17.05,02a60594o0064c
60595.41733,-15.042,5.063,-3494,17688,o,0,0.0,64.16321,40.04256,3546.33,2545.06,2.07,1.94,24.6,-0.464,19.0,19.76,02a60595o0477o
60595.44631,15.795,13.594,1745,23724,o,0,0.0,64.16321,40.04256,3575.73,2586.24,2.05,1.89,34.2,-0.471,19.23,20.1,02a60595o0537o
60595.455798,-12.367,0.468,-41026,19185,o,0,0.0,64.16321,40.04256,3523.33,2510.51,2.0,1.83,38.8,-0.466,19.35,20.21,02a60595o0557o
60595.465933,13.944,0.487,9601,4674,o,0,10.0,64.16321,40.04256,3508.45,2626.67,2.02,1.78,25.5,-0.51,19.38,20.36,02a60595o0578o
60599.500763,-14.607,0.371,-5215,1933,o,0,0.55,64.16321,40.04256,3691.27,4504.07,2.82,2.4,33.6,-0.429,18.44,19.19,02a60599o0681o
60599.502572,12.781,0.364,28027,10189,o,0,1.04,64.16321,40.04256,3712.09,4544.53,2.63,2.21,38.1,-0.434,18.55,19.2,02a60599o0685o
60599.525773,14.547,1.64,5511,9039,o,0,1.81,64.16321,40.04256,3668.96,4470.83,2.78,2.41,41.1,-0.433,18.5,19.23,02a60599o0734o
60599.531685,-14.295,0.906,-6948,6291,o,0,0.87,64.16321,40.04256,3651.38,4587.29,2.66,2.29,37.0,-0.445,18.57,19.22,02a60599o0747o
60600.419648,-11.901,1.433,-63019,90313,o,0,0.0,64.16321,40.04256,816.87,1717.68,2.61,2.52,65.2,-0.402,18.26,18.22,01a60600o0495o
60600.422422,0.0,0.0,0,0,o,0,-2.0,64.16321,40.04256,749.99,1635.26,2.57,2.46,48.7,-0.403,18.28,18.26,01a60600o0501o
60600.425202,12.525,1.057,35488,37513,o,0,0.0,64.16321,40.04256,854.57,1758.42,2.72,2.6,54.9,-0.398,18.21,18.25,01a60600o0507o
60600.447074,14.101,6.087,8308,50569,o,0,0.0,64.16321,40.04256,865.0,1644.13,2.49,2.32,56.2,-0.417,18.37,18.35,01a60600o0553o
60607.416885,-14.296,0.483,-6941,3354,o,0,0.89,64.16321,40.04256,1650.35,2592.01,2.18,2.1,41.4,-0.45,19.06,20.06,02a60607o0499o
60607.418768,14.388,0.68,6377,4335,o,0,0.57,64.16321,40.04256,1664.91,2633.77,2.4,2.01,29.6,-0.469,19.07,20.05,02a60607o0503o
60607.421936,13.975,2.23,9329,20802,o,0,0.0,64.16321,40.04256,1612.2,2554.78,2.11,2.03,38.9,-0.457,19.11,20.05,02a60607o0510o
60607.427399,15.797,3.423,1742,5963,o,0,2.07,64.16321,40.04256,1592.96,2671.77,2.08,1.96,38.5,-0.455,19.08,19.99,02a60607o0522o
60607.465253,-15.942,0.826,-1525,1259,o,0,1.93,64.16321,40.04256,8912.96,7966.39,2.49,2.38,61.5,-0.461,18.34,18.9,01a60607o0565o
60607.5,18.005,8.117,228,1850,o,0,0.75,64.16321,40.04256,8884.21,7922.58,2.52,2.5,-12.7,-0.455,18.41,19.17,01a60607o0635o
60607.503027,-15.792,0.645,-1750,1129,o,0,2.03,64.16321,40.04256,8939.06,8003.21,2.54,2.45,34.9,-0.455,18.75,19.59,01a60607o0641o
60607.5058,-14.688,0.794,-4840,3844,o,0,2.43,64.16321,40.04256,8958.13,7887.72,2.57,2.49,27.7,-0.451,18.66,19.43,01a60607o0647o
60613.461869,-17.173,0.487,-491,239,c,0,0.77,64.16321,40.04256,9132.15,9831.06,3.23,3.11,68.2,-0.355,19.59,21.44,01a60613o0595c
60613.464642,-18.519,1.322,-142,188,c,0,1.41,64.16321,40.04256,9111.18,9790.11,3.4,3.08,53.4,-0.348,19.5,21.44,01a60613o0601c
60613.46741,18.378,1.772,162,287,c,0,0.81,64.16321,40.04256,9169.49,9870.85,3.37,3.07,48.5,-0.336,19.53,21.45,01a60613o0607c
60613.471747,12.951,0.493,23976,11810,o,0,0.92,64.16321,40.04256,1474.49,738.78,2.18,2.01,-63.9,-0.474,19.3,20.52,02a60613o0626o
60613.472953,-16.886,0.373,-639,238,c,0,1.11,64.16321,40.04256,9185.01,9753.42,3.56,3.24,48.5,-0.323,19.47,21.45,01a60613o0619c
60613.473554,17.178,3.176,489,1552,o,0,1.87,64.16321,40.04256,1497.76,780.25,2.13,1.99,-72.1,-0.478,19.36,20.53,02a60613o0630o
60613.476717,14.868,2.357,4099,9662,o,0,0.92,64.16321,40.04256,1439.14,698.76,2.36,2.22,-65.9,-0.462,19.23,20.52,02a60613o0637o
60613.49751,17.096,43.843,527,23098,o,0,0.0,64.16321,40.04256,1434.09,824.61,2.2,2.02,-60.1,-0.481,19.33,20.52,02a60613o0680o
60616.454327,-15.949,0.53,-1515,803,c,0,0.88,64.16321,40.04256,3323.33,9556.97,3.26,2.98,69.5,-0.315,19.55,21.29,01a60616o0521c
60616.486872,16.958,1.202,598,718,c,0,1.57,64.16321,40.04256,3293.44,9517.06,3.39,3.04,67.2,-0.3,19.52,21.33,01a60616o0588c
60616.513215,17.778,4.208,281,1183,c,0,1.09,64.16321,40.04256,7139.28,958.96,2.99,2.91,47.0,-0.373,19.54,21.28,01a60616o0641c
60616.518665,-15.922,1.15,-1553,1786,c,0,0.7,64.16321,40.04256,7120.86,1075.47,3.05,2.95,46.3,-0.366,19.53,21.29,01a60616o0651c
60617.515564,-13.495,0.04,-14523,581,o,0,283.85,64.16321,40.04256,3337.6,9543.87,2.21,2.1,-51.8,-0.419,17.79,18.82,02a60617o0718o
60617.572205,-13.382,0.06,-16112,974,o,0,78.48,64.16321,40.04256,3359.74,9582.03,2.34,2.23,-45.6,-0.414,16.82,17.86,02a60617o0839o
60617.603283,15.237,3.087,2918,9008,o,0,0.0,64.16321,40.04256,3376.22,9466.75,2.16,2.1,9.1,-0.43,19.25,20.38,02a60617o0851o
60623.429909,-14.508,0.504,-5710,2876,o,0,0.62,64.16321,40.04256,5805.02,9076.69,2.46,2.14,45.4,-0.417,19.33,20.48,02a60623o0540o
60623.432169,13.289,0.628,17562,11029,o,0,0.22,64.16321,40.04256,5824.81,9115.94,2.55,2.18,45.5,-0.415,19.32,20.5,02a60623o0545o
60623.453982,14.812,2.223,4318,9598,o,0,1.4,64.16321,40.04256,5776.78,9041.71,2.57,2.17,40.7,-0.416,19.31,20.52,02a60623o0592o
60623.457599,-15.002,0.579,-3624,2099,o,0,2.1,64.16321,40.04256,5758.02,9160.82,2.44,2.1,42.5,-0.427,19.35,20.52,02a60623o0600o
60625.426025,13.019,1.466,22503,32991,o,0,0.41,64.16321,40.04256,9174.64,869.43,2.27,1.73,-60.0,-0.532,19.04,19.87,02a60625o0530o
60625.427834,-12.411,0.773,-39397,30467,o,0,0.0,64.16321,40.04256,9193.86,908.55,2.45,1.89,-60.0,-0.524,19.03,19.88,02a60625o0534o
60625.430999,14.547,4.031,5510,22213,o,0,5.52,64.16321,40.04256,9140.55,832.2,2.4,1.84,-61.3,-0.522,19.02,19.91,02a60625o0541o
60625.461398,-10.773,0.887,-178084,157909,o,0,0.0,64.16321,40.04256,9139.61,966.71,2.32,1.81,-58.4,-0.532,19.06,19.97,02a60625o0603o
60626.416743,-13.446,0.559,-15198,8503,o,0,1.77,64.16321,40.04256,5996.09,6739.19,2.57,2.08,38.0,-0.423,18.96,19.69,02a60626o0509o
60626.418552,-13.906,0.493,-9947,4900,o,0,0.87,64.16321,40.04256,6016.76,6778.51,2.57,2.11,37.3,-0.425,18.95,19.69,02a60626o0513o
60626.421714,-13.001,0.358,-22887,8186,o,0,1.17,64.16321,40.04256,5959.05,6701.91,2.64,2.16,37.9,-0.415,18.93,19.7,02a60626o0520o
60626.427144,14.424,1.572,6173,9706,o,0,0.0,64.16321,40.04256,5941.88,6819.43,2.57,2.07,36.7,-0.425,18.98,19.71,02a60626o0532o
60627.419714,-14.173,0.618,-7778,4804,o,0,0.55,64.16321,40.04256,6000.79,6747.37,2.58,2.17,45.7,-0.431,18.81,19.41,02a60627o0524o
60627.447867,16.147,2.969,1262,3748,o,0,1.64,64.16321,40.04256,6040.24,6792.67,2.9,2.63,41.6,-0.439,18.6,19.41,02a60627o0585o
60627.451054,-14.498,0.885,-5764,5103,o,0,0.72,64.16321,40.04256,5979.13,6715.05,2.59,2.18,39.6,-0.431,18.76,19.42,02a60627o0592o
60627.461069,-17.137,15.305,-507,7760,o,0,0.86,64.16321,40.04256,5963.12,6834.96,3.11,2.78,34.1,-0.423,17.74,18.28,02a60627o0614o
60633.47892,0.0,0.0,0,0,o,0,-2.0,64.16321,40.04256,2964.57,5713.39,2.36,1.83,30.2,-0.444,18.96,19.57,02a60633o0648o
60633.482122,15.812,4.16,1718,7148,o,0,0.0,64.16321,40.04256,2993.37,5720.72,2.44,1.92,32.7,-0.445,18.95,19.55,02a60633o0655o
60633.489922,0.0,0.0,0,0,o,0,-2.0,64.16321,40.04256,3004.69,5749.9,2.35,1.88,30.5,-0.441,18.9,19.48,02a60633o0672o
60633.503257,0.0,0.0,0,0,o,0,-2.0,64.16321,40.04256,3024.52,5637.8,2.33,1.95,30.2,-0.467,13.45,13.67,02a60633o0701o
60633.622821,12.399,0.358,39862,14258,o,0,2.16,64.16321,40.04256,7562.49,4772.92,3.18,2.89,40.0,-0.316,17.68,18.5,01a60633o0271o
60633.652017,-12.402,0.518,-39738,20591,o,0,1.59,64.16321,40.04256,7509.74,4740.42,2.54,2.36,36.0,-0.376,18.12,18.18,01a60633o0331o
60633.654379,-11.373,1.267,-102523,129868,o,0,1.22,64.16321,40.04256,7491.26,4856.44,2.81,2.57,39.8,-0.38,17.82,17.83,01a60633o0336o
60634.501762,-14.523,3.586,-5632,20197,o,0,0.0,64.16321,40.04256,7255.9,9864.13,2.17,2.0,-65.9,-0.466,19.2,19.86,02a60634o0680o
60634.508087,15.121,2.933,3248,9526,o,0,0.0,64.16321,40.04256,7236.02,9825.55,2.24,2.11,-69.4,-0.461,19.11,19.84,02a60634o0693o
60634.532916,14.255,0.372,7210,2684,o,0,0.91,64.16321,40.04256,7290.12,9905.58,2.23,2.03,-59.6,-0.463,19.08,19.74,02a60634o0746o
60634.544574,-14.633,0.473,-5091,2406,o,0,0.64,64.16321,40.04256,7306.4,9793.96,2.32,2.11,-62.3,-0.455,19.01,19.69,02a60634o0771o
60635.462797,12.54,0.299,35009,10450,o,0,0.0,64.16321,40.04256,7252.98,9856.38,2.21,1.96,-65.0,-0.459,19.35,20.25,02a60635o0608o
60635.464452,-14.146,0.958,-7976,7643,o,0,0.23,64.16321,40.04256,3259.25,713.72,2.42,2.24,48.5,-0.459,19.38,20.38,01a60635o0566o
60635.46646,16.343,8.805,1054,9279,o,0,0.0,64.16321,40.04256,7232.09,9814.6,2.21,1.91,-66.0,-0.461,19.35,20.26,02a60635o0616o
60635.467661,-14.154,0.413,-7912,3271,o,0,1.25,64.16321,40.04256,3281.71,752.7,2.45,2.2,44.1,-0.458,19.38,20.38,01a60635o0573o
60635.47363,-13.526,0.303,-14116,4284,o,0,1.41,64.16321,40.04256,3225.48,672.07,2.41,2.2,44.6,-0.464,19.37,20.36,01a60635o0586o
60635.485768,16.98,13.214,586,7745,o,0,0.0,64.16321,40.04256,3211.77,787.3,2.42,2.26,47.0,-0.461,19.37,20.37,01a60635o0611o
60635.501713,-15.003,0.754,-3622,2731,o,0,0.48,64.16321,40.04256,7286.25,9896.98,2.3,2.01,-65.3,-0.47,19.34,20.24,02a60635o0692o
60635.509091,-17.558,20.204,-344,6955,o,0,0.0,64.16321,40.04256,7306.83,9779.49,2.26,2.0,-61.3,-0.456,19.32,20.23,02a60635o0708o
60637.428702,-12.186,1.098,-48492,53222,o,0,0.0,64.16321,40.04256,9870.51,6456.68,2.4,2.31,12.0,-0.468,19.41,20.54,01a60637o0473o
60637.460947,-15.144,0.002,-3179,8,o,0,33215.99,64.16321,40.04256,9898.63,6488.86,2.48,2.3,5.0,-0.461,17.56,18.4,01a60637o0542o
60637.464155,-12.865,0.121,-25931,3126,o,0,15.49,64.16321,40.04256,9839.69,6413.44,2.53,2.32,0.3,-0.514,14.91,15.4,01a60637o0549o
60637.469693,-12.822,0.423,-26978,11420,o,0,0.0,64.16321,40.04256,9821.41,6528.85,2.52,2.29,11.0,-0.453,19.3,20.4,01a60637o0561o
60638.450708,-19.796,2.621,-44,115,c,0,2.59,64.16321,40.04256,4928.47,7596.82,2.43,2.28,29.2,-0.412,19.39,21.02,02a60638o0413c
60638.4542,16.405,0.898,996,894,c,0,3.93,64.16321,40.04256,4907.8,7556.16,2.33,2.26,20.4,-0.423,19.44,21.08,02a60638o0420c
60638.460878,13.576,0.324,13480,4366,c,0,3.44,64.16321,40.04256,4964.68,7636.78,2.45,2.27,36.9,-0.411,19.55,21.23,02a60638o0434c
60638.46763,13.501,0.001,14437,19,c,0,5960.11,64.16321,40.04256,4984.93,7519.59,2.47,2.28,35.5,-0.405,18.74,20.27,02a60638o0448c
60639.481996,13.857,0.335,10402,3485,c,0,2.12,64.16321,40.04256,4920.33,7589.89,2.38,2.16,26.0,-0.413,19.59,21.2,02a60639o0649c
60639.48521,13.905,0.331,9956,3296,c,0,1.33,64.16321,40.04256,4902.23,7557.58,2.4,2.19,27.8,-0.412,19.56,21.19,02a60639o0656c
60639.494722,17.631,0.521,322,168,c,0,4.76,64.16321,40.04256,4954.53,7630.42,2.58,2.27,29.1,-0.402,19.54,21.2,02a60639o0676c
60639.507952,-17.269,0.04,-449,18,c,0,40.23,64.16321,40.04256,4973.67,7514.14,2.55,2.27,31.1,-0.4,19.36,20.95,02a60639o0704c
60641.450312,-14.68,0.85,-4873,4145,c,0,0.0,64.16321,40.04256,6588.28,3736.31,2.41,2.26,26.9,-0.393,19.55,21.3,02a60641o0583c
60641.485326,18.493,29.775,146,4331,c,0,0.0,64.16321,40.04256,6559.51,3696.11,2.49,2.46,32.5,-0.388,19.51,21.3,02a60641o0658c
60641.512647,14.367,1.035,6506,6733,c,0,0.0,64.16321,40.04256,6614.7,3774.37,2.47,2.41,43.1,-0.392,19.51,21.24,02a60641o0717c
60641.537446,14.269,0.737,7116,5244,c,0,0.0,64.16321,40.04256,6628.73,3657.87,2.4,2.32,32.9,-0.392,19.52,21.19,02a60641o0771c
60643.447833,16.552,2.738,869,2380,c,0,1.11,64.16321,40.04256,8834.44,1348.62,2.46,2.04,-64.3,-0.437,19.56,21.23,02a60643o0512c
60643.451007,18.205,8.346,190,1583,c,0,2.8,64.16321,40.04256,8816.39,1311.06,2.49,2.05,-64.0,-0.44,19.57,21.25,02a60643o0519c
60643.45647,15.145,0.496,3177,1577,c,0,1.54,64.16321,40.04256,8874.4,1389.14,2.49,2.04,-64.5,-0.44,19.55,21.24,02a60643o0531c
60643.491755,14.577,0.541,5358,2900,c,0,4.04,64.16321,40.04256,8890.88,1272.04,2.44,2.08,-62.4,-0.44,19.53,21.19,02a60643o0607c
60645.38101,16.466,3.878,941,3648,c,0,2.2,64.16321,40.04256,3604.04,2562.69,2.67,2.56,54.0,-0.394,19.4,21.12,02a60645o0426c
60645.384183,15.92,2.5,1556,3890,c,0,1.08,64.16321,40.04256,3622.55,2601.08,2.52,2.34,47.9,-0.412,19.49,21.14,02a60645o0433c
60645.417637,-18.54,0.129,-139,18,c,0,8.55,64.16321,40.04256,7064.9,8032.48,2.6,2.42,33.7,-0.407,19.5,21.21,02a60645o0501c
60645.423935,-18.68,0.185,-122,23,c,0,15.89,64.16321,40.04256,7084.63,7921.13,2.61,2.45,43.7,-0.408,19.54,21.21,02a60645o0513c
60646.414276,15.242,0.002,2906,6,c,0,9459.75,64.16321,40.04256,5382.34,9923.96,2.4,2.38,-64.4,-0.412,19.53,21.12,02a60646o0475c
60646.417863,-14.333,0.001,-6713,9,c,0,2076.02,64.16321,40.04256,5364.24,9894.35,2.39,2.38,87.6,-0.408,19.54,21.12,02a60646o0482c
60646.451506,19.07,0.228,86,20,c,0,40.31,64.16321,40.04256,5410.39,9967.65,2.5,2.4,-56.9,-0.413,19.57,21.17,02a60646o0551c
60646.456951,-16.846,0.021,-663,14,c,0,41.74,64.16321,40.04256,5431.87,9853.03,2.47,2.41,-40.3,-0.415,19.55,21.17,02a60646o0562c
60647.41896,13.201,0.593,19030,11293,o,0,0.0,64.16321,40.04256,5144.29,630.9,2.48,2.38,43.6,-0.45,19.5,20.84,01a60647o0493o
60647.422675,-13.964,0.516,-9427,4869,o,0,0.98,64.16321,40.04256,5166.86,669.52,2.54,2.42,39.7,-0.442,19.51,20.84,01a60647o0501o
60647.428416,-14.594,0.58,-5278,3062,o,0,0.55,64.16321,40.04256,5111.19,591.41,2.68,2.44,45.3,-0.407,19.47,20.85,01a60647o0512o
60647.439007,-18.002,0.079,-229,18,c,0,22.56,64.16321,40.04256,5374.96,9927.18,2.37,2.34,-61.8,-0.418,19.59,21.19,02a60647o0547c
60647.442197,-14.685,0.001,-4853,7,c,0,3039.79,64.16321,40.04256,5354.58,9888.8,2.36,2.35,-28.9,-0.413,19.55,21.2,02a60647o0554c
60647.463838,-14.86,1.81,-4131,7477,o,0,0.28,64.16321,40.04256,5099.78,705.85,2.42,2.35,53.6,-0.449,19.55,20.86,01a60647o0586o
60647.468385,-14.939,0.002,-3840,8,c,0,669.8,64.16321,40.04256,5402.2,9966.09,2.38,2.32,-34.3,-0.413,19.56,21.2,02a60647o0608c
60647.473909,-17.447,0.042,-381,16,c,0,68.4,64.16321,40.04256,5424.5,9849.62,2.41,2.38,40.6,-0.41,19.54,21.18,02a60647o0620c
60649.438836,-15.822,1.623,-1703,2764,o,0,0.88,64.16321,40.04256,3632.77,4509.18,2.85,2.55,29.2,-0.385,19.45,20.86,01a60649o0544o
60649.442077,17.97,6.745,236,1588,o,0,0.71,64.16321,40.04256,3653.19,4547.4,3.09,2.75,31.7,-0.358,19.36,20.87,01a60649o0551o
60649.448589,14.959,0.905,3771,3414,o,0,1.13,64.16321,40.04256,3596.78,4468.58,2.83,2.47,32.2,-0.39,19.48,20.86,01a60649o0565o
60649.483515,15.426,2.475,2453,6070,o,0,1.14,64.16321,40.04256,3582.07,4580.62,2.88,2.57,38.9,-0.387,19.43,20.77,01a60649o0640o
60651.207453,-13.403,0.322,-15802,5081,o,0,19.72,64.16321,40.04256,9745.41,8816.08,2.91,2.51,-55.6,-0.414,18.88,19.74,02a60651o0057o
60651.210258,-13.787,0.896,-11100,9943,o,0,8.6,64.16321,40.04256,9766.8,8855.93,3.02,2.55,-53.3,-0.407,18.87,19.8,02a60651o0063o
60651.241579,-13.333,0.293,-16858,4936,o,0,9.21,64.16321,40.04256,9714.68,8783.63,3.22,2.3,-55.4,-0.411,19.07,20.11,02a60651o0130o
60651.244765,11.56,0.063,86275,5417,o,0,128.78,64.16321,40.04256,9695.18,8901.89,3.1,2.25,-53.8,-0.412,19.11,20.12,02a60651o0137o
60651.322294,-12.314,-0.0,-43103,0,o,0,-0.0,64.16321,40.04256,814.98,1728.15,2.54,2.4,51.9,-0.406,19.38,20.54,01a60651o0281o
60651.324122,0.0,0.0,0,0,o,0,-2.0,64.16321,40.04256,748.44,1643.94,2.59,2.45,56.4,-0.4,19.35,20.55,01a60651o0285o
60651.326867,12.081,0.572,53386,30512,o,0,0.0,64.16321,40.04256,853.73,1766.38,2.51,2.37,48.7,-0.402,19.39,20.55,01a60651o0291o
60651.346719,-12.8,1.087,-27531,29931,o,0,0.0,64.16321,40.04256,868.61,1652.44,2.65,2.49,52.1,-0.418,19.35,20.63,01a60651o0331o
60652.395341,-12.434,0.486,-38574,18764,o,0,0.0,64.16321,40.04256,7518.77,2842.33,2.54,2.46,46.7,-0.435,19.38,20.56,01a60652o0440o
60652.401941,15.033,5.642,3521,19867,o,0,0.0,64.16321,40.04256,7538.98,2879.75,2.43,2.3,32.5,-0.44,19.44,20.56,01a60652o0454o
60652.406174,-14.754,1.443,-4554,6573,o,0,1.62,64.16321,40.04256,7484.11,2801.95,2.49,2.33,31.9,-0.439,19.44,20.59,01a60652o0463o
60652.417927,16.531,6.881,886,6100,o,0,0.0,64.16321,40.04256,7466.68,2916.89,2.43,2.33,13.2,-0.433,19.51,20.68,01a60652o0488o
60653.394982,16.102,11.589,1316,15251,o,0,0.0,64.16321,40.04256,3025.2,7700.22,2.4,2.28,23.3,-0.419,19.13,20.2,02a60653o0465o
60653.398135,14.769,3.235,4492,14532,o,0,0.0,64.16321,40.04256,3006.13,7661.09,2.31,2.21,17.6,-0.422,19.16,20.26,02a60653o0471o
60653.400957,-14.05,1.058,-8706,9211,o,0,1.28,64.16321,40.04256,7525.22,2840.49,2.64,2.42,27.0,-0.408,19.27,20.3,01a60653o0461o
60653.40608,-13.863,0.404,-10344,4184,o,0,2.9,64.16321,40.04256,7544.95,2877.2,2.58,2.42,26.3,-0.421,19.27,20.29,01a60653o0472o
60653.409328,-18.431,40.383,-154,6223,o,0,0.75,64.16321,40.04256,7489.32,2801.21,2.77,2.67,32.5,-0.407,19.22,20.29,01a60653o0479o
60653.430919,-13.481,5.426,-14707,79803,o,0,0.0,64.16321,40.04256,3049.84,7733.48,2.24,2.15,7.7,-0.427,19.15,20.19,02a60653o0539o
60653.436395,0.0,0.0,0,0,o,0,-2.0,64.16321,40.04256,3027.38,7572.16,2.24,2.06,26.6,-0.417,19.24,20.21,02a60653o0551o
60653.442222,-14.722,1.246,-4692,5845,o,0,1.4,64.16321,40.04256,7474.29,2915.2,2.75,2.61,23.1,-0.392,19.21,20.31,01a60653o0549o
60655.467315,13.601,0.472,13176,6212,o,0,2.12,64.16321,40.04256,6808.79,1400.45,2.21,2.08,-65.7,-0.432,18.89,19.64,02a60655o0360o
60655.472797,0.0,0.0,0,0,o,0,-2.0,64.16321,40.04256,6742.9,1313.92,2.21,2.04,-60.1,-0.429,18.9,19.64,02a60655o0372o
60655.488253,-16.501,10.776,-912,9823,o,0,0.0,64.16321,40.04256,6845.65,1445.89,2.36,2.29,53.5,-0.425,18.74,19.62,02a60655o0405o
60655.491085,-15.243,4.566,-2902,13249,o,0,0.0,64.16321,40.04256,6866.25,1329.28,2.05,2.04,-74.8,-0.438,18.86,19.62,02a60655o0411o
60656.332658,-14.396,0.459,-6333,2905,o,0,2.17,64.16321,40.04256,8930.3,7969.79,2.72,2.56,50.7,-0.429,18.62,19.0,01a60656o0302o
60656.334491,-14.31,0.473,-6858,3243,o,0,2.12,64.16321,40.04256,8911.73,7929.62,2.62,2.54,51.0,-0.44,18.57,19.05,01a60656o0306o
60656.337234,0.0,0.0,0,0,o,0,-0.0,64.16321,40.04256,8967.27,8009.33,2.55,2.45,26.5,-0.535,17.85,18.8,01a60656o0312o
60656.343231,0.0,22.896,0,2,o,0,0.0,64.16321,40.04256,8985.5,7891.73,2.98,2.75,42.9,-0.395,15.88,16.09,01a60656o0325o
60661.462333,-15.186,0.981,-3059,3002,o,0,1.76,64.16321,40.04256,8636.27,4167.53,2.04,1.98,-0.1,-0.416,18.67,19.07,02a60661o0590o
60661.465532,14.19,2.007,7656,15369,o,0,0.0,64.16321,40.04256,8618.17,4126.77,1.99,1.94,31.4,-0.423,18.68,19.04,02a60661o0597o
60661.47291,0.0,0.0,0,0,o,0,-2.0,64.16321,40.04256,8628.63,4159.48,2.01,1.94,26.3,-0.423,18.55,18.96,02a60661o0613o
60661.508508,-16.589,2.905,-840,2442,o,0,2.61,64.16321,40.04256,8690.16,4090.65,2.06,1.98,7.7,-0.417,18.55,18.96,02a60661o0688o
60662.486169,-14.005,0.856,-9075,7767,o,0,3.12,64.16321,40.04256,9145.86,9828.96,2.41,1.99,-59.4,-0.464,18.97,19.5,02a60662o0645o
60662.493472,-13.321,0.661,-17044,11274,o,0,0.0,64.16321,40.04256,9125.11,9789.24,2.38,1.97,-60.4,-0.469,18.96,19.48,02a60662o0660o
60662.497172,-15.457,3.912,-2383,9322,o,0,0.0,64.16321,40.04256,9183.22,9871.27,2.48,2.01,-58.7,-0.454,18.93,19.47,02a60662o0668o
60662.510933,-14.686,1.596,-4850,7743,o,0,0.0,64.16321,40.04256,9197.91,9753.28,2.46,1.96,-56.9,-0.459,18.94,19.39,02a60662o0697o
60663.393005,-13.658,0.605,-12496,7566,o,0,0.67,64.16321,40.04256,9119.46,9844.73,2.32,1.84,-63.3,-0.473,19.28,19.97,02a60663o0441o
60663.396215,15.008,0.39,3604,1406,o,0,14.66,64.16321,40.04256,9098.75,9804.74,2.36,1.84,-62.3,-0.462,19.3,19.97,02a60663o0448o
60663.402127,-14.113,0.213,-8221,1751,o,0,2.37,64.16321,40.04256,9157.94,9885.41,2.4,1.86,-60.7,-0.462,19.25,19.95,02a60663o0461o
60663.412697,-15.255,1.515,-2870,4349,o,0,2.97,64.16321,40.04256,9176.39,9768.6,2.29,1.86,-62.3,-0.469,19.27,19.95,02a60663o0484o
60663.498629,15.289,3.145,2782,8748,o,0,1.16,64.16321,40.04256,1396.86,744.21,2.58,2.45,49.7,-0.447,19.15,20.02,01a60663o0275o
60664.433377,14.415,2.493,6225,15523,o,0,0.0,64.16321,40.04256,5628.05,4889.72,2.64,2.32,36.7,-0.401,19.31,20.24,01a60664o0418o
60664.441182,-12.803,0.511,-27473,14052,o,0,0.0,64.16321,40.04256,5646.0,4927.14,2.61,2.27,33.3,-0.413,19.29,20.2,01a60664o0435o
60664.445298,12.692,0.002,30421,68,o,0,112824.06,64.16321,40.04256,5588.22,4850.2,2.6,2.33,36.4,-0.41,19.28,20.2,01a60664o0444o
60664.469472,13.194,0.003,19167,51,o,0,295132.38,64.16321,40.04256,5571.17,4964.55,2.55,2.27,34.9,-0.413,19.25,20.12,01a60664o0495o
60665.380754,-16.021,0.869,-1418,1233,o,0,1.74,64.16321,40.04256,5620.52,4898.19,3.02,2.67,39.9,-0.386,19.31,20.64,01a60665o0402o
60665.384464,-14.848,0.732,-4178,3056,o,0,1.62,64.16321,40.04256,5638.68,4936.09,2.95,2.59,36.9,-0.381,19.34,20.59,01a60665o0410o
60665.389994,-15.09,0.49,-3342,1636,o,0,1.28,64.16321,40.04256,5582.63,4857.82,2.79,2.48,32.9,-0.395,19.36,20.52,01a60665o0422o
60665.400644,-17.878,4.287,-256,1099,o,0,1.24,64.16321,40.04256,5567.73,4971.9,2.96,2.67,28.7,-0.375,19.24,20.47,01a60665o0445o
60665.402214,15.092,4.397,3335,14666,o,0,0.0,64.16321,40.04256,4915.82,5675.79,2.46,1.76,35.0,-0.45,19.34,20.3,02a60665o0459o
60665.405396,0.0,0.0,0,0,o,0,-2.0,64.16321,40.04256,4852.11,5590.8,2.4,1.73,32.6,-0.453,19.31,20.28,02a60665o0466o
60665.411079,11.517,0.551,89786,49437,o,0,3.53,64.16321,40.04256,4955.59,5714.39,2.52,1.76,33.4,-0.454,19.28,20.24,02a60665o0478o
60665.42494,15.82,2.338,1706,3989,o,0,0.0,64.16321,40.04256,4972.96,5596.95,2.41,1.76,35.7,-0.451,19.31,20.22,02a60665o0508o
60666.366419,14.687,1.668,4846,8081,o,0,0.0,64.16321,40.04256,3317.44,9571.6,1.96,1.9,-46.8,-0.454,19.44,20.51,02a60666o0380o
60666.370048,16.208,13.011,1193,15522,o,0,0.0,64.16321,40.04256,3299.45,9533.53,1.93,1.86,-38.9,-0.454,19.44,20.5,02a60666o0388o
60666.381653,0.0,0.0,0,0,o,0,-2.0,64.16321,40.04256,3306.41,9562.48,1.93,1.88,-32.3,-0.451,19.45,20.47,02a60666o0412o
60666.387559,0.0,0.0,0,0,o,0,-2.0,64.16321,40.04256,3328.21,9445.02,1.97,1.89,5.1,-0.444,19.46,20.47,02a60666o0425o
60667.373539,0.0,0.0,0,0,o,0,-2.0,64.16321,40.04256,3260.04,9520.28,2.05,1.96,-23.4,-0.438,19.44,20.61,02a60667o0396o
60667.376704,0.0,0.0,0,0,o,0,-2.0,64.16321,40.04256,3242.68,9481.62,1.95,1.86,-22.0,-0.448,19.5,20.61,02a60667o0403o
60667.382681,12.384,0.3,40400,12138,o,0,0.0,64.16321,40.04256,3342.39,9603.18,1.97,1.88,-24.7,-0.446,19.49,20.62,02a60667o0416o
60667.393888,16.736,7.36,734,5400,o,0,0.0,64.16321,40.04256,3364.17,9485.67,2.04,1.88,-7.4,-0.436,19.47,20.6,02a60667o0440o
60669.372133,-14.796,1.614,-4380,7067,o,0,0.0,64.16321,40.04256,8837.3,6030.77,2.15,2.08,35.1,-0.433,19.38,20.54,02a60669o0392o
60669.380593,14.671,0.371,4915,1822,o,0,1.61,64.16321,40.04256,8816.29,5993.22,2.15,2.04,35.0,-0.427,19.43,20.55,02a60669o0410o
60669.383757,-16.183,1.333,-1222,1629,o,0,0.66,64.16321,40.04256,8874.16,6072.97,2.24,2.09,31.6,-0.425,19.39,20.56,02a60669o0417o
60669.401779,13.453,0.506,15095,7634,o,0,9.32,64.16321,40.04256,8896.36,5957.78,2.23,2.13,31.5,-0.424,19.34,20.5,02a60669o0456o
60671.374624,0.0,0.0,0,0,o,0,-2.0,64.16321,40.04256,2744.18,1564.44,2.01,1.87,26.2,-0.465,19.46,20.66,02a60671o0394o
60671.377844,0.0,0.0,0,0,o,0,-2.0,64.16321,40.04256,2725.42,1525.1,2.02,1.88,35.5,-0.467,19.43,20.68,02a60671o0401o
60671.383366,0.0,0.0,0,0,o,0,-2.0,64.16321,40.04256,2785.34,1601.25,2.05,1.85,33.2,-0.461,19.47,20.7,02a60671o0413o
60671.397056,0.0,0.0,0,0,o,0,-2.0,64.16321,40.04256,2807.14,1482.46,2.04,1.81,37.6,-0.466,19.5,20.73,02a60671o0443o
60673.373165,14.307,1.643,6877,11297,o,0,0.0,64.16321,40.04256,5776.3,9064.33,2.61,2.52,41.6,-0.398,19.5,20.84,01a60673o0388o
60673.376397,-14.394,1.212,-6346,7691,o,0,0.0,64.16321,40.04256,5797.83,9102.8,2.75,2.66,42.6,-0.387,19.47,20.84,01a60673o0395o
60673.382849,-14.677,0.853,-4887,4166,o,0,0.7,64.16321,40.04256,5737.53,9024.51,2.73,2.6,38.8,-0.385,19.49,20.84,01a60673o0409o
60673.394868,-14.865,0.624,-4110,2566,o,0,0.88,64.16321,40.04256,5720.22,9139.11,2.74,2.6,47.4,-0.386,19.4,20.84,01a60673o0435o
60674.383296,0.0,0.0,0,0,o,0,-2.0,64.16321,40.04256,1362.63,9655.75,2.29,1.96,-38.3,-0.484,19.37,20.62,02a60674o0408o
60674.389826,0.0,0.0,0,0,o,0,-2.0,64.16321,40.04256,1346.39,9616.69,2.19,1.93,-42.1,-0.499,19.37,20.54,02a60674o0422o
60674.41011,0.0,0.0,0,0,o,0,-2.0,64.16321,40.04256,1399.28,9692.57,2.14,1.89,-43.0,-0.497,19.39,20.55,02a60674o0466o
60674.413802,0.0,0.0,0,0,o,0,-2.0,64.16321,40.04256,1420.2,9572.35,2.13,1.89,-42.4,-0.49,19.4,20.56,02a60674o0474o
60675.382544,-12.724,0.908,-29540,26809,o,0,0.0,64.16321,40.04256,9085.78,833.42,2.28,2.15,-42.8,-0.486,19.55,20.79,01a60675o0326o
60675.398787,13.337,0.573,16803,9636,o,0,0.0,64.16321,40.04256,9106.5,870.53,3.05,2.8,-50.7,-0.428,19.29,20.78,01a60675o0360o
60675.41541,-14.471,2.892,-5909,17087,o,0,0.0,64.16321,40.04256,9053.06,793.13,2.5,2.4,9.1,-0.438,19.36,20.76,01a60675o0395o
60675.430661,-16.639,11.0,-802,8826,o,0,0.0,64.16321,40.04256,9034.48,910.6,2.48,2.31,9.1,-0.442,19.4,20.78,01a60675o0427o
60676.354303,13.983,2.303,9268,21346,o,0,0.0,64.16321,40.04256,5949.55,6733.93,2.61,2.27,37.9,-0.372,19.51,20.64,01a60676o0341o
60676.357522,13.359,0.73,16460,12016,o,0,0.0,64.16321,40.04256,5970.67,6771.89,2.64,2.32,37.2,-0.37,19.46,20.63,01a60676o0348o
60676.371602,-14.677,1.875,-4891,9172,o,0,0.0,64.16321,40.04256,5913.74,6693.22,2.83,2.49,39.7,-0.365,19.46,20.71,01a60676o0377o
60676.379155,-14.766,0.692,-4506,3118,o,0,1.98,64.16321,40.04256,5895.08,6808.62,2.77,2.43,39.0,-0.358,19.47,20.78,01a60676o0392o
60677.35998,13.155,0.974,19861,19338,o,0,1.2,64.16321,40.04256,5956.57,6730.15,2.65,2.35,30.2,-0.374,19.45,20.69,01a60677o0356o
60677.365516,-13.629,0.909,-12839,11675,o,0,1.56,64.16321,40.04256,5977.6,6767.97,2.6,2.33,35.5,-0.372,19.48,20.69,01a60677o0368o
60677.369643,-14.572,0.74,-5384,3984,o,0,1.47,64.16321,40.04256,5917.82,6690.85,2.69,2.33,30.3,-0.374,19.47,20.67,01a60677o0377o
60677.370604,0.0,0.0,0,0,o,0,-2.0,64.16321,40.04256,4549.13,3789.04,2.44,1.84,36.0,-0.461,19.41,20.57,02a60677o0380o
60677.373817,0.0,0.0,0,0,o,0,-2.0,64.16321,40.04256,4529.59,3750.77,2.45,1.92,36.6,-0.452,19.37,20.56,02a60677o0387o
60677.381167,-13.747,0.414,-11514,4763,o,0,2.31,64.16321,40.04256,5899.76,6805.15,2.61,2.29,33.3,-0.377,19.46,20.64,01a60677o0402o
60677.394862,14.217,9.735,7470,72723,o,0,0.0,64.16321,40.04256,4637.09,3873.03,2.4,1.89,35.9,-0.45,19.38,20.55,02a60677o0433o
60677.406415,0.0,0.0,0,0,o,0,-2.0,64.16321,40.04256,4611.59,3715.95,2.31,1.83,32.5,-0.455,19.42,20.52,02a60677o0458o
60678.347752,0.0,0.0,0,0,o,0,-2.0,64.16321,40.04256,1030.2,7815.94,2.15,2.01,6.5,-0.441,19.45,20.71,02a60678o0329o
60678.350927,0.0,0.0,0,0,o,0,-2.0,64.16321,40.04256,1012.42,7777.23,2.16,2.03,13.5,-0.441,19.45,20.71,02a60678o0336o
60678.356377,-12.606,0.403,-32919,13270,o,0,0.0,64.16321,40.04256,1113.97,7900.6,2.15,1.96,8.9,-0.448,19.44,20.7,02a60678o0348o
60678.37956,0.0,0.0,0,0,o,0,-2.0,64.16321,40.04256,1090.21,7735.33,2.04,1.85,6.7,-0.453,19.48,20.67,02a60678o0397o
60679.329039,-13.134,1.27,-20248,25709,o,0,0.0,64.16321,40.04256,9434.78,2679.13,2.44,2.33,-54.2,-0.443,19.25,20.48,01a60679o0285o
60679.332275,0.0,0.0,0,0,o,0,-2.0,64.16321,40.04256,9408.34,2671.38,2.39,2.33,-38.7,-0.438,19.37,20.61,01a60679o0292o
60679.338231,-14.415,2.341,-6220,14562,o,0,0.0,64.16321,40.04256,9399.37,2639.73,2.41,2.34,-41.4,-0.442,19.5,20.81,01a60679o0305o
60679.35094,14.514,1.613,5682,9163,o,0,0.0,64.16321,40.04256,1070.31,7857.96,2.11,1.93,0.1,-0.449,19.37,20.59,02a60679o0335o
60679.354174,0.0,0.0,0,0,o,0,-2.0,64.16321,40.04256,1006.72,7770.85,2.1,1.98,-10.7,-0.445,19.44,20.69,02a60679o0342o
60679.359703,0.0,0.0,0,0,o,0,-2.0,64.16321,40.04256,1061.89,7848.84,2.16,1.97,0.7,-0.445,19.3,20.58,02a60679o0354o
60679.362147,-13.209,0.869,-18890,16409,o,0,0.0,64.16321,40.04256,9382.91,2754.15,2.44,2.33,-41.9,-0.434,18.99,20.23,01a60679o0355o
60679.370704,11.725,0.344,74121,25475,o,0,2.08,64.16321,40.04256,1129.53,7777.22,2.15,1.95,4.1,-0.442,18.92,20.09,02a60679o0378o
60681.396199,0.0,0.0,0,0,o,0,-2.0,64.16321,40.04256,1005.19,5870.54,2.15,1.74,25.6,-0.458,19.38,20.36,02a60681o0426o
60681.424824,0.0,0.0,0,0,o,0,-2.0,64.16321,40.04256,9452.34,4569.4,2.48,2.33,13.6,-0.415,19.48,20.75,01a60681o0485o
60681.426258,0.0,0.0,0,0,o,0,-2.0,64.16321,40.04256,981.26,5824.33,2.18,1.8,27.0,-0.453,19.47,20.58,02a60681o0491o
60681.427645,0.0,0.0,0,0,o,0,-2.0,64.16321,40.04256,9470.21,4607.59,2.59,2.4,11.0,-0.406,19.43,20.75,01a60681o0491o
60681.429957,0.0,0.0,0,0,o,0,-2.0,64.16321,40.04256,1039.08,5899.98,2.24,1.82,27.0,-0.454,19.42,20.59,02a60681o0499o
60681.436631,0.0,0.0,0,0,o,0,-2.0,64.16321,40.04256,1060.6,5784.71,2.1,1.78,26.9,-0.465,19.44,20.58,02a60681o0512o
60681.461143,0.0,0.0,0,0,o,0,-2.0,64.16321,40.04256,9408.95,4537.9,2.39,2.25,-54.5,-0.443,19.44,20.61,01a60681o0562o
60681.468131,-12.763,0.487,-28487,13866,o,0,2.68,64.16321,40.04256,9437.66,4700.28,2.56,2.43,21.1,-0.407,19.34,20.58,01a60681o0576o
60682.343591,0.0,0.0,0,0,o,0,-2.0,64.16321,40.04256,2945.73,5740.11,2.32,1.8,33.4,-0.445,19.25,20.17,02a60682o0317o
60682.348866,15.191,1.676,3045,5104,o,0,0.0,64.16321,40.04256,2972.43,5745.66,2.24,1.74,30.4,-0.455,19.29,20.16,02a60682o0328o
60682.352059,14.419,0.993,6200,6156,o,0,0.0,64.16321,40.04256,3030.39,5823.2,2.37,1.79,29.8,-0.444,19.25,20.15,02a60682o0335o
60682.362118,0.0,0.0,0,0,o,0,-2.0,64.16321,40.04256,3002.67,5663.23,2.24,1.72,27.3,-0.457,19.32,20.15,02a60682o0357o
60683.346194,0.0,0.0,0,0,o,0,-2.0,64.16321,40.04256,2936.67,5733.67,2.34,1.77,25.7,-0.452,19.11,19.74,02a60683o0322o
60683.351656,0.0,0.0,0,0,o,0,-2.0,64.16321,40.04256,2918.04,5691.5,2.52,1.77,31.4,-0.441,19.1,19.72,02a60683o0334o
60683.354852,0.0,0.0,0,0,o,0,-2.0,64.16321,40.04256,2975.14,5770.29,2.42,1.79,26.7,-0.447,19.09,19.76,02a60683o0341o
60683.364631,0.0,0.0,0,0,o,0,-2.0,64.16321,40.04256,2993.39,5651.88,2.42,1.81,31.2,-0.447,19.06,19.71,02a60683o0362o
60690.387963,15.676,0.89,1947,1733,o,0,0.92,64.16321,40.04256,6537.72,3751.85,2.88,2.71,55.3,-0.393,18.54,19.29,02a60690o0407o
60690.391141,14.956,1.196,3779,4521,o,0,0.58,64.16321,40.04256,6518.2,3712.0,2.55,2.32,36.4,-0.414,18.64,19.28,02a60690o0414o
60690.414595,13.911,0.576,9900,5701,o,0,0.0,64.16321,40.04256,6577.21,3788.84,2.41,2.11,36.8,-0.422,18.63,19.18,02a60690o0465o
60690.421887,-13.917,0.535,-9848,5265,o,0,0.0,64.16321,40.04256,6598.43,3671.01,2.44,2.14,31.5,-0.414,18.64,19.13,02a60690o0481o
60691.34159,-18.452,58.484,-151,8833,o,0,0.0,64.16321,40.04256,6544.34,3753.44,2.16,1.78,31.4,-0.444,19.04,19.62,02a60691o0303o
60691.346821,14.873,2.254,4083,9204,o,0,0.0,64.16321,40.04256,6524.2,3717.38,2.18,1.83,32.6,-0.436,19.02,19.6,02a60691o0314o
60691.352848,0.0,0.0,0,0,o,0,-2.0,64.16321,40.04256,6536.73,3746.54,2.16,1.8,31.8,-0.435,19.08,19.62,02a60691o0327o
60691.367645,0.0,0.0,0,0,o,0,-2.0,64.16321,40.04256,6558.28,3628.52,2.29,1.9,35.6,-0.425,19.01,19.61,02a60691o0359o
60691.433677,-16.036,7.783,-1398,10885,o,0,1.11,64.16321,40.04256,4002.92,6815.69,2.45,2.3,40.7,-0.413,18.94,19.5,01a60691o0274o
60691.436917,12.6,0.287,33126,9519,o,0,2.3,64.16321,40.04256,4021.53,6854.29,2.62,2.44,50.5,-0.393,18.87,19.47,01a60691o0281o
60691.442071,12.963,0.527,23709,12485,o,0,0.01,64.16321,40.04256,3961.13,6776.51,2.7,2.61,53.0,-0.393,18.8,19.45,01a60691o0292o
60691.462521,-14.159,1.746,-7877,13750,o,0,0.0,64.16321,40.04256,3936.52,6892.54,2.58,2.31,48.1,-0.383,18.87,19.31,01a60691o0336o
60693.365101,13.377,0.712,16186,11518,o,0,0.0,64.16321,40.04256,8799.34,1373.07,2.32,1.83,-59.5,-0.474,19.09,19.9,02a60693o0338o
60693.387441,-13.406,0.601,-15764,9480,o,0,0.0,64.16321,40.04256,8774.86,1328.01,2.37,1.83,-59.8,-0.472,19.05,19.9,02a60693o0385o
60693.400589,-13.631,1.462,-12806,18724,o,0,0.0,64.16321,40.04256,8828.12,1406.41,2.04,1.8,-61.6,-0.484,19.05,19.85,02a60693o0413o
60693.40533,15.189,1.132,3050,3454,o,0,1.58,64.16321,40.04256,1775.82,9224.42,2.48,2.27,73.3,-0.429,19.19,19.98,01a60693o0428o
60693.405749,12.902,0.601,25069,15076,o,0,0.0,64.16321,40.04256,8855.01,1290.44,2.25,1.71,-56.3,-0.51,19.08,19.82,02a60693o0424o
60693.408124,-14.671,0.451,-4914,2218,o,0,1.31,64.16321,40.04256,1796.12,9264.25,2.69,2.35,67.3,-0.399,19.11,19.98,01a60693o0434o
60693.415568,-16.89,2.261,-637,1440,o,0,1.42,64.16321,40.04256,1737.04,9184.27,2.92,2.57,66.6,-0.38,19.05,19.97,01a60693o0450o
60693.426813,-16.566,2.931,-859,2517,o,0,1.61,64.16321,40.04256,1715.69,9298.67,2.82,2.43,70.0,-0.389,19.05,19.9,01a60693o0474o
60694.383065,12.428,0.337,38800,13070,o,0,0.0,64.16321,40.04256,6988.86,8018.7,2.34,2.07,36.7,-0.436,19.19,20.12,02a60694o0385o
60694.385886,13.797,0.782,10998,8596,o,0,0.0,64.16321,40.04256,6971.41,7979.52,2.29,2.02,36.8,-0.441,19.22,20.09,02a60694o0391o
60694.39157,-16.433,1.573,-970,1526,o,0,0.99,64.16321,40.04256,7022.45,8057.53,2.49,2.24,37.5,-0.422,19.12,20.06,02a60694o0403o
60694.409064,-17.803,4.829,-275,1327,o,0,0.68,64.16321,40.04256,7044.54,7939.35,2.72,2.53,41.3,-0.408,18.97,20.04,02a60694o0440o
60695.341914,-14.938,0.003,-3843,10,c,0,1941.22,64.16321,40.04256,6981.95,8022.37,2.54,2.32,32.3,-0.405,19.49,21.02,02a60695o0299c
60695.344698,-18.57,0.569,-136,77,c,0,2.17,64.16321,40.04256,6964.52,7982.62,2.48,2.34,31.5,-0.41,19.49,21.02,02a60695o0305c
60695.356845,-15.413,0.004,-2481,9,c,0,480.53,64.16321,40.04256,7019.84,8063.86,2.54,2.34,38.0,-0.413,19.48,21.05,02a60695o0330c
60695.373483,17.652,0.683,316,216,c,0,2.81,64.16321,40.04256,7040.13,7946.42,2.74,2.36,35.5,-0.4,19.44,21.09,02a60695o0366c
60695.44511,-13.421,0.954,-15540,14823,o,0,0.0,64.16321,40.04256,3528.45,2550.61,2.55,2.38,35.3,-0.445,19.09,19.91,01a60695o0507o
60695.457902,15.126,4.332,3234,14009,o,0,0.9,64.16321,40.04256,3545.41,2589.66,2.63,2.55,39.8,-0.441,18.97,19.81,01a60695o0533o
60695.465968,-14.522,0.817,-5641,4607,o,0,1.99,64.16321,40.04256,3488.83,2511.8,2.95,2.72,45.6,-0.408,18.85,19.71,01a60695o0549o
60695.490997,-14.907,0.896,-3954,3544,o,0,1.16,64.16321,40.04256,3467.65,2628.31,2.66,2.6,-88.3,-0.439,18.73,19.44,01a60695o0601o
60696.41921,13.28,1.08,17705,19126,o,0,0.0,64.16321,40.04256,5164.98,609.81,2.37,2.32,36.0,-0.46,19.39,20.53,01a60696o0457o
60696.437511,-12.994,0.7,-23046,16137,o,0,3.16,64.16321,40.04256,5186.41,649.21,2.44,2.37,49.0,-0.446,19.04,20.09,01a60696o0494o
60696.447002,-17.126,11.416,-512,5850,o,0,1.41,64.16321,40.04256,5127.33,572.33,2.37,2.35,-7.3,-0.474,19.12,20.07,01a60696o0513o
60696.453599,16.199,6.884,1203,8282,o,0,0.87,64.16321,40.04256,5107.07,690.54,2.46,2.42,67.3,-0.476,19.02,20.02,01a60696o0526o
60699.33136,17.274,0.922,447,412,c,0,0.94,64.16321,40.04256,6882.18,6079.0,2.56,2.38,34.6,-0.398,19.51,21.27,02a60699o0274c
60699.334538,-18.386,2.707,-160,435,c,0,1.22,64.16321,40.04256,6863.79,6040.19,2.54,2.38,27.3,-0.394,19.53,21.27,02a60699o0281c
60699.342301,-18.291,1.992,-175,349,c,0,1.18,64.16321,40.04256,6921.42,6117.24,2.58,2.35,30.6,-0.396,19.5,21.29,02a60699o0298c
60699.355762,16.72,0.514,745,383,c,0,3.9,64.16321,40.04256,6942.8,6000.62,2.58,2.41,32.5,-0.395,19.51,21.29,02a60699o0327c
60708.262573,13.565,1.48,13609,20137,o,0,0.0,64.16321,40.04256,7898.67,6598.6,2.49,2.43,20.9,-0.425,19.49,20.62,01a60708o0132o
60708.265784,-15.555,2.717,-2179,5919,o,0,2.03,64.16321,40.04256,7919.87,6637.42,2.56,2.47,32.4,-0.415,19.48,20.63,01a60708o0139o
60708.27558,-14.283,0.861,-7027,6049,o,0,1.64,64.16321,40.04256,7860.94,6559.82,2.55,2.48,23.3,-0.417,19.46,20.65,01a60708o0159o
60708.29331,-13.357,0.357,-16495,5886,o,0,1.23,64.16321,40.04256,7843.55,6674.85,2.59,2.53,22.4,-0.404,19.44,20.58,01a60708o0196o
60709.302598,0.0,0.0,0,0,o,0,-2.0,64.16321,40.04256,2595.23,3912.08,2.05,1.79,28.9,-0.476,19.4,20.45,02a60709o0218o
60709.305766,0.0,0.0,0,0,o,0,-2.0,64.16321,40.04256,2576.26,3873.33,2.19,1.79,31.6,-0.471,19.39,20.44,02a60709o0225o
60709.311736,0.0,0.0,0,0,o,0,-2.0,64.16321,40.04256,2637.0,3948.81,2.09,1.78,30.0,-0.471,19.4,20.43,02a60709o0238o
60709.321613,-14.776,0.943,-4463,4209,o,0,0.97,64.16321,40.04256,7915.54,6592.0,2.67,2.6,43.4,-0.418,19.32,20.53,01a60709o0259o
60709.322705,0.0,0.0,0,0,o,0,-2.0,64.16321,40.04256,2659.15,3830.53,2.1,1.78,31.1,-0.474,19.42,20.45,02a60709o0261o
60709.325786,-15.239,1.743,-2914,5079,o,0,2.19,64.16321,40.04256,7935.29,6630.21,2.76,2.59,40.8,-0.399,19.32,20.56,01a60709o0268o
60709.336974,-14.826,1.123,-4261,4783,o,0,1.45,64.16321,40.04256,7875.28,6554.09,2.78,2.47,35.9,-0.39,19.32,20.52,01a60709o0292o
60709.353778,-14.366,0.681,-6510,4434,o,0,1.99,64.16321,40.04256,7855.05,6672.29,3.01,2.73,42.3,-0.366,19.22,20.46,01a60709o0328o
60710.245056,12.951,0.531,23974,12722,o,0,0.0,64.16321,40.04256,9428.1,2672.54,2.55,2.45,15.9,-0.418,19.18,20.16,01a60710o0086o
60710.256447,-13.849,0.83,-10482,8700,o,0,2.6,64.16321,40.04256,9397.88,2632.94,2.42,2.28,-58.0,-0.476,19.31,20.19,01a60710o0107o
60710.262188,-11.55,0.407,-87115,35441,o,0,0.0,64.16321,40.04256,9378.8,2750.11,2.4,2.31,-51.6,-0.462,19.31,20.2,01a60710o0117o
60710.278287,0.0,0.0,0,0,o,0,-2.0,64.16321,40.04256,8568.74,4153.53,2.02,1.92,-71.7,-0.456,19.28,20.2,02a60710o0162o
60710.281014,15.74,5.735,1836,10529,o,0,0.0,64.16321,40.04256,8595.02,4160.59,2.03,1.97,-85.3,-0.45,19.33,20.2,02a60710o0168o
60710.291107,15.278,0.98,2811,2754,o,0,0.48,64.16321,40.04256,8651.41,4237.89,2.14,1.99,-62.4,-0.441,19.24,20.18,02a60710o0189o
60710.296636,13.55,0.625,13805,8633,o,0,0.0,64.16321,40.04256,8672.27,4125.69,2.01,1.91,-60.6,-0.45,19.31,20.18,02a60710o0201o
60716.329803,-11.842,0.549,-66536,36507,o,0,0.0,64.16321,40.04256,7198.97,976.1,2.34,2.28,-15.0,-0.473,18.65,18.87,01a60716o0268o
60716.342823,12.286,1.499,44214,66292,o,0,0.0,64.16321,40.04256,7218.21,1016.49,2.35,2.29,-3.3,-0.461,18.64,18.85,01a60716o0296o
60716.346044,16.239,35.963,1160,41728,o,0,0.0,64.16321,40.04256,7163.26,938.43,2.3,2.24,11.2,-0.463,18.64,18.85,01a60716o0303o
60716.354991,-15.085,3.036,-3356,10189,o,0,1.18,64.16321,40.04256,7142.49,1057.42,2.36,2.31,-18.3,-0.471,18.59,18.8,01a60716o0322o
60717.302975,-14.655,5.827,-4989,29070,o,0,0.09,64.16321,40.04256,7201.32,978.02,2.43,2.37,-8.1,-0.452,18.75,19.15,01a60717o0214o
60717.308081,12.16,0.058,49670,2875,o,0,15.05,64.16321,40.04256,7220.11,1016.69,2.43,2.35,-3.4,-0.457,18.74,19.13,01a60717o0225o
60717.311353,-13.34,1.183,-16755,19816,o,0,0.91,64.16321,40.04256,7164.69,939.92,2.55,2.43,22.7,-0.422,18.7,19.12,01a60717o0232o
60717.323444,-11.343,0.415,-105422,43739,o,0,0.0,64.16321,40.04256,7145.66,1058.44,2.34,2.29,-2.0,-0.465,18.75,19.07,01a60717o0258o
60717.368326,-14.911,2.387,-3942,9409,o,0,0.0,64.16321,40.04256,3310.22,9569.94,2.24,2.17,-1.7,-0.419,18.32,18.66,02a60717o0087o
60717.371509,-14.068,1.921,-8570,16467,o,0,0.0,64.16321,40.04256,3293.09,9529.46,2.2,2.12,-14.3,-0.418,18.33,18.65,02a60717o0094o
60717.378848,-13.373,0.751,-16252,12198,o,0,3.5,64.16321,40.04256,3347.67,9607.82,2.38,2.28,-1.6,-0.412,18.3,18.6,02a60717o0110o
60717.394482,-14.713,1.005,-4729,4752,o,0,15.97,64.16321,40.04256,3369.98,9485.27,2.41,2.32,-21.6,-0.42,18.18,18.48,02a60717o0144o
60718.35159,14.302,1.578,6906,10901,o,0,0.0,64.16321,40.04256,8839.21,6042.44,2.19,1.99,31.8,-0.437,18.58,18.86,02a60718o0318o
60718.354771,-16.553,15.246,-868,13237,o,0,8.16,64.16321,40.04256,8819.49,6001.76,2.14,1.96,34.0,-0.436,18.55,18.84,02a60718o0325o
60718.360242,-14.469,2.453,-5922,14528,o,0,0.0,64.16321,40.04256,8877.02,6080.28,2.1,1.98,27.9,-0.445,18.62,18.82,02a60718o0337o
60718.378259,-10.864,0.294,-163823,48159,o,0,1.03,64.16321,40.04256,8896.53,5960.18,2.28,2.13,26.0,-0.423,18.4,18.72,02a60718o0376o
60719.300804,-14.102,1.841,-8300,15284,o,0,0.0,64.16321,40.04256,8834.37,6043.0,2.13,1.99,39.2,-0.435,18.81,19.2,02a60719o0205o
60719.3045,14.245,2.11,7276,15354,o,0,1.2,64.16321,40.04256,8814.43,6002.66,2.13,2.0,38.8,-0.439,18.79,19.19,02a60719o0213o
60719.310023,14.702,3.374,4780,16125,o,0,0.0,64.16321,40.04256,8872.48,6082.36,2.17,2.01,40.0,-0.443,18.78,19.17,02a60719o0225o
60719.323369,-17.422,24.414,-390,9529,o,0,0.0,64.16321,40.04256,8894.19,5962.78,2.21,2.04,33.8,-0.43,18.69,19.13,02a60719o0254o
60719.360812,-15.963,3.622,-1496,5417,o,0,0.64,64.16321,40.04256,1701.99,4549.42,2.91,2.54,46.7,-0.367,18.65,19.12,01a60719o0336o
60719.364058,-15.003,0.487,-3622,1765,o,0,0.99,64.16321,40.04256,1720.24,4588.68,2.9,2.73,34.3,-0.399,18.6,19.1,01a60719o0343o
60719.373918,-16.346,3.032,-1051,3187,o,0,1.35,64.16321,40.04256,1660.97,4508.05,2.55,2.44,34.9,-0.423,18.66,19.03,01a60719o0364o
60719.379496,-14.594,1.376,-5276,7260,o,0,1.09,64.16321,40.04256,1640.02,4623.64,2.72,2.63,30.9,-0.426,18.59,19.0,01a60719o0376o
60721.31684,0.0,0.0,0,0,o,0,-2.0,64.16321,40.04256,2758.0,1573.66,1.92,1.9,77.3,-0.476,18.97,19.56,02a60721o0239o
60721.320036,0.0,0.0,0,0,o,0,-2.0,64.16321,40.04256,2738.2,1533.84,1.93,1.9,-81.9,-0.479,18.99,19.55,02a60721o0246o
60721.342191,0.0,0.0,0,0,o,0,-2.0,64.16321,40.04256,2797.41,1606.93,2.21,1.92,-85.0,-0.462,18.83,19.44,02a60721o0294o
60721.347626,0.0,0.0,0,0,o,0,-2.0,64.16321,40.04256,2817.71,1488.44,1.9,1.86,-79.4,-0.474,18.91,19.41,02a60721o0306o
60723.32713,0.0,0.0,0,0,o,0,-2.0,64.16321,40.04256,4750.77,1468.53,1.99,1.8,38.9,-0.457,19.24,20.15,02a60723o0221o
60723.329972,0.0,0.0,0,0,o,0,-2.0,64.16321,40.04256,4731.87,1424.21,1.9,1.86,69.0,-0.459,19.29,20.13,02a60723o0227o
60723.335625,0.0,0.0,0,0,o,0,-2.0,64.16321,40.04256,4792.39,1502.46,1.88,1.84,64.7,-0.456,19.26,20.06,02a60723o0239o
60723.352259,0.0,0.0,0,0,o,0,-2.0,64.16321,40.04256,4809.25,1382.51,2.12,1.92,56.9,-0.438,19.0,19.8,02a60723o0275o
60725.26391,12.844,0.889,26444,23512,o,0,0.0,64.16321,40.04256,9089.2,824.87,2.38,2.24,-30.7,-0.483,19.29,20.24,01a60725o0124o
60725.267199,-12.188,0.547,-48393,26450,o,0,0.0,64.16321,40.04256,9106.16,861.83,2.35,2.2,-28.5,-0.491,19.29,20.23,01a60725o0131o
60725.272297,-10.135,0.635,-320558,203487,o,0,0.0,64.16321,40.04256,9052.47,786.67,2.3,2.15,-36.9,-0.489,19.31,20.22,01a60725o0142o
60725.285701,0.0,0.0,0,0,o,0,-2.0,64.16321,40.04256,1372.23,9670.19,2.01,1.75,-42.1,-0.503,19.31,20.15,02a60725o0165o
60725.29456,-14.108,1.295,-8254,10685,o,0,0.0,64.16321,40.04256,9034.62,904.83,2.43,2.22,-48.7,-0.488,19.24,20.15,01a60725o0190o
60725.305205,-14.3,0.078,-6917,538,o,0,512.88,64.16321,40.04256,1402.43,9671.96,2.03,1.8,-43.3,-0.495,18.03,18.8,02a60725o0207o
60725.30839,-14.499,0.147,-5760,849,o,0,120.56,64.16321,40.04256,1458.33,9747.8,2.09,1.86,-38.5,-0.488,17.91,18.74,02a60725o0214o
60725.314349,-12.931,0.006,-24423,154,o,0,5026.07,64.16321,40.04256,1480.5,9629.34,2.05,1.75,-39.3,-0.507,18.83,19.68,02a60725o0227o
60727.286449,0.0,0.0,0,0,o,0,-2.0,64.16321,40.04256,4551.44,3798.7,2.2,1.76,31.5,-0.459,19.27,20.1,02a60727o0168o
60727.291947,0.0,0.0,0,0,o,0,-2.0,64.16321,40.04256,4531.94,3758.16,2.22,1.79,31.1,-0.462,19.28,20.1,02a60727o0180o
60727.295155,0.0,0.0,0,0,o,0,-2.0,64.16321,40.04256,4591.12,3835.81,2.31,1.79,32.8,-0.456,19.25,20.1,02a60727o0187o
60727.317701,0.0,0.0,0,0,o,0,-2.0,64.16321,40.04256,4614.73,3713.21,2.2,1.83,30.6,-0.458,19.24,20.11,02a60727o0236o
60729.25641,12.409,0.887,39499,35048,o,0,0.0,64.16321,40.04256,9447.92,2668.97,2.27,2.17,-22.9,-0.445,19.34,20.25,01a60729o0106o
60729.259175,11.824,2.333,67690,157892,o,0,0.0,64.16321,40.04256,9466.94,2707.1,2.28,2.17,-31.2,-0.448,19.36,20.23,01a60729o0112o
60729.264739,0.0,0.0,0,0,o,0,-2.0,64.16321,40.04256,9366.2,2586.08,2.28,2.15,-23.2,-0.456,19.33,20.21,01a60729o0124o
60729.275765,0.0,0.0,0,0,o,0,-2.0,64.16321,40.04256,9347.33,2704.45,2.29,2.17,-22.2,-0.451,19.32,20.19,01a60729o0148o
60729.292362,0.0,0.0,0,0,o,0,-2.0,64.16321,40.04256,1039.7,7823.11,2.05,1.95,-27.3,-0.465,19.25,20.09,02a60729o0177o
60729.296074,0.0,0.0,0,0,o,0,-2.0,64.16321,40.04256,1022.88,7783.54,1.98,1.84,-9.3,-0.469,19.28,20.1,02a60729o0185o
60729.312137,14.629,2.109,5112,10783,o,0,0.0,64.16321,40.04256,1124.36,7900.32,1.99,1.87,-9.4,-0.47,19.23,20.08,02a60729o0220o
60729.317705,0.0,0.0,0,0,o,0,-2.0,64.16321,40.04256,1099.27,7735.48,2.04,1.91,-4.2,-0.457,19.21,20.09,02a60729o0232o
60730.22342,0.0,0.0,0,0,o,0,-2.0,64.16321,40.04256,1045.97,7839.01,2.06,1.89,-34.5,-0.46,18.85,19.32,02a60730o0030o
60730.22837,-13.486,2.163,-14640,31671,o,0,1.39,64.16321,40.04256,9459.97,2709.16,2.36,2.2,-51.3,-0.453,19.29,20.13,01a60730o0044o
60730.232798,13.864,0.852,10337,8808,o,0,0.0,64.16321,40.04256,9404.7,2631.85,2.3,2.22,-41.8,-0.453,19.36,20.22,01a60730o0053o
60730.238169,12.001,0.641,57509,36860,o,0,0.0,64.16321,40.04256,9385.03,2748.67,2.27,2.18,-32.6,-0.454,19.37,20.26,01a60730o0064o
60731.258005,0.0,0.0,0,0,o,0,-2.0,64.16321,40.04256,994.99,5877.55,1.88,1.79,-16.6,-0.477,19.37,20.29,02a60731o0106o
60731.274558,0.0,0.0,0,0,o,0,-2.0,64.16321,40.04256,977.36,5837.12,1.91,1.82,-24.4,-0.469,19.38,20.3,02a60731o0142o
60731.287512,0.0,0.0,0,0,o,0,-2.0,64.16321,40.04256,1035.79,5906.83,1.81,1.77,-12.8,-0.472,19.39,20.27,02a60731o0170o
60731.290719,0.0,0.0,0,0,o,0,-2.0,64.16321,40.04256,1055.85,5789.95,1.85,1.77,8.1,-0.476,19.41,20.26,02a60731o0177o
60733.296951,-14.769,0.849,-4492,3815,o,0,0.83,64.16321,40.04256,7556.08,4763.9,2.72,2.48,43.1,-0.395,19.17,20.15,01a60733o0011o
60733.300191,15.348,2.549,2636,6719,o,0,0.76,64.16321,40.04256,7574.37,4802.25,2.74,2.55,49.9,-0.405,19.17,20.15,01a60733o0018o
60733.307698,-14.434,0.422,-6115,2583,o,0,1.5,64.16321,40.04256,7515.54,4725.78,2.61,2.4,36.5,-0.393,19.23,20.13,01a60733o0034o
60733.323449,-13.47,0.407,-14865,6048,o,0,1.54,64.16321,40.04256,7496.92,4844.34,2.5,2.39,31.2,-0.415,19.21,20.07,01a60733o0068o
60733.333737,0.0,0.0,0,0,o,0,-2.0,64.16321,40.04256,2943.01,5729.98,1.99,1.77,26.2,-0.462,19.21,19.97,02a60733o0269o
60733.336596,0.0,0.0,0,0,o,0,-2.0,64.16321,40.04256,2925.12,5690.86,1.96,1.77,26.8,-0.468,19.21,19.98,02a60733o0275o
60733.343686,0.0,0.0,0,0,o,0,-2.0,64.16321,40.04256,2981.63,5765.83,2.04,1.79,27.7,-0.454,19.22,19.95,02a60733o0290o
60733.354451,0.0,0.0,0,0,o,0,-2.0,64.16321,40.04256,3000.12,5648.17,2.16,1.82,31.1,-0.457,19.19,19.93,02a60733o0313o
60734.346152,-14.821,0.52,-4283,2227,o,0,5.96,64.16321,40.04256,7226.29,9875.85,2.26,1.91,-56.2,-0.471,19.3,20.12,02a60734o0295o
60734.350448,-14.445,0.261,-6053,1577,o,0,0.92,64.16321,40.04256,7206.14,9837.06,2.3,1.97,-49.9,-0.455,19.25,20.12,02a60734o0304o
60734.356657,-14.367,0.288,-6504,1876,o,0,2.58,64.16321,40.04256,7264.09,9914.22,2.35,1.9,-53.3,-0.462,19.28,20.1,02a60734o0317o
60734.366708,-14.974,1.309,-3720,4869,o,0,0.82,64.16321,40.04256,7282.54,9797.07,2.4,1.9,-51.9,-0.468,19.21,20.06,02a60734o0338o
60735.252819,16.953,5.168,601,3106,o,0,2.77,64.16321,40.04256,7231.4,9891.94,2.32,1.92,-58.4,-0.458,19.37,20.25,02a60735o0092o
60735.255687,11.758,0.158,71880,11362,o,0,0.0,64.16321,40.04256,7211.78,9852.38,2.25,1.93,-56.3,-0.463,19.38,20.24,02a60735o0098o
60735.277671,-14.831,1.175,-4243,4985,o,0,0.99,64.16321,40.04256,7267.5,9928.13,2.3,1.89,-54.5,-0.461,19.34,20.19,02a60735o0146o
60735.283738,14.283,0.634,7031,4455,o,0,0.01,64.16321,40.04256,7285.11,9811.9,2.37,2.1,-58.5,-0.443,19.26,20.16,02a60735o0159o
60736.237401,0.0,0.0,0,0,o,0,-2.0,64.16321,40.04256,1039.3,7823.83,1.94,1.77,-30.4,-0.474,19.37,20.19,02a60736o0058o
60736.242566,0.0,0.0,0,0,o,0,-2.0,64.16321,40.04256,1017.09,7782.04,1.9,1.74,-30.0,-0.481,19.39,20.23,02a60736o0068o
60736.255626,0.0,0.0,0,0,o,0,-2.0,64.16321,40.04256,9344.22,2703.86,2.27,2.15,-34.0,-0.458,19.39,20.32,01a60736o0092o
60737.269024,0.0,0.0,0,0,o,0,-2.0,64.16321,40.04256,9845.82,6396.91,2.3,2.15,-43.4,-0.471,19.36,20.25,01a60737o0130o
60737.279665,0.0,0.0,0,0,o,0,-2.0,64.16321,40.04256,9864.99,6434.39,2.35,2.27,-8.6,-0.465,19.3,20.22,01a60737o0153o
60737.287533,-13.25,1.898,-18193,34524,o,0,0.0,64.16321,40.04256,9848.5,6405.74,2.43,2.19,-49.5,-0.473,19.33,20.21,01a60737o0170o
60737.29771,0.0,0.0,0,0,o,0,-2.0,64.16321,40.04256,9780.91,6479.13,2.42,2.25,-48.0,-0.466,19.33,20.19,01a60737o0192o
60741.261506,-13.919,0.668,-9829,6569,o,0,4.88,64.16321,40.04256,4009.19,6819.62,2.59,2.31,40.5,-0.408,18.75,19.12,01a60741o0096o
60741.26712,-15.452,8.49,-2394,20324,o,0,0.4,64.16321,40.04256,4030.1,6858.64,2.76,2.36,43.0,-0.382,18.75,19.11,01a60741o0108o
60741.277831,14.497,2.464,5770,14219,o,0,0.0,64.16321,40.04256,3969.5,6780.37,2.57,2.35,38.6,-0.411,18.75,19.09,01a60741o0131o
60741.28382,12.949,0.919,24020,22079,o,0,0.0,64.16321,40.04256,3949.42,6896.72,2.49,2.36,36.9,-0.415,18.74,19.08,01a60741o0144o
60743.32077,-17.029,3.676,-560,2060,o,0,1.41,64.16321,40.04256,8802.5,1368.87,3.0,2.61,-58.1,-0.422,18.12,18.82,02a60743o0034o
60743.323961,15.677,0.484,1946,943,o,0,1.0,64.16321,40.04256,8782.92,1328.73,3.12,2.68,-57.6,-0.419,18.13,18.81,02a60743o0041o
60743.329509,-17.666,4.697,-312,1464,o,0,0.85,64.16321,40.04256,8841.07,1410.25,2.88,2.51,-55.4,-0.437,18.12,18.79,02a60743o0053o
60743.341903,-15.418,0.831,-2471,2053,o,0,0.78,64.16321,40.04256,8863.67,1289.95,3.12,2.59,-57.1,-0.449,18.0,18.69,02a60743o0080o
60744.29109,15.256,8.476,2868,24312,o,0,2.03,64.16321,40.04256,3532.46,2548.48,2.3,2.14,37.1,-0.495,17.66,17.45,01a60744o0175o
60744.31199,-12.105,0.043,-52219,2261,o,0,261.06,64.16321,40.04256,3548.82,2587.11,2.51,2.35,36.0,-0.468,16.49,16.06,01a60744o0220o
60744.315267,13.081,0.524,21263,11140,o,0,0.73,64.16321,40.04256,3493.02,2509.08,2.57,2.32,38.2,-0.448,17.34,17.24,01a60744o0227o
60744.320494,13.329,0.978,16914,16542,o,0,0.53,64.16321,40.04256,3473.0,2626.31,2.56,2.26,42.8,-0.453,17.2,17.07,01a60744o0238o
60745.296964,16.028,2.377,1409,3349,o,0,1.49,64.16321,40.04256,6990.39,8027.79,2.45,2.1,33.9,-0.441,18.59,19.09,02a60745o0010o
60745.307151,-15.406,1.271,-2498,3174,o,0,1.61,64.16321,40.04256,6972.18,7986.57,2.41,2.23,38.9,-0.437,18.53,19.05,02a60745o0032o
60745.315031,13.845,0.603,10520,6340,o,0,1.38,64.16321,40.04256,7026.57,8064.79,2.25,2.12,39.8,-0.454,18.54,18.98,02a60745o0049o
60745.318218,13.804,1.169,10926,12777,o,0,0.0,64.16321,40.04256,7046.42,7949.07,2.39,2.16,40.2,-0.44,18.53,18.96,02a60745o0056o
60747.223511,-13.273,0.643,-17817,11460,o,0,1.24,64.16321,40.04256,9440.42,2669.6,2.89,2.64,-59.3,-0.431,18.36,18.64,01a60747o0026o
60747.234308,13.454,0.631,15085,9514,o,0,3.39,64.16321,40.04256,9463.69,2706.42,3.48,3.17,-53.3,-0.409,18.42,19.16,01a60747o0049o
60747.252605,-12.994,2.47,-23043,56927,o,0,0.0,64.16321,40.04256,1113.12,7901.95,2.05,1.88,-41.9,-0.484,18.62,19.09,02a60747o0077o
60747.269233,13.752,1.475,11465,16910,o,0,0.0,64.16321,40.04256,1134.08,7779.11,2.29,2.18,-32.3,-0.44,18.46,18.99,02a60747o0110o
60748.228456,0.0,0.0,0,0,o,0,-2.0,64.16321,40.04256,1033.41,7824.17,2.11,1.99,-36.7,-0.467,18.71,19.19,02a60748o0030o
60748.232289,0.0,0.0,0,0,o,0,-2.0,64.16321,40.04256,9419.38,2663.67,2.44,2.31,-50.5,-0.449,19.01,19.69,01a60748o0045o
60748.236583,13.122,5.867,20467,120078,o,0,0.0,64.16321,40.04256,9409.19,2633.17,2.5,2.32,-54.3,-0.457,19.07,19.85,01a60748o0054o
60748.240402,0.0,0.0,0,0,o,0,-2.0,64.16321,40.04256,9344.44,2705.97,2.49,2.26,-54.3,-0.463,19.13,19.94,01a60748o0062o
60749.239423,14.522,4.099,5640,23120,o,0,0.0,64.16321,40.04256,3634.03,4492.78,2.69,2.21,41.6,-0.407,18.92,19.39,01a60749o0016o
60749.242268,-13.901,1.404,-9989,14027,o,0,2.67,64.16321,40.04256,3654.97,4531.52,2.79,2.25,40.2,-0.4,18.91,19.36,01a60749o0022o
60749.249359,-15.363,5.303,-2600,13788,o,0,1.16,64.16321,40.04256,3598.8,4451.97,2.57,2.16,39.8,-0.423,18.89,19.3,01a60749o0037o
60749.261462,13.175,1.634,19500,31856,o,0,0.0,64.16321,40.04256,3581.03,4568.1,2.3,2.08,35.9,-0.46,18.93,19.23,01a60749o0063o
60751.251715,0.0,0.0,0,0,o,0,-2.0,64.16321,40.04256,741.48,1699.81,2.14,1.86,-65.2,-0.468,19.22,20.09,02a60751o0072o
60751.268277,0.0,0.0,0,0,o,0,-2.0,64.16321,40.04256,718.6,1657.83,2.13,1.83,-66.1,-0.471,19.26,20.08,02a60751o0108o
60751.2715,0.0,0.0,0,0,o,0,-2.0,64.16321,40.04256,779.32,1734.58,2.12,1.88,-67.6,-0.463,19.18,20.08,02a60751o0115o
60751.286664,0.0,0.0,0,0,o,0,-2.0,64.16321,40.04256,797.39,1613.52,2.1,1.81,-62.8,-0.487,19.04,19.8,02a60751o0148o
60753.242547,-13.426,0.29,-15473,4490,o,0,5.26,64.16321,40.04256,2983.5,7721.32,2.49,2.45,4.7,-0.41,13.17,14.05,02a60753o0051o
60753.245761,-14.681,1.188,-4871,5784,o,0,1.56,64.16321,40.04256,2965.92,7682.4,2.35,2.3,7.6,-0.419,12.8,13.63,02a60753o0058o
60753.256476,-13.205,0.106,-18960,2012,o,0,11.41,64.16321,40.04256,3020.73,7757.15,2.26,2.15,19.9,-0.423,13.9,14.6,02a60753o0081o
60759.288691,14.83,2.348,4246,9967,c,0,1.25,64.16321,40.04256,2634.94,3938.66,2.54,2.34,36.7,-0.404,19.06,20.39,02a60759o0152c
60759.291897,13.465,1.447,14923,21588,c,0,0.0,64.16321,40.04256,2616.2,3900.71,2.28,2.23,-48.5,-0.419,19.11,20.36,02a60759o0159c
60759.31501,13.187,0.658,19277,12681,c,0,0.0,64.16321,40.04256,2677.01,3970.76,2.48,2.28,-58.6,-0.41,18.92,20.15,02a60759o0209c
60761.241259,15.033,1.108,3523,3903,o,0,1.98,64.16321,40.04256,1940.7,6397.5,2.53,2.19,46.0,-0.444,19.16,19.9,01a60761o0060o
60761.244049,-15.738,3.169,-1840,5832,o,0,1.02,64.16321,40.04256,1960.37,6436.5,2.46,2.22,45.8,-0.451,19.13,19.91,01a60761o0066o
60761.256585,15.275,1.24,2818,3496,o,0,3.56,64.16321,40.04256,1900.68,6356.77,2.51,2.26,45.4,-0.442,19.1,19.87,01a60761o0093o
60761.265858,-15.336,0.878,-2663,2337,o,0,1.84,64.16321,40.04256,1879.48,6471.28,2.39,2.22,48.4,-0.453,19.14,19.85,01a60761o0113o
60762.243886,-16.0,0.005,-1445,8,c,0,3763.99,64.16321,40.04256,9127.29,9856.41,2.72,2.46,-49.9,-0.396,19.27,20.46,02a60762o0053c
60762.248957,-14.464,0.001,-5946,8,c,0,683.37,64.16321,40.04256,9106.43,9815.47,2.77,2.47,-49.4,-0.392,19.26,20.47,02a60762o0064c
60762.257722,14.163,0.0,7852,3,c,0,22562.11,64.16321,40.04256,9164.66,9894.38,2.79,2.48,-48.3,-0.394,19.26,20.44,02a60762o0083c
60762.262367,-14.253,0.001,-7225,6,c,0,2476.97,64.16321,40.04256,9182.56,9774.78,2.83,2.46,-49.9,-0.392,19.26,20.43,02a60762o0093c
60773.22718,11.629,0.385,81019,31167,o,0,1.58,64.16321,40.04256,5767.32,9053.25,2.73,2.5,49.6,-0.397,17.98,17.88,01a60773o0003o
60773.229946,12.732,0.9,29335,26388,o,0,0.45,64.16321,40.04256,5787.76,9092.04,2.62,2.58,-73.7,-0.419,18.3,18.46,01a60773o0009o
60773.232065,-13.077,1.304,-21340,27834,o,0,0.0,64.16321,40.04256,4801.44,1505.59,2.17,2.02,-55.3,-0.44,17.97,18.27,02a60773o0008o
60773.23968,14.826,1.24,4263,5284,o,0,2.58,64.16321,40.04256,5725.57,9014.85,2.45,2.38,67.0,-0.416,18.75,19.12,01a60773o0030o
60773.253082,12.916,0.703,24762,17417,o,0,1.78,64.16321,40.04256,5701.75,9132.16,2.48,2.35,79.3,-0.415,18.7,19.11,01a60773o0059o
60879.575583,13.123,0.884,20456,18088,o,0,0.91,64.16321,40.04256,9611.56,2636.27,2.92,2.59,-54.0,-0.412,19.0,20.35,02a60879o0647o
60879.578839,-14.86,0.947,-4132,3914,o,0,1.58,64.16321,40.04256,9667.11,2810.55,2.97,2.74,-45.5,-0.392,19.01,20.3,02a60879o0653o
60879.584794,-13.772,0.97,-11249,10916,o,0,0.49,64.16321,40.04256,9375.07,2429.94,2.58,2.26,-53.5,-0.436,19.06,20.33,02a60879o0664o
60879.590228,12.975,1.595,23452,37396,o,0,0.0,64.16321,40.04256,9231.89,3076.98,2.43,2.28,-59.2,-0.406,19.05,20.23,02a60879o0674o
60881.555749,-13.477,1.576,-14766,23267,o,0,0.7,64.16321,40.04256,9609.32,4567.69,2.23,2.05,-57.3,-0.443,18.88,20.04,02a60881o0621o
60881.560554,-15.074,4.483,-3390,15199,o,0,0.72,64.16321,40.04256,9742.55,4776.55,2.21,2.03,-52.2,-0.457,18.92,20.1,02a60881o0631o
60881.578227,-13.552,0.001,-13779,8,o,0,26186.65,64.16321,40.04256,9351.4,4552.08,2.18,2.14,-30.9,-0.425,17.9,19.06,02a60881o0668o
60881.583878,13.074,0.017,21402,361,o,0,56686.17,64.16321,40.04256,9270.1,5019.32,2.3,2.24,16.2,-0.42,18.35,19.61,02a60881o0680o
60881.590287,-14.899,4.1,-3986,16343,o,0,0.83,64.16321,40.04256,9501.46,4662.12,2.16,2.12,-34.4,-0.428,18.74,19.91,02a60881o0693o
60881.623124,0.0,0.0,0,0,o,0,-2.0,64.16321,40.04256,8584.65,5058.87,2.23,2.06,29.9,-0.416,18.67,19.32,02a60881o0759o
60881.623576,0.0,0.0,0,0,o,0,-2.0,64.16321,40.04256,10248.32,5133.89,2.22,1.98,-49.7,-0.479,18.63,19.25,02a60881o0760o
60881.625597,11.486,0.757,92424,69920,o,0,0.0,64.16321,40.04256,9567.56,3695.5,2.12,1.97,-44.6,-0.436,18.26,18.73,02a60881o0764o
60883.598958,12.531,0.686,35294,24218,o,0,0.0,64.16321,40.04256,7679.5,4682.51,2.15,1.88,31.1,-0.429,19.37,20.39,02a60883o0693o
60883.608289,0.0,0.0,0,0,o,0,-2.0,64.16321,40.04256,7747.38,4866.94,2.17,1.87,30.9,-0.431,19.39,20.41,02a60883o0713o
60883.615082,0.0,0.0,0,0,o,0,-2.0,64.16321,40.04256,7400.21,4407.55,2.2,1.83,32.7,-0.432,19.28,20.2,02a60883o0728o
60883.620074,12.079,0.576,53498,30790,o,0,0.0,64.16321,40.04256,7326.59,5149.71,2.32,1.9,31.6,-0.426,18.96,19.72,02a60883o0739o
60884.598134,-13.499,1.78,-14462,25742,o,0,0.0,64.16321,40.04256,3432.21,596.05,1.87,1.81,72.5,-0.479,19.37,20.46,02a60884o0653o
60884.602224,-17.765,31.934,-285,9088,o,0,0.73,64.16321,40.04256,3540.02,831.51,1.89,1.79,48.0,-0.477,19.39,20.49,02a60884o0662o
60884.60679,12.705,1.428,30060,42932,o,0,0.0,64.16321,40.04256,3199.03,353.58,1.86,1.77,73.8,-0.468,19.37,20.45,02a60884o0672o
60884.612242,-18.219,26.48,-187,4957,o,0,2.49,64.16321,40.04256,3089.41,1056.08,1.9,1.76,45.5,-0.496,19.33,20.38,02a60884o0684o
60886.565765,-13.264,0.463,-17965,8314,o,0,5.37,64.16321,40.04256,638.55,4135.04,3.08,2.84,41.7,-0.334,19.05,20.35,01a60886o0464o
60886.571341,14.32,0.0,6791,2,o,0,25636.31,64.16321,40.04256,502.49,3925.56,3.11,2.88,46.5,-0.334,18.33,19.63,01a60886o0476o
60886.577428,15.139,0.847,3194,2706,o,0,1.22,64.16321,40.04256,849.67,4385.27,3.53,3.26,51.9,-0.336,18.98,20.4,01a60886o0489o
60886.586657,-14.804,6.191,-4348,26917,o,0,0.0,64.16321,40.04256,9688.92,6790.6,2.65,2.39,-40.9,-0.43,19.13,20.41,02a60886o0669o
60886.588701,-15.638,0.639,-2017,1289,o,0,8.18,64.16321,40.04256,10511.15,4292.57,2.65,2.58,-28.3,-0.523,19.0,20.23,01a60886o0512o
60886.592259,16.863,8.64,653,5641,o,0,0.79,64.16321,40.04256,770.2,3981.23,2.96,2.67,47.1,-0.351,18.58,19.92,01a60886o0519o
60886.5952,15.575,0.231,2138,494,o,0,16.57,64.16321,40.04256,10413.78,4030.77,2.83,2.72,-2.3,-0.321,18.53,19.88,01a60886o0525o
60886.620417,14.705,1.558,4766,7428,o,0,1.14,64.16321,40.04256,1492.26,3670.09,3.01,2.67,47.4,-0.39,18.69,19.69,01a60886o0575o
60887.594352,14.942,0.059,3829,227,c,0,5.29,64.16321,40.04256,9905.69,6472.59,3.21,3.04,-56.2,-0.398,19.21,21.09,02a60887o0723c
60887.598509,-15.409,0.005,-2491,13,c,0,198.32,64.16321,40.04256,9923.9,6509.19,3.09,2.95,-33.6,-0.388,19.25,21.1,02a60887o0732c
60887.619627,14.958,0.111,3774,420,c,0,6.34,64.16321,40.04256,9855.42,6432.14,2.86,2.71,-49.4,-0.405,19.22,20.79,02a60887o0777c
60887.627917,20.478,1.829,23,43,c,0,5.28,64.16321,40.04256,9835.81,6553.5,2.95,2.78,-26.4,-0.405,18.29,19.18,02a60887o0794c
60891.602809,15.203,0.206,3012,619,c,0,15.62,64.16321,40.04256,4014.47,6810.81,2.7,2.32,31.8,-0.389,19.36,20.97,02a60891o0783c
60891.618937,-15.303,0.228,-2747,625,c,0,5.81,64.16321,40.04256,4031.99,6851.25,2.6,2.24,34.6,-0.397,19.34,20.82,02a60891o0818c
60891.622589,15.474,1.099,2347,2579,c,0,0.87,64.16321,40.04256,3972.88,6773.82,2.58,2.29,35.3,-0.394,19.22,20.52,02a60891o0826c
60891.629268,-15.018,0.281,-3572,1003,c,0,1.33,64.16321,40.04256,3947.05,6888.64,2.64,2.24,33.6,-0.386,18.47,19.32,02a60891o0840c
60893.595158,14.866,0.606,4107,2488,o,0,2.02,64.16321,40.04256,8856.18,1373.3,2.54,2.37,25.5,-0.436,18.9,19.77,01a60893o0783o
60893.606328,14.788,1.053,4415,4648,o,0,0.0,64.16321,40.04256,8835.31,1333.94,2.37,2.32,-68.2,-0.475,18.82,19.72,01a60893o0807o
60893.620632,14.168,1.102,7810,8610,o,0,0.03,64.16321,40.04256,8887.75,1409.96,2.28,2.26,-47.7,-0.48,18.97,19.71,01a60893o0836o
60893.626721,14.426,1.86,6162,11459,o,0,0.0,64.16321,40.04256,8909.52,1293.31,2.32,2.29,34.8,-0.476,18.63,19.05,01a60893o0849o
60895.597347,-14.857,1.494,-4142,6189,o,0,1.07,64.16321,40.04256,3572.08,2546.18,2.21,1.89,28.2,-0.461,18.65,19.21,02a60895o0785o
60895.617155,14.051,4.527,8705,39406,o,0,0.0,64.16321,40.04256,3588.63,2587.24,2.24,1.84,38.7,-0.469,18.78,19.39,02a60895o0827o
60895.621817,12.992,1.04,23075,24000,o,0,0.0,64.16321,40.04256,3526.8,2505.46,2.25,1.83,33.2,-0.465,18.73,19.35,02a60895o0837o
60895.628408,-12.771,0.277,-28291,7850,o,0,1.65,64.16321,40.04256,3505.24,2622.2,2.27,1.84,32.6,-0.47,18.31,18.79,02a60895o0851o
60897.601129,12.106,0.509,52190,26550,o,0,0.0,64.16321,40.04256,5215.54,617.77,1.92,1.8,-72.5,-0.473,18.7,19.24,02a60897o0790o
60897.606478,-14.009,0.475,-9048,4294,o,0,1.98,64.16321,40.04256,5371.24,9942.55,2.58,2.3,69.0,-0.396,18.91,19.4,01a60897o0735o
60897.610662,-12.348,0.595,-41757,24857,o,0,0.0,64.16321,40.04256,5352.72,9903.43,2.72,2.3,64.3,-0.387,18.9,19.43,01a60897o0744o
60897.61831,14.409,0.814,6258,5096,o,0,1.59,64.16321,40.04256,5408.03,9983.62,2.61,2.3,64.4,-0.394,18.95,19.45,01a60897o0759o
60897.61964,-12.424,0.584,-38946,22737,o,0,0.25,64.16321,40.04256,5229.83,654.56,1.93,1.75,-64.8,-0.472,18.77,19.3,02a60897o0830o
60897.626349,15.942,10.76,1524,16400,o,0,0.0,64.16321,40.04256,5430.84,9866.99,2.66,2.31,63.7,-0.392,18.81,19.22,01a60897o0776o
60897.630377,-11.394,0.329,-100556,33105,o,0,0.55,64.16321,40.04256,5171.42,576.1,1.9,1.73,-68.1,-0.479,18.53,18.97,02a60897o0853o
60897.632781,-11.773,0.262,-70937,18554,o,0,1.79,64.16321,40.04256,5150.92,693.15,1.93,1.72,-62.9,-0.484,18.26,18.64,02a60897o0858o
60899.580891,14.154,3.511,7913,27782,o,0,3.37,64.16321,40.04256,3788.12,9143.95,2.24,2.05,31.0,-0.422,19.14,19.54,02a60899o0262o
60899.589192,16.776,31.765,707,22460,o,0,1.35,64.16321,40.04256,3804.46,9183.06,2.26,2.06,32.2,-0.411,19.11,19.56,02a60899o0268o
60899.597488,-12.735,1.318,-29231,38536,o,0,0.0,64.16321,40.04256,3744.44,9103.92,2.3,2.16,24.8,-0.412,19.13,19.61,02a60899o0274o
60899.605789,12.715,1.778,29795,52983,o,0,0.0,64.16321,40.04256,3723.58,9220.69,2.26,2.1,21.8,-0.424,19.19,19.62,02a60899o0280o
60904.612455,-15.065,3.299,-3420,11282,o,0,0.0,64.16321,40.04256,3774.8,9143.15,2.51,2.13,26.0,-0.405,19.44,19.98,02a60904o0286o
60904.620752,-13.822,3.208,-10748,34484,o,0,0.0,64.16321,40.04256,3790.49,9183.33,2.39,2.09,30.7,-0.412,19.37,19.9,02a60904o0292o
60904.629052,-15.026,3.51,-3545,12444,o,0,0.99,64.16321,40.04256,3731.65,9105.33,2.38,2.07,32.9,-0.408,18.96,19.28,02a60904o0298o
60907.581109,11.525,-0.0,89151,0,o,0,0.0,64.16321,40.04256,6834.84,1424.07,2.39,2.32,40.0,-0.435,20.17,20.65,01a60907o0268o
60907.589431,-15.871,3.873,-1627,6303,o,0,0.0,64.16321,40.04256,6815.15,1384.17,2.32,2.22,38.4,-0.452,19.97,20.43,01a60907o0274o
60907.597764,16.041,3.651,1392,5080,o,0,0.0,64.16321,40.04256,6870.41,1462.78,2.47,2.34,40.7,-0.438,20.01,20.54,01a60907o0280o
60907.606106,0.0,0.0,0,0,o,0,-2.0,64.16321,40.04256,6842.53,1300.81,2.43,2.33,50.9,-0.445,19.84,20.47,01a60907o0286o
60910.577421,-17.584,29.364,-336,9865,o,0,0.0,64.16321,40.04256,3781.73,9141.56,2.33,2.14,35.2,-0.411,19.88,20.83,02a60910o0265o
60910.585719,15.831,8.958,1688,15125,o,0,0.0,64.16321,40.04256,3796.09,9180.67,2.27,2.1,34.2,-0.418,19.92,20.89,02a60910o0271o
60910.594029,-16.212,5.555,-1189,6604,o,0,0.51,64.16321,40.04256,3736.23,9102.11,2.36,2.09,27.6,-0.417,19.95,20.93,02a60910o0277o
60910.602333,-17.255,33.923,-455,15436,o,0,0.0,64.16321,40.04256,3715.41,9219.55,2.34,2.09,29.7,-0.417,19.99,21.04,02a60910o0283o
60916.599597,15.396,0.462,2522,1166,c,0,1.32,64.16321,40.04256,3335.91,9556.97,3.26,2.97,67.5,-0.315,19.59,21.49,01a60916o0746c
60916.602801,14.589,0.427,5301,2264,c,0,0.75,64.16321,40.04256,3318.57,9518.12,3.23,2.96,70.5,-0.316,19.58,21.5,01a60916o0753c
60916.611152,-17.4,1.757,-398,700,c,0,1.16,64.16321,40.04256,3374.42,9598.39,3.48,3.15,73.0,-0.315,19.53,21.52,01a60916o0768c
60916.623404,16.249,0.468,1149,538,c,0,1.23,64.16321,40.04256,3395.47,9479.62,3.65,3.24,61.1,-0.282,19.44,21.48,01a60916o0793c
60917.563081,-13.362,1.571,-16417,25784,o,0,0.0,64.16321,40.04256,7246.17,1000.08,2.34,1.8,-56.5,-0.482,19.25,20.71,02a60917o0162o
60917.565805,11.996,0.624,57758,36031,o,0,0.0,64.16321,40.04256,7260.78,1039.32,2.35,1.84,-58.3,-0.477,19.25,20.75,02a60917o0168o
60917.575398,-16.951,30.683,-602,18477,o,0,0.0,64.16321,40.04256,7205.39,961.36,2.31,1.82,-57.4,-0.479,19.39,20.86,02a60917o0187o
60917.580925,16.593,1.352,837,1132,c,0,1.07,64.16321,40.04256,3345.85,9554.94,3.54,3.04,65.6,-0.287,19.47,21.39,01a60917o0329c
60917.58605,15.806,0.562,1728,972,c,0,0.8,64.16321,40.04256,3325.55,9515.08,3.29,2.99,68.6,-0.314,19.53,21.37,01a60917o0340c
60917.586411,-14.223,1.272,-7430,9448,o,0,1.1,64.16321,40.04256,7177.68,1080.64,2.27,1.82,-61.9,-0.48,19.38,20.88,02a60917o0211o
60917.588851,15.433,0.525,2437,1279,c,0,0.8,64.16321,40.04256,3382.88,9594.66,3.35,3.01,71.8,-0.302,19.46,21.34,01a60917o0346c
60917.614085,-15.945,0.642,-1520,977,c,0,1.45,64.16321,40.04256,3401.03,9479.19,3.65,3.09,64.6,-0.276,19.47,21.44,01a60917o0400c
60918.55156,13.24,0.003,18368,49,c,0,2793.13,64.16321,40.04256,8868.8,6035.91,3.1,2.93,49.6,-0.359,18.14,19.83,01a60918o0463c
60918.557754,13.592,0.001,13285,11,c,0,5197.23,64.16321,40.04256,8851.2,5997.2,3.54,3.04,38.9,-0.303,18.35,20.17,01a60918o0476c
60918.564463,13.915,0.001,9862,7,c,0,6364.7,64.16321,40.04256,8908.37,6076.48,3.53,3.05,42.1,-0.304,18.56,20.39,01a60918o0490c
60918.576448,13.117,0.004,20573,82,c,0,1678.42,64.16321,40.04256,8927.79,5955.96,3.29,2.94,41.7,-0.336,17.83,19.59,01a60918o0515c
60919.569063,-14.498,0.162,-5762,934,o,0,8.69,64.16321,40.04256,1729.12,4539.05,2.15,1.82,34.0,-0.46,19.31,20.78,02a60919o0688o
60919.571953,14.86,0.575,4132,2375,o,0,2.82,64.16321,40.04256,1747.57,4578.15,2.18,1.81,35.0,-0.46,19.16,20.66,02a60919o0694o
60919.577098,-14.272,0.266,-7101,1889,o,0,1.19,64.16321,40.04256,1687.71,4498.91,2.19,1.8,35.6,-0.461,19.43,20.99,02a60919o0705o
60919.593451,14.423,1.088,6177,6720,o,0,0.54,64.16321,40.04256,1662.77,4613.17,2.17,1.8,35.1,-0.466,19.45,21.04,02a60919o0738o
60920.5536,12.508,1.145,36046,41283,o,0,0.0,64.16321,40.04256,7763.86,8948.49,2.39,2.03,36.0,-0.449,19.34,20.83,02a60920o0720o
60920.556436,14.404,0.824,6288,5180,o,0,2.33,64.16321,40.04256,7782.52,8987.24,2.34,2.05,36.9,-0.443,19.38,20.89,02a60920o0726o
60920.562475,12.189,0.577,48369,27920,o,0,0.0,64.16321,40.04256,7725.88,8911.8,2.17,2.08,43.4,-0.449,19.41,20.88,02a60920o0739o
60920.574293,12.474,0.762,37171,28333,o,0,0.0,64.16321,40.04256,7698.72,9029.16,2.2,2.07,43.7,-0.448,19.43,20.91,02a60920o0764o
60921.551181,-16.308,1.034,-1089,1126,c,0,0.71,64.16321,40.04256,2840.85,1604.82,3.24,2.99,57.8,-0.356,19.52,21.39,01a60921o0627c
60921.553941,18.061,4.694,216,1016,c,0,0.89,64.16321,40.04256,2819.3,1565.58,3.23,2.96,56.2,-0.355,19.52,21.39,01a60921o0633c
60921.559049,-15.696,0.549,-1913,1050,c,0,0.78,64.16321,40.04256,2879.39,1645.27,3.22,2.94,58.1,-0.351,19.55,21.4,01a60921o0644c
60921.569241,18.088,5.085,211,1074,c,0,1.13,64.16321,40.04256,2896.07,1528.66,3.4,3.08,58.3,-0.335,19.46,21.45,01a60921o0666c
60923.551833,14.971,4.525,3728,16871,o,0,0.0,64.16321,40.04256,4838.33,1498.92,2.43,2.22,51.6,-0.446,19.04,19.72,01a60923o0494o
60923.556939,0.0,0.0,0,0,o,0,-2.0,64.16321,40.04256,4772.9,1415.38,2.48,2.29,57.6,-0.454,19.04,19.76,01a60923o0505o
60923.566713,-10.59,1.274,-210902,268652,o,0,0.0,64.16321,40.04256,4876.98,1541.24,2.48,2.2,52.2,-0.444,19.07,19.88,01a60923o0526o
60923.569497,16.202,1.799,1200,2159,o,0,1.0,64.16321,40.04256,4896.53,1424.78,3.1,2.67,50.9,-0.359,18.92,19.89,01a60923o0532o
60924.546025,-15.207,3.224,-3000,9672,o,0,0.0,64.16321,40.04256,1451.28,9692.28,3.02,2.48,68.7,-0.387,18.8,19.5,01a60924o0716o
60924.558242,0.0,0.0,0,0,o,0,-2.0,64.16321,40.04256,1391.91,9611.98,2.66,2.28,77.8,-0.437,18.99,19.58,01a60924o0742o
60924.564212,0.0,0.0,0,0,o,0,-2.0,64.16321,40.04256,1444.9,9689.27,2.6,2.24,75.3,-0.442,19.03,19.62,01a60924o0755o
60924.56798,-13.774,1.861,-11226,20890,o,0,0.0,64.16321,40.04256,1514.22,9617.55,2.56,2.24,74.5,-0.442,19.01,19.63,01a60924o0763o
60925.549339,-11.219,0.383,-118150,45238,o,0,0.07,64.16321,40.04256,9133.71,857.75,2.27,1.63,-61.0,-0.554,18.51,19.11,02a60925o0709o
60925.552134,-13.957,3.18,-9487,30172,o,0,12.73,64.16321,40.04256,9150.59,896.2,2.36,1.73,-56.5,-0.541,18.51,19.14,02a60925o0715o
60925.558476,12.312,1.755,43179,75786,o,0,0.0,64.16321,40.04256,9095.14,821.04,2.11,1.56,-60.3,-0.565,18.56,19.14,02a60925o0728o
60925.568425,-11.029,0.471,-140795,66256,o,0,0.0,64.16321,40.04256,9068.79,939.75,2.28,1.69,-59.1,-0.538,18.51,19.17,02a60925o0749o
60926.543608,13.85,0.281,10466,2945,o,0,2.58,64.16321,40.04256,5956.85,6724.56,2.84,1.97,33.6,-0.429,18.54,19.11,02a60926o0710o
60926.546817,13.617,1.479,12977,19193,o,0,0.0,64.16321,40.04256,5983.15,6765.51,2.45,1.91,37.0,-0.446,18.52,19.11,02a60926o0717o
60926.552354,0.0,0.0,0,0,o,0,-2.0,64.16321,40.04256,5876.3,6644.48,2.53,1.88,37.9,-0.437,18.59,19.14,02a60926o0729o
60926.565486,-12.549,0.344,-34712,11954,o,0,1.74,64.16321,40.04256,5897.6,6808.76,2.43,1.89,39.3,-0.446,18.54,19.2,02a60926o0757o
60927.526728,12.782,0.538,28014,15062,o,0,0.0,64.16321,40.04256,4634.47,3825.93,2.65,2.34,49.2,-0.409,18.82,19.27,01a60927o0678o
60927.533215,-13.861,0.959,-10366,9940,o,0,0.0,64.16321,40.04256,4615.67,3790.5,2.51,2.23,48.5,-0.422,18.87,19.31,01a60927o0692o
60927.536074,0.0,0.0,0,0,o,0,-2.0,64.16321,40.04256,4629.95,3822.87,2.61,2.25,50.1,-0.411,18.87,19.32,01a60927o0698o
60927.551434,-13.245,0.701,-18282,12812,o,0,0.0,64.16321,40.04256,4696.44,3755.95,2.72,2.32,48.6,-0.394,18.85,19.37,01a60927o0731o
60928.519476,0.0,0.0,0,0,o,0,-2.0,64.16321,40.04256,1061.05,7799.34,2.44,2.25,68.0,-0.458,18.77,19.1,01a60928o0315o
60928.52466,0.0,0.0,0,0,o,0,-2.0,64.16321,40.04256,1045.28,7763.62,2.44,2.29,60.3,-0.455,18.78,19.11,01a60928o0326o
60928.529321,0.0,0.0,0,0,o,0,-2.0,64.16321,40.04256,1099.95,7840.81,2.49,2.28,65.2,-0.458,18.81,19.12,01a60928o0336o
60928.541357,-12.391,0.404,-40137,16218,o,0,0.0,64.16321,40.04256,1166.29,7768.57,2.54,2.23,58.1,-0.443,18.79,19.14,01a60928o0361o
60929.52361,12.764,1.799,28481,51249,o,0,1.21,64.16321,40.04256,9478.3,2699.88,2.32,1.9,-56.9,-0.449,18.45,19.1,02a60929o0660o
60929.526558,13.953,3.866,9527,36836,o,0,0.83,64.16321,40.04256,9494.45,2738.53,2.44,2.05,-57.4,-0.445,18.42,19.1,02a60929o0666o
60929.534186,-12.493,0.939,-36559,34342,o,0,0.0,64.16321,40.04256,9435.53,2663.89,2.43,2.05,-54.9,-0.441,18.41,19.14,02a60929o0682o
60929.545349,0.0,0.0,0,0,o,0,-2.0,64.16321,40.04256,1068.71,7807.28,2.61,2.38,65.3,-0.433,18.79,19.16,01a60929o0722o
60929.551596,13.947,1.014,9576,9711,o,0,0.0,64.16321,40.04256,1093.93,7812.64,2.72,2.42,60.4,-0.416,18.75,19.18,01a60929o0735o
60929.554442,0.0,0.0,0,0,o,0,-2.0,64.16321,40.04256,1104.31,7844.33,2.73,2.4,59.5,-0.418,18.74,19.19,01a60929o0741o
60929.558069,-13.714,5.753,-11868,68275,o,0,0.0,64.16321,40.04256,9408.61,2785.64,2.32,1.93,-58.9,-0.449,18.54,19.21,02a60929o0731o
60929.564742,-13.44,0.884,-15279,13507,o,0,2.88,64.16321,40.04256,1171.71,7776.15,3.21,2.71,54.1,-0.351,18.67,19.21,01a60929o0763o
60932.530707,-15.93,4.64,-1542,7155,o,0,0.5,64.16321,40.04256,7569.08,4781.18,2.65,2.22,19.8,-0.403,18.76,19.76,02a60932o0682o
60932.533981,13.243,0.607,18313,11118,o,0,2.35,64.16321,40.04256,7590.32,4822.45,2.26,2.02,31.3,-0.422,19.07,20.06,02a60932o0689o
60932.541966,-13.783,3.462,-11133,38540,o,0,0.0,64.16321,40.04256,7531.7,4746.96,2.36,2.1,42.2,-0.414,18.9,19.84,02a60932o0706o
60932.55555,15.414,8.546,2479,21185,o,0,0.0,64.16321,40.04256,7512.38,4867.21,2.47,2.2,35.9,-0.409,18.84,19.8,02a60932o0735o
60933.539205,-15.028,2.328,-3539,8240,o,0,0.0,64.16321,40.04256,3021.28,5775.78,2.79,2.41,51.7,-0.389,19.23,20.17,01a60933o0715o
60933.543369,-13.83,0.61,-10664,6503,o,0,0.0,64.16321,40.04256,3001.01,5737.38,2.75,2.32,49.9,-0.389,19.27,20.23,01a60933o0724o
60933.548465,-14.249,1.305,-7253,9466,o,0,1.25,64.16321,40.04256,3058.54,5815.01,2.75,2.32,50.5,-0.383,19.26,20.22,01a60933o0735o
60933.559728,-15.316,1.017,-2714,2760,o,0,0.0,64.16321,40.04256,3074.76,5699.57,2.88,2.39,49.1,-0.376,19.28,20.31,01a60933o0759o
60934.611293,-14.555,1.068,-5468,5840,o,0,0.0,64.16321,40.04256,7249.9,9877.96,2.57,2.4,68.3,-0.436,19.45,20.57,01a60934o0816o
60934.612664,13.393,0.632,15954,10078,o,0,0.0,64.16321,40.04256,7229.4,9837.81,2.55,2.45,82.7,-0.434,19.42,20.57,01a60934o0819o
60934.617258,-14.698,1.429,-4796,6854,o,0,0.0,64.16321,40.04256,7287.06,9918.19,2.56,2.44,84.0,-0.433,19.43,20.55,01a60934o0828o
60934.62244,-16.319,8.431,-1077,9083,o,0,0.0,64.16321,40.04256,7304.36,9801.69,2.57,2.46,75.2,-0.437,19.38,20.51,01a60934o0839o
60935.534157,-16.04,1.571,-1394,2190,o,0,2.01,64.16321,40.04256,7257.13,9876.15,2.6,2.45,76.0,-0.434,19.4,20.6,01a60935o0706o
60935.539215,-15.787,1.091,-1758,1918,o,0,1.74,64.16321,40.04256,7236.87,9836.47,2.61,2.32,61.5,-0.431,19.42,20.55,01a60935o0717o
60935.551636,-13.346,0.777,-16659,12947,o,0,1.08,64.16321,40.04256,3324.78,689.06,1.92,1.84,-63.9,-0.476,19.37,20.71,02a60935o0699o
60935.552523,15.811,1.12,1720,1927,o,0,2.69,64.16321,40.04256,7295.5,9917.61,2.87,2.71,76.7,-0.429,19.35,20.65,01a60935o0745o
60935.554351,14.144,1.49,7984,11896,o,0,0.0,64.16321,40.04256,3344.61,729.53,1.92,1.82,-71.2,-0.482,19.35,20.75,02a60935o0705o
60935.555338,-15.181,0.559,-3074,1718,o,0,1.03,64.16321,40.04256,7314.94,9800.78,2.69,2.4,61.2,-0.435,19.44,20.68,01a60935o0751o
60935.558828,-14.224,0.306,-7420,2272,o,0,2.75,64.16321,40.04256,3286.53,650.19,1.92,1.83,-75.1,-0.479,19.38,20.79,02a60935o0714o
60935.56493,-13.484,0.496,-14670,7276,o,0,0.9,64.16321,40.04256,3266.89,767.9,1.9,1.84,-56.1,-0.477,19.41,20.81,02a60935o0727o
60936.519098,0.0,0.0,0,0,o,0,-2.0,64.16321,40.04256,654.96,4026.62,2.59,2.25,53.2,-0.375,19.45,20.69,01a60936o0404o
60936.527474,-15.813,2.924,-1718,5022,o,0,0.54,64.16321,40.04256,681.22,4036.87,3.12,2.67,53.8,-0.307,19.29,20.69,01a60936o0422o
60936.530343,-15.189,1.261,-3051,3849,o,0,2.15,64.16321,40.04256,741.27,4113.46,3.25,2.74,52.9,-0.293,19.3,20.69,01a60936o0428o
60936.541355,13.695,1.27,12074,15340,o,0,0.0,64.16321,40.04256,761.27,3999.06,2.55,2.26,55.6,-0.38,19.48,20.72,01a60936o0451o
60939.527837,-14.02,0.982,-8950,8789,o,0,0.0,64.16321,40.04256,4923.1,7602.65,2.52,2.3,58.1,-0.401,19.38,20.4,01a60939o0068o
60939.531101,-15.085,1.272,-3357,4271,o,0,0.0,64.16321,40.04256,4902.66,7564.01,2.65,2.31,52.6,-0.383,19.36,20.41,01a60939o0075o
60939.540857,14.801,1.847,4363,8058,o,0,2.19,64.16321,40.04256,4960.24,7642.4,2.66,2.31,54.8,-0.381,19.4,20.4,01a60939o0096o
60939.551792,-14.371,0.653,-6481,4233,o,0,0.0,64.16321,40.04256,4981.8,7527.79,2.75,2.34,51.5,-0.407,19.31,20.43,01a60939o0119o
60941.531844,16.775,2.281,708,1614,o,0,1.78,64.16321,40.04256,6585.03,3750.95,2.62,2.32,43.7,-0.385,19.21,20.25,01a60941o0686o
60941.534584,14.788,0.973,4414,4293,o,0,0.0,64.16321,40.04256,6564.62,3711.89,2.65,2.33,47.2,-0.382,19.28,20.34,01a60941o0692o
60941.541157,15.437,1.802,2428,4373,o,0,0.0,64.16321,40.04256,6623.07,3790.52,2.66,2.34,48.2,-0.381,19.22,20.31,01a60941o0706o
60941.553078,-15.063,0.755,-3427,2589,o,0,0.92,64.16321,40.04256,6640.32,3674.81,2.72,2.36,44.0,-0.373,19.19,20.27,01a60941o0731o
60942.522822,14.127,0.613,8112,4976,o,0,0.0,64.16321,40.04256,8842.39,1368.6,2.28,2.21,-67.0,-0.481,19.16,19.99,01a60942o0658o
60942.525673,-15.853,0.79,-1654,1307,o,0,1.52,64.16321,40.04256,8821.44,1328.76,2.34,2.27,-68.4,-0.475,19.14,19.99,01a60942o0664o
60942.5308,-13.938,0.82,-9654,7918,o,0,0.27,64.16321,40.04256,8877.78,1406.56,2.29,2.24,78.9,-0.476,19.15,19.99,01a60942o0675o
60942.541568,17.171,4.918,492,2418,o,0,0.83,64.16321,40.04256,8897.81,1291.06,2.36,2.33,77.4,-0.463,19.13,20.04,01a60942o0698o
60947.557721,15.874,4.313,1623,6999,c,0,1.47,64.16321,40.04256,5201.42,624.34,2.34,2.16,-82.0,-0.431,19.41,21.4,02a60947o0750c
60947.579918,-16.225,3.092,-1174,3631,c,0,1.92,64.16321,40.04256,5220.77,671.27,2.34,2.19,-76.7,-0.429,19.43,21.38,02a60947o0796c
60947.590392,13.756,0.001,11421,7,c,0,19972.04,64.16321,40.04256,5376.55,9985.18,2.43,2.4,-69.3,-0.414,19.45,21.33,02a60947o0818c
60947.615264,-17.534,0.015,-352,5,c,0,5584.67,64.16321,40.04256,5390.62,9869.68,2.51,2.4,38.7,-0.402,19.44,21.37,02a60947o0871c
60948.509118,-14.257,0.447,-7199,3218,o,0,0.39,64.16321,40.04256,6943.56,6080.98,2.62,2.36,53.4,-0.38,19.45,20.65,01a60948o0677o
60948.512325,-14.215,0.777,-7479,5808,o,0,0.0,64.16321,40.04256,6923.25,6041.74,2.66,2.36,52.3,-0.377,19.47,20.66,01a60948o0684o
60948.517807,16.492,7.975,919,7328,o,0,0.0,64.16321,40.04256,6980.25,6120.18,2.7,2.41,51.4,-0.374,19.45,20.71,01a60948o0696o
60948.528108,-15.621,1.07,-2049,2192,o,0,2.45,64.16321,40.04256,6998.7,6004.56,2.79,2.43,47.7,-0.365,19.43,20.78,01a60948o0718o
60949.520068,-15.024,0.331,-3553,1176,c,0,0.6,64.16321,40.04256,3650.65,4486.75,2.56,2.28,36.0,-0.41,19.31,21.17,02a60949o0683c
60949.524751,-16.034,0.738,-1401,1033,c,0,1.09,64.16321,40.04256,3670.46,4525.81,2.62,2.31,35.4,-0.408,19.34,21.17,02a60949o0693c
60949.532958,-15.115,0.346,-3265,1130,c,0,1.55,64.16321,40.04256,3611.59,4449.63,2.54,2.25,39.3,-0.41,19.36,21.19,02a60949o0710c
60949.538051,-16.564,1.144,-860,984,c,0,2.53,64.16321,40.04256,3588.61,4566.97,2.55,2.25,39.2,-0.412,19.38,21.22,02a60949o0721c
60950.474313,-11.659,0.131,-78796,10340,o,0,0.0,64.16321,40.04256,9782.84,8818.47,2.36,2.08,-50.5,-0.447,19.14,20.23,02a60950o0596o
60950.478471,-12.812,0.488,-27244,13299,o,0,11.74,64.16321,40.04256,9802.43,8858.09,2.26,2.12,-49.5,-0.448,19.13,20.29,02a60950o0605o
60950.486577,0.0,0.0,0,0,o,0,-2.0,64.16321,40.04256,9694.25,8735.18,2.2,2.11,-59.0,-0.454,19.22,20.41,02a60950o0622o
60950.490559,0.0,0.0,0,0,o,0,-2.0,64.16321,40.04256,9672.34,8854.96,2.3,2.1,-52.5,-0.448,19.25,20.49,02a60950o0630o
60951.4931,0.0,0.0,0,0,o,0,-2.0,64.16321,40.04256,783.19,1692.65,2.44,2.24,48.4,-0.412,19.15,19.95,01a60951o0646o
60951.496359,13.129,0.75,20349,15268,o,0,0.0,64.16321,40.04256,805.77,1699.88,2.36,2.19,53.6,-0.421,19.14,19.94,01a60951o0653o
60951.501852,13.127,1.018,20376,20743,o,0,0.0,64.16321,40.04256,864.85,1777.71,2.71,2.39,53.3,-0.374,19.05,19.94,01a60951o0665o
60951.51172,-13.633,0.427,-12793,5463,o,0,1.57,64.16321,40.04256,880.54,1661.47,2.73,2.48,57.0,-0.401,19.07,19.99,01a60951o0686o
60952.524379,-12.538,0.306,-35064,10715,o,0,0.0,64.16321,40.04256,3021.35,7717.67,2.64,2.32,50.1,-0.412,19.2,20.0,01a60952o0676o
60952.526205,-13.511,0.58,-14305,8298,o,0,0.0,64.16321,40.04256,3001.81,7679.03,2.64,2.28,53.4,-0.412,19.19,20.0,01a60952o0680o
60952.530194,0.0,0.0,0,0,o,0,-2.0,64.16321,40.04256,3012.04,7712.17,2.71,2.33,53.7,-0.404,19.17,20.01,01a60952o0687o
60952.554878,0.0,0.0,0,0,o,0,-2.0,64.16321,40.04256,3029.17,7597.24,2.7,2.35,51.6,-0.399,19.26,20.17,01a60952o0734o
60953.494944,14.13,0.761,8089,6154,o,0,0.0,64.16321,40.04256,3030.77,7715.38,2.82,2.35,57.0,-0.382,18.99,19.64,01a60953o0653o
60953.499543,-13.515,5.732,-14258,81722,o,0,0.0,64.16321,40.04256,7562.93,2846.75,1.98,1.92,-76.6,-0.426,18.78,19.41,02a60953o0644o
60953.501164,0.0,0.0,0,0,o,0,-2.0,64.16321,40.04256,2963.92,7630.06,2.78,2.3,58.0,-0.392,18.99,19.6,01a60953o0666o
60953.50471,-16.355,46.328,-1042,48296,o,0,0.0,64.16321,40.04256,7579.64,2885.28,2.01,1.97,-88.4,-0.425,18.77,19.41,02a60953o0654o
60953.506219,-12.366,1.938,-41068,79600,o,0,0.0,64.16321,40.04256,3064.35,7753.98,2.7,2.3,54.7,-0.404,18.99,19.62,01a60953o0677o
60953.506527,-12.41,0.417,-39440,16440,o,0,0.0,64.16321,40.04256,7523.51,2808.88,1.99,1.98,70.2,-0.424,18.77,19.39,02a60953o0658o
60953.51157,-10.551,0.709,-218657,155080,o,0,0.0,64.16321,40.04256,7500.93,2927.68,2.0,1.94,67.8,-0.421,18.75,19.41,02a60953o0669o
60953.518222,13.751,1.204,11469,13805,o,0,0.0,64.16321,40.04256,3085.3,7638.25,2.75,2.31,57.0,-0.396,19.02,19.64,01a60953o0703o
60954.496653,-14.019,0.514,-8964,4606,o,0,0.0,64.16321,40.04256,6836.29,1423.02,2.48,2.28,52.3,-0.436,18.74,19.18,01a60954o0656o
60954.499421,-14.08,0.602,-8475,5105,o,0,0.0,64.16321,40.04256,6816.26,1383.65,2.47,2.28,55.2,-0.439,18.76,19.19,01a60954o0662o
60954.504463,-14.526,1.241,-5620,6978,o,0,0.0,64.16321,40.04256,6875.61,1463.75,2.52,2.29,46.2,-0.434,18.74,19.22,01a60954o0673o
60954.51501,-13.925,0.43,-9774,4201,o,0,1.69,64.16321,40.04256,6893.03,1347.1,2.45,2.24,46.8,-0.441,18.81,19.23,01a60954o0696o
60960.487666,-13.846,0.269,-10513,2826,o,0,1.15,64.16321,40.04256,8649.11,4185.91,2.44,2.25,41.8,-0.422,19.02,19.66,01a60960o0635o
60960.490421,-14.971,0.526,-3728,1959,o,0,2.46,64.16321,40.04256,8628.57,4146.07,2.49,2.25,42.6,-0.418,18.97,19.59,01a60960o0641o
60960.501626,16.828,3.7,674,2496,o,0,1.04,64.16321,40.04256,8682.06,4223.06,2.55,2.29,40.2,-0.414,18.97,19.61,01a60960o0665o
60960.507201,-16.077,1.876,-1346,2526,o,0,0.7,64.16321,40.04256,8703.97,4108.13,2.57,2.27,36.7,-0.407,18.96,19.62,01a60960o0677o
60960.560238,-12.994,0.394,-23044,9084,o,0,0.0,64.16321,40.04256,8606.96,4190.58,2.09,2.02,33.9,-0.423,18.9,19.56,02a60960o0777o
60960.568507,14.21,1.074,7514,8068,o,0,0.0,64.16321,40.04256,8585.92,4151.02,2.03,1.97,26.3,-0.423,18.88,19.46,02a60960o0793o
60960.571539,14.14,1.277,8016,10234,o,0,0.0,64.16321,40.04256,8643.07,4229.58,2.04,1.96,25.3,-0.422,18.77,19.26,02a60960o0799o
60960.606353,-15.903,4.629,-1581,7318,o,0,0.0,64.16321,40.04256,8657.74,4111.06,2.07,1.97,32.8,-0.425,18.86,19.49,02a60960o0870o
60960.645078,14.186,2.301,7684,17679,o,0,0.0,64.16321,40.04256,8614.19,4165.6,2.09,2.01,32.6,-0.413,18.01,17.94,02a60960o0949o
60962.337316,12.872,0.662,25764,17049,o,0,0.81,64.16321,40.04256,1457.54,734.35,2.14,1.88,-62.0,-0.471,18.9,19.79,02a60962o0225o
60962.340145,-14.402,0.544,-6298,3424,o,0,0.84,64.16321,40.04256,1478.54,779.7,2.37,1.88,-56.2,-0.466,18.94,19.81,02a60962o0231o
60962.375678,-14.999,1.705,-3634,6197,o,0,0.74,64.16321,40.04256,1411.89,691.06,2.19,1.69,-57.4,-0.507,19.19,20.13,02a60962o0305o
60963.488919,-16.924,2.098,-617,1294,o,0,1.0,64.16321,40.04256,9158.62,9841.82,2.56,2.43,-82.5,-0.451,19.44,20.61,01a60963o0221o
60963.492605,17.537,2.625,351,921,o,0,0.84,64.16321,40.04256,9138.58,9802.2,2.68,2.52,-63.0,-0.45,19.44,20.62,01a60963o0229o
60963.498545,-15.286,0.36,-2790,1004,o,0,1.26,64.16321,40.04256,9196.8,9882.93,2.7,2.6,82.4,-0.445,19.35,20.63,01a60963o0242o
60963.508168,18.751,8.018,115,920,o,0,0.69,64.16321,40.04256,9213.67,9765.17,2.78,2.54,46.9,-0.431,19.32,20.61,01a60963o0263o
60969.494361,-17.498,1.099,-364,400,c,0,1.0,64.16321,40.04256,8866.27,6031.42,3.18,2.88,39.7,-0.346,19.31,21.02,01a60969o0668c
60969.495732,-16.113,0.369,-1303,481,c,0,1.16,64.16321,40.04256,8846.73,5992.2,3.26,2.93,38.6,-0.342,19.3,21.02,01a60969o0671c
60969.507799,-18.079,2.142,-213,456,c,0,2.72,64.16321,40.04256,8902.78,6072.1,3.43,3.02,35.9,-0.32,19.13,20.93,01a60969o0697c
60969.518045,-18.172,0.662,-195,129,c,0,1.24,64.16321,40.04256,8920.69,5955.43,3.21,2.98,32.4,-0.347,19.38,21.15,01a60969o0719c
60971.45003,-18.218,7.823,-188,1466,c,0,0.86,64.16321,40.04256,2832.16,1611.15,3.4,3.04,57.4,-0.334,19.43,21.26,01a60971o0485c
60971.462451,15.424,0.688,2458,1690,c,0,0.79,64.16321,40.04256,2811.47,1574.49,3.67,3.23,59.9,-0.286,19.37,21.3,01a60971o0511c
60971.465238,17.586,2.331,335,782,c,0,1.22,64.16321,40.04256,2870.73,1651.92,3.62,3.19,57.9,-0.299,19.41,21.3,01a60971o0517c
60971.470335,15.794,0.631,1748,1104,c,0,1.09,64.16321,40.04256,2889.9,1535.25,3.36,2.98,55.3,-0.337,19.47,21.32,01a60971o0528c
60972.461862,-18.024,2.136,-224,479,c,0,0.8,64.16321,40.04256,4832.66,1508.03,3.22,2.93,54.0,-0.344,19.51,21.31,01a60972o0597c
60972.464603,18.267,4.215,179,755,c,0,1.28,64.16321,40.04256,4811.84,1468.96,3.63,3.18,51.0,-0.285,19.4,21.32,01a60972o0603c
60972.467804,-19.158,11.442,-79,902,c,0,0.84,64.16321,40.04256,4869.77,1546.87,3.36,3.03,55.9,-0.333,19.47,21.31,01a60972o0610c
60972.473285,14.633,0.41,5089,2088,c,0,0.45,64.16321,40.04256,4888.36,1430.56,3.23,2.91,55.7,-0.345,19.49,21.32,01a60972o0622c
60974.603056,-13.901,0.036,-9994,361,o,0,306.31,64.16321,40.04256,1407.99,9704.03,2.1,1.89,-37.1,-0.489,18.69,19.85,02a60974o0007o
60974.6059,-13.467,0.014,-14901,205,o,0,1374.65,64.16321,40.04256,1389.63,9665.07,2.16,1.89,-43.2,-0.486,18.68,19.85,02a60974o0013o
60974.616015,0.0,0.0,0,0,o,0,-2.0,64.16321,40.04256,1398.74,9694.4,2.07,1.87,-38.6,-0.484,19.32,20.62,02a60974o0034o
60974.629952,14.8,1.502,4364,6556,o,0,0.0,64.16321,40.04256,1464.09,9621.68,2.16,1.96,-38.1,-0.478,19.24,20.62,02a60974o0063o
60978.51359,0.0,0.0,0,0,o,0,-2.0,64.16321,40.04256,1024.8,7819.79,2.11,1.85,17.2,-0.456,19.42,20.79,02a60978o0700o
60978.517442,0.0,0.0,0,0,o,0,-2.0,64.16321,40.04256,1006.64,7779.32,2.14,1.94,16.5,-0.449,19.38,20.79,02a60978o0708o
60978.545771,-16.211,5.869,-1190,6985,o,0,0.0,64.16321,40.04256,1104.49,7899.47,2.03,1.84,16.5,-0.461,19.4,20.74,02a60978o0762o
60978.571917,0.0,0.0,0,0,o,0,-2.0,64.16321,40.04256,1075.34,7731.74,2.11,1.91,19.8,-0.452,19.39,20.69,02a60978o0817o
60980.507278,15.018,3.851,3570,13748,o,0,0.0,64.16321,40.04256,1038.39,5917.68,2.37,1.92,23.6,-0.44,19.14,20.17,02a60980o0613o
60980.51094,-12.609,0.737,-32845,24195,o,0,0.0,64.16321,40.04256,1020.74,5878.74,2.2,1.82,23.7,-0.449,19.24,20.2,02a60980o0621o
60980.517775,-7.958,3123955.176,-2382092,7441548091113,o,0,0.0,64.16321,40.04256,1078.04,5953.99,2.22,1.85,23.0,-0.448,19.25,20.3,02a60980o0636o
60980.552895,-16.033,16.678,-1402,23387,o,0,0.0,64.16321,40.04256,1090.6,5835.76,2.26,1.89,24.5,-0.446,19.29,20.51,02a60980o0712o
60981.407076,14.711,2.289,4738,10842,o,0,0.0,64.16321,40.04256,1090.84,5911.8,2.73,2.48,56.3,-0.393,18.99,19.77,01a60981o0349o
60981.433508,-15.663,1.881,-1972,3710,o,0,0.93,64.16321,40.04256,1064.09,5875.27,3.17,2.9,53.2,-0.386,18.87,19.81,01a60981o0406o
60981.436712,-15.116,1.339,-3262,4368,o,0,1.56,64.16321,40.04256,1122.96,5954.14,3.24,2.93,53.7,-0.364,18.88,19.8,01a60981o0413o
60981.441742,18.712,36.678,119,4361,o,0,0.94,64.16321,40.04256,1143.68,5838.24,3.26,3.01,57.0,-0.342,18.81,19.79,01a60981o0424o
60983.387758,0.0,0.0,0,0,o,0,-2.0,64.16321,40.04256,7531.22,4734.24,2.06,2.01,-40.2,-0.471,16.05,16.16,02a60983o0445o
60983.39688,12.66,4.608,31320,144321,o,0,0.0,64.16321,40.04256,7533.56,4742.9,2.16,1.89,40.9,-0.427,17.62,17.63,02a60983o0465o
60983.402352,9.873,0.608,408259,248395,o,0,0.0,64.16321,40.04256,7512.5,4859.3,2.19,1.91,42.6,-0.436,17.2,17.16,02a60983o0477o
60984.411219,12.123,0.383,51395,19681,o,0,2.28,64.16321,40.04256,7300.97,9917.94,2.89,2.45,58.9,-0.442,16.88,16.44,01a60984o0021o
60984.427503,11.622,0.484,81516,39459,o,0,0.7,64.16321,40.04256,7316.36,9797.24,2.64,2.28,59.7,-0.475,16.95,16.44,01a60984o0056o
60988.51718,-13.174,0.316,-19513,6161,o,0,1.54,64.16321,40.04256,5617.82,2951.13,2.73,2.46,35.1,-0.392,18.85,19.43,01a60988o0716o
60988.520434,-16.319,4.215,-1077,4541,o,0,2.16,64.16321,40.04256,5639.15,2989.52,2.82,2.5,39.2,-0.383,18.62,19.17,01a60988o0723o
60988.531882,-14.309,0.507,-6858,3478,o,0,1.11,64.16321,40.04256,5583.49,2911.69,2.77,2.52,42.1,-0.385,18.87,19.52,01a60988o0745o
60988.537193,-16.704,3.302,-756,2496,o,0,3.08,64.16321,40.04256,5565.5,3028.55,2.73,2.48,30.3,-0.395,18.86,19.44,01a60988o0755o
60989.418347,-14.366,2.123,-6508,13817,o,0,0.0,64.16321,40.04256,4930.99,7608.92,2.89,2.47,52.9,-0.36,19.05,19.88,01a60989o0226o
60989.421148,16.126,2.056,1287,2647,o,0,0.59,64.16321,40.04256,4910.82,7571.02,3.19,2.61,49.8,-0.327,19.01,19.9,01a60989o0232o
60989.427132,16.358,2.953,1040,3070,o,0,0.76,64.16321,40.04256,4967.74,7649.47,2.81,2.5,48.8,-0.373,19.05,19.89,01a60989o0245o
60989.452228,-14.675,0.984,-4899,4823,o,0,1.49,64.16321,40.04256,4981.16,7533.3,2.91,2.51,46.1,-0.361,19.04,19.9,01a60989o0299o
60990.393108,10.595,-0.0,209968,0,o,0,-0.0,64.16321,40.04256,6587.63,3751.37,2.68,2.4,49.6,-0.375,19.29,20.39,01a60990o0463o
60990.407818,-15.358,0.664,-2612,1733,o,0,1.14,64.16321,40.04256,6568.43,3715.03,2.93,2.44,45.4,-0.349,19.21,20.34,01a60990o0495o
60990.410574,15.088,0.771,3347,2580,o,0,0.68,64.16321,40.04256,6627.38,3793.6,2.68,2.34,43.1,-0.37,19.3,20.34,01a60990o0501o
60990.417523,-15.339,4.284,-2658,11386,o,0,0.0,64.16321,40.04256,6647.44,3677.54,2.59,2.24,50.3,-0.384,19.31,20.31,01a60990o0516o
60990.481767,15.673,3.938,1954,7694,o,0,0.35,64.16321,40.04256,6545.78,3760.31,2.29,2.01,33.4,-0.43,19.16,20.24,02a60990o0636o
60990.492099,-15.163,1.001,-3126,3128,o,0,1.29,64.16321,40.04256,6526.92,3720.35,2.47,2.24,36.1,-0.414,19.06,20.23,02a60990o0658o
60990.495986,-14.347,4.594,-6626,30436,o,0,0.0,64.16321,40.04256,6585.71,3798.23,2.48,2.2,36.1,-0.419,19.05,20.22,02a60990o0665o
60990.501558,13.822,0.474,10740,5088,o,0,0.0,64.16321,40.04256,6607.56,3682.35,2.53,2.32,31.9,-0.41,18.97,20.16,02a60990o0677o
60995.501132,-14.768,0.002,-4495,8,c,0,1154.35,64.16321,40.04256,6983.53,8031.51,2.56,2.36,40.0,-0.41,19.51,21.52,02a60995o0676c
60995.504414,-17.951,0.054,-240,13,c,0,95.28,64.16321,40.04256,6965.49,7989.46,2.52,2.32,40.7,-0.414,19.53,21.5,02a60995o0683c
60995.510804,-19.121,0.556,-82,45,c,0,2.4,64.16321,40.04256,7020.55,8067.87,2.53,2.33,39.6,-0.41,19.53,21.49,02a60995o0696c
