oid,expid,hjd,mjd,mag,magerr,catflags,filtercode,ra,dec,chi,sharp,filefracday,field,ccdid,qid,limitmag,magzp,magzprms,clrcoeff,clrcounc,exptime,airmass,programid
1699114100008791,62547898,2458379.9806584995,58379.4789815,16.4440956,0.016719209,0,zg,64.163154,40.0425891,0.492000014,0.0250000004,20180918478970,1699,14.0,1.0,21.6200008,26.3071957,0.0260250028,-0.0688968897,1.10907467e-05,30,1.01199996,2
1699114100008791,63141109,2458385.9133004528,58385.4110995,16.2999458,0.0163964033,0,zg,64.1631545,40.042563,0.924000025,0.0439999998,20180924411088,1699,14.0,1.0,20.3799992,26.2778645,0.0427803621,-0.0576458611,3.11639524e-05,30,1.09000003,2
1699114100008791,63438628,2458388.8887409065,58388.3862847,16.3085403,0.0164138917,0,zg,64.1631393,40.0425707,0.501999974,0.0419999994,20180927386273,1699,14.0,1.0,20.4300003,26.2611752,0.0402425416,-0.0497030392,2.80903951e-05,30,1.13499999,2
1699114100008791,63543017,2458389.9327180292,58389.4301736,16.4558258,0.0167483557,0,zg,64.163151,40.0425754,0.573000014,0.00400000019,20180928430162,1699,14.0,1.0,20.0,26.1243801,0.0496226102,-0.0572588742,5.06456781e-05,30,1.03400004,2
1699114100008791,63638611,2458390.888735624,58390.3861111,16.5101662,0.0168893915,0,zg,64.1631374,40.0425853,0.920000017,0.0,20180929385914,1699,14.0,1.0,20.4400005,26.264761,0.039896477,-0.0424678735,2.63948441e-05,30,1.11899996,2
1699114100008791,66843436,2458422.9391642334,58422.4343634,16.5347557,0.0169565529,0,zg,64.1631335,40.0425917,0.91900003,0.0790000036,20181031434352,1699,14.0,1.0,20.6900005,26.2680168,0.0374787785,-0.0547330305,2.29081779e-05,30,1.02900004,2
1699114100008791,66943098,2458423.935832494,58423.4309838,16.4674568,0.0167777054,0,zg,64.1631585,40.0426216,0.423000008,0.00600000005,20181101430972,1699,14.0,1.0,20.4899998,26.3117809,0.0432404689,-0.0686118826,3.11994881e-05,30,1.028,2
1699114100008791,67235144,2458426.8564276164,58426.3514468,16.3901901,0.0165909883,0,zg,64.1631506,40.0425755,0.542999983,-0.00999999978,20181104351435,1699,14.0,1.0,21.5799999,26.1432152,0.0289931633,-0.0807300061,1.39631229e-05,30,1.01100004,2
1699114100008791,67330684,2458427.8118616403,58427.3068403,16.4500122,0.0167338569,0,zg,64.1631404,40.0425511,0.973999977,-0.0149999997,20181105306840,1699,14.0,1.0,19.2600002,25.7763939,0.0533974245,-0.0388967767,0.000101559752,30,1.06700003,2
1699114100008791,67630321,2458430.8083572737,58430.3032176,16.4364853,0.0167005416,0,zg,64.1631389,40.0425736,0.708000004,0.00100000005,20181108303206,1699,14.0,1.0,21.8199997,26.3215504,0.0284591503,-0.0969893038,1.34928287e-05,30,1.05799997,2
1699114100008791,68222173,2458436.727069113,58436.2217361,16.4167938,0.0166531112,0,zg,64.1631527,40.0425904,0.675000012,0.00700000022,20181114221725,1699,14.0,1.0,19.9500008,26.2588787,0.0494050682,-0.0511926189,5.01899704e-05,30,1.26900005,2
1699114100008791,68438635,2458438.891744263,58438.3863542,16.4648209,0.0167710166,0,zg,64.1631597,40.0425696,0.637000024,-0.0379999988,20181116386343,1699,14.0,1.0,20.7900009,25.7921352,0.0393542051,-0.103937052,2.6067275e-05,30,1.02400005,2
1699114100008791,68924072,2458443.7462197673,58443.2407292,16.3001633,0.0163968429,0,zg,64.1631296,40.0425773,0.699999988,0.0170000009,20181121240706,1699,14.0,1.0,20.2000008,26.3028965,0.0435683019,-0.0798666105,3.62595238e-05,30,1.12199998,2
1699114100008791,72914361,2458483.6484640287,58483.1436111,16.4452915,0.016722165,0,zg,64.1631322,40.0425911,0.716000021,-0.00499999989,20181231143611,1699,14.0,1.0,21.3199997,26.2946758,0.0307025462,-0.084873423,1.5910995e-05,30,1.09000003,2
1699114100008791,75119696,2458505.7004471254,58505.1969676,16.5443897,0.0169834457,0,zg,64.1631422,40.0426192,0.444000006,-0.00400000019,20190122196956,1699,14.0,1.0,19.2700005,26.2911892,0.0476600081,-0.0403395258,7.69382968e-05,30,1.01800001,2
1699114100008791,96948781,2458723.987524812,58723.4878125,16.3648033,0.0165337697,0,zg,64.1631372,40.0425733,0.643000007,0.00700000022,20190828487674,1699,14.0,1.0,21.8500004,26.1819,0.02758036,-0.0787246451,1.26010591e-05,30,1.08500004,2
1699114100008791,96948826,2458723.987976254,58723.4882639,16.3762283,0.0165592749,0,zg,64.1631419,40.0425776,0.953000009,-0.00700000022,20190828488264,1699,14.0,1.0,21.8299999,26.1743679,0.0274249595,-0.0681511238,1.24621884e-05,30,1.08299994,3
1699114100008791,97144755,2458725.9474528716,58725.4475579,16.4711761,0.0167871863,0,zg,64.1630978,40.0425759,1.37699997,0.133000001,20190830447546,1699,14.0,1.0,21.4400005,26.167841,0.0449500121,-0.054622557,3.26847767e-05,30,1.18900001,2
1699114100008791,97249082,2458726.990814179,58726.4908218,16.4088936,0.0166344326,0,zg,64.1631704,40.0425818,0.597000003,0.0520000011,20190831490637,1699,14.0,1.0,21.5799999,26.189785,0.0269268826,-0.0671995953,1.16730462e-05,30,1.06099999,2
1699114100008791,97249127,2458726.9912655237,58726.4912731,16.4067574,0.0166294128,0,zg,64.163144,40.0425781,0.736999989,0.0560000017,20190831491273,1699,14.0,1.0,21.5900002,26.1836414,0.0272678994,-0.0619065575,1.21716694e-05,30,1.05999994,3
1699114100008791,98046760,2458734.9683406274,58734.4676042,16.3783741,0.0165641103,0,zg,64.1632771,40.0424916,0.819000006,0.0240000002,20190908467604,1699,14.0,1.0,20.7399998,26.2547321,0.0382179879,-0.0670698062,2.37638469e-05,30,1.06400001,2
1699114100008791,98046805,2458734.9687920776,58734.4680556,16.3794212,0.0165664777,0,zg,64.1631448,40.0425826,0.432000011,0.00800000038,20190908468056,1699,14.0,1.0,21.1499996,26.2077847,0.0308450516,-0.0741995648,1.55762282e-05,30,1.06299996,3
1699114100008791,98341504,2458737.9160556314,58737.4150463,16.3582077,0.0165192261,0,zg,64.1631098,40.042572,0.769999981,0.00800000038,20190911415035,1699,14.0,1.0,20.4899998,26.1843967,0.0400372595,-0.0691292509,2.64661885e-05,30,1.18799996,2
1699114100008791,98341549,2458737.916507072,58737.4154977,16.411829,0.0166413486,0,zg,64.1631279,40.0425769,0.400999993,0.0219999999,20190911415498,1699,14.0,1.0,20.4699993,26.1742191,0.0405056588,-0.0636883751,2.67079504e-05,30,1.18700004,3
1699114100008791,99540255,2458749.904648425,58749.4025579,16.5760365,0.0170741472,0,zg,64.163139,40.0425783,1.03299999,0.0209999997,20190923402558,1699,14.0,1.0,21.0400009,26.1501369,0.0315109268,-0.0677125156,1.61870485e-05,30,1.12100005,2
1699114100008791,99540300,2458749.9050998637,58749.4030093,16.5474129,0.0169919562,0,zg,64.1631521,40.0425798,0.31400001,0.0250000004,20190923403009,1699,14.0,1.0,20.9099998,26.1443996,0.0340070538,-0.059394192,1.89811744e-05,30,1.12,3
1699114100008791,99642372,2458750.925906498,58750.4237269,16.5539722,0.0170105305,0,zg,64.1631355,40.0425861,0.768999994,-0.0,20190924423704,1699,14.0,1.0,20.9300003,26.1153049,0.0337352976,-0.0688747689,1.84510427e-05,30,1.06400001,2
1699114100008791,99642417,2458750.926357837,58750.4241782,16.5369186,0.0169625599,0,zg,64.1631516,40.042564,0.91900003,0.0120000001,20190924424167,1699,14.0,1.0,21.0400009,26.1231937,0.0332678668,-0.076545231,1.78689079e-05,30,1.06299996,3
1699114100008791,100441540,2458758.9182584207,58758.4154051,16.6368294,0.0172588341,0,zg,64.1631334,40.0425839,0.703000009,-0.00999999978,20191002415394,1699,14.0,1.0,21.3600006,26.1951942,0.0314804241,-0.075853169,1.63389341e-05,30,1.04100001,2
1699114100008791,100643271,2458760.9357357523,58760.4327199,16.5205612,0.016917523,0,zg,64.1631359,40.0425682,0.453999996,0.0359999985,20191004432708,1699,14.0,1.0,21.4300003,26.2236309,0.0288464967,-0.0889312997,1.35927849e-05,30,1.01499999,2
1699114100008791,100643317,2458760.936187188,58760.4331713,16.5004597,0.0168634616,0,zg,64.1631404,40.0425743,0.694000006,0.00999999978,20191004433171,1699,14.0,1.0,21.2800007,26.2154503,0.0305242836,-0.0823259205,1.53704859e-05,30,1.01400006,3
1699114100008791,101037464,2458764.87796448,58764.3746412,16.4299965,0.0166847743,0,zg,64.1631333,40.042578,0.976999998,0.0289999992,20191008374641,1699,14.0,1.0,21.7299995,26.1754265,0.0274501834,-0.0722455829,1.23508153e-05,30,1.08700001,2
1699114100008791,101037509,2458764.878415916,58764.3750926,16.4303551,0.0166856442,0,zg,64.1631194,40.0425627,0.605000019,-0.0209999997,20191008375093,1699,14.0,1.0,21.75,26.1877956,0.026743371,-0.0803773031,1.19288816e-05,30,1.08599997,3
1699114100008791,101146967,2458765.973082078,58765.4696759,16.5340195,0.0169545095,0,zg,64.163135,40.0425844,0.368999988,0.0160000008,20191009469664,1699,14.0,1.0,21.7700005,26.2020111,0.026419811,-0.0723784789,1.16825777e-05,30,1.00699997,2
1699114100008791,101147012,2458765.9735335116,58765.4701273,16.5099182,0.0168887228,0,zg,64.1631414,40.0425765,0.488000005,0.0390000008,20191009470127,1699,14.0,1.0,21.7600002,26.202816,0.0271928292,-0.0739373565,1.2285871e-05,30,1.00800002,3
1699114100008791,101234137,2458766.8448485956,58766.3413773,16.530323,0.0169442873,0,zg,64.1631291,40.0425722,0.588999987,0.0370000005,20191010341377,1699,14.0,1.0,20.4300003,26.1559601,0.040009737,-0.0496379733,2.68365693e-05,30,1.16799998,2
1699114100008791,101234182,2458766.84530003,58766.3418287,16.5684566,0.0170520954,0,zg,64.1631111,40.0425786,0.43900001,0.00100000005,20191010341829,1699,14.0,1.0,20.4799995,26.1652393,0.039042823,-0.062717244,2.56239073e-05,30,1.16600001,3
1699114100008791,101333738,2458767.8409291236,58767.3373843,16.537529,0.0169642605,0,zg,64.1631308,40.042625,0.97299999,0.057,20191011337384,1699,14.0,1.0,19.0400009,26.1630516,0.0509880818,-0.0504286028,0.000107931512,30,1.17299998,2
1699114100008791,101333783,2458767.8413804555,58767.3378356,16.6012459,0.0171490405,0,zg,64.1631609,40.0426176,0.748000026,-0.0170000009,20191011337836,1699,14.0,1.0,18.9899998,26.1340237,0.0493551604,-0.0226952676,0.000104468083,30,1.171,3
1699114100008791,101432133,2458768.824947483,58768.321331,16.5322571,0.0169496331,0,zg,64.1631096,40.0425753,0.550999999,-0.0149999997,20191012321319,1699,14.0,1.0,20.3999996,26.1342869,0.0405925624,-0.0448706262,2.94644233e-05,30,1.22500002,2
1699114100008791,101432178,2458768.825398916,58768.3217824,16.5511398,0.0170024913,0,zg,64.163107,40.0425848,0.569000006,0.0140000004,20191012321782,1699,14.0,1.0,20.4400005,26.1432571,0.041863706,-0.0539606884,3.09683019e-05,30,1.22300005,3
1699114100008791,101831238,2458772.8162811208,58772.3123843,16.5107498,0.0168909617,0,zg,64.1631425,40.0425991,0.541000009,-0.00700000022,20191016312373,1699,14.0,1.0,18.9099998,25.9965458,0.0476065911,-0.0652415827,0.00010565768,30,1.21700001,2
1699114100008791,101831283,2458772.8167324536,58772.3128356,16.4897728,0.0168352854,0,zg,64.1631168,40.042581,0.760999978,0.0289999992,20191016312836,1699,14.0,1.0,19.0699997,25.9894981,0.0489315167,-0.0540621169,9.3797571e-05,30,1.21500003,3
1699114100008791,102540427,2458779.9086215915,58779.4042708,16.4856625,0.0168245547,0,zg,64.1631546,40.0425721,0.533999979,0.0759999976,20191023404213,1699,14.0,1.0,21.2800007,26.2034473,0.0342596956,-0.0805652589,1.94974145e-05,30,1.00300002,2
1699114100008791,102540472,2458779.9090730185,58779.4047222,16.5107002,0.0168908257,0,zg,64.1631391,40.0425945,0.986999989,0.050999999,20191023404722,1699,14.0,1.0,21.2600002,26.2045708,0.0361902602,-0.0784970373,2.14890351e-05,30,1.00300002,3
1699114100008791,103139232,2458785.8970117574,58785.3923264,16.5105724,0.0168904848,0,zg,64.1631484,40.0425888,0.43599999,0.0270000007,20191029392326,1699,14.0,1.0,21.2000008,26.1869659,0.0373953246,-0.0880767629,2.31854247e-05,30,1.00199997,2
1699114100008791,103139277,2458785.8974631806,58785.3927778,16.5321236,0.0169492625,0,zg,64.1631485,40.04259,0.713,-0.0309999995,20191029392778,1699,14.0,1.0,21.0699997,26.1986256,0.0383307524,-0.0984135717,2.42522237e-05,30,1.00199997,3
1699114100008791,103228356,2458786.788295809,58786.2835648,16.4913349,0.0168393813,0,zg,64.1631683,40.0425821,0.920000017,0.00700000022,20191030283565,1699,14.0,1.0,20.1800003,26.1330414,0.0460302569,-0.0709446967,3.83886472e-05,30,1.17999995,2
1699114100008791,103228401,2458786.7887472324,58786.2840162,16.5314941,0.0169475228,0,zg,64.1631486,40.0426045,1.06400001,0.00800000038,20191030284016,1699,14.0,1.0,20.2800007,26.1323566,0.0460493416,-0.068255499,3.61960301e-05,30,1.17799997,3
1699114100008791,103443483,2458788.939674775,58788.434838,16.4928112,0.0168432575,0,zg,64.1631501,40.0425828,0.971000016,-0.0390000008,20191101434780,1699,14.0,1.0,20.8500004,26.2035122,0.04010804,-0.0952706859,2.62047051e-05,30,1.03299999,2
1699114100008791,103443528,2458788.940126196,58788.4352894,16.5175591,0.0169093609,0,zg,64.1631572,40.0425824,0.740999997,-0.00300000003,20191101435289,1699,14.0,1.0,20.9599991,26.1983414,0.0390324779,-0.0959964097,2.49504719e-05,30,1.03400004,3
1699114100008791,104325070,2458797.7559060254,58797.250706,16.5505829,0.0170009118,0,zg,64.1631237,40.0425772,0.721000016,0.00899999961,20191110250648,1699,14.0,1.0,20.0599995,26.1487522,0.0438608639,-0.0508455448,3.83958541e-05,30,1.19000006,2
1699114100008791,104325115,2458797.756357441,58797.2511574,16.4958229,0.0168511886,0,zg,64.1631375,40.0425741,0.978999972,0.0299999993,20191110251157,1699,14.0,1.0,20.1299992,26.1557751,0.0444174856,-0.0556974858,3.92600195e-05,30,1.18900001,3
1699114100008791,105724633,2458811.7518617623,58811.246331,16.5102386,0.0168895852,0,zg,64.1631251,40.0425881,0.866999984,0.0109999999,20191124246319,1699,14.0,1.0,20.7700005,26.1626244,0.039239347,-0.0855285525,2.56511958e-05,30,1.08700001,2
1699114100008791,105724678,2458811.752313168,58811.2467824,16.4916039,0.0168400854,0,zg,64.1631304,40.0425989,0.823000014,0.00400000019,20191124246782,1699,14.0,1.0,20.7000008,26.1579342,0.0404557362,-0.0818911716,2.70202145e-05,30,1.08599997,3
1699114100008791,210740458,2459861.9080023416,59861.4045833,16.6333675,0.0172479395,0,zg,64.1630693,40.0425556,0.558000028,0.0340000018,20221009404583,1699,14.0,1.0,20.1399994,26.3058987,0.0419613458,-0.0496328957,3.54365693e-05,30,1.02900004,2
1699114100008791,212041664,2459874.920949321,59874.4166435,16.5834293,0.0170958694,0,zg,64.1630864,40.042574,0.389999986,0.0179999992,20221022416632,1699,14.0,1.0,21.75,26.3335323,0.0362117663,-0.0949216932,2.20080237e-05,30,1.00199997,2
1699114100008791,212343499,2459877.9394832314,59877.435,16.5531769,0.0170082655,0,zg,64.1630715,40.0425877,0.620999992,0.0270000007,20221025434988,1699,14.0,1.0,21.3600006,26.3259411,0.0312083606,-0.068436794,1.61044827e-05,30,1.01400006,2
1699114100008791,212740467,2459881.9093742995,59881.4046759,16.6191654,0.0172037277,0,zg,64.1630865,40.0425932,0.69599998,0.0,20221029404664,1699,14.0,1.0,21.4699993,26.3181896,0.0336086527,-0.0739813447,1.87950955e-05,30,1.00399995,2
1699114100008791,217625950,2459930.7648711093,59930.2595023,16.5839195,0.017097313,0,zg,64.1630495,40.0426134,0.683000028,-0.0469999984,20221217259421,1699,14.0,1.0,20.9599991,26.3339119,0.0322770774,-0.065724954,1.72130949e-05,30,1.00199997,2
1699114100008791,246235246,2460216.8550637234,60216.3524653,16.616396,0.0171951912,0,zg,64.16305,40.0425763,0.414000005,-0.00100000005,20230929352442,1699,14.0,1.0,19.8799992,26.2991943,0.0468083806,-0.0258069467,4.95536042e-05,30,1.245,2
1699114100008791,246338700,2460217.8896869086,60217.3870023,16.6791687,0.0173959062,0,zg,64.1630939,40.0425923,0.699999988,0.0209999997,20230930387002,1699,14.0,1.0,19.0599995,26.327486,0.049140241,-0.0415299237,9.32814364e-05,30,1.11199999,2
1699114100008791,246938543,2460223.888607727,60223.3854398,16.6488285,0.0172969643,0,zg,64.1630526,40.0425975,0.439999998,-0.0160000008,20231006385428,1699,14.0,1.0,20.6299992,26.3232174,0.035633754,-0.0602671131,2.12616342e-05,30,1.07599998,2
1699114100008791,247739348,2460231.8972467454,60231.3934838,16.6195946,0.0172050521,0,zg,64.1630543,40.042604,1.13699996,0.0780000016,20231014393472,1699,14.0,1.0,21.3299999,26.3174744,0.0330484509,-0.0736138821,1.81665509e-05,30,1.02699995,2
1699114100008791,247845820,2460232.9620431405,60232.458206,16.6998138,0.0174653511,0,zg,64.1630556,40.0425792,1.24199998,0.0900000036,20231015458194,1699,14.0,1.0,21.5499992,26.3352852,0.030870162,-0.074366197,1.58802304e-05,30,1.00999999,2
1699114100008791,248037449,2460234.878458196,60234.3744907,16.6540184,0.0173136257,0,zg,64.1630674,40.0425949,0.866999984,0.00899999961,20231017374479,1699,14.0,1.0,21.2099991,26.1514568,0.0346228369,-0.0649970472,2.01293624e-05,30,1.04100001,2
1699114100008791,248137165,2460235.8756887848,60235.3716551,16.5982227,0.0171399377,0,zg,64.1630581,40.0425871,0.40200001,-0.0189999994,20231018371655,1699,14.0,1.0,21.3600006,26.342144,0.0315295011,-0.0867181942,1.63648347e-05,30,1.04100001,2
1699114100008791,249729621,2460251.801137102,60251.2962153,16.6170082,0.0171970781,0,zg,64.1630436,40.0426025,1.18900001,0.0109999999,20231103296192,1699,14.0,1.0,20.3199997,26.3181381,0.0401936583,-0.0478155985,2.78153548e-05,30,1.10599995,2
1699114100008791,250038559,2460254.890644391,60254.3855903,16.6855736,0.0174172651,0,zg,64.163047,40.0425833,0.635999978,0.0839999989,20231106385590,1699,14.0,1.0,21.3099995,26.3451405,0.0310768299,-0.0701385438,1.61574462e-05,30,1.00399995,2
1699114100008791,250532396,2460259.8292059056,60259.3239699,16.5605659,0.0170293562,0,zg,64.1630469,40.0425745,0.463999987,0.0500000007,20231111323958,1699,14.0,1.0,21.0900002,26.3174801,0.0322938561,-0.0685266852,1.72540058e-05,30,1.01900005,2
1699114100008791,250633166,2460260.836935241,60260.3316667,16.6571312,0.0173236765,0,zg,64.1630476,40.0425928,0.671000004,0.0260000005,20231112331667,1699,14.0,1.0,20.8700008,26.3263569,0.0354593582,-0.0584963821,2.08559886e-05,30,1.01100004,2
1699114100008791,250938240,2460263.8877647207,60263.3824074,16.6964989,0.0174540859,0,zg,64.1630551,40.0426159,0.737999976,0.0460000001,20231115382153,1699,14.0,1.0,20.9500008,26.3117523,0.0353398994,-0.0531477407,2.05963624e-05,30,1.01699996,2
1699114100008791,255215561,2460306.660614126,60306.1556134,16.7780323,0.0177446529,0,zg,64.163039,40.0426068,0.421999991,0.0320000015,20231228155463,1699,14.0,1.0,20.2700005,26.3341618,0.0429252386,-0.0668390393,3.43844695e-05,30,1.08299994,2
701106200004739,45016209,2458204.6598058,58204.1620949,16.250864,0.0232356861,0,zg,64.1630473,40.0428008,0.606999993,0.0260000005,20180327162072,701,6.0,2.0,19.0200005,26.2274761,0.0528429523,-0.112905271,0.000288149167,30,1.53999996,1
701106200004739,55947292,2458313.968983865,58313.4729282,16.2942924,0.0232285261,0,zg,64.1631195,40.042583,1.04700005,-0.00700000022,20180714472905,701,6.0,2.0,20.6800003,25.8000832,0.0450496748,-0.0454403237,3.41038758e-05,30,2.0309999,1
701106200004739,56944724,2458323.9439803725,58323.4472454,16.4186478,0.0232591126,0,zg,64.1631258,40.0426004,0.564999998,0.0199999996,20180724447234,701,6.0,2.0,20.8899994,26.0002289,0.0401009656,-0.0485660881,2.55035848e-05,30,2.00699997,1
701106200004739,57546825,2458329.965445026,58329.4682523,16.3780937,0.0232404992,0,zg,64.1631341,40.0426023,0.716000021,-0.0399999991,20180730468241,701,6.0,2.0,20.2399998,26.0356731,0.0424686484,-0.0347485095,3.70332637e-05,30,1.56500006,1
701106200004739,58149633,2458335.9940125924,58335.496331,16.3731575,0.0232388154,0,zg,64.1631513,40.0426056,0.778999984,0.0860000029,20180805496296,701,6.0,2.0,20.2199993,26.1394329,0.0450025015,-0.0327587686,3.89167944e-05,30,1.27199996,1
701106200004739,58444484,2458338.94277991,58338.4448495,16.3862514,0.0232435502,0,zg,64.1631731,40.0426285,1.03799999,0.0430000015,20180808444850,701,6.0,2.0,20.6499996,26.0487232,0.0418236814,-0.0248858705,2.83721929e-05,30,1.55599999,1
701106200004739,58844627,2458342.944550087,58342.4462731,16.23452,0.0232406482,0,zg,64.1631606,40.0426462,0.751999974,0.0260000005,20180812446262,701,6.0,2.0,20.7399998,25.9020309,0.0396444909,-0.0105986986,2.54881288e-05,30,1.45799994,1
701106200004739,59144623,2458345.944780993,58345.4462384,16.3206444,0.0232285559,0,zg,64.163157,40.0426026,0.432999998,-0.00300000003,20180815446227,701,6.0,2.0,21.2399998,26.0206623,0.0324957669,-0.0340796448,1.70259682e-05,30,1.40199995,1
701106200004739,59449149,2458348.9903095616,58348.4914931,16.4130287,0.0232560206,0,zg,64.1631831,40.0426169,0.64200002,0.0359999985,20180818491493,701,6.0,2.0,21.4699993,26.1358795,0.0306331851,-0.0462747067,1.53223682e-05,30,1.15100002,1
701106200004739,59746695,2458351.9660434104,58351.466956,16.3095398,0.0232281331,0,zg,64.1631756,40.0426047,1.14999998,0.0900000036,20180821466933,701,6.0,2.0,21.5499992,26.1468163,0.0296908543,-0.0449278988,1.41444625e-05,30,1.21000004,1
701106200004739,60646820,2458360.968126752,58360.468206,16.3429871,0.0232312307,0,zg,64.1632112,40.0426758,1.30299997,0.0729999989,20180830468183,701,6.0,2.0,20.1000004,26.2177811,0.0454968996,-0.0167249646,4.29889333e-05,30,1.12399995,1
701106200004739,60951165,2458364.0118599823,58363.5116551,16.4362926,0.0232699309,0,zg,64.1631595,40.042642,1.61199999,0.0850000009,20180902511655,701,6.0,2.0,20.1100006,26.1782875,0.0459684134,-0.0221240707,4.52066233e-05,30,1.028,1
701106200004739,61247653,2458366.977021048,58366.4765394,16.3046608,0.0232281331,0,zg,64.1631503,40.0426073,0.684000015,0.0390000008,20180905476528,701,6.0,2.0,21.5499992,26.2247181,0.0301345456,-0.0573537387,1.47667915e-05,30,1.06700003,1
701106200004739,61546472,2458369.965482071,58369.4647222,16.3373604,0.0232303292,0,zg,64.1631457,40.0425988,1.06500006,-0.050999999,20180908464630,701,6.0,2.0,21.5100002,26.2257404,0.0292310063,-0.0658191964,1.39337562e-05,30,1.074,1
701106200004739,61845468,2458372.955724265,58372.4546875,16.2538147,0.0232349169,0,zg,64.1631368,40.0425873,0.449999988,-0.0250000004,20180911454676,701,6.0,2.0,21.6700001,26.2733326,0.0272416454,-0.0820125416,1.21522999e-05,30,1.07799995,1
701106200004739,62144818,2458375.949494603,58375.4481829,16.4251614,0.0232629068,0,zg,64.1631446,40.042598,0.874000013,-0.0299999993,20180914448102,701,6.0,2.0,21.6000004,26.2398987,0.0279218853,-0.0579251945,1.28211268e-05,30,1.07500005,1
701106200004739,62446322,2458378.9648147603,58378.4632292,16.2891426,0.0232289098,0,zg,64.1631489,40.0425828,0.801999986,-0.0700000003,20180917462870,701,6.0,2.0,21.5699997,26.2743683,0.0281554051,-0.0780897364,1.29221971e-05,30,1.03699994,1
701106200004739,62547944,2458379.9811214427,58379.4794444,16.3674278,0.0232370198,0,zg,64.1631431,40.0425933,0.760999978,-0.0689999983,20180918479433,701,6.0,2.0,21.4799995,26.2980919,0.0293903407,-0.0926673859,1.4072004e-05,30,1.01800001,1
701106200004739,62845629,2458382.9582385644,58382.4562963,16.3931789,0.0232464094,0,zg,64.1631422,40.0425673,0.879000008,0.0579999983,20180921456285,701,6.0,2.0,21.7000008,26.2316723,0.0270163529,-0.0576768853,1.16526908e-05,30,1.03199995,1
701106200004739,63036255,2458384.8646675777,58384.3625579,16.2630138,0.0232327934,0,zg,64.163147,40.042565,0.691999972,-0.00899999961,20180923362558,701,6.0,2.0,20.4799995,26.103756,0.0425030142,-0.0394278988,3.23495005e-05,30,1.27100003,1
701106200004739,63141155,2458385.9137518927,58385.4115509,16.3212891,0.0232285988,0,zg,64.1631483,40.0425728,0.633000016,-0.0280000009,20180924411551,701,6.0,2.0,20.0900002,26.2097359,0.0460428707,-0.0388859436,4.37678536e-05,30,1.09500003,1
701106200004739,63146730,2458385.9695090447,58385.4673032,16.2834454,0.0232294835,0,zg,64.1631541,40.0425725,0.665000021,-0.0379999988,20180924467234,701,6.0,2.0,20.4799995,26.2566853,0.0413844883,-0.0688036755,2.98414307e-05,30,1.01499999,1
701106200004739,63438583,2458388.8882894684,58388.3858333,16.2860374,0.0232292078,0,zg,64.1631458,40.0425623,0.344999999,0.0189999994,20180927385822,701,6.0,2.0,20.4799995,26.2383881,0.0424114913,-0.0684272796,3.12964185e-05,30,1.14100003,1
701106200004739,63444567,2458388.9481325694,58388.4456713,16.3296413,0.0232293345,0,zg,64.1631476,40.0425707,0.859000027,-0.0160000008,20180927445602,701,6.0,2.0,20.6700001,26.255415,0.0396284498,-0.0668451861,2.61552923e-05,30,1.02600002,1
701106200004739,63638656,2458390.889187063,58390.3865625,16.506916,0.0233304091,0,zg,64.1631345,40.0425748,1.06599998,-0.0829999968,20180929386562,701,6.0,2.0,20.5699997,26.276228,0.0402123816,-0.0976323485,2.69621687e-05,30,1.12300003,1
701106200004739,64338254,2458397.8857359397,58397.3825463,16.3934441,0.023246536,0,zg,64.1631087,40.0425712,1.10300004,-0.0529999994,20181006382535,701,6.0,2.0,21.5400009,26.264595,0.0298536271,-0.11224778,1.44347741e-05,30,1.08599997,1
701106200004739,66842423,2458422.9290364427,58422.4242361,16.3633003,0.0232358258,0,zg,64.1631419,40.0425812,0.294999987,-0.00400000019,20181031424155,701,6.0,2.0,20.4300003,26.2169704,0.0430108272,-0.0511498414,3.09890493e-05,30,1.02100003,1
701106200004739,66843482,2458422.939627256,58422.4348264,16.503418,0.0233267508,0,zg,64.1631523,40.042578,0.563000023,-0.0160000008,20181031434815,701,6.0,2.0,20.8199997,26.244627,0.0356477052,-0.0846643299,2.04247808e-05,30,1.03199995,1
701106200004739,66943190,2458423.936758439,58423.4319097,16.3813629,0.0232416764,0,zg,64.1631538,40.0425898,1.11000001,-0.0170000009,20181101431898,701,6.0,2.0,20.5699997,26.2528419,0.0427038521,-0.0636057779,2.98703799e-05,30,1.03100002,1
701106200004739,67136771,2458425.8726575878,58425.3677199,16.3086929,0.0232281182,0,zg,64.163143,40.0425591,1.171,0.0350000001,20181103367685,701,6.0,2.0,21.7000008,26.0956669,0.030290883,-0.0783911347,1.49287252e-05,30,1.00899994,1
701106200004739,67235238,2458426.8573651575,58426.3523843,16.4104023,0.0232546218,0,zg,64.1631317,40.0425846,0.407999992,0.00499999989,20181104352373,701,6.0,2.0,21.5699997,26.0988178,0.0315899216,-0.0824915096,1.62207616e-05,30,1.01499999,1
701106200004739,67430671,2458428.81177532,58428.306713,16.3497086,0.0232325308,0,zg,64.1631404,40.0425925,0.829999983,0.0469999984,20181106306655,701,6.0,2.0,21.4099998,26.2221756,0.0326710194,-0.0482207239,1.72584296e-05,30,1.06700003,1
701106200004739,67742278,2458431.9279698124,58431.4227894,16.3103065,0.0232281405,0,zg,64.1631537,40.0425806,0.579999983,0.00100000005,20181109422778,701,6.0,2.0,20.4599991,26.1966534,0.0444975346,-0.0704870522,3.47995374e-05,30,1.04900002,1
701106200004739,68040890,2458434.91418012,58434.4089005,16.3397255,0.0232306849,0,zg,64.1631384,40.0425951,0.818000019,0.00100000005,20181112408889,701,6.0,2.0,20.6599998,26.2392921,0.0418835692,-0.0607440323,2.86979212e-05,30,1.04100001,1
701106200004739,68342836,2458437.933733842,58437.4283681,16.3077698,0.0232281182,0,zg,64.1631313,40.0425809,0.885999978,0.00800000038,20181115428229,701,6.0,2.0,20.7900009,26.2590084,0.039056953,-0.0777537525,2.47234984e-05,30,1.09099996,1
701106200004739,68921892,2458443.724413787,58443.2189236,16.453331,0.0232819878,0,zg,64.1631298,40.0425924,0.601999998,-0.0390000008,20181121218900,701,6.0,2.0,20.1299992,26.2139359,0.0434709452,-0.0564779341,4.12390364e-05,30,1.19799995,1
701106200004739,69640392,2458450.90949244,58450.4039236,16.3515816,0.0232329294,0,zg,64.1631535,40.0425857,0.451999992,0.0109999999,20181128403912,701,6.0,2.0,19.8700008,25.8970222,0.0447391234,-0.050346747,4.75972665e-05,30,1.11899996,1
701106200004739,70834030,2458462.845810866,58462.3403009,16.2920723,0.0232286751,0,zg,64.1631484,40.0425758,1.05799997,-0.0719999969,20181210340232,701,6.0,2.0,20.8899994,25.8659782,0.0403283834,-0.105658881,2.67350679e-05,30,1.05200005,1
701106200004739,71123623,2458465.7416982935,58465.2362384,16.4504471,0.0232798252,0,zg,64.1631035,40.0425691,0.721000016,-0.00200000009,20181213236181,701,6.0,2.0,20.7700005,26.2982254,0.039060384,-0.107306868,2.4936473e-05,30,1.023,1
701106200004739,71711136,2458471.6166818663,58471.1113657,16.4175949,0.0232585166,0,zg,64.1631356,40.0425958,1.17999995,-0.0170000009,20181219111354,701,6.0,2.0,19.8999996,26.0751209,0.0461301915,-0.0499065779,5.10312348e-05,30,1.34500003,1
701106200004739,71821607,2458472.721359424,58472.2160764,16.3903008,0.0232451949,0,zg,64.1631398,40.0425687,0.970000029,0.00499999989,20181220216053,701,6.0,2.0,20.2099991,26.2708492,0.044644352,-0.0498719737,3.89205597e-05,30,1.02499998,1
701106200004739,72727581,2458481.780749449,58481.2758102,16.4211216,0.0232605208,0,zg,64.1631475,40.0426211,1.72000003,-0.00700000022,20181229275799,701,6.0,2.0,20.3999996,26.2397671,0.0476600751,-0.0584200509,3.97362273e-05,30,1.03400004,1
701106200004739,72914407,2458483.648927007,58483.1440741,16.4370842,0.023270458,0,zg,64.1631322,40.0425949,0.441000015,-0.0140000004,20181231144062,701,6.0,2.0,21.1700001,26.2212887,0.0336465351,-0.0610611513,1.84940218e-05,30,1.09300005,1
701106200004739,73920192,2458493.7062243316,58493.2019213,16.5059547,0.0233293977,0,zg,64.1631277,40.042587,0.871999979,0.00200000009,20190110201887,701,6.0,2.0,21.4599991,26.2462673,0.0296016838,-0.0672639087,1.41552773e-05,30,1.00800002,1
701106200004739,74922244,2458503.726068298,58503.2224421,16.4778385,0.0233021211,0,zg,64.1631404,40.042577,0.586000025,-0.0199999996,20190120222407,701,6.0,2.0,19.6900005,26.224123,0.0446692705,-0.0717354268,5.58751199e-05,30,1.04499996,1
701106200004739,75119789,2458505.7013729536,58505.1978935,16.5114174,0.0233352184,0,zg,64.1631227,40.0425915,0.722000003,-0.00200000009,20190122197882,701,6.0,2.0,19.4599991,26.27598,0.0492656864,-0.0849074274,7.9563637e-05,30,1.023,1
701106200004739,75317760,2458507.680932591,58507.1776042,16.3915634,0.0232457239,0,zg,64.1631375,40.0425759,0.765999973,0.0219999999,20190124177581,701,6.0,2.0,21.2999992,26.2485771,0.0337170996,-0.0744552538,1.85164445e-05,30,1.01300001,1
701106200004739,75618009,2458510.6831846097,58510.1800926,16.4549866,0.0232832339,0,zg,64.1631302,40.0425808,0.93900001,-0.0199999996,20190127180093,701,6.0,2.0,20.5799999,26.1440334,0.0435050242,-0.0636324435,3.14601857e-05,30,1.01999998,1
701106200004739,76815541,2458522.6574911745,58522.1554167,16.4581757,0.0232857019,0,zg,64.1631227,40.0426367,1.50399995,0.0670000017,20190208155405,701,6.0,2.0,20.7999992,26.1998386,0.0393415615,-0.0322637893,2.47991575e-05,30,1.02699995,1
701106200004739,78014047,2458534.641446938,58534.1404745,16.5422859,0.0233713984,0,zg,64.1631257,40.0426761,0.453000009,0.0140000004,20190220140463,701,6.0,2.0,19.3999996,26.1802006,0.0475335047,-0.0268525872,7.20921744e-05,30,1.04900002,1
701106200004739,78413614,2458538.636740709,58538.1361458,16.481884,0.0233057756,0,zg,64.1631204,40.0426479,1.66799998,0.0729999989,20190224136134,701,6.0,2.0,20.1900005,25.79076,0.049271822,-0.0299467668,5.06391552e-05,30,1.05999994,1
701106200004739,78814445,2458542.644670009,58542.144456,16.3526154,0.0232331567,0,zg,64.1631376,40.0425745,0.959999979,-0.0350000001,20190228144410,701,6.0,2.0,21.5699997,26.2272129,0.0331624523,-0.0875581503,1.77189086e-05,30,1.09899998,1
701106200004739,80413265,2458558.6313611525,58558.1326505,16.4689713,0.0232944544,0,zg,64.1631291,40.0425798,0.541000009,0.00499999989,20190316132616,701,6.0,2.0,19.7600002,26.2232609,0.0469897278,-0.0845541507,5.55537554e-05,30,1.19500005,1
701106200004739,80720357,2458561.70200777,58561.2035764,16.4145622,0.0232568458,0,zg,64.1631689,40.0425724,1.21099997,-0.0460000001,20190319203565,701,6.0,2.0,19.3999996,26.0683365,0.0472000092,-0.0663949549,7.58923634e-05,30,1.722,1
701106200004739,81316130,2458567.659212307,58567.1613079,16.5116692,0.0233354867,0,zg,64.1631746,40.0425802,1.17900002,-0.00200000009,20190325161308,701,6.0,2.0,20.7399998,26.0952034,0.0392489806,-0.0988273248,2.55558825e-05,30,1.48399997,1
701106200004739,81915585,2458573.653254641,58573.1558565,16.44277,0.023274323,0,zg,64.1631379,40.0425986,0.658999979,-0.0120000001,20190331155856,701,6.0,2.0,20.4300003,26.0319023,0.0436833166,-0.0607259907,3.2826425e-05,30,1.574,1
701106200004739,83117460,2458585.6710835993,58585.1746065,16.4939098,0.0233171657,0,zg,64.1631189,40.0426016,0.717000008,0.0219999999,20190412174583,701,6.0,2.0,19.2099991,25.9037399,0.050038632,-0.0500654764,0.000100042635,30,2.273,1
701106200004739,92747269,2458681.9689287734,58681.4726968,16.4310493,0.0232665353,0,zg,64.1631219,40.0425828,0.633000016,-0.00200000009,20190717472685,701,6.0,2.0,19.3299999,26.0728474,0.0474134907,-0.0626351684,7.55078945e-05,30,1.90999997,1
701106200004739,94144920,2458695.946451311,58695.4492014,16.4766769,0.0233010966,0,zg,64.1630974,40.0425701,0.73299998,-0.0189999994,20190731449167,701,6.0,2.0,21.1599998,26.0340118,0.035213396,-0.0703859404,1.96780911e-05,30,1.72599995,1
701106200004739,94447616,2458698.9736628314,58698.476169,16.5085449,0.0233321283,0,zg,64.1631512,40.0425807,0.437000006,0.0160000008,20190803476157,701,6.0,2.0,21.1000004,26.0654659,0.0344970785,-0.0566893741,1.91416711e-05,30,1.41999996,1
701106200004739,95044848,2458704.946478544,58704.4484838,16.415062,0.0232571159,0,zg,64.1631264,40.0425759,0.753000021,0.0140000004,20190809448472,701,6.0,2.0,20.6900005,26.0577831,0.043248117,-0.0326272398,3.04482837e-05,30,1.50300002,1
701106200004739,95345143,2458707.9496903694,58707.4514352,16.4529915,0.0232817288,0,zg,64.1631238,40.0425851,0.523000002,0.0120000001,20190812451435,701,6.0,2.0,21.2999992,26.1007004,0.0351482071,-0.0613956116,1.99620008e-05,30,1.42200005,1
701106200004739,95750894,2458712.0075614825,58711.5089468,16.4123764,0.0232556686,0,zg,64.1631349,40.0425635,0.660000026,-0.0359999985,20190816508924,701,6.0,2.0,20.0300007,26.1819382,0.0450914875,-0.0527390316,4.5455854e-05,30,1.11899996,1
701106200004739,96049903,2458714.9979237407,58714.4990394,16.4380684,0.0232711099,0,zg,64.163122,40.0425865,1.05200005,0.0179999992,20190819499028,701,6.0,2.0,20.5799999,26.1357613,0.0406612828,-0.0413132422,2.87579423e-05,30,1.12399995,1
701106200004739,96344842,2458717.9475794565,58717.4484259,16.4132805,0.0232561491,0,zg,64.1631437,40.0425712,0.819999993,0.0109999999,20190822448426,701,6.0,2.0,20.3099995,26.1063213,0.0449409038,-0.0556686744,3.69992631e-05,30,1.28199995,1
701106200004739,97047166,2458724.971470664,58724.4716667,16.334486,0.0232299268,0,zg,64.1631239,40.042565,0.495000005,-0.0130000003,20190829471655,701,6.0,2.0,21.4099998,26.1386871,0.0315006971,-0.074505344,1.61333846e-05,30,1.12399995,1
701106200004739,97347184,2458727.9719243036,58727.4718403,16.40242,0.0232506245,0,zg,64.1631262,40.0425693,0.787,0.00300000003,20190901471829,701,6.0,2.0,21.2800007,26.1242332,0.035488192,-0.0752724931,2.06109344e-05,30,1.102,1
701106200004739,97842363,2458732.9241805435,58732.4236343,16.4979057,0.0233211312,0,zg,64.1631201,40.0425874,0.66900003,0.00700000022,20190906423623,701,6.0,2.0,21.6000004,26.1060829,0.0306086093,-0.0722032562,1.50690657e-05,30,1.21099997,1
701106200004739,98145021,2458735.951047513,58735.4502199,16.3748665,0.0232393835,0,zg,64.1631148,40.0425737,0.916999996,-0.063000001,20190909450174,701,6.0,2.0,21.3400002,26.1746368,0.0345861726,-0.097201705,1.95064767e-05,30,1.102,1
701106200004739,98449315,2458738.994268396,58738.4931597,16.3809814,0.0232415348,0,zg,64.1631294,40.0425863,0.602999985,0.0170000009,20190912493148,701,6.0,2.0,21.0599995,26.1356926,0.0362621844,-0.0464576334,2.1249467e-05,30,1.02100003,1
701106200004739,99049317,2458744.994826127,58744.4931713,16.3469524,0.0232319701,0,zg,64.1631243,40.0425651,0.926999986,-0.0489999987,20190918493171,701,6.0,2.0,20.1800003,26.18997,0.0418055356,-0.0735029504,3.38897044e-05,30,1.01100004,1
701106200004739,99349398,2458747.9959040713,58747.4939815,16.458231,0.0232857391,0,zg,64.1631366,40.0425809,1.01900005,-0.0149999997,20190921493981,701,6.0,2.0,20.6800003,26.1630001,0.0405561142,-0.0713401288,2.74580907e-05,30,1.00899994,1
701106200004739,99639871,2458750.900892713,58750.3987153,16.5198479,0.0233445484,0,zg,64.1631218,40.0425859,0.666999996,0.0320000015,20190924398565,701,6.0,2.0,20.9099998,26.0309105,0.0374512561,-0.0523280688,2.2444452e-05,30,1.12899995,1
701106200004739,100242906,2458756.9317526156,58756.4290625,16.5009499,0.0233242065,0,zg,64.1631059,40.0425913,0.143000007,-0.00700000022,20190930429051,701,6.0,2.0,21.3799992,26.1584034,0.0328772217,-0.0761378556,1.7350445e-05,30,1.03699994,1
701106200004739,100543091,2458759.933849961,58759.4309144,16.4307251,0.0232663359,0,zg,64.1631286,40.0425726,0.287,0.0130000003,20191003430891,701,6.0,2.0,21.75,26.1560593,0.0314591043,-0.0764463246,1.57987106e-05,30,1.02499998,1
701106200004739,100942341,2458763.926664789,58763.4234144,16.4641266,0.0232904442,0,zg,64.1631382,40.0425841,0.612999976,0.0109999999,20191007423252,701,6.0,2.0,21.1800003,26.1242008,0.0359668359,-0.0422780067,2.08467718e-05,30,1.02199996,1
701106200004739,101245170,2458766.955180926,58766.4517014,16.4629345,0.0232894812,0,zg,64.1631232,40.0425761,0.356000006,0.00200000009,20191010451667,701,6.0,2.0,21.3899994,26.142519,0.0322407484,-0.0592730492,1.68547413e-05,30,1.00800002,1
701106200004739,101549538,2458769.999082636,58769.4953819,16.4761868,0.0233006589,0,zg,64.1631319,40.0425746,0.838,0.00400000019,20191013495359,701,6.0,2.0,20.25,26.1679058,0.046050515,-0.0799914077,4.28558305e-05,30,1.04799998,1
701106200004739,101835083,2458772.854732762,58772.3508333,16.539856,0.0233683512,0,zg,64.1631474,40.0425806,0.448000014,0.00999999978,20191016350810,701,6.0,2.0,19.0499992,26.0162621,0.0458902977,-0.0271933563,9.18854566e-05,30,1.09800005,1
701106200004739,102141011,2458775.914218104,58775.4101157,16.4303131,0.0232660808,0,zg,64.1631338,40.0425673,1.07200003,-0.0170000009,20191019410116,701,6.0,2.0,20.6399994,26.1668835,0.040469639,-0.05952188,2.72399975e-05,30,1.01100004,1
701106200004739,102430670,2458778.810985832,58778.3067014,16.4829254,0.0233067218,0,zg,64.1631526,40.0425585,1.15600002,0.00400000019,20191022306690,701,6.0,2.0,20.5300007,26.1266937,0.0454778895,-0.0590188913,3.38838763e-05,30,1.17799997,1
701106200004739,102740917,2458781.9136462323,58781.4091782,16.4317894,0.0232670121,0,zg,64.1630972,40.0425796,1.29299998,0.00499999989,20191025409155,701,6.0,2.0,20.75,26.1383858,0.0581460297,-0.116566353,5.66939889e-05,30,1.00800002,1
701106200004739,103342968,2458787.9344756855,58787.4296875,16.4948521,0.0233180858,0,zg,64.1630952,40.0425877,0.702000022,0.00100000005,20191031429676,701,6.0,2.0,20.3999996,26.1201191,0.0567301512,-0.104888067,5.98900551e-05,30,1.02699995,1
701106200004739,104027841,2458794.783504826,58794.2784144,16.4692154,0.02329465,0,zg,64.1631214,40.0425713,0.906000018,-0.0160000008,20191107278403,701,6.0,2.0,20.9899998,26.1162777,0.0421713553,-0.0711962059,2.8839584e-05,30,1.13,3
701106200004739,104128201,2458795.78714283,58795.2820139,16.4514637,0.023280587,0,zg,64.1631159,40.0425834,0.667999983,0.0379999988,20191108281991,701,6.0,2.0,20.6800003,26.1292877,0.0418193564,-0.0660706088,2.91371871e-05,30,1.11300004,3
701106200004739,104227626,2458796.7814271753,58796.2762616,16.5086327,0.0233322233,0,zg,64.1631235,40.0425931,0.568000019,-0.0149999997,20191109276262,701,6.0,2.0,20.2399998,26.1498013,0.0453218371,-0.0647138208,3.98892334e-05,30,1.12100005,1
701106200004739,104227716,2458796.7823300087,58796.2771644,16.5502377,0.0233816393,0,zg,64.1631306,40.0425874,0.773999989,-0.0219999999,20191109277164,701,6.0,2.0,20.1299992,26.1506405,0.047314357,-0.0660607442,4.59281473e-05,30,1.11800003,3
701106200004739,104324608,2458797.7512878627,58797.246088,16.523592,0.0233488213,0,zg,64.1631234,40.0425862,0.847000003,-0.0649999976,20191110246076,701,6.0,2.0,20.2399998,26.1176281,0.0435653068,-0.0680494085,3.87500804e-05,30,1.21099997,3
701106200004739,104325160,2458797.756808857,58797.2516088,16.531147,0.0233576968,0,zg,64.1631401,40.0425825,0.741999984,-0.0399999991,20191110251609,701,6.0,2.0,20.3600006,26.1042442,0.0423406139,-0.0590027012,3.63730105e-05,30,1.19000006,1
701106200004739,104417283,2458798.678066844,58798.1728356,16.5455971,0.0233756155,0,zg,64.1630957,40.0426006,0.926999986,-0.0359999985,20191111172836,701,6.0,2.0,19.4300003,26.0380859,0.0481962375,-0.0605955571,7.79420734e-05,30,1.67400002,3
701106200004739,104551093,2458800.0162118464,58799.5109375,16.5278587,0.0233537909,0,zg,64.1631435,40.0425768,0.393999994,0.00800000038,20191112510926,701,6.0,2.0,19.4300003,26.09902,0.0446651466,-0.0443168171,6.72177557e-05,30,1.38600004,3
701106200004739,104551297,2458800.0182489078,58799.5129745,16.5862808,0.0234328173,0,zg,64.1631459,40.0425869,0.291000009,-0.0280000009,20191112511863,701,6.0,2.0,19.3999996,26.1037045,0.0455955192,-0.0677877739,7.53747299e-05,30,1.398,1
701106200004739,104722614,2458801.7314713066,58801.2261458,16.4053383,0.0232520495,0,zg,64.1631138,40.0425803,1.28600001,-0.0439999998,20191114226123,701,6.0,2.0,19.5100002,26.1531754,0.044221215,-0.0793172866,6.42476516e-05,30,1.24899995,3
701106200004739,104819170,2458802.6970536504,58802.1917014,16.5116177,0.0233354326,0,zg,64.1631176,40.0425853,0.561999977,-0.0309999995,20191115191690,701,6.0,2.0,19.9899998,26.0737495,0.043414332,-0.0349828713,4.56838861e-05,30,1.42400002,3
701106200004739,104819260,2458802.697956476,58802.1926042,16.5896835,0.0234380588,0,zg,64.1631162,40.042569,0.947000027,-0.0689999983,20191115192604,701,6.0,2.0,19.9899998,26.1112251,0.0455143303,-0.053416796,5.03537121e-05,30,1.41799998,1
701106200004739,104921518,2458803.7205642434,58803.2151852,16.4557343,0.0232838113,0,zg,64.16312,40.0425924,0.72299999,-0.075000003,20191116215185,701,6.0,2.0,19.9500008,26.0168705,0.0447614975,-0.0332371369,4.76911628e-05,30,1.27400005,3
701106200004739,105038412,2458804.889528041,58804.3841204,16.5942802,0.0234452561,0,zg,64.1631167,40.0425729,0.925000012,0.0120000001,20191117384086,701,6.0,2.0,20.2900009,26.1649876,0.0441894159,-0.0751237571,3.5598765e-05,30,1.028,3
701106200004739,105119535,2458805.70078491,58805.1953588,16.470747,0.0232959464,0,zg,64.1631127,40.0425903,1.22500002,0.0109999999,20191118195359,701,6.0,2.0,21.0200005,26.0447025,0.0559831001,-0.0877348632,5.15966749e-05,30,1.35000002,1
701106200004739,105119627,2458805.7016992318,58805.1962731,16.493124,0.0233163852,0,zg,64.163088,40.0425749,0.63499999,0.0670000017,20191118196273,701,6.0,2.0,21.1700001,26.0452557,0.0571212396,-0.0944977105,5.42533671e-05,30,1.34500003,3
701106200004739,105237790,2458806.883356393,58806.3779051,16.5276909,0.0233535916,0,zg,64.1631368,40.0425772,0.839999974,-0.0469999984,20191119377870,701,6.0,2.0,21.1700001,26.1390152,0.0436765514,-0.0903768614,3.07015143e-05,30,1.02699995,3
701106200004739,105724723,2458811.752764574,58811.2472338,16.5050774,0.0233284794,0,zg,64.163081,40.0426048,0.693000019,0.0149999997,20191124247234,701,6.0,2.0,20.9500008,26.0781937,0.0599243902,-0.100533217,5.98435145e-05,30,1.09099996,1
701106200004739,106522274,2458819.728319246,58819.2227431,16.3428535,0.023231212,0,zg,64.1630954,40.0425993,0.795000017,0.0649999976,20191202222708,701,6.0,2.0,21.1599998,26.0660038,0.0586221516,-0.088223055,5.7261972e-05,30,1.097,1
701106200004739,106522366,2458819.7292451463,58819.223669,16.3996181,0.0232493021,0,zg,64.1630827,40.0425797,0.532999992,0.0309999995,20191202223657,701,6.0,2.0,21.25,26.0840282,0.0556423143,-0.098367773,5.10143254e-05,30,1.09500003,3
701106200004739,107614317,2458830.648637694,58830.1431713,16.5055237,0.0233289395,0,zg,64.1631114,40.0425766,0.150000006,-0.00999999978,20191213143171,701,6.0,2.0,19.5699997,26.2722321,0.0471356884,-0.0476194173,6.64533945e-05,30,1.26600003,3
701106200004739,107614407,2458830.649540478,58830.1440741,16.4758053,0.0233003236,0,zg,64.1631306,40.0425762,0.591000021,0.0160000008,20191213144074,701,6.0,2.0,19.6000004,26.2674084,0.0442381129,-0.0477083065,5.63908143e-05,30,1.26199996,1
701106200004739,107721840,2458831.72384781,58831.2184028,16.5753059,0.0234163981,0,zg,64.1631152,40.0425781,0.611999989,0.0350000001,20191214218403,701,6.0,2.0,20.3299999,26.2948341,0.0419125818,-0.0460859127,3.38453719e-05,30,1.04400003,3
701106200004739,107723150,2458831.7369493414,58831.2315046,16.5622692,0.023397848,0,zg,64.1631281,40.0425746,1.21899998,0.0759999976,20191214231493,701,6.0,2.0,20.0799999,26.1517792,0.0454961173,-0.0636490509,4.75682755e-05,30,1.028,1
701106200004739,107918577,2458833.6911764247,58833.1857755,16.4980507,0.0233212728,0,zg,64.1630816,40.0425811,0.538999975,0.00999999978,20191216185764,701,6.0,2.0,20.8299999,26.2747116,0.0491198264,-0.113518931,3.96669566e-05,30,1.09399998,1
701106200004739,108021768,2458834.7230605152,58834.2176852,16.5148506,0.0233389698,0,zg,64.1631089,40.042588,0.745000005,-0.00400000019,20191217217662,701,6.0,2.0,20.2299995,26.0574894,0.0527474396,-0.0912593603,5.58236788e-05,30,1.03499997,1
701106200004739,108222674,2458836.732068209,58836.2267477,16.4587212,0.0232861191,0,zg,64.1630909,40.0425837,0.898999989,-0.023,20191219226736,701,6.0,2.0,21.6599998,26.249733,0.0567810312,-0.110409804,5.25662836e-05,30,1.01999998,1
701106200004739,109814142,2458852.6460881475,58852.1414236,16.4697266,0.023295084,0,zg,64.1631011,40.0425814,0.398000002,0.00100000005,20200104141412,701,6.0,2.0,20.8600006,26.2808151,0.0422909409,-0.090973869,2.90801236e-05,30,1.07799995,1
701106200004739,110116539,2458855.6698915884,58855.1653935,16.5049515,0.0233283434,0,zg,64.1631209,40.0425867,0.754000008,-0.0250000004,20200107165382,701,6.0,2.0,19.9400005,26.3253918,0.0476401001,-0.0668950528,5.32976701e-05,30,1.02900004,1
701106200004739,110117378,2458855.6782823117,58855.1737847,16.4688454,0.0232943427,0,zg,64.163124,40.0425783,0.317000002,0.00700000022,20200107173762,701,6.0,2.0,19.9500008,26.3049946,0.0498007014,-0.0514064729,5.69534241e-05,30,1.02100003,1
701106200004739,110511422,2458859.6184868524,58859.1142245,16.4833832,0.0233071409,0,zg,64.1631339,40.0425866,1.08500004,-0.00100000005,20200111114225,701,6.0,2.0,19.7399998,26.3061581,0.0434583463,-0.068036817,5.00428469e-05,30,1.09599996,1
701106200004739,110712100,2458861.6251418306,58861.1210069,16.486866,0.0233103931,0,zg,64.1630805,40.0425991,0.737999976,-0.00700000022,20200113120995,701,6.0,2.0,21.1499996,26.21838,0.0589248873,-0.101930417,5.6970217e-05,30,1.07000005,1
701106200004739,110914266,2458863.646663566,58863.142662,16.4317017,0.0232669543,0,zg,64.1630895,40.0425866,0.541000009,-0.0109999999,20200115142650,701,6.0,2.0,21.2900009,26.2253513,0.05990199,-0.105604984,5.8227768e-05,30,1.02999997,1
701106200004739,111011489,2458864.6188314725,58864.1148958,16.5850029,0.0234308653,0,zg,64.163099,40.0425767,1.11399996,-0.0250000004,20200116114884,701,6.0,2.0,21.7800007,26.2520485,0.0575352013,-0.110842139,5.39889952e-05,30,1.06599998,1
701106200004739,111720223,2458871.7056568763,58871.2022338,16.5393143,0.0233676806,0,zg,64.1630823,40.0425837,0.515999973,0.0430000015,20200123202211,701,6.0,2.0,21.2800007,26.2548885,0.0565246418,-0.109203123,5.20240028e-05,30,1.02900004,1
701106200004739,111820662,2458872.7099665073,58872.2066204,16.5054569,0.0233288705,0,zg,64.1630959,40.0425875,0.748000026,-0.0240000002,20200124206586,701,6.0,2.0,21.6599998,26.2556477,0.0547201075,-0.101545036,4.92074505e-05,30,1.03799999,1
701106200004739,112220531,2458876.7083425308,58876.2053125,16.4875412,0.0233110227,0,zg,64.1631066,40.0425756,0.941999972,-0.00999999978,20200128205301,701,6.0,2.0,21.6100006,26.265583,0.0543969497,-0.123585381,4.86638091e-05,30,1.051,1
701106200004739,112320069,2458877.703643485,58877.2006944,16.4972038,0.0233204216,0,zg,64.1630785,40.0425914,0.451999992,0.00200000009,20200129200660,701,6.0,2.0,20.9500008,26.2327099,0.0545402877,-0.104879655,4.84984303e-05,30,1.04799998,1
701106200004739,112421891,2458878.7217774,58878.218912,16.5565891,0.0233900808,0,zg,64.1631346,40.0425912,0.523999989,0.0460000001,20200130218912,701,6.0,2.0,20.0499992,26.2546215,0.0528672971,-0.0756592751,6.03054941e-05,30,1.08700001,1
701106200004739,112610324,2458880.6059490023,58880.1032407,16.4203415,0.0232600775,0,zg,64.1631094,40.0425888,0.620999992,0.0419999994,20200201103218,701,6.0,2.0,20.9200001,26.2595749,0.0423118062,-0.0727963001,2.8753333e-05,30,1.023,1
701106200004739,112613783,2458880.640540995,58880.1378356,16.5020218,0.0233253073,0,zg,64.1631023,40.0425913,1.35800004,0.0610000007,20200201137836,701,6.0,2.0,21.1299992,26.2686749,0.0432446338,-0.0821004957,3.00699667e-05,30,1.00800002,1
701106200004739,112720870,2458881.7113185255,58881.2087037,16.559103,0.0233934913,0,zg,64.1631255,40.0425805,0.460999995,0.00400000019,20200202208692,701,6.0,2.0,20.1900005,26.2692566,0.0473130979,-0.0588450953,4.26596089e-05,30,1.08200002,1
701106200004739,113215763,2458886.659824634,58886.1576389,16.5658798,0.0234028697,0,zg,64.1631565,40.0426215,1.176,0.0140000004,20200207157604,701,6.0,2.0,19.4200001,26.2731953,0.0483773947,-0.0274761599,7.13773697e-05,30,1.02600002,1
701106200004739,113218074,2458886.682924385,58886.1807407,16.5092392,0.0233328752,0,zg,64.1631388,40.0425941,0.799000025,0.00999999978,20200207180729,701,6.0,2.0,19.6100006,26.267065,0.0449350961,-0.0263580084,5.37100714e-05,30,1.05499995,1
701106200004739,113624412,2458890.7459402853,58890.2441204,16.496151,0.0233193766,0,zg,64.1631375,40.0426104,0.300999999,-0.00200000009,20200211244109,701,6.0,2.0,19.5799999,26.2238464,0.0511290729,-0.0466398932,7.48612656e-05,30,1.28400004,1
701106200004739,113917781,2458893.679364476,58893.1778125,16.5094795,0.0233331285,0,zg,64.1631094,40.04258,0.698000014,0.00700000022,20200214177812,701,6.0,2.0,21.6299992,26.2174511,0.0533292554,-0.0910866037,4.71717103e-05,30,1.08599997,1
701106200004739,114116634,2458895.6677108086,58895.1663426,16.524456,0.0233498272,0,zg,64.1630922,40.0425622,0.606999993,0.0390000008,20200216166331,701,6.0,2.0,21.4699993,26.2465076,0.0530942529,-0.113564901,4.60610427e-05,30,1.074,1
701106200004739,114217427,2458896.6755452775,58896.1742708,16.5149269,0.0233390518,0,zg,64.1631092,40.0425833,0.663999975,-0.0250000004,20200217174271,701,6.0,2.0,21.3099995,26.2249355,0.0551877059,-0.101298943,4.94886372e-05,30,1.097,1
701106200004739,114517594,2458899.6769424756,58899.1759491,16.532835,0.0233597215,0,zg,64.1631143,40.0425802,1.09000003,-0.0610000007,20200220175937,701,6.0,2.0,21.4599991,26.2411289,0.0504838564,-0.112727813,4.17065203e-05,30,1.12100005,1
701106200004739,114913837,2458903.638998503,58903.1383796,16.5299416,0.0233562589,0,zg,64.1630915,40.0425911,0.547999978,0.00899999961,20200224138356,701,6.0,2.0,21.2299995,26.2079811,0.0548389442,-0.107339576,4.89247141e-05,30,1.06200004,1
701106200004739,115216589,2458906.6662224215,58906.1658912,16.6146622,0.023478765,0,zg,64.1631151,40.0425935,0.684000015,-0.0,20200227165845,701,6.0,2.0,20.3700008,26.1206188,0.0476344898,-0.0658649057,4.01105863e-05,30,1.148,1
701106200004739,116317565,2458917.674947489,58917.1756597,16.5612373,0.0233964156,0,zg,64.1631309,40.0425965,0.93900001,-0.0460000001,20200309175648,701,6.0,2.0,19.0200005,25.7229652,0.0445542932,-0.0690446422,0.000104059996,30,1.30999994,1
701106200004739,118714178,2458941.6389593296,58941.1417824,16.5811424,0.0234250389,0,zg,64.1631407,40.0425956,0.296000004,-0.00300000003,20200402141748,701,6.0,2.0,20.1800003,26.1471081,0.043953713,-0.0468939729,3.83100378e-05,30,1.51800001,1
701106200004739,131049309,2459064.9906466105,59064.4930903,16.5846291,0.0234302972,0,zg,64.1630917,40.0425761,0.574999988,-0.0149999997,20200803492894,701,6.0,2.0,19.9300003,26.2796497,0.046669554,-0.0780399591,5.09764468e-05,30,1.30799997,1
701106200004739,131346376,2459067.96156542,59067.4637616,16.6815472,0.0236075055,0,zg,64.163102,40.0425548,1.04499996,0.00300000003,20200806463750,701,6.0,2.0,19.5900002,26.2548256,0.0468055531,-0.0535629317,6.22686712e-05,30,1.43499994,1
701106200004739,132246309,2459076.9616777753,59076.4630903,16.5729923,0.0234130248,0,zg,64.163092,40.0425814,0.418000013,0.0240000002,20200815462905,701,6.0,2.0,21.4899998,26.1651764,0.0472488105,-0.096335344,3.63969993e-05,30,1.29400003,1
701106200004739,133251460,2459087.014112052,59086.5146065,16.6179695,0.0234844442,0,zg,64.1631196,40.0425655,1.34099996,-0.0120000001,20200825514595,701,6.0,2.0,20.5900002,26.1572113,0.0424963981,-0.0647596717,3.18798884e-05,30,1.05200005,1
701106200004739,133450619,2459089.005882628,59088.5061921,16.6261311,0.023498781,0,zg,64.1631101,40.0425624,0.640999973,0.0170000009,20200827506192,701,6.0,2.0,21.1000004,26.0731754,0.0516916551,-0.0881775767,4.43274075e-05,30,1.05599999,1
701106200004739,133740954,2459091.9095096015,59091.4095486,16.5894089,0.0234376378,0,zg,64.1631038,40.0425674,0.813000023,0.0120000001,20200830409549,701,6.0,2.0,20.5400009,26.2827206,0.0411181673,-0.0768382773,2.9463883e-05,30,1.36300004,1
701106200004739,133841099,2459092.9110498587,59092.4109954,16.6540031,0.0235509407,0,zg,64.1630996,40.042576,0.861999989,-0.0130000003,20200831410995,701,6.0,2.0,20.4400005,26.2323971,0.0441505015,-0.0668126196,3.59016594e-05,30,1.33800006,1
701106200004739,133946576,2459093.9659168585,59093.4657639,16.6235447,0.0234941859,0,zg,64.1631176,40.0425678,0.505999982,-0.0379999988,20200901465764,701,6.0,2.0,20.5300007,26.2879066,0.0422369614,-0.0742572024,3.3017106e-05,30,1.11199999,1
701106200004739,134247010,2459096.970537547,59096.4701042,16.5448875,0.0233747102,0,zg,64.1631101,40.0425624,1.13499999,0.0199999996,20200904470104,701,6.0,2.0,20.4799995,26.280262,0.0436484478,-0.0581593812,3.40631559e-05,30,1.08299994,1
701106200004739,134342417,2459097.9247004576,59097.4241782,16.5931168,0.0234434213,0,zg,64.1631309,40.0425612,0.666999996,0.00899999961,20200905424178,701,6.0,2.0,19.8199997,26.2261028,0.0478396229,-0.0535115041,5.66279195e-05,30,1.21099997,1
701106200004739,134540693,2459099.9076396753,59099.4069329,16.6067924,0.0234655105,0,zg,64.1631117,40.0425808,0.606000006,-0.00800000038,20200907406933,701,6.0,2.0,19.7900009,26.0667515,0.0469518453,-0.0441797301,5.73984871e-05,30,1.26199996,1
701106200004739,136251004,2459117.0122982645,59116.5100463,16.6265488,0.0234995205,0,zg,64.163091,40.0425835,0.689999998,-0.0399999991,20200924510035,701,6.0,2.0,21.6399994,26.2387276,0.0583564565,-0.120235309,5.60586523e-05,30,1.01300001,1
701106200004739,136252848,2459117.0307373526,59116.5284838,16.6405258,0.023525089,0,zg,64.1631223,40.0425637,0.745000005,-0.0149999997,20200924528484,701,6.0,2.0,20.8199997,26.2865353,0.0390910469,-0.0766591802,2.52337832e-05,30,1.02699995,1
701106200004739,136632409,2459120.826673836,59120.3240972,16.611824,0.0234739408,0,zg,64.1631021,40.0425902,0.148000002,0.00200000009,20200928324097,701,6.0,2.0,20.25,26.2090263,0.0458054394,-0.0498107746,4.07162115e-05,30,1.40199995,1
701106200004739,136735932,2459121.8619917836,59121.3593287,16.6053696,0.0234631654,0,zg,64.1631084,40.0425744,1.05900002,0.0240000002,20200929359317,701,6.0,2.0,20.6100006,26.219677,0.0421444513,-0.0505323783,3.09559982e-05,30,1.20899999,1
701106200004739,136940574,2459123.908572306,59123.4057407,16.5965996,0.0234489385,0,zg,64.1630972,40.0425656,0.677999973,-0.00200000009,20201001405706,701,6.0,2.0,20.0799999,26.2431355,0.0463251024,-0.0570956282,4.80750459e-05,30,1.06500006,1
701106200004739,137142170,2459125.924695801,59125.4217014,16.5422516,0.0233713649,0,zg,64.163112,40.0425768,0.740999997,-0.0439999998,20201003421690,701,6.0,2.0,20.5400009,26.3106575,0.0444049947,-0.0590739734,3.54216281e-05,30,1.03299999,1
701106200004739,137542826,2459129.931571662,59129.4282639,16.5377235,0.023365695,0,zg,64.1631205,40.0425741,0.814999998,-0.0160000008,20201007428264,701,6.0,2.0,20.3600006,26.3003063,0.0435752012,-0.0654392391,3.51240633e-05,30,1.01699996,1
701106200004739,137736003,2459131.863488335,59131.3600347,16.5864716,0.0234331135,0,zg,64.1630998,40.0425805,1.17499995,-0.0759999976,20201009360035,701,6.0,2.0,20.2999992,26.0944901,0.0443916619,-0.0806079432,3.95062198e-05,30,1.11800003,1
701106200004739,138038773,2459134.8914064965,59134.3877315,16.5306911,0.0233571492,0,zg,64.1630721,40.0425754,0.620999992,0.023,20201012387731,701,6.0,2.0,21.4400005,26.2215557,0.0577970594,-0.106657118,5.46410156e-05,30,1.04499996,1
701106200004739,138242738,2459136.9312030883,59136.4273843,16.5470753,0.023377521,0,zg,64.1630874,40.0425797,0.718999982,0.0960000008,20201014427373,701,6.0,2.0,21.7800007,26.2705936,0.0579378307,-0.10962338,5.58145985e-05,30,1.00899994,1
701106200004739,139738749,2459151.8922232348,59151.3875,16.4959431,0.0233191662,0,zg,64.1631203,40.0425715,0.592000008,-0.0,20201029387500,701,6.0,2.0,20.1399994,26.3471546,0.0457890444,-0.0547795221,4.17400261e-05,30,1.00899994,1
701106200004739,139940193,2459153.90675571,59153.4019329,16.6477871,0.0235388689,0,zg,64.1631055,40.0425769,0.40200001,-0.0270000007,20201031401933,701,6.0,2.0,20.0400009,26.3720722,0.0451439954,-0.0660447776,4.49009603e-05,30,1.00999999,1
701106200004739,140138596,2459155.8908759295,59155.3859606,16.5998573,0.0234541707,0,zg,64.1631169,40.0425774,0.83099997,-0.0379999988,20201102385937,701,6.0,2.0,20.2600002,26.3629627,0.0450709499,-0.059688393,4.09422391e-05,30,1.00800002,1
701106200004739,140338743,2459157.8924335637,59157.3874306,16.5984268,0.0234518647,0,zg,64.1631096,40.0425844,0.449999988,0.0149999997,20201104387407,701,6.0,2.0,20.2000008,26.3171635,0.0456021354,-0.0450270064,4.16239673e-05,30,1.00899994,1
701106200004739,141042446,2459164.929731573,59164.4244676,16.4640961,0.0232904162,0,zg,64.1630876,40.0425868,0.783999979,-0.00999999978,20201111424433,701,6.0,2.0,21.3299999,26.3125038,0.0535522103,-0.123204745,4.64583354e-05,30,1.06500006,1
701106200004739,141241349,2459166.9188194014,59166.4134954,16.5381165,0.0233661868,0,zg,64.1630906,40.0425856,1.30299997,0.00600000005,20201113413484,701,6.0,2.0,21.7800007,26.2989368,0.0548348688,-0.118416376,4.93122025e-05,30,1.05599999,1
701106200004739,141426332,2459168.7686960064,59168.2633218,16.5169735,0.0233413223,0,zg,64.1630677,40.0425811,0.785000026,0.050999999,20201115263137,701,6.0,2.0,21.6200008,26.2877178,0.0514815487,-0.100439936,4.31363951e-05,30,1.10699999,1
701106200004739,141621390,2459170.7193217003,59170.2139005,16.5068703,0.0233303588,0,zg,64.1630689,40.0425915,0.56099999,0.0140000004,20201117213750,701,6.0,2.0,21.5100002,26.2565403,0.048900608,-0.0948759615,3.90695568e-05,30,1.25800002,1
701106200004739,141825415,2459172.7596189333,59172.2541551,16.4690628,0.0232945215,0,zg,64.1630768,40.0425787,1.55299997,-0.0130000003,20201119254155,701,6.0,2.0,21.6100006,26.3193741,0.0536555462,-0.121422067,4.71212807e-05,30,1.102,1
701106200004739,142041518,2459174.9206867665,59174.4151852,16.5829811,0.0234278049,0,zg,64.1630991,40.0425856,1.03900003,0.0610000007,20201121415046,701,6.0,2.0,21.3299999,26.2360477,0.0482723005,-0.102416135,3.94058661e-05,30,1.10300004,1
701106200004739,142245870,2459176.964233877,59176.4587037,16.5889931,0.0234369878,0,zg,64.1630913,40.0425816,0.921999991,0.0120000001,20201123458704,701,6.0,2.0,21.5699997,26.2352962,0.0521089807,-0.106149331,4.44965517e-05,30,1.27400005,1
701106200004739,142544603,2459179.951589775,59179.4460301,16.6417274,0.023527341,0,zg,64.1630929,40.0425854,0.772000015,-0.0130000003,20201126445995,701,6.0,2.0,20.3199997,26.3012619,0.0446308032,-0.081053257,3.63699473e-05,30,1.25399995,1
701106200004739,142723325,2459181.738822595,59181.2332523,16.5611629,0.0233963206,0,zg,64.1630889,40.0425948,0.404000014,0.00800000038,20201128233252,701,6.0,2.0,19.8400002,26.3380718,0.0435854606,-0.0549247265,4.741659e-05,30,1.09399998,1
701106200004739,142921414,2459183.719719351,59183.2141435,16.5495834,0.0233807787,0,zg,64.1630993,40.0425984,0.231999993,0.0140000004,20201130214109,701,6.0,2.0,19.3400002,26.2886791,0.0477396585,-0.0537115,8.26761898e-05,30,1.12800002,1
701106200004739,143119519,2459185.7007716973,59185.1951968,16.5390739,0.023367377,0,zg,64.163097,40.0425822,0.555000007,0.0309999995,20201202195197,701,6.0,2.0,20.0900002,26.3198929,0.0476832315,-0.0560532734,4.85114942e-05,30,1.16999996,1
701106200004739,143320114,2459187.706713108,59187.2011458,16.5719528,0.0234115217,0,zg,64.1630987,40.0425993,0.458000004,-0.00999999978,20201204201146,701,6.0,2.0,20.2399998,26.332756,0.0443674624,-0.069205828,3.76596799e-05,30,1.13399994,1
701106200004739,143529100,2459189.7965592155,59189.2910069,16.5753555,0.0234164614,0,zg,64.1631009,40.0425763,0.709999979,-0.0209999997,20201206290995,701,6.0,2.0,21.2099991,26.3294201,0.0382674672,-0.0710906386,2.35739117e-05,30,1.00800002,1
701106200004739,143822369,2459192.7292110897,59192.2236921,16.512434,0.023336323,0,zg,64.163083,40.0425896,0.676999986,-0.00700000022,20201209223681,701,6.0,2.0,20.2700005,25.8107567,0.0529595837,-0.0964312702,5.3444066e-05,30,1.05400002,1
701106200004739,144432939,2459198.834802045,59198.3293981,16.5570145,0.0233906619,0,zg,64.1630833,40.0425859,0.930000007,-0.074000001,20201215329398,701,6.0,2.0,21.4099998,26.3197689,0.0513537936,-0.123329148,4.28984531e-05,30,1.06099999,1
701106200004739,144617839,2459200.6837482275,59200.1783912,16.4495659,0.0232791789,0,zg,64.1630851,40.0425833,0.882000029,-0.0120000001,20201217178391,701,6.0,2.0,21.2199993,26.0734577,0.0456086881,-0.111559957,3.420953e-05,30,1.10099995,1
701106200004739,144932149,2459203.82675776,59203.3214931,16.4565735,0.0232844576,0,zg,64.1630809,40.0425836,0.49000001,-0.00200000009,20201220321493,701,6.0,2.0,20.75,26.2797909,0.0539415739,-0.0929991826,4.80406852e-05,30,1.07200003,1
701106200004739,145123442,2459205.739622078,59205.2344213,16.5580559,0.0233920645,0,zg,64.163096,40.0425928,0.861999989,-0.0250000004,20201222234421,701,6.0,2.0,21.3299999,26.3162098,0.0397792645,-0.0766206235,2.57148949e-05,30,1.00999999,1
701106200004739,145721954,2459211.7245130036,59211.2195486,16.5305939,0.0233570337,0,zg,64.1630932,40.0425926,0.458000004,-0.00999999978,20201228219549,701,6.0,2.0,19.4200001,26.3400269,0.0432129949,-0.0521797985,6.14792589e-05,30,1.00999999,1
701106200004739,146217615,2459216.6808857284,59216.1761574,16.5523567,0.0233844258,0,zg,64.1630862,40.0425729,1.10099995,-0.0590000004,20210102176157,701,6.0,2.0,20.4300003,25.8826904,0.0458148979,-0.0747134387,4.09631757e-05,30,1.02999997,1
701106200004739,146619893,2459220.703446325,59220.1989352,16.5202122,0.0233449619,0,zg,64.163072,40.0425775,0.671999991,-0.0289999992,20210106198738,701,6.0,2.0,21.5499992,26.2784233,0.0557681434,-0.107620187,5.09015372e-05,30,1.00899994,1
701106200004739,146828236,2459222.7867510333,59222.2823611,16.5056725,0.0233290996,0,zg,64.1630932,40.042575,0.727999985,-0.00100000005,20210108282199,701,6.0,2.0,21.6399994,26.2997761,0.0480195731,-0.106616423,3.78779841e-05,30,1.09899998,1
701106200004739,147019898,2459224.703254914,59224.1989815,16.5035706,0.023326911,0,zg,64.1630906,40.0425928,1.13300002,0.00400000019,20210110198947,701,6.0,2.0,20.5699997,26.3204994,0.0520495474,-0.102557234,4.69911392e-05,30,1.00899994,1
701106200004739,147221359,2459226.7177453297,59226.2135995,16.4759712,0.0233004726,0,zg,64.1630755,40.0425913,0.321999997,0.00999999978,20210112213600,701,6.0,2.0,21.2000008,26.2985306,0.0520993248,-0.109501861,4.4199438e-05,30,1.01600003,1
701106200004739,147420585,2459228.7098711976,59228.2058565,16.5330734,0.023360014,0,zg,64.1630544,40.0425764,0.915000021,0.0860000029,20210114205845,701,6.0,2.0,21.5100002,26.2756042,0.0500966348,-0.0902914256,4.05814098e-05,30,1.01400006,1
701106200004739,147620133,2459230.705209584,59230.201331,16.4884548,0.0233118925,0,zg,64.1630796,40.0425687,0.690999985,0.0120000001,20210116201331,701,6.0,2.0,21.5799999,26.2916298,0.0511889197,-0.0994091257,4.27472696e-05,30,1.01499999,1
701106200004739,147822432,2459232.7280646004,59232.2243287,16.4898148,0.0233131815,0,zg,64.1630729,40.0425735,1.352,-0.0939999968,20210118224329,701,6.0,2.0,21.6200008,26.3376122,0.0458256155,-0.115296192,3.40669358e-05,30,1.04200006,1
701106200004739,148922613,2459243.729020379,59243.2261343,16.4112148,0.0232550502,0,zg,64.1631003,40.0425915,0.602999985,0.0270000007,20210129226100,701,6.0,2.0,19.7099991,26.2200089,0.0435526893,-0.051738359,5.27557859e-05,30,1.10099995,1
701106200004739,149713953,2459251.6417474,59251.139537,16.5323105,0.023359092,0,zg,64.1630735,40.0425902,0.670000017,-0.0320000015,20210206139537,701,6.0,2.0,21.5499992,26.3072739,0.0523295365,-0.111300722,4.40565527e-05,30,1.01300001,1
701106200004739,149917861,2459253.6806403943,59253.1786111,16.4911404,0.0233144592,0,zg,64.1630865,40.0425833,1.255,-0.0120000001,20210208178611,701,6.0,2.0,21.6299992,26.2404633,0.0493796021,-0.103668012,3.96352989e-05,30,1.05999994,1
701106200004739,150617930,2459260.680696316,59260.1793056,16.5644875,0.0234009195,0,zg,64.1630881,40.0425828,0.660000026,-0.0309999995,20210215179306,701,6.0,2.0,21.1900005,26.2421322,0.0465143435,-0.110482417,3.51605086e-05,30,1.10000002,1
701106200004739,150916126,2459263.662374204,59263.1612616,16.3103619,0.0232281443,0,zg,64.1630619,40.0425787,0.85799998,0.0,20210218161262,701,6.0,2.0,20.1700001,26.3426647,0.0477292463,-0.0863389671,4.51900851e-05,30,1.079,1
701106200004739,151014298,2459264.644006566,59264.1429861,16.4807301,0.0233047251,0,zg,64.1630885,40.0425916,0.671000004,-0.023,20210219142975,701,6.0,2.0,20.9099998,26.3652477,0.0413572639,-0.102080047,2.75194179e-05,30,1.051,2
701106200004739,151126672,2459265.767639114,59265.2667245,16.5013962,0.023324674,0,zg,64.1631132,40.0425957,0.610000014,0.0480000004,20210220266482,701,6.0,2.0,20.2700005,26.235754,0.0461344011,-0.0527250879,4.13774396e-05,30,1.62600005,2
701106200004739,151126813,2459265.769051079,59265.2681366,16.4819641,0.0233058427,0,zg,64.1631088,40.0425805,0.699000001,0.0289999992,20210220268137,701,6.0,2.0,20.2399998,26.2292233,0.0439453274,-0.0388428718,3.66802196e-05,30,1.63999999,1
701106200004739,151320798,2459267.7087174086,59267.2079861,16.5750504,0.02341602,0,zg,64.1631016,40.0425785,0.342000008,0.00600000005,20210222207975,701,6.0,2.0,20.0,26.3084984,0.0445993505,-0.0618833788,4.5223027e-05,30,1.26400006,2
701106200004739,151416134,2459268.661983656,59268.1613426,16.5311546,0.0233577117,0,zg,64.1631007,40.0425832,0.662,0.00999999978,20210223161343,701,6.0,2.0,20.4300003,26.349102,0.0436239205,-0.0680387244,3.42216736e-05,30,1.11000001,2
701106200004739,151519797,2459269.6985172294,59269.1979745,16.4969215,0.0233201385,0,zg,64.1631078,40.0425875,1.21800005,0.0419999994,20210224197975,701,6.0,2.0,20.5200005,26.2957439,0.042582605,-0.0552385971,3.33689859e-05,30,1.24399996,2
701106200004739,151519891,2459269.6994546405,59269.198912,16.4866333,0.0233101696,0,zg,64.1631177,40.0425923,0.730000019,0.0340000018,20210224198912,701,6.0,2.0,20.5799999,26.2914257,0.0446207449,-0.0567625947,3.61680322e-05,30,1.24800003,1
701106200004739,151620657,2459270.7070210646,59270.2065741,16.4215317,0.0232607648,0,zg,64.1630973,40.0425915,1.08299994,-0.00899999961,20210225206574,701,6.0,2.0,20.0499992,26.2788754,0.0458813682,-0.0496942997,4.69100996e-05,30,1.29700005,2
701106200004739,151719781,2459271.698165284,59271.1978125,16.5165691,0.0233408697,0,zg,64.1630968,40.0425907,0.800000012,0.0309999995,20210226197778,701,6.0,2.0,20.1299992,26.3141193,0.0460361764,-0.0640273988,4.49006293e-05,30,1.26800001,2
701106200004739,151815216,2459272.652426483,59272.1521644,16.6215363,0.0234906524,0,zg,64.1631125,40.0425935,0.989000022,0.00400000019,20210227152164,701,6.0,2.0,19.5900002,26.3172607,0.046273008,-0.065848276,6.2664978e-05,30,1.11500001,2
701106200004739,151927030,2459273.7704565558,59273.2703009,16.5873737,0.0234344974,0,zg,64.1630506,40.0424776,0.665000021,-0.0469999984,20210228270301,701,6.0,2.0,18.3899994,26.0931988,0.0560879335,-0.0745582208,0.00029829939,30,1.92400002,1
701106200004739,152024650,2459274.746567446,59274.2465046,16.4838638,0.0233075842,0,zg,64.1630175,40.0425516,0.853999972,0.134000003,20210301246505,701,6.0,2.0,18.4400005,26.1995316,0.0528103299,-0.0469793975,0.000252060388,30,1.66900003,2
701106200004739,152114391,2459275.643889614,59275.143912,16.5275612,0.0233534388,0,zg,64.1630865,40.0426016,0.644999981,0.00300000003,20210302143912,701,6.0,2.0,20.75,26.2910366,0.0477000475,-0.089545086,3.72855902e-05,30,1.11500001,1
701106200004739,152217525,2459276.6751342053,59276.1752546,16.5505753,0.023382077,0,zg,64.1630965,40.0425936,0.501999974,0.0130000003,20210303175243,701,6.0,2.0,21.2399998,26.2607327,0.0443607233,-0.0907295272,3.18153579e-05,30,1.22800004,2
701106200004739,152420677,2459278.7064576424,59278.2067708,16.4084282,0.0232535992,0,zg,64.1630967,40.0426052,1.57700002,0.0149999997,20210305206771,701,6.0,2.0,19.9500008,26.2442455,0.0461906418,-0.0646376461,5.08035955e-05,30,1.42700005,1
701106200004739,152617927,2459280.678771066,59280.1792708,16.4426117,0.0232742168,0,zg,64.1630863,40.0425898,0.828000009,-0.0359999985,20210307179259,701,6.0,2.0,21.75,26.2694397,0.0469877049,-0.105975173,3.59593796e-05,30,1.29700005,2
701106200004739,153618555,2459290.6841257354,59290.1855556,16.4296913,0.0232656877,0,zg,64.1631017,40.0425951,1.39199996,-0.0909999982,20210317185556,701,6.0,2.0,21.1200008,26.2274666,0.0391261578,-0.0820755437,2.45188658e-05,30,1.51199996,1
701106200004739,153815946,2459292.6578591373,59292.1594676,16.5288544,0.0233549643,0,zg,64.1631143,40.0425865,0.624000013,-0.0160000008,20210319159468,701,6.0,2.0,21.0,26.2055035,0.0389769748,-0.0617792085,2.44738949e-05,30,1.36800003,1
701106200004739,154018509,2459294.683303014,59294.1850926,16.5520763,0.0233840533,0,zg,64.1631034,40.0426122,0.560000002,-0.00400000019,20210321185000,701,6.0,2.0,19.6100006,26.1135445,0.045918718,-0.0412440188,6.00754538e-05,30,1.602,1
701106200004739,154219564,2459296.693681162,59296.1956481,16.6169052,0.0234826151,0,zg,64.163031,40.0426258,1.13699996,0.0410000011,20210323195648,701,6.0,2.0,18.6599998,26.1289845,0.0529597178,-0.0486546159,0.000184422344,30,1.76900005,1
701106200004739,154720137,2459301.6989806066,59301.2013773,16.4533463,0.0232819933,0,zg,64.1631284,40.0425854,0.667999983,0.00200000009,20210328201377,701,6.0,2.0,19.0599995,26.0664577,0.0477210917,-0.0172947478,9.87589156e-05,30,2.03500009,1
701106200004739,155216365,2459306.6608535424,59306.1636574,16.4838257,0.0233075488,0,zg,64.1631212,40.0425869,0.552999973,0.0240000002,20210402163634,701,6.0,2.0,20.7999992,26.0818882,0.0429362655,-0.0603609495,3.0157682e-05,30,1.71599996,1
701106200004739,168244877,2459436.9468960436,59436.4487731,16.5366287,0.0233643502,0,zg,64.163054,40.0425802,1.21000004,-0.0520000011,20210810448762,701,6.0,2.0,21.5900002,26.0470295,0.055376932,-0.114907198,5.05293792e-05,30,1.46899998,1
701106200004739,169545041,2459449.9497074806,59449.4504167,16.5125809,0.0233364832,0,zg,64.1630896,40.0425874,0.991999984,-0.0469999984,20210823450405,701,6.0,2.0,19.8799992,25.9978008,0.0479929708,-0.0476646796,6.02774271e-05,30,1.25300002,1
701106200004739,169944848,2459453.9481447753,59453.4484838,16.5815277,0.0234256145,0,zg,64.1631038,40.0425855,0.61500001,0.00400000019,20210827448484,701,6.0,2.0,20.6700001,26.278511,0.0407878831,-0.0519902781,2.85532005e-05,30,1.21500003,2
701106200004739,170039250,2459454.8922487623,59454.3925,16.5481186,0.0233788714,0,zg,64.163072,40.0425684,0.697000027,0.0930000022,20210828392500,701,6.0,2.0,20.6700001,26.1877842,0.0402109362,-0.0537571274,2.79438154e-05,30,1.52499998,1
701106200004739,170745193,2459461.9523406224,59461.4519329,16.5476704,0.0233782902,0,zg,64.1630583,40.0425801,0.749000013,-0.0520000011,20210904451933,701,6.0,2.0,21.75,26.2708015,0.0571600087,-0.120417215,5.37165142e-05,30,1.13,1
701106200004739,171245667,2459466.957551712,59466.4566782,16.5608482,0.0233958848,0,zg,64.1630693,40.0425746,0.842000008,-0.0689999983,20210909456678,701,6.0,2.0,21.8500004,26.2307301,0.0576779135,-0.117654294,5.65529335e-05,30,1.08399999,1
701106200004739,171444318,2459468.944240044,59468.4431829,16.6095085,0.0234700479,0,zg,64.1630661,40.0425767,1.15999997,-0.0769999996,20210911443183,701,6.0,2.0,21.8700008,26.2559948,0.0555695593,-0.111464098,5.07960722e-05,30,1.10300004,1
701106200004739,171638399,2459470.885228613,59470.3839931,16.5534286,0.0233858526,0,zg,64.1630604,40.0425852,1.125,0.0489999987,20210913383947,701,6.0,2.0,21.4699993,26.2073975,0.0493732952,-0.0962548628,4.0610088e-05,30,1.29700005,1
701106200004739,172336900,2459477.870870929,59477.3690046,16.6024666,0.0234584082,0,zg,64.1630841,40.0425756,0.750999987,-0.0410000011,20210920368900,701,6.0,2.0,20.1800003,26.286972,0.0473112315,-0.046689298,4.67009777e-05,30,1.27600002,1
701106200004739,172546611,2459479.968162552,59479.4661111,16.541069,0.0233698711,0,zg,64.163093,40.0425793,0.704999983,0.00100000005,20210922466100,701,6.0,2.0,20.3099995,26.3002071,0.0451787263,-0.0437400676,3.92666589e-05,30,1.01999998,1
701106200004739,172928548,2459483.7878681966,59483.2854861,16.622921,0.0234930906,0,zg,64.1630424,40.0425892,1.18900001,0.0270000007,20210926285405,701,6.0,2.0,19.2199993,25.7775021,0.047337506,-0.0518122502,9.97934403e-05,30,1.80400002,1
701106200004739,173438579,2459488.888607641,59488.3857986,16.5458031,0.0233758856,0,zg,64.1630682,40.0425934,0.83099997,-0.057,20211001385694,701,6.0,2.0,21.2299995,26.266386,0.0518302321,-0.0965421498,4.3952241e-05,30,1.10899997,1
701106200004739,174845537,2459502.9592425,59502.4553704,16.5222473,0.0233472772,0,zg,64.1630756,40.0425845,0.586000025,0.00700000022,20211015455370,701,6.0,2.0,21.1200008,26.2636013,0.0549529642,-0.0944440961,4.93584012e-05,30,1.01499999,1
701106200004739,175044621,2459504.9502215134,59504.4462153,16.4787827,0.0233029649,0,zg,64.16308,40.0425816,0.555999994,0.0199999996,20211017446146,701,6.0,2.0,21.2999992,26.317461,0.0387432948,-0.0878212377,2.46097461e-05,30,1.01300001,1
701106200004739,175841107,2459512.9155722996,59512.4110764,16.5919876,0.0234416481,0,zg,64.1630563,40.0425827,0.693000019,0.0340000018,20211025411065,701,6.0,2.0,20.4400005,26.3543262,0.0412869975,-0.066016078,3.10318355e-05,30,1.00899994,1
701106200004739,177330785,2459527.813043427,59527.3078588,16.5195274,0.0233441815,0,zg,64.1630571,40.0425849,0.768999994,0.00100000005,20211109307859,701,6.0,2.0,21.25,25.9874554,0.0557629243,-0.120443903,5.17648441e-05,30,1.05200005,1
701106200004739,177632850,2459530.833791204,59530.3285069,16.4726372,0.0232975688,0,zg,64.1630732,40.0425879,0.425999999,0.00999999978,20211112328495,701,6.0,2.0,21.1599998,26.2965755,0.0521930531,-0.0881037489,4.51168962e-05,30,1.01900005,1
701106200004739,177830603,2459532.81137195,59532.3060301,16.5499878,0.0233813096,0,zg,64.1630727,40.0425891,0.703999996,0.00899999961,20211114306018,701,6.0,2.0,20.6900005,26.3455162,0.0407467075,-0.081754148,2.77840336e-05,30,1.03499997,1
701106200004739,178340790,2459537.913366803,59537.4079051,16.4781837,0.023302434,0,zg,64.1630837,40.0425824,0.731000006,-0.0540000014,20211119407894,701,6.0,2.0,21.1499996,26.0985374,0.0413611643,-0.078535229,2.79309406e-05,30,1.074,1
701106200004739,178641262,2459540.918139999,59540.4126273,16.4106445,0.0232547577,0,zg,64.1631056,40.0425879,0.47299999,-0.0250000004,20211122412627,701,6.0,2.0,20.1000004,26.3329964,0.0451223366,-0.0592659935,4.3646065e-05,30,1.102,1
701106200004739,186821865,2459622.7203446724,59622.2186574,16.4730644,0.0232979339,0,zg,64.1631096,40.0425969,0.662,0.0160000008,20220212218646,701,6.0,2.0,19.8199997,26.3033543,0.0453695059,-0.0507739671,5.14252606e-05,30,1.19200003,1
701106200004739,187021725,2459624.7187606986,59624.2172569,16.6069279,0.0234657452,0,zg,64.1630841,40.0425839,0.916000009,-0.0529999994,20220214217245,701,6.0,2.0,20.2600002,26.3142281,0.0445010439,-0.0710989758,3.98542979e-05,30,1.20700002,1
701106200004739,187322170,2459627.722926427,59627.2217014,16.5398865,0.0233683921,0,zg,64.163104,40.0426063,0.862999976,-0.0379999988,20220217221690,701,6.0,2.0,19.9400005,26.2966957,0.0445481688,-0.0562878624,4.69748848e-05,30,1.26100004,1
701106200004739,187518234,2459629.6833910183,59629.1823495,16.4609528,0.0232878886,0,zg,64.1630758,40.0425927,0.43599999,0.0179999992,20220219182338,701,6.0,2.0,20.4400005,26.3312206,0.0444208719,-0.0770675689,3.4397166e-05,30,1.13499999,1
701106200004739,188518280,2459639.682894671,59639.1828009,16.4747467,0.023299396,0,zg,64.1630775,40.0425818,0.552999973,0.00400000019,20220301182789,701,6.0,2.0,20.7700005,26.2701817,0.0439299792,-0.0744480789,3.18709717e-05,30,1.23399997,2
701106200004739,188617226,2459640.6722681248,59640.1722685,16.4684715,0.0232940242,0,zg,64.1630786,40.0425864,0.869000018,0.0149999997,20220302172257,701,6.0,2.0,21.3299999,26.2859936,0.0425713956,-0.0924882144,2.90114476e-05,30,1.20200002,1
701106200004739,191816076,2459672.657901002,59672.1607639,16.49263,0.0233159084,0,zg,64.1630941,40.0425823,0.741999984,-0.00100000005,20220403160764,701,6.0,2.0,21.3299999,26.130991,0.0421752594,-0.0944136679,2.83885802e-05,30,1.70599997,1
701106200004739,201447630,2459768.9720088476,59768.4763079,16.5505066,0.0233819839,0,zg,64.1630395,40.0425804,0.681999981,-0.00200000009,20220708476296,701,6.0,2.0,20.4200001,26.0671234,0.044962205,-0.0505652577,3.71361421e-05,30,2.24699998,1
701106200004739,201447866,2459768.9743700814,59768.478669,16.6041603,0.0234611705,0,zg,64.1630351,40.0426093,1.15600002,0.0199999996,20220708478669,701,6.0,2.0,20.3199997,26.0810375,0.0448575281,-0.0469258167,3.82226644e-05,30,2.20099998,1
701106200004739,201448104,2459768.9767429135,59768.4810417,16.4790363,0.0233031902,0,zg,64.1630544,40.0425837,0.771000028,-0.057,20220708481030,701,6.0,2.0,20.1299992,26.0973148,0.0456951223,-0.0526454411,4.31085027e-05,30,2.15700006,1
701106200004739,201448340,2459768.979104146,59768.4834028,16.5814667,0.0234255269,0,zg,64.1630618,40.0425717,0.834999979,-0.0480000004,20220708483403,701,6.0,2.0,19.9099998,26.1062469,0.0446140319,-0.0530817099,4.90302191e-05,30,2.11500001,1
701106200004739,201448577,2459768.9814769817,59768.4857755,16.6466007,0.0235365927,0,zg,64.1630307,40.0425903,1.61300004,0.0219999999,20220708485775,701,6.0,2.0,19.5300007,26.112711,0.0491263606,-0.0392077342,7.40350006e-05,30,2.07500005,1
701106200004739,201547681,2459769.972574035,59769.4768171,16.5988007,0.0234524589,0,zg,64.1630772,40.0425607,0.416000009,-0.00499999989,20220709476817,701,6.0,2.0,19.9899998,26.1179161,0.0457064696,-0.0450643413,4.66456222e-05,30,2.18499994,1
701106200004739,201547876,2459769.974518648,59769.4787616,16.5399494,0.0233684648,0,zg,64.163066,40.0425871,0.745999992,0.0109999999,20220709478750,701,6.0,2.0,19.8500004,26.1218071,0.0462689772,-0.0385285281,5.27918055e-05,30,2.14899993,1
701106200004739,201548118,2459769.976937786,59769.4811806,16.5622864,0.0233978629,0,zg,64.1630748,40.0425675,1.12100005,-0.023,20220709481181,701,6.0,2.0,19.7900009,26.1502628,0.0479578078,-0.0540365577,5.84638692e-05,30,2.10599995,1
701106200004739,201548361,2459769.9793684264,59769.4836111,16.600729,0.0234555788,0,zg,64.1630791,40.0425865,0.750999987,0.00600000005,20220709483600,701,6.0,2.0,19.5799999,26.1518841,0.0456292927,-0.0483763404,6.04575471e-05,30,2.06500006,1
701106200004739,201548603,2459769.9817875675,59769.4860301,16.4508972,0.0232801624,0,zg,64.1630408,40.0425885,0.398000002,-0.00200000009,20220709486030,701,6.0,2.0,19.5200005,26.1573505,0.0440967903,-0.0471102521,6.15828831e-05,30,2.02600002,1
701106200004739,201647784,2459770.9736613925,59770.4778472,16.5129662,0.0233369004,0,zg,64.163062,40.0425953,0.939999998,-0.0130000003,20220710477836,701,6.0,2.0,20.3899994,26.0844822,0.0464217402,-0.0344750546,3.99234013e-05,30,2.1170001,1
701106200004739,201648021,2459770.9760342324,59770.4802199,16.5705452,0.0234094951,0,zg,64.1630539,40.0425881,0.811999977,-0.0240000002,20220710480208,701,6.0,2.0,20.25,26.1003475,0.0471675731,-0.0308522377,4.45571386e-05,30,2.07599998,1
701106200004739,201648259,2459770.9784070714,59770.4825926,16.5220299,0.0233470276,0,zg,64.1630526,40.0425796,1.07000005,-0.050999999,20220710482581,701,6.0,2.0,19.9799995,26.1245956,0.0464154221,-0.0489170514,4.907115e-05,30,2.03699994,1
701106200004739,201648496,2459770.980779912,59770.4849653,16.664711,0.0235723313,0,zg,64.163044,40.0425879,1.66799998,-0.0320000015,20220710484954,701,6.0,2.0,19.8099995,26.1479759,0.0459095761,-0.0588386171,5.52279344e-05,30,2.0,1
701106200004739,201648732,2459770.98314115,59770.4873264,16.5693626,0.0234078076,0,zg,64.1630548,40.0425931,0.944999993,-0.057,20220710487315,701,6.0,2.0,19.5200005,26.1371861,0.0461117737,-0.0370472521,6.6095301e-05,30,1.96399999,1
701106200004739,201747753,2459771.9734072895,59771.4775347,16.6801662,0.0236045457,0,zg,64.1630425,40.0425954,1.12199998,-0.0379999988,20220711477535,701,6.0,2.0,20.3899994,26.0812988,0.0444937386,-0.0508297458,3.66668282e-05,30,2.07500005,1
701106200004739,201747990,2459771.9757801294,59771.4799074,16.5933113,0.0234437287,0,zg,64.1630796,40.0425766,1.05599999,-0.0469999984,20220711479896,701,6.0,2.0,20.2199993,26.0890293,0.0472668819,-0.0482643433,4.59503317e-05,30,2.03699994,1
701106200004739,201748226,2459771.9781413726,59771.4822685,16.6400642,0.0235242229,0,zg,64.1630578,40.0425933,1.24100006,-0.0270000007,20220711482269,701,6.0,2.0,20.0200005,26.1070194,0.0461203307,-0.057987351,4.9162456e-05,30,1.99899995,1
701106200004739,201748464,2459771.980514215,59771.4846412,16.647068,0.0235374905,0,zg,64.1630544,40.0425931,1.26600003,-0.0179999992,20220711484641,701,6.0,2.0,19.7800007,26.0840664,0.0474240035,-0.0417742766,6.02469117e-05,30,1.96300006,1
701106200004739,201748701,2459771.982887057,59771.4870139,16.5894299,0.0234376676,0,zg,64.1630512,40.0425801,1.03600001,-0.0450000018,20220711487014,701,6.0,2.0,19.5499992,26.0871296,0.0497528054,-0.0357690752,7.82721399e-05,30,1.92900002,1
701106200004739,205141931,2459805.9177664253,59805.4193171,16.6442661,0.0235321485,0,zg,64.1630551,40.0425857,0.930000007,-0.0710000023,20220814419317,701,6.0,2.0,20.3199997,26.1414509,0.0451440364,-0.0594815649,4.03004524e-05,30,1.63199997,1
701106200004739,205447416,2459808.972889193,59808.4741667,16.5103455,0.0233340617,0,zg,64.163067,40.0425618,1.84200001,-0.144999996,20220817474167,701,6.0,2.0,20.8099995,26.2591362,0.0422090366,-0.0826537386,3.02105746e-05,30,1.22500002,1
701106200004739,205640864,2459810.9075432704,59810.4086458,16.6379738,0.0235203244,0,zg,64.163041,40.0425779,0.921000004,-0.0590000004,20220819408634,701,6.0,2.0,20.2199993,25.985918,0.0473857708,-0.0414715558,4.72510364e-05,30,1.60399997,1
701106200004739,206244530,2459816.944752691,59816.4453009,16.5627403,0.0233984943,0,zg,64.1630539,40.0425745,1.90900004,-0.0860000029,20220825445301,701,6.0,2.0,21.4200001,26.236414,0.0507309549,-0.125910178,4.35309521e-05,30,1.255,1
701106200004739,206448991,2459818.9895606,59818.489919,16.496582,0.0233197976,0,zg,64.1630464,40.0425747,0.351999998,-0.0189999994,20220827489907,701,6.0,2.0,21.6800003,26.2393703,0.0571478009,-0.109967768,5.49841279e-05,30,1.09099996,1
701106200004739,206744414,2459821.9440603517,59821.4441435,16.4953728,0.0233186018,0,zg,64.1630557,40.042567,1.15999997,-0.0189999994,20220830444132,701,6.0,2.0,21.6499996,26.2407818,0.0512075126,-0.0937474445,4.38552706e-05,30,1.20299995,1
701106200004739,207042865,2459824.928852954,59824.4286574,16.4829445,0.0233067367,0,zg,64.1630531,40.0425699,0.92900002,-0.0469999984,20220902428634,701,6.0,2.0,21.5900002,26.1622753,0.0531476624,-0.105066292,4.75790766e-05,30,1.23199999,1
701106200004739,207549278,2459829.9934572163,59829.4927894,16.5891113,0.0234371722,0,zg,64.1630614,40.0425763,0.270999998,-0.0270000007,20220907492778,701,6.0,2.0,21.6299992,26.232235,0.054684218,-0.104525156,5.04146628e-05,30,1.03499997,1
701106200004739,208644386,2459840.9455373976,59840.4438657,16.5652008,0.0234019272,0,zg,64.163041,40.0425788,0.69599998,0.0289999992,20220918443831,701,6.0,2.0,21.2199993,26.3382378,0.0378620811,-0.0955579057,2.30509449e-05,30,1.06299996,1
701106200004739,208649333,2459840.995009453,59840.4933333,16.5820827,0.0234264452,0,zg,64.1630593,40.0425842,0.433999985,-0.0350000001,20220918493275,701,6.0,2.0,21.2000008,26.344738,0.0394094251,-0.0925327241,2.53863072e-05,30,1.01100004,1
701106200004739,208847026,2459842.9721190585,59842.4702662,16.5470581,0.0233775005,0,zg,64.1630585,40.0425802,0.713999987,-0.00200000009,20220920470162,701,6.0,2.0,21.4099998,26.3315105,0.0458329208,-0.104755513,3.4792396e-05,30,1.02199996,1
701106200004739,209045414,2459844.9561717818,59844.4541435,16.4208164,0.0232603494,0,zg,64.1630426,40.042595,0.754000008,0.0,20220922454144,701,6.0,2.0,21.7999992,26.3144398,0.0507378839,-0.103896961,4.29342617e-05,30,1.03199995,1
701106200004739,209348542,2459847.9877203563,59847.4854282,16.5600891,0.023394838,0,zg,64.1630554,40.0425681,1.54299998,0.023,20220925485417,701,6.0,2.0,21.7199993,26.2976246,0.0489253514,-0.1087244,3.94383205e-05,30,1.00899994,1
701106200004739,209546722,2459849.969683818,59849.4672222,16.5506935,0.0233822297,0,zg,64.1630475,40.0425709,0.621999979,-0.0469999984,20220927467176,701,6.0,2.0,21.7000008,26.2968464,0.0519214906,-0.111871116,4.52403765e-05,30,1.01199996,1
701106200004739,209748644,2459851.98907834,59851.4864468,16.5979385,0.0234510824,0,zg,64.1630502,40.0425795,0.796000004,-0.0179999992,20220929486400,701,6.0,2.0,21.7399998,26.2723904,0.054662928,-0.114813723,4.99319576e-05,30,1.00899994,1
701106200004739,210243130,2459856.9343425287,59856.4313079,16.5616741,0.0233970191,0,zg,64.1630434,40.0425869,0.864000022,-0.0350000001,20221004431296,701,6.0,2.0,21.8700008,26.2932396,0.0563455857,-0.110488713,5.23724411e-05,30,1.02199996,1
701106200004739,210649456,2459860.9979105988,59860.4945602,16.5565224,0.0233899932,0,zg,64.1630657,40.0425733,1.24699998,-0.0970000029,20221008494549,701,6.0,2.0,20.8899994,26.3441238,0.0389913507,-0.0814498141,2.45035735e-05,30,1.02999997,1
701106200004739,211342405,2459867.9279032564,59867.4240509,16.5979462,0.0234510954,0,zg,64.1630685,40.0425717,0.691999972,-0.0350000001,20221015424051,701,6.0,2.0,20.2600002,26.2808132,0.0442114323,-0.0664537102,3.87652508e-05,30,1.00999999,1
701106200004739,211637319,2459870.8772449275,59870.3731944,16.5929279,0.0234431271,0,zg,64.1630506,40.0425852,0.774999976,-0.0480000004,20221018373194,701,6.0,2.0,21.3799992,26.3205967,0.0393287577,-0.0951042026,2.55800023e-05,30,1.04499996,1
701106200004739,211834366,2459872.847846372,59872.343669,16.4879456,0.0233114064,0,zg,64.1630336,40.0425777,0.912999988,-0.0649999976,20221020343669,701,6.0,2.0,21.3700008,26.2429123,0.0489322096,-0.105462521,3.98957236e-05,30,1.08800006,1
701106200004739,212441622,2459878.9207652775,59878.4162269,16.5064926,0.023329962,0,zg,64.1630474,40.0425793,1.12,0.00400000019,20221026416204,701,6.0,2.0,21.5799999,26.295208,0.0522654578,-0.101132616,4.50209154e-05,30,1.00999999,1
701106200004739,212640355,2459880.90819934,59880.4035532,16.58881,0.0234367084,0,zg,64.163051,40.0425786,0.588999987,0.0340000018,20221028403426,701,6.0,2.0,21.3799992,26.2969303,0.0526725724,-0.114275746,4.5986355e-05,30,1.00899994,1
701106200004739,213328278,2459887.787766343,59887.2827894,16.6721687,0.0235876739,0,zg,64.1630145,40.0425865,0.953000009,-0.0170000009,20221104282743,701,6.0,2.0,20.2299995,26.3350525,0.0457536392,-0.090468809,3.96527539e-05,30,1.13900006,1
701106200004739,213526775,2459889.772814379,59889.2677546,16.5877514,0.0234350767,0,zg,64.1630604,40.0425817,0.503000021,-0.0120000001,20221106267755,701,6.0,2.0,20.1299992,26.3389587,0.046044521,-0.0863805264,4.64289587e-05,30,1.16999996,1
701106200004739,214238454,2459896.8898568996,59896.3845486,16.5759583,0.0234173518,0,zg,64.1630596,40.0425885,0.386000007,0.0170000009,20221113384514,701,6.0,2.0,20.1900005,26.2973099,0.0440207608,-0.0599372275,3.87512191e-05,30,1.01999998,1
701106200004739,214430000,2459898.805361843,59898.3,16.5849724,0.0234308187,0,zg,64.1630404,40.0425847,1.39199996,-0.0489999987,20221115299954,701,6.0,2.0,21.2099991,26.3491516,0.0392507985,-0.0977107435,2.47917724e-05,30,1.04100001,1
701106200004739,214632965,2459900.835065059,59900.3296528,16.637188,0.0235188641,0,zg,64.1630498,40.0426108,0.815999985,-0.0280000009,20221117329514,701,6.0,2.0,20.0499992,26.2984428,0.0564276166,-0.0612815954,6.87770589e-05,30,1.01100004,1
701106200004739,214840487,2459902.910329665,59902.4048727,16.5455647,0.0233755726,0,zg,64.1630546,40.042587,1.49399996,0.00100000005,20221119404861,701,6.0,2.0,20.6399994,26.3304176,0.0526561514,-0.117760427,4.73073051e-05,30,1.06700003,1
701106200004739,215040968,2459904.9151810287,59904.4096875,16.5555305,0.0233886577,0,zg,64.1630557,40.0425745,1.01300001,-0.0810000002,20221121409676,701,6.0,2.0,21.2299995,26.2505665,0.0446012653,-0.117399625,3.24006032e-05,30,1.08700001,1
701106200004739,215227797,2459906.7834961857,59906.2779745,16.6487007,0.0235406328,0,zg,64.1630329,40.0425898,0.58099997,-0.0419999994,20221123277928,701,6.0,2.0,21.5,26.2934837,0.0496207438,-0.0971831009,4.05096471e-05,30,1.04100001,1
701106200004739,215529136,2459909.7969206288,59909.2913657,16.6479988,0.0235392768,0,zg,64.1630436,40.0425952,0.75999999,-0.00999999978,20221126291354,701,6.0,2.0,21.7000008,26.3274288,0.0437077358,-0.100486338,3.09994539e-05,30,1.01900005,1
701106200004739,215934541,2459913.8509924947,59913.3454167,16.6001129,0.0234545805,0,zg,64.1630456,40.042593,0.441000015,-0.00800000038,20221130345405,701,6.0,2.0,21.2299995,26.3150387,0.049473621,-0.106689528,4.03326048e-05,30,1.02600002,1
701106200004739,216824575,2459922.751277974,59922.2457523,16.5088425,0.0233324487,0,zg,64.1630374,40.0425823,0.521000028,-0.0320000015,20221209245752,701,6.0,2.0,20.0300007,26.388586,0.0438091084,-0.0821811259,4.40970471e-05,30,1.02699995,1
701106200004739,217426688,2459928.7723042085,59928.2668866,16.6228123,0.0234929025,0,zg,64.1630341,40.0425905,0.888999999,-0.0309999995,20221215266887,701,6.0,2.0,21.1800003,26.2368851,0.0496309772,-0.109887324,4.03963313e-05,30,1.00800002,1
701106200004739,217826715,2459932.772465952,59932.2671528,16.6255951,0.023497818,0,zg,64.1630347,40.0425836,0.657999992,-0.0170000009,20221219267130,701,6.0,2.0,21.2999992,26.3003502,0.0506306179,-0.106508039,4.19334247e-05,30,1.00999999,1
701106200004739,218017495,2459934.6802079543,59934.1749537,16.517128,0.0233414862,0,zg,64.1630359,40.0425854,0.703999996,0.0390000008,20221221174734,701,6.0,2.0,21.4599991,26.2725887,0.0462494642,-0.0839547515,3.50637893e-05,30,1.08700001,1
701106200004739,218226487,2459936.770055841,59936.2648727,16.6498566,0.0235428568,0,zg,64.1630352,40.0425896,0.735000014,0.00300000003,20221223264861,701,6.0,2.0,21.6800003,26.323246,0.0471097976,-0.106276646,3.60287595e-05,30,1.01300001,1
701106200004739,219721931,2459951.723799499,59951.2193171,16.5780315,0.0234204009,0,zg,64.1630469,40.0425959,0.629999995,0.0189999994,20230107219306,701,6.0,2.0,19.4699993,26.331974,0.0473078452,-0.0430459715,6.91795358e-05,30,1.01100004,1
701106200004739,221224416,2459966.74764551,59966.2441667,16.5443268,0.0233739913,0,zg,64.1630406,40.0426003,0.504999995,0.0,20230122244097,701,6.0,2.0,20.8799992,26.3069324,0.0477635115,-0.0950259194,3.79939192e-05,30,1.09599996,1
701106200004739,221417689,2459968.6802293127,59968.1768981,16.4949341,0.0233181678,0,zg,64.1630202,40.0425979,1.40900004,-0.0240000002,20230124176887,701,6.0,2.0,20.8799992,26.3092918,0.0485929698,-0.0885006189,3.81978098e-05,30,1.01300001,1
701106200004739,221626859,2459970.7717668004,59970.2685995,16.375021,0.0232394338,0,zg,64.1630126,40.0426427,1.48199999,0.00300000003,20230126268553,701,6.0,2.0,19.7999992,26.2980022,0.0515331551,-0.0725892559,7.24030979e-05,30,1.20200002,1
701106200004739,221824175,2459972.744768319,59972.2417593,16.5437222,0.0233732238,0,zg,64.1630609,40.0425799,1.44799995,-0.0149999997,20230128241713,701,6.0,2.0,21.0200005,26.3354683,0.0397858359,-0.0986417606,2.55537816e-05,30,1.13199997,1
701106200004739,222415790,2459978.6604199912,59978.1579051,16.632309,0.0235099066,0,zg,64.1630712,40.0425951,0.522000015,0.0199999996,20230203157905,701,6.0,2.0,19.8299999,26.2158012,0.0456558391,-0.0593011193,5.42337839e-05,30,1.01800001,1
701106200004739,222616444,2459980.666785722,59980.1644444,16.5866585,0.0234333985,0,zg,64.1630535,40.0425868,0.856000006,0.0120000001,20230205164444,701,6.0,2.0,20.5300007,26.3431625,0.0413977951,-0.0657386407,3.13281416e-05,30,1.028,1
701106200004739,222911841,2459983.6204953934,59983.1184144,16.5620804,0.0233975817,0,zg,64.1630375,40.0425969,0.846000016,0.0289999992,20230208118403,701,6.0,2.0,21.5,26.30937,0.0441141799,-0.0922350436,3.18231396e-05,30,1.00800002,1
701106200004739,223119601,2459985.6979132593,59985.1960185,16.5612907,0.023396492,0,zg,64.163045,40.0425837,0.294999987,0.00999999978,20230210195984,701,6.0,2.0,20.1299992,26.3264694,0.0511234552,-0.0925313979,5.5658671e-05,30,1.10399997,1
701106200004739,223723656,2459991.737903583,59991.2365625,16.3307343,0.0232294612,0,zg,64.1630506,40.0425959,0.90200001,-0.0299999993,20230216236562,701,6.0,2.0,20.6399994,26.2006378,0.0452768132,-0.0705943778,3.38802747e-05,30,1.31700003,1
701106200004739,227717792,2460031.6755770748,60031.1779282,16.4939194,0.023317175,0,zg,64.1630724,40.0425925,0.578999996,0.0189999994,20230328177928,701,6.0,2.0,20.1800003,26.2257061,0.0460808612,-0.0732266977,4.27318882e-05,30,1.70700002,1
701106200004739,228215446,2460036.651705953,60036.1544676,16.6097412,0.0234704334,0,zg,64.1630713,40.0425891,0.592999995,0.0280000009,20230402154456,701,6.0,2.0,20.0900002,26.1954536,0.0457723625,-0.0710536689,4.48270403e-05,30,1.60800004,1
701106200004739,240640684,2460160.9044086137,60160.4068403,16.5758781,0.0234172326,0,zg,64.1630255,40.0425852,1.27999997,-0.0160000008,20230804406840,701,6.0,2.0,19.75,26.1490479,0.045813553,-0.0629435778,5.51095363e-05,30,2.1789999,1
701106200004739,240946225,2460163.960080256,60163.4622569,16.4838333,0.0233075619,0,zg,64.1630427,40.0426002,0.550000012,0.00200000009,20230807462234,701,6.0,2.0,20.2299995,26.2468147,0.0449924953,-0.0648967177,3.94425078e-05,30,1.44099998,1
701106200004739,241442872,2460168.926977833,60168.4287269,16.5944901,0.0234455895,0,zg,64.1630168,40.0425874,0.833999991,-0.0309999995,20230812428727,701,6.0,2.0,21.2800007,26.2107716,0.0467849709,-0.0999191403,3.60214144e-05,30,1.602,1
701106200004739,242044953,2460174.9483243334,60174.449537,16.5826683,0.0234273374,0,zg,64.1630195,40.0425939,0.85799998,0.0130000003,20230818449537,701,6.0,2.0,21.2399998,26.2420578,0.0474052727,-0.106175512,3.82387661e-05,30,1.33299994,1
701106200004739,242838268,2460182.882200078,60182.3826852,16.5201569,0.0233448967,0,zg,64.1630416,40.0425773,0.749000013,0.0189999994,20230826382558,701,6.0,2.0,21.0,26.2081337,0.0501222759,-0.0934879407,4.126368e-05,30,1.67799997,1
701106200004739,243146373,2460185.963539711,60185.4637384,16.6580334,0.0235588998,0,zg,64.1630356,40.042566,1.39199996,0.0260000005,20230829463738,701,6.0,2.0,21.0,26.3126774,0.0386214629,-0.0784390196,2.42709102e-05,30,1.14699996,1
701106200004739,243348464,2460187.9846309246,60187.4846412,16.6929188,0.0236323345,0,zg,64.163054,40.0425687,0.388000011,-0.0250000004,20230831484641,701,6.0,2.0,20.2900009,26.2845287,0.0454505906,-0.0671505183,4.10609864e-05,30,1.08000004,1
701106200004739,243838550,2460192.8859563647,60192.3855093,16.554657,0.0233874898,0,zg,64.1630385,40.0425903,0.926999986,-0.0120000001,20230905385405,701,6.0,2.0,20.6800003,26.2573833,0.0423930921,-0.0577420145,3.14465324e-05,30,1.42499995,1
701106200004739,244137998,2460195.8807143043,60195.3799884,16.5817261,0.0234259069,0,zg,64.1630353,40.0425925,0.25999999,0.00800000038,20230908379977,701,6.0,2.0,20.9200001,26.1159973,0.0402756035,-0.0548244826,2.69517841e-05,30,1.40699995,1
701106200004739,245249487,2460206.9966157614,60206.4948727,16.5953541,0.0234469566,0,zg,64.1630144,40.0425798,0.973999977,-0.0260000005,20230919494861,701,6.0,2.0,21.5699997,26.3269234,0.0528525636,-0.122696519,4.63645156e-05,30,1.00999999,1
701106200004739,245842893,2460212.9312001937,60212.4289352,16.5584908,0.0233926605,0,zg,64.1630211,40.0425607,0.354999989,-0.00600000005,20230925428935,701,6.0,2.0,21.8999996,26.3180714,0.0564566888,-0.124319486,5.29403733e-05,30,1.05700004,1
701106200004739,246047547,2460214.9779147212,60214.4754745,16.5457344,0.0233757924,0,zg,64.1630448,40.0425859,0.324999988,0.0280000009,20230927475394,701,6.0,2.0,21.0599995,26.2895603,0.0411991924,-0.063734293,2.73516234e-05,30,1.00899994,1
701106200004739,246247105,2460216.9736615885,60216.4710532,16.5450554,0.0233749263,0,zg,64.1630566,40.0425793,1.36600006,-0.0460000001,20230929471053,701,6.0,2.0,20.0400009,26.3794041,0.0463050269,-0.0702525005,5.01153409e-05,30,1.00899994,1
701106200004739,246843450,2460222.9375955956,60222.4345023,16.6184292,0.023485247,0,zg,64.1630474,40.0425884,0.939999998,-0.00100000005,20231005434410,701,6.0,2.0,19.8999996,26.3054047,0.0491302684,-0.0292265099,5.58303509e-05,30,1.01800001,1
701106200004739,247042302,2460224.926269284,60224.4230208,16.6191978,0.0234865844,0,zg,64.1630585,40.0425778,0.538999975,-0.023,20231007422998,701,6.0,2.0,21.0499992,26.3079872,0.0403909087,-0.075262785,2.66430743e-05,30,1.023,1
701106200004739,247543563,2460229.9392599715,60229.4356366,16.6201782,0.023488285,0,zg,64.1630741,40.0426259,0.602999985,-0.0270000007,20231012435417,701,6.0,2.0,20.2600002,26.288929,0.055633381,-0.0847615972,6.20574428e-05,30,1.00899994,1
701106200004739,247841105,2460232.914887082,60232.4110532,16.6022682,0.0234580804,0,zg,64.1630329,40.0425728,0.889999986,0.00499999989,20231015410949,701,6.0,2.0,21.4400005,26.2858906,0.0526661612,-0.0949778855,4.56002635e-05,30,1.01600003,1
701106200004739,248034437,2460234.8483404694,60234.344375,16.6845322,0.0236139409,0,zg,64.1630133,40.0425773,0.781000018,-0.0590000004,20231017344294,701,6.0,2.0,21.3600006,26.2854404,0.0504574925,-0.11430528,4.28292333e-05,30,1.10699999,1
701106200004739,248240260,2460236.9067051094,60236.4026042,16.660347,0.0235635173,0,zg,64.1630365,40.0425771,0.663999975,-0.0540000014,20231019402523,701,6.0,2.0,21.7900009,26.3151722,0.0536210611,-0.119544223,4.83424847e-05,30,1.01400006,1
701106200004739,248443160,2460238.9358382965,60238.4316088,16.6317673,0.0235089175,0,zg,64.1630413,40.0425707,1.28199995,0.00700000022,20231021431458,701,6.0,2.0,21.7800007,26.291481,0.051671043,-0.0959978551,4.40599033e-05,30,1.01100004,1
701106200004739,248744275,2460241.947165593,60241.4427546,16.6824532,0.0236094482,0,zg,64.16304,40.0425875,0.954999983,-0.00999999978,20231024442732,701,6.0,2.0,21.0499992,26.2749023,0.0524038896,-0.1022508,4.50282532e-05,30,1.02199996,1
701106200004739,249040878,2460244.9133631745,60244.4087847,16.6567459,0.0235563461,0,zg,64.1630489,40.0425994,0.531000018,-0.0209999997,20231027408773,701,6.0,2.0,20.0400009,26.3577557,0.04530406,-0.065867506,4.56369853e-05,30,1.00899994,1
701106200004739,249236839,2460246.8730739686,60246.3683912,16.6380005,0.0235203821,0,zg,64.1630331,40.0425995,0.805000007,-0.0309999995,20231029368252,701,6.0,2.0,19.4400005,26.3430004,0.0498137139,-0.0586990528,7.89540063e-05,30,1.01900005,1
701106200004739,249318138,2460247.6861133,60247.1813889,16.6056442,0.0234636199,0,zg,64.1632003,40.0424367,1.24000001,1.29200006,20231030181377,701,6.0,2.0,17.4599991,26.1844406,0.0562910549,-0.0389981009,0.00115295628,30,1.977,1
701106200004739,249532048,2460249.8253161334,60249.3204861,16.6270351,0.0235003848,0,zg,64.163037,40.0425866,1.01100004,0.00600000005,20231101320035,701,6.0,2.0,19.2399998,26.1095581,0.0461489111,-0.0624506511,8.45934192e-05,30,1.07000005,1
701106200004739,249725540,2460251.7603250374,60251.2554051,16.6978264,0.0236433223,0,zg,64.1630325,40.0425915,1.24699998,0.061999999,20231103255359,701,6.0,2.0,20.9599991,26.2868843,0.0388623849,-0.07004302,2.48569795e-05,30,1.25300002,1
701106200004739,249924349,2460253.7485021623,60253.2434954,16.5890598,0.0234370884,0,zg,64.1630148,40.0425878,0.781000018,-0.0289999992,20231105243495,701,6.0,2.0,21.3999996,26.2537518,0.0462418273,-0.0892990157,3.53060968e-05,30,1.28299999,1
701106200004739,250338502,2460257.890192097,60257.3850231,16.6607552,0.0235643443,0,zg,64.1630377,40.0426021,1.14699996,0.00400000019,20231109385012,701,6.0,2.0,20.8700008,26.304512,0.0498145558,-0.0978332385,4.03965932e-05,30,1.01300001,1
701106200004739,250543275,2460259.937994185,60259.4327546,16.6904507,0.0236268733,0,zg,64.1630078,40.0425906,0.81400001,-0.0140000004,20231111432662,701,6.0,2.0,20.8999996,26.3040524,0.0473086424,-0.104767628,3.67927933e-05,30,1.07700002,1
701106200004739,250732960,2460261.834905698,60261.3296065,16.564373,0.0234007593,0,zg,64.1630229,40.04258,1.15799999,-0.0219999999,20231113329606,701,6.0,2.0,21.7999992,26.3286095,0.0473959297,-0.114392497,3.73880066e-05,30,1.01699996,1
701106200004739,251442334,2460268.9288163083,60268.4233449,16.7042084,0.023657864,0,zg,64.1630437,40.0425884,0.605000019,0.00700000022,20231120423333,701,6.0,2.0,20.6900005,26.301506,0.0491703153,-0.105725974,4.0339015e-05,30,1.11099994,1
701106200004739,253635082,2460290.8563038055,60290.3508218,16.6251698,0.0234970637,0,zg,64.1630248,40.0425763,1.07000005,-0.0120000001,20231212350810,701,6.0,2.0,21.6599998,26.3133755,0.0472079255,-0.113421626,3.62115643e-05,30,1.08200002,1
701106200004739,254118400,2460295.689381723,60295.1840046,16.6163139,0.0234815963,0,zg,64.1630094,40.042575,0.324000001,-0.0250000004,20231217184005,701,6.0,2.0,21.2199993,26.3054218,0.0438086353,-0.103483841,3.07444316e-05,30,1.09300005,1
701106200004739,256022983,2460314.7344460217,60314.229838,16.6692696,0.023581665,0,zg,64.1630026,40.0426001,0.231000006,0.0,20240105229826,701,6.0,2.0,20.6499996,26.309742,0.0508667864,-0.0995011479,4.33778114e-05,30,1.01300001,1
701106200004739,256922197,2460323.7260441687,60323.2219792,16.6804218,0.0236050896,0,zg,64.1630315,40.0426002,1.18499994,0.0439999998,20240114221968,701,6.0,2.0,20.6200008,26.1096897,0.0474523567,-0.0815832242,3.82893159e-05,30,1.02499998,1
701106200004739,257123932,2460325.74325782,60325.2393287,16.686491,0.0236181878,0,zg,64.1630216,40.0425956,0.772000015,0.0430000015,20240116239271,701,6.0,2.0,21.0699997,26.1226444,0.0434580967,-0.0961111486,3.07529663e-05,30,1.05299997,1
701106200004739,257312332,2460327.6271197777,60327.1233218,16.7083569,0.023667464,0,zg,64.1630474,40.0426031,0.898999989,0.00400000019,20240118123310,701,6.0,2.0,19.9599991,26.3161507,0.048199065,-0.0660352558,5.39732609e-05,30,1.04400003,1
701106200004739,258224575,2460336.7488618884,60336.2457523,16.6411057,0.0235261675,0,zg,64.1630217,40.0425752,0.88499999,0.0109999999,20240127245752,701,6.0,2.0,19.3400002,26.307476,0.0469855219,-0.0615978278,7.97872854e-05,30,1.13300002,1
701106200004739,258621986,2460340.7226461656,60340.2198611,16.7024384,0.0236538034,0,zg,64.1630269,40.0425873,1.17900002,0.0460000001,20240131219861,701,6.0,2.0,21.3099995,26.3071327,0.0426482372,-0.103010394,2.93290013e-05,30,1.09500003,1
701106200004739,259720108,2460351.702914618,60351.201088,16.6810131,0.0236063562,0,zg,64.1630257,40.0425888,0.708999991,-0.0240000002,20240211201076,701,6.0,2.0,20.9500008,26.309536,0.0444427729,-0.100077957,3.20517065e-05,30,1.12300003,1
701106200004739,259918493,2460353.6865763925,60353.1849306,16.692379,0.0236311406,0,zg,64.16303,40.0425848,1.09000003,-0.00300000003,20240213184861,701,6.0,2.0,21.3199997,26.3224468,0.0413841084,-0.101884454,2.8040753e-05,30,1.09599996,1
701106200004739,260117608,2460355.6775505245,60355.176088,16.5781631,0.0234205928,0,zg,64.1630281,40.0425924,0.80400002,-0.0370000005,20240215176042,701,6.0,2.0,21.0300007,26.3169613,0.0383793116,-0.0858217627,2.38182693e-05,30,1.08800006,1
701106200004739,262019282,2460374.6924908143,60374.1928241,16.6383095,0.0235209484,0,zg,64.1630372,40.0425987,0.736999989,-0.0240000002,20240305192731,701,6.0,2.0,20.9799995,26.2612438,0.0413932949,-0.0858383775,2.76412247e-05,30,1.34300005,1
701106200004739,263415746,2460388.6558367186,60388.1574653,16.6750145,0.0235936306,0,zg,64.1630077,40.0425902,0.708000004,-0.0189999994,20240319157454,701,6.0,2.0,20.0699997,26.2809639,0.0477335379,-0.0918085575,4.89868289e-05,30,1.36000001,1
701106200004739,263618063,2460390.678827432,60390.1806366,16.6373138,0.0235191025,0,zg,64.163038,40.0425903,0.51700002,-0.0320000015,20240321180625,701,6.0,2.0,20.0300007,26.0316944,0.0464465618,-0.0615267716,5.18270426e-05,30,1.56700003,1
701106200004739,264916023,2460403.6573304785,60403.1602315,16.6584282,0.0235596895,0,zg,64.1630406,40.0425894,1.38499999,-0.0130000003,20240403160231,701,6.0,2.0,20.5499992,26.1311207,0.0452079065,-0.0585854091,3.56742785e-05,30,1.71500003,1
701106200004739,277349119,2460527.9889120893,60527.4911921,16.6488323,0.0235408768,0,zg,64.1630105,40.0425756,1.59000003,0.0469999984,20240805491181,701,6.0,2.0,21.2700005,26.1906357,0.0394549742,-0.0959898829,2.51757629e-05,30,1.28999996,1
701106200004739,278938487,2460543.883994764,60543.3848727,16.58535,0.0234313887,0,zg,64.1630015,40.0425816,0.662,-0.0520000011,20240821384873,701,6.0,2.0,20.0900002,26.1420727,0.0473043993,-0.0483608879,5.12832194e-05,30,1.78299999,1
701106200004739,279144440,2460545.9437211594,60545.4444097,16.6631126,0.0235690866,0,zg,64.1630176,40.0425756,1.097,-0.0410000011,20240823444375,701,6.0,2.0,20.1100006,26.3304424,0.0469421782,-0.0935718194,4.58903778e-05,30,1.278,1
701106200004739,279649084,2460550.990624425,60550.4908449,16.5819893,0.0234263092,0,zg,64.1630127,40.0425723,0.69599998,-0.0170000009,20240828490833,701,6.0,2.0,21.3400002,26.3012829,0.0412954278,-0.0974847302,2.78549942e-05,30,1.08000004,1
701106200004739,279845206,2460552.952022625,60552.4520602,16.9439278,0.0244209487,0,zg,64.1630019,40.0425994,3.16100001,-0.252999991,20240830452049,701,6.0,2.0,21.7600002,26.2627239,0.0497382395,-0.097926721,4.00065037e-05,30,1.16999996,1
701106200004739,280148787,2460555.98811642,60555.4878704,16.6274261,0.0235010833,0,zg,64.1630135,40.0425815,1.21399999,-0.0109999999,20240902487870,701,6.0,2.0,21.7399998,26.2719345,0.0484650396,-0.10895896,3.78379154e-05,30,1.05999994,1
701106200004739,280347565,2460557.9760913467,60557.4756597,16.6024017,0.0234582946,0,zg,64.163003,40.0425674,0.907999992,-0.0299999993,20240904475625,701,6.0,2.0,21.6700001,26.2547436,0.0502835996,-0.104170926,4.08555934e-05,30,1.07200003,1
701106200004739,280848648,2460562.9873792394,60562.4864815,16.6431026,0.0235299449,0,zg,64.1630049,40.0425613,0.637000024,-0.0199999996,20240909486481,701,6.0,2.0,21.5499992,26.1153831,0.057070028,-0.11796321,5.30061116e-05,30,1.03400004,1
701106200004739,281840744,2460572.90924332,60572.4074421,16.7029533,0.0236549843,0,zg,64.163001,40.0425867,0.90200001,-0.074000001,20240919407442,701,6.0,2.0,20.0,26.3204575,0.048139073,-0.0635007471,5.49902688e-05,30,1.13800001,1
701106200004739,282535902,2460579.861435932,60579.3590278,16.6185875,0.0234855246,0,zg,64.1630164,40.0425802,0.541999996,-0.0170000009,20240926359016,701,6.0,2.0,20.9799995,26.2472019,0.0466821454,-0.0901795551,3.49981128e-05,30,1.24399996,1
701106200004739,282846686,2460582.969533302,60582.4668634,16.6848755,0.0236146823,0,zg,64.1630072,40.0425756,1.72599995,0.0350000001,20240929466863,701,6.0,2.0,21.7600002,26.2988415,0.0528016202,-0.112807103,4.46936101e-05,30,1.00999999,1
701106200004739,283840318,2460592.9066381836,60592.4031829,16.6008701,0.0234558061,0,zg,64.1630121,40.0425813,0.676999986,0.00400000019,20241009403171,701,6.0,2.0,21.3799992,26.2822838,0.0534207709,-0.108643547,4.64880104e-05,30,1.03600001,1
701106200004739,284247769,2460596.9814474494,60596.4776968,16.7444229,0.0237559583,0,zg,64.1630116,40.0425878,0.79400003,-0.0260000005,20241013477685,701,6.0,2.0,21.4799995,26.3047886,0.0536116064,-0.110707358,4.67882819e-05,30,1.028,1
701106200004739,284425902,2460598.762902003,60598.2590278,16.6095867,0.0234701745,0,zg,64.1629997,40.0425863,0.745999992,-0.0320000015,20241015259016,701,6.0,2.0,20.2299995,26.2075882,0.0472995117,-0.0519983731,4.56536327e-05,30,1.53999996,1
701106200004739,284634740,2460600.8514221543,60600.3474074,16.7136269,0.023679832,0,zg,64.1630144,40.0425825,0.456,-0.0179999992,20241017347407,701,6.0,2.0,19.3899994,26.3469124,0.0464591086,-0.057012666,7.18427764e-05,30,1.09500003,1
701106200004739,285335557,2460607.860027508,60607.3555787,16.544775,0.0233745631,0,zg,64.1630113,40.042593,0.381999999,-0.00600000005,20241024355579,701,6.0,2.0,21.2700005,26.3105659,0.0376710482,-0.071758084,2.27622841e-05,30,1.04499996,1
701106200004739,285536892,2460609.8734857873,60609.3689236,16.5152969,0.0233394559,0,zg,64.1630023,40.0425761,0.930999994,0.0209999997,20241026368912,701,6.0,2.0,21.0200005,26.2545052,0.0448552594,-0.0957970917,3.22814667e-05,30,1.023,1
