MJD,m,dm,uJy,duJy,F,err,chi/N,RA,Dec,x,y,maj,min,phi,apfit,mag5sig,Sky,Obs
59578.010181,20.373,0.52,26,13,o,0,1.08,114.69768,-59.51688,1846.04,3324.81,3.26,2.78,-75.8,-0.377,19.16,21.07,03a59578o0289o
59578.013559,20.934,0.746,15,12,o,0,1.5,114.69768,-59.51688,1885.43,3360.32,3.09,2.66,-82.7,-0.376,19.2,21.06,03a59578o0295o
59578.019149,-25.478,60.0,0,14,o,0,1.03,114.69768,-59.51688,1866.6,3276.14,3.21,2.63,-82.8,-0.371,19.17,20.96,03a59578o0306o
59578.030132,23.337,8.0,2,13,o,0,1.46,114.69768,-59.51688,1915.9,3379.98,3.26,2.68,-83.1,-0.367,19.12,20.88,03a59578o0326o
59578.999937,-20.64,0.653,-20,13,o,0,1.23,114.69768,-59.51688,1801.33,3341.07,2.96,2.41,-81.4,-0.38,19.18,20.92,03a59579o0348o
59579.002797,20.158,0.48,31,15,o,0,0.81,114.69768,-59.51688,1836.52,3372.68,2.94,2.53,-84.7,-0.372,19.14,20.96,03a59579o0354o
59579.009636,-23.252,7.875,-2,14,o,0,1.05,114.69768,-59.51688,1823.68,3286.31,3.0,2.68,-83.6,-0.365,19.16,20.9,03a59579o0367o
59579.041444,20.261,0.609,28,17,o,0,1.01,114.69768,-59.51688,4934.91,1065.13,3.22,2.71,-83.8,-0.398,19.06,20.72,03a59579o0433o
59579.044485,21.386,2.0,10,20,o,0,0.63,114.69768,-59.51688,4973.18,1106.57,3.05,2.55,-83.1,-0.406,19.01,20.58,03a59579o0439o
59579.050646,20.252,0.78,29,22,o,0,1.17,114.69768,-59.51688,4956.65,1030.44,3.14,2.7,-83.3,-0.4,18.58,20.09,03a59579o0451o
59579.981209,20.629,0.602,20,12,o,0,1.31,114.69768,-59.51688,8445.36,1103.13,3.29,2.66,-66.4,-0.372,19.31,21.34,03a59580o0406o
59579.98417,21.542,1.63,9,14,o,0,1.08,114.69768,-59.51688,2079.99,1418.98,3.88,3.05,-81.2,-0.363,19.19,21.35,03a59580o0411o
59579.989851,-22.665,4.778,-3,15,o,0,1.26,114.69768,-59.51688,2108.08,1528.61,3.88,3.2,-84.8,-0.375,19.17,21.38,03a59580o0421o
59579.999809,22.418,3.063,4,12,o,0,1.33,114.69768,-59.51688,8486.37,1133.87,3.24,2.73,-64.0,-0.364,19.28,21.31,03a59580o0440o
59585.967537,22.552,3.154,4,11,c,0,1.16,114.69768,-59.51688,9475.39,9117.16,3.29,2.99,-33.2,-0.373,19.3,21.85,03a59586o0383c
59585.978953,-20.778,0.589,-18,10,c,0,1.08,114.69768,-59.51688,9387.88,9112.71,3.14,2.86,-39.5,-0.369,19.36,21.88,03a59586o0406c
59585.980356,23.691,8.6,1,10,c,0,0.96,114.69768,-59.51688,9444.28,9192.83,3.1,2.85,-36.7,-0.38,19.37,21.85,03a59586o0409c
59585.983183,20.503,0.476,23,11,c,0,1.19,114.69768,-59.51688,9451.3,9094.61,3.46,2.98,-33.6,-0.366,19.28,21.85,03a59586o0415c
59586.011018,-23.116,6.167,-2,13,c,0,1.84,114.69768,-59.51688,7435.18,3582.19,3.57,2.94,6.1,-0.435,19.32,21.79,03a59586o0472c
59586.013816,-20.171,0.396,-31,12,c,0,1.39,114.69768,-59.51688,7468.77,3623.53,3.47,2.88,9.9,-0.431,19.35,21.77,03a59586o0478c
59586.049333,-22.619,4.091,-3,13,c,0,1.36,114.69768,-59.51688,7656.95,3588.37,3.41,2.67,14.8,-0.417,19.29,21.54,03a59586o0549c
59586.057733,20.445,0.589,24,14,c,0,1.12,114.69768,-59.51688,7683.55,3707.45,3.67,2.78,13.1,-0.405,19.27,21.57,03a59586o0565c
59596.974324,-19.781,0.677,-44,30,o,0,1.17,114.69768,-59.51688,5520.93,3614.38,2.54,2.17,-11.3,-0.482,18.6,19.31,03a59597o0336o
59596.978053,21.083,2.071,13,28,o,0,1.23,114.69768,-59.51688,5560.92,3650.42,2.49,2.14,-12.4,-0.498,18.61,19.29,03a59597o0344o
59596.997594,21.211,2.183,12,26,o,0,1.37,114.69768,-59.51688,5638.15,3583.06,2.55,2.28,-2.2,-0.462,18.57,19.3,03a59597o0382o
59597.002779,-19.317,0.476,-68,32,o,0,0.9,114.69768,-59.51688,5645.27,3692.91,2.51,2.25,-0.2,-0.479,18.61,19.31,03a59597o0393o
59600.955509,-21.21,2.309,-12,28,o,0,0.83,114.69768,-59.51688,8063.66,2419.84,2.77,2.22,-83.4,-0.401,18.53,19.7,03a59601o0219o
59600.9594,20.955,1.877,15,28,o,0,1.05,114.69768,-59.51688,8081.84,2458.15,2.75,2.2,-82.1,-0.412,18.66,19.72,03a59601o0227o
59600.995362,20.958,1.256,15,19,o,0,1.02,114.69768,-59.51688,8030.02,2377.87,2.73,2.1,-81.1,-0.412,18.96,19.97,03a59601o0301o
59601.024396,-20.057,0.473,-34,16,o,0,1.41,114.69768,-59.51688,8012.94,2490.53,2.83,2.18,-77.5,-0.425,18.86,19.96,03a59601o0362o
59604.922616,23.13,5.375,2,11,c,0,1.1,114.69768,-59.51688,8062.69,2421.1,3.17,2.8,87.7,-0.372,19.41,21.9,03a59605o0335c
59604.925428,-20.613,0.558,-21,12,c,0,1.02,114.69768,-59.51688,8080.91,2459.83,3.08,2.7,85.9,-0.381,19.42,21.85,03a59605o0341c
59604.928242,-22.417,2.684,-4,10,c,0,0.66,114.69768,-59.51688,8022.93,2377.49,2.85,2.47,85.0,-0.396,19.53,21.81,03a59605o0347c
59604.93152,-20.685,0.5,-19,10,c,0,0.99,114.69768,-59.51688,7997.98,2491.77,2.92,2.37,-87.0,-0.385,19.49,21.72,03a59605o0354c
59607.947193,-21.346,1.135,-10,12,c,0,1.12,114.69768,-59.51688,2752.56,6208.56,3.45,3.02,-89.7,-0.365,19.33,21.91,03a59608o0207c
59607.949929,-24.562,18.5,0,10,c,0,1.25,114.69768,-59.51688,2772.06,6247.88,3.41,2.95,88.3,-0.355,19.35,21.87,03a59608o0213c
59607.956354,22.509,2.667,4,10,c,0,1.19,114.69768,-59.51688,2719.33,6170.43,3.2,2.73,-84.8,-0.368,19.45,21.89,03a59608o0227c
59607.966082,-22.78,3.5,-3,10,c,0,1.16,114.69768,-59.51688,2703.56,6291.15,3.19,2.68,-76.1,-0.364,19.44,21.91,03a59608o0248c
59621.926196,22.596,4.1,3,14,o,0,1.46,114.69768,-59.51688,6566.59,6089.42,2.44,2.1,-78.9,-0.461,19.11,20.34,03a59622o0349o
59621.929223,22.818,5.471,3,15,o,0,1.27,114.69768,-59.51688,6585.08,6128.71,2.38,2.04,-86.3,-0.478,19.09,20.35,03a59622o0355o
59621.938951,-21.927,2.914,-6,18,o,0,1.03,114.69768,-59.51688,6536.73,6048.49,2.53,2.17,-63.9,-0.455,19.06,20.37,03a59622o0376o
59621.948996,-22.972,5.714,-2,13,o,0,1.62,114.69768,-59.51688,6511.76,6153.81,2.39,2.11,-83.9,-0.48,19.12,20.37,03a59622o0398o
59628.107731,-20.77,1.36,-18,24,o,0,1.2,114.69768,-59.51688,7401.19,8694.93,2.55,2.24,-74.1,-0.404,18.79,19.6,04a59628o0196o
59628.110579,21.402,2.055,10,20,o,0,1.58,114.69768,-59.51688,7417.8,8732.29,2.45,2.22,-70.0,-0.415,18.82,19.59,04a59628o0202o
59628.116314,-22.621,7.333,-3,24,o,0,1.0,114.69768,-59.51688,7360.35,8647.9,2.77,2.32,-74.8,-0.386,18.75,19.59,04a59628o0214o
59628.126558,-19.77,0.569,-45,26,o,0,1.02,114.69768,-59.51688,7333.95,8756.99,2.3,2.17,-43.8,-0.415,18.79,19.57,04a59628o0236o
59632.164551,-19.929,0.373,-39,14,o,0,1.4,114.69768,-59.51688,7361.52,8650.52,2.69,2.55,-82.2,-0.379,19.07,20.42,04a59632o0245o
59632.167322,0.0,20.733,0,18,o,0,0.97,114.69768,-59.51688,7379.74,8687.53,2.82,2.64,-82.8,-0.385,19.03,20.41,04a59632o0251o
59632.174836,-20.92,0.901,-16,14,o,0,1.17,114.69768,-59.51688,7319.67,8603.42,2.55,2.41,-80.9,-0.386,19.09,20.39,04a59632o0267o
59632.188426,-20.542,0.756,-22,17,o,0,1.13,114.69768,-59.51688,7291.27,8713.48,2.55,2.36,-87.6,-0.383,19.09,20.33,04a59632o0296o
59636.16574,-20.985,0.637,-15,9,o,0,1.49,114.69768,-59.51688,5513.43,8695.8,2.6,2.04,-78.5,-0.427,19.54,21.02,04a59636o0203o
59636.1691,20.949,0.653,15,10,o,0,0.95,114.69768,-59.51688,5529.89,8732.0,2.61,2.06,-78.4,-0.415,19.55,21.03,04a59636o0210o
59636.174612,-20.655,0.476,-20,10,o,0,1.82,114.69768,-59.51688,5470.47,8652.45,2.42,2.04,-76.1,-0.454,19.55,21.01,04a59636o0222o
59636.18781,23.149,4.176,2,8,o,0,1.65,114.69768,-59.51688,5444.31,8761.8,2.57,1.97,-80.9,-0.421,19.58,20.97,04a59636o0250o
59638.134888,-21.163,0.897,-12,11,o,0,0.99,114.69768,-59.51688,4147.37,2522.43,2.03,1.9,61.0,-0.448,19.36,20.9,04a59638o0258o
59638.13764,-21.665,1.562,-8,12,o,0,0.74,114.69768,-59.51688,4164.68,2559.57,2.11,1.95,53.3,-0.436,19.33,20.9,04a59638o0264o
59638.143123,21.316,0.901,11,10,o,0,1.05,114.69768,-59.51688,4102.1,2478.4,2.06,1.92,59.9,-0.443,19.38,20.93,04a59638o0276o
59638.15456,21.808,1.75,7,12,o,0,1.04,114.69768,-59.51688,4071.14,2588.72,2.03,1.88,60.8,-0.444,19.34,20.89,04a59638o0301o
59639.114666,-21.648,1.306,-8,10,c,0,1.38,114.69768,-59.51688,9222.14,8670.14,2.94,2.81,-1.7,-0.325,19.5,21.6,04a59639o0258c
59639.117369,21.364,0.979,10,10,c,0,1.19,114.69768,-59.51688,9238.6,8708.27,2.93,2.81,7.2,-0.327,19.47,21.6,04a59639o0264c
59639.127018,-24.236,12.25,-1,9,c,0,1.41,114.69768,-59.51688,9177.53,8619.9,2.6,2.49,-24.9,-0.377,19.61,21.59,04a59639o0285c
59639.131544,21.561,1.356,9,12,c,0,1.23,114.69768,-59.51688,130.57,8711.84,3.02,2.36,-80.6,-0.33,19.55,21.58,04a59639o0295c
59639.134352,22.011,1.903,6,11,c,0,0.93,114.69768,-59.51688,146.42,8747.18,2.94,2.33,-76.0,-0.329,19.57,21.6,04a59639o0301c
59639.137535,21.237,0.871,12,10,c,0,1.15,114.69768,-59.51688,9152.01,8729.88,2.62,2.54,-20.6,-0.372,19.58,21.61,04a59639o0308c
59639.144272,20.056,0.575,34,20,c,0,4.4,114.69768,-59.51688,84.79,8667.26,2.97,2.35,-78.4,-0.323,19.58,21.59,04a59639o0322c
59639.15608,21.559,2.488,9,22,c,0,1.05,114.69768,-59.51688,55.01,8778.38,3.1,2.55,-77.5,-0.316,19.52,21.57,04a59639o0348c
59639.842067,-20.094,1.148,-33,38,o,0,0.95,114.69768,-59.51688,4416.25,9950.3,4.1,3.78,-27.4,-0.332,18.09,21.06,03a59640o0036o
59640.135164,20.19,0.214,30,6,c,0,1.86,114.69768,-59.51688,4141.24,2516.82,2.03,1.87,50.1,-0.412,19.55,21.51,04a59640o0312c
59640.137866,21.095,0.6,13,8,c,0,1.03,114.69768,-59.51688,4160.76,2554.19,2.04,1.95,53.0,-0.404,19.53,21.51,04a59640o0318c
59640.142902,20.402,0.351,25,9,c,0,1.09,114.69768,-59.51688,4096.1,2473.8,2.05,1.86,49.7,-0.41,19.55,21.48,04a59640o0329c
59640.152426,21.271,0.696,11,8,c,0,1.16,114.69768,-59.51688,4067.94,2586.72,2.03,1.88,46.0,-0.4,19.52,21.46,04a59640o0350c
59641.109571,20.242,0.444,29,13,o,0,1.2,114.69768,-59.51688,9224.9,8668.71,2.74,2.63,-1.3,-0.367,19.39,21.11,04a59641o0269o
59641.114274,21.009,0.836,14,12,o,0,1.7,114.69768,-59.51688,9238.11,8705.99,2.43,2.27,-21.0,-0.443,19.42,21.1,04a59641o0279o
59641.12005,21.817,1.943,7,13,o,0,0.96,114.69768,-59.51688,9179.61,8620.03,2.57,2.54,-82.4,-0.39,19.38,21.11,04a59641o0291o
59641.12961,20.597,0.632,21,13,o,0,0.84,114.69768,-59.51688,9154.82,8730.07,2.49,2.44,-22.1,-0.403,19.4,21.11,04a59641o0312o
59641.133215,20.876,0.856,16,14,o,0,0.97,114.69768,-59.51688,127.24,8705.78,2.85,2.19,-73.8,-0.371,19.38,21.11,04a59641o0320o
59641.135994,-22.698,4.0,-3,12,o,0,1.16,114.69768,-59.51688,142.72,8741.62,2.94,2.26,-74.4,-0.353,19.42,21.1,04a59641o0326o
59641.141398,19.019,0.216,90,19,o,0,11.86,114.69768,-59.51688,85.47,8663.6,2.87,2.29,-73.7,-0.357,19.39,21.06,04a59641o0338o
59641.152854,19.661,0.49,50,24,o,0,1.35,114.69768,-59.51688,57.78,8777.01,2.87,2.27,-76.6,-0.351,19.42,21.01,04a59641o0363o
59642.124111,19.807,0.271,43,12,o,0,0.72,114.69768,-59.51688,4145.17,2520.14,2.01,1.93,56.2,-0.449,19.35,20.94,04a59642o0289o
59642.13387,20.124,0.338,32,11,o,0,1.07,114.69768,-59.51688,4159.38,2552.81,2.0,1.88,57.8,-0.443,19.37,20.92,04a59642o0310o
59642.136579,21.056,0.887,14,12,o,0,0.97,114.69768,-59.51688,4095.96,2474.5,2.07,1.93,48.4,-0.465,19.37,20.97,04a59642o0316o
59642.149739,23.137,4.25,2,9,o,0,1.89,114.69768,-59.51688,4066.37,2583.26,2.06,1.9,58.1,-0.459,19.39,20.99,04a59642o0345o
59644.091632,20.467,0.475,24,11,c,0,1.36,114.69768,-59.51688,770.01,705.68,3.55,2.04,44.6,-0.359,19.48,21.68,04a59644o0110c
59644.094867,-20.912,0.622,-16,10,c,0,1.37,114.69768,-59.51688,788.82,741.05,3.34,2.04,43.0,-0.37,19.52,21.65,04a59644o0117c
59644.100344,-24.199,16.0,-1,12,c,0,0.87,114.69768,-59.51688,720.92,662.66,3.26,2.04,43.3,-0.384,19.53,21.64,04a59644o0129c
59644.110056,20.739,0.547,18,10,c,0,1.37,114.69768,-59.51688,694.34,774.77,3.44,2.0,45.1,-0.37,19.53,21.6,04a59644o0150c
59645.887125,20.374,0.539,26,14,o,0,0.8,114.69768,-59.51688,8777.74,858.48,3.01,2.17,-51.2,-0.423,19.48,20.94,03a59646o0287o
59645.88991,20.341,0.38,26,10,o,0,1.17,114.69768,-59.51688,8797.15,897.34,2.82,2.13,-50.7,-0.428,19.51,21.0,03a59646o0293o
59645.896789,-24.691,25.667,0,12,o,0,1.05,114.69768,-59.51688,8737.51,814.77,2.93,2.11,-51.7,-0.426,19.5,20.96,03a59646o0308o
59645.907323,20.942,0.859,15,13,o,0,0.89,114.69768,-59.51688,8711.9,928.29,2.96,2.15,-51.0,-0.422,19.44,20.9,03a59646o0331o
59652.053356,-22.559,7.533,-3,26,o,0,1.04,114.69768,-59.51688,10352.04,6631.55,2.66,2.17,-12.6,-0.44,18.99,20.01,04a59652o0145o
59652.056558,-20.807,1.281,-17,22,o,0,0.77,114.69768,-59.51688,10368.36,6670.08,2.68,2.21,-15.1,-0.426,18.94,20.0,04a59652o0152o
59652.062471,-21.835,2.889,-7,19,o,0,1.23,114.69768,-59.51688,10308.01,6583.7,2.71,2.28,-13.1,-0.429,18.94,19.99,04a59652o0165o
59652.06883,-22.916,8.312,-2,21,o,0,0.8,114.69768,-59.51688,1041.81,6525.75,2.47,2.15,-82.0,-0.395,18.94,19.92,04a59652o0179o
59652.072153,21.224,1.373,12,16,o,0,1.4,114.69768,-59.51688,1059.15,6560.69,2.51,2.16,-88.7,-0.388,18.96,19.94,04a59652o0186o
59652.075805,-19.756,0.422,-46,19,o,0,1.49,114.69768,-59.51688,10278.6,6690.43,2.7,2.15,-8.7,-0.437,18.95,20.01,04a59652o0194o
59652.078094,21.833,2.911,7,20,o,0,0.82,114.69768,-59.51688,997.69,6482.57,2.44,2.11,-86.6,-0.388,19.02,19.92,04a59652o0199o
59652.088153,22.719,6.0,3,18,o,0,1.18,114.69768,-59.51688,971.37,6592.57,2.43,2.11,-85.6,-0.389,18.98,19.9,04a59652o0221o
59656.121026,21.242,2.542,12,29,o,0,1.2,114.69768,-59.51688,10308.77,6591.22,2.86,2.37,-6.5,-0.374,18.49,19.15,04a59656o0293o
59656.12395,21.442,3.241,10,31,o,0,1.01,114.69768,-59.51688,10325.18,6630.1,2.69,2.26,-3.5,-0.393,18.55,19.15,04a59656o0299o
59656.130135,20.512,1.449,23,33,o,0,0.99,114.69768,-59.51688,10264.44,6544.79,2.64,2.15,-5.0,-0.393,18.58,19.14,04a59656o0312o
59656.134776,21.378,2.682,10,27,o,0,1.16,114.69768,-59.51688,1002.37,6480.37,2.49,2.21,82.5,-0.363,18.51,19.09,04a59656o0322o
59656.138847,-21.55,3.38,-9,30,o,0,1.03,114.69768,-59.51688,1018.49,6516.6,2.64,2.38,76.6,-0.352,18.47,19.06,04a59656o0330o
59656.140297,-25.626,164.0,0,34,o,0,1.02,114.69768,-59.51688,10237.93,6656.46,2.9,2.49,-9.5,-0.358,18.42,19.12,04a59656o0333o
59656.144691,-20.782,1.733,-18,31,o,0,1.0,114.69768,-59.51688,957.35,6439.76,2.63,2.38,80.8,-0.36,18.4,19.05,04a59656o0342o
59656.156879,19.548,0.611,55,34,o,0,0.49,114.69768,-59.51688,928.34,6554.26,2.46,2.2,85.5,-0.363,18.47,19.03,04a59656o0368o
59660.057375,24.841,31.0,0,13,o,0,1.35,114.69768,-59.51688,6175.56,2438.99,2.2,2.1,4.5,-0.452,19.18,20.61,04a59660o0171o
59660.06065,-24.286,18.6,-1,13,o,0,1.44,114.69768,-59.51688,6192.46,2475.76,2.21,2.08,-4.7,-0.456,19.18,20.54,04a59660o0178o
59660.066581,21.764,1.694,7,12,o,0,1.42,114.69768,-59.51688,6129.65,2394.22,2.29,2.13,-3.0,-0.438,19.15,20.48,04a59660o0191o
59660.077617,-19.816,0.293,-43,13,o,0,1.09,114.69768,-59.51688,6101.76,2503.69,2.09,1.99,-10.2,-0.442,19.13,20.37,04a59660o0215o
59664.11534,-22.083,1.471,-5,8,o,0,1.41,114.69768,-59.51688,6132.39,2403.44,1.9,1.82,-50.7,-0.436,19.46,20.92,04a59664o0199o
59664.118497,-21.555,1.152,-9,10,o,0,0.98,114.69768,-59.51688,6148.71,2442.34,1.93,1.87,-46.8,-0.444,19.45,20.97,04a59664o0206o
59664.125768,22.982,4.048,2,9,o,0,1.09,114.69768,-59.51688,6086.68,2360.11,1.98,1.85,-35.0,-0.439,19.45,20.95,04a59664o0222o
59664.135782,-21.612,1.316,-8,11,o,0,0.81,114.69768,-59.51688,6057.48,2473.96,1.93,1.85,-32.8,-0.436,19.47,20.89,04a59664o0244o
59668.024277,-22.112,2.963,-5,15,o,0,0.79,114.69768,-59.51688,9293.69,4507.05,2.8,2.34,-20.8,-0.428,19.22,20.84,04a59668o0127o
59668.027446,-20.274,0.519,-28,15,o,0,1.03,114.69768,-59.51688,9310.75,4544.78,2.69,2.25,-15.7,-0.432,19.29,20.87,04a59668o0134o
59668.033325,-24.547,25.667,-1,14,o,0,1.03,114.69768,-59.51688,9250.09,4459.56,2.77,2.24,-15.0,-0.431,19.3,20.9,04a59668o0147o
59668.044004,-21.493,1.269,-9,12,o,0,1.31,114.69768,-59.51688,9220.4,4569.46,2.72,2.24,-17.0,-0.421,19.32,20.96,04a59668o0170o
59669.84718,22.161,1.793,5,9,c,0,1.43,114.69768,-59.51688,5337.08,8688.55,2.78,2.5,-52.8,-0.362,19.6,21.58,03a59670o0291c
59669.853756,-21.342,0.736,-11,8,c,0,1.13,114.69768,-59.51688,5354.67,8726.75,2.68,2.39,-51.6,-0.365,19.71,21.67,03a59670o0305c
59669.859338,-21.437,0.729,-10,7,c,0,1.28,114.69768,-59.51688,5301.96,8647.73,2.86,2.53,-45.3,-0.355,19.68,21.7,03a59670o0317c
59669.871199,-21.251,0.699,-12,8,c,0,1.05,114.69768,-59.51688,5282.05,8760.59,2.77,2.48,-48.9,-0.361,19.66,21.64,03a59670o0341c
59672.07561,21.067,0.989,14,13,o,0,1.07,114.69768,-59.51688,9261.06,4476.1,2.57,2.03,-19.6,-0.417,19.35,20.92,04a59672o0248o
59672.078326,-21.075,0.894,-14,12,o,0,1.24,114.69768,-59.51688,9278.15,4514.54,2.53,2.07,-13.3,-0.428,19.34,20.93,04a59672o0254o
59672.084685,-20.332,0.458,-27,12,o,0,1.1,114.69768,-59.51688,9215.22,4430.83,2.48,2.14,-13.1,-0.415,19.35,20.93,04a59672o0268o
59672.096039,-21.335,1.014,-11,11,o,0,1.35,114.69768,-59.51688,9186.07,4541.53,2.35,2.0,-19.6,-0.434,19.44,21.01,04a59672o0293o
59673.798644,22.529,3.5,4,12,c,0,1.38,114.69768,-59.51688,692.28,653.21,3.08,3.04,6.5,-0.376,19.35,21.48,03a59674o0013c
59676.016478,-21.099,0.842,-13,11,o,0,1.52,114.69768,-59.51688,7316.48,4496.08,2.26,2.01,-20.0,-0.453,19.21,20.64,04a59676o0122o
59676.019653,21.291,1.203,11,13,o,0,1.09,114.69768,-59.51688,7334.79,4532.81,2.34,2.06,-23.8,-0.411,19.21,20.64,04a59676o0129o
59676.025539,21.483,1.412,9,13,o,0,1.09,114.69768,-59.51688,7272.41,4450.9,2.26,2.03,-26.7,-0.435,19.23,20.64,04a59676o0142o
59676.035112,-21.39,1.282,-10,13,o,0,0.86,114.69768,-59.51688,7245.89,4560.87,2.11,1.95,-22.6,-0.457,19.31,20.64,04a59676o0163o
59677.847207,-19.546,0.279,-55,15,o,0,0.86,114.69768,-59.51688,759.0,585.38,2.83,2.69,-51.2,-0.417,19.3,20.86,03a59678o0223o
59677.849965,25.559,74.0,0,16,o,0,0.89,114.69768,-59.51688,778.87,621.59,3.05,2.9,-47.0,-0.401,19.22,20.84,03a59678o0229o
59677.859555,-20.456,0.629,-24,15,o,0,0.94,114.69768,-59.51688,716.58,547.07,3.11,2.98,-48.2,-0.396,19.2,20.82,03a59678o0250o
59677.872417,22.376,5.067,4,21,o,0,1.15,114.69768,-59.51688,690.96,665.33,3.0,2.84,-39.5,-0.405,18.94,20.48,03a59678o0278o
59680.066171,-20.746,0.763,-18,14,o,0,1.79,114.69768,-59.51688,7284.11,4467.22,2.31,2.06,-17.7,-0.418,19.02,20.24,04a59680o0244o
59680.068974,-19.758,0.309,-45,14,o,0,1.48,114.69768,-59.51688,7301.41,4505.63,2.34,2.08,-19.4,-0.412,19.01,20.28,04a59680o0250o
59680.074008,-21.443,1.559,-10,15,o,0,0.98,114.69768,-59.51688,7239.6,4424.57,2.29,2.13,-33.9,-0.407,19.03,20.28,04a59680o0261o
59680.084078,-19.931,0.369,-39,14,o,0,1.18,114.69768,-59.51688,7211.68,4537.36,2.26,2.02,-27.5,-0.409,19.03,20.18,04a59680o0283o
59684.014058,-20.201,0.754,-30,23,o,0,1.39,114.69768,-59.51688,4959.93,371.48,2.47,2.23,36.1,-0.418,18.57,19.5,04a59684o0093o
59684.016759,-19.715,0.494,-47,23,o,0,1.04,114.69768,-59.51688,4977.25,410.36,2.28,2.1,39.5,-0.432,18.71,19.51,04a59684o0099o
59684.023149,21.286,2.31,11,26,o,0,0.9,114.69768,-59.51688,4911.84,328.84,2.44,2.21,49.9,-0.401,18.64,19.51,04a59684o0113o
59684.038419,-20.091,0.613,-33,20,o,0,1.14,114.69768,-59.51688,4879.14,438.06,2.28,2.03,53.9,-0.425,18.69,19.48,04a59684o0146o
59685.797838,-21.236,2.784,-12,32,o,0,1.12,114.69768,-59.51688,10165.88,6719.16,3.38,2.98,-59.3,-0.362,18.35,19.0,03a59686o0205o
59685.806507,-19.44,0.642,-61,39,o,0,0.77,114.69768,-59.51688,10184.45,6758.21,3.38,2.96,-53.9,-0.354,18.32,18.96,03a59686o0224o
59685.809265,-21.589,4.026,-8,34,o,0,1.13,114.69768,-59.51688,10129.79,6672.89,3.32,2.89,-54.0,-0.367,18.29,18.94,03a59686o0230o
59685.812931,-20.01,0.929,-36,33,o,0,0.93,114.69768,-59.51688,895.46,6387.36,3.14,2.86,-42.0,-0.389,18.3,18.96,03a59686o0238o
59685.819861,21.46,3.058,10,29,o,0,1.1,114.69768,-59.51688,913.67,6425.67,2.91,2.63,-39.7,-0.388,18.38,18.94,03a59686o0253o
59685.823514,21.532,3.426,9,30,o,0,1.02,114.69768,-59.51688,859.02,6349.81,2.97,2.63,-38.0,-0.404,18.36,18.92,03a59686o0261o
59685.824425,20.221,1.096,30,32,o,0,1.61,114.69768,-59.51688,10108.09,6782.5,3.35,2.83,-50.3,-0.36,18.3,18.87,03a59686o0263o
59685.833185,-19.422,0.598,-62,37,o,0,1.18,114.69768,-59.51688,836.8,6467.4,3.39,3.05,-39.0,-0.413,18.26,18.88,03a59686o0282o
59688.078613,-19.874,0.529,-41,22,o,0,0.84,114.69768,-59.51688,4913.1,344.23,2.05,1.95,64.4,-0.415,18.76,19.45,04a59688o0264o
59688.084072,-19.628,0.399,-51,20,o,0,0.93,114.69768,-59.51688,4929.1,382.48,1.99,1.92,64.6,-0.425,18.79,19.45,04a59688o0276o
59688.086781,-20.21,0.714,-30,21,o,0,1.02,114.69768,-59.51688,4865.09,303.65,2.05,1.98,60.2,-0.418,18.76,19.46,04a59688o0282o
59688.099513,-22.551,6.655,-4,23,o,0,0.7,114.69768,-59.51688,4835.51,419.52,2.02,1.99,34.4,-0.413,18.68,19.5,04a59688o0310o
59691.996355,-22.05,2.41,-6,13,o,0,1.14,114.69768,-59.51688,4833.89,6187.05,2.26,2.03,-73.1,-0.438,19.18,20.55,04a59692o0091o
59691.999573,-23.294,5.917,-2,10,o,0,2.04,114.69768,-59.51688,4850.78,6223.79,2.35,2.06,-76.8,-0.425,19.19,20.59,04a59692o0098o
59692.005055,-20.549,0.561,-22,12,o,0,1.25,114.69768,-59.51688,4791.17,6143.64,2.22,1.98,-77.5,-0.434,19.26,20.54,04a59692o0110o
59692.016488,-20.691,0.554,-19,11,o,0,1.55,114.69768,-59.51688,4765.45,6253.57,2.14,1.89,-82.2,-0.426,19.24,20.56,04a59692o0134o
59699.991338,-19.692,0.331,-48,16,o,0,0.92,114.69768,-59.51688,2100.86,2656.13,2.5,2.25,46.7,-0.428,19.06,20.43,04a59700o0091o
59699.994489,-20.724,0.881,-19,16,o,0,1.01,114.69768,-59.51688,2118.6,2693.15,2.42,2.06,50.7,-0.427,19.14,20.43,04a59700o0098o
59700.000672,20.733,0.813,18,15,o,0,1.08,114.69768,-59.51688,2053.6,2614.74,2.39,2.05,49.0,-0.425,19.13,20.41,04a59700o0111o
59700.010683,-22.023,2.268,-6,13,o,0,1.54,114.69768,-59.51688,2026.46,2728.55,2.32,1.99,50.8,-0.424,19.17,20.47,04a59700o0132o
59701.763455,19.729,0.242,47,11,o,0,1.41,114.69768,-59.51688,9156.39,4600.56,2.65,2.12,-57.6,-0.385,19.23,20.35,03a59702o0138o
59701.768575,-23.942,15.714,-1,15,o,0,0.78,114.69768,-59.51688,9174.83,4639.6,2.65,2.07,-55.9,-0.383,19.25,20.33,03a59702o0148o
59701.772125,20.055,0.494,34,17,o,0,0.7,114.69768,-59.51688,9118.72,4556.58,2.65,2.09,-55.6,-0.387,19.22,20.3,03a59702o0155o
59701.783822,21.644,1.696,8,14,o,0,0.99,114.69768,-59.51688,9095.2,4666.9,2.69,2.1,-54.4,-0.385,19.21,20.3,03a59702o0179o
59704.072938,22.527,2.71,4,10,o,0,1.83,114.69768,-59.51688,2038.48,2633.64,2.07,1.81,48.5,-0.424,19.34,20.72,04a59704o0016o
59704.076993,24.31,16.333,1,11,o,0,1.66,114.69768,-59.51688,2056.33,2671.67,2.08,1.81,47.9,-0.421,19.31,20.77,04a59704o0024o
59704.083041,20.97,0.794,15,12,o,0,1.18,114.69768,-59.51688,1991.7,2597.82,2.13,1.82,48.7,-0.416,19.24,20.53,04a59704o0037o
59704.096661,-20.654,0.679,-20,14,o,0,1.09,114.69768,-59.51688,1964.27,2719.24,2.18,1.88,46.4,-0.413,19.27,20.59,04a59704o0065o
59707.959246,-19.771,1.038,-45,46,o,0,0.83,114.69768,-59.51688,8401.33,6565.91,2.81,2.49,-14.0,-0.396,17.9,18.33,04a59708o0032o
59707.96221,21.399,3.395,10,34,o,0,1.4,114.69768,-59.51688,8418.54,6603.49,2.97,2.64,-19.5,-0.375,18.21,18.97,04a59708o0038o
59707.96983,20.863,1.308,16,21,o,0,0.97,114.69768,-59.51688,8358.41,6518.35,2.58,2.24,-14.6,-0.411,18.81,19.78,04a59708o0054o
59707.984931,22.618,6.278,3,20,o,0,0.93,114.69768,-59.51688,8329.64,6629.18,2.55,2.27,-17.5,-0.406,18.9,20.06,04a59708o0074o
59712.006936,16.826,0.562,676,379,o,0,1.12,114.69768,-59.51688,8369.54,6542.53,2.61,2.34,-21.1,-0.412,15.4,15.65,04a59712o0130o
59712.012206,17.034,0.904,558,504,o,0,0.85,114.69768,-59.51688,8384.91,6581.1,2.67,2.41,-25.8,-0.399,15.37,15.6,04a59712o0140o
59712.015747,-19.543,1.2,-55,66,o,0,1.24,114.69768,-59.51688,8326.2,6500.06,2.67,2.4,-24.0,-0.4,17.59,17.89,04a59712o0147o
59712.028036,-19.362,0.918,-65,60,o,0,1.11,114.69768,-59.51688,8299.43,6614.65,2.42,2.22,-27.1,-0.406,17.52,17.75,04a59712o0170o
59715.95438,19.54,0.904,56,50,o,0,1.16,114.69768,-59.51688,1819.79,8966.22,2.87,2.27,-73.4,-0.388,17.9,17.8,04a59716o0029o
59715.957573,-18.975,0.405,-93,38,o,0,1.12,114.69768,-59.51688,1836.2,9003.17,2.83,2.18,-74.7,-0.377,18.27,18.48,04a59716o0036o
59715.963942,-19.178,0.335,-77,26,o,0,1.31,114.69768,-59.51688,1778.62,8924.45,2.89,2.29,-78.0,-0.364,18.59,19.18,04a59716o0050o
59715.980028,-21.446,2.526,-10,24,o,0,1.27,114.69768,-59.51688,1752.67,9035.91,2.72,2.21,-79.6,-0.377,18.75,19.32,04a59716o0083o
59725.732429,21.057,0.78,14,11,o,0,1.46,114.69768,-59.51688,4697.15,6191.83,2.55,2.37,-56.8,-0.425,19.37,20.8,03a59726o0101o
59725.735729,-25.947,78.0,0,12,o,0,1.48,114.69768,-59.51688,4715.42,6230.5,2.57,2.34,-55.0,-0.434,19.39,20.8,03a59726o0108o
59725.741032,-21.543,1.29,-9,11,o,0,1.01,114.69768,-59.51688,4660.74,6151.32,2.45,2.27,-51.9,-0.442,19.42,20.82,03a59726o0119o
59725.753058,-22.855,4.421,-3,12,o,0,1.01,114.69768,-59.51688,4639.78,6264.85,2.42,2.23,-54.0,-0.44,19.41,20.8,03a59726o0144o
59733.736436,21.414,1.453,10,14,o,0,0.9,114.69768,-59.51688,2051.23,2622.31,2.48,2.36,-44.2,-0.429,19.24,20.44,03a59734o0108o
59733.740582,-22.003,2.73,-6,16,o,0,0.7,114.69768,-59.51688,2070.35,2660.23,2.5,2.36,-42.2,-0.42,19.24,20.43,03a59734o0117o
59733.746508,-20.291,0.53,-28,15,o,0,0.76,114.69768,-59.51688,2011.3,2584.15,2.46,2.34,-42.6,-0.427,19.2,20.45,03a59734o0130o
59733.756114,-20.899,0.881,-16,14,o,0,1.19,114.69768,-59.51688,1985.98,2697.41,2.53,2.35,-41.1,-0.409,19.2,20.4,03a59734o0151o
59743.981156,19.001,1.594,91,145,o,0,1.07,114.69768,-59.51688,3583.24,4136.2,2.44,2.35,78.5,-0.39,16.76,16.77,04a59744o0092o
59743.991986,17.241,0.695,461,321,o,0,1.54,114.69768,-59.51688,3538.42,4101.93,3.02,2.93,68.1,-0.343,15.73,15.77,04a59744o0115o
59744.002483,-17.368,1.33,-410,546,o,0,0.94,114.69768,-59.51688,3512.01,4221.69,2.61,2.56,61.7,-0.408,15.25,14.87,04a59744o0137o
59749.724901,22.027,3.037,6,17,o,0,1.23,114.69768,-59.51688,1617.4,8855.99,2.94,2.66,76.7,-0.42,18.98,20.36,03a59750o0090o
59749.728201,-20.765,0.966,-18,17,o,0,1.06,114.69768,-59.51688,1634.16,8892.06,2.87,2.64,81.0,-0.413,18.92,20.24,03a59750o0097o
59749.733625,-24.04,20.75,-1,18,o,0,1.1,114.69768,-59.51688,1582.91,8815.72,2.88,2.72,86.9,-0.411,18.96,20.33,03a59750o0108o
59749.744774,-22.715,6.267,-3,19,o,0,0.92,114.69768,-59.51688,1563.65,8932.28,2.84,2.62,79.0,-0.416,19.01,20.41,03a59750o0131o
59755.69589,-23.465,21.125,-2,32,c,0,0.96,114.69768,-59.51688,9113.59,4543.52,3.0,2.65,-58.4,-0.346,18.3,19.0,03a59756o0028c
59755.698974,20.493,0.841,23,19,c,0,1.34,114.69768,-59.51688,9131.32,4581.39,2.92,2.62,-55.3,-0.364,18.71,19.74,03a59756o0034c
59755.704908,-20.036,0.379,-35,13,c,0,1.55,114.69768,-59.51688,9073.98,4494.91,2.81,2.49,-60.7,-0.384,19.25,20.76,03a59756o0046c
59756.701682,21.161,1.574,12,20,c,0,0.84,114.69768,-59.51688,4890.02,341.63,2.82,2.63,-13.2,-0.351,19.03,20.11,03a59757o0040c
59756.710786,-21.715,1.19,-8,9,c,0,1.39,114.69768,-59.51688,4908.71,377.38,2.77,2.55,-20.2,-0.367,19.53,21.28,03a59757o0060c
59756.711241,22.083,2.0,5,11,c,0,0.8,114.69768,-59.51688,1058.41,10490.49,2.53,2.35,-25.1,-0.425,19.53,21.25,03a59757o0061c
59756.723842,-21.38,0.981,-10,10,c,0,1.02,114.69768,-59.51688,4846.41,298.56,2.86,2.7,-10.6,-0.356,19.56,21.54,03a59757o0088c
59756.727941,21.681,1.3,8,10,c,0,1.1,114.69768,-59.51688,4822.05,412.94,2.83,2.66,-15.7,-0.364,19.59,21.54,03a59757o0097c
59757.700106,20.591,0.941,21,20,c,0,1.18,114.69768,-59.51688,2010.67,2570.07,2.69,2.51,-10.6,-0.418,18.87,19.81,03a59758o0037c
59757.70742,19.991,0.319,37,12,c,0,1.45,114.69768,-59.51688,2029.42,2608.64,2.63,2.43,-6.6,-0.426,19.45,21.01,03a59758o0053c
59757.712407,21.021,0.675,14,10,c,0,1.42,114.69768,-59.51688,1970.5,2531.6,2.74,2.53,-10.4,-0.417,19.51,21.37,03a59758o0062c
59757.724702,21.168,0.701,12,9,c,0,1.4,114.69768,-59.51688,1946.01,2647.56,2.73,2.5,-4.8,-0.417,19.56,21.55,03a59758o0089c
59758.695514,-21.442,4.052,-10,39,c,0,0.97,114.69768,-59.51688,1617.02,8856.79,2.62,2.5,-25.8,-0.39,18.18,18.49,03a59759o0027c
59758.700993,21.616,2.511,8,21,c,0,0.82,114.69768,-59.51688,1629.65,8889.68,2.7,2.56,-18.9,-0.381,18.88,19.87,03a59759o0039c
59758.704214,-21.625,2.043,-8,17,c,0,0.89,114.69768,-59.51688,1578.57,8813.15,2.75,2.55,-20.5,-0.381,19.13,20.47,03a59759o0046c
59758.714254,-21.466,1.25,-9,12,c,0,0.86,114.69768,-59.51688,1558.06,8928.21,2.64,2.46,-17.7,-0.393,19.49,21.31,03a59759o0068c
59758.954156,-21.569,3.45,-9,30,c,0,1.05,114.69768,-59.51688,10124.61,2387.1,3.45,2.39,-25.0,-0.324,18.52,19.57,04a59759o0031c
59758.957063,-23.118,10.0,-2,20,c,0,1.21,114.69768,-59.51688,10143.18,2428.39,3.49,2.5,-24.7,-0.328,18.8,20.11,04a59759o0037c
59758.964705,22.735,5.0,3,15,c,0,1.1,114.69768,-59.51688,10079.98,2348.9,3.4,2.28,-24.6,-0.351,19.22,20.89,04a59759o0053c
59758.970837,20.444,0.5,24,12,c,0,0.99,114.69768,-59.51688,281.95,2339.57,3.33,2.08,36.8,-0.34,19.34,21.12,04a59759o0066c
59758.973804,22.521,3.6,4,13,c,0,1.07,114.69768,-59.51688,301.28,2379.43,3.37,2.05,36.5,-0.344,19.39,21.13,04a59759o0072c
59758.975688,-21.215,1.088,-12,13,c,0,1.27,114.69768,-59.51688,10053.37,2467.98,3.37,2.25,-24.0,-0.36,19.28,21.04,04a59759o0076c
59758.980483,-20.093,0.356,-33,12,c,0,1.27,114.69768,-59.51688,237.25,2309.04,3.35,2.0,38.3,-0.347,19.41,21.1,04a59759o0086c
59758.990393,-21.436,1.345,-10,13,c,0,1.21,114.69768,-59.51688,212.49,2432.27,3.39,1.97,37.6,-0.337,19.37,21.09,04a59759o0107c
59759.953238,21.148,2.014,13,25,c,0,1.47,114.69768,-59.51688,3571.14,4141.06,2.68,2.52,63.5,-0.385,18.4,19.44,04a59760o0002c
59759.959544,-23.265,8.231,-2,15,c,0,0.83,114.69768,-59.51688,3588.84,4181.07,2.34,2.28,68.3,-0.362,19.06,20.54,04a59760o0016c
59759.964064,-21.899,2.07,-6,13,c,0,1.05,114.69768,-59.51688,3528.56,4106.58,2.42,2.32,55.2,-0.363,19.15,20.82,04a59760o0026c
59759.974916,-22.649,3.833,-3,12,c,0,1.11,114.69768,-59.51688,3504.55,4227.03,2.28,2.16,51.2,-0.371,19.26,20.99,04a59760o0050c
59760.953426,-19.079,0.437,-85,37,c,0,1.16,114.69768,-59.51688,9123.73,8624.94,3.47,3.05,-60.2,-0.321,18.08,19.13,04a59761o0029c
59760.956751,20.906,1.86,16,29,c,0,0.92,114.69768,-59.51688,9141.91,8666.2,3.5,3.11,-60.6,-0.317,18.53,19.82,04a59761o0036c
59760.960052,-20.642,1.212,-20,24,c,0,1.02,114.69768,-59.51688,40.97,8675.08,3.36,2.98,85.5,-0.29,18.95,20.55,04a59761o0043c
59760.96241,-20.758,0.79,-18,14,c,0,1.3,114.69768,-59.51688,9084.73,8586.71,3.13,2.74,-59.6,-0.336,19.06,20.7,04a59761o0048c
59760.963761,19.27,0.377,71,27,c,0,0.89,114.69768,-59.51688,57.81,8714.62,3.24,2.85,80.7,-0.292,19.18,20.92,04a59761o0051c
59760.972834,24.731,30.0,0,14,c,0,1.04,114.69768,-59.51688,9063.07,8706.2,3.21,2.78,-64.3,-0.322,19.2,21.09,04a59761o0070c
59765.698696,19.451,1.623,60,98,o,0,1.01,114.69768,-59.51688,2900.24,10384.19,3.34,2.95,-42.2,-0.322,17.09,16.88,03a59766o0029o
59765.702047,19.536,1.125,56,63,o,0,0.96,114.69768,-59.51688,2918.15,10423.04,3.11,2.68,-44.8,-0.37,17.73,17.76,03a59766o0036o
59804.38759,-19.883,0.707,-40,29,o,0,1.0,114.69768,-59.51688,5372.54,6052.88,2.2,2.04,-75.2,-0.375,18.25,18.91,04a59804o0928o
59804.39042,-23.579,24.6,-1,33,o,0,0.95,114.69768,-59.51688,5353.19,6014.79,2.35,2.21,-69.2,-0.352,18.27,18.95,04a59804o0934o
59804.39684,20.044,0.699,35,24,o,0,1.3,114.69768,-59.51688,5409.72,6092.71,2.14,1.95,-74.8,-0.384,18.38,19.05,04a59804o0948o
59804.414999,-21.301,2.327,-11,26,o,0,0.77,114.69768,-59.51688,5424.83,5978.07,2.03,1.79,-73.9,-0.399,18.53,19.13,04a59804o0987o
59826.103756,20.919,0.811,16,13,o,0,1.24,114.69768,-59.51688,7645.59,10092.86,2.91,2.33,-34.2,-0.398,19.3,20.69,03a59826o0838o
59826.106941,25.064,34.5,0,12,o,0,1.38,114.69768,-59.51688,7626.33,10050.28,2.87,2.33,-34.6,-0.398,19.33,20.64,03a59826o0845o
59826.121881,-20.747,0.633,-18,12,o,0,1.82,114.69768,-59.51688,7685.24,10125.9,2.84,2.31,-31.2,-0.398,19.29,20.65,03a59826o0877o
59826.125047,21.365,1.262,10,13,o,0,1.05,114.69768,-59.51688,7708.23,10007.61,2.85,2.35,-34.5,-0.394,19.33,20.65,03a59826o0884o
59846.121328,-22.325,4.0,-4,17,c,0,0.98,114.69768,-59.51688,1695.74,9701.01,2.63,2.35,-47.4,-0.395,19.09,20.93,03a59846o0610c
59846.13543,-17.654,0.283,-315,89,c,0,1.37,114.69768,-59.51688,1672.41,9656.05,2.63,2.3,-45.0,-0.391,16.95,18.53,03a59846o0640c
59852.318072,21.353,1.134,10,12,o,0,0.79,114.69768,-59.51688,361.89,4043.93,2.28,1.75,45.6,-0.401,19.47,20.82,04a59852o0743o
59852.32502,22.791,3.56,3,10,o,0,1.12,114.69768,-59.51688,344.42,4004.66,2.31,1.79,46.7,-0.402,19.5,20.93,04a59852o0758o
59852.327751,19.966,0.305,38,11,o,0,0.92,114.69768,-59.51688,404.25,4087.01,2.2,1.74,49.1,-0.411,19.52,20.87,04a59852o0764o
59852.338493,20.868,0.738,16,12,o,0,1.16,114.69768,-59.51688,9678.01,4079.91,2.45,1.9,-21.6,-0.434,19.44,20.78,04a59852o0787o
59852.339394,21.14,0.903,13,12,o,0,1.15,114.69768,-59.51688,425.98,3971.9,2.3,1.84,46.7,-0.405,19.48,20.92,04a59852o0789o
59852.342387,21.383,1.013,10,10,o,0,1.93,114.69768,-59.51688,9659.68,4043.17,2.42,1.8,-21.4,-0.45,19.47,20.79,04a59852o0795o
59852.368307,-20.771,0.559,-18,10,o,0,1.36,114.69768,-59.51688,9728.91,4123.19,2.49,1.82,-21.5,-0.441,19.51,20.89,04a59852o0850o
59852.383692,-20.426,0.609,-24,15,o,0,1.1,114.69768,-59.51688,9757.57,4008.97,2.45,1.77,-21.4,-0.45,19.42,20.62,04a59852o0883o
59854.098597,-21.646,0.953,-8,8,c,0,1.51,114.69768,-59.51688,8845.71,6288.4,2.42,2.12,-56.0,-0.389,19.69,21.46,03a59854o0789c
59854.102737,21.283,0.833,11,9,c,0,1.14,114.69768,-59.51688,8828.46,6248.35,2.4,2.13,-55.6,-0.388,19.7,21.48,03a59854o0798c
59854.120896,23.585,6.0,1,8,c,0,1.42,114.69768,-59.51688,8885.28,6319.87,2.45,2.26,-58.4,-0.387,19.65,21.51,03a59854o0837c
59854.135083,-21.105,0.98,-13,13,c,0,0.82,114.69768,-59.51688,8902.48,6208.68,2.52,2.25,-60.7,-0.374,19.19,20.34,03a59854o0867c
59856.356638,-20.351,0.418,-26,11,o,0,1.06,114.69768,-59.51688,388.55,4050.97,2.5,2.06,46.7,-0.379,19.46,21.02,04a59856o0806o
59856.360696,-20.886,0.696,-16,11,o,0,1.05,114.69768,-59.51688,371.6,4011.17,2.64,2.1,50.9,-0.37,19.43,21.0,04a59856o0815o
59856.373228,-20.451,0.451,-24,11,o,0,1.26,114.69768,-59.51688,437.33,4099.31,2.57,2.1,45.5,-0.376,19.37,20.95,04a59856o0842o
59856.38107,-21.247,1.141,-12,13,o,0,1.55,114.69768,-59.51688,464.39,3983.57,2.65,2.22,46.9,-0.365,19.15,20.5,04a59856o0858o
59856.389422,-19.619,0.647,-52,33,o,0,0.97,114.69768,-59.51688,432.43,4042.56,2.71,2.21,54.2,-0.363,18.38,18.92,04a59856o0876o
59858.084764,-19.544,0.522,-55,29,o,0,1.47,114.69768,-59.51688,3274.32,1853.07,2.34,2.16,-54.7,-0.402,18.38,19.28,03a59858o0751o
59858.087948,-20.785,0.818,-18,14,o,0,0.82,114.69768,-59.51688,3256.57,1812.43,2.36,2.17,-54.9,-0.398,19.27,20.41,03a59858o0758o
59858.107453,-20.86,0.702,-16,12,o,0,1.08,114.69768,-59.51688,3311.7,1889.57,2.24,2.06,-53.7,-0.414,19.36,20.56,03a59858o0800o
59858.117175,-20.509,0.5,-23,11,o,0,1.24,114.69768,-59.51688,3331.29,1776.61,2.32,2.11,-56.0,-0.404,19.33,20.5,03a59858o0820o
59866.039431,20.757,1.091,18,20,o,0,1.96,114.69768,-59.51688,5104.77,1842.97,2.33,2.05,-54.6,-0.418,18.69,19.37,03a59866o0659o
59866.043056,-24.545,49.667,-1,27,o,0,1.13,114.69768,-59.51688,5087.95,1803.09,2.52,2.35,-43.3,-0.42,18.46,19.24,03a59866o0667o
59866.049167,19.782,0.771,44,34,o,0,1.06,114.69768,-59.51688,5143.24,1879.72,2.33,2.12,-50.5,-0.418,18.1,18.68,03a59866o0680o
59866.05434,19.804,1.264,44,55,o,0,1.07,114.69768,-59.51688,5164.55,1763.11,2.29,2.07,-51.1,-0.424,17.93,18.4,03a59866o0691o
59868.249624,-20.343,0.559,-26,15,o,0,0.78,114.69768,-59.51688,1424.27,6145.31,2.21,1.87,78.5,-0.393,19.22,20.33,04a59868o0512o
59868.25281,21.158,1.186,12,15,o,0,0.87,114.69768,-59.51688,1404.38,6105.41,2.19,1.89,81.4,-0.387,19.26,20.34,04a59868o0519o
59868.258316,23.633,10.545,1,14,o,0,1.15,114.69768,-59.51688,1463.86,6186.96,2.25,1.92,77.8,-0.39,19.2,20.31,04a59868o0531o
59868.279589,21.947,1.836,6,11,o,0,1.15,114.69768,-59.51688,1488.56,6073.65,2.09,1.77,84.2,-0.401,19.28,20.39,04a59868o0577o
59870.0695,-19.993,0.401,-36,15,o,0,1.58,114.69768,-59.51688,5102.76,1836.45,2.6,2.42,-59.6,-0.41,18.99,20.19,03a59870o0719o
59870.072672,-20.878,0.955,-16,15,o,0,1.12,114.69768,-59.51688,5085.48,1796.8,2.67,2.47,-49.7,-0.415,19.03,20.26,03a59870o0726o
59870.105491,-19.931,1.066,-39,41,o,0,1.22,114.69768,-59.51688,5135.67,1878.31,2.29,2.15,-55.4,-0.424,17.98,18.76,03a59870o0745o
59870.113318,20.491,1.039,23,24,o,0,1.06,114.69768,-59.51688,5156.67,1763.36,2.25,2.15,-51.4,-0.422,18.65,19.56,03a59870o0761o
59872.343652,-21.837,1.891,-7,13,o,0,1.01,114.69768,-59.51688,1476.18,6170.69,2.37,2.05,77.9,-0.372,19.41,20.77,04a59872o0686o
59872.347706,-23.358,7.067,-2,12,o,0,1.31,114.69768,-59.51688,1459.14,6130.85,2.25,1.93,82.8,-0.381,19.42,20.76,04a59872o0695o
59874.048609,-18.273,0.689,-178,123,o,0,1.04,114.69768,-59.51688,9713.41,9936.79,3.48,2.86,-42.6,-0.429,17.24,18.53,03a59874o0658o
59874.051405,-15.608,0.848,-2074,1759,o,0,1.37,114.69768,-59.51688,9691.32,9902.73,3.82,3.37,-37.9,-0.533,14.01,15.59,03a59874o0664o
59880.232889,21.653,1.164,8,9,c,0,1.09,114.69768,-59.51688,3390.71,6134.75,2.52,2.23,89.9,-0.337,19.44,21.47,04a59880o0527c
59880.252383,-21.705,1.179,-8,9,c,0,1.36,114.69768,-59.51688,3374.27,6098.18,2.23,1.95,-84.7,-0.367,19.65,21.56,04a59880o0568c
59880.255554,-22.176,1.467,-5,7,c,0,1.59,114.69768,-59.51688,3433.49,6177.32,2.18,1.91,-85.5,-0.373,19.66,21.57,04a59880o0575c
59880.275192,-22.112,1.478,-5,8,c,0,1.63,114.69768,-59.51688,3459.75,6067.37,2.24,1.97,-86.5,-0.366,19.63,21.59,04a59880o0617c
59881.961767,-19.878,0.371,-41,15,o,0,0.96,114.69768,-59.51688,254.77,3850.14,2.71,2.22,-70.4,-0.373,19.32,20.59,03a59882o0476o
59881.964966,-20.396,0.509,-25,13,o,0,0.97,114.69768,-59.51688,236.24,3808.75,2.69,2.17,-71.5,-0.384,19.34,20.58,03a59882o0483o
59881.991976,20.303,1.187,28,33,o,0,1.08,114.69768,-59.51688,293.17,3880.71,2.62,2.14,-69.6,-0.375,18.28,19.45,03a59882o0541o
59882.020242,19.926,0.779,39,30,o,0,1.21,114.69768,-59.51688,315.58,3757.28,2.62,2.24,-69.2,-0.377,18.44,19.69,03a59882o0601o
59882.034935,-21.206,2.0,-12,24,o,0,1.0,114.69768,-59.51688,9549.31,4136.81,2.51,2.11,-56.9,-0.384,18.5,19.77,03a59882o0632o
59882.059865,19.747,0.431,46,20,o,0,1.39,114.69768,-59.51688,9531.27,4094.17,2.42,2.05,-56.0,-0.389,18.67,19.8,03a59882o0684o
59882.063047,-20.216,0.675,-30,20,o,0,0.7,114.69768,-59.51688,9587.69,4168.56,2.39,1.98,-58.4,-0.385,18.97,20.09,03a59882o0691o
59882.068517,21.287,2.025,11,22,o,0,1.54,114.69768,-59.51688,9609.45,4054.43,2.55,2.14,-56.5,-0.383,18.53,19.78,03a59882o0703o
59884.249882,-20.506,0.479,-23,11,c,0,1.04,114.69768,-59.51688,5790.22,10243.84,2.98,2.1,-80.2,-0.348,19.55,21.29,04a59884o0548c
59884.253045,-21.517,1.017,-9,9,c,0,1.56,114.69768,-59.51688,5769.14,10205.84,3.02,2.02,-76.5,-0.358,19.56,21.3,04a59884o0555c
59884.275993,22.111,1.656,5,9,c,0,1.74,114.69768,-59.51688,5838.29,10295.63,2.97,2.27,-78.7,-0.332,19.57,21.27,04a59884o0605c
59884.297982,-24.165,12.8,-1,10,c,0,1.47,114.69768,-59.51688,5872.88,10178.45,2.98,2.21,-78.7,-0.327,19.56,21.26,04a59884o0652c
59894.056735,-20.497,0.855,-23,20,o,0,0.98,114.69768,-59.51688,4317.85,8079.45,2.89,2.5,-44.6,-0.354,18.86,19.73,03a59894o0666o
59894.059468,-20.033,0.539,-35,19,o,0,1.09,114.69768,-59.51688,4299.21,8042.72,2.72,2.4,-46.1,-0.373,18.9,19.74,03a59894o0672o
59894.064543,23.57,12.75,1,17,o,0,1.62,114.69768,-59.51688,4354.04,8125.36,2.86,2.43,-45.5,-0.359,18.85,19.75,03a59894o0683o
59894.074285,20.326,0.598,27,16,o,0,1.41,114.69768,-59.51688,4377.67,8008.63,2.68,2.41,-41.9,-0.37,18.89,19.74,03a59894o0703o
59896.295725,22.18,2.744,5,13,o,0,1.06,114.69768,-59.51688,5903.83,4445.85,2.18,1.96,-24.7,-0.402,19.1,20.23,04a59896o0172o
59896.298897,-20.999,0.86,-14,12,o,0,1.3,114.69768,-59.51688,5887.07,4407.79,2.15,1.95,-27.7,-0.411,19.1,20.24,04a59896o0179o
59896.304309,-20.172,0.437,-31,14,o,0,1.2,114.69768,-59.51688,5948.28,4486.04,2.17,2.0,-21.6,-0.403,19.08,20.2,04a59896o0191o
59896.328394,-21.452,1.338,-10,13,o,0,1.44,114.69768,-59.51688,5990.1,4374.87,2.29,2.1,-6.0,-0.387,19.06,20.2,04a59896o0241o
59898.019018,21.274,1.23,11,14,o,0,1.14,114.69768,-59.51688,1246.73,5951.24,2.58,2.26,-63.7,-0.407,19.27,20.5,03a59898o0560o
59898.021747,19.942,0.355,38,14,o,0,0.92,114.69768,-59.51688,1229.19,5909.1,2.4,2.07,-60.0,-0.419,19.38,20.5,03a59898o0566o
59898.029173,-21.641,1.783,-8,14,o,0,0.94,114.69768,-59.51688,1283.03,5990.64,2.46,2.09,-59.4,-0.412,19.34,20.47,03a59898o0581o
59898.038836,22.154,2.806,5,14,o,0,1.2,114.69768,-59.51688,1304.33,5875.02,2.46,2.18,-58.2,-0.405,19.3,20.44,03a59898o0602o
59900.270128,-20.901,0.811,-16,13,o,0,1.38,114.69768,-59.51688,8639.98,7939.64,2.32,2.06,-37.4,-0.444,19.44,20.66,04a59900o0571o
59900.278756,20.779,0.889,18,16,o,0,0.93,114.69768,-59.51688,8626.41,7904.47,2.4,2.08,-44.4,-0.437,19.41,20.66,04a59900o0589o
59900.28152,-20.543,0.509,-22,11,o,0,1.25,114.69768,-59.51688,8688.31,7982.74,2.42,2.06,-34.8,-0.433,19.38,20.58,04a59900o0595o
59900.30795,-23.835,13.286,-1,14,o,0,1.5,114.69768,-59.51688,8731.58,7872.95,2.38,2.05,-22.3,-0.444,19.41,20.63,04a59900o0652o
59904.262431,-22.628,3.0,-3,10,o,0,1.56,114.69768,-59.51688,8642.19,7945.25,2.45,2.13,-31.2,-0.44,19.53,21.12,04a59904o0566o
59904.264683,-21.026,0.765,-14,11,o,0,0.94,114.69768,-59.51688,8623.37,7907.54,2.47,2.15,-36.0,-0.432,19.52,21.1,04a59904o0571o
59904.267835,21.102,0.924,13,12,o,0,0.79,114.69768,-59.51688,8684.72,7982.93,2.44,2.19,-35.3,-0.43,19.56,21.09,04a59904o0578o
59904.292693,22.898,3.937,2,10,o,0,1.77,114.69768,-59.51688,8731.36,7874.93,2.44,2.14,-23.8,-0.449,19.54,21.09,04a59904o0632o
59904.359184,20.499,1.372,23,32,o,0,0.87,114.69768,-59.51688,8763.03,7949.07,2.5,2.17,-22.4,-0.399,18.43,18.86,04a59904o0771o
59906.039397,22.426,2.029,4,8,c,0,0.73,114.69768,-59.51688,3205.08,5992.98,2.34,2.07,-49.2,-0.387,19.82,21.75,03a59906o0611c
59906.041651,-21.285,0.747,-11,8,c,0,0.83,114.69768,-59.51688,3186.35,5953.79,2.57,2.23,-57.8,-0.381,19.77,21.76,03a59906o0616c
59906.067093,21.432,0.805,10,8,c,0,0.99,114.69768,-59.51688,3237.92,6031.91,2.29,2.09,-60.5,-0.381,19.84,21.8,03a59906o0670c
59906.080868,20.729,0.417,19,8,c,0,1.2,114.69768,-59.51688,3258.61,5916.97,2.27,2.09,-51.6,-0.379,19.83,21.75,03a59906o0699c
59908.31571,21.128,0.698,13,9,o,0,0.98,114.69768,-59.51688,2379.81,4095.6,1.91,1.74,56.9,-0.419,19.5,20.86,04a59908o0659o
59908.330164,-21.863,2.0,-6,13,o,0,0.86,114.69768,-59.51688,8481.91,6640.48,2.22,1.92,-34.8,-0.452,19.51,20.85,04a59908o0688o
59908.33335,22.509,3.571,4,13,o,0,0.85,114.69768,-59.51688,8423.7,6557.11,2.22,1.87,-31.2,-0.459,19.49,20.84,04a59908o0695o
59908.346887,20.432,0.546,24,13,o,0,1.5,114.69768,-59.51688,8399.39,6661.63,2.25,1.92,-36.1,-0.445,19.35,20.5,04a59908o0724o
59908.355345,-22.217,4.472,-5,21,o,0,1.23,114.69768,-59.51688,8436.07,6598.0,2.19,1.91,-27.8,-0.455,18.86,19.43,04a59908o0742o
59912.281582,20.579,0.438,21,9,o,0,0.97,114.69768,-59.51688,2355.95,4089.95,2.06,1.85,66.1,-0.412,19.51,20.99,04a59912o0591o
59912.283832,22.12,1.769,5,9,o,0,1.24,114.69768,-59.51688,2339.87,4050.98,1.99,1.86,55.4,-0.417,19.51,21.0,04a59912o0596o
59912.307234,20.145,0.299,32,10,o,0,0.83,114.69768,-59.51688,2421.6,4135.52,1.96,1.79,54.2,-0.417,19.51,21.01,04a59912o0646o
59912.317292,21.067,0.617,14,8,o,0,1.1,114.69768,-59.51688,2455.82,4025.01,1.87,1.75,52.3,-0.422,19.58,21.04,04a59912o0668o
59913.99265,21.322,0.845,11,9,c,0,1.28,114.69768,-59.51688,5466.55,10153.46,2.69,2.37,-49.9,-0.371,19.73,21.61,03a59914o0487c
59913.994453,20.159,0.305,31,10,c,0,0.99,114.69768,-59.51688,5446.92,10113.46,2.67,2.33,-50.7,-0.372,19.74,21.61,03a59914o0491c
59913.998606,23.72,6.875,1,8,c,0,1.47,114.69768,-59.51688,5505.85,10192.53,2.7,2.32,-50.9,-0.372,19.75,21.63,03a59914o0500c
59914.020864,21.811,1.333,7,9,c,0,1.08,114.69768,-59.51688,5522.82,10075.56,2.73,2.37,-53.5,-0.372,19.73,21.63,03a59914o0546c
59916.2573,-20.916,1.068,-16,17,o,0,1.33,114.69768,-59.51688,8886.95,1627.88,2.73,1.94,-25.7,-0.392,19.17,20.14,04a59916o0528o
59916.262479,-25.957,118.0,0,18,o,0,1.03,114.69768,-59.51688,8872.25,1594.84,2.8,1.99,-25.7,-0.384,19.14,20.22,04a59916o0539o
59916.265206,20.065,0.555,34,19,o,0,1.28,114.69768,-59.51688,8931.67,1671.67,2.8,1.96,-23.5,-0.412,19.19,20.24,04a59916o0545o
59916.287833,-19.779,0.36,-44,16,o,0,1.07,114.69768,-59.51688,8975.64,1558.11,2.64,2.02,-18.0,-0.416,19.45,20.8,04a59916o0593o
59920.269632,19.514,0.392,57,22,o,0,1.25,114.69768,-59.51688,8907.28,1637.61,2.83,2.09,-21.3,-0.37,18.75,19.35,04a59920o0548o
59920.272797,-22.254,6.04,-5,28,o,0,1.01,114.69768,-59.51688,8892.1,1600.1,2.87,2.06,-23.6,-0.371,18.76,19.34,04a59920o0555o
59920.296143,-22.058,4.171,-6,23,o,0,0.96,114.69768,-59.51688,8973.59,1679.32,2.76,2.13,-18.3,-0.379,18.8,19.4,04a59920o0605o
59920.306761,20.302,0.714,28,20,o,0,1.34,114.69768,-59.51688,1832.73,9096.7,2.62,1.8,-77.4,-0.382,18.81,19.39,04a59920o0621o
59922.016349,-20.208,3.195,-30,96,o,0,1.34,114.69768,-59.51688,5698.15,4353.91,2.37,2.08,-54.6,-0.421,17.4,17.95,03a59922o0544o
59922.018609,-19.174,1.254,-78,97,o,0,1.1,114.69768,-59.51688,5680.36,4314.44,2.26,1.98,-55.7,-0.42,17.65,18.84,03a59922o0549o
59922.021805,19.622,0.438,51,22,o,0,1.14,114.69768,-59.51688,5736.66,4392.19,2.19,1.92,-52.3,-0.432,18.75,19.15,03a59922o0556o
59924.279943,21.128,2.123,13,27,o,0,0.99,114.69768,-59.51688,10288.3,2457.55,2.77,1.9,-21.2,-0.406,18.9,19.56,04a59924o0575o
59924.287569,-20.735,1.176,-18,22,o,0,1.16,114.69768,-59.51688,10308.22,2492.62,2.73,2.18,-15.7,-0.391,18.83,19.55,04a59924o0590o
59924.290763,-19.772,0.491,-45,22,o,0,0.99,114.69768,-59.51688,10244.94,2406.86,2.85,2.17,-21.2,-0.38,18.82,19.53,04a59924o0597o
59924.301384,20.135,0.805,32,26,o,0,1.25,114.69768,-59.51688,10217.62,2514.48,2.84,2.31,-16.7,-0.384,18.73,19.45,04a59924o0619o
59924.32386,19.696,0.408,48,20,o,0,1.03,114.69768,-59.51688,424.56,2381.2,2.43,1.76,41.1,-0.435,18.87,19.53,04a59924o0667o
59924.329911,-20.899,1.504,-16,24,o,0,0.9,114.69768,-59.51688,441.45,2413.89,2.35,1.82,40.0,-0.457,18.83,19.55,04a59924o0679o
59924.333064,19.726,0.411,47,19,o,0,1.78,114.69768,-59.51688,377.2,2335.82,2.46,1.76,41.6,-0.429,18.87,19.53,04a59924o0686o
59924.343007,19.634,0.5,51,25,o,0,1.08,114.69768,-59.51688,352.6,2446.63,2.28,1.8,41.0,-0.457,18.77,19.38,04a59924o0706o
59928.277575,20.166,0.438,31,14,o,0,1.43,114.69768,-59.51688,10289.69,2449.14,2.76,1.91,-23.3,-0.421,19.37,20.45,04a59928o0548o
59928.289463,-20.679,0.719,-19,14,o,0,1.63,114.69768,-59.51688,10304.57,2480.56,2.62,2.02,-18.7,-0.408,19.31,20.44,04a59928o0573o
59928.31332,-22.851,6.294,-3,16,o,0,0.66,114.69768,-59.51688,10233.12,2380.94,2.64,2.21,-13.5,-0.396,19.29,20.45,04a59928o0625o
59928.315122,-25.011,33.333,0,12,o,0,1.26,114.69768,-59.51688,430.29,2375.31,2.13,1.79,43.7,-0.476,19.29,20.44,04a59928o0629o
59928.338031,-20.347,0.486,-26,13,o,0,1.61,114.69768,-59.51688,10194.03,2484.55,2.63,2.04,-20.1,-0.397,19.29,20.42,04a59928o0679o
59928.339888,-22.855,4.091,-3,11,o,0,2.48,114.69768,-59.51688,435.86,2394.46,2.19,1.73,40.9,-0.471,19.29,20.31,04a59928o0683o
59928.343081,20.044,0.453,35,16,o,0,1.28,114.69768,-59.51688,371.24,2317.18,2.3,1.79,41.9,-0.459,19.22,20.2,04a59928o0690o
59928.355318,-20.439,1.015,-24,25,o,0,1.39,114.69768,-59.51688,343.88,2431.14,2.41,1.75,42.7,-0.426,18.54,18.8,04a59928o0716o
59932.234104,-21.466,1.13,-9,11,c,0,1.0,114.69768,-59.51688,3768.62,10356.66,2.96,2.33,-74.9,-0.373,19.63,21.66,04a59932o0466c
59932.252901,-21.102,0.744,-13,10,c,0,0.98,114.69768,-59.51688,3768.28,10319.83,2.92,2.28,-75.6,-0.374,19.65,21.67,04a59932o0506c
59932.254708,-21.006,0.674,-14,10,c,0,0.96,114.69768,-59.51688,3833.47,10400.41,2.89,2.27,-76.7,-0.371,19.65,21.67,04a59932o0510c
59932.257889,-22.421,2.043,-4,8,c,0,1.7,114.69768,-59.51688,3858.88,10283.68,2.93,2.29,-77.6,-0.369,19.63,21.68,04a59932o0517c
59932.274125,-21.258,0.835,-11,10,c,0,1.16,114.69768,-59.51688,7089.03,348.02,2.55,2.17,-15.3,-0.387,19.69,21.63,04a59932o0551c
59932.346884,-20.448,0.91,-24,22,o,0,1.36,114.69768,-59.51688,3179.1,10471.59,2.72,1.76,-75.8,-0.425,19.17,20.19,04a59932o0690o
59932.349708,19.661,0.584,50,29,o,0,1.02,114.69768,-59.51688,3196.58,10507.13,2.69,1.8,-75.1,-0.413,19.03,19.81,04a59932o0696o
59932.352554,-20.841,1.216,-17,20,o,0,1.85,114.69768,-59.51688,3141.77,10428.5,2.74,1.76,-76.1,-0.423,18.76,19.32,04a59932o0702o
59932.357196,-19.181,0.79,-77,61,o,0,0.85,114.69768,-59.51688,3153.89,10482.99,2.77,1.81,-75.4,-0.405,18.22,18.26,04a59932o0712o
59936.229495,-22.221,1.893,-5,9,c,0,1.19,114.69768,-59.51688,3771.51,10356.36,2.93,2.31,-76.5,-0.377,19.74,21.77,04a59936o0453c
59936.231308,-21.598,0.769,-8,6,c,0,1.91,114.69768,-59.51688,3752.88,10316.35,2.86,2.26,-79.5,-0.378,19.75,21.79,04a59936o0457c
59936.23311,21.871,1.622,6,10,c,0,0.78,114.69768,-59.51688,7585.9,132.0,2.99,2.43,-19.4,-0.342,19.74,21.78,04a59936o0461c
59936.234912,-20.589,0.41,-21,9,c,0,1.03,114.69768,-59.51688,3819.97,10397.18,2.97,2.36,-78.3,-0.37,19.73,21.76,04a59936o0465c
59936.236263,-20.234,0.434,-29,13,c,0,0.95,114.69768,-59.51688,7571.26,93.88,2.96,2.45,-17.3,-0.342,19.72,21.81,04a59936o0468c
59936.252625,-21.097,0.721,-13,10,c,0,1.17,114.69768,-59.51688,3863.64,10285.74,2.79,2.21,-79.9,-0.386,19.75,21.71,04a59936o0503c
59936.253527,-21.491,1.017,-9,9,c,0,1.09,114.69768,-59.51688,7643.65,175.94,2.76,2.33,-15.4,-0.367,19.76,21.71,04a59936o0505c
59936.25816,-20.737,0.835,-18,15,c,0,1.08,114.69768,-59.51688,7668.14,57.75,2.89,2.42,-15.4,-0.351,19.74,21.67,04a59936o0515c
59938.031162,-19.988,0.828,-37,30,o,0,1.1,114.69768,-59.51688,9960.91,2789.63,2.4,2.09,-59.2,-0.387,18.47,19.86,03a59938o0433o
59938.034333,23.963,22.25,1,21,o,0,1.01,114.69768,-59.51688,9905.9,2696.14,2.32,2.08,-67.5,-0.393,18.71,20.11,03a59938o0440o
59938.039779,-21.36,1.169,-10,12,o,0,0.78,114.69768,-59.51688,9882.64,2795.71,2.44,2.1,-62.6,-0.394,19.3,20.89,03a59938o0452o
59938.067348,-20.911,0.768,-16,12,o,0,1.25,114.69768,-59.51688,634.3,2420.0,2.49,2.09,-75.2,-0.392,19.35,20.8,03a59938o0511o
59938.071,24.187,18.0,1,14,o,0,1.69,114.69768,-59.51688,652.02,2446.46,2.43,2.06,-76.4,-0.389,19.12,20.52,03a59938o0519o
59938.079251,-22.886,5.615,-2,14,o,0,1.6,114.69768,-59.51688,595.89,2346.76,2.56,2.14,-75.9,-0.384,19.11,20.53,03a59938o0537o
59938.089119,-20.355,3.312,-26,87,o,0,1.1,114.69768,-59.51688,579.16,2438.96,2.52,2.09,-78.0,-0.375,17.45,18.51,03a59938o0558o
59940.270747,-22.003,1.283,-6,7,c,0,1.15,114.69768,-59.51688,3707.55,4186.41,1.98,1.86,-87.6,-0.392,19.73,21.7,04a59940o0537c
59940.275899,21.551,0.802,9,7,c,0,1.67,114.69768,-59.51688,3724.32,4219.97,2.02,1.95,83.5,-0.385,19.71,21.73,04a59940o0548c
59940.286968,-21.473,0.938,-9,9,c,0,1.07,114.69768,-59.51688,3658.26,4136.15,1.99,1.88,80.8,-0.387,19.71,21.71,04a59940o0570c
59940.293854,-22.488,2.0,-4,7,c,0,1.36,114.69768,-59.51688,3636.55,4248.96,1.95,1.87,76.1,-0.388,19.77,21.73,04a59940o0584c
59941.982975,-20.559,0.514,-22,11,o,0,1.17,114.69768,-59.51688,9959.45,2843.83,2.54,2.31,-62.4,-0.377,19.41,20.92,03a59942o0455o
59942.015718,-20.237,0.286,-29,8,o,0,1.59,114.69768,-59.51688,9958.38,2803.8,2.51,2.08,-62.7,-0.381,19.44,20.85,03a59942o0526o
59942.017539,-20.551,0.51,-22,11,o,0,0.97,114.69768,-59.51688,647.71,2525.18,2.61,2.2,-71.0,-0.395,19.4,20.87,03a59942o0530o
59942.066424,-19.969,0.287,-37,11,o,0,1.37,114.69768,-59.51688,9917.24,2582.35,2.53,2.19,-61.1,-0.381,19.33,20.77,03a59942o0573o
59942.066874,-20.351,0.5,-26,13,o,0,1.01,114.69768,-59.51688,656.36,2432.09,2.6,2.33,-75.1,-0.39,19.34,20.8,03a59942o0574o
59942.091217,-22.02,2.581,-6,15,o,0,1.19,114.69768,-59.51688,9916.75,2640.07,2.59,2.0,-56.8,-0.38,19.1,20.08,03a59942o0625o
59942.094468,-20.347,0.646,-26,17,o,0,1.38,114.69768,-59.51688,610.34,2285.63,2.51,2.16,-79.2,-0.38,18.96,19.79,03a59942o0630o
59942.09773,-19.704,0.467,-48,22,o,0,0.93,114.69768,-59.51688,589.25,2390.58,2.53,2.13,-74.8,-0.376,18.77,19.32,03a59942o0637o
59944.268493,-20.959,0.559,-15,8,c,0,1.35,114.69768,-59.51688,3702.99,4181.63,2.43,2.34,75.0,-0.368,19.5,21.68,04a59944o0517c
59944.272098,-21.903,1.222,-6,8,c,0,1.06,114.69768,-59.51688,3720.79,4216.73,2.37,2.28,87.2,-0.37,19.55,21.72,04a59944o0525c
59944.278421,-21.339,1.015,-11,11,c,0,0.83,114.69768,-59.51688,3659.06,4135.98,2.5,2.39,74.2,-0.363,19.46,21.66,04a59944o0538c
59944.313785,-21.918,1.4,-6,9,c,0,1.13,114.69768,-59.51688,3618.65,4234.1,2.48,2.38,78.3,-0.36,19.48,21.69,04a59944o0614c
59945.955046,-20.031,0.424,-35,15,o,0,1.0,114.69768,-59.51688,3312.72,7528.89,2.62,2.36,-63.8,-0.354,19.17,20.3,03a59946o0393o
59945.958227,-20.927,0.829,-16,13,o,0,1.19,114.69768,-59.51688,3295.86,7497.62,2.5,2.22,-62.4,-0.362,19.22,20.32,03a59946o0400o
59952.209255,-23.34,13.0,-2,22,o,0,1.52,114.69768,-59.51688,9268.64,8690.85,2.45,2.3,-30.4,-0.408,18.75,19.23,04a59952o0404o
59952.21387,-20.311,1.274,-27,35,o,0,0.61,114.69768,-59.51688,9286.23,8726.41,2.48,2.29,-47.4,-0.397,18.74,19.25,04a59952o0414o
59952.220245,21.404,2.516,10,25,o,0,1.56,114.69768,-59.51688,9226.15,8640.32,2.29,2.16,-42.8,-0.448,18.77,19.26,04a59952o0427o
59952.253383,20.587,1.391,21,29,o,0,0.73,114.69768,-59.51688,9190.94,8731.65,2.41,2.21,-36.1,-0.419,18.76,19.28,04a59952o0498o
59952.257886,-20.617,1.056,-21,22,o,0,1.39,114.69768,-59.51688,158.4,8707.75,2.75,2.0,-85.4,-0.357,18.73,19.28,04a59952o0508o
59952.261135,-19.181,0.282,-77,22,o,0,1.43,114.69768,-59.51688,175.48,8743.05,2.65,1.95,-84.9,-0.368,18.8,19.28,04a59952o0515o
59952.28953,-19.033,0.319,-88,28,o,0,1.04,114.69768,-59.51688,105.07,8650.46,2.73,2.02,-85.2,-0.362,18.76,19.29,04a59952o0575o
59952.318779,20.477,1.437,23,34,o,0,1.3,114.69768,-59.51688,71.35,8754.7,2.56,1.94,-84.1,-0.367,18.77,19.27,04a59952o0635o
59953.92162,-20.322,0.894,-27,24,o,0,0.92,114.69768,-59.51688,8368.3,4097.08,2.32,1.99,-58.4,-0.416,18.56,19.2,03a59954o0309o
59953.945775,21.523,2.45,9,22,o,0,1.1,114.69768,-59.51688,7432.76,8645.21,2.43,2.09,-49.6,-0.41,18.94,19.75,03a59954o0361o
59953.954513,23.39,9.714,2,16,o,0,0.89,114.69768,-59.51688,8445.5,4209.09,2.24,1.96,-63.4,-0.418,19.13,19.88,03a59954o0379o
59953.95812,-19.527,0.246,-56,14,o,0,1.34,114.69768,-59.51688,8471.93,4101.49,2.23,1.91,-66.5,-0.424,19.12,19.85,03a59954o0387o
59956.174026,-23.289,12.5,-2,22,o,0,1.0,114.69768,-59.51688,6663.65,8119.15,2.72,2.37,-44.2,-0.455,18.91,20.2,04a59956o0326o
59956.176729,20.485,0.85,23,20,o,0,1.12,114.69768,-59.51688,6645.99,8080.93,2.67,2.47,-35.2,-0.451,18.91,20.22,04a59956o0332o
59956.179437,-22.473,5.941,-4,22,o,0,1.05,114.69768,-59.51688,6709.15,8159.04,2.61,2.41,-36.7,-0.475,18.91,20.19,04a59956o0338o
59956.187217,-20.355,0.907,-26,24,o,0,0.93,114.69768,-59.51688,6738.73,8044.87,2.72,2.37,-38.9,-0.469,18.87,20.17,04a59956o0354o
59957.947971,-19.735,2.623,-46,122,o,0,0.73,114.69768,-59.51688,7471.47,8540.69,2.42,2.09,-56.7,-0.416,17.1,18.05,03a59958o0368o
59957.951619,19.433,0.872,61,53,o,0,0.74,114.69768,-59.51688,7485.38,8570.6,2.35,2.04,-57.3,-0.419,18.1,19.0,03a59958o0376o
59957.957066,-18.842,1.096,-106,116,o,0,1.33,114.69768,-59.51688,7430.4,8475.91,2.39,2.13,-57.4,-0.417,17.62,18.62,03a59958o0388o
59957.967108,19.714,1.099,47,52,o,0,1.2,114.69768,-59.51688,7405.85,8564.79,2.56,2.14,-56.0,-0.412,18.37,19.54,03a59958o0409o
59960.198686,20.988,0.57,15,8,o,0,1.53,114.69768,-59.51688,4191.26,2539.82,2.03,1.94,33.5,-0.431,19.49,21.1,04a59960o0380o
59960.201121,-24.605,14.0,0,7,o,0,2.28,114.69768,-59.51688,4208.58,2577.22,1.99,1.9,39.3,-0.432,19.51,21.07,04a59960o0385o
59960.207154,20.738,0.551,18,10,o,0,1.58,114.69768,-59.51688,4146.17,2494.88,2.05,1.96,42.2,-0.427,19.48,21.02,04a59960o0398o
59960.24324,-21.724,1.208,-7,9,o,0,1.07,114.69768,-59.51688,4109.89,2585.47,1.9,1.81,39.8,-0.447,19.42,20.73,04a59960o0472o
59961.977104,-20.762,0.61,-18,11,c,0,1.28,114.69768,-59.51688,4618.84,6389.88,2.36,2.13,-67.6,-0.373,19.27,20.99,03a59962o0238c
59961.980268,16.739,0.047,732,34,c,0,36.16,114.69768,-59.51688,4634.87,6420.16,2.45,2.24,-70.4,-0.369,18.28,20.0,03a59962o0245c
59961.986191,-22.055,34.0,-6,186,c,0,1.21,114.69768,-59.51688,4583.45,6326.84,2.53,2.27,-69.7,-0.371,16.44,18.14,03a59962o0258c
59961.99392,-22.088,1.795,-5,10,c,0,1.1,114.69768,-59.51688,4562.66,6420.08,2.46,2.23,-61.5,-0.367,19.65,21.48,03a59962o0275c
59964.198051,-21.883,2.265,-6,14,o,0,0.55,114.69768,-59.51688,3734.1,8831.25,2.51,1.82,-78.8,-0.426,19.49,20.84,04a59964o0377o
59964.201673,21.686,1.559,8,12,o,0,0.98,114.69768,-59.51688,3750.23,8866.36,2.52,1.79,-78.8,-0.424,19.47,20.81,04a59964o0385o
59964.208006,-21.328,1.094,-11,12,o,0,0.91,114.69768,-59.51688,3692.53,8784.27,2.58,1.83,-77.3,-0.415,19.47,20.79,04a59964o0399o
59964.219739,-21.398,1.118,-10,11,o,0,0.94,114.69768,-59.51688,3667.36,8892.44,2.5,1.77,-78.4,-0.419,19.46,20.76,04a59964o0425o
59965.93232,-22.541,2.067,-4,7,c,0,1.45,114.69768,-59.51688,7094.17,318.5,2.34,2.13,-46.8,-0.372,19.82,21.72,03a59966o0351c
59965.933702,-21.665,1.089,-8,8,c,0,1.22,114.69768,-59.51688,2950.58,10378.33,2.6,2.26,-49.7,-0.38,19.81,21.73,03a59966o0354c
59965.93551,-23.069,3.263,-2,7,c,0,1.69,114.69768,-59.51688,7114.29,358.23,2.29,2.08,-45.1,-0.378,19.85,21.72,03a59966o0358c
59965.936872,-21.267,0.659,-11,7,c,0,1.67,114.69768,-59.51688,2966.5,10417.09,2.54,2.21,-49.6,-0.383,19.88,21.73,03a59966o0361c
59965.941837,22.887,3.364,2,8,c,0,1.29,114.69768,-59.51688,7053.17,276.36,2.31,2.11,-46.7,-0.378,19.86,21.7,03a59966o0372c
59965.944108,-21.041,0.64,-14,9,c,0,1.34,114.69768,-59.51688,2914.58,10338.74,2.59,2.26,-49.9,-0.383,19.83,21.73,03a59966o0377c
59965.952898,20.956,0.588,15,9,c,0,0.93,114.69768,-59.51688,7028.86,392.89,2.41,2.22,-48.1,-0.376,19.78,21.72,03a59966o0396c
59965.95426,-21.395,0.901,-10,9,c,0,0.98,114.69768,-59.51688,2891.9,10457.38,2.61,2.31,-46.3,-0.376,19.79,21.72,03a59966o0399c
59968.195652,-20.416,0.533,-25,13,o,0,1.37,114.69768,-59.51688,3736.65,8825.67,2.4,1.74,-76.1,-0.442,19.43,20.62,04a59968o0316o
59968.198356,22.944,4.526,2,11,o,0,1.37,114.69768,-59.51688,3752.33,8861.87,2.53,1.8,-75.7,-0.425,19.36,20.59,04a59968o0322o
59968.205575,-19.837,0.348,-42,15,o,0,0.92,114.69768,-59.51688,3696.53,8779.15,2.34,1.79,-72.0,-0.454,19.36,20.62,04a59968o0338o
59968.222204,-20.801,0.736,-17,13,o,0,1.12,114.69768,-59.51688,3668.38,8884.45,2.37,1.71,-75.7,-0.447,19.44,20.64,04a59968o0374o
59969.944676,-23.179,3.714,-2,7,c,0,1.71,114.69768,-59.51688,3609.01,4090.69,2.45,2.29,-58.4,-0.399,19.78,21.81,03a59970o0378c
59969.949915,-20.953,0.53,-15,8,c,0,0.77,114.69768,-59.51688,3626.0,4129.79,2.37,2.25,-53.4,-0.388,19.79,21.81,03a59970o0389c
59969.9531,22.274,1.576,4,7,c,0,1.53,114.69768,-59.51688,3569.09,4051.2,2.43,2.31,-57.7,-0.388,19.75,21.82,03a59970o0396c
59969.984068,22.143,1.7,5,9,c,0,1.14,114.69768,-59.51688,3544.6,4173.44,2.69,2.56,-52.9,-0.387,19.61,21.79,03a59970o0458c
59972.155017,22.427,3.219,4,12,o,0,1.05,114.69768,-59.51688,8251.81,2422.86,2.35,1.89,-21.6,-0.418,19.45,20.67,04a59972o0287o
59972.157786,-20.958,0.825,-15,12,o,0,1.01,114.69768,-59.51688,8270.44,2460.37,2.32,1.87,-22.4,-0.421,19.44,20.67,04a59972o0293o
59972.190611,-21.055,0.865,-14,12,o,0,1.06,114.69768,-59.51688,8196.67,2357.56,2.24,1.86,-22.1,-0.439,19.43,20.7,04a59972o0364o
59972.218758,-20.275,0.355,-28,10,o,0,1.54,114.69768,-59.51688,8162.13,2457.2,2.21,1.9,-21.8,-0.424,19.47,20.7,04a59972o0424o
59973.917588,20.834,0.861,17,14,o,0,1.31,114.69768,-59.51688,3614.05,4088.93,3.04,2.93,87.6,-0.408,19.04,20.55,03a59974o0326o
59973.920752,-21.801,2.667,-7,18,o,0,0.99,114.69768,-59.51688,3632.45,4128.35,3.33,3.23,-75.8,-0.435,18.97,20.61,03a59974o0333o
59973.923911,-21.465,1.545,-9,15,o,0,1.3,114.69768,-59.51688,3575.85,4051.4,2.95,2.84,-65.7,-0.394,19.07,20.6,03a59974o0340o
59973.927069,-24.387,23.0,-1,15,o,0,1.09,114.69768,-59.51688,3552.33,4167.49,2.95,2.88,-25.3,-0.38,19.1,20.62,03a59974o0347o
59976.171013,21.226,1.305,12,15,o,0,1.01,114.69768,-59.51688,8242.08,2400.97,2.5,2.0,-19.1,-0.412,18.98,19.91,04a59976o0335o
59976.174173,-20.742,0.907,-18,17,o,0,1.52,114.69768,-59.51688,8261.36,2438.27,2.48,2.19,-18.8,-0.411,18.93,19.9,04a59976o0342o
59976.179579,21.083,1.347,13,18,o,0,0.81,114.69768,-59.51688,8197.6,2354.72,2.46,2.01,-16.7,-0.408,19.01,19.92,04a59976o0354o
59976.19086,-21.74,3.019,-7,22,o,0,0.8,114.69768,-59.51688,8169.74,2462.7,2.28,1.92,-17.6,-0.432,19.05,19.95,04a59976o0379o
59977.91158,-20.486,0.646,-23,15,o,0,1.35,114.69768,-59.51688,9035.46,8717.52,2.36,2.06,-50.3,-0.41,19.14,19.86,03a59978o0320o
59977.944576,-20.756,0.984,-18,18,o,0,0.98,114.69768,-59.51688,9054.89,8761.71,2.63,2.16,-52.3,-0.396,19.06,19.86,03a59978o0388o
59977.948239,-21.147,1.435,-13,18,o,0,1.1,114.69768,-59.51688,8997.52,8675.75,2.59,2.2,-52.2,-0.393,19.05,19.87,03a59978o0396o
59977.953805,-21.282,1.781,-11,20,o,0,0.82,114.69768,-59.51688,8975.21,8790.12,2.69,2.15,-52.5,-0.405,19.04,19.87,03a59978o0408o
59980.156108,-19.762,0.565,-45,26,o,0,0.88,114.69768,-59.51688,2977.54,6329.9,2.54,2.19,-79.3,-0.38,18.55,19.18,04a59980o0301o
59980.159264,-21.335,2.659,-11,28,o,0,0.65,114.69768,-59.51688,2994.12,6366.4,2.3,2.02,-74.2,-0.406,18.62,19.19,04a59980o0308o
59980.16762,-20.289,0.831,-28,23,o,0,1.03,114.69768,-59.51688,2934.98,6284.24,2.36,2.07,-89.5,-0.39,18.58,19.19,04a59980o0326o
59980.20233,-20.378,0.985,-26,25,o,0,1.22,114.69768,-59.51688,2904.01,6377.43,2.32,1.96,-80.6,-0.382,18.61,19.17,04a59980o0401o
59981.926465,-20.435,1.262,-24,31,o,0,1.44,114.69768,-59.51688,9039.15,8725.46,2.58,2.0,-48.3,-0.406,18.29,18.79,03a59982o0190o
59981.930089,17.304,0.891,435,388,o,0,1.06,114.69768,-59.51688,9055.89,8766.08,2.66,2.14,-48.3,-0.403,15.8,15.57,03a59982o0198o
59981.936079,-17.001,1.006,-575,578,o,0,1.03,114.69768,-59.51688,9002.65,8684.89,2.52,2.08,-50.1,-0.382,15.8,16.0,03a59982o0211o
59981.94667,-20.792,1.074,-18,19,o,0,0.92,114.69768,-59.51688,8980.42,8797.01,2.48,1.97,-48.2,-0.414,18.93,19.44,03a59982o0234o
59984.160139,-22.363,4.576,-4,19,o,0,0.75,114.69768,-59.51688,2977.79,6316.99,2.29,1.96,-79.6,-0.403,18.94,19.7,04a59984o0322o
59984.163306,-20.117,0.529,-33,17,o,0,0.72,114.69768,-59.51688,2993.17,6352.86,2.22,1.91,-74.0,-0.415,18.91,19.69,04a59984o0329o
59984.168743,-20.197,0.592,-30,18,o,0,0.92,114.69768,-59.51688,2935.01,6273.04,2.24,1.96,-74.1,-0.414,18.95,19.71,04a59984o0341o
59984.181449,-20.692,0.925,-19,18,o,0,1.07,114.69768,-59.51688,2910.02,6380.92,2.23,1.93,-76.1,-0.414,18.91,19.69,04a59984o0369o
59986.882783,-23.978,13.143,-1,12,o,0,1.21,114.69768,-59.51688,2240.05,8705.82,2.4,2.09,-62.4,-0.392,19.4,20.55,03a59987o0273o
59986.885631,21.589,1.548,8,13,o,0,0.85,114.69768,-59.51688,2256.1,8736.73,2.35,2.09,-69.5,-0.404,19.33,20.46,03a59987o0279o
59986.917314,21.069,0.875,14,12,o,0,0.88,114.69768,-59.51688,2190.33,8578.45,2.45,2.18,-63.3,-0.392,19.34,20.49,03a59987o0347o
59986.923188,21.321,1.086,11,12,o,0,1.37,114.69768,-59.51688,2166.77,8678.9,2.62,2.28,-61.6,-0.376,19.35,20.55,03a59987o0360o
59988.11517,23.944,9.286,1,9,c,0,0.97,114.69768,-59.51688,6795.53,6139.08,2.4,2.08,-44.9,-0.397,19.64,21.75,04a59988o0233c
59988.118773,21.368,0.857,10,9,c,0,1.19,114.69768,-59.51688,6812.63,6175.02,2.37,2.04,-45.7,-0.403,19.64,21.77,04a59988o0241c
59988.12419,19.818,2.676,43,115,c,0,0.01,114.69768,-59.51688,6754.41,6092.23,2.61,2.31,-36.6,-0.378,19.51,21.74,04a59988o0253c
59988.135496,-22.391,2.0,-4,8,c,0,1.27,114.69768,-59.51688,6730.16,6199.33,2.32,2.02,-50.9,-0.404,19.64,21.71,04a59988o0278c
59992.159789,20.832,3.787,17,64,c,0,0.02,114.69768,-59.51688,6773.41,6101.75,2.26,1.98,-45.1,-0.399,19.62,21.6,04a59992o0301c
59992.166992,-23.223,5.067,-2,10,c,0,0.99,114.69768,-59.51688,6787.94,6137.54,2.24,1.99,-43.6,-0.405,19.62,21.62,04a59992o0312c
59992.170611,21.113,0.663,13,9,c,0,1.0,114.69768,-59.51688,6729.41,6055.73,2.23,2.02,-45.9,-0.399,19.6,21.65,04a59992o0320c
59992.180612,22.377,2.258,4,9,c,0,1.16,114.69768,-59.51688,6705.09,6166.06,2.31,2.03,-53.8,-0.399,19.59,21.62,04a59992o0342c
59994.850641,22.273,2.303,4,10,o,0,0.97,114.69768,-59.51688,3527.57,8734.98,2.48,2.15,-42.2,-0.389,19.61,21.11,03a59995o0211o
59994.853796,-20.948,0.685,-15,10,o,0,1.25,114.69768,-59.51688,3543.93,8774.35,2.55,2.18,-38.3,-0.386,19.58,21.13,03a59995o0218o
59994.887458,22.635,3.143,3,10,o,0,1.48,114.69768,-59.51688,3491.89,8700.7,2.61,2.33,-33.6,-0.38,19.54,21.09,03a59995o0290o
59994.893776,-23.455,6.444,-2,10,o,0,1.26,114.69768,-59.51688,3467.19,8815.11,2.77,2.43,-35.3,-0.37,19.44,21.04,03a59995o0304o
59996.187951,20.271,0.523,28,15,c,0,1.11,114.69768,-59.51688,2875.59,462.88,2.67,1.96,43.3,-0.389,19.13,20.84,04a59996o0250c
59996.191105,-22.043,7.182,-6,40,c,0,1.1,114.69768,-59.51688,2894.51,500.23,2.69,2.0,44.8,-0.386,18.07,19.71,04a59996o0257c
59996.216981,21.778,1.521,7,11,c,0,1.25,114.69768,-59.51688,2819.12,417.6,2.67,2.0,42.4,-0.39,19.46,21.18,04a59996o0312c
59996.227466,-21.195,1.429,-12,17,c,0,1.14,114.69768,-59.51688,2790.16,532.05,2.54,1.94,43.9,-0.397,18.92,20.51,04a59996o0334c
59998.899761,-25.376,43.5,0,11,o,0,0.85,114.69768,-59.51688,3515.6,8745.18,2.36,2.11,-51.5,-0.393,19.66,21.18,03a59999o0313o
59998.90292,-23.557,7.091,-1,10,o,0,0.96,114.69768,-59.51688,3532.37,8783.55,2.31,2.06,-54.2,-0.404,19.68,21.17,03a59999o0320o
59998.908334,-21.553,0.954,-9,8,o,0,1.23,114.69768,-59.51688,3479.01,8705.59,2.41,2.15,-51.3,-0.393,19.59,21.15,03a59999o0332o
59998.919856,21.508,1.235,9,11,o,0,1.06,114.69768,-59.51688,3456.45,8822.55,2.43,2.13,-53.4,-0.391,19.59,21.12,03a59999o0357o
60000.264226,21.08,0.943,13,13,c,0,0.97,114.69768,-59.51688,2831.67,453.98,2.58,2.03,39.8,-0.378,19.35,20.87,04a60000o0539c
60000.267382,-21.332,0.931,-11,10,c,0,1.55,114.69768,-59.51688,2850.6,493.31,2.55,1.97,41.6,-0.383,19.32,20.87,04a60000o0546c
60000.28871,21.033,0.911,14,13,c,0,1.17,114.69768,-59.51688,2776.38,423.24,2.64,1.98,39.7,-0.373,19.28,20.8,04a60000o0592c
60000.295099,-20.512,0.607,-23,14,c,0,1.1,114.69768,-59.51688,2751.12,543.45,2.65,2.01,37.8,-0.377,19.28,20.79,04a60000o0606c
60002.846256,-20.908,0.607,-16,10,o,0,1.6,114.69768,-59.51688,5721.83,8512.96,2.45,2.12,-48.7,-0.396,19.43,20.74,03a60003o0218o
60002.849453,-20.838,0.585,-17,10,o,0,1.09,114.69768,-59.51688,5737.21,8543.82,2.46,2.16,-48.4,-0.395,19.46,20.73,03a60003o0225o
60002.854946,-20.341,0.371,-26,10,o,0,1.24,114.69768,-59.51688,5682.98,8449.69,2.47,2.16,-52.3,-0.393,19.46,20.75,03a60003o0237o
60002.866233,-20.315,0.455,-27,12,o,0,1.13,114.69768,-59.51688,5658.64,8535.25,2.43,2.18,-48.8,-0.396,19.43,20.71,03a60003o0262o
60004.092277,-23.481,10.273,-2,15,o,0,0.98,114.69768,-59.51688,5402.03,4556.5,2.25,2.12,-46.6,-0.429,19.14,20.3,04a60004o0207o
60004.095443,21.835,1.909,7,13,o,0,1.27,114.69768,-59.51688,5419.44,4592.89,2.14,2.03,-49.8,-0.428,19.18,20.34,04a60004o0214o
60004.102666,21.651,1.606,8,13,o,0,1.34,114.69768,-59.51688,5357.8,4510.02,2.13,2.02,-43.5,-0.428,19.18,20.34,04a60004o0230o
60004.113955,22.053,2.674,6,15,o,0,1.02,114.69768,-59.51688,5332.76,4618.16,2.14,2.01,-53.3,-0.417,19.16,20.38,04a60004o0255o
60006.915809,-21.514,2.154,-9,19,o,0,1.01,114.69768,-59.51688,8169.8,2466.16,2.61,2.36,-58.7,-0.437,18.87,19.84,03a60007o0102o
60006.919454,-22.775,5.55,-3,16,o,0,1.14,114.69768,-59.51688,8188.2,2506.18,2.39,2.12,-57.4,-0.427,19.01,19.94,03a60007o0110o
60008.131386,20.93,1.0,15,15,o,0,1.77,114.69768,-59.51688,5377.44,4525.22,2.04,1.91,-59.7,-0.434,18.92,19.65,04a60008o0192o
60008.134167,20.601,0.903,21,19,o,0,0.97,114.69768,-59.51688,5398.21,4561.7,2.19,2.11,-73.3,-0.446,18.85,19.63,04a60008o0198o
60008.139616,-19.479,0.373,-59,22,o,0,0.83,114.69768,-59.51688,5338.83,4481.2,2.27,2.08,-56.8,-0.476,18.86,19.62,04a60008o0210o
60008.149645,-21.224,1.352,-12,16,o,0,1.29,114.69768,-59.51688,5312.49,4592.7,1.99,1.89,-55.9,-0.434,18.9,19.61,04a60008o0232o
60012.07238,-20.085,0.773,-34,26,o,0,0.77,114.69768,-59.51688,8841.69,770.25,2.64,2.12,-24.1,-0.418,18.79,19.5,04a60012o0154o
60012.075552,-19.897,0.618,-40,25,o,0,0.92,114.69768,-59.51688,8860.56,807.63,2.85,2.21,-24.5,-0.387,18.77,19.5,04a60012o0161o
60012.080517,-20.025,0.567,-36,20,o,0,1.48,114.69768,-59.51688,8796.06,722.08,2.73,2.28,-22.9,-0.401,18.78,19.51,04a60012o0172o
60012.092756,-21.828,3.189,-7,22,o,0,1.47,114.69768,-59.51688,8767.73,830.84,2.82,2.3,-22.5,-0.389,18.72,19.49,04a60012o0198o
60014.866432,-20.867,0.934,-16,15,o,0,0.87,114.69768,-59.51688,2836.18,6236.19,2.43,2.19,-64.6,-0.388,19.19,20.2,03a60015o0284o
60014.869624,-20.468,0.61,-24,14,o,0,1.32,114.69768,-59.51688,2852.63,6273.75,2.43,2.18,-57.8,-0.382,19.2,20.19,03a60015o0291o
60014.875137,-21.267,1.132,-11,13,o,0,1.49,114.69768,-59.51688,2798.65,6196.76,2.55,2.35,-60.0,-0.369,19.11,20.18,03a60015o0303o
60014.888426,-20.609,0.748,-21,16,o,0,0.96,114.69768,-59.51688,2773.34,6310.71,2.56,2.26,-57.4,-0.377,19.12,20.13,03a60015o0332o
60016.122658,-22.568,5.105,-3,17,o,0,0.96,114.69768,-59.51688,8820.05,740.42,2.66,2.17,-27.4,-0.398,19.11,20.23,04a60016o0265o
60016.12591,-21.588,1.826,-8,15,o,0,1.4,114.69768,-59.51688,8839.54,779.23,2.83,2.09,-28.7,-0.384,19.14,20.19,04a60016o0272o
60016.139602,-19.984,0.451,-37,17,o,0,1.24,114.69768,-59.51688,8770.16,694.33,2.55,2.25,-29.9,-0.404,19.09,20.17,04a60016o0301o
60016.145065,21.579,2.0,8,17,o,0,1.06,114.69768,-59.51688,8743.61,808.19,2.68,2.26,-31.8,-0.38,19.06,20.16,04a60016o0313o
60020.111245,-21.691,1.444,-8,11,o,0,1.51,114.69768,-59.51688,1717.92,4308.97,2.35,2.0,56.9,-0.41,19.32,20.8,04a60020o0275o
60020.114853,-20.563,0.437,-22,9,o,0,1.72,114.69768,-59.51688,1735.19,4345.07,2.23,1.91,61.3,-0.418,19.38,20.85,04a60020o0283o
60020.12585,-20.595,0.506,-21,11,o,0,1.39,114.69768,-59.51688,1670.12,4266.06,2.26,1.93,60.0,-0.413,19.3,20.77,04a60020o0303o
60020.132265,-20.2,0.416,-30,12,o,0,0.99,114.69768,-59.51688,1649.54,4379.36,2.24,1.92,57.7,-0.412,19.34,20.76,04a60020o0316o
60022.79463,-21.202,0.642,-12,8,c,0,1.05,114.69768,-59.51688,6639.16,6135.41,2.35,2.17,-53.8,-0.395,19.8,21.75,03a60023o0140c
60022.798288,21.818,1.218,7,8,c,0,0.95,114.69768,-59.51688,6655.46,6174.12,2.35,2.14,-57.5,-0.397,19.81,21.74,03a60023o0148c
60022.804183,-20.824,0.508,-17,9,c,0,1.02,114.69768,-59.51688,6601.08,6093.1,2.31,2.13,-59.8,-0.397,19.64,21.53,03a60023o0161c
60022.815173,21.864,1.091,6,7,c,0,1.14,114.69768,-59.51688,6577.01,6208.22,2.29,2.1,-62.2,-0.402,19.82,21.72,03a60023o0185c
60024.128043,-21.478,1.159,-9,11,o,0,1.36,114.69768,-59.51688,1704.62,4297.18,2.18,1.99,56.4,-0.4,19.23,20.52,04a60024o0235o
60024.13166,20.294,0.454,28,13,o,0,1.14,114.69768,-59.51688,1722.36,4334.15,2.29,1.99,68.5,-0.399,19.26,20.54,04a60024o0243o
60024.137557,-19.964,0.318,-38,12,o,0,1.51,114.69768,-59.51688,1659.63,4258.52,2.27,2.0,64.7,-0.4,19.2,20.54,04a60024o0256o
60024.147488,21.979,2.579,6,15,o,0,1.0,114.69768,-59.51688,1634.96,4373.87,2.36,2.1,64.6,-0.393,19.16,20.59,04a60024o0278o
60028.050656,-19.881,0.454,-40,18,o,0,1.11,114.69768,-59.51688,7359.86,8608.07,3.56,3.03,-61.9,-0.381,18.87,20.56,04a60028o0002o
60028.065521,-20.173,0.48,-31,15,o,0,1.46,114.69768,-59.51688,7410.88,8677.53,2.97,2.67,-64.8,-0.417,19.0,20.67,04a60028o0034o
60028.068337,22.355,4.059,4,17,o,0,1.37,114.69768,-59.51688,7354.99,8595.95,2.97,2.77,-75.4,-0.411,19.0,20.66,04a60028o0040o
60028.075252,-22.184,3.15,-5,15,o,0,1.55,114.69768,-59.51688,7331.98,8708.71,3.2,2.87,-70.4,-0.367,19.01,20.68,04a60028o0055o
60030.865135,-21.655,1.131,-8,9,c,0,1.1,114.69768,-59.51688,2899.43,435.8,2.36,2.27,-58.7,-0.368,19.73,21.71,03a60031o0278c
60030.868455,20.827,0.472,17,8,c,0,1.5,114.69768,-59.51688,2918.76,475.68,2.41,2.31,-47.4,-0.377,19.74,21.7,03a60031o0285c
60030.873668,23.536,6.909,1,10,c,0,1.12,114.69768,-59.51688,2855.61,396.45,2.34,2.22,-48.2,-0.377,19.78,21.71,03a60031o0296c
60030.883798,20.943,0.642,15,10,c,0,0.86,114.69768,-59.51688,2828.28,513.69,2.33,2.22,-49.8,-0.373,19.76,21.72,03a60031o0317c
60032.111006,-20.273,0.526,-28,15,o,0,1.43,114.69768,-59.51688,7370.55,8618.78,2.18,2.01,-71.0,-0.46,19.24,20.41,04a60032o0285o
60032.113841,-20.482,0.723,-23,17,o,0,0.94,114.69768,-59.51688,7386.89,8657.76,2.17,2.0,-75.5,-0.448,19.26,20.42,04a60032o0291o
60032.118975,-19.345,0.217,-66,14,o,0,1.56,114.69768,-59.51688,7328.91,8576.43,2.27,2.04,-74.5,-0.439,19.25,20.42,04a60032o0302o
60032.128985,-21.873,2.698,-6,18,o,0,0.81,114.69768,-59.51688,7305.04,8691.69,2.21,2.03,-76.1,-0.443,19.2,20.41,04a60032o0323o
60035.030756,-23.746,16.0,-1,18,o,0,1.05,114.69768,-59.51688,5557.37,8699.46,2.76,2.22,-76.4,-0.418,18.91,20.0,04a60035o0130o
60035.033978,-21.818,2.6,-7,18,o,0,1.4,114.69768,-59.51688,5573.9,8736.27,2.72,2.17,-77.1,-0.418,18.94,20.0,04a60035o0137o
60035.03955,-20.641,1.009,-20,20,o,0,1.27,114.69768,-59.51688,5516.31,8654.54,2.55,2.05,-76.6,-0.436,18.99,20.01,04a60035o0149o
60035.05117,20.652,0.992,20,20,o,0,1.05,114.69768,-59.51688,5492.96,8764.42,2.34,2.01,-70.0,-0.471,19.01,20.0,04a60035o0174o
60036.842355,-20.449,0.848,-24,20,o,0,0.91,114.69768,-59.51688,5280.85,4544.33,2.45,2.13,-55.0,-0.397,18.74,19.47,03a60037o0123o
60036.846246,-19.399,0.279,-63,18,o,0,1.24,114.69768,-59.51688,5298.24,4582.76,2.4,2.08,-57.5,-0.397,18.81,19.49,03a60037o0131o
60036.852987,21.215,1.326,12,16,o,0,1.78,114.69768,-59.51688,5243.89,4504.92,2.35,2.07,-58.0,-0.407,18.8,19.5,03a60037o0145o
60039.785859,20.406,0.844,25,21,o,0,0.93,114.69768,-59.51688,8291.95,6638.6,2.27,1.95,-57.1,-0.412,18.83,19.25,03a60040o0157o
60039.795593,-24.132,25.571,-1,21,o,0,1.19,114.69768,-59.51688,8308.02,6679.66,2.31,1.94,-56.0,-0.405,18.83,19.22,03a60040o0177o
60039.798902,20.631,0.885,20,18,o,0,0.97,114.69768,-59.51688,8253.04,6597.84,2.32,1.93,-54.3,-0.414,18.84,19.21,03a60040o0184o
60039.810971,-21.57,2.867,-8,24,o,0,0.87,114.69768,-59.51688,8230.56,6711.31,2.29,1.91,-55.2,-0.415,18.83,19.18,03a60040o0210o
60041.057572,-19.459,0.489,-60,29,o,0,1.07,114.69768,-59.51688,8425.09,6546.55,2.52,2.36,-29.7,-0.418,18.54,19.33,04a60041o0176o
60041.06065,23.655,20.857,1,26,o,0,1.23,114.69768,-59.51688,8444.31,6584.95,2.54,2.34,-25.1,-0.421,18.52,19.23,04a60041o0182o
60041.066355,-20.129,0.886,-32,29,o,0,0.79,114.69768,-59.51688,8386.14,6501.0,2.46,2.23,-20.0,-0.428,18.53,19.2,04a60041o0194o
60041.076221,-21.045,1.953,-14,27,o,0,1.42,114.69768,-59.51688,8360.12,6613.27,2.45,2.22,-14.9,-0.418,18.52,19.19,04a60041o0215o
60042.826598,20.416,1.333,25,33,o,0,1.03,114.69768,-59.51688,1675.61,8876.25,4.67,4.55,-23.2,-0.293,18.44,19.79,03a60043o0224o
60042.830536,-19.893,0.794,-40,32,o,0,0.94,114.69768,-59.51688,1692.76,8915.38,4.0,3.61,18.7,-0.495,18.45,19.78,03a60043o0232o
60042.836573,-19.693,0.59,-48,28,o,0,0.96,114.69768,-59.51688,1640.76,8838.16,4.07,3.5,-33.3,-0.311,18.64,19.75,03a60043o0244o
60042.846682,20.38,1.59,26,41,o,0,1.04,114.69768,-59.51688,1616.51,8955.58,5.39,4.7,9.3,-0.447,18.13,19.72,03a60043o0264o
60045.811977,20.431,0.42,24,10,o,0,1.14,114.69768,-59.51688,7093.91,354.67,2.3,2.16,-40.2,-0.416,19.51,21.01,03a60046o0213o
60045.813486,-23.82,11.0,-1,12,o,0,1.02,114.69768,-59.51688,2955.3,10415.95,2.87,2.42,-35.0,-0.397,19.51,21.03,03a60046o0216o
60045.814965,20.579,0.433,21,9,o,0,1.42,114.69768,-59.51688,7112.44,393.78,2.28,2.08,-45.1,-0.422,19.55,20.99,03a60046o0219o
60045.816352,-20.388,0.351,-25,9,o,0,2.0,114.69768,-59.51688,2971.43,10454.44,2.79,2.37,-38.9,-0.406,19.55,21.02,03a60046o0222o
60045.820492,22.018,1.791,6,10,o,0,0.84,114.69768,-59.51688,7050.78,310.61,2.33,2.15,-48.2,-0.415,19.5,21.02,03a60046o0230o
60045.821935,23.564,7.375,1,10,o,0,1.91,114.69768,-59.51688,2919.49,10375.9,2.76,2.38,-39.6,-0.398,19.55,21.02,03a60046o0233o
60045.833513,-22.094,2.132,-5,11,o,0,0.83,114.69768,-59.51688,7021.64,425.64,2.4,2.19,-48.9,-0.405,19.41,20.86,03a60046o0256o
60045.833968,20.379,0.458,26,12,o,0,1.62,114.69768,-59.51688,2896.16,10494.6,2.83,2.42,-36.5,-0.397,19.44,20.88,03a60046o0257o
60047.129095,-20.586,0.444,-21,9,c,0,1.78,114.69768,-59.51688,7026.37,270.31,2.55,2.28,-22.0,-0.389,19.41,21.35,04a60047o0343c
60047.129546,-23.163,6.273,-2,12,c,0,1.33,114.69768,-59.51688,3143.47,10455.27,3.07,2.02,-79.4,-0.366,19.47,21.28,04a60047o0344c
60047.137897,19.945,0.505,38,19,c,0,1.29,114.69768,-59.51688,3156.57,10496.17,3.09,2.06,-78.7,-0.365,19.42,21.23,04a60047o0362c
60047.138355,-21.568,1.3,-9,11,c,0,1.24,114.69768,-59.51688,7040.49,311.7,2.54,2.28,-27.2,-0.374,19.43,21.22,04a60047o0363c
60047.141258,22.436,2.917,4,11,c,0,1.19,114.69768,-59.51688,6976.86,232.65,2.43,2.25,-14.8,-0.384,19.43,21.25,04a60047o0368c
60047.145966,-23.33,6.5,-2,11,c,0,1.43,114.69768,-59.51688,3100.23,10421.84,2.99,1.92,-79.0,-0.373,19.46,21.24,04a60047o0378c
60047.153434,22.277,2.571,4,12,c,0,1.04,114.69768,-59.51688,6948.38,354.19,2.45,2.2,-21.6,-0.382,19.43,21.13,04a60047o0394c
60048.779539,-20.743,0.615,-18,11,o,0,1.55,114.69768,-59.51688,3615.06,4117.4,2.55,2.35,-62.4,-0.423,19.35,20.81,03a60049o0154o
60048.782458,25.937,84.0,0,13,o,0,1.13,114.69768,-59.51688,3633.27,4156.43,2.57,2.3,-62.7,-0.412,19.37,20.83,03a60049o0160o
60048.804445,-21.373,1.237,-10,13,o,0,0.76,114.69768,-59.51688,3575.3,4082.51,2.39,2.15,-60.1,-0.422,19.47,20.92,03a60049o0204o
60048.814257,-20.349,0.423,-26,11,o,0,0.91,114.69768,-59.51688,3549.02,4198.01,2.41,2.15,-55.5,-0.418,19.49,20.94,03a60049o0224o
60051.768098,-22.772,2.731,-3,8,o,0,2.32,114.69768,-59.51688,4127.73,2484.48,2.12,1.92,-61.3,-0.438,19.44,20.67,03a60052o0122o
60051.790987,-21.704,1.409,-8,11,o,0,0.92,114.69768,-59.51688,4142.37,2526.76,2.19,1.97,-63.2,-0.434,19.49,20.78,03a60052o0167o
60051.794454,-20.883,0.639,-16,10,o,0,1.31,114.69768,-59.51688,4084.21,2446.74,2.16,1.94,-62.9,-0.433,19.49,20.77,03a60052o0174o
60051.799823,-20.983,0.688,-15,10,o,0,1.04,114.69768,-59.51688,4059.22,2562.43,2.23,2.0,-63.8,-0.424,19.49,20.81,03a60052o0185o
60053.013453,-20.194,0.313,-30,10,c,0,1.14,114.69768,-59.51688,4160.02,2500.21,2.35,2.13,43.3,-0.395,19.36,21.2,04a60053o0116c
60053.033677,21.331,0.844,11,9,c,0,1.48,114.69768,-59.51688,4168.65,2530.73,2.3,2.12,49.2,-0.388,19.35,21.23,04a60053o0159c
60053.037371,20.86,0.595,16,10,c,0,1.5,114.69768,-59.51688,4108.35,2452.01,2.27,2.1,50.1,-0.39,19.38,21.21,04a60053o0167c
60053.042994,-21.403,0.89,-10,9,c,0,1.74,114.69768,-59.51688,4083.69,2567.15,2.27,2.11,50.0,-0.389,19.39,21.22,04a60053o0179c
60060.788631,20.411,0.428,25,11,o,0,1.85,114.69768,-59.51688,6627.78,6148.67,2.26,1.96,-50.8,-0.442,19.3,20.47,03a60061o0184o
60060.805898,22.613,8.385,3,27,o,0,1.59,114.69768,-59.51688,6643.89,6187.25,2.37,2.02,-52.4,-0.428,18.42,19.39,03a60061o0219o
60060.808978,-22.083,9.462,-5,50,o,0,1.45,114.69768,-59.51688,6587.96,6107.27,2.34,2.0,-51.4,-0.425,17.69,18.6,03a60061o0225o
60060.818449,-18.583,0.797,-134,107,o,0,0.83,114.69768,-59.51688,6565.21,6221.67,2.34,1.98,-51.1,-0.421,17.31,18.17,03a60061o0243o
60063.785308,21.154,1.247,12,16,o,0,1.01,114.69768,-59.51688,5283.22,4546.41,2.57,2.3,-54.4,-0.408,19.13,20.27,03a60064o0193o
60063.806674,-22.155,2.568,-5,13,o,0,1.15,114.69768,-59.51688,5217.67,4618.63,2.44,2.11,-54.8,-0.411,19.17,20.25,03a60064o0237o
60066.72303,-21.606,2.517,-8,21,o,0,0.78,114.69768,-59.51688,8817.14,866.04,2.34,2.17,-32.0,-0.456,18.91,19.68,03a60067o0066o
60066.726489,-20.109,0.571,-33,19,o,0,1.13,114.69768,-59.51688,8834.86,906.65,2.35,2.15,-47.8,-0.452,18.91,19.69,03a60067o0073o
60066.731675,21.836,2.42,7,16,o,0,1.29,114.69768,-59.51688,8773.62,823.52,2.37,2.1,-51.5,-0.445,18.95,19.7,03a60067o0084o
60066.742157,-20.969,1.325,-15,20,o,0,0.79,114.69768,-59.51688,8745.38,936.38,2.34,2.06,-54.5,-0.452,18.94,19.71,03a60067o0106o
60069.76451,-17.38,6.541,-406,2652,o,0,1.37,114.69768,-59.51688,7193.93,8700.99,2.83,2.29,-48.2,-0.459,14.15,13.61,03a60070o0157o
60069.767913,-18.48,2.933,-147,432,o,0,1.27,114.69768,-59.51688,7211.06,8741.01,2.71,2.25,-45.1,-0.433,15.73,15.39,03a60070o0164o
60069.784291,17.915,0.216,248,54,o,0,1.32,114.69768,-59.51688,7156.39,8657.74,2.8,2.29,-44.0,-0.388,17.81,17.93,03a60070o0199o
60071.098119,-19.311,0.494,-68,34,o,0,1.26,114.69768,-59.51688,7325.53,8628.63,2.53,2.1,-77.4,-0.414,18.3,18.78,04a60071o0229o
60071.10839,-20.17,0.936,-31,29,o,0,1.72,114.69768,-59.51688,7340.3,8671.36,2.42,2.07,-72.4,-0.418,18.31,18.76,04a60071o0250o
60071.112645,-19.99,0.774,-37,28,o,0,1.74,114.69768,-59.51688,7282.12,8592.04,2.62,2.23,-74.3,-0.364,18.25,18.74,04a60071o0259o
60071.129567,-19.313,0.474,-68,32,o,0,1.11,114.69768,-59.51688,7256.64,8716.14,2.51,2.13,-74.8,-0.372,18.23,18.68,04a60071o0295o
60072.773714,22.064,3.282,5,18,o,0,0.91,114.69768,-59.51688,5354.32,8702.12,2.57,2.13,-41.2,-0.378,19.04,19.86,03a60073o0180o
60072.778133,-21.539,1.82,-9,16,o,0,1.27,114.69768,-59.51688,5372.89,8743.83,2.57,2.18,-44.7,-0.383,19.06,19.86,03a60073o0189o
60072.783453,-22.807,5.579,-3,15,o,0,1.33,114.69768,-59.51688,5318.44,8661.56,2.62,2.15,-42.5,-0.376,19.03,19.79,03a60073o0200o
60072.800321,24.042,22.167,1,19,o,0,1.01,114.69768,-59.51688,5296.47,8776.61,2.63,2.17,-39.3,-0.367,18.96,19.61,03a60073o0235o
60075.758385,-20.658,1.364,-20,27,c,0,1.18,114.69768,-59.51688,10196.91,6732.29,2.76,2.2,-56.6,-0.376,18.71,20.41,03a60076o0141c
60075.761643,19.002,0.691,91,63,c,0,0.88,114.69768,-59.51688,10212.23,6769.02,2.84,2.28,-57.2,-0.374,17.08,18.68,03a60076o0148c
60075.767308,20.151,1.5,32,47,c,0,1.0,114.69768,-59.51688,10157.97,6684.53,2.91,2.29,-57.9,-0.377,17.87,19.47,03a60076o0160c
60075.777368,20.085,0.588,34,20,c,0,1.15,114.69768,-59.51688,10135.16,6797.64,2.76,2.22,-56.2,-0.378,18.9,20.51,03a60076o0181c
60075.778757,-22.486,6.889,-4,25,c,0,1.5,114.69768,-59.51688,910.75,6390.39,2.79,2.47,-45.9,-0.407,18.85,20.59,03a60076o0184c
60075.781586,20.175,0.761,31,24,c,0,0.96,114.69768,-59.51688,927.58,6427.46,2.82,2.49,-45.8,-0.398,18.68,20.37,03a60076o0190c
60075.787002,-22.099,2.773,-5,15,c,0,1.43,114.69768,-59.51688,870.86,6353.11,2.86,2.59,-48.0,-0.401,19.11,20.8,03a60076o0201c
60075.808562,-20.154,0.541,-32,17,c,0,1.1,114.69768,-59.51688,847.83,6470.11,3.14,2.87,-42.8,-0.385,19.07,20.84,03a60076o0246c
60077.004374,-23.27,9.667,-2,17,o,0,1.59,114.69768,-59.51688,10318.59,6566.01,2.62,2.26,-5.0,-0.451,18.99,20.16,04a60077o0124o
60077.007595,21.61,2.2,8,18,o,0,1.41,114.69768,-59.51688,10336.08,6606.37,2.71,2.26,-2.4,-0.439,19.02,20.22,04a60077o0131o
60077.010424,-20.854,1.068,-16,18,o,0,0.99,114.69768,-59.51688,1014.57,6455.43,2.4,2.12,82.5,-0.397,19.04,20.25,04a60077o0137o
60077.035064,-20.654,0.612,-20,12,o,0,1.74,114.69768,-59.51688,943.87,6536.28,2.37,2.09,77.5,-0.381,19.03,20.1,04a60077o0178o
60082.987069,21.886,4.069,6,26,o,0,0.74,114.69768,-59.51688,7302.13,4452.26,2.59,2.41,-50.6,-0.38,18.68,19.82,04a60083o0099o
60082.990281,19.467,0.461,59,27,o,0,1.14,114.69768,-59.51688,7318.97,4491.07,2.76,2.45,-36.9,-0.379,18.35,19.58,04a60083o0106o
60083.003098,24.233,86.0,1,63,o,0,1.39,114.69768,-59.51688,7254.94,4411.05,2.72,2.39,-48.8,-0.365,17.66,19.37,04a60083o0133o
60083.010612,-21.95,4.696,-6,28,o,0,1.04,114.69768,-59.51688,7230.98,4526.97,2.5,2.27,-34.7,-0.401,18.37,19.52,04a60083o0149o
60084.727938,20.645,0.529,20,11,c,0,1.0,114.69768,-59.51688,1106.63,10522.85,3.05,2.63,-33.4,-0.394,19.64,21.55,03a60085o0089c
60084.747934,-19.243,1.511,-73,110,c,0,0.99,114.69768,-59.51688,4982.4,370.65,2.45,2.28,-39.6,-0.374,17.3,19.11,03a60085o0131c
60084.753333,-18.376,0.922,-162,149,c,0,0.97,114.69768,-59.51688,5001.0,412.73,2.44,2.29,-40.0,-0.373,16.77,18.52,03a60085o0142c
60084.756794,-20.374,6.4,-26,165,c,0,1.24,114.69768,-59.51688,4938.88,331.1,2.42,2.27,-31.8,-0.369,16.65,18.43,03a60085o0149c
60084.773719,20.949,0.595,15,9,c,0,1.26,114.69768,-59.51688,4910.12,449.46,2.36,2.22,-41.4,-0.38,19.66,21.49,03a60085o0184c
60087.727915,22.465,2.414,4,9,c,0,0.94,114.69768,-59.51688,2091.73,2593.51,2.36,2.2,-54.2,-0.405,19.64,21.35,03a60088o0090c
60087.733316,-22.786,2.864,-3,8,c,0,1.28,114.69768,-59.51688,2110.2,2632.45,2.33,2.16,-52.3,-0.408,19.65,21.34,03a60088o0101c
60087.742665,-21.937,1.545,-6,9,c,0,1.03,114.69768,-59.51688,2048.99,2556.57,2.45,2.28,-57.2,-0.399,19.61,21.38,03a60088o0121c
60087.745864,-21.994,1.5,-6,9,c,0,1.4,114.69768,-59.51688,2023.89,2671.05,2.44,2.26,-57.8,-0.401,19.6,21.39,03a60088o0128c
60090.736116,20.973,1.128,15,17,o,0,1.03,114.69768,-59.51688,8286.47,6643.68,2.68,2.25,-48.8,-0.404,19.0,20.03,03a60091o0115o
60090.739547,-23.637,12.5,-1,16,o,0,1.6,114.69768,-59.51688,8304.61,6681.48,2.74,2.24,-48.3,-0.398,19.04,20.04,03a60091o0122o
60090.744748,-20.14,0.5,-32,16,o,0,1.1,114.69768,-59.51688,8249.99,6600.81,2.66,2.32,-48.7,-0.41,18.98,20.04,03a60091o0133o
60090.755395,23.731,14.286,1,17,o,0,1.07,114.69768,-59.51688,8226.15,6711.31,2.79,2.29,-44.8,-0.402,18.98,20.07,03a60091o0155o
60100.961704,-20.61,0.989,-21,20,o,0,1.34,114.69768,-59.51688,9184.39,8609.95,2.54,2.33,-16.5,-0.482,18.81,19.96,04a60101o0052o
60100.964574,-21.868,3.5,-6,23,o,0,1.3,114.69768,-59.51688,9201.53,8651.04,2.51,2.27,-9.8,-0.462,18.85,20.0,04a60101o0058o
60100.974338,-20.829,1.286,-17,22,o,0,1.65,114.69768,-59.51688,9142.37,8572.25,2.45,2.32,-37.8,-0.476,18.79,19.87,04a60101o0079o
60100.984628,-20.437,1.045,-24,25,o,0,0.81,114.69768,-59.51688,9117.65,8687.94,2.48,2.36,-42.4,-0.452,18.77,19.76,04a60101o0101o
60100.992548,19.544,0.565,55,31,o,0,1.19,114.69768,-59.51688,89.59,8657.11,2.7,2.2,-86.5,-0.384,18.79,19.67,04a60101o0118o
60101.006459,19.268,0.845,71,60,o,0,0.55,114.69768,-59.51688,99.63,8701.45,2.31,2.21,-60.4,-0.449,18.58,19.53,04a60101o0148o
60101.017578,19.018,0.425,90,38,o,0,0.92,114.69768,-59.51688,42.62,8630.95,2.76,2.19,88.9,-0.348,18.55,19.29,04a60101o0172o
60105.699144,-20.089,0.686,-33,23,o,0,0.82,114.69768,-59.51688,8155.54,2469.13,2.42,2.16,-51.4,-0.435,18.66,19.19,03a60106o0039o
60105.722015,-19.993,0.321,-36,12,o,0,1.4,114.69768,-59.51688,8168.36,2505.46,2.32,2.11,-52.6,-0.451,19.31,20.61,03a60106o0087o
60105.724842,-21.512,1.212,-9,11,o,0,1.75,114.69768,-59.51688,8109.59,2421.67,2.37,2.1,-54.0,-0.439,19.29,20.59,03a60106o0093o
60105.730014,-20.642,0.657,-20,13,o,0,1.26,114.69768,-59.51688,8084.35,2535.64,2.41,2.19,-53.8,-0.442,19.3,20.67,03a60106o0104o
60106.960396,-21.796,2.346,-7,16,c,0,1.14,114.69768,-59.51688,8148.61,2354.85,3.18,2.7,-27.8,-0.351,19.0,20.81,04a60107o0047c
60106.96316,-21.53,1.694,-9,15,c,0,0.97,114.69768,-59.51688,8166.75,2395.23,3.06,2.54,-28.5,-0.37,19.09,20.93,04a60107o0053c
60106.969622,-23.896,14.5,-1,15,c,0,1.05,114.69768,-59.51688,8103.36,2314.67,3.07,2.6,-29.3,-0.358,19.09,21.04,04a60107o0067c
60106.989789,20.642,0.67,20,14,c,0,1.01,114.69768,-59.51688,8070.22,2434.55,2.89,2.33,-25.8,-0.409,19.14,21.1,04a60107o0110c
60124.951133,19.325,2.122,68,143,o,0,1.15,114.69768,-59.51688,686.56,638.44,3.04,2.17,37.1,-0.499,17.14,17.15,04a60125o0019o
60124.961597,20.68,1.827,19,36,o,0,1.3,114.69768,-59.51688,700.73,678.34,2.77,2.06,36.1,-0.511,18.28,18.89,04a60125o0042o
60124.964403,-19.269,0.579,-71,41,o,0,0.77,114.69768,-59.51688,635.6,604.39,3.13,2.11,38.3,-0.452,18.36,19.05,04a60125o0048o
60124.974186,-20.451,1.532,-24,37,o,0,0.87,114.69768,-59.51688,609.39,729.96,3.11,2.07,38.6,-0.471,18.42,19.21,04a60125o0069o
60126.697771,20.038,1.231,35,43,o,0,0.87,114.69768,-59.51688,10190.17,6739.08,2.56,2.16,-53.2,-0.362,18.01,17.95,03a60127o0028o
60126.701022,19.695,0.67,48,32,o,0,1.2,114.69768,-59.51688,885.96,6386.95,2.66,2.32,-60.2,-0.396,18.39,18.63,03a60127o0035o
60126.705686,-20.243,0.926,-29,27,o,0,1.05,114.69768,-59.51688,10134.43,6647.92,2.7,2.15,-55.5,-0.37,18.46,18.86,03a60127o0045o
60126.706154,21.665,3.796,8,30,o,0,1.09,114.69768,-59.51688,903.4,6423.71,2.57,2.25,-62.2,-0.413,18.58,19.01,03a60127o0046o
60126.711642,20.743,1.292,18,24,o,0,1.37,114.69768,-59.51688,848.17,6347.34,2.69,2.35,-59.3,-0.401,18.59,19.14,03a60127o0058o
60126.714481,-20.48,1.129,-23,26,o,0,1.19,114.69768,-59.51688,10112.34,6755.91,2.73,2.32,-49.0,-0.366,18.49,19.02,03a60127o0064o
60126.728579,20.532,1.282,22,28,o,0,1.16,114.69768,-59.51688,827.97,6464.68,2.73,2.4,-49.7,-0.393,18.56,19.11,03a60127o0094o
60167.398946,-20.329,0.75,-27,20,o,0,1.1,114.69768,-59.51688,2001.87,9870.39,2.89,2.17,-70.3,-0.387,18.67,20.2,04a60167o0921o
60167.40311,-20.862,1.564,-16,26,o,0,0.79,114.69768,-59.51688,1979.92,9831.07,3.05,2.35,-71.1,-0.376,18.67,20.16,04a60167o0930o
60167.410356,-25.573,84.0,0,18,o,0,1.28,114.69768,-59.51688,2040.56,9914.28,2.84,2.09,-71.9,-0.387,18.84,20.31,04a60167o0945o
60167.421411,-20.515,0.669,-23,15,o,0,1.24,114.69768,-59.51688,2059.4,9800.7,2.81,2.08,-69.8,-0.395,19.0,20.51,04a60167o0968o
60167.432342,-19.617,0.449,-52,23,o,0,1.12,114.69768,-59.51688,2016.64,9862.73,2.65,2.01,-72.6,-0.418,18.68,19.68,04a60167o0990o
60181.106694,-20.657,0.968,-20,19,o,0,0.89,114.69768,-59.51688,1362.94,6036.63,2.96,2.6,-59.3,-0.383,18.98,20.22,03a60181o0816o
60181.124857,21.266,1.417,11,16,o,0,1.3,114.69768,-59.51688,1346.06,5991.39,2.8,2.5,-59.3,-0.388,19.08,20.27,03a60181o0853o
60181.127624,-20.609,0.783,-21,16,o,0,1.18,114.69768,-59.51688,1402.24,6076.07,2.84,2.48,-56.1,-0.39,19.02,20.25,03a60181o0859o
60181.141747,21.584,1.87,8,16,o,0,1.43,114.69768,-59.51688,1426.45,5958.29,2.77,2.45,-54.0,-0.388,19.09,20.33,03a60181o0888o
60184.143141,-19.844,0.421,-42,18,o,0,1.0,114.69768,-59.51688,5615.51,10214.64,3.11,2.59,-29.6,-0.357,19.09,20.35,03a60184o0903o
60184.150965,-20.796,0.952,-17,17,o,0,1.1,114.69768,-59.51688,5594.6,10174.85,3.2,2.62,-30.7,-0.34,19.08,20.38,03a60184o0919o
60184.159247,-20.139,0.504,-32,16,o,0,1.28,114.69768,-59.51688,5656.12,10254.32,3.26,2.73,-27.8,-0.364,19.01,20.2,03a60184o0936o
60184.161234,21.59,2.529,8,21,o,0,1.05,114.69768,-59.51688,5677.69,10138.24,3.39,2.93,-27.2,-0.332,18.84,20.04,03a60184o0940o
60202.122832,20.591,1.882,21,40,c,0,0.97,114.69768,-59.51688,6440.76,8066.61,2.99,2.63,-41.6,-0.366,18.21,19.97,03a60202o0857c
60202.1247,21.104,6.091,13,80,c,0,0.72,114.69768,-59.51688,6422.71,8028.21,3.01,2.68,-40.5,-0.365,17.24,18.99,03a60202o0861c
60202.141219,20.135,1.341,32,43,c,0,1.29,114.69768,-59.51688,6483.27,8107.74,3.1,2.73,-40.7,-0.362,17.52,19.28,03a60202o0895c
60202.147783,-20.19,25.667,-30,782,c,0,1.07,114.69768,-59.51688,6506.22,7990.15,2.92,2.55,-41.7,-0.357,15.82,17.3,03a60202o0908c
60203.283205,-19.73,0.346,-46,16,o,0,0.77,114.69768,-59.51688,6625.03,8059.2,2.34,2.01,-73.1,-0.43,19.29,20.78,04a60203o0679o
60203.31529,-20.333,0.489,-27,13,o,0,1.71,114.69768,-59.51688,6594.51,8031.37,2.3,1.9,-76.2,-0.445,19.3,20.73,04a60203o0747o
60203.328378,-20.799,0.688,-17,12,o,0,1.84,114.69768,-59.51688,6652.28,8112.52,2.23,1.89,-72.3,-0.457,19.33,20.73,04a60203o0773o
60203.330656,-20.811,0.76,-17,13,o,0,1.5,114.69768,-59.51688,6672.86,7995.59,2.26,1.91,-76.1,-0.464,19.34,20.69,04a60203o0778o
60208.059545,-20.88,0.701,-16,11,c,0,1.09,114.69768,-59.51688,7697.01,4300.35,2.8,2.48,-50.5,-0.385,19.36,21.28,03a60208o0486c
60208.061877,22.978,5.25,2,12,c,0,0.97,114.69768,-59.51688,7680.56,4261.97,2.87,2.56,-52.0,-0.381,19.32,21.28,03a60208o0491c
60208.065068,-20.524,0.453,-22,10,c,0,1.27,114.69768,-59.51688,7735.74,4336.23,2.75,2.4,-50.3,-0.382,19.4,21.28,03a60208o0498c
60208.086569,-22.605,3.0,-3,10,c,0,1.2,114.69768,-59.51688,7760.5,4219.09,2.68,2.35,-49.6,-0.387,19.45,21.37,03a60208o0543c
60215.285037,-19.854,0.975,-42,40,o,0,0.97,114.69768,-59.51688,5383.48,6053.45,2.48,2.19,-65.7,-0.384,18.24,18.91,04a60215o0672o
60215.315326,24.335,51.25,1,34,o,0,1.23,114.69768,-59.51688,5361.18,6024.99,2.58,2.28,-71.3,-0.393,18.34,19.13,04a60215o0735o
60215.331386,-19.787,0.679,-44,30,o,0,1.06,114.69768,-59.51688,5420.5,6106.57,2.22,1.99,-68.8,-0.407,18.56,19.21,04a60215o0768o
60215.33417,-19.514,0.494,-57,28,o,0,1.07,114.69768,-59.51688,5440.92,5991.66,2.26,2.04,-71.1,-0.41,18.54,19.24,04a60215o0774o
60217.048367,17.712,6.09,299,1820,o,0,1.29,114.69768,-59.51688,1768.43,9740.4,3.03,2.58,-42.9,-0.378,14.48,14.13,03a60217o0690o
60217.070568,-20.763,4.343,-18,78,o,0,0.62,114.69768,-59.51688,1747.66,9693.61,2.99,2.52,-42.6,-0.381,17.86,18.1,03a60217o0737o
60217.073391,19.067,0.742,86,64,o,0,1.01,114.69768,-59.51688,1808.06,9775.64,2.97,2.51,-38.6,-0.392,17.65,17.71,03a60217o0743o
60217.078902,19.578,13.594,54,728,o,0,1.4,114.69768,-59.51688,1832.96,9657.38,3.28,2.79,-35.4,-0.36,15.85,15.75,03a60217o0755o
60220.02187,-20.352,0.672,-26,18,o,0,0.97,114.69768,-59.51688,3307.83,1899.37,2.41,2.23,-36.1,-0.417,18.88,19.7,03a60220o0633o
60220.043082,22.065,3.068,5,17,o,0,1.08,114.69768,-59.51688,3293.57,1853.19,2.2,2.04,-51.0,-0.412,19.01,19.77,03a60220o0677o
60220.056835,-20.528,0.735,-22,16,o,0,1.58,114.69768,-59.51688,3351.3,1934.97,2.27,2.1,-51.4,-0.42,18.99,19.8,03a60220o0706o
60220.059604,-20.229,0.569,-29,17,o,0,1.22,114.69768,-59.51688,3372.4,1817.45,2.25,2.04,-49.8,-0.418,19.01,19.8,03a60220o0712o
60221.239616,-19.976,0.512,-37,19,o,0,1.14,114.69768,-59.51688,3343.11,1953.5,2.4,2.16,48.5,-0.399,18.76,19.87,04a60221o0550o
60221.275361,-21.068,1.318,-14,18,o,0,1.21,114.69768,-59.51688,3315.57,1923.27,2.47,2.23,48.2,-0.39,18.84,19.95,04a60221o0624o
60221.287233,-20.774,1.026,-18,18,o,0,1.19,114.69768,-59.51688,3373.38,2007.21,2.44,2.21,44.4,-0.407,18.87,20.03,04a60221o0647o
60221.290452,-21.599,2.111,-8,18,o,0,1.21,114.69768,-59.51688,3390.65,1890.67,2.45,2.23,39.2,-0.407,18.9,19.99,04a60221o0654o
60227.282364,-21.952,1.811,-6,11,o,0,1.16,114.69768,-59.51688,382.45,4036.64,2.72,2.25,40.4,-0.352,19.21,20.94,04a60227o0650o
60227.28563,-20.317,0.51,-27,14,o,0,1.08,114.69768,-59.51688,363.49,3997.23,2.82,2.38,45.7,-0.344,19.22,20.96,04a60227o0657o
60227.287942,-20.254,0.396,-29,11,o,0,1.53,114.69768,-59.51688,9695.08,4073.92,2.82,2.35,-24.3,-0.363,19.22,20.82,04a60227o0662o
60227.291191,-20.421,0.496,-25,12,o,0,1.2,114.69768,-59.51688,9676.45,4037.75,2.76,2.27,-23.1,-0.38,19.23,20.9,04a60227o0669o
60227.292105,-20.132,0.341,-32,11,o,0,1.18,114.69768,-59.51688,422.93,4080.9,2.57,2.11,46.7,-0.372,19.34,20.99,04a60227o0671o
60227.305129,20.835,0.752,17,13,o,0,1.19,114.69768,-59.51688,9736.28,4116.36,2.55,2.32,-29.0,-0.406,19.28,20.8,04a60227o0698o
60227.307048,-21.18,0.905,-12,11,o,0,1.25,114.69768,-59.51688,447.05,3970.21,2.61,2.07,45.8,-0.369,19.32,20.9,04a60227o0702o
60227.322206,-20.364,0.515,-26,13,o,0,1.11,114.69768,-59.51688,9758.28,4006.77,2.58,2.19,-21.7,-0.409,19.29,20.75,04a60227o0734o
60244.059784,-20.536,1.205,-22,27,o,0,0.81,114.69768,-59.51688,10194.33,8294.55,2.93,2.32,-50.1,-0.403,18.68,19.39,03a60244o0630o
60244.076465,-20.122,0.765,-32,25,o,0,1.05,114.69768,-59.51688,10179.23,8257.61,2.76,2.24,-48.3,-0.386,18.76,19.46,03a60244o0665o
60244.093223,-20.492,0.896,-23,21,o,0,1.24,114.69768,-59.51688,10242.59,8337.94,2.82,2.33,-48.6,-0.386,18.81,19.58,03a60244o0698o
60244.100449,-21.296,3.021,-11,33,o,0,1.22,114.69768,-59.51688,10267.87,8221.4,2.84,2.2,-49.8,-0.373,18.22,18.87,03a60244o0713o
60250.055174,-17.025,1.287,-562,724,o,0,1.04,114.69768,-59.51688,1505.79,1843.05,2.32,2.03,-65.8,-0.399,15.66,16.01,03a60250o0618o
60250.077334,18.189,0.935,192,180,o,0,1.09,114.69768,-59.51688,1496.37,1799.22,2.19,1.98,-53.7,-0.449,16.31,16.5,03a60250o0663o
60250.080553,20.33,17.929,27,480,o,0,1.24,114.69768,-59.51688,1552.32,1882.83,2.25,1.97,-60.5,-0.412,16.02,16.22,03a60250o0670o
60250.095308,16.963,0.802,595,477,o,0,1.48,114.69768,-59.51688,1578.76,1766.98,2.14,1.91,-54.2,-0.435,15.67,15.85,03a60250o0700o
60251.296966,21.592,2.314,8,19,o,0,1.09,114.69768,-59.51688,1523.01,2005.96,3.32,2.79,43.7,-0.36,18.8,20.26,04a60251o0542o
60251.299768,-20.495,0.791,-23,18,o,0,1.1,114.69768,-59.51688,1504.78,1967.43,3.05,2.54,44.2,-0.361,18.87,20.28,04a60251o0548o
60251.327578,-20.708,0.848,-19,16,o,0,1.12,114.69768,-59.51688,1583.86,2057.96,2.73,2.29,47.6,-0.402,19.02,20.34,04a60251o0607o
60251.333677,-20.986,1.237,-15,18,o,0,0.8,114.69768,-59.51688,1606.09,1946.12,2.65,2.19,44.6,-0.406,19.05,20.34,04a60251o0620o
60259.001952,-25.331,31.5,0,8,c,0,1.03,114.69768,-59.51688,7708.47,4306.74,2.45,2.1,-59.2,-0.403,19.64,21.56,03a60259o0485c
60259.004719,-21.869,1.271,-6,8,c,0,1.13,114.69768,-59.51688,7692.5,4267.91,2.45,2.13,-58.0,-0.401,19.69,21.57,03a60259o0491c
60259.02787,-21.827,1.277,-7,9,c,0,1.19,114.69768,-59.51688,7755.18,4347.19,2.52,2.22,-61.0,-0.396,19.62,21.57,03a60259o0539c
60259.045101,22.196,1.639,5,8,c,0,1.15,114.69768,-59.51688,7783.6,4230.61,2.45,2.14,-59.6,-0.398,19.67,21.57,03a60259o0576c
60263.321414,20.309,0.758,27,21,o,0,0.99,114.69768,-59.51688,7980.04,10153.18,2.68,2.31,-72.2,-0.387,18.95,20.39,04a60263o0650o
60263.324236,24.936,45.5,0,18,o,0,1.12,114.69768,-59.51688,7960.87,10116.2,2.51,2.29,-72.8,-0.411,19.07,20.46,04a60263o0656o
60263.344768,-20.846,2.132,-17,36,o,0,1.24,114.69768,-59.51688,8044.14,10198.24,2.18,2.11,-23.2,-0.428,18.37,19.67,04a60263o0699o
60263.349012,19.508,0.865,57,49,o,0,1.28,114.69768,-59.51688,8069.32,10081.64,2.24,2.12,-20.7,-0.392,17.86,19.06,04a60263o0708o
60277.014985,20.988,1.625,15,24,o,0,1.08,114.69768,-59.51688,360.14,3854.13,2.98,2.48,-78.2,-0.336,18.71,19.54,03a60277o0459o
60287.307037,-20.707,0.344,-19,6,o,0,1.04,114.69768,-59.51688,4908.47,6200.98,2.38,1.99,-77.9,-0.431,20.17,20.9,04a60287o0193o
60287.311173,-21.131,0.545,-13,7,o,0,0.87,114.69768,-59.51688,4926.34,6235.62,2.43,2.09,-78.2,-0.42,20.08,20.84,04a60287o0196o
60287.318091,-21.597,0.841,-8,7,o,0,0.74,114.69768,-59.51688,4866.9,6153.48,2.35,2.01,-85.7,-0.426,20.15,20.92,04a60287o0201o
60292.199935,22.252,2.268,5,10,o,0,1.18,114.69768,-59.51688,8887.0,1629.28,2.85,1.96,-24.9,-0.377,19.53,20.37,04a60292o0107o
60292.202694,-20.976,0.636,-15,9,o,0,0.87,114.69768,-59.51688,8871.54,1591.95,2.84,2.04,-21.9,-0.376,19.78,20.64,04a60292o0109o
60292.21833,-20.71,1.037,-19,20,o,0,0.91,114.69768,-59.51688,8936.88,1674.19,2.83,2.09,-21.6,-0.365,19.52,20.42,04a60292o0120o
60296.243983,-20.596,0.616,-21,13,o,0,0.84,114.69768,-59.51688,3800.79,10377.63,2.38,1.81,-65.4,-0.457,19.54,21.21,04a60296o0484o
60296.279334,-20.627,0.613,-20,12,o,0,1.3,114.69768,-59.51688,3817.66,10346.99,2.36,1.78,-70.8,-0.464,19.52,21.16,04a60296o0559o
60296.29903,-22.077,1.895,-5,10,o,0,1.52,114.69768,-59.51688,7080.19,260.12,2.2,1.99,-26.5,-0.46,19.48,21.09,04a60296o0600o
60296.301294,-20.83,1.027,-17,17,o,0,1.24,114.69768,-59.51688,3221.4,10491.54,2.16,1.66,-65.8,-0.553,19.5,21.12,04a60296o0605o
60296.302196,-21.619,1.579,-8,13,o,0,0.94,114.69768,-59.51688,7055.27,373.57,2.09,2.0,-25.0,-0.482,19.49,21.13,04a60296o0607o
60296.304454,19.298,3.149,69,218,o,0,0.02,114.69768,-59.51688,3237.66,10527.76,2.17,1.71,-64.1,-0.55,19.45,21.11,04a60296o0612o
60296.326108,-21.533,1.808,-9,16,o,0,0.91,114.69768,-59.51688,3177.02,10435.61,2.46,1.87,-64.5,-0.492,19.4,21.05,04a60296o0657o
60297.989797,-20.38,0.425,-26,11,o,0,0.75,114.69768,-59.51688,6951.8,6425.64,2.28,1.98,-50.9,-0.436,19.6,21.09,03a60298o0414o
60297.991617,-20.391,0.349,-25,9,o,0,1.44,114.69768,-59.51688,6935.04,6386.32,2.25,1.91,-51.5,-0.435,19.6,21.1,03a60298o0418o
60297.994404,-20.404,0.355,-25,9,o,0,1.63,114.69768,-59.51688,6992.88,6463.24,2.25,1.9,-51.3,-0.433,19.64,21.13,03a60298o0424o
60298.029922,-21.177,0.623,-12,8,o,0,2.02,114.69768,-59.51688,7031.8,6350.25,2.18,1.91,-52.5,-0.446,19.63,21.15,03a60298o0498o
60300.284446,20.764,0.908,18,16,o,0,0.79,114.69768,-59.51688,9277.13,8654.77,2.26,2.03,-28.0,-0.496,19.51,21.02,04a60300o0531o
60300.287614,21.703,1.902,8,14,o,0,1.16,114.69768,-59.51688,9294.82,8692.97,2.24,1.98,-18.3,-0.513,19.47,21.01,04a60300o0538o
60300.31868,-21.13,0.916,-13,12,o,0,1.45,114.69768,-59.51688,9228.1,8592.97,2.27,1.96,-9.6,-0.427,19.41,20.96,04a60300o0604o
60300.32413,24.081,15.333,1,13,o,0,1.16,114.69768,-59.51688,9207.41,8704.87,2.34,1.99,-2.7,-0.413,19.4,20.92,04a60300o0616o
60304.214964,16.056,0.366,1373,502,o,0,1.58,114.69768,-59.51688,7080.61,1830.74,2.37,2.06,-18.9,-0.432,15.23,15.55,04a60304o0416o
60304.216792,-16.487,1.326,-923,1223,o,0,1.39,114.69768,-59.51688,7062.57,1792.83,2.44,2.06,-18.7,-0.431,14.97,15.12,04a60304o0420o
60304.237947,17.652,6.741,316,2127,o,0,0.95,114.69768,-59.51688,7140.38,1873.7,2.32,2.15,-13.3,-0.503,13.84,13.72,04a60304o0464o
60304.240776,15.696,0.686,1913,1312,o,0,1.09,114.69768,-59.51688,7160.13,1756.46,2.42,2.21,-28.6,-0.381,14.99,15.11,04a60304o0470o
60308.259669,-21.151,1.224,-13,15,o,0,1.34,114.69768,-59.51688,3002.63,6323.67,2.45,2.07,-73.3,-0.403,18.96,19.97,04a60308o0478o
60308.262893,20.974,1.311,15,19,o,0,1.01,114.69768,-59.51688,3018.19,6359.49,2.35,2.03,-73.3,-0.413,18.91,19.84,04a60308o0485o
60308.2973,19.214,0.76,75,57,o,0,1.09,114.69768,-59.51688,2948.81,6257.83,2.3,2.0,-73.1,-0.413,17.49,18.15,04a60308o0558o
60308.306541,19.443,1.13,61,68,o,0,0.71,114.69768,-59.51688,2925.71,6367.1,2.54,2.14,-76.5,-0.395,17.66,18.26,04a60308o0576o
60312.246546,19.855,0.352,42,15,o,0,0.95,114.69768,-59.51688,2926.98,503.91,2.07,1.84,36.2,-0.471,19.22,20.46,04a60312o0404o
60312.249732,19.642,0.327,50,16,o,0,0.72,114.69768,-59.51688,2946.89,539.0,2.02,1.85,37.0,-0.48,19.18,20.43,04a60312o0411o
60312.284201,20.36,0.596,26,16,o,0,0.99,114.69768,-59.51688,2871.96,438.74,2.0,1.76,41.1,-0.483,19.23,20.47,04a60312o0484o
60312.294375,20.968,0.851,15,13,o,0,1.43,114.69768,-59.51688,2843.99,549.57,2.09,1.84,45.6,-0.47,19.19,20.44,04a60312o0506o
60314.021359,21.492,1.074,9,10,o,0,1.69,114.69768,-59.51688,5285.44,4566.6,2.11,2.0,-53.7,-0.416,19.43,20.65,03a60314o0463o
60314.024585,20.746,0.663,18,12,o,0,0.82,114.69768,-59.51688,5302.62,4603.43,2.12,1.97,-60.4,-0.414,19.43,20.67,03a60314o0470o
60314.030083,-22.489,2.562,-4,9,o,0,1.49,114.69768,-59.51688,5244.74,4524.14,2.13,2.0,-57.8,-0.417,19.45,20.72,03a60314o0482o
60314.063724,20.88,0.746,16,12,o,0,0.85,114.69768,-59.51688,5213.29,4642.38,2.22,2.01,-59.2,-0.417,19.41,20.68,03a60314o0553o
60316.215566,22.567,3.909,3,13,o,0,0.72,114.69768,-59.51688,8868.08,782.39,2.48,2.09,-26.5,-0.428,19.48,21.15,04a60316o0337o
60316.218923,-20.66,0.639,-20,13,o,0,0.91,114.69768,-59.51688,8887.12,820.22,2.46,2.08,-26.0,-0.427,19.51,21.16,04a60316o0344o
60316.224893,-20.594,0.623,-21,13,o,0,0.79,114.69768,-59.51688,8822.31,733.89,2.51,2.13,-25.4,-0.423,19.49,21.15,04a60316o0356o
60316.256754,-22.005,1.914,-6,11,o,0,1.08,114.69768,-59.51688,8785.48,830.94,2.44,2.19,-25.8,-0.429,19.46,21.06,04a60316o0423o
60320.224529,19.682,1.034,49,50,o,0,2.0,114.69768,-59.51688,7430.69,8658.25,2.2,1.94,-31.1,-0.432,17.54,18.8,04a60320o0431o
60320.227764,18.03,0.693,223,154,o,0,1.47,114.69768,-59.51688,7447.56,8695.11,2.2,1.93,-27.2,-0.412,16.72,17.94,04a60320o0438o
60320.233253,-20.043,5.524,-35,193,o,0,1.15,114.69768,-59.51688,7389.69,8610.77,2.17,1.89,-29.0,-0.415,16.41,17.64,04a60320o0450o
60320.26703,18.255,0.55,181,100,o,0,1.96,114.69768,-59.51688,7359.09,8706.69,2.04,1.79,-24.3,-0.437,18.12,19.4,04a60320o0521o
60321.9686,-21.332,0.789,-11,8,c,0,1.0,114.69768,-59.51688,5367.06,8661.84,2.53,2.28,-52.8,-0.376,19.69,21.65,03a60322o0416c
60321.972247,22.471,2.261,4,8,c,0,1.04,114.69768,-59.51688,5383.22,8701.17,2.59,2.4,-50.4,-0.375,19.65,21.63,03a60322o0424c
60321.995513,24.798,18.0,0,8,c,0,1.38,114.69768,-59.51688,5329.65,8624.76,2.46,2.27,-54.8,-0.375,19.68,21.59,03a60322o0472c
60322.020325,-21.758,1.14,-7,8,c,0,1.12,114.69768,-59.51688,5305.87,8747.54,2.47,2.24,-62.3,-0.377,19.68,21.64,03a60322o0523c
60324.228801,-21.155,1.292,-12,16,o,0,0.94,114.69768,-59.51688,811.41,679.2,1.98,1.75,37.7,-0.558,19.46,20.94,04a60324o0440o
60324.231619,20.112,0.364,33,12,o,0,1.77,114.69768,-59.51688,830.66,715.57,2.05,1.77,36.8,-0.541,19.43,20.93,04a60324o0446o
60324.266744,21.033,1.077,14,15,o,0,1.69,114.69768,-59.51688,753.56,617.13,2.14,1.77,39.0,-0.531,19.37,20.9,04a60324o0520o
60324.272385,20.091,0.575,33,19,o,0,0.96,114.69768,-59.51688,728.6,730.82,2.09,1.78,35.0,-0.515,19.44,20.88,04a60324o0532o
60328.18561,-21.315,1.038,-11,11,o,0,1.24,114.69768,-59.51688,6235.77,2442.37,2.28,2.12,-23.6,-0.43,19.22,20.74,04a60328o0350o
60328.220059,-21.52,1.449,-9,13,o,0,0.62,114.69768,-59.51688,6242.83,2456.17,2.14,1.97,-19.2,-0.478,19.48,21.08,04a60328o0423o
60328.223262,22.184,1.757,5,8,o,0,1.86,114.69768,-59.51688,6181.78,2375.17,2.16,1.99,-20.5,-0.478,19.45,21.08,04a60328o0430o
60328.251834,-20.494,0.453,-23,10,o,0,1.04,114.69768,-59.51688,6149.36,2476.3,2.19,2.1,-48.7,-0.493,19.45,21.06,04a60328o0489o
60332.17154,-20.093,0.489,-33,16,o,0,1.56,114.69768,-59.51688,7383.18,4506.12,2.34,2.03,-27.2,-0.469,18.86,19.7,04a60332o0324o
60332.174321,-21.436,2.129,-10,21,o,0,1.09,114.69768,-59.51688,7400.69,4543.44,2.27,1.96,-30.0,-0.461,18.88,19.7,04a60332o0330o
60332.179838,-21.054,1.333,-14,18,o,0,1.26,114.69768,-59.51688,7340.74,4460.09,2.26,1.97,-28.1,-0.462,18.88,19.69,04a60332o0342o
60332.19126,-20.343,0.684,-26,18,o,0,1.13,114.69768,-59.51688,7316.75,4565.81,2.31,2.02,-22.3,-0.447,18.81,19.68,04a60332o0367o
60333.923712,-19.698,0.805,-48,39,o,0,1.05,114.69768,-59.51688,4985.22,342.59,2.33,2.11,-58.7,-0.354,18.23,18.58,03a60334o0326o
60333.926528,-25.29,100.5,0,28,o,0,1.15,114.69768,-59.51688,5004.68,382.72,2.28,2.11,-57.0,-0.368,18.59,19.08,03a60334o0332o
60333.933959,-23.281,11.929,-2,21,o,0,1.16,114.69768,-59.51688,4943.96,303.8,2.3,2.07,-53.1,-0.37,18.73,19.28,03a60334o0348o
60333.938581,-20.237,1.17,-29,34,o,0,1.05,114.69768,-59.51688,1091.4,10495.17,2.69,2.27,-52.2,-0.449,18.53,18.96,03a60334o0358o
60333.969528,-24.255,26.4,-1,19,o,0,1.24,114.69768,-59.51688,4916.22,429.91,2.45,2.28,-43.3,-0.367,18.81,19.47,03a60334o0422o
60335.089798,-20.174,0.897,-31,28,o,0,0.87,114.69768,-59.51688,4968.74,365.63,2.16,1.94,-52.1,-0.369,18.52,18.83,03a60335o0518o
60335.099083,20.902,2.008,16,32,o,0,1.18,114.69768,-59.51688,4986.33,404.66,2.24,2.0,-53.6,-0.377,18.49,18.83,03a60335o0535o
60335.107802,23.069,11.556,2,25,o,0,1.29,114.69768,-59.51688,4922.33,326.2,2.1,1.93,-39.1,-0.411,18.53,18.77,03a60335o0551o
60335.11754,19.171,0.459,78,36,o,0,1.0,114.69768,-59.51688,4896.75,442.73,2.23,1.99,-54.4,-0.367,18.25,18.32,03a60335o0569o
60336.167493,-20.362,0.978,-26,26,o,0,1.04,114.69768,-59.51688,4908.38,6199.29,2.16,1.88,-52.4,-0.478,18.69,19.23,04a60336o0323o
60336.17067,-23.398,15.455,-2,24,o,0,1.26,114.69768,-59.51688,4926.09,6234.88,2.17,1.92,-53.0,-0.478,18.7,19.23,04a60336o0330o
60336.177122,-20.18,0.934,-31,29,o,0,0.88,114.69768,-59.51688,4867.99,6152.19,2.15,1.91,-50.6,-0.485,18.72,19.22,04a60336o0344o
60336.211552,21.896,4.786,6,30,o,0,0.73,114.69768,-59.51688,4836.13,6246.84,2.21,1.91,-56.4,-0.479,18.67,19.2,04a60336o0418o
60337.92444,21.943,59.2,6,359,o,0,1.2,114.69768,-59.51688,2104.43,2601.44,2.37,2.12,-65.3,-0.408,16.5,17.17,03a60338o0324o
60337.959323,-17.862,18.0,-260,4684,o,0,0.77,114.69768,-59.51688,2045.15,2528.85,2.24,1.97,-65.4,-0.432,13.19,12.91,03a60338o0397o
60337.965721,18.486,1.685,146,247,o,0,1.09,114.69768,-59.51688,2020.47,2644.88,2.32,2.08,-62.2,-0.414,15.71,15.82,03a60338o0411o
60340.180847,-20.405,0.651,-25,16,o,0,1.17,114.69768,-59.51688,8476.22,6560.59,2.45,2.16,-18.0,-0.42,19.07,20.19,04a60340o0349o
60340.184053,-19.867,0.422,-41,17,o,0,0.93,114.69768,-59.51688,8492.05,6598.56,2.43,2.09,-15.0,-0.425,19.08,20.18,04a60340o0356o
60340.190438,-20.668,0.798,-20,16,o,0,1.01,114.69768,-59.51688,8432.44,6514.14,2.39,2.05,-19.1,-0.428,19.11,20.21,04a60340o0370o
60340.201927,-20.236,0.711,-29,21,o,0,0.99,114.69768,-59.51688,8409.21,6622.19,2.2,2.05,-35.9,-0.473,19.07,20.19,04a60340o0395o
60342.091246,-22.659,6.778,-3,21,o,0,0.76,114.69768,-59.51688,1655.45,8887.05,2.64,2.3,-48.8,-0.383,18.97,19.99,03a60342o0243o
60342.100129,21.426,6.513,10,64,o,0,1.06,114.69768,-59.51688,1619.5,8848.12,2.86,2.47,-45.5,-0.411,18.35,19.95,03a60342o0261o
60342.110642,-19.682,0.375,-49,18,o,0,1.36,114.69768,-59.51688,1597.72,8966.79,2.69,2.34,-43.0,-0.4,18.99,19.91,03a60342o0282o
60344.163333,25.103,83.0,0,27,o,0,0.99,114.69768,-59.51688,10297.2,2415.69,2.69,2.42,-26.6,-0.397,18.73,20.31,04a60344o0317o
60344.166107,19.979,1.349,37,50,o,0,1.11,114.69768,-59.51688,10315.08,2454.24,2.76,2.27,-26.2,-0.386,18.33,19.84,04a60344o0323o
60344.17022,21.826,5.176,7,35,o,0,0.91,114.69768,-59.51688,448.38,2368.1,2.46,1.91,47.2,-0.406,18.24,19.72,04a60344o0332o
60344.17157,19.588,0.647,53,34,o,0,1.24,114.69768,-59.51688,10249.81,2368.99,2.7,2.15,-23.4,-0.391,18.42,19.93,04a60344o0335o
60344.17384,-21.432,3.958,-10,38,o,0,1.03,114.69768,-59.51688,467.28,2402.89,2.35,1.92,50.5,-0.43,18.3,19.78,04a60344o0340o
60344.179329,23.051,10.25,2,22,o,0,1.27,114.69768,-59.51688,402.21,2326.34,2.46,1.92,46.5,-0.412,18.81,20.34,04a60344o0352o
60344.184371,-19.445,0.914,-60,55,o,0,0.89,114.69768,-59.51688,10222.56,2477.52,2.89,2.3,-22.0,-0.383,18.0,19.56,04a60344o0363o
60344.189941,-18.088,0.456,-211,96,o,0,1.04,114.69768,-59.51688,376.63,2435.52,2.63,2.05,45.2,-0.407,17.37,18.86,04a60344o0375o
60345.906575,21.293,0.91,11,10,o,0,1.06,114.69768,-59.51688,7090.49,337.81,2.39,2.18,-57.5,-0.398,19.51,21.14,03a60346o0282o
60345.909837,23.357,6.818,2,11,o,0,0.97,114.69768,-59.51688,7109.77,378.68,2.45,2.26,-61.1,-0.392,19.48,21.1,03a60346o0289o
60345.915892,-20.859,0.645,-16,11,o,0,1.04,114.69768,-59.51688,7050.76,297.92,2.46,2.24,-57.2,-0.386,19.48,21.1,03a60346o0302o
60345.918686,-21.263,1.121,-11,13,o,0,0.85,114.69768,-59.51688,2942.78,10399.01,2.86,2.5,-32.3,-0.4,19.49,21.15,03a60346o0308o
60345.92146,-20.404,0.523,-25,13,o,0,1.12,114.69768,-59.51688,2959.27,10438.01,2.84,2.48,-31.9,-0.402,19.47,21.1,03a60346o0314o
60345.930698,25.17,37.0,0,12,o,0,1.01,114.69768,-59.51688,7025.79,416.3,2.5,2.3,-57.6,-0.391,19.47,21.11,03a60346o0334o
60345.931617,-20.566,0.63,-22,14,o,0,1.17,114.69768,-59.51688,2907.76,10361.06,2.9,2.55,-33.1,-0.387,19.47,21.13,03a60346o0336o
60345.939107,-20.746,0.733,-18,13,o,0,1.11,114.69768,-59.51688,2884.24,10480.54,2.99,2.61,-31.9,-0.392,19.41,21.17,03a60346o0352o
60348.172528,21.482,1.227,9,11,o,0,1.22,114.69768,-59.51688,3720.28,4157.61,2.09,1.96,-80.3,-0.448,19.29,20.82,04a60348o0343o
60348.175727,-21.049,1.055,-14,15,o,0,1.47,114.69768,-59.51688,3737.59,4193.58,1.98,1.92,-59.9,-0.469,19.13,20.64,04a60348o0350o
60348.181736,-23.379,9.5,-2,15,o,0,1.01,114.69768,-59.51688,3675.68,4113.41,2.01,1.94,-75.2,-0.459,19.08,20.55,04a60348o0363o
60348.193241,20.965,1.673,15,25,o,0,1.23,114.69768,-59.51688,3649.63,4223.7,2.06,1.97,-78.4,-0.443,18.48,19.9,04a60348o0388o
60349.908568,22.629,5.556,3,18,o,0,1.26,114.69768,-59.51688,9030.1,8737.76,2.88,2.11,-69.6,-0.439,18.92,21.09,03a60350o0285o
60349.911639,-20.846,0.979,-17,16,o,0,1.4,114.69768,-59.51688,9047.03,8778.9,2.79,2.11,-70.7,-0.434,18.96,21.08,03a60350o0291o
60349.917228,-21.576,1.88,-8,16,o,0,1.2,114.69768,-59.51688,8992.2,8695.92,2.75,2.1,-69.2,-0.439,18.97,21.05,03a60350o0302o
60349.927467,-23.039,7.143,-2,16,o,0,1.73,114.69768,-59.51688,8971.56,8811.42,2.64,2.01,-67.2,-0.446,18.98,21.02,03a60350o0322o
60352.154433,-21.245,0.845,-12,10,o,0,1.12,114.69768,-59.51688,4202.4,2507.21,1.88,1.87,27.3,-0.489,19.49,21.14,04a60352o0308o
60352.157612,22.237,2.289,5,11,o,0,1.24,114.69768,-59.51688,4218.88,2543.57,1.93,1.9,27.1,-0.484,19.49,21.17,04a60352o0315o
60352.163139,-21.656,1.518,-8,12,o,0,1.03,114.69768,-59.51688,4157.57,2462.27,2.02,1.96,-3.1,-0.512,19.49,21.16,04a60352o0327o
60352.173702,22.31,2.027,4,9,o,0,1.72,114.69768,-59.51688,4130.52,2573.1,1.92,1.85,53.9,-0.473,19.52,21.16,04a60352o0350o
60353.900008,-23.108,4.286,-2,9,o,0,1.41,114.69768,-59.51688,3507.83,8746.55,2.44,2.2,-43.0,-0.392,19.52,21.1,03a60354o0301o
60353.903317,-20.549,0.494,-22,11,o,0,0.91,114.69768,-59.51688,3525.04,8785.93,2.4,2.15,-41.7,-0.397,19.59,21.15,03a60354o0308o
60353.908898,-21.155,0.841,-12,10,o,0,0.75,114.69768,-59.51688,3471.69,8708.66,2.45,2.18,-46.1,-0.389,19.57,21.14,03a60354o0320o
60353.920489,-20.624,0.562,-20,12,o,0,1.18,114.69768,-59.51688,3450.32,8826.28,2.54,2.3,-47.1,-0.386,19.32,20.96,03a60354o0345o
60356.142088,21.128,0.882,13,11,o,0,1.44,114.69768,-59.51688,8252.14,2381.68,2.33,2.07,-20.6,-0.423,19.42,21.0,04a60356o0287o
60356.145855,-23.177,7.0,-2,14,o,0,1.19,114.69768,-59.51688,8270.07,2419.99,2.42,2.07,-19.0,-0.416,19.42,21.05,04a60356o0294o
60356.152307,22.95,5.25,2,13,o,0,1.19,114.69768,-59.51688,8205.16,2335.0,2.33,2.04,-23.1,-0.416,19.47,21.07,04a60356o0308o
60356.162362,-24.076,12.667,-1,11,o,0,1.4,114.69768,-59.51688,8180.3,2444.42,2.27,2.06,-26.7,-0.418,19.45,21.04,04a60356o0330o
60357.891739,-20.325,0.454,-27,12,o,0,1.29,114.69768,-59.51688,2826.66,6233.44,2.25,2.08,-54.1,-0.394,19.34,20.49,03a60358o0292o
60357.894917,-20.199,0.402,-30,12,o,0,1.06,114.69768,-59.51688,2843.08,6272.85,2.35,2.14,-54.9,-0.39,19.3,20.5,03a60358o0299o
60357.900453,-20.108,0.375,-33,12,o,0,0.9,114.69768,-59.51688,2789.2,6196.46,2.28,2.12,-55.0,-0.391,19.3,20.5,03a60358o0311o
60357.921762,-22.15,2.421,-5,12,o,0,1.1,114.69768,-59.51688,2765.54,6315.87,2.39,2.1,-65.0,-0.393,19.35,20.63,03a60358o0357o
60360.154068,18.718,0.653,118,77,o,0,1.38,114.69768,-59.51688,6794.64,6090.11,2.05,1.96,-45.4,-0.444,17.15,17.42,04a60360o0319o
60360.157273,-20.128,1.895,-32,61,o,0,0.81,114.69768,-59.51688,6811.58,6127.13,2.06,1.86,-25.5,-0.45,17.91,18.79,04a60360o0326o
60360.16368,-20.379,0.747,-26,19,o,0,1.02,114.69768,-59.51688,6751.59,6044.8,2.08,1.94,-44.2,-0.479,19.04,19.98,04a60360o0340o
60360.173793,-20.644,2.191,-20,44,o,0,1.16,114.69768,-59.51688,6725.58,6156.58,2.09,1.91,-29.4,-0.445,18.12,18.73,04a60360o0362o
60361.901281,-20.921,1.615,-16,25,o,0,0.92,114.69768,-59.51688,2895.78,422.95,2.51,2.17,73.1,-0.384,18.56,19.83,03a60362o0285o
60361.904306,-19.987,0.688,-37,25,o,0,1.15,114.69768,-59.51688,2916.89,462.7,2.45,2.18,71.7,-0.386,18.54,19.82,03a60362o0291o
60361.919118,20.89,1.153,16,18,o,0,1.11,114.69768,-59.51688,2854.97,387.26,2.44,2.28,-63.1,-0.374,18.89,19.79,03a60362o0301o
60361.924612,-22.278,4.071,-4,18,o,0,1.19,114.69768,-59.51688,2830.96,505.24,2.58,2.42,-78.3,-0.356,18.87,19.78,03a60362o0313o
60364.15487,-22.825,8.333,-3,22,o,0,1.23,114.69768,-59.51688,5402.18,4516.4,2.2,2.06,-62.1,-0.469,18.52,19.1,04a60364o0259o
60364.158056,-20.459,1.124,-24,27,o,0,0.98,114.69768,-59.51688,5419.0,4553.37,2.13,2.04,-60.8,-0.445,18.55,19.1,04a60364o0266o
60364.163552,-20.611,1.141,-21,24,o,0,0.9,114.69768,-59.51688,5358.81,4473.21,2.13,1.98,-68.4,-0.462,18.56,19.09,04a60364o0278o
60364.185191,-21.058,2.021,-14,28,o,0,0.95,114.69768,-59.51688,5328.81,4580.53,2.12,2.0,-57.3,-0.468,18.53,19.03,04a60364o0325o
60365.875437,21.29,1.889,11,21,o,0,1.68,114.69768,-59.51688,8816.53,858.2,2.93,2.56,-59.4,-0.411,18.63,19.55,03a60366o0271o
60365.878643,21.497,2.61,9,24,o,0,1.17,114.69768,-59.51688,8835.25,899.27,3.07,2.68,-59.1,-0.408,18.6,19.53,03a60366o0278o
60365.886035,21.927,4.52,6,28,o,0,0.92,114.69768,-59.51688,8775.63,816.8,3.18,2.83,-60.7,-0.41,18.53,19.51,03a60366o0294o
60365.89619,-20.285,0.88,-28,25,o,0,0.85,114.69768,-59.51688,8749.43,933.88,2.77,2.43,-56.9,-0.418,18.65,19.49,03a60366o0316o
60368.144059,20.987,1.059,15,16,o,0,1.28,114.69768,-59.51688,1746.47,4306.05,2.18,1.88,72.6,-0.391,18.99,19.89,04a60368o0311o
60368.146829,-20.33,0.614,-27,16,o,0,0.74,114.69768,-59.51688,1762.82,4342.56,2.18,1.93,75.2,-0.396,18.97,19.87,04a60368o0317o
60368.152408,-20.264,0.623,-28,18,o,0,0.85,114.69768,-59.51688,1703.88,4263.76,2.14,1.99,79.3,-0.411,18.96,19.86,04a60368o0329o
60368.163103,-19.434,0.283,-61,17,o,0,0.96,114.69768,-59.51688,1677.16,4376.19,2.14,1.86,71.0,-0.392,18.93,19.83,04a60368o0352o
60369.894131,22.338,3.111,4,13,o,0,1.41,114.69768,-59.51688,7181.49,8696.89,2.62,2.13,-51.4,-0.404,19.17,20.14,03a60370o0196o
60369.897417,-20.336,0.497,-27,13,o,0,1.16,114.69768,-59.51688,7199.09,8737.89,2.41,2.05,-51.3,-0.418,19.2,20.15,03a60370o0203o
60369.902682,-20.738,1.032,-18,19,o,0,0.91,114.69768,-59.51688,7145.51,8656.33,2.51,2.06,-51.5,-0.416,19.16,20.17,03a60370o0214o
60369.913288,-19.997,0.432,-36,16,o,0,1.33,114.69768,-59.51688,7125.05,8772.11,2.62,2.22,-52.1,-0.409,19.04,20.05,03a60370o0237o
60377.85637,-21.906,1.078,-6,7,c,0,1.11,114.69768,-59.51688,6143.72,2447.19,2.24,2.09,-49.7,-0.423,19.83,21.89,03a60378o0250c
60377.85958,21.439,0.85,10,8,c,0,0.9,114.69768,-59.51688,6163.38,2487.08,2.24,2.07,-57.4,-0.411,19.83,21.88,03a60378o0257c
60377.865679,-22.134,1.415,-5,7,c,0,1.27,114.69768,-59.51688,6103.68,2408.28,2.29,2.07,-59.4,-0.413,19.83,21.87,03a60378o0270c
60377.876115,-21.224,0.705,-12,8,c,0,1.13,114.69768,-59.51688,6079.81,2523.13,2.37,2.17,-63.2,-0.407,19.76,21.85,03a60378o0292c
60380.122511,-20.527,0.522,-22,12,o,0,1.41,114.69768,-59.51688,9327.0,4459.54,2.45,2.22,-26.6,-0.437,19.4,20.83,04a60380o0286o
60380.125695,-20.628,0.682,-20,14,o,0,0.92,114.69768,-59.51688,9343.42,4497.38,2.35,2.17,-12.7,-0.433,19.41,20.82,04a60380o0293o
60380.131184,-20.721,0.593,-19,11,o,0,1.35,114.69768,-59.51688,9282.01,4414.02,2.47,2.13,-20.0,-0.433,19.38,20.85,04a60380o0305o
60380.141094,22.114,2.333,5,12,o,0,1.0,114.69768,-59.51688,9256.73,4525.45,2.34,2.0,-15.1,-0.441,19.44,20.81,04a60380o0326o
60381.848375,21.256,0.841,11,10,c,0,0.94,114.69768,-59.51688,7238.23,4539.15,2.56,2.2,-56.4,-0.396,19.55,21.62,03a60382o0206c
60381.851243,22.074,1.758,5,9,c,0,1.33,114.69768,-59.51688,7255.23,4578.89,2.49,2.19,-59.1,-0.401,19.55,21.66,03a60382o0212c
60381.858566,-20.859,1.0,-16,16,c,0,1.46,114.69768,-59.51688,7200.43,4499.47,2.52,2.21,-57.0,-0.399,18.87,20.87,03a60382o0226c
60381.869344,-22.366,2.074,-4,8,c,0,1.04,114.69768,-59.51688,7176.35,4613.68,2.56,2.25,-57.0,-0.399,19.72,21.85,03a60382o0249c
60384.105837,-21.961,2.14,-6,13,o,0,0.96,114.69768,-59.51688,5006.39,334.21,2.1,2.0,29.8,-0.483,19.35,20.73,04a60384o0261o
60384.108611,-20.53,0.607,-22,14,o,0,1.34,114.69768,-59.51688,5027.18,371.25,2.24,2.14,15.2,-0.498,19.33,20.75,04a60384o0267o
60384.115197,21.477,1.232,9,12,o,0,1.23,114.69768,-59.51688,4959.0,290.31,2.04,1.98,42.5,-0.496,19.35,20.79,04a60384o0281o
60384.127265,-22.012,2.116,-6,12,o,0,1.19,114.69768,-59.51688,4931.69,403.31,2.03,1.96,45.5,-0.489,19.37,20.72,04a60384o0307o
60388.09523,-20.339,0.518,-27,14,o,0,1.39,114.69768,-59.51688,2160.96,2633.16,2.03,2.02,-37.6,-0.431,19.08,20.11,04a60388o0246o
60388.098911,20.465,0.694,24,16,o,0,0.88,114.69768,-59.51688,2179.84,2669.06,2.01,1.98,-9.4,-0.43,19.11,20.11,04a60388o0254o
60388.105349,21.703,2.203,8,17,o,0,1.19,114.69768,-59.51688,2117.16,2591.4,2.0,1.98,69.2,-0.429,19.07,20.11,04a60388o0267o
60388.116421,20.78,0.97,18,17,o,0,0.95,114.69768,-59.51688,2089.87,2703.65,2.05,1.99,-74.3,-0.43,19.08,20.11,04a60388o0291o
60392.089907,20.106,0.822,33,27,o,0,0.99,114.69768,-59.51688,1888.59,8943.34,2.28,1.77,-62.6,-0.491,18.74,19.44,04a60392o0243o
60392.093617,-19.862,0.654,-41,27,o,0,1.29,114.69768,-59.51688,1904.37,8979.7,2.33,1.79,-68.2,-0.471,18.78,19.44,04a60392o0251o
60392.102238,20.765,1.496,18,27,o,0,1.14,114.69768,-59.51688,1846.57,8901.98,2.44,1.83,-66.8,-0.439,18.77,19.5,04a60392o0269o
60392.116858,-19.453,0.492,-60,30,o,0,1.08,114.69768,-59.51688,1822.92,9015.58,2.22,1.82,-52.9,-0.505,18.74,19.38,04a60392o0300o
60393.822858,20.218,0.889,30,26,o,0,1.42,114.69768,-59.51688,10201.05,2557.02,2.48,2.08,-59.3,-0.362,18.35,18.94,03a60394o0202o
60393.826067,21.489,2.926,9,27,o,0,1.21,114.69768,-59.51688,10221.09,2597.48,2.48,2.04,-60.3,-0.356,18.61,19.1,03a60394o0209o
60393.828345,20.784,1.748,18,31,o,0,0.91,114.69768,-59.51688,374.69,2228.74,2.43,2.09,-77.5,-0.376,18.61,19.05,03a60394o0214o
60393.832026,-19.324,0.589,-68,40,o,0,1.25,114.69768,-59.51688,394.07,2267.92,2.45,2.12,-76.3,-0.374,18.09,18.7,03a60394o0222o
60393.837462,-21.908,4.46,-6,28,o,0,0.96,114.69768,-59.51688,10161.95,2516.44,2.35,1.95,-58.5,-0.365,18.66,19.06,03a60394o0233o
60393.839358,20.506,1.062,23,24,o,0,1.14,114.69768,-59.51688,336.8,2194.62,2.33,2.02,-69.8,-0.387,18.65,19.06,03a60394o0237o
60393.842552,19.775,0.576,45,26,o,0,1.12,114.69768,-59.51688,10136.37,2629.9,2.39,2.01,-56.9,-0.369,18.64,19.06,03a60394o0244o
60393.853366,-20.279,0.904,-28,25,o,0,0.96,114.69768,-59.51688,311.77,2314.4,2.46,2.14,-74.6,-0.368,18.6,19.08,03a60394o0266o
60396.103122,-20.307,0.858,-27,24,o,0,1.09,114.69768,-59.51688,7095.7,258.06,2.31,2.22,-88.0,-0.437,18.71,19.38,04a60396o0278o
60396.105427,21.857,3.5,7,23,o,0,1.45,114.69768,-59.51688,3200.97,10443.98,2.12,1.7,-59.6,-0.564,18.79,19.49,04a60396o0283o
60396.105877,-20.716,0.962,-19,18,o,0,1.67,114.69768,-59.51688,7112.78,296.46,2.22,2.11,-48.7,-0.433,18.76,19.44,04a60396o0284o
60396.108287,21.787,4.273,7,30,o,0,0.98,114.69768,-59.51688,3216.1,10482.04,2.23,1.68,-68.1,-0.505,18.83,19.46,04a60396o0289o
60396.112109,-20.469,0.799,-24,19,o,0,1.22,114.69768,-59.51688,7045.83,214.86,2.21,2.1,-54.3,-0.412,18.8,19.43,04a60396o0297o
60396.11406,-20.568,1.216,-22,26,o,0,0.94,114.69768,-59.51688,3162.85,10404.68,2.31,1.82,-56.7,-0.524,18.69,19.45,04a60396o0301o
60396.122008,-21.175,1.77,-12,22,o,0,0.99,114.69768,-59.51688,7017.8,330.29,2.22,2.08,-51.2,-0.436,18.75,19.35,04a60396o0318o
60396.136283,-20.945,2.879,-15,44,o,0,0.89,114.69768,-59.51688,3130.44,10517.86,2.37,1.75,-68.7,-0.496,18.78,19.4,04a60396o0349o
60397.830801,20.729,0.775,19,14,o,0,0.98,114.69768,-59.51688,3604.5,4125.33,2.24,2.0,-61.9,-0.416,19.11,20.01,03a60398o0238o
60397.834016,-20.69,0.908,-19,18,o,0,0.96,114.69768,-59.51688,3620.36,4163.76,2.25,2.03,-61.4,-0.419,19.1,20.0,03a60398o0245o
60397.845873,-20.221,0.5,-30,15,o,0,1.42,114.69768,-59.51688,3564.36,4087.55,2.39,2.13,-62.2,-0.402,18.98,19.89,03a60398o0270o
60397.851031,-19.691,0.407,-48,20,o,0,1.06,114.69768,-59.51688,3540.07,4203.14,2.48,2.2,-64.3,-0.399,18.75,19.55,03a60398o0281o
60400.064098,20.037,0.524,35,18,o,0,1.32,114.69768,-59.51688,9264.16,8622.02,2.02,1.74,-61.8,-0.538,19.12,20.42,04a60400o0198o
60400.07149,-19.8,0.604,-44,26,o,0,1.16,114.69768,-59.51688,9277.32,8660.3,2.33,1.88,-14.2,-0.582,19.25,20.58,04a60400o0214o
60400.085253,-23.025,6.882,-2,15,o,0,0.7,114.69768,-59.51688,170.22,8660.0,2.38,1.83,-66.9,-0.421,19.24,20.43,04a60400o0243o
60400.088979,21.73,2.404,7,18,o,0,1.08,114.69768,-59.51688,186.56,8696.73,2.31,1.82,-59.7,-0.475,19.19,20.42,04a60400o0251o
60400.095805,20.459,0.648,24,15,o,0,1.59,114.69768,-59.51688,9212.21,8571.33,2.14,1.96,-21.3,-0.522,19.22,20.37,04a60400o0265o
60400.098995,23.382,9.333,2,15,o,0,0.97,114.69768,-59.51688,125.19,8618.91,2.43,1.83,-68.3,-0.406,19.2,20.38,04a60400o0272o
60400.099458,-21.887,2.814,-6,18,o,0,1.0,114.69768,-59.51688,9191.9,8684.88,2.18,1.97,-26.3,-0.535,19.2,20.35,04a60400o0273o
60400.104191,22.34,4.567,4,19,o,0,0.88,114.69768,-59.51688,104.01,8736.67,2.41,1.86,-69.4,-0.409,19.21,20.37,04a60400o0283o
60402.061054,-20.673,0.357,-20,7,o,0,1.28,114.69768,-59.51688,7361.38,4453.29,2.35,2.17,-51.5,-0.46,20.06,20.62,04a60402o0084o
60402.073623,-24.603,13.083,0,7,o,0,1.18,114.69768,-59.51688,7373.39,4487.54,2.31,2.14,-43.1,-0.458,20.09,20.67,04a60402o0093o
60402.094458,-20.622,0.326,-20,7,o,0,1.23,114.69768,-59.51688,7305.81,4402.31,2.29,2.07,-35.3,-0.453,20.15,20.73,04a60402o0108o
60403.072216,-21.209,0.529,-12,6,o,0,1.36,114.69768,-59.51688,7354.97,4449.9,2.32,2.12,-23.8,-0.418,19.98,20.55,04a60403o0093o
60403.091619,22.119,1.553,5,8,o,0,0.75,114.69768,-59.51688,7362.84,4484.23,2.28,2.08,-34.5,-0.426,20.03,20.57,04a60403o0107o
60403.11251,22.635,1.706,3,6,o,0,1.72,114.69768,-59.51688,7294.81,4402.2,2.23,2.03,-30.3,-0.435,20.1,20.67,04a60403o0122o
60406.070146,-23.955,7.739,-1,7,o,0,1.07,114.69768,-59.51688,7350.93,4446.94,2.36,2.21,-38.8,-0.42,19.99,20.55,04a60406o0093o
60406.082655,-21.069,0.484,-14,7,o,0,0.93,114.69768,-59.51688,7362.96,4482.53,2.28,2.14,-46.7,-0.426,20.05,20.59,04a60406o0102o
60406.098042,21.032,0.468,14,7,o,0,1.15,114.69768,-59.51688,7297.07,4401.11,2.24,2.11,-42.4,-0.428,20.09,20.66,04a60406o0113o
60409.06517,24.799,17.636,0,8,o,0,0.97,114.69768,-59.51688,4995.71,322.95,2.17,2.06,55.2,-0.458,20.05,20.57,04a60409o0091o
60409.079092,-22.478,1.821,-4,7,o,0,1.33,114.69768,-59.51688,5008.59,358.9,2.14,2.01,46.4,-0.469,20.0,20.79,04a60409o0101o
60409.091676,-21.824,1.26,-7,8,o,0,1.23,114.69768,-59.51688,4938.9,278.63,2.21,2.08,45.8,-0.45,19.98,20.56,04a60409o0110o
60411.810981,-21.596,0.788,-8,7,o,0,1.25,114.69768,-59.51688,4996.27,375.3,2.58,2.36,-49.0,-0.373,19.97,20.67,03a60412o0093o
60411.82639,-22.134,1.322,-5,7,o,0,1.13,114.69768,-59.51688,5011.47,415.79,2.58,2.35,-51.2,-0.377,20.02,20.73,03a60412o0104o
60411.837532,-21.379,0.892,-10,9,o,0,1.13,114.69768,-59.51688,1098.92,10528.07,3.51,2.96,-27.4,-0.399,20.02,20.78,03a60412o0112o
60411.840286,-20.78,0.365,-18,6,o,0,1.2,114.69768,-59.51688,4949.01,336.98,2.59,2.39,-45.7,-0.361,19.99,20.77,03a60412o0114o
60416.033335,-19.809,0.402,-43,17,o,0,1.14,114.69768,-59.51688,8840.84,730.65,2.64,2.53,-84.6,-0.379,18.94,19.98,04a60416o0054o
60416.036158,-20.237,0.598,-29,17,o,0,1.24,114.69768,-59.51688,8859.31,769.15,2.59,2.39,-46.4,-0.375,19.01,20.01,04a60416o0060o
60416.042138,-20.508,0.8,-23,18,o,0,1.06,114.69768,-59.51688,8793.44,685.49,2.66,2.4,-33.6,-0.364,18.95,20.01,04a60416o0073o
60416.063085,21.96,2.794,6,17,o,0,1.28,114.69768,-59.51688,8758.68,798.7,2.57,2.34,-34.6,-0.38,18.99,20.03,04a60416o0118o
60417.806419,20.898,0.8,16,13,o,0,1.35,114.69768,-59.51688,1631.23,4240.26,2.28,1.99,-68.3,-0.415,19.17,20.09,03a60418o0222o
60417.809682,21.547,1.719,9,15,o,0,1.6,114.69768,-59.51688,1648.52,4278.94,2.31,2.03,-68.3,-0.426,19.17,20.11,03a60418o0229o
60417.824934,-20.686,0.679,-19,13,o,0,1.48,114.69768,-59.51688,1591.22,4204.53,2.36,2.09,-70.0,-0.41,19.12,20.11,03a60418o0262o
60417.830485,20.435,0.689,24,17,o,0,1.05,114.69768,-59.51688,1567.5,4322.19,2.57,2.3,-69.3,-0.409,19.06,20.12,03a60418o0274o
60420.038543,-19.892,0.524,-40,21,o,0,1.04,114.69768,-59.51688,7410.0,8612.08,2.14,1.95,-40.0,-0.504,18.95,19.75,04a60420o0177o
60420.041712,-19.308,0.397,-69,27,o,0,0.78,114.69768,-59.51688,7427.44,8650.67,2.09,1.87,-34.1,-0.504,18.98,19.75,04a60420o0184o
60420.049959,-21.417,2.013,-10,20,o,0,1.53,114.69768,-59.51688,7366.87,8568.78,2.08,1.91,-58.4,-0.478,19.01,19.77,04a60420o0202o
60420.060036,-19.44,0.26,-61,16,o,0,1.87,114.69768,-59.51688,7343.46,8682.97,2.01,1.86,-34.4,-0.503,18.98,19.72,04a60420o0223o
60424.039698,20.845,2.017,17,34,o,0,1.09,114.69768,-59.51688,785.27,632.48,2.16,1.89,33.4,-0.517,18.51,18.94,04a60424o0175o
60424.043456,-23.133,16.571,-2,34,o,0,1.13,114.69768,-59.51688,804.64,670.25,2.12,1.85,31.1,-0.551,18.46,18.94,04a60424o0183o
60424.049421,-20.874,1.974,-16,32,o,0,1.24,114.69768,-59.51688,734.73,592.83,2.15,1.79,34.5,-0.513,18.49,18.93,04a60424o0196o
60424.063483,-19.446,0.509,-60,31,o,0,1.28,114.69768,-59.51688,707.0,711.17,2.41,1.89,36.8,-0.5,18.47,18.92,04a60424o0226o
60428.066065,-20.601,0.85,-21,18,o,0,1.03,114.69768,-59.51688,6178.2,2381.44,2.19,2.12,-63.7,-0.454,19.01,20.02,04a60428o0246o
60428.068923,-20.87,0.934,-16,15,o,0,1.69,114.69768,-59.51688,6191.86,2419.48,2.25,2.1,-41.2,-0.441,18.8,19.81,04a60428o0252o
60428.074426,-20.826,1.043,-17,18,o,0,2.05,114.69768,-59.51688,6130.92,2341.1,2.36,2.22,-41.4,-0.433,18.5,19.43,04a60428o0264o
60428.086004,-20.514,0.956,-23,22,o,0,1.1,114.69768,-59.51688,6102.41,2458.93,2.37,2.24,-41.6,-0.443,18.71,19.62,04a60428o0288o
60429.748635,23.54,6.1,1,8,c,0,1.54,114.69768,-59.51688,9199.13,4603.89,2.47,2.13,-60.4,-0.381,19.58,21.41,03a60430o0047c
60429.766083,-20.444,0.365,-24,9,c,0,0.95,114.69768,-59.51688,9214.88,4646.54,2.43,2.07,-60.0,-0.387,19.62,21.47,03a60430o0084c
60429.768907,-22.566,2.417,-3,8,c,0,0.95,114.69768,-59.51688,9158.94,4563.63,2.51,2.12,-59.9,-0.384,19.6,21.48,03a60430o0090c
60429.774416,-21.097,0.75,-13,10,c,0,1.02,114.69768,-59.51688,9134.78,4677.24,2.59,2.15,-61.3,-0.38,19.57,21.47,03a60430o0102c
60432.02883,20.952,0.982,15,15,o,0,0.74,114.69768,-59.51688,7340.05,4446.6,2.25,2.07,-42.9,-0.445,19.23,20.44,04a60432o0174o
60432.032125,21.046,1.119,14,16,o,0,1.42,114.69768,-59.51688,7357.06,4485.12,2.43,2.2,-64.7,-0.473,19.15,20.4,04a60432o0181o
60432.041885,23.728,8.444,1,10,o,0,1.8,114.69768,-59.51688,7293.44,4404.58,2.19,2.0,-46.4,-0.449,19.25,20.43,04a60432o0202o
60432.051792,22.443,3.032,4,12,o,0,1.59,114.69768,-59.51688,7267.37,4519.95,2.16,1.96,-38.9,-0.426,19.25,20.44,04a60432o0223o
60433.75909,-20.741,2.842,-18,52,c,0,1.42,114.69768,-59.51688,4989.39,372.28,2.5,2.31,-50.6,-0.367,18.07,19.9,03a60434o0133c
60433.762283,-19.862,0.747,-41,31,c,0,0.94,114.69768,-59.51688,5007.74,412.15,2.58,2.4,-45.8,-0.366,18.96,20.83,03a60434o0140c
60433.782242,-23.047,15.25,-2,34,c,0,0.9,114.69768,-59.51688,4944.13,334.54,2.74,2.56,-54.3,-0.359,18.22,20.34,03a60434o0182c
60436.02873,-21.575,1.714,-8,15,o,0,0.97,114.69768,-59.51688,4863.07,6138.68,2.4,2.16,-77.8,-0.428,19.14,20.5,04a60436o0177o
60436.031629,20.456,0.652,24,16,o,0,1.14,114.69768,-59.51688,4880.75,6176.96,2.44,2.12,-69.4,-0.426,19.13,20.45,04a60436o0183o
60436.036749,-20.348,0.455,-26,12,o,0,1.21,114.69768,-59.51688,4820.65,6098.77,2.28,2.03,-66.9,-0.432,19.17,20.48,04a60436o0194o
60436.048691,-21.699,2.02,-8,15,o,0,1.06,114.69768,-59.51688,4794.14,6215.55,2.46,2.14,-79.2,-0.415,19.11,20.51,04a60436o0220o
60437.72185,-21.283,0.909,-11,10,c,0,0.99,114.69768,-59.51688,2096.12,2583.66,2.44,2.28,-55.1,-0.398,19.4,21.18,03a60438o0065c
60437.724819,-22.358,2.92,-4,12,c,0,0.86,114.69768,-59.51688,2115.05,2621.88,2.42,2.24,-61.7,-0.395,19.42,21.16,03a60438o0071c
60437.731876,20.772,0.788,18,14,c,0,0.97,114.69768,-59.51688,2056.17,2547.85,2.4,2.25,-59.1,-0.399,19.29,21.07,03a60438o0086c
60437.74194,21.254,1.015,11,12,c,0,0.93,114.69768,-59.51688,2031.9,2667.89,2.5,2.31,-64.8,-0.394,19.41,21.22,03a60438o0107c
60440.015799,20.658,0.762,20,15,o,0,1.58,114.69768,-59.51688,8435.78,6525.69,2.7,2.5,-52.8,-0.398,19.04,20.49,04a60440o0154o
60440.019017,21.826,2.121,7,14,o,0,1.38,114.69768,-59.51688,8449.33,6563.85,2.84,2.6,-52.6,-0.371,19.0,20.54,04a60440o0161o
60440.02421,19.814,0.385,43,17,o,0,1.11,114.69768,-59.51688,8391.69,6483.65,2.59,2.39,-46.8,-0.386,19.05,20.48,04a60440o0172o
60440.036368,21.507,1.933,9,18,o,0,1.16,114.69768,-59.51688,8367.66,6599.85,2.85,2.54,-50.4,-0.376,18.97,20.32,04a60440o0198o
60441.755813,-21.975,1.963,-6,12,c,0,1.48,114.69768,-59.51688,1660.59,8885.65,3.11,2.75,-39.6,-0.373,19.3,20.97,03a60442o0144c
60441.759495,-20.562,0.731,-22,16,c,0,0.86,114.69768,-59.51688,1677.25,8925.08,3.54,3.12,-38.7,-0.36,19.24,20.96,03a60442o0152c
60441.773048,19.992,0.426,37,16,c,0,1.0,114.69768,-59.51688,1627.31,8852.57,3.62,3.14,-36.5,-0.348,19.22,20.94,03a60442o0181c
60441.779663,-21.787,2.192,-7,15,c,0,1.1,114.69768,-59.51688,1605.71,8970.96,3.51,3.0,-33.8,-0.358,19.21,20.91,03a60442o0195c
60443.961869,-19.973,0.563,-37,21,o,0,0.86,114.69768,-59.51688,10267.27,2385.41,2.77,2.59,-39.3,-0.376,18.96,19.95,04a60444o0033o
60443.965614,-20.374,0.936,-26,24,o,0,1.21,114.69768,-59.51688,10285.98,2424.72,2.63,2.48,-82.2,-0.388,18.97,19.94,04a60444o0041o
60443.970242,21.763,2.551,7,18,o,0,1.71,114.69768,-59.51688,420.57,2324.63,2.22,1.99,53.0,-0.426,19.02,20.14,04a60444o0051o
60443.971639,22.948,7.25,2,17,o,0,1.3,114.69768,-59.51688,10219.74,2339.9,2.77,2.52,-42.4,-0.365,19.13,20.16,04a60444o0054o
60443.97392,-21.028,1.228,-14,17,o,0,1.19,114.69768,-59.51688,439.48,2361.44,2.24,1.97,50.9,-0.425,18.99,20.03,04a60444o0059o
60443.979623,21.143,2.273,13,29,o,0,1.27,114.69768,-59.51688,374.5,2285.83,2.28,2.01,49.8,-0.422,18.32,19.5,04a60444o0071o
60443.981464,-18.914,0.677,-99,67,o,0,1.01,114.69768,-59.51688,10194.67,2453.38,2.69,2.45,78.6,-0.403,18.09,19.07,04a60444o0075o
60443.989491,19.408,2.459,63,154,o,0,1.11,114.69768,-59.51688,350.46,2402.64,2.2,2.03,44.7,-0.426,16.83,17.68,04a60444o0092o
60445.716014,21.534,2.115,9,19,o,0,1.19,114.69768,-59.51688,7089.29,366.94,2.2,2.01,-45.9,-0.408,18.79,19.52,03a60446o0064o
60445.71758,-21.365,1.931,-10,20,o,0,1.45,114.69768,-59.51688,2938.69,10425.83,2.52,2.19,-49.4,-0.389,18.8,19.53,03a60446o0067o
60445.718978,20.423,0.807,25,20,o,0,1.09,114.69768,-59.51688,7108.22,406.82,2.24,2.02,-48.1,-0.413,18.74,19.45,03a60446o0070o
60445.720876,-21.004,1.868,-14,27,o,0,0.95,114.69768,-59.51688,2953.92,10464.3,2.77,2.33,-48.3,-0.376,18.73,19.48,03a60446o0074o
60445.724636,19.5,0.468,58,27,o,0,0.81,114.69768,-59.51688,7045.32,325.95,2.24,2.04,-43.7,-0.397,18.62,19.31,03a60446o0082o
60445.726089,19.77,0.644,45,29,o,0,1.02,114.69768,-59.51688,2903.91,10386.8,2.7,2.32,-42.0,-0.392,18.64,19.33,03a60446o0085o
60445.73442,20.544,1.008,22,22,o,0,1.11,114.69768,-59.51688,7019.16,444.18,2.26,2.04,-47.2,-0.398,18.59,19.26,03a60446o0102o
60445.737381,-20.976,1.824,-15,27,o,0,0.84,114.69768,-59.51688,2879.9,10508.98,2.7,2.28,-44.4,-0.381,18.63,19.3,03a60446o0108o
60447.994788,-21.543,1.93,-9,17,o,0,1.48,114.69768,-59.51688,3685.1,4123.29,2.1,1.98,-84.6,-0.437,18.88,19.82,04a60448o0116o
60447.997564,-22.618,5.731,-3,19,o,0,0.9,114.69768,-59.51688,3702.53,4161.22,2.13,1.99,-79.8,-0.43,18.87,19.77,04a60448o0122o
60448.010314,22.661,5.423,3,17,o,0,1.59,114.69768,-59.51688,3639.9,4085.61,2.11,1.95,-86.4,-0.417,18.88,19.68,04a60448o0149o
60448.025339,19.859,0.5,41,21,o,0,0.99,114.69768,-59.51688,3611.34,4203.53,2.15,2.05,-85.7,-0.402,18.81,19.62,04a60448o0181o
60449.753876,20.343,0.847,26,22,o,0,1.58,114.69768,-59.51688,9022.66,8764.24,2.79,2.23,-50.8,-0.398,18.7,19.28,03a60450o0143o
60449.771407,20.032,0.681,35,24,o,0,1.65,114.69768,-59.51688,9041.7,8800.93,2.85,2.27,-47.6,-0.401,18.65,19.25,03a60450o0179o
60449.774377,-20.101,0.754,-33,25,o,0,0.97,114.69768,-59.51688,8987.32,8717.54,2.83,2.24,-46.1,-0.397,18.65,19.24,03a60450o0185o
60449.779818,25.667,152.0,0,30,o,0,0.65,114.69768,-59.51688,8966.53,8832.42,2.92,2.36,-47.0,-0.392,18.62,19.24,03a60450o0196o
60453.734077,-21.131,2.738,-13,35,o,0,1.19,114.69768,-59.51688,3506.46,8773.36,3.01,2.55,-44.1,-0.348,18.28,18.64,03a60454o0106o
60453.736922,-19.535,0.818,-56,46,o,0,0.88,114.69768,-59.51688,3523.27,8812.17,3.08,2.66,-44.1,-0.339,18.18,18.58,03a60454o0112o
60453.744186,-18.734,0.282,-116,33,o,0,1.64,114.69768,-59.51688,3471.75,8736.9,3.14,2.68,-47.9,-0.346,18.18,18.59,03a60454o0127o
60453.767874,18.916,0.692,98,68,o,0,1.05,114.69768,-59.51688,3450.02,8852.9,3.48,3.02,-46.1,-0.348,17.7,18.17,03a60454o0176o
60455.959781,18.953,1.479,95,141,o,0,1.04,114.69768,-59.51688,8211.54,2352.02,2.61,2.41,-38.5,-0.376,16.91,17.74,04a60456o0045o
60455.964931,19.866,1.936,41,80,o,0,1.33,114.69768,-59.51688,8229.97,2391.97,2.59,2.4,-28.9,-0.379,17.2,18.22,04a60456o0056o
60455.967719,19.978,1.051,37,39,o,0,1.23,114.69768,-59.51688,8166.1,2310.0,2.72,2.47,-40.5,-0.364,17.94,19.07,04a60456o0062o
60455.97749,-18.616,1.0,-130,130,o,0,1.28,114.69768,-59.51688,8141.58,2426.22,2.66,2.44,-37.7,-0.368,16.86,17.86,04a60456o0083o
60457.732622,-21.368,1.178,-10,12,o,0,0.77,114.69768,-59.51688,2820.44,6261.4,2.47,2.11,-56.6,-0.395,19.38,20.7,03a60458o0104o
60457.735451,-22.291,2.71,-4,12,o,0,0.98,114.69768,-59.51688,2836.73,6300.68,2.47,2.13,-56.0,-0.393,19.39,20.72,03a60458o0110o
60457.740766,-21.178,1.035,-12,13,o,0,0.93,114.69768,-59.51688,2782.59,6224.21,2.47,2.12,-56.4,-0.397,19.38,20.71,03a60458o0121o
60457.758218,23.374,6.545,2,11,o,0,1.5,114.69768,-59.51688,2758.08,6342.59,2.51,2.16,-57.3,-0.394,19.35,20.68,03a60458o0158o
60459.957926,22.082,2.294,5,12,c,0,1.59,114.69768,-59.51688,6755.48,6067.33,2.45,2.13,-55.1,-0.417,19.22,20.68,04a60460o0041c
60459.961168,21.572,1.343,8,12,c,0,1.16,114.69768,-59.51688,6772.61,6106.32,2.32,1.99,-52.3,-0.395,19.35,20.89,04a60460o0048c
60459.966295,20.058,0.396,34,14,c,0,1.12,114.69768,-59.51688,6713.45,6027.12,2.51,2.08,-56.4,-0.407,19.33,20.97,04a60460o0059c
60459.978364,21.401,1.045,10,10,c,0,1.39,114.69768,-59.51688,6689.09,6143.41,2.53,2.07,-56.8,-0.411,19.4,21.08,04a60460o0085c
60463.957672,-15.758,0.533,-1806,963,c,0,0.95,114.69768,-59.51688,5362.84,4498.03,2.37,2.1,-59.0,-0.389,14.49,16.15,04a60464o0040c
60463.96142,17.991,1.518,231,351,c,0,1.5,114.69768,-59.51688,5380.12,4537.38,2.41,2.11,-62.8,-0.389,15.55,17.24,04a60464o0048c
60463.966944,-20.293,2.485,-28,69,c,0,1.04,114.69768,-59.51688,5317.88,4458.69,2.39,2.1,-64.4,-0.382,17.24,18.84,04a60464o0060c
60463.980325,-24.565,23.667,0,13,c,0,1.06,114.69768,-59.51688,5293.52,4576.24,2.46,2.18,-62.0,-0.375,19.16,21.0,04a60464o0089c
60467.988885,20.451,0.432,24,10,c,0,0.96,114.69768,-59.51688,1689.58,4288.05,2.23,2.13,42.7,-0.367,19.37,21.09,04a60468o0111c
60467.991707,22.789,3.905,3,11,c,0,1.34,114.69768,-59.51688,1705.8,4325.29,2.27,2.13,41.5,-0.368,19.36,21.07,04a60468o0117c
60467.997258,21.422,1.15,10,11,c,0,1.07,114.69768,-59.51688,1644.1,4252.24,2.19,2.01,43.8,-0.376,19.43,21.11,04a60468o0129c
60468.007126,-22.776,3.909,-3,11,c,0,1.15,114.69768,-59.51688,1620.15,4372.97,2.29,2.0,44.3,-0.368,19.39,21.1,04a60468o0150c
60481.695681,-18.723,1.203,-118,142,o,0,1.43,114.69768,-59.51688,7225.1,4556.04,2.27,2.04,-49.9,-0.476,16.78,16.43,03a60482o0030o
60481.698864,-19.262,1.35,-72,97,o,0,0.83,114.69768,-59.51688,7242.46,4595.1,2.32,2.04,-51.4,-0.453,17.24,17.14,03a60482o0037o
60481.706285,19.452,1.36,60,82,o,0,1.33,114.69768,-59.51688,7186.12,4511.72,2.37,2.07,-49.7,-0.442,17.13,17.11,03a60482o0053o
60481.716866,18.501,1.199,144,173,o,0,0.62,114.69768,-59.51688,7161.94,4625.84,2.51,2.24,-47.6,-0.425,16.6,16.51,03a60482o0075o
60491.953086,-18.953,0.425,-95,40,o,0,1.16,114.69768,-59.51688,1822.51,8945.44,2.51,1.95,-69.7,-0.416,18.06,18.24,04a60492o0028o
60491.956258,20.757,1.808,18,33,o,0,0.8,114.69768,-59.51688,1838.24,8985.08,2.56,1.94,-72.0,-0.406,18.49,18.9,04a60492o0035o
60491.962301,20.817,1.632,17,28,o,0,0.88,114.69768,-59.51688,1782.1,8913.4,2.33,2.02,-70.6,-0.455,18.84,19.69,04a60492o0048o
60491.973889,-22.422,5.4,-4,21,o,0,0.78,114.69768,-59.51688,1758.15,9037.55,2.74,1.99,-80.3,-0.37,18.93,19.96,04a60492o0073o
60516.414373,22.562,8.421,3,29,o,0,1.31,114.69768,-59.51688,2001.85,9852.79,2.76,2.13,-67.9,-0.41,18.51,19.39,04a60516o0995o
60516.419955,-20.52,1.205,-22,27,o,0,0.87,114.69768,-59.51688,1978.9,9814.75,2.77,2.06,-72.5,-0.386,18.57,19.43,04a60516o1007o
60516.429789,20.601,1.211,21,25,o,0,1.21,114.69768,-59.51688,2037.5,9898.0,2.59,1.95,-70.7,-0.42,18.66,19.37,04a60516o1028o
60516.433476,20.674,1.671,20,33,o,0,1.24,114.69768,-59.51688,2057.14,9781.93,2.71,2.03,-66.1,-0.428,17.84,18.6,04a60516o1036o
60522.155399,22.271,3.057,4,14,o,0,1.28,114.69768,-59.51688,5186.9,1911.08,2.1,1.97,-36.1,-0.438,19.22,20.42,03a60522o0985o
60522.159655,21.894,2.188,6,14,o,0,1.14,114.69768,-59.51688,5170.28,1870.92,2.11,2.01,-34.7,-0.441,19.24,20.42,03a60522o0994o
60522.178001,-20.325,0.544,-27,15,o,0,1.3,114.69768,-59.51688,5225.24,1952.92,2.21,1.99,-41.8,-0.42,18.97,20.0,03a60522o1033o
60522.186438,-21.895,5.083,-6,32,o,0,1.18,114.69768,-59.51688,5247.63,1836.93,2.22,1.99,-40.0,-0.419,18.24,18.49,03a60522o1051o
60530.159528,21.74,2.114,7,16,o,0,1.26,114.69768,-59.51688,1386.68,6058.12,2.81,2.52,-49.9,-0.403,19.12,20.52,03a60530o0987o
60530.16388,-21.8,2.061,-7,14,o,0,1.52,114.69768,-59.51688,1366.34,6017.81,2.82,2.54,-51.5,-0.401,19.11,20.49,03a60530o0996o
60530.169172,-19.788,0.372,-44,16,o,0,1.1,114.69768,-59.51688,1423.63,6100.51,2.81,2.48,-55.0,-0.396,19.08,20.41,03a60530o1007o
60530.182605,-19.898,0.816,-40,33,o,0,1.42,114.69768,-59.51688,1447.47,5982.51,2.74,2.45,-52.4,-0.393,18.22,18.65,03a60530o1035o
60536.39642,-22.278,3.476,-4,16,c,0,1.22,114.69768,-59.51688,5889.41,4405.9,2.36,2.16,-54.4,-0.367,18.84,20.51,04a60536o0919c
60536.401594,18.912,0.53,99,52,c,0,0.84,114.69768,-59.51688,5869.58,4369.2,2.34,2.19,-66.2,-0.368,17.65,19.25,04a60536o0930c
60536.421585,-20.499,1.404,-23,32,c,0,0.97,114.69768,-59.51688,5924.26,4452.35,2.41,2.22,-45.4,-0.368,18.02,19.61,04a60536o0972c
60536.432426,-19.394,0.753,-63,48,c,0,1.63,114.69768,-59.51688,5943.42,4338.22,2.44,2.22,-59.3,-0.358,17.5,18.17,04a60536o0995c
60538.144396,-19.91,0.575,-39,23,o,0,1.18,114.69768,-59.51688,8521.98,7982.81,3.53,3.17,-43.2,-0.337,18.53,19.94,03a60538o0935o
60538.148517,-19.807,0.558,-43,24,o,0,0.95,114.69768,-59.51688,8501.95,7944.11,3.47,3.09,-39.0,-0.372,18.56,19.95,03a60538o0944o
60538.167473,-20.663,1.037,-20,20,o,0,1.37,114.69768,-59.51688,8556.4,8027.79,3.07,2.69,-38.3,-0.384,18.67,19.83,03a60538o0985o
60538.173875,-21.285,2.373,-11,26,o,0,0.99,114.69768,-59.51688,8579.61,7909.74,2.74,2.37,-40.3,-0.381,18.6,19.36,03a60538o0999o
60542.144878,-20.123,1.521,-32,49,o,0,1.07,114.69768,-59.51688,8878.84,1689.95,2.55,2.35,-32.5,-0.414,17.93,18.18,03a60542o0860o
60542.165252,-21.979,9.125,-6,54,o,0,0.7,114.69768,-59.51688,8864.06,1656.75,2.45,2.29,-44.9,-0.434,18.04,18.33,03a60542o0902o
60542.169434,-19.379,0.815,-64,52,o,0,0.88,114.69768,-59.51688,8918.93,1730.22,2.54,2.38,-32.6,-0.426,17.95,18.23,03a60542o0909o
60542.176031,-19.74,1.957,-46,90,o,0,0.93,114.69768,-59.51688,8943.67,1611.43,2.73,2.55,-15.4,-0.431,17.46,17.49,03a60542o0919o
60544.336772,-20.442,1.214,-24,29,o,0,1.19,114.69768,-59.51688,1515.5,1964.51,2.34,1.92,38.2,-0.415,18.32,18.88,04a60544o0646o
60544.340059,-19.657,0.552,-50,28,o,0,1.34,114.69768,-59.51688,1497.2,1924.01,2.3,1.9,36.2,-0.421,18.34,18.88,04a60544o0653o
60544.358026,-21.192,2.253,-12,27,o,0,1.07,114.69768,-59.51688,1547.51,2009.31,2.27,1.85,39.5,-0.417,18.44,19.02,04a60544o0691o
60544.370701,-20.455,1.011,-24,24,o,0,1.28,114.69768,-59.51688,1562.39,1895.06,2.19,1.8,37.6,-0.436,18.52,19.11,04a60544o0715o
60544.422258,20.8,1.481,17,26,o,0,1.05,114.69768,-59.51688,1524.09,1967.04,2.32,1.78,43.4,-0.44,18.63,19.26,04a60544o0811o
60553.327433,-20.453,0.674,-24,16,o,0,1.09,114.69768,-59.51688,1502.22,1964.55,2.22,1.82,36.9,-0.433,19.12,20.27,04a60553o0723o
60553.346317,21.253,1.237,11,14,o,0,1.22,114.69768,-59.51688,1478.91,1928.95,2.12,1.75,39.3,-0.438,19.19,20.38,04a60553o0758o
60553.349471,-20.221,0.486,-30,14,o,0,0.89,114.69768,-59.51688,1535.24,2011.38,2.09,1.77,37.4,-0.443,19.19,20.37,04a60553o0765o
60553.369975,-21.298,1.439,-11,16,o,0,1.13,114.69768,-59.51688,1548.71,1900.82,2.34,1.86,40.9,-0.423,19.21,20.45,04a60553o0802o
60554.13763,-20.625,0.603,-20,12,c,0,1.12,114.69768,-59.51688,7051.43,1831.42,2.45,2.32,-35.8,-0.418,19.29,20.89,03a60554o0924c
60554.144426,22.461,3.636,4,14,c,0,0.83,114.69768,-59.51688,7034.21,1793.83,2.48,2.31,-36.8,-0.417,19.27,20.91,03a60554o0939c
60554.148506,-20.62,0.613,-20,13,c,0,1.17,114.69768,-59.51688,7087.47,1874.34,2.52,2.3,-44.9,-0.418,19.26,20.93,03a60554o0948c
60560.382857,-20.162,0.786,-31,25,o,0,0.97,114.69768,-59.51688,3988.03,4509.5,1.99,1.86,-87.2,-0.42,18.72,19.92,04a60560o0880o
60560.387142,20.595,1.151,21,24,o,0,0.86,114.69768,-59.51688,3969.61,4471.42,2.08,1.95,-82.1,-0.417,18.65,19.88,04a60560o0889o
60560.394782,20.454,0.918,24,22,o,0,1.4,114.69768,-59.51688,4028.85,4550.95,2.23,2.11,-57.4,-0.456,18.54,19.71,04a60560o0905o
60560.410381,19.531,0.484,56,27,o,0,0.83,114.69768,-59.51688,4052.05,4440.92,2.04,1.94,-76.0,-0.422,18.47,19.28,04a60560o0937o
60564.362237,24.123,19.6,1,16,o,0,1.08,114.69768,-59.51688,5389.04,6064.28,2.49,2.23,-68.0,-0.401,19.06,20.49,04a60564o0824o
60564.381366,19.576,0.285,54,15,o,0,0.97,114.69768,-59.51688,5374.36,6034.75,2.36,2.09,-70.5,-0.41,19.04,20.51,04a60564o0863o
60564.39287,-22.841,8.385,-3,22,o,0,0.94,114.69768,-59.51688,5436.08,6114.35,2.26,2.04,-67.5,-0.414,18.74,20.18,04a60564o0887o
60564.397768,21.39,1.918,10,19,o,0,0.94,114.69768,-59.51688,5456.66,5998.7,2.3,2.11,-42.0,-0.428,18.86,20.38,04a60564o0896o
60564.41141,-21.07,3.8,-14,52,o,0,0.87,114.69768,-59.51688,5423.4,6061.46,2.26,1.99,-65.1,-0.436,17.8,18.63,04a60564o0924o
60566.106127,-21.069,0.908,-14,12,c,0,1.44,114.69768,-59.51688,1829.82,9781.77,2.85,2.4,-30.4,-0.389,19.32,21.03,03a60566o0813c
60566.109335,-21.414,1.542,-10,15,c,0,1.0,114.69768,-59.51688,1809.3,9741.07,2.83,2.38,-28.8,-0.391,19.38,21.03,03a60566o0820c
60566.123171,-20.369,0.471,-26,12,c,0,1.4,114.69768,-59.51688,1869.64,9822.75,2.71,2.32,-33.5,-0.393,19.41,21.11,03a60566o0849c
60566.144037,-21.936,2.061,-6,13,c,0,1.03,114.69768,-59.51688,1889.26,9703.87,2.67,2.31,-33.6,-0.394,19.37,20.98,03a60566o0886c
60568.304557,-20.272,0.876,-28,25,o,0,1.26,114.69768,-59.51688,9058.62,6230.83,2.32,2.11,-27.5,-0.436,18.64,19.2,04a60568o0704o
60568.328648,-21.786,3.378,-7,24,o,0,1.08,114.69768,-59.51688,9033.79,6200.33,2.28,2.08,-37.1,-0.441,18.71,19.38,04a60568o0752o
60568.345955,-20.796,1.355,-17,24,o,0,0.89,114.69768,-59.51688,9091.36,6282.45,2.27,2.05,-37.5,-0.454,18.8,19.6,04a60568o0787o
60568.348715,-22.914,10.125,-2,25,o,0,0.8,114.69768,-59.51688,9110.69,6165.41,2.25,2.05,-30.0,-0.458,18.84,19.62,04a60568o0793o
60578.068657,-19.961,1.164,-38,44,o,0,0.86,114.69768,-59.51688,4482.15,8164.66,2.29,2.03,-41.0,-0.405,18.15,19.1,03a60578o0745o
60578.086191,-21.056,1.171,-14,16,o,0,1.25,114.69768,-59.51688,4462.45,8127.59,2.34,2.13,-35.6,-0.422,19.03,20.14,03a60578o0783o
60578.107251,21.598,4.029,8,34,o,0,1.16,114.69768,-59.51688,4515.63,8211.45,2.25,1.99,-41.0,-0.415,18.4,19.24,03a60578o0828o
60578.113381,-20.296,0.896,-28,25,o,0,1.24,114.69768,-59.51688,4541.96,8095.64,2.23,2.01,-41.4,-0.421,18.61,19.45,03a60578o0841o
60578.139309,-17.95,0.473,-240,113,o,0,1.08,114.69768,-59.51688,4495.47,8152.63,2.33,2.16,-41.1,-0.415,17.05,17.53,03a60578o0894o
60594.042065,-19.113,0.85,-82,70,o,0,0.76,114.69768,-59.51688,428.09,8104.68,2.51,2.18,-52.5,-0.381,17.69,18.28,03a60594o0672o
60594.045266,-20.107,4.111,-33,135,o,0,1.15,114.69768,-59.51688,408.08,8063.2,2.49,2.2,-54.4,-0.384,17.15,17.78,03a60594o0679o
60594.064371,16.398,0.597,1002,599,o,0,0.77,114.69768,-59.51688,466.37,8142.4,2.47,2.12,-51.0,-0.401,14.9,15.67,03a60594o0719o
60594.093572,-19.248,3.408,-73,247,o,0,0.89,114.69768,-59.51688,10295.34,8376.63,2.62,2.12,-45.4,-0.399,16.48,17.22,03a60594o0781o
60594.108211,18.886,0.4,101,40,o,0,1.5,114.69768,-59.51688,10317.45,8265.86,2.61,2.1,-48.6,-0.396,18.33,19.0,03a60594o0812o
60604.283979,-22.108,4.484,-5,23,o,0,0.83,114.69768,-59.51688,7028.56,1793.37,2.55,2.36,-25.2,-0.377,18.77,19.67,04a60604o0632o
60604.287196,-21.592,2.468,-8,21,o,0,1.16,114.69768,-59.51688,7010.37,1755.93,2.63,2.46,-24.6,-0.363,18.69,19.67,04a60604o0639o
60604.304592,-20.76,1.077,-18,19,o,0,1.02,114.69768,-59.51688,7070.43,1840.76,2.8,2.59,-17.9,-0.362,18.68,19.68,04a60604o0674o
60604.310079,19.991,0.64,37,23,o,0,0.96,114.69768,-59.51688,7091.57,1723.35,2.83,2.7,-18.8,-0.364,18.67,19.64,04a60604o0686o
60605.916503,-20.644,0.596,-20,12,c,0,1.53,114.69768,-59.51688,2475.9,8154.53,2.81,2.44,-32.6,-0.388,19.21,20.88,03a60606o0383c
60605.919367,21.718,2.097,8,16,c,0,1.25,114.69768,-59.51688,2454.54,8121.04,2.92,2.56,-40.2,-0.374,19.2,20.9,03a60606o0389c
60605.924974,23.036,6.7,2,15,c,0,0.99,114.69768,-59.51688,2514.51,8203.23,2.85,2.43,-34.8,-0.372,19.23,20.93,03a60606o0401c
60605.942686,22.954,5.545,2,13,c,0,1.24,114.69768,-59.51688,2533.7,8088.58,2.82,2.48,-37.9,-0.367,19.26,20.92,03a60606o0437c
60608.183807,-20.42,0.657,-25,16,o,0,0.94,114.69768,-59.51688,7680.88,4256.13,2.28,1.95,-20.2,-0.397,19.0,20.14,04a60608o0427o
60608.186668,-19.951,0.373,-38,14,o,0,1.29,114.69768,-59.51688,7663.11,4220.36,2.22,1.91,-24.9,-0.411,19.01,20.16,04a60608o0433o
60608.211123,-21.835,1.922,-7,13,o,0,1.21,114.69768,-59.51688,7722.92,4297.25,2.13,1.9,-31.8,-0.418,19.12,20.31,04a60608o0486o
60608.22723,-22.426,3.379,-4,13,o,0,1.23,114.69768,-59.51688,7743.17,4178.23,2.19,1.91,-29.0,-0.421,19.14,20.35,04a60608o0520o
60614.062177,-20.165,0.355,-31,11,c,0,1.32,114.69768,-59.51688,3413.24,1624.63,2.45,2.39,-71.8,-0.392,19.42,21.17,03a60614o0683c
60614.08608,-20.27,0.392,-28,11,c,0,1.15,114.69768,-59.51688,3433.47,1559.5,2.72,2.64,-72.1,-0.366,19.37,21.22,03a60614o0732c
60614.098276,20.69,0.645,19,12,c,0,0.89,114.69768,-59.51688,3511.25,1669.6,2.52,2.48,-54.6,-0.384,19.36,21.1,03a60614o0758c
60614.104017,19.848,0.316,42,13,c,0,1.1,114.69768,-59.51688,3540.39,1565.58,2.75,2.6,-89.7,-0.377,19.19,20.76,03a60614o0770c
60620.248762,21.908,2.273,6,14,o,0,0.95,114.69768,-59.51688,3249.37,1944.02,1.97,1.84,42.4,-0.44,19.27,20.44,04a60620o0552o
60620.251942,-22.401,3.057,-4,12,o,0,1.09,114.69768,-59.51688,3230.06,1904.09,2.01,1.82,42.9,-0.433,19.27,20.48,04a60620o0559o
60620.266792,24.285,21.167,1,15,o,0,0.77,114.69768,-59.51688,3286.69,1984.98,1.98,1.86,46.2,-0.453,19.29,20.46,04a60620o0591o
60620.271945,-21.066,0.631,-14,9,o,0,2.02,114.69768,-59.51688,3304.56,1869.19,2.0,1.8,46.2,-0.438,19.3,20.49,04a60620o0602o
60621.996042,-21.57,1.733,-9,15,c,0,0.95,114.69768,-59.51688,5182.22,1881.98,2.34,2.2,-26.6,-0.41,19.27,21.18,03a60622o0519c
60622.031236,-19.343,0.411,-66,27,c,0,1.0,114.69768,-59.51688,5178.04,1843.63,2.42,2.31,-60.6,-0.405,18.44,20.21,03a60622o0590c
60622.050552,20.798,3.4,17,59,c,0,1.23,114.69768,-59.51688,5237.17,1921.99,2.35,2.23,-53.3,-0.415,17.5,19.17,03a60622o0629c
60622.060908,21.007,0.849,14,12,c,0,0.89,114.69768,-59.51688,5264.24,1809.05,2.38,2.28,-41.5,-0.404,19.26,21.05,03a60622o0651c
60624.300706,-21.592,2.139,-8,18,o,0,1.04,114.69768,-59.51688,9919.38,9895.65,2.48,2.39,-28.4,-0.489,19.2,20.58,04a60624o0652o
60624.30436,-21.123,1.364,-13,18,o,0,1.19,114.69768,-59.51688,9898.42,9858.54,2.56,2.48,-68.3,-0.444,19.27,20.61,04a60624o0660o
60624.310524,20.064,0.488,34,17,o,0,1.42,114.69768,-59.51688,9962.64,9931.31,2.43,2.18,12.3,-0.524,19.21,20.61,04a60624o0672o
60624.3264,-21.987,3.036,-6,18,o,0,0.99,114.69768,-59.51688,9980.87,9816.47,2.4,2.22,2.3,-0.497,19.27,20.54,04a60624o0703o
60630.02054,20.266,1.1,28,31,o,0,1.01,114.69768,-59.51688,1369.08,6009.55,2.7,2.46,-65.3,-0.398,18.38,19.01,03a60630o0587o
60630.023258,21.593,4.022,8,34,o,0,0.91,114.69768,-59.51688,1350.33,5969.04,2.68,2.42,-71.0,-0.408,18.45,19.01,03a60630o0593o
60630.026015,-21.032,1.987,-14,28,o,0,1.33,114.69768,-59.51688,1408.1,6051.59,2.63,2.35,-69.6,-0.404,18.45,19.01,03a60630o0599o
60630.049754,20.365,1.094,26,28,o,0,1.04,114.69768,-59.51688,1438.94,5929.98,2.61,2.35,-70.2,-0.396,18.5,19.07,03a60630o0650o
60632.243715,-21.187,1.534,-12,19,o,0,1.1,114.69768,-59.51688,3328.77,6110.24,2.09,1.76,-77.5,-0.429,18.8,19.49,04a60632o0521o
60632.275566,-21.836,2.383,-7,16,o,0,1.59,114.69768,-59.51688,3307.83,6072.48,2.03,1.74,-71.7,-0.429,18.82,19.57,04a60632o0589o
60632.278739,-21.883,2.441,-6,16,o,0,1.65,114.69768,-59.51688,3364.58,6155.75,1.94,1.77,-72.0,-0.429,18.84,19.58,04a60632o0596o
60632.285132,-20.187,0.539,-31,16,o,0,1.2,114.69768,-59.51688,3384.24,6041.39,2.16,1.85,-59.6,-0.42,18.84,19.58,04a60632o0610o
60636.252274,22.194,3.316,5,16,o,0,1.16,114.69768,-59.51688,5793.21,4409.93,2.04,1.84,-29.7,-0.478,19.1,20.16,04a60636o0522o
60636.25408,-21.086,1.125,-13,15,o,0,0.66,114.69768,-59.51688,5774.64,4371.6,1.99,1.87,-30.0,-0.46,19.12,20.11,04a60636o0526o
60636.275991,20.383,0.622,26,16,o,0,0.71,114.69768,-59.51688,5829.18,4450.76,2.04,1.79,-27.9,-0.467,19.09,20.13,04a60636o0573o
60636.298213,20.612,0.758,21,16,o,0,0.88,114.69768,-59.51688,5849.8,4335.19,2.21,1.95,-31.0,-0.444,19.05,20.16,04a60636o0620o
60638.007669,-20.209,0.503,-30,15,o,0,1.15,114.69768,-59.51688,8490.0,7981.27,2.85,2.29,-47.7,-0.398,19.22,20.62,03a60638o0544o
60638.009493,-20.414,0.519,-25,13,o,0,1.28,114.69768,-59.51688,8470.98,7942.93,2.8,2.26,-49.8,-0.393,19.24,20.62,03a60638o0548o
60638.012681,-20.139,0.356,-32,11,o,0,1.34,114.69768,-59.51688,8530.73,8019.27,2.59,2.19,-49.8,-0.403,19.25,20.61,03a60638o0555o
60638.028193,-19.988,0.478,-37,18,o,0,0.83,114.69768,-59.51688,8556.08,7901.44,2.99,2.72,-50.1,-0.379,19.05,20.57,03a60638o0588o
60640.29986,-22.883,4.0,-3,10,o,0,1.38,114.69768,-59.51688,2213.09,4041.42,1.97,1.81,60.1,-0.412,19.45,20.92,04a60640o0617o
60640.30304,21.27,0.99,11,11,o,0,0.92,114.69768,-59.51688,2195.2,4002.44,2.0,1.85,63.5,-0.407,19.42,20.9,04a60640o0624o
60640.305763,22.33,2.7,4,12,o,0,1.08,114.69768,-59.51688,2251.01,4082.67,1.97,1.81,53.2,-0.413,19.47,20.86,04a60640o0630o
60640.315434,-21.855,1.557,-7,10,o,0,1.56,114.69768,-59.51688,2271.24,3968.58,1.95,1.86,66.6,-0.41,19.42,20.91,04a60640o0651o
60644.277604,21.38,1.103,10,11,c,0,0.87,114.69768,-59.51688,414.18,8197.95,2.6,2.07,-85.1,-0.368,19.52,21.25,04a60644o0578c
60644.279409,-20.544,0.456,-22,10,c,0,1.09,114.69768,-59.51688,393.9,8158.0,2.5,1.98,-81.8,-0.37,19.5,21.27,04a60644o0582c
60644.297499,-23.221,5.7,-2,11,c,0,1.19,114.69768,-59.51688,10101.85,2328.38,3.01,2.27,-18.5,-0.355,19.53,21.4,04a60644o0621c
60644.302843,-20.655,0.54,-20,11,c,0,1.08,114.69768,-59.51688,10082.42,2444.59,3.02,2.45,-23.0,-0.343,19.48,21.4,04a60644o0632c
60644.354455,20.654,1.14,20,23,c,0,0.81,114.69768,-59.51688,10129.91,2394.24,3.02,2.46,-14.8,-0.332,18.81,19.71,04a60644o0741c
60646.029494,21.864,7.0,6,46,o,0,0.89,114.69768,-59.51688,7619.91,152.53,2.38,2.2,-43.4,-0.403,17.86,19.31,03a60646o0572o
60646.031384,20.434,1.419,24,35,o,0,1.42,114.69768,-59.51688,7604.67,115.39,2.33,2.12,-42.8,-0.409,18.17,19.59,03a60646o0576o
60646.04129,-19.636,0.348,-51,18,o,0,1.73,114.69768,-59.51688,7657.54,195.24,2.44,2.24,-40.0,-0.409,17.96,19.49,03a60646o0597o
60646.044022,19.009,3.459,90,313,o,0,0.73,114.69768,-59.51688,3517.99,10233.73,2.87,2.45,-35.6,-0.367,16.57,17.99,03a60646o0603o
60646.044472,19.188,1.368,77,105,o,0,1.06,114.69768,-59.51688,7683.55,77.22,2.4,2.15,-45.6,-0.402,17.1,18.52,03a60646o0604o
60646.053017,-22.715,3.182,-3,10,o,0,1.69,114.69768,-59.51688,7082.72,366.67,2.25,2.06,-43.0,-0.407,19.44,20.93,03a60646o0622o
60646.065056,-22.323,2.656,-4,11,o,0,1.22,114.69768,-59.51688,7025.69,284.94,2.21,2.06,-38.7,-0.411,19.49,20.96,03a60646o0646o
60646.08941,-20.63,0.571,-20,12,o,0,1.18,114.69768,-59.51688,7009.48,404.93,2.12,1.97,-28.7,-0.424,19.33,20.5,03a60646o0697o
60648.220614,-22.187,1.581,-5,8,c,0,1.24,114.69768,-59.51688,6987.04,6421.02,2.47,2.12,-56.5,-0.411,19.45,21.43,04a60648o0449c
60648.23573,23.838,7.429,1,8,c,0,1.89,114.69768,-59.51688,6964.87,6391.42,2.5,2.12,-43.5,-0.392,19.53,21.45,04a60648o0482c
60648.253193,-20.745,0.528,-18,10,c,0,1.08,114.69768,-59.51688,7022.23,6463.83,2.4,2.11,-39.2,-0.402,19.56,21.48,04a60648o0519c
60648.257347,-20.79,0.5,-18,9,c,0,1.19,114.69768,-59.51688,7043.32,6352.58,2.48,2.09,-32.7,-0.394,19.5,21.5,04a60648o0528c
60649.976705,18.255,0.408,181,74,o,0,1.47,114.69768,-59.51688,1532.78,1853.19,2.4,2.1,-60.1,-0.411,17.39,18.64,03a60650o0451o
60649.999429,-18.33,1.38,-169,233,o,0,1.34,114.69768,-59.51688,1521.4,1810.06,2.71,2.48,-60.9,-0.401,16.08,17.51,03a60650o0500o
60650.001714,-19.448,0.496,-60,30,o,0,1.23,114.69768,-59.51688,1577.44,1893.22,2.55,2.35,-54.5,-0.405,18.09,19.49,03a60650o0505o
60650.006741,-20.533,0.946,-22,21,o,0,0.92,114.69768,-59.51688,1599.48,1778.35,2.63,2.42,-56.7,-0.407,18.66,20.13,03a60650o0516o
60652.277577,-21.416,0.933,-10,9,c,0,1.04,114.69768,-59.51688,6507.99,8088.67,2.61,2.19,-54.6,-0.392,19.47,21.5,04a60652o0395c
60652.279407,-20.532,0.376,-22,8,c,0,1.43,114.69768,-59.51688,6488.26,8050.41,2.66,2.21,-54.1,-0.38,19.46,21.51,04a60652o0399c
60652.282139,-21.223,0.754,-12,9,c,0,1.09,114.69768,-59.51688,6548.37,8127.21,2.69,2.22,-57.5,-0.385,19.48,21.51,04a60652o0405c
60652.287627,-22.934,3.8,-2,9,c,0,1.32,114.69768,-59.51688,6568.21,8011.61,2.54,2.21,-63.0,-0.391,19.51,21.48,04a60652o0417c
60654.009116,-20.151,0.342,-32,11,o,0,1.33,114.69768,-59.51688,7052.5,1816.68,2.16,1.89,-51.6,-0.445,19.42,20.84,03a60654o0513o
60654.010926,-21.844,1.574,-7,10,o,0,1.15,114.69768,-59.51688,7035.61,1777.19,2.13,1.87,-49.7,-0.451,19.43,20.82,03a60654o0517o
60654.013657,-22.352,2.806,-4,12,o,0,1.28,114.69768,-59.51688,7091.27,1855.24,2.2,1.94,-52.4,-0.445,19.33,20.76,03a60654o0523o
60654.043148,-20.137,0.418,-32,13,o,0,0.96,114.69768,-59.51688,7121.32,1738.72,2.14,1.92,-51.0,-0.449,19.17,20.54,03a60654o0586o
60656.230186,21.371,1.714,10,18,o,0,1.45,114.69768,-59.51688,2456.38,8222.89,2.46,1.8,-73.7,-0.393,18.92,19.88,04a60656o0464o
60656.235424,-20.121,0.54,-32,18,o,0,1.08,114.69768,-59.51688,2435.99,8182.19,2.43,1.78,-74.3,-0.391,18.91,19.88,04a60656o0475o
60656.238156,-20.229,0.555,-29,16,o,0,1.04,114.69768,-59.51688,2497.16,8262.83,2.41,1.75,-72.3,-0.403,18.9,19.89,04a60656o0481o
60656.262846,20.217,0.597,30,18,o,0,0.77,114.69768,-59.51688,2515.74,8146.04,2.23,1.85,-65.4,-0.431,19.01,19.97,04a60656o0533o
60657.999661,-20.059,0.67,-34,23,o,0,0.86,114.69768,-59.51688,7758.35,4330.94,2.6,2.43,-58.5,-0.426,18.69,19.56,03a60658o0501o
60658.001482,20.732,1.064,18,20,o,0,1.52,114.69768,-59.51688,7742.52,4292.45,2.51,2.28,-52.1,-0.43,18.74,19.55,03a60658o0505o
60658.005124,22.141,4.182,5,21,o,0,0.87,114.69768,-59.51688,7797.43,4369.1,2.41,2.16,-45.8,-0.429,18.79,19.55,03a60658o0513o
60658.026585,22.929,7.688,2,19,o,0,1.39,114.69768,-59.51688,7824.51,4252.9,2.43,2.15,-52.6,-0.426,18.78,19.53,03a60658o0559o
60660.246372,-20.67,1.284,-20,25,o,0,0.65,114.69768,-59.51688,3888.35,4499.92,1.94,1.85,-47.8,-0.448,18.62,19.15,04a60660o0479o
60660.25185,-19.601,0.377,-52,20,o,0,1.37,114.69768,-59.51688,3867.83,4459.79,1.97,1.9,-45.6,-0.467,18.6,19.16,04a60660o0491o
60660.2675,22.042,4.851,6,27,o,0,0.78,114.69768,-59.51688,3925.91,4538.76,1.98,1.83,-51.7,-0.45,18.64,19.17,04a60660o0524o
60660.269352,21.053,1.687,14,23,o,0,1.48,114.69768,-59.51688,3944.05,4422.64,1.97,1.87,-46.3,-0.452,18.63,19.17,04a60660o0528o
60661.989533,-21.221,1.896,-12,22,o,0,1.29,114.69768,-59.51688,7710.88,10136.62,2.77,2.21,-45.3,-0.4,18.87,19.66,03a60662o0472o
60661.993212,-20.311,0.727,-27,20,o,0,1.28,114.69768,-59.51688,7692.31,10098.18,2.68,2.2,-43.7,-0.402,18.84,19.64,03a60662o0480o
60662.0115,-22.298,5.8,-4,25,o,0,0.72,114.69768,-59.51688,7755.7,10176.48,2.79,2.16,-41.7,-0.411,18.86,19.55,03a60662o0519o
60662.015635,-20.578,1.026,-21,22,o,0,1.29,114.69768,-59.51688,7779.17,10060.49,2.83,2.24,-44.4,-0.4,18.81,19.59,03a60662o0528o
60664.233037,-20.97,0.958,-15,14,o,0,1.1,114.69768,-59.51688,5284.13,6057.87,2.04,1.83,-43.3,-0.455,19.14,20.26,04a60664o0440o
60664.235776,-20.362,0.552,-26,14,o,0,1.11,114.69768,-59.51688,5265.01,6019.51,2.05,1.81,-42.5,-0.453,19.15,20.27,04a60664o0446o
60664.250514,21.424,1.622,10,16,o,0,0.93,114.69768,-59.51688,5322.25,6095.52,2.01,1.75,-41.8,-0.467,19.16,20.24,04a60664o0476o
60664.253285,-20.395,0.567,-25,14,o,0,0.91,114.69768,-59.51688,5341.6,5980.45,2.03,1.79,-42.6,-0.462,19.15,20.26,04a60664o0482o
60668.270394,21.851,1.911,7,13,o,0,1.14,114.69768,-59.51688,1611.56,4292.19,1.99,1.84,83.6,-0.427,19.32,20.73,04a60668o0515o
60668.306053,-21.171,0.924,-12,11,o,0,1.14,114.69768,-59.51688,1634.95,4331.61,2.01,1.85,82.4,-0.421,19.29,20.62,04a60668o0590o
60668.334576,-22.122,2.279,-5,12,o,0,1.22,114.69768,-59.51688,1579.24,4258.44,2.0,1.83,86.4,-0.429,19.29,20.66,04a60668o0648o
60668.353088,23.467,7.615,2,11,o,0,1.52,114.69768,-59.51688,1560.32,4378.01,2.0,1.81,85.8,-0.416,19.13,20.1,04a60668o0686o
60670.090735,-21.617,1.755,-8,14,o,0,1.42,114.69768,-59.51688,7179.54,8665.65,2.47,2.05,-53.3,-0.424,19.15,20.17,03a60670o0666o
60670.093898,-20.387,0.784,-25,20,o,0,0.78,114.69768,-59.51688,7198.3,8706.16,2.44,2.06,-53.3,-0.418,18.96,19.8,03a60670o0671o
60670.096721,-19.93,0.759,-39,29,o,0,0.64,114.69768,-59.51688,7144.97,8624.42,2.51,2.11,-49.9,-0.419,18.72,19.33,03a60670o0677o
60670.099556,21.1,2.537,13,33,o,0,0.74,114.69768,-59.51688,7124.5,8739.5,2.56,2.07,-52.5,-0.418,18.43,18.75,03a60670o0683o
60672.208018,21.848,1.765,7,12,o,0,0.88,114.69768,-59.51688,5091.21,1897.31,2.06,1.88,2.5,-0.469,19.47,21.05,04a60672o0379o
60672.209832,-20.721,0.63,-19,12,o,0,1.35,114.69768,-59.51688,5073.52,1858.72,2.07,1.87,-1.4,-0.465,19.45,21.08,04a60672o0383o
60672.232481,-20.892,0.736,-16,12,o,0,1.29,114.69768,-59.51688,5128.19,1937.83,2.03,1.89,1.7,-0.47,19.42,20.89,04a60672o0431o
60672.235642,-20.367,0.464,-26,12,o,0,0.73,114.69768,-59.51688,5147.81,1822.06,1.99,1.88,3.3,-0.473,19.43,20.93,04a60672o0438o
60673.962498,21.332,1.059,11,11,c,0,1.24,114.69768,-59.51688,9821.23,9996.05,2.93,2.39,-55.8,-0.431,19.53,21.44,03a60674o0396c
60673.965318,-20.935,0.707,-15,11,c,0,1.22,114.69768,-59.51688,9802.28,9957.88,2.83,2.32,-55.4,-0.419,19.56,21.47,03a60674o0402c
60673.991222,-19.293,1.308,-70,91,c,0,1.03,114.69768,-59.51688,9864.09,10035.28,2.92,2.42,-55.4,-0.414,17.31,19.07,03a60674o0457c
60673.994419,-18.266,0.919,-179,165,c,0,1.61,114.69768,-59.51688,9890.82,9918.2,2.84,2.33,-54.3,-0.417,17.25,18.99,03a60674o0464c
60676.192788,-22.028,2.289,-6,13,o,0,1.21,114.69768,-59.51688,290.49,4008.69,2.35,2.12,69.3,-0.366,19.27,20.72,04a60676o0350o
60676.195044,21.618,1.222,8,10,o,0,1.52,114.69768,-59.51688,270.93,3968.73,2.37,1.8,51.7,-0.395,19.35,20.71,04a60676o0355o
60676.197787,-21.005,0.791,-14,11,o,0,1.16,114.69768,-59.51688,328.91,4051.45,2.29,1.79,51.5,-0.395,19.35,20.73,04a60676o0361o
60676.203783,-22.068,2.0,-5,11,o,0,1.56,114.69768,-59.51688,350.18,3939.02,2.26,1.82,55.3,-0.393,19.34,20.69,04a60676o0374o
60676.257844,-20.574,0.545,-21,12,o,0,1.01,114.69768,-59.51688,942.85,6461.24,2.24,1.89,-81.5,-0.403,19.39,20.88,04a60676o0489o
60676.261593,-20.034,0.332,-35,12,o,0,1.3,114.69768,-59.51688,961.83,6497.3,2.13,1.84,-81.0,-0.419,19.41,20.89,04a60676o0497o
60676.284775,-20.542,0.466,-22,10,o,0,1.23,114.69768,-59.51688,908.38,6424.11,2.21,1.84,-66.7,-0.453,19.43,21.06,04a60676o0546o
60676.313387,21.459,1.0,10,10,o,0,1.38,114.69768,-59.51688,890.39,6544.65,2.25,1.88,-78.4,-0.403,19.46,21.01,04a60676o0607o
60677.9296,-21.455,0.833,-10,8,c,0,1.42,114.69768,-59.51688,4443.61,8134.89,2.54,2.28,-53.2,-0.371,19.5,21.32,03a60678o0323c
60677.931871,-21.794,1.417,-7,10,c,0,1.24,114.69768,-59.51688,4425.62,8095.56,2.79,2.54,-54.2,-0.371,19.44,21.33,03a60678o0328c
60677.936434,0.0,21.277,0,11,c,0,0.81,114.69768,-59.51688,4483.41,8176.26,2.69,2.47,-58.7,-0.378,19.43,21.31,03a60678o0338c
60677.941895,-20.629,0.57,-20,12,c,0,1.0,114.69768,-59.51688,4510.16,8060.31,2.72,2.54,-60.7,-0.376,19.43,21.33,03a60678o0350c
60680.232497,-20.425,0.688,-25,17,o,0,1.06,114.69768,-59.51688,9202.37,4439.72,2.36,2.23,-50.0,-0.468,19.31,20.83,04a60680o0432o
60680.260414,-20.958,0.977,-15,15,o,0,0.76,114.69768,-59.51688,9224.54,4483.42,2.36,2.14,-24.4,-0.452,19.37,20.91,04a60680o0491o
60680.263635,-21.338,1.4,-11,15,o,0,1.1,114.69768,-59.51688,9165.94,4401.82,2.23,2.1,-76.4,-0.497,19.29,20.89,04a60680o0498o
60680.292024,-20.943,0.841,-15,13,o,0,1.4,114.69768,-59.51688,9148.17,4519.61,2.34,2.21,-43.9,-0.453,19.32,20.82,04a60680o0559o
60684.242939,-20.511,0.512,-23,12,o,0,1.83,114.69768,-59.51688,4869.2,321.25,1.97,1.86,7.7,-0.514,19.23,20.48,04a60684o0455o
60684.246167,-20.501,0.535,-23,12,o,0,0.99,114.69768,-59.51688,4890.3,360.34,1.93,1.84,19.6,-0.506,19.25,20.52,04a60684o0462o
60684.252613,-22.532,3.481,-4,12,o,0,1.44,114.69768,-59.51688,4827.17,282.7,1.94,1.82,20.4,-0.485,19.3,20.58,04a60684o0476o
60684.274861,-21.802,1.956,-7,14,o,0,1.66,114.69768,-59.51688,4810.17,401.71,2.03,1.96,1.4,-0.531,19.34,20.7,04a60684o0523o
60685.961749,-20.844,0.883,-17,15,o,0,1.4,114.69768,-59.51688,4701.72,6134.89,2.24,1.98,-47.5,-0.401,19.08,19.98,03a60686o0394o
60685.964907,-20.497,0.653,-23,15,o,0,1.38,114.69768,-59.51688,4720.25,6173.56,2.25,2.0,-46.8,-0.404,19.07,19.98,03a60686o0401o
60685.970809,-20.998,1.164,-14,17,o,0,0.92,114.69768,-59.51688,4667.45,6095.13,2.24,2.01,-46.1,-0.389,19.08,19.99,03a60686o0414o
60685.99341,-21.528,1.964,-9,18,o,0,0.68,114.69768,-59.51688,4650.44,6212.12,2.42,2.25,-51.5,-0.385,18.99,20.04,03a60686o0462o
60688.239369,-19.223,0.514,-74,38,o,0,1.17,114.69768,-59.51688,2024.1,2620.78,2.02,1.88,47.3,-0.42,17.99,18.22,04a60688o0240o
60688.243921,-20.562,1.84,-22,40,o,0,1.23,114.69768,-59.51688,2046.65,2660.76,2.06,2.04,-51.3,-0.419,18.05,18.58,04a60688o0249o
60688.249036,-20.364,1.333,-26,35,o,0,0.87,114.69768,-59.51688,1985.66,2585.06,2.01,1.87,51.7,-0.418,18.3,18.81,04a60688o0260o
60688.259717,-20.34,0.85,-27,23,o,0,1.75,114.69768,-59.51688,1965.11,2703.45,2.01,1.81,53.6,-0.426,18.47,18.96,04a60688o0283o
60692.144688,-19.238,0.371,-73,27,o,0,1.21,114.69768,-59.51688,8780.07,1610.63,2.68,2.1,-21.7,-0.39,18.85,19.67,04a60692o0198o
60692.147878,-20.132,0.664,-32,21,o,0,1.66,114.69768,-59.51688,8763.07,1572.82,2.68,2.17,-20.3,-0.381,18.85,19.72,04a60692o0205o
60692.183173,-20.395,0.823,-25,21,o,0,1.33,114.69768,-59.51688,8816.73,1649.17,2.68,2.15,-22.4,-0.374,18.79,19.67,04a60692o0276o
60692.185901,-20.639,1.495,-20,30,o,0,0.83,114.69768,-59.51688,8835.21,1531.68,2.48,2.12,-17.6,-0.4,18.86,19.66,04a60692o0282o
60693.919658,20.033,0.448,35,16,o,0,1.34,114.69768,-59.51688,10170.11,2526.12,2.49,2.18,-57.9,-0.369,19.05,20.14,03a60694o0309o
60693.922541,21.057,1.135,14,16,o,0,1.11,114.69768,-59.51688,10189.62,2566.84,2.38,2.02,-59.5,-0.38,19.13,20.16,03a60694o0315o
60693.927668,-22.687,5.19,-3,16,o,0,0.87,114.69768,-59.51688,10131.82,2481.78,2.38,2.06,-60.3,-0.378,19.11,20.17,03a60694o0326o
60693.958343,21.033,1.091,14,15,o,0,0.91,114.69768,-59.51688,10114.86,2600.81,2.3,2.07,-59.0,-0.379,19.13,20.16,03a60694o0391o
60693.962464,-19.791,0.314,-44,14,o,0,1.73,114.69768,-59.51688,344.83,2206.83,2.35,2.01,-65.4,-0.404,19.13,20.14,03a60694o0400o
60693.96567,21.097,1.187,13,16,o,0,1.11,114.69768,-59.51688,365.69,2244.45,2.38,2.03,-67.1,-0.403,19.1,20.15,03a60694o0407o
60693.992347,-20.562,0.797,-22,17,o,0,0.83,114.69768,-59.51688,313.56,2168.01,2.36,2.11,-71.1,-0.406,19.1,20.11,03a60694o0464o
60694.000135,-21.13,1.121,-13,14,o,0,1.6,114.69768,-59.51688,292.42,2284.76,2.33,2.02,-68.4,-0.39,19.07,20.09,03a60694o0481o
60696.175644,22.458,2.815,4,11,o,0,1.56,114.69768,-59.51688,6964.82,250.13,2.18,1.87,-24.2,-0.45,19.35,20.75,04a60696o0309o
60696.178858,21.401,1.274,10,13,o,0,0.95,114.69768,-59.51688,6985.56,290.05,2.17,1.89,-26.6,-0.45,19.33,20.73,04a60696o0316o
60696.186248,-21.242,0.786,-12,9,o,0,2.2,114.69768,-59.51688,6924.35,210.06,2.13,1.92,-18.3,-0.456,19.34,20.72,04a60696o0332o
60696.190774,20.058,0.53,34,18,o,0,1.3,114.69768,-59.51688,3092.54,10443.46,2.47,1.69,-68.9,-0.487,19.35,20.76,04a60696o0342o
60696.219757,21.268,1.325,11,15,o,0,1.09,114.69768,-59.51688,6906.05,331.29,2.07,1.93,-21.6,-0.476,19.32,20.65,04a60696o0403o
60696.221109,-21.901,3.919,-6,25,o,0,1.28,114.69768,-59.51688,3110.97,10484.77,2.27,1.64,-67.8,-0.524,19.33,20.71,04a60696o0406o
60696.223865,20.18,0.533,31,16,o,0,1.28,114.69768,-59.51688,3058.67,10405.9,2.35,1.63,-69.9,-0.509,19.35,20.7,04a60696o0412o
60696.229303,20.94,1.309,15,20,o,0,1.45,114.69768,-59.51688,3037.37,10524.24,2.43,1.63,-70.6,-0.505,19.33,20.64,04a60696o0424o
60697.927302,-20.325,0.516,-27,14,o,0,1.03,114.69768,-59.51688,3571.3,4093.56,2.22,1.98,-60.5,-0.426,19.1,20.59,03a60698o0327o
60697.930736,-21.221,0.833,-12,10,o,0,1.81,114.69768,-59.51688,3590.22,4132.05,2.29,2.06,-58.0,-0.415,19.45,20.91,03a60698o0334o
60697.936357,24.892,26.667,0,11,o,0,1.11,114.69768,-59.51688,3536.78,4054.63,2.2,1.98,-57.3,-0.426,19.45,20.88,03a60698o0346o
60697.966161,16.586,1.975,843,1664,o,0,0.9,114.69768,-59.51688,3518.23,4172.26,2.11,1.94,-58.8,-0.413,14.4,15.36,03a60698o0409o
60700.19958,-20.171,0.444,-31,14,c,0,1.24,114.69768,-59.51688,9145.77,8605.41,2.68,2.26,-47.3,-0.46,19.49,21.48,04a60700o0373c
60700.203228,21.855,1.687,7,11,c,0,1.43,114.69768,-59.51688,9165.16,8645.66,2.77,2.32,-50.6,-0.434,19.52,21.49,04a60700o0381c
60700.23861,-22.65,4.786,-3,15,c,0,0.87,114.69768,-59.51688,9112.22,8571.66,2.64,2.29,-44.5,-0.445,19.56,21.52,04a60700o0456c
60700.24599,-20.357,0.476,-26,12,c,0,1.12,114.69768,-59.51688,9092.37,8683.51,2.71,2.3,-55.9,-0.447,19.54,21.49,04a60700o0471c
60700.262678,-20.26,0.722,-29,21,o,0,1.18,114.69768,-59.51688,52.23,8661.46,2.48,1.82,-72.0,-0.396,19.37,20.9,04a60700o0494o
60700.265717,-21.839,2.891,-7,19,o,0,1.23,114.69768,-59.51688,69.68,8699.27,2.47,1.85,-72.7,-0.401,19.42,20.92,04a60700o0500o
60704.176438,24.225,14.2,1,10,c,0,0.67,114.69768,-59.51688,3613.36,8765.14,2.73,1.81,-73.1,-0.4,19.48,21.24,04a60704o0335c
60704.179618,-21.32,0.783,-11,8,c,0,1.44,114.69768,-59.51688,3631.22,8803.74,2.76,1.87,-73.3,-0.407,19.45,21.24,04a60704o0342c
60704.189778,-22.681,3.6,-3,11,c,0,1.07,114.69768,-59.51688,3575.92,8726.59,2.72,1.87,-71.3,-0.403,19.42,21.24,04a60704o0364c
60704.195238,-23.446,6.0,-2,9,c,0,2.1,114.69768,-59.51688,3556.99,8844.23,2.75,1.83,-72.7,-0.403,19.47,21.22,04a60704o0376c
60705.90133,-21.468,1.136,-9,11,o,0,1.45,114.69768,-59.51688,8144.17,2442.06,2.3,2.06,-54.4,-0.436,19.46,20.98,03a60706o0293o
60705.904105,-21.294,1.039,-11,12,o,0,0.76,114.69768,-59.51688,8164.27,2482.74,2.32,2.09,-53.0,-0.438,19.44,20.98,03a60706o0299o
60705.909569,-21.773,1.54,-7,11,o,0,1.2,114.69768,-59.51688,8107.78,2400.52,2.3,2.07,-53.6,-0.431,19.46,20.97,03a60706o0311o
60705.920481,-20.059,0.306,-34,10,o,0,0.96,114.69768,-59.51688,8087.13,2516.16,2.2,2.01,-56.0,-0.442,19.47,20.95,03a60706o0335o
60708.172277,25.379,36.0,0,9,c,0,1.55,114.69768,-59.51688,2858.64,6267.05,2.29,1.89,-78.0,-0.378,19.53,21.52,04a60708o0333c
60708.175495,21.766,1.273,7,9,c,0,1.07,114.69768,-59.51688,2876.23,6304.77,2.34,1.87,-78.4,-0.381,19.51,21.53,04a60708o0340c
60708.181538,22.329,1.909,4,8,c,0,1.48,114.69768,-59.51688,2822.07,6229.35,2.3,1.88,-75.9,-0.379,19.53,21.52,04a60708o0353c
60708.192612,-20.789,0.422,-18,7,c,0,1.46,114.69768,-59.51688,2801.82,6346.44,2.31,1.89,-76.7,-0.378,19.54,21.49,04a60708o0377c
60709.891506,24.22,15.2,1,11,o,0,0.95,114.69768,-59.51688,6599.05,6115.42,2.34,2.11,-52.6,-0.438,19.44,20.96,03a60710o0278o
60709.894705,22.046,1.975,6,11,o,0,1.42,114.69768,-59.51688,6617.48,6154.95,2.25,2.02,-47.1,-0.44,19.48,20.97,03a60710o0285o
60709.901124,21.953,1.975,6,12,o,0,0.9,114.69768,-59.51688,6565.3,6075.0,2.3,2.15,-54.3,-0.446,19.48,20.98,03a60710o0299o
60709.91257,-22.59,3.429,-3,12,o,0,1.22,114.69768,-59.51688,6546.45,6190.64,2.39,2.21,-55.4,-0.436,19.4,20.96,03a60710o0324o
60712.158518,-19.902,0.419,-40,17,o,0,0.81,114.69768,-59.51688,2762.89,445.71,2.04,1.84,36.7,-0.475,19.14,20.37,04a60712o0313o
60712.161742,-20.446,0.554,-24,13,o,0,1.55,114.69768,-59.51688,2784.71,484.42,2.03,1.82,32.2,-0.484,19.15,20.38,04a60712o0320o
60712.164522,-22.39,3.71,-4,15,o,0,0.83,114.69768,-59.51688,2722.33,407.46,1.98,1.76,34.0,-0.495,19.18,20.39,04a60712o0326o
60712.168218,-20.747,0.798,-18,15,o,0,1.51,114.69768,-59.51688,2702.13,525.51,2.02,1.88,13.3,-0.504,19.15,20.43,04a60712o0334o
60713.912497,-21.116,1.5,-13,20,o,0,1.1,114.69768,-59.51688,5261.02,4513.6,2.43,2.33,-75.0,-0.419,18.92,19.95,03a60714o0243o
60713.915679,21.422,1.656,10,16,o,0,1.08,114.69768,-59.51688,5281.11,4553.58,2.3,2.13,-61.0,-0.412,18.95,19.96,03a60714o0250o
60716.177774,-24.833,73.0,0,31,o,0,1.11,114.69768,-59.51688,8710.23,714.87,2.46,2.28,-36.4,-0.404,18.53,19.21,04a60716o0221o
60716.181481,-20.282,1.09,-28,30,o,0,0.84,114.69768,-59.51688,8728.94,755.33,2.49,2.18,-23.2,-0.402,18.58,19.24,04a60716o0229o
60716.186654,19.586,0.59,53,31,o,0,0.78,114.69768,-59.51688,8666.94,672.97,2.58,2.41,-31.5,-0.372,18.48,19.24,04a60716o0240o
60716.196569,22.297,7.0,4,31,o,0,1.13,114.69768,-59.51688,8645.83,789.49,2.51,2.44,-58.0,-0.408,18.47,19.2,04a60716o0261o
60717.898332,-20.729,1.023,-19,19,o,0,1.52,114.69768,-59.51688,1611.67,4204.01,2.34,2.06,-68.4,-0.412,18.73,19.32,03a60718o0302o
60717.901529,-21.696,2.288,-8,17,o,0,1.48,114.69768,-59.51688,1630.2,4242.38,2.35,2.1,-67.5,-0.412,18.72,19.32,03a60718o0309o
60717.907018,20.549,0.847,22,18,o,0,1.24,114.69768,-59.51688,1576.97,4166.47,2.3,2.05,-67.5,-0.408,18.72,19.31,03a60718o0321o
60717.918831,-20.041,0.638,-35,22,o,0,1.24,114.69768,-59.51688,1556.21,4282.35,2.33,2.09,-68.4,-0.408,18.74,19.3,03a60718o0347o
60720.141194,-20.41,1.284,-25,32,o,0,1.47,114.69768,-59.51688,7299.48,8601.3,2.15,1.88,-44.9,-0.557,18.61,19.19,04a60720o0287o
60720.144418,22.187,7.0,5,34,o,0,0.68,114.69768,-59.51688,7318.45,8641.02,1.95,1.78,-49.0,-0.489,18.56,19.13,04a60720o0294o
60720.151109,19.991,0.731,37,27,o,0,1.31,114.69768,-59.51688,7263.32,8563.67,2.15,1.88,-46.7,-0.486,18.63,19.18,04a60720o0308o
60720.166267,22.231,6.5,5,30,o,0,1.23,114.69768,-59.51688,7244.48,8679.01,2.16,1.91,-30.2,-0.445,18.52,19.1,04a60720o0341o
60721.90047,-20.291,0.632,-28,18,o,0,1.02,114.69768,-59.51688,5335.5,8667.79,2.55,2.22,-46.6,-0.366,18.95,19.85,03a60722o0302o
60721.903712,-20.73,0.969,-18,18,o,0,1.02,114.69768,-59.51688,5351.61,8707.05,2.37,2.08,-47.4,-0.398,19.02,19.84,03a60722o0309o
60721.909163,21.814,2.364,7,16,o,0,1.46,114.69768,-59.51688,5303.27,8627.87,2.51,2.16,-47.2,-0.378,18.95,19.83,03a60722o0321o
60721.919169,-20.165,0.582,-31,18,o,0,1.27,114.69768,-59.51688,5282.47,8743.42,2.55,2.18,-48.7,-0.377,18.93,19.8,03a60722o0343o
60724.171326,-22.702,6.0,-3,18,o,0,1.58,114.69768,-59.51688,806.47,630.87,2.09,2.01,2.4,-0.551,19.0,20.09,04a60724o0289o
60724.174135,20.751,1.308,18,24,o,0,0.83,114.69768,-59.51688,825.32,666.94,2.27,1.68,43.6,-0.516,19.11,20.13,04a60724o0295o
60724.179691,-20.304,0.821,-27,22,o,0,0.88,114.69768,-59.51688,760.22,589.1,2.18,1.67,41.0,-0.539,19.08,20.14,04a60724o0307o
60724.201061,19.866,0.55,41,23,o,0,0.81,114.69768,-59.51688,728.19,700.04,2.38,1.69,41.0,-0.509,19.08,20.11,04a60724o0353o
60725.997175,20.082,3.629,34,122,o,0,0.91,114.69768,-59.51688,10200.14,6698.46,2.85,2.35,-49.9,-0.359,16.59,17.19,03a60726o0106o
60726.000389,0.0,18.788,0,111,o,0,1.1,114.69768,-59.51688,10218.61,6738.95,2.97,2.48,-52.8,-0.349,16.49,17.17,03a60726o0113o
60726.007776,-21.391,3.061,-10,31,o,0,0.87,114.69768,-59.51688,10163.1,6653.42,2.82,2.33,-52.6,-0.365,18.19,19.18,03a60726o0129o
60726.00823,-24.203,38.0,-1,29,o,0,1.07,114.69768,-59.51688,909.72,6356.1,2.77,2.48,-58.9,-0.388,18.66,19.76,03a60726o0130o
60726.011448,20.913,1.338,16,21,o,0,0.92,114.69768,-59.51688,927.61,6394.45,2.8,2.44,-59.1,-0.397,18.86,19.95,03a60726o0137o
60726.017918,22.633,7.2,3,23,o,0,0.92,114.69768,-59.51688,874.5,6319.41,2.72,2.37,-60.4,-0.393,18.82,19.93,03a60726o0151o
60726.018368,20.816,1.398,17,24,o,0,0.87,114.69768,-59.51688,10140.57,6763.99,2.66,2.24,-53.9,-0.374,18.82,19.87,03a60726o0152o
60726.045084,17.532,1.782,352,628,o,0,1.04,114.69768,-59.51688,853.46,6440.59,2.72,2.39,-56.4,-0.409,15.36,15.61,03a60726o0208o
60728.132119,19.987,0.308,37,11,o,0,1.42,114.69768,-59.51688,6083.71,2369.99,2.06,1.84,-23.1,-0.486,19.34,20.72,04a60728o0277o
60728.13494,-20.92,0.947,-16,15,o,0,0.95,114.69768,-59.51688,6103.1,2409.1,2.06,1.93,-27.0,-0.484,19.33,20.72,04a60728o0283o
60728.140137,-19.988,0.348,-37,13,o,0,0.82,114.69768,-59.51688,6041.81,2330.24,2.04,1.86,-18.8,-0.487,19.34,20.73,04a60728o0294o
60728.150736,-21.152,1.096,-13,14,o,0,0.89,114.69768,-59.51688,6021.03,2447.45,2.01,1.89,-9.1,-0.48,19.31,20.73,04a60728o0317o
60729.865949,-21.34,1.105,-11,12,c,0,0.79,114.69768,-59.51688,9183.85,4567.1,2.75,2.43,-62.4,-0.371,19.46,21.51,03a60730o0249c
60729.869156,24.472,17.0,1,10,c,0,1.0,114.69768,-59.51688,9205.36,4607.76,2.8,2.5,-60.1,-0.382,19.45,21.48,03a60730o0256c
60729.874659,-22.279,1.963,-4,9,c,0,1.35,114.69768,-59.51688,9148.78,4524.98,2.6,2.26,-59.5,-0.382,19.55,21.49,03a60730o0268c
60729.884684,22.348,2.0,4,8,c,0,1.68,114.69768,-59.51688,9128.06,4639.59,2.48,2.13,-61.9,-0.387,19.57,21.48,03a60730o0290c
60732.095822,21.352,1.306,10,14,o,0,1.39,114.69768,-59.51688,7231.2,4432.7,2.2,1.84,-24.0,-0.472,19.27,20.57,04a60732o0023o
60732.099497,22.704,4.905,3,15,o,0,0.96,114.69768,-59.51688,7250.49,4471.98,2.23,1.91,-23.6,-0.459,19.23,20.58,04a60732o0031o
60732.10593,22.239,2.545,5,12,o,0,1.52,114.69768,-59.51688,7192.15,4390.65,2.19,1.9,-24.1,-0.461,19.3,20.61,04a60732o0045o
60732.120294,-21.1,1.284,-13,17,o,0,0.74,114.69768,-59.51688,7175.4,4507.71,2.24,1.93,-21.5,-0.464,19.26,20.57,04a60732o0075o
60733.895671,-20.969,0.693,-15,10,c,0,0.84,114.69768,-59.51688,4983.31,335.66,2.47,2.36,-49.7,-0.362,19.52,21.45,03a60734o0251c
60733.896121,-22.069,1.926,-5,10,c,0,1.08,114.69768,-59.51688,1120.31,10521.14,2.77,2.48,-41.9,-0.396,19.52,21.45,03a60734o0252c
60733.901423,24.241,14.6,1,11,c,0,0.77,114.69768,-59.51688,5006.08,378.16,2.31,2.15,-52.1,-0.368,19.58,21.45,03a60734o0263c
60733.905077,-20.102,4.111,-33,136,c,0,1.2,114.69768,-59.51688,4945.64,296.67,2.39,2.22,-54.9,-0.372,16.74,18.49,03a60734o0271c
60733.906433,22.097,18.0,5,95,c,0,0.79,114.69768,-59.51688,1090.68,10484.37,2.78,2.49,-44.9,-0.399,16.67,18.42,03a60734o0274c
60733.917082,-23.516,6.444,-1,9,c,0,1.46,114.69768,-59.51688,4922.32,411.55,2.4,2.24,-59.6,-0.367,19.54,21.46,03a60734o0297c
60736.126345,23.608,10.143,1,13,o,0,1.5,114.69768,-59.51688,4767.21,6133.04,2.56,2.21,-69.5,-0.43,19.15,20.7,04a60736o0279o
60736.12957,-21.002,0.928,-14,13,o,0,1.18,114.69768,-59.51688,4785.86,6171.93,2.42,2.13,-70.6,-0.44,19.19,20.7,04a60736o0286o
60736.136492,-21.532,2.083,-9,18,o,0,0.84,114.69768,-59.51688,4731.21,6097.82,2.77,2.39,-69.2,-0.446,19.09,20.71,04a60736o0300o
60736.146599,-20.115,0.503,-33,16,o,0,1.15,114.69768,-59.51688,4711.65,6211.14,2.41,2.07,-71.2,-0.453,19.19,20.68,04a60736o0322o
60738.023858,-22.316,2.85,-4,12,c,0,0.94,114.69768,-59.51688,2083.02,2563.43,2.43,2.32,-49.8,-0.401,19.26,21.12,03a60738o0209c
60738.027033,-21.571,1.239,-8,11,c,0,1.32,114.69768,-59.51688,2101.85,2602.08,2.43,2.29,-56.4,-0.402,19.38,21.25,03a60738o0216c
60738.048842,-21.766,1.944,-7,14,c,0,0.98,114.69768,-59.51688,2040.99,2528.4,2.47,2.38,-36.4,-0.393,19.31,21.18,03a60738o0263c
60738.057231,-21.993,2.654,-6,15,c,0,0.76,114.69768,-59.51688,2015.57,2645.43,2.59,2.53,-20.8,-0.389,19.25,21.13,03a60738o0281c
60740.125662,-20.316,0.496,-27,14,o,0,1.83,114.69768,-59.51688,8349.7,6516.64,2.39,2.12,-30.4,-0.462,19.19,20.57,04a60740o0283o
60740.128842,20.317,0.642,27,17,o,0,0.93,114.69768,-59.51688,8366.32,6554.53,2.38,2.16,-33.8,-0.461,19.15,20.62,04a60740o0290o
60740.134444,-20.093,0.431,-33,14,o,0,1.55,114.69768,-59.51688,8313.46,6476.42,2.45,2.2,-41.5,-0.464,19.12,20.56,04a60740o0302o
60740.147487,20.944,1.241,15,19,o,0,0.94,114.69768,-59.51688,8292.34,6591.88,2.3,2.07,-29.6,-0.45,19.2,20.64,04a60740o0330o
60744.095099,-24.671,47.5,0,23,o,0,1.34,114.69768,-59.51688,10152.35,2365.05,2.76,2.16,-17.1,-0.437,18.8,19.73,04a60744o0226o
60744.098334,-20.249,1.085,-29,31,o,0,0.9,114.69768,-59.51688,10172.35,2405.23,2.67,2.25,-12.6,-0.436,18.82,19.73,04a60744o0233o
60744.105941,-20.325,1.137,-27,31,o,0,0.98,114.69768,-59.51688,10112.06,2324.14,2.78,2.18,-20.1,-0.426,18.79,19.73,04a60744o0249o
60744.110584,21.099,1.838,13,24,o,0,0.96,114.69768,-59.51688,294.91,2315.78,2.54,1.91,42.2,-0.446,18.8,19.71,04a60744o0259o
60744.113797,-19.695,0.543,-48,26,o,0,0.99,114.69768,-59.51688,316.5,2352.74,2.33,2.12,38.6,-0.461,18.7,19.69,04a60744o0266o
60744.117999,-20.638,1.177,-20,24,o,0,1.44,114.69768,-59.51688,10092.67,2439.6,2.79,2.1,-20.9,-0.429,18.82,19.74,04a60744o0275o
60744.123779,-21.187,2.061,-12,25,o,0,1.28,114.69768,-59.51688,257.38,2280.18,2.26,2.08,40.7,-0.469,18.74,19.7,04a60744o0287o
60744.129373,-22.899,9.714,-2,24,o,0,1.0,114.69768,-59.51688,237.73,2398.89,2.32,2.05,36.1,-0.453,18.76,19.72,04a60744o0299o
60745.847561,-20.307,0.684,-27,19,o,0,0.96,114.69768,-59.51688,7077.89,329.14,2.29,2.08,-50.7,-0.386,18.83,19.54,03a60746o0232o
60745.850759,22.002,3.595,6,21,o,0,1.28,114.69768,-59.51688,7097.26,369.27,2.26,2.02,-51.1,-0.395,18.83,19.54,03a60746o0239o
60745.85121,-19.5,0.367,-58,21,o,0,1.38,114.69768,-59.51688,2928.05,10386.59,2.55,2.23,-45.3,-0.402,18.83,19.56,03a60746o0240o
60745.85658,-19.992,0.683,-37,25,o,0,0.98,114.69768,-59.51688,2946.0,10427.59,2.68,2.32,-43.7,-0.393,18.81,19.54,03a60746o0251o
60745.857936,-21.342,1.87,-10,20,o,0,1.41,114.69768,-59.51688,7040.55,288.69,2.28,2.01,-53.1,-0.387,18.82,19.53,03a60746o0254o
60745.859792,-22.173,4.0,-5,20,o,0,1.37,114.69768,-59.51688,2897.39,10348.46,2.51,2.17,-44.6,-0.403,18.89,19.54,03a60746o0258o
60745.868171,20.335,0.959,27,26,o,0,0.88,114.69768,-59.51688,7015.71,405.7,2.14,2.02,-26.1,-0.439,18.86,19.53,03a60746o0275o
60745.870897,19.683,0.431,49,21,o,0,1.03,114.69768,-59.51688,2875.59,10466.21,2.58,2.2,-47.4,-0.401,18.87,19.54,03a60746o0281o
60748.12464,-19.38,0.547,-64,35,o,0,1.1,114.69768,-59.51688,3589.25,4119.2,2.31,2.03,-70.5,-0.445,18.26,18.73,04a60748o0297o
60748.127855,21.92,4.976,6,31,o,0,1.55,114.69768,-59.51688,3606.86,4156.51,2.18,1.99,-78.7,-0.44,18.31,18.72,04a60748o0304o
60748.133553,19.223,0.449,74,33,o,0,1.42,114.69768,-59.51688,3551.46,4082.92,2.22,2.04,-71.1,-0.451,18.27,18.7,04a60748o0316o
60748.15342,19.172,0.426,78,33,o,0,0.97,114.69768,-59.51688,3531.87,4199.78,2.12,1.96,-64.2,-0.443,18.22,18.63,04a60748o0359o
60752.129701,21.875,3.513,6,23,o,0,1.29,114.69768,-59.51688,4065.45,2466.73,2.17,2.02,-81.4,-0.482,18.81,19.77,04a60752o0313o
60752.132484,-23.82,19.0,-1,20,o,0,0.76,114.69768,-59.51688,4083.39,2503.95,2.1,1.98,-89.3,-0.486,18.86,19.78,04a60752o0319o
60752.138907,21.511,2.309,9,21,o,0,1.33,114.69768,-59.51688,4023.07,2428.52,2.12,2.06,69.7,-0.476,18.8,19.75,04a60752o0329o
60752.149179,-19.967,0.628,-37,24,o,0,1.2,114.69768,-59.51688,4003.02,2546.43,2.12,2.0,-81.3,-0.48,18.81,19.71,04a60752o0351o
60753.85508,22.199,2.844,5,14,o,0,1.36,114.69768,-59.51688,3500.34,8731.9,2.38,2.08,-55.8,-0.385,19.18,20.19,03a60754o0206o
60753.858412,-21.029,1.0,-14,14,o,0,1.29,114.69768,-59.51688,3518.14,8771.52,2.5,2.12,-51.3,-0.38,19.13,20.17,03a60754o0213o
60753.863535,-22.208,3.312,-5,16,o,0,0.73,114.69768,-59.51688,3466.88,8693.07,2.37,2.07,-55.6,-0.388,19.13,20.12,03a60754o0224o
60753.875023,-21.442,1.609,-10,16,o,0,1.16,114.69768,-59.51688,3449.06,8809.65,2.39,2.06,-52.2,-0.388,19.16,20.14,03a60754o0249o
60756.089777,-22.439,2.952,-4,11,c,0,1.22,114.69768,-59.51688,8111.13,2340.96,2.59,2.27,-21.3,-0.399,19.42,21.42,04a60756o0231c
60756.092974,20.238,0.418,29,12,c,0,0.94,114.69768,-59.51688,8131.34,2381.03,2.61,2.25,-20.5,-0.364,19.42,21.38,04a60756o0238c
60756.102969,-21.49,1.365,-9,13,c,0,0.76,114.69768,-59.51688,8070.42,2301.08,2.57,2.22,-21.6,-0.396,19.42,21.38,04a60756o0259c
60756.108124,-20.577,0.542,-21,12,c,0,0.91,114.69768,-59.51688,8052.44,2417.63,2.59,2.23,-27.0,-0.403,19.42,21.41,04a60756o0270c
60757.822755,20.879,0.634,16,10,o,0,1.11,114.69768,-59.51688,2814.9,6214.71,2.19,1.98,-64.8,-0.414,19.51,20.98,03a60758o0213o
60757.825969,-24.348,14.2,-1,9,o,0,1.5,114.69768,-59.51688,2833.37,6253.23,2.2,2.0,-62.7,-0.406,19.51,20.99,03a60758o0220o
60757.832856,25.398,37.0,0,9,o,0,1.06,114.69768,-59.51688,2780.83,6176.76,2.14,1.95,-66.0,-0.409,19.53,20.98,03a60758o0235o
60757.842994,-21.259,0.814,-11,9,o,0,1.44,114.69768,-59.51688,2760.36,6292.5,2.2,1.99,-67.5,-0.412,19.5,21.06,03a60758o0257o
60760.093913,21.984,1.429,6,8,c,0,2.14,114.69768,-59.51688,6671.55,6062.4,2.46,2.18,-54.8,-0.414,19.42,21.33,04a60760o0247c
60760.097109,-22.982,4.929,-2,12,c,0,0.77,114.69768,-59.51688,6689.57,6100.63,2.49,2.22,-53.1,-0.377,19.37,21.32,04a60760o0254c
60760.102606,21.901,1.714,6,11,c,0,1.54,114.69768,-59.51688,6633.47,6022.22,2.58,2.25,-57.3,-0.414,19.34,21.3,04a60760o0266c
60760.112544,20.917,0.778,16,12,c,0,1.1,114.69768,-59.51688,6615.12,6139.19,2.5,2.22,-59.1,-0.412,19.39,21.29,04a60760o0287c
60761.825258,-20.473,0.473,-24,11,o,0,1.55,114.69768,-59.51688,2887.93,410.65,2.4,2.25,-56.9,-0.384,19.29,20.7,03a60762o0215o
60761.828435,-20.794,0.758,-18,13,o,0,1.17,114.69768,-59.51688,2907.02,448.63,2.54,2.36,-66.5,-0.385,19.21,20.68,03a60762o0222o
60761.833932,-19.935,0.415,-38,16,o,0,0.86,114.69768,-59.51688,2847.41,368.21,2.62,2.43,-68.5,-0.376,19.15,20.65,03a60762o0234o
60761.843783,24.052,18.0,1,16,o,0,0.78,114.69768,-59.51688,2825.1,486.02,2.52,2.34,-69.5,-0.379,19.22,20.64,03a60762o0255o
60764.072225,-21.01,1.0,-14,14,c,0,0.87,114.69768,-59.51688,5274.16,4491.28,2.45,2.3,-73.9,-0.385,19.18,20.98,04a60764o0213c
60764.0759,22.007,2.1,6,12,c,0,1.83,114.69768,-59.51688,5293.76,4530.32,2.6,2.39,-71.2,-0.357,19.13,20.96,04a60764o0221c
60764.09232,-21.577,1.192,-8,10,c,0,2.0,114.69768,-59.51688,5239.11,4455.3,2.31,2.2,-66.5,-0.392,19.2,20.93,04a60764o0256c
60764.098384,-20.5,0.469,-23,11,c,0,1.36,114.69768,-59.51688,5220.57,4571.1,2.29,2.12,-63.5,-0.395,19.25,20.91,04a60764o0269c
60765.806441,-20.263,0.318,-28,9,o,0,1.96,114.69768,-59.51688,8804.09,845.12,2.32,2.01,-57.6,-0.443,19.45,20.97,03a60766o0193o
60765.809624,20.157,0.346,31,11,o,0,1.68,114.69768,-59.51688,8823.77,885.98,2.32,2.05,-55.3,-0.443,19.43,20.96,03a60766o0200o
60765.819423,-20.767,0.528,-18,9,o,0,1.93,114.69768,-59.51688,8764.41,802.22,2.24,2.0,-53.8,-0.45,19.46,21.01,03a60766o0221o
60765.82944,-20.116,0.318,-33,10,o,0,1.33,114.69768,-59.51688,8741.71,916.24,2.3,2.03,-53.7,-0.441,19.49,21.02,03a60766o0243o
60769.804973,-21.737,1.745,-7,13,o,0,1.18,114.69768,-59.51688,7182.36,8671.08,2.48,2.04,-47.4,-0.424,19.35,20.59,03a60770o0198o
60769.808142,-21.681,1.471,-8,11,o,0,1.25,114.69768,-59.51688,7203.34,8711.35,2.45,1.99,-50.9,-0.428,19.35,20.59,03a60770o0205o
60769.813621,-22.37,2.889,-4,12,o,0,1.4,114.69768,-59.51688,7150.42,8629.62,2.45,2.0,-47.1,-0.427,19.36,20.61,03a60770o0217o
60769.823543,21.427,1.358,10,13,o,0,0.94,114.69768,-59.51688,7129.66,8746.58,2.32,2.0,-50.7,-0.433,19.39,20.65,03a60770o0238o
60772.072515,-19.984,0.665,-37,24,o,0,0.69,114.69768,-59.51688,5463.24,8653.98,2.66,2.12,-75.1,-0.418,18.88,20.06,04a60772o0229o
60772.075735,-20.951,1.438,-15,22,o,0,1.01,114.69768,-59.51688,5480.27,8692.37,2.67,2.12,-76.4,-0.435,18.85,20.06,04a60772o0236o
60772.081762,-20.708,1.053,-19,20,o,0,1.19,114.69768,-59.51688,5426.36,8614.09,2.55,2.05,-75.9,-0.436,18.92,20.03,04a60772o0249o
60772.098762,-20.399,0.879,-25,22,o,0,1.26,114.69768,-59.51688,5408.26,8733.8,2.47,1.96,-76.4,-0.443,18.91,20.02,04a60772o0285o
60777.769351,18.577,0.477,135,64,o,0,0.99,114.69768,-59.51688,6138.08,2424.75,2.48,2.24,-56.3,-0.434,17.52,17.67,03a60778o0137o
60777.79155,-20.083,0.79,-34,27,o,0,0.96,114.69768,-59.51688,6158.05,2466.55,2.37,2.13,-57.6,-0.442,18.56,19.09,03a60778o0184o
60777.794754,22.953,10.063,2,24,o,0,0.81,114.69768,-59.51688,6102.23,2385.83,2.34,2.11,-60.0,-0.437,18.54,19.08,03a60778o0191o
60777.801235,20.687,1.306,19,25,o,0,1.63,114.69768,-59.51688,6078.59,2499.77,2.36,2.15,-53.4,-0.446,18.52,19.06,03a60778o0205o
60780.072307,-19.597,0.454,-53,24,o,0,1.25,114.69768,-59.51688,9214.43,4443.79,2.55,2.23,-28.7,-0.407,18.63,19.52,04a60780o0244o
60780.075633,-20.861,1.529,-16,25,o,0,1.44,114.69768,-59.51688,9235.32,4483.95,2.56,2.26,-27.7,-0.4,18.64,19.47,04a60780o0251o
60780.080758,23.845,25.0,1,26,o,0,1.07,114.69768,-59.51688,9176.81,4402.75,2.77,2.43,-30.9,-0.36,18.51,19.47,04a60780o0262o
60780.092227,-20.41,1.087,-25,27,o,0,0.97,114.69768,-59.51688,9156.1,4518.7,2.61,2.31,-26.8,-0.394,18.57,19.42,04a60780o0286o
60781.78916,0.0,21.075,0,14,o,0,1.46,114.69768,-59.51688,7237.65,4518.94,2.37,2.01,-56.4,-0.436,19.1,20.15,03a60782o0188o
60781.792347,-22.245,3.032,-5,14,o,0,1.7,114.69768,-59.51688,7255.76,4558.42,2.4,2.01,-53.9,-0.435,19.08,20.14,03a60782o0195o
60781.810297,-21.003,1.087,-14,16,o,0,0.77,114.69768,-59.51688,7200.99,4477.26,2.3,1.95,-53.7,-0.441,19.06,20.06,03a60782o0233o
60781.816266,-20.281,0.582,-28,16,o,0,1.15,114.69768,-59.51688,7179.78,4591.15,2.36,1.99,-53.5,-0.428,18.99,20.02,03a60782o0246o
60784.133897,21.783,2.667,7,19,o,0,1.08,114.69768,-59.51688,4881.15,325.69,2.26,2.22,0.3,-0.397,18.9,20.07,04a60784o0365o
60784.156139,-24.251,24.75,-1,18,o,0,1.17,114.69768,-59.51688,4902.13,368.83,2.4,2.2,28.0,-0.419,18.78,19.95,04a60784o0411o
60784.180378,-20.224,0.815,-30,24,o,0,1.12,114.69768,-59.51688,4837.42,294.34,2.27,2.12,32.1,-0.405,18.35,19.31,04a60784o0462o
60784.185239,-21.903,6.429,-6,40,o,0,1.41,114.69768,-59.51688,4816.02,413.42,2.31,2.15,38.3,-0.424,17.87,19.5,04a60784o0472o
60788.038114,-19.289,0.295,-70,21,o,0,0.97,114.69768,-59.51688,2031.95,2613.27,2.21,2.01,50.2,-0.413,18.76,20.04,04a60788o0180o
60788.04132,20.676,0.879,20,17,o,0,1.14,114.69768,-59.51688,2053.21,2651.5,2.1,2.06,65.0,-0.416,18.76,20.03,04a60788o0187o
60788.059752,-19.658,1.514,-50,75,o,0,1.77,114.69768,-59.51688,1995.24,2580.26,2.12,2.0,62.3,-0.421,17.33,18.43,04a60788o0226o
60788.065253,18.654,0.511,126,64,o,0,1.11,114.69768,-59.51688,1972.94,2696.34,2.16,1.96,55.0,-0.41,17.74,18.92,04a60788o0238o
60789.755348,-24.095,12.8,-1,11,c,0,0.93,114.69768,-59.51688,8287.05,6619.32,2.67,2.18,-57.5,-0.393,19.56,21.52,03a60790o0120c
60789.758534,21.311,0.954,11,10,c,0,0.91,114.69768,-59.51688,8306.12,6659.75,2.69,2.18,-58.5,-0.387,19.59,21.5,03a60790o0127c
60789.764152,-21.007,0.709,-14,10,c,0,1.11,114.69768,-59.51688,8251.36,6577.28,2.64,2.21,-58.7,-0.387,19.54,21.48,03a60790o0139c
60789.774101,-22.61,3.19,-3,10,c,0,0.88,114.69768,-59.51688,8230.17,6690.9,2.52,2.14,-57.0,-0.393,19.59,21.46,03a60790o0160c
60792.034903,20.695,0.883,19,17,o,0,1.35,114.69768,-59.51688,1774.55,8931.23,2.65,1.99,-74.4,-0.392,19.08,20.32,04a60792o0180o
60792.03854,-21.097,1.442,-13,19,o,0,0.9,114.69768,-59.51688,1792.42,8969.48,2.64,1.99,-76.2,-0.39,19.06,20.3,04a60792o0188o
60792.05118,21.554,1.86,9,16,o,0,1.42,114.69768,-59.51688,1738.62,8894.35,2.53,1.94,-76.1,-0.4,19.06,20.25,04a60792o0215o
60792.057667,-20.128,0.511,-32,16,o,0,1.41,114.69768,-59.51688,1722.15,9014.99,2.62,1.96,-73.5,-0.396,19.0,20.23,04a60792o0229o
60793.736004,22.434,2.407,4,9,c,0,1.22,114.69768,-59.51688,10200.04,2533.5,2.47,2.04,-59.4,-0.369,19.59,21.44,03a60794o0082c
60793.739172,21.936,1.535,6,9,c,0,1.18,114.69768,-59.51688,10221.06,2574.89,2.47,2.04,-58.7,-0.365,19.58,21.44,03a60794o0089c
60793.757307,-21.999,1.55,-6,9,c,0,1.47,114.69768,-59.51688,10162.42,2490.23,2.47,2.03,-59.4,-0.375,19.57,21.49,03a60794o0128c
60793.760486,21.431,0.896,10,9,c,0,1.41,114.69768,-59.51688,371.41,2207.52,2.3,2.17,-64.2,-0.385,19.59,21.48,03a60794o0135c
60793.76412,-20.932,0.667,-15,10,c,0,1.13,114.69768,-59.51688,391.96,2245.95,2.33,2.18,-65.5,-0.385,19.57,21.47,03a60794o0143c
60793.76457,-20.841,0.593,-17,10,c,0,0.91,114.69768,-59.51688,10140.85,2603.99,2.48,2.06,-59.0,-0.38,19.57,21.47,03a60794o0144c
60793.787723,-20.144,0.295,-32,9,c,0,1.19,114.69768,-59.51688,335.04,2172.47,2.4,2.26,-57.3,-0.378,19.54,21.42,03a60794o0193c
60793.793652,-21.443,1.0,-10,10,c,0,1.07,114.69768,-59.51688,312.15,2290.62,2.4,2.24,-56.4,-0.375,19.54,21.43,03a60794o0206c
60797.739028,-19.162,8.0,-79,628,o,0,1.0,114.69768,-59.51688,3605.27,4093.02,2.41,2.06,-59.2,-0.442,15.19,15.91,03a60798o0091o
60797.765977,-14.772,1.64,-4480,7348,o,0,1.04,114.69768,-59.51688,3570.97,4056.23,2.5,2.18,-57.5,-0.408,13.75,14.46,03a60798o0149o
60797.77235,-14.0,8.23,-9122,75077,o,0,0.87,114.69768,-59.51688,3548.42,4171.98,2.57,2.23,-49.0,-0.418,11.85,12.73,03a60798o0163o
60799.980668,19.513,0.549,57,31,o,0,0.7,114.69768,-59.51688,9149.32,8600.85,2.34,2.24,-22.5,-0.448,18.75,19.77,04a60800o0073o
60799.984007,-20.833,1.453,-17,24,o,0,1.15,114.69768,-59.51688,9169.4,8641.38,2.34,2.14,-17.3,-0.429,18.82,19.85,04a60800o0080o
60799.98917,-20.188,0.769,-30,24,o,0,0.82,114.69768,-59.51688,9112.3,8559.16,2.35,2.19,-13.3,-0.423,18.87,19.88,04a60800o0091o
60799.99953,-20.379,0.853,-26,22,o,0,1.37,114.69768,-59.51688,9097.16,8678.52,2.32,2.13,-8.8,-0.413,18.84,19.85,04a60800o0113o
60800.002911,19.687,0.716,48,35,o,0,1.15,114.69768,-59.51688,53.07,8651.83,2.74,2.14,-73.5,-0.362,18.82,19.85,04a60800o0120o
60800.01708,-19.485,0.541,-58,32,o,0,0.93,114.69768,-59.51688,73.82,8690.96,2.63,2.14,-76.8,-0.368,18.86,19.98,04a60800o0149o
60801.728387,21.528,1.909,9,17,o,0,0.86,114.69768,-59.51688,4119.76,2460.02,2.18,1.97,-65.1,-0.437,19.0,19.88,03a60802o0084o
60801.731145,20.436,0.691,24,17,o,0,0.71,114.69768,-59.51688,4138.69,2499.36,2.13,1.93,-61.1,-0.432,19.05,19.85,03a60802o0090o
60801.741187,-21.799,2.491,-7,17,o,0,0.89,114.69768,-59.51688,4082.97,2421.24,2.13,1.94,-59.6,-0.44,19.01,19.89,03a60802o0112o
60801.746353,20.399,0.672,25,17,o,0,0.97,114.69768,-59.51688,4057.46,2537.6,2.19,1.99,-60.0,-0.431,18.99,19.87,03a60802o0123o
60804.091283,22.756,11.182,3,32,o,0,1.13,114.69768,-59.51688,3637.54,8780.57,3.15,2.52,-77.3,-0.375,18.23,19.13,04a60804o0183o
60804.107776,-19.568,0.561,-54,30,o,0,1.31,114.69768,-59.51688,3657.02,8820.59,2.89,2.22,-79.5,-0.371,18.28,19.03,04a60804o0218o
60804.115224,-19.943,0.879,-38,34,o,0,1.18,114.69768,-59.51688,3602.59,8744.84,2.99,2.37,-80.9,-0.353,18.17,19.08,04a60804o0234o
60804.118604,-19.247,0.511,-73,37,o,0,0.95,114.69768,-59.51688,3584.6,8863.5,2.99,2.37,-82.1,-0.363,18.17,19.06,04a60804o0241o
60809.711763,-20.434,0.844,-24,20,o,0,0.6,114.69768,-59.51688,6624.27,6123.61,2.37,2.01,-55.7,-0.43,19.07,19.88,03a60810o0056o
60809.71496,21.804,2.593,7,18,o,0,1.15,114.69768,-59.51688,6643.31,6161.98,2.31,2.03,-55.9,-0.444,19.09,19.87,03a60810o0063o
60809.734503,-21.162,1.465,-12,18,o,0,1.34,114.69768,-59.51688,6590.59,6082.58,2.34,2.01,-52.8,-0.431,18.98,19.64,03a60810o0105o
60809.749754,20.245,0.75,29,22,o,0,0.94,114.69768,-59.51688,6571.38,6199.09,2.36,2.03,-53.7,-0.44,18.9,19.53,03a60810o0138o
60812.017711,-21.536,2.0,-9,18,o,0,1.42,114.69768,-59.51688,2784.69,447.44,2.37,2.05,46.6,-0.42,18.91,20.11,04a60812o0152o
60812.03236,22.036,3.152,6,18,o,0,1.47,114.69768,-59.51688,2807.08,488.89,2.35,2.03,41.8,-0.423,18.85,19.94,04a60812o0183o
60812.036114,-20.128,0.701,-32,23,o,0,0.73,114.69768,-59.51688,2741.25,411.74,2.45,2.01,44.8,-0.412,18.84,19.86,04a60812o0191o
60812.041245,21.351,1.983,10,21,o,0,1.05,114.69768,-59.51688,2723.21,532.52,2.5,2.14,43.8,-0.404,18.73,19.8,04a60812o0202o
60813.711621,-16.728,1.387,-740,1026,o,0,0.74,114.69768,-59.51688,5279.75,4521.0,2.25,1.99,-57.5,-0.412,14.54,15.62,03a60814o0055o
60816.000906,-20.26,0.565,-29,16,c,0,1.35,114.69768,-59.51688,8721.35,717.91,2.85,2.49,-19.7,-0.346,18.76,20.36,04a60816o0119c
60816.006039,-19.786,0.396,-44,18,c,0,1.38,114.69768,-59.51688,8741.89,758.66,2.87,2.42,-28.9,-0.35,18.77,20.44,04a60816o0130c
60816.00931,-20.539,0.743,-22,16,c,0,1.02,114.69768,-59.51688,8679.16,677.22,2.86,2.48,-29.9,-0.351,18.8,20.46,04a60816o0137c
60816.031646,-19.619,0.39,-52,20,c,0,0.92,114.69768,-59.51688,8656.32,795.67,2.85,2.46,-32.0,-0.339,18.49,20.13,04a60816o0185c
60817.703623,-20.229,0.567,-29,17,o,0,0.78,114.69768,-59.51688,1636.18,4209.44,2.59,2.31,-65.0,-0.403,19.1,20.16,03a60818o0045o
60817.707334,-22.228,3.1,-5,14,o,0,1.27,114.69768,-59.51688,1654.88,4248.52,2.63,2.33,-67.6,-0.402,19.18,20.42,03a60818o0053o
60817.714758,-20.859,0.719,-16,12,o,0,0.99,114.69768,-59.51688,1599.03,4174.07,2.54,2.22,-70.3,-0.41,19.31,20.56,03a60818o0069o
60817.725308,-20.671,0.58,-20,11,o,0,1.48,114.69768,-59.51688,1576.6,4292.17,2.51,2.19,-67.4,-0.413,19.33,20.6,03a60818o0092o
60819.952547,-20.363,0.893,-26,23,c,0,1.11,114.69768,-59.51688,7304.28,8599.08,2.75,2.27,-70.5,-0.387,18.73,19.8,04a60820o0017c
60819.955777,-23.539,12.571,-1,18,c,0,1.36,114.69768,-59.51688,7324.33,8639.13,2.81,2.24,-69.9,-0.389,18.94,20.31,04a60820o0024c
60819.978001,-22.555,4.5,-4,16,c,0,0.77,114.69768,-59.51688,7270.18,8561.86,2.73,2.21,-70.6,-0.393,19.22,20.87,04a60820o0071c
60819.984232,-22.263,2.792,-4,13,c,0,1.44,114.69768,-59.51688,7253.36,8678.92,2.72,2.17,-71.5,-0.391,19.22,20.89,04a60820o0084c
60821.741201,20.062,0.55,34,19,o,0,1.04,114.69768,-59.51688,5358.08,8679.26,3.5,3.0,-46.2,-0.364,18.95,20.49,03a60822o0128o
60821.77181,23.454,10.625,2,16,o,0,1.16,114.69768,-59.51688,5378.18,8718.1,2.91,2.51,-40.8,-0.374,19.02,20.21,03a60822o0143o
60821.77465,-22.191,3.522,-5,17,o,0,1.15,114.69768,-59.51688,5327.97,8637.92,3.1,2.65,-39.5,-0.364,18.97,20.23,03a60822o0149o
60821.788992,-20.512,0.939,-23,21,o,0,0.79,114.69768,-59.51688,5306.36,8754.22,3.22,2.77,-39.2,-0.371,18.91,20.18,03a60822o0180o
60823.96975,-22.06,2.63,-5,14,c,0,1.25,114.69768,-59.51688,664.88,630.97,3.07,2.01,39.2,-0.419,19.27,21.05,04a60824o0019c
60823.972948,-21.075,1.043,-14,14,c,0,1.28,114.69768,-59.51688,685.92,667.67,3.02,1.97,39.5,-0.421,19.28,21.04,04a60824o0026c
60823.979126,22.201,3.5,5,17,c,0,0.95,114.69768,-59.51688,622.43,593.41,3.07,1.96,38.4,-0.43,19.27,21.05,04a60824o0039c
60823.99194,-21.6,1.929,-8,16,c,0,0.86,114.69768,-59.51688,600.97,714.54,3.12,2.05,38.8,-0.375,19.25,21.12,04a60824o0066c
60825.724535,20.671,0.761,20,15,o,0,1.2,114.69768,-59.51688,10209.64,6707.06,2.98,2.22,-52.5,-0.391,19.12,20.36,03a60826o0094o
60825.727799,20.217,0.456,30,14,o,0,1.42,114.69768,-59.51688,10227.68,6745.94,2.96,2.35,-52.0,-0.378,19.12,20.37,03a60826o0101o
60825.728756,-21.246,1.462,-12,17,o,0,1.13,114.69768,-59.51688,918.97,6357.92,2.85,2.41,-57.1,-0.407,19.21,20.52,03a60826o0103o
60825.732009,21.81,2.632,7,18,o,0,0.82,114.69768,-59.51688,937.43,6395.14,2.87,2.45,-57.3,-0.403,19.2,20.5,03a60826o0110o
60825.786866,-22.273,4.13,-4,18,o,0,0.76,114.69768,-59.51688,10172.36,6647.71,2.99,2.54,-52.8,-0.374,19.02,20.3,03a60826o0115o
60825.787318,-21.278,1.452,-11,16,o,0,1.05,114.69768,-59.51688,884.72,6327.58,2.77,2.47,-58.8,-0.408,19.15,20.39,03a60826o0116o
60825.799198,21.949,2.727,6,16,o,0,1.01,114.69768,-59.51688,10149.83,6760.64,3.04,2.34,-51.0,-0.372,19.0,20.24,03a60826o0142o
60825.8001,-20.436,0.748,-24,18,o,0,1.24,114.69768,-59.51688,861.65,6449.77,2.73,2.37,-57.0,-0.402,19.16,20.34,03a60826o0144o
60827.950781,-21.981,5.029,-6,29,o,0,0.9,114.69768,-59.51688,6092.62,2374.49,2.22,2.1,-43.0,-0.464,18.56,19.3,04a60828o0016o
60827.973391,-19.956,0.502,-38,19,o,0,0.84,114.69768,-59.51688,6112.35,2416.43,2.2,2.1,-50.7,-0.434,18.92,20.0,04a60828o0064o
60827.976674,-21.319,1.706,-11,18,o,0,0.94,114.69768,-59.51688,6052.57,2338.14,2.19,2.1,-42.8,-0.434,18.89,20.04,04a60828o0071o
60827.991666,-21.697,2.36,-8,18,o,0,1.1,114.69768,-59.51688,6032.96,2456.85,2.18,2.03,-34.3,-0.434,18.94,20.07,04a60828o0103o
60829.693157,-19.935,1.015,-38,39,o,0,0.76,114.69768,-59.51688,9205.71,4571.79,2.56,2.21,-57.7,-0.408,18.23,18.39,03a60830o0027o
60829.696063,22.167,5.387,5,27,o,0,1.25,114.69768,-59.51688,9226.62,4613.74,2.78,2.27,-57.9,-0.393,18.54,19.04,03a60830o0033o
60829.701493,-22.076,3.0,-5,16,o,0,1.13,114.69768,-59.51688,9171.11,4532.22,2.62,2.16,-58.8,-0.404,18.92,19.76,03a60830o0045o
60829.711502,-19.817,0.57,-43,24,o,0,0.85,114.69768,-59.51688,9146.85,4646.43,2.75,2.18,-58.9,-0.392,18.74,19.77,03a60830o0067o
60831.987027,-19.403,0.352,-63,22,o,0,1.78,114.69768,-59.51688,7252.51,4448.06,2.41,2.23,-37.3,-0.424,18.54,19.41,04a60832o0094o
60831.990344,-19.482,0.45,-58,26,o,0,1.21,114.69768,-59.51688,7270.06,4486.89,2.36,2.19,-39.7,-0.425,18.46,19.21,04a60832o0101o
60832.007563,-20.604,1.327,-21,28,o,0,1.0,114.69768,-59.51688,7213.34,4410.33,2.41,2.18,-40.8,-0.431,18.5,19.32,04a60832o0138o
60832.014746,-21.261,2.629,-11,30,o,0,1.34,114.69768,-59.51688,7192.02,4526.12,2.35,2.16,-35.3,-0.424,18.44,19.13,04a60832o0153o
60836.008611,18.523,1.288,142,182,o,0,1.0,114.69768,-59.51688,4780.85,6148.01,2.4,2.13,-74.0,-0.419,16.52,16.59,04a60836o0140o
60836.012355,19.19,2.081,77,159,o,0,0.91,114.69768,-59.51688,4799.48,6187.59,2.43,2.14,-75.7,-0.427,16.8,17.32,04a60836o0148o
60836.022227,18.688,1.339,122,163,o,0,1.14,114.69768,-59.51688,4746.05,6113.74,2.41,2.12,-68.9,-0.42,16.53,16.53,04a60836o0169o
60836.027941,-22.333,32.909,-4,139,o,0,1.23,114.69768,-59.51688,4724.36,6228.97,2.53,2.25,-67.9,-0.418,16.86,17.05,04a60836o0181o
60837.729501,21.692,3.0,8,23,o,0,1.14,114.69768,-59.51688,2098.52,2565.71,2.54,2.26,-65.0,-0.399,18.64,19.23,03a60838o0107o
60837.739555,-21.27,2.051,-11,23,o,0,1.13,114.69768,-59.51688,2115.83,2605.29,2.46,2.21,-58.0,-0.406,18.63,19.16,03a60838o0129o
60837.7428,-25.266,95.0,0,27,o,0,1.05,114.69768,-59.51688,2057.66,2529.59,2.46,2.19,-63.7,-0.402,18.64,19.14,03a60838o0136o
60837.750602,-19.903,0.854,-40,34,o,0,0.87,114.69768,-59.51688,2034.99,2647.36,2.54,2.23,-64.3,-0.39,18.34,18.83,03a60838o0153o
60843.968473,-19.59,0.417,-53,22,o,0,1.41,114.69768,-59.51688,10170.31,2381.49,3.03,2.57,-24.6,-0.349,18.65,19.74,04a60844o0004o
60843.970276,20.31,0.762,27,21,o,0,1.52,114.69768,-59.51688,316.62,2333.34,2.93,2.14,39.2,-0.388,18.67,19.8,04a60844o0008o
60843.971654,-19.544,0.478,-55,26,o,0,1.21,114.69768,-59.51688,10190.23,2422.77,3.0,2.45,-24.8,-0.356,18.63,19.73,04a60844o0011o
60843.973455,-20.368,0.903,-26,23,o,0,1.43,114.69768,-59.51688,337.65,2371.86,2.82,2.19,38.5,-0.386,18.66,19.79,04a60844o0015o
60843.990592,-20.343,1.047,-26,28,o,0,0.99,114.69768,-59.51688,10128.89,2340.79,3.06,2.34,-24.1,-0.364,18.56,19.55,04a60844o0052o
60843.991055,-21.942,4.0,-6,24,o,0,1.42,114.69768,-59.51688,279.48,2302.12,2.85,2.13,40.2,-0.39,18.59,19.72,04a60844o0053o
60844.005077,-19.956,0.768,-38,29,o,0,1.17,114.69768,-59.51688,10107.04,2454.84,3.22,2.38,-22.8,-0.353,18.55,19.55,04a60844o0083o
60844.005541,-20.15,0.823,-32,26,o,0,0.83,114.69768,-59.51688,259.11,2423.11,2.85,2.13,39.3,-0.384,18.62,19.63,04a60844o0084o
60880.41478,-19.047,0.53,-87,46,c,0,1.18,114.69768,-59.51688,1395.54,6111.13,2.72,2.62,54.4,-0.357,18.03,19.98,04a60880o0983c
60880.41949,-22.906,47.5,-2,119,c,0,0.98,114.69768,-59.51688,1374.56,6071.85,2.97,2.8,53.8,-0.319,17.42,19.31,04a60880o0993c
60880.427242,-18.609,0.762,-131,100,c,0,1.58,114.69768,-59.51688,1432.66,6155.19,2.51,2.4,68.0,-0.372,17.75,19.53,04a60880o1009c
60880.442031,-19.218,3.4,-75,254,c,0,1.06,114.69768,-59.51688,1452.68,6042.02,2.82,2.67,63.0,-0.337,16.0,17.03,04a60880o1040c
60892.410522,21.796,3.769,7,26,c,0,1.33,114.69768,-59.51688,8793.55,1575.49,3.02,2.91,-10.4,-0.319,18.36,20.4,04a60892o0934c
60892.41325,21.13,2.13,13,27,c,0,1.12,114.69768,-59.51688,8775.59,1537.99,3.04,2.85,-18.9,-0.322,18.31,20.34,04a60892o0940c
60892.41898,-20.134,1.089,-32,35,c,0,1.19,114.69768,-59.51688,8830.64,1615.12,2.94,2.59,-20.5,-0.344,18.21,20.15,04a60892o0952c
60892.424078,19.283,0.466,70,33,c,0,0.95,114.69768,-59.51688,8850.24,1496.62,3.15,2.93,-24.8,-0.318,18.2,20.26,04a60892o0963c
60892.437787,-20.679,1.965,-19,38,c,0,1.24,114.69768,-59.51688,8814.22,1561.48,3.11,2.81,-23.2,-0.312,18.07,19.26,04a60892o0991c
60896.40461,-20.93,3.534,-15,54,o,0,0.95,114.69768,-59.51688,7468.12,76.13,2.62,2.49,-27.9,-0.359,17.95,18.45,04a60896o0920o
60896.408777,-19.649,0.872,-50,44,o,0,1.26,114.69768,-59.51688,3648.96,10290.73,3.02,2.3,-70.4,-0.394,17.9,18.55,04a60896o0929o
60896.412985,22.564,13.067,3,45,o,0,1.03,114.69768,-59.51688,3627.58,10250.22,3.07,2.25,-74.5,-0.394,17.98,18.62,04a60896o0938o
60896.419624,-19.926,1.081,-39,42,o,0,1.04,114.69768,-59.51688,3689.46,10333.37,3.17,2.26,-78.7,-0.358,17.98,18.66,04a60896o0952o
60896.423945,-19.244,1.065,-73,78,o,0,1.02,114.69768,-59.51688,7453.81,41.6,3.1,3.03,-28.5,-0.292,17.93,18.58,04a60896o0961o
60896.428168,-21.848,7.462,-7,49,o,0,1.32,114.69768,-59.51688,7507.14,119.41,2.81,2.74,-14.8,-0.383,17.89,18.49,04a60896o0970o
60896.434989,21.604,6.429,8,53,o,0,1.14,114.69768,-59.51688,3711.44,10217.66,3.22,2.32,-75.8,-0.365,17.7,18.09,04a60896o0985o
60908.105133,-20.538,0.838,-22,18,o,0,1.21,114.69768,-59.51688,7013.16,1799.04,2.73,2.48,-46.5,-0.407,18.79,19.56,03a60908o0090o
60916.388802,-19.884,0.442,-40,18,o,0,1.38,114.69768,-59.51688,1899.21,9842.6,3.51,2.84,-80.4,-0.337,18.84,20.64,04a60916o0898o
60916.397296,-20.728,1.043,-19,19,o,0,1.11,114.69768,-59.51688,1877.95,9800.56,3.27,2.52,-83.6,-0.361,18.95,20.64,04a60916o0916o
60916.41082,-20.313,7.444,-27,202,o,0,1.2,114.69768,-59.51688,1941.09,9883.35,3.7,2.91,-78.1,-0.326,16.2,17.9,04a60916o0945o
60916.41361,16.833,1.8,671,1208,o,0,1.32,114.69768,-59.51688,1962.84,9766.31,3.56,2.86,-77.3,-0.353,14.37,15.91,04a60916o0951o
60919.387139,21.471,4.684,9,44,o,0,1.08,114.69768,-59.51688,8969.9,6234.4,2.57,2.32,-51.7,-0.409,18.0,19.42,04a60919o0887o
60919.391945,-24.408,89.0,-1,56,o,0,0.84,114.69768,-59.51688,8951.0,6197.43,2.48,2.25,-37.9,-0.434,17.78,19.11,04a60919o0897o
60919.399538,-19.626,1.66,-51,85,o,0,1.03,114.69768,-59.51688,9011.75,6270.67,2.52,2.35,-44.9,-0.416,17.2,18.59,04a60919o0913o
60919.410104,18.575,0.893,135,120,o,0,1.19,114.69768,-59.51688,9030.63,6155.19,2.69,2.48,-45.4,-0.42,16.76,18.14,04a60919o0935o
60920.399555,21.525,1.961,9,18,o,0,1.19,114.69768,-59.51688,3269.8,1946.48,2.41,2.17,48.1,-0.402,18.89,20.22,04a60920o0854o
60920.403753,23.999,19.2,1,18,o,0,1.03,114.69768,-59.51688,3250.98,1905.96,2.43,2.24,49.9,-0.409,18.91,20.18,04a60920o0863o
60920.413558,21.021,1.352,14,19,o,0,1.38,114.69768,-59.51688,3307.43,1985.85,2.51,2.32,58.3,-0.411,18.72,19.95,04a60920o0884o
60920.420623,20.602,1.417,21,30,o,0,1.03,114.69768,-59.51688,3325.58,1871.73,2.41,2.18,48.0,-0.404,18.35,19.11,04a60920o0899o
60921.120069,-21.012,0.806,-14,12,c,0,1.22,114.69768,-59.51688,3344.14,1905.48,2.63,2.52,-44.7,-0.386,19.37,21.36,03a60921o0846c
60921.122857,-20.362,0.367,-26,10,c,0,1.74,114.69768,-59.51688,3326.54,1865.17,2.55,2.42,-46.1,-0.391,19.4,21.36,03a60921o0852c
60921.128402,20.779,0.694,18,12,c,0,0.8,114.69768,-59.51688,3384.05,1942.21,2.48,2.39,-36.9,-0.393,19.42,21.36,03a60921o0864c
60921.143204,-23.41,7.375,-2,12,c,0,1.01,114.69768,-59.51688,3408.1,1825.76,2.57,2.48,-37.8,-0.386,19.35,21.25,03a60921o0896c
60922.39163,20.771,0.759,18,14,o,0,1.17,114.69768,-59.51688,5108.82,1883.0,2.23,2.15,71.6,-0.433,19.05,20.6,04a60922o0884o
60922.394949,-20.542,0.722,-22,16,o,0,1.0,114.69768,-59.51688,5092.34,1843.91,2.43,2.27,89.4,-0.44,19.04,20.58,04a60922o0891o
60922.403226,21.189,1.38,12,17,o,0,0.78,114.69768,-59.51688,5149.64,1923.41,2.27,2.23,-88.1,-0.425,19.03,20.53,04a60922o0905o
60922.418551,-20.485,1.079,-23,25,o,0,0.92,114.69768,-59.51688,5170.16,1807.93,2.21,2.18,19.3,-0.435,18.62,19.66,04a60922o0936o
60923.363195,-21.036,1.901,-14,27,o,0,1.17,114.69768,-59.51688,5106.84,1881.68,2.44,2.41,40.1,-0.408,18.42,19.51,04a60923o0834o
60923.366455,20.891,1.649,16,26,o,0,1.63,114.69768,-59.51688,5088.98,1841.66,2.58,2.51,74.8,-0.405,18.41,19.54,04a60923o0841o
60923.371738,-19.856,0.601,-42,25,o,0,0.9,114.69768,-59.51688,5144.29,1921.84,2.39,2.35,1.7,-0.396,18.5,19.6,04a60923o0852o
60923.396839,-19.866,0.46,-41,19,o,0,1.06,114.69768,-59.51688,5167.54,1805.53,2.52,2.46,27.2,-0.404,18.76,20.11,04a60923o0903o
60928.404186,19.612,0.541,52,28,o,0,1.01,114.69768,-59.51688,4510.47,8170.2,2.8,2.18,-74.5,-0.395,18.47,19.46,04a60928o0922o
60928.409984,-19.952,0.988,-38,38,o,0,0.9,114.69768,-59.51688,4492.0,8130.38,2.94,2.38,-72.8,-0.391,18.21,19.08,04a60928o0934o
60928.412301,-20.257,1.411,-29,40,o,0,1.1,114.69768,-59.51688,4551.3,8209.71,2.85,2.26,-75.0,-0.388,18.07,18.75,04a60928o0939o
60928.415127,18.818,0.507,108,55,o,0,1.03,114.69768,-59.51688,4572.76,8094.05,2.84,2.25,-75.9,-0.395,17.71,18.16,04a60928o0945o
60932.370195,-20.575,0.698,-21,15,o,0,1.54,114.69768,-59.51688,3347.16,6109.31,2.29,1.95,-81.9,-0.417,18.99,20.28,04a60932o0831o
60932.374026,22.417,3.609,4,14,o,0,1.59,114.69768,-59.51688,3328.09,6069.85,2.48,2.08,-87.3,-0.395,18.91,20.32,04a60932o0839o
60932.392762,21.792,2.583,7,18,o,0,1.04,114.69768,-59.51688,3387.46,6150.04,2.63,2.24,-80.4,-0.402,18.91,20.31,04a60932o0878o
60932.406248,-21.664,3.286,-8,26,o,0,1.07,114.69768,-59.51688,3406.69,6035.15,2.55,2.18,-70.5,-0.409,18.42,19.39,04a60932o0906o
60933.116665,-19.657,0.993,-50,49,o,0,0.65,114.69768,-59.51688,3334.07,6057.46,2.53,2.31,-42.9,-0.389,17.95,18.93,03a60933o0605o
60933.119396,21.203,2.294,12,28,o,0,0.91,114.69768,-59.51688,3315.81,6018.09,2.52,2.24,-49.0,-0.39,18.48,19.64,03a60933o0611o
60933.124943,-19.442,0.446,-61,27,o,0,1.08,114.69768,-59.51688,3373.31,6097.69,2.44,2.25,-48.3,-0.392,18.5,19.62,03a60933o0623o
60933.141725,21.593,3.75,8,31,o,0,0.85,114.69768,-59.51688,3397.33,5979.77,2.45,2.19,-46.1,-0.391,18.27,19.26,03a60933o0658o
60934.352841,-19.006,0.208,-91,19,o,0,0.94,114.69768,-59.51688,5727.4,10214.61,2.68,1.89,-74.2,-0.431,19.05,20.63,04a60934o0796o
60934.371534,22.425,4.667,4,18,o,0,1.25,114.69768,-59.51688,5705.16,10180.51,2.73,1.94,-72.9,-0.412,19.04,20.6,04a60934o0836o
60934.376691,20.166,0.597,31,19,o,0,1.27,114.69768,-59.51688,5770.17,10255.91,2.6,1.97,-68.9,-0.434,19.0,20.57,04a60934o0847o
60934.388965,0.0,20.762,0,18,o,0,1.13,114.69768,-59.51688,5788.18,10145.43,2.59,1.89,-72.0,-0.426,19.08,20.54,04a60934o0873o
60935.382438,-21.189,1.814,-12,22,o,0,0.98,114.69768,-59.51688,5729.22,10221.6,2.55,2.03,-73.0,-0.427,19.06,20.43,04a60935o0858o
60935.386734,-21.284,1.464,-11,16,o,0,1.52,114.69768,-59.51688,5708.45,10182.67,2.58,1.96,-69.9,-0.432,19.03,20.47,04a60935o0867o
60935.392109,-21.109,1.5,-13,20,o,0,1.16,114.69768,-59.51688,5771.46,10261.49,2.86,2.01,-74.1,-0.411,18.98,20.44,04a60935o0878o
60935.397303,-20.841,1.198,-17,20,o,0,0.94,114.69768,-59.51688,5791.92,10143.72,2.78,1.95,-74.9,-0.406,18.92,20.37,04a60935o0889o
60935.40721,20.609,2.172,21,45,o,0,0.95,114.69768,-59.51688,5748.3,10206.76,2.8,2.05,-75.3,-0.408,18.23,18.88,04a60935o0910o
60936.117435,-21.345,1.024,-10,11,o,0,0.96,114.69768,-59.51688,5835.58,4411.54,2.2,2.05,-44.8,-0.448,19.44,20.94,03a60936o0859o
60936.12687,23.438,8.167,2,12,o,0,0.98,114.69768,-59.51688,5818.74,4373.16,2.19,2.05,-47.6,-0.45,19.45,20.91,03a60936o0879o
60936.130629,-20.77,0.476,-18,8,o,0,2.06,114.69768,-59.51688,5873.99,4451.61,2.18,2.0,-46.3,-0.446,19.47,20.89,03a60936o0887o
60936.140229,-21.29,0.872,-11,10,o,0,1.61,114.69768,-59.51688,5897.41,4337.3,2.15,1.94,-49.1,-0.443,19.34,20.63,03a60936o0907o
60937.379626,-22.521,2.85,-4,10,c,0,1.64,114.69768,-59.51688,5810.2,4404.25,2.48,2.32,-68.3,-0.367,19.29,21.3,04a60937o0866c
60937.384984,-20.855,0.649,-16,11,c,0,1.46,114.69768,-59.51688,5791.24,4365.9,2.45,2.25,-57.0,-0.368,19.29,21.28,04a60937o0877c
60937.387915,-20.313,0.383,-27,10,c,0,1.58,114.69768,-59.51688,5848.06,4444.94,2.4,2.27,-44.1,-0.368,19.31,21.28,04a60937o0883c
60937.394042,-22.95,5.5,-2,13,c,0,0.78,114.69768,-59.51688,5867.8,4329.22,2.46,2.26,-63.6,-0.371,19.25,21.17,04a60937o0896c
60937.404046,19.675,0.337,49,16,c,0,1.55,114.69768,-59.51688,5828.84,4390.01,2.46,2.29,-49.7,-0.364,18.62,19.9,04a60937o0917c
60939.116016,-20.472,5.312,-24,125,o,0,1.3,114.69768,-59.51688,8492.24,7974.52,2.5,2.16,-45.9,-0.504,16.89,18.18,03a60939o0859o
60939.118895,-17.069,0.664,-540,358,o,0,1.19,114.69768,-59.51688,8472.54,7937.2,2.49,2.12,-48.2,-0.403,15.63,16.92,03a60939o0865o
60939.125678,-16.963,1.104,-595,657,o,0,0.83,114.69768,-59.51688,8533.12,8016.58,2.46,2.08,-48.9,-0.498,15.01,16.49,03a60939o0879o
60939.132319,16.894,0.486,635,308,o,0,1.05,114.69768,-59.51688,8556.71,7900.07,2.61,2.33,-48.2,-0.411,15.61,17.03,03a60939o0893o
60941.343016,-22.241,2.885,-5,13,c,0,0.81,114.69768,-59.51688,2227.73,4035.67,2.48,2.25,51.0,-0.363,19.19,21.12,04a60941o0784c
60941.345789,-20.206,0.356,-30,11,c,0,1.86,114.69768,-59.51688,2210.15,3996.11,2.41,2.16,50.5,-0.371,19.23,21.12,04a60941o0790c
60941.363261,-20.668,0.525,-20,10,c,0,1.23,114.69768,-59.51688,2267.41,4077.42,2.41,2.16,54.1,-0.371,19.28,21.3,04a60941o0827c
60941.382356,-19.857,0.283,-41,12,c,0,1.15,114.69768,-59.51688,2286.99,3966.6,2.48,2.26,50.8,-0.365,19.28,21.3,04a60941o0867c
60943.338515,-20.749,0.8,-18,15,c,0,1.08,114.69768,-59.51688,8790.36,1588.48,2.85,2.35,-26.4,-0.362,19.12,20.89,04a60943o0768c
60943.341443,-24.383,23.0,-1,15,c,0,0.88,114.69768,-59.51688,8773.14,1550.86,2.87,2.33,-25.8,-0.362,19.1,20.9,04a60943o0774c
60943.347648,-21.383,1.455,-10,15,c,0,0.93,114.69768,-59.51688,8827.6,1627.37,3.07,2.44,-26.9,-0.339,19.07,20.97,04a60943o0787c
60943.362782,20.156,0.436,31,14,c,0,1.21,114.69768,-59.51688,8848.32,1510.44,2.91,2.49,-25.9,-0.348,19.16,21.05,04a60943o0819c
60945.081168,-21.124,1.278,-13,16,o,0,1.39,114.69768,-59.51688,383.81,8068.98,2.43,2.13,-58.1,-0.397,19.08,20.15,03a60945o0765o
60945.083947,20.757,1.733,18,31,o,0,0.93,114.69768,-59.51688,365.04,8027.45,2.47,2.14,-58.7,-0.391,18.49,19.58,03a60945o0771o
60945.089966,-21.957,6.368,-6,38,o,0,0.74,114.69768,-59.51688,10212.38,8299.03,2.53,2.0,-53.8,-0.423,18.42,19.46,03a60945o0784o
60945.093807,-20.01,1.508,-36,54,o,0,1.63,114.69768,-59.51688,10193.65,8260.66,2.41,1.92,-52.2,-0.42,17.77,18.75,03a60945o0792o
60945.097082,-23.714,16.5,-1,20,o,0,1.02,114.69768,-59.51688,427.1,8103.61,2.44,2.08,-57.7,-0.392,18.94,20.03,03a60945o0799o
60945.106111,-20.66,0.963,-20,19,o,0,1.07,114.69768,-59.51688,449.79,7989.81,2.36,2.03,-58.8,-0.395,18.97,20.01,03a60945o0818o
60945.119002,20.955,1.237,15,19,o,0,1.29,114.69768,-59.51688,10253.37,8343.92,2.48,2.03,-53.6,-0.428,18.89,19.95,03a60945o0845o
60945.127299,22.958,9.0,2,21,o,0,1.05,114.69768,-59.51688,10277.55,8225.01,2.37,1.98,-55.5,-0.427,18.87,19.91,03a60945o0862o
60947.304161,-23.315,8.75,-2,15,c,0,1.13,114.69768,-59.51688,3632.28,10294.47,3.12,2.06,-78.2,-0.366,19.13,20.93,04a60947o0669c
60947.311743,-20.714,0.697,-19,13,c,0,1.6,114.69768,-59.51688,3611.3,10254.75,3.1,2.03,-76.6,-0.379,19.13,20.96,04a60947o0685c
60947.314575,20.556,0.6,22,13,c,0,1.22,114.69768,-59.51688,3674.47,10336.35,3.12,2.02,-77.9,-0.362,19.21,20.96,04a60947o0691c
60947.316896,20.286,0.654,28,18,c,0,0.72,114.69768,-59.51688,7463.12,85.3,2.65,2.44,-33.3,-0.363,19.17,20.95,04a60947o0696c
60947.319652,25.607,108.0,0,22,c,0,1.33,114.69768,-59.51688,7446.28,46.92,2.62,2.45,-23.6,-0.36,19.18,20.98,04a60947o0702c
60947.324636,-21.065,0.971,-14,13,c,0,1.52,114.69768,-59.51688,3695.9,10217.33,3.1,1.97,-76.3,-0.373,19.19,21.0,04a60947o0712c
60947.326065,-20.422,0.687,-25,17,c,0,0.82,114.69768,-59.51688,7500.07,123.63,2.69,2.47,-44.0,-0.361,19.19,20.97,04a60947o0715c
60948.079615,22.524,3.536,4,13,o,0,1.02,114.69768,-59.51688,6971.45,6446.61,2.29,1.98,-47.3,-0.434,19.42,20.66,03a60948o0560o
60948.104884,-20.426,0.48,-24,12,o,0,0.95,114.69768,-59.51688,6955.95,6412.58,2.35,2.1,-45.9,-0.433,19.37,20.7,03a60948o0614o
60948.108294,-20.537,0.458,-22,10,o,0,1.68,114.69768,-59.51688,7013.91,6489.74,2.43,2.15,-42.1,-0.433,19.34,20.69,03a60948o0621o
60948.125416,23.14,6.615,2,13,o,0,1.44,114.69768,-59.51688,7040.05,6375.81,2.55,2.23,-44.7,-0.42,19.29,20.57,03a60948o0657o
60948.139832,-20.387,1.377,-25,35,o,0,1.18,114.69768,-59.51688,7000.99,6431.47,2.6,2.4,-41.5,-0.42,18.26,18.64,03a60948o0687o
60950.327014,-21.631,1.391,-8,11,c,0,1.25,114.69768,-59.51688,1415.02,1949.59,2.65,2.01,40.4,-0.398,19.31,21.33,04a60950o0719c
60950.350911,-21.147,1.029,-13,13,c,0,1.32,114.69768,-59.51688,1399.39,1910.96,2.51,2.03,43.2,-0.427,19.28,21.32,04a60950o0768c
60950.352277,-20.563,0.944,-22,20,c,0,1.57,114.69768,-59.51688,10512.33,1864.77,3.05,2.43,-26.7,-0.372,19.27,21.28,04a60950o0771c
60950.355029,23.518,13.333,1,19,c,0,0.99,114.69768,-59.51688,10495.11,1827.32,3.06,2.42,-24.8,-0.369,19.3,21.22,04a60950o0777c
60950.368111,23.791,10.0,1,11,c,0,1.51,114.69768,-59.51688,1456.43,1992.3,2.57,2.08,42.9,-0.415,19.29,21.32,04a60950o0805c
60950.379871,-21.408,1.528,-10,15,c,0,0.83,114.69768,-59.51688,1472.6,1879.91,2.5,2.08,39.5,-0.426,19.29,21.24,04a60950o0830c
60952.348474,-19.931,0.531,-39,20,o,0,1.12,114.69768,-59.51688,6532.97,8071.66,2.91,2.43,-74.2,-0.411,18.68,19.98,04a60952o0777o
60952.351345,-20.386,0.931,-25,24,o,0,0.84,114.69768,-59.51688,6514.54,8032.41,2.84,2.35,-74.9,-0.424,18.77,20.04,04a60952o0783o
60952.356953,21.538,2.2,9,19,o,0,1.48,114.69768,-59.51688,6575.08,8109.76,2.9,2.38,-75.6,-0.42,18.83,20.24,04a60952o0795o
60952.375323,-19.65,0.399,-50,20,o,0,1.0,114.69768,-59.51688,6594.06,7998.24,3.44,2.96,-76.1,-0.365,18.76,20.58,04a60952o0834o
60955.349288,-21.723,4.682,-7,35,o,0,0.76,114.69768,-59.51688,6951.64,1770.44,2.32,2.17,-43.8,-0.413,18.36,18.91,04a60955o0774o
60955.352165,20.865,1.892,16,31,o,0,1.31,114.69768,-59.51688,6932.81,1732.26,2.47,2.31,-65.5,-0.424,18.28,18.91,04a60955o0780o
60955.357648,-20.326,1.368,-27,37,o,0,0.83,114.69768,-59.51688,6989.24,1809.71,2.4,2.21,-62.7,-0.405,18.29,18.95,04a60955o0791o
60955.372534,19.882,0.769,40,31,o,0,1.0,114.69768,-59.51688,7008.47,1693.99,2.33,2.27,-55.0,-0.42,18.41,19.01,04a60955o0822o
60956.326205,20.704,1.721,19,33,o,0,0.99,114.69768,-59.51688,2480.41,8211.58,2.4,1.92,-71.5,-0.423,18.44,19.07,04a60956o0731o
60956.33602,22.424,9.348,4,36,o,0,1.23,114.69768,-59.51688,2458.64,8171.12,2.36,1.88,-72.8,-0.428,18.48,19.11,04a60956o0752o
60956.355978,-19.789,0.762,-44,34,o,0,0.91,114.69768,-59.51688,2519.67,8251.7,2.44,1.96,-69.3,-0.423,18.5,19.17,04a60956o0794o
60956.365092,21.06,2.049,14,28,o,0,1.14,114.69768,-59.51688,2537.25,8141.31,2.43,1.96,-67.2,-0.412,18.52,19.18,04a60956o0813o
60958.350878,-20.306,1.093,-27,30,o,0,0.82,114.69768,-59.51688,7711.81,4268.31,2.48,2.33,-65.7,-0.48,18.63,19.57,04a60958o0783o
60958.362489,-22.194,5.571,-5,27,o,0,1.64,114.69768,-59.51688,7695.24,4231.68,2.39,2.21,-74.6,-0.491,18.68,19.6,04a60958o0806o
60958.369735,-21.015,1.476,-14,21,o,0,1.49,114.69768,-59.51688,7750.24,4309.64,2.29,2.02,-39.3,-0.456,18.74,19.66,04a60958o0821o
60958.37514,-19.699,0.64,-48,31,o,0,1.07,114.69768,-59.51688,7770.83,4192.28,2.42,2.29,-66.5,-0.464,18.59,19.56,04a60958o0832o
60962.334204,20.405,0.97,25,24,o,0,1.35,114.69768,-59.51688,7826.66,10090.24,2.76,2.2,-74.0,-0.407,18.87,20.21,04a60962o0739o
60962.340004,-20.281,0.826,-28,23,o,0,1.03,114.69768,-59.51688,7804.84,10054.24,2.68,2.18,-75.4,-0.429,18.92,20.23,04a60962o0751o
60962.364856,-24.088,23.75,-1,20,o,0,1.19,114.69768,-59.51688,7867.4,10130.42,2.28,1.99,-67.6,-0.503,18.96,20.28,04a60962o0803o
60962.375473,-20.981,1.73,-15,25,o,0,1.33,114.69768,-59.51688,7886.48,10015.22,2.2,1.88,-68.9,-0.516,18.85,19.96,04a60962o0825o
60964.360397,21.465,2.0,9,19,o,0,0.94,114.69768,-59.51688,5301.0,6056.07,2.38,2.1,-50.2,-0.443,19.01,20.54,04a60964o0794o
60964.367454,23.36,11.5,2,19,o,0,1.23,114.69768,-59.51688,5283.46,6013.51,2.38,2.17,-55.9,-0.464,18.98,20.38,04a60964o0808o
60964.370342,22.259,4.308,4,20,o,0,0.86,114.69768,-59.51688,5341.47,6091.98,2.29,2.04,-59.0,-0.446,19.01,20.4,04a60964o0814o
60964.383109,20.477,1.099,23,26,o,0,1.74,114.69768,-59.51688,5359.51,5980.84,2.48,2.13,-57.6,-0.428,18.34,19.1,04a60964o0841o
60965.325086,-19.749,0.813,-46,37,o,0,1.21,114.69768,-59.51688,5301.25,6051.29,2.27,1.98,-57.7,-0.425,18.12,19.64,04a60965o0721o
60965.328133,20.459,1.11,24,26,o,0,0.88,114.69768,-59.51688,5282.7,6011.94,2.36,2.05,-68.1,-0.444,18.67,20.2,04a60965o0727o
60965.338163,-18.283,0.368,-176,65,o,0,1.18,114.69768,-59.51688,5341.27,6089.92,2.36,2.05,-65.7,-0.435,18.01,19.62,04a60965o0748o
60965.362114,-19.035,0.766,-88,68,o,0,1.26,114.69768,-59.51688,5360.91,5975.71,2.25,2.07,-55.5,-0.467,18.29,19.8,04a60965o0798o
60967.355282,-20.13,0.449,-32,14,o,0,0.83,114.69768,-59.51688,1878.47,9843.4,2.69,1.88,-71.5,-0.426,19.2,20.72,04a60967o0772o
60967.368457,-22.132,2.759,-5,14,o,0,1.42,114.69768,-59.51688,1854.51,9807.09,2.82,1.91,-74.1,-0.39,19.13,20.6,04a60967o0800o
60967.372191,-20.459,0.685,-24,16,o,0,1.06,114.69768,-59.51688,1916.97,9888.98,2.65,1.83,-71.0,-0.403,19.02,20.32,04a60967o0808o
60967.382969,-20.097,1.521,-33,50,o,0,1.04,114.69768,-59.51688,1937.17,9771.56,2.77,1.94,-73.7,-0.396,17.84,18.03,04a60967o0830o
60969.092536,21.203,0.914,12,11,c,0,1.23,114.69768,-59.51688,8943.8,6325.59,3.01,2.7,-60.1,-0.372,19.36,21.26,03a60969o0761c
60969.102474,-20.803,0.562,-17,10,c,0,1.61,114.69768,-59.51688,8928.92,6290.23,2.81,2.54,-58.5,-0.368,19.41,21.23,03a60969o0782c
60969.113766,23.897,13.833,1,14,c,0,1.08,114.69768,-59.51688,8985.84,6368.3,2.74,2.41,-56.9,-0.37,19.22,20.72,03a60969o0806c
60969.11803,-19.779,0.337,-44,15,c,0,1.34,114.69768,-59.51688,9007.97,6252.77,2.82,2.47,-60.5,-0.362,18.91,20.05,03a60969o0815c
60970.180907,16.232,0.533,1167,622,o,0,1.16,114.69768,-59.51688,3254.13,1933.49,2.13,1.89,49.1,-0.404,15.49,16.88,04a60970o0403o
60970.205198,17.888,2.98,254,757,o,0,1.01,114.69768,-59.51688,3237.03,1901.04,2.12,1.91,44.8,-0.422,15.02,16.48,04a60970o0455o
60970.208087,0.0,17.76,0,286,o,0,1.16,114.69768,-59.51688,3293.7,1980.85,2.08,1.91,46.8,-0.43,15.64,17.03,04a60970o0461o
60970.22736,-20.907,3.375,-16,53,o,0,1.18,114.69768,-59.51688,3312.98,1867.07,2.1,1.89,48.4,-0.437,17.46,18.89,04a60970o0502o
60971.292989,-21.69,1.875,-8,14,o,0,1.02,114.69768,-59.51688,3263.94,1951.35,2.19,2.01,44.6,-0.432,19.04,20.44,04a60971o0642o
60971.31234,-20.135,0.448,-32,14,o,0,1.46,114.69768,-59.51688,3245.16,1914.59,2.18,2.03,43.3,-0.43,19.06,20.43,04a60971o0683o
60972.03902,23.268,5.5,2,10,c,0,1.56,114.69768,-59.51688,5189.79,1882.91,2.36,2.21,-56.2,-0.408,19.52,21.32,03a60972o0451c
60972.042338,-21.749,1.308,-7,10,c,0,1.01,114.69768,-59.51688,5172.37,1845.23,2.31,2.12,-54.8,-0.406,19.56,21.35,03a60972o0458c
60972.048481,-21.582,0.984,-8,8,c,0,1.48,114.69768,-59.51688,5226.99,1924.7,2.3,2.12,-58.8,-0.409,19.55,21.35,03a60972o0471c
60972.058342,20.906,0.691,16,11,c,0,1.24,114.69768,-59.51688,5252.68,1805.88,2.51,2.39,-52.0,-0.394,19.46,21.37,03a60972o0492c
60973.259158,-20.657,0.787,-20,16,o,0,1.08,114.69768,-59.51688,5111.14,1885.34,2.36,2.34,5.2,-0.416,18.82,20.31,04a60973o0506o
60973.283577,20.427,0.862,24,21,o,0,0.99,114.69768,-59.51688,5095.54,1851.83,2.36,2.11,67.4,-0.407,18.71,20.58,04a60973o0558o
60973.286756,21.543,2.048,9,18,o,0,1.03,114.69768,-59.51688,5149.38,1929.04,2.32,2.15,62.0,-0.417,18.79,20.63,04a60973o0565o
60973.291888,-24.499,26.333,-1,15,o,0,1.28,114.69768,-59.51688,5169.28,1812.7,2.24,2.19,52.9,-0.431,18.97,20.53,04a60973o0576o
60974.24428,-19.467,0.478,-59,28,o,0,1.03,114.69768,-59.51688,9939.72,9877.28,2.75,2.54,-68.6,-0.442,18.85,20.28,04a60974o0524o
60974.266968,-20.192,0.904,-30,28,o,0,1.32,114.69768,-59.51688,9920.12,9842.36,2.29,2.19,-33.5,-0.59,18.99,20.43,04a60974o0572o
60974.274488,-19.206,0.386,-75,29,o,0,1.27,114.69768,-59.51688,9983.63,9921.88,2.34,2.33,-54.6,-0.58,18.98,20.4,04a60974o0588o
60974.277276,-21.232,2.853,-12,33,o,0,1.46,114.69768,-59.51688,10003.94,9802.28,2.17,2.04,-27.3,-0.6,19.0,20.43,04a60974o0594o
60975.019316,-21.835,1.917,-7,13,c,0,0.88,114.69768,-59.51688,9825.21,9979.32,2.83,2.3,-47.2,-0.43,19.54,21.37,03a60975o0590c
60975.022152,-20.514,0.491,-23,11,c,0,1.71,114.69768,-59.51688,9804.17,9941.8,2.87,2.36,-45.4,-0.438,19.51,21.37,03a60975o0596c
60975.028224,-22.845,4.214,-3,11,c,0,1.06,114.69768,-59.51688,9868.11,10019.23,2.81,2.27,-42.6,-0.447,19.53,21.37,03a60975o0609c
60975.041156,-21.561,1.377,-9,12,c,0,0.67,114.69768,-59.51688,9892.51,9901.19,2.66,2.21,-46.8,-0.422,19.58,21.4,03a60975o0637c
60976.149073,-19.939,0.62,-38,24,o,0,0.97,114.69768,-59.51688,308.56,4000.24,2.71,2.16,40.7,-0.378,18.66,20.05,04a60976o0336o
60976.152929,-19.754,0.513,-46,23,o,0,1.03,114.69768,-59.51688,288.05,3963.14,2.79,2.23,40.1,-0.362,18.67,20.09,04a60976o0344o
60976.159045,-20.826,1.278,-17,22,o,0,1.05,114.69768,-59.51688,345.91,4044.79,2.69,2.14,42.9,-0.379,18.74,20.14,04a60976o0357o
60976.194421,22.875,6.385,3,16,o,0,1.64,114.69768,-59.51688,367.66,3934.12,2.67,2.11,43.2,-0.368,19.0,20.43,04a60976o0431o
60976.368341,-20.568,0.797,-22,17,o,0,1.31,114.69768,-59.51688,330.22,3998.04,2.37,1.89,54.7,-0.399,18.91,20.09,04a60976o0799o
60977.175133,19.778,0.52,44,23,o,0,0.84,114.69768,-59.51688,9615.65,4049.83,2.61,2.11,-25.5,-0.394,18.77,19.89,04a60977o0388o
60977.178989,-19.877,0.512,-41,21,o,0,1.11,114.69768,-59.51688,9595.94,4017.44,2.57,2.11,-24.7,-0.396,18.75,19.86,04a60977o0396o
60977.204865,20.875,1.275,16,21,o,0,1.34,114.69768,-59.51688,9657.18,4095.11,2.59,2.24,-27.2,-0.399,18.86,20.05,04a60977o0451o
60977.221605,-20.708,0.922,-19,17,o,0,0.98,114.69768,-59.51688,9678.51,3979.02,2.51,2.11,-30.2,-0.411,18.96,20.31,04a60977o0486o
60977.315583,-20.728,0.806,-19,15,o,0,0.92,114.69768,-59.51688,308.78,4014.56,2.27,1.93,55.7,-0.395,19.18,20.71,04a60977o0685o
60977.318343,-20.341,0.551,-26,15,o,0,1.11,114.69768,-59.51688,289.23,3974.32,2.29,1.95,53.2,-0.401,19.17,20.72,04a60977o0691o
60977.334248,-20.69,0.692,-19,13,o,0,1.42,114.69768,-59.51688,347.64,4053.93,2.22,2.04,78.3,-0.422,19.14,20.72,04a60977o0725o
60977.353065,-21.518,1.339,-9,12,o,0,1.35,114.69768,-59.51688,366.63,3939.94,2.33,2.09,72.3,-0.394,19.13,20.71,04a60977o0763o
60979.313515,-20.752,0.9,-18,16,o,0,0.65,114.69768,-59.51688,4502.98,8174.8,2.2,1.83,-70.9,-0.426,19.11,20.46,04a60979o0676o
60979.316343,-22.026,3.355,-6,19,o,0,1.56,114.69768,-59.51688,4483.12,8136.07,2.43,1.94,-67.3,-0.439,19.08,20.45,04a60979o0682o
60979.326228,20.854,0.935,16,16,o,0,1.67,114.69768,-59.51688,4541.9,8220.07,2.39,1.9,-61.6,-0.443,19.06,20.43,04a60979o0703o
60979.341565,-22.773,6.056,-3,17,o,0,1.15,114.69768,-59.51688,4561.86,8102.9,2.21,1.88,-61.9,-0.429,19.09,20.42,04a60979o0735o
60980.282725,-19.412,0.376,-62,23,o,0,1.11,114.69768,-59.51688,1376.82,6117.24,3.2,2.98,89.2,-0.328,18.5,19.94,04a60980o0163o
60980.285686,-20.963,1.442,-15,22,o,0,1.49,114.69768,-59.51688,1357.16,6076.96,3.4,3.22,-87.3,-0.334,18.49,20.2,04a60980o0169o
60980.293149,0.0,20.65,0,20,o,0,1.05,114.69768,-59.51688,1412.64,6165.71,3.14,2.87,-86.5,-0.342,18.69,20.33,04a60980o0185o
60980.30397,-21.128,1.478,-13,19,o,0,1.23,114.69768,-59.51688,1434.85,6050.86,3.08,2.88,-85.5,-0.343,18.79,20.58,04a60980o0208o
60982.316865,-20.886,1.204,-16,19,o,0,1.0,114.69768,-59.51688,3340.52,6120.3,2.37,2.13,-71.6,-0.394,18.71,19.79,04a60982o0677o
60982.319777,-20.132,0.606,-32,20,o,0,1.97,114.69768,-59.51688,3322.28,6079.66,2.51,2.22,-83.6,-0.401,18.5,19.93,04a60982o0683o
60982.336515,20.766,0.927,18,17,o,0,1.08,114.69768,-59.51688,3379.1,6163.16,2.56,2.21,-65.0,-0.388,18.9,20.25,04a60982o0718o
60982.353921,21.687,2.289,8,18,o,0,0.9,114.69768,-59.51688,3397.05,6047.64,2.6,2.27,-69.0,-0.381,18.88,20.45,04a60982o0754o
60983.294683,-19.58,0.548,-54,29,o,0,1.19,114.69768,-59.51688,3345.87,6116.03,2.79,2.5,89.4,-0.375,18.34,19.26,04a60983o0629o
60983.297486,20.093,0.856,33,28,o,0,0.91,114.69768,-59.51688,3325.75,6078.03,2.55,2.24,-78.7,-0.39,18.44,19.32,04a60983o0635o
60983.307979,21.224,2.072,12,24,o,0,0.94,114.69768,-59.51688,3383.42,6162.93,2.42,2.19,-74.9,-0.387,18.52,19.42,04a60983o0657o
