MJD,m,dm,uJy,duJy,F,err,chi/N,RA,Dec,x,y,maj,min,phi,apfit,mag5sig,Sky,Obs
57303.291913,-22.277,6.25,-4,28,o,0,1.61,322.90582,-36.39568,8923.51,7486.42,4.6,3.67,89.0,-0.48,18.69,20.33,02a57303o0083o
57303.308501,-18.919,0.281,-98,28,o,0,1.06,322.90582,-36.39568,7455.25,8968.99,4.37,3.65,-80.2,-0.475,18.78,20.34,02a57303o0107o
57321.256918,-19.528,1.264,-56,71,o,0,1.36,322.90582,-36.39568,8998.22,7493.13,4.5,3.18,88.0,-0.473,17.74,18.36,02a57321o0112o
57321.273123,19.191,1.052,76,80,o,0,0.94,322.90582,-36.39568,9001.23,7497.5,4.41,3.12,89.6,-0.481,17.83,18.45,02a57321o0137o
57329.256117,-20.123,1.143,-32,37,o,0,1.25,322.90582,-36.39568,9063.42,7516.94,4.49,3.21,87.7,-0.481,18.45,19.93,02a57329o0093o
57333.247349,19.426,0.28,62,17,c,0,1.24,322.90582,-36.39568,9066.38,7520.1,4.05,3.75,81.6,-0.392,19.27,21.09,02a57333o0103c
57675.282371,-21.185,5.964,-12,73,o,0,0.91,322.90582,-36.39568,360.36,6758.69,3.9,3.7,55.0,-0.433,18.06,18.75,02a57675o0201o
57675.293734,-20.559,3.098,-22,67,o,0,1.42,322.90582,-36.39568,346.3,6720.24,3.87,3.59,53.2,-0.431,18.06,18.72,02a57675o0224o
57675.297691,19.101,1.254,83,104,o,0,1.03,322.90582,-36.39568,10248.32,6772.11,4.0,3.47,88.2,-0.456,18.04,18.67,02a57675o0232o
57675.309074,-19.768,2.514,-45,113,o,0,0.94,322.90582,-36.39568,10234.71,6733.9,3.97,3.42,-87.9,-0.468,18.03,18.65,02a57675o0255o
57679.27738,19.06,0.715,86,62,o,0,0.96,322.90582,-36.39568,759.01,8269.24,3.29,3.14,34.7,-0.511,18.39,19.21,02a57679o0189o
57687.269736,20.822,1.234,17,21,c,0,0.95,322.90582,-36.39568,10033.48,9022.63,3.76,3.4,-82.0,-0.41,19.26,20.9,02a57687o0165c
57691.264439,-20.546,0.963,-22,21,c,0,0.95,322.90582,-36.39568,8684.75,6752.27,4.2,3.85,85.1,-0.39,19.23,20.97,02a57691o0057c
57695.254421,-18.677,0.129,-123,16,c,0,1.51,322.90582,-36.39568,7327.89,5747.14,4.0,3.73,86.0,-0.382,19.28,21.0,02a57695o0149c
57695.267327,20.766,1.1,18,20,c,0,1.06,322.90582,-36.39568,7298.59,5707.36,3.92,3.66,86.9,-0.388,19.29,20.97,02a57695o0174c
57911.599123,-19.569,0.334,-54,18,o,0,1.11,322.90582,-36.39568,10118.58,3043.79,2.87,2.19,61.4,-0.49,18.96,19.7,02a57911o0673o
57911.601281,-21.155,1.508,-12,19,o,0,0.88,322.90582,-36.39568,225.55,3039.28,2.23,1.97,39.8,-0.5,18.97,19.68,02a57911o0677o
57911.608095,20.955,1.119,15,17,o,0,0.91,322.90582,-36.39568,240.93,3078.88,2.26,1.99,41.8,-0.463,19.05,19.86,02a57911o0690o
57911.61549,-21.958,4.25,-6,25,o,0,1.04,322.90582,-36.39568,10130.68,3087.64,3.07,2.49,58.8,-0.467,18.6,19.79,02a57911o0704o
57911.621628,20.002,1.252,36,45,o,0,1.32,322.90582,-36.39568,176.06,3000.69,2.26,2.04,41.9,-0.426,17.94,18.51,02a57911o0715o
57911.622815,18.834,0.676,106,72,o,0,1.02,322.90582,-36.39568,393.1,7447.38,2.24,2.04,6.2,-0.584,17.61,17.91,02a57911o0717o
57922.570519,-19.127,0.261,-81,21,o,0,1.02,322.90582,-36.39568,8711.03,7012.88,4.27,3.27,1.5,-0.398,18.79,20.1,01a57922o0666o
57922.583214,-21.23,1.429,-12,17,o,0,1.1,322.90582,-36.39568,1997.35,3386.31,3.46,3.06,2.4,-0.435,18.92,20.22,01a57922o0691o
57922.587318,-19.875,0.484,-41,20,o,0,1.17,322.90582,-36.39568,8726.4,6988.8,3.36,3.23,-21.8,-0.42,18.93,20.11,01a57922o0699o
57922.600372,-22.395,4.045,-4,16,o,0,0.95,322.90582,-36.39568,1921.4,3494.94,3.04,3.0,-14.4,-0.452,19.03,20.25,01a57922o0724o
57923.563913,18.505,2.431,144,350,o,0,1.55,322.90582,-36.39568,9904.15,3078.23,2.39,2.19,73.9,-0.469,15.32,16.04,02a57923o0638o
57923.56723,-16.065,0.78,-1361,1062,o,0,0.53,322.90582,-36.39568,41.69,3128.91,2.17,1.88,52.0,-0.46,15.15,15.69,02a57923o0644o
57923.576573,17.175,1.262,490,618,o,0,1.38,322.90582,-36.39568,9884.21,3197.54,2.34,2.24,76.4,-0.469,14.52,15.53,02a57923o0663o
57930.558052,23.512,18.5,1,26,o,0,0.98,322.90582,-36.39568,7960.96,6489.87,6.65,6.05,-6.4,-0.306,18.4,20.68,01a57930o0615o
57930.567109,-20.26,0.682,-29,20,o,0,1.04,322.90582,-36.39568,2731.42,3893.79,5.17,4.57,-10.0,-0.363,18.73,20.74,01a57930o0633o
57930.569076,-20.532,0.828,-22,18,o,0,1.13,322.90582,-36.39568,2669.48,3825.65,4.56,4.06,-19.2,-0.388,18.87,20.7,01a57930o0637o
57930.580853,21.987,3.4,6,20,o,0,0.92,322.90582,-36.39568,2667.43,3989.0,4.87,4.23,-14.4,-0.38,18.84,20.74,01a57930o0660o
57934.530474,-21.185,0.987,-12,12,o,0,1.67,322.90582,-36.39568,225.12,9200.08,2.8,2.47,-57.9,-0.512,19.26,20.69,01a57934o0596o
57934.535896,-23.655,12.333,-1,15,o,0,1.09,322.90582,-36.39568,209.3,9142.6,3.41,2.87,-11.6,-0.451,19.14,20.72,01a57934o0607o
57934.546965,-20.975,1.162,-15,17,o,0,0.83,322.90582,-36.39568,10424.11,1087.82,3.04,2.81,-55.4,-0.451,19.26,20.72,01a57934o0629o
57934.54916,22.039,2.643,6,15,o,0,1.11,322.90582,-36.39568,10140.12,9088.26,3.23,2.97,-73.4,-0.416,19.24,20.72,01a57934o0633o
57934.558731,21.155,1.031,12,13,o,0,1.4,322.90582,-36.39568,10403.35,1251.59,3.1,2.83,-48.2,-0.449,19.33,20.83,01a57934o0652o
57934.561677,-21.353,1.27,-10,13,o,0,1.08,322.90582,-36.39568,549.1,1313.89,2.84,2.66,87.5,-0.518,19.35,20.86,01a57934o0658o
57938.533578,-22.043,2.8,-6,16,o,0,0.91,322.90582,-36.39568,9771.24,9217.13,3.73,3.01,-55.5,-0.421,19.25,20.81,01a57938o0489o
57938.535542,-21.818,2.714,-7,18,o,0,0.8,322.90582,-36.39568,9737.44,9171.42,4.95,3.57,-13.0,-0.347,19.05,20.83,01a57938o0493o
57938.539497,-20.659,0.81,-20,16,o,0,1.15,322.90582,-36.39568,9799.01,9233.16,4.58,3.62,-17.9,-0.38,19.04,20.83,01a57938o0501o
57938.549409,-20.746,0.864,-18,16,o,0,1.05,322.90582,-36.39568,9824.03,9076.66,4.39,3.71,-18.6,-0.385,19.08,20.88,01a57938o0521o
57940.529058,-20.925,1.49,-16,23,o,0,1.2,322.90582,-36.39568,2266.65,4476.76,2.81,2.63,58.6,-0.46,18.62,19.43,02a57940o0521o
57940.538348,21.121,1.669,13,22,o,0,0.71,322.90582,-36.39568,2279.08,4515.41,2.27,2.11,57.6,-0.478,18.87,19.48,02a57940o0540o
57940.547676,21.609,1.966,8,16,o,0,1.23,322.90582,-36.39568,2229.55,4440.78,2.08,1.95,37.2,-0.485,18.9,19.63,02a57940o0559o
57940.557236,19.692,0.381,48,18,o,0,1.0,322.90582,-36.39568,2197.92,4554.8,2.05,1.86,25.1,-0.475,18.85,19.72,02a57940o0578o
57948.519261,23.041,6.957,2,15,o,0,1.34,322.90582,-36.39568,3140.26,4561.46,2.1,2.02,52.5,-0.47,18.91,19.66,02a57948o0557o
57948.528709,-21.466,2.08,-9,20,o,0,1.15,322.90582,-36.39568,7310.26,5848.41,2.18,2.13,-65.7,-0.478,18.89,19.45,02a57948o0576o
57948.543477,20.707,1.155,19,22,o,0,0.89,322.90582,-36.39568,7356.33,5923.35,2.13,2.09,13.9,-0.49,18.91,19.45,02a57948o0605o
57948.552252,20.529,0.784,22,18,o,0,1.23,322.90582,-36.39568,7391.16,5806.94,2.13,2.08,-61.6,-0.475,18.95,19.45,02a57948o0623o
57950.494504,-19.381,0.321,-64,21,o,0,1.24,322.90582,-36.39568,61.18,6381.58,3.67,2.74,86.2,-0.377,19.03,20.32,01a57950o0521o
57950.513669,-20.346,1.663,-26,44,o,0,1.33,322.90582,-36.39568,740.08,4076.19,3.55,2.78,85.5,-0.45,18.33,19.66,01a57950o0560o
57950.515825,-18.665,0.401,-124,50,o,0,1.48,322.90582,-36.39568,9940.39,6267.41,3.97,2.73,-86.2,-0.431,18.07,19.1,01a57950o0564o
57950.524333,20.372,0.689,26,18,o,0,1.16,322.90582,-36.39568,701.72,4042.72,3.44,2.72,85.3,-0.455,19.03,20.33,01a57950o0581o
57950.537453,19.307,0.316,69,22,o,0,1.17,322.90582,-36.39568,680.74,4213.99,3.48,2.72,85.9,-0.451,18.91,20.24,01a57950o0607o
57954.506635,-20.444,0.657,-24,16,o,0,1.14,322.90582,-36.39568,1799.35,2382.3,3.72,2.83,84.5,-0.426,18.94,20.53,01a57954o0608o
57954.515808,-20.023,0.455,-36,16,o,0,1.17,322.90582,-36.39568,1822.5,2458.76,3.61,2.74,85.9,-0.449,19.02,20.5,01a57954o0626o
57954.52358,-21.959,2.75,-6,16,o,0,1.21,322.90582,-36.39568,1782.48,2413.02,3.73,2.93,85.9,-0.432,18.97,20.51,01a57954o0642o
57954.53443,-18.931,0.197,-97,19,o,0,0.81,322.90582,-36.39568,1756.41,2575.94,3.92,3.16,83.5,-0.412,18.9,20.53,01a57954o0662o
57958.487815,21.231,1.553,12,18,o,0,0.91,322.90582,-36.39568,8857.87,7449.75,4.57,3.09,-86.8,-0.387,18.98,20.7,01a57958o0239o
57958.498737,-21.751,2.037,-7,15,o,0,1.25,322.90582,-36.39568,1859.64,2938.86,3.9,3.07,86.4,-0.414,18.99,20.73,01a57958o0261o
57958.510859,19.731,0.365,46,17,o,0,0.83,322.90582,-36.39568,1809.54,2910.97,3.74,2.92,87.3,-0.423,19.04,20.71,01a57958o0285o
57958.522044,20.443,0.674,24,16,o,0,1.2,322.90582,-36.39568,1786.53,3072.95,3.87,2.93,87.7,-0.413,19.06,20.77,01a57958o0308o
57960.495921,21.811,1.707,7,12,o,0,1.56,322.90582,-36.39568,9232.89,6901.22,2.19,2.11,-87.9,-0.475,19.36,20.7,02a57960o0504o
57960.50665,-19.514,0.21,-57,12,o,0,1.14,322.90582,-36.39568,9219.0,6861.75,2.17,2.1,-88.1,-0.471,19.41,20.61,02a57960o0526o
57960.517911,-22.177,2.227,-5,11,o,0,1.38,322.90582,-36.39568,9283.29,6937.87,2.1,2.06,-87.8,-0.463,19.43,20.57,02a57960o0549o
57960.52932,-20.916,0.748,-16,12,o,0,1.07,322.90582,-36.39568,9300.55,6819.81,2.12,2.07,-64.3,-0.469,19.43,20.56,02a57960o0572o
57966.46832,20.993,1.0,14,14,o,0,1.26,322.90582,-36.39568,3540.68,4452.65,3.22,3.0,-89.8,-0.421,19.04,20.53,01a57966o0450o
57966.473379,21.14,1.211,13,15,o,0,1.05,322.90582,-36.39568,7113.99,5788.34,3.38,2.98,89.1,-0.415,19.1,20.58,01a57966o0460o
57966.479439,21.782,2.222,7,16,o,0,1.19,322.90582,-36.39568,3501.21,4459.79,3.54,3.37,45.5,-0.406,18.99,20.67,01a57966o0472o
57966.484303,-22.651,5.455,-3,17,o,0,0.99,322.90582,-36.39568,3493.19,4574.57,3.68,3.55,-87.6,-0.402,18.93,20.62,01a57966o0482o
57968.439848,-23.829,14.231,-1,15,o,0,1.24,322.90582,-36.39568,2300.52,4886.87,1.9,1.83,26.4,-0.468,19.05,19.65,02a57968o0399o
57968.453351,-20.155,1.0,-32,32,o,0,0.91,322.90582,-36.39568,2329.44,4924.87,1.9,1.86,6.4,-0.45,18.29,19.05,02a57968o0426o
57968.463596,19.38,2.386,64,153,o,0,0.92,322.90582,-36.39568,2264.62,4849.88,1.91,1.86,-0.3,-0.465,16.7,17.46,02a57968o0447o
57968.467003,-19.232,0.302,-74,22,o,0,0.92,322.90582,-36.39568,2249.22,4964.92,1.89,1.83,30.3,-0.458,18.74,19.3,02a57968o0454o
57970.382421,-19.274,0.809,-71,57,o,0,1.37,322.90582,-36.39568,8564.2,6064.65,3.04,2.86,13.1,-0.427,17.58,18.84,01a57970o0261o
57970.390118,-20.179,1.614,-31,50,o,0,1.15,322.90582,-36.39568,8534.65,6004.9,3.17,2.91,12.6,-0.429,18.19,18.78,01a57970o0276o
57970.397386,-18.733,0.719,-117,84,o,0,1.05,322.90582,-36.39568,8586.11,6058.36,5.28,3.85,-0.2,-0.37,17.66,18.73,01a57970o0291o
57970.404681,19.757,1.033,45,47,o,0,1.53,322.90582,-36.39568,8590.48,5917.55,3.52,3.22,70.9,-0.394,18.15,18.88,01a57970o0306o
57975.472993,-21.785,4.741,-7,33,o,0,1.07,322.90582,-36.39568,2480.88,2598.18,3.57,3.32,20.2,-0.399,18.34,19.23,01a57975o0459o
57975.482898,20.029,0.903,35,32,o,0,1.02,322.90582,-36.39568,2501.67,2676.35,3.33,3.16,32.8,-0.398,18.33,19.21,01a57975o0478o
57975.491696,20.365,1.151,26,30,o,0,1.07,322.90582,-36.39568,2441.56,2635.23,3.25,3.02,8.2,-0.419,18.34,19.16,01a57975o0495o
57975.499425,20.12,1.069,32,35,o,0,1.05,322.90582,-36.39568,2428.44,2783.38,3.47,3.27,15.9,-0.409,18.28,19.11,01a57975o0509o
57977.467882,-20.885,1.179,-16,19,o,0,1.07,322.90582,-36.39568,9845.72,6023.47,2.47,2.33,68.9,-0.465,18.94,19.7,02a57977o0468o
57977.478609,21.934,3.359,6,20,o,0,1.04,322.90582,-36.39568,9832.27,5984.9,2.63,2.5,72.0,-0.469,18.86,19.68,02a57977o0489o
57977.487285,20.066,0.719,34,25,o,0,1.29,322.90582,-36.39568,9881.5,6059.98,3.21,3.0,69.3,-0.436,18.61,19.65,02a57977o0506o
57977.494918,20.783,1.007,18,18,o,0,1.02,322.90582,-36.39568,9914.41,5946.62,2.31,2.21,-77.9,-0.48,18.94,19.61,02a57977o0521o
57979.468392,20.68,1.762,19,34,o,0,0.93,322.90582,-36.39568,1312.22,1916.7,2.88,2.47,79.7,-0.508,18.39,19.42,01a57979o0447o
57979.470468,21.419,3.0,10,30,o,0,0.94,322.90582,-36.39568,1345.5,1963.35,3.08,2.66,80.2,-0.477,18.38,19.51,01a57979o0451o
57979.482453,21.628,4.269,8,35,o,0,0.97,322.90582,-36.39568,1286.71,1935.55,3.25,2.73,83.2,-0.463,18.11,19.37,01a57979o0474o
57979.49496,-20.282,0.795,-28,22,o,0,1.18,322.90582,-36.39568,1275.55,2103.18,3.23,2.93,83.1,-0.441,18.69,19.99,01a57979o0498o
57981.443913,25.938,70.0,0,11,c,0,0.81,322.90582,-36.39568,7897.17,6489.88,2.76,2.67,-60.6,-0.379,19.64,21.4,02a57981o0415c
57981.45366,-21.459,1.016,-10,10,c,0,1.21,322.90582,-36.39568,7884.42,6453.48,2.74,2.64,-63.8,-0.378,19.61,21.33,02a57981o0435c
57981.4556,22.642,3.286,3,10,c,0,1.08,322.90582,-36.39568,7931.38,6528.58,2.74,2.65,-68.3,-0.379,19.6,21.32,02a57981o0439c
57981.464353,-18.821,0.092,-108,10,c,0,1.08,322.90582,-36.39568,7963.92,6414.71,2.75,2.64,-63.2,-0.374,19.56,21.19,02a57981o0457c
57983.452313,-19.065,0.192,-86,16,o,0,0.89,322.90582,-36.39568,3269.36,4269.27,3.28,2.84,74.8,-0.43,18.97,20.43,01a57983o0350o
57983.462737,20.754,0.864,18,16,o,0,1.02,322.90582,-36.39568,3289.23,4350.45,3.21,2.79,84.6,-0.441,19.05,20.49,01a57983o0370o
57983.464806,21.569,1.818,9,16,o,0,1.42,322.90582,-36.39568,3242.87,4282.34,3.17,2.65,88.3,-0.452,19.07,20.5,01a57983o0374o
57983.47412,-21.733,2.158,-7,16,o,0,1.23,322.90582,-36.39568,3216.43,4434.84,3.15,2.65,-89.6,-0.448,19.09,20.53,01a57983o0392o
57985.443424,-19.058,0.194,-86,17,c,0,1.36,322.90582,-36.39568,8322.68,9047.38,2.74,2.65,20.8,-0.421,18.87,20.72,02a57985o0431c
57985.451719,19.87,1.167,41,48,c,0,0.95,322.90582,-36.39568,8308.87,9009.48,3.73,3.46,51.0,-0.417,17.88,19.98,02a57985o0448c
57985.45854,-17.658,0.93,-314,292,c,0,1.08,322.90582,-36.39568,8358.69,9086.34,4.22,3.88,49.2,-0.402,15.78,18.0,02a57985o0462c
57985.464829,-21.821,1.879,-7,13,c,0,1.12,322.90582,-36.39568,8390.92,8971.89,2.94,2.84,31.2,-0.409,19.35,21.2,02a57985o0475c
57987.42364,20.559,0.819,22,18,o,0,0.95,322.90582,-36.39568,9910.63,4276.6,3.95,2.89,-88.0,-0.428,18.98,20.46,01a57987o0148o
57987.432476,-22.237,5.0,-5,23,o,0,1.2,322.90582,-36.39568,9931.75,4331.59,4.07,2.79,-87.5,-0.439,18.79,20.24,01a57987o0165o
57987.441324,19.946,0.569,38,22,o,0,1.47,322.90582,-36.39568,9872.63,4307.85,4.15,2.77,-85.2,-0.438,18.82,20.27,01a57987o0182o
57987.447069,19.574,0.472,54,25,o,0,1.33,322.90582,-36.39568,48.29,4511.71,3.8,2.8,86.5,-0.43,18.91,20.33,01a57987o0193o
57987.450167,-19.99,0.574,-37,21,o,0,0.92,322.90582,-36.39568,9862.61,4460.28,4.24,2.91,-85.0,-0.437,18.85,20.31,01a57987o0199o
57989.436466,20.586,0.562,21,12,c,0,0.72,322.90582,-36.39568,7868.38,7747.78,2.53,2.52,-81.5,-0.443,19.58,21.24,02a57989o0411c
57989.444903,23.134,5.286,2,11,c,0,0.91,322.90582,-36.39568,7854.37,7709.32,2.51,2.49,-54.5,-0.432,19.58,21.22,02a57989o0428c
57989.453352,-22.515,3.5,-4,12,c,0,1.08,322.90582,-36.39568,7919.31,7787.05,2.56,2.5,-64.6,-0.437,19.33,20.97,02a57989o0445c
57989.464269,20.947,0.833,15,13,c,0,1.13,322.90582,-36.39568,7937.98,7668.4,2.6,2.54,-79.4,-0.441,19.36,20.97,02a57989o0467c
57991.430828,23.29,9.833,2,17,o,0,0.92,322.90582,-36.39568,9361.68,9357.98,4.49,3.05,-80.5,-0.376,19.2,20.93,01a57991o0389o
57991.439859,-20.929,1.075,-15,17,o,0,1.11,322.90582,-36.39568,9380.97,9434.17,4.41,3.11,-81.5,-0.375,19.12,20.82,01a57991o0407o
57991.448358,-20.315,0.71,-27,19,o,0,0.95,322.90582,-36.39568,9317.96,9389.38,4.43,3.09,-81.4,-0.374,19.1,20.69,01a57991o0424o
57991.4574,20.248,0.646,29,19,o,0,1.09,322.90582,-36.39568,9305.2,9543.06,4.45,3.14,-81.0,-0.379,19.03,20.67,01a57991o0442o
57993.414206,21.439,1.794,10,17,o,0,1.52,322.90582,-36.39568,209.28,537.11,2.57,1.94,26.4,-0.605,19.37,20.41,02a57993o0376o
57993.417053,19.884,0.361,40,15,o,0,1.23,322.90582,-36.39568,6653.07,10399.96,2.27,1.92,2.9,-0.542,19.3,20.31,02a57993o0382o
57993.428941,21.229,1.897,12,22,o,0,0.95,322.90582,-36.39568,259.7,577.15,2.51,1.87,23.3,-0.619,19.33,20.32,02a57993o0407o
57993.429891,-21.138,1.367,-13,17,o,0,0.92,322.90582,-36.39568,6639.21,10359.06,2.37,2.05,4.9,-0.513,19.25,20.24,02a57993o0409o
57993.431315,20.729,1.09,19,20,o,0,0.72,322.90582,-36.39568,9763.83,568.57,2.33,2.22,39.5,-0.51,19.37,20.34,02a57993o0412o
57993.43847,25.317,63.0,0,17,o,0,1.13,322.90582,-36.39568,9750.84,529.47,2.32,2.16,26.7,-0.502,19.35,20.37,02a57993o0427o
57993.438946,-22.232,4.0,-5,19,o,0,0.99,322.90582,-36.39568,6704.99,10436.34,2.36,2.03,4.5,-0.493,19.29,20.28,02a57993o0428o
57993.43942,-22.7,5.619,-3,17,o,0,1.18,322.90582,-36.39568,9813.27,605.37,2.39,2.25,33.5,-0.485,19.36,20.36,02a57993o0429o
57993.445129,-21.618,2.232,-8,18,o,0,0.9,322.90582,-36.39568,9832.03,486.44,2.41,2.26,33.7,-0.482,19.41,20.37,02a57993o0441o
57993.445605,-20.818,0.907,-17,16,o,0,1.01,322.90582,-36.39568,6721.8,10317.24,2.28,1.91,4.6,-0.543,19.32,20.28,02a57993o0442o
57997.399315,20.939,1.505,15,23,o,0,1.17,322.90582,-36.39568,1455.33,2907.16,2.49,2.34,35.2,-0.453,18.73,19.45,02a57997o0265o
58007.391922,-19.885,0.564,-40,23,o,0,1.02,322.90582,-36.39568,1526.01,7831.93,3.49,2.85,-88.3,-0.426,18.7,19.79,01a58007o0364o
58007.400217,-18.85,0.306,-105,32,o,0,1.11,322.90582,-36.39568,1545.41,7903.57,3.8,3.18,-88.4,-0.402,18.41,19.62,01a58007o0382o
58007.408165,21.516,2.943,9,26,o,0,1.18,322.90582,-36.39568,1484.03,7860.41,3.66,3.07,-89.5,-0.409,18.67,19.85,01a58007o0399o
58007.416544,19.789,0.633,44,28,o,0,1.15,322.90582,-36.39568,1469.45,8009.23,3.68,3.19,-88.0,-0.407,18.61,19.86,01a58007o0417o
58011.378736,-18.754,0.117,-114,13,o,0,1.08,322.90582,-36.39568,1590.46,7610.17,3.0,2.53,-83.4,-0.468,19.28,20.72,01a58011o0335o
58011.386561,19.751,0.264,46,12,o,0,1.85,322.90582,-36.39568,1604.51,7648.32,3.18,2.67,-84.3,-0.445,19.21,20.68,01a58011o0352o
58011.394386,23.633,11.143,1,14,o,0,0.99,322.90582,-36.39568,1539.38,7573.11,3.07,2.54,-84.8,-0.467,19.26,20.71,01a58011o0369o
58011.402204,21.061,1.042,14,14,o,0,0.97,322.90582,-36.39568,1524.33,7689.64,3.12,2.63,-83.2,-0.454,19.25,20.74,01a58011o0386o
58011.428827,21.483,1.645,9,15,o,0,1.03,322.90582,-36.39568,7521.67,6562.03,2.22,2.06,-62.7,-0.442,19.33,20.38,02a58011o0409o
58011.439108,-19.201,0.141,-76,11,o,0,1.09,322.90582,-36.39568,7507.27,6522.44,2.2,2.07,-62.9,-0.435,19.4,20.5,02a58011o0431o
58011.449336,20.819,0.727,17,12,o,0,1.04,322.90582,-36.39568,7556.35,6598.25,2.28,2.11,-58.1,-0.427,19.35,20.47,02a58011o0453o
58011.459498,22.519,3.96,4,14,o,0,1.26,322.90582,-36.39568,7588.61,6481.52,2.28,2.09,-71.6,-0.441,19.2,20.36,02a58011o0475o
58013.383042,20.075,0.301,34,10,c,0,1.51,322.90582,-36.39568,9249.9,1581.0,2.82,2.58,89.7,-0.431,19.59,21.27,02a58013o0364c
58013.391385,20.925,0.667,16,10,c,0,1.07,322.90582,-36.39568,9236.94,1541.87,2.81,2.59,86.9,-0.431,19.57,21.24,02a58013o0382c
58013.399264,25.048,33.0,0,12,c,0,1.06,322.90582,-36.39568,9302.59,1618.32,2.9,2.7,-84.1,-0.423,19.55,21.25,02a58013o0399c
58013.407568,20.915,0.77,16,12,c,0,1.06,322.90582,-36.39568,9321.76,1501.61,2.97,2.7,-89.5,-0.428,19.53,21.22,02a58013o0417c
58015.368526,-20.055,0.723,-34,25,o,0,1.08,322.90582,-36.39568,9591.07,9495.93,5.32,5.09,-22.6,-0.276,18.65,20.64,01a58015o0322o
58015.376373,20.92,1.688,16,26,o,0,0.93,322.90582,-36.39568,9605.72,9535.76,5.27,4.5,-78.0,-0.327,18.71,20.59,01a58015o0339o
58015.379689,19.859,0.745,41,31,o,0,1.0,322.90582,-36.39568,46.43,9706.6,4.78,4.21,-79.8,-0.342,18.79,20.64,01a58015o0346o
58015.384295,-19.372,0.36,-65,23,o,0,1.02,322.90582,-36.39568,9555.8,9456.47,5.03,4.11,-82.0,-0.343,18.75,20.61,01a58015o0356o
58015.387516,17.358,0.067,414,28,o,0,4.67,322.90582,-36.39568,78.03,9744.06,4.44,3.91,-84.8,-0.39,18.87,20.66,01a58015o0363o
58015.392113,-20.773,1.552,-18,28,o,0,1.02,322.90582,-36.39568,9542.99,9575.09,5.89,5.18,-85.3,-0.291,18.51,20.55,01a58015o0373o
58017.365822,20.451,0.484,24,12,c,0,1.01,322.90582,-36.39568,100.68,2738.15,3.05,2.55,44.5,-0.433,19.53,21.24,02a58017o0189c
58017.374114,22.581,3.7,3,12,c,0,1.46,322.90582,-36.39568,88.22,2699.04,2.89,2.47,39.0,-0.404,19.53,21.21,02a58017o0207c
58017.378234,-20.953,0.802,-15,12,c,0,1.15,322.90582,-36.39568,9620.2,2777.16,2.76,2.62,-86.7,-0.438,19.57,21.26,02a58017o0216c
58017.382408,-22.062,1.867,-5,10,c,0,1.31,322.90582,-36.39568,154.26,2778.98,2.96,2.57,37.4,-0.404,19.47,21.19,02a58017o0225c
58017.38654,-19.976,0.295,-37,11,c,0,1.2,322.90582,-36.39568,9606.6,2739.63,2.73,2.61,-76.6,-0.44,19.5,21.22,02a58017o0234c
58017.390671,-20.92,0.596,-16,9,c,0,1.77,322.90582,-36.39568,172.17,2661.19,2.82,2.44,43.3,-0.425,19.49,21.17,02a58017o0243c
58017.39528,-20.585,0.538,-21,11,c,0,1.04,322.90582,-36.39568,9655.89,2816.22,2.78,2.71,-89.9,-0.422,19.54,21.22,02a58017o0253c
58017.403569,-21.566,1.32,-9,11,c,0,1.06,322.90582,-36.39568,9691.15,2697.27,2.74,2.62,89.9,-0.436,19.49,21.23,02a58017o0271c
58019.368301,-21.088,1.5,-13,20,o,0,1.13,322.90582,-36.39568,1581.16,9679.29,4.03,3.42,-81.9,-0.393,18.98,20.51,01a58019o0210o
58019.37609,23.387,13.2,2,21,o,0,0.98,322.90582,-36.39568,1594.72,9718.0,4.09,3.56,-84.4,-0.399,18.93,20.57,01a58019o0227o
58019.383875,20.853,1.17,16,19,o,0,1.16,322.90582,-36.39568,1546.25,9641.41,4.07,3.47,-79.7,-0.388,18.99,20.54,01a58019o0244o
58019.391665,20.467,4.133,24,98,o,0,0.95,322.90582,-36.39568,1514.38,9758.9,4.22,3.74,-79.7,-0.386,17.86,19.46,01a58019o0261o
58021.366162,22.516,2.519,4,9,c,0,0.97,322.90582,-36.39568,2774.42,4059.17,2.5,2.29,54.5,-0.434,19.62,21.27,02a58021o0325c
58021.374448,-21.39,1.013,-10,10,c,0,1.02,322.90582,-36.39568,2746.81,4018.71,2.47,2.27,55.6,-0.441,19.63,21.25,02a58021o0343c
58021.383641,21.686,1.273,8,10,c,0,1.01,322.90582,-36.39568,2812.26,4096.31,2.54,2.34,61.5,-0.44,19.58,21.25,02a58021o0363c
58021.392878,-19.551,0.164,-55,9,c,0,1.12,322.90582,-36.39568,2830.86,3978.64,2.52,2.32,62.1,-0.438,19.55,21.18,02a58021o0383c
58023.33261,-21.64,2.629,-8,21,o,0,1.05,322.90582,-36.39568,1317.21,6222.36,3.6,2.83,87.1,-0.435,18.87,20.09,01a58023o0176o
58023.342729,19.908,0.52,40,21,o,0,1.11,322.90582,-36.39568,1354.52,6301.08,3.6,2.8,-88.9,-0.433,18.91,20.12,01a58023o0198o
58023.349608,22.06,4.04,5,22,o,0,0.89,322.90582,-36.39568,1280.43,6369.05,3.49,2.72,89.7,-0.444,18.93,20.11,01a58023o0213o
58023.351898,21.963,3.308,6,20,o,0,1.16,322.90582,-36.39568,1296.34,6262.65,3.62,2.79,89.6,-0.43,18.88,20.11,01a58023o0218o
58027.327509,22.879,14.727,3,38,o,0,1.06,322.90582,-36.39568,7899.73,9290.48,3.44,2.99,-84.1,-0.436,18.31,19.05,01a58027o0047o
58027.335493,-20.036,1.107,-35,39,o,0,1.01,322.90582,-36.39568,7921.28,9365.0,3.7,3.02,-83.5,-0.429,18.27,19.03,01a58027o0064o
58027.343402,20.038,1.072,35,38,o,0,1.2,322.90582,-36.39568,7861.52,9318.26,3.83,2.96,-84.5,-0.413,18.28,19.0,01a58027o0081o
58027.351262,19.159,0.532,79,42,o,0,0.81,322.90582,-36.39568,7847.73,9467.43,4.04,3.09,-83.4,-0.408,18.2,18.99,01a58027o0098o
58029.339179,-20.175,1.004,-31,31,o,0,0.97,322.90582,-36.39568,1804.58,2675.96,2.6,2.23,43.0,-0.451,18.3,18.65,02a58029o0305o
58031.387962,19.334,1.109,67,74,o,0,1.34,322.90582,-36.39568,9883.96,9716.01,4.81,4.73,-56.4,-0.305,17.47,18.36,01a58031o0412o
58031.396003,-19.742,1.718,-46,79,o,0,0.87,322.90582,-36.39568,9896.47,9786.23,4.74,4.09,-82.3,-0.331,17.54,18.28,01a58031o0429o
58031.404143,-18.205,0.349,-190,66,o,0,1.08,322.90582,-36.39568,9826.42,9736.08,4.66,3.54,-83.7,-0.37,17.57,18.19,01a58031o0446o
58031.412196,19.465,1.182,59,70,o,0,1.25,322.90582,-36.39568,9806.94,9881.81,4.75,3.52,-84.3,-0.379,17.57,18.15,01a58031o0463o
58033.342189,22.784,7.172,3,20,o,0,2.02,322.90582,-36.39568,900.93,3792.87,2.01,1.92,44.4,-0.485,18.6,18.88,02a58033o0218o
58033.346306,19.383,0.41,64,26,o,0,1.0,322.90582,-36.39568,10422.82,3816.34,2.02,1.93,-83.4,-0.48,18.61,18.89,02a58033o0227o
58033.35051,19.995,0.666,36,24,o,0,1.0,322.90582,-36.39568,964.78,3872.43,2.02,1.93,50.0,-0.475,18.56,18.83,02a58033o0236o
58033.354659,-23.932,28.556,-1,28,o,0,1.12,322.90582,-36.39568,10408.78,3779.59,2.12,1.99,88.4,-0.491,18.58,18.86,02a58033o0245o
58033.358325,21.466,3.22,9,30,o,0,1.04,322.90582,-36.39568,981.78,3755.69,2.13,1.93,63.3,-0.486,18.49,18.8,02a58033o0253o
58033.362977,-21.056,2.583,-14,36,o,0,0.9,322.90582,-36.39568,10473.79,3854.61,2.13,2.05,81.3,-0.516,18.56,18.82,02a58033o0263o
58033.371295,-21.682,5.091,-8,39,o,0,1.28,322.90582,-36.39568,10492.0,3737.12,2.15,2.1,88.1,-0.459,18.52,18.8,02a58033o0281o
58037.343123,23.871,13.667,1,14,o,0,0.88,322.90582,-36.39568,2423.09,1069.28,2.26,2.04,71.7,-0.487,19.26,20.29,02a58037o0080o
58039.316909,23.318,13.857,2,24,o,0,1.21,322.90582,-36.39568,9174.04,6447.56,3.61,2.95,-83.7,-0.422,18.71,19.84,01a58039o0189o
58039.324743,-19.758,1.101,-45,50,o,0,0.82,322.90582,-36.39568,9190.26,6518.99,3.7,2.83,-86.4,-0.421,18.38,19.2,01a58039o0206o
58039.332562,-21.032,1.367,-14,19,o,0,1.6,322.90582,-36.39568,9142.19,6471.69,3.62,2.76,-86.0,-0.427,18.81,19.94,01a58039o0223o
58039.340385,-22.922,8.429,-2,21,o,0,1.23,322.90582,-36.39568,9107.84,6617.55,4.33,3.53,-81.0,-0.389,18.67,20.16,01a58039o0240o
58043.311827,-19.852,2.406,-42,100,o,0,1.02,322.90582,-36.39568,7436.86,8042.4,4.16,3.81,-17.8,-0.381,17.26,18.76,01a58043o0260o
58043.319684,22.608,19.333,3,64,o,0,1.08,322.90582,-36.39568,7451.93,8113.39,4.47,3.88,-8.1,-0.359,17.53,19.07,01a58043o0277o
58043.327508,-22.827,13.8,-3,37,o,0,1.13,322.90582,-36.39568,7387.97,8066.4,3.83,3.11,-80.1,-0.403,18.14,19.46,01a58043o0294o
58043.33533,20.033,1.0,35,35,o,0,1.49,322.90582,-36.39568,7371.75,8233.54,4.13,3.35,-79.8,-0.398,18.16,19.64,01a58043o0311o
58047.300305,-19.613,0.451,-52,23,o,0,1.01,322.90582,-36.39568,10097.16,8628.39,4.68,3.75,-81.4,-0.331,18.68,20.13,01a58047o0239o
58047.308139,21.431,2.147,10,21,o,0,1.19,322.90582,-36.39568,10129.14,8700.52,4.23,3.21,-86.1,-0.35,18.8,20.12,01a58047o0256o
58047.311347,21.382,2.235,10,23,o,0,1.13,322.90582,-36.39568,583.5,8772.03,3.86,3.57,-59.0,-0.378,18.77,20.2,01a58047o0263o
58047.31597,22.775,8.0,3,22,o,0,1.16,322.90582,-36.39568,10063.9,8651.41,4.37,3.42,-82.9,-0.344,18.69,19.99,01a58047o0273o
58047.31918,-22.362,5.0,-4,21,o,0,1.28,322.90582,-36.39568,598.89,8842.01,3.7,3.16,-83.3,-0.389,18.8,20.06,01a58047o0280o
58047.323824,19.769,0.51,45,23,o,0,1.27,322.90582,-36.39568,10048.91,8799.56,4.26,3.17,-82.7,-0.357,18.76,19.98,01a58047o0290o
58047.327052,-18.841,0.205,-106,22,o,0,0.98,322.90582,-36.39568,535.47,8797.97,3.62,3.0,-85.3,-0.382,18.81,20.01,01a58047o0297o
58047.334881,20.506,1.165,23,26,o,0,0.9,322.90582,-36.39568,518.73,8946.67,3.68,3.05,-86.6,-0.401,18.77,19.94,01a58047o0314o
58049.311715,21.178,1.453,12,18,c,0,1.15,322.90582,-36.39568,9514.74,3323.51,2.59,2.47,-78.3,-0.429,19.17,20.57,02a58049o0075c
58049.316305,-19.265,0.109,-71,8,c,0,1.1,322.90582,-36.39568,54.59,3315.37,2.49,2.21,37.8,-0.402,19.37,20.72,02a58049o0085c
58049.319505,-19.16,0.261,-79,21,c,0,1.04,322.90582,-36.39568,9500.1,3285.29,2.58,2.49,-86.0,-0.452,19.05,20.46,02a58049o0092c
58049.324077,-19.288,0.104,-70,7,c,0,1.48,322.90582,-36.39568,72.05,3197.9,2.59,2.26,37.0,-0.409,19.36,20.74,02a58049o0102c
58049.32731,22.317,3.536,4,15,c,0,0.95,322.90582,-36.39568,9564.8,3361.18,2.54,2.47,-63.6,-0.449,19.47,20.81,02a58049o0109c
58049.335103,21.393,1.588,10,16,c,0,1.32,322.90582,-36.39568,9583.06,3243.69,2.58,2.49,-58.2,-0.459,19.18,20.61,02a58049o0126c
58053.263208,-20.928,1.045,-16,16,o,0,1.61,322.90582,-36.39568,508.74,3825.61,2.09,1.86,31.1,-0.48,19.07,19.65,02a58053o0171o
58053.270083,22.912,5.375,2,13,o,0,1.49,322.90582,-36.39568,494.92,3785.12,2.14,1.96,32.1,-0.482,19.06,19.67,02a58053o0186o
58053.274208,-21.804,2.35,-7,16,o,0,1.2,322.90582,-36.39568,10016.96,3835.29,2.19,2.08,81.8,-0.493,19.12,19.78,02a58053o0195o
58053.276956,-21.311,1.551,-11,17,o,0,1.07,322.90582,-36.39568,559.9,3863.21,2.21,2.05,34.7,-0.458,19.02,19.67,02a58053o0201o
58053.28108,-24.581,31.5,0,17,o,0,1.21,322.90582,-36.39568,10003.16,3796.51,2.4,2.24,69.1,-0.489,19.06,19.77,02a58053o0210o
58053.28797,-25.072,63.667,0,22,o,0,0.89,322.90582,-36.39568,10067.67,3871.93,2.15,2.07,78.3,-0.482,19.08,19.78,02a58053o0225o
58053.294843,-19.343,0.253,-66,17,o,0,0.91,322.90582,-36.39568,10085.57,3753.75,2.07,2.0,-82.8,-0.479,19.15,19.79,02a58053o0240o
58055.284225,21.488,3.652,9,34,o,0,0.93,322.90582,-36.39568,1402.96,8844.17,3.16,2.73,-80.0,-0.447,18.49,19.29,01a58055o0217o
58055.291177,-19.198,0.438,-76,33,o,0,1.33,322.90582,-36.39568,1419.65,8910.88,3.03,2.52,-84.0,-0.476,18.58,19.28,01a58055o0232o
58055.298132,-21.071,2.085,-14,28,o,0,1.24,322.90582,-36.39568,1354.85,8863.6,3.15,2.55,-79.5,-0.469,18.56,19.27,01a58055o0247o
58055.30505,20.094,0.957,33,32,o,0,1.26,322.90582,-36.39568,1338.68,9008.24,3.51,2.97,-85.0,-0.419,18.42,19.26,01a58055o0262o
58057.292007,20.221,2.181,30,65,o,0,1.16,322.90582,-36.39568,9197.89,4366.08,2.4,2.15,17.5,-0.516,17.54,17.35,02a58057o0108o
58057.299792,21.086,8.545,13,114,o,0,1.3,322.90582,-36.39568,9183.57,4325.9,2.31,2.15,63.4,-0.493,16.87,16.56,02a58057o0125o
58059.278613,-20.371,1.952,-26,50,o,0,1.15,322.90582,-36.39568,9633.54,8516.6,3.84,2.9,-81.8,-0.392,18.33,19.02,01a58059o0123o
58059.286405,-21.616,7.346,-8,60,o,0,1.18,322.90582,-36.39568,9650.04,8588.15,4.28,3.35,-85.2,-0.372,18.05,18.96,01a58059o0140o
58059.287811,19.612,1.492,52,77,o,0,0.75,322.90582,-36.39568,107.34,8687.99,4.58,4.13,81.0,-0.384,17.94,19.0,01a58059o0143o
58059.294247,20.399,2.482,25,62,o,0,1.23,322.90582,-36.39568,9600.82,8540.22,4.14,3.21,-84.9,-0.377,18.08,18.83,01a58059o0157o
58059.29562,19.324,0.924,68,62,o,0,1.24,322.90582,-36.39568,139.16,8758.28,3.8,3.14,-89.2,-0.391,18.1,18.85,01a58059o0160o
58059.302092,-20.381,2.679,-26,68,o,0,1.03,322.90582,-36.39568,9582.66,8687.33,4.28,3.24,-81.6,-0.37,18.03,18.86,01a58059o0174o
58059.303464,-20.145,2.22,-32,70,o,0,1.01,322.90582,-36.39568,73.74,8712.67,3.98,3.34,-83.9,-0.368,18.06,18.9,01a58059o0177o
58059.311274,19.141,0.927,80,74,o,0,0.99,322.90582,-36.39568,59.02,8862.44,4.2,3.67,-83.7,-0.371,18.04,18.88,01a58059o0194o
58061.251261,-19.138,0.464,-80,37,o,0,0.95,322.90582,-36.39568,1113.4,1850.41,2.75,2.4,46.8,-0.491,18.39,18.69,02a58061o0149o
58061.255842,20.048,1.069,35,37,o,0,1.05,322.90582,-36.39568,1101.27,1800.96,3.07,2.71,52.9,-0.452,18.23,18.66,02a58061o0159o
58061.260869,-19.79,0.835,-44,37,o,0,0.98,322.90582,-36.39568,1150.37,1880.23,2.48,2.19,47.1,-0.562,18.38,18.63,02a58061o0170o
58061.265437,21.864,5.143,6,34,o,0,1.25,322.90582,-36.39568,1166.56,1762.83,2.94,2.59,52.4,-0.474,18.3,18.62,02a58061o0180o
58063.268651,-21.639,4.562,-8,37,o,0,1.64,322.90582,-36.39568,7453.66,7577.43,3.63,3.05,-78.6,-0.424,18.42,19.26,01a58063o0195o
58063.276492,21.164,3.837,12,48,o,0,1.2,322.90582,-36.39568,7468.93,7647.81,3.66,3.04,-82.2,-0.425,18.33,19.19,01a58063o0212o
58063.284295,-19.074,0.521,-85,44,o,0,1.13,322.90582,-36.39568,7420.53,7600.4,3.55,2.9,-80.4,-0.442,18.36,19.12,01a58063o0229o
58063.292235,-23.113,27.375,-2,56,o,0,0.91,322.90582,-36.39568,7388.42,7747.57,3.69,3.04,-80.0,-0.428,18.24,19.06,01a58063o0246o
58067.270158,-20.698,1.051,-19,20,o,0,1.21,322.90582,-36.39568,1332.19,7074.08,3.16,2.61,-86.6,-0.456,18.92,20.02,01a58067o0187o
58067.277975,21.37,1.936,10,20,o,0,1.22,322.90582,-36.39568,1347.21,7142.02,3.37,2.79,-86.2,-0.431,18.91,20.03,01a58067o0204o
58067.285761,-20.588,1.038,-21,22,o,0,1.28,322.90582,-36.39568,1298.86,7095.33,3.69,3.18,-89.6,-0.404,18.77,19.99,01a58067o0221o
58067.29358,-18.938,0.284,-97,28,o,0,1.04,322.90582,-36.39568,1266.12,7242.25,4.07,3.48,-85.5,-0.371,18.64,19.92,01a58067o0238o
58071.257073,-20.208,0.696,-30,21,o,0,1.05,322.90582,-36.39568,1450.23,9499.27,3.75,3.12,-88.9,-0.415,18.91,20.26,01a58071o0078o
58071.263947,23.373,12.833,2,21,o,0,1.01,322.90582,-36.39568,1465.33,9565.86,3.74,3.14,-85.6,-0.422,18.91,20.21,01a58071o0093o
58071.271291,21.799,3.217,7,22,o,0,1.04,322.90582,-36.39568,1418.0,9517.69,3.95,3.31,-89.4,-0.406,18.83,20.19,01a58071o0109o
58071.279105,-20.718,1.2,-19,22,o,0,1.03,322.90582,-36.39568,1385.33,9666.57,4.03,3.37,89.5,-0.398,18.82,20.15,01a58071o0126o
58073.271014,20.979,0.932,15,14,c,0,1.03,322.90582,-36.39568,9829.63,4400.87,3.04,2.82,84.6,-0.448,19.37,21.07,02a58073o0053c
58073.278833,21.322,1.32,11,14,c,0,1.28,322.90582,-36.39568,9845.66,4283.32,3.04,2.87,85.3,-0.436,19.34,21.0,02a58073o0070c
58075.246108,20.782,1.222,18,22,o,0,1.02,322.90582,-36.39568,9650.09,9465.16,4.53,3.37,-78.3,-0.355,18.89,20.39,01a58075o0146o
58075.253907,-18.924,0.201,-98,20,o,0,1.41,322.90582,-36.39568,9664.67,9535.81,4.6,3.53,-77.6,-0.338,18.9,20.42,01a58075o0163o
58075.256681,-19.348,0.335,-66,22,o,0,1.16,322.90582,-36.39568,107.69,9644.22,4.17,3.66,-84.7,-0.376,18.96,20.54,01a58075o0169o
58075.261267,-22.569,6.556,-3,22,o,0,0.93,322.90582,-36.39568,9613.59,9484.47,4.76,3.77,-77.9,-0.331,18.81,20.38,01a58075o0179o
58075.264488,-20.81,1.372,-17,24,o,0,1.26,322.90582,-36.39568,121.86,9712.87,4.41,4.12,86.0,-0.353,18.82,20.45,01a58075o0186o
58075.26909,20.26,0.938,29,27,o,0,0.85,322.90582,-36.39568,9580.67,9630.97,5.03,4.23,-72.2,-0.304,18.67,20.31,01a58075o0196o
58075.272311,-22.027,6.0,-6,34,o,0,0.76,322.90582,-36.39568,72.55,9666.32,4.27,3.67,-89.5,-0.382,18.87,20.42,01a58075o0203o
58075.280118,20.932,2.429,15,37,o,0,0.8,322.90582,-36.39568,53.38,9813.44,4.31,3.85,-88.5,-0.369,18.81,20.36,01a58075o0220o
58079.231856,-21.37,1.871,-10,19,o,0,1.27,322.90582,-36.39568,10267.47,8589.19,4.77,3.3,-82.3,-0.326,18.84,20.3,01a58079o0113o
58079.238736,20.216,0.697,30,21,o,0,0.98,322.90582,-36.39568,10297.94,8656.79,4.82,3.32,-81.3,-0.311,18.8,20.31,01a58079o0128o
58079.241034,22.848,7.375,3,19,o,0,1.29,322.90582,-36.39568,756.7,8713.13,4.31,3.57,-87.6,-0.344,18.84,20.43,01a58079o0133o
58079.245626,20.1,0.642,33,21,o,0,1.02,322.90582,-36.39568,10230.93,8604.0,4.61,3.19,-80.8,-0.334,18.84,20.31,01a58079o0143o
58079.247919,-20.71,1.05,-19,20,o,0,1.26,322.90582,-36.39568,771.6,8778.09,4.12,3.49,87.0,-0.364,18.89,20.43,01a58079o0148o
58079.252503,-23.317,13.0,-2,22,o,0,0.92,322.90582,-36.39568,10214.43,8746.48,4.72,3.4,-81.4,-0.325,18.8,20.34,01a58079o0158o
58079.254802,20.722,1.127,19,21,o,0,1.01,322.90582,-36.39568,707.15,8728.81,4.34,3.61,-87.8,-0.344,18.86,20.47,01a58079o0163o
58079.261674,20.681,1.211,19,24,o,0,0.88,322.90582,-36.39568,690.47,8871.63,4.32,3.62,86.9,-0.351,18.91,20.52,01a58079o0178o
58095.225102,20.15,0.803,32,25,o,0,0.87,322.90582,-36.39568,1404.64,8886.41,3.36,2.88,-85.3,-0.431,18.83,19.96,01a58095o0096o
58095.231521,-21.066,1.83,-14,25,o,0,1.02,322.90582,-36.39568,1417.26,8947.91,3.56,3.09,-83.1,-0.407,18.77,19.99,01a58095o0110o
58095.237964,23.721,20.5,1,24,o,0,1.32,322.90582,-36.39568,1366.24,8894.25,3.82,3.28,-81.6,-0.404,18.69,19.97,01a58095o0124o
58095.244836,21.163,1.938,12,24,o,0,1.17,322.90582,-36.39568,1331.98,9035.88,3.55,3.01,-85.1,-0.412,18.81,20.1,01a58095o0139o
58097.209862,-19.626,0.378,-51,19,o,0,0.88,322.90582,-36.39568,1181.32,2180.52,2.37,2.15,58.7,-0.475,19.0,19.91,02a58097o0009o
58097.216821,-23.303,9.083,-2,16,o,0,1.17,322.90582,-36.39568,1166.41,2140.83,2.49,2.27,61.4,-0.474,19.0,19.99,02a58097o0024o
58097.223715,-22.636,4.81,-3,15,o,0,1.16,322.90582,-36.39568,1232.11,2219.74,2.55,2.31,52.2,-0.456,19.0,20.0,02a58097o0039o
58097.230126,20.359,0.625,26,16,o,0,1.73,322.90582,-36.39568,1247.61,2102.17,2.77,2.51,55.4,-0.471,18.87,20.05,02a58097o0053o
58099.201926,-18.705,0.356,-120,42,o,0,0.84,322.90582,-36.39568,9154.48,9129.48,3.88,3.12,-85.0,-0.394,18.39,19.37,01a58099o0045o
58099.208881,-20.934,1.596,-15,24,o,0,1.37,322.90582,-36.39568,9168.25,9194.84,3.89,2.97,-83.1,-0.409,18.7,19.81,01a58099o0060o
58099.215839,-20.781,1.491,-18,26,o,0,1.05,322.90582,-36.39568,9101.52,9141.07,4.22,3.37,-83.8,-0.37,18.58,19.83,01a58099o0075o
58099.222751,19.77,0.592,45,26,o,0,1.24,322.90582,-36.39568,9083.01,9282.59,4.22,3.23,-83.4,-0.385,18.57,19.77,01a58099o0090o
58245.595744,-19.325,0.63,-68,43,o,0,1.83,322.90582,-36.39568,7459.28,7879.5,2.32,2.25,4.9,-0.463,18.14,18.49,02a58245o0795o
58245.599878,-18.239,0.484,-184,89,o,0,0.88,322.90582,-36.39568,7489.02,7919.79,2.3,2.23,9.0,-0.486,18.18,18.54,02a58245o0804o
58245.609458,20.405,1.608,25,40,o,0,0.96,322.90582,-36.39568,7425.42,7842.32,2.29,2.2,-3.7,-0.438,18.36,18.73,02a58245o0825o
58245.622729,20.966,6.817,15,102,o,0,1.44,322.90582,-36.39568,7407.73,7960.79,2.29,2.23,7.1,-0.554,18.02,18.3,02a58245o0854o
58250.613903,-20.814,0.76,-17,13,c,0,1.53,322.90582,-36.39568,1161.89,7636.12,2.7,2.58,38.6,-0.441,19.23,20.69,02a58250o0807c
58250.622177,-22.037,7.0,-6,39,c,0,0.94,322.90582,-36.39568,1176.0,7675.92,2.69,2.59,27.9,-0.442,18.24,19.11,02a58250o0825c
58255.582203,-19.36,0.561,-66,37,o,0,0.87,322.90582,-36.39568,2846.19,2557.69,3.22,3.0,15.2,-0.422,18.19,19.59,01a58255o0500o
58255.590711,-19.911,0.654,-39,26,o,0,1.3,322.90582,-36.39568,2800.94,2494.59,3.11,2.86,19.3,-0.434,18.63,20.03,01a58255o0517o
58255.598566,-19.628,0.449,-51,23,o,0,0.93,322.90582,-36.39568,2852.6,2550.12,3.27,2.93,12.9,-0.431,18.82,20.25,01a58255o0534o
58255.606494,-20.213,0.714,-30,21,o,0,1.46,322.90582,-36.39568,2855.56,2410.15,3.26,2.93,7.1,-0.43,18.69,20.05,01a58255o0551o
58257.583223,-21.966,2.179,-6,13,c,0,1.08,322.90582,-36.39568,10048.7,7308.43,3.14,2.86,54.7,-0.419,19.44,21.28,02a58257o0758c
58257.59652,-21.246,0.841,-12,10,c,0,1.38,322.90582,-36.39568,10079.45,7351.26,2.93,2.7,52.1,-0.416,19.51,21.35,02a58257o0787c
58257.601549,-21.272,0.987,-11,11,c,0,0.79,322.90582,-36.39568,550.51,7305.41,2.58,2.54,3.0,-0.401,19.49,21.3,02a58257o0798c
58257.603376,21.32,0.901,11,10,c,0,1.33,322.90582,-36.39568,566.09,7344.15,2.61,2.53,27.2,-0.406,19.49,21.28,02a58257o0802c
58257.605202,-20.361,0.434,-26,11,c,0,1.2,322.90582,-36.39568,10013.29,7271.43,2.84,2.62,54.5,-0.421,19.55,21.28,02a58257o0806c
58257.610773,20.633,0.664,20,14,c,0,1.09,322.90582,-36.39568,9997.19,7388.62,2.87,2.65,57.2,-0.424,19.38,20.94,02a58257o0818c
58257.613055,-18.873,0.139,-103,14,c,0,1.18,322.90582,-36.39568,500.31,7268.9,2.73,2.57,-31.7,-0.382,19.12,20.6,02a58257o0823c
58257.625992,-18.152,0.762,-199,152,c,0,1.63,322.90582,-36.39568,482.17,7387.61,2.56,2.52,-45.2,-0.442,16.81,17.68,02a58257o0851c
58259.581692,22.973,6.556,2,15,o,0,1.29,322.90582,-36.39568,2945.11,3012.91,3.52,3.26,12.9,-0.408,18.96,20.53,01a58259o0757o
58259.589513,-20.721,0.87,-19,16,o,0,1.17,322.90582,-36.39568,2914.79,2950.49,3.31,3.19,49.1,-0.417,19.02,20.58,01a58259o0774o
58259.597341,20.809,0.932,17,16,o,0,1.14,322.90582,-36.39568,2966.55,3004.61,3.33,3.09,62.7,-0.423,19.01,20.54,01a58259o0791o
58259.6052,-20.507,0.717,-23,16,o,0,1.05,322.90582,-36.39568,2970.4,2863.45,3.36,3.24,69.8,-0.414,18.93,20.41,01a58259o0808o
58261.57723,20.849,0.875,17,14,o,0,1.08,322.90582,-36.39568,9963.07,6355.7,2.21,2.12,34.3,-0.46,19.34,20.34,02a58261o0765o
58261.581338,21.366,1.189,10,12,o,0,1.26,322.90582,-36.39568,459.58,6358.1,2.17,2.11,11.0,-0.417,19.23,20.35,02a58261o0774o
58261.583618,-21.281,1.295,-11,14,o,0,0.99,322.90582,-36.39568,9978.53,6396.19,2.34,2.18,47.7,-0.466,19.32,20.4,02a58261o0779o
58261.595087,-23.68,10.1,-1,12,o,0,1.37,322.90582,-36.39568,9898.32,6433.71,2.34,2.15,58.0,-0.463,19.41,20.52,02a58261o0804o
58261.596913,20.616,0.657,21,14,o,0,0.85,322.90582,-36.39568,9913.32,6318.66,2.33,2.18,57.9,-0.454,19.38,20.51,02a58261o0808o
58261.598295,21.066,0.876,14,12,o,0,1.12,322.90582,-36.39568,471.23,6396.67,2.16,2.04,12.6,-0.427,19.4,20.49,02a58261o0811o
58261.605729,21.035,0.832,14,12,o,0,0.99,322.90582,-36.39568,406.59,6322.2,2.05,1.92,1.1,-0.429,19.35,20.45,02a58261o0827o
58261.613988,20.691,0.782,19,15,o,0,1.25,322.90582,-36.39568,389.41,6439.58,2.09,1.9,9.2,-0.41,19.05,19.8,02a58261o0845o
58263.575338,21.401,6.357,10,64,o,0,1.09,322.90582,-36.39568,1636.92,4394.33,3.16,2.82,2.4,-0.451,17.79,19.14,01a58263o0733o
58263.583157,-18.822,0.275,-108,30,o,0,0.84,322.90582,-36.39568,1606.84,4331.08,2.94,2.89,23.3,-0.455,18.48,19.9,01a58263o0750o
58263.590965,20.573,0.809,21,17,o,0,1.19,322.90582,-36.39568,1645.04,4385.19,2.93,2.87,28.5,-0.453,18.88,20.33,01a58263o0767o
58263.598796,19.243,1.264,73,92,o,0,1.15,322.90582,-36.39568,1665.8,4243.59,2.93,2.88,5.3,-0.441,16.9,18.21,01a58263o0784o
58273.552022,22.8,44.25,3,122,o,0,1.29,322.90582,-36.39568,9626.2,7612.84,2.3,2.15,15.5,-0.441,16.75,17.51,02a58273o0680o
58273.562137,17.198,0.582,480,279,o,0,0.99,322.90582,-36.39568,124.85,7638.07,2.35,1.94,-18.1,-0.414,16.36,16.65,02a58273o0702o
58273.5652,16.989,0.36,581,209,o,0,2.7,322.90582,-36.39568,9653.54,7654.12,2.31,2.24,-2.8,-0.378,16.09,16.69,02a58273o0708o
58273.567029,16.955,0.663,600,397,o,0,1.51,322.90582,-36.39568,9590.4,7573.59,2.31,2.3,-1.2,-0.435,16.83,17.33,02a58273o0712o
58273.568856,-20.344,2.543,-26,67,o,0,1.39,322.90582,-36.39568,75.97,7601.26,2.16,1.82,-17.0,-0.414,17.06,17.59,02a58273o0716o
58273.569314,-20.747,8.14,-18,148,o,0,0.9,322.90582,-36.39568,138.64,7676.89,2.27,1.89,-18.0,-0.515,17.03,17.67,02a58273o0717o
58273.574853,-20.015,0.857,-36,31,o,0,1.95,322.90582,-36.39568,9572.66,7691.5,2.22,2.14,22.4,-0.45,17.98,18.63,02a58273o0729o
58273.585473,21.267,2.252,11,26,o,0,2.08,322.90582,-36.39568,53.36,7719.76,2.15,1.93,-8.1,-0.409,18.55,18.96,02a58273o0749o
58275.544588,-20.678,1.337,-19,26,o,0,0.97,322.90582,-36.39568,420.36,2512.41,3.16,3.0,23.5,-0.428,18.72,19.84,01a58275o0688o
58275.552434,-19.642,0.512,-50,26,o,0,1.05,322.90582,-36.39568,393.17,2448.54,3.37,3.18,32.3,-0.401,18.71,19.89,01a58275o0705o
58275.555666,-20.018,0.727,-36,26,o,0,1.01,322.90582,-36.39568,9949.78,2427.87,3.96,2.88,-88.1,-0.442,18.72,19.79,01a58275o0712o
58275.560298,-21.081,1.86,-13,25,o,0,1.0,322.90582,-36.39568,447.52,2503.35,3.32,3.13,50.5,-0.418,18.75,19.94,01a58275o0722o
58275.563525,-19.918,0.667,-39,26,o,0,1.0,322.90582,-36.39568,9923.28,2364.32,3.97,2.94,-89.1,-0.428,18.71,19.84,01a58275o0729o
58275.568135,24.324,36.0,1,24,o,0,0.82,322.90582,-36.39568,452.08,2360.74,3.25,3.07,24.9,-0.411,18.78,19.96,01a58275o0739o
58275.571373,20.858,1.492,16,25,o,0,0.92,322.90582,-36.39568,9976.68,2414.06,3.86,2.89,-88.6,-0.438,18.76,19.88,01a58275o0746o
58275.57924,-22.01,4.571,-6,26,o,0,0.73,322.90582,-36.39568,9983.77,2270.74,3.96,2.96,88.9,-0.429,18.78,19.94,01a58275o0763o
58279.545852,-20.693,0.842,-19,16,o,0,1.52,322.90582,-36.39568,1084.53,3487.34,3.06,2.88,11.0,-0.436,18.82,20.25,01a58279o0664o
58279.553696,21.301,1.633,11,18,o,0,0.94,322.90582,-36.39568,1057.63,3421.69,3.1,3.01,12.0,-0.422,19.09,20.56,01a58279o0681o
58279.561561,20.822,0.987,17,17,o,0,1.16,322.90582,-36.39568,1096.6,3474.11,2.96,2.9,21.0,-0.453,18.94,20.43,01a58279o0698o
58279.569407,-21.332,1.792,-11,19,o,0,0.95,322.90582,-36.39568,1102.35,3330.72,3.0,2.87,11.0,-0.438,19.01,20.52,01a58279o0715o
58281.544148,-21.187,0.783,-12,10,c,0,1.31,322.90582,-36.39568,8558.4,8128.98,2.87,2.76,47.2,-0.394,19.58,21.5,02a58281o0610c
58281.551964,20.956,0.604,15,9,c,0,1.46,322.90582,-36.39568,8571.93,8169.03,2.81,2.62,52.0,-0.408,19.6,21.52,02a58281o0627c
58281.559792,20.493,0.451,23,10,c,0,1.08,322.90582,-36.39568,8521.9,8091.94,2.77,2.63,59.7,-0.411,19.59,21.51,02a58281o0644c
58281.567605,20.543,0.44,22,10,c,0,1.24,322.90582,-36.39568,8488.85,8209.31,2.72,2.59,58.2,-0.403,19.64,21.5,02a58281o0661c
58283.54251,20.769,1.014,18,18,o,0,0.83,322.90582,-36.39568,732.14,2259.55,3.42,3.25,67.8,-0.414,19.01,20.63,01a58283o0634o
58283.550349,20.173,0.6,31,19,o,0,1.22,322.90582,-36.39568,713.65,2220.63,3.6,3.49,58.9,-0.406,18.95,20.66,01a58283o0651o
58283.553576,-23.97,21.333,-1,20,o,0,0.9,322.90582,-36.39568,10258.46,2129.04,4.13,3.37,-84.1,-0.395,19.06,20.65,01a58283o0658o
58283.558187,-21.245,1.533,-12,18,o,0,0.88,322.90582,-36.39568,777.83,2300.81,3.4,3.31,74.6,-0.418,19.03,20.66,01a58283o0668o
58283.561422,20.113,0.642,33,21,o,0,0.95,322.90582,-36.39568,10240.89,2089.25,3.91,3.3,-84.0,-0.427,18.97,20.66,01a58283o0675o
58283.566037,-23.342,10.0,-2,17,o,0,1.32,322.90582,-36.39568,791.22,2185.16,3.63,3.42,45.6,-0.41,18.97,20.7,01a58283o0685o
58283.569272,-20.691,0.983,-19,19,o,0,1.37,322.90582,-36.39568,10304.28,2163.73,4.08,3.36,-84.2,-0.433,19.01,20.72,01a58283o0692o
58283.577114,-21.36,2.111,-10,22,o,0,0.93,322.90582,-36.39568,10319.96,2045.71,4.61,3.72,-84.7,-0.392,18.86,20.66,01a58283o0709o
58285.544123,21.255,0.942,11,11,c,0,1.11,322.90582,-36.39568,7428.57,8517.43,2.75,2.69,55.6,-0.398,19.53,21.33,02a58285o0653c
58285.549203,21.177,0.875,12,11,c,0,0.79,322.90582,-36.39568,7459.44,8555.4,2.65,2.57,73.8,-0.408,19.58,21.35,02a58285o0664c
58285.557048,19.88,0.259,41,10,c,0,1.15,322.90582,-36.39568,7394.72,8478.73,2.63,2.55,79.4,-0.406,19.61,21.39,02a58285o0681c
58285.564857,-21.638,1.143,-8,9,c,0,1.52,322.90582,-36.39568,7376.05,8597.09,2.57,2.5,57.1,-0.418,19.65,21.42,02a58285o0698c
58291.531353,-20.825,1.0,-17,17,o,0,1.22,322.90582,-36.39568,3075.36,2103.19,3.87,3.49,4.7,-0.401,18.92,20.65,01a58291o0629o
58291.538259,21.774,2.357,7,17,o,0,0.96,322.90582,-36.39568,3104.44,2142.83,3.38,3.31,17.9,-0.417,19.02,20.7,01a58291o0644o
58291.539642,22.191,3.381,5,16,o,0,1.03,322.90582,-36.39568,3056.49,2064.93,3.2,3.11,24.2,-0.437,19.09,20.71,01a58291o0647o
58291.546547,-21.235,1.312,-12,15,o,0,1.34,322.90582,-36.39568,3132.4,2027.59,3.32,3.22,19.3,-0.427,19.06,20.69,01a58291o0662o
58293.546044,-21.594,1.923,-8,16,o,0,1.11,322.90582,-36.39568,9857.73,6621.65,2.37,2.16,60.1,-0.493,19.14,20.01,02a58293o0594o
58293.559956,22.95,5.529,2,13,o,0,1.22,322.90582,-36.39568,574.91,3775.76,2.44,2.3,22.3,-0.473,19.23,20.48,02a58293o0624o
58293.564735,20.819,0.741,17,13,o,0,0.81,322.90582,-36.39568,362.98,6626.78,2.27,2.06,41.4,-0.414,19.38,20.45,02a58293o0634o
58293.572735,23.05,4.905,2,11,o,0,1.4,322.90582,-36.39568,637.66,3849.97,2.16,1.92,20.4,-0.47,19.4,20.5,02a58293o0651o
58293.578489,-20.814,0.579,-17,10,o,0,1.68,322.90582,-36.39568,371.87,6664.31,2.3,2.1,40.3,-0.419,19.4,20.5,02a58293o0662o
58293.588335,20.744,0.722,18,13,o,0,0.91,322.90582,-36.39568,304.19,6590.75,2.32,2.18,-0.7,-0.386,19.35,20.61,02a58293o0682o
58293.590818,21.244,1.153,12,13,o,0,0.97,322.90582,-36.39568,655.09,3732.62,2.26,2.08,26.0,-0.481,19.37,20.55,02a58293o0687o
58293.599881,-20.335,0.456,-27,12,o,0,1.34,322.90582,-36.39568,10163.47,3730.8,2.34,2.3,-52.1,-0.469,19.35,20.59,02a58293o0706o
58295.50049,-20.738,2.028,-18,37,o,0,1.39,322.90582,-36.39568,8956.8,2461.23,3.81,3.0,-86.1,-0.418,18.23,19.09,01a58295o0548o
58295.507915,19.921,1.026,39,40,o,0,1.08,322.90582,-36.39568,8941.06,2421.95,4.64,3.37,-88.3,-0.383,18.1,19.14,01a58295o0564o
58295.515311,-20.617,1.658,-21,34,o,0,1.23,322.90582,-36.39568,9007.53,2497.13,3.76,3.22,-84.3,-0.41,18.2,19.18,01a58295o0580o
58295.520943,19.816,0.832,43,36,o,0,1.37,322.90582,-36.39568,9024.14,2380.56,3.71,3.08,-86.7,-0.416,18.27,19.21,01a58295o0592o
58305.497613,-19.676,0.3,-49,15,o,0,1.56,322.90582,-36.39568,10493.94,7217.99,2.43,2.14,53.3,-0.476,19.25,20.28,02a58305o0200o
58305.504931,21.354,1.474,10,15,o,0,0.95,322.90582,-36.39568,996.64,7181.03,2.17,2.03,28.9,-0.474,19.25,20.21,02a58305o0216o
58305.507677,20.386,0.898,25,23,o,0,1.32,322.90582,-36.39568,10506.65,7258.24,2.59,2.17,54.9,-0.492,19.25,20.23,02a58305o0222o
58305.509049,-21.269,1.289,-11,14,o,0,1.02,322.90582,-36.39568,10458.27,7179.11,2.48,2.13,56.0,-0.48,19.25,20.23,02a58305o0225o
58305.514537,20.977,1.034,15,15,o,0,1.12,322.90582,-36.39568,1009.34,7220.49,2.33,2.19,31.6,-0.46,19.19,20.19,02a58305o0237o
58305.518655,-21.349,1.494,-10,16,o,0,1.0,322.90582,-36.39568,10438.23,7296.22,2.41,2.15,51.7,-0.475,19.24,20.2,02a58305o0246o
58305.521396,-21.176,1.356,-12,17,o,0,0.7,322.90582,-36.39568,929.38,7260.29,2.3,2.08,37.7,-0.459,19.26,20.2,02a58305o0252o
58305.527794,-20.714,0.847,-19,16,o,0,1.17,322.90582,-36.39568,942.03,7142.88,2.7,2.58,40.0,-0.437,19.02,20.16,02a58305o0266o
58309.497145,21.537,1.25,9,11,c,0,0.99,322.90582,-36.39568,9212.64,9756.86,2.61,2.33,52.4,-0.427,19.63,21.38,02a58309o0550c
58309.502176,-20.341,0.397,-26,10,c,0,1.51,322.90582,-36.39568,9230.24,9795.16,2.5,2.35,45.1,-0.425,19.64,21.37,02a58309o0561c
58309.511949,20.649,0.611,20,12,c,0,1.17,322.90582,-36.39568,1369.05,835.75,2.71,2.31,47.6,-0.492,19.64,21.41,02a58309o0582c
58309.527229,26.02,78.0,0,11,c,0,1.02,322.90582,-36.39568,9139.96,9832.48,2.55,2.36,45.7,-0.42,19.66,21.41,02a58309o0615c
58309.530886,22.356,1.103,4,5,c,0,0.85,322.90582,-36.39568,2636.37,30.83,2.56,2.31,54.1,-0.389,19.57,21.37,02a58309o0623c
58311.502914,21.405,1.63,10,16,o,0,1.07,322.90582,-36.39568,3245.52,4444.79,2.95,2.63,-0.7,-0.468,19.05,20.35,01a58311o0540o
58311.508905,-21.506,1.82,-9,16,o,0,0.95,322.90582,-36.39568,3276.47,4484.73,2.79,2.74,-2.2,-0.48,19.05,20.34,01a58311o0553o
58311.511209,20.592,0.925,21,20,o,0,0.77,322.90582,-36.39568,3229.08,4407.84,2.91,2.9,-12.4,-0.461,18.99,20.38,01a58311o0558o
58311.519033,-19.823,0.364,-43,16,o,0,0.81,322.90582,-36.39568,3306.31,4369.88,2.74,2.73,-17.6,-0.482,19.05,20.37,01a58311o0575o
58313.479619,-22.065,5.308,-5,29,c,0,1.21,322.90582,-36.39568,8472.49,9496.18,2.94,2.57,55.7,-0.407,18.65,20.37,02a58313o0158c
58313.492923,20.57,1.952,22,42,c,0,1.11,322.90582,-36.39568,8482.92,9535.49,2.87,2.59,61.0,-0.396,17.22,18.9,02a58313o0187c
58313.501165,-21.17,2.875,-12,36,c,0,1.44,322.90582,-36.39568,8416.69,9453.54,2.81,2.54,60.3,-0.417,17.03,18.68,02a58313o0205c
58313.504823,-20.822,28.75,-17,490,c,0,0.93,322.90582,-36.39568,8400.91,9572.11,2.83,2.6,55.8,-0.416,16.28,17.96,02a58313o0213c
58315.491652,21.839,2.269,7,15,o,0,1.03,322.90582,-36.39568,8909.5,3428.7,3.47,3.27,-81.4,-0.406,19.08,20.78,01a58315o0405o
58315.497174,20.631,0.775,20,16,o,0,1.09,322.90582,-36.39568,8893.97,3391.77,3.7,2.99,-88.3,-0.423,19.13,20.78,01a58315o0417o
58315.513331,20.541,0.728,22,16,o,0,1.26,322.90582,-36.39568,8942.0,3468.53,3.8,3.2,-87.1,-0.406,19.05,20.72,01a58315o0451o
58315.522082,20.694,0.929,19,18,o,0,0.95,322.90582,-36.39568,8972.52,3351.42,3.73,3.25,-84.9,-0.413,19.05,20.68,01a58315o0470o
58319.478336,-20.485,1.091,-23,25,o,0,1.32,322.90582,-36.39568,959.05,2595.19,3.15,2.69,-6.8,-0.439,18.48,19.83,01a58319o0514o
58319.480635,-20.455,1.258,-24,30,o,0,1.03,322.90582,-36.39568,10464.26,2445.93,3.83,2.69,-87.5,-0.464,18.72,20.03,01a58319o0519o
58319.486435,-22.981,10.714,-2,25,o,0,1.26,322.90582,-36.39568,9665.19,7990.01,3.58,2.65,-80.1,-0.441,18.7,20.14,01a58319o0531o
58319.49082,22.249,13.0,5,60,o,0,0.78,322.90582,-36.39568,10443.27,2406.83,3.85,2.7,-88.8,-0.466,18.13,19.46,01a58319o0540o
58319.492662,20.85,3.214,17,53,o,0,1.19,322.90582,-36.39568,985.16,2637.76,2.88,2.86,54.8,-0.464,17.89,19.2,01a58319o0544o
58319.503296,-20.397,1.451,-25,37,o,0,0.88,322.90582,-36.39568,1002.69,2522.99,3.18,2.71,-8.9,-0.43,18.11,19.52,01a58319o0566o
58319.506059,-18.943,0.738,-96,71,o,0,0.86,322.90582,-36.39568,10512.63,2483.78,3.35,2.78,-83.9,-0.473,18.26,19.54,01a58319o0572o
58319.511582,-20.464,5.5,-24,130,o,0,0.99,322.90582,-36.39568,10526.03,2366.26,3.88,2.72,-88.7,-0.466,17.74,19.1,01a58319o0584o
58321.457934,-21.543,1.813,-9,16,o,0,1.06,322.90582,-36.39568,8853.44,6723.19,2.31,2.19,-37.0,-0.418,19.12,19.89,02a58321o0466o
58321.463878,22.855,6.04,3,16,o,0,1.33,322.90582,-36.39568,8869.91,6762.83,2.09,2.08,-42.9,-0.472,19.19,19.93,02a58321o0479o
58321.472141,-20.556,0.721,-22,16,o,0,0.86,322.90582,-36.39568,8790.37,6797.68,2.04,2.03,-17.1,-0.458,19.2,19.96,02a58321o0497o
58321.478085,-19.287,0.163,-70,11,o,0,1.45,322.90582,-36.39568,8800.68,6682.94,2.25,2.06,-38.2,-0.405,19.21,20.02,02a58321o0510o
58323.447813,17.056,3.0,546,1639,o,0,1.12,322.90582,-36.39568,9101.62,2724.87,4.12,3.18,-87.8,-0.495,14.71,15.38,01a58323o0430o
58331.447311,-23.087,16.444,-2,35,o,0,0.87,322.90582,-36.39568,1257.0,3569.97,3.24,2.99,-4.9,-0.42,18.38,19.39,01a58331o0366o
58331.450993,20.346,1.162,26,31,o,0,1.2,322.90582,-36.39568,1239.04,3533.77,3.22,3.11,83.1,-0.431,18.48,19.5,01a58331o0374o
58331.461156,19.393,0.478,64,30,o,0,1.37,322.90582,-36.39568,1282.67,3612.76,3.45,3.35,83.3,-0.435,18.32,19.46,01a58331o0395o
58331.474418,-20.845,2.281,-17,38,o,0,1.09,322.90582,-36.39568,9268.04,7050.21,3.71,2.89,-82.4,-0.425,18.4,19.54,01a58331o0422o
58333.528738,20.799,1.25,17,22,c,0,1.47,322.90582,-36.39568,2696.94,973.16,3.35,2.98,49.2,-0.415,18.79,20.16,02a58333o0623c
58333.537064,-19.209,0.251,-75,19,c,0,1.35,322.90582,-36.39568,2682.5,933.75,3.15,2.86,53.2,-0.414,18.77,20.12,02a58333o0641c
58333.545383,19.861,0.507,41,21,c,0,1.54,322.90582,-36.39568,2730.82,1013.6,3.11,2.8,53.1,-0.419,18.81,20.08,02a58333o0659c
58333.553718,20.008,0.535,36,19,c,0,1.67,322.90582,-36.39568,2746.82,896.88,2.91,2.58,51.4,-0.443,18.86,20.03,02a58333o0677c
58337.438902,-20.691,0.547,-19,10,c,0,0.89,322.90582,-36.39568,8075.72,8007.45,2.61,2.59,-80.3,-0.412,19.6,21.33,02a58337o0442c
58337.448242,-21.48,0.921,-9,9,c,0,1.35,322.90582,-36.39568,2472.02,2504.01,2.64,2.52,53.8,-0.396,19.59,21.38,02a58337o0462c
58337.460974,-18.954,0.082,-95,8,c,0,1.35,322.90582,-36.39568,2550.26,2462.52,2.65,2.57,76.4,-0.385,19.56,21.38,02a58337o0489c
58337.462804,20.522,0.458,22,10,c,0,1.02,322.90582,-36.39568,2518.55,2580.31,2.63,2.52,56.9,-0.393,19.56,21.37,02a58337o0493c
58341.443695,20.6,0.5,21,10,c,0,1.24,322.90582,-36.39568,9343.72,3119.53,2.65,2.52,87.7,-0.431,19.65,21.49,02a58341o0459c
58341.455024,20.302,0.352,28,10,c,0,1.13,322.90582,-36.39568,9374.39,3152.37,2.68,2.53,88.3,-0.437,19.61,21.5,02a58341o0483c
58341.457309,21.064,0.828,14,11,c,0,0.97,322.90582,-36.39568,9326.27,3075.81,2.75,2.58,-81.1,-0.413,19.61,21.5,02a58341o0488c
58341.466353,-22.201,1.844,-5,9,c,0,1.45,322.90582,-36.39568,9407.58,3035.73,2.62,2.46,-82.2,-0.444,19.63,21.48,02a58341o0507c
58343.437449,-20.567,0.875,-22,19,o,0,1.2,322.90582,-36.39568,1538.94,7635.33,4.67,3.86,-6.5,-0.357,18.77,20.74,01a58343o0162o
58343.442979,-23.228,9.8,-2,18,o,0,1.29,322.90582,-36.39568,1522.08,7594.69,4.38,3.88,-6.9,-0.368,18.79,20.72,01a58343o0174o
58343.452241,20.841,1.353,17,23,o,0,1.01,322.90582,-36.39568,1471.55,7558.23,4.96,4.67,5.3,-0.34,18.71,20.7,01a58343o0193o
58343.458229,-22.05,3.6,-6,20,o,0,1.05,322.90582,-36.39568,1455.11,7673.75,4.24,3.95,-89.7,-0.372,18.89,20.68,01a58343o0206o
58345.434179,19.154,0.925,79,73,c,0,0.72,322.90582,-36.39568,9292.56,1677.05,2.77,2.62,79.0,-0.438,17.58,19.28,02a58345o0440c
58345.444238,-18.92,1.396,-98,137,c,0,1.58,322.90582,-36.39568,9276.4,1640.73,2.7,2.53,88.9,-0.433,16.64,18.32,02a58345o0462c
58345.45652,19.563,1.878,54,102,c,0,1.09,322.90582,-36.39568,9354.79,1595.34,2.57,2.4,-80.3,-0.444,17.13,18.78,02a58345o0488c
58345.45835,-19.434,1.295,-61,79,c,0,0.65,322.90582,-36.39568,9322.13,1714.31,2.6,2.41,-75.2,-0.459,17.5,19.17,02a58345o0492c
58347.41074,-21.608,1.486,-8,12,o,0,1.64,322.90582,-36.39568,2192.61,4414.53,3.17,3.03,78.0,-0.441,19.15,20.95,01a58347o0289o
58347.421355,21.439,1.415,10,14,o,0,1.16,322.90582,-36.39568,8416.0,6170.14,3.54,2.9,-84.4,-0.427,19.21,20.94,01a58347o0311o
58347.423654,23.22,6.375,2,12,o,0,1.57,322.90582,-36.39568,8352.95,6092.19,3.57,2.85,-84.0,-0.423,19.21,20.92,01a58347o0316o
58347.431536,-22.525,4.083,-4,14,o,0,1.38,322.90582,-36.39568,8328.25,6208.57,3.89,3.43,-80.3,-0.382,19.08,20.87,01a58347o0332o
58351.449567,19.12,1.653,82,135,o,0,0.81,322.90582,-36.39568,1293.54,8477.06,3.81,3.18,-8.9,-0.405,17.43,18.44,01a58351o0412o
58351.459769,-18.592,1.182,-133,157,o,0,0.75,322.90582,-36.39568,1308.95,8514.71,4.33,3.13,-5.6,-0.398,17.36,18.36,01a58351o0434o
58351.469496,-20.141,2.625,-32,84,o,0,1.01,322.90582,-36.39568,1243.09,8439.73,3.43,3.27,-48.7,-0.428,17.82,18.76,01a58351o0455o
58351.479694,19.543,1.386,55,77,o,0,1.15,322.90582,-36.39568,1227.27,8556.59,3.58,3.07,-83.0,-0.432,17.85,18.89,01a58351o0477o
58361.387461,-20.926,1.112,-16,17,o,0,1.12,322.90582,-36.39568,1174.43,1107.46,2.22,1.93,38.1,-0.564,19.17,19.99,02a58361o0292o
58361.392057,-21.388,1.687,-10,17,o,0,1.39,322.90582,-36.39568,1158.45,1068.41,2.29,2.07,52.2,-0.532,19.07,19.96,02a58361o0302o
58361.403956,-19.035,0.144,-88,13,o,0,1.4,322.90582,-36.39568,1206.76,1148.47,2.03,1.83,45.4,-0.561,19.11,19.89,02a58361o0328o
58361.413557,21.137,1.569,13,20,o,0,0.69,322.90582,-36.39568,1239.03,1033.05,2.25,1.9,38.0,-0.538,19.1,19.86,02a58361o0349o
58363.386643,21.014,1.618,14,23,o,0,0.95,322.90582,-36.39568,10319.29,6875.13,4.79,3.47,-83.7,-0.365,18.89,20.56,01a58363o0287o
58363.39033,20.211,0.67,30,20,o,0,0.97,322.90582,-36.39568,826.37,7073.46,3.38,3.03,-89.8,-0.411,18.86,20.52,01a58363o0295o
58363.39171,-19.951,0.633,-38,24,o,0,1.02,322.90582,-36.39568,10334.9,6912.56,4.26,3.09,-83.8,-0.424,18.87,20.48,01a58363o0298o
58363.396778,-19.004,0.195,-91,18,o,0,1.35,322.90582,-36.39568,810.59,7034.28,3.14,2.95,-88.5,-0.436,18.9,20.47,01a58363o0309o
58363.400461,21.499,2.517,9,23,o,0,1.13,322.90582,-36.39568,10255.77,6948.26,3.99,2.92,-84.4,-0.439,18.91,20.38,01a58363o0317o
58363.402306,21.815,3.0,7,20,o,0,1.25,322.90582,-36.39568,10268.63,6832.13,4.01,3.0,-84.0,-0.441,18.88,20.37,01a58363o0321o
58363.404607,20.209,0.629,30,19,o,0,0.87,322.90582,-36.39568,761.07,6996.22,2.91,2.74,-77.2,-0.446,18.93,20.4,01a58363o0326o
58363.411051,20.121,0.531,32,17,o,0,1.83,322.90582,-36.39568,741.73,7112.78,3.04,2.71,-84.9,-0.434,18.88,20.3,01a58363o0340o
58367.378787,21.182,1.13,12,14,o,0,1.1,322.90582,-36.39568,7464.98,7437.73,3.55,2.81,-82.1,-0.426,19.32,20.98,01a58367o0355o
58367.386643,20.56,0.736,22,16,o,0,0.91,322.90582,-36.39568,7480.79,7475.58,3.72,2.97,-84.0,-0.415,19.24,20.96,01a58367o0372o
58367.392635,-22.502,3.333,-4,12,o,0,1.44,322.90582,-36.39568,7431.95,7396.6,3.17,2.77,-80.9,-0.435,19.3,20.97,01a58367o0385o
58367.399544,-22.321,3.0,-4,13,o,0,1.23,322.90582,-36.39568,7417.53,7511.41,3.34,2.8,-80.6,-0.433,19.29,20.98,01a58367o0400o
58369.372027,21.199,1.088,12,13,o,0,0.9,322.90582,-36.39568,161.99,3742.85,1.99,1.78,23.0,-0.474,19.44,20.55,02a58369o0344o
58369.379857,21.25,0.72,12,8,o,0,2.13,322.90582,-36.39568,131.04,3704.65,2.02,1.81,23.2,-0.493,19.43,20.53,02a58369o0361o
58369.383079,-22.441,3.212,-4,12,o,0,0.92,322.90582,-36.39568,9656.26,3772.49,2.26,2.15,-59.1,-0.452,19.38,20.55,02a58369o0368o
58369.387666,21.309,0.868,11,9,o,0,0.99,322.90582,-36.39568,195.21,3786.49,1.98,1.78,20.9,-0.48,19.4,20.5,02a58369o0378o
58369.390891,-22.637,3.7,-3,12,o,0,1.46,322.90582,-36.39568,9641.85,3739.33,2.07,2.02,84.3,-0.497,19.43,20.52,02a58369o0385o
58369.394122,21.192,0.664,12,8,o,0,1.55,322.90582,-36.39568,210.23,3673.09,1.95,1.84,24.2,-0.455,19.37,20.46,02a58369o0392o
58369.397322,21.993,1.98,6,12,o,0,1.35,322.90582,-36.39568,9703.65,3813.94,2.22,2.13,-65.9,-0.456,19.36,20.47,02a58369o0399o
58369.407843,-21.931,1.86,-6,11,o,0,1.64,322.90582,-36.39568,9721.13,3697.91,2.34,2.2,-76.5,-0.435,19.26,20.39,02a58369o0422o
58371.366664,21.089,1.22,13,16,o,0,1.26,322.90582,-36.39568,10476.08,6821.1,4.71,3.1,-82.5,-0.395,19.21,20.96,01a58371o0334o
58371.377293,23.178,8.714,2,17,o,0,1.22,322.90582,-36.39568,10426.12,6779.71,4.16,2.88,-82.9,-0.439,19.19,20.87,01a58371o0357o
58371.379133,20.075,0.711,34,24,o,0,0.81,322.90582,-36.39568,10490.7,6858.63,4.82,3.29,-81.5,-0.386,19.17,20.89,01a58371o0361o
58371.381435,-24.428,23.333,-1,14,o,0,0.95,322.90582,-36.39568,965.71,6969.54,3.16,2.83,-87.5,-0.437,19.17,20.9,01a58371o0366o
58371.385582,21.468,1.65,9,16,o,0,1.02,322.90582,-36.39568,980.69,7007.57,3.35,3.13,-83.8,-0.414,19.14,20.89,01a58371o0375o
58371.389264,-19.799,0.445,-44,20,o,0,0.93,322.90582,-36.39568,10410.37,6894.95,4.75,3.61,-80.9,-0.349,19.11,20.85,01a58371o0383o
58371.395258,22.102,2.808,5,15,o,0,0.94,322.90582,-36.39568,902.0,7048.27,3.01,2.94,-21.9,-0.426,19.18,20.82,01a58371o0396o
58371.397565,-22.344,3.045,-4,13,o,0,1.32,322.90582,-36.39568,915.71,6931.51,2.99,2.78,-9.6,-0.44,19.19,20.82,01a58371o0401o
58377.385762,-25.962,106.0,0,16,o,0,0.85,322.90582,-36.39568,1342.91,2930.71,2.55,2.35,37.9,-0.453,19.21,20.42,02a58377o0380o
58377.395971,23.926,9.625,1,9,o,0,2.13,322.90582,-36.39568,1312.6,2890.67,2.29,2.13,45.3,-0.469,19.34,20.52,02a58377o0402o
58377.405678,21.443,1.253,10,12,o,0,1.09,322.90582,-36.39568,1376.75,2969.71,2.12,1.98,51.3,-0.466,19.39,20.48,02a58377o0423o
58377.415888,22.116,2.095,5,11,o,0,1.38,322.90582,-36.39568,1392.29,2855.36,2.3,2.16,70.2,-0.444,19.26,20.49,02a58377o0445o
58379.376252,22.551,8.9,4,31,o,0,0.96,322.90582,-36.39568,8755.07,8705.27,4.64,3.53,-79.2,-0.324,18.63,19.77,01a58379o0360o
58379.386495,-20.12,1.013,-32,33,o,0,1.12,322.90582,-36.39568,8769.84,8743.53,4.86,4.11,-73.8,-0.298,18.49,19.74,01a58379o0382o
58379.396218,-20.971,2.432,-15,36,o,0,1.14,322.90582,-36.39568,8719.47,8663.96,4.37,3.44,-82.2,-0.358,18.43,19.62,01a58379o0403o
58379.406456,20.281,1.851,28,52,o,0,1.0,322.90582,-36.39568,8704.61,8780.92,4.88,3.5,-81.1,-0.329,18.15,19.15,01a58379o0425o
58381.356954,23.303,15.158,2,26,o,0,0.9,322.90582,-36.39568,2875.81,956.87,2.03,1.82,53.2,-0.504,18.59,18.91,02a58381o0215o
58381.366184,-21.199,2.0,-12,24,o,0,1.68,322.90582,-36.39568,2845.38,921.56,2.11,1.83,38.0,-0.549,18.59,18.88,02a58381o0234o
58381.375468,-20.802,1.555,-17,27,o,0,1.55,322.90582,-36.39568,2909.88,1001.22,2.15,1.89,32.9,-0.554,18.56,18.88,02a58381o0254o
58381.385127,-19.741,0.528,-46,24,o,0,1.38,322.90582,-36.39568,2925.96,884.29,2.19,1.88,31.7,-0.533,18.57,18.86,02a58381o0275o
58387.404745,21.41,6.794,10,67,o,0,1.08,322.90582,-36.39568,9326.2,8574.94,4.17,3.06,-82.6,-0.407,18.21,19.0,01a58387o0363o
58389.332658,-17.315,0.354,-430,152,o,0,1.32,322.90582,-36.39568,221.91,695.23,2.46,1.97,44.2,-0.595,16.95,17.23,02a58389o0193o
58389.339677,19.008,1.148,91,104,o,0,1.26,322.90582,-36.39568,205.45,656.0,2.27,1.83,35.8,-0.584,17.38,17.85,02a58389o0208o
58389.343872,-19.452,1.724,-60,104,o,0,1.23,322.90582,-36.39568,9757.43,726.86,2.48,2.36,66.8,-0.49,17.64,18.26,02a58389o0217o
58389.345263,22.851,112.25,3,295,o,0,1.17,322.90582,-36.39568,6639.16,10514.13,2.86,2.57,51.7,-0.414,16.18,16.76,02a58389o0220o
58389.346634,17.931,0.539,244,132,o,0,1.69,322.90582,-36.39568,253.56,737.29,2.28,1.9,47.3,-0.612,16.94,17.47,02a58389o0223o
58389.350846,17.378,0.772,406,314,o,0,0.86,322.90582,-36.39568,9741.94,689.25,2.29,2.22,54.4,-0.518,17.16,17.63,02a58389o0232o
58389.353608,-18.033,4.395,-222,976,o,0,0.77,322.90582,-36.39568,267.72,622.05,2.23,1.89,70.5,-0.354,14.66,15.19,02a58389o0238o
58389.364649,19.13,18.892,81,1529,o,0,1.39,322.90582,-36.39568,9821.78,651.34,2.18,2.01,-89.5,-0.447,14.08,14.07,02a58389o0262o
58391.328554,-20.634,1.043,-20,21,o,0,1.29,322.90582,-36.39568,9936.36,7902.58,4.29,3.11,-80.9,-0.378,19.0,20.4,01a58391o0278o
58391.335466,-21.72,2.657,-8,20,o,0,0.91,322.90582,-36.39568,417.97,8090.17,3.17,2.91,-74.1,-0.391,18.94,20.32,01a58391o0293o
58391.338229,-20.927,1.339,-16,21,o,0,1.08,322.90582,-36.39568,9951.36,7939.79,3.87,2.76,-81.8,-0.427,18.97,20.17,01a58391o0299o
58391.33961,19.736,0.432,46,20,o,0,1.23,322.90582,-36.39568,9886.04,7861.95,3.9,2.84,-81.1,-0.417,18.92,20.13,01a58391o0302o
58391.346522,-20.433,0.867,-24,21,o,0,0.99,322.90582,-36.39568,432.64,8128.04,3.29,2.93,-76.9,-0.387,18.82,20.09,01a58391o0317o
58391.349288,-20.778,1.356,-18,24,o,0,0.97,322.90582,-36.39568,9871.33,7977.08,3.78,2.74,-82.0,-0.433,18.85,20.0,01a58391o0323o
58391.358964,-19.924,0.51,-39,20,o,0,1.2,322.90582,-36.39568,382.65,8050.3,2.94,2.74,-63.3,-0.414,18.75,19.92,01a58391o0344o
58391.359884,19.861,0.51,41,21,o,0,1.6,322.90582,-36.39568,351.93,8169.85,3.23,2.83,-79.9,-0.398,18.77,19.92,01a58391o0346o
58393.324351,21.129,1.075,13,14,o,0,0.93,322.90582,-36.39568,432.14,4121.81,2.07,1.95,25.5,-0.443,19.25,20.24,02a58393o0271o
58393.331248,21.172,1.026,12,13,o,0,1.19,322.90582,-36.39568,417.15,4081.97,2.16,2.05,31.0,-0.438,19.26,20.3,02a58393o0286o
58393.33537,-20.072,0.432,-34,15,o,0,1.13,322.90582,-36.39568,9923.8,4134.86,2.22,2.15,-73.5,-0.462,19.27,20.33,02a58393o0295o
58393.338135,20.413,0.498,25,12,o,0,1.3,322.90582,-36.39568,464.08,4161.52,2.05,1.96,33.9,-0.455,19.23,20.2,02a58393o0301o
58393.340422,20.49,0.649,23,15,o,0,0.7,322.90582,-36.39568,480.12,4046.71,2.08,1.97,34.6,-0.456,19.16,20.12,02a58393o0306o
58393.34408,20.588,0.734,21,16,o,0,0.96,322.90582,-36.39568,9908.59,4098.1,2.2,2.14,-79.5,-0.478,19.22,20.18,02a58393o0314o
58393.355055,-22.43,3.241,-4,13,o,0,1.85,322.90582,-36.39568,9973.13,4175.0,2.21,2.13,-71.5,-0.476,19.14,20.12,02a58393o0338o
58393.35597,22.811,5.1,3,14,o,0,1.58,322.90582,-36.39568,9988.56,4057.18,2.31,2.2,-69.0,-0.441,19.14,20.16,02a58393o0340o
58395.31817,23.699,20.25,1,24,o,0,1.0,322.90582,-36.39568,9750.5,6657.83,3.67,2.75,-84.2,-0.447,18.85,20.2,01a58395o0203o
58395.325091,21.766,2.958,7,21,o,0,1.05,322.90582,-36.39568,9782.24,6696.56,3.79,2.8,-82.5,-0.441,18.91,20.33,01a58395o0218o
58395.329235,-22.588,5.059,-3,17,o,0,0.98,322.90582,-36.39568,260.2,6854.94,2.8,2.56,-72.7,-0.436,18.98,20.42,01a58395o0227o
58395.332002,-22.243,4.375,-5,20,o,0,1.01,322.90582,-36.39568,9716.85,6617.85,3.79,2.73,-83.1,-0.445,18.97,20.36,01a58395o0233o
58395.336155,-23.224,9.111,-2,17,o,0,1.02,322.90582,-36.39568,275.34,6892.73,2.97,2.68,-76.5,-0.425,18.98,20.48,01a58395o0242o
58395.338924,21.493,1.722,9,16,o,0,1.79,322.90582,-36.39568,9702.22,6732.26,3.53,2.69,-81.3,-0.455,19.0,20.44,01a58395o0248o
58395.343067,-20.983,0.975,-15,14,o,0,1.23,322.90582,-36.39568,210.04,6817.53,2.83,2.52,-82.0,-0.435,19.08,20.57,01a58395o0257o
58395.349974,21.22,1.19,12,14,o,0,1.42,322.90582,-36.39568,194.81,6933.75,2.85,2.58,-78.5,-0.425,19.05,20.61,01a58395o0272o
58401.312452,-22.206,2.692,-5,13,c,0,1.53,322.90582,-36.39568,2077.64,2246.92,2.82,2.55,51.8,-0.407,19.4,21.1,02a58401o0252c
58401.320295,23.805,8.857,1,10,c,0,1.33,322.90582,-36.39568,2062.43,2208.41,2.73,2.54,58.4,-0.397,19.45,21.14,02a58401o0269c
58401.328121,-20.765,0.667,-18,12,c,0,0.92,322.90582,-36.39568,2127.08,2287.96,2.67,2.51,68.3,-0.397,19.42,21.12,02a58401o0286c
58401.335935,21.379,0.87,10,9,c,0,1.47,322.90582,-36.39568,2143.22,2171.86,2.65,2.44,63.3,-0.409,19.51,21.2,02a58401o0303c
58403.336894,-20.097,0.786,-33,26,o,0,0.76,322.90582,-36.39568,8373.88,6395.27,3.7,2.97,-85.4,-0.416,18.74,20.0,01a58403o0282o
58403.346667,20.187,0.963,31,29,o,0,1.04,322.90582,-36.39568,8389.42,6433.73,4.53,3.65,-85.6,-0.379,18.59,19.99,01a58403o0303o
58403.356498,-21.453,2.231,-10,21,o,0,1.08,322.90582,-36.39568,8323.69,6355.13,3.52,2.9,-85.5,-0.439,18.79,20.02,01a58403o0324o
58403.365792,-19.947,0.633,-38,24,o,0,0.92,322.90582,-36.39568,8308.03,6472.16,3.76,3.05,-85.6,-0.427,18.74,20.07,01a58403o0344o
58405.325657,21.461,1.309,10,12,c,0,0.88,322.90582,-36.39568,2882.07,2093.99,2.59,2.36,56.4,-0.412,19.54,21.08,02a58405o0220c
58405.335921,20.922,0.736,16,11,c,0,0.89,322.90582,-36.39568,2866.84,2055.02,2.59,2.37,63.8,-0.414,19.52,21.15,02a58405o0242c
58405.345237,-21.236,1.052,-12,12,c,0,0.82,322.90582,-36.39568,2930.23,2134.39,2.66,2.44,60.3,-0.418,19.5,21.14,02a58405o0262c
58409.313652,-18.824,0.587,-107,63,o,0,1.15,322.90582,-36.39568,9038.72,1804.71,2.33,2.07,-62.4,-0.445,17.55,18.18,02a58409o0266o
58409.323038,-20.39,1.812,-25,46,o,0,0.79,322.90582,-36.39568,9024.12,1768.33,2.39,2.13,-69.2,-0.468,18.14,18.35,02a58409o0286o
58409.33228,18.22,1.345,187,252,o,0,1.07,322.90582,-36.39568,9072.45,1847.55,2.34,2.2,82.6,-0.484,16.38,16.3,02a58409o0306o
58409.342532,-18.592,1.913,-133,254,o,0,1.33,322.90582,-36.39568,9107.74,1730.01,2.41,2.12,-73.3,-0.398,15.9,15.63,02a58409o0328o
58413.322167,-22.126,5.182,-5,26,o,0,1.25,322.90582,-36.39568,3226.67,2175.19,2.29,2.15,66.9,-0.414,18.41,18.7,02a58413o0268o
58413.33008,21.05,2.398,14,33,o,0,0.75,322.90582,-36.39568,3211.56,2136.21,2.28,2.12,64.9,-0.429,18.39,18.68,02a58413o0285o
58413.337931,-20.461,1.2,-24,28,o,0,0.95,322.90582,-36.39568,3274.21,2195.71,2.28,2.15,69.8,-0.423,18.34,18.64,02a58413o0302o
58413.345821,-21.966,4.63,-6,28,o,0,1.05,322.90582,-36.39568,3289.99,2079.57,2.37,2.24,77.2,-0.426,18.3,18.59,02a58413o0319o
58417.25344,20.81,1.164,17,20,o,0,1.34,322.90582,-36.39568,2833.01,1401.45,2.18,1.91,43.3,-0.493,18.74,19.15,02a58417o0124o
58417.263255,23.48,15.364,2,23,o,0,1.01,322.90582,-36.39568,2816.71,1362.39,2.48,2.26,64.9,-0.433,18.63,19.11,02a58417o0145o
58417.273305,-19.948,0.559,-38,21,o,0,1.42,322.90582,-36.39568,2879.21,1442.02,2.36,2.19,69.4,-0.431,18.56,19.06,02a58417o0166o
58417.283274,-20.308,0.814,-27,22,o,0,1.18,322.90582,-36.39568,2894.13,1326.22,2.36,2.16,63.2,-0.446,18.59,19.03,02a58417o0187o
58425.31254,21.814,1.971,7,14,c,0,1.05,322.90582,-36.39568,9329.93,1078.58,2.95,2.78,-78.9,-0.411,19.34,21.03,02a58425o0250c
58425.321424,-23.095,6.7,-2,14,c,0,1.05,322.90582,-36.39568,9299.52,1042.0,2.98,2.85,79.7,-0.428,19.36,20.99,02a58425o0269c
58425.330706,-23.833,15.2,-1,16,c,0,0.87,322.90582,-36.39568,9362.3,1119.9,2.98,2.88,82.3,-0.416,19.33,20.89,02a58425o0289c
58425.33951,-19.146,0.184,-80,15,c,0,1.12,322.90582,-36.39568,9378.73,1002.26,2.97,2.87,-78.2,-0.418,19.25,20.84,02a58425o0308c
58427.286563,22.368,6.3,4,26,o,0,0.98,322.90582,-36.39568,10412.21,9672.8,5.2,3.56,-76.9,-0.341,18.83,20.2,01a58427o0164o
58427.294912,-20.691,1.434,-19,28,o,0,0.75,322.90582,-36.39568,10442.37,9714.15,4.9,3.14,-76.7,-0.388,18.8,20.15,01a58427o0182o
58427.297257,21.371,2.023,10,21,o,0,1.11,322.90582,-36.39568,881.94,9820.52,3.33,2.91,-84.4,-0.466,18.98,20.24,01a58427o0187o
58427.304747,-20.202,0.958,-30,29,o,0,0.88,322.90582,-36.39568,10375.21,9635.81,5.45,3.51,-77.0,-0.334,18.76,20.03,01a58427o0203o
58427.306591,21.101,1.579,13,21,o,0,1.25,322.90582,-36.39568,896.78,9859.07,3.26,2.8,-85.7,-0.48,18.92,20.12,01a58427o0207o
58427.313575,20.502,1.241,23,28,o,0,1.26,322.90582,-36.39568,10358.85,9753.56,5.4,3.43,-76.0,-0.35,18.76,19.94,01a58427o0222o
58427.315909,-20.162,0.705,-31,22,o,0,1.15,322.90582,-36.39568,832.13,9780.85,3.06,2.68,-81.8,-0.484,18.88,20.05,01a58427o0227o
58427.325664,21.933,4.0,6,24,o,0,1.22,322.90582,-36.39568,816.21,9898.28,3.16,2.79,-84.9,-0.479,18.81,20.0,01a58427o0248o
58429.287201,22.268,2.129,4,10,c,0,1.37,322.90582,-36.39568,297.23,3606.98,2.56,2.42,55.8,-0.42,19.38,20.94,02a58429o0219c
58429.296131,-21.483,1.306,-9,12,c,0,0.99,322.90582,-36.39568,282.58,3567.5,2.59,2.43,58.1,-0.419,19.35,20.88,02a58429o0238c
58429.300338,21.351,1.213,10,13,c,0,1.26,322.90582,-36.39568,9804.59,3635.04,2.78,2.6,-70.3,-0.431,19.38,20.98,02a58429o0247c
58429.305512,23.645,9.0,1,11,c,0,1.23,322.90582,-36.39568,346.66,3647.48,2.63,2.49,60.5,-0.412,19.27,20.8,02a58429o0258c
58429.309207,20.969,0.827,15,12,c,0,1.19,322.90582,-36.39568,9789.91,3598.09,2.79,2.66,-77.3,-0.449,19.33,20.88,02a58429o0266c
58429.313913,-20.692,0.636,-19,12,c,0,1.04,322.90582,-36.39568,364.14,3530.72,2.58,2.49,47.3,-0.44,19.21,20.72,02a58429o0276c
58429.318644,-19.039,0.155,-88,14,c,0,1.29,322.90582,-36.39568,9853.03,3675.26,2.75,2.61,-62.8,-0.447,19.32,20.82,02a58429o0286c
58429.327429,20.818,0.988,17,17,c,0,0.98,322.90582,-36.39568,9868.75,3558.63,2.89,2.72,-60.4,-0.439,19.24,20.78,02a58429o0305c
58431.27903,-21.308,1.619,-11,18,o,0,1.34,322.90582,-36.39568,8625.47,6462.52,3.77,2.92,-81.4,-0.427,19.03,20.47,01a58431o0174o
58431.28689,20.361,0.81,26,21,o,0,0.99,322.90582,-36.39568,8637.24,6532.17,4.18,3.57,-85.6,-0.354,18.8,20.44,01a58431o0191o
58431.29567,-20.055,0.705,-34,24,o,0,1.03,322.90582,-36.39568,8569.32,6486.67,4.84,4.09,-84.4,-0.347,18.71,20.4,01a58431o0210o
58431.30446,-22.918,10.2,-2,25,o,0,1.26,322.90582,-36.39568,8550.79,6635.08,5.03,4.31,-86.6,-0.36,18.65,20.35,01a58431o0229o
58433.301189,-18.502,1.03,-144,149,c,0,1.37,322.90582,-36.39568,2401.16,1960.06,3.46,3.22,70.7,-0.366,16.79,18.68,02a58433o0226c
58435.256836,20.623,1.167,20,24,o,0,0.9,322.90582,-36.39568,1625.09,6875.96,3.11,2.72,-86.0,-0.456,18.87,20.08,01a58435o0164o
58435.266082,-20.606,1.029,-21,21,o,0,1.13,322.90582,-36.39568,1640.31,6950.44,3.11,2.65,-88.8,-0.468,18.88,20.06,01a58435o0184o
58435.275315,-23.118,11.667,-2,24,o,0,1.01,322.90582,-36.39568,1574.78,6910.65,3.3,2.91,89.9,-0.449,18.83,20.04,01a58435o0204o
58435.284573,20.641,0.988,20,20,o,0,1.44,322.90582,-36.39568,1557.11,7062.26,3.45,2.94,-84.5,-0.443,18.78,20.04,01a58435o0224o
58441.259088,19.103,4.429,83,367,o,0,0.96,322.90582,-36.39568,519.19,2404.76,2.42,2.19,50.1,-0.462,16.31,17.17,02a58441o0168o
58441.266966,19.089,1.595,84,134,o,0,0.6,322.90582,-36.39568,504.71,2365.51,2.25,1.99,71.1,-0.535,17.09,17.89,02a58441o0185o
58441.269752,20.293,14.333,28,398,o,0,0.99,322.90582,-36.39568,10038.71,2418.36,2.63,2.41,-49.2,-0.489,15.3,16.1,02a58441o0191o
58441.274373,18.305,1.156,173,200,o,0,0.77,322.90582,-36.39568,570.39,2445.67,2.18,1.96,50.6,-0.405,16.73,17.62,02a58441o0201o
58441.277152,19.261,1.165,72,84,o,0,0.79,322.90582,-36.39568,10023.61,2380.67,2.5,2.36,-78.0,-0.432,16.54,17.53,02a58441o0207o
58443.253976,-19.024,0.622,-89,56,o,0,0.95,322.90582,-36.39568,9236.04,8176.8,4.16,2.8,-79.7,-0.417,18.36,19.17,01a58443o0158o
58443.261848,20.372,2.25,26,58,o,0,0.95,322.90582,-36.39568,9248.78,8244.96,4.11,3.25,-77.8,-0.396,18.1,19.11,01a58443o0175o
58443.269671,-19.373,0.889,-65,58,o,0,1.17,322.90582,-36.39568,9180.81,8194.88,3.77,2.98,-79.0,-0.436,18.19,19.05,01a58443o0192o
58443.277535,-19.301,0.902,-69,62,o,0,1.2,322.90582,-36.39568,9161.62,8339.67,4.39,3.03,-82.5,-0.395,18.13,18.99,01a58443o0209o
58447.252351,20.177,1.521,31,47,o,0,1.43,322.90582,-36.39568,9391.72,8424.31,4.51,3.12,-80.0,-0.387,18.27,19.17,01a58447o0136o
58447.260239,20.762,3.448,18,62,o,0,0.92,322.90582,-36.39568,9403.93,8492.36,4.33,3.05,-80.6,-0.402,18.17,19.03,01a58447o0153o
58447.26763,-19.898,1.6,-40,64,o,0,1.34,322.90582,-36.39568,9334.2,8439.14,4.5,3.17,-81.6,-0.392,18.09,18.92,01a58447o0169o
58449.244731,-21.726,1.909,-7,14,o,0,0.67,322.90582,-36.39568,2187.55,1790.07,2.17,1.93,80.1,-0.457,19.18,20.17,02a58449o0149o
58449.253095,20.449,0.629,24,15,o,0,1.2,322.90582,-36.39568,2173.2,1750.29,2.29,2.03,87.1,-0.434,19.12,20.14,02a58449o0167o
58449.260919,20.903,0.984,16,16,o,0,1.34,322.90582,-36.39568,2237.03,1829.89,2.27,1.99,88.5,-0.433,19.03,20.06,02a58449o0184o
58449.269312,-22.284,3.821,-4,17,o,0,1.41,322.90582,-36.39568,2253.94,1713.96,2.23,2.01,63.3,-0.472,18.92,20.05,02a58449o0202o
58451.243354,21.151,1.886,13,24,o,0,1.23,322.90582,-36.39568,9264.4,9429.1,4.02,2.99,-79.3,-0.433,18.78,20.08,01a58451o0137o
58451.25171,-21.756,3.261,-7,24,o,0,1.19,322.90582,-36.39568,9275.93,9498.71,4.23,3.15,-77.8,-0.416,18.77,20.07,01a58451o0155o
58451.259102,-20.971,2.0,-15,30,o,0,0.95,322.90582,-36.39568,9221.38,9445.02,4.87,3.44,-77.9,-0.363,18.75,20.1,01a58451o0171o
58455.223191,-22.338,4.474,-4,19,o,0,0.9,322.90582,-36.39568,10308.5,8090.47,3.65,2.53,-83.6,-0.435,19.04,20.35,01a58455o0070o
58455.230605,20.65,0.97,20,19,o,0,0.95,322.90582,-36.39568,10335.03,8157.36,4.39,2.89,-81.5,-0.395,18.97,20.31,01a58455o0086o
58455.231984,-21.781,2.158,-7,15,o,0,1.04,322.90582,-36.39568,1074.85,8199.75,2.87,2.64,-75.2,-0.457,19.06,20.44,01a58455o0089o
58455.238027,-21.751,3.167,-7,23,o,0,0.84,322.90582,-36.39568,10263.12,8104.09,4.54,2.84,-82.5,-0.39,18.94,20.26,01a58455o0102o
58455.23942,-21.989,2.786,-6,16,o,0,1.48,322.90582,-36.39568,1085.71,8264.11,3.2,2.69,-89.0,-0.437,19.05,20.42,01a58455o0105o
58455.245455,22.523,6.182,4,22,o,0,1.04,322.90582,-36.39568,10243.84,8247.43,4.6,3.03,-80.9,-0.374,18.89,20.25,01a58455o0118o
58455.246837,22.115,2.704,5,14,o,0,1.65,322.90582,-36.39568,1034.89,8214.45,3.03,2.55,-86.7,-0.455,19.07,20.39,01a58455o0121o
58455.254248,20.686,0.98,19,19,o,0,1.09,322.90582,-36.39568,1017.16,8357.46,3.03,2.6,-85.9,-0.449,19.04,20.36,01a58455o0137o
58459.207317,-19.672,0.365,-49,18,o,0,1.22,322.90582,-36.39568,8125.55,2238.48,3.23,3.11,-6.5,-0.399,18.93,20.3,01a58459o0055o
58459.215229,21.71,1.971,8,15,o,0,1.75,322.90582,-36.39568,8138.43,2307.25,3.16,2.96,-75.6,-0.412,18.96,20.33,01a58459o0072o
58459.222649,20.283,0.672,28,19,o,0,1.17,322.90582,-36.39568,8073.67,2257.32,3.18,3.16,-35.9,-0.406,18.88,20.21,01a58459o0088o
58459.230055,-21.11,1.345,-13,18,o,0,1.13,322.90582,-36.39568,8054.19,2400.98,3.31,2.99,-81.6,-0.414,18.88,20.24,01a58459o0104o
58461.198104,-23.082,10.889,-2,23,c,0,1.17,322.90582,-36.39568,2366.55,6430.4,3.24,3.13,-89.2,-0.392,18.5,19.86,02a58461o0030c
58461.203784,21.325,1.667,11,18,c,0,1.17,322.90582,-36.39568,2351.56,6390.43,3.76,3.68,73.8,-0.387,18.76,20.55,02a58461o0042c
58461.211384,-22.687,5.4,-3,16,c,0,1.26,322.90582,-36.39568,2415.2,6468.43,3.6,3.54,-75.9,-0.382,18.87,20.81,02a58461o0058c
58461.219509,21.03,1.324,14,19,c,0,1.35,322.90582,-36.39568,2432.43,6351.95,4.03,3.93,-87.4,-0.387,18.71,20.83,02a58461o0075c
58463.197469,21.125,6.517,13,84,o,0,1.16,322.90582,-36.39568,8117.88,8056.71,3.52,3.08,-83.7,-0.415,17.59,18.55,01a58463o0012o
58463.203034,18.476,1.278,148,189,o,0,1.09,322.90582,-36.39568,8132.36,8115.08,3.89,3.31,-84.5,-0.397,16.57,17.58,01a58463o0024o
58463.21055,-18.542,3.133,-139,436,o,0,1.14,322.90582,-36.39568,8082.32,8062.73,4.23,3.4,-82.0,-0.395,15.49,16.7,01a58463o0040o
58463.218409,18.574,5.523,135,746,o,0,0.98,322.90582,-36.39568,8064.45,8207.38,4.6,3.83,-83.9,-0.352,16.03,17.27,01a58463o0057o
58465.200589,21.698,4.867,8,37,o,0,0.99,322.90582,-36.39568,10010.74,8342.7,2.33,2.1,53.7,-0.477,18.66,19.13,02a58465o0041o
58465.207814,-19.065,0.266,-86,23,o,0,1.14,322.90582,-36.39568,9977.95,8304.12,2.52,2.29,63.4,-0.448,18.82,19.56,02a58465o0056o
58465.216015,-20.795,1.159,-18,20,o,0,1.47,322.90582,-36.39568,10043.78,8381.71,2.41,2.2,60.9,-0.48,18.82,19.61,02a58465o0073o
58465.224056,20.028,0.763,35,27,o,0,1.18,322.90582,-36.39568,10061.58,8264.84,2.76,2.5,55.2,-0.483,18.64,19.57,02a58465o0090o
58467.198789,-20.289,1.195,-28,33,o,0,1.16,322.90582,-36.39568,2556.53,2348.46,3.27,2.91,-3.1,-0.429,18.21,19.03,01a58467o0032o
58467.204819,20.932,1.521,15,23,o,0,1.29,322.90582,-36.39568,2585.14,2407.83,3.16,2.86,-0.9,-0.436,18.64,19.63,01a58467o0045o
58467.212733,-21.718,3.357,-8,25,o,0,1.16,322.90582,-36.39568,2517.23,2358.95,3.51,3.25,-5.4,-0.394,18.56,19.75,01a58467o0062o
58609.624914,19.715,0.592,47,28,c,0,1.25,322.90582,-36.39568,8137.75,2165.07,2.8,2.73,41.4,-0.379,18.17,19.21,02a58609o0734c
58611.627303,18.542,0.817,139,114,o,0,0.96,322.90582,-36.39568,9677.61,3839.68,3.68,3.4,-8.5,-0.419,16.98,17.72,01a58611o0791o
58611.629198,19.357,2.56,66,168,o,0,1.23,322.90582,-36.39568,9657.84,3800.59,3.59,3.23,-7.8,-0.473,16.55,17.19,01a58611o0795o
58617.568669,-19.777,0.302,-45,14,o,0,1.17,322.90582,-36.39568,875.27,6666.74,2.16,2.03,-3.4,-0.444,19.17,20.07,02a58617o0389o
58617.571411,-22.203,2.833,-5,14,o,0,1.56,322.90582,-36.39568,894.28,6704.43,2.13,2.05,13.8,-0.449,19.15,20.09,02a58617o0395o
58617.578197,-21.069,1.066,-14,14,o,0,1.1,322.90582,-36.39568,834.4,6627.42,2.16,2.08,-3.4,-0.415,19.22,20.15,02a58617o0409o
58617.592857,-19.026,0.155,-89,14,o,0,0.76,322.90582,-36.39568,815.3,6744.79,2.01,1.88,-40.1,-0.439,19.37,20.33,02a58617o0440o
58619.554687,-19.743,0.93,-46,43,o,0,0.9,322.90582,-36.39568,808.84,1988.65,3.12,2.91,1.3,-0.448,18.3,19.18,01a58619o0684o
58619.557452,-20.751,2.549,-18,46,o,0,0.87,322.90582,-36.39568,788.71,1949.47,3.5,3.07,-2.9,-0.414,18.24,19.21,01a58619o0690o
58619.562559,-19.958,1.042,-38,39,o,0,1.13,322.90582,-36.39568,847.74,2030.31,3.55,3.1,-8.3,-0.4,18.29,19.25,01a58619o0701o
58619.572772,20.979,2.328,15,34,o,0,1.37,322.90582,-36.39568,863.03,1914.29,3.17,2.95,-3.9,-0.445,18.45,19.43,01a58619o0723o
58619.574616,19.374,0.861,65,56,o,0,0.96,322.90582,-36.39568,10514.46,1818.38,3.86,3.07,-9.0,-0.394,18.25,19.32,01a58619o0727o
58621.574039,20.407,1.318,25,33,o,0,0.74,322.90582,-36.39568,2062.63,2274.03,2.12,1.9,38.6,-0.467,18.26,18.41,02a58621o0726o
58621.576914,-22.232,6.744,-5,31,o,0,0.77,322.90582,-36.39568,2082.45,2311.56,2.21,1.92,41.2,-0.445,18.22,18.44,02a58621o0732o
58621.582191,20.14,0.833,32,27,o,0,1.66,322.90582,-36.39568,2022.63,2234.08,2.01,1.98,64.4,-0.457,18.29,18.49,02a58621o0743o
58621.624849,23.168,37.684,2,74,o,0,0.6,322.90582,-36.39568,2037.42,2284.11,2.26,1.93,43.1,-0.454,17.49,17.33,02a58621o0832o
58623.538197,-19.778,1.587,-45,71,o,0,0.93,322.90582,-36.39568,812.29,1986.58,3.93,3.76,-12.8,-0.387,17.76,18.71,01a58623o0653o
58623.541417,-20.136,1.927,-32,62,o,0,1.05,322.90582,-36.39568,791.24,1946.7,3.6,3.4,-6.0,-0.42,17.91,18.76,01a58623o0660o
58623.546563,-19.747,1.188,-46,54,o,0,1.22,322.90582,-36.39568,850.57,2027.33,3.81,3.57,-14.3,-0.392,17.98,18.83,01a58623o0671o
58623.557291,20.927,3.187,16,49,o,0,1.22,322.90582,-36.39568,866.17,1911.24,3.21,3.06,-4.0,-0.432,18.08,18.84,01a58623o0694o
58623.56434,-21.243,7.125,-12,82,o,0,1.0,322.90582,-36.39568,10513.14,1816.98,3.7,3.33,-87.0,-0.413,18.02,18.85,01a58623o0709o
58623.621248,23.428,40.333,2,62,o,0,1.16,322.90582,-36.39568,824.53,1982.6,3.61,3.19,-16.6,-0.385,17.8,18.52,01a58623o0829o
58625.566777,20.003,0.648,36,24,o,0,1.5,322.90582,-36.39568,2060.58,2273.12,2.21,2.03,41.0,-0.459,18.48,18.84,02a58625o0701o
58625.570148,20.478,1.094,23,26,o,0,1.23,322.90582,-36.39568,2079.53,2310.85,2.24,2.14,38.6,-0.462,18.46,18.86,02a58625o0708o
58625.576392,19.813,0.564,43,24,o,0,1.15,322.90582,-36.39568,2018.6,2233.61,2.29,2.06,38.7,-0.44,18.49,18.9,02a58625o0721o
58625.585951,20.182,0.881,31,27,o,0,0.91,322.90582,-36.39568,2000.91,2349.33,2.33,1.97,39.2,-0.44,18.53,18.96,02a58625o0741o
58631.565063,19.091,0.214,84,18,o,0,1.13,322.90582,-36.39568,9865.6,5775.24,3.13,3.07,61.4,-0.435,19.01,20.36,01a58631o0643o
58631.567862,21.156,1.472,12,18,o,0,1.0,322.90582,-36.39568,9845.7,5737.5,3.22,3.07,74.2,-0.441,18.99,20.37,01a58631o0649o
58631.582063,-20.061,0.703,-34,24,o,0,1.05,322.90582,-36.39568,32.57,5906.64,2.78,2.71,-69.2,-0.441,19.09,20.5,01a58631o0679o
58631.582523,-18.745,0.131,-115,15,o,0,1.33,322.90582,-36.39568,9907.04,5809.49,3.01,2.95,76.1,-0.442,19.07,20.45,01a58631o0680o
58631.596269,-19.407,0.462,-63,29,o,0,1.02,322.90582,-36.39568,48.86,5791.04,3.27,2.88,80.8,-0.418,19.07,20.52,01a58631o0709o
58631.59673,20.166,0.626,31,20,o,0,0.74,322.90582,-36.39568,9923.45,5689.22,3.19,3.17,-76.7,-0.436,19.03,20.45,01a58631o0710o
58633.550483,20.407,0.489,25,12,c,0,1.07,322.90582,-36.39568,1917.94,8482.48,2.38,2.32,-13.0,-0.406,19.5,21.29,02a58633o0692c
58633.553324,-21.088,1.214,-13,16,c,0,1.57,322.90582,-36.39568,1936.53,8520.31,2.41,2.36,21.1,-0.405,19.37,21.17,02a58633o0698c
58633.562876,21.392,1.029,10,10,c,0,1.22,322.90582,-36.39568,1876.76,8442.36,2.5,2.45,-55.7,-0.398,19.52,21.31,02a58633o0718c
58633.576552,21.132,0.842,13,11,c,0,1.09,322.90582,-36.39568,1853.88,8558.79,2.41,2.36,-4.6,-0.406,19.57,21.31,02a58633o0747c
58635.54403,-21.855,2.593,-7,17,o,0,0.85,322.90582,-36.39568,6707.55,2192.07,3.54,2.94,-11.4,-0.412,19.16,20.61,01a58635o0672o
58635.546811,23.674,12.6,1,16,o,0,0.98,322.90582,-36.39568,6688.75,2154.41,3.56,2.96,-12.7,-0.413,19.15,20.62,01a58635o0678o
58635.55363,21.522,1.615,9,14,o,0,1.1,322.90582,-36.39568,6747.72,2230.52,3.42,2.86,-12.7,-0.421,19.18,20.67,01a58635o0692o
58635.566952,20.551,0.688,22,15,o,0,1.11,322.90582,-36.39568,6762.03,2112.27,3.35,2.92,-11.3,-0.42,19.22,20.71,01a58635o0720o
58637.52684,-20.594,0.71,-21,15,c,0,1.28,322.90582,-36.39568,4990.14,196.06,2.59,2.41,-84.9,-0.383,19.29,21.07,02a58637o0623c
58637.529605,-21.176,1.36,-12,17,c,0,1.03,322.90582,-36.39568,5010.03,234.94,2.62,2.44,-82.8,-0.393,19.34,21.09,02a58637o0629c
58637.539092,-21.432,1.414,-10,14,c,0,1.35,322.90582,-36.39568,4947.28,157.07,2.67,2.5,-82.0,-0.394,19.36,21.14,02a58637o0649c
58637.541914,-25.758,84.0,0,15,c,0,1.01,322.90582,-36.39568,1043.81,10469.66,3.11,2.4,-54.8,-0.435,19.42,21.23,02a58637o0655c
58637.548734,-20.911,1.53,-16,24,c,0,0.73,322.90582,-36.39568,1062.05,10507.11,3.25,2.32,-53.3,-0.429,19.34,21.17,02a58637o0669c
58637.552424,-18.888,0.104,-101,10,c,0,1.87,322.90582,-36.39568,1005.77,10430.49,2.8,2.3,-54.7,-0.462,19.33,21.18,02a58637o0677c
58637.552882,-19.318,0.217,-68,15,c,0,1.12,322.90582,-36.39568,4929.07,271.96,2.68,2.53,-77.2,-0.388,19.3,21.1,02a58637o0678c
58637.617324,19.755,0.87,46,40,c,0,0.91,322.90582,-36.39568,4956.46,207.88,2.46,2.32,-78.5,-0.426,18.23,19.11,02a58637o0813c
58637.619161,-21.358,7.23,-10,75,c,0,1.15,322.90582,-36.39568,1011.73,10484.63,2.95,2.1,-55.0,-0.475,17.99,18.81,02a58637o0817c
58643.517745,-20.398,0.577,-25,14,o,0,1.2,322.90582,-36.39568,6552.54,8394.93,2.98,2.85,-18.9,-0.426,19.0,20.4,01a58643o0556o
58643.527349,-21.469,1.765,-9,17,o,0,0.9,322.90582,-36.39568,6532.27,8355.25,2.83,2.59,-89.6,-0.477,19.15,20.44,01a58643o0576o
58643.53065,-22.012,2.484,-6,14,o,0,1.33,322.90582,-36.39568,6593.91,8432.78,2.79,2.65,-79.0,-0.468,19.12,20.45,01a58643o0583o
58643.547157,-20.773,0.78,-18,14,o,0,1.28,322.90582,-36.39568,6616.09,8316.72,2.9,2.81,-37.9,-0.444,19.12,20.52,01a58643o0618o
58645.513649,-19.027,0.097,-89,9,o,0,2.17,322.90582,-36.39568,2982.15,307.65,2.03,1.89,-80.2,-0.441,19.27,20.23,02a58645o0605o
58645.516439,20.027,0.38,35,14,o,0,1.27,322.90582,-36.39568,3002.17,344.7,2.02,1.91,-86.5,-0.439,19.29,20.25,02a58645o0611o
58645.523211,20.198,0.338,30,10,o,0,1.62,322.90582,-36.39568,2938.35,266.87,2.0,1.86,-80.7,-0.452,19.32,20.3,02a58645o0625o
58645.536879,21.272,0.975,11,11,o,0,1.3,322.90582,-36.39568,2913.48,384.94,1.98,1.88,85.2,-0.442,19.33,20.35,02a58645o0654o
58645.540898,20.866,1.457,16,24,o,0,1.05,322.90582,-36.39568,8701.3,10500.57,2.36,1.92,-64.6,-0.472,19.48,20.46,02a58645o0662o
58647.511759,19.984,0.641,37,24,o,0,1.3,322.90582,-36.39568,6551.04,8396.05,3.16,2.96,-12.4,-0.414,18.58,19.69,01a58647o0500o
58647.515002,-21.686,3.351,-8,26,o,0,0.78,322.90582,-36.39568,6532.21,8357.89,3.03,2.87,-15.1,-0.431,18.64,19.72,01a58647o0507o
58647.522079,22.651,7.071,3,22,o,0,1.33,322.90582,-36.39568,6589.8,8433.09,3.19,3.01,-14.4,-0.417,18.67,19.79,01a58647o0520o
58649.482234,-19.475,0.803,-59,47,o,0,1.3,322.90582,-36.39568,8702.78,10502.57,2.83,2.0,-56.0,-0.433,18.65,18.96,02a58649o0532o
58649.501358,22.42,4.674,4,18,o,0,1.59,322.90582,-36.39568,2978.33,309.67,1.93,1.74,62.2,-0.468,18.55,18.85,02a58649o0573o
58649.504188,20.407,0.889,25,22,o,0,0.95,322.90582,-36.39568,2997.64,348.65,1.88,1.75,72.7,-0.448,18.57,18.88,02a58649o0579o
58649.510259,-20.484,0.879,-23,20,o,0,0.77,322.90582,-36.39568,2938.59,269.36,1.94,1.74,65.2,-0.413,18.58,18.93,02a58649o0592o
58649.520074,19.817,0.521,43,22,o,0,0.72,322.90582,-36.39568,2916.74,386.27,1.92,1.79,71.2,-0.432,18.6,19.0,02a58649o0613o
58651.47253,17.265,0.51,451,230,o,0,1.35,322.90582,-36.39568,2589.04,8613.51,4.17,4.04,-57.3,-0.415,16.97,18.0,01a58651o0448o
58651.47578,21.073,17.892,14,242,o,0,0.91,322.90582,-36.39568,2569.32,8574.7,3.92,3.75,-15.9,-0.474,17.1,18.03,01a58651o0455o
58651.480883,18.771,1.872,113,211,o,0,0.85,322.90582,-36.39568,2628.17,8652.56,3.69,3.6,-63.2,-0.46,17.25,18.08,01a58651o0466o
58651.493378,18.836,1.678,106,178,o,0,0.92,322.90582,-36.39568,2648.13,8537.2,3.45,3.31,-21.2,-0.454,17.32,18.18,01a58651o0493o
58657.589699,22.796,12.684,3,35,o,0,0.94,322.90582,-36.39568,5828.63,4152.25,2.65,1.82,41.9,-0.435,18.38,18.73,02a58657o0594o
58657.592494,-24.877,113.5,0,46,o,0,0.91,322.90582,-36.39568,5809.54,4114.87,2.99,1.98,42.2,-0.406,17.89,18.36,02a58657o0600o
58657.605928,19.842,2.21,42,93,o,0,0.89,322.90582,-36.39568,5888.15,4074.22,2.48,1.87,44.7,-0.476,17.96,18.65,02a58657o0629o
58659.533336,-21.265,1.8,-11,20,o,0,0.91,322.90582,-36.39568,7747.9,4012.93,3.56,3.07,-9.2,-0.401,18.97,20.29,01a58659o0633o
58659.536563,21.259,1.562,11,18,o,0,1.09,322.90582,-36.39568,7729.76,3975.05,3.46,2.97,-7.5,-0.402,18.97,20.3,01a58659o0640o
58659.542457,-21.147,1.34,-13,17,o,0,1.47,322.90582,-36.39568,7789.06,4050.21,3.81,3.12,-9.3,-0.39,18.89,20.29,01a58659o0652o
58659.557455,20.322,0.69,27,19,o,0,1.13,322.90582,-36.39568,7807.01,3934.46,3.69,3.21,-9.1,-0.399,18.95,20.37,01a58659o0683o
58663.556227,20.545,0.786,22,17,o,0,1.07,322.90582,-36.39568,7747.31,4014.29,3.43,3.03,-9.9,-0.41,18.93,20.63,01a58663o0600o
58663.560092,21.673,1.806,8,14,o,0,1.32,322.90582,-36.39568,2844.98,6611.65,3.11,2.94,-19.2,-0.421,19.03,20.76,01a58663o0608o
58663.565851,-20.806,0.938,-17,16,o,0,1.03,322.90582,-36.39568,7783.37,4051.49,3.23,3.02,-15.0,-0.417,19.07,20.8,01a58663o0620o
58663.575758,21.766,5.0,7,36,o,0,1.26,322.90582,-36.39568,2767.63,6651.27,2.99,2.76,-20.3,-0.442,18.26,19.78,01a58663o0641o
58665.497861,-21.647,0.919,-8,7,c,0,1.28,322.90582,-36.39568,6030.59,2050.97,2.47,2.25,44.5,-0.397,19.67,21.52,02a58665o0425c
58665.501097,-24.872,20.333,0,8,c,0,1.2,322.90582,-36.39568,6046.95,2091.59,2.62,2.26,42.6,-0.392,19.65,21.51,02a58665o0432c
58665.509244,21.079,0.687,13,9,c,0,0.96,322.90582,-36.39568,5984.19,2012.51,2.58,2.3,39.0,-0.398,19.62,21.5,02a58665o0449c
58667.499597,21.94,2.419,6,15,o,0,1.36,322.90582,-36.39568,9834.44,10252.49,2.88,2.72,43.0,-0.507,19.07,20.6,01a58667o0553o
58667.502836,-21.824,2.812,-7,19,o,0,0.83,322.90582,-36.39568,9809.11,10203.35,3.04,2.82,64.8,-0.486,19.09,20.61,01a58667o0560o
58667.513365,-23.489,10.714,-2,16,o,0,1.25,322.90582,-36.39568,9858.14,10241.89,2.99,2.84,68.2,-0.492,19.1,20.69,01a58667o0582o
58667.518465,-20.941,1.137,-15,17,o,0,1.06,322.90582,-36.39568,9871.34,10106.91,2.94,2.62,79.0,-0.504,19.16,20.68,01a58667o0593o
58667.519389,-22.832,7.545,-3,20,o,0,0.89,322.90582,-36.39568,3809.0,59.4,3.62,3.07,-17.8,-0.378,19.22,20.83,01a58667o0595o
58667.528944,20.293,0.649,28,18,o,0,0.99,322.90582,-36.39568,3840.89,62.54,3.59,3.19,-17.1,-0.357,19.24,20.84,01a58667o0615o
58667.541111,-21.575,1.548,-8,13,o,0,1.35,322.90582,-36.39568,6835.78,10367.27,3.01,2.85,76.1,-0.46,19.25,21.0,01a58667o0641o
58669.558863,21.57,1.032,9,9,c,0,1.26,322.90582,-36.39568,2749.77,1892.65,2.56,2.37,59.8,-0.408,19.54,21.46,02a58669o0639c
58669.56702,21.72,1.245,7,9,c,0,1.32,322.90582,-36.39568,2732.29,1857.76,2.55,2.41,71.8,-0.41,19.52,21.45,02a58669o0656c
58669.570223,20.767,0.48,18,9,c,0,1.58,322.90582,-36.39568,2790.35,1938.21,2.56,2.42,73.0,-0.408,19.56,21.46,02a58669o0663c
58669.580242,20.869,0.573,16,9,c,0,1.22,322.90582,-36.39568,2808.43,1821.3,2.52,2.4,80.8,-0.411,19.55,21.45,02a58669o0684c
58670.540594,22.249,1.697,5,8,c,0,1.87,322.90582,-36.39568,2747.81,1892.96,2.54,2.38,63.5,-0.414,19.59,21.58,02a58670o0619c
58670.543521,21.124,0.686,13,9,c,0,1.12,322.90582,-36.39568,7817.98,8703.1,2.7,2.48,58.7,-0.389,19.66,21.58,02a58670o0625c
58670.553334,21.948,1.488,6,9,c,0,1.16,322.90582,-36.39568,2789.02,1934.83,2.53,2.42,-88.8,-0.412,19.62,21.61,02a58670o0645c
58670.563376,22.901,3.056,2,8,c,0,1.43,322.90582,-36.39568,2810.68,1822.34,2.55,2.39,77.4,-0.417,19.59,21.61,02a58670o0666c
58671.507478,20.731,0.468,18,9,c,0,1.38,322.90582,-36.39568,7809.38,8663.35,3.06,2.55,41.9,-0.377,19.56,21.58,02a58671o0581c
58671.511205,20.644,0.483,20,10,c,0,1.51,322.90582,-36.39568,7827.56,8703.33,3.02,2.51,43.8,-0.383,19.58,21.58,02a58671o0589c
58671.518024,21.114,0.708,13,9,c,0,1.42,322.90582,-36.39568,7767.5,8623.46,3.17,2.63,43.3,-0.369,19.52,21.6,02a58671o0603c
58671.528047,-22.528,2.9,-4,10,c,0,1.25,322.90582,-36.39568,7746.9,8738.59,3.13,2.62,44.1,-0.372,19.51,21.57,02a58671o0624c
58674.493336,21.235,1.036,12,12,o,0,1.22,322.90582,-36.39568,10136.11,2410.83,2.56,2.22,-59.2,-0.45,19.31,20.56,02a58674o0532o
58674.495165,-21.305,1.388,-11,15,o,0,1.07,322.90582,-36.39568,63.9,2420.2,2.34,2.29,9.5,-0.422,19.28,20.56,02a58674o0536o
58674.496542,21.697,1.776,8,14,o,0,1.0,322.90582,-36.39568,10154.83,2450.86,2.76,2.31,-62.4,-0.435,19.22,20.57,02a58674o0539o
58674.498379,20.977,0.839,15,12,o,0,0.72,322.90582,-36.39568,83.1,2460.18,2.09,2.04,-24.9,-0.431,19.39,20.57,02a58674o0543o
58674.503307,21.055,0.843,14,12,o,0,1.05,322.90582,-36.39568,10091.27,2372.71,2.19,1.97,-50.7,-0.475,19.39,20.58,02a58674o0553o
58674.51382,-24.427,15.167,-1,9,o,0,1.73,322.90582,-36.39568,10070.12,2489.3,2.07,1.98,-42.9,-0.46,19.41,20.55,02a58674o0574o
58679.389806,-20.978,4.5,-15,66,o,0,0.8,322.90582,-36.39568,1737.68,3856.01,3.56,3.21,-10.7,-0.398,17.7,18.46,01a58679o0338o
58679.393042,-18.208,0.317,-189,60,o,0,0.82,322.90582,-36.39568,1718.49,3818.31,3.49,3.11,-7.6,-0.4,17.76,18.49,01a58679o0345o
58679.399025,19.601,1.088,52,57,o,0,0.92,322.90582,-36.39568,1774.03,3896.47,3.28,3.23,26.1,-0.436,17.82,18.53,01a58679o0358o
58679.408802,-18.64,0.428,-127,54,o,0,0.84,322.90582,-36.39568,1792.95,3782.61,3.4,3.1,-10.5,-0.417,17.83,18.61,01a58679o0379o
58685.540755,-21.686,2.754,-8,21,o,0,1.0,322.90582,-36.39568,1939.17,5752.48,2.47,2.29,42.7,-0.415,18.72,19.42,02a58685o0352o
58685.541212,-22.07,4.486,-5,24,o,0,0.81,322.90582,-36.39568,1919.65,5713.38,2.58,2.37,45.6,-0.414,18.72,19.42,02a58685o0353o
58685.54443,23.626,15.444,1,20,o,0,1.19,322.90582,-36.39568,1979.32,5797.09,2.54,2.37,47.1,-0.413,18.73,19.42,02a58685o0360o
58685.5525,21.04,1.607,14,22,o,0,0.92,322.90582,-36.39568,2000.08,5678.0,2.62,2.48,47.6,-0.422,18.69,19.4,02a58685o0376o
58689.4886,20.473,0.361,24,8,o,0,1.53,322.90582,-36.39568,8605.11,4805.19,2.4,1.98,34.6,-0.415,19.47,20.6,02a58689o0521o
58689.491984,23.031,5.333,2,12,o,0,1.17,322.90582,-36.39568,1921.46,5711.79,2.13,2.01,32.6,-0.448,19.42,20.62,02a58689o0528o
58689.502226,-21.497,1.161,-9,11,o,0,1.32,322.90582,-36.39568,1982.1,5787.97,2.17,1.99,41.3,-0.44,19.45,20.61,02a58689o0549o
58689.510094,-21.483,1.298,-9,12,o,0,0.85,322.90582,-36.39568,2001.95,5672.59,2.29,1.99,34.3,-0.433,19.43,20.62,02a58689o0565o
58691.477645,20.384,0.508,26,13,o,0,1.11,322.90582,-36.39568,5975.27,6082.27,3.26,2.88,-6.5,-0.407,19.24,20.87,01a58691o0510o
58691.48087,20.072,0.418,34,14,o,0,0.92,322.90582,-36.39568,5956.18,6045.63,3.45,3.07,-9.2,-0.393,19.13,20.86,01a58691o0517o
58691.48794,24.138,16.75,1,13,o,0,1.15,322.90582,-36.39568,4550.16,4452.22,3.14,2.81,-14.8,-0.435,19.28,20.85,01a58691o0532o
58691.50121,-22.553,4.111,-4,14,o,0,0.96,322.90582,-36.39568,4532.83,4566.67,2.98,2.8,-17.5,-0.446,19.24,20.84,01a58691o0560o
58693.379719,24.467,17.25,1,10,c,0,0.99,322.90582,-36.39568,5736.2,8255.74,2.66,2.3,40.9,-0.392,19.56,21.27,02a58693o0298c
58693.381691,-20.639,0.518,-20,10,c,0,1.31,322.90582,-36.39568,5754.32,8295.0,2.58,2.35,40.9,-0.401,19.56,21.29,02a58693o0302c
58693.382646,21.975,1.75,6,10,c,0,1.42,322.90582,-36.39568,5696.99,8216.06,2.58,2.33,41.3,-0.4,19.58,21.3,02a58693o0304c
58693.391391,-22.316,2.621,-4,11,c,0,1.03,322.90582,-36.39568,5676.83,8331.45,2.59,2.4,40.1,-0.396,19.58,21.36,02a58693o0322c
58695.470522,20.35,0.545,26,14,o,0,1.14,322.90582,-36.39568,5974.22,6081.19,3.61,3.31,-9.9,-0.387,19.08,20.85,01a58695o0483o
58695.473744,-23.343,9.333,-2,16,o,0,1.04,322.90582,-36.39568,5953.66,6044.99,3.71,3.45,-14.6,-0.379,19.04,20.84,01a58695o0490o
58695.48082,-20.414,0.576,-25,14,o,0,1.33,322.90582,-36.39568,4551.92,4452.25,3.53,3.19,-9.2,-0.409,19.09,20.85,01a58695o0505o
58695.49174,21.792,2.0,7,14,o,0,0.99,322.90582,-36.39568,4534.12,4566.61,3.37,3.2,-14.0,-0.413,19.12,20.87,01a58695o0528o
58699.454309,-25.428,54.0,0,13,o,0,1.16,322.90582,-36.39568,7923.29,5938.61,3.39,3.19,-4.6,-0.404,19.18,20.96,01a58699o0140o
58699.46203,-22.965,7.5,-2,18,o,0,1.02,322.90582,-36.39568,2677.53,4682.84,4.24,3.95,-15.0,-0.378,18.9,21.04,01a58699o0156o
58699.462959,-20.813,0.731,-17,13,o,0,1.23,322.90582,-36.39568,2678.26,4682.92,3.45,3.19,-12.8,-0.41,19.18,21.08,01a58699o0158o
58699.473395,20.739,0.654,18,12,o,0,1.11,322.90582,-36.39568,2618.81,4605.85,3.25,2.96,-9.5,-0.42,19.31,21.11,01a58699o0179o
58699.477227,23.354,8.143,2,14,o,0,1.14,322.90582,-36.39568,2600.51,4722.2,3.46,3.0,-7.0,-0.414,19.26,21.12,01a58699o0187o
58703.50088,-21.272,1.053,-11,12,o,0,1.38,322.90582,-36.39568,2651.67,4635.06,3.09,2.77,-14.1,-0.435,19.32,20.96,01a58703o0328o
58703.504104,22.878,5.154,3,13,o,0,1.03,322.90582,-36.39568,2671.92,4672.69,3.09,2.77,-14.1,-0.437,19.32,20.94,01a58703o0335o
58703.509628,-23.374,8.0,-2,13,o,0,1.26,322.90582,-36.39568,2611.71,4597.01,3.14,2.82,-13.5,-0.424,19.31,20.94,01a58703o0347o
58703.520215,-21.065,0.955,-14,13,o,0,1.09,322.90582,-36.39568,2595.5,4712.89,3.14,2.84,-16.6,-0.434,19.3,20.99,01a58703o0370o
58705.381989,-20.127,1.627,-32,52,c,0,0.8,322.90582,-36.39568,6655.37,6316.5,2.85,2.29,38.0,-0.365,17.82,18.56,02a58705o0326c
58705.385189,19.485,1.155,58,67,c,0,1.02,322.90582,-36.39568,6672.89,6355.26,2.82,2.29,39.4,-0.373,17.72,18.5,02a58705o0333c
58705.391151,-19.342,1.214,-66,81,c,0,0.89,322.90582,-36.39568,6614.71,6276.65,2.73,2.34,40.2,-0.369,17.16,17.87,02a58705o0346c
58705.402149,-18.475,0.435,-148,64,c,0,1.38,322.90582,-36.39568,6591.1,6392.26,2.78,2.32,40.1,-0.36,17.48,18.27,02a58705o0370c
58707.341112,-20.068,1.168,-34,40,o,0,1.31,322.90582,-36.39568,9667.42,3844.82,3.7,3.27,-5.0,-0.4,17.99,18.9,01a58707o0254o
58707.344335,-22.194,8.789,-5,42,o,0,1.15,322.90582,-36.39568,9650.85,3806.49,3.43,3.25,-5.3,-0.4,18.08,18.92,01a58707o0261o
58707.350777,20.716,2.333,19,44,o,0,0.8,322.90582,-36.39568,9706.74,3880.6,3.41,3.37,-42.8,-0.404,18.1,18.96,01a58707o0274o
58707.360912,20.465,1.688,24,40,o,0,1.21,322.90582,-36.39568,9727.13,3762.7,3.38,3.27,-38.0,-0.42,18.13,19.02,01a58707o0296o
58713.45165,-23.065,20.529,-2,44,o,0,1.24,322.90582,-36.39568,1502.28,10489.95,2.23,2.07,-57.5,-0.474,18.42,18.82,02a58713o0403o
58713.46314,-18.568,0.277,-136,38,o,0,1.84,322.90582,-36.39568,5729.05,364.62,2.16,1.94,-77.3,-0.486,18.43,18.83,02a58713o0428o
58713.46635,-20.853,2.062,-17,34,o,0,0.72,322.90582,-36.39568,5710.33,325.53,2.12,1.9,-70.0,-0.489,18.45,18.82,02a58713o0435o
58713.467722,19.56,0.548,54,30,o,0,1.68,322.90582,-36.39568,1584.43,10453.56,2.17,1.93,-60.1,-0.399,18.42,18.77,02a58713o0438o
58713.47197,19.45,0.43,60,26,o,0,1.15,322.90582,-36.39568,5765.78,408.6,2.09,1.89,75.0,-0.469,18.4,18.79,02a58713o0447o
58715.434794,-20.707,1.706,-19,32,o,0,1.08,322.90582,-36.39568,2004.89,2337.8,4.14,3.69,-7.3,-0.431,18.39,19.75,01a58715o0435o
58715.438035,22.125,4.556,5,23,o,0,1.24,322.90582,-36.39568,2025.52,2375.74,3.85,3.4,-5.7,-0.373,18.52,19.84,01a58715o0442o
58715.445406,20.377,0.946,26,24,o,0,1.1,322.90582,-36.39568,1963.3,2298.85,3.64,3.43,-19.2,-0.393,18.53,19.81,01a58715o0458o
58715.455538,20.633,1.423,20,29,o,0,1.27,322.90582,-36.39568,1947.64,2414.1,4.32,4.11,-16.4,-0.364,18.26,19.79,01a58715o0480o
58717.407031,20.802,0.769,17,13,o,0,1.12,322.90582,-36.39568,4004.33,6180.66,2.19,2.02,48.2,-0.438,19.24,20.51,02a58717o0396o
58717.410217,19.972,0.295,37,11,o,0,1.49,322.90582,-36.39568,6567.3,4421.29,2.53,1.93,32.9,-0.435,19.32,20.56,02a58717o0402o
58717.416488,20.463,0.635,24,15,o,0,0.59,322.90582,-36.39568,4044.09,6215.59,2.35,2.0,37.1,-0.433,19.3,20.38,02a58717o0415o
58717.429468,-23.524,11.364,-1,16,o,0,1.0,322.90582,-36.39568,4065.13,6101.16,2.57,2.05,36.0,-0.422,19.21,20.25,02a58717o0441o
58719.436744,21.325,0.976,11,10,o,0,1.52,322.90582,-36.39568,2044.43,2299.61,2.58,2.24,72.2,-0.439,19.46,20.69,01a58719o0218o
58719.441998,-21.008,0.738,-14,11,o,0,1.53,322.90582,-36.39568,2064.98,2337.85,2.61,2.35,56.3,-0.426,19.45,20.63,01a58719o0229o
58719.444831,-21.068,0.739,-14,10,o,0,1.22,322.90582,-36.39568,2004.68,2260.36,2.32,1.98,71.7,-0.438,19.52,20.61,01a58719o0235o
58719.455266,19.998,0.388,36,14,o,0,1.01,322.90582,-36.39568,1986.46,2377.54,2.72,2.54,68.4,-0.418,19.29,20.55,01a58719o0257o
58721.373505,-20.952,0.617,-15,9,c,0,1.63,322.90582,-36.39568,6555.72,4382.75,3.07,2.6,38.7,-0.378,19.41,21.4,02a58721o0320c
58721.376731,21.252,0.734,12,8,c,0,1.54,322.90582,-36.39568,6577.87,4420.65,3.05,2.57,38.3,-0.372,19.44,21.42,02a58721o0327c
58721.387646,21.229,0.906,12,11,c,0,1.13,322.90582,-36.39568,6514.54,4344.49,3.08,2.6,36.4,-0.375,19.49,21.45,02a58721o0349c
58721.395839,21.493,1.146,9,10,c,0,1.41,322.90582,-36.39568,4066.29,6095.67,3.01,2.6,39.7,-0.37,19.41,21.57,02a58721o0366c
58723.398154,-22.554,2.308,-4,8,o,0,1.26,322.90582,-36.39568,8649.21,2056.86,2.06,2.02,-2.1,-0.419,19.74,21.01,01a58723o0297o
58723.400972,20.37,0.346,26,9,o,0,2.06,322.90582,-36.39568,8633.83,2021.25,2.23,2.03,-22.2,-0.42,19.69,21.02,01a58723o0303o
58723.406539,-23.315,4.333,-2,7,o,0,1.67,322.90582,-36.39568,1930.99,8481.33,1.94,1.7,-73.9,-0.445,19.84,21.11,01a58723o0314o
58723.421329,-21.456,0.744,-10,7,o,0,2.31,322.90582,-36.39568,1911.91,8596.18,2.11,1.76,-82.1,-0.449,19.73,21.0,01a58723o0344o
58725.442545,-17.091,0.857,-529,454,c,0,1.08,322.90582,-36.39568,865.2,1983.81,2.56,2.39,59.6,-0.382,15.43,17.15,02a58725o0382c
58725.452751,-17.663,0.333,-312,104,c,0,1.16,322.90582,-36.39568,885.54,1866.8,2.53,2.34,-89.6,-0.451,17.04,18.72,02a58725o0404c
58729.384013,22.959,4.133,2,10,c,0,1.12,322.90582,-36.39568,826.28,1943.74,2.83,2.42,-63.2,-0.412,19.5,21.27,02a58729o0371c
58729.387212,-21.563,1.333,-9,12,c,0,0.86,322.90582,-36.39568,807.15,1904.25,2.83,2.42,-60.8,-0.413,19.5,21.28,02a58729o0378c
58729.393617,-22.837,3.632,-3,10,c,0,1.55,322.90582,-36.39568,865.29,1983.71,2.53,2.38,-70.5,-0.417,19.52,21.27,02a58729o0392c
58729.404597,-19.0,0.111,-91,10,c,0,0.89,322.90582,-36.39568,885.23,1868.35,2.75,2.37,-64.7,-0.419,19.52,21.25,02a58729o0416c
58735.288147,20.166,2.907,31,91,o,0,1.72,322.90582,-36.39568,5604.39,10353.82,2.19,1.94,84.5,-0.381,16.79,16.48,01a58735o0127o
58735.292283,-19.157,0.963,-79,76,o,0,0.89,322.90582,-36.39568,5584.53,10314.17,2.38,2.07,-90.0,-0.403,17.32,17.28,01a58735o0135o
58735.299202,19.689,2.799,48,135,o,0,1.26,322.90582,-36.39568,5645.26,10394.19,2.62,2.27,-87.4,-0.41,16.53,16.54,01a58735o0149o
58735.301048,17.782,1.172,280,328,o,0,0.82,322.90582,-36.39568,9527.12,73.85,2.93,2.73,-49.0,-0.328,16.65,16.64,01a58735o0153o
58735.304271,17.323,1.176,427,503,o,0,1.13,322.90582,-36.39568,9508.22,35.06,2.85,2.61,-61.2,-0.357,16.32,16.19,01a58735o0160o
58735.310786,18.574,1.321,135,178,o,0,1.08,322.90582,-36.39568,9564.75,111.51,2.55,2.37,-34.0,-0.397,16.62,16.39,01a58735o0173o
58735.312626,20.275,5.382,28,152,o,0,1.65,322.90582,-36.39568,5670.32,10276.97,2.64,2.56,-76.2,-0.371,16.5,16.45,01a58735o0177o
58741.397296,-21.097,1.787,-13,24,o,0,1.49,322.90582,-36.39568,6729.49,2209.29,2.25,1.97,45.0,-0.415,18.32,18.69,02a58741o0386o
58741.400526,20.115,0.947,33,31,o,0,0.76,322.90582,-36.39568,6710.9,2170.18,2.15,1.94,49.0,-0.426,18.37,18.67,02a58741o0393o
58741.406614,-19.349,0.422,-66,28,o,0,0.81,322.90582,-36.39568,6768.11,2248.29,2.23,1.93,47.1,-0.422,18.37,18.67,02a58741o0406o
58741.417484,-19.754,0.598,-46,27,o,0,1.04,322.90582,-36.39568,6788.97,2129.55,2.13,2.05,-82.7,-0.422,18.31,18.62,02a58741o0429o
58745.372701,19.857,0.494,41,20,o,0,1.5,322.90582,-36.39568,6729.85,2200.73,2.21,2.03,50.5,-0.418,18.65,19.24,02a58745o0351o
58745.375914,19.911,0.693,39,27,o,0,1.12,322.90582,-36.39568,6711.3,2162.27,2.21,1.98,48.0,-0.41,18.56,19.13,02a58745o0358o
58745.38145,-20.014,0.664,-36,24,o,0,0.9,322.90582,-36.39568,6769.09,2239.74,2.35,2.08,45.6,-0.417,18.65,19.31,02a58745o0370o
58745.391573,20.368,0.889,26,23,o,0,1.18,322.90582,-36.39568,6789.15,2123.89,2.21,2.01,50.5,-0.42,18.66,19.21,02a58745o0392o
58749.306824,21.107,0.711,13,9,c,0,1.18,322.90582,-36.39568,4047.01,2160.02,2.55,2.25,41.0,-0.387,19.53,21.25,02a58749o0207c
58749.320016,20.217,0.283,30,8,c,0,1.63,322.90582,-36.39568,4063.96,2197.97,2.54,2.28,43.0,-0.388,19.5,21.32,02a58749o0232c
58749.325436,-23.313,6.778,-2,12,c,0,0.88,322.90582,-36.39568,6546.03,8432.3,2.94,2.41,39.7,-0.38,19.37,21.28,02a58749o0242c
58749.329581,22.488,3.095,4,11,c,0,0.94,322.90582,-36.39568,3982.47,2236.59,2.69,2.4,38.4,-0.383,19.35,21.37,02a58749o0250c
58751.295123,-21.14,0.635,-13,8,o,0,1.16,322.90582,-36.39568,5845.16,4146.15,2.02,1.9,-13.2,-0.395,19.59,20.66,01a58751o0212o
58751.30627,-22.254,1.927,-5,9,o,0,1.16,322.90582,-36.39568,5827.04,4107.91,2.11,1.86,-5.3,-0.387,19.61,20.7,01a58751o0235o
58751.315317,21.123,0.639,13,8,o,0,1.69,322.90582,-36.39568,4711.79,6377.01,1.93,1.85,-54.6,-0.412,19.61,20.73,01a58751o0254o
58751.320167,-23.148,4.875,-2,10,o,0,1.0,322.90582,-36.39568,5902.74,4069.74,2.04,1.91,-13.2,-0.397,19.61,20.73,01a58751o0264o
58753.367171,21.108,0.774,13,10,c,0,0.98,322.90582,-36.39568,6506.84,8402.82,2.7,2.44,49.4,-0.4,19.57,21.38,02a58753o0302c
58753.370014,20.505,0.455,23,10,c,0,1.09,322.90582,-36.39568,6487.15,8364.16,2.81,2.39,46.2,-0.392,19.55,21.4,02a58753o0308c
58753.37553,-23.605,7.0,-1,9,c,0,1.43,322.90582,-36.39568,6547.24,8441.96,2.8,2.47,48.8,-0.386,19.51,21.4,02a58753o0320c
58753.385704,-21.015,0.702,-14,10,c,0,1.28,322.90582,-36.39568,6566.6,8327.02,2.94,2.45,47.0,-0.376,19.47,21.39,02a58753o0342c
58755.349112,-21.635,5.1,-8,41,o,0,1.12,322.90582,-36.39568,6010.91,2044.81,2.19,1.82,-6.7,-0.407,17.96,18.86,01a58755o0045o
58755.353334,22.394,15.571,4,62,o,0,0.87,322.90582,-36.39568,6031.46,2083.1,2.29,1.97,-8.1,-0.393,17.47,18.5,01a58755o0054o
58755.358453,20.221,3.3,30,98,o,0,0.98,322.90582,-36.39568,5971.16,2005.29,2.43,2.08,-1.9,-0.385,16.73,17.85,01a58755o0065o
58755.369688,18.98,1.465,93,136,o,0,1.3,322.90582,-36.39568,5953.09,2120.86,2.18,1.8,-6.3,-0.411,17.1,18.08,01a58755o0089o
58757.312762,-23.087,5.182,-2,11,c,0,1.34,322.90582,-36.39568,2538.56,8572.72,2.9,2.83,-68.3,-0.369,19.29,21.31,02a58757o0119c
58759.20812,20.048,0.969,35,34,o,0,1.05,322.90582,-36.39568,4560.92,8501.91,3.46,2.39,3.2,-0.404,18.15,18.6,01a58759o0041o
58759.211484,21.919,3.732,6,23,o,0,0.96,322.90582,-36.39568,4543.78,8462.2,2.93,2.38,2.9,-0.399,18.68,19.38,01a58759o0048o
58759.317061,20.264,1.764,28,50,o,0,0.83,322.90582,-36.39568,5950.01,2128.31,2.61,2.02,-4.2,-0.387,17.85,18.84,01a58759o0089o
58761.21249,19.966,0.561,38,21,o,0,0.97,322.90582,-36.39568,7965.16,2058.82,2.18,1.94,-61.9,-0.431,18.73,19.17,02a58761o0045o
58763.206919,-19.88,0.874,-40,35,o,0,1.03,322.90582,-36.39568,2741.84,1859.28,1.92,1.76,11.5,-0.387,18.21,17.86,01a58763o0032o
58763.22715,-21.841,3.551,-7,24,o,0,1.3,322.90582,-36.39568,2797.52,1940.15,1.88,1.77,53.8,-0.4,18.62,18.54,01a58763o0074o
58763.234718,-20.029,0.769,-35,27,o,0,0.83,322.90582,-36.39568,2814.33,1823.82,1.97,1.83,53.0,-0.399,18.64,18.64,01a58763o0089o
58769.319486,19.406,0.483,63,30,o,0,1.14,322.90582,-36.39568,7754.96,4026.75,2.59,2.25,45.2,-0.405,18.23,18.63,02a58769o0284o
58769.323183,19.378,0.464,64,30,o,0,1.41,322.90582,-36.39568,7735.17,3989.49,2.7,2.28,42.7,-0.389,18.2,18.62,02a58769o0292o
58769.32876,18.904,0.331,100,33,o,0,0.98,322.90582,-36.39568,7793.02,4065.74,2.56,2.18,42.3,-0.393,18.22,18.62,02a58769o0304o
58769.340843,19.231,0.41,74,30,o,0,1.41,322.90582,-36.39568,7813.58,3950.69,2.4,2.25,56.2,-0.396,18.23,18.59,02a58769o0330o
58771.199338,21.009,3.037,14,44,o,0,1.82,322.90582,-36.39568,10508.03,8077.34,2.26,2.01,75.8,-0.404,18.0,17.78,01a58771o0036o
58771.228321,20.989,1.243,15,18,o,0,1.52,322.90582,-36.39568,466.2,8164.48,2.45,1.93,85.9,-0.403,18.92,19.33,01a58771o0095o
58771.24548,21.583,1.837,8,16,o,0,1.47,322.90582,-36.39568,446.02,8126.56,2.18,1.78,82.4,-0.434,18.95,19.25,01a58771o0130o
58771.253215,20.361,0.659,26,17,o,0,1.38,322.90582,-36.39568,10078.14,2328.28,2.23,2.08,-44.4,-0.353,18.97,19.22,01a58771o0146o
58771.257425,21.287,1.533,11,17,o,0,0.91,322.90582,-36.39568,527.43,8091.95,2.15,1.72,87.7,-0.435,18.97,19.21,01a58771o0154o
58773.279818,19.814,0.561,43,24,o,0,0.98,322.90582,-36.39568,9604.89,10111.42,2.69,2.4,-63.4,-0.383,18.77,19.72,02a58773o0172o
58773.283047,21.359,2.34,10,24,o,0,0.98,322.90582,-36.39568,9584.42,10072.74,2.91,2.57,-60.1,-0.377,18.66,19.69,02a58773o0179o
58773.296436,-20.155,0.769,-32,24,o,0,1.0,322.90582,-36.39568,9650.01,10151.08,2.73,2.43,-66.4,-0.391,18.72,19.43,02a58773o0207o
58773.302653,20.717,1.446,19,27,o,0,0.95,322.90582,-36.39568,9665.74,10032.23,2.88,2.54,-62.5,-0.387,18.6,19.34,02a58773o0220o
58775.25967,21.645,1.923,8,15,o,0,0.95,322.90582,-36.39568,10119.37,2365.46,2.59,2.25,-79.4,-0.356,19.19,20.04,01a58775o0145o
58775.262898,20.004,0.378,36,14,o,0,1.59,322.90582,-36.39568,10140.48,2404.63,2.63,2.27,-74.2,-0.359,19.11,20.02,01a58775o0152o
58775.269359,-21.307,1.469,-11,16,o,0,0.96,322.90582,-36.39568,10079.19,2324.54,2.6,2.08,-85.3,-0.378,18.94,19.81,01a58775o0166o
58775.271678,-21.257,2.662,-11,30,o,0,0.66,322.90582,-36.39568,50.49,2475.65,2.28,2.03,74.9,-0.396,18.69,19.54,01a58775o0171o
58775.274902,19.75,0.794,46,36,o,0,1.16,322.90582,-36.39568,71.4,2513.48,2.27,2.07,72.5,-0.39,18.62,19.49,01a58775o0178o
58775.279529,19.748,0.351,46,16,o,0,1.14,322.90582,-36.39568,10060.4,2440.05,2.72,2.35,-82.6,-0.349,19.04,19.94,01a58775o0188o
58777.1994,19.202,0.35,76,26,c,0,1.05,322.90582,-36.39568,961.73,446.34,3.33,3.13,-60.7,-0.361,18.34,19.68,02a58777o0019c
58777.216993,-20.696,0.543,-19,10,c,0,1.22,322.90582,-36.39568,971.51,485.21,2.76,2.53,-62.4,-0.381,19.32,21.0,02a58777o0056c
58777.230254,21.323,1.0,11,11,c,0,1.1,322.90582,-36.39568,906.37,408.56,2.71,2.47,-62.0,-0.398,19.37,21.13,02a58777o0083c
58777.238692,20.836,0.747,17,13,c,0,1.26,322.90582,-36.39568,885.89,526.51,3.02,2.78,-60.2,-0.374,19.26,21.17,02a58777o0100c
58779.258956,21.132,1.065,13,14,o,0,0.74,322.90582,-36.39568,8625.95,4769.01,2.07,1.82,-79.9,-0.439,19.43,20.19,01a58779o0168o
58779.262201,20.805,0.746,17,13,o,0,0.85,322.90582,-36.39568,8645.69,4807.38,2.15,1.87,-76.8,-0.437,19.45,20.19,01a58779o0175o
58779.269125,20.667,0.524,20,10,o,0,1.86,322.90582,-36.39568,8586.73,4728.29,2.12,1.89,-74.2,-0.431,19.43,20.17,01a58779o0190o
58779.283059,20.651,0.557,20,11,o,0,1.24,322.90582,-36.39568,8569.56,4842.48,2.09,1.92,-71.1,-0.436,19.35,20.16,01a58779o0220o
58781.276417,-18.908,0.104,-99,10,c,0,1.12,322.90582,-36.39568,1737.66,3807.76,2.5,2.24,44.2,-0.402,19.43,20.9,02a58781o0204c
58781.279634,20.513,0.441,23,10,c,0,1.37,322.90582,-36.39568,1718.65,3766.68,2.55,2.23,42.8,-0.399,19.45,20.9,02a58781o0211c
58781.285217,23.138,5.143,2,10,c,0,1.67,322.90582,-36.39568,1777.81,3848.7,2.73,2.27,40.7,-0.391,19.35,20.89,02a58781o0223c
58781.297269,21.695,1.537,8,12,c,0,1.15,322.90582,-36.39568,1799.05,3732.51,2.64,2.28,44.0,-0.392,19.38,20.84,02a58781o0249c
58783.293284,20.431,0.482,24,12,o,0,1.14,322.90582,-36.39568,8633.58,4766.61,2.05,1.98,73.1,-0.419,19.3,20.08,01a58783o0086o
58783.304423,-23.801,11.25,-1,12,o,0,1.13,322.90582,-36.39568,8650.35,4806.4,2.09,1.99,81.9,-0.416,19.29,20.04,01a58783o0109o
58783.307712,23.701,10.231,1,12,o,0,1.94,322.90582,-36.39568,8591.75,4728.12,2.08,1.99,85.7,-0.428,19.31,20.05,01a58783o0116o
58783.312887,21.521,1.33,9,12,o,0,1.63,322.90582,-36.39568,8574.5,4844.0,2.24,2.01,89.6,-0.431,19.23,20.02,01a58783o0127o
58785.27774,20.524,0.503,22,11,c,0,1.13,322.90582,-36.39568,1743.24,3804.75,2.45,2.35,-86.9,-0.41,19.41,20.93,02a58785o0181c
58785.281422,-22.756,3.55,-3,10,c,0,1.21,322.90582,-36.39568,1724.16,3766.46,2.53,2.42,60.3,-0.399,19.39,20.91,02a58785o0189c
58785.28701,-22.634,3.583,-3,12,c,0,0.93,322.90582,-36.39568,1783.66,3844.67,2.43,2.32,74.3,-0.411,19.42,20.91,02a58785o0201c
58785.29766,21.1,0.876,13,12,c,0,0.81,322.90582,-36.39568,1803.63,3729.13,2.47,2.31,63.6,-0.406,19.4,20.9,02a58785o0224c
58787.203574,20.094,0.386,33,13,o,0,1.22,322.90582,-36.39568,4857.96,2310.0,2.02,1.9,57.0,-0.401,19.2,19.96,01a58787o0058o
58787.206797,21.068,0.778,14,11,o,0,0.93,322.90582,-36.39568,4837.93,2272.49,1.93,1.78,57.7,-0.418,19.44,20.26,01a58787o0065o
58787.215473,24.189,10.3,1,8,o,0,3.1,322.90582,-36.39568,5729.54,8213.42,1.88,1.75,-68.3,-0.451,19.46,20.31,01a58787o0083o
58787.225365,22.002,1.721,6,10,o,0,1.03,322.90582,-36.39568,5710.92,8328.1,2.05,1.9,-51.4,-0.437,19.49,20.44,01a58787o0103o
58789.207792,20.54,0.757,22,17,o,0,0.82,322.90582,-36.39568,6997.98,115.76,2.16,2.0,63.2,-0.402,18.95,19.69,02a58789o0008o
58789.211044,-20.303,0.518,-28,14,o,0,1.64,322.90582,-36.39568,7017.56,154.03,1.96,1.83,68.1,-0.454,19.02,19.75,02a58789o0015o
58789.233886,-21.913,3.547,-6,22,o,0,1.0,322.90582,-36.39568,3588.29,10478.55,2.31,2.06,42.6,-0.423,19.04,19.89,02a58789o0025o
58789.243456,-21.506,1.813,-9,16,o,0,1.34,322.90582,-36.39568,3608.57,10358.87,2.28,2.14,43.6,-0.413,19.07,19.87,02a58789o0045o
58789.255411,23.296,7.9,2,14,o,0,1.31,322.90582,-36.39568,7614.08,228.01,1.99,1.72,-76.6,-0.475,19.14,19.98,02a58789o0070o
58789.25864,-20.943,0.968,-15,15,o,0,1.11,322.90582,-36.39568,7596.59,188.72,2.21,1.72,-61.7,-0.471,19.18,19.98,02a58789o0077o
58789.268719,-22.366,3.14,-4,13,o,0,1.92,322.90582,-36.39568,7658.09,267.62,2.16,1.7,-60.9,-0.479,19.2,19.96,02a58789o0098o
58789.273877,-19.672,0.342,-49,17,o,0,1.1,322.90582,-36.39568,7677.87,149.45,2.38,1.7,-56.4,-0.478,19.09,19.95,02a58789o0109o
58791.263563,22.097,4.024,5,21,o,0,1.01,322.90582,-36.39568,5772.95,8242.52,2.47,2.38,3.0,-0.39,18.72,19.25,01a58791o0034o
58791.266796,-19.409,0.618,-63,39,o,0,1.1,322.90582,-36.39568,5792.77,8281.19,2.45,2.35,-12.6,-0.39,18.25,18.78,01a58791o0041o
58791.272397,-20.873,1.201,-16,20,o,0,1.11,322.90582,-36.39568,5734.42,8203.13,2.05,2.03,-70.8,-0.418,18.77,19.08,01a58791o0053o
58791.282605,19.368,1.346,65,88,o,0,0.86,322.90582,-36.39568,5719.78,8320.23,2.63,2.27,-85.3,-0.411,17.34,17.46,01a58791o0075o
58795.191838,-21.65,3.359,-8,27,o,0,1.15,322.90582,-36.39568,6688.97,6352.87,1.84,1.76,-19.5,-0.418,18.47,18.22,01a58795o0037o
58795.195277,20.288,0.769,28,21,o,0,1.03,322.90582,-36.39568,6632.57,6274.69,1.83,1.74,-17.8,-0.415,18.79,18.78,01a58795o0044o
58795.205673,20.782,0.954,18,17,o,0,1.63,322.90582,-36.39568,6616.78,6388.6,1.84,1.81,-34.9,-0.423,18.92,19.03,01a58795o0065o
58797.251022,22.001,5.171,6,30,o,0,0.77,322.90582,-36.39568,5947.88,6072.88,2.77,2.04,40.3,-0.418,18.46,18.92,02a58797o0140o
58797.254288,-21.086,1.978,-13,26,o,0,1.25,322.90582,-36.39568,5928.6,6035.06,2.84,2.09,40.8,-0.404,18.46,18.93,02a58797o0147o
58797.260375,-19.142,0.327,-80,26,o,0,1.18,322.90582,-36.39568,5987.72,6112.45,2.86,2.12,41.0,-0.399,18.45,18.94,02a58797o0160o
58797.270214,21.061,2.042,14,28,o,0,0.79,322.90582,-36.39568,6009.84,5997.65,2.77,2.06,42.2,-0.404,18.41,18.89,02a58797o0181o
58799.234984,20.501,0.804,23,18,o,0,1.19,322.90582,-36.39568,6670.87,6301.18,1.98,1.9,-78.7,-0.415,18.75,18.89,01a58799o0086o
58799.238208,-20.657,0.966,-20,19,o,0,1.43,322.90582,-36.39568,6690.59,6339.88,1.88,1.81,-72.4,-0.433,18.77,18.88,01a58799o0093o
58799.243786,-20.784,1.267,-18,22,o,0,1.31,322.90582,-36.39568,6633.26,6262.69,2.15,1.8,-82.7,-0.437,18.67,18.85,01a58799o0105o
58799.25498,20.336,0.746,27,20,o,0,1.42,322.90582,-36.39568,6615.16,6378.49,2.13,1.77,-83.2,-0.455,18.71,18.79,01a58799o0129o
58801.277268,-20.27,0.985,-28,28,o,0,1.32,322.90582,-36.39568,5953.62,6072.52,2.88,2.02,41.4,-0.384,18.37,18.82,02a58801o0218o
58801.283399,-19.604,0.543,-52,28,o,0,1.41,322.90582,-36.39568,5933.39,6034.3,2.68,1.94,41.9,-0.405,18.42,18.78,02a58801o0230o
58801.2866,20.25,1.089,29,31,o,0,1.37,322.90582,-36.39568,5992.76,6111.5,2.9,2.0,41.7,-0.386,18.4,18.77,02a58801o0237o
58801.297074,-19.686,0.732,-48,36,o,0,1.04,322.90582,-36.39568,6013.97,5994.24,2.9,2.22,41.7,-0.382,18.24,18.71,02a58801o0259o
58815.19796,-20.77,0.99,-18,18,o,0,0.95,322.90582,-36.39568,6554.67,4364.7,1.96,1.92,-24.7,-0.407,19.03,19.74,01a58815o0055o
58815.201185,19.696,0.309,48,15,o,0,0.9,322.90582,-36.39568,6574.8,4403.29,2.0,1.88,-3.6,-0.404,18.99,19.74,01a58815o0062o
58815.206736,-21.9,4.81,-6,30,o,0,1.12,322.90582,-36.39568,6516.2,4325.73,1.89,1.85,-5.4,-0.412,18.81,19.59,01a58815o0074o
58815.216877,18.722,0.358,118,42,o,0,1.33,322.90582,-36.39568,6497.47,4441.92,2.08,1.81,-86.1,-0.426,17.7,18.63,01a58815o0096o
58817.192281,18.092,1.327,210,279,c,0,1.3,322.90582,-36.39568,9704.99,3882.4,2.6,2.4,-69.3,-0.402,16.76,17.75,02a58817o0020c
58817.195947,17.566,1.625,342,556,c,0,0.93,322.90582,-36.39568,9685.29,3843.89,2.58,2.46,-87.3,-0.397,16.1,17.18,02a58817o0028c
58817.202023,19.986,0.533,37,20,c,0,1.07,322.90582,-36.39568,9744.32,3921.09,2.63,2.39,-65.1,-0.385,18.83,20.09,02a58817o0041c
58817.212228,21.461,1.809,10,17,c,0,1.15,322.90582,-36.39568,9765.22,3808.03,2.6,2.46,-66.3,-0.388,18.94,20.26,02a58817o0063c
58819.197934,17.749,1.646,289,475,o,0,0.93,322.90582,-36.39568,9779.08,8569.91,1.87,1.72,32.5,-0.448,15.63,15.33,01a58819o0030o
58819.200747,16.817,0.628,681,427,o,0,1.13,322.90582,-36.39568,9798.77,8609.51,1.93,1.75,69.0,-0.477,15.2,14.92,01a58819o0036o
58819.204571,-15.975,0.999,-1480,1479,o,0,0.88,322.90582,-36.39568,52.27,8692.65,1.92,1.63,-80.7,-0.479,15.65,15.37,01a58819o0044o
58819.206027,-16.035,0.979,-1400,1370,o,0,0.8,322.90582,-36.39568,9739.96,8530.34,1.98,1.82,78.6,-0.49,14.1,13.89,01a58819o0047o
58819.207915,17.466,0.672,375,252,o,0,1.67,322.90582,-36.39568,72.26,8730.24,1.85,1.61,-80.0,-0.513,16.51,16.31,01a58819o0051o
58819.215882,-18.463,0.387,-150,58,o,0,1.2,322.90582,-36.39568,9722.01,8647.54,2.26,1.83,-89.8,-0.425,17.34,17.35,01a58819o0068o
58821.188169,20.369,2.561,26,66,o,0,1.3,322.90582,-36.39568,8515.38,8276.45,2.65,2.05,42.8,-0.442,18.32,18.64,02a58821o0010o
58821.191871,-22.832,13.7,-3,37,o,0,1.34,322.90582,-36.39568,8494.86,8238.81,2.67,2.0,44.0,-0.437,18.73,19.2,02a58821o0018o
58821.198886,20.059,0.622,34,21,o,0,1.79,322.90582,-36.39568,8555.45,8316.07,2.62,2.01,43.9,-0.433,18.85,19.47,02a58821o0033o
58821.209795,-19.419,0.366,-62,23,o,0,1.22,322.90582,-36.39568,8575.46,8199.46,2.46,2.06,49.5,-0.438,18.88,19.48,02a58821o0056o
58825.191549,-17.879,1.631,-256,418,o,0,1.69,322.90582,-36.39568,8495.61,8238.41,2.9,2.24,38.1,-0.549,16.7,17.16,02a58825o0016o
58825.19847,-21.664,8.593,-8,67,o,0,1.77,322.90582,-36.39568,8556.32,8316.85,2.69,2.11,42.2,-0.446,18.16,18.62,02a58825o0031o
58825.208668,-19.753,0.766,-46,35,o,0,0.82,322.90582,-36.39568,8576.46,8200.63,2.53,2.13,47.4,-0.422,18.59,19.25,02a58825o0053o
58827.196251,-21.198,3.116,-12,38,o,0,1.3,322.90582,-36.39568,673.12,4733.04,2.14,1.97,-88.6,-0.407,18.26,18.26,01a58827o0047o
58827.20613,21.206,1.94,12,23,o,0,0.99,322.90582,-36.39568,655.5,4848.44,2.23,2.06,-81.4,-0.415,18.75,19.07,01a58827o0068o
58829.200605,-18.542,0.342,-139,48,o,0,0.98,322.90582,-36.39568,8658.54,2066.09,2.19,1.97,48.9,-0.425,17.85,18.28,02a58829o0041o
58829.203849,19.926,0.992,39,38,o,0,1.4,322.90582,-36.39568,8639.6,2027.88,2.2,1.98,44.8,-0.43,17.93,18.37,02a58829o0048o
58829.211667,19.07,0.484,86,41,o,0,1.15,322.90582,-36.39568,8695.4,2108.78,2.13,2.03,60.9,-0.436,17.88,18.38,02a58829o0065o
58829.221527,-19.701,1.056,-48,50,o,0,0.85,322.90582,-36.39568,8715.33,1987.95,2.05,1.9,-64.3,-0.479,17.88,18.31,02a58829o0086o
58833.192772,-19.389,1.907,-64,122,o,0,1.39,322.90582,-36.39568,8645.3,2028.98,2.88,2.59,-62.5,-0.436,16.8,17.36,02a58833o0014o
58833.200241,-20.496,1.425,-23,33,o,0,1.01,322.90582,-36.39568,8701.97,2105.99,2.97,2.63,-57.7,-0.388,18.3,19.27,02a58833o0030o
58833.21006,-19.002,0.197,-91,18,o,0,1.1,322.90582,-36.39568,8720.89,1988.97,2.62,2.39,-61.9,-0.405,18.99,20.16,02a58833o0051o
58837.192513,-19.148,1.289,-80,103,o,0,0.66,322.90582,-36.39568,9516.03,84.48,2.02,1.58,-71.6,-0.49,17.4,17.79,02a58837o0020o
58837.195807,-19.304,1.498,-69,103,o,0,0.57,322.90582,-36.39568,9495.51,47.79,2.38,1.67,-67.2,-0.485,18.15,18.69,02a58837o0027o
58837.20099,-19.854,0.59,-42,24,o,0,0.85,322.90582,-36.39568,9553.18,121.81,2.56,1.51,-55.7,-0.498,18.91,19.65,02a58837o0038o
58967.593019,20.527,0.858,22,19,o,0,1.44,322.90582,-36.39568,2750.95,1897.63,2.26,2.12,61.2,-0.406,18.89,19.6,01a58967o0791o
58967.598563,20.207,0.614,30,18,o,0,1.3,322.90582,-36.39568,2733.1,1859.87,2.41,2.25,8.7,-0.373,18.89,19.62,01a58967o0803o
58967.614696,-22.264,4.512,-4,20,o,0,0.88,322.90582,-36.39568,2790.08,1940.77,2.3,2.03,-1.0,-0.374,19.0,19.68,01a58967o0838o
58967.62347,22.401,7.0,4,28,o,0,1.09,322.90582,-36.39568,2808.98,1824.9,2.57,2.37,-1.0,-0.367,18.67,19.28,01a58967o0857o
58971.597535,-19.908,0.529,-40,21,o,0,1.2,322.90582,-36.39568,430.98,8150.95,2.89,2.78,-27.5,-0.38,18.71,19.74,01a58971o0784o
58971.60823,-20.741,1.149,-18,21,o,0,0.78,322.90582,-36.39568,415.88,8114.95,2.67,2.59,-32.6,-0.387,18.81,19.8,01a58971o0807o
58971.619387,-21.92,3.978,-6,25,o,0,0.71,322.90582,-36.39568,478.73,8196.3,2.56,2.31,-74.6,-0.393,18.74,19.41,01a58971o0831o
58971.623532,-22.423,7.194,-4,28,o,0,1.48,322.90582,-36.39568,499.64,8079.78,2.36,2.3,-30.7,-0.395,18.34,18.73,01a58971o0840o
58979.590879,-18.093,0.788,-210,166,o,0,0.91,322.90582,-36.39568,1951.09,5764.89,3.82,3.76,-79.6,-0.336,16.56,16.94,01a58979o0767o
58979.601487,21.221,22.304,12,263,o,0,1.05,322.90582,-36.39568,1934.93,5728.5,2.77,2.63,-49.0,-0.399,16.2,16.08,01a58979o0790o
58979.613044,-17.641,0.692,-319,221,o,0,1.09,322.90582,-36.39568,1995.24,5807.4,2.64,2.54,-88.4,-0.416,16.17,15.94,01a58979o0814o
58983.59131,19.799,0.469,44,20,o,0,1.56,322.90582,-36.39568,1954.85,5770.05,2.65,2.33,2.6,-0.378,18.67,19.32,01a58983o0763o
58983.605204,-24.389,32.4,-1,21,o,0,1.14,322.90582,-36.39568,1937.71,5733.49,2.49,2.21,2.1,-0.381,18.76,19.39,01a58983o0793o
58983.616812,19.823,0.621,43,26,o,0,1.12,322.90582,-36.39568,1997.68,5811.96,2.76,2.33,-1.1,-0.361,18.56,19.09,01a58983o0817o
58983.621423,18.852,0.368,104,38,o,0,0.95,322.90582,-36.39568,2017.27,5696.85,2.7,2.44,4.7,-0.387,18.2,18.42,01a58983o0827o
58985.589238,-19.198,0.215,-76,16,o,0,0.92,322.90582,-36.39568,8813.36,6735.95,2.23,2.04,-68.5,-0.445,19.31,20.18,02a58985o0760o
58985.60222,20.593,0.753,21,16,o,0,1.06,322.90582,-36.39568,8833.79,6773.44,2.3,1.99,36.1,-0.425,19.3,20.18,02a58985o0788o
58985.613273,19.863,0.387,41,16,o,0,1.49,322.90582,-36.39568,8773.22,6696.59,2.21,2.11,-82.5,-0.441,19.14,19.84,02a58985o0810o
58985.617078,21.031,1.814,14,26,o,0,0.98,322.90582,-36.39568,8757.09,6811.06,2.33,2.0,-67.5,-0.452,18.84,19.31,02a58985o0818o
58987.589038,19.921,0.35,39,14,o,0,1.36,322.90582,-36.39568,4842.69,2315.58,2.59,2.28,-5.0,-0.391,19.21,20.31,01a58987o0770o
58987.601482,-22.402,3.437,-4,14,o,0,1.22,322.90582,-36.39568,4825.32,2278.07,2.46,2.23,-16.3,-0.382,19.25,20.34,01a58987o0797o
58987.611187,-20.872,0.785,-16,13,o,0,1.54,322.90582,-36.39568,4881.73,2355.01,2.3,2.07,-5.2,-0.398,19.2,20.03,01a58987o0818o
58987.61633,-24.635,39.5,0,20,o,0,1.54,322.90582,-36.39568,4900.63,2239.04,2.47,2.28,-12.0,-0.385,18.8,19.33,01a58987o0829o
58989.590139,20.218,0.346,30,10,c,0,1.12,322.90582,-36.39568,2943.64,10317.3,2.68,2.38,-61.9,-0.413,19.51,21.28,02a58989o0771c
58989.600289,-21.231,0.767,-12,9,c,0,1.56,322.90582,-36.39568,2960.41,10355.36,2.66,2.42,-68.1,-0.411,19.53,21.32,02a58989o0793c
58989.609945,-21.306,1.0,-11,11,c,0,1.16,322.90582,-36.39568,2905.37,10276.25,2.72,2.27,-56.0,-0.421,19.44,20.96,02a58989o0814c
58989.61729,20.154,0.68,32,21,c,0,1.15,322.90582,-36.39568,2884.41,10393.71,2.74,2.34,-59.6,-0.423,18.81,19.75,02a58989o0830c
58991.579756,21.007,0.647,14,9,o,0,1.56,322.90582,-36.39568,4842.82,2314.84,2.41,2.16,-2.4,-0.403,19.38,20.68,01a58991o0748o
58991.583436,21.871,1.596,6,10,o,0,1.26,322.90582,-36.39568,4823.49,2275.5,2.45,2.16,-8.7,-0.399,19.39,20.7,01a58991o0756o
58991.603027,-21.259,0.838,-11,10,o,0,1.46,322.90582,-36.39568,4884.99,2356.25,2.39,2.05,-5.0,-0.398,19.44,20.77,01a58991o0798o
58991.615029,19.791,0.336,44,15,o,0,1.36,322.90582,-36.39568,4904.53,2239.62,2.17,2.03,11.3,-0.397,19.13,19.83,01a58991o0824o
58995.578192,-17.75,0.779,-288,225,o,0,1.09,322.90582,-36.39568,3918.66,4246.25,2.4,1.97,-5.5,-0.379,16.59,17.75,01a58995o0748o
58995.582344,19.573,0.714,54,38,o,0,1.05,322.90582,-36.39568,3902.98,4209.55,2.36,1.94,-4.0,-0.382,18.31,19.38,01a58995o0757o
58995.600319,-19.106,0.354,-83,29,o,0,1.28,322.90582,-36.39568,3965.79,4289.45,2.31,1.87,-7.9,-0.386,18.17,19.28,01a58995o0795o
58995.611847,21.662,3.216,8,25,o,0,1.14,322.90582,-36.39568,3985.82,4175.05,2.36,1.93,-7.1,-0.383,18.44,19.27,01a58995o0820o
58997.588505,-23.808,9.429,-1,10,c,0,1.06,322.90582,-36.39568,4606.03,4472.11,2.49,2.42,46.3,-0.439,19.53,21.39,02a58997o0752c
58997.603776,20.487,0.412,23,10,c,0,1.02,322.90582,-36.39568,4627.13,4507.18,2.41,2.36,41.0,-0.4,19.55,21.3,02a58997o0785c
58997.60931,21.822,1.532,7,10,c,0,1.13,322.90582,-36.39568,4568.79,4429.67,2.62,2.32,37.2,-0.392,19.4,20.91,02a58997o0797c
58997.612512,-21.954,2.333,-6,14,c,0,1.01,322.90582,-36.39568,4549.44,4545.55,2.7,2.44,36.0,-0.379,19.17,20.44,02a58997o0804c
58999.565372,20.312,0.478,27,13,o,0,0.75,322.90582,-36.39568,3922.5,4245.83,2.47,2.09,-1.4,-0.388,19.33,20.47,01a58999o0712o
58999.568594,-23.386,7.214,-2,12,o,0,0.94,322.90582,-36.39568,3903.78,4207.14,2.53,2.02,-2.0,-0.372,19.33,20.55,01a58999o0719o
58999.576997,26.277,84.0,0,9,o,0,1.35,322.90582,-36.39568,3963.78,4286.43,2.58,1.94,-2.6,-0.372,19.37,20.61,01a58999o0736o
58999.594536,19.939,0.263,38,10,o,0,1.18,322.90582,-36.39568,3985.69,4172.61,2.45,2.0,-6.0,-0.378,19.47,20.8,01a58999o0774o
59001.555421,20.539,0.419,22,9,c,0,1.22,322.90582,-36.39568,4610.65,4472.79,2.81,2.36,37.0,-0.386,19.5,21.38,02a59001o0604c
59001.558625,-25.196,36.0,0,11,c,0,0.72,322.90582,-36.39568,4630.18,4512.38,2.58,2.36,39.5,-0.399,19.55,21.4,02a59001o0611c
59001.564125,21.182,0.816,12,10,c,0,1.21,322.90582,-36.39568,4571.59,4434.66,2.68,2.44,36.6,-0.395,19.55,21.41,02a59001o0623c
59001.574196,20.495,0.348,23,8,c,0,1.58,322.90582,-36.39568,4550.08,4550.4,2.55,2.35,37.4,-0.399,19.57,21.43,02a59001o0645c
59003.53176,-21.182,2.028,-12,25,o,0,1.01,322.90582,-36.39568,5731.15,360.15,3.11,2.5,-13.2,-0.323,18.65,19.32,01a59003o0609o
59003.53222,22.11,5.442,5,28,o,0,1.62,322.90582,-36.39568,1524.74,10491.8,2.34,2.23,-23.1,-0.4,18.61,19.24,01a59003o0610o
59003.534984,21.081,1.633,13,22,o,0,1.09,322.90582,-36.39568,5711.26,320.8,2.44,2.18,-17.6,-0.388,18.82,19.35,01a59003o0616o
59003.540056,-20.949,1.413,-15,21,o,0,1.4,322.90582,-36.39568,5767.47,399.13,2.62,2.34,-13.1,-0.364,18.8,19.41,01a59003o0627o
59005.538662,-20.31,1.301,-27,36,o,0,0.89,322.90582,-36.39568,2664.59,4594.93,2.51,1.97,33.1,-0.449,18.22,18.28,02a59005o0645o
59005.541864,-20.51,1.229,-23,28,o,0,1.6,322.90582,-36.39568,2683.38,4632.99,2.5,1.97,31.9,-0.43,18.2,18.3,02a59005o0652o
59005.54738,19.937,0.812,38,31,o,0,1.22,322.90582,-36.39568,2624.4,4555.43,2.7,2.01,32.4,-0.429,18.23,18.34,02a59005o0664o
59005.557452,21.471,3.766,9,35,o,0,0.97,322.90582,-36.39568,2604.73,4670.39,2.48,1.9,31.4,-0.441,18.33,18.39,02a59005o0686o
59007.51652,-20.145,2.109,-32,67,o,0,1.12,322.90582,-36.39568,1523.08,10491.12,2.21,2.09,-50.0,-0.432,17.96,18.0,01a59007o0473o
59007.523485,22.007,6.778,6,39,o,0,0.98,322.90582,-36.39568,5729.19,359.17,2.39,2.28,-2.9,-0.378,18.25,18.37,01a59007o0488o
59007.525325,19.687,0.607,48,29,o,0,1.76,322.90582,-36.39568,5710.82,320.05,2.5,2.3,-13.4,-0.381,18.29,18.43,01a59007o0492o
59007.530859,19.749,0.699,46,32,o,0,1.71,322.90582,-36.39568,5767.0,398.52,2.63,2.51,-16.2,-0.372,18.26,18.45,01a59007o0504o
59007.532711,-19.026,0.456,-89,41,o,0,1.1,322.90582,-36.39568,1610.1,10454.97,2.14,1.97,-58.2,-0.434,18.29,18.35,01a59007o0508o
59007.544248,-19.878,2.191,-41,89,o,0,1.14,322.90582,-36.39568,5787.82,281.38,2.47,2.13,-11.3,-0.39,17.62,17.65,01a59007o0533o
59011.562778,-20.529,0.977,-22,22,o,0,1.28,322.90582,-36.39568,4026.51,6182.29,3.09,2.51,-3.8,-0.344,18.56,19.3,01a59011o0702o
59011.56462,-23.149,18.5,-2,37,o,0,0.94,322.90582,-36.39568,4007.65,6143.4,3.03,2.27,-1.3,-0.334,18.14,18.7,01a59011o0706o
59011.567392,20.737,1.475,18,27,o,0,0.82,322.90582,-36.39568,4067.98,6221.9,2.85,2.45,-5.9,-0.336,18.47,19.12,01a59011o0712o
59011.589741,-21.189,2.6,-12,32,o,0,0.99,322.90582,-36.39568,4089.59,6104.33,3.04,2.9,-13.6,-0.351,18.33,19.1,01a59011o0759o
59011.614717,19.653,1.601,50,80,o,0,1.15,322.90582,-36.39568,4058.0,6167.4,2.59,2.36,-13.8,-0.355,17.3,17.47,01a59011o0811o
59015.543826,-22.309,2.818,-4,12,o,0,1.15,322.90582,-36.39568,4023.07,6180.79,2.8,2.2,-5.6,-0.34,19.2,20.54,01a59015o0659o
59015.545667,21.56,1.397,9,12,o,0,1.02,322.90582,-36.39568,4004.09,6142.49,2.79,2.25,-3.2,-0.356,19.21,20.54,01a59015o0663o
59015.553957,20.325,0.474,27,13,o,0,1.07,322.90582,-36.39568,4063.45,6221.15,2.81,2.58,-4.5,-0.355,19.16,20.54,01a59015o0680o
59015.559501,-24.221,16.0,-1,12,o,0,1.32,322.90582,-36.39568,4084.58,6106.24,2.82,2.43,-6.8,-0.345,19.17,20.56,01a59015o0692o
59016.577519,-21.77,1.655,-7,12,o,0,1.78,322.90582,-36.39568,866.73,6666.17,2.14,2.04,-39.2,-0.425,19.29,20.4,02a59016o0676o
59016.579346,20.644,1.057,20,21,o,0,1.12,322.90582,-36.39568,886.62,6704.46,2.22,2.04,-51.6,-0.432,18.59,19.58,02a59016o0680o
59016.584834,21.456,2.154,10,20,o,0,0.74,322.90582,-36.39568,828.57,6627.91,2.12,1.85,-54.8,-0.425,19.0,19.98,02a59016o0692o
59016.599318,21.306,1.282,11,14,o,0,1.07,322.90582,-36.39568,9726.01,3801.13,2.5,2.29,-69.1,-0.415,19.24,20.46,02a59016o0723o
59017.56894,21.551,1.175,9,10,c,0,1.28,322.90582,-36.39568,866.73,6668.91,2.44,2.34,-39.4,-0.4,19.57,21.34,02a59017o0703c
59017.572174,-22.142,2.5,-5,13,c,0,0.59,322.90582,-36.39568,884.14,6709.6,2.46,2.37,0.7,-0.402,19.57,21.35,02a59017o0710c
59017.57823,-20.3,0.366,-28,10,c,0,1.26,322.90582,-36.39568,826.64,6630.86,2.46,2.39,-32.5,-0.398,19.56,21.35,02a59017o0723c
59017.584735,20.924,1.017,16,16,o,0,1.29,322.90582,-36.39568,10381.83,10453.3,2.62,2.13,16.7,-0.437,19.37,20.66,01a59017o0731o
59017.585655,-20.313,0.581,-27,16,o,0,1.24,322.90582,-36.39568,10463.93,10411.9,2.53,2.13,17.7,-0.432,19.37,20.65,01a59017o0733o
59017.589514,23.888,10.167,1,10,c,0,1.5,322.90582,-36.39568,9717.65,3793.26,2.74,2.63,46.1,-0.382,19.45,21.36,02a59017o0747c
59019.542736,17.627,1.228,323,397,o,0,0.56,322.90582,-36.39568,838.77,1961.85,2.35,2.02,-6.9,-0.359,16.02,17.13,01a59019o0657o
59019.54697,19.957,2.843,38,107,o,0,1.26,322.90582,-36.39568,818.01,1921.5,2.07,1.88,5.2,-0.391,17.01,17.97,01a59019o0666o
59019.552952,17.847,1.08,264,285,o,0,0.71,322.90582,-36.39568,876.98,2003.53,2.1,1.96,15.0,-0.406,16.4,17.32,01a59019o0679o
59019.558025,17.315,0.436,430,188,o,0,1.23,322.90582,-36.39568,896.95,1887.64,2.25,1.87,-8.4,-0.377,16.35,17.38,01a59019o0690o
59021.517187,-20.949,1.255,-15,19,c,0,1.08,322.90582,-36.39568,2066.85,2276.29,2.47,2.43,82.0,-0.406,18.96,20.74,02a59021o0592c
59021.520387,-19.746,0.555,-46,25,c,0,1.3,322.90582,-36.39568,2086.33,2314.8,2.61,2.49,-71.8,-0.401,18.68,20.48,02a59021o0599c
59021.525879,-19.65,0.457,-50,23,c,0,0.82,322.90582,-36.39568,2025.8,2236.29,2.62,2.48,44.3,-0.397,18.42,20.22,02a59021o0611c
59021.537426,-22.256,2.633,-4,12,c,0,0.75,322.90582,-36.39568,2004.19,2354.22,2.47,2.3,-64.1,-0.405,19.45,21.23,02a59021o0635c
59023.526607,23.73,16.75,1,20,o,0,1.11,322.90582,-36.39568,835.67,1960.16,2.07,1.96,5.6,-0.402,18.99,20.17,01a59023o0529o
59023.53124,-22.734,7.0,-3,20,o,0,2.0,322.90582,-36.39568,814.75,1921.6,2.09,2.01,-11.0,-0.401,18.26,19.51,01a59023o0538o
59023.536772,-20.983,2.0,-15,29,o,0,1.26,322.90582,-36.39568,875.62,2003.02,2.3,2.22,73.8,-0.411,18.75,20.0,01a59023o0550o
59023.542793,20.381,0.482,26,12,o,0,1.1,322.90582,-36.39568,894.72,1888.08,2.27,2.21,44.4,-0.402,19.27,20.57,01a59023o0563o
59027.521018,20.328,0.517,27,14,o,0,1.05,322.90582,-36.39568,35.01,5864.01,2.08,1.96,-65.9,-0.411,19.49,20.81,01a59027o0607o
59027.526567,-20.325,0.653,-27,18,o,0,1.01,322.90582,-36.39568,55.46,5749.75,2.26,1.98,-83.8,-0.424,19.52,20.82,01a59027o0619o
59027.533952,-21.818,1.448,-7,10,o,0,1.32,322.90582,-36.39568,9865.73,5811.77,2.37,2.22,82.7,-0.402,19.56,20.83,01a59027o0634o
59027.535792,21.158,1.0,12,12,o,0,0.92,322.90582,-36.39568,9846.95,5774.44,2.5,2.34,88.8,-0.401,19.48,20.82,01a59027o0638o
59027.538616,-21.989,2.109,-6,12,o,0,1.2,322.90582,-36.39568,9906.89,5849.92,2.46,2.31,89.1,-0.4,19.51,20.81,01a59027o0644o
59027.543684,21.05,0.858,14,12,o,0,0.77,322.90582,-36.39568,9929.19,5732.9,2.35,2.19,-87.4,-0.413,19.55,20.82,01a59027o0655o
59029.530211,22.564,3.0,3,10,c,0,1.15,322.90582,-36.39568,1914.01,8484.46,2.33,2.27,-3.9,-0.396,19.58,21.35,02a59029o0616c
59029.532955,21.829,1.365,7,9,c,0,1.22,322.90582,-36.39568,1932.63,8522.0,2.38,2.28,-5.3,-0.391,19.59,21.38,02a59029o0622c
59029.535699,22.423,2.533,4,10,c,0,1.25,322.90582,-36.39568,1875.86,8445.05,2.38,2.29,0.9,-0.394,19.55,21.39,02a59029o0628c
59029.542558,21.701,1.426,8,11,c,0,0.91,322.90582,-36.39568,1857.51,8562.85,2.4,2.1,-52.7,-0.414,19.65,21.41,02a59029o0643c
59031.485878,-21.675,2.865,-8,22,o,0,0.86,322.90582,-36.39568,45.42,5743.06,2.29,2.12,-26.7,-0.392,18.93,19.67,01a59031o0527o
59031.489094,-22.592,5.704,-3,19,o,0,1.28,322.90582,-36.39568,9856.77,5813.87,2.43,2.34,-1.6,-0.386,18.97,19.65,01a59031o0534o
59031.490937,-21.975,2.756,-6,16,o,0,1.47,322.90582,-36.39568,9837.64,5775.63,2.69,2.27,-1.8,-0.373,18.94,19.66,01a59031o0538o
59031.493695,20.905,1.2,16,19,o,0,1.12,322.90582,-36.39568,9899.46,5852.35,2.91,2.31,-0.6,-0.368,18.82,19.68,01a59031o0544o
59031.498761,20.562,0.847,22,18,o,0,1.25,322.90582,-36.39568,9917.95,5734.48,2.57,2.41,1.1,-0.374,18.98,19.71,01a59031o0555o
59033.438767,23.344,33.231,2,56,o,0,0.82,322.90582,-36.39568,1915.78,8493.33,2.32,2.12,19.9,-0.427,18.32,18.57,02a59033o0400o
59033.44209,20.343,2.297,26,61,o,0,1.05,322.90582,-36.39568,1934.4,8531.24,2.44,2.27,-50.8,-0.431,18.34,18.59,02a59033o0407o
59033.446704,-23.092,29.2,-2,62,o,0,0.96,322.90582,-36.39568,1876.92,8454.07,2.4,2.25,-50.8,-0.431,18.35,18.63,02a59033o0417o
59033.45182,-19.549,0.86,-55,47,o,0,1.84,322.90582,-36.39568,1855.83,8571.65,2.4,2.26,29.9,-0.417,18.34,18.66,02a59033o0428o
59039.561943,-19.6,0.597,-52,31,o,0,0.96,322.90582,-36.39568,3863.49,8358.85,3.4,3.25,-34.7,-0.372,18.37,19.25,01a59039o0699o
59039.590835,20.772,1.45,18,26,o,0,1.1,322.90582,-36.39568,3881.07,8394.47,3.17,2.72,-5.5,-0.354,18.44,19.22,01a59039o0760o
59039.619093,21.217,3.043,12,36,o,0,1.24,322.90582,-36.39568,3823.62,8318.23,3.0,2.73,-7.8,-0.351,18.1,18.55,01a59039o0820o
59041.497543,-20.866,1.414,-16,23,o,0,1.41,322.90582,-36.39568,1055.69,10468.16,2.52,1.64,-57.0,-0.53,19.12,19.89,02a59041o0544o
59041.500285,20.624,1.244,20,25,o,0,1.31,322.90582,-36.39568,1074.29,10506.55,2.61,1.63,-56.3,-0.512,19.15,19.88,02a59041o0550o
59041.50303,-21.509,2.569,-9,23,o,0,0.79,322.90582,-36.39568,1017.43,10429.24,2.64,1.74,-56.1,-0.48,19.09,19.88,02a59041o0556o
59043.483052,-19.891,0.319,-40,13,o,0,1.11,322.90582,-36.39568,6534.64,8404.38,2.07,1.86,-3.3,-0.392,19.35,20.15,01a59043o0507o
59043.485352,-19.01,0.146,-90,13,o,0,0.87,322.90582,-36.39568,6517.16,8366.54,2.21,1.85,1.8,-0.378,19.31,20.15,01a59043o0512o
59043.488119,23.321,7.789,2,13,o,0,0.87,322.90582,-36.39568,6577.37,8443.73,2.23,1.89,2.1,-0.375,19.29,20.13,01a59043o0518o
59043.493257,21.461,1.374,10,13,o,0,0.85,322.90582,-36.39568,6597.7,8327.09,2.14,1.92,0.4,-0.387,19.28,20.1,01a59043o0529o
59047.484698,20.455,0.469,24,11,o,0,1.16,322.90582,-36.39568,6538.6,8402.64,2.04,1.96,-87.1,-0.404,19.39,20.55,01a59047o0404o
59047.486539,-21.928,2.019,-6,12,o,0,0.96,322.90582,-36.39568,6518.71,8364.24,2.22,2.12,80.0,-0.406,19.3,20.52,01a59047o0408o
59047.4893,-21.525,1.256,-9,11,o,0,1.63,322.90582,-36.39568,6578.57,8441.81,2.16,2.05,-89.9,-0.4,19.38,20.53,01a59047o0414o
59047.496747,21.504,0.989,9,9,o,0,2.06,322.90582,-36.39568,6600.06,8327.27,2.13,1.96,89.2,-0.405,19.43,20.54,01a59047o0430o
59049.479874,-20.187,0.705,-31,22,c,0,1.07,322.90582,-36.39568,8709.22,10503.89,3.17,2.81,-68.7,-0.362,19.49,21.32,02a59049o0338c
59051.4618,-20.842,0.609,-17,10,o,0,1.02,322.90582,-36.39568,2576.29,8597.47,1.94,1.82,-67.2,-0.416,19.49,20.61,01a59051o0483o
59051.480692,-23.461,7.524,-2,11,o,0,0.7,322.90582,-36.39568,2559.66,8557.52,1.85,1.76,-45.3,-0.412,19.56,20.57,01a59051o0523o
59051.482534,20.665,0.453,20,9,o,0,1.32,322.90582,-36.39568,2619.68,8637.56,1.84,1.71,-72.6,-0.42,19.59,20.56,01a59051o0527o
59051.48576,20.772,0.583,18,10,o,0,0.95,322.90582,-36.39568,2640.08,8521.21,1.86,1.75,-21.6,-0.411,19.48,20.56,01a59051o0534o
59053.463869,-22.154,2.273,-5,11,c,0,1.08,322.90582,-36.39568,4729.53,6410.45,2.6,2.32,38.1,-0.386,19.53,21.35,02a59053o0484c
59053.466611,-21.445,1.231,-10,12,c,0,0.91,322.90582,-36.39568,4747.66,6448.25,2.59,2.28,32.4,-0.387,19.52,21.35,02a59053o0490c
59053.469355,-20.588,0.6,-21,13,c,0,0.82,322.90582,-36.39568,4689.58,6370.7,2.75,2.3,30.6,-0.376,19.5,21.36,02a59053o0496c
59053.474842,-22.382,2.0,-4,8,c,0,1.53,322.90582,-36.39568,4671.95,6485.2,2.55,2.27,34.9,-0.383,19.52,21.37,02a59053o0508c
59055.493977,21.866,1.977,6,13,o,0,0.93,322.90582,-36.39568,7979.91,1942.95,2.71,2.6,-58.6,-0.367,19.24,20.66,01a59055o0554o
59055.497217,-20.808,0.703,-17,12,o,0,1.27,322.90582,-36.39568,8000.35,1981.73,2.83,2.67,-61.6,-0.351,19.24,20.67,01a59055o0561o
59055.53192,24.368,20.2,1,13,o,0,0.81,322.90582,-36.39568,7936.74,1902.14,2.57,2.41,-30.1,-0.364,19.34,20.67,01a59055o0635o
59055.560613,-21.823,1.947,-7,13,o,0,1.22,322.90582,-36.39568,7918.32,2018.87,3.15,2.8,-8.9,-0.322,19.12,20.58,01a59055o0696o
59059.453233,-21.13,0.953,-13,12,o,0,1.37,322.90582,-36.39568,7762.52,4029.24,2.4,2.34,-41.6,-0.378,19.2,20.13,01a59059o0466o
59059.456959,-20.375,0.485,-26,12,o,0,1.23,322.90582,-36.39568,7744.22,3992.24,2.33,2.13,-11.9,-0.385,19.3,20.17,01a59059o0474o
59059.459719,21.247,1.224,12,14,o,0,1.26,322.90582,-36.39568,7804.14,4069.14,2.66,2.15,-6.4,-0.351,19.22,20.21,01a59059o0480o
59059.469884,20.278,0.462,28,13,o,0,0.93,322.90582,-36.39568,7822.5,3952.46,2.34,2.1,-10.5,-0.389,19.38,20.37,01a59059o0502o
59061.392149,-20.214,0.649,-30,19,o,0,1.78,322.90582,-36.39568,6034.31,2052.53,2.26,1.95,35.3,-0.446,18.64,18.96,02a59061o0334o
59061.39535,19.932,0.563,39,22,o,0,1.0,322.90582,-36.39568,6056.96,2090.74,2.02,1.95,44.3,-0.438,18.63,18.96,02a59061o0341o
59061.400382,0.0,20.667,0,20,o,0,1.01,322.90582,-36.39568,5997.54,2012.09,1.99,1.86,36.3,-0.446,18.73,19.0,02a59061o0352o
59061.410456,-21.2,2.046,-12,25,o,0,1.29,322.90582,-36.39568,5977.05,2127.42,2.21,1.93,36.1,-0.451,18.67,19.03,02a59061o0374o
59067.511318,20.116,1.221,33,40,o,0,1.14,322.90582,-36.39568,906.1,477.66,3.55,3.47,38.1,-0.339,18.0,18.92,01a59067o0465o
59067.515944,20.806,1.859,17,32,o,0,1.56,322.90582,-36.39568,925.58,515.85,3.26,2.94,18.7,-0.39,18.21,18.91,01a59067o0475o
59067.522395,-21.662,4.725,-8,37,o,0,0.86,322.90582,-36.39568,863.52,438.66,2.76,2.43,9.6,-0.451,18.34,18.89,01a59067o0489o
59067.55753,19.347,0.749,66,50,o,0,1.12,322.90582,-36.39568,843.97,554.34,3.51,3.26,20.9,-0.456,18.13,18.71,01a59067o0564o
59069.447482,-20.515,0.775,-23,18,o,0,1.18,322.90582,-36.39568,2727.49,1890.09,2.36,2.07,45.4,-0.425,18.99,19.76,02a59069o0461o
59069.456285,-20.609,0.749,-21,16,o,0,1.08,322.90582,-36.39568,2708.96,1851.43,2.3,2.14,49.4,-0.415,18.98,19.75,02a59069o0480o
59069.462299,22.984,8.0,2,19,o,0,1.11,322.90582,-36.39568,2766.58,1932.79,2.35,2.23,51.4,-0.439,18.95,19.74,02a59069o0493o
59069.475159,-24.03,22.333,-1,20,o,0,1.18,322.90582,-36.39568,2786.58,1818.48,2.42,2.33,64.0,-0.454,18.92,19.7,02a59069o0521o
59071.45351,-20.389,0.472,-25,12,o,0,1.48,322.90582,-36.39568,910.57,479.92,2.45,2.02,-12.5,-0.426,19.27,20.27,01a59071o0426o
59071.48781,21.582,1.818,8,15,o,0,0.9,322.90582,-36.39568,929.43,518.44,2.38,2.06,-5.8,-0.427,19.23,20.18,01a59071o0499o
59071.491034,-21.215,1.265,-12,15,o,0,1.2,322.90582,-36.39568,867.25,440.91,2.51,2.2,-9.8,-0.413,19.18,20.16,01a59071o0506o
59071.496672,-21.121,1.169,-13,15,o,0,1.07,322.90582,-36.39568,849.85,558.72,2.39,2.09,-6.0,-0.403,19.21,20.16,01a59071o0518o
59073.437121,-21.978,1.893,-6,11,o,0,1.12,322.90582,-36.39568,2734.56,1888.46,2.05,1.98,56.5,-0.456,19.4,20.62,02a59073o0438o
59073.44032,-21.108,0.875,-13,11,o,0,1.01,322.90582,-36.39568,2715.89,1849.67,2.1,2.03,69.8,-0.445,19.42,20.57,02a59073o0445o
59073.448095,-20.857,0.673,-16,11,o,0,1.15,322.90582,-36.39568,2774.39,1932.43,2.09,2.01,-75.4,-0.446,19.41,20.51,02a59073o0462o
59073.462344,23.76,10.3,1,12,o,0,1.13,322.90582,-36.39568,2794.29,1817.77,2.15,2.06,89.3,-0.447,19.41,20.5,02a59073o0493o
59075.425476,20.595,0.582,21,12,o,0,2.4,322.90582,-36.39568,8835.42,6704.52,2.35,2.32,-7.3,-0.386,19.29,20.49,01a59075o0393o
59075.428699,-23.952,12.571,-1,12,o,0,1.39,322.90582,-36.39568,8855.77,6743.61,2.49,2.28,2.0,-0.373,19.27,20.49,01a59075o0400o
59075.435613,-20.29,0.451,-28,12,o,0,1.19,322.90582,-36.39568,8796.36,6664.56,2.32,2.11,-80.0,-0.409,19.37,20.52,01a59075o0415o
59075.446658,-20.781,0.887,-18,16,o,0,0.71,322.90582,-36.39568,8778.91,6778.63,2.53,2.4,-6.3,-0.347,19.24,20.5,01a59075o0439o
59077.411959,-20.851,0.632,-17,10,c,0,1.03,322.90582,-36.39568,71.07,2410.41,2.54,2.2,-58.7,-0.394,19.61,21.47,02a59077o0395c
59077.413787,-20.75,0.6,-18,11,c,0,0.98,322.90582,-36.39568,87.96,2450.88,2.57,2.32,-60.6,-0.389,19.55,21.48,02a59077o0399c
59077.449827,21.126,0.736,13,10,c,0,0.97,322.90582,-36.39568,401.66,8144.35,2.53,2.36,36.2,-0.4,19.52,21.49,02a59077o0477c
59077.453028,-22.598,2.875,-3,10,c,0,1.42,322.90582,-36.39568,383.04,8105.64,2.39,2.38,-85.4,-0.408,19.53,21.49,02a59077o0484c
59077.488193,-21.801,1.688,-7,12,c,0,0.8,322.90582,-36.39568,446.58,8186.61,2.43,2.27,-58.0,-0.413,19.47,21.39,02a59077o0560c
59077.493716,21.749,1.235,7,9,c,0,1.26,322.90582,-36.39568,465.91,8074.2,2.43,2.36,86.4,-0.407,19.49,21.36,02a59077o0572c
59079.426425,-20.417,0.5,-25,12,o,0,0.75,322.90582,-36.39568,8838.76,6701.14,2.38,2.3,-5.0,-0.379,19.48,20.78,01a59079o0387o
59079.429649,-19.077,0.125,-85,11,o,0,1.11,322.90582,-36.39568,8859.88,6740.19,2.65,2.42,-2.5,-0.389,19.41,20.77,01a59079o0394o
59079.435633,20.741,0.465,18,8,o,0,1.71,322.90582,-36.39568,8801.94,6661.13,2.31,2.16,1.8,-0.393,19.52,20.77,01a59079o0407o
59079.471792,-20.157,0.362,-31,11,o,0,1.19,322.90582,-36.39568,8779.38,6776.02,2.75,2.34,6.2,-0.37,19.37,20.81,01a59079o0474o
59083.412478,-19.131,0.187,-81,15,o,0,1.1,322.90582,-36.39568,6958.45,85.38,2.77,2.2,-19.6,-0.357,19.38,20.67,01a59083o0407o
59083.413862,20.55,0.55,22,12,o,0,1.09,322.90582,-36.39568,2999.2,10336.57,2.27,2.13,-36.0,-0.391,19.44,20.75,01a59083o0410o
59083.415705,20.856,0.77,16,13,o,0,0.9,322.90582,-36.39568,6979.0,124.18,2.76,2.24,-13.5,-0.372,19.3,20.67,01a59083o0414o
59083.446633,-21.345,0.893,-10,9,o,0,0.81,322.90582,-36.39568,3017.02,10373.74,2.09,1.86,-53.5,-0.421,19.55,20.77,01a59083o0480o
59083.448477,21.973,3.233,6,19,o,0,1.35,322.90582,-36.39568,6915.82,44.18,2.94,2.26,-10.8,-0.347,19.36,20.69,01a59083o0484o
59083.449857,-21.764,1.853,-7,13,o,0,0.78,322.90582,-36.39568,2963.95,10295.68,2.21,2.01,-38.0,-0.394,19.5,20.79,01a59083o0487o
59083.454001,-26.248,104.0,0,12,o,0,0.97,322.90582,-36.39568,6895.27,161.49,2.48,2.15,-15.5,-0.379,19.45,20.66,01a59083o0496o
59083.455845,-20.306,0.331,-27,9,o,0,1.38,322.90582,-36.39568,2945.57,10413.42,2.32,2.09,-45.8,-0.41,19.51,20.76,01a59083o0500o
59095.438081,22.669,9.37,3,29,o,0,0.9,322.90582,-36.39568,4611.76,4479.99,2.42,2.23,-2.3,-0.381,18.41,18.7,01a59095o0480o
59095.441301,-20.697,1.383,-19,26,o,0,1.37,322.90582,-36.39568,4631.56,4518.22,2.43,2.23,6.2,-0.371,18.34,18.68,01a59095o0487o
59095.447744,22.795,12.0,3,33,o,0,0.77,322.90582,-36.39568,4571.74,4440.94,2.43,2.37,4.3,-0.394,18.33,18.64,01a59095o0501o
59095.45908,-19.621,0.59,-52,30,o,0,1.33,322.90582,-36.39568,4553.19,4555.74,2.74,2.38,1.6,-0.354,18.21,18.58,01a59095o0525o
59097.399715,-21.101,1.764,-13,23,o,0,1.24,322.90582,-36.39568,4818.24,2305.41,2.27,1.9,44.9,-0.435,18.68,19.12,02a59097o0395o
59097.402914,-19.097,0.276,-83,23,o,0,1.28,322.90582,-36.39568,4799.85,2266.81,2.25,1.91,46.9,-0.446,18.69,19.13,02a59097o0402o
59097.408876,20.333,0.963,27,26,o,0,0.9,322.90582,-36.39568,4858.18,2345.1,2.26,1.91,45.7,-0.443,18.61,19.04,02a59097o0415o
59097.418937,-21.309,1.879,-11,20,o,0,1.44,322.90582,-36.39568,4879.02,2229.61,2.22,1.89,48.4,-0.441,18.63,19.05,02a59097o0437o
59099.379754,-20.683,0.719,-19,14,o,0,1.33,322.90582,-36.39568,2663.27,4619.25,2.41,2.28,-56.4,-0.413,19.06,20.02,01a59099o0356o
59099.382977,-20.663,0.881,-20,17,o,0,1.05,322.90582,-36.39568,2683.77,4657.23,2.66,2.49,-2.2,-0.412,18.99,20.01,01a59099o0363o
59099.388969,21.443,1.735,10,17,o,0,0.81,322.90582,-36.39568,2623.98,4580.85,2.56,2.54,59.5,-0.4,18.99,19.99,01a59099o0376o
59099.399554,-24.223,21.667,-1,16,o,0,1.02,322.90582,-36.39568,2605.99,4695.54,2.48,2.31,-60.9,-0.386,19.07,19.95,01a59099o0399o
59101.378692,-21.324,1.127,-11,12,o,0,1.24,322.90582,-36.39568,3898.03,4229.53,2.67,2.26,40.9,-0.419,19.25,20.52,02a59101o0347o
59101.381893,-20.362,0.604,-26,16,o,0,0.99,322.90582,-36.39568,3878.7,4194.48,3.0,2.66,41.1,-0.396,19.07,20.47,02a59101o0354o
59101.387389,-23.796,11.0,-1,12,o,0,1.26,322.90582,-36.39568,3937.41,4270.44,2.43,1.97,41.5,-0.436,19.31,20.41,02a59101o0366o
59101.397969,-21.287,1.115,-11,12,o,0,1.37,322.90582,-36.39568,3959.35,4157.13,2.22,2.04,48.1,-0.433,19.29,20.31,02a59101o0389o
59103.370546,-21.687,1.069,-8,8,o,0,1.83,322.90582,-36.39568,2666.43,4617.58,2.23,2.17,-58.3,-0.406,19.52,20.91,01a59103o0347o
59103.373771,-19.301,0.163,-69,11,o,0,1.04,322.90582,-36.39568,2686.11,4656.01,2.5,2.31,-80.4,-0.401,19.43,20.9,01a59103o0354o
59103.379767,-22.882,4.031,-3,10,o,0,0.86,322.90582,-36.39568,2626.65,4578.89,1.92,1.84,-22.7,-0.418,19.69,20.87,01a59103o0367o
59103.414263,-20.27,0.365,-28,10,o,0,0.98,322.90582,-36.39568,2605.02,4693.85,2.1,1.99,-58.8,-0.413,19.59,20.83,01a59103o0441o
59105.355097,-22.317,1.929,-4,8,c,0,1.59,322.90582,-36.39568,3895.74,4226.39,2.65,2.45,49.3,-0.393,19.51,21.48,02a59105o0310c
59105.357903,21.561,1.22,9,10,c,0,0.88,322.90582,-36.39568,3876.29,4188.08,2.61,2.37,47.1,-0.393,19.53,21.47,02a59105o0316c
59105.363911,-18.947,0.085,-96,8,c,0,1.46,322.90582,-36.39568,3937.62,4268.87,2.58,2.42,48.3,-0.394,19.53,21.45,02a59105o0329c
59105.399096,-22.701,3.421,-3,10,c,0,1.14,322.90582,-36.39568,3958.41,4154.37,2.58,2.48,-71.1,-0.398,19.42,21.37,02a59105o0403c
59107.35237,-21.85,1.483,-7,10,o,0,1.02,322.90582,-36.39568,898.12,6712.41,1.96,1.7,-76.0,-0.431,19.53,20.47,01a59107o0292o
59107.355593,-18.919,0.095,-98,9,o,0,0.95,322.90582,-36.39568,917.79,6750.23,1.95,1.71,-72.5,-0.43,19.61,20.52,01a59107o0299o
59107.361582,-20.872,0.602,-16,10,o,0,1.25,322.90582,-36.39568,860.11,6674.27,2.1,1.87,-76.6,-0.43,19.52,20.58,01a59107o0312o
59107.37591,-21.625,1.27,-8,10,o,0,1.61,322.90582,-36.39568,840.95,6790.43,2.06,1.78,-79.3,-0.427,19.51,20.48,01a59107o0343o
59109.337568,20.846,9.09,17,151,c,0,0.07,322.90582,-36.39568,1504.63,10513.64,2.5,2.41,-29.2,-0.426,19.55,21.38,02a59109o0281c
59109.34077,-20.169,0.44,-31,14,c,0,1.14,322.90582,-36.39568,1485.36,10474.32,2.58,2.48,-43.6,-0.446,19.49,21.37,02a59109o0288c
59109.34995,-21.37,0.819,-10,8,c,0,1.43,322.90582,-36.39568,5712.85,348.14,2.56,2.33,-83.6,-0.413,19.47,21.43,02a59109o0308c
59109.35315,21.705,1.51,8,11,c,0,0.99,322.90582,-36.39568,5695.01,310.97,2.62,2.36,-82.1,-0.413,19.47,21.43,02a59109o0315c
59109.357271,20.119,0.343,32,11,c,0,1.09,322.90582,-36.39568,1569.51,10436.48,2.49,2.46,21.0,-0.414,19.52,21.38,02a59109o0324c
59109.358642,21.413,1.027,10,10,c,0,1.33,322.90582,-36.39568,5751.52,388.39,2.5,2.22,-73.7,-0.417,19.56,21.45,02a59109o0327c
59109.371588,-21.017,0.694,-14,10,c,0,1.08,322.90582,-36.39568,5775.99,271.94,2.51,2.2,-70.7,-0.415,19.52,21.37,02a59109o0353c
59111.358651,-19.964,2.164,-38,81,o,0,0.68,322.90582,-36.39568,896.91,6708.82,2.25,1.92,-70.5,-0.404,17.75,18.93,01a59111o0330o
59111.362335,-21.099,1.415,-13,19,o,0,1.12,322.90582,-36.39568,916.44,6746.45,2.42,2.12,-61.7,-0.394,18.75,20.02,01a59111o0338o
59111.368324,-20.685,0.658,-19,13,o,0,1.01,322.90582,-36.39568,858.07,6670.63,2.22,1.98,-73.6,-0.405,19.43,20.62,01a59111o0351o
59111.380314,-21.328,1.026,-11,11,o,0,1.38,322.90582,-36.39568,839.15,6786.56,2.06,1.91,-50.1,-0.421,19.49,20.68,01a59111o0377o
59113.337852,-20.2,2.0,-30,60,c,0,1.21,322.90582,-36.39568,5721.96,345.85,2.83,2.4,-61.0,-0.413,17.78,19.63,02a59113o0287c
59113.34115,20.119,2.063,32,67,c,0,1.47,322.90582,-36.39568,5704.75,308.96,2.81,2.34,-60.1,-0.421,17.9,19.72,02a59113o0294c
59113.34666,19.457,0.789,60,47,c,0,0.79,322.90582,-36.39568,5762.03,386.45,2.65,2.3,-66.5,-0.43,18.06,19.84,02a59113o0306c
59113.381929,20.477,3.577,23,84,c,0,1.24,322.90582,-36.39568,5781.1,270.07,2.75,2.47,-72.9,-0.415,17.52,19.36,02a59113o0382c
59115.352094,-20.563,0.559,-22,12,o,0,1.05,322.90582,-36.39568,2043.45,2308.32,1.83,1.78,4.2,-0.423,19.42,20.17,01a59115o0293o
59115.355322,22.341,2.379,4,10,o,0,1.37,322.90582,-36.39568,2064.52,2346.27,1.83,1.76,12.3,-0.418,19.43,20.16,01a59115o0300o
59115.39068,20.956,0.602,15,9,o,0,1.22,322.90582,-36.39568,1997.3,2268.42,2.06,1.85,-6.4,-0.396,19.46,20.41,01a59115o0375o
59115.396218,-20.737,0.69,-18,13,o,0,0.74,322.90582,-36.39568,1982.17,2385.09,1.93,1.86,85.0,-0.426,19.44,20.34,01a59115o0387o
59117.270149,22.346,5.4,4,23,o,0,1.27,322.90582,-36.39568,6557.28,4384.88,2.56,2.55,-88.4,-0.431,18.58,19.27,02a59117o0049o
59117.273368,20.191,0.848,30,26,o,0,0.98,322.90582,-36.39568,6579.03,4421.65,2.68,2.43,-61.5,-0.425,18.56,19.29,02a59117o0056o
59117.279318,-21.011,1.591,-14,23,o,0,1.0,322.90582,-36.39568,6522.5,4342.36,2.45,2.43,-19.5,-0.435,18.66,19.31,02a59117o0069o
59117.289396,22.008,3.122,6,18,o,0,1.69,322.90582,-36.39568,6503.12,4456.78,2.36,2.29,-54.6,-0.439,18.71,19.31,02a59117o0091o
59123.331206,22.439,6.041,4,23,o,0,1.16,322.90582,-36.39568,1959.88,8512.23,2.0,1.8,-44.9,-0.406,18.62,18.66,01a59123o0269o
59123.334899,-20.412,0.997,-25,25,o,0,1.3,322.90582,-36.39568,1978.67,8550.49,2.05,1.88,-44.7,-0.4,18.58,18.65,01a59123o0277o
59123.343276,20.991,2.195,15,32,o,0,0.8,322.90582,-36.39568,1920.63,8473.82,2.21,2.02,-43.4,-0.395,18.51,18.62,01a59123o0295o
59123.3553,-20.145,0.673,-32,21,o,0,1.39,322.90582,-36.39568,1902.11,8590.38,2.07,1.88,-44.2,-0.394,18.52,18.56,01a59123o0321o
59127.312051,21.746,2.16,7,16,o,0,1.53,322.90582,-36.39568,1953.77,8515.0,2.25,2.01,-62.4,-0.388,19.04,19.63,01a59127o0250o
59127.315271,20.746,0.829,18,15,o,0,0.75,322.90582,-36.39568,1973.15,8552.81,2.11,1.92,-41.9,-0.388,19.07,19.63,01a59127o0257o
59127.321257,-18.813,0.132,-108,14,o,0,1.31,322.90582,-36.39568,1915.95,8476.14,2.16,1.97,-53.1,-0.4,19.14,19.71,01a59127o0270o
59127.331396,-21.582,1.988,-8,17,o,0,1.33,322.90582,-36.39568,1897.44,8593.43,2.25,2.05,-62.5,-0.394,19.05,19.64,01a59127o0292o
59129.312113,-19.176,0.164,-78,13,o,0,1.07,322.90582,-36.39568,826.14,1928.83,2.15,1.98,-66.3,-0.467,19.26,20.22,02a59129o0212o
59129.31764,-20.287,0.538,-28,15,o,0,1.11,322.90582,-36.39568,807.62,1888.44,2.03,1.89,-70.8,-0.48,19.19,20.07,02a59129o0224o
59129.320868,-22.212,3.524,-5,17,o,0,1.02,322.90582,-36.39568,866.48,1969.95,2.11,1.97,-66.9,-0.471,19.22,20.03,02a59129o0231o
59129.331472,-20.618,0.764,-20,16,o,0,1.09,322.90582,-36.39568,885.71,1854.15,2.16,2.0,-65.1,-0.464,19.1,19.9,02a59129o0254o
59131.324803,22.373,2.1,4,9,o,0,1.79,322.90582,-36.39568,4946.08,201.86,2.06,1.72,1.2,-0.434,19.62,20.64,01a59131o0244o
59131.328506,-23.004,4.667,-2,11,o,0,0.88,322.90582,-36.39568,4965.02,239.81,2.09,1.77,2.9,-0.426,19.59,20.66,01a59131o0252o
59131.333112,20.493,0.712,23,16,o,0,0.94,322.90582,-36.39568,1109.6,10510.29,1.87,1.64,-48.9,-0.485,19.66,20.77,01a59131o0262o
59131.334034,-21.311,0.832,-11,9,o,0,1.44,322.90582,-36.39568,4904.08,162.35,2.09,1.79,-0.3,-0.43,19.57,20.65,01a59131o0264o
59131.3437,23.363,8.227,2,14,o,0,1.11,322.90582,-36.39568,1068.83,10471.14,1.9,1.61,-59.1,-0.495,19.72,20.71,01a59131o0285o
59131.344621,-20.755,0.498,-18,9,o,0,1.45,322.90582,-36.39568,4882.72,279.32,1.99,1.71,1.1,-0.44,19.62,20.59,01a59131o0287o
59133.316422,-21.122,0.814,-13,10,c,0,1.4,322.90582,-36.39568,9835.97,5820.66,2.87,2.78,-83.4,-0.388,19.42,21.15,02a59133o0203c
59133.320543,-20.245,0.404,-29,12,c,0,1.04,322.90582,-36.39568,9817.62,5782.04,2.91,2.84,-89.5,-0.381,19.38,21.14,02a59133o0212c
59133.327882,-21.425,1.058,-10,10,c,0,1.35,322.90582,-36.39568,9878.08,5858.45,2.89,2.82,88.4,-0.38,19.38,21.14,02a59133o0228c
59133.338925,-22.823,4.267,-3,12,c,0,1.28,322.90582,-36.39568,9898.78,5742.72,2.79,2.73,89.8,-0.394,19.42,21.15,02a59133o0252c
59137.289311,-21.666,1.449,-8,11,c,0,0.83,322.90582,-36.39568,9838.8,5819.14,2.7,2.49,-65.6,-0.411,19.51,21.13,02a59137o0212c
59137.292514,21.529,1.143,9,10,c,0,1.53,322.90582,-36.39568,9819.82,5781.48,2.68,2.51,-68.0,-0.411,19.49,21.12,02a59137o0219c
59137.299376,-23.791,10.714,-1,12,c,0,1.01,322.90582,-36.39568,9880.54,5857.88,2.66,2.49,-65.5,-0.418,19.5,21.13,02a59137o0234c
59137.309442,-20.759,0.6,-18,11,c,0,1.18,322.90582,-36.39568,9901.79,5743.79,2.62,2.51,57.2,-0.405,19.53,21.18,02a59137o0256c
59139.28512,-22.522,2.14,-4,8,o,0,2.67,322.90582,-36.39568,2930.87,332.08,2.05,1.75,-2.6,-0.418,19.46,20.32,01a59139o0207o
59139.285581,-25.12,49.75,0,16,o,0,1.09,322.90582,-36.39568,8801.19,10508.62,1.92,1.88,23.1,-0.417,19.5,20.4,01a59139o0208o
59139.29065,21.173,1.045,12,13,o,0,0.99,322.90582,-36.39568,2951.47,370.73,2.28,1.84,-5.1,-0.408,19.4,20.29,01a59139o0219o
59139.293874,20.928,1.016,16,16,o,0,1.36,322.90582,-36.39568,2889.31,293.59,2.28,1.94,-6.2,-0.406,19.21,20.12,01a59139o0226o
59139.296186,20.273,1.475,28,42,o,0,0.79,322.90582,-36.39568,8761.62,10468.09,2.09,2.02,-89.8,-0.394,18.47,19.36,01a59139o0231o
59139.304023,-21.92,1.857,-6,12,o,0,1.21,322.90582,-36.39568,2870.42,411.32,2.21,1.89,-5.9,-0.407,19.17,20.12,01a59139o0248o
59141.30828,-18.295,2.2,-174,384,c,0,1.3,322.90582,-36.39568,6724.49,2201.85,2.57,2.42,79.1,-0.391,16.28,17.91,02a59141o0126c
59141.31241,-18.97,0.299,-94,28,c,0,1.1,322.90582,-36.39568,6705.72,2161.33,2.61,2.44,76.4,-0.382,18.27,19.89,02a59141o0135c
59141.320201,17.423,1.372,390,535,c,0,1.26,322.90582,-36.39568,6763.65,2237.84,2.64,2.5,82.8,-0.391,15.21,16.81,02a59141o0152c
59141.331699,19.85,1.267,42,53,c,0,0.95,322.90582,-36.39568,6782.68,2127.98,2.65,2.51,-89.4,-0.374,17.7,19.36,02a59141o0177c
59143.264232,20.305,3.282,27,90,o,0,0.96,322.90582,-36.39568,8803.49,10509.66,2.06,1.87,-82.3,-0.4,17.92,18.45,01a59143o0165o
59143.272064,20.59,1.043,21,22,o,0,1.87,322.90582,-36.39568,2934.59,331.85,2.08,1.79,-2.6,-0.423,18.31,18.8,01a59143o0182o
59143.273446,-20.655,1.097,-20,22,o,0,1.49,322.90582,-36.39568,8765.67,10468.55,2.09,1.93,-87.5,-0.403,19.05,19.72,01a59143o0185o
59143.275285,-20.717,0.932,-19,18,o,0,1.15,322.90582,-36.39568,2955.31,370.49,2.07,1.86,10.3,-0.428,18.96,19.69,01a59143o0189o
59143.280818,-20.611,2.311,-21,48,o,0,0.84,322.90582,-36.39568,2893.08,292.58,2.24,1.86,2.5,-0.415,17.75,18.31,01a59143o0201o
59143.291405,21.244,1.563,12,18,o,0,1.06,322.90582,-36.39568,2873.98,409.55,2.17,1.84,3.0,-0.416,18.75,19.39,01a59143o0224o
59145.259699,-25.518,81.5,0,18,o,0,0.81,322.90582,-36.39568,6722.41,2198.25,2.12,2.08,78.8,-0.42,19.03,19.7,02a59145o0158o
59145.263356,-20.665,0.863,-20,17,o,0,1.4,322.90582,-36.39568,6703.76,2159.81,2.14,1.97,54.5,-0.424,19.06,19.71,02a59145o0166o
59145.269759,-21.249,1.4,-12,16,o,0,0.94,322.90582,-36.39568,6761.43,2238.09,2.1,2.03,82.4,-0.431,19.06,19.7,02a59145o0180o
59145.279821,-20.958,0.929,-15,14,o,0,1.33,322.90582,-36.39568,6781.95,2126.97,2.25,2.07,48.6,-0.418,18.97,19.64,02a59145o0202o
59151.291201,-20.717,1.4,-19,26,o,0,0.91,322.90582,-36.39568,4747.8,6411.4,2.7,2.09,-0.1,-0.37,18.58,18.97,01a59151o0233o
59151.294416,-19.65,0.503,-50,25,o,0,1.26,322.90582,-36.39568,4767.15,6449.99,3.21,2.14,0.4,-0.371,18.49,18.95,01a59151o0240o
59151.301327,-19.769,0.657,-45,30,o,0,1.02,322.90582,-36.39568,4709.01,6373.41,3.56,2.41,0.7,-0.383,18.36,18.92,01a59151o0255o
59151.311915,-21.384,3.0,-10,30,o,0,1.12,322.90582,-36.39568,4690.32,6488.71,3.07,2.42,-1.8,-0.351,18.36,18.86,01a59151o0278o
59155.266285,14.467,0.392,5934,2326,o,0,1.28,322.90582,-36.39568,5999.52,2047.88,2.52,2.21,-1.9,-0.374,12.91,12.65,01a59155o0178o
59155.285727,-16.351,1.048,-1046,1096,o,0,1.27,322.90582,-36.39568,5938.96,2124.53,2.39,2.03,-0.3,-0.392,14.18,14.0,01a59155o0220o
59157.24048,-22.056,2.372,-6,13,o,0,1.52,322.90582,-36.39568,2535.73,8570.44,2.36,1.96,37.8,-0.404,19.22,20.28,02a59157o0125o
59157.244612,21.692,2.033,8,16,o,0,1.05,322.90582,-36.39568,2516.38,8532.6,2.25,1.97,41.5,-0.416,19.2,20.23,02a59157o0134o
59157.250117,18.67,1.808,124,223,o,0,1.34,322.90582,-36.39568,2576.28,8612.3,2.55,2.07,39.3,-0.404,15.36,16.46,02a59157o0146o
59157.261606,-21.155,1.471,-12,18,o,0,1.05,322.90582,-36.39568,2599.31,8495.48,2.26,2.04,45.8,-0.416,18.78,19.73,02a59157o0171o
59161.245866,21.945,2.122,6,13,c,0,1.43,322.90582,-36.39568,2536.4,8569.68,2.69,2.38,41.5,-0.369,19.29,20.75,02a59161o0136c
59161.249991,-24.012,16.167,-1,15,c,0,1.03,322.90582,-36.39568,2517.84,8530.25,2.71,2.41,40.2,-0.367,19.24,20.77,02a59161o0145c
59161.255484,-20.459,0.509,-24,12,c,0,1.14,322.90582,-36.39568,2577.93,8609.53,2.62,2.33,42.3,-0.382,19.31,20.79,02a59161o0157c
59161.266043,-20.335,0.431,-27,12,c,0,1.4,322.90582,-36.39568,2600.83,8491.97,2.53,2.35,51.2,-0.391,19.33,20.8,02a59161o0180c
59163.247997,22.171,2.392,5,12,o,0,1.14,322.90582,-36.39568,7851.01,8636.19,2.13,2.08,-28.1,-0.388,19.4,20.25,01a59163o0142o
59163.250772,-20.614,0.54,-21,11,o,0,1.39,322.90582,-36.39568,7870.62,8676.09,2.07,2.02,-18.2,-0.391,19.4,20.26,01a59163o0148o
59163.257688,21.311,1.22,11,13,o,0,0.83,322.90582,-36.39568,7811.78,8596.66,2.24,2.04,6.9,-0.388,19.36,20.26,01a59163o0163o
59163.268757,-19.069,0.139,-86,12,o,0,1.42,322.90582,-36.39568,7793.24,8713.76,2.24,2.22,18.1,-0.38,19.29,20.22,01a59163o0187o
59169.242345,-21.123,0.838,-13,11,c,0,1.15,322.90582,-36.39568,7745.73,4030.06,2.75,2.47,48.7,-0.367,19.41,21.02,02a59169o0137c
59169.246005,-20.584,0.504,-21,11,c,0,1.42,322.90582,-36.39568,7727.81,3993.14,2.62,2.44,54.0,-0.374,19.41,21.01,02a59169o0145c
59169.252015,20.826,0.716,17,12,c,0,1.04,322.90582,-36.39568,7786.05,4070.29,2.71,2.56,67.2,-0.366,19.38,21.0,02a59169o0158c
59169.263943,-20.863,0.68,-16,11,c,0,1.39,322.90582,-36.39568,7806.49,3955.08,2.65,2.51,63.6,-0.372,19.37,21.0,02a59169o0184c
59181.211313,17.891,2.029,253,514,o,0,5.48,322.90582,-36.39568,1738.51,3808.68,2.57,2.18,40.6,-0.423,15.53,16.07,02a59181o0046o
59181.21866,-25.986,194.0,0,28,o,0,1.1,322.90582,-36.39568,1717.46,3768.58,2.53,2.25,38.2,-0.409,18.42,18.94,02a59181o0062o
59181.224641,-19.924,0.601,-39,23,o,0,1.15,322.90582,-36.39568,1775.86,3848.51,2.34,2.13,42.4,-0.43,18.51,18.92,02a59181o0075o
59181.235225,21.984,4.3,6,25,o,0,1.39,322.90582,-36.39568,1798.21,3737.45,2.46,2.3,45.6,-0.413,18.39,18.86,02a59181o0098o
59185.200279,-21.196,1.229,-12,15,o,0,1.9,322.90582,-36.39568,1737.39,3810.44,2.14,1.98,48.2,-0.445,18.96,19.54,02a59185o0042o
59185.205766,-21.04,1.008,-14,14,o,0,1.74,322.90582,-36.39568,1718.49,3771.13,2.16,1.99,46.4,-0.451,19.0,19.69,02a59185o0054o
59185.208965,-22.103,3.634,-5,19,o,0,1.08,322.90582,-36.39568,1776.9,3849.45,2.27,2.15,58.5,-0.44,18.89,19.55,02a59185o0061o
59185.219585,-21.69,3.203,-8,24,o,0,0.99,322.90582,-36.39568,1797.46,3733.74,2.21,2.07,56.1,-0.437,18.68,19.12,02a59185o0084o
59187.210133,-21.229,1.031,-12,12,o,0,1.46,322.90582,-36.39568,5755.24,8240.02,2.07,1.97,6.5,-0.409,19.25,19.97,01a59187o0034o
59187.213375,-19.074,0.165,-85,14,o,0,1.24,322.90582,-36.39568,5774.36,8278.1,2.24,2.15,21.6,-0.401,19.17,19.96,01a59187o0041o
59187.219874,22.226,3.545,5,17,o,0,0.85,322.90582,-36.39568,5718.29,8201.62,2.16,2.13,55.8,-0.417,19.16,19.94,01a59187o0055o
59187.230467,-20.711,0.72,-19,14,o,0,1.9,322.90582,-36.39568,5698.05,8319.29,2.31,2.23,61.5,-0.406,19.06,19.88,01a59187o0078o
59189.193111,19.538,0.653,56,36,c,0,1.21,322.90582,-36.39568,7618.23,236.68,2.57,2.08,-62.7,-0.441,18.04,18.87,02a59189o0024c
59189.197238,-20.178,0.821,-31,25,c,0,0.86,322.90582,-36.39568,7597.86,197.89,2.55,2.05,-64.0,-0.433,18.79,19.77,02a59189o0033c
59189.204121,-18.673,0.113,-123,14,c,0,0.97,322.90582,-36.39568,7654.38,277.41,2.59,2.08,-61.2,-0.422,19.29,20.58,02a59189o0048c
59189.215572,21.84,2.0,7,13,c,0,0.95,322.90582,-36.39568,7674.53,160.03,2.62,2.09,-60.7,-0.414,19.35,20.8,02a59189o0073c
59191.197924,21.657,2.413,8,19,o,0,1.02,322.90582,-36.39568,5748.3,8242.53,1.98,1.93,-21.7,-0.407,18.93,19.32,01a59191o0036o
59191.201145,21.158,1.239,12,16,o,0,0.98,322.90582,-36.39568,5766.98,8280.83,2.02,1.93,-15.6,-0.405,19.15,19.79,01a59191o0043o
59191.206672,20.947,0.922,15,14,o,0,0.99,322.90582,-36.39568,5707.8,8202.62,2.25,1.96,-2.3,-0.396,19.27,20.16,01a59191o0055o
59191.220023,-22.898,4.96,-2,12,o,0,1.11,322.90582,-36.39568,5688.15,8318.94,2.11,2.08,-34.4,-0.408,19.32,20.32,01a59191o0084o
59193.192515,19.876,2.269,41,92,c,0,2.02,322.90582,-36.39568,3548.83,10448.73,2.77,2.51,-48.9,-0.488,17.31,18.12,02a59193o0025c
59193.194801,20.158,1.266,31,40,c,0,0.97,322.90582,-36.39568,7614.69,237.36,2.94,2.2,-59.2,-0.445,18.14,18.97,02a59193o0030c
59193.195737,-20.328,1.699,-27,46,c,0,1.09,322.90582,-36.39568,3529.77,10407.97,2.7,2.45,-49.6,-0.397,18.08,18.93,02a59193o0032c
59193.198023,-20.729,1.557,-18,29,c,0,0.91,322.90582,-36.39568,7596.25,197.99,2.89,2.18,-57.8,-0.443,18.68,19.66,02a59193o0037c
59193.201233,-19.496,0.494,-58,28,c,0,1.36,322.90582,-36.39568,3587.28,10488.83,2.74,2.54,-59.1,-0.404,18.84,19.98,02a59193o0044c
59193.205358,21.869,2.237,6,14,c,0,1.72,322.90582,-36.39568,7648.66,274.4,2.94,2.28,-58.0,-0.417,19.15,20.5,02a59193o0053c
59193.211352,-21.15,1.471,-13,18,c,0,0.91,322.90582,-36.39568,3609.96,10368.11,2.79,2.47,-48.1,-0.399,19.09,20.52,02a59193o0066c
59193.217756,-20.116,0.395,-33,13,c,0,1.56,322.90582,-36.39568,7668.92,156.71,2.92,2.19,-56.0,-0.422,19.26,20.67,02a59193o0080c
59195.194249,-20.872,2.669,-16,43,c,0,0.86,322.90582,-36.39568,6648.56,6305.0,2.46,2.39,-82.2,-0.359,17.95,18.59,01a59195o0025c
59195.197929,21.221,2.032,12,24,c,0,1.2,322.90582,-36.39568,6669.27,6343.11,2.47,2.42,-47.7,-0.357,18.63,19.49,01a59195o0033c
59195.204374,-20.623,0.585,-20,12,c,0,1.82,322.90582,-36.39568,6609.43,6265.2,2.54,2.44,6.1,-0.357,19.15,20.39,01a59195o0047c
59195.214981,-20.5,0.549,-23,13,c,0,1.08,322.90582,-36.39568,6591.21,6381.13,2.6,2.51,-73.3,-0.361,19.26,20.67,01a59195o0070c
59333.628024,-18.317,0.362,-171,62,o,0,1.6,322.90582,-36.39568,10516.04,4827.95,2.03,1.96,-11.7,-0.442,18.01,18.2,02a59333o0866o
59335.594965,23.386,35.571,2,57,o,0,1.3,322.90582,-36.39568,9503.76,84.91,3.41,2.89,-78.5,-0.354,17.92,18.14,01a59335o0697o
59335.600524,20.824,2.66,17,45,o,0,0.84,322.90582,-36.39568,5561.57,10355.99,2.68,2.62,-71.1,-0.385,17.81,18.02,01a59335o0709o
59335.604667,-19.958,1.193,-38,45,o,0,1.1,322.90582,-36.39568,5543.26,10317.02,2.75,2.65,-67.3,-0.371,17.84,18.01,01a59335o0718o
59335.611575,18.836,0.638,106,68,o,0,1.19,322.90582,-36.39568,9483.09,42.4,3.2,2.78,-72.4,-0.357,18.06,18.21,01a59335o0733o
59335.612495,-19.394,0.629,-63,40,o,0,1.35,322.90582,-36.39568,5605.59,10394.57,2.71,2.63,-68.4,-0.373,17.88,18.03,01a59335o0735o
59335.620718,21.997,10.037,6,58,o,0,1.06,322.90582,-36.39568,9541.25,117.99,3.37,2.81,-78.3,-0.374,17.9,18.01,01a59335o0752o
59347.562661,-22.12,3.0,-5,16,o,0,1.05,322.90582,-36.39568,5816.28,4151.73,2.86,2.5,-88.7,-0.365,19.06,20.23,01a59347o0339o
59347.564508,20.646,0.679,20,14,o,0,1.16,322.90582,-36.39568,5797.11,4113.39,2.63,2.31,-87.8,-0.37,19.12,20.26,01a59347o0343o
59347.597387,-20.76,0.645,-18,12,o,0,1.08,322.90582,-36.39568,5859.2,4184.98,2.3,2.02,-84.0,-0.393,19.44,20.55,01a59347o0413o
59347.604631,-21.002,0.621,-14,9,o,0,2.04,322.90582,-36.39568,5881.27,4068.78,2.34,2.22,-77.0,-0.391,19.41,20.57,01a59347o0428o
59347.619256,-19.377,0.251,-64,16,o,0,0.99,322.90582,-36.39568,5844.63,4126.68,2.24,2.06,-81.7,-0.39,19.09,19.72,01a59347o0458o
59351.586202,-21.419,1.277,-10,12,o,0,1.19,322.90582,-36.39568,5823.68,4150.68,2.62,2.48,-64.1,-0.374,19.17,20.43,01a59351o0768o
59351.591732,-20.663,0.577,-20,11,o,0,1.16,322.90582,-36.39568,5806.3,4112.52,2.32,2.24,-64.5,-0.38,19.33,20.47,01a59351o0780o
59351.607761,24.203,14.714,1,11,o,0,1.19,322.90582,-36.39568,5863.47,4188.6,2.19,2.12,-79.0,-0.392,19.35,20.35,01a59351o0814o
59351.615586,-21.106,1.081,-13,14,o,0,1.08,322.90582,-36.39568,5884.81,4073.43,2.18,2.12,-37.2,-0.386,19.25,20.08,01a59351o0831o
59353.596471,20.008,0.314,36,11,c,0,1.28,322.90582,-36.39568,4052.36,2148.88,2.69,2.65,-79.8,-0.394,19.32,21.17,02a59353o0774c
59353.602391,20.69,0.553,19,11,c,0,1.34,322.90582,-36.39568,4067.23,2186.58,2.69,2.62,-77.7,-0.385,19.31,21.16,02a59353o0786c
59353.606524,-20.595,0.578,-21,12,c,0,1.56,322.90582,-36.39568,4012.49,2108.67,3.15,3.04,58.9,-0.389,19.15,21.09,02a59353o0795c
59353.619725,-20.005,0.744,-36,27,c,0,1.22,322.90582,-36.39568,3988.6,2222.51,2.68,2.51,41.2,-0.389,18.21,19.42,02a59353o0823c
59357.559048,21.383,1.935,10,20,o,0,1.15,322.90582,-36.39568,8009.18,1973.88,2.05,1.89,33.7,-0.437,18.72,19.39,02a59357o0699o
59357.562723,-20.648,1.093,-20,22,o,0,0.84,322.90582,-36.39568,8029.23,2012.6,1.93,1.88,-68.6,-0.447,18.93,19.54,02a59357o0707o
59357.567837,-18.741,0.138,-116,16,o,0,1.08,322.90582,-36.39568,7969.89,1932.75,2.04,1.89,35.4,-0.434,19.08,19.78,02a59357o0718o
59357.581193,20.589,0.568,21,12,o,0,1.69,322.90582,-36.39568,7949.44,2047.18,1.98,1.88,32.2,-0.439,19.25,20.23,02a59357o0747o
59359.53359,-20.711,3.104,-19,59,o,0,1.16,322.90582,-36.39568,4525.37,8509.74,4.31,4.15,72.1,-0.355,17.46,18.41,01a59359o0654o
59359.537274,20.334,1.306,27,35,o,0,1.11,322.90582,-36.39568,4505.95,8469.94,2.75,2.47,-87.0,-0.392,18.01,18.45,01a59359o0662o
59359.542802,-21.852,4.771,-7,32,o,0,1.62,322.90582,-36.39568,4566.98,8547.57,2.49,2.4,-63.9,-0.404,18.14,18.51,01a59359o0674o
59359.554337,20.48,1.335,23,31,o,0,0.93,322.90582,-36.39568,4590.48,8431.66,2.41,2.08,84.3,-0.411,18.24,18.58,01a59359o0699o
59361.530252,-19.535,2.27,-56,126,o,0,1.04,322.90582,-36.39568,8008.3,1977.49,2.05,1.86,33.3,-0.447,16.56,16.54,02a59361o0630o
59361.533454,-17.357,0.646,-414,268,o,0,0.77,322.90582,-36.39568,8028.33,2016.91,1.89,1.85,-81.5,-0.468,16.0,15.88,02a59361o0637o
59361.536256,18.556,1.324,137,182,o,0,1.47,322.90582,-36.39568,7968.33,1937.4,2.14,1.95,36.4,-0.464,16.04,16.01,02a59361o0643o
59361.546826,-21.438,43.528,-10,420,o,0,0.9,322.90582,-36.39568,7948.24,2053.33,2.28,2.06,34.2,-0.385,15.95,16.45,02a59361o0666o
59367.578829,-18.863,0.141,-104,15,o,0,1.1,322.90582,-36.39568,2735.69,1909.82,2.11,2.08,47.6,-0.415,19.2,19.91,01a59367o0737o
59367.594858,-21.617,1.667,-8,14,o,0,1.23,322.90582,-36.39568,2716.47,1869.54,2.17,2.01,74.8,-0.442,19.19,19.85,01a59367o0771o
59367.603612,-21.708,1.973,-8,15,o,0,1.15,322.90582,-36.39568,2774.97,1948.59,2.19,2.06,78.3,-0.42,19.21,19.92,01a59367o0790o
59367.61177,-21.01,1.462,-14,21,o,0,1.07,322.90582,-36.39568,2788.7,1831.39,2.32,2.19,77.0,-0.447,18.89,19.55,01a59367o0807o
59371.558697,-18.913,0.098,-99,10,c,0,1.32,322.90582,-36.39568,433.5,8164.26,3.02,2.75,-74.7,-0.367,19.44,21.39,01a59371o0695c
59371.561922,22.219,1.605,5,8,c,0,1.56,322.90582,-36.39568,414.37,8125.39,2.43,2.27,-61.2,-0.384,19.63,21.41,01a59371o0702c
59371.564228,21.363,1.113,10,12,c,0,1.03,322.90582,-36.39568,10492.9,8125.35,2.88,2.6,88.4,-0.342,19.58,21.39,01a59371o0707c
59371.565611,22.265,2.122,4,10,c,0,1.07,322.90582,-36.39568,473.23,8205.14,2.46,2.23,-76.0,-0.382,19.67,21.41,01a59371o0710c
59371.567454,21.146,0.901,13,11,c,0,0.78,322.90582,-36.39568,10473.07,8086.66,2.85,2.5,87.1,-0.345,19.65,21.4,01a59371o0714c
59371.576549,-21.925,1.519,-6,9,c,0,0.98,322.90582,-36.39568,498.58,8089.69,2.52,2.32,-66.4,-0.376,19.63,21.42,01a59371o0733c
59375.571621,-21.657,1.5,-8,12,c,0,1.13,322.90582,-36.39568,10497.29,8119.37,3.11,2.86,16.5,-0.304,19.55,21.43,01a59375o0343c
59375.575314,-20.218,0.386,-30,12,c,0,0.82,322.90582,-36.39568,10477.82,8080.25,2.94,2.87,74.3,-0.306,19.54,21.43,01a59375o0351c
59375.576694,-20.45,0.519,-24,12,c,0,0.98,322.90582,-36.39568,437.12,8163.65,3.25,2.91,-6.3,-0.323,19.42,21.42,01a59375o0354c
59375.582229,-20.981,0.667,-15,10,c,0,1.26,322.90582,-36.39568,418.71,8124.67,2.83,2.69,-68.2,-0.35,19.49,21.45,01a59375o0366c
59375.584073,-20.861,0.575,-16,9,c,0,1.15,322.90582,-36.39568,480.2,8204.13,2.75,2.62,-59.2,-0.355,19.57,21.47,01a59375o0370c
59375.59549,24.256,12.667,1,9,c,0,1.15,322.90582,-36.39568,500.96,8086.47,2.63,2.4,-74.9,-0.365,19.6,21.43,01a59375o0394c
59379.55066,-21.399,0.726,-10,7,c,0,2.38,322.90582,-36.39568,1941.84,5769.5,2.56,2.32,-86.6,-0.394,19.64,21.35,01a59379o0674c
59379.552961,-21.695,1.186,-8,9,c,0,1.03,322.90582,-36.39568,1923.4,5730.16,2.4,2.23,-85.2,-0.399,19.65,21.34,01a59379o0679c
59379.555726,-21.373,0.928,-10,10,c,0,1.14,322.90582,-36.39568,1982.23,5808.32,2.58,2.38,-89.2,-0.394,19.6,21.34,01a59379o0685c
59379.562177,26.346,90.0,0,10,c,0,0.95,322.90582,-36.39568,2004.61,5693.99,2.37,2.19,-84.8,-0.401,19.69,21.39,01a59379o0699c
59383.551696,22.164,1.545,5,8,c,0,1.49,322.90582,-36.39568,1942.53,5771.87,2.34,2.25,85.8,-0.392,19.69,21.5,01a59383o0458c
59383.553537,24.0,11.0,1,10,c,0,0.92,322.90582,-36.39568,1923.28,5733.05,2.33,2.11,85.0,-0.403,19.6,21.4,01a59383o0462c
59383.560476,-19.23,0.199,-74,15,c,0,1.79,322.90582,-36.39568,1983.51,5811.29,2.23,2.13,85.9,-0.406,18.69,20.42,01a59383o0477c
59383.566014,21.007,0.974,14,14,c,0,0.97,322.90582,-36.39568,2002.27,5697.2,2.39,2.24,80.1,-0.391,19.11,20.94,01a59383o0489c
59385.486604,20.046,0.489,35,17,o,0,1.09,322.90582,-36.39568,8817.62,6745.11,2.26,2.06,41.0,-0.423,19.03,19.66,02a59385o0440o
59385.490732,-18.883,0.208,-102,21,o,0,0.73,322.90582,-36.39568,8838.93,6783.03,2.2,2.11,78.9,-0.438,19.1,19.73,02a59385o0449o
59385.517739,-22.114,3.023,-5,16,o,0,0.91,322.90582,-36.39568,8783.32,6700.94,2.22,1.97,39.6,-0.433,19.38,20.44,02a59385o0507o
59385.523242,-19.984,0.372,-37,14,o,0,1.26,322.90582,-36.39568,8762.17,6817.34,2.29,1.92,38.4,-0.427,19.38,20.48,02a59385o0519o
59387.506531,14.339,0.496,6675,3308,o,0,0.89,322.90582,-36.39568,4801.94,2274.42,2.22,2.13,62.8,-0.411,13.65,13.29,01a59387o0593o
59387.515284,15.128,1.135,3227,3664,o,0,0.82,322.90582,-36.39568,4880.18,2237.17,2.48,2.25,85.1,-0.413,14.68,14.65,01a59387o0612o
59389.472056,-18.438,0.431,-153,66,o,0,0.91,322.90582,-36.39568,7008.26,110.5,2.44,1.97,-57.1,-0.447,17.45,17.39,02a59389o0498o
59389.472982,-18.526,0.443,-141,62,o,0,1.79,322.90582,-36.39568,2942.33,10328.12,2.43,2.07,-56.3,-0.431,17.43,17.32,02a59389o0500o
59389.476581,-21.666,10.628,-8,83,o,0,1.56,322.90582,-36.39568,2962.19,10365.47,2.55,2.05,-58.8,-0.493,17.51,17.42,02a59389o0507o
59389.477038,-21.172,6.844,-12,84,o,0,3.41,322.90582,-36.39568,7026.36,148.9,2.32,2.06,-65.3,-0.448,17.27,17.17,02a59389o0508o
59389.480241,18.6,0.64,132,84,o,0,0.89,322.90582,-36.39568,6967.74,70.53,2.35,1.99,-60.0,-0.461,17.35,17.28,02a59389o0515o
59389.482079,-19.303,1.078,-69,74,o,0,1.11,322.90582,-36.39568,2907.76,10288.78,2.72,1.87,-55.2,-0.417,17.84,17.78,02a59389o0519o
59389.487115,-19.006,0.431,-91,39,o,0,1.47,322.90582,-36.39568,6945.82,189.1,2.06,1.83,-67.6,-0.473,17.8,17.73,02a59389o0530o
59389.489418,20.551,2.513,22,55,o,0,1.05,322.90582,-36.39568,2887.58,10405.95,2.48,1.93,-54.6,-0.59,17.92,17.88,02a59389o0535o
59395.52298,-21.517,1.582,-9,14,o,0,1.15,322.90582,-36.39568,3906.45,4245.16,2.22,2.08,-8.4,-0.396,19.11,19.72,01a59395o0612o
59395.524819,20.4,0.756,25,19,o,0,0.65,322.90582,-36.39568,3886.24,4206.22,2.29,2.15,-85.9,-0.409,19.06,19.73,01a59395o0616o
59395.545302,23.507,9.714,1,14,o,0,1.28,322.90582,-36.39568,6613.97,6282.53,2.26,2.11,-61.6,-0.405,19.17,19.81,01a59395o0660o
59395.550999,21.929,1.927,6,12,o,0,2.01,322.90582,-36.39568,3964.92,4166.59,2.33,2.24,-81.6,-0.398,19.1,19.8,01a59395o0672o
59399.51672,-19.99,0.278,-37,10,o,0,1.59,322.90582,-36.39568,3904.6,4245.71,2.28,2.22,-58.2,-0.403,19.35,20.48,01a59399o0598o
59399.518562,-22.345,3.081,-4,13,o,0,0.78,322.90582,-36.39568,3885.1,4207.05,2.35,2.26,-72.2,-0.398,19.37,20.52,01a59399o0602o
59399.522726,-22.677,3.281,-3,10,o,0,1.26,322.90582,-36.39568,3947.02,4284.37,2.16,2.09,-10.7,-0.397,19.46,20.53,01a59399o0611o
59399.529644,21.475,1.214,9,11,o,0,1.32,322.90582,-36.39568,3964.89,4169.35,2.12,2.08,-56.8,-0.405,19.48,20.53,01a59399o0626o
59403.497923,-20.856,1.093,-16,18,o,0,0.75,322.90582,-36.39568,1528.23,10496.35,1.81,1.65,-65.5,-0.467,19.44,20.43,01a59403o0558o
59403.499305,-20.421,0.519,-25,13,o,0,1.15,322.90582,-36.39568,5713.17,356.07,1.97,1.94,76.6,-0.419,19.36,20.34,01a59403o0561o
59403.501149,21.823,1.809,7,12,o,0,2.2,322.90582,-36.39568,5694.63,316.9,2.12,2.06,-5.4,-0.412,19.07,20.12,01a59403o0565o
59403.503915,19.887,0.852,40,34,o,0,1.23,322.90582,-36.39568,5750.04,394.96,2.03,1.98,-34.6,-0.411,18.56,19.56,01a59403o0571o
59403.505758,-21.497,2.75,-9,25,o,0,1.35,322.90582,-36.39568,1609.02,10458.72,1.92,1.76,-63.0,-0.462,18.35,19.37,01a59403o0575o
59403.508984,-20.55,1.066,-22,23,o,0,0.81,322.90582,-36.39568,5769.16,277.52,2.01,1.95,75.9,-0.415,18.74,19.77,01a59403o0582o
59405.543672,-20.653,0.819,-20,16,c,0,1.02,322.90582,-36.39568,7880.35,5959.94,2.77,2.37,44.5,-0.379,19.18,20.92,02a59405o0551c
59405.547819,-21.075,0.887,-14,12,c,0,1.58,322.90582,-36.39568,7862.97,5921.83,2.57,2.43,57.3,-0.392,19.32,21.03,02a59405o0560c
59405.555146,-21.071,0.931,-14,13,c,0,1.05,322.90582,-36.39568,7923.01,5999.04,2.59,2.45,59.4,-0.392,19.33,21.09,02a59405o0576c
59405.565723,-22.487,3.083,-4,11,c,0,1.06,322.90582,-36.39568,7943.53,5886.85,2.59,2.39,51.1,-0.389,19.49,21.23,02a59405o0599c
59411.483922,-18.976,0.101,-93,9,o,0,1.43,322.90582,-36.39568,4007.94,6175.55,2.64,2.19,3.3,-0.355,19.36,20.67,01a59411o0531o
59411.485765,20.406,0.416,25,10,o,0,1.29,322.90582,-36.39568,3988.91,6136.9,2.54,2.08,3.5,-0.371,19.42,20.67,01a59411o0535o
59411.490875,22.25,2.173,5,10,o,0,1.17,322.90582,-36.39568,4049.9,6215.86,2.09,1.99,-13.1,-0.383,19.52,20.69,01a59411o0546o
59411.495942,21.806,1.329,7,9,o,0,1.04,322.90582,-36.39568,4067.97,6099.98,2.16,1.99,-4.0,-0.385,19.53,20.69,01a59411o0557o
59413.457747,-22.463,2.826,-4,11,c,0,1.6,322.90582,-36.39568,885.07,6674.28,2.63,2.41,-48.9,-0.408,19.44,21.21,02a59413o0458c
59413.461439,21.119,0.92,13,12,c,0,0.79,322.90582,-36.39568,904.95,6711.52,2.55,2.23,-55.6,-0.422,19.51,21.26,02a59413o0466c
59413.46693,-21.608,1.19,-8,10,c,0,1.11,322.90582,-36.39568,848.0,6634.75,2.48,2.17,-55.6,-0.427,19.57,21.28,02a59413o0478c
59413.477034,20.605,0.549,21,11,c,0,1.32,322.90582,-36.39568,828.13,6749.39,2.54,2.4,-43.9,-0.404,19.45,21.26,02a59413o0500c
59415.426535,-21.794,2.282,-7,16,o,0,1.17,322.90582,-36.39568,4001.81,6173.75,2.14,2.07,-44.4,-0.398,18.86,19.31,01a59415o0409o
59415.428835,20.919,1.235,16,19,o,0,0.94,322.90582,-36.39568,3981.52,6133.96,2.2,2.09,-52.7,-0.396,18.85,19.32,01a59415o0414o
59415.432977,-20.931,0.833,-15,13,o,0,1.9,322.90582,-36.39568,4040.52,6211.9,2.05,1.91,-9.1,-0.392,18.97,19.33,01a59415o0423o
59415.443119,20.411,0.663,25,16,o,0,1.42,322.90582,-36.39568,4059.95,6096.49,2.12,2.01,-73.5,-0.401,18.91,19.35,01a59415o0445o
59423.435344,-21.748,2.961,-7,22,o,0,1.01,322.90582,-36.39568,816.07,1959.01,2.75,2.35,75.0,-0.426,18.86,19.62,01a59423o0130o
59423.437649,20.719,0.939,19,18,o,0,1.11,322.90582,-36.39568,799.23,1920.23,2.36,2.29,51.3,-0.385,18.91,19.62,01a59423o0135o
59423.440413,20.787,1.35,18,24,o,0,0.72,322.90582,-36.39568,854.64,2000.37,2.82,2.51,69.1,-0.405,18.81,19.6,01a59423o0141o
59423.446423,20.024,0.573,36,20,o,0,1.52,322.90582,-36.39568,872.78,1884.84,2.9,2.45,69.1,-0.412,18.8,19.6,01a59423o0154o
59423.449187,-19.939,0.868,-38,33,o,0,1.31,322.90582,-36.39568,10525.4,1859.8,3.45,2.85,-80.6,-0.302,18.82,19.52,01a59423o0160o
59427.492484,-21.74,1.556,-7,11,o,0,1.07,322.90582,-36.39568,700.98,4789.93,2.14,1.95,-80.3,-0.415,19.42,20.42,01a59427o0552o
59427.495709,22.432,3.409,4,13,o,0,0.9,322.90582,-36.39568,721.55,4827.42,2.09,1.96,-72.4,-0.41,19.47,20.41,01a59427o0559o
59427.50139,22.012,2.167,6,12,o,0,0.93,322.90582,-36.39568,663.13,4751.01,2.16,2.05,-70.8,-0.401,19.4,20.42,01a59427o0571o
59427.534908,-22.756,7.474,-3,21,o,0,1.12,322.90582,-36.39568,10524.11,4785.47,2.8,2.57,-78.6,-0.363,19.15,20.31,01a59427o0643o
59427.535828,-20.889,0.797,-16,13,o,0,1.43,322.90582,-36.39568,649.8,4862.62,2.43,2.3,-66.5,-0.4,19.27,20.39,01a59427o0645o
59429.485148,-21.838,1.685,-7,11,o,0,1.6,322.90582,-36.39568,8631.15,2060.3,2.31,2.06,-60.8,-0.426,19.28,20.37,02a59429o0541o
59429.488349,-23.649,11.5,-1,14,o,0,1.19,322.90582,-36.39568,8612.37,2023.53,2.33,2.07,-60.5,-0.431,19.31,20.38,02a59429o0548o
59429.494295,-20.517,0.541,-22,12,o,0,1.66,322.90582,-36.39568,8670.13,2100.74,2.4,2.12,-62.5,-0.428,19.24,20.39,02a59429o0561o
59429.527698,-22.747,4.412,-3,13,o,0,1.72,322.90582,-36.39568,8696.69,1986.7,2.7,2.42,-62.8,-0.411,19.11,20.33,02a59429o0633o
59431.439668,-20.83,0.575,-17,10,c,0,1.17,322.90582,-36.39568,9845.17,5801.42,2.96,2.6,88.6,-0.372,19.63,21.42,01a59431o0448c
59431.441513,-21.039,0.653,-14,9,c,0,1.25,322.90582,-36.39568,9826.07,5764.25,2.85,2.47,-88.4,-0.38,19.66,21.44,01a59431o0452c
59431.444275,-22.699,3.0,-3,9,c,0,1.11,322.90582,-36.39568,9885.12,5839.85,2.83,2.48,88.6,-0.38,19.65,21.45,01a59431o0458c
59431.449341,20.795,0.521,18,9,c,0,1.75,322.90582,-36.39568,9905.49,5722.9,2.95,2.67,86.9,-0.348,19.6,21.46,01a59431o0469c
59431.525638,22.018,3.097,6,18,c,0,0.92,322.90582,-36.39568,10517.4,4789.6,3.32,2.87,-83.1,-0.33,19.43,21.29,01a59431o0632c
59433.532374,22.182,2.675,5,13,o,0,1.13,322.90582,-36.39568,8634.09,2068.5,2.31,1.98,-64.2,-0.436,19.29,20.4,02a59433o0649o
59433.535575,-20.039,0.383,-35,13,o,0,1.09,322.90582,-36.39568,8615.36,2030.81,2.33,2.06,-60.5,-0.432,19.26,20.38,02a59433o0656o
59433.555689,-19.385,0.178,-64,11,o,0,1.27,322.90582,-36.39568,8667.85,2110.51,2.35,2.07,-62.0,-0.426,19.23,20.44,02a59433o0699o
59435.465287,-23.185,4.0,-2,8,c,0,1.07,322.90582,-36.39568,3860.28,8380.85,2.48,2.24,-70.0,-0.376,19.67,21.45,01a59435o0466c
59435.468514,21.741,1.226,7,9,c,0,1.24,322.90582,-36.39568,3880.3,8418.1,2.8,2.56,-73.8,-0.369,19.5,21.43,01a59435o0473c
59435.475138,-22.687,2.545,-3,8,c,0,1.44,322.90582,-36.39568,3821.77,8340.12,2.81,2.51,-69.2,-0.393,19.55,21.4,01a59435o0487c
59435.511147,-20.821,0.664,-17,11,c,0,0.94,322.90582,-36.39568,3807.97,8453.19,2.85,2.55,-75.1,-0.371,19.48,21.17,01a59435o0564c
59437.463833,22.329,3.312,4,14,o,0,1.38,322.90582,-36.39568,5547.32,10348.26,2.37,2.16,46.1,-0.423,19.21,20.13,02a59437o0500o
59437.46429,-20.822,0.978,-17,17,o,0,1.45,322.90582,-36.39568,9495.66,72.36,2.59,1.72,-55.4,-0.48,19.28,20.25,02a59437o0501o
59437.467033,21.156,1.102,12,14,o,0,1.48,322.90582,-36.39568,5529.46,10310.34,2.27,2.14,57.2,-0.437,19.24,20.12,02a59437o0507o
59437.472156,21.396,1.64,10,16,o,0,1.07,322.90582,-36.39568,5590.46,10389.56,2.31,2.21,48.3,-0.439,19.17,20.08,02a59437o0518o
59437.472614,21.174,1.373,12,17,o,0,1.1,322.90582,-36.39568,9535.37,113.35,2.33,1.7,-55.5,-0.504,19.29,20.19,02a59437o0519o
59437.540504,-24.031,24.167,-1,21,o,0,0.73,322.90582,-36.39568,5620.5,10282.82,2.4,2.3,61.0,-0.417,19.02,19.84,02a59437o0597o
59439.460119,-20.507,0.428,-23,10,c,0,1.01,322.90582,-36.39568,3853.39,8372.66,3.07,2.69,-54.3,-0.356,19.56,21.54,01a59439o0495c
59439.463352,22.525,3.278,4,12,c,0,0.8,322.90582,-36.39568,3872.83,8410.1,3.48,3.04,-56.2,-0.341,19.41,21.53,01a59439o0502c
59439.470316,22.099,1.688,5,9,c,0,1.42,322.90582,-36.39568,3815.49,8332.29,3.22,2.69,-51.1,-0.357,19.5,21.52,01a59439o0517c
59439.505225,22.594,3.4,3,11,c,0,1.09,322.90582,-36.39568,3801.82,8445.19,3.69,3.17,-49.4,-0.334,19.33,21.45,01a59439o0592c
59441.404035,-20.55,0.838,-22,18,o,0,1.32,322.90582,-36.39568,1061.65,10476.4,2.85,1.69,-56.1,-0.508,19.36,20.45,02a59441o0379o
59441.428377,-19.612,0.477,-52,25,o,0,1.4,322.90582,-36.39568,1076.71,10511.36,2.72,1.66,-57.3,-0.516,19.39,20.54,02a59441o0431o
59441.432589,21.603,2.072,8,17,o,0,0.96,322.90582,-36.39568,1022.66,10435.43,2.58,1.64,-57.5,-0.473,19.41,20.53,02a59441o0440o
59443.391539,20.539,0.751,22,17,o,0,1.16,322.90582,-36.39568,6518.88,8397.29,2.45,2.22,-53.8,-0.437,18.98,19.66,01a59443o0289o
59443.394299,20.467,0.782,24,18,o,0,1.08,322.90582,-36.39568,6499.54,8358.83,2.41,2.3,-50.9,-0.424,18.97,19.67,01a59443o0295o
59443.397981,19.724,0.433,47,20,o,0,0.74,322.90582,-36.39568,6559.8,8435.5,2.29,2.26,22.0,-0.427,19.03,19.69,01a59443o0303o
59443.403046,-21.205,1.327,-12,16,o,0,0.94,322.90582,-36.39568,6579.75,8319.26,2.41,2.24,-47.0,-0.43,19.0,19.7,01a59443o0314o
59443.498022,21.539,1.355,9,12,o,0,1.14,322.90582,-36.39568,3998.36,2191.77,2.33,2.24,69.2,-0.412,19.3,20.53,01a59443o0487o
59445.326206,-17.509,0.575,-360,207,o,0,1.09,322.90582,-36.39568,8712.71,10517.05,3.41,2.0,-55.7,-0.389,18.35,18.39,02a59445o0193o
59445.328034,20.419,1.388,25,34,o,0,0.86,322.90582,-36.39568,2986.0,322.79,2.07,1.82,-66.6,-0.431,18.25,18.29,02a59445o0197o
59445.329866,21.747,5.086,7,37,o,0,1.07,322.90582,-36.39568,3006.81,361.63,2.27,1.91,-63.9,-0.509,18.14,18.28,02a59445o0201o
59445.333066,-21.477,3.956,-9,37,o,0,0.81,322.90582,-36.39568,2945.38,282.82,2.12,1.76,-62.1,-0.448,18.24,18.3,02a59445o0208o
59445.338103,20.32,0.974,27,26,o,0,1.52,322.90582,-36.39568,2925.71,400.09,2.06,1.76,-63.5,-0.456,18.28,18.33,02a59445o0219o
59451.428139,-20.608,1.257,-21,26,o,0,0.86,322.90582,-36.39568,7971.49,1956.96,2.03,1.95,-36.0,-0.425,18.75,19.04,01a59451o0447o
59451.432852,-21.627,3.236,-8,26,o,0,0.79,322.90582,-36.39568,7989.44,1996.0,2.22,2.04,-57.5,-0.441,18.6,18.85,01a59451o0457o
59451.443481,21.609,2.681,8,22,o,0,1.16,322.90582,-36.39568,7930.97,1915.59,2.27,2.25,21.5,-0.409,18.7,19.07,01a59451o0480o
59451.449501,-19.944,0.508,-38,19,o,0,1.53,322.90582,-36.39568,7911.69,2032.33,2.18,2.11,30.2,-0.404,18.85,19.17,01a59451o0493o
59453.493213,-21.055,1.543,-14,21,o,0,0.88,322.90582,-36.39568,5823.76,4143.84,2.62,2.18,45.1,-0.405,18.93,19.65,02a59453o0341o
59453.496431,22.79,7.278,3,20,o,0,1.2,322.90582,-36.39568,5803.0,4102.17,2.6,2.29,44.5,-0.396,18.81,19.64,02a59453o0348o
59453.503299,-21.985,2.615,-6,15,o,0,1.91,322.90582,-36.39568,5860.34,4179.52,2.58,2.21,44.6,-0.399,18.87,19.59,02a59453o0363o
59453.517564,-19.14,0.21,-80,17,o,0,1.35,322.90582,-36.39568,5882.2,4065.95,2.45,2.18,42.1,-0.412,18.79,19.45,02a59453o0394o
59455.412892,20.36,0.481,26,12,o,0,1.15,322.90582,-36.39568,7969.6,1958.64,2.29,2.13,-52.8,-0.433,19.33,20.26,01a59455o0421o
59455.416119,-21.656,1.637,-8,13,o,0,0.9,322.90582,-36.39568,7990.82,1996.6,2.16,2.05,-51.5,-0.442,19.36,20.26,01a59455o0428o
59455.423943,20.986,0.87,15,13,o,0,1.42,322.90582,-36.39568,7931.79,1916.97,2.12,2.03,-60.6,-0.433,19.37,20.22,01a59455o0445o
59455.4575,22.692,4.345,3,13,o,0,1.31,322.90582,-36.39568,7913.23,2030.39,2.23,2.13,-65.2,-0.431,19.25,20.11,01a59455o0517o
59457.378154,21.198,0.802,12,10,c,0,1.0,322.90582,-36.39568,5809.11,4130.27,2.49,2.31,46.2,-0.391,19.56,21.27,02a59457o0343c
59457.382011,-18.974,0.076,-93,7,c,0,1.59,322.90582,-36.39568,4752.38,6454.41,2.36,2.27,34.9,-0.394,19.59,21.27,02a59457o0351c
59457.388432,20.494,0.436,23,10,c,0,1.22,322.90582,-36.39568,4700.1,6373.61,2.34,2.26,37.0,-0.394,19.6,21.26,02a59457o0365c
59457.412058,-21.995,1.41,-6,8,c,0,1.43,322.90582,-36.39568,5871.14,4052.3,2.57,2.38,56.0,-0.385,19.49,21.22,02a59457o0416c
59463.417383,21.023,0.963,14,14,o,0,0.9,322.90582,-36.39568,2820.82,6557.73,2.65,2.28,-48.0,-0.42,19.37,20.65,01a59463o0241o
59463.421065,23.118,4.765,2,10,o,0,1.41,322.90582,-36.39568,2841.1,6595.04,2.44,2.29,-57.8,-0.404,19.41,20.63,01a59463o0249o
59463.427978,20.238,0.429,29,12,o,0,1.13,322.90582,-36.39568,2782.72,6517.91,2.72,2.4,-45.5,-0.412,19.31,20.53,01a59463o0264o
59463.440995,-20.462,0.532,-24,13,o,0,1.26,322.90582,-36.39568,2763.24,6632.81,2.73,2.47,-45.0,-0.42,19.26,20.43,01a59463o0292o
59465.374219,-20.782,0.619,-18,11,c,0,1.1,322.90582,-36.39568,4513.32,8488.64,2.69,2.38,41.8,-0.385,19.47,21.19,02a59465o0345c
59465.40809,-20.451,0.533,-24,13,c,0,0.99,322.90582,-36.39568,4497.06,8450.71,2.64,2.4,49.0,-0.391,19.47,21.17,02a59465o0418c
59465.411291,22.336,3.077,4,13,c,0,0.84,322.90582,-36.39568,4556.9,8530.84,2.8,2.39,46.7,-0.374,19.46,21.16,02a59465o0425c
59465.416781,-22.904,4.125,-2,10,c,0,1.0,322.90582,-36.39568,4578.73,8415.31,2.62,2.4,49.6,-0.392,19.45,21.16,02a59465o0437c
59467.421439,20.099,0.815,33,27,o,0,0.94,322.90582,-36.39568,768.9,542.0,4.07,3.25,-43.4,-0.514,19.02,20.51,01a59467o0287o
59467.424663,22.036,4.8,6,27,o,0,0.84,322.90582,-36.39568,790.51,580.14,4.22,3.29,-44.8,-0.506,19.06,20.48,01a59467o0294o
59467.425584,-19.82,11.821,-43,506,o,0,0.0,322.90582,-36.39568,6898.7,10514.32,4.13,3.37,44.6,-0.344,19.04,20.56,01a59467o0296o
59467.431115,-20.211,0.88,-30,26,o,0,1.09,322.90582,-36.39568,726.22,502.99,4.05,3.12,-42.9,-0.494,19.03,20.47,01a59467o0308o
59467.442196,-20.139,0.762,-32,24,o,0,1.16,322.90582,-36.39568,710.49,619.49,4.08,3.36,-43.1,-0.524,18.95,20.42,01a59467o0332o
59469.356796,-20.42,0.409,-25,10,c,0,1.41,322.90582,-36.39568,2726.61,1875.51,2.55,2.41,-80.2,-0.403,19.5,21.3,02a59469o0311c
59471.329039,-20.682,1.065,-19,21,o,0,1.05,322.90582,-36.39568,9658.85,10014.05,3.04,2.83,41.4,-0.423,18.89,19.91,01a59471o0279o
59471.330883,23.372,11.625,2,19,o,0,1.39,322.90582,-36.39568,9635.24,9975.14,2.92,2.84,60.6,-0.425,18.93,19.91,01a59471o0283o
59471.33734,-21.971,2.857,-6,17,o,0,1.41,322.90582,-36.39568,9700.31,10053.55,3.01,2.83,-71.6,-0.43,18.9,19.92,01a59471o0297o
59471.342876,-20.623,0.939,-20,19,o,0,1.02,322.90582,-36.39568,9718.76,9934.67,3.02,2.83,-69.9,-0.422,18.9,19.93,01a59471o0309o
59471.409616,-18.621,0.85,-129,110,o,0,0.38,322.90582,-36.39568,6897.09,10517.64,3.01,2.85,-46.8,-0.466,18.97,20.06,01a59471o0451o
59479.36831,-19.543,1.03,-55,57,o,0,0.85,322.90582,-36.39568,8795.42,6651.71,3.02,2.76,-60.6,-0.46,18.39,19.04,01a59479o0352o
59479.371538,-19.721,1.24,-47,58,o,0,0.92,322.90582,-36.39568,8816.24,6690.16,3.05,2.82,-60.3,-0.453,18.35,19.03,01a59479o0359o
59479.377069,21.604,7.308,8,61,o,0,0.75,322.90582,-36.39568,8756.9,6611.67,3.02,2.91,-78.3,-0.439,18.38,19.03,01a59479o0371o
59479.388132,-19.255,0.641,-72,46,o,0,1.92,322.90582,-36.39568,8741.65,6727.09,3.04,2.89,-65.7,-0.446,18.35,19.0,01a59479o0395o
59483.3206,21.751,1.974,7,14,o,0,1.39,322.90582,-36.39568,6805.99,67.14,2.82,2.67,-34.2,-0.483,19.08,20.35,01a59483o0257o
59483.323824,-21.53,2.0,-9,18,o,0,0.7,322.90582,-36.39568,6827.52,105.36,2.91,2.75,-43.5,-0.464,19.05,20.28,01a59483o0264o
59483.341825,-22.286,3.391,-4,15,o,0,1.44,322.90582,-36.39568,6747.82,142.77,2.87,2.69,-49.6,-0.488,18.93,20.04,01a59483o0303o
59483.34321,20.753,1.08,18,20,o,0,0.97,322.90582,-36.39568,3012.7,10382.32,3.13,2.76,-29.7,-0.436,18.98,20.15,01a59483o0306o
59483.346453,22.091,3.692,5,20,o,0,1.02,322.90582,-36.39568,3031.54,10420.17,3.16,2.69,-42.4,-0.441,18.98,20.12,01a59483o0313o
59483.352438,-20.315,0.804,-27,22,o,0,1.0,322.90582,-36.39568,2974.63,10342.59,3.45,3.06,-60.6,-0.395,18.84,20.07,01a59483o0326o
59483.363949,20.2,0.676,30,20,o,0,1.11,322.90582,-36.39568,2958.65,10459.15,3.26,2.84,-46.3,-0.422,18.85,19.99,01a59483o0351o
59485.317023,-20.91,0.77,-16,12,o,0,1.44,322.90582,-36.39568,1924.33,5739.07,2.41,2.26,37.6,-0.422,19.28,20.53,02a59485o0260o
59485.320222,-21.631,1.509,-8,12,o,0,1.26,322.90582,-36.39568,1905.59,5702.64,2.47,2.27,45.6,-0.417,19.28,20.53,02a59485o0267o
59485.325728,-23.082,6.687,-2,14,o,0,0.91,322.90582,-36.39568,1965.9,5782.45,2.33,2.23,42.0,-0.428,19.28,20.53,02a59485o0279o
59485.335848,21.75,1.922,7,14,o,0,0.93,322.90582,-36.39568,1989.03,5667.55,2.4,2.32,38.9,-0.422,19.23,20.5,02a59485o0301o
59487.338405,21.193,1.373,12,17,o,0,1.05,322.90582,-36.39568,6883.95,73.26,2.93,2.83,-19.1,-0.47,19.03,20.24,01a59487o0140o
59487.34209,-20.845,0.902,-17,15,o,0,1.02,322.90582,-36.39568,6904.46,112.06,2.73,2.61,-8.4,-0.498,19.08,20.26,01a59487o0148o
59487.350392,-21.283,1.509,-11,17,o,0,0.96,322.90582,-36.39568,3079.86,10387.91,2.96,2.65,-38.2,-0.465,19.12,20.35,01a59487o0166o
59487.353617,22.358,4.556,4,19,o,0,0.91,322.90582,-36.39568,3100.32,10425.66,3.34,2.85,-35.9,-0.436,18.97,20.35,01a59487o0173o
59487.357758,-19.075,0.198,-85,17,o,0,1.16,322.90582,-36.39568,6823.57,151.82,3.11,3.0,-44.0,-0.429,18.93,20.21,01a59487o0182o
59487.359141,-21.152,1.357,-13,17,o,0,1.05,322.90582,-36.39568,3043.8,10349.49,3.17,2.88,-41.0,-0.45,19.05,20.39,01a59487o0185o
59487.369307,-20.855,1.08,-16,18,o,0,1.05,322.90582,-36.39568,3028.01,10465.9,3.22,2.75,-34.6,-0.46,19.04,20.34,01a59487o0207o
59489.313024,23.404,9.333,2,15,o,0,0.96,322.90582,-36.39568,1926.78,5741.65,2.44,2.09,40.2,-0.425,19.27,20.38,02a59489o0238o
59489.316224,-20.028,0.375,-35,13,o,0,1.31,322.90582,-36.39568,1908.02,5704.66,2.45,2.19,43.6,-0.422,19.19,20.37,02a59489o0245o
59489.321721,23.071,6.667,2,14,o,0,1.02,322.90582,-36.39568,1967.51,5782.78,2.27,2.02,41.7,-0.431,19.25,20.38,02a59489o0257o
59489.333166,20.512,0.58,23,13,o,0,1.06,322.90582,-36.39568,1990.98,5668.95,2.48,2.21,38.3,-0.417,19.26,20.45,02a59489o0282o
59491.324831,22.737,4.75,3,14,o,0,1.12,322.90582,-36.39568,4598.38,4504.35,2.76,2.59,-47.0,-0.476,19.15,20.46,01a59491o0259o
59491.327619,-20.66,0.713,-20,14,o,0,1.11,322.90582,-36.39568,4619.33,4542.15,2.76,2.61,-42.9,-0.477,19.18,20.47,01a59491o0265o
59491.334531,21.125,1.157,13,15,o,0,1.1,322.90582,-36.39568,4558.04,4465.63,2.78,2.62,-38.3,-0.474,19.16,20.45,01a59491o0280o
59491.346077,20.209,0.509,30,15,o,0,1.01,322.90582,-36.39568,4540.36,4580.38,2.79,2.67,-47.8,-0.471,19.14,20.45,01a59491o0305o
59493.29277,-20.661,0.688,-20,14,o,0,1.02,322.90582,-36.39568,4821.5,2293.1,2.3,2.11,42.9,-0.423,19.25,20.32,02a59493o0218o
59493.295976,-24.962,32.333,0,12,o,0,1.23,322.90582,-36.39568,4802.83,2255.11,2.23,2.16,73.3,-0.421,19.27,20.33,02a59493o0225o
59493.302884,-20.191,0.452,-30,14,o,0,0.84,322.90582,-36.39568,4860.53,2332.57,2.31,2.1,46.0,-0.421,19.24,20.34,02a59493o0240o
59493.312976,-20.282,0.462,-28,13,o,0,0.81,322.90582,-36.39568,4882.18,2218.84,2.27,2.14,57.0,-0.417,19.23,20.3,02a59493o0262o
59495.317462,-19.897,0.592,-40,24,o,0,1.26,322.90582,-36.39568,4592.51,4503.22,3.38,3.15,-54.0,-0.408,18.68,20.04,01a59495o0274o
59495.320686,-18.956,0.257,-95,24,o,0,1.13,322.90582,-36.39568,4612.65,4540.07,3.91,3.71,-44.6,-0.378,18.35,19.87,01a59495o0281o
59495.326674,-20.151,1.069,-32,34,o,0,1.42,322.90582,-36.39568,4552.06,4463.84,3.41,3.37,88.2,-0.4,18.07,19.45,01a59495o0294o
59495.336807,23.485,23.333,2,34,o,0,1.06,322.90582,-36.39568,4536.39,4578.93,3.39,3.3,-46.8,-0.408,18.2,19.6,01a59495o0316o
59499.28587,-19.774,1.746,-45,78,o,0,1.04,322.90582,-36.39568,2690.42,4681.51,3.19,2.93,-54.4,-0.427,17.12,17.73,01a59499o0211o
59499.288637,23.603,36.0,1,47,o,0,1.0,322.90582,-36.39568,2710.75,4719.32,2.99,2.88,-44.1,-0.447,18.0,18.81,01a59499o0217o
59505.315061,-18.154,1.002,-199,199,o,0,1.24,322.90582,-36.39568,3899.0,4233.59,2.44,1.89,45.9,-0.43,16.12,16.16,02a59505o0279o
59505.318267,-18.341,1.241,-167,208,o,0,1.18,322.90582,-36.39568,3879.77,4195.1,2.48,1.95,44.4,-0.442,16.5,16.51,02a59505o0286o
59505.324681,-19.114,1.106,-82,91,o,0,1.14,322.90582,-36.39568,3937.9,4274.12,2.47,1.94,44.0,-0.407,16.99,16.99,02a59505o0300o
59505.337046,19.163,1.89,78,148,o,0,1.69,322.90582,-36.39568,3959.03,4158.84,2.59,1.93,44.6,-0.437,16.39,16.3,02a59505o0327o
59509.258197,20.864,1.568,16,26,o,0,0.63,322.90582,-36.39568,5715.63,343.4,2.64,2.09,-53.9,-0.44,18.69,19.31,02a59509o0162o
59509.261871,-19.61,0.5,-52,26,o,0,1.48,322.90582,-36.39568,5697.12,304.8,2.67,2.17,-54.4,-0.43,18.66,19.29,02a59509o0170o
59509.268298,-23.622,20.333,-1,26,o,0,1.05,322.90582,-36.39568,5754.83,384.04,2.59,2.05,-52.5,-0.441,18.69,19.25,02a59509o0184o
59509.27933,-19.313,0.466,-68,32,o,0,0.96,322.90582,-36.39568,5776.43,267.27,3.06,2.57,-55.7,-0.403,18.46,19.17,02a59509o0208o
59511.270128,-20.712,1.106,-19,21,o,0,1.1,322.90582,-36.39568,949.18,6800.11,2.9,2.53,-47.0,-0.466,18.9,19.85,01a59511o0189o
59511.273366,20.006,0.593,36,21,o,0,1.18,322.90582,-36.39568,969.86,6838.89,2.69,2.5,-46.8,-0.477,18.87,19.81,01a59511o0196o
59511.278897,20.394,0.951,25,24,o,0,1.0,322.90582,-36.39568,910.79,6764.81,2.83,2.54,-48.1,-0.464,18.81,19.75,01a59511o0208o
59511.289517,-20.076,0.693,-34,24,o,0,1.53,322.90582,-36.39568,891.21,6883.21,3.17,2.7,-48.6,-0.442,18.75,19.67,01a59511o0231o
59513.259259,20.997,0.939,14,14,c,0,0.71,322.90582,-36.39568,5723.36,348.86,2.63,2.21,-63.3,-0.422,19.45,20.99,02a59513o0167c
59513.262477,-20.499,0.579,-23,13,c,0,1.21,322.90582,-36.39568,5705.35,310.04,2.67,2.23,-62.8,-0.423,19.43,20.99,02a59513o0174c
59513.269376,-21.8,1.896,-7,13,c,0,0.79,322.90582,-36.39568,5763.01,388.98,2.57,2.22,-67.8,-0.417,19.39,21.0,02a59513o0189c
59513.279443,-23.818,12.714,-1,14,c,0,1.04,322.90582,-36.39568,5783.78,272.25,2.7,2.23,-61.7,-0.416,19.42,21.01,02a59513o0211c
59515.280231,-21.707,2.14,-8,16,o,0,1.09,322.90582,-36.39568,2025.37,2382.13,2.67,2.59,-30.0,-0.499,19.02,20.11,01a59515o0214o
59515.283459,-19.032,0.192,-88,17,o,0,1.34,322.90582,-36.39568,2046.16,2420.58,2.87,2.72,-48.8,-0.488,18.99,20.13,01a59515o0221o
59515.289445,-23.56,14.833,-1,20,o,0,0.99,322.90582,-36.39568,1983.7,2346.08,3.01,2.92,-51.8,-0.458,18.89,20.14,01a59515o0234o
59515.300063,-20.17,0.578,-31,18,o,0,1.1,322.90582,-36.39568,1966.38,2464.64,2.64,2.5,-44.3,-0.52,19.08,20.17,01a59515o0257o
59517.293137,23.256,6.417,2,12,c,0,1.34,322.90582,-36.39568,3993.1,6168.66,2.62,2.31,48.4,-0.374,19.37,20.96,02a59517o0059c
59517.296819,-21.291,1.122,-11,12,c,0,0.87,322.90582,-36.39568,3973.93,6129.57,2.59,2.3,47.6,-0.379,19.37,20.96,02a59517o0067c
59517.303243,-21.618,1.426,-8,12,c,0,1.11,322.90582,-36.39568,4031.69,6206.34,2.59,2.31,50.6,-0.378,19.41,20.96,02a59517o0081c
59517.314691,-20.668,0.592,-20,12,c,0,1.16,322.90582,-36.39568,4053.92,6091.43,2.54,2.37,62.8,-0.385,19.35,20.97,02a59517o0106c
59519.268155,-22.223,3.524,-5,16,o,0,1.36,322.90582,-36.39568,2028.52,2382.86,3.06,2.92,-50.0,-0.475,18.98,20.27,01a59519o0194o
59519.271379,21.3,1.596,11,18,o,0,1.44,322.90582,-36.39568,2049.13,2420.87,2.96,2.82,-42.6,-0.483,18.99,20.28,01a59519o0201o
59519.277373,-21.805,2.382,-7,16,o,0,1.14,322.90582,-36.39568,1986.17,2347.01,2.85,2.81,-58.5,-0.486,19.02,20.28,01a59519o0214o
59519.287506,-23.206,10.222,-2,19,o,0,0.96,322.90582,-36.39568,1967.45,2464.85,2.91,2.87,-60.6,-0.472,18.97,20.24,01a59519o0236o
59523.254736,-21.062,1.183,-14,16,o,0,1.06,322.90582,-36.39568,2038.76,8591.68,2.96,2.67,-36.2,-0.44,19.16,20.55,01a59523o0166o
59523.257955,-22.053,3.357,-6,18,o,0,0.79,322.90582,-36.39568,2058.01,8630.09,2.95,2.73,-39.4,-0.442,19.14,20.54,01a59523o0173o
59523.26396,-21.29,1.305,-11,14,o,0,1.0,322.90582,-36.39568,1998.83,8555.45,2.89,2.63,-37.4,-0.455,19.16,20.54,01a59523o0186o
59523.274559,-20.749,0.76,-18,14,o,0,1.26,322.90582,-36.39568,1980.35,8674.15,2.9,2.63,-43.1,-0.46,19.16,20.51,01a59523o0209o
59527.230146,-21.151,3.486,-13,44,o,0,0.91,322.90582,-36.39568,2033.48,8592.11,3.33,2.98,-42.8,-0.411,18.25,19.38,01a59527o0111o
59527.233832,-24.133,129.0,-1,104,o,0,1.11,322.90582,-36.39568,2053.16,8630.71,3.01,2.69,-40.8,-0.446,17.79,18.73,01a59527o0119o
59527.239818,19.294,0.631,70,44,o,0,0.88,322.90582,-36.39568,1994.53,8556.19,3.21,2.72,-40.4,-0.449,18.17,19.08,01a59527o0132o
59527.249958,-20.08,0.773,-34,26,o,0,0.74,322.90582,-36.39568,1977.41,8674.22,3.34,2.9,-43.3,-0.424,18.89,20.17,01a59527o0154o
59529.23114,20.339,0.992,27,26,o,0,0.76,322.90582,-36.39568,816.31,1928.38,2.04,1.86,-60.5,-0.488,18.58,18.79,02a59529o0114o
59529.235275,20.044,0.828,35,29,o,0,0.75,322.90582,-36.39568,798.51,1886.7,2.3,2.0,-58.9,-0.467,18.44,18.79,02a59529o0123o
59529.242611,19.86,0.576,41,24,o,0,1.49,322.90582,-36.39568,859.5,1970.98,2.31,1.9,-56.2,-0.472,18.56,18.79,02a59529o0139o
59529.252724,23.046,12.833,2,28,o,0,1.24,322.90582,-36.39568,880.05,1856.37,2.3,1.93,-54.0,-0.471,18.56,18.78,02a59529o0161o
59531.252226,23.053,18.625,2,41,o,0,1.16,322.90582,-36.39568,4895.94,232.5,3.32,3.21,31.1,-0.375,17.91,18.6,01a59531o0117o
59531.25546,-21.296,3.0,-11,33,o,0,1.17,322.90582,-36.39568,4916.04,271.14,3.01,2.96,13.2,-0.414,18.11,18.83,01a59531o0124o
59531.260991,-19.991,0.976,-37,36,o,0,1.09,322.90582,-36.39568,4852.84,195.63,3.47,3.44,40.8,-0.379,18.13,18.97,01a59531o0136o
59531.27115,-19.071,0.488,-86,42,o,0,1.12,322.90582,-36.39568,4834.59,316.63,3.33,3.33,-79.1,-0.398,17.94,18.69,01a59531o0158o
59535.241821,23.996,47.25,1,43,o,0,1.41,322.90582,-36.39568,4893.49,226.97,2.88,2.71,33.2,-0.427,17.87,18.24,01a59535o0049o
59535.24505,-22.016,6.357,-6,36,o,0,1.31,322.90582,-36.39568,4915.52,267.2,2.74,2.71,-15.1,-0.462,18.03,18.5,01a59535o0056o
59535.250577,-18.922,0.36,-98,35,o,0,1.33,322.90582,-36.39568,4850.79,191.47,2.79,2.72,27.9,-0.418,18.13,18.51,01a59535o0068o
59535.260728,-21.299,3.673,-11,40,o,0,0.95,322.90582,-36.39568,4831.84,311.95,2.77,2.73,17.8,-0.442,18.03,18.44,01a59535o0090o
59537.221442,-20.27,1.351,-28,38,o,0,0.84,322.90582,-36.39568,9846.53,5812.9,2.36,2.2,-83.6,-0.45,18.35,18.59,02a59537o0094o
59537.224645,20.186,1.263,31,39,o,0,0.95,322.90582,-36.39568,9826.02,5778.9,2.31,2.1,50.5,-0.441,18.43,18.58,02a59537o0101o
59537.2306,22.675,11.913,3,37,o,0,1.48,322.90582,-36.39568,9886.11,5853.05,2.37,2.09,-72.2,-0.448,18.4,18.56,02a59537o0114o
59537.240664,-18.582,0.322,-134,43,o,0,0.95,322.90582,-36.39568,9905.05,5739.0,2.38,2.0,-65.7,-0.462,18.38,18.51,02a59537o0136o
59539.237049,19.107,0.765,83,63,o,0,1.24,322.90582,-36.39568,8903.59,10478.85,2.92,2.78,59.3,-0.447,17.61,17.94,01a59539o0050o
59539.23797,22.036,18.733,6,104,o,0,0.77,322.90582,-36.39568,2879.59,388.78,2.68,2.56,47.0,-0.463,17.18,17.46,01a59539o0052o
59539.242117,21.129,3.574,13,46,o,0,1.29,322.90582,-36.39568,2900.53,427.99,2.71,2.63,43.4,-0.455,17.89,18.33,01a59539o0061o
59539.242577,19.434,2.256,61,138,o,0,0.13,322.90582,-36.39568,8925.56,10520.56,3.1,2.8,45.8,-0.434,18.09,18.51,01a59539o0062o
59539.249516,18.398,1.29,159,205,o,0,1.38,322.90582,-36.39568,2838.25,353.18,3.03,2.95,-52.5,-0.435,15.94,16.3,01a59539o0077o
59539.25136,18.059,1.185,217,257,o,0,0.98,322.90582,-36.39568,8864.68,10442.74,3.3,3.07,48.5,-0.395,16.39,16.79,01a59539o0081o
59539.262014,-16.116,0.919,-1299,1194,o,0,1.35,322.90582,-36.39568,2819.42,474.93,2.83,2.8,0.9,-0.532,15.21,15.82,01a59539o0104o
59541.219891,-18.919,0.116,-98,11,o,0,1.18,322.90582,-36.39568,6722.86,2194.6,2.15,2.02,59.0,-0.423,19.29,20.3,02a59541o0096o
59541.223591,-20.296,0.449,-28,12,o,0,0.94,322.90582,-36.39568,6703.71,2156.78,2.19,2.09,62.9,-0.418,19.24,20.26,02a59541o0104o
59541.229121,20.387,0.598,25,15,o,0,0.94,322.90582,-36.39568,6759.51,2232.75,2.22,2.11,77.6,-0.419,19.22,20.24,02a59541o0116o
59541.239197,20.191,0.467,30,14,o,0,1.02,322.90582,-36.39568,6783.16,2118.4,2.1,2.0,80.2,-0.43,19.25,20.2,02a59541o0138o
59545.222331,-20.391,0.56,-25,14,o,0,1.47,322.90582,-36.39568,6726.76,2195.62,2.1,1.95,62.9,-0.428,19.12,19.97,02a59545o0100o
59545.225531,-22.015,2.925,-6,17,o,0,0.77,322.90582,-36.39568,6707.81,2155.39,2.08,1.95,-89.3,-0.423,19.12,19.97,02a59545o0107o
59545.231506,-20.489,0.594,-23,14,o,0,1.31,322.90582,-36.39568,6766.96,2233.01,2.11,2.0,83.0,-0.422,19.11,19.92,02a59545o0120o
59545.243431,-20.738,0.776,-18,14,o,0,1.47,322.90582,-36.39568,6787.47,2116.65,2.12,1.97,-80.3,-0.421,19.06,19.88,02a59545o0146o
59547.21029,-20.298,0.989,-28,27,o,0,0.72,322.90582,-36.39568,5051.9,6438.05,3.87,3.1,-48.5,-0.423,18.62,19.97,01a59547o0075o
59547.213994,-20.905,1.474,-16,23,o,0,1.27,322.90582,-36.39568,5072.19,6476.52,3.72,3.01,-45.8,-0.433,18.66,19.96,01a59547o0083o
59547.219979,21.833,3.85,7,26,o,0,1.13,322.90582,-36.39568,5015.69,6400.49,4.12,3.42,-47.6,-0.399,18.51,19.93,01a59547o0096o
59547.233828,-19.864,0.669,-41,28,o,0,1.06,322.90582,-36.39568,5001.25,6518.55,4.31,3.46,-48.6,-0.376,18.51,19.9,01a59547o0125o
59551.205665,21.058,1.203,14,16,o,0,1.23,322.90582,-36.39568,4762.56,6446.57,2.9,2.75,41.4,-0.444,19.04,20.15,01a59551o0034o
59551.208889,-22.054,3.074,-6,17,o,0,0.81,322.90582,-36.39568,4784.6,6485.16,2.9,2.78,42.0,-0.45,19.01,20.16,01a59551o0041o
59551.214899,-21.515,2.045,-9,18,o,0,1.0,322.90582,-36.39568,4727.57,6410.55,2.84,2.82,59.4,-0.459,18.99,20.12,01a59551o0054o
59551.225037,-19.869,0.405,-41,17,o,0,1.5,322.90582,-36.39568,4716.38,6528.68,2.93,2.76,-49.1,-0.468,18.92,20.04,01a59551o0076o
59559.193983,-18.842,0.449,-106,47,o,0,1.05,322.90582,-36.39568,5944.78,2062.69,3.39,3.32,37.2,-0.404,17.81,18.5,01a59559o0004o
59559.197209,-20.522,1.537,-22,34,o,0,1.2,322.90582,-36.39568,5968.28,2101.22,3.45,3.38,50.9,-0.403,18.12,18.87,01a59559o0011o
59559.203659,20.154,1.025,32,32,o,0,1.01,322.90582,-36.39568,5909.58,2026.02,3.34,3.23,-42.2,-0.423,18.2,19.11,01a59559o0025o
59559.213824,20.279,1.177,28,33,o,0,1.14,322.90582,-36.39568,5897.56,2144.84,3.48,3.43,7.4,-0.391,18.2,19.09,01a59559o0047o
59563.192748,-19.417,5.646,-62,351,o,0,0.55,322.90582,-36.39568,7907.62,8631.52,3.04,2.55,-55.2,-0.537,17.27,17.43,01a59563o0030o
59563.195976,-18.422,1.025,-155,159,o,0,0.81,322.90582,-36.39568,7928.24,8669.65,2.98,2.7,47.4,-0.464,17.89,18.06,01a59563o0037o
59563.201526,-20.353,2.137,-26,56,o,0,1.17,322.90582,-36.39568,7869.54,8592.08,2.93,2.7,52.4,-0.457,18.32,18.83,01a59563o0049o
59563.213973,-20.04,1.349,-35,47,o,0,1.04,322.90582,-36.39568,7857.81,8712.0,2.9,2.84,46.6,-0.449,18.4,18.95,01a59563o0076o
59565.194867,19.718,1.727,47,81,o,0,1.54,322.90582,-36.39568,7754.84,4032.55,2.4,1.97,43.2,-0.393,17.19,17.03,02a59565o0033o
59565.198536,20.001,1.847,36,67,o,0,0.68,322.90582,-36.39568,7735.62,3994.24,2.39,2.05,42.2,-0.406,17.73,17.83,02a59565o0041o
59565.204038,20.066,1.249,34,43,o,0,0.98,322.90582,-36.39568,7792.05,4072.6,2.7,2.32,40.1,-0.411,18.09,18.42,02a59565o0053o
59565.215503,-19.427,0.628,-62,39,o,0,0.8,322.90582,-36.39568,7808.55,3958.12,2.41,2.1,42.9,-0.414,18.18,18.54,02a59565o0078o
59656.142141,-18.128,0.191,-204,39,o,0,1.12,322.90582,-36.39568,5932.99,6077.43,2.45,2.3,-70.3,-0.467,18.14,18.19,03a59656o0861o
59656.145801,20.394,1.855,25,47,o,0,0.77,322.90582,-36.39568,5916.1,6037.86,2.31,2.19,-74.3,-0.472,18.16,18.11,03a59656o0869o
59656.151788,19.547,0.924,55,51,o,0,1.41,322.90582,-36.39568,5973.04,6115.78,2.45,2.31,85.9,-0.469,17.81,17.57,03a59656o0882o
59658.381839,19.883,0.702,40,28,o,0,1.05,322.90582,-36.39568,8662.84,2049.98,2.32,1.8,-25.2,-0.388,18.37,18.86,04a59658o0681o
59658.39219,-20.614,1.407,-21,29,o,0,1.06,322.90582,-36.39568,8640.93,2012.68,2.37,1.91,-22.3,-0.412,18.34,18.9,04a59658o0703o
59658.398967,21.089,1.837,13,24,o,0,1.21,322.90582,-36.39568,8696.17,2087.79,2.32,1.8,-25.6,-0.393,18.41,18.9,04a59658o0718o
59658.406262,-20.458,1.648,-24,39,o,0,1.28,322.90582,-36.39568,8711.56,1970.74,2.37,1.84,-23.1,-0.42,18.07,18.35,04a59658o0734o
59667.120216,-21.662,5.538,-8,44,c,0,0.91,322.90582,-36.39568,7861.69,6000.77,3.27,2.92,-41.3,-0.346,17.68,19.29,03a59667o0515c
59667.123264,-19.539,0.51,-56,28,c,0,0.91,322.90582,-36.39568,7844.01,5961.57,3.27,2.92,-38.3,-0.367,17.92,19.45,03a59667o0521c
59667.129006,-20.932,1.143,-15,18,c,0,1.15,322.90582,-36.39568,7901.82,6038.75,3.01,2.75,-44.9,-0.359,18.92,20.46,03a59667o0533c
59667.139216,-20.025,0.515,-36,18,c,0,1.04,322.90582,-36.39568,7923.98,5923.78,3.07,2.78,-43.3,-0.35,18.75,20.24,03a59667o0555c
59669.379212,21.545,1.644,9,14,o,0,1.15,322.90582,-36.39568,5630.73,10350.93,2.43,2.04,-85.7,-0.401,19.18,20.31,04a59669o0769o
59669.381444,21.011,1.337,14,19,o,0,0.82,322.90582,-36.39568,5608.86,10312.04,2.22,1.91,-84.5,-0.454,19.18,20.4,04a59669o0772o
59669.40497,-21.914,3.667,-6,23,o,0,1.04,322.90582,-36.39568,5681.5,10273.05,2.06,1.9,-71.1,-0.491,19.1,20.22,04a59669o0814o
59680.148473,-21.269,1.374,-11,16,o,0,0.96,322.90582,-36.39568,8406.33,8324.14,2.38,2.13,-50.1,-0.403,19.17,20.08,03a59680o0882o
59680.151245,-23.25,8.4,-2,15,o,0,0.88,322.90582,-36.39568,8386.96,8285.07,2.36,2.09,-51.1,-0.402,19.2,20.07,03a59680o0888o
59680.156599,-21.275,1.368,-11,15,o,0,1.31,322.90582,-36.39568,8444.16,8363.64,2.43,2.17,-43.5,-0.392,19.15,20.04,03a59680o0899o
59680.166351,-22.043,3.591,-6,20,o,0,0.83,322.90582,-36.39568,8464.04,8248.16,2.44,2.13,-52.5,-0.395,18.89,19.51,03a59680o0920o
59682.152024,21.116,0.942,13,12,o,0,1.57,322.90582,-36.39568,8406.88,8323.64,2.39,2.09,-55.5,-0.407,19.31,20.2,03a59682o0924o
59682.154783,-19.859,0.334,-41,14,o,0,1.18,322.90582,-36.39568,8387.31,8285.51,2.45,2.16,-53.8,-0.404,19.21,20.18,03a59682o0930o
59682.161634,21.474,1.417,9,13,o,0,1.79,322.90582,-36.39568,8444.63,8363.11,2.41,2.17,-52.1,-0.398,19.13,19.92,03a59682o0944o
59682.163949,-20.332,0.67,-27,18,o,0,0.87,322.90582,-36.39568,8466.1,8248.01,2.5,2.19,-52.9,-0.397,18.98,19.67,03a59682o0949o
59685.321049,-20.61,1.427,-21,30,o,0,0.97,322.90582,-36.39568,5870.69,4153.78,1.85,1.74,-55.4,-0.43,18.39,18.76,04a59685o0682o
59688.09604,-22.659,5.654,-3,18,o,0,1.4,322.90582,-36.39568,8671.94,2139.73,2.44,1.89,-50.4,-0.415,18.78,19.12,03a59688o0817o
59688.09976,-21.132,1.528,-13,20,o,0,1.52,322.90582,-36.39568,8654.25,2101.35,2.43,1.86,-50.2,-0.419,18.8,19.15,03a59688o0825o
59688.10617,19.589,0.369,53,20,o,0,1.31,322.90582,-36.39568,8710.86,2178.91,2.39,1.85,-49.9,-0.419,18.82,19.19,03a59688o0839o
59688.117176,-23.022,9.316,-2,21,o,0,1.12,322.90582,-36.39568,8733.03,2063.43,2.42,1.88,-49.6,-0.421,18.89,19.22,03a59688o0863o
59690.395344,20.598,1.011,21,21,o,0,1.24,322.90582,-36.39568,4594.97,8513.58,2.01,1.72,-72.4,-0.403,18.85,19.35,04a59690o0777o
59690.413674,21.866,3.367,6,22,o,0,1.09,322.90582,-36.39568,4580.73,8475.51,1.92,1.68,-64.7,-0.431,18.8,19.29,04a59690o0807o
59697.400648,23.532,8.667,1,12,o,0,1.71,322.90582,-36.39568,2783.22,1917.93,1.98,1.95,57.8,-0.438,19.19,20.29,04a59697o0837o
59697.416972,20.552,0.758,22,17,o,0,0.78,322.90582,-36.39568,2774.25,1878.25,1.97,1.9,-11.2,-0.413,19.02,20.08,04a59697o0864o
59697.421397,-21.497,2.013,-9,18,o,0,1.59,322.90582,-36.39568,2835.39,1957.03,2.03,1.93,-37.0,-0.402,18.78,19.4,04a59697o0872o
59698.033968,20.761,0.952,18,17,o,0,1.22,322.90582,-36.39568,5456.81,10335.34,3.16,2.81,-37.6,-0.35,19.05,20.36,03a59698o0431o
59698.039152,24.12,21.5,1,18,o,0,0.93,322.90582,-36.39568,5431.21,10307.12,3.11,2.69,-40.9,-0.358,19.01,20.33,03a59698o0440o
59698.042809,20.305,0.627,27,17,o,0,1.14,322.90582,-36.39568,5489.84,10385.51,3.04,2.67,-40.1,-0.353,19.09,20.36,03a59698o0446o
59698.054256,-18.853,0.138,-104,14,o,0,1.1,322.90582,-36.39568,5510.81,10268.01,3.08,2.65,-43.5,-0.359,19.13,20.38,03a59698o0466o
59698.404847,-19.202,0.155,-76,12,o,0,1.08,322.90582,-36.39568,2786.95,1913.66,1.9,1.77,44.2,-0.475,19.36,20.5,04a59698o0561o
59698.408744,20.571,0.583,22,12,o,0,2.11,322.90582,-36.39568,2770.3,1874.52,1.91,1.76,39.0,-0.453,19.32,20.44,04a59698o0569o
59698.413578,-21.33,1.33,-11,14,o,0,0.92,322.90582,-36.39568,2832.89,1953.06,1.9,1.86,38.7,-0.426,19.26,20.22,04a59698o0578o
59698.423602,21.468,2.793,9,26,o,0,1.3,322.90582,-36.39568,2858.77,1836.02,1.95,1.9,-9.9,-0.419,18.5,18.82,04a59698o0595o
59700.151362,22.196,2.909,5,14,o,0,0.96,322.90582,-36.39568,9576.78,201.44,3.05,1.9,-48.1,-0.473,19.45,20.57,03a59700o0831o
59700.158657,20.41,0.636,25,16,o,0,1.07,322.90582,-36.39568,9553.48,166.62,3.14,1.93,-48.3,-0.473,19.36,20.42,03a59700o0843o
59700.16428,-18.71,0.152,-119,18,o,0,1.56,322.90582,-36.39568,9612.4,241.36,3.2,1.95,-47.1,-0.491,19.17,20.02,03a59700o0853o
59700.171742,19.196,0.401,76,30,o,0,1.22,322.90582,-36.39568,9631.19,127.38,3.17,1.86,-47.6,-0.453,18.56,18.66,03a59700o0864o
59701.380433,-15.958,0.809,-1502,1215,o,0,1.37,322.90582,-36.39568,2779.54,1917.67,2.01,1.84,44.4,-0.44,14.17,15.33,04a59701o0771o
59701.384015,-21.142,5.28,-13,67,o,0,0.86,322.90582,-36.39568,2761.76,1878.16,1.98,1.89,42.4,-0.447,17.4,18.42,04a59701o0777o
59701.389924,21.547,2.438,9,21,o,0,1.15,322.90582,-36.39568,2823.33,1956.18,2.07,1.9,47.3,-0.43,18.69,19.75,04a59701o0790o
59701.403498,25.192,125.0,0,38,o,0,0.98,322.90582,-36.39568,2852.05,1839.93,1.91,1.79,61.1,-0.445,18.05,19.03,04a59701o0818o
59702.12763,-21.98,2.5,-6,15,o,0,1.14,322.90582,-36.39568,5432.43,10337.73,2.5,2.3,-54.9,-0.394,19.19,20.19,03a59702o0872o
59702.13352,-21.774,3.206,-7,23,o,0,1.18,322.90582,-36.39568,5407.31,10305.96,2.49,2.25,-46.7,-0.388,18.73,19.66,03a59702o0883o
59702.141411,20.971,1.076,15,16,o,0,1.42,322.90582,-36.39568,5463.61,10384.94,2.46,2.23,-44.9,-0.394,18.9,19.88,03a59702o0898o
59702.149921,20.188,1.085,30,33,o,0,1.26,322.90582,-36.39568,5481.08,10269.94,2.51,2.28,-34.4,-0.388,18.22,19.16,03a59702o0916o
59702.399763,23.929,11.1,1,11,o,0,1.6,322.90582,-36.39568,2789.52,1917.39,1.9,1.73,50.7,-0.447,19.33,20.4,04a59702o0832o
59702.405067,-20.344,0.5,-26,13,o,0,1.52,322.90582,-36.39568,2776.25,1877.78,1.93,1.85,-59.5,-0.434,19.2,20.57,04a59702o0842o
59702.41526,0.0,20.977,0,15,o,0,0.85,322.90582,-36.39568,2844.03,1955.71,2.11,1.98,1.7,-0.409,19.17,20.3,04a59702o0858o
59702.422566,-20.144,0.629,-32,20,o,0,0.76,322.90582,-36.39568,2867.55,1839.74,1.97,1.95,-2.4,-0.41,19.04,19.87,04a59702o0870o
59703.14925,-18.773,0.138,-112,16,o,0,1.29,322.90582,-36.39568,9569.48,200.74,3.17,1.99,-49.5,-0.476,19.25,20.16,03a59703o0844o
59703.163474,20.952,1.221,15,18,o,0,1.17,322.90582,-36.39568,9545.76,167.86,3.43,2.14,-44.7,-0.443,19.12,19.98,03a59703o0868o
59703.172926,-18.952,0.35,-95,33,o,0,0.78,322.90582,-36.39568,9598.4,247.72,3.5,2.2,-44.9,-0.432,18.58,18.99,03a59703o0886o
59708.371823,-21.158,1.318,-12,16,o,0,1.45,322.90582,-36.39568,500.3,8180.61,2.52,2.14,-90.0,-0.373,19.02,20.22,04a59708o0838o
59708.37484,21.248,1.736,12,20,o,0,1.16,322.90582,-36.39568,482.07,8142.45,2.57,2.15,79.5,-0.353,18.94,20.12,04a59708o0843o
59714.27568,19.579,0.484,54,26,o,0,1.32,322.90582,-36.39568,1982.02,5782.51,2.1,1.85,77.3,-0.382,18.58,18.88,04a59714o0703o
59714.282493,21.595,3.253,8,27,o,0,0.93,322.90582,-36.39568,1961.87,5744.08,2.07,1.83,79.4,-0.386,18.64,18.93,04a59714o0718o
59714.285205,24.171,27.429,1,21,o,0,1.67,322.90582,-36.39568,2020.85,5822.43,2.08,1.82,80.4,-0.389,18.63,18.95,04a59714o0724o
59714.294738,23.536,16.769,1,23,o,0,0.98,322.90582,-36.39568,2038.17,5706.75,2.05,1.8,84.7,-0.388,18.64,19.05,04a59714o0745o
59716.202819,-18.644,0.277,-127,35,o,0,1.88,322.90582,-36.39568,2010.55,5782.57,2.69,2.46,65.6,-0.32,17.96,18.2,04a59716o0535o
59716.206647,20.74,1.845,18,34,o,0,1.52,322.90582,-36.39568,1990.09,5745.27,2.54,2.29,77.3,-0.354,18.03,18.26,04a59716o0542o
59716.21196,-20.429,1.581,-24,39,o,0,0.66,322.90582,-36.39568,2045.24,5823.33,2.33,2.15,87.8,-0.36,18.15,18.3,04a59716o0552o
59716.221999,-20.581,1.473,-21,31,o,0,1.47,322.90582,-36.39568,2057.07,5708.99,2.45,2.25,73.1,-0.346,18.2,18.45,04a59716o0570o
59717.300402,19.302,0.371,69,26,o,0,1.09,322.90582,-36.39568,1979.39,5784.01,2.31,2.07,78.9,-0.37,18.53,18.97,04a59717o0473o
59717.304367,-21.718,3.036,-8,23,o,0,1.02,322.90582,-36.39568,1960.49,5745.27,2.3,2.06,76.9,-0.368,18.55,19.03,04a59717o0480o
59717.309556,20.123,0.722,32,23,o,0,1.06,322.90582,-36.39568,2020.87,5823.3,2.24,1.95,79.1,-0.374,18.6,19.07,04a59717o0490o
59717.319807,-24.665,47.25,0,23,o,0,0.94,322.90582,-36.39568,2043.27,5707.09,2.21,1.96,78.4,-0.385,18.64,19.09,04a59717o0511o
59723.087537,22.835,7.937,3,21,o,0,1.41,322.90582,-36.39568,4423.42,8483.54,2.16,2.12,-50.0,-0.463,18.83,19.6,03a59723o0129o
59723.090776,-21.67,2.627,-8,20,o,0,0.87,322.90582,-36.39568,4404.04,8445.0,2.21,2.15,-33.4,-0.45,18.99,19.86,03a59723o0136o
59723.097204,-21.199,1.11,-12,13,o,0,1.08,322.90582,-36.39568,4458.99,8524.93,2.19,2.15,-29.7,-0.452,19.22,20.17,03a59723o0150o
59723.104081,-20.623,0.784,-20,16,o,0,1.05,322.90582,-36.39568,4478.83,8408.95,3.06,2.27,0.8,-0.399,19.04,20.25,03a59723o0164o
59724.083572,-20.233,0.361,-29,11,o,0,1.56,322.90582,-36.39568,4426.48,8486.4,2.25,2.21,-37.8,-0.439,19.41,20.58,03a59724o0417o
59724.086308,-22.673,4.0,-3,12,o,0,1.11,322.90582,-36.39568,4407.59,8446.83,2.28,2.21,-42.7,-0.439,19.41,20.59,03a59724o0423o
59724.118084,-21.273,1.0,-11,11,o,0,1.05,322.90582,-36.39568,4452.92,8524.72,2.46,2.28,-3.2,-0.428,19.4,20.71,03a59724o0487o
59724.139162,-22.673,3.333,-3,10,o,0,1.94,322.90582,-36.39568,4469.43,8413.67,2.51,2.36,-1.7,-0.417,19.36,20.7,03a59724o0531o
59725.303955,21.147,1.287,13,16,o,0,0.67,322.90582,-36.39568,4864.47,2325.37,2.03,1.95,-15.3,-0.515,19.36,20.49,04a59725o0606o
59725.308095,21.545,1.195,9,10,o,0,1.34,322.90582,-36.39568,4847.29,2286.51,1.94,1.88,-32.9,-0.512,19.4,20.54,04a59725o0612o
59725.315412,-20.47,0.402,-24,10,o,0,1.25,322.90582,-36.39568,4904.48,2365.57,1.86,1.8,-10.3,-0.436,19.39,20.59,04a59725o0623o
59725.332346,-19.254,0.137,-72,10,o,0,0.86,322.90582,-36.39568,4931.49,2248.27,1.9,1.83,-14.6,-0.434,19.43,20.62,04a59725o0649o
59726.098736,-21.337,0.966,-11,10,o,0,1.09,322.90582,-36.39568,4419.87,8486.73,2.18,2.13,83.3,-0.478,19.64,21.03,03a59726o0822o
59726.101989,-21.644,1.697,-8,14,o,0,0.64,322.90582,-36.39568,4397.96,8448.19,2.21,2.19,-11.3,-0.452,19.58,20.98,03a59726o0828o
59726.105869,20.77,0.644,18,12,o,0,0.96,322.90582,-36.39568,4455.28,8526.59,2.23,2.18,-35.1,-0.459,19.6,21.03,03a59726o0836o
59726.116205,-22.388,2.719,-4,11,o,0,0.98,322.90582,-36.39568,4473.86,8411.46,2.25,2.21,41.2,-0.463,19.59,21.03,03a59726o0858o
59726.374884,-20.798,0.552,-17,10,o,0,1.2,322.90582,-36.39568,4913.59,2326.66,1.89,1.83,19.3,-0.437,19.48,20.76,04a59726o0789o
59726.377883,-21.289,0.863,-11,10,o,0,1.23,322.90582,-36.39568,4896.38,2288.42,1.91,1.89,24.8,-0.44,19.47,20.73,04a59726o0795o
59726.401658,20.492,0.451,23,10,o,0,1.2,322.90582,-36.39568,5774.93,8292.8,2.2,1.79,-73.7,-0.448,19.52,20.73,04a59726o0835o
59726.407911,-23.631,7.133,-1,9,o,0,1.36,322.90582,-36.39568,5004.31,2248.13,1.83,1.77,19.2,-0.448,19.54,20.73,04a59726o0844o
59727.111302,-22.689,3.615,-3,11,o,0,0.97,322.90582,-36.39568,4413.06,8483.35,2.19,2.11,-72.8,-0.451,19.56,20.81,03a59727o0584o
59727.120028,22.374,3.0,4,12,o,0,1.22,322.90582,-36.39568,4387.72,8446.09,3.1,2.28,1.6,-0.401,19.35,20.83,03a59727o0600o
59727.141025,21.281,0.94,11,10,o,0,1.27,322.90582,-36.39568,4438.75,8526.16,2.49,2.16,-1.7,-0.421,19.45,20.77,03a59727o0643o
59727.146965,-19.139,0.115,-80,9,o,0,1.46,322.90582,-36.39568,4459.08,8412.11,2.3,2.19,11.4,-0.438,19.48,20.76,03a59727o0656o
59731.032467,24.217,20.25,1,15,o,0,1.08,322.90582,-36.39568,2796.56,1866.13,2.65,2.42,28.5,-0.486,19.29,20.7,03a59731o0668o
59731.036091,-20.415,0.469,-25,12,o,0,1.28,322.90582,-36.39568,2771.05,1831.22,2.53,2.43,-28.6,-0.435,19.37,20.78,03a59731o0673o
59731.043481,-20.178,0.361,-31,11,o,0,1.15,322.90582,-36.39568,2824.96,1911.09,2.39,2.33,-19.2,-0.444,19.42,20.77,03a59731o0685o
59731.054896,-21.583,1.524,-8,13,o,0,0.82,322.90582,-36.39568,2846.5,1793.45,2.33,2.27,-33.4,-0.451,19.44,20.77,03a59731o0704o
59735.095087,20.89,0.838,16,13,o,0,1.06,322.90582,-36.39568,2775.28,1867.6,2.13,2.01,-57.3,-0.454,19.32,20.66,03a59735o0796o
59735.099335,22.216,2.073,5,10,o,0,1.37,322.90582,-36.39568,2756.0,1829.18,2.1,2.0,-62.1,-0.457,19.62,20.95,03a59735o0803o
59735.104806,-23.609,8.0,-1,10,o,0,1.05,322.90582,-36.39568,2808.68,1910.0,2.16,2.08,-44.4,-0.448,19.58,20.93,03a59735o0812o
59735.11048,-19.103,0.127,-83,11,o,0,1.17,322.90582,-36.39568,2828.31,1795.02,2.18,2.12,-32.1,-0.453,19.57,20.95,03a59735o0824o
59737.871667,-20.062,0.984,-34,34,o,0,1.48,322.90582,-36.39568,369.2,8061.32,2.96,2.44,-24.7,-0.389,18.46,19.37,03a59738o0398o
59737.883715,20.803,1.453,17,25,o,0,1.16,322.90582,-36.39568,349.43,8018.91,3.03,2.59,-26.6,-0.369,18.71,19.76,03a59738o0420o
59737.897931,-20.52,0.982,-22,22,o,0,1.06,322.90582,-36.39568,406.45,8095.49,2.75,2.42,-34.2,-0.414,18.9,19.92,03a59738o0446o
59737.903831,20.842,1.182,17,20,o,0,0.93,322.90582,-36.39568,428.06,7978.8,2.64,2.29,-28.0,-0.381,18.98,19.99,03a59738o0457o
59738.082406,-20.906,0.557,-16,9,o,0,1.3,322.90582,-36.39568,10351.04,8249.55,2.49,2.16,-49.7,-0.425,19.59,21.18,03a59738o0790o
59738.084896,-20.736,0.575,-18,11,o,0,1.18,322.90582,-36.39568,10330.76,8211.82,2.48,2.19,-56.1,-0.425,19.54,21.14,03a59738o0794o
59738.090415,21.681,1.536,8,12,o,0,0.7,322.90582,-36.39568,10387.43,8290.05,2.47,2.19,-56.2,-0.423,19.58,21.15,03a59738o0804o
59738.101084,23.124,4.733,2,10,o,0,1.13,322.90582,-36.39568,10405.33,8176.2,2.47,2.16,-62.5,-0.423,19.61,21.12,03a59738o0825o
59740.245267,19.001,0.546,91,50,o,0,1.5,322.90582,-36.39568,1577.69,10511.08,2.91,1.91,-79.3,-0.388,19.06,19.85,04a59740o0226o
59740.271122,20.661,1.174,20,23,o,0,1.52,322.90582,-36.39568,1666.19,10473.88,2.89,1.85,-78.9,-0.394,19.21,20.13,04a59740o0282o
59741.267988,18.612,0.428,130,56,o,0,0.71,322.90582,-36.39568,1581.22,10511.69,3.16,2.1,-80.3,-0.367,19.03,19.82,04a59741o0571o
59741.286876,-20.303,1.087,-28,30,o,0,1.49,322.90582,-36.39568,1675.88,10472.45,3.13,2.01,-80.6,-0.368,19.17,19.91,04a59741o0601o
59741.319543,21.021,0.888,14,13,o,0,1.08,322.90582,-36.39568,5779.58,372.48,2.05,2.02,-18.2,-0.417,19.28,20.19,04a59741o0657o
59741.321344,20.227,0.429,30,13,o,0,1.15,322.90582,-36.39568,5761.37,333.79,2.05,1.98,-22.2,-0.41,19.28,20.21,04a59741o0661o
59741.327327,21.858,2.305,7,15,o,0,0.96,322.90582,-36.39568,5822.76,412.08,2.05,1.94,-21.3,-0.462,19.29,20.22,04a59741o0673o
59741.333611,21.84,1.826,7,12,o,0,1.1,322.90582,-36.39568,5847.33,293.99,2.08,1.96,-25.1,-0.424,19.4,20.42,04a59741o0683o
59742.329719,26.355,133.0,0,14,o,0,1.61,322.90582,-36.39568,5788.33,371.52,2.14,2.06,-19.8,-0.407,19.15,19.91,04a59742o0735o
59742.34598,-23.26,14.154,-2,26,o,0,1.99,322.90582,-36.39568,1730.33,10473.25,3.05,2.04,-79.0,-0.383,19.16,19.99,04a59742o0763o
59742.34767,-21.968,2.194,-6,13,o,0,1.24,322.90582,-36.39568,5791.07,331.81,2.02,1.97,30.9,-0.426,19.22,20.0,04a59742o0766o
59742.35293,20.043,0.327,35,11,o,0,1.74,322.90582,-36.39568,5852.08,411.07,2.04,1.98,-31.8,-0.428,19.23,20.04,04a59742o0774o
59745.317687,21.66,3.388,8,27,o,0,0.86,322.90582,-36.39568,4104.82,6198.4,2.13,1.85,-82.4,-0.367,18.37,18.55,04a59745o0685o
59745.322779,21.657,2.87,8,23,o,0,1.34,322.90582,-36.39568,4089.74,6160.12,2.17,1.89,-89.0,-0.371,18.35,18.56,04a59745o0695o
59745.324249,20.842,1.834,17,31,o,0,0.82,322.90582,-36.39568,4150.64,6237.18,2.17,1.81,-85.2,-0.368,18.4,18.57,04a59745o0698o
59745.334484,-20.31,1.2,-27,33,o,0,0.81,322.90582,-36.39568,4176.08,6119.63,2.11,1.82,-87.0,-0.378,18.39,18.56,04a59745o0718o
59749.350654,20.199,0.477,30,14,o,0,1.79,322.90582,-36.39568,6643.02,4450.71,1.96,1.68,-29.2,-0.414,18.88,19.33,04a59749o0724o
59755.169725,-20.733,0.425,-18,8,c,0,1.51,322.90582,-36.39568,2084.34,2207.31,2.53,2.44,17.0,-0.437,19.79,21.66,03a59755o0211c
59755.173961,-21.231,0.766,-12,9,c,0,1.18,322.90582,-36.39568,2103.23,2246.69,2.59,2.49,12.7,-0.431,19.75,21.64,03a59755o0217c
59755.181211,21.478,1.065,9,10,c,0,1.26,322.90582,-36.39568,2045.18,2169.48,2.58,2.47,-3.9,-0.432,19.73,21.45,03a59755o0231c
59755.186518,-19.299,0.181,-69,12,c,0,0.71,322.90582,-36.39568,2023.75,2286.58,2.49,2.42,1.8,-0.443,19.57,21.03,03a59755o0241c
59756.232805,19.353,0.417,66,27,c,0,0.98,322.90582,-36.39568,7651.22,10254.89,3.99,3.69,89.2,-0.269,18.24,20.55,04a59756o0464c
59756.236255,21.981,3.636,6,21,c,0,1.31,322.90582,-36.39568,7633.31,10216.38,3.66,3.22,-82.3,-0.286,18.6,20.82,04a59756o0470c
59756.244511,19.859,0.588,41,24,c,0,1.12,322.90582,-36.39568,7696.31,10298.08,3.8,3.45,76.7,-0.243,18.45,20.71,04a59756o0487c
59756.265338,-20.045,0.424,-35,15,c,0,1.55,322.90582,-36.39568,7729.84,10176.6,3.48,2.99,-79.3,-0.288,18.91,21.11,04a59756o0529c
59758.344121,21.441,1.017,10,10,c,0,1.16,322.90582,-36.39568,10222.93,2452.11,3.24,2.06,-25.0,-0.38,19.73,21.74,04a59758o0640c
59758.345022,24.358,13.5,1,9,c,0,1.43,322.90582,-36.39568,163.0,2482.7,3.41,2.2,48.7,-0.319,19.72,21.73,04a59758o0642c
59758.37321,22.311,1.885,4,8,c,0,1.63,322.90582,-36.39568,10238.58,2467.52,3.3,2.09,-26.5,-0.372,19.72,21.72,04a59758o0699c
59758.37366,-22.92,3.375,-2,8,c,0,1.31,322.90582,-36.39568,180.08,2492.98,3.2,2.15,48.1,-0.332,19.71,21.72,04a59758o0700c
59758.376461,-20.399,0.365,-25,9,c,0,1.49,322.90582,-36.39568,10177.2,2385.28,3.25,2.03,-25.3,-0.371,19.75,21.68,04a59758o0706c
59758.377361,-21.771,1.4,-7,10,c,0,0.79,322.90582,-36.39568,117.7,2413.11,3.27,2.15,48.6,-0.341,19.73,21.72,04a59758o0708c
59758.382076,-21.684,1.279,-8,10,c,0,1.18,322.90582,-36.39568,10154.82,2498.12,3.23,2.07,-23.4,-0.378,19.64,21.55,04a59758o0718c
59758.382527,21.276,1.083,11,12,c,0,0.87,322.90582,-36.39568,98.24,2526.5,3.28,2.07,49.8,-0.334,19.71,21.63,04a59758o0719c
59760.267044,-20.128,0.454,-32,15,c,0,1.69,322.90582,-36.39568,1617.54,10515.96,3.23,2.22,-74.8,-0.357,19.82,21.79,04a59760o0679c
59760.282638,-18.683,0.092,-122,11,c,0,1.08,322.90582,-36.39568,1710.79,10481.96,3.14,2.29,-81.6,-0.36,19.81,21.83,04a59760o0712c
59763.063932,19.313,0.518,68,35,c,0,1.01,322.90582,-36.39568,57.27,5836.22,4.06,3.47,74.1,-0.255,19.0,21.03,04a59763o0267c
59763.069878,19.324,0.308,68,21,c,0,1.34,322.90582,-36.39568,31.32,5797.35,3.83,3.3,57.7,-0.231,19.1,21.11,04a59763o0280c
59763.103704,20.503,0.823,23,19,c,0,1.03,322.90582,-36.39568,68.98,5878.93,3.33,2.85,57.5,-0.298,19.38,21.4,04a59763o0351c
59763.120296,-20.75,0.935,-18,17,c,0,0.87,322.90582,-36.39568,80.44,5765.24,3.42,2.86,57.6,-0.298,19.43,21.45,04a59763o0385c
59763.216967,19.925,0.263,39,10,c,0,1.27,322.90582,-36.39568,9895.34,5822.8,2.81,2.21,-16.9,-0.418,19.73,21.75,04a59763o0592c
59763.219713,20.441,0.376,24,9,c,0,1.78,322.90582,-36.39568,9876.68,5785.12,2.77,2.22,-21.9,-0.414,19.71,21.71,04a59763o0598c
59763.225937,20.782,0.562,18,10,c,0,1.22,322.90582,-36.39568,9939.54,5858.44,2.9,2.28,-18.9,-0.401,19.68,21.7,04a59763o0611c
59763.240294,-24.378,16.0,-1,10,c,0,1.12,322.90582,-36.39568,9966.01,5748.64,2.89,2.25,-19.8,-0.403,19.7,21.76,04a59763o0641c
59764.181792,-22.845,3.471,-3,9,c,0,1.13,322.90582,-36.39568,6560.95,8415.22,2.64,2.39,-86.3,-0.388,19.59,21.64,04a59764o0333c
59764.184493,-21.193,0.833,-12,10,c,0,1.17,322.90582,-36.39568,6542.25,8376.53,2.74,2.54,-85.2,-0.373,19.56,21.61,04a59764o0339c
59764.208846,23.0,4.0,2,9,c,0,1.17,322.90582,-36.39568,6610.0,8456.9,2.66,2.4,-82.4,-0.38,19.64,21.68,04a59764o0390c
59764.214511,20.745,0.462,18,8,c,0,1.23,322.90582,-36.39568,6632.3,8339.95,2.71,2.43,-87.0,-0.374,19.64,21.7,04a59764o0402c
59766.10046,20.345,0.43,26,11,o,0,1.28,322.90582,-36.39568,6560.13,6335.57,2.19,2.16,74.0,-0.485,19.67,21.07,03a59766o0773o
59766.103613,-21.781,1.31,-7,9,o,0,1.14,322.90582,-36.39568,6577.67,6375.44,2.19,2.14,73.6,-0.475,19.67,21.08,03a59766o0780o
59766.138364,22.16,1.974,5,10,o,0,1.25,322.90582,-36.39568,6520.89,6302.49,2.24,2.19,-89.9,-0.477,19.59,20.95,03a59766o0854o
59766.166229,-21.38,1.145,-10,12,o,0,1.36,322.90582,-36.39568,6502.87,6419.02,2.17,2.13,-49.9,-0.488,19.58,20.9,03a59766o0913o
59767.07257,-19.047,0.113,-87,10,o,0,1.57,322.90582,-36.39568,6566.59,6334.35,2.45,2.38,-2.3,-0.439,19.48,20.89,03a59767o0719o
59767.075292,20.37,0.452,26,12,o,0,1.17,322.90582,-36.39568,6583.7,6373.98,2.42,2.39,70.7,-0.454,19.48,20.9,03a59767o0725o
59767.08079,21.352,0.973,10,10,o,0,1.33,322.90582,-36.39568,6525.86,6295.67,2.42,2.31,-10.5,-0.438,19.5,20.89,03a59767o0737o
59767.117242,21.545,1.262,9,11,o,0,1.18,322.90582,-36.39568,6499.91,6414.41,2.42,2.35,2.2,-0.448,19.41,20.72,03a59767o0808o
59768.01543,-21.867,1.718,-6,11,o,0,1.11,322.90582,-36.39568,5745.35,342.87,3.19,2.19,-2.8,-0.392,19.39,20.99,03a59768o0628o
59768.019865,-21.254,0.94,-11,11,o,0,1.41,322.90582,-36.39568,5729.15,302.74,2.78,2.43,8.1,-0.441,19.44,21.02,03a59768o0635o
59768.023908,20.384,0.338,26,9,o,0,1.53,322.90582,-36.39568,5781.71,383.82,2.4,2.15,-5.7,-0.427,19.55,21.0,03a59768o0641o
59768.034723,-23.152,4.25,-2,8,o,0,1.89,322.90582,-36.39568,5799.05,269.18,2.33,2.12,-2.9,-0.437,19.61,21.05,03a59768o0657o
59769.302096,21.356,1.029,10,11,o,0,1.16,322.90582,-36.39568,3922.3,8420.37,2.71,2.26,-85.4,-0.366,19.35,20.79,04a59769o0689o
59769.305199,20.354,0.459,26,12,o,0,1.1,322.90582,-36.39568,3941.33,8455.85,2.67,2.25,-80.7,-0.377,19.38,20.9,04a59769o0695o
59769.314405,23.139,5.133,2,10,o,0,1.2,322.90582,-36.39568,6907.37,2254.95,2.45,2.13,-21.9,-0.405,19.38,20.88,04a59769o0707o
59769.324764,-20.801,0.73,-17,13,o,0,1.08,322.90582,-36.39568,3864.17,8474.98,2.78,2.23,-89.0,-0.371,19.29,20.8,04a59769o0726o
59772.07309,-20.713,1.054,-19,20,o,0,1.44,322.90582,-36.39568,4660.74,10161.26,2.57,2.31,-42.9,-0.405,18.77,19.27,03a59772o0008o
59772.077226,-20.729,1.283,-19,24,o,0,0.76,322.90582,-36.39568,4676.19,10201.38,2.63,2.31,-39.4,-0.398,18.79,19.32,03a59772o0014o
59772.082676,-23.748,23.125,-1,27,o,0,0.72,322.90582,-36.39568,4620.44,10123.0,2.62,2.27,-40.4,-0.402,18.83,19.34,03a59772o0023o
59772.096634,-20.281,0.793,-28,22,o,0,1.13,322.90582,-36.39568,4595.65,10240.67,2.64,2.22,-40.5,-0.398,18.83,19.37,03a59772o0045o
59773.179654,20.419,1.282,25,32,o,0,1.26,322.90582,-36.39568,6751.7,2218.07,2.15,1.84,-25.2,-0.42,18.16,18.05,04a59773o0454o
59773.18273,-19.84,0.943,-42,40,o,0,0.93,322.90582,-36.39568,6734.13,2179.63,2.33,1.98,-26.6,-0.411,18.09,18.06,04a59773o0458o
59773.186078,-21.319,3.51,-11,38,o,0,1.01,322.90582,-36.39568,6792.2,2256.66,2.18,1.81,-22.5,-0.416,18.12,18.08,04a59773o0465o
59773.197405,-19.37,0.559,-65,36,o,0,1.2,322.90582,-36.39568,6817.33,2139.54,2.31,1.93,-23.0,-0.413,18.11,18.1,04a59773o0485o
59777.861999,20.234,0.811,29,24,o,0,0.97,322.90582,-36.39568,3920.05,6104.72,2.63,2.36,-46.2,-0.381,18.71,19.4,03a59778o0360o
59777.895593,-20.365,0.899,-26,23,o,0,1.17,322.90582,-36.39568,3901.09,6059.65,2.5,2.26,-49.8,-0.397,18.72,19.27,03a59778o0431o
59777.898084,-20.441,0.852,-24,21,o,0,1.3,322.90582,-36.39568,3957.38,6138.81,2.39,2.15,-50.7,-0.401,18.75,19.28,03a59778o0436o
59777.903762,-19.941,0.612,-38,24,o,0,0.93,322.90582,-36.39568,3979.48,6023.88,2.41,2.16,-51.0,-0.398,18.75,19.29,03a59778o0448o
59780.240831,-23.231,5.571,-2,10,o,0,1.24,322.90582,-36.39568,6619.76,8410.12,2.48,2.12,-76.7,-0.461,19.48,20.83,04a59780o0349o
59780.243481,-18.951,0.094,-95,9,o,0,1.34,322.90582,-36.39568,6601.71,8377.46,2.5,2.23,-56.6,-0.39,19.42,20.86,04a59780o0354o
59780.249049,20.617,0.547,21,11,o,0,1.06,322.90582,-36.39568,6665.86,8455.46,2.47,2.17,-57.6,-0.392,19.45,20.85,04a59780o0364o
59780.257052,22.142,2.108,5,11,o,0,1.17,322.90582,-36.39568,6695.86,8335.66,2.43,2.2,-81.5,-0.389,19.46,20.86,04a59780o0379o
59781.239119,-18.933,0.084,-97,8,o,0,2.12,322.90582,-36.39568,6624.96,8411.7,2.37,2.01,-76.3,-0.408,19.5,20.93,04a59781o0560o
59781.241172,23.85,9.5,1,10,o,0,1.09,322.90582,-36.39568,6607.4,8372.93,2.41,2.1,-66.8,-0.394,19.51,20.92,04a59781o0564o
59781.252566,20.781,0.599,18,11,o,0,0.86,322.90582,-36.39568,6679.37,8450.04,2.39,2.05,-68.4,-0.409,19.51,20.98,04a59781o0582o
59781.257609,-20.798,0.638,-17,11,o,0,0.94,322.90582,-36.39568,6703.79,8333.3,2.37,2.02,-66.6,-0.405,19.52,20.93,04a59781o0592o
59782.022655,-20.929,0.615,-15,10,o,0,1.64,322.90582,-36.39568,6520.4,4400.18,2.27,2.21,18.3,-0.468,19.52,20.89,03a59782o0543o
59782.02661,-21.259,0.947,-11,11,o,0,1.18,322.90582,-36.39568,6537.93,4440.04,2.18,2.14,8.3,-0.473,19.56,20.91,03a59782o0551o
59782.031329,21.862,1.673,6,11,o,0,1.38,322.90582,-36.39568,6480.31,4361.59,2.23,2.19,14.5,-0.467,19.55,20.9,03a59782o0561o
59782.062612,21.283,1.32,11,15,o,0,1.32,322.90582,-36.39568,6455.25,4482.94,2.26,2.2,-43.8,-0.464,19.25,20.39,03a59782o0627o
59782.272394,-21.146,0.686,-13,9,o,0,1.35,322.90582,-36.39568,4144.39,2218.71,2.05,1.96,51.9,-0.433,19.52,20.95,04a59782o0635o
59782.276665,-21.088,0.688,-13,9,o,0,1.05,322.90582,-36.39568,4163.77,2253.11,2.07,1.97,38.4,-0.436,19.53,20.96,04a59782o0642o
59782.282981,-21.572,1.434,-8,12,o,0,0.66,322.90582,-36.39568,4104.66,2169.15,2.05,1.93,46.8,-0.432,19.52,20.98,04a59782o0654o
59782.296187,23.483,6.533,2,10,o,0,1.27,322.90582,-36.39568,4083.53,2274.04,2.0,1.89,57.4,-0.431,19.49,20.85,04a59782o0680o
59782.444045,20.16,1.404,31,44,o,0,1.05,322.90582,-36.39568,4066.08,2163.27,2.24,2.14,33.0,-0.419,18.06,18.04,04a59782o0934o
59784.267126,-20.494,0.386,-23,9,o,0,0.85,322.90582,-36.39568,4144.03,2215.96,1.95,1.89,45.2,-0.432,19.63,21.31,04a59784o0667o
59784.270439,21.246,0.73,12,8,o,0,1.03,322.90582,-36.39568,4163.99,2251.57,2.01,1.94,50.1,-0.424,19.63,21.31,04a59784o0674o
59784.278474,21.327,0.876,11,9,o,0,1.04,322.90582,-36.39568,4104.03,2166.43,2.12,2.02,46.3,-0.423,19.61,21.29,04a59784o0690o
59784.289696,21.612,1.03,8,8,o,0,1.69,322.90582,-36.39568,4082.85,2274.97,2.25,2.17,60.6,-0.408,19.51,21.24,04a59784o0711o
59785.26853,20.069,0.479,34,16,o,0,1.14,322.90582,-36.39568,8103.95,2026.82,2.68,2.18,-22.2,-0.402,18.99,20.84,04a59785o0624o
59785.274471,-19.37,1.263,-65,82,o,0,0.76,322.90582,-36.39568,8122.58,2060.46,2.68,2.19,-22.7,-0.391,17.15,18.85,04a59785o0634o
59785.285762,18.968,0.447,94,42,o,0,1.38,322.90582,-36.39568,8062.01,1972.03,3.07,2.54,-19.7,-0.381,18.22,20.06,04a59785o0651o
59785.289353,-17.887,0.492,-254,125,o,0,1.29,322.90582,-36.39568,8041.01,2085.95,2.98,2.54,-29.2,-0.39,16.47,18.28,04a59785o0656o
59786.216624,23.015,4.625,2,10,o,0,1.21,322.90582,-36.39568,2664.85,8603.62,2.72,2.07,-82.0,-0.382,19.5,21.05,04a59786o0519o
59786.232701,19.84,0.238,42,10,o,0,1.09,322.90582,-36.39568,2663.71,8564.07,2.56,1.92,-81.5,-0.38,19.57,21.0,04a59786o0544o
59786.236466,-19.159,0.146,-79,12,o,0,37.84,322.90582,-36.39568,8060.65,2018.92,2.54,2.01,-22.7,-0.401,19.5,21.01,04a59786o0551o
59786.241648,-23.768,9.75,-1,11,o,0,1.27,322.90582,-36.39568,8040.39,2129.61,2.64,2.11,-25.2,-0.392,19.45,20.93,04a59786o0561o
59788.26445,-17.908,2.382,-249,594,o,0,0.89,322.90582,-36.39568,8103.64,2021.06,3.09,2.51,-23.0,-0.362,15.14,16.8,04a59788o0391o
59788.322972,-18.856,0.115,-104,12,o,0,0.99,322.90582,-36.39568,8114.06,2023.95,2.7,2.34,-22.2,-0.379,19.33,20.86,04a59788o0397o
59788.327984,21.064,0.85,14,12,o,0,1.16,322.90582,-36.39568,8050.47,1938.41,2.53,1.99,-23.6,-0.397,19.38,20.82,04a59788o0407o
59788.33157,20.294,0.455,28,13,o,0,0.98,322.90582,-36.39568,8029.96,2052.52,2.59,2.02,-22.1,-0.395,19.34,20.72,04a59788o0414o
59789.23875,-21.532,1.016,-9,9,c,0,0.99,322.90582,-36.39568,2697.89,8604.14,2.72,2.1,-79.0,-0.367,19.66,21.71,04a59789o0487c
59789.24166,-24.005,9.143,-1,8,c,0,0.98,322.90582,-36.39568,2682.24,8565.22,2.66,2.08,-82.1,-0.367,19.73,21.74,04a59789o0493c
59789.269837,20.712,0.496,19,9,c,0,1.5,322.90582,-36.39568,8060.85,1979.68,2.72,2.24,-22.5,-0.356,19.48,21.56,04a59789o0537c
59789.296644,-22.269,1.562,-4,7,c,0,1.42,322.90582,-36.39568,8036.06,2075.56,2.72,2.21,-20.6,-0.366,19.69,21.72,04a59789o0581c
59791.012122,20.4,0.359,25,9,c,0,1.23,322.90582,-36.39568,9586.87,8699.97,2.62,2.5,81.3,-0.39,19.7,21.62,03a59791o0602c
59791.015444,-18.988,0.065,-92,6,c,0,1.47,322.90582,-36.39568,9604.19,8740.92,2.5,2.46,-75.8,-0.393,19.71,21.57,03a59791o0608c
59791.020969,20.848,0.436,17,7,c,0,1.26,322.90582,-36.39568,9546.58,8660.08,2.54,2.41,59.4,-0.392,19.73,21.58,03a59791o0618c
59791.980948,-24.546,15.25,-1,8,c,0,1.02,322.90582,-36.39568,10496.98,4832.3,2.64,2.32,11.6,-0.368,19.78,21.76,03a59792o0526c
59791.988319,-21.441,0.786,-10,8,c,0,1.31,322.90582,-36.39568,9728.66,5892.97,2.5,2.4,29.0,-0.388,19.78,21.81,03a59792o0539c
59791.991278,22.667,2.81,3,9,c,0,0.92,322.90582,-36.39568,10472.46,4948.88,2.63,2.49,10.2,-0.368,19.77,21.76,03a59792o0544c
59791.991728,-20.792,0.422,-18,7,c,0,1.46,322.90582,-36.39568,715.12,4654.52,2.58,2.33,-9.0,-0.396,19.72,21.8,03a59792o0545c
59791.997553,-23.942,9.286,-1,9,c,0,1.06,322.90582,-36.39568,9765.0,5933.86,2.5,2.4,28.5,-0.39,19.79,21.81,03a59792o0553c
59792.008255,21.909,1.241,6,8,c,0,1.26,322.90582,-36.39568,631.43,4696.27,2.29,2.19,-20.4,-0.414,19.81,21.77,03a59792o0571c
59793.270247,-21.689,1.068,-8,8,c,0,1.17,322.90582,-36.39568,2903.93,6564.86,2.37,1.92,-85.1,-0.372,19.72,21.72,04a59793o0585c
59793.273795,-22.24,1.595,-5,7,c,0,1.19,322.90582,-36.39568,2922.56,6601.18,2.32,2.03,-85.2,-0.376,19.73,21.81,04a59793o0592c
59793.278589,-21.074,0.593,-14,8,c,0,1.09,322.90582,-36.39568,2864.41,6520.18,2.38,1.99,-87.7,-0.368,19.76,21.71,04a59793o0602c
59793.28865,-25.119,24.667,0,8,c,0,1.24,322.90582,-36.39568,2841.48,6628.82,2.4,1.96,-83.0,-0.367,19.73,21.68,04a59793o0623c
59795.992902,-19.577,0.097,-54,5,c,0,1.85,322.90582,-36.39568,10526.36,4874.34,2.49,2.44,-11.3,-0.369,19.84,21.93,03a59796o0596c
59795.993602,21.196,0.539,12,6,c,0,2.08,322.90582,-36.39568,690.2,4615.4,2.35,2.2,-34.6,-0.407,19.89,21.98,03a59796o0597c
59795.997882,20.35,0.278,26,7,c,0,1.33,322.90582,-36.39568,707.77,4654.83,2.31,2.16,-34.6,-0.41,19.9,21.98,03a59796o0605c
59796.001722,20.925,0.525,16,8,c,0,1.03,322.90582,-36.39568,10486.0,4834.29,2.45,2.36,-14.2,-0.36,19.85,21.91,03a59796o0613c
59796.004208,20.758,0.441,18,8,c,0,1.11,322.90582,-36.39568,649.06,4578.33,2.36,2.19,-39.5,-0.411,19.88,21.98,03a59796o0618c
59796.012642,21.26,0.591,11,7,c,0,1.37,322.90582,-36.39568,10461.22,4949.7,2.47,2.33,-3.8,-0.37,19.88,21.93,03a59796o0635c
59796.013994,22.412,1.886,4,7,c,0,1.18,322.90582,-36.39568,623.77,4695.05,2.29,2.14,-33.7,-0.41,19.93,21.99,03a59796o0638c
59796.145667,-21.424,1.011,-10,10,o,0,0.98,322.90582,-36.39568,7793.8,4036.65,2.18,1.73,-24.6,-0.433,19.44,20.79,04a59796o0418o
59796.156119,-20.243,0.406,-29,12,o,0,0.91,322.90582,-36.39568,7779.85,4001.24,2.26,1.81,-18.2,-0.425,19.5,20.86,04a59796o0440o
59796.15855,23.886,9.0,1,9,o,0,1.51,322.90582,-36.39568,7838.99,4077.21,2.21,1.73,-24.2,-0.437,19.48,20.84,04a59796o0445o
59796.164902,-20.745,0.628,-18,12,o,0,1.06,322.90582,-36.39568,7863.46,3961.85,2.29,1.77,-17.6,-0.43,19.48,20.84,04a59796o0458o
59797.152108,-21.375,1.038,-10,11,o,0,1.41,322.90582,-36.39568,7803.3,4034.84,2.49,1.95,-19.4,-0.432,19.21,20.57,04a59797o0391o
59797.154811,21.284,1.191,11,13,o,0,1.11,322.90582,-36.39568,7785.42,3996.7,2.38,1.87,-21.9,-0.447,19.25,20.59,04a59797o0397o
59797.158195,-20.506,0.525,-23,12,o,0,1.01,322.90582,-36.39568,7845.58,4073.87,2.48,1.96,-19.4,-0.422,19.24,20.64,04a59797o0403o
59797.164114,-21.317,1.25,-11,14,o,0,0.82,322.90582,-36.39568,7870.51,3958.27,2.53,1.99,-18.6,-0.435,19.2,20.65,04a59797o0415o
59798.012751,23.048,7.364,2,16,o,0,0.92,322.90582,-36.39568,10519.26,4873.33,2.93,2.81,-52.3,-0.368,19.15,20.62,03a59798o0646o
59798.018845,22.815,4.188,3,11,o,0,1.26,322.90582,-36.39568,10479.62,4831.49,2.68,2.6,-41.9,-0.37,19.26,20.7,03a59798o0658o
59798.019765,-21.304,1.229,-11,13,o,0,0.74,322.90582,-36.39568,698.97,4654.16,2.64,2.38,-65.4,-0.405,19.33,20.81,03a59798o0660o
59798.02297,21.16,0.962,12,12,o,0,1.07,322.90582,-36.39568,641.49,4577.49,2.65,2.39,-66.7,-0.414,19.41,20.9,03a59798o0667o
59798.023421,20.802,0.786,17,14,o,0,0.92,322.90582,-36.39568,10456.77,4947.11,2.94,2.83,-36.0,-0.381,19.22,20.81,03a59798o0668o
59798.027753,21.034,0.973,14,14,o,0,0.94,322.90582,-36.39568,618.68,4694.51,2.88,2.64,-63.0,-0.399,19.3,20.97,03a59798o0677o
59799.879729,-21.092,4.857,-13,64,o,0,1.41,322.90582,-36.39568,6712.29,2196.62,2.44,2.16,-19.3,-0.434,17.54,17.53,03a59800o0346o
59799.883222,19.392,1.372,64,87,o,0,0.86,322.90582,-36.39568,6694.05,2156.46,2.21,2.07,-38.9,-0.485,17.41,17.12,03a59800o0353o
59799.889697,19.747,1.293,46,59,o,0,1.23,322.90582,-36.39568,6747.58,2236.45,2.32,2.11,-15.3,-0.452,17.57,17.55,03a59800o0363o
59799.89977,22.828,27.091,3,73,o,0,1.1,322.90582,-36.39568,6767.25,2120.01,2.49,2.16,-6.0,-0.45,17.55,17.48,03a59800o0383o
59800.240112,20.347,0.805,26,21,o,0,0.87,322.90582,-36.39568,2902.92,6574.47,2.15,1.78,-88.6,-0.384,18.81,19.58,04a59800o0610o
59800.270682,-20.483,0.854,-23,20,o,0,1.1,322.90582,-36.39568,2915.67,6587.24,2.09,1.72,-89.8,-0.392,18.85,19.55,04a59800o0670o
59800.273402,-20.183,0.72,-31,22,o,0,0.78,322.90582,-36.39568,2857.4,6509.24,2.09,1.71,89.3,-0.388,18.83,19.54,04a59800o0676o
59800.280657,-21.565,2.27,-9,20,o,0,0.94,322.90582,-36.39568,2836.94,6619.9,2.2,1.8,87.4,-0.381,18.8,19.55,04a59800o0692o
59805.208958,20.77,1.635,18,29,o,0,1.01,322.90582,-36.39568,1050.92,512.41,3.25,1.78,47.1,-0.368,18.69,19.09,04a59805o0521o
59805.22021,24.018,28.833,1,26,o,0,1.08,322.90582,-36.39568,1070.99,538.75,3.39,1.83,48.3,-0.346,18.65,19.1,04a59805o0542o
59805.225347,-21.343,2.69,-10,28,o,0,0.86,322.90582,-36.39568,1009.16,456.96,3.52,1.78,47.8,-0.341,18.67,19.12,04a59805o0552o
59805.231544,19.943,0.742,38,28,o,0,1.11,322.90582,-36.39568,989.38,569.43,3.39,1.82,48.3,-0.333,18.65,19.06,04a59805o0563o
59806.244839,-20.118,0.811,-33,26,o,0,0.9,322.90582,-36.39568,1052.02,475.46,3.7,2.19,50.1,-0.314,18.75,19.59,04a59806o0477o
59806.247542,19.59,0.492,53,26,o,0,0.97,322.90582,-36.39568,1071.83,512.64,3.72,2.25,50.3,-0.317,18.71,19.55,04a59806o0483o
59806.252329,-21.563,2.907,-9,25,o,0,1.16,322.90582,-36.39568,1008.79,431.07,3.66,2.23,52.5,-0.345,18.69,19.58,04a59806o0493o
59806.264215,19.907,0.963,40,38,o,0,1.56,322.90582,-36.39568,986.31,539.23,3.81,2.35,49.4,-0.291,18.25,18.78,04a59806o0519o
59807.005644,-19.568,0.946,-54,51,o,0,1.14,322.90582,-36.39568,3705.83,8310.89,2.68,2.5,-54.0,-0.379,17.81,18.2,03a59807o0585o
59807.009074,21.19,1.816,12,22,o,0,1.02,322.90582,-36.39568,3723.67,8348.41,2.47,2.3,-42.2,-0.389,18.65,19.25,03a59807o0591o
59807.01447,22.061,22.25,5,121,o,0,1.15,322.90582,-36.39568,3666.89,8269.45,2.61,2.42,-49.6,-0.383,17.19,17.35,03a59807o0601o
59807.025699,-20.908,9.172,-16,144,o,0,1.18,322.90582,-36.39568,3644.58,8386.79,2.49,2.27,-47.8,-0.381,16.8,16.76,03a59807o0618o
59807.941204,20.618,0.637,21,13,o,0,0.68,322.90582,-36.39568,4084.62,2123.78,2.23,2.13,-32.8,-0.446,19.41,20.57,03a59808o0462o
59807.946871,20.21,0.374,30,11,o,0,1.35,322.90582,-36.39568,6310.5,8345.73,2.57,2.25,-29.3,-0.409,19.39,20.56,03a59808o0472o
59807.954241,18.873,0.116,102,12,o,0,1.54,322.90582,-36.39568,4042.67,2085.8,2.28,2.17,-25.1,-0.44,19.37,20.53,03a59808o0486o
59807.958466,19.58,0.248,54,13,o,0,1.26,322.90582,-36.39568,4020.47,2202.97,2.31,2.25,-46.5,-0.431,19.35,20.53,03a59808o0492o
59809.219801,21.657,1.722,8,14,o,0,0.93,322.90582,-36.39568,8906.97,6772.97,2.58,2.23,-17.9,-0.407,19.33,20.8,04a59809o0549o
59809.222541,-18.838,0.115,-106,12,o,0,1.0,322.90582,-36.39568,8924.79,6811.12,2.56,2.16,-21.3,-0.402,19.36,20.78,04a59809o0555o
59809.228856,20.611,0.6,21,12,o,0,1.28,322.90582,-36.39568,8866.16,6727.58,2.41,2.13,-18.6,-0.425,19.4,20.77,04a59809o0567o
59809.238303,19.791,0.291,44,13,o,0,1.23,322.90582,-36.39568,8844.95,6837.35,2.42,2.07,-23.8,-0.422,19.37,20.7,04a59809o0586o
59810.148904,20.906,0.475,16,8,c,0,1.12,322.90582,-36.39568,1832.44,3836.71,2.12,1.94,58.0,-0.395,19.79,21.89,04a59810o0316c
59810.150707,21.189,0.651,12,8,c,0,1.24,322.90582,-36.39568,1813.24,3797.26,2.1,1.88,51.2,-0.397,19.83,21.86,04a59810o0320c
59810.153866,21.566,0.852,9,7,c,0,1.27,322.90582,-36.39568,1874.4,3875.9,2.14,1.9,52.2,-0.403,19.81,21.87,04a59810o0327c
59810.189412,-23.464,5.312,-2,8,c,0,1.0,322.90582,-36.39568,1935.61,3759.06,2.12,1.84,48.9,-0.397,19.84,21.89,04a59810o0399c
59811.958591,20.286,0.505,28,14,o,0,1.16,322.90582,-36.39568,4078.05,2127.62,3.32,2.93,36.2,-0.397,19.08,21.05,03a59812o0545o
59811.962717,-22.758,3.8,-3,11,o,0,1.47,322.90582,-36.39568,4096.36,2167.56,3.09,2.58,-63.4,-0.397,19.38,21.27,03a59812o0554o
59811.978294,22.385,3.0,4,12,o,0,1.0,322.90582,-36.39568,4012.41,2206.64,3.58,3.15,-64.8,-0.391,19.2,21.38,03a59812o0588o
59813.070215,-22.506,2.345,-4,8,c,0,1.09,322.90582,-36.39568,1770.8,3838.46,2.42,2.09,52.0,-0.384,19.66,21.81,04a59813o0237c
59813.0959,19.762,0.178,45,8,c,0,1.11,322.90582,-36.39568,1766.96,3799.28,2.35,2.01,52.8,-0.385,19.74,21.79,04a59813o0291c
59813.098153,19.663,0.194,50,10,c,0,1.07,322.90582,-36.39568,1828.63,3877.59,2.3,2.01,55.2,-0.388,19.77,21.82,04a59813o0296c
59813.101308,19.769,0.194,45,9,c,0,0.97,322.90582,-36.39568,1848.47,3762.11,2.27,1.98,58.0,-0.39,19.79,21.86,04a59813o0303c
59813.86206,20.453,0.55,24,13,o,0,1.01,322.90582,-36.39568,6355.08,8373.33,3.51,2.71,-39.5,-0.361,19.31,21.12,03a59814o0326o
59813.86484,19.495,0.187,58,11,o,0,1.04,322.90582,-36.39568,6335.43,8334.56,2.48,2.12,-42.7,-0.417,19.65,21.23,03a59814o0332o
59813.870464,20.004,0.22,36,8,o,0,2.04,322.90582,-36.39568,6388.49,8415.81,2.56,2.14,-46.7,-0.407,19.67,21.26,03a59814o0343o
59813.882425,22.294,2.03,4,9,o,0,1.43,322.90582,-36.39568,6406.14,8302.49,2.54,2.11,-43.8,-0.411,19.67,21.25,03a59814o0369o
59814.178122,21.581,0.966,8,8,c,0,1.4,322.90582,-36.39568,8905.84,6800.24,2.68,2.22,-25.2,-0.4,19.78,21.78,04a59814o0470c
59814.180979,-23.524,5.7,-1,8,c,0,1.33,322.90582,-36.39568,8925.76,6836.14,2.57,2.22,-29.4,-0.415,19.77,21.77,04a59814o0476c
59814.201765,19.68,0.173,49,8,c,0,1.25,322.90582,-36.39568,8865.29,6738.12,2.61,2.2,-27.8,-0.416,19.8,21.83,04a59814o0520c
59814.206885,19.446,0.129,60,8,c,0,1.58,322.90582,-36.39568,8845.71,6850.79,2.49,2.17,-27.1,-0.438,19.83,21.82,04a59814o0530c
59814.967623,22.454,2.935,4,11,o,0,0.78,322.90582,-36.39568,4086.07,2166.36,2.25,2.08,-47.1,-0.422,19.62,21.17,03a59815o0505o
59814.973168,19.666,0.211,49,10,o,0,0.64,322.90582,-36.39568,4027.89,2088.12,2.3,2.12,-47.1,-0.421,19.58,21.19,03a59815o0517o
59814.984109,20.687,0.421,19,8,o,0,1.51,322.90582,-36.39568,4003.61,2204.88,2.31,2.16,-47.8,-0.421,19.57,21.17,03a59815o0541o
59815.8627,-17.972,0.54,-235,127,o,0,1.15,322.90582,-36.39568,2391.68,8462.11,2.74,2.47,-50.8,-0.379,16.92,18.49,03a59816o0305o
59816.202405,20.203,0.252,30,8,c,0,1.36,322.90582,-36.39568,8903.89,6769.12,2.46,2.13,-32.1,-0.438,19.85,21.95,04a59816o0521c
59816.205615,20.771,0.436,18,8,c,0,1.99,322.90582,-36.39568,8922.35,6805.39,2.48,2.12,-32.4,-0.442,19.87,21.93,04a59816o0528c
59816.211046,21.621,1.034,8,8,c,0,1.28,322.90582,-36.39568,8863.36,6722.67,2.46,2.15,-38.2,-0.431,19.82,21.85,04a59816o0540c
59817.198335,20.453,0.29,24,7,c,0,1.88,322.90582,-36.39568,3036.4,10360.92,3.2,2.19,-76.6,-0.357,19.77,21.84,04a59817o0514c
59817.198786,20.019,0.232,36,8,c,0,1.57,322.90582,-36.39568,7093.85,145.27,2.56,2.39,-20.6,-0.377,19.8,21.92,04a59817o0515c
59817.201939,20.385,0.339,26,9,c,0,1.29,322.90582,-36.39568,3054.95,10395.9,3.02,2.05,-76.1,-0.376,19.82,21.83,04a59817o0522c
59817.202848,20.714,0.511,19,10,c,0,1.09,322.90582,-36.39568,7112.79,181.24,2.59,2.27,-21.5,-0.384,19.82,21.85,04a59817o0524c
59817.207865,21.242,0.857,12,10,c,0,0.84,322.90582,-36.39568,2999.07,10311.25,3.13,2.03,-77.5,-0.367,19.82,21.82,04a59817o0535c
59817.209408,21.461,1.169,10,11,c,0,0.71,322.90582,-36.39568,7052.16,95.69,2.52,2.16,-26.3,-0.378,19.68,22.0,04a59817o0538c
59817.95173,20.58,0.7,21,15,o,0,1.22,322.90582,-36.39568,8029.11,2043.96,3.38,3.08,35.3,-0.395,19.13,21.33,03a59818o0097o
59817.955446,20.007,0.461,36,17,o,0,0.97,322.90582,-36.39568,8046.81,2083.03,3.82,3.18,33.2,-0.363,18.99,21.23,03a59818o0105o
59817.96139,19.945,0.42,38,16,o,0,1.28,322.90582,-36.39568,7988.84,2002.02,3.97,3.1,30.9,-0.417,18.94,21.17,03a59818o0118o
59817.973217,22.084,3.0,5,16,o,0,0.87,322.90582,-36.39568,7963.8,2120.95,3.36,2.97,27.4,-0.399,19.08,21.32,03a59818o0143o
59818.105719,-21.764,0.953,-7,7,c,0,1.92,322.90582,-36.39568,7658.3,238.35,2.94,2.39,-29.5,-0.357,19.69,21.82,04a59818o0313c
59818.108965,-22.518,2.571,-4,9,c,0,0.98,322.90582,-36.39568,7640.15,200.25,2.89,2.51,-20.2,-0.349,19.72,21.84,04a59818o0320c
59818.113468,22.756,2.944,3,8,c,0,1.22,322.90582,-36.39568,7702.41,277.68,2.9,2.31,-30.5,-0.364,19.74,21.85,04a59818o0329c
59818.119787,-18.877,0.073,-102,8,c,0,0.9,322.90582,-36.39568,7726.67,160.19,3.03,2.27,-32.1,-0.356,19.73,21.89,04a59818o0343c
59818.171929,-26.047,50.0,0,7,c,0,1.03,322.90582,-36.39568,7103.16,166.58,2.56,2.26,-13.9,-0.384,19.82,21.96,04a59818o0449c
59818.204532,21.473,0.821,9,8,c,0,1.73,322.90582,-36.39568,7120.11,177.85,2.58,2.24,-29.3,-0.391,19.8,21.91,04a59818o0515c
59818.207427,-21.457,0.986,-10,9,c,0,1.18,322.90582,-36.39568,7059.42,96.27,2.53,2.28,-13.3,-0.383,19.83,21.9,04a59818o0520c
59818.23638,-18.768,0.06,-113,7,c,0,1.28,322.90582,-36.39568,7032.42,195.75,2.66,2.3,-30.5,-0.369,19.8,21.82,04a59818o0576c
59818.844704,20.395,0.467,25,12,o,0,0.79,322.90582,-36.39568,2403.32,8460.8,2.72,2.37,-53.1,-0.386,19.48,21.05,03a59819o0277o
59818.846968,21.957,2.0,6,12,o,0,0.71,322.90582,-36.39568,2384.49,8420.93,2.81,2.49,-50.2,-0.385,19.47,21.06,03a59819o0282o
59818.850584,21.033,0.69,14,10,o,0,1.72,322.90582,-36.39568,2440.61,8501.48,2.82,2.42,-49.8,-0.382,19.46,21.09,03a59819o0290o
59818.885531,-21.83,1.327,-7,9,o,0,1.2,322.90582,-36.39568,2451.38,8386.92,2.47,2.2,-46.4,-0.392,19.7,21.25,03a59819o0363o
59820.120538,20.134,0.373,32,12,c,0,1.11,322.90582,-36.39568,3664.97,10471.37,3.18,2.42,-79.1,-0.351,19.78,21.87,04a59820o0345c
59820.122342,20.594,0.424,21,9,c,0,1.2,322.90582,-36.39568,3646.88,10431.54,3.11,2.41,-78.7,-0.361,19.78,21.88,04a59820o0349c
59820.125081,22.533,4.947,4,17,c,0,1.04,322.90582,-36.39568,3708.31,10510.65,3.23,2.46,-76.1,-0.354,19.74,21.9,04a59820o0355c
59820.13024,20.85,0.609,17,10,c,0,1.07,322.90582,-36.39568,3733.35,10392.76,3.12,2.47,-78.7,-0.347,19.76,21.89,04a59820o0366c
59821.110015,20.034,0.22,35,8,c,0,1.36,322.90582,-36.39568,7662.28,235.2,2.97,2.31,-28.5,-0.357,19.71,21.92,04a59821o0258c
59821.112813,19.918,0.215,39,8,c,0,1.33,322.90582,-36.39568,7644.73,197.74,2.96,2.28,-28.1,-0.355,19.73,21.9,04a59821o0264c
59821.116557,20.118,0.282,33,9,c,0,0.97,322.90582,-36.39568,7705.75,274.9,2.81,2.27,-31.6,-0.362,19.78,21.92,04a59821o0271c
59821.12296,20.986,0.556,15,8,c,0,1.08,322.90582,-36.39568,7730.64,156.89,2.87,2.19,-33.2,-0.355,19.79,21.91,04a59821o0282c
59821.186539,20.991,0.594,15,9,c,0,1.11,322.90582,-36.39568,7096.63,145.79,2.55,2.25,-21.4,-0.382,19.82,21.85,04a59821o0407c
59821.222382,-18.827,0.066,-107,7,c,0,1.26,322.90582,-36.39568,7113.35,157.89,2.69,2.41,-22.2,-0.346,19.77,21.84,04a59821o0479c
59821.225665,23.282,7.538,2,13,c,0,0.88,322.90582,-36.39568,7050.0,76.13,2.49,2.24,-26.9,-0.378,19.82,21.84,04a59821o0484c
59821.232857,19.7,0.169,48,8,c,0,1.51,322.90582,-36.39568,7026.35,189.84,2.47,2.21,-26.7,-0.388,19.78,21.87,04a59821o0497c
59822.18981,-21.673,1.064,-8,8,c,0,0.97,322.90582,-36.39568,3039.55,10356.49,3.19,2.21,-74.4,-0.354,19.76,21.9,04a59822o0498c
59822.193421,21.589,1.096,8,9,c,0,0.97,322.90582,-36.39568,3056.91,10392.03,3.22,2.12,-77.4,-0.365,19.76,21.89,04a59822o0506c
59822.195222,-22.833,3.611,-3,10,c,0,1.04,322.90582,-36.39568,7094.95,137.44,2.62,2.38,-10.7,-0.373,19.8,21.93,04a59822o0510c
59822.198288,21.813,1.333,7,9,c,0,0.96,322.90582,-36.39568,7114.44,174.52,2.72,2.37,-29.3,-0.359,19.77,21.92,04a59822o0516c
59822.199198,-20.742,0.4,-18,7,c,0,1.43,322.90582,-36.39568,3000.48,10309.48,3.22,2.21,-74.9,-0.357,19.76,21.9,04a59822o0518c
59822.203714,-22.361,2.643,-4,11,c,0,1.13,322.90582,-36.39568,7053.0,91.62,2.62,2.35,-20.9,-0.371,19.8,21.92,04a59822o0528c
59822.209132,-21.866,1.231,-6,8,c,0,1.14,322.90582,-36.39568,2979.61,10419.14,3.21,2.19,-76.2,-0.358,19.76,21.87,04a59822o0540c
59822.214108,20.697,0.475,19,9,c,0,0.81,322.90582,-36.39568,7029.93,201.23,2.69,2.48,-15.8,-0.369,19.67,21.98,04a59822o0551c
59823.870908,21.148,1.022,13,13,o,0,0.89,322.90582,-36.39568,7673.25,4041.45,2.27,2.01,-52.1,-0.439,19.41,20.8,03a59824o0238o
59823.87271,20.492,0.5,23,12,o,0,1.38,322.90582,-36.39568,7654.64,4003.36,2.36,2.1,-51.0,-0.434,19.4,20.83,03a59824o0242o
59823.875864,20.03,0.313,35,11,o,0,1.09,322.90582,-36.39568,7709.36,4081.88,2.34,2.09,-50.7,-0.426,19.42,20.86,03a59824o0249o
59823.900619,21.81,1.44,7,10,o,0,1.11,322.90582,-36.39568,2680.67,6527.38,2.34,2.09,-54.7,-0.399,19.54,21.12,03a59824o0300o
59824.196224,-22.344,2.187,-4,9,c,0,1.19,322.90582,-36.39568,7095.42,130.76,2.48,2.21,-27.4,-0.385,19.84,21.78,04a59824o0333c
59824.198933,22.215,1.838,5,9,c,0,0.96,322.90582,-36.39568,7113.63,169.12,2.41,2.19,-31.8,-0.381,19.84,21.78,04a59824o0339c
59824.204232,20.646,0.579,20,12,c,0,0.96,322.90582,-36.39568,7052.87,85.32,2.53,2.2,-32.1,-0.375,19.79,21.78,04a59824o0350c
59824.213784,20.034,0.249,35,9,c,0,1.46,322.90582,-36.39568,7029.81,197.37,2.53,2.19,-23.0,-0.377,19.81,21.75,04a59824o0371c
59825.181238,21.339,1.042,11,11,o,0,1.25,322.90582,-36.39568,4701.73,4513.8,2.08,1.77,-58.2,-0.398,19.22,21.02,04a59825o0404o
59825.184,20.978,0.784,15,12,o,0,0.78,322.90582,-36.39568,4720.96,4549.72,2.0,1.87,-78.3,-0.407,19.41,21.0,04a59825o0410o
59825.190497,21.692,1.361,8,10,o,0,1.02,322.90582,-36.39568,4661.26,4468.02,2.08,1.96,-69.0,-0.413,19.43,20.91,04a59825o0424o
59825.201645,20.042,0.292,35,10,o,0,1.16,322.90582,-36.39568,4639.19,4575.87,2.08,1.95,-77.3,-0.4,19.45,20.95,04a59825o0448o
59826.077945,20.57,0.706,22,15,o,0,0.87,322.90582,-36.39568,6015.98,6084.36,2.25,2.01,-59.8,-0.399,19.18,20.31,04a59826o0236o
59826.080867,-21.044,1.041,-14,14,o,0,0.87,322.90582,-36.39568,5998.87,6046.77,2.23,2.02,-58.6,-0.401,19.17,20.35,04a59826o0242o
59826.111253,23.265,7.687,2,14,o,0,0.85,322.90582,-36.39568,6101.66,6011.02,2.26,1.99,-65.9,-0.392,19.2,20.4,04a59826o0308o
59828.009283,21.039,1.422,14,20,o,0,1.08,322.90582,-36.39568,2732.11,6460.73,2.56,2.16,-47.1,-0.374,18.8,19.42,03a59828o0077o
59828.026733,19.804,0.553,44,24,o,0,1.24,322.90582,-36.39568,2752.33,6498.81,2.42,2.11,-45.7,-0.378,18.73,19.21,03a59828o0113o
59828.030462,20.587,0.993,21,21,o,0,1.36,322.90582,-36.39568,2695.72,6419.57,2.63,2.3,-40.5,-0.374,18.68,19.33,03a59828o0121o
59828.056632,21.186,1.496,12,18,o,0,1.22,322.90582,-36.39568,6001.25,6083.47,2.13,1.88,-65.2,-0.403,18.74,19.26,04a59828o0191o
59828.058446,20.457,0.968,24,23,o,0,0.94,322.90582,-36.39568,5983.19,6045.04,2.18,1.96,-56.4,-0.394,18.68,19.25,04a59828o0195o
59828.065174,19.809,0.441,43,19,o,0,1.46,322.90582,-36.39568,6041.77,6127.1,2.17,1.97,-46.9,-0.406,18.71,19.26,04a59828o0209o
59828.076049,-20.233,0.714,-29,21,o,0,1.21,322.90582,-36.39568,6068.94,6012.51,2.25,2.1,-28.6,-0.393,18.67,19.3,04a59828o0233o
59832.225658,19.137,0.466,80,37,o,0,1.11,322.90582,-36.39568,4685.8,4470.0,2.06,1.91,-77.6,-0.407,18.0,17.78,04a59832o0568o
59832.256865,20.788,2.343,18,41,o,0,0.92,322.90582,-36.39568,4691.52,4500.1,2.01,1.93,-72.7,-0.421,17.95,17.72,04a59832o0634o
59834.124998,19.28,0.255,70,18,o,0,1.26,322.90582,-36.39568,2759.93,4665.9,2.1,1.89,71.8,-0.401,18.79,19.42,04a59834o0346o
59834.127821,19.083,0.225,84,19,o,0,0.99,322.90582,-36.39568,2780.2,4700.77,2.14,1.91,73.5,-0.395,18.78,19.41,04a59834o0352o
59834.139252,19.435,0.269,61,16,o,0,1.2,322.90582,-36.39568,2721.75,4614.4,2.09,1.89,76.8,-0.401,18.86,19.43,04a59834o0374o
59834.14701,19.819,0.376,43,16,o,0,1.12,322.90582,-36.39568,2700.06,4724.17,2.05,1.9,71.7,-0.41,18.83,19.43,04a59834o0390o
59834.884006,20.115,0.574,33,19,o,0,1.33,322.90582,-36.39568,1029.18,336.16,2.35,2.01,-53.5,-0.442,19.0,19.64,03a59835o0362o
59834.89195,20.388,0.733,25,19,o,0,1.11,322.90582,-36.39568,1047.61,376.45,2.38,1.97,-60.0,-0.445,18.99,19.63,03a59835o0379o
59834.925567,20.828,1.036,17,18,o,0,1.49,322.90582,-36.39568,980.85,300.1,2.33,2.02,-64.4,-0.434,18.96,19.54,03a59835o0451o
59834.928541,19.518,0.418,57,24,o,0,0.85,322.90582,-36.39568,958.22,417.95,2.31,2.02,-62.1,-0.444,18.92,19.53,03a59835o0457o
59835.908794,19.952,0.409,38,16,o,0,1.29,322.90582,-36.39568,1025.69,340.54,2.39,2.1,-54.2,-0.429,19.17,20.02,03a59836o0417o
59835.912011,19.091,0.213,84,18,o,0,1.12,322.90582,-36.39568,1043.58,379.61,2.58,2.18,-63.6,-0.417,19.07,19.98,03a59836o0424o
59835.917932,-18.926,0.146,-98,14,o,0,1.56,322.90582,-36.39568,983.39,301.53,2.47,2.12,-59.5,-0.419,19.12,19.98,03a59836o0437o
59835.92976,19.528,0.268,56,15,o,0,1.12,322.90582,-36.39568,957.99,420.66,2.39,2.02,-61.0,-0.435,19.13,19.96,03a59836o0463o
59837.798015,19.696,0.244,48,12,c,0,1.35,322.90582,-36.39568,9397.27,10141.19,3.11,2.51,-48.8,-0.435,19.59,21.53,03a59838o0170c
59837.800809,19.566,0.189,54,10,c,0,1.2,322.90582,-36.39568,9377.67,10101.91,2.98,2.37,-51.0,-0.439,19.61,21.55,03a59838o0176c
59837.807461,19.687,0.234,48,11,c,0,1.28,322.90582,-36.39568,9435.03,10182.76,2.97,2.36,-51.0,-0.441,19.61,21.58,03a59838o0189c
59837.843116,21.478,1.222,9,11,c,0,1.01,322.90582,-36.39568,9441.01,10070.86,2.98,2.46,-54.8,-0.433,19.65,21.66,03a59838o0263c
59841.143356,19.32,0.169,68,12,o,0,1.05,322.90582,-36.39568,974.48,6707.37,2.65,2.12,77.3,-0.368,19.38,21.28,04a59841o0377o
59841.146443,19.377,0.189,64,12,o,0,0.9,322.90582,-36.39568,992.98,6742.43,2.53,2.15,78.8,-0.376,19.43,21.26,04a59841o0383o
59841.152103,19.199,0.164,76,12,o,0,0.96,322.90582,-36.39568,934.18,6660.94,2.72,2.16,81.8,-0.368,19.43,21.02,04a59841o0395o
59841.162047,17.791,0.043,278,12,o,0,1.16,322.90582,-36.39568,913.14,6771.2,2.49,2.09,83.8,-0.375,19.51,21.06,04a59841o0415o
59842.103245,19.649,0.238,50,12,o,0,1.08,322.90582,-36.39568,972.42,6745.45,2.55,2.13,79.0,-0.379,19.4,20.95,04a59842o0285o
59842.107812,20.083,0.338,34,11,o,0,1.16,322.90582,-36.39568,992.96,6779.06,2.64,2.22,82.2,-0.371,19.41,20.96,04a59842o0294o
59842.143111,19.309,0.187,69,13,o,0,1.21,322.90582,-36.39568,936.61,6669.23,2.79,2.36,77.1,-0.367,19.33,20.92,04a59842o0362o
59842.149904,19.65,0.285,50,14,o,0,1.0,322.90582,-36.39568,914.12,6778.81,2.73,2.3,76.4,-0.37,19.34,20.93,04a59842o0376o
59843.879444,-18.851,0.111,-105,12,c,0,2.63,322.90582,-36.39568,8709.93,6819.35,2.54,2.17,-18.2,-0.389,19.13,21.96,03a59844o0233c
59843.882625,19.504,0.199,57,11,c,0,1.53,322.90582,-36.39568,8727.37,6859.02,2.53,2.13,-12.9,-0.384,19.11,21.96,03a59844o0240c
59843.889099,19.396,0.243,63,15,c,0,1.19,322.90582,-36.39568,8670.44,6779.36,2.63,2.23,-14.9,-0.39,19.09,21.85,03a59844o0254c
59843.90021,20.504,0.714,23,16,c,0,1.72,322.90582,-36.39568,8647.06,6894.31,2.58,2.28,-17.0,-0.39,19.04,21.93,03a59844o0278c
59845.098435,19.775,0.225,45,10,o,0,1.19,322.90582,-36.39568,968.62,6740.68,2.42,2.02,74.8,-0.383,19.62,21.17,04a59845o0271o
59845.101871,19.172,0.112,78,9,o,0,1.75,322.90582,-36.39568,987.57,6774.62,2.47,2.0,80.5,-0.389,19.58,21.17,04a59845o0278o
59845.106841,18.74,0.095,116,11,o,0,0.99,322.90582,-36.39568,929.31,6694.57,2.46,2.01,79.2,-0.387,19.58,21.16,04a59845o0288o
59845.115929,19.639,0.188,51,10,o,0,1.53,322.90582,-36.39568,909.05,6803.76,2.48,1.99,78.8,-0.398,19.61,21.13,04a59845o0307o
59846.155959,18.723,0.106,118,12,o,0,0.85,322.90582,-36.39568,970.86,6687.16,2.57,2.08,81.4,-0.383,19.44,20.9,04a59846o0395o
59846.159081,18.401,0.089,158,14,o,0,0.84,322.90582,-36.39568,988.63,6722.32,2.66,2.17,80.1,-0.374,19.41,20.86,04a59846o0401o
59846.186129,18.77,0.086,113,10,o,0,1.63,322.90582,-36.39568,923.49,6631.7,2.5,2.04,77.8,-0.38,19.45,20.91,04a59846o0453o
59846.191366,17.765,0.043,284,12,o,0,1.71,322.90582,-36.39568,904.58,6747.31,2.55,2.1,77.9,-0.376,19.43,20.9,04a59846o0464o
59849.119445,18.271,0.066,178,12,o,0,1.25,322.90582,-36.39568,2158.8,2319.07,2.27,1.82,54.4,-0.425,19.51,21.17,04a59849o0321o
59849.124688,18.532,0.186,140,26,o,0,1.86,322.90582,-36.39568,2177.98,2352.07,2.18,1.85,61.2,-0.418,18.29,20.18,04a59849o0332o
59849.12789,-16.073,0.706,-1352,955,o,0,0.86,322.90582,-36.39568,2117.4,2272.98,2.27,1.89,58.7,-0.411,14.96,16.67,04a59849o0339o
59849.138361,-24.142,47.0,-1,38,o,0,0.84,322.90582,-36.39568,2094.65,2382.28,2.33,1.93,55.5,-0.421,17.99,19.49,04a59849o0362o
59849.857484,-19.39,1.526,-64,97,c,0,1.56,322.90582,-36.39568,7065.06,159.33,2.42,2.21,-52.7,-0.394,16.79,18.67,03a59850o0141c
59849.861109,19.371,0.133,65,9,c,0,1.84,322.90582,-36.39568,7082.52,199.46,2.42,2.15,-52.3,-0.382,19.53,21.48,03a59850o0149c
59849.866999,19.142,0.129,80,10,c,0,1.09,322.90582,-36.39568,7023.1,119.22,2.37,2.18,-47.4,-0.381,19.67,21.62,03a59850o0162c
59849.876926,19.854,0.189,42,8,c,0,1.45,322.90582,-36.39568,6998.4,236.62,2.45,2.25,-47.1,-0.386,19.82,21.83,03a59850o0183c
59850.823311,19.766,0.171,45,8,c,0,1.64,322.90582,-36.39568,7070.31,156.15,2.41,2.14,-46.8,-0.383,19.81,21.83,03a59851o0213c
59850.823761,20.908,0.559,16,9,c,0,1.6,322.90582,-36.39568,2785.26,10241.92,2.61,2.3,-48.9,-0.378,19.81,21.78,03a59851o0214c
59850.830521,-21.522,1.222,-9,11,c,0,1.04,322.90582,-36.39568,2800.54,10282.05,2.62,2.27,-50.3,-0.377,19.46,21.39,03a59851o0228c
59850.830973,23.609,8.429,1,11,c,0,1.41,322.90582,-36.39568,7087.8,196.82,2.42,2.21,-42.0,-0.388,19.44,21.42,03a59851o0229c
59850.834226,19.878,0.239,41,10,c,0,1.29,322.90582,-36.39568,2745.88,10204.3,2.63,2.34,-44.7,-0.381,19.52,21.54,03a59851o0236c
59850.834858,20.022,0.254,36,9,c,0,1.04,322.90582,-36.39568,7028.79,117.07,2.43,2.2,-41.6,-0.385,19.61,21.62,03a59851o0237c
59850.869674,19.678,0.172,49,8,c,0,1.66,322.90582,-36.39568,2716.96,10328.04,2.67,2.35,-47.4,-0.377,19.85,21.84,03a59851o0311c
59850.870125,19.712,0.165,47,8,c,0,1.27,322.90582,-36.39568,7000.24,239.55,2.4,2.18,-48.8,-0.382,19.84,21.86,03a59851o0312c
59851.97207,17.354,0.63,415,261,c,0,1.27,322.90582,-36.39568,2778.52,10253.31,3.1,2.76,-40.7,-0.346,16.55,18.44,03a59852o0065c
59851.980196,18.853,0.347,104,36,c,0,1.26,322.90582,-36.39568,2799.28,10290.33,3.25,2.85,-37.1,-0.352,18.03,19.87,03a59852o0081c
59851.989351,18.658,0.49,125,61,c,0,1.27,322.90582,-36.39568,2742.79,10207.13,3.43,2.96,-31.1,-0.336,17.98,19.9,03a59852o0101c
59852.100922,19.266,0.151,71,11,o,0,1.23,322.90582,-36.39568,2157.15,2325.43,2.15,1.8,48.8,-0.427,19.49,20.87,04a59852o0276o
59852.103745,19.244,0.164,73,12,o,0,0.8,322.90582,-36.39568,2176.65,2361.92,2.09,1.87,49.4,-0.429,19.54,20.96,04a59852o0282o
59852.108872,19.228,0.146,74,11,o,0,1.03,322.90582,-36.39568,2115.53,2280.88,2.21,1.77,48.6,-0.432,19.54,20.97,04a59852o0293o
59852.119061,19.815,0.218,43,9,o,0,1.01,322.90582,-36.39568,2094.3,2389.85,2.14,1.78,52.7,-0.434,19.59,21.08,04a59852o0315o
59853.078872,19.154,0.156,79,12,o,0,1.0,322.90582,-36.39568,2152.44,2346.7,2.37,1.94,45.0,-0.421,19.39,20.72,04a59853o0223o
59853.081902,19.87,0.33,41,14,o,0,0.75,322.90582,-36.39568,2172.44,2382.21,2.26,1.9,44.8,-0.437,19.41,20.71,04a59853o0229o
59853.087621,19.046,0.157,87,14,o,0,0.78,322.90582,-36.39568,2110.11,2301.51,2.41,2.02,52.9,-0.408,19.36,20.75,04a59853o0241o
59853.12097,18.67,0.084,124,10,o,0,1.36,322.90582,-36.39568,2092.56,2387.98,2.36,1.94,56.0,-0.406,19.48,21.0,04a59853o0312o
59853.842379,19.622,0.247,51,13,o,0,1.01,322.90582,-36.39568,7061.04,156.97,2.24,2.01,-48.5,-0.407,19.47,20.67,03a59854o0254o
59853.845991,19.143,0.131,80,10,o,0,1.29,322.90582,-36.39568,7080.41,197.02,2.13,1.93,-40.7,-0.413,19.48,20.65,03a59854o0262o
59853.851562,18.983,0.132,93,12,o,0,1.32,322.90582,-36.39568,7021.2,117.72,2.15,2.0,-42.7,-0.416,19.44,20.6,03a59854o0274o
59853.862094,18.231,0.068,185,13,o,0,1.13,322.90582,-36.39568,6994.87,235.36,2.16,1.96,-43.0,-0.417,19.41,20.55,03a59854o0297o
59854.107287,20.217,0.496,30,15,o,0,1.08,322.90582,-36.39568,2155.07,2314.65,2.17,1.9,61.1,-0.406,19.0,20.63,04a59854o0279o
59854.110474,19.555,0.228,55,12,o,0,1.57,322.90582,-36.39568,2173.79,2350.22,2.29,1.91,55.5,-0.419,19.14,20.78,04a59854o0286o
59854.115952,18.392,0.085,160,14,o,0,1.1,322.90582,-36.39568,2113.44,2268.75,2.38,1.91,50.5,-0.412,19.31,20.63,04a59854o0298o
59854.125948,-19.07,0.148,-86,13,o,0,1.2,322.90582,-36.39568,2091.6,2377.31,2.27,1.88,56.1,-0.421,19.27,20.55,04a59854o0320o
59854.846607,19.025,0.148,89,13,o,0,1.29,322.90582,-36.39568,7061.61,160.59,2.39,2.1,-43.3,-0.401,19.23,20.33,03a59855o0262o
59854.849774,19.248,0.188,73,14,o,0,1.52,322.90582,-36.39568,7080.43,200.35,2.39,2.11,-37.8,-0.427,19.22,20.32,03a59855o0269o
59854.854286,17.627,0.049,323,16,o,0,1.39,322.90582,-36.39568,2771.75,10247.81,2.79,2.31,-44.6,-0.385,19.27,20.37,03a59855o0279o
59854.855683,18.385,0.077,161,12,o,0,1.37,322.90582,-36.39568,7020.73,119.91,2.36,2.09,-47.5,-0.392,19.24,20.33,03a59855o0282o
59854.863146,19.727,0.3,47,14,o,0,1.32,322.90582,-36.39568,2734.62,10209.81,2.8,2.36,-43.5,-0.389,19.25,20.36,03a59855o0298o
59854.865886,19.929,0.29,39,11,o,0,1.84,322.90582,-36.39568,6995.9,237.97,2.37,2.15,-40.7,-0.404,19.23,20.32,03a59855o0304o
59854.874596,20.463,0.618,24,15,o,0,1.33,322.90582,-36.39568,2708.64,10326.98,2.74,2.3,-45.1,-0.399,19.26,20.36,03a59855o0323o
59855.755576,17.636,0.146,320,47,o,0,1.09,322.90582,-36.39568,5842.96,6035.32,2.62,2.3,-45.7,-0.423,17.9,18.29,03a59856o0062o
59855.75873,18.09,0.351,211,74,o,0,0.85,322.90582,-36.39568,5823.29,5997.31,2.66,2.31,-48.9,-0.414,17.63,17.84,03a59856o0069o
59855.762785,18.676,0.418,123,51,o,0,1.52,322.90582,-36.39568,5878.06,6076.24,2.57,2.22,-56.4,-0.421,17.66,17.82,03a59856o0078o
59855.79017,19.474,1.091,59,64,o,0,0.75,322.90582,-36.39568,5896.68,5963.39,2.69,2.29,-41.4,-0.413,17.85,18.18,03a59856o0129o
59856.10518,19.908,0.586,40,23,o,0,1.03,322.90582,-36.39568,2160.15,2311.59,2.46,1.99,54.1,-0.417,18.65,19.37,04a59856o0264o
59856.110447,18.49,0.147,146,22,o,0,1.21,322.90582,-36.39568,2182.28,2348.3,2.45,2.1,51.6,-0.418,18.66,19.37,04a59856o0275o
59856.11379,17.686,0.081,306,25,o,0,1.21,322.90582,-36.39568,2119.76,2268.29,2.58,2.13,53.5,-0.404,18.65,19.39,04a59856o0282o
59856.123729,20.109,0.603,33,20,o,0,1.22,322.90582,-36.39568,2097.1,2376.65,2.51,2.12,52.6,-0.403,18.67,19.45,04a59856o0304o
59859.855957,18.052,0.143,218,31,o,0,0.88,322.90582,-36.39568,4572.42,4467.81,2.48,2.18,-58.6,-0.399,18.45,18.81,03a59860o0269o
59859.85957,17.567,0.075,341,26,o,0,1.22,322.90582,-36.39568,4589.84,4506.94,2.4,2.09,-52.0,-0.407,18.5,18.8,03a59860o0277o
59859.866901,19.25,0.326,72,24,o,0,1.73,322.90582,-36.39568,4531.56,4427.76,2.45,2.14,-56.1,-0.402,18.44,18.63,03a59860o0293o
59859.879212,19.169,0.302,78,24,o,0,1.77,322.90582,-36.39568,4510.1,4543.76,2.43,2.14,-53.1,-0.389,18.42,18.61,03a59860o0320o
59861.091742,19.958,0.835,38,32,o,0,0.93,322.90582,-36.39568,2013.19,8518.13,2.93,2.14,-87.0,-0.341,18.43,18.76,04a59861o0250o
59861.095289,-20.266,0.965,-28,27,o,0,1.11,322.90582,-36.39568,2031.17,8552.84,2.82,2.09,-83.8,-0.346,18.46,18.76,04a59861o0257o
59861.101188,19.446,0.502,60,30,o,0,0.88,322.90582,-36.39568,1973.21,8471.16,2.95,2.1,-85.6,-0.339,18.4,18.76,04a59861o0270o
59861.112075,18.702,0.258,120,31,o,0,0.9,322.90582,-36.39568,1950.65,8580.43,2.88,2.08,-84.8,-0.344,18.45,18.72,04a59861o0294o
59862.117532,18.195,0.174,191,33,o,0,0.94,322.90582,-36.39568,2012.88,8499.03,2.87,2.13,-84.1,-0.353,18.33,18.6,04a59862o0286o
59862.120694,18.507,0.22,144,32,o,0,1.04,322.90582,-36.39568,2030.1,8535.09,2.83,2.13,-86.1,-0.353,18.37,18.6,04a59862o0293o
59862.130701,19.106,0.361,83,30,o,0,1.32,322.90582,-36.39568,1969.99,8452.18,2.89,2.21,-87.8,-0.346,18.31,18.6,04a59862o0315o
59862.145266,18.524,0.213,141,30,o,0,1.51,322.90582,-36.39568,1947.54,8564.47,2.8,2.08,-85.3,-0.364,18.34,18.59,04a59862o0347o
59865.077356,-20.85,1.352,-17,22,o,0,1.47,322.90582,-36.39568,1142.01,10509.36,3.32,2.26,-78.8,-0.363,19.33,20.8,04a59865o0216o
59865.077807,19.562,0.208,54,11,o,0,1.35,322.90582,-36.39568,5079.83,235.54,2.27,2.11,41.9,-0.4,19.34,20.7,04a59865o0217o
59865.081049,19.862,0.293,41,12,o,0,1.48,322.90582,-36.39568,5099.06,271.88,2.32,2.15,43.1,-0.408,19.25,20.7,04a59865o0224o
59865.087877,19.672,0.428,49,21,o,0,1.03,322.90582,-36.39568,1102.51,10461.84,3.35,2.21,-75.1,-0.362,19.25,20.4,04a59865o0239o
59865.088327,19.708,0.244,48,12,o,0,1.86,322.90582,-36.39568,5037.34,187.97,2.2,2.04,55.4,-0.42,19.21,20.39,04a59865o0240o
59865.098408,19.488,0.249,58,14,o,0,1.15,322.90582,-36.39568,5014.88,298.66,2.16,2.06,38.4,-0.407,19.17,20.21,04a59865o0262o
59866.063919,17.956,0.094,238,22,o,0,1.21,322.90582,-36.39568,1100.41,10481.89,3.45,2.43,-81.5,-0.357,19.26,20.54,04a59866o0182o
59866.816667,20.957,1.136,15,17,o,0,0.95,322.90582,-36.39568,2627.54,4533.77,3.1,2.8,-78.8,-0.396,19.0,20.64,03a59867o0181o
59866.819855,19.173,0.241,78,19,o,0,1.22,322.90582,-36.39568,2645.09,4573.19,3.25,3.05,-59.1,-0.398,18.87,20.59,03a59867o0188o
59866.825265,17.145,0.037,504,18,o,0,1.35,322.90582,-36.39568,2587.41,4496.98,2.93,2.73,-64.6,-0.402,19.01,20.62,03a59867o0200o
59866.835841,19.704,0.289,48,14,o,0,1.28,322.90582,-36.39568,2562.85,4614.02,2.93,2.67,-60.4,-0.404,19.04,20.65,03a59867o0222o
59868.068799,19.311,0.143,68,10,c,0,0.99,322.90582,-36.39568,5075.93,232.24,2.51,2.26,37.8,-0.38,19.61,21.47,04a59868o0139c
59868.071971,19.511,0.148,57,8,c,0,1.47,322.90582,-36.39568,5095.61,269.2,2.41,2.22,42.9,-0.377,19.63,21.47,04a59868o0146c
59868.077429,19.937,0.255,38,10,c,0,0.8,322.90582,-36.39568,5033.79,187.01,2.43,2.25,43.4,-0.376,19.63,21.48,04a59868o0158c
59868.089223,17.789,0.038,278,10,c,0,1.79,322.90582,-36.39568,5010.83,296.85,2.4,2.24,35.2,-0.381,19.67,21.51,04a59868o0184c
59869.048403,-20.364,1.0,-26,26,c,0,1.24,322.90582,-36.39568,1139.53,10523.58,3.96,3.02,-77.0,-0.307,19.4,21.6,04a59869o0141c
59869.062099,20.043,0.483,35,17,c,0,1.14,322.90582,-36.39568,1100.39,10473.75,3.82,2.71,-73.8,-0.318,19.5,21.47,04a59869o0169c
59870.064774,19.674,0.49,49,24,c,0,0.8,322.90582,-36.39568,1143.9,10510.08,3.91,2.94,-76.1,-0.288,19.45,21.52,04a59870o0181c
59870.073564,19.719,0.343,47,16,c,0,0.99,322.90582,-36.39568,1105.19,10464.07,3.77,2.79,-74.0,-0.322,19.5,21.45,04a59870o0200c
59870.914325,19.56,0.284,54,16,o,0,0.72,322.90582,-36.39568,2617.99,4537.14,2.66,2.31,-67.6,-0.4,19.23,20.73,03a59871o0060o
59870.924326,18.001,0.358,229,82,o,0,1.31,322.90582,-36.39568,2636.13,4574.42,2.79,2.41,-60.8,-0.391,18.58,20.13,03a59871o0082o
59870.927548,17.682,0.054,307,16,o,0,1.03,322.90582,-36.39568,2580.54,4496.09,2.71,2.34,-63.2,-0.394,19.22,20.69,03a59871o0089o
59871.009339,20.157,0.545,31,17,o,0,1.43,322.90582,-36.39568,2586.18,4599.86,2.41,2.17,-49.8,-0.399,18.88,20.06,03a59871o0107o
59871.807967,-19.054,0.161,-87,14,o,0,0.92,322.90582,-36.39568,794.81,6565.73,2.64,2.24,-67.4,-0.405,19.35,20.68,03a59872o0114o
59871.8112,19.379,0.206,64,13,o,0,1.39,322.90582,-36.39568,811.82,6604.58,2.79,2.28,-65.6,-0.403,19.29,20.71,03a59872o0121o
59871.816156,19.418,0.218,62,14,o,0,1.24,322.90582,-36.39568,754.62,6527.75,2.53,2.17,-64.1,-0.407,19.38,20.72,03a59872o0131o
59871.826218,19.906,0.307,40,12,o,0,1.37,322.90582,-36.39568,730.2,6645.13,2.56,2.18,-61.7,-0.413,19.36,20.73,03a59872o0153o
59872.059605,19.957,0.262,38,10,c,0,1.2,322.90582,-36.39568,5081.44,236.28,2.84,2.66,43.2,-0.346,19.41,21.19,04a59872o0081c
59872.063261,19.847,0.275,42,12,c,0,1.07,322.90582,-36.39568,5100.9,272.56,2.79,2.61,38.2,-0.354,19.42,21.24,04a59872o0089c
59872.069629,18.161,0.056,198,11,c,0,1.38,322.90582,-36.39568,5039.86,189.56,2.92,2.67,56.1,-0.363,19.39,21.29,04a59872o0103c
59872.079476,19.646,0.215,50,11,c,0,0.87,322.90582,-36.39568,5017.07,300.03,2.67,2.55,36.0,-0.363,19.45,21.29,04a59872o0124c
59873.07683,19.326,0.366,68,25,c,0,0.87,322.90582,-36.39568,8781.76,10516.2,3.29,2.75,73.0,-0.328,19.6,21.35,04a59873o0201c
59874.798742,20.264,0.781,28,22,o,0,1.14,322.90582,-36.39568,796.31,6566.34,2.79,2.41,-65.6,-0.389,18.87,20.24,03a59875o0131o
59874.801477,20.926,2.406,16,37,o,0,0.93,322.90582,-36.39568,813.72,6605.36,2.81,2.46,-57.6,-0.407,18.19,19.57,03a59875o0137o
59874.806888,18.804,0.373,109,41,o,0,0.99,322.90582,-36.39568,756.86,6528.84,2.64,2.31,-65.8,-0.402,18.01,19.36,03a59875o0149o
59874.818775,18.535,0.184,140,26,o,0,0.91,322.90582,-36.39568,731.05,6645.93,2.57,2.29,-64.6,-0.403,18.82,20.25,03a59875o0175o
59875.842395,17.621,0.104,325,34,o,0,0.78,322.90582,-36.39568,792.65,6574.47,2.69,2.38,-57.9,-0.397,18.9,20.16,03a59876o0225o
59875.845103,17.408,0.215,395,85,o,0,1.25,322.90582,-36.39568,808.46,6611.53,2.84,2.47,-53.5,-0.391,17.34,18.6,03a59876o0231o
59875.850156,20.619,1.714,20,35,o,0,1.43,322.90582,-36.39568,751.03,6534.18,2.61,2.29,-59.8,-0.403,18.39,19.57,03a59876o0242o
59875.872354,17.853,0.126,262,33,o,0,1.31,322.90582,-36.39568,731.69,6650.63,2.63,2.31,-59.9,-0.399,18.77,19.99,03a59876o0290o
59876.049052,18.712,0.075,119,9,c,0,1.47,322.90582,-36.39568,3061.89,345.41,2.81,2.11,46.1,-0.372,19.66,21.55,04a59876o0137c
59876.052277,18.643,0.078,127,10,c,0,1.53,322.90582,-36.39568,3082.19,381.3,2.83,2.13,45.5,-0.376,19.63,21.56,04a59876o0144c
59876.057712,20.254,0.313,29,9,c,0,1.43,322.90582,-36.39568,3020.36,299.9,2.83,2.1,47.8,-0.375,19.65,21.55,04a59876o0156c
59876.069048,20.606,0.414,21,9,c,0,1.58,322.90582,-36.39568,2998.12,409.93,2.79,2.12,46.0,-0.377,19.64,21.57,04a59876o0181c
59878.066528,19.545,3.902,55,215,c,0,0.01,322.90582,-36.39568,8789.27,10516.84,3.83,3.35,77.6,-0.288,19.35,21.33,04a59878o0171c
59878.848365,19.131,0.172,81,14,o,0,1.1,322.90582,-36.39568,792.59,6574.79,2.77,2.36,-63.0,-0.4,19.36,20.75,03a59879o0130o
59878.851582,19.279,0.19,70,13,o,0,1.21,322.90582,-36.39568,810.32,6612.69,2.71,2.3,-61.9,-0.401,19.41,20.75,03a59879o0137o
59878.878748,19.776,0.294,45,13,o,0,1.31,322.90582,-36.39568,757.84,6537.01,2.66,2.32,-62.6,-0.399,19.41,20.76,03a59879o0190o
59879.785173,19.33,0.195,67,13,o,0,0.9,322.90582,-36.39568,2083.54,2217.81,2.66,2.32,-71.9,-0.405,19.28,20.67,03a59880o0096o
59879.788426,19.646,0.233,50,12,o,0,1.28,322.90582,-36.39568,2101.56,2257.68,2.42,2.22,-67.4,-0.413,19.35,20.65,03a59880o0103o
59879.793894,19.481,0.224,59,13,o,0,1.23,322.90582,-36.39568,2042.54,2178.16,2.6,2.27,-71.9,-0.402,19.29,20.62,03a59880o0115o
59879.803875,23.224,8.0,2,15,o,0,1.13,322.90582,-36.39568,2018.1,2291.75,2.78,2.46,-75.7,-0.405,19.21,20.56,03a59880o0137o
59880.039213,19.665,0.243,49,12,c,0,1.01,322.90582,-36.39568,3062.97,346.2,3.21,2.47,48.2,-0.356,19.43,21.33,04a59880o0107c
59880.042592,19.951,0.281,38,11,c,0,0.99,322.90582,-36.39568,3081.18,381.67,2.99,2.37,47.0,-0.36,19.47,21.36,04a59880o0114c
59880.048025,19.598,0.187,53,10,c,0,1.23,322.90582,-36.39568,3018.53,300.04,2.95,2.26,46.6,-0.356,19.52,21.37,04a59880o0126c
59880.057986,19.415,0.174,62,11,c,0,1.06,322.90582,-36.39568,2999.0,409.96,2.85,2.26,48.0,-0.392,19.51,21.37,04a59880o0148c
59881.028803,19.109,0.132,82,11,c,0,1.3,322.90582,-36.39568,4813.54,6445.98,2.39,2.13,-74.8,-0.379,19.45,21.06,04a59881o0086c
59881.031634,19.803,0.245,44,11,c,0,1.18,322.90582,-36.39568,4831.75,6481.89,2.58,2.29,-81.5,-0.366,19.34,21.06,04a59881o0092c
59881.036815,19.817,0.244,43,10,c,0,1.57,322.90582,-36.39568,4773.61,6401.94,2.59,2.33,-75.5,-0.364,19.33,21.06,04a59881o0103c
59881.04697,19.254,0.135,72,10,c,0,1.31,322.90582,-36.39568,4753.35,6509.68,2.36,2.07,-84.8,-0.381,19.44,21.09,04a59881o0125c
59881.795853,19.289,0.185,70,13,o,0,1.25,322.90582,-36.39568,2076.44,2216.58,2.45,2.1,-72.1,-0.404,19.39,20.7,03a59882o0115o
59881.79905,19.512,0.276,57,16,o,0,1.17,322.90582,-36.39568,2094.64,2255.47,2.48,2.16,-74.9,-0.399,19.13,20.35,03a59882o0122o
59881.804922,19.509,0.207,57,12,o,0,1.08,322.90582,-36.39568,2036.05,2177.48,2.39,2.08,-69.5,-0.403,19.43,20.69,03a59882o0135o
59881.818181,-19.162,0.168,-79,13,o,0,0.67,322.90582,-36.39568,2012.75,2293.56,2.5,2.13,-71.1,-0.403,19.35,20.63,03a59882o0164o
59882.029233,19.029,0.198,89,18,o,0,1.1,322.90582,-36.39568,4812.95,6439.0,2.72,2.59,87.3,-0.383,18.94,20.44,04a59882o0089o
59882.032285,19.596,0.297,53,16,o,0,1.11,322.90582,-36.39568,4831.39,6477.31,2.65,2.45,-75.3,-0.401,18.95,20.24,04a59882o0095o
59882.038222,19.387,0.261,64,17,o,0,0.99,322.90582,-36.39568,4773.11,6395.1,2.71,2.39,84.8,-0.397,18.96,20.25,04a59882o0108o
59882.048461,17.807,0.06,274,16,o,0,1.15,322.90582,-36.39568,4751.49,6502.88,2.54,2.22,-81.8,-0.411,19.03,20.3,04a59882o0130o
59886.076455,-19.863,0.671,-41,28,o,0,0.92,322.90582,-36.39568,4798.01,6404.6,2.32,1.95,-74.7,-0.401,18.45,18.73,04a59886o0020o
59886.081638,22.829,11.13,3,30,o,0,0.67,322.90582,-36.39568,4817.56,6441.49,2.32,1.94,-76.4,-0.393,18.46,18.72,04a59886o0031o
59886.08757,18.946,0.276,96,26,o,0,0.94,322.90582,-36.39568,4757.55,6361.51,2.22,1.89,-72.3,-0.399,18.5,18.73,04a59886o0044o
59886.114929,19.242,0.348,73,25,o,0,1.03,322.90582,-36.39568,4725.78,6471.81,2.17,1.82,-75.2,-0.4,18.47,18.65,04a59886o0101o
59887.770283,18.679,1.192,123,146,o,0,1.22,322.90582,-36.39568,1793.54,8408.84,3.11,2.62,-59.1,-0.39,18.18,18.74,03a59888o0064o
59887.773665,19.924,1.356,39,53,o,0,1.19,322.90582,-36.39568,1810.23,8448.64,2.65,2.38,-53.9,-0.391,17.49,18.81,03a59888o0071o
59887.782426,18.631,0.181,128,23,o,0,1.22,322.90582,-36.39568,1753.11,8371.22,2.74,2.35,-53.5,-0.38,18.66,19.15,03a59888o0090o
59887.793872,19.895,0.733,40,29,o,0,0.85,322.90582,-36.39568,1729.02,8487.51,2.93,2.54,-49.1,-0.354,18.55,19.02,03a59888o0115o
59889.139696,-22.809,19.875,-3,54,o,0,1.08,322.90582,-36.39568,6059.1,2044.58,2.13,1.89,-27.2,-0.422,17.91,18.28,04a59889o0308o
59889.144261,19.012,0.322,90,29,o,0,2.02,322.90582,-36.39568,6075.9,2084.83,2.12,1.85,-24.1,-0.418,17.98,18.46,04a59889o0315o
59889.161224,20.519,1.089,22,24,o,0,1.28,322.90582,-36.39568,6005.86,2011.34,2.16,1.82,-22.4,-0.416,18.48,18.84,04a59889o0350o
59889.168468,17.728,0.078,294,23,o,0,1.41,322.90582,-36.39568,5980.97,2130.8,2.12,1.84,-17.4,-0.414,18.47,18.79,04a59889o0363o
59890.766619,22.387,5.682,4,23,o,0,1.04,322.90582,-36.39568,1793.62,8410.86,3.05,2.52,-52.8,-0.363,18.68,19.29,03a59891o0052o
59890.769788,18.689,0.201,121,24,o,0,0.91,322.90582,-36.39568,1810.0,8449.65,2.92,2.43,-55.9,-0.373,18.74,19.34,03a59891o0059o
59890.77537,19.325,0.301,68,20,o,0,1.19,322.90582,-36.39568,1753.23,8372.26,3.05,2.49,-54.6,-0.371,18.71,19.37,03a59891o0071o
59890.784858,19.854,0.532,42,22,o,0,1.32,322.90582,-36.39568,1728.37,8490.33,2.89,2.4,-55.5,-0.372,18.74,19.37,03a59891o0091o
59891.837784,19.401,0.381,63,24,o,0,1.45,322.90582,-36.39568,1787.67,8412.78,3.01,2.54,-43.1,-0.359,18.64,19.21,03a59892o0206o
59891.863867,19.302,0.461,69,32,o,0,0.7,322.90582,-36.39568,1810.25,8447.14,2.85,2.38,-46.1,-0.368,18.58,19.06,03a59892o0262o
59891.867512,20.809,4.383,17,76,o,0,1.25,322.90582,-36.39568,1754.26,8368.38,3.07,2.54,-36.5,-0.356,17.73,18.23,03a59892o0270o
59891.873056,20.692,1.519,19,29,o,0,0.86,322.90582,-36.39568,1733.63,8485.04,3.0,2.51,-42.5,-0.356,18.55,19.06,03a59892o0282o
59892.018199,19.306,0.286,69,20,o,0,1.25,322.90582,-36.39568,6106.03,2074.84,2.11,1.94,-29.4,-0.449,18.88,19.49,04a59892o0050o
59892.021382,19.769,0.459,45,21,o,0,1.22,322.90582,-36.39568,6125.42,2111.91,2.18,2.06,-27.9,-0.424,18.71,19.77,04a59892o0057o
59892.026836,19.124,0.482,81,39,o,0,0.97,322.90582,-36.39568,6064.89,2030.11,2.13,2.02,-24.1,-0.449,18.19,19.01,04a59892o0069o
59894.125091,20.004,0.569,36,21,o,0,1.74,322.90582,-36.39568,6062.83,2047.8,2.63,2.37,-25.6,-0.39,18.55,19.47,04a59894o0282o
59894.128753,19.108,0.27,82,22,o,0,1.19,322.90582,-36.39568,6081.2,2086.96,2.48,2.29,-21.1,-0.398,18.62,19.46,04a59894o0290o
59894.147082,18.156,0.14,198,28,o,0,1.06,322.90582,-36.39568,6007.46,2013.25,2.68,2.43,-26.2,-0.368,18.44,19.28,04a59894o0329o
59894.152117,20.595,1.169,21,24,o,0,1.23,322.90582,-36.39568,5984.3,2131.35,2.58,2.31,-18.0,-0.373,18.42,19.24,04a59894o0340o
59894.837448,18.973,0.151,94,14,o,0,1.18,322.90582,-36.39568,1787.97,8411.94,2.82,2.38,-46.2,-0.382,19.29,20.57,03a59895o0200o
59894.840168,19.764,0.328,45,15,o,0,1.27,322.90582,-36.39568,1805.45,8450.89,2.94,2.51,-43.9,-0.371,19.26,20.55,03a59895o0206o
59894.860404,19.556,0.4,55,22,o,0,0.92,322.90582,-36.39568,1752.34,8368.47,2.86,2.42,-45.2,-0.371,19.01,19.93,03a59895o0250o
59894.865402,-22.408,5.15,-4,20,o,0,0.98,322.90582,-36.39568,1730.7,8483.64,3.04,2.57,-36.7,-0.364,18.93,19.87,03a59895o0261o
59895.761077,19.674,0.738,49,36,o,0,1.2,322.90582,-36.39568,872.51,10373.22,3.23,2.69,-43.9,-0.423,18.46,18.92,03a59896o0007o
59895.763792,19.331,0.398,67,27,o,0,1.22,322.90582,-36.39568,889.04,10411.24,3.23,2.69,-38.9,-0.429,18.65,19.45,03a59896o0013o
59895.770179,-24.487,43.0,-1,25,o,0,0.89,322.90582,-36.39568,833.34,10329.91,3.59,3.15,-46.9,-0.406,18.9,20.13,03a59896o0027o
59895.781349,18.967,0.305,94,29,o,0,1.04,322.90582,-36.39568,809.3,10449.06,3.59,3.2,-42.7,-0.44,18.86,20.26,03a59896o0051o
59897.113166,19.146,0.188,80,15,o,0,1.12,322.90582,-36.39568,7848.7,8648.22,2.9,2.64,-72.4,-0.342,19.06,20.45,04a59897o0251o
59897.115934,19.457,0.24,60,14,o,0,1.05,322.90582,-36.39568,7868.16,8688.39,2.77,2.46,-76.9,-0.364,19.13,20.5,04a59897o0257o
59897.14166,20.031,0.545,35,19,o,0,0.75,322.90582,-36.39568,7791.3,8614.82,3.04,2.71,-55.2,-0.328,18.96,20.32,04a59897o0311o
59897.161077,19.691,0.429,48,21,o,0,0.95,322.90582,-36.39568,7759.15,8738.1,2.95,2.69,-84.9,-0.332,18.8,20.16,04a59897o0352o
59897.760992,19.098,0.157,83,13,c,0,1.91,322.90582,-36.39568,5044.35,225.59,2.36,2.16,-46.9,-0.359,19.2,20.19,03a59898o0020c
59897.763698,19.441,0.199,61,12,c,0,1.09,322.90582,-36.39568,5061.19,262.58,2.36,2.14,-48.9,-0.356,19.39,20.61,03a59898o0026c
59897.770124,20.411,0.316,25,8,c,0,2.18,322.90582,-36.39568,4999.55,180.2,2.39,2.16,-46.5,-0.37,19.62,21.21,03a59898o0040c
59897.782104,21.126,0.762,13,10,c,0,0.98,322.90582,-36.39568,4975.47,295.94,2.35,2.15,-48.9,-0.379,19.67,21.37,03a59898o0066c
59898.012504,18.583,0.194,134,26,o,0,0.98,322.90582,-36.39568,7886.48,8671.32,2.8,2.36,-71.5,-0.381,18.55,19.13,04a59898o0029o
59898.015208,19.375,0.303,65,20,o,0,1.14,322.90582,-36.39568,7904.61,8708.51,2.6,2.38,-60.7,-0.381,18.87,19.71,04a59898o0035o
59898.022451,20.79,0.897,18,16,o,0,1.04,322.90582,-36.39568,7845.3,8624.45,2.55,2.21,-70.5,-0.409,19.28,20.49,04a59898o0051o
59898.031675,19.36,0.207,66,14,o,0,1.08,322.90582,-36.39568,7822.94,8736.25,2.53,2.21,-72.5,-0.419,19.35,20.68,04a59898o0071o
59898.761547,20.139,0.579,32,18,c,0,1.54,322.90582,-36.39568,872.58,10374.63,2.85,2.55,-23.4,-0.401,18.96,19.92,03a59899o0024c
59898.764252,20.706,0.775,19,15,c,0,1.37,322.90582,-36.39568,890.27,10413.69,3.0,2.61,-36.2,-0.393,19.2,20.41,03a59899o0030c
59898.771234,20.609,0.659,21,14,c,0,1.15,322.90582,-36.39568,832.25,10333.87,3.27,2.88,-43.4,-0.39,19.45,21.13,03a59899o0045c
59898.786987,19.775,0.344,45,15,c,0,1.1,322.90582,-36.39568,806.86,10451.6,3.36,2.95,-38.5,-0.406,19.35,21.22,03a59899o0076c
59899.82089,19.376,0.195,64,13,c,0,1.0,322.90582,-36.39568,871.42,10373.11,3.23,2.71,-30.9,-0.399,19.57,21.39,03a59900o0148c
59899.823619,19.271,0.192,71,14,c,0,0.83,322.90582,-36.39568,889.52,10412.2,3.22,2.73,-33.6,-0.405,19.52,21.32,03a59900o0154c
59899.833276,19.74,0.267,46,12,c,0,0.98,322.90582,-36.39568,836.4,10333.65,3.08,2.63,-34.1,-0.399,19.5,21.27,03a59900o0175c
59899.853409,-19.265,0.148,-72,11,c,0,1.18,322.90582,-36.39568,816.89,10448.91,3.16,2.63,-34.6,-0.399,19.53,21.28,03a59900o0219c
59901.014012,19.443,0.757,61,46,o,0,1.16,322.90582,-36.39568,7884.14,8666.22,2.73,2.5,-71.2,-0.385,17.99,18.06,04a59901o0028o
59901.016715,-21.269,3.057,-11,34,o,0,0.89,322.90582,-36.39568,7903.43,8702.22,2.66,2.4,-68.9,-0.375,18.33,18.69,04a59901o0034o
59901.041096,19.786,0.332,44,15,o,0,1.64,322.90582,-36.39568,7836.06,8613.78,2.85,2.56,-73.3,-0.373,19.18,20.53,04a59901o0087o
59901.768783,18.434,1.014,154,156,c,0,1.2,322.90582,-36.39568,5060.43,265.57,2.95,2.7,-49.3,-0.341,16.49,17.96,03a59902o0037c
59901.776077,19.581,0.477,53,26,c,0,1.05,322.90582,-36.39568,4997.7,184.03,2.82,2.64,-52.1,-0.356,18.47,20.27,03a59902o0053c
59901.789024,-18.624,0.598,-129,77,c,0,1.3,322.90582,-36.39568,4974.8,299.85,2.85,2.59,-52.0,-0.368,17.19,19.07,03a59902o0081c
59902.053769,-22.493,4.647,-4,17,o,0,0.97,322.90582,-36.39568,7874.34,8649.04,3.07,2.8,85.0,-0.346,19.06,20.49,04a59902o0114o
59902.056472,19.922,0.416,39,16,o,0,0.93,322.90582,-36.39568,7890.31,8687.45,2.89,2.49,-77.3,-0.359,19.19,20.5,04a59902o0120o
59902.06237,20.197,0.554,30,17,o,0,0.91,322.90582,-36.39568,7831.87,8607.76,2.75,2.36,-71.2,-0.397,19.17,20.51,04a59902o0133o
59902.791464,19.426,0.177,62,11,c,0,1.43,322.90582,-36.39568,877.95,10379.1,3.06,2.64,-35.3,-0.396,19.57,21.4,03a59903o0084c
59902.795597,19.52,0.182,56,10,c,0,1.8,322.90582,-36.39568,893.61,10417.32,3.04,2.64,-32.0,-0.389,19.58,21.39,03a59903o0093c
59902.802879,19.887,0.315,40,13,c,0,0.95,322.90582,-36.39568,840.08,10339.17,3.35,2.87,-28.3,-0.396,19.47,21.34,03a59903o0109c
59902.813043,20.015,0.326,36,12,c,0,1.03,322.90582,-36.39568,814.52,10454.33,3.1,2.67,-33.1,-0.388,19.56,21.37,03a59903o0131c
59913.055298,19.126,0.34,81,28,o,0,1.29,322.90582,-36.39568,8658.94,4789.5,3.22,2.63,-17.3,-0.419,18.33,19.17,04a59913o0101o
59913.065403,22.493,7.944,4,29,o,0,1.11,322.90582,-36.39568,8674.73,4829.69,2.98,2.43,-37.6,-0.413,18.43,19.13,04a59913o0123o
59913.069532,20.66,1.613,20,32,o,0,1.09,322.90582,-36.39568,8610.46,4750.14,3.27,2.69,-23.1,-0.406,18.28,19.12,04a59913o0132o
59913.075065,18.398,0.173,159,28,o,0,1.52,322.90582,-36.39568,8586.99,4866.19,2.77,2.22,-27.1,-0.411,18.44,19.09,04a59913o0144o
59915.783005,-22.102,5.625,-5,30,o,0,1.15,322.90582,-36.39568,4637.1,6407.28,2.78,2.3,-55.0,-0.4,18.56,19.09,03a59916o0048o
59915.786684,19.907,0.568,40,22,o,0,1.22,322.90582,-36.39568,4655.47,6445.47,2.64,2.26,-53.3,-0.408,18.66,19.29,03a59916o0056o
59915.793124,19.36,0.3,66,20,o,0,1.44,322.90582,-36.39568,4595.78,6360.72,2.92,2.39,-53.7,-0.401,18.65,19.44,03a59916o0070o
59915.804728,17.864,0.092,260,24,o,0,1.31,322.90582,-36.39568,4580.32,6479.46,2.73,2.28,-52.4,-0.413,18.71,19.46,03a59916o0095o
59918.038419,19.673,0.662,49,32,o,0,0.88,322.90582,-36.39568,8652.68,4785.38,2.64,2.19,-32.8,-0.404,18.41,19.04,04a59918o0057o
59918.056908,17.992,0.094,231,22,o,0,2.21,322.90582,-36.39568,8660.03,4827.11,2.68,2.17,-28.4,-0.405,18.51,19.24,04a59918o0098o
59918.06008,-19.682,0.509,-49,25,o,0,1.46,322.90582,-36.39568,8598.24,4747.74,2.55,2.06,-28.2,-0.421,18.54,19.23,04a59918o0105o
59918.076965,18.723,0.221,118,26,o,0,1.39,322.90582,-36.39568,8569.01,4866.95,2.52,2.04,-25.7,-0.422,18.47,19.14,04a59918o0142o
59921.045267,-18.567,0.34,-136,46,o,0,0.78,322.90582,-36.39568,5761.85,8232.77,3.24,2.58,-69.8,-0.376,18.08,18.74,04a59921o0068o
59921.048882,19.691,0.828,48,40,o,0,1.31,322.90582,-36.39568,5781.61,8272.88,3.08,2.73,-75.5,-0.4,18.08,18.75,04a59921o0076o
59921.055644,18.929,0.41,97,40,o,0,0.85,322.90582,-36.39568,5720.65,8196.18,2.78,2.07,-75.6,-0.411,18.27,18.75,04a59921o0091o
59921.066503,18.625,0.284,129,37,o,0,1.13,322.90582,-36.39568,5693.6,8313.83,2.76,2.13,-77.2,-0.413,18.19,18.67,04a59921o0115o
59926.033076,-19.887,1.802,-40,73,o,0,1.17,322.90582,-36.39568,5760.06,8232.72,2.95,2.44,-74.8,-0.418,17.39,17.54,04a59926o0035o
59926.037171,19.375,0.595,64,38,o,0,1.16,322.90582,-36.39568,5776.33,8272.8,2.88,2.3,-76.2,-0.399,18.03,18.54,04a59926o0044o
59926.042633,23.392,15.222,2,24,o,0,1.21,322.90582,-36.39568,5716.09,8196.07,2.79,2.21,-75.5,-0.415,18.52,19.42,04a59926o0056o
59926.05539,18.106,0.082,208,17,o,0,1.9,322.90582,-36.39568,5687.24,8314.68,2.93,2.37,-82.1,-0.38,18.8,20.11,04a59926o0084o
59929.04556,20.265,0.526,28,15,c,0,0.95,322.90582,-36.39568,6663.78,6305.57,2.59,2.28,-65.6,-0.37,18.99,20.5,04a59929o0059c
59929.048721,20.774,0.774,18,14,c,0,1.12,322.90582,-36.39568,6681.59,6345.5,2.8,2.47,-53.6,-0.348,19.0,20.69,04a59929o0066c
59929.055493,21.117,0.97,13,13,c,0,1.12,322.90582,-36.39568,6619.95,6271.49,2.75,2.48,-60.5,-0.362,19.06,20.84,04a59929o0081c
59929.076267,20.188,0.524,30,16,c,0,1.05,322.90582,-36.39568,6584.73,6395.4,2.66,2.35,-62.1,-0.357,19.0,20.73,04a59929o0127c
59934.820895,19.659,0.381,50,19,o,0,1.15,322.90582,-36.39568,1201.53,4207.31,2.8,2.57,-72.4,-0.367,18.94,20.17,03a59935o0110o
59934.824132,-22.033,3.483,-6,19,o,0,1.26,322.90582,-36.39568,1227.33,4243.08,2.73,2.46,-72.1,-0.375,18.93,20.15,03a59935o0117o
59934.829887,21.089,1.365,13,18,o,0,1.36,322.90582,-36.39568,1182.93,4158.7,2.81,2.59,-74.1,-0.371,18.94,20.11,03a59935o0129o
60027.385642,21.344,1.513,10,16,o,0,1.22,322.90582,-36.39568,6030.35,6089.14,2.08,1.95,-55.2,-0.431,19.0,20.08,04a60027o0831o
60039.065177,-20.176,1.09,-31,34,o,0,0.84,322.90582,-36.39568,2808.34,1867.18,2.26,2.04,-50.4,-0.394,18.31,18.55,03a60039o0721o
60039.069001,-20.002,0.731,-36,26,o,0,1.74,322.90582,-36.39568,2782.58,1834.13,2.28,2.04,-56.6,-0.395,18.34,18.61,03a60039o0729o
60039.07433,-19.34,0.461,-67,31,o,0,0.95,322.90582,-36.39568,2838.08,1913.27,2.29,2.06,-59.8,-0.396,18.38,18.67,03a60039o0740o
60039.084562,20.057,0.793,34,27,o,0,0.93,322.90582,-36.39568,2857.71,1794.88,2.22,2.02,-54.9,-0.399,18.49,18.79,03a60039o0761o
60040.312438,18.37,0.4,163,65,o,0,0.99,322.90582,-36.39568,548.27,8180.45,2.58,2.18,-83.8,-0.329,17.83,18.1,04a60040o0729o
60040.336237,-20.828,2.856,-17,48,o,0,1.18,322.90582,-36.39568,512.67,8146.02,2.56,2.08,-87.2,-0.346,18.02,18.19,04a60040o0780o
60040.347594,20.327,1.743,27,47,o,0,0.89,322.90582,-36.39568,587.83,8109.5,2.47,2.07,-83.6,-0.358,18.13,18.47,04a60040o0804o
60043.322954,-20.218,1.013,-30,30,o,0,0.85,322.90582,-36.39568,2028.87,5788.04,2.13,1.91,79.5,-0.391,18.43,18.98,04a60043o0753o
60043.326357,-23.194,12.667,-2,24,o,0,1.33,322.90582,-36.39568,2007.58,5748.92,2.11,1.89,82.0,-0.403,18.49,18.99,04a60043o0760o
60043.349323,20.959,1.254,15,19,o,0,1.33,322.90582,-36.39568,2055.04,5829.99,2.03,1.83,89.0,-0.417,18.62,19.16,04a60043o0806o
60043.35865,-20.901,1.54,-16,24,o,0,1.1,322.90582,-36.39568,2071.64,5715.48,2.09,1.99,-85.7,-0.416,18.64,19.22,04a60043o0823o
60045.103953,-20.359,0.786,-26,20,o,0,1.07,322.90582,-36.39568,4883.07,2317.99,2.36,2.17,-45.3,-0.432,18.78,19.41,03a60045o0673o
60045.107384,-20.154,0.717,-32,23,o,0,1.12,322.90582,-36.39568,4863.55,2279.07,2.5,2.3,-47.7,-0.415,18.71,19.44,03a60045o0680o
60045.11293,26.026,146.0,0,21,o,0,1.16,322.90582,-36.39568,4918.9,2356.88,2.38,2.2,-47.1,-0.428,18.77,19.47,03a60045o0691o
60045.134045,-19.333,0.324,-67,22,o,0,1.09,322.90582,-36.39568,4942.64,2240.5,2.47,2.26,-50.6,-0.401,18.81,19.56,03a60045o0733o
60046.372619,-19.927,0.586,-39,23,o,0,1.12,322.90582,-36.39568,3970.69,4270.79,1.87,1.77,-86.3,-0.462,18.73,19.23,04a60046o0858o
60046.375921,20.477,1.05,23,25,o,0,0.98,322.90582,-36.39568,3950.44,4232.85,1.96,1.89,-57.8,-0.497,18.66,19.2,04a60046o0865o
60046.398494,19.448,0.395,60,24,o,0,1.53,322.90582,-36.39568,4010.94,4312.17,2.12,2.01,-33.4,-0.504,18.63,19.21,04a60046o0911o
60046.4088,-22.905,7.789,-2,20,o,0,1.11,322.90582,-36.39568,4031.04,4198.95,2.02,1.92,-37.0,-0.5,18.71,19.28,04a60046o0933o
60049.39749,21.573,3.348,8,29,o,0,1.21,322.90582,-36.39568,5767.47,387.36,2.27,2.2,54.8,-0.424,18.52,19.33,04a60049o0892o
60049.401832,23.373,38.571,2,63,o,0,0.55,322.90582,-36.39568,5749.86,349.36,2.15,2.1,60.1,-0.427,18.08,19.0,04a60049o0901o
60049.407786,-18.937,0.444,-97,43,o,0,1.28,322.90582,-36.39568,5807.51,427.91,2.25,2.25,-39.0,-0.415,18.16,18.83,04a60049o0913o
60049.415825,-20.264,0.798,-28,23,o,0,0.85,322.90582,-36.39568,5828.98,311.83,2.14,2.11,45.0,-0.432,18.67,19.29,04a60049o0928o
60052.371303,20.455,0.515,24,12,c,0,1.2,322.90582,-36.39568,881.2,1994.54,2.76,1.85,40.5,-0.392,19.36,20.85,04a60052o0821c
60052.374162,20.442,0.531,24,13,c,0,1.37,322.90582,-36.39568,862.29,1955.07,2.81,1.87,41.9,-0.386,19.33,20.85,04a60052o0827c
60052.379402,-21.968,1.953,-6,12,c,0,1.43,322.90582,-36.39568,921.7,2035.31,2.56,1.87,36.6,-0.407,19.34,20.89,04a60052o0838c
60052.399672,-21.261,1.096,-11,12,c,0,0.96,322.90582,-36.39568,945.9,1920.89,2.68,1.8,41.2,-0.403,19.44,20.98,04a60052o0881c
60058.339095,21.751,1.78,7,13,c,0,1.14,322.90582,-36.39568,6586.38,8419.19,2.37,1.93,-71.5,-0.41,19.39,21.01,04a60058o0805c
60058.355945,-20.965,0.651,-15,10,c,0,1.84,322.90582,-36.39568,6565.21,8384.28,2.44,1.92,-76.6,-0.41,19.46,21.14,04a60058o0839c
60058.358709,24.262,17.0,1,12,c,0,0.81,322.90582,-36.39568,6625.43,8461.81,2.47,1.93,-76.2,-0.408,19.46,21.17,04a60058o0845c
60058.375219,21.911,1.548,6,10,c,0,1.15,322.90582,-36.39568,6646.66,8348.69,2.52,1.99,-72.4,-0.412,19.48,21.29,04a60058o0876c
60060.097614,20.366,0.495,26,13,o,0,1.0,322.90582,-36.39568,2471.58,8522.62,2.51,2.17,-44.2,-0.394,19.41,20.6,03a60060o0793o
60060.106745,20.808,0.695,17,12,o,0,1.18,322.90582,-36.39568,2449.46,8481.4,2.47,2.13,-44.4,-0.392,19.43,20.61,03a60060o0809o
60060.109767,-22.716,4.2,-3,12,o,0,1.12,322.90582,-36.39568,2508.06,8559.49,2.59,2.26,-44.0,-0.384,19.38,20.61,03a60060o0815o
60060.129899,-20.68,0.625,-19,12,o,0,1.09,322.90582,-36.39568,2532.34,8439.86,2.52,2.21,-48.7,-0.391,19.4,20.64,03a60060o0852o
60063.10775,20.824,0.884,17,15,o,0,0.98,322.90582,-36.39568,7745.93,4085.88,2.13,1.95,-44.3,-0.479,19.27,20.24,03a60063o0824o
60063.115293,20.547,0.511,22,11,o,0,1.63,322.90582,-36.39568,7727.95,4046.99,2.21,1.97,-45.5,-0.46,19.29,20.29,03a60063o0839o
60063.119073,-21.359,1.253,-10,13,o,0,1.1,322.90582,-36.39568,7783.65,4124.38,2.19,1.93,-46.0,-0.459,19.31,20.23,03a60063o0847o
60063.129628,21.098,0.959,13,13,o,0,1.2,322.90582,-36.39568,7807.56,4007.19,2.11,1.88,-47.6,-0.465,19.34,20.25,03a60063o0869o
60066.109286,-20.526,0.528,-22,12,o,0,1.54,322.90582,-36.39568,1761.06,3749.74,2.35,2.1,-67.0,-0.415,19.19,20.13,03a60066o0809o
60066.112472,-18.715,0.107,-119,13,o,0,1.23,322.90582,-36.39568,1741.82,3709.94,2.38,2.11,-66.6,-0.41,19.16,20.1,03a60066o0816o
60066.12615,20.849,0.977,17,16,o,0,0.85,322.90582,-36.39568,1802.07,3786.13,2.34,2.11,-61.2,-0.413,19.19,20.1,03a60066o0843o
60066.129372,20.761,0.875,18,16,o,0,0.86,322.90582,-36.39568,1824.0,3670.62,2.31,2.1,-60.3,-0.415,19.18,20.1,03a60066o0850o
60066.171867,-18.206,0.302,-189,57,o,0,1.27,322.90582,-36.39568,1793.51,3721.29,2.26,1.99,-60.2,-0.401,17.72,18.02,03a60066o0936o
60067.367023,21.118,1.225,13,16,o,0,0.95,322.90582,-36.39568,1810.72,3866.47,2.09,1.83,58.8,-0.422,19.05,19.92,04a60067o0871o
60067.370253,19.899,0.404,40,16,o,0,1.06,322.90582,-36.39568,1792.12,3827.84,2.12,1.89,62.2,-0.429,19.04,20.0,04a60067o0878o
60067.376714,22.778,5.208,3,15,o,0,1.07,322.90582,-36.39568,1851.93,3906.99,2.06,1.85,67.4,-0.428,19.13,20.13,04a60067o0892o
60067.386861,20.821,0.802,17,14,o,0,0.89,322.90582,-36.39568,1875.44,3792.1,2.14,1.98,71.3,-0.418,19.21,20.41,04a60067o0911o
60067.426602,21.647,2.333,8,19,o,0,1.12,322.90582,-36.39568,1863.73,3850.48,2.01,1.83,77.0,-0.404,18.78,19.4,04a60067o0995o
60069.058865,20.38,1.09,26,28,o,0,1.24,322.90582,-36.39568,3438.52,10408.42,2.88,2.46,-35.4,-0.357,18.53,19.08,03a60069o0772o
60069.061164,20.843,1.694,17,28,o,0,1.39,322.90582,-36.39568,7673.62,300.12,2.69,2.46,-21.5,-0.38,18.44,19.0,03a60069o0777o
60069.062066,19.485,0.477,58,28,o,0,1.49,322.90582,-36.39568,3419.15,10368.38,2.86,2.42,-35.7,-0.376,18.58,19.08,03a60069o0779o
60069.063934,-21.007,1.725,-14,25,o,0,1.16,322.90582,-36.39568,7655.06,261.76,2.37,2.17,-25.7,-0.396,18.55,19.01,03a60069o0783o
60069.084262,-20.323,1.088,-27,29,o,0,1.09,322.90582,-36.39568,3472.88,10445.8,3.08,2.6,-32.0,-0.352,18.56,19.15,03a60069o0826o
60069.084713,20.567,1.099,22,24,o,0,1.17,322.90582,-36.39568,7711.57,337.3,2.44,2.28,-36.5,-0.386,18.57,19.09,03a60069o0827o
60069.090808,-20.659,1.419,-20,28,o,0,0.74,322.90582,-36.39568,7734.93,219.78,2.31,2.13,-23.8,-0.415,18.66,19.13,03a60069o0840o
60069.098716,-18.794,0.272,-110,30,o,0,0.94,322.90582,-36.39568,3497.22,10324.65,2.83,2.36,-32.2,-0.357,18.68,19.22,03a60069o0857o
60070.31546,-22.956,12.389,-2,30,o,0,1.62,322.90582,-36.39568,6016.1,6105.64,2.16,1.94,-74.1,-0.409,18.36,18.75,04a60070o0783o
60070.338997,23.127,15.625,2,32,o,0,1.11,322.90582,-36.39568,5996.2,6071.19,2.1,1.91,-64.2,-0.42,18.45,18.86,04a60070o0831o
60070.341769,-23.025,12.647,-2,28,o,0,1.25,322.90582,-36.39568,6055.29,6148.4,2.17,1.94,-65.3,-0.411,18.43,18.87,04a60070o0837o
60070.347255,-21.271,2.357,-11,27,o,0,1.59,322.90582,-36.39568,6075.73,6033.1,2.07,1.94,-47.6,-0.419,18.49,18.85,04a60070o0849o
60072.092018,20.857,1.336,16,22,o,0,1.33,322.90582,-36.39568,7848.15,6015.13,2.36,2.02,-42.9,-0.421,18.67,19.11,03a60072o0847o
60072.094804,-20.856,1.357,-16,22,o,0,1.17,322.90582,-36.39568,7831.75,5974.33,2.33,2.05,-44.0,-0.438,18.7,19.11,03a60072o0853o
60072.115817,-24.94,64.0,0,24,o,0,0.83,322.90582,-36.39568,7889.83,6052.59,2.39,2.04,-46.1,-0.425,18.73,19.17,03a60072o0892o
60072.122019,21.311,1.944,11,21,o,0,1.18,322.90582,-36.39568,7913.55,5935.35,2.21,2.02,-45.4,-0.449,18.78,19.21,03a60072o0905o
60073.338489,22.918,11.4,2,28,o,0,0.67,322.90582,-36.39568,7953.89,5982.45,2.07,1.86,-19.7,-0.417,18.65,19.01,04a60073o0774o
60073.341726,21.703,3.18,8,24,o,0,1.13,322.90582,-36.39568,7933.21,5945.42,2.06,1.87,-18.9,-0.422,18.67,19.02,04a60073o0781o
60073.364844,-22.374,6.333,-4,26,o,0,1.24,322.90582,-36.39568,7999.87,6025.18,2.02,1.81,-16.7,-0.436,18.71,19.06,04a60073o0830o
60073.370509,-19.43,0.366,-61,22,o,0,0.99,322.90582,-36.39568,8021.61,5909.36,2.14,1.88,-21.4,-0.439,18.69,19.13,04a60073o0842o
60075.091183,21.856,4.527,7,30,o,0,0.68,322.90582,-36.39568,9666.99,3972.18,2.16,2.04,-23.6,-0.441,18.59,18.8,03a60075o0832o
60075.094068,23.728,20.1,1,24,o,0,1.13,322.90582,-36.39568,9648.12,3935.33,2.1,2.01,-27.6,-0.456,18.62,18.82,03a60075o0838o
60075.099718,21.776,2.953,7,21,o,0,1.54,322.90582,-36.39568,9704.38,4014.42,2.21,1.91,-49.0,-0.402,18.59,18.82,03a60075o0850o
60075.109905,22.283,5.821,4,26,o,0,1.04,322.90582,-36.39568,9726.44,3900.76,2.22,1.95,-48.7,-0.395,18.54,18.75,03a60075o0872o
60076.378788,-20.953,1.992,-15,30,o,0,0.81,322.90582,-36.39568,8579.68,8303.97,2.17,1.8,-6.1,-0.411,18.47,18.82,04a60076o0910o
60076.382027,19.09,0.734,84,62,o,0,1.26,322.90582,-36.39568,8561.53,8264.99,2.11,1.79,-8.7,-0.435,17.65,17.86,04a60076o0917o
60076.387547,19.708,0.671,48,32,o,0,0.83,322.90582,-36.39568,8625.32,8342.19,2.03,1.81,-11.8,-0.432,18.51,18.81,04a60076o0929o
60076.396551,-18.987,0.534,-92,49,o,0,0.88,322.90582,-36.39568,8651.2,8227.27,2.19,2.09,-32.7,-0.428,18.16,18.62,04a60076o0947o
60081.085821,21.111,0.925,13,12,c,0,1.06,322.90582,-36.39568,5439.32,10347.81,2.66,2.35,-48.1,-0.366,19.49,21.08,03a60081o0829c
60081.086279,-21.556,1.545,-9,13,c,0,0.84,322.90582,-36.39568,9572.46,182.01,2.4,2.23,-31.3,-0.462,19.46,21.01,03a60081o0830c
60081.088623,22.56,3.19,3,11,c,0,1.22,322.90582,-36.39568,5419.3,10309.59,2.58,2.28,-46.6,-0.372,19.5,21.04,03a60081o0835c
60081.089081,-21.185,0.976,-12,12,c,0,1.35,322.90582,-36.39568,9554.53,144.04,2.36,2.21,-29.0,-0.466,19.52,21.05,03a60081o0836c
60081.091394,21.332,0.89,11,10,c,0,1.43,322.90582,-36.39568,5478.9,10388.5,2.63,2.32,-47.5,-0.373,19.62,21.21,03a60081o0841c
60081.092311,20.719,0.652,19,12,c,0,0.84,322.90582,-36.39568,9610.6,221.35,2.37,2.2,-29.6,-0.466,19.62,21.15,03a60081o0843c
60081.09758,-18.862,0.1,-104,10,c,0,1.01,322.90582,-36.39568,5501.1,10270.22,2.62,2.3,-45.9,-0.379,19.5,21.04,03a60081o0854c
60081.106009,20.593,0.523,21,11,c,0,1.19,322.90582,-36.39568,9637.21,102.18,2.38,2.2,-33.4,-0.466,19.62,21.14,03a60081o0870c
60082.329662,20.701,1.252,19,24,o,0,0.75,322.90582,-36.39568,1863.84,66.56,2.4,1.75,40.3,-0.486,19.21,20.4,04a60082o0802o
60082.345207,20.724,1.109,19,21,o,0,0.85,322.90582,-36.39568,1907.87,107.45,2.22,1.74,42.8,-0.481,19.23,20.4,04a60082o0830o
60082.368583,-20.221,0.544,-30,16,o,0,1.51,322.90582,-36.39568,7690.57,10279.05,2.18,1.91,-66.8,-0.475,19.2,20.39,04a60082o0876o
60082.371377,-20.26,0.59,-29,17,o,0,1.35,322.90582,-36.39568,7670.16,10239.9,2.35,1.99,-74.0,-0.444,19.21,20.4,04a60082o0881o
60082.374177,-20.952,1.093,-15,16,o,0,0.96,322.90582,-36.39568,7734.16,10317.45,2.29,1.97,-74.1,-0.452,19.19,20.41,04a60082o0887o
60082.387436,-19.067,0.183,-86,16,o,0,1.05,322.90582,-36.39568,7764.12,10200.63,2.04,1.87,-57.0,-0.448,19.23,20.35,04a60082o0914o
60084.0863,21.754,1.295,7,9,c,0,1.02,322.90582,-36.39568,5826.0,4162.88,2.3,2.12,-48.1,-0.4,19.72,21.41,03a60084o0818c
60084.089134,-22.141,1.5,-5,8,c,0,1.59,322.90582,-36.39568,5808.22,4123.66,2.33,2.13,-44.9,-0.399,19.67,21.39,03a60084o0824c
60084.092914,22.369,2.057,4,8,c,0,1.63,322.90582,-36.39568,5864.4,4201.85,2.3,2.1,-45.9,-0.403,19.72,21.41,03a60084o0832c
60084.099472,20.697,0.439,19,8,c,0,1.15,322.90582,-36.39568,5887.38,4085.0,2.3,2.1,-46.7,-0.398,19.69,21.39,03a60084o0846c
60085.339204,-20.012,0.515,-36,18,o,0,1.1,322.90582,-36.39568,5895.66,4186.84,2.2,2.14,-52.8,-0.425,18.92,20.28,04a60085o0848o
60085.341458,23.257,7.769,2,14,o,0,1.2,322.90582,-36.39568,5876.99,4148.57,2.09,1.99,-36.1,-0.439,19.15,20.49,04a60085o0853o
60085.34465,24.968,45.333,0,17,o,0,0.64,322.90582,-36.39568,5936.68,4225.48,2.06,1.94,-42.2,-0.464,19.32,20.59,04a60085o0860o
60085.35148,21.98,3.769,6,22,o,0,0.92,322.90582,-36.39568,5960.17,4109.24,2.3,2.25,-44.3,-0.458,18.69,20.14,04a60085o0875o
60087.108944,-20.577,1.9,-21,40,c,0,0.85,322.90582,-36.39568,4438.63,8475.54,3.52,2.53,-8.5,-0.331,17.76,19.72,03a60087o0655c
60087.110783,-17.586,0.617,-335,207,c,0,1.44,322.90582,-36.39568,4419.62,8434.95,2.78,2.39,-18.3,-0.362,16.12,17.86,03a60087o0659c
60087.114172,-22.326,3.35,-4,14,c,0,0.97,322.90582,-36.39568,4477.93,8514.33,2.59,2.29,-42.8,-0.362,19.38,21.16,03a60087o0666c
60087.136058,22.607,6.4,3,21,c,0,1.0,322.90582,-36.39568,4505.56,8395.7,2.75,2.44,-42.0,-0.365,18.5,20.27,03a60087o0709c
60093.036106,21.205,0.93,12,11,c,0,1.1,322.90582,-36.39568,1916.06,5685.43,3.11,2.75,-8.1,-0.376,19.39,21.46,03a60093o0720c
60093.038955,-18.96,0.115,-95,11,c,0,1.01,322.90582,-36.39568,1892.18,5650.63,3.1,2.71,-12.4,-0.374,19.44,21.49,03a60093o0726c
60093.067469,23.314,6.375,2,11,c,0,1.31,322.90582,-36.39568,1949.93,5725.33,3.09,2.86,-38.3,-0.374,19.41,21.43,03a60093o0783c
60093.08754,21.065,0.761,14,10,c,0,1.11,322.90582,-36.39568,1978.89,5604.2,2.9,2.71,-30.7,-0.386,19.43,21.44,03a60093o0816c
60106.306532,-20.777,0.741,-18,13,o,0,1.29,322.90582,-36.39568,6800.02,2246.16,2.38,2.22,-20.8,-0.407,19.14,20.55,04a60106o0512o
60106.308845,-21.862,2.051,-6,13,o,0,1.24,322.90582,-36.39568,6782.96,2208.08,2.4,2.23,-26.3,-0.416,19.16,20.54,04a60106o0517o
60106.311691,20.393,0.571,25,14,o,0,1.56,322.90582,-36.39568,6842.13,2284.89,2.44,2.28,-26.6,-0.404,19.09,20.45,04a60106o0523o
60106.319512,-20.193,0.56,-30,17,o,0,1.33,322.90582,-36.39568,6866.43,2167.67,2.38,2.18,-25.6,-0.406,18.72,19.98,04a60106o0540o
60109.285857,20.979,0.687,15,10,c,0,1.46,322.90582,-36.39568,6600.18,8438.87,2.44,1.99,-73.7,-0.409,19.53,21.49,04a60109o0705c
60109.288592,-20.121,0.278,-32,9,c,0,1.59,322.90582,-36.39568,6581.51,8400.71,2.49,1.98,-73.3,-0.411,19.51,21.45,04a60109o0711c
60109.295137,-21.471,1.219,-9,11,c,0,0.94,322.90582,-36.39568,6644.58,8479.13,2.45,1.94,-73.9,-0.413,19.52,21.45,04a60109o0723c
60109.314183,-18.876,0.105,-102,11,c,0,0.8,322.90582,-36.39568,6680.2,8365.25,2.47,2.04,-73.4,-0.401,19.48,21.42,04a60109o0757c
60112.289772,-23.369,4.167,-2,7,c,0,2.45,322.90582,-36.39568,7814.52,4064.31,2.31,1.96,-24.5,-0.392,19.59,21.58,04a60112o0733c
60112.291124,-21.127,0.796,-13,10,c,0,1.31,322.90582,-36.39568,7796.62,4025.66,2.36,1.96,-24.6,-0.387,19.57,21.58,04a60112o0736c
60112.294986,21.423,0.866,10,8,c,0,1.48,322.90582,-36.39568,7855.32,4103.82,2.41,2.03,-18.8,-0.385,19.54,21.57,04a60112o0744c
60112.3003,-19.395,0.142,-63,9,c,0,1.06,322.90582,-36.39568,7877.07,3988.02,2.35,1.92,-20.2,-0.395,19.59,21.56,04a60112o0755c
60125.993449,21.144,1.275,13,16,o,0,1.57,322.90582,-36.39568,8404.34,8324.84,2.53,2.16,-45.1,-0.404,19.0,19.72,03a60126o0294o
60125.995333,-18.57,0.115,-136,16,o,0,1.4,322.90582,-36.39568,8385.74,8286.29,2.57,2.18,-45.2,-0.397,19.0,19.73,03a60126o0298o
60125.998523,-21.688,2.32,-8,18,o,0,1.23,322.90582,-36.39568,8444.71,8364.33,2.66,2.27,-41.1,-0.398,18.97,19.74,03a60126o0305o
60126.004294,-20.882,1.098,-16,18,o,0,1.16,322.90582,-36.39568,8467.61,8246.76,2.55,2.21,-46.5,-0.405,19.02,19.75,03a60126o0316o
60126.922115,-20.777,1.203,-18,21,o,0,1.0,322.90582,-36.39568,8400.6,8328.41,2.59,2.06,-41.2,-0.397,18.74,19.14,03a60127o0497o
60126.924941,21.492,2.537,9,23,o,0,0.86,322.90582,-36.39568,8381.16,8289.35,2.57,2.06,-42.5,-0.393,18.76,19.14,03a60127o0503o
60126.944163,-20.732,1.071,-18,20,o,0,1.37,322.90582,-36.39568,8446.05,8360.92,2.49,2.05,-43.1,-0.396,18.8,19.22,03a60127o0542o
60126.951143,-19.923,0.591,-39,23,o,0,1.11,322.90582,-36.39568,8466.73,8246.03,2.49,2.03,-42.7,-0.396,18.8,19.24,03a60127o0557o
60128.962239,-20.588,1.466,-21,31,o,0,1.44,322.90582,-36.39568,8671.87,2134.62,2.24,2.04,-44.6,-0.442,18.14,17.98,03a60129o0571o
60128.965014,-23.351,21.929,-2,36,o,0,1.17,322.90582,-36.39568,8655.33,2095.6,2.25,2.01,-47.3,-0.43,18.15,17.98,03a60129o0577o
60128.968345,-20.119,1.292,-33,42,o,0,0.74,322.90582,-36.39568,8712.16,2172.02,2.14,1.96,-44.5,-0.443,18.2,17.99,03a60129o0584o
60128.974827,-19.51,0.688,-57,39,o,0,0.88,322.90582,-36.39568,8736.42,2055.41,2.25,2.05,-47.0,-0.442,18.17,18.02,03a60129o0598o
60133.250886,19.398,0.444,63,28,o,0,0.66,322.90582,-36.39568,1893.26,72.19,2.14,1.84,46.8,-0.48,18.98,19.98,04a60133o0450o
60133.252238,-22.065,6.105,-5,33,o,0,0.92,322.90582,-36.39568,1875.08,32.73,2.18,1.85,46.9,-0.483,18.84,19.78,04a60133o0453o
60133.256375,-19.119,0.478,-82,39,o,0,0.96,322.90582,-36.39568,1936.36,112.47,2.48,1.92,44.6,-0.493,18.42,19.24,04a60133o0459o
60133.335888,-22.049,2.477,-6,14,o,0,1.63,322.90582,-36.39568,3089.09,330.74,2.15,1.86,51.8,-0.415,19.01,19.91,04a60133o0615o
60133.343425,20.309,0.708,27,19,o,0,1.08,322.90582,-36.39568,3108.51,363.97,2.0,1.77,51.1,-0.433,19.08,19.93,04a60133o0629o
60133.345816,-20.242,0.589,-29,17,o,0,1.04,322.90582,-36.39568,3047.48,284.27,2.1,1.84,52.8,-0.429,19.01,19.85,04a60133o0633o
60133.382007,20.541,0.828,22,18,o,0,1.0,322.90582,-36.39568,3023.65,378.36,2.13,1.81,52.7,-0.407,18.97,19.85,04a60133o0700o
60136.250844,19.716,0.364,47,17,o,0,1.14,322.90582,-36.39568,4659.29,8548.94,3.35,2.79,-82.7,-0.371,18.96,20.9,04a60136o0469o
60136.252662,-23.817,17.333,-1,19,o,0,1.2,322.90582,-36.39568,4641.47,8509.36,3.74,3.35,-80.8,-0.338,18.78,20.86,04a60136o0473o
60136.25583,20.242,0.604,29,18,o,0,1.15,322.90582,-36.39568,4703.98,8587.17,3.56,3.16,-75.6,-0.336,18.86,20.84,04a60136o0480o
60136.261305,19.457,0.324,60,19,o,0,0.99,322.90582,-36.39568,4728.31,8470.6,3.66,3.33,-84.9,-0.329,18.79,20.84,04a60136o0492o
60137.968937,22.821,3.217,3,9,c,0,0.83,322.90582,-36.39568,2809.17,1840.68,2.27,2.14,-49.6,-0.41,19.86,21.92,03a60138o0586c
60137.971802,-21.356,0.697,-10,7,c,0,0.94,322.90582,-36.39568,2791.02,1801.77,2.28,2.14,-45.1,-0.404,19.86,21.93,03a60138o0592c
60137.974578,23.303,4.267,2,7,c,0,1.19,322.90582,-36.39568,2847.65,1882.24,2.27,2.11,-53.7,-0.41,19.88,21.9,03a60138o0598c
60137.97981,-22.52,2.0,-4,7,c,0,1.45,322.90582,-36.39568,2871.19,1766.78,2.27,2.11,-54.5,-0.407,19.86,21.89,03a60138o0609c
60139.204048,-22.556,2.562,-3,9,o,0,1.47,322.90582,-36.39568,2801.76,1950.11,2.09,1.83,50.0,-0.445,19.44,20.9,04a60139o0555o
60139.206339,22.309,3.0,4,13,o,0,0.77,322.90582,-36.39568,2784.47,1910.71,2.21,1.91,47.9,-0.434,19.42,20.87,04a60139o0560o
60139.209996,20.563,0.513,22,11,o,0,0.83,322.90582,-36.39568,2845.06,1989.34,2.08,1.85,51.9,-0.441,19.46,20.95,04a60139o0568o
60139.215065,-21.176,0.898,-12,11,o,0,0.95,322.90582,-36.39568,2866.55,1873.6,2.14,1.88,49.8,-0.443,19.47,20.95,04a60139o0579o
60140.98588,22.353,2.3,4,10,c,0,1.11,322.90582,-36.39568,10413.7,8227.76,2.53,2.25,-52.3,-0.384,19.76,21.73,03a60141o0493c
60141.020946,-21.902,1.595,-6,10,c,0,0.86,322.90582,-36.39568,181.01,2366.39,2.66,2.45,-17.1,-0.361,19.68,21.71,03a60141o0567c
60141.02537,-24.094,10.6,-1,9,c,0,1.16,322.90582,-36.39568,10195.65,2558.78,2.93,2.43,-2.8,-0.36,19.61,21.67,03a60141o0576c
60141.038429,21.569,0.984,9,8,c,0,1.32,322.90582,-36.39568,118.95,2288.3,2.53,2.3,-22.2,-0.367,19.72,21.68,03a60141o0604c
60141.038889,20.906,0.492,16,8,c,0,1.22,322.90582,-36.39568,10212.7,2599.97,2.5,2.29,-30.5,-0.36,19.75,21.66,03a60141o0605c
60141.05825,20.946,0.45,15,7,c,0,1.59,322.90582,-36.39568,97.35,2405.6,2.34,2.2,-35.5,-0.366,19.73,21.63,03a60141o0643c
60141.05871,20.438,0.362,24,9,c,0,1.63,322.90582,-36.39568,10154.24,2520.38,2.51,2.3,-31.9,-0.375,19.7,21.6,03a60141o0644c
60141.062526,21.428,0.814,10,8,c,0,1.49,322.90582,-36.39568,10128.6,2635.66,2.53,2.32,-43.5,-0.369,19.71,21.59,03a60141o0652c
60142.206335,23.767,8.889,1,10,o,0,1.16,322.90582,-36.39568,2028.87,5813.84,2.32,1.97,80.1,-0.382,19.43,21.06,04a60142o0559o
60142.209084,20.265,0.447,28,13,o,0,0.68,322.90582,-36.39568,2011.52,5775.09,2.44,2.09,81.5,-0.379,19.39,21.04,04a60142o0565o
60142.215178,21.119,0.811,13,10,o,0,1.56,322.90582,-36.39568,2074.25,5854.24,2.3,1.96,79.4,-0.389,19.45,21.01,04a60142o0576o
60142.220559,20.059,0.345,34,12,o,0,1.24,322.90582,-36.39568,2097.44,5738.48,2.27,1.92,81.3,-0.392,19.46,21.01,04a60142o0587o
60147.065468,-20.715,0.491,-19,9,c,0,1.22,322.90582,-36.39568,6578.23,6332.93,2.49,2.25,-45.3,-0.394,19.58,21.6,03a60147o0732c
60147.102241,-23.037,4.769,-2,11,c,0,1.3,322.90582,-36.39568,6555.72,6447.66,2.52,2.3,-42.3,-0.398,19.51,21.49,03a60147o0801c
60148.203218,20.749,1.763,18,32,o,0,1.79,322.90582,-36.39568,5789.4,400.59,2.34,2.24,27.1,-0.404,17.9,19.26,04a60148o0546o
60148.204571,19.922,1.638,39,64,o,0,1.35,322.90582,-36.39568,5770.41,361.82,2.24,2.14,36.6,-0.422,17.17,18.51,04a60148o0549o
60148.207806,-18.014,1.42,-226,321,o,0,1.18,322.90582,-36.39568,5829.03,440.0,2.07,1.98,-36.2,-0.416,15.56,16.81,04a60148o0556o
60148.212938,17.761,3.294,286,941,o,0,0.68,322.90582,-36.39568,5851.86,322.6,2.16,2.1,33.4,-0.407,14.72,16.02,04a60148o0567o
60149.999742,-18.629,0.044,-128,6,c,0,1.5,322.90582,-36.39568,6574.84,4440.38,2.32,2.15,-40.7,-0.407,19.79,21.63,03a60150o0609c
60150.003219,20.503,0.361,23,8,c,0,1.26,322.90582,-36.39568,6593.25,4479.46,2.5,2.26,-16.6,-0.394,19.71,21.64,03a60150o0616c
60150.034895,-20.281,0.27,-28,8,c,0,1.7,322.90582,-36.39568,6533.89,4402.27,2.55,2.24,-15.9,-0.399,19.69,21.58,03a60150o0678c
60150.041016,-25.368,42.5,0,11,c,0,0.79,322.90582,-36.39568,6507.92,4517.64,2.45,2.21,-37.7,-0.397,19.7,21.53,03a60150o0690c
60151.192301,-21.541,1.646,-9,14,o,0,0.81,322.90582,-36.39568,4135.79,6261.72,1.99,1.81,-73.4,-0.437,19.35,20.59,04a60151o0158o
60151.210721,-21.531,1.318,-9,12,o,0,1.35,322.90582,-36.39568,4171.22,6145.46,1.94,1.79,-78.6,-0.441,19.43,20.78,04a60151o0196o
60154.169428,19.423,0.495,62,31,o,0,0.8,322.90582,-36.39568,60.3,5861.41,2.41,2.08,75.6,-0.373,18.95,19.76,04a60154o0450o
60154.171309,20.199,0.875,30,26,o,0,1.09,322.90582,-36.39568,41.97,5822.24,2.61,2.22,65.9,-0.334,18.92,19.78,04a60154o0454o
60154.17737,-19.174,0.239,-78,19,o,0,0.94,322.90582,-36.39568,106.44,5901.77,2.42,2.0,69.2,-0.35,19.01,19.83,04a60154o0466o
60154.182102,-20.156,0.606,-32,19,o,0,1.44,322.90582,-36.39568,9923.26,5845.95,2.48,1.92,-6.3,-0.456,19.06,19.91,04a60154o0476o
60154.182553,-21.097,1.237,-13,16,o,0,1.26,322.90582,-36.39568,127.82,5786.56,2.51,2.05,69.6,-0.359,19.03,19.85,04a60154o0477o
60154.18392,20.356,0.817,26,21,o,0,1.31,322.90582,-36.39568,9904.06,5807.84,2.55,1.96,-8.5,-0.445,19.06,19.9,04a60154o0480o
60154.18839,21.546,2.31,9,20,o,0,0.81,322.90582,-36.39568,9966.22,5884.35,2.59,1.99,-7.0,-0.431,19.04,19.83,04a60154o0489o
60154.193917,-19.974,0.563,-37,21,o,0,1.04,322.90582,-36.39568,9989.64,5767.78,2.49,1.92,-6.7,-0.456,19.05,19.89,04a60154o0501o
60155.143853,21.344,2.615,10,28,o,0,1.5,322.90582,-36.39568,47.42,5858.7,2.46,2.06,62.5,-0.344,18.71,19.21,04a60155o0415o
60155.146124,19.493,0.397,58,23,o,0,1.41,322.90582,-36.39568,9906.11,5840.09,2.27,1.91,-5.0,-0.451,18.84,19.33,04a60155o0420o
60155.148552,-18.96,0.296,-95,28,o,0,0.94,322.90582,-36.39568,90.19,5899.32,2.43,1.99,69.9,-0.348,18.79,19.24,04a60155o0425o
60155.149003,-18.597,0.171,-132,23,o,0,1.37,322.90582,-36.39568,9889.43,5800.83,2.4,1.88,-9.4,-0.461,18.81,19.37,04a60155o0426o
60155.152217,20.433,0.955,24,23,o,0,1.2,322.90582,-36.39568,9949.34,5877.61,2.32,1.9,-7.3,-0.452,18.83,19.36,04a60155o0433o
60155.153599,-20.896,1.37,-16,22,o,0,0.78,322.90582,-36.39568,110.96,5784.07,2.39,2.0,65.9,-0.354,18.8,19.36,04a60155o0436o
60155.174693,-20.775,1.717,-18,30,o,0,1.0,322.90582,-36.39568,9976.15,5767.39,2.5,1.92,-9.6,-0.454,18.84,19.43,04a60155o0480o
60160.254385,-19.878,0.58,-41,24,o,0,0.81,322.90582,-36.39568,8121.59,1994.14,2.43,2.17,-28.6,-0.387,18.65,19.2,04a60160o0651o
60160.257733,19.288,0.31,70,22,o,0,1.02,322.90582,-36.39568,8140.97,2029.89,2.36,2.1,-27.5,-0.398,18.66,19.22,04a60160o0658o
60160.264197,19.359,0.348,66,23,o,0,1.5,322.90582,-36.39568,8080.58,1945.98,2.57,2.14,-33.7,-0.374,18.58,19.16,04a60160o0672o
60160.296836,-20.408,0.737,-25,18,o,0,1.45,322.90582,-36.39568,8057.12,2041.97,2.34,2.09,-34.1,-0.393,18.7,19.25,04a60160o0739o
60162.010316,21.917,3.5,6,22,o,0,0.89,322.90582,-36.39568,2778.93,6484.44,2.38,2.22,-53.5,-0.393,18.78,19.51,03a60162o0657o
60162.013527,20.072,0.534,34,18,o,0,1.52,322.90582,-36.39568,2797.04,6523.37,2.41,2.21,-55.4,-0.394,18.89,19.62,03a60162o0664o
60162.04546,-22.177,4.96,-5,24,o,0,1.37,322.90582,-36.39568,2740.47,6446.1,2.75,2.48,-15.8,-0.379,18.54,19.34,03a60162o0729o
60162.051387,-21.298,2.19,-11,24,o,0,1.05,322.90582,-36.39568,2715.57,6559.8,2.46,2.25,-55.2,-0.385,18.68,19.36,03a60162o0739o
60163.247264,20.798,1.077,17,19,o,0,0.88,322.90582,-36.39568,2924.13,6552.33,2.33,1.95,-81.5,-0.401,19.09,20.37,04a60163o0493o
60163.251432,-21.544,1.809,-9,16,o,0,1.0,322.90582,-36.39568,2944.02,6586.07,2.23,1.92,-78.2,-0.415,19.16,20.39,04a60163o0501o
60163.286962,-18.962,0.132,-94,12,o,0,1.14,322.90582,-36.39568,2886.04,6482.75,2.25,1.91,-87.4,-0.406,19.26,20.61,04a60163o0572o
60163.292454,-22.293,3.467,-4,15,o,0,1.8,322.90582,-36.39568,2864.09,6594.89,2.33,1.99,-85.5,-0.388,19.04,20.26,04a60163o0583o
60168.011569,-20.353,0.554,-26,14,o,0,0.85,322.90582,-36.39568,7054.4,262.9,2.28,2.06,-7.8,-0.443,19.27,20.56,03a60168o0655o
60168.013238,-20.074,0.409,-34,14,o,0,1.12,322.90582,-36.39568,2842.3,10312.18,2.69,2.25,-42.4,-0.385,19.26,20.58,03a60168o0658o
60168.016367,-21.94,2.636,-6,16,o,0,0.95,322.90582,-36.39568,2786.71,10232.11,2.71,2.3,-35.6,-0.379,19.24,20.58,03a60168o0664o
60168.022446,-20.002,0.342,-36,12,o,0,1.95,322.90582,-36.39568,2762.3,10348.91,2.85,2.31,-29.6,-0.383,19.21,20.53,03a60168o0676o
60170.202021,19.623,0.177,51,9,c,0,0.94,322.90582,-36.39568,4717.04,4526.96,2.09,1.95,-49.3,-0.385,19.72,21.84,04a60170o0514c
60170.206331,22.018,1.532,6,9,c,0,1.72,322.90582,-36.39568,4736.98,4560.62,2.17,2.05,-63.8,-0.385,19.71,21.83,04a60170o0522c
60170.237571,-22.346,2.081,-4,9,c,0,1.11,322.90582,-36.39568,4679.43,4453.47,2.1,1.99,-84.7,-0.387,19.7,21.74,04a60170o0586c
60170.242698,21.783,1.321,7,9,c,0,0.95,322.90582,-36.39568,4659.31,4565.69,2.18,2.12,-67.9,-0.387,19.67,21.76,04a60170o0597c
60176.942721,19.543,0.264,55,15,o,0,1.1,322.90582,-36.39568,2143.09,2232.74,3.52,2.36,-0.8,-0.365,19.17,20.79,03a60177o0491o
60176.945829,19.641,0.297,50,15,o,0,0.85,322.90582,-36.39568,2161.48,2270.87,3.05,2.38,-4.7,-0.387,19.2,20.7,03a60177o0497o
60176.957379,20.516,0.606,23,14,o,0,0.92,322.90582,-36.39568,2101.62,2193.13,2.67,2.31,-17.8,-0.383,19.3,20.75,03a60177o0519o
60176.963732,19.764,0.285,45,13,o,0,1.15,322.90582,-36.39568,2078.78,2309.01,2.5,2.23,-29.2,-0.395,19.35,20.71,03a60177o0531o
60178.190375,19.514,0.155,57,9,c,0,1.3,322.90582,-36.39568,2034.34,8532.18,2.71,2.09,-82.3,-0.347,19.65,21.71,04a60178o0486c
60178.196959,21.325,0.767,11,8,c,0,1.64,322.90582,-36.39568,2054.54,8563.93,2.8,2.13,-82.6,-0.344,19.62,21.72,04a60178o0500c
60178.200506,22.081,1.658,5,9,c,0,1.09,322.90582,-36.39568,1997.62,8484.53,2.73,2.08,-81.3,-0.35,19.62,21.72,04a60178o0507c
60178.233467,20.421,0.356,25,9,c,0,1.15,322.90582,-36.39568,1980.72,8570.15,2.94,2.3,-82.4,-0.333,19.55,21.7,04a60178o0577c
60179.925311,20.434,0.563,24,14,o,0,1.12,322.90582,-36.39568,947.18,10388.21,2.61,2.2,-46.1,-0.457,19.5,20.74,03a60180o0435o
60179.925864,19.997,0.345,36,13,o,0,1.31,322.90582,-36.39568,5121.0,237.14,2.2,2.06,-22.9,-0.414,19.46,20.73,03a60180o0436o
60179.928757,19.912,0.325,39,13,o,0,1.54,322.90582,-36.39568,963.52,10427.25,2.67,2.23,-51.7,-0.452,19.44,20.69,03a60180o0442o
60179.931892,20.133,0.327,32,10,o,0,1.53,322.90582,-36.39568,5137.59,276.6,2.27,2.13,-23.5,-0.408,19.39,20.64,03a60180o0448o
60179.96195,19.616,0.277,52,14,o,0,1.31,322.90582,-36.39568,901.06,10348.58,2.61,2.18,-46.8,-0.473,19.52,20.8,03a60180o0512o
60179.962851,18.833,0.117,106,12,o,0,0.9,322.90582,-36.39568,5074.32,196.39,2.25,2.09,-34.5,-0.407,19.46,20.8,03a60180o0514o
60179.965669,18.926,0.106,98,10,o,0,1.52,322.90582,-36.39568,5052.44,313.43,2.25,2.07,-31.0,-0.409,19.49,20.78,03a60180o0520o
60179.967036,18.946,0.153,96,15,o,0,1.02,322.90582,-36.39568,880.17,10466.58,2.64,2.11,-45.8,-0.473,19.53,20.81,03a60180o0523o
60182.940679,-21.918,3.196,-6,20,o,0,0.84,322.90582,-36.39568,3106.35,299.14,2.3,2.11,-45.3,-0.385,18.94,19.62,03a60183o0263o
60182.94385,20.359,0.707,26,18,o,0,1.09,322.90582,-36.39568,3125.22,338.49,2.29,2.07,-36.4,-0.396,18.94,19.62,03a60183o0270o
60182.950328,18.756,0.172,114,20,o,0,1.13,322.90582,-36.39568,3065.21,259.17,2.4,2.16,-43.2,-0.381,18.87,19.59,03a60183o0284o
60182.979508,19.536,0.322,56,18,o,0,1.13,322.90582,-36.39568,3037.93,373.64,2.21,2.01,-38.1,-0.389,18.93,19.55,03a60183o0343o
60188.938453,25.502,170.0,0,39,o,0,0.84,322.90582,-36.39568,7724.25,8739.99,3.13,2.56,-41.3,-0.384,18.24,18.82,03a60189o0492o
60188.941438,19.888,0.859,40,35,o,0,1.1,322.90582,-36.39568,7740.38,8778.46,3.09,2.56,-44.8,-0.399,18.37,19.0,03a60189o0498o
60188.947579,20.444,1.74,24,42,o,0,1.43,322.90582,-36.39568,7685.63,8698.52,2.98,2.42,-44.9,-0.386,17.92,18.2,03a60189o0511o
60188.958074,19.135,1.202,80,97,o,0,1.09,322.90582,-36.39568,7663.93,8814.99,3.06,2.49,-42.7,-0.378,17.1,17.03,03a60189o0534o
60200.903415,17.88,0.044,256,11,c,0,1.51,322.90582,-36.39568,6538.93,4446.73,3.48,3.0,-57.0,-0.404,19.4,21.83,03a60201o0374c
60200.906675,19.721,0.227,47,11,c,0,1.16,322.90582,-36.39568,6560.06,4486.7,3.62,2.85,-59.8,-0.357,19.41,21.85,03a60201o0380c
60200.912804,20.181,0.357,31,11,c,0,0.77,322.90582,-36.39568,6503.4,4408.14,3.54,2.84,-57.2,-0.362,19.42,21.84,03a60201o0392c
60200.923113,21.48,1.135,9,10,c,0,1.19,322.90582,-36.39568,6478.53,4522.72,3.63,2.94,-58.5,-0.354,19.37,21.82,03a60201o0412c
60209.120418,18.212,0.408,188,77,o,0,0.91,322.90582,-36.39568,4141.36,2182.49,2.01,1.95,63.4,-0.42,17.55,18.17,04a60209o0325o
60209.153323,17.835,0.358,267,96,o,0,1.41,322.90582,-36.39568,4157.78,2196.35,1.93,1.84,46.6,-0.442,16.87,17.51,04a60209o0395o
60209.156544,17.863,0.32,260,83,o,0,1.0,322.90582,-36.39568,4097.86,2116.2,1.9,1.87,-75.6,-0.426,17.51,18.19,04a60209o0402o
60209.16302,19.297,0.426,69,30,o,0,1.14,322.90582,-36.39568,4077.8,2229.31,2.02,1.94,50.9,-0.457,18.32,19.29,04a60209o0416o
60209.840972,19.223,0.19,74,14,o,0,1.1,322.90582,-36.39568,8050.4,2081.86,2.28,2.12,-42.4,-0.45,19.26,20.39,03a60210o0259o
60209.843869,19.022,0.169,89,15,o,0,1.06,322.90582,-36.39568,8068.46,2121.88,2.48,2.28,-42.1,-0.43,19.2,20.41,03a60210o0265o
60209.849408,19.3,0.173,69,12,o,0,1.79,322.90582,-36.39568,8012.09,2042.39,2.27,2.1,-40.5,-0.445,19.28,20.41,03a60210o0277o
60209.860387,18.695,0.115,121,14,o,0,1.32,322.90582,-36.39568,7988.99,2157.89,2.33,2.13,-47.2,-0.45,19.24,20.41,03a60210o0300o
60211.123495,20.813,0.983,17,17,o,0,0.97,322.90582,-36.39568,8100.43,1988.56,2.59,2.16,-25.3,-0.385,19.01,19.98,04a60211o0296o
60211.126663,19.547,0.324,55,18,o,0,0.97,322.90582,-36.39568,8118.61,2025.24,2.53,2.19,-29.4,-0.376,19.02,19.97,04a60211o0303o
60211.156197,18.7,0.166,120,20,o,0,0.87,322.90582,-36.39568,8056.64,1929.18,2.38,2.07,-33.0,-0.392,18.87,19.71,04a60211o0361o
60211.183904,19.449,0.32,60,19,o,0,0.91,322.90582,-36.39568,8031.43,2034.89,2.38,2.01,-26.7,-0.39,18.92,19.68,04a60211o0418o
60215.86587,20.047,0.752,35,26,o,0,1.03,322.90582,-36.39568,8734.86,6850.14,2.41,2.04,-47.9,-0.394,18.46,18.82,03a60216o0298o
60215.868909,19.49,0.412,58,24,o,0,1.75,322.90582,-36.39568,8752.62,6889.64,2.38,1.95,-52.2,-0.395,18.49,18.82,03a60216o0304o
60215.874591,19.584,0.526,53,28,o,0,1.33,322.90582,-36.39568,8697.66,6809.11,2.37,2.06,-44.3,-0.396,18.45,18.81,03a60216o0316o
60215.884833,19.467,0.414,59,25,o,0,1.85,322.90582,-36.39568,8675.7,6923.64,2.37,1.98,-52.2,-0.395,18.45,18.75,03a60216o0337o
60217.107901,20.308,1.019,27,28,o,0,0.96,322.90582,-36.39568,8905.09,6750.37,2.47,2.26,-12.8,-0.442,18.64,19.27,04a60217o0291o
60217.11117,19.726,0.526,47,25,o,0,1.38,322.90582,-36.39568,8923.69,6787.03,2.54,2.3,-18.4,-0.425,18.66,19.18,04a60217o0298o
60217.117234,17.757,0.094,287,27,o,0,1.36,322.90582,-36.39568,8866.82,6703.97,2.5,2.21,-15.8,-0.426,18.63,19.19,04a60217o0311o
60217.127419,19.614,0.495,52,26,o,0,1.4,322.90582,-36.39568,8846.87,6812.86,2.52,2.19,-20.3,-0.435,18.6,19.15,04a60217o0333o
60218.846428,-18.88,0.141,-102,14,o,0,1.19,322.90582,-36.39568,7094.93,186.13,2.48,2.17,-49.2,-0.391,18.93,20.05,03a60219o0268o
60218.849693,19.605,0.332,52,17,o,0,0.96,322.90582,-36.39568,7114.74,225.92,2.38,2.18,-44.8,-0.4,19.02,20.08,03a60219o0275o
60218.855347,19.248,0.226,73,16,o,0,1.16,322.90582,-36.39568,7055.47,145.19,2.47,2.26,-38.7,-0.406,19.0,19.92,03a60219o0287o
60218.85852,19.964,0.461,38,17,o,0,1.36,322.90582,-36.39568,2804.45,10274.5,2.76,2.35,-44.1,-0.385,19.04,19.9,03a60219o0294o
60218.861352,19.168,0.25,78,20,o,0,1.15,322.90582,-36.39568,2821.74,10313.74,2.98,2.47,-43.2,-0.377,18.96,19.9,03a60219o0300o
60218.867867,19.019,0.216,90,19,o,0,1.05,322.90582,-36.39568,2767.3,10235.46,2.84,2.41,-39.9,-0.376,18.99,19.84,03a60219o0314o
60218.868773,18.981,0.208,93,19,o,0,0.9,322.90582,-36.39568,7033.52,262.67,2.4,2.22,-44.3,-0.395,18.98,19.82,03a60219o0316o
60218.878489,17.818,0.078,271,21,o,0,1.19,322.90582,-36.39568,2746.17,10353.81,2.84,2.25,-37.0,-0.393,18.99,19.78,03a60219o0337o
60220.105835,17.149,0.033,502,16,o,0,1.22,322.90582,-36.39568,4704.73,4491.06,2.43,2.3,-81.0,-0.392,19.18,21.1,04a60220o0283o
60220.109131,18.214,0.082,188,16,o,0,1.0,322.90582,-36.39568,4725.81,4527.09,2.53,2.3,-86.0,-0.397,19.17,20.85,04a60220o0290o
60220.114282,18.726,0.142,117,17,o,0,1.14,322.90582,-36.39568,4668.03,4445.15,2.87,2.67,87.7,-0.376,19.02,20.69,04a60220o0301o
60220.124243,18.901,0.199,100,20,o,0,1.18,322.90582,-36.39568,4646.28,4551.75,3.23,3.16,71.6,-0.371,18.79,20.49,04a60220o0322o
60221.849765,19.055,1.027,87,89,o,0,0.74,322.90582,-36.39568,2650.44,4556.02,2.13,1.95,-61.9,-0.432,17.45,18.64,03a60222o0262o
60221.852629,19.404,0.861,63,54,o,0,1.31,322.90582,-36.39568,2670.65,4594.14,2.29,2.05,-57.5,-0.424,18.0,19.23,03a60222o0268o
60221.857756,18.879,0.18,102,18,o,0,0.92,322.90582,-36.39568,2615.72,4516.79,2.14,1.93,-58.8,-0.431,19.06,20.24,03a60222o0279o
60221.87068,20.518,1.796,22,40,o,0,1.05,322.90582,-36.39568,2588.65,4632.1,2.3,2.04,-59.9,-0.424,18.25,19.48,03a60222o0306o
60223.095508,17.947,0.048,240,12,c,0,2.15,322.90582,-36.39568,2760.91,4614.6,2.11,1.94,84.7,-0.389,19.44,21.73,04a60223o0252c
60223.098331,20.029,0.266,35,9,c,0,1.45,322.90582,-36.39568,2781.7,4650.04,2.23,2.01,77.4,-0.384,19.48,21.77,04a60223o0258c
60223.10382,19.961,0.266,38,10,c,0,1.29,322.90582,-36.39568,2721.93,4569.27,2.28,2.03,73.1,-0.384,19.55,21.7,04a60223o0270c
60223.115353,19.286,0.136,70,10,c,0,1.4,322.90582,-36.39568,2700.0,4677.44,2.26,2.01,75.8,-0.385,19.53,21.55,04a60223o0295c
60226.088807,19.859,0.347,41,14,o,0,0.72,322.90582,-36.39568,2159.2,2297.6,2.1,1.94,69.0,-0.407,19.09,21.01,04a60226o0239o
60226.09205,19.606,0.242,52,13,o,0,1.18,322.90582,-36.39568,2177.68,2333.33,2.09,1.88,58.9,-0.424,19.27,21.05,04a60226o0246o
60226.098574,17.997,0.053,230,12,o,0,1.66,322.90582,-36.39568,2118.09,2251.46,2.21,1.89,51.7,-0.433,19.39,21.01,04a60226o0260o
60226.11206,19.285,0.124,70,9,o,0,2.43,322.90582,-36.39568,2097.64,2358.62,2.24,1.91,52.0,-0.426,19.44,20.91,04a60226o0289o
60227.834664,18.463,0.102,150,15,o,0,1.21,322.90582,-36.39568,1822.66,8421.16,2.87,2.6,-51.1,-0.378,19.24,20.61,03a60228o0177o
60227.837946,18.552,0.116,138,16,o,0,0.95,322.90582,-36.39568,1840.14,8459.77,2.92,2.65,-50.3,-0.385,19.23,20.63,03a60228o0184o
60227.843191,19.301,0.223,69,16,o,0,1.41,322.90582,-36.39568,1785.05,8381.48,3.33,3.02,-51.5,-0.379,19.1,20.65,03a60228o0195o
60227.854822,18.954,0.135,95,13,o,0,1.4,322.90582,-36.39568,1762.77,8497.91,2.94,2.64,-52.6,-0.381,19.25,20.66,03a60228o0219o
60229.08209,19.265,0.163,72,12,o,0,1.14,322.90582,-36.39568,2020.3,8500.91,2.64,1.95,-79.8,-0.387,19.38,21.0,04a60229o0223o
60229.085412,19.149,0.143,80,11,o,0,1.4,322.90582,-36.39568,2038.9,8536.61,2.53,1.93,-79.0,-0.404,19.4,20.9,04a60229o0230o
60229.091017,-19.152,0.143,-79,11,o,0,1.09,322.90582,-36.39568,1981.96,8455.9,2.57,1.89,-82.3,-0.395,19.45,20.86,04a60229o0242o
60229.102442,19.136,0.155,80,12,o,0,1.09,322.90582,-36.39568,1960.99,8564.62,2.65,1.96,-84.1,-0.391,19.38,20.85,04a60229o0266o
60230.851164,19.997,0.415,36,15,o,0,0.87,322.90582,-36.39568,5077.85,227.1,2.75,2.58,-45.5,-0.379,19.14,20.74,03a60231o0175o
60230.851615,19.827,0.416,43,18,o,0,1.35,322.90582,-36.39568,902.85,10379.62,3.29,2.87,-38.2,-0.424,19.13,20.82,03a60231o0176o
60230.854889,19.524,0.254,56,14,o,0,0.96,322.90582,-36.39568,5096.55,266.65,2.9,2.7,-57.4,-0.372,19.17,20.94,03a60231o0183o
60230.855339,19.242,0.236,73,17,o,0,1.1,322.90582,-36.39568,922.83,10418.73,3.72,3.16,-33.7,-0.407,19.19,20.95,03a60231o0184o
60230.861462,19.253,0.183,72,13,o,0,0.92,322.90582,-36.39568,5039.29,186.09,3.02,2.92,-56.9,-0.359,19.23,20.96,03a60231o0197o
60230.861913,19.145,0.2,80,16,o,0,1.22,322.90582,-36.39568,866.76,10340.51,3.41,2.97,-38.2,-0.424,19.28,20.97,03a60231o0198o
60230.872516,19.028,0.163,89,14,o,0,1.06,322.90582,-36.39568,5017.72,303.17,2.99,2.81,-55.3,-0.369,19.21,20.92,03a60231o0220o
60230.873905,19.208,0.268,75,20,o,0,1.12,322.90582,-36.39568,844.97,10458.77,4.24,3.7,-34.6,-0.381,19.06,20.93,03a60231o0223o
60232.076327,18.149,0.113,200,22,o,0,1.11,322.90582,-36.39568,8800.04,10504.48,2.38,2.0,11.2,-0.51,19.27,20.53,04a60232o0209o
60232.081974,20.165,0.359,31,11,o,0,1.36,322.90582,-36.39568,3072.42,324.85,2.34,1.86,49.3,-0.444,19.3,20.62,04a60232o0221o
60232.085228,19.58,0.223,53,12,o,0,1.12,322.90582,-36.39568,3091.05,361.35,2.26,1.85,51.4,-0.44,19.35,20.6,04a60232o0228o
60232.090921,19.314,0.172,68,12,o,0,1.4,322.90582,-36.39568,3028.37,279.4,2.24,1.87,48.9,-0.449,19.35,20.63,04a60232o0240o
60232.102626,19.9,0.341,40,14,o,0,0.98,322.90582,-36.39568,3008.26,390.16,2.21,1.87,52.0,-0.438,19.37,20.71,04a60232o0265o
60233.817442,20.544,0.488,22,11,o,0,0.98,322.90582,-36.39568,4670.15,6416.87,2.39,2.07,-51.0,-0.4,19.49,20.91,03a60234o0135o
60233.822644,20.589,0.56,21,12,o,0,0.94,322.90582,-36.39568,4687.39,6455.69,2.39,2.14,-51.3,-0.402,19.48,20.89,03a60234o0146o
60233.825504,17.71,0.038,299,11,o,0,29.39,322.90582,-36.39568,4633.25,6376.99,2.41,2.08,-52.9,-0.398,19.5,20.91,03a60234o0152o
60233.835451,-19.192,0.11,-76,8,o,0,1.68,322.90582,-36.39568,4610.36,6491.9,2.54,2.25,-50.9,-0.386,19.4,20.88,03a60234o0173o
60235.028134,19.435,0.227,61,14,o,0,1.18,322.90582,-36.39568,4824.24,6456.59,2.47,2.19,-69.6,-0.427,19.12,20.5,04a60235o0102o
60235.055455,17.963,0.052,237,12,o,0,2.38,322.90582,-36.39568,4848.4,6468.85,2.37,2.15,-68.8,-0.429,19.18,20.56,04a60235o0156o
60235.058647,18.376,0.102,162,16,o,0,0.75,322.90582,-36.39568,4790.88,6388.86,2.61,2.31,-74.7,-0.406,19.13,20.62,04a60235o0163o
60235.063755,-19.118,0.149,-82,12,o,0,1.71,322.90582,-36.39568,4768.89,6501.39,2.54,2.15,-76.7,-0.411,19.12,20.6,04a60235o0174o
60236.798477,19.633,0.256,51,13,o,0,1.17,322.90582,-36.39568,6061.07,2105.01,2.14,1.97,-45.3,-0.463,19.35,20.42,03a60237o0088o
60236.80127,19.509,0.23,57,13,o,0,1.16,322.90582,-36.39568,6078.58,2144.3,2.15,1.94,-51.3,-0.458,19.35,20.41,03a60237o0094o
60236.807379,20.18,0.429,31,13,o,0,1.44,322.90582,-36.39568,6021.08,2063.58,2.15,1.99,-41.8,-0.451,19.34,20.36,03a60237o0107o
60236.817546,19.072,0.15,85,13,o,0,1.12,322.90582,-36.39568,5998.94,2178.51,2.15,1.95,-49.1,-0.454,19.35,20.45,03a60237o0129o
60238.043286,18.682,0.202,122,25,o,0,1.04,322.90582,-36.39568,7911.26,8677.04,2.98,2.4,-84.5,-0.397,18.89,20.1,04a60238o0124o
60238.047011,17.808,0.081,274,22,o,0,0.88,322.90582,-36.39568,7931.16,8712.75,2.76,2.35,-81.6,-0.416,18.99,20.14,04a60238o0132o
60238.052198,19.785,0.411,44,18,o,0,1.21,322.90582,-36.39568,7873.49,8629.5,2.73,2.43,-75.1,-0.4,18.99,20.16,04a60238o0143o
60238.062057,19.169,0.319,78,25,o,0,0.94,322.90582,-36.39568,7855.02,8738.33,2.51,2.31,-70.2,-0.416,19.01,20.08,04a60238o0164o
60239.801364,19.229,0.516,74,38,o,0,1.1,322.90582,-36.39568,10152.6,2557.54,3.09,2.63,-61.4,-0.349,18.21,18.65,03a60240o0094o
60239.813678,19.796,0.906,44,40,o,0,0.73,322.90582,-36.39568,116.72,2326.96,3.45,3.1,-70.4,-0.373,18.3,19.13,03a60240o0118o
60239.816903,18.931,0.33,97,32,o,0,1.2,322.90582,-36.39568,135.19,2366.48,3.08,2.7,-71.6,-0.344,18.48,19.17,03a60240o0125o
60239.840764,18.074,0.162,214,35,o,0,1.13,322.90582,-36.39568,76.01,2286.61,2.94,2.65,-66.2,-0.392,18.42,19.09,03a60240o0164o
60241.041502,18.991,0.411,92,38,o,0,1.0,322.90582,-36.39568,10227.6,2417.99,3.07,2.35,-27.0,-0.353,18.4,18.77,04a60241o0110o
60241.044751,19.56,0.696,54,38,o,0,1.11,322.90582,-36.39568,10246.13,2455.26,3.27,2.51,-28.9,-0.32,18.36,18.74,04a60241o0117o
60241.050303,19.175,0.484,78,38,o,0,1.36,322.90582,-36.39568,10186.99,2372.53,3.12,2.41,-24.6,-0.353,18.29,18.74,04a60241o0129o
60241.060761,18.492,0.244,146,36,o,0,1.29,322.90582,-36.39568,10163.59,2482.71,3.09,2.38,-27.9,-0.343,18.39,18.74,04a60241o0151o
60242.821037,18.607,0.172,131,23,o,0,1.18,322.90582,-36.39568,8577.02,4904.11,2.3,1.98,-56.5,-0.42,18.74,19.08,03a60243o0131o
60242.824352,19.054,0.246,87,21,o,0,1.07,322.90582,-36.39568,8594.58,4943.31,2.28,1.94,-56.0,-0.416,18.74,19.07,03a60243o0138o
60242.831073,19.798,0.55,44,24,o,0,0.89,322.90582,-36.39568,8538.33,4863.06,2.26,1.96,-59.0,-0.424,18.7,19.04,03a60243o0152o
60242.841432,19.102,0.295,83,24,o,0,1.15,322.90582,-36.39568,8516.49,4976.19,2.23,1.9,-55.9,-0.423,18.72,18.99,03a60243o0174o
60244.0639,-21.947,4.576,-6,28,o,0,1.06,322.90582,-36.39568,5826.81,8244.43,3.07,2.49,-79.5,-0.391,18.42,19.21,04a60244o0168o
60244.069426,19.702,0.615,48,29,o,0,0.98,322.90582,-36.39568,5843.9,8280.16,2.94,2.38,-78.1,-0.393,18.43,19.18,04a60244o0180o
60244.073555,18.639,0.228,127,29,o,0,1.03,322.90582,-36.39568,5786.5,8199.96,3.01,2.42,-78.7,-0.398,18.39,19.17,04a60244o0189o
60244.084265,-19.331,0.448,-67,30,o,0,1.18,322.90582,-36.39568,5762.79,8311.51,3.26,2.83,-77.6,-0.385,18.27,19.16,04a60244o0212o
60245.838446,-20.783,3.224,-18,57,o,0,1.2,322.90582,-36.39568,6581.53,6369.75,3.17,2.59,-39.5,-0.411,17.68,18.31,03a60246o0074o
60247.061876,17.71,0.071,299,21,o,0,1.26,322.90582,-36.39568,6741.41,6309.76,2.27,2.06,-49.7,-0.411,18.84,19.68,04a60247o0148o
60247.065151,19.575,3.036,54,163,o,0,1.47,322.90582,-36.39568,6761.49,6346.94,2.25,2.05,-29.1,-0.417,18.8,19.64,04a60247o0155o
60247.070669,19.04,0.251,88,22,o,0,0.9,322.90582,-36.39568,6700.52,6266.2,2.17,2.01,-47.4,-0.415,18.84,19.61,04a60247o0167o
60247.089329,18.943,0.267,96,26,o,0,0.75,322.90582,-36.39568,6676.78,6374.5,2.27,2.03,-57.8,-0.417,18.75,19.54,04a60247o0207o
60248.780379,19.416,0.203,62,13,o,0,1.56,322.90582,-36.39568,9102.66,163.82,2.55,2.3,-49.3,-0.45,19.3,20.62,03a60249o0036o
60248.78083,19.601,0.257,52,14,o,0,1.36,322.90582,-36.39568,4674.92,10200.89,2.84,2.38,-41.3,-0.374,19.31,20.63,03a60249o0037o
60248.783564,19.597,0.268,53,14,o,0,0.89,322.90582,-36.39568,9124.93,204.19,2.43,2.17,-49.0,-0.458,19.36,20.65,03a60249o0043o
60248.784014,19.688,0.281,48,14,o,0,1.16,322.90582,-36.39568,4693.57,10240.45,2.84,2.37,-41.0,-0.374,19.32,20.64,03a60249o0044o
60248.790253,19.778,0.322,44,14,o,0,0.75,322.90582,-36.39568,9065.76,122.03,2.47,2.24,-44.5,-0.458,19.34,20.67,03a60249o0057o
60248.80051,20.303,0.529,28,14,o,0,0.66,322.90582,-36.39568,9038.45,237.96,2.4,2.21,-41.2,-0.456,19.38,20.7,03a60249o0079o
60248.801485,20.277,0.435,28,12,o,0,1.51,322.90582,-36.39568,4617.32,10276.49,2.75,2.33,-36.9,-0.375,19.38,20.7,03a60249o0081o
60251.809383,17.807,2.63,274,719,o,0,1.14,322.90582,-36.39568,9591.23,8735.62,3.22,2.58,-48.2,-0.487,14.57,16.04,03a60252o0016o
60251.812671,16.309,0.49,1087,533,o,0,0.78,322.90582,-36.39568,9610.64,8777.33,3.46,2.65,-47.1,-0.416,17.18,18.59,03a60252o0023o
60251.817849,19.092,0.17,84,14,o,0,1.52,322.90582,-36.39568,9553.79,8693.81,3.27,2.61,-47.9,-0.401,19.22,20.7,03a60252o0034o
60253.04588,19.186,0.276,77,21,o,0,0.94,322.90582,-36.39568,9820.3,8599.58,2.72,2.6,-27.5,-0.397,19.1,20.3,04a60253o0039o
60253.049118,18.918,0.197,98,19,o,0,1.03,322.90582,-36.39568,9838.58,8638.22,2.67,2.46,-5.3,-0.439,19.12,20.33,04a60253o0046o
60253.049569,19.727,0.335,47,16,o,0,1.46,322.90582,-36.39568,103.55,8647.5,2.85,2.27,-75.3,-0.345,19.16,20.35,04a60253o0047o
60253.052807,19.713,0.364,47,17,o,0,0.9,322.90582,-36.39568,121.79,8684.49,2.85,2.24,-77.4,-0.36,19.15,20.44,04a60253o0054o
60253.056049,18.755,0.183,114,21,o,0,0.95,322.90582,-36.39568,9777.08,8555.33,2.74,2.56,-15.2,-0.415,19.18,20.38,04a60253o0061o
60253.058333,19.29,0.36,70,25,o,0,0.99,322.90582,-36.39568,60.88,8605.32,2.95,2.3,-79.9,-0.339,19.17,20.45,04a60253o0066o
60253.073331,19.204,0.263,76,20,o,0,1.4,322.90582,-36.39568,9753.3,8666.75,2.76,2.64,-4.4,-0.402,19.14,20.49,04a60253o0098o
60253.075206,-19.957,0.721,-38,27,o,0,0.75,322.90582,-36.39568,38.21,8716.65,2.93,2.33,-78.6,-0.334,19.18,20.51,04a60253o0102o
60256.061453,18.994,0.151,92,14,o,0,1.23,322.90582,-36.39568,3917.89,8336.01,2.41,1.94,-71.5,-0.46,19.33,20.77,04a60256o0088o
60256.064235,19.591,0.275,53,14,o,0,1.08,322.90582,-36.39568,3936.62,8372.34,2.28,1.86,-77.9,-0.445,19.38,20.77,04a60256o0094o
60256.069394,19.205,0.171,76,13,o,0,1.35,322.90582,-36.39568,3878.17,8294.7,2.47,1.85,-79.2,-0.442,19.39,20.8,04a60256o0105o
60256.079226,19.602,0.246,52,13,o,0,1.04,322.90582,-36.39568,3856.38,8409.89,2.18,1.93,-66.2,-0.402,19.37,20.76,04a60256o0126o
60257.814694,20.007,0.263,36,10,c,0,1.18,322.90582,-36.39568,4086.82,2154.1,2.35,2.21,-42.3,-0.401,19.64,21.4,03a60258o0095c
60257.817947,20.558,0.429,22,9,c,0,1.27,322.90582,-36.39568,4105.37,2193.21,2.49,2.35,-55.5,-0.401,19.56,21.41,03a60258o0102c
60257.823115,20.371,0.345,26,9,c,0,1.17,322.90582,-36.39568,4048.72,2114.31,2.35,2.19,-51.5,-0.401,19.64,21.42,03a60258o0113c
60257.833773,19.658,0.188,50,9,c,0,1.27,322.90582,-36.39568,4026.63,2229.51,2.4,2.28,-55.1,-0.401,19.6,21.38,03a60258o0135c
60259.070766,-19.824,0.325,-43,14,o,0,1.25,322.90582,-36.39568,4132.22,2136.61,2.31,2.22,70.7,-0.42,19.16,20.63,04a60259o0103o
60259.073554,19.457,0.222,60,13,o,0,1.19,322.90582,-36.39568,4149.35,2174.19,2.28,2.2,61.6,-0.42,19.18,20.61,04a60259o0109o
60259.079202,18.907,0.139,99,14,o,0,1.18,322.90582,-36.39568,4087.38,2096.28,2.24,2.18,56.6,-0.414,19.22,20.62,04a60259o0121o
60259.091826,19.556,0.231,55,13,o,0,1.19,322.90582,-36.39568,4063.52,2211.73,2.21,2.1,51.1,-0.411,19.17,20.61,04a60259o0148o
60260.802809,20.072,0.327,34,11,c,0,1.25,322.90582,-36.39568,8037.11,2074.77,2.7,2.43,-60.3,-0.404,19.48,21.27,03a60261o0062c
60260.80575,19.626,0.201,51,10,c,0,65.65,322.90582,-36.39568,8054.8,2114.53,2.58,2.32,-55.5,-0.409,19.5,21.27,03a60261o0068c
60260.811779,20.665,0.42,20,8,c,0,1.89,322.90582,-36.39568,7997.14,2032.41,2.55,2.28,-55.1,-0.41,19.54,21.25,03a60261o0081c
60260.821708,19.451,0.197,60,12,c,0,0.91,322.90582,-36.39568,7976.52,2146.9,2.71,2.37,-57.8,-0.406,19.45,21.22,03a60261o0102c
60262.072059,19.064,0.134,86,12,o,0,1.82,322.90582,-36.39568,2896.46,6505.74,2.3,1.88,-84.5,-0.417,19.27,20.51,04a60262o0094o
60262.074862,18.985,0.158,92,15,o,0,0.94,322.90582,-36.39568,2912.11,6543.18,2.31,1.88,-85.5,-0.414,19.26,20.55,04a60262o0100o
60262.08045,17.2,0.033,479,16,o,0,1.64,322.90582,-36.39568,2850.05,6466.54,2.28,1.89,-85.3,-0.416,19.21,20.5,04a60262o0112o
60262.100606,20.307,0.404,27,11,o,0,1.26,322.90582,-36.39568,2825.1,6584.1,2.23,1.85,-87.4,-0.419,19.26,20.53,04a60262o0155o
60265.044889,18.98,0.198,93,18,o,0,1.01,322.90582,-36.39568,1039.8,428.75,2.61,1.89,42.0,-0.509,19.12,20.29,04a60265o0038o
60265.048191,19.469,0.346,59,20,o,0,1.22,322.90582,-36.39568,1059.26,466.85,2.21,1.97,46.7,-0.469,19.09,20.26,04a60265o0045o
60265.053481,18.732,0.181,117,21,o,0,0.92,322.90582,-36.39568,997.12,387.98,2.14,2.04,59.4,-0.516,19.07,20.25,04a60265o0056o
60265.065091,19.209,0.224,75,17,o,0,1.02,322.90582,-36.39568,970.35,503.06,2.79,1.92,43.9,-0.47,19.11,20.31,04a60265o0081o
60268.038065,24.255,52.75,1,38,o,0,0.97,322.90582,-36.39568,3035.73,10298.4,2.49,1.99,-67.0,-0.487,18.36,18.9,04a60268o0015o
60268.041318,18.795,0.335,110,37,o,0,1.23,322.90582,-36.39568,3053.68,10335.62,2.93,1.96,-75.4,-0.426,18.38,18.91,04a60268o0022o
60268.046433,18.557,0.293,137,40,o,0,0.97,322.90582,-36.39568,2996.65,10258.84,2.76,1.95,-74.6,-0.465,18.44,18.9,04a60268o0033o
60268.05205,20.942,2.615,15,40,o,0,0.83,322.90582,-36.39568,7073.92,83.31,2.51,2.21,-33.3,-0.384,18.49,19.02,04a60268o0045o
60268.055288,20.541,1.817,22,40,o,0,1.09,322.90582,-36.39568,7093.72,123.02,2.49,2.2,-39.3,-0.388,18.26,18.74,04a60268o0052o
60268.058062,18.06,0.239,217,52,o,0,1.15,322.90582,-36.39568,2972.53,10374.64,2.73,2.0,-76.3,-0.481,18.11,18.55,04a60268o0058o
60268.070174,-18.952,18.432,-95,1757,o,0,0.0,322.90582,-36.39568,7026.9,43.22,2.55,2.21,-31.1,-0.37,18.35,18.88,04a60268o0084o
60268.077185,19.741,0.671,46,31,o,0,0.92,322.90582,-36.39568,7002.88,160.12,2.49,2.09,-23.9,-0.388,18.4,18.9,04a60268o0099o
60269.839614,16.953,0.049,601,29,o,0,1.21,322.90582,-36.39568,4591.72,4481.64,2.78,2.56,-47.9,-0.394,18.46,19.18,03a60270o0124o
60269.843415,-18.942,0.265,-96,26,o,0,1.19,322.90582,-36.39568,4612.08,4520.02,2.7,2.43,-49.7,-0.394,18.46,19.16,03a60270o0132o
60269.848991,18.655,0.232,125,29,o,0,0.95,322.90582,-36.39568,4555.38,4441.41,2.47,2.22,-50.2,-0.407,18.56,19.1,03a60270o0144o
60269.873261,21.118,2.576,13,33,o,0,1.2,322.90582,-36.39568,4534.84,4553.0,2.88,2.72,-34.2,-0.399,18.29,18.98,03a60270o0192o
60272.814435,19.012,0.239,90,22,o,0,1.62,322.90582,-36.39568,2644.91,4558.21,2.4,2.07,-58.1,-0.399,18.6,19.16,03a60273o0068o
60272.817649,19.561,0.42,54,23,o,0,1.07,322.90582,-36.39568,2665.49,4595.69,2.38,2.08,-62.8,-0.393,18.62,19.12,03a60273o0075o
60272.823189,20.789,5.538,18,97,o,0,1.69,322.90582,-36.39568,2609.57,4517.34,2.51,2.17,-59.9,-0.393,17.01,17.28,03a60273o0087o
60272.834761,19.008,0.26,90,24,o,0,1.56,322.90582,-36.39568,2585.6,4631.56,2.48,2.17,-58.3,-0.389,18.48,19.0,03a60273o0112o
60274.045797,19.02,0.268,90,24,o,0,1.2,322.90582,-36.39568,963.02,6649.02,2.55,2.11,85.8,-0.372,18.59,19.25,04a60274o0049o
60274.049502,18.429,0.177,154,27,o,0,0.9,322.90582,-36.39568,980.23,6686.81,2.5,2.11,84.3,-0.375,18.62,19.24,04a60274o0057o
60274.05543,19.407,0.383,63,24,o,0,1.19,322.90582,-36.39568,921.89,6610.8,2.5,2.12,85.2,-0.371,18.61,19.2,04a60274o0070o
60274.066638,19.067,0.319,86,27,o,0,0.9,322.90582,-36.39568,893.97,6727.73,2.46,2.08,86.9,-0.377,18.59,19.14,04a60274o0094o
60275.806675,20.05,0.898,35,31,o,0,0.78,322.90582,-36.39568,2098.0,2233.46,2.51,2.3,-64.5,-0.393,18.53,19.11,03a60276o0074o
60275.809882,19.44,0.454,61,28,o,0,1.2,322.90582,-36.39568,2117.0,2271.72,2.72,2.48,-63.3,-0.383,18.4,19.08,03a60276o0081o
60275.815149,-19.302,0.42,-69,29,o,0,1.17,322.90582,-36.39568,2058.92,2193.31,2.69,2.38,-76.1,-0.377,18.42,19.04,03a60276o0092o
60275.83509,18.581,0.254,134,34,o,0,0.89,322.90582,-36.39568,2038.86,2306.86,2.65,2.38,-70.4,-0.378,18.35,18.9,03a60276o0134o
60277.058011,19.213,0.29,75,22,o,0,0.85,322.90582,-36.39568,2135.62,2257.5,2.37,2.1,47.1,-0.413,18.92,19.95,04a60277o0037o
60277.061228,18.697,0.159,120,19,o,0,1.24,322.90582,-36.39568,2152.31,2295.81,2.44,2.12,43.7,-0.403,18.86,19.87,04a60277o0044o
60277.06774,18.805,0.184,109,20,o,0,1.05,322.90582,-36.39568,2092.07,2220.59,2.34,2.15,45.0,-0.423,18.76,19.67,04a60277o0058o
60277.078356,19.273,0.318,71,22,o,0,1.38,322.90582,-36.39568,2067.7,2338.99,2.31,2.06,43.3,-0.425,18.7,19.49,04a60277o0081o
60280.040696,18.77,0.114,113,13,o,0,1.63,322.90582,-36.39568,4994.67,251.35,2.32,2.27,11.7,-0.44,19.16,20.54,04a60280o0002o
60281.830539,-18.754,1.557,-114,178,o,0,1.1,322.90582,-36.39568,3057.27,290.88,2.32,2.19,-63.4,-0.378,17.13,18.26,03a60282o0088o
60281.833398,20.157,1.661,31,52,o,0,1.21,322.90582,-36.39568,3074.17,328.4,2.32,2.14,-52.0,-0.376,17.49,18.63,03a60282o0094o
60281.838679,17.172,0.038,491,18,o,0,1.42,322.90582,-36.39568,3016.2,248.85,2.35,2.19,-60.6,-0.342,19.08,20.19,03a60282o0105o
60281.8651,18.715,0.165,119,20,o,0,1.73,322.90582,-36.39568,2995.13,363.14,2.7,2.58,-42.5,-0.375,18.95,20.06,03a60282o0158o
60284.807495,19.247,0.187,73,14,o,0,1.04,322.90582,-36.39568,4666.49,6418.07,2.38,2.19,-47.2,-0.393,19.2,20.44,03a60285o0042o
60284.810325,19.551,0.257,55,14,o,0,0.9,322.90582,-36.39568,4685.44,6456.43,2.5,2.28,-50.4,-0.385,19.13,20.44,03a60285o0048o
60284.81548,19.773,0.367,45,16,o,0,0.72,322.90582,-36.39568,4631.81,6377.3,2.45,2.22,-46.8,-0.387,19.19,20.43,03a60285o0059o
60284.8348,19.939,0.417,38,16,o,0,1.43,322.90582,-36.39568,4609.45,6488.88,2.58,2.37,-46.2,-0.386,19.07,20.33,03a60285o0101o
60393.388251,18.7,0.23,120,28,o,0,1.04,322.90582,-36.39568,2047.26,5792.33,2.26,1.97,-72.7,-0.399,18.49,18.98,04a60393o0788o
60393.392476,19.177,0.369,78,29,o,0,0.9,322.90582,-36.39568,2027.24,5753.66,2.15,1.91,-80.5,-0.407,18.53,19.05,04a60393o0797o
60393.400168,19.104,0.337,83,28,o,0,1.09,322.90582,-36.39568,2084.0,5832.85,2.22,1.98,-56.8,-0.442,18.49,19.07,04a60393o0813o
60393.410266,22.507,11.036,4,40,o,0,0.91,322.90582,-36.39568,2098.48,5719.9,2.16,1.98,-68.6,-0.43,18.23,18.57,04a60393o0833o
60395.091683,17.786,0.156,279,44,o,0,0.99,322.90582,-36.39568,4918.57,2336.46,2.54,2.36,-33.9,-0.411,17.98,18.29,03a60395o0639o
60395.094527,18.51,0.251,143,36,o,0,1.28,322.90582,-36.39568,4897.48,2302.22,2.51,2.25,-46.3,-0.396,18.02,18.32,03a60395o0645o
60395.099788,18.412,0.223,157,35,o,0,1.34,322.90582,-36.39568,4952.67,2381.22,2.47,2.23,-41.8,-0.399,18.08,18.39,03a60395o0656o
60395.123989,-20.008,0.84,-36,30,o,0,0.99,322.90582,-36.39568,4974.05,2262.45,2.26,2.02,-50.9,-0.408,18.37,18.66,03a60395o0707o
60397.355349,19.755,0.757,46,34,o,0,0.93,322.90582,-36.39568,4019.12,4258.91,2.22,1.97,-68.7,-0.444,18.35,18.84,04a60397o0808o
60397.379123,17.695,0.092,304,28,o,0,1.29,322.90582,-36.39568,3985.81,4225.6,2.08,1.92,-61.2,-0.484,18.52,19.03,04a60397o0855o
60397.390269,19.51,0.455,57,26,o,0,1.23,322.90582,-36.39568,4041.41,4303.63,2.3,2.05,-57.9,-0.499,18.5,19.06,04a60397o0879o
60397.396771,18.311,0.128,172,22,o,0,1.66,322.90582,-36.39568,4056.45,4190.45,2.09,1.91,-52.6,-0.489,18.61,19.12,04a60397o0893o
60398.3956,18.589,0.36,133,48,o,0,1.11,322.90582,-36.39568,1640.03,10522.11,2.07,1.66,-59.3,-0.5,18.73,19.23,04a60398o0900o
60398.406646,19.348,0.637,66,42,o,0,1.12,322.90582,-36.39568,1720.77,10485.13,1.92,1.64,-55.5,-0.539,18.66,19.18,04a60398o0921o
60404.385552,18.765,0.18,113,20,o,0,0.65,322.90582,-36.39568,1882.53,58.97,2.22,1.94,27.7,-0.476,19.41,19.52,04a60404o0315o
60404.386929,18.873,0.109,102,11,o,0,1.31,322.90582,-36.39568,7705.67,10253.83,2.38,2.15,-56.7,-0.42,19.48,19.72,04a60404o0316o
60404.403543,18.889,0.112,101,11,o,0,1.3,322.90582,-36.39568,7682.45,10219.8,2.16,1.97,-37.7,-0.462,19.53,19.67,04a60404o0328o
60404.413237,18.944,0.258,96,25,o,0,0.48,322.90582,-36.39568,1921.56,103.92,2.05,1.83,33.0,-0.668,19.35,19.23,04a60404o0335o
60404.414614,19.456,0.276,60,16,o,0,1.09,322.90582,-36.39568,7744.82,10299.6,2.05,1.93,-37.1,-0.517,19.3,19.18,04a60404o0336o
60407.38946,17.818,0.038,271,10,o,0,2.19,322.90582,-36.39568,7702.78,10254.92,1.99,1.7,-43.4,-0.55,19.77,20.27,04a60407o0275o
60407.407016,19.869,0.203,41,8,o,0,1.4,322.90582,-36.39568,7680.5,10222.01,2.05,1.84,-39.1,-0.481,19.81,20.24,04a60407o0287o
60407.42062,21.018,1.393,14,20,o,0,1.48,322.90582,-36.39568,7744.48,10302.94,2.1,1.91,-46.1,-0.536,18.81,18.47,04a60407o0296o
60418.026582,19.402,3.31,63,208,o,0,1.03,322.90582,-36.39568,3513.62,10440.71,2.92,2.3,-44.5,-0.365,18.53,19.63,03a60418o0696o
60418.029416,18.387,0.121,160,19,o,0,1.3,322.90582,-36.39568,3492.25,10400.7,2.9,2.34,-44.0,-0.369,19.0,20.11,03a60418o0702o
60418.055592,19.041,0.18,88,16,o,0,1.49,322.90582,-36.39568,3542.97,10478.75,2.98,2.43,-44.0,-0.366,19.07,20.11,03a60418o0755o
60418.060829,18.993,0.224,92,21,o,0,0.83,322.90582,-36.39568,3561.48,10361.63,2.98,2.4,-43.5,-0.367,19.06,20.11,03a60418o0766o
60418.400887,18.81,0.164,109,18,o,0,2.04,322.90582,-36.39568,3676.23,10488.14,2.14,1.71,-36.7,-0.506,19.02,20.37,04a60418o0896o
60418.401852,19.237,0.204,73,15,o,0,1.27,322.90582,-36.39568,7669.04,258.3,2.43,2.32,58.0,-0.426,19.05,20.15,04a60418o0898o
60418.40368,18.816,0.18,108,20,o,0,0.99,322.90582,-36.39568,3655.88,10449.02,2.12,1.76,-47.1,-0.492,19.1,20.21,04a60418o0902o
60418.405128,19.87,0.45,41,18,o,0,1.06,322.90582,-36.39568,7651.77,219.62,2.85,2.41,59.5,-0.384,18.9,20.09,04a60418o0905o
60418.406491,18.42,0.175,156,27,o,0,1.5,322.90582,-36.39568,3718.6,10528.34,2.08,1.71,-49.6,-0.507,19.08,20.36,04a60418o0908o
60418.408319,19.403,0.264,63,17,o,0,1.0,322.90582,-36.39568,7709.13,298.12,2.37,2.33,87.9,-0.424,19.09,20.13,04a60418o0912o
60418.410643,19.853,0.333,42,14,o,0,1.56,322.90582,-36.39568,3739.26,10410.89,2.14,1.8,-44.7,-0.511,19.03,20.16,04a60418o0917o
60418.411562,19.036,0.197,88,17,o,0,1.09,322.90582,-36.39568,7729.43,179.94,2.54,2.45,-78.1,-0.394,18.99,20.1,04a60418o0919o
60418.419965,17.909,0.099,249,25,o,0,1.58,322.90582,-36.39568,3702.4,10471.36,2.09,1.75,-50.0,-0.498,18.76,19.48,04a60418o0937o
60418.42133,20.485,1.072,23,25,o,0,1.13,322.90582,-36.39568,7695.54,241.9,2.31,2.26,-17.1,-0.419,18.62,19.19,04a60418o0940o
60419.141027,20.228,1.364,29,40,o,0,1.15,322.90582,-36.39568,7719.43,320.53,2.59,2.3,-37.8,-0.417,18.11,19.55,03a60419o0915o
60419.145717,18.417,0.384,156,60,o,0,0.99,322.90582,-36.39568,3481.38,10425.7,2.84,2.44,-40.9,-0.388,17.94,19.14,03a60419o0925o
60419.1471,18.832,0.394,106,42,o,0,1.47,322.90582,-36.39568,7703.97,279.41,2.38,2.22,-34.8,-0.433,17.95,19.13,03a60419o0928o
60419.14989,19.963,1.161,38,44,o,0,2.02,322.90582,-36.39568,3461.27,10385.01,2.83,2.42,-43.1,-0.38,18.0,19.19,03a60419o0934o
60419.160193,19.214,0.287,75,22,o,0,1.67,322.90582,-36.39568,3518.66,10463.75,2.68,2.27,-44.1,-0.378,18.77,19.86,03a60419o0953o
60419.162532,19.314,0.346,68,24,o,0,1.07,322.90582,-36.39568,7760.71,358.23,2.3,2.12,-37.8,-0.433,18.72,19.75,03a60419o0958o
60419.165337,19.748,0.621,46,28,o,0,1.37,322.90582,-36.39568,7783.69,240.29,2.39,2.19,-32.2,-0.427,18.4,19.3,03a60419o0964o
60419.165788,19.116,0.369,82,30,o,0,1.53,322.90582,-36.39568,3539.83,10346.32,2.78,2.35,-46.8,-0.385,18.26,19.09,03a60419o0965o
60420.133417,18.939,0.164,96,16,o,0,1.02,322.90582,-36.39568,5950.41,6115.66,2.27,1.94,-44.1,-0.427,19.21,20.39,03a60420o0914o
60420.137138,19.601,0.247,52,13,o,0,1.45,322.90582,-36.39568,5930.29,6076.61,2.25,1.98,-47.1,-0.434,19.25,20.42,03a60420o0922o
60420.144027,19.385,0.201,64,13,o,0,1.08,322.90582,-36.39568,5987.9,6153.96,2.26,2.0,-50.3,-0.429,19.29,20.37,03a60420o0937o
60420.156188,18.712,0.098,119,12,o,0,2.13,322.90582,-36.39568,6012.1,6037.04,2.19,1.95,-48.1,-0.451,19.32,20.35,03a60420o0963o
60420.165193,20.211,0.572,30,17,o,0,0.95,322.90582,-36.39568,5971.16,6093.9,2.26,1.99,-52.3,-0.432,19.03,19.83,03a60420o0982o
60423.127089,19.228,0.418,74,31,o,0,1.48,322.90582,-36.39568,7897.5,6032.68,2.27,1.96,-44.1,-0.44,18.19,18.51,03a60423o0857o
60423.130453,19.595,0.571,53,30,o,0,1.21,322.90582,-36.39568,7876.34,5994.9,2.33,1.92,-45.7,-0.425,18.36,18.64,03a60423o0864o
60423.136675,19.436,0.396,61,24,o,0,1.01,322.90582,-36.39568,7933.59,6072.12,2.25,1.9,-47.4,-0.423,18.58,18.89,03a60423o0877o
60423.150148,19.571,0.423,54,23,o,0,1.08,322.90582,-36.39568,7958.7,5956.0,2.27,1.89,-47.1,-0.415,18.71,19.09,03a60423o0906o
60423.166823,19.826,0.537,43,23,o,0,0.64,322.90582,-36.39568,7919.0,6016.45,2.25,1.91,-47.0,-0.435,18.88,19.44,03a60423o0939o
60424.107862,19.347,1.422,66,94,o,0,1.69,322.90582,-36.39568,9714.19,3999.5,2.37,2.01,-53.5,-0.373,16.91,16.65,03a60424o0869o
60424.11151,-20.286,3.533,-28,99,o,0,0.9,322.90582,-36.39568,9696.2,3960.86,2.43,2.03,-53.7,-0.377,17.04,16.74,03a60424o0877o
60424.11837,19.704,2.157,48,103,o,0,1.09,322.90582,-36.39568,9752.95,4036.57,2.46,2.07,-53.7,-0.372,17.14,16.81,03a60424o0892o
60424.130923,17.546,0.317,348,110,o,0,0.9,322.90582,-36.39568,9777.01,3920.81,2.38,1.96,-54.8,-0.399,16.9,16.63,03a60424o0919o
60425.362511,18.83,0.261,107,28,o,0,1.15,322.90582,-36.39568,9760.02,3893.93,2.73,2.53,-56.4,-0.383,18.54,19.26,04a60425o0870o
60425.367186,19.13,0.354,81,29,o,0,0.94,322.90582,-36.39568,9739.42,3856.98,2.81,2.69,-53.1,-0.375,18.53,19.31,04a60425o0880o
60425.38665,19.018,0.265,90,24,o,0,1.32,322.90582,-36.39568,9801.24,3937.42,2.7,2.57,-27.3,-0.356,18.64,19.34,04a60425o0921o
60425.394156,19.671,0.524,49,26,o,0,1.19,322.90582,-36.39568,9825.62,3820.68,2.44,1.96,85.2,-0.474,18.65,19.34,04a60425o0937o
60430.030865,19.055,3.7,87,321,o,0,0.92,322.90582,-36.39568,5510.2,10376.3,3.09,2.57,-45.9,-0.338,16.27,16.96,03a60430o0635o
60430.065991,17.343,0.101,420,42,o,0,0.96,322.90582,-36.39568,5479.49,10332.83,2.81,2.31,-44.4,-0.361,18.26,18.47,03a60430o0710o
60430.068832,17.266,0.09,450,41,o,0,1.28,322.90582,-36.39568,5536.97,10415.32,2.91,2.38,-41.7,-0.351,18.24,18.45,03a60430o0716o
60430.08791,19.223,0.532,74,40,o,0,0.96,322.90582,-36.39568,5555.26,10299.18,2.79,2.29,-42.4,-0.365,18.36,18.58,03a60430o0756o
60432.321966,18.09,0.124,211,26,o,0,0.92,322.90582,-36.39568,7705.7,10261.28,2.03,1.96,-14.4,-0.442,18.74,19.48,04a60432o0797o
60432.326157,18.023,0.115,224,26,o,0,1.2,322.90582,-36.39568,7687.71,10222.4,2.16,1.93,-22.6,-0.481,18.81,19.74,04a60432o0806o
60432.332094,18.569,0.183,136,25,o,0,1.12,322.90582,-36.39568,7748.37,10302.31,2.1,1.91,-14.8,-0.484,18.86,19.76,04a60432o0819o
60432.34756,17.781,0.074,280,21,o,0,2.22,322.90582,-36.39568,7766.32,10185.93,1.97,1.79,-20.9,-0.476,18.89,19.59,04a60432o0849o
60433.363236,19.715,1.108,47,52,o,0,0.7,322.90582,-36.39568,1890.63,70.15,2.1,1.98,66.2,-0.46,18.71,19.98,04a60433o0869o
60433.366443,19.614,0.931,52,48,o,0,0.76,322.90582,-36.39568,1872.53,30.72,2.16,2.0,36.5,-0.453,18.93,20.23,04a60433o0876o
60433.373642,-18.794,0.886,-110,98,o,0,1.56,322.90582,-36.39568,1934.58,111.43,2.57,1.95,41.4,-0.439,17.6,18.39,04a60433o0890o
60433.392623,-17.056,0.731,-546,400,o,0,1.85,322.90582,-36.39568,7717.12,10275.61,2.07,1.84,-21.7,-0.424,15.55,15.84,04a60433o0929o
60433.397838,-18.206,1.369,-189,259,o,0,1.15,322.90582,-36.39568,7701.47,10236.81,2.17,2.08,-21.6,-0.408,15.97,16.28,04a60433o0938o
60433.413111,19.217,1.568,75,117,o,0,1.08,322.90582,-36.39568,7770.21,10315.78,2.05,1.82,-6.3,-0.479,17.19,17.77,04a60433o0971o
60433.417312,-21.284,6.676,-11,74,o,0,1.43,322.90582,-36.39568,7790.33,10198.9,2.04,1.87,-17.3,-0.463,17.06,18.19,04a60433o0980o
60434.369131,19.279,0.239,70,17,o,0,1.17,322.90582,-36.39568,5920.32,4183.39,2.42,2.22,-37.8,-0.442,19.04,20.24,04a60434o0900o
60434.372313,19.505,0.32,57,18,o,0,0.96,322.90582,-36.39568,5902.42,4145.54,2.52,2.31,-40.7,-0.448,18.99,20.15,04a60434o0907o
60434.37824,18.487,0.121,146,18,o,0,1.06,322.90582,-36.39568,5960.78,4222.97,2.36,2.21,-51.8,-0.45,19.08,20.18,04a60434o0920o
60434.388308,19.762,0.372,45,17,o,0,1.3,322.90582,-36.39568,5986.2,4107.9,2.48,2.25,-44.8,-0.467,18.99,20.15,04a60434o0942o
60435.145303,19.203,0.118,76,9,c,0,1.7,322.90582,-36.39568,5877.18,4181.61,2.55,2.32,-27.1,-0.387,19.49,21.27,03a60435o0366c
60435.148145,19.329,0.165,67,11,c,0,1.15,322.90582,-36.39568,5859.41,4142.39,2.65,2.47,-47.5,-0.392,19.44,21.19,03a60435o0372c
60435.166197,-19.013,0.109,-90,10,c,0,1.06,322.90582,-36.39568,5916.35,4217.54,2.42,2.3,-49.0,-0.397,19.51,21.07,03a60435o0408c
60435.17094,19.397,0.185,63,12,c,0,1.72,322.90582,-36.39568,5939.47,4101.92,2.62,2.44,-36.2,-0.387,19.32,20.76,03a60435o0417c
60439.088479,19.972,0.301,37,11,c,0,0.67,322.90582,-36.39568,2838.21,1883.04,2.35,2.23,-46.1,-0.4,19.49,21.07,03a60439o0836c
60439.10224,19.972,0.253,37,9,c,0,1.32,322.90582,-36.39568,2822.36,1839.89,2.33,2.21,-52.4,-0.401,19.53,21.11,03a60439o0864c
60439.105421,19.505,0.197,57,11,c,0,1.06,322.90582,-36.39568,2877.82,1919.51,2.36,2.26,-48.3,-0.401,19.51,21.11,03a60439o0871c
60439.110915,19.531,0.204,56,11,c,0,0.62,322.90582,-36.39568,2899.91,1802.4,2.34,2.2,-59.5,-0.4,19.51,21.12,03a60439o0883c
60441.39973,16.944,0.242,606,146,o,0,1.34,322.90582,-36.39568,579.82,8211.92,2.71,2.28,-73.3,-0.369,16.62,17.88,04a60441o0916o
60441.402997,17.079,0.279,535,149,o,0,1.24,322.90582,-36.39568,563.66,8172.6,2.99,2.54,-87.1,-0.354,16.46,17.81,04a60441o0923o
60441.418781,17.915,0.521,248,129,o,0,1.26,322.90582,-36.39568,637.52,8252.46,2.65,2.19,-70.9,-0.358,17.17,18.34,04a60441o0955o
60441.430727,-20.952,8.125,-15,123,o,0,1.3,322.90582,-36.39568,670.14,8135.58,2.64,2.21,-74.4,-0.358,16.9,17.77,04a60441o0978o
60442.361414,18.676,0.125,123,15,o,0,1.01,322.90582,-36.39568,2058.13,5813.47,2.23,2.04,-79.1,-0.397,19.15,20.36,04a60442o0888o
60442.363247,-19.224,0.173,-74,13,o,0,1.12,322.90582,-36.39568,2040.09,5774.95,2.32,2.05,-86.7,-0.381,19.2,20.37,04a60442o0892o
60442.369695,19.162,0.174,78,14,o,0,1.28,322.90582,-36.39568,2102.95,5853.41,2.32,2.08,89.0,-0.391,19.14,20.32,04a60442o0906o
60442.37847,18.712,0.124,119,15,o,0,1.34,322.90582,-36.39568,2126.13,5738.14,2.47,2.19,89.1,-0.38,19.07,20.34,04a60442o0923o
60443.094738,18.129,0.065,204,13,c,0,1.32,322.90582,-36.39568,1965.66,5715.35,2.79,2.56,-46.9,-0.39,19.34,21.13,03a60443o0853c
60443.104547,19.513,0.199,57,11,c,0,1.22,322.90582,-36.39568,1949.42,5673.54,2.92,2.73,-47.6,-0.386,19.3,21.12,03a60443o0873c
60443.108924,20.526,0.5,22,11,c,0,1.35,322.90582,-36.39568,2006.92,5750.58,2.76,2.55,-39.9,-0.391,19.37,21.09,03a60443o0880c
60443.12117,19.359,0.161,66,11,c,0,1.71,322.90582,-36.39568,2027.73,5634.18,2.89,2.75,-40.4,-0.386,19.33,21.11,03a60443o0906c
60444.088486,19.394,0.154,63,10,c,0,1.56,322.90582,-36.39568,4905.98,2330.85,2.45,2.25,-54.1,-0.399,19.43,21.04,03a60444o0839c
60444.091668,18.145,0.062,200,12,c,0,1.04,322.90582,-36.39568,4888.73,2291.56,2.38,2.21,-53.3,-0.404,19.49,21.05,03a60444o0846c
60444.097126,19.037,0.13,88,12,c,0,1.09,322.90582,-36.39568,4944.28,2369.38,2.38,2.21,-48.8,-0.4,19.5,21.03,03a60444o0858c
60444.108627,19.687,0.232,48,11,c,0,1.02,322.90582,-36.39568,4970.92,2252.09,2.36,2.19,-51.2,-0.402,19.51,21.06,03a60444o0881c
60448.066667,20.847,0.857,17,14,c,0,1.26,322.90582,-36.39568,5839.6,396.15,2.43,2.36,4.8,-0.404,19.14,20.81,03a60448o0778c
60448.069602,20.213,0.486,30,14,c,0,0.93,322.90582,-36.39568,5822.79,358.04,2.37,2.3,-21.9,-0.4,19.39,21.05,03a60448o0784c
60448.075159,19.921,0.274,39,11,c,0,0.86,322.90582,-36.39568,5876.31,440.6,2.31,2.16,-46.1,-0.396,19.57,21.25,03a60448o0796c
60448.085095,21.663,2.094,8,16,c,0,1.26,322.90582,-36.39568,5898.62,323.52,2.32,2.17,-39.3,-0.388,18.89,20.53,03a60448o0817c
60448.30492,17.352,0.064,416,27,o,0,0.91,322.90582,-36.39568,1727.9,10496.93,2.71,1.97,-73.9,-0.419,19.15,20.43,04a60448o0780o
60449.348689,19.127,0.133,81,11,o,0,1.6,322.90582,-36.39568,5807.47,396.38,2.26,2.24,-29.0,-0.448,19.26,20.66,04a60449o0842o
60449.350499,19.526,0.254,56,14,o,0,0.89,322.90582,-36.39568,5788.78,357.56,2.4,2.31,7.5,-0.437,19.23,20.67,04a60449o0846o
60449.353776,20.179,0.481,31,15,o,0,1.42,322.90582,-36.39568,5846.71,436.19,2.99,2.88,22.2,-0.381,19.02,20.7,04a60449o0853o
60449.356504,17.47,0.056,373,21,o,0,1.45,322.90582,-36.39568,1742.28,10501.58,3.18,2.25,-70.7,-0.36,19.14,20.75,04a60449o0859o
60449.359224,16.918,0.025,620,16,o,0,1.82,322.90582,-36.39568,5868.02,319.41,2.63,2.51,43.8,-0.388,19.16,20.68,04a60449o0865o
60451.073933,19.655,0.448,50,22,o,0,0.74,322.90582,-36.39568,4008.18,6168.48,2.23,2.05,-50.7,-0.406,18.89,19.48,03a60451o0812o
60451.075782,18.562,0.151,136,21,o,0,0.95,322.90582,-36.39568,3988.26,6128.92,2.36,2.11,-53.5,-0.391,18.83,19.46,03a60451o0816o
60451.079082,17.537,0.059,351,21,o,0,1.56,322.90582,-36.39568,4045.02,6207.74,2.3,2.06,-50.6,-0.398,18.86,19.47,03a60451o0823o
60451.084254,19.112,0.203,82,17,o,0,2.25,322.90582,-36.39568,4069.14,6091.34,2.37,2.12,-52.2,-0.393,18.84,19.48,03a60451o0834o
60452.031964,18.942,0.254,96,24,o,0,1.15,322.90582,-36.39568,919.28,1892.35,2.32,2.09,-66.3,-0.407,18.6,18.95,03a60452o0730o
60452.033785,19.37,0.425,65,28,o,0,1.1,322.90582,-36.39568,901.6,1851.48,2.36,2.09,-68.8,-0.403,18.58,18.96,03a60452o0734o
60452.036571,19.57,0.486,54,26,o,0,1.02,322.90582,-36.39568,959.76,1932.78,2.45,2.16,-67.0,-0.397,18.56,18.95,03a60452o0740o
60452.041676,19.053,0.282,87,24,o,0,1.25,322.90582,-36.39568,981.07,1815.01,2.38,2.16,-66.1,-0.403,18.56,18.98,03a60452o0751o
60456.022049,18.54,0.228,139,32,o,0,0.75,322.90582,-36.39568,6803.13,2262.98,2.46,2.16,-45.8,-0.426,18.43,18.81,03a60456o0713o
60456.024942,20.312,0.983,27,27,o,0,0.98,322.90582,-36.39568,6783.37,2224.98,2.42,2.24,-41.5,-0.443,18.47,18.82,03a60456o0719o
60456.027731,18.746,0.249,115,29,o,0,0.94,322.90582,-36.39568,6840.32,2303.32,2.23,2.05,-42.6,-0.46,18.55,18.84,03a60456o0725o
60456.035462,17.593,0.091,333,30,o,0,0.9,322.90582,-36.39568,6863.47,2185.96,2.36,2.18,-42.3,-0.437,18.52,18.86,03a60456o0741o
60460.070094,19.774,0.68,45,30,o,0,1.04,322.90582,-36.39568,2504.74,8532.53,3.07,2.64,-27.7,-0.362,18.55,19.51,03a60460o0818o
60460.07206,20.741,1.438,18,26,o,0,1.3,322.90582,-36.39568,2487.08,8492.72,2.89,2.45,-48.8,-0.358,18.62,19.24,03a60460o0822o
60460.074833,20.142,0.823,32,26,o,0,0.77,322.90582,-36.39568,2544.65,8572.28,2.7,2.34,-42.8,-0.363,18.66,19.23,03a60460o0828o
60460.080265,21.062,1.897,14,26,o,0,0.87,322.90582,-36.39568,2567.45,8454.49,2.56,2.25,-52.7,-0.368,18.69,19.22,03a60460o0839o
60462.309546,19.336,0.26,67,17,o,0,0.99,322.90582,-36.39568,7839.08,4056.39,2.52,2.36,-39.0,-0.421,19.0,20.31,04a60462o0781o
60462.31181,19.538,0.3,56,17,o,0,1.54,322.90582,-36.39568,7820.49,4018.76,2.43,2.26,-29.2,-0.444,18.99,20.37,04a60462o0786o
60462.315054,21.508,5.0,9,45,o,0,1.4,322.90582,-36.39568,7881.72,4095.16,2.51,2.38,-26.4,-0.429,17.89,18.83,04a60462o0793o
60462.320473,18.302,0.22,174,38,o,0,1.16,322.90582,-36.39568,7902.64,3979.47,2.48,2.38,-32.1,-0.444,18.14,19.13,04a60462o0805o
60466.560857,19.519,0.276,56,16,c,0,0.91,322.90582,-36.39568,7741.15,8638.78,2.84,2.72,-85.2,-0.399,19.29,20.97,02a60466o0669c
60466.564024,20.096,0.427,33,14,c,0,1.04,322.90582,-36.39568,7759.28,8677.17,2.77,2.67,-85.0,-0.402,19.32,21.0,02a60466o0676c
60466.569827,18.019,0.069,225,16,c,0,0.93,322.90582,-36.39568,7699.06,8597.68,2.7,2.61,86.1,-0.402,19.37,21.01,02a60466o0687c
60466.586374,19.817,0.352,43,15,c,0,0.92,322.90582,-36.39568,7679.97,8712.97,2.74,2.63,-87.8,-0.403,19.33,21.04,02a60466o0722c
60469.298866,19.216,0.273,75,20,c,0,1.28,322.90582,-36.39568,3693.36,10494.99,3.2,1.86,-75.1,-0.385,18.87,20.81,04a60469o0763c
60469.299317,19.059,0.138,86,12,c,0,1.3,322.90582,-36.39568,7685.59,266.64,2.66,2.39,-24.3,-0.367,19.46,21.38,04a60469o0764c
60469.301132,19.126,0.215,81,18,c,0,1.24,322.90582,-36.39568,3673.19,10456.09,3.12,1.83,-74.9,-0.381,19.14,21.09,04a60469o0768c
60469.302579,18.697,0.145,121,17,c,0,1.1,322.90582,-36.39568,7668.55,228.11,2.69,2.67,-13.1,-0.362,18.7,20.66,04a60469o0771c
60469.307782,18.301,0.271,174,47,c,0,1.57,322.90582,-36.39568,7727.24,306.55,2.67,2.47,-16.5,-0.349,18.07,19.86,04a60469o0781c
60469.31236,20.89,3.0,16,48,c,0,0.84,322.90582,-36.39568,3758.23,10418.69,3.06,1.82,-72.1,-0.392,17.65,19.5,04a60469o0791c
60469.312811,21.036,3.706,14,52,c,0,1.15,322.90582,-36.39568,7749.77,188.45,2.61,2.43,-24.3,-0.355,17.83,19.62,04a60469o0792c
60474.987858,19.329,0.211,67,14,o,0,0.98,322.90582,-36.39568,9710.48,3990.8,2.21,2.06,-49.1,-0.426,19.33,20.55,03a60475o0567o
60474.990693,19.863,0.294,41,12,o,0,1.5,322.90582,-36.39568,9688.66,3959.13,2.42,2.0,-58.4,-0.386,19.28,20.59,03a60475o0573o
60475.025899,18.275,0.093,178,16,o,0,0.88,322.90582,-36.39568,9748.4,4032.5,2.39,1.93,-56.8,-0.386,19.29,20.5,03a60475o0647o
60475.031139,19.694,0.259,48,12,o,0,1.1,322.90582,-36.39568,9772.32,3919.11,2.27,1.89,-56.1,-0.398,19.35,20.45,03a60475o0658o
60475.191121,19.737,0.695,46,32,o,0,1.19,322.90582,-36.39568,809.82,6622.96,2.93,2.53,-52.9,-0.381,18.49,19.05,03a60475o0912o
60476.034903,19.226,0.173,74,13,o,0,1.41,322.90582,-36.39568,8440.15,8353.24,2.39,2.0,-43.7,-0.416,19.37,20.53,03a60476o0638o
60476.036711,19.065,0.12,86,10,o,0,3.24,322.90582,-36.39568,8422.71,8314.89,2.36,1.98,-46.4,-0.418,19.39,20.52,03a60476o0642o
60476.039444,19.065,0.153,86,13,o,0,1.29,322.90582,-36.39568,8479.16,8393.15,2.39,1.99,-46.1,-0.416,19.32,20.52,03a60476o0648o
60476.046292,19.675,0.259,49,13,o,0,1.2,322.90582,-36.39568,8501.02,8277.12,2.36,1.96,-45.5,-0.422,19.37,20.58,03a60476o0663o
60478.317974,18.921,0.1,98,10,c,0,1.51,322.90582,-36.39568,8754.03,2097.26,2.81,2.37,-24.1,-0.348,19.63,21.56,04a60478o0337c
60478.320321,19.33,0.176,67,12,c,0,0.71,322.90582,-36.39568,8737.09,2059.29,2.76,2.32,-24.0,-0.353,19.66,21.58,04a60478o0342c
60478.323493,19.055,0.133,87,12,c,0,0.98,322.90582,-36.39568,8795.88,2136.31,2.8,2.4,-22.5,-0.337,19.62,21.67,04a60478o0349c
60478.345442,21.25,0.866,12,10,c,0,1.48,322.90582,-36.39568,8837.77,2019.0,2.84,2.41,-19.7,-0.341,19.63,21.56,04a60478o0396c
60481.257182,19.503,0.46,57,26,o,0,1.05,322.90582,-36.39568,5701.98,10389.83,2.74,2.16,-71.6,-0.422,18.61,19.29,04a60481o0346o
60481.259988,19.369,0.352,65,23,o,0,1.31,322.90582,-36.39568,5683.1,10351.09,2.26,1.94,-56.5,-0.426,18.65,19.36,04a60481o0352o
60481.262794,17.547,0.074,348,26,o,0,1.12,322.90582,-36.39568,5745.28,10429.42,2.12,1.86,-59.2,-0.433,18.68,19.35,04a60481o0358o
60481.265516,17.152,0.066,500,33,o,0,1.4,322.90582,-36.39568,9584.44,101.06,2.82,2.6,-36.2,-0.354,18.69,19.39,04a60481o0364o
60481.267808,18.502,0.266,144,38,o,0,1.16,322.90582,-36.39568,9563.95,62.86,2.75,2.56,-43.6,-0.33,18.67,19.39,04a60481o0369o
60481.268259,18.286,0.145,176,26,o,0,1.16,322.90582,-36.39568,5765.37,10312.63,2.21,1.9,-55.3,-0.43,18.68,19.34,04a60481o0370o
60481.27053,20.221,0.894,30,26,o,0,1.37,322.90582,-36.39568,9624.35,139.46,2.76,2.63,-46.7,-0.331,18.63,19.35,04a60481o0375o
60482.009542,20.741,2.156,18,40,o,0,1.14,322.90582,-36.39568,7494.2,10297.23,3.12,2.41,-35.3,-0.381,18.4,18.79,03a60482o0696o
60482.011376,18.451,0.263,151,40,o,0,1.09,322.90582,-36.39568,7475.72,10257.96,3.16,2.49,-34.6,-0.372,18.36,18.8,03a60482o0700o
60482.014142,20.436,1.564,24,38,o,0,1.05,322.90582,-36.39568,7536.46,10336.68,3.24,2.56,-34.4,-0.363,18.33,18.81,03a60482o0706o
60482.019653,17.626,0.112,323,36,o,0,0.87,322.90582,-36.39568,7556.54,10218.68,2.86,2.26,-35.0,-0.38,18.48,18.81,03a60482o0718o
60488.090882,19.157,0.268,79,21,o,0,0.82,322.90582,-36.39568,7705.4,8741.58,2.4,1.98,-44.5,-0.417,18.93,19.42,03a60488o0818o
60488.094269,20.285,0.926,28,26,o,0,1.02,322.90582,-36.39568,7722.51,8781.49,3.02,2.9,10.0,-0.375,18.58,19.41,03a60488o0825o
60488.099384,19.217,0.295,75,22,o,0,1.23,322.90582,-36.39568,7668.85,8702.2,3.01,2.4,-14.8,-0.374,18.69,19.41,03a60488o0836o
60488.134791,20.515,1.107,23,25,o,0,1.1,322.90582,-36.39568,7640.14,8823.67,2.91,2.16,-39.9,-0.404,18.77,19.34,03a60488o0910o
60489.264592,-15.57,1.071,-2148,2300,o,0,1.59,322.90582,-36.39568,2830.93,1905.66,2.03,1.96,-32.8,-0.446,13.49,13.53,04a60489o0674o
60492.097151,17.251,0.033,457,15,o,0,1.55,322.90582,-36.39568,8594.67,4914.54,2.55,2.18,-54.2,-0.4,19.24,20.65,03a60492o0394o
60492.100092,19.545,0.248,55,14,o,0,0.78,322.90582,-36.39568,8611.76,4954.71,2.39,2.14,-53.4,-0.414,19.3,20.65,03a60492o0400o
60492.105453,19.595,0.246,53,13,o,0,0.83,322.90582,-36.39568,8554.5,4876.09,2.59,2.27,-53.5,-0.4,19.26,20.67,03a60492o0411o
60492.115448,19.41,0.202,62,13,o,0,1.06,322.90582,-36.39568,8533.05,4993.23,2.3,2.07,-47.7,-0.428,19.35,20.65,03a60492o0431o
60493.252139,19.17,0.138,78,11,o,0,1.25,322.90582,-36.39568,2070.6,5808.97,2.13,1.88,-82.5,-0.414,19.45,20.89,04a60493o0655o
60493.253942,19.007,0.119,91,11,o,0,1.25,322.90582,-36.39568,2053.34,5770.0,2.07,1.85,-84.4,-0.418,19.52,20.91,04a60493o0659o
60493.256675,18.816,0.096,108,10,o,0,1.79,322.90582,-36.39568,2114.28,5848.46,2.04,1.85,-87.3,-0.432,19.49,20.93,04a60493o0665o
60493.261803,17.881,0.051,256,13,o,0,1.6,322.90582,-36.39568,2137.33,5732.66,2.09,1.86,-88.2,-0.419,19.47,20.9,04a60493o0676o
60494.238409,18.874,0.116,102,12,o,0,1.05,322.90582,-36.39568,4929.99,2348.05,2.17,2.08,-38.5,-0.457,19.41,20.92,04a60494o0640o
60494.242002,19.214,0.169,75,13,o,0,0.83,322.90582,-36.39568,4913.63,2310.08,2.07,2.03,-12.0,-0.477,19.4,20.94,04a60494o0647o
60494.246095,19.269,0.211,71,15,o,0,0.76,322.90582,-36.39568,4973.63,2388.12,1.97,1.94,-44.0,-0.48,19.28,20.74,04a60494o0656o
60494.251649,18.693,0.129,121,16,o,0,1.67,322.90582,-36.39568,4997.68,2272.02,2.19,2.12,4.9,-0.456,18.91,20.29,04a60494o0668o
60497.229433,18.884,0.137,102,14,o,0,1.67,322.90582,-36.39568,4022.34,4283.51,1.89,1.81,-68.2,-0.458,19.19,20.64,04a60497o0613o
60497.232264,19.075,0.187,85,16,o,0,0.87,322.90582,-36.39568,4003.39,4244.53,2.02,1.9,-64.6,-0.451,19.05,20.45,04a60497o0619o
60497.262333,19.371,0.352,65,23,o,0,1.25,322.90582,-36.39568,4085.5,4325.12,2.63,2.52,75.6,-0.381,18.35,20.1,04a60497o0680o
60497.26546,20.12,0.463,32,15,o,0,1.2,322.90582,-36.39568,4106.04,4208.93,2.15,2.07,86.6,-0.421,18.8,20.37,04a60497o0686o
60497.952346,18.675,0.382,123,47,c,0,0.79,322.90582,-36.39568,1459.77,10456.68,3.63,3.15,-27.5,-0.342,18.1,20.13,03a60498o0572c
60497.959689,19.521,0.392,56,22,c,0,0.99,322.90582,-36.39568,1439.03,10415.18,3.71,3.18,-22.3,-0.366,18.84,20.91,03a60498o0588c
60497.962845,20.274,0.699,28,20,c,0,1.08,322.90582,-36.39568,1498.42,10495.27,3.44,3.03,-22.7,-0.389,18.94,21.03,03a60498o0595c
60497.985921,18.937,0.222,97,22,c,0,1.27,322.90582,-36.39568,1523.31,10370.63,3.23,2.8,-34.8,-0.37,18.91,20.84,03a60498o0645c
60498.17573,19.64,0.253,51,13,o,0,1.45,322.90582,-36.39568,5796.95,385.76,2.31,2.09,76.9,-0.405,19.34,20.8,04a60498o0506o
60498.178966,17.603,0.039,330,13,o,0,2.17,322.90582,-36.39568,5775.7,349.24,2.09,2.01,-13.1,-0.426,19.47,20.87,04a60498o0513o
60498.21441,19.388,0.151,64,10,o,0,1.33,322.90582,-36.39568,5846.71,432.48,2.02,2.0,-46.5,-0.457,19.51,21.02,04a60498o0587o
60498.22965,18.286,0.079,176,14,o,0,0.96,322.90582,-36.39568,5873.28,316.18,2.08,1.97,-41.8,-0.455,19.5,21.22,04a60498o0619o
60498.600326,22.239,2.733,5,13,o,0,1.36,322.90582,-36.39568,9024.12,39.81,2.74,2.55,-7.6,-0.43,19.14,20.47,01a60498o0740o
60505.168745,19.517,0.267,57,15,o,0,1.28,322.90582,-36.39568,9950.14,5827.2,2.42,2.31,-38.0,-0.445,19.24,20.57,04a60505o0480o
60505.20194,19.297,0.173,69,12,o,0,1.53,322.90582,-36.39568,9938.99,5795.17,2.47,2.27,-26.9,-0.433,19.42,20.87,04a60505o0548o
60505.204642,18.434,0.084,154,13,o,0,1.75,322.90582,-36.39568,106.09,5861.08,2.4,2.06,74.5,-0.373,19.46,20.92,04a60505o0554o
60505.205093,18.56,0.106,137,14,o,0,1.37,322.90582,-36.39568,10000.0,5871.65,2.47,2.07,-14.5,-0.421,19.46,20.91,04a60505o0555o
60505.207346,-17.437,0.025,-385,10,o,0,46.47,322.90582,-36.39568,88.93,5821.88,2.36,2.03,74.3,-0.375,19.49,20.93,04a60505o0560o
60505.212913,18.568,0.071,136,10,o,0,2.15,322.90582,-36.39568,152.84,5901.53,2.25,1.99,69.2,-0.389,19.54,21.07,04a60505o0571o
60505.233125,17.77,0.044,283,12,o,0,1.63,322.90582,-36.39568,10038.52,5759.48,2.57,2.03,-8.1,-0.445,19.54,21.15,04a60505o0611o
60505.235435,-19.141,0.103,-80,8,o,0,1.56,322.90582,-36.39568,189.36,5786.59,2.3,1.97,68.1,-0.377,19.59,21.12,04a60505o0615o
60506.211234,19.603,0.214,52,11,o,0,1.16,322.90582,-36.39568,6830.39,2234.7,2.2,1.97,-19.2,-0.432,19.36,20.61,04a60506o0549o
60506.214973,20.385,0.401,26,10,o,0,1.66,322.90582,-36.39568,6810.67,2196.94,2.14,1.97,-37.7,-0.433,19.39,20.74,04a60506o0557o
60506.220392,19.392,0.217,64,14,o,0,0.81,322.90582,-36.39568,6873.18,2274.08,2.21,2.02,-24.6,-0.427,19.43,20.81,04a60506o0569o
60506.230304,-19.279,0.175,-70,12,o,0,1.16,322.90582,-36.39568,6898.94,2158.22,2.17,2.01,-25.4,-0.434,19.44,20.85,04a60506o0591o
60509.178179,18.542,0.123,139,17,o,0,2.19,322.90582,-36.39568,6627.61,8427.71,2.08,1.81,-36.2,-0.417,18.93,19.66,04a60509o0494o
60509.1809,19.239,0.315,73,23,o,0,1.06,322.90582,-36.39568,6610.5,8389.63,1.98,1.79,-36.7,-0.439,18.97,19.66,04a60509o0500o
60509.198922,20.004,0.534,36,19,o,0,1.08,322.90582,-36.39568,6678.42,8469.73,2.04,1.8,-22.5,-0.442,18.98,19.66,04a60509o0536o
60509.203797,20.289,0.734,28,20,o,0,1.02,322.90582,-36.39568,6700.15,8353.2,1.94,1.77,-34.6,-0.431,19.0,19.65,04a60509o0546o
60516.143576,19.318,0.33,68,22,o,0,1.26,322.90582,-36.39568,8718.74,6847.63,2.56,2.05,-45.0,-0.387,18.66,19.3,03a60516o0672o
60516.146805,19.535,0.483,56,27,o,0,0.99,322.90582,-36.39568,8737.87,6885.81,2.65,2.13,-46.6,-0.374,18.49,19.11,03a60516o0679o
60516.155946,18.882,0.202,102,20,o,0,1.41,322.90582,-36.39568,8682.79,6806.37,2.51,2.03,-45.6,-0.389,18.6,19.2,03a60516o0699o
60516.174122,19.271,0.342,71,24,o,0,1.5,322.90582,-36.39568,8662.24,6921.5,2.49,2.05,-44.8,-0.386,18.49,19.0,03a60516o0738o
60517.24354,20.129,0.498,32,16,o,0,0.96,322.90582,-36.39568,8907.07,6789.12,2.27,1.92,-16.4,-0.422,19.15,20.11,04a60517o0607o
60517.246743,20.53,0.752,22,17,o,0,1.16,322.90582,-36.39568,8926.4,6825.77,2.26,2.02,-23.7,-0.427,19.1,20.11,04a60517o0614o
60517.253762,19.884,0.429,40,17,o,0,1.03,322.90582,-36.39568,8870.65,6739.03,2.28,1.91,-16.5,-0.433,19.12,20.09,04a60517o0629o
60517.288056,19.405,0.319,63,20,o,0,1.11,322.90582,-36.39568,8851.49,6825.91,2.23,1.98,-27.1,-0.45,19.12,20.01,04a60517o0700o
60518.194797,18.767,0.114,113,13,o,0,1.65,322.90582,-36.39568,7712.3,263.95,2.39,2.19,-37.7,-0.402,19.27,20.52,04a60518o0519o
60518.197969,19.724,0.256,47,12,o,0,1.6,322.90582,-36.39568,7696.04,225.24,2.34,2.15,-45.2,-0.417,19.28,20.5,04a60518o0526o
60518.200774,19.511,0.246,57,14,o,0,0.9,322.90582,-36.39568,7754.83,302.72,2.32,2.13,-38.3,-0.422,19.34,20.53,04a60518o0532o
60518.206234,19.767,0.286,45,13,o,0,1.16,322.90582,-36.39568,7777.53,185.06,2.51,2.24,-35.0,-0.388,19.25,20.51,04a60518o0544o
60521.195371,-19.937,0.819,-38,32,c,0,1.47,322.90582,-36.39568,6087.29,6115.04,2.36,2.03,-68.4,-0.395,18.36,20.28,04a60521o0523c
60521.197174,23.779,19.0,1,21,c,0,1.03,322.90582,-36.39568,6067.64,6076.83,2.28,2.04,-63.0,-0.4,18.34,20.19,04a60521o0527c
60521.232702,19.771,0.496,45,22,c,0,0.8,322.90582,-36.39568,4660.3,4501.82,2.22,2.07,-50.1,-0.39,18.53,20.46,04a60521o0601c
60521.24058,18.792,0.795,110,88,c,0,0.9,322.90582,-36.39568,4641.04,4610.89,2.26,2.05,-66.8,-0.381,17.41,19.29,04a60521o0618c
60522.944153,17.5,0.032,363,12,o,0,2.42,322.90582,-36.39568,7932.85,6041.54,2.48,2.21,-44.8,-0.406,19.38,20.91,03a60523o0534o
60522.94596,18.795,0.107,110,12,o,0,1.17,322.90582,-36.39568,7912.85,6003.27,2.42,2.07,-45.8,-0.411,19.45,20.94,03a60523o0538o
60522.94919,19.823,0.278,43,12,o,0,0.86,322.90582,-36.39568,7970.91,6080.41,2.47,2.2,-46.5,-0.416,19.43,20.9,03a60523o0544o
60522.954651,19.807,0.309,43,13,o,0,1.1,322.90582,-36.39568,7995.88,5965.03,2.53,2.35,-35.9,-0.427,19.28,20.81,03a60523o0556o
60523.947845,19.724,0.257,47,12,o,0,1.14,322.90582,-36.39568,9758.52,4004.8,2.35,1.98,-57.9,-0.407,19.52,21.02,03a60524o0536o
60523.972898,19.753,0.257,46,12,o,0,0.89,322.90582,-36.39568,9745.11,3970.83,2.3,2.04,-48.5,-0.41,19.53,21.08,03a60524o0589o
60524.001489,19.392,0.159,64,10,o,0,1.42,322.90582,-36.39568,768.62,6533.07,2.49,2.11,-65.1,-0.416,19.55,21.11,03a60524o0648o
60524.004669,19.074,0.113,85,10,o,0,1.46,322.90582,-36.39568,746.39,6650.22,2.34,2.0,-62.9,-0.427,19.59,21.1,03a60524o0655o
60525.276882,20.495,0.459,23,11,c,0,0.94,322.90582,-36.39568,979.71,6689.35,2.64,2.28,79.9,-0.355,19.49,21.46,04a60525o0115c
60525.280102,20.457,0.397,24,10,c,0,1.53,322.90582,-36.39568,998.13,6724.47,2.69,2.36,81.4,-0.35,19.47,21.43,04a60525o0122c
60525.285323,20.713,0.585,19,11,c,0,1.35,322.90582,-36.39568,941.33,6645.15,2.97,2.65,80.4,-0.342,19.4,21.45,04a60525o0133c
60525.300138,20.316,0.39,27,11,c,0,1.02,322.90582,-36.39568,920.76,6753.66,2.8,2.45,74.2,-0.349,19.44,21.45,04a60525o0163c
60525.990168,19.1,0.182,83,15,o,0,1.39,322.90582,-36.39568,2092.57,2212.57,3.0,2.63,2.8,-0.381,18.98,20.53,03a60526o0632o
60525.9934,20.067,0.481,34,16,o,0,0.94,322.90582,-36.39568,2110.33,2252.3,2.73,2.52,-10.4,-0.379,19.02,20.49,03a60526o0639o
60526.025337,19.961,0.446,38,17,o,0,1.1,322.90582,-36.39568,2054.07,2177.09,2.69,2.51,-53.1,-0.383,18.93,20.39,03a60526o0707o
60526.031301,19.432,0.254,61,16,o,0,1.23,322.90582,-36.39568,2032.45,2293.48,2.7,2.41,-66.0,-0.384,19.1,20.5,03a60526o0720o
60528.00112,19.757,0.282,45,13,o,0,1.1,322.90582,-36.39568,1801.32,8407.28,2.68,2.29,-45.0,-0.388,19.41,20.93,03a60528o0609o
60528.004288,19.787,0.3,44,13,o,0,1.17,322.90582,-36.39568,1819.47,8446.51,2.74,2.38,-48.2,-0.39,19.33,20.91,03a60528o0616o
60528.010013,21.743,1.857,7,14,o,0,1.13,322.90582,-36.39568,1765.75,8369.29,2.64,2.28,-48.4,-0.395,19.39,20.88,03a60528o0628o
60528.043377,18.998,0.14,91,13,o,0,1.14,322.90582,-36.39568,1740.66,8491.45,2.81,2.46,-42.8,-0.384,19.29,20.75,03a60528o0698o
60530.010218,19.399,0.194,63,12,o,0,1.33,322.90582,-36.39568,5055.66,211.15,2.21,2.03,-41.4,-0.425,19.49,20.93,03a60530o0670o
60530.03742,20.359,0.46,26,12,o,0,1.04,322.90582,-36.39568,5074.95,254.86,2.21,2.01,-48.0,-0.403,19.47,20.88,03a60530o0728o
60530.065938,19.528,0.237,56,13,o,0,0.82,322.90582,-36.39568,5015.89,179.39,2.28,2.07,-51.4,-0.398,19.41,20.9,03a60530o0789o
60530.090902,19.42,0.195,62,12,o,0,1.01,322.90582,-36.39568,4994.43,300.44,2.32,2.13,-47.3,-0.39,19.38,20.83,03a60530o0842o
60533.221198,19.625,0.187,51,10,c,0,1.4,322.90582,-36.39568,3068.67,359.88,2.64,2.08,44.7,-0.406,19.62,21.68,04a60533o0541c
60533.227816,19.235,0.142,73,10,c,0,1.13,322.90582,-36.39568,3087.94,391.46,2.61,2.03,41.5,-0.399,19.65,21.7,04a60533o0555c
60533.231171,19.964,3.211,38,120,c,0,0.03,322.90582,-36.39568,8795.64,10520.58,3.01,2.51,-70.1,-0.368,19.58,21.61,04a60533o0562c
60533.232261,19.513,0.168,57,10,c,0,1.47,322.90582,-36.39568,3026.53,309.72,2.9,2.35,44.2,-0.382,19.56,21.72,04a60533o0564c
60533.267448,20.419,0.393,25,10,c,0,1.19,322.90582,-36.39568,3007.0,399.38,2.6,2.05,46.9,-0.396,19.66,21.71,04a60533o0634c
60534.146029,19.665,0.238,49,12,o,0,0.95,322.90582,-36.39568,5941.75,4181.81,1.98,1.83,-19.1,-0.497,19.4,20.86,04a60534o0411o
60534.14922,19.09,0.171,84,14,o,0,0.85,322.90582,-36.39568,5925.82,4143.5,2.06,1.83,-21.5,-0.479,19.38,20.86,04a60534o0418o
60534.153761,-19.092,0.133,-84,11,o,0,1.35,322.90582,-36.39568,5986.38,4220.59,2.21,1.95,-23.9,-0.471,19.35,20.83,04a60534o0428o
60534.17352,18.778,0.127,112,14,o,0,0.78,322.90582,-36.39568,6023.41,4104.52,2.08,1.81,-30.4,-0.466,19.44,20.74,04a60534o0470o
60534.902946,22.343,16.778,4,70,o,0,1.34,322.90582,-36.39568,5913.94,4191.82,2.27,2.04,-51.6,-0.44,17.46,18.06,03a60535o0440o
60534.905309,19.934,0.819,39,32,o,0,1.39,322.90582,-36.39568,5896.75,4153.65,2.42,2.05,-46.9,-0.421,18.15,19.07,03a60535o0444o
60534.910395,18.951,0.257,95,24,o,0,1.16,322.90582,-36.39568,5949.75,4232.28,2.35,2.06,-48.1,-0.422,18.62,19.77,03a60535o0455o
60534.938256,22.109,4.56,5,24,o,0,0.95,322.90582,-36.39568,5979.19,4116.07,2.33,1.99,-55.4,-0.422,18.59,19.63,03a60535o0515o
60537.14601,19.467,0.309,59,18,o,0,1.15,322.90582,-36.39568,4682.97,8543.04,2.24,1.84,-71.7,-0.428,19.01,19.86,04a60537o0390o
60537.147836,20.271,0.619,28,18,o,0,1.18,322.90582,-36.39568,4666.01,8504.91,2.06,1.81,-69.3,-0.404,19.02,19.86,04a60537o0394o
60537.151029,19.525,0.364,56,20,o,0,0.97,322.90582,-36.39568,4727.97,8583.0,2.49,1.99,-75.3,-0.439,18.94,19.9,04a60537o0401o
60537.157104,19.708,0.351,48,17,o,0,1.44,322.90582,-36.39568,4750.7,8466.26,2.27,1.92,-68.2,-0.418,18.98,19.87,04a60537o0414o
60538.852602,19.761,0.902,45,41,o,0,0.98,322.90582,-36.39568,2877.05,1883.17,2.68,2.52,-45.4,-0.366,18.12,18.54,03a60539o0333o
60538.85451,19.139,0.378,80,30,o,0,1.22,322.90582,-36.39568,2856.64,1843.21,2.54,2.21,-65.1,-0.378,18.23,18.54,03a60539o0337o
60538.857238,19.798,0.678,44,30,o,0,1.05,322.90582,-36.39568,2911.8,1923.96,2.47,2.17,-58.9,-0.387,18.32,18.54,03a60539o0343o
60538.864903,17.824,0.114,269,31,o,0,1.19,322.90582,-36.39568,2934.77,1810.3,2.34,2.12,-57.8,-0.417,18.33,18.56,03a60539o0360o
60543.411914,19.962,0.919,38,34,o,0,0.73,322.90582,-36.39568,6639.88,4385.7,2.44,2.43,75.8,-0.386,18.47,18.6,01a60543o0201o
60543.431775,18.747,0.216,115,25,o,0,1.5,322.90582,-36.39568,6634.84,4417.84,2.54,2.4,19.2,-0.386,18.46,18.58,01a60543o0240o
60543.434716,19.041,0.327,88,29,o,0,1.25,322.90582,-36.39568,6571.98,4340.24,2.66,2.56,30.0,-0.372,18.39,18.58,01a60543o0246o
60543.452103,22.754,10.579,3,30,o,0,1.35,322.90582,-36.39568,6534.0,4451.29,2.73,2.58,18.6,-0.38,18.36,18.5,01a60543o0280o
60545.312993,19.755,0.457,46,21,o,0,0.96,322.90582,-36.39568,5797.64,8220.67,2.46,2.02,-76.7,-0.418,18.77,19.63,04a60545o0308o
60545.316327,21.196,1.862,12,22,o,0,1.14,322.90582,-36.39568,5819.74,8262.17,2.17,1.96,-36.2,-0.4,18.78,19.56,04a60545o0315o
60545.326501,19.46,0.475,60,28,o,0,1.02,322.90582,-36.39568,5758.55,8185.0,2.22,2.03,-51.3,-0.391,18.74,19.53,04a60545o0334o
60545.341065,-20.323,0.809,-27,22,o,0,1.72,322.90582,-36.39568,5729.89,8302.94,2.65,2.2,-74.5,-0.404,18.49,19.34,04a60545o0360o
60545.341966,21.665,3.261,8,26,o,0,1.18,322.90582,-36.39568,5730.52,8303.95,2.58,2.13,-70.6,-0.422,18.58,19.49,04a60545o0362o
60547.11548,19.241,0.172,73,12,o,0,1.01,322.90582,-36.39568,4139.17,6216.9,2.21,1.96,-72.7,-0.437,19.38,20.88,04a60547o0305o
60547.118634,19.136,0.137,80,11,o,0,1.33,322.90582,-36.39568,4123.16,6178.11,2.15,1.92,-59.6,-0.422,19.41,20.88,04a60547o0312o
60547.122238,17.476,0.033,371,12,o,0,2.22,322.90582,-36.39568,4185.22,6255.69,2.06,1.87,-65.2,-0.434,19.43,20.93,04a60547o0320o
60547.157412,19.193,0.136,76,10,o,0,1.41,322.90582,-36.39568,6582.13,4522.84,2.34,2.09,-29.7,-0.434,19.42,20.91,04a60547o0386o
60548.079535,20.631,0.669,20,14,o,0,1.13,322.90582,-36.39568,4120.64,6216.19,2.28,2.19,-52.7,-0.432,19.34,20.87,04a60548o0240o
60548.08833,-19.039,0.102,-88,9,o,0,1.86,322.90582,-36.39568,4108.03,6176.85,2.03,1.92,-68.9,-0.428,19.44,20.92,04a60548o0252o
60548.090161,-22.248,2.515,-5,12,o,0,1.13,322.90582,-36.39568,4167.35,6254.99,2.17,2.0,-15.1,-0.422,19.35,20.85,04a60548o0256o
60548.09614,19.374,0.217,65,14,o,0,1.14,322.90582,-36.39568,4189.22,6140.3,2.05,1.95,-38.4,-0.432,19.41,20.89,04a60548o0268o
60553.257733,19.073,0.132,85,11,o,0,1.15,322.90582,-36.39568,6633.14,4364.93,2.01,1.86,-34.2,-0.461,19.34,20.65,04a60553o0592o
60553.288671,-22.201,2.585,-5,12,o,0,1.11,322.90582,-36.39568,6640.68,4398.51,2.06,1.89,-39.2,-0.44,19.24,20.49,04a60553o0652o
60553.293445,21.858,1.825,7,12,o,0,1.69,322.90582,-36.39568,6578.5,4319.92,2.04,1.86,-34.3,-0.453,19.24,20.45,04a60553o0659o
60553.299484,-18.853,0.113,-104,12,o,0,1.27,322.90582,-36.39568,6557.26,4437.48,2.07,1.88,-29.2,-0.457,19.24,20.42,04a60553o0668o
60554.186994,19.187,0.148,77,11,o,0,1.28,322.90582,-36.39568,804.8,4765.53,2.15,1.95,78.2,-0.406,19.44,20.95,04a60554o0487o
60554.190357,19.442,0.192,61,12,o,0,1.01,322.90582,-36.39568,825.49,4800.75,2.2,2.03,70.0,-0.392,19.4,20.91,04a60554o0494o
60554.22521,20.377,0.526,26,14,o,0,0.6,322.90582,-36.39568,764.42,4700.74,2.21,1.99,66.6,-0.393,19.46,20.95,04a60554o0567o
60554.254148,19.656,0.233,50,12,o,0,1.07,322.90582,-36.39568,736.95,4804.55,2.14,1.94,66.6,-0.399,19.43,20.84,04a60554o0626o
60554.914609,20.185,0.315,31,10,c,0,1.11,322.90582,-36.39568,10510.76,4876.79,2.61,2.27,-51.7,-0.356,19.61,21.53,03a60555o0448c
60554.917761,20.533,0.429,22,10,c,0,1.53,322.90582,-36.39568,10528.66,4917.06,2.72,2.36,-55.9,-0.349,19.57,21.51,03a60555o0455c
60554.922878,20.939,0.712,15,11,c,0,1.14,322.90582,-36.39568,10470.58,4836.62,2.84,2.57,-57.4,-0.359,19.51,21.54,03a60555o0466c
60554.923902,20.57,0.537,22,12,c,0,0.99,322.90582,-36.39568,667.78,4622.62,2.68,2.5,-47.2,-0.384,19.51,21.57,03a60555o0468c
60554.927056,22.304,2.375,4,10,c,0,1.14,322.90582,-36.39568,689.57,4662.24,2.68,2.55,-39.4,-0.385,19.54,21.56,03a60555o0475c
60554.932943,20.094,0.329,33,11,c,0,1.16,322.90582,-36.39568,631.4,4585.09,2.79,2.63,-61.7,-0.385,19.48,21.56,03a60555o0488c
60554.933845,19.576,0.212,54,11,c,0,0.97,322.90582,-36.39568,10449.61,4953.73,2.88,2.55,-58.1,-0.354,19.5,21.52,03a60555o0490c
60554.967659,19.992,0.28,37,10,c,0,1.26,322.90582,-36.39568,606.4,4704.47,2.55,2.4,-52.7,-0.383,19.56,21.53,03a60555o0563c
60556.105045,18.972,0.384,94,36,c,0,1.12,322.90582,-36.39568,3724.68,8369.41,4.46,2.86,-3.2,-0.354,18.09,20.36,03a60556o0490c
60556.120154,20.582,1.474,21,31,c,0,0.78,322.90582,-36.39568,3670.07,8291.21,2.78,2.52,-29.5,-0.365,18.31,20.18,03a60556o0523c
60556.125689,-21.405,2.812,-10,28,c,0,1.39,322.90582,-36.39568,3649.84,8407.46,2.91,2.61,-19.6,-0.361,18.19,20.11,03a60556o0535c
60557.105891,-19.581,0.248,-53,13,o,0,0.73,322.90582,-36.39568,6855.83,2236.61,2.36,2.15,-29.5,-0.408,19.32,20.73,04a60557o0284o
60557.141923,22.593,3.52,3,12,o,0,1.53,322.90582,-36.39568,3946.71,8448.81,2.29,1.93,-48.5,-0.397,19.29,20.75,04a60557o0340o
60557.153901,19.446,0.203,60,12,o,0,1.68,322.90582,-36.39568,3890.06,8357.97,2.27,1.89,-68.1,-0.416,19.36,20.79,04a60557o0361o
60557.163872,-18.962,0.115,-94,11,o,0,1.08,322.90582,-36.39568,3871.93,8465.03,2.63,1.97,-69.2,-0.403,19.39,20.99,04a60557o0377o
60558.926825,19.78,0.224,44,10,c,0,1.32,322.90582,-36.39568,4064.2,2127.5,2.64,2.49,-60.2,-0.404,19.53,21.64,03a60559o0462c
60558.930049,20.535,0.399,22,9,c,0,1.65,322.90582,-36.39568,4082.79,2166.05,2.52,2.37,-47.7,-0.403,19.61,21.63,03a60559o0469c
60558.93565,19.539,0.183,56,10,c,0,0.9,322.90582,-36.39568,4028.63,2088.97,2.48,2.33,-50.8,-0.402,19.61,21.62,03a60559o0481c
60558.974234,19.907,0.257,40,10,c,0,1.38,322.90582,-36.39568,4009.21,2209.65,2.49,2.29,-54.5,-0.4,19.57,21.52,03a60559o0559c
60559.903693,19.674,0.193,49,9,c,0,1.28,322.90582,-36.39568,8015.24,2041.99,2.67,2.28,-54.7,-0.397,19.58,21.69,03a60560o0410c
60559.906585,19.736,0.199,46,9,c,0,1.85,322.90582,-36.39568,8033.73,2081.43,2.67,2.32,-49.9,-0.392,19.58,21.66,03a60560o0416c
60559.931551,19.267,0.141,71,10,c,0,1.42,322.90582,-36.39568,7976.96,2004.27,2.69,2.35,-54.1,-0.401,19.59,21.69,03a60560o0468c
60559.93793,20.435,0.345,24,8,c,0,1.41,322.90582,-36.39568,7956.61,2120.48,2.65,2.27,-54.4,-0.401,19.59,21.66,03a60560o0482c
60561.134486,-21.987,2.163,-6,13,o,0,0.97,322.90582,-36.39568,8101.38,2017.84,2.23,1.98,-31.4,-0.446,19.42,20.9,04a60561o0344o
60561.13767,20.658,0.674,20,13,o,0,0.79,322.90582,-36.39568,8120.69,2054.23,2.36,2.06,-24.4,-0.403,19.42,20.8,04a60561o0351o
60561.147449,-17.516,0.031,-358,11,o,0,61.15,322.90582,-36.39568,8061.18,1966.4,2.41,2.16,-28.3,-0.394,19.39,20.79,04a60561o0370o
60561.157255,19.888,0.329,40,13,o,0,0.9,322.90582,-36.39568,8040.91,2074.12,2.28,2.02,-27.2,-0.425,19.41,20.79,04a60561o0389o
60562.143253,17.996,2.133,230,491,o,0,1.38,322.90582,-36.39568,2908.28,6569.78,2.01,1.78,-67.8,-0.42,15.17,16.31,04a60562o0362o
60562.147732,-20.024,10.2,-36,362,o,0,1.21,322.90582,-36.39568,2927.28,6603.93,2.08,1.8,-63.2,-0.418,15.5,16.61,04a60562o0370o
60562.153112,18.572,0.546,135,74,o,0,1.64,322.90582,-36.39568,2868.29,6521.58,2.05,1.8,-62.8,-0.441,17.32,18.44,04a60562o0380o
60562.188299,-19.125,1.027,-81,84,o,0,1.49,322.90582,-36.39568,2849.56,6610.5,2.0,1.76,-74.2,-0.444,17.32,18.45,04a60562o0449o
60562.894849,19.982,0.49,37,18,o,0,1.2,322.90582,-36.39568,2722.84,6457.77,4.71,2.69,4.3,-0.322,18.75,20.55,03a60563o0387o
60562.896666,19.624,0.368,51,19,o,0,1.32,322.90582,-36.39568,2721.8,6457.45,4.2,2.75,3.2,-0.337,18.81,20.56,03a60563o0391o
60562.917511,21.109,1.154,13,15,o,0,0.91,322.90582,-36.39568,2742.01,6499.24,2.71,2.45,-55.7,-0.382,19.11,20.63,03a60563o0430o
60562.925633,20.864,0.915,16,15,o,0,1.52,322.90582,-36.39568,2686.57,6422.59,4.3,2.82,-0.5,-0.332,18.81,20.71,03a60563o0446o
60562.92909,20.706,0.713,19,14,o,0,1.3,322.90582,-36.39568,2663.98,6537.69,2.64,2.33,-53.7,-0.384,19.23,20.77,03a60563o0453o
60565.130385,-19.36,0.569,-66,37,o,0,1.2,322.90582,-36.39568,1049.65,499.11,2.39,1.74,41.8,-0.5,18.33,18.99,04a60565o0312o
60565.133335,21.634,5.421,8,44,o,0,1.1,322.90582,-36.39568,1069.94,535.17,2.42,1.71,43.5,-0.499,18.26,18.87,04a60565o0318o
60565.138727,18.439,0.59,153,90,o,0,1.27,322.90582,-36.39568,1009.17,451.16,2.32,1.84,42.6,-0.441,17.07,17.48,04a60565o0328o
60565.148535,19.162,0.746,79,59,o,0,0.8,322.90582,-36.39568,990.06,560.42,2.57,1.79,43.5,-0.503,17.81,18.27,04a60565o0345o
60570.257612,19.363,0.792,65,52,o,0,0.97,322.90582,-36.39568,4676.94,4454.13,2.19,2.04,-14.9,-0.484,17.8,17.66,04a60570o0606o
60570.28297,18.816,0.521,108,56,o,0,1.46,322.90582,-36.39568,4685.27,4499.39,2.34,2.25,-20.0,-0.495,17.74,17.59,04a60570o0657o
60570.311845,-24.926,125.667,0,49,o,0,1.35,322.90582,-36.39568,4606.7,4433.34,2.07,2.02,-53.3,-0.407,17.65,17.51,04a60570o0715o
60570.337266,-18.142,0.306,-201,62,o,0,3.54,322.90582,-36.39568,4568.59,4565.48,2.07,2.0,-88.0,-0.402,17.44,17.31,04a60570o0765o
60570.900508,-20.813,4.288,-17,74,o,0,0.92,322.90582,-36.39568,4562.59,4458.67,2.41,2.05,-56.3,-0.394,17.46,17.35,03a60571o0399o
60570.919593,-19.103,0.616,-83,51,o,0,1.12,322.90582,-36.39568,4503.49,4533.88,2.45,2.23,-58.1,-0.409,17.83,17.72,03a60571o0440o
60573.135989,-21.68,2.354,-8,18,o,0,1.12,322.90582,-36.39568,2763.55,4618.97,2.19,1.95,-86.0,-0.393,18.83,19.5,04a60573o0358o
60573.139409,20.115,0.489,33,16,o,0,1.48,322.90582,-36.39568,2783.02,4654.52,2.05,1.93,-76.2,-0.424,18.84,19.46,04a60573o0365o
60573.144895,-18.643,0.118,-127,15,o,0,1.61,322.90582,-36.39568,2724.81,4574.53,1.93,1.83,87.3,-0.431,18.89,19.46,04a60573o0377o
60573.156157,20.857,1.214,16,20,o,0,0.95,322.90582,-36.39568,2702.43,4682.08,2.03,1.91,86.0,-0.418,18.86,19.46,04a60573o0400o
60574.13473,22.568,11.667,3,40,o,0,1.1,322.90582,-36.39568,981.06,6696.09,2.27,1.86,-70.2,-0.44,18.21,19.68,04a60574o0340o
60574.137925,-20.526,1.006,-22,22,o,0,0.84,322.90582,-36.39568,998.96,6730.95,2.38,1.95,-87.4,-0.373,18.86,19.62,04a60574o0346o
60574.143883,-21.08,1.69,-13,23,o,0,1.38,322.90582,-36.39568,940.96,6650.24,2.42,1.98,-85.4,-0.371,18.57,19.35,04a60574o0359o
60574.154282,21.512,2.927,9,26,o,0,1.11,322.90582,-36.39568,918.79,6759.02,2.37,1.99,-87.4,-0.38,18.52,19.22,04a60574o0381o
60574.881008,19.73,0.437,47,20,o,0,0.73,322.90582,-36.39568,790.92,6556.58,2.69,2.27,-60.5,-0.403,19.05,20.27,03a60575o0342o
60574.883879,-20.142,0.622,-32,20,o,0,1.16,322.90582,-36.39568,810.33,6595.39,2.79,2.47,-61.4,-0.399,18.99,20.19,03a60575o0348o
60574.889345,-20.255,0.644,-29,18,o,0,1.01,322.90582,-36.39568,758.38,6518.89,2.88,2.56,-65.2,-0.396,18.92,20.14,03a60575o0360o
60574.899387,-20.891,1.235,-16,20,o,0,1.11,322.90582,-36.39568,734.49,6635.51,3.0,2.68,-67.4,-0.39,18.84,20.06,03a60575o0382o
60575.888149,-20.491,0.521,-23,12,o,0,1.19,322.90582,-36.39568,2074.07,2202.19,2.34,2.13,-61.4,-0.419,19.28,20.72,03a60576o0359o
60575.892169,-25.858,77.0,0,13,o,0,1.04,322.90582,-36.39568,2095.33,2241.34,2.37,2.16,-60.3,-0.407,19.24,20.69,03a60576o0367o
60575.898137,-18.885,0.115,-101,12,o,0,1.32,322.90582,-36.39568,2040.0,2164.39,2.47,2.32,-53.8,-0.403,19.17,20.65,03a60576o0380o
60575.908273,21.103,0.855,13,11,o,0,1.71,322.90582,-36.39568,2017.35,2281.14,2.32,2.09,-61.5,-0.419,19.21,20.59,03a60576o0401o
60579.863307,-21.282,1.333,-11,15,o,0,0.74,322.90582,-36.39568,5046.99,195.34,2.38,2.22,-28.9,-0.403,19.23,20.62,03a60580o0301o
60579.866528,20.949,1.118,15,17,o,0,1.05,322.90582,-36.39568,5067.33,234.97,2.42,2.24,-32.5,-0.39,18.99,20.39,03a60580o0308o
60579.867901,-19.931,0.587,-39,23,o,0,1.39,322.90582,-36.39568,871.26,10349.38,2.8,2.43,-48.3,-0.454,18.81,20.16,03a60580o0311o
60579.871078,20.68,1.232,19,24,o,0,1.29,322.90582,-36.39568,890.33,10388.6,2.77,2.39,-42.8,-0.458,18.88,20.23,03a60580o0318o
60579.873799,-22.988,7.0,-2,16,o,0,1.96,322.90582,-36.39568,5008.19,155.74,2.51,2.37,-40.8,-0.379,18.84,20.28,03a60580o0324o
60579.876577,-21.502,1.941,-9,18,o,0,1.53,322.90582,-36.39568,835.19,10311.37,2.85,2.47,-53.1,-0.452,19.03,20.37,03a60580o0330o
60579.884917,22.061,2.529,5,14,o,0,1.04,322.90582,-36.39568,4987.82,276.13,2.31,2.19,-35.7,-0.409,19.27,20.61,03a60580o0348o
60579.886758,-20.672,1.197,-20,23,o,0,0.89,322.90582,-36.39568,813.25,10432.62,2.82,2.3,-47.7,-0.479,19.05,20.48,03a60580o0352o
60581.198694,21.287,1.413,11,16,c,0,1.07,322.90582,-36.39568,1140.85,10451.61,3.2,2.08,-75.3,-0.346,19.46,21.17,04a60581o0122c
60581.201851,21.798,2.385,7,16,c,0,1.9,322.90582,-36.39568,1159.23,10489.53,3.19,2.1,-76.2,-0.351,19.46,21.14,04a60581o0129c
60581.208828,-20.763,0.66,-18,12,c,0,1.35,322.90582,-36.39568,1100.01,10412.98,3.18,2.1,-76.8,-0.348,19.45,21.15,04a60581o0144c
60582.109074,-20.612,1.119,-21,23,c,0,0.85,322.90582,-36.39568,8799.25,10511.59,3.06,2.59,-76.0,-0.349,19.53,21.45,04a60582o0285c
60585.099869,21.121,0.817,13,11,c,0,1.21,322.90582,-36.39568,4828.85,6430.58,2.39,1.97,-75.4,-0.382,19.36,21.72,04a60585o0264c
60585.102776,20.507,0.424,23,10,c,0,1.1,322.90582,-36.39568,4847.38,6466.74,2.29,1.86,-67.5,-0.388,19.43,21.65,04a60585o0270c
60585.1092,-21.297,0.857,-11,9,c,0,1.33,322.90582,-36.39568,4790.57,6384.48,2.38,2.01,-77.5,-0.379,19.49,21.69,04a60585o0284c
60585.119651,-20.531,0.362,-22,8,c,0,1.05,322.90582,-36.39568,4767.49,6492.14,2.25,1.87,-77.7,-0.385,19.59,21.42,04a60585o0305c
60585.843261,-20.52,0.524,-22,12,o,0,1.0,322.90582,-36.39568,6029.56,2070.31,2.52,2.36,-54.3,-0.422,19.24,20.82,03a60586o0254o
60585.846468,23.651,12.4,1,16,o,0,1.12,322.90582,-36.39568,6048.44,2108.64,2.97,2.78,-49.1,-0.418,19.07,20.77,03a60586o0261o
60585.852049,-18.899,0.135,-100,14,o,0,1.25,322.90582,-36.39568,5991.45,2029.25,2.66,2.49,-57.4,-0.421,19.14,20.72,03a60586o0273o
60585.862576,-21.652,1.743,-8,14,o,0,1.08,322.90582,-36.39568,5971.91,2145.8,2.88,2.67,-57.0,-0.418,19.1,20.74,03a60586o0296o
60586.84809,-21.762,2.065,-7,15,o,0,0.76,322.90582,-36.39568,6030.39,2072.8,2.28,2.05,-55.1,-0.432,19.26,20.69,03a60587o0263o
60586.851336,22.768,4.684,3,13,o,0,1.26,322.90582,-36.39568,6048.52,2112.52,2.27,2.06,-50.9,-0.44,19.32,20.71,03a60587o0270o
60586.858837,-21.351,1.186,-10,12,o,0,1.27,322.90582,-36.39568,5993.02,2034.47,2.3,2.07,-55.2,-0.431,19.28,20.7,03a60587o0284o
60586.872304,-21.449,1.476,-10,14,o,0,0.82,322.90582,-36.39568,5971.09,2152.55,2.26,2.06,-51.8,-0.444,19.27,20.61,03a60587o0313o
60587.859415,-21.751,1.2,-7,9,o,0,1.98,322.90582,-36.39568,7649.95,8706.2,2.39,2.05,-49.5,-0.425,19.33,20.71,03a60588o0279o
60587.862602,23.186,6.167,2,12,o,0,1.35,322.90582,-36.39568,7667.47,8746.14,2.41,2.01,-50.0,-0.426,19.36,20.72,03a60588o0286o
60587.869342,-21.019,0.941,-14,13,o,0,1.01,322.90582,-36.39568,7614.7,8667.18,2.51,2.1,-50.7,-0.42,19.35,20.77,03a60588o0300o
60587.903101,20.35,0.503,26,13,o,0,1.07,322.90582,-36.39568,7596.98,8785.86,2.42,2.03,-48.8,-0.426,19.33,20.61,03a60588o0369o
60589.823397,-22.011,3.444,-6,20,o,0,1.08,322.90582,-36.39568,10111.51,2520.91,2.28,2.01,-59.8,-0.39,18.9,20.21,03a60590o0213o
60589.82702,-19.832,0.302,-42,13,o,0,1.37,322.90582,-36.39568,10129.18,2560.8,2.26,1.96,-55.2,-0.402,19.11,20.43,03a60590o0221o
60589.832971,-19.082,0.165,-84,14,o,0,0.77,322.90582,-36.39568,10072.94,2480.58,2.2,1.9,-54.4,-0.417,19.33,20.64,03a60590o0234o
60589.837995,20.812,0.757,17,13,o,0,1.32,322.90582,-36.39568,72.27,2292.02,2.29,1.94,-76.4,-0.404,19.22,20.59,03a60590o0245o
60589.841202,20.247,0.584,29,17,o,0,1.15,322.90582,-36.39568,92.38,2330.96,2.29,1.95,-69.4,-0.403,19.09,20.44,03a60590o0252o
60589.845839,-20.664,2.135,-20,42,o,0,1.26,322.90582,-36.39568,10051.19,2597.53,2.31,2.12,-51.6,-0.399,17.91,19.26,03a60590o0262o
60589.846775,20.193,1.056,30,32,o,0,0.92,322.90582,-36.39568,34.8,2253.84,2.43,2.11,-65.3,-0.409,18.25,19.65,03a60590o0264o
60590.737945,-20.692,1.18,-19,23,o,0,0.99,322.90582,-36.39568,448.23,8075.63,2.87,2.53,-63.3,-0.351,18.79,19.78,03a60591o0019o
60590.740254,22.013,3.76,6,21,o,0,1.03,322.90582,-36.39568,429.7,8036.33,2.96,2.55,-47.4,-0.356,18.88,20.01,03a60591o0024o
60590.741606,-20.64,1.011,-20,20,o,0,1.01,322.90582,-36.39568,10484.56,8270.17,3.03,2.28,-56.1,-0.416,18.97,20.1,03a60591o0027o
60590.743433,23.649,15.5,1,20,o,0,0.93,322.90582,-36.39568,487.12,8116.72,2.81,2.45,-52.8,-0.372,18.99,20.2,03a60591o0031o
60590.746037,-20.809,1.0,-17,17,o,0,1.31,322.90582,-36.39568,10464.25,8232.18,3.03,2.19,-55.1,-0.438,19.11,20.3,03a60591o0036o
60590.749207,-20.827,0.935,-17,16,o,0,1.22,322.90582,-36.39568,509.81,8000.53,2.61,2.28,-64.5,-0.389,19.11,20.33,03a60591o0043o
60590.751489,0.0,20.863,0,16,o,0,1.54,322.90582,-36.39568,10521.52,8310.26,2.82,2.12,-56.7,-0.419,19.16,20.35,03a60591o0048o
60593.053657,-21.688,2.378,-8,18,o,0,1.23,322.90582,-36.39568,8713.17,4833.91,2.6,2.24,-20.2,-0.388,18.87,19.95,04a60593o0097o
60593.063244,21.146,1.478,13,19,o,0,1.39,322.90582,-36.39568,8731.95,4864.0,2.68,2.31,-27.2,-0.389,18.8,19.95,04a60593o0117o
60593.066045,20.91,1.072,16,17,o,0,1.35,322.90582,-36.39568,8673.34,4783.24,2.56,2.18,-23.3,-0.39,18.88,19.87,04a60593o0123o
60593.076726,-21.528,1.944,-9,17,o,0,1.2,322.90582,-36.39568,8653.74,4889.28,2.57,2.22,-26.0,-0.382,18.87,19.92,04a60593o0145o
60594.071246,-19.052,0.501,-87,44,o,0,0.67,322.90582,-36.39568,5827.16,8270.29,2.21,1.91,-58.8,-0.443,18.29,19.12,04a60594o0132o
60594.074039,21.56,3.238,9,28,o,0,1.36,322.90582,-36.39568,5846.06,8306.75,2.03,1.76,-31.5,-0.44,18.63,19.44,04a60594o0138o
60594.080484,20.767,1.61,18,29,o,0,0.83,322.90582,-36.39568,5789.37,8223.67,2.14,1.84,-72.4,-0.4,18.66,19.55,04a60594o0152o
60594.090614,-20.914,1.507,-16,24,o,0,0.77,322.90582,-36.39568,5765.61,8332.14,1.94,1.76,-52.1,-0.415,18.79,19.53,04a60594o0174o
60594.786129,20.866,1.908,16,31,o,0,1.28,322.90582,-36.39568,5590.73,8240.56,2.59,2.24,-45.8,-0.389,18.3,18.6,03a60595o0118o
60594.794321,-19.439,0.549,-61,33,o,0,1.16,322.90582,-36.39568,5609.81,8281.41,2.52,2.17,-49.4,-0.395,18.33,18.6,03a60595o0134o
60594.797552,-21.627,3.964,-8,32,o,0,1.04,322.90582,-36.39568,5555.83,8203.18,2.44,2.11,-49.7,-0.387,18.39,18.61,03a60595o0141o
60594.807572,-19.009,0.431,-90,39,o,0,0.63,322.90582,-36.39568,5532.65,8319.59,2.47,2.15,-50.4,-0.396,18.34,18.63,03a60595o0161o
60597.804408,-24.267,61.0,-1,44,o,0,0.92,322.90582,-36.39568,9082.97,126.42,2.95,2.67,-48.9,-0.467,18.21,18.88,03a60598o0160o
60597.807896,-19.559,0.794,-54,43,o,0,1.28,322.90582,-36.39568,9103.41,166.45,3.28,3.06,-31.0,-0.423,18.11,18.86,03a60598o0167o
60597.813531,20.198,1.326,30,40,o,0,1.11,322.90582,-36.39568,9044.39,85.16,2.87,2.64,-43.9,-0.455,18.25,18.84,03a60598o0179o
60597.824237,20.496,1.789,23,41,o,0,1.49,322.90582,-36.39568,9019.92,204.34,2.97,2.75,-39.8,-0.448,18.18,18.82,03a60598o0201o
60598.105147,19.175,0.723,78,56,o,0,1.06,322.90582,-36.39568,4927.99,10187.65,2.24,1.83,-73.5,-0.427,17.8,17.81,04a60598o0262o
60598.108818,18.599,0.514,132,68,o,0,1.16,322.90582,-36.39568,4946.15,10225.2,2.14,1.86,-75.6,-0.425,17.7,17.65,04a60598o0270o
60598.141307,-17.926,0.504,-245,124,o,0,1.18,322.90582,-36.39568,4882.77,10136.05,2.04,1.75,-63.7,-0.44,16.41,16.19,04a60598o0338o
60598.148286,19.277,0.489,71,35,o,0,1.54,322.90582,-36.39568,4858.37,10251.02,2.2,1.79,-70.9,-0.403,18.07,18.18,04a60598o0351o
60598.826088,-19.11,0.729,-82,60,o,0,0.7,322.90582,-36.39568,9084.49,129.71,2.68,2.41,-44.5,-0.471,18.02,18.28,03a60599o0212o
60598.827439,-19.885,1.128,-40,46,o,0,1.36,322.90582,-36.39568,4655.16,10168.69,3.04,2.59,-36.3,-0.345,17.94,18.17,03a60599o0215o
60598.829251,-18.807,0.566,-109,62,o,0,1.08,322.90582,-36.39568,9107.28,171.32,2.73,2.46,-45.3,-0.465,17.97,18.27,03a60599o0219o
60598.831155,-20.578,2.776,-21,59,o,0,0.94,322.90582,-36.39568,4672.47,10208.55,3.2,2.75,-35.7,-0.346,17.85,18.16,03a60599o0223o
60598.83448,-20.747,2.83,-18,52,o,0,1.55,322.90582,-36.39568,9045.51,89.28,2.72,2.47,-41.5,-0.45,17.98,18.24,03a60599o0230o
60598.838183,-20.524,2.15,-22,48,o,0,1.33,322.90582,-36.39568,4618.91,10129.59,3.0,2.59,-42.9,-0.362,17.89,18.12,03a60599o0238o
60598.844645,20.804,3.761,17,65,o,0,1.1,322.90582,-36.39568,9021.14,207.59,2.92,2.7,-38.5,-0.443,17.78,18.16,03a60599o0252o
60598.84831,-19.559,1.119,-54,61,o,0,1.35,322.90582,-36.39568,4599.15,10247.86,3.47,3.04,-39.5,-0.351,17.7,18.05,03a60599o0260o
60601.095598,21.698,2.757,8,21,o,0,1.11,322.90582,-36.39568,6643.28,4372.33,1.98,1.78,-24.1,-0.468,18.76,19.16,04a60601o0248o
60601.098809,-19.908,0.514,-40,20,o,0,1.18,322.90582,-36.39568,6662.08,4408.71,2.03,1.78,-25.4,-0.471,18.77,19.13,04a60601o0255o
60601.104316,22.213,4.565,5,22,o,0,1.31,322.90582,-36.39568,6603.17,4328.87,1.95,1.73,-29.6,-0.47,18.78,19.13,04a60601o0267o
60601.120901,-21.537,2.519,-9,22,o,0,0.99,322.90582,-36.39568,6577.55,4438.64,2.04,1.8,-31.2,-0.469,18.71,19.05,04a60601o0303o
60602.06349,-19.684,0.439,-49,21,o,0,1.34,322.90582,-36.39568,9824.16,8610.79,2.48,2.07,7.4,-0.436,18.97,19.76,04a60602o0176o
60602.063944,-19.859,0.579,-41,24,o,0,0.96,322.90582,-36.39568,105.73,8666.16,2.55,2.01,-75.9,-0.407,18.99,19.77,04a60602o0177o
60602.066663,-19.595,0.291,-53,15,o,0,2.3,322.90582,-36.39568,9842.76,8648.09,2.4,1.91,10.0,-0.433,19.0,19.74,04a60602o0183o
60602.067599,-19.275,0.335,-71,24,o,0,0.87,322.90582,-36.39568,124.71,8701.35,2.67,2.05,-77.9,-0.367,18.97,19.73,04a60602o0185o
60602.074104,-21.327,2.392,-11,26,o,0,0.89,322.90582,-36.39568,9782.31,8564.18,2.35,1.92,4.2,-0.441,18.98,19.7,04a60602o0199o
60602.074558,-21.314,2.928,-11,32,o,0,1.16,322.90582,-36.39568,65.31,8620.78,2.77,2.06,-81.3,-0.351,18.97,19.7,04a60602o0200o
60602.086131,19.388,0.513,64,33,o,0,0.84,322.90582,-36.39568,9761.8,8673.63,2.37,1.88,6.4,-0.429,18.96,19.6,04a60602o0225o
60602.086585,-21.885,5.275,-6,34,o,0,1.28,322.90582,-36.39568,44.37,8729.68,2.59,2.02,-76.1,-0.37,19.01,19.65,04a60602o0226o
60602.805669,-21.747,2.321,-7,17,o,0,1.05,322.90582,-36.39568,9575.56,8705.38,3.34,2.64,-49.7,-0.413,19.1,20.64,03a60603o0164o
60602.809882,-19.747,0.415,-46,19,o,0,0.93,322.90582,-36.39568,9594.55,8746.13,3.35,2.82,-49.3,-0.411,19.01,20.57,03a60603o0173o
60602.816479,-22.096,3.286,-5,17,o,0,1.18,322.90582,-36.39568,9536.14,8664.01,3.29,2.6,-48.3,-0.404,18.96,20.35,03a60603o0187o
60602.827495,-18.973,0.214,-94,20,o,0,0.9,322.90582,-36.39568,9516.26,8779.83,3.2,2.51,-46.8,-0.402,18.91,20.04,03a60603o0211o
60605.134789,-21.507,1.246,-9,11,o,0,1.44,322.90582,-36.39568,849.93,4710.2,2.33,2.11,65.6,-0.382,19.33,20.73,04a60605o0255o
60605.137976,-21.162,1.121,-12,14,o,0,0.75,322.90582,-36.39568,870.95,4747.85,2.33,2.09,66.7,-0.374,19.36,20.73,04a60605o0262o
60605.16107,-20.96,0.786,-15,12,o,0,1.27,322.90582,-36.39568,651.92,4683.88,2.42,2.15,60.8,-0.366,19.24,20.64,04a60605o0309o
60605.168041,-20.71,0.647,-19,12,o,0,1.0,322.90582,-36.39568,857.58,4793.83,2.39,2.1,64.3,-0.376,19.21,20.54,04a60605o0323o
60606.10722,-19.527,0.228,-56,13,o,0,1.32,322.90582,-36.39568,3826.23,8359.88,2.7,2.03,-80.3,-0.391,19.16,20.58,04a60606o0171o
60606.110427,-21.655,1.633,-8,13,o,0,1.14,322.90582,-36.39568,3846.23,8398.34,2.68,2.01,-80.7,-0.404,19.18,20.58,04a60606o0178o
60606.116953,21.669,1.51,8,12,o,0,1.51,322.90582,-36.39568,3788.05,8321.44,2.62,2.03,-79.3,-0.403,19.21,20.61,04a60606o0192o
60606.129895,-21.009,0.908,-14,13,o,0,0.93,322.90582,-36.39568,3766.26,8438.17,2.54,1.92,-79.4,-0.412,19.24,20.6,04a60606o0220o
60609.787023,-20.908,0.714,-16,11,c,0,0.98,322.90582,-36.39568,8016.36,2042.88,2.64,2.32,-57.1,-0.395,19.35,21.2,03a60610o0100c
60609.790213,-22.295,2.48,-4,11,c,0,0.88,322.90582,-36.39568,8033.81,2081.54,2.6,2.28,-56.6,-0.399,19.45,21.26,03a60610o0107c
60609.797512,-18.838,0.097,-106,10,c,0,0.92,322.90582,-36.39568,7978.41,2001.13,2.58,2.29,-56.7,-0.401,19.39,21.21,03a60610o0123c
60609.807378,20.568,0.445,22,10,c,0,1.12,322.90582,-36.39568,7957.47,2119.91,2.57,2.31,-55.6,-0.404,19.48,21.28,03a60610o0144c
60613.134709,-18.909,0.158,-99,16,o,0,0.86,322.90582,-36.39568,2811.68,6534.77,2.17,1.96,-56.5,-0.422,19.17,20.31,04a60613o0075o
60613.137923,-21.04,1.088,-14,15,o,0,1.03,322.90582,-36.39568,2830.87,6573.6,2.19,1.97,-32.2,-0.403,19.05,20.22,04a60613o0082o
60613.143435,20.228,0.427,29,13,o,0,2.16,322.90582,-36.39568,2773.2,6497.7,2.21,1.99,-28.5,-0.392,19.08,20.27,04a60613o0094o
60613.15453,21.722,2.148,7,16,o,0,1.14,322.90582,-36.39568,2754.23,6613.49,2.26,1.95,-75.8,-0.419,19.15,20.3,04a60613o0118o
60613.783228,20.985,0.645,15,10,c,0,1.43,322.90582,-36.39568,1014.93,338.1,2.46,2.32,-73.4,-0.405,19.55,21.46,03a60614o0091c
60613.786916,21.33,0.985,11,10,c,0,1.15,322.90582,-36.39568,1033.36,378.01,2.49,2.33,-73.3,-0.41,19.53,21.45,03a60614o0099c
60613.79293,21.564,1.077,9,9,c,0,1.63,322.90582,-36.39568,974.87,297.47,2.53,2.35,-81.7,-0.403,19.52,21.43,03a60614o0112c
60613.80377,-21.364,0.908,-10,9,c,0,1.59,322.90582,-36.39568,953.07,414.99,2.47,2.31,-67.8,-0.402,19.55,21.41,03a60614o0135c
60617.034282,-20.925,0.97,-16,15,o,0,0.88,322.90582,-36.39568,8803.81,6732.28,2.41,2.08,-16.0,-0.411,19.29,20.65,04a60617o0084o
60617.037476,-24.126,21.6,-1,18,o,0,1.03,322.90582,-36.39568,8823.1,6771.7,2.34,1.93,-12.9,-0.422,19.17,20.41,04a60617o0091o
60617.043946,-20.4,0.671,-25,17,o,0,0.85,322.90582,-36.39568,8765.05,6693.25,2.37,1.96,-11.4,-0.428,19.33,20.65,04a60617o0105o
60617.054903,-19.224,0.139,-74,10,o,0,1.8,322.90582,-36.39568,8746.97,6810.12,2.26,1.9,-13.4,-0.422,19.21,20.53,04a60617o0128o
60618.017971,-20.708,0.739,-19,14,o,0,1.5,322.90582,-36.39568,2946.93,10319.93,3.22,2.28,-76.2,-0.361,19.08,20.48,04a60618o0057o
60618.022113,0.0,21.011,0,14,o,0,1.21,322.90582,-36.39568,2966.25,10358.52,3.31,2.14,-73.0,-0.377,19.16,20.54,04a60618o0066o
60618.029499,23.716,11.0,1,13,o,0,1.36,322.90582,-36.39568,2910.65,10281.03,2.91,1.96,-75.0,-0.404,19.23,20.56,04a60618o0082o
60618.04015,-21.735,1.562,-7,12,o,0,1.25,322.90582,-36.39568,2889.35,10399.46,2.69,1.88,-73.8,-0.43,19.36,20.68,04a60618o0105o
60619.769935,20.632,0.732,20,15,c,0,1.03,322.90582,-36.39568,4610.87,4465.18,2.65,2.37,-50.6,-0.389,19.1,20.75,03a60620o0055c
60619.77311,-21.896,1.906,-6,12,c,0,1.22,322.90582,-36.39568,4631.84,4504.1,2.79,2.48,-55.0,-0.388,19.28,21.03,03a60620o0062c
60619.779997,23.138,6.3,2,13,c,0,1.13,322.90582,-36.39568,4578.05,4426.16,2.87,2.53,-56.1,-0.389,19.31,21.13,03a60620o0077c
60619.790184,-23.196,7.125,-2,14,c,0,0.94,322.90582,-36.39568,4557.55,4541.38,3.08,2.83,-53.5,-0.374,19.24,21.13,03a60620o0099c
60621.02304,-19.822,0.324,-43,14,o,0,1.36,322.90582,-36.39568,4596.52,4473.6,2.42,2.21,-68.3,-0.392,18.96,20.2,04a60621o0061o
60621.026225,22.839,5.118,3,14,o,0,1.47,322.90582,-36.39568,4616.18,4511.32,2.41,2.19,-73.2,-0.402,18.96,20.23,04a60621o0068o
60621.031848,22.306,3.242,4,14,o,0,1.38,322.90582,-36.39568,4559.31,4435.47,2.15,2.01,-69.1,-0.428,19.09,20.24,04a60621o0080o
60621.05275,21.609,1.479,8,12,o,0,1.39,322.90582,-36.39568,4539.26,4554.8,2.01,1.84,-62.4,-0.457,19.08,20.12,04a60621o0125o
60622.013293,-19.815,0.387,-43,17,o,0,1.51,322.90582,-36.39568,2651.57,4592.49,2.12,1.99,85.5,-0.416,18.7,19.49,04a60622o0041o
60622.016192,21.949,3.2,6,19,o,0,1.81,322.90582,-36.39568,2671.97,4631.7,2.17,1.96,-83.2,-0.414,18.71,19.65,04a60622o0047o
60622.021655,-23.415,12.077,-2,19,o,0,1.42,322.90582,-36.39568,2611.8,4555.01,2.1,1.89,87.7,-0.408,18.82,19.65,04a60622o0059o
60622.033191,-19.085,0.169,-84,14,o,0,1.83,322.90582,-36.39568,2593.66,4673.02,2.03,1.86,84.1,-0.418,18.84,19.63,04a60622o0084o
60622.757661,20.68,12.185,19,236,o,0,1.15,322.90582,-36.39568,2662.81,4535.7,2.54,2.31,-28.8,-0.392,16.12,15.99,03a60623o0030o
60622.760726,-17.953,0.368,-239,88,o,0,1.52,322.90582,-36.39568,2683.76,4573.78,2.41,2.08,-63.4,-0.401,17.07,16.98,03a60623o0036o
60622.765935,23.447,59.6,2,90,o,0,1.11,322.90582,-36.39568,2626.94,4495.7,2.42,2.05,-64.4,-0.405,17.2,17.22,03a60623o0046o
60622.776884,-20.365,1.685,-26,44,o,0,1.16,322.90582,-36.39568,2605.31,4611.73,2.35,2.04,-64.6,-0.402,18.03,18.28,03a60623o0068o
60623.792631,19.249,0.458,72,33,o,0,1.63,322.90582,-36.39568,837.91,6563.28,2.61,2.32,-60.9,-0.393,18.24,18.56,03a60624o0102o
60623.795883,22.062,7.68,5,42,o,0,0.95,322.90582,-36.39568,856.55,6601.92,2.88,2.58,-56.0,-0.381,18.12,18.54,03a60624o0109o
60623.800991,-20.354,1.491,-26,39,o,0,1.29,322.90582,-36.39568,803.43,6524.39,2.94,2.66,-60.0,-0.383,18.13,18.56,03a60624o0120o
60623.811371,19.565,0.866,54,47,o,0,0.98,322.90582,-36.39568,780.65,6640.3,3.04,2.78,-55.7,-0.393,18.1,18.54,03a60624o0142o
60625.057897,22.969,12.0,2,28,o,0,1.04,322.90582,-36.39568,878.02,6674.32,2.38,1.98,86.3,-0.364,18.56,18.91,04a60625o0133o
60625.063101,-22.195,5.452,-5,26,o,0,1.19,322.90582,-36.39568,898.83,6715.21,2.27,2.01,-76.6,-0.431,18.53,18.89,04a60625o0144o
60625.06679,20.427,1.15,24,28,o,0,1.1,322.90582,-36.39568,841.01,6638.0,2.37,2.04,81.9,-0.358,18.62,18.97,04a60625o0152o
60625.076884,-18.587,0.213,-134,28,o,0,0.97,322.90582,-36.39568,819.47,6755.1,2.45,2.05,83.5,-0.361,18.53,18.86,04a60625o0174o
60625.773729,21.04,1.712,14,24,o,0,1.61,322.90582,-36.39568,2123.5,2204.91,2.86,2.6,-64.3,-0.396,18.6,19.35,03a60626o0059o
60625.776908,22.335,6.75,4,28,o,0,0.73,322.90582,-36.39568,2143.03,2243.87,2.84,2.63,-62.5,-0.39,18.59,19.37,03a60626o0066o
60625.782477,19.907,0.575,40,23,o,0,1.32,322.90582,-36.39568,2086.55,2165.99,2.65,2.42,-64.2,-0.387,18.62,19.37,03a60626o0078o
60625.794107,20.508,1.234,23,28,o,0,0.7,322.90582,-36.39568,2066.25,2284.82,2.56,2.29,-62.8,-0.398,18.62,19.31,03a60626o0103o
60627.803522,20.661,1.571,20,31,o,0,0.83,322.90582,-36.39568,1841.67,8398.27,2.77,2.41,-45.3,-0.373,18.58,19.17,03a60628o0122o
60627.806705,-21.434,3.224,-10,31,o,0,1.01,322.90582,-36.39568,1860.98,8437.61,2.86,2.48,-44.0,-0.373,18.57,19.16,03a60628o0129o
60627.813576,-22.61,8.0,-3,26,o,0,1.43,322.90582,-36.39568,1807.4,8359.52,2.9,2.52,-48.6,-0.369,18.52,19.13,03a60628o0144o
60627.824785,-23.787,30.0,-1,33,o,0,0.79,322.90582,-36.39568,1785.5,8477.76,2.96,2.64,-51.0,-0.377,18.49,19.08,03a60628o0168o
60629.057847,-19.0,0.264,-91,24,o,0,1.11,322.90582,-36.39568,1925.06,8489.43,2.43,1.88,-79.2,-0.414,18.57,19.08,04a60629o0127o
60629.061032,-20.979,1.636,-15,24,o,0,1.25,322.90582,-36.39568,1943.04,8527.78,2.44,1.82,-79.4,-0.406,18.62,19.06,04a60629o0134o
60629.083196,21.655,3.683,8,29,o,0,0.87,322.90582,-36.39568,1887.48,8452.96,2.31,1.8,-80.2,-0.428,18.52,18.94,04a60629o0182o
60629.089665,-20.205,0.79,-30,24,o,0,1.68,322.90582,-36.39568,1867.19,8570.61,2.42,1.81,-80.3,-0.408,18.51,18.92,04a60629o0196o
60629.768576,20.284,0.86,28,24,o,0,1.34,322.90582,-36.39568,5087.04,203.41,2.27,2.06,-45.7,-0.372,18.56,18.94,03a60630o0043o
60629.773735,21.344,2.5,10,26,o,0,1.05,322.90582,-36.39568,5108.92,243.1,2.24,2.04,-40.2,-0.384,18.57,19.04,03a60630o0054o
60629.790809,20.791,1.459,18,26,o,0,1.09,322.90582,-36.39568,5051.79,163.65,2.25,2.07,-47.7,-0.376,18.6,19.04,03a60630o0091o
60629.79402,20.191,0.819,30,25,o,0,0.89,322.90582,-36.39568,5032.06,281.41,2.25,2.04,-44.5,-0.378,18.59,19.03,03a60630o0098o
60630.056595,-19.692,0.992,-48,48,o,0,1.18,322.90582,-36.39568,1054.95,10475.34,2.83,1.95,-75.7,-0.407,18.58,19.05,04a60630o0123o
60630.059767,-19.243,0.704,-73,51,o,0,1.05,322.90582,-36.39568,1074.67,10513.9,2.93,2.01,-73.1,-0.38,18.49,19.04,04a60630o0130o
60630.065276,-20.083,1.026,-34,34,o,0,1.06,322.90582,-36.39568,1018.6,10438.54,2.89,1.92,-76.9,-0.398,18.55,19.01,04a60630o0142o
60630.796454,22.331,7.684,4,33,o,0,0.9,322.90582,-36.39568,922.35,10356.34,2.94,2.55,-45.4,-0.432,18.74,19.47,03a60631o0102o
60630.799732,21.438,3.122,10,30,o,0,0.91,322.90582,-36.39568,942.32,10395.47,3.04,2.61,-45.8,-0.427,18.71,19.44,03a60631o0109o
60630.807282,20.992,1.986,15,29,o,0,1.0,322.90582,-36.39568,886.95,10318.27,2.77,2.3,-47.0,-0.46,18.77,19.4,03a60631o0125o
60630.817451,-21.688,4.313,-8,33,o,0,1.34,322.90582,-36.39568,865.73,10437.18,2.86,2.5,-46.8,-0.455,18.72,19.33,03a60631o0147o
60632.043055,-19.124,0.159,-81,13,o,0,0.96,322.90582,-36.39568,2965.56,310.62,2.18,1.86,45.1,-0.431,19.23,20.49,04a60632o0090o
60632.04625,-18.999,0.173,-91,16,o,0,0.81,322.90582,-36.39568,2984.54,349.88,2.07,1.78,42.8,-0.434,19.27,20.5,04a60632o0097o
60632.06141,23.415,10.5,2,16,o,0,0.72,322.90582,-36.39568,2922.22,273.07,2.12,1.77,40.0,-0.448,19.26,20.5,04a60632o0130o
60632.079022,-20.895,0.837,-16,13,o,0,1.37,322.90582,-36.39568,2906.67,393.56,2.12,1.8,43.3,-0.436,19.08,20.06,04a60632o0168o
60633.053837,-22.457,7.227,-4,27,o,0,1.04,322.90582,-36.39568,8703.37,10495.75,2.25,2.07,-4.1,-0.503,19.24,20.56,04a60633o0112o
60634.054492,-21.115,0.942,-13,12,o,0,1.33,322.90582,-36.39568,4728.0,6407.35,2.05,1.84,-67.8,-0.419,19.21,20.54,04a60634o0109o
60634.066961,-18.475,0.076,-148,11,o,0,15.74,322.90582,-36.39568,4748.15,6447.55,1.95,1.78,-47.8,-0.423,19.26,20.54,04a60634o0136o
60634.070175,-20.632,0.631,-20,13,o,0,1.02,322.90582,-36.39568,4690.38,6370.1,1.97,1.75,-70.7,-0.425,19.25,20.57,04a60634o0143o
60634.076157,22.607,3.75,3,12,o,0,1.63,322.90582,-36.39568,4669.35,6485.74,1.99,1.76,-69.4,-0.41,19.25,20.59,04a60634o0156o
60634.892244,-21.362,1.952,-10,20,o,0,1.09,322.90582,-36.39568,4682.4,6390.86,2.36,2.13,-40.6,-0.391,18.81,19.73,03a60635o0301o
60634.900366,-19.837,0.612,-42,26,o,0,0.66,322.90582,-36.39568,4699.92,6428.64,2.54,2.31,-37.1,-0.375,18.7,19.63,03a60635o0318o
60634.91526,-18.928,0.293,-97,28,o,0,0.96,322.90582,-36.39568,4642.99,6350.01,2.68,2.47,-31.5,-0.367,18.52,19.52,03a60635o0350o
60634.918122,19.791,0.581,44,26,o,0,1.16,322.90582,-36.39568,4617.16,6461.98,2.9,2.59,-41.6,-0.356,18.43,19.48,03a60635o0356o
60636.020577,21.817,2.25,7,15,c,0,1.27,322.90582,-36.39568,6012.24,2050.07,2.4,2.25,-25.3,-0.382,18.93,20.14,04a60636o0032c
60636.023737,24.512,24.75,1,14,c,0,0.88,322.90582,-36.39568,6031.38,2089.39,2.31,2.13,-24.3,-0.389,19.16,20.56,04a60636o0039c
60636.048646,21.443,0.967,10,9,c,0,1.89,322.90582,-36.39568,5975.95,2014.44,2.4,2.26,-30.3,-0.381,19.33,21.03,04a60636o0093c
60636.066668,-21.109,0.89,-13,12,c,0,1.48,322.90582,-36.39568,5955.54,2131.31,2.28,2.03,-21.4,-0.392,19.33,20.95,04a60636o0132c
60638.048107,-20.709,0.586,-19,11,c,0,1.59,322.90582,-36.39568,7813.01,8656.3,2.86,2.3,-68.4,-0.361,19.3,21.0,04a60638o0090c
60638.051384,-21.74,1.622,-7,12,c,0,1.68,322.90582,-36.39568,7832.55,8695.57,2.82,2.25,-66.4,-0.412,19.28,21.01,04a60638o0097c
60638.069764,-22.332,3.6,-4,15,c,0,1.15,322.90582,-36.39568,7776.81,8617.88,2.72,2.22,-57.4,-0.434,19.23,20.94,04a60638o0137c
60638.086258,-23.37,7.444,-2,12,c,0,1.49,322.90582,-36.39568,7755.95,8733.37,2.74,2.16,-69.2,-0.378,19.28,20.87,04a60638o0173c
60638.794513,-22.089,2.793,-5,15,o,0,1.7,322.90582,-36.39568,7707.4,8710.1,2.65,2.18,-46.0,-0.409,19.03,20.13,03a60639o0074o
60638.797706,22.441,4.81,4,18,o,0,1.06,322.90582,-36.39568,7724.3,8750.4,2.65,2.24,-44.3,-0.399,19.01,20.12,03a60639o0081o
60638.803252,-20.962,1.163,-15,17,o,0,0.85,322.90582,-36.39568,7670.11,8668.54,2.69,2.27,-43.3,-0.395,19.01,20.11,03a60639o0093o
60638.825695,21.717,2.471,8,18,o,0,1.07,322.90582,-36.39568,7651.96,8779.96,2.93,2.41,-44.7,-0.395,18.87,20.03,03a60639o0142o
60640.0222,-20.668,1.333,-20,26,c,0,1.02,322.90582,-36.39568,56.83,2420.77,3.01,1.93,40.5,-0.346,18.94,19.93,04a60640o0030c
60640.025369,21.371,1.746,10,18,c,0,1.38,322.90582,-36.39568,75.64,2459.05,3.09,1.91,41.4,-0.356,19.14,20.39,04a60640o0037c
60642.070267,21.467,1.429,9,13,c,0,1.25,322.90582,-36.39568,8607.74,4795.02,2.67,2.12,-26.1,-0.374,19.23,20.89,04a60642o0133c
60642.07352,-21.697,1.612,-8,12,c,0,0.92,322.90582,-36.39568,8626.87,4834.36,2.55,1.99,-26.5,-0.392,19.3,20.88,04a60642o0140c
60642.098351,-21.363,1.224,-10,13,c,0,1.43,322.90582,-36.39568,8567.96,4755.18,2.5,1.95,-25.7,-0.394,19.24,20.74,04a60642o0194c
60642.115055,-19.407,0.211,-63,13,c,0,1.1,322.90582,-36.39568,8548.82,4871.56,2.52,1.96,-24.5,-0.389,19.13,20.63,04a60642o0230c
60643.771481,20.417,1.103,25,27,o,0,1.75,322.90582,-36.39568,5635.86,8249.06,2.38,2.12,-39.0,-0.4,18.41,18.73,03a60644o0027o
60643.774685,-21.118,1.506,-13,20,o,0,1.57,322.90582,-36.39568,5653.97,8287.86,2.45,2.11,-40.3,-0.388,18.7,19.3,03a60644o0034o
60643.780136,-23.267,8.818,-2,16,o,0,0.91,322.90582,-36.39568,5598.69,8207.32,2.58,2.2,-55.3,-0.392,18.97,19.86,03a60644o0046o
60643.790188,-19.79,0.338,-44,15,o,0,1.31,322.90582,-36.39568,5576.21,8322.58,2.55,2.18,-46.2,-0.386,19.11,20.19,03a60644o0068o
60645.102266,-19.106,0.169,-83,14,c,0,1.16,322.90582,-36.39568,5728.16,8250.3,2.92,2.32,-71.3,-0.364,19.02,20.71,04a60645o0192c
60645.105451,24.056,17.5,1,15,c,0,1.21,322.90582,-36.39568,5747.97,8289.37,2.97,2.31,-72.0,-0.355,18.99,20.69,04a60645o0199c
60645.123122,-23.368,10.5,-2,17,c,0,1.37,322.90582,-36.39568,5688.32,8208.74,3.1,2.67,-73.9,-0.337,18.8,20.54,04a60645o0233c
60645.126768,21.534,1.882,9,17,c,0,1.22,322.90582,-36.39568,5668.62,8326.72,3.06,2.53,-72.8,-0.336,18.81,20.52,04a60645o0241c
60646.037709,-18.827,0.097,-107,10,c,0,1.47,322.90582,-36.39568,6644.21,6311.99,2.58,2.18,-60.4,-0.388,19.18,20.77,04a60646o0056c
60646.040937,21.413,1.25,10,12,c,0,1.37,322.90582,-36.39568,6665.32,6351.23,2.56,2.21,-59.1,-0.383,19.21,20.85,04a60646o0063c
60646.046447,23.588,8.875,1,12,c,0,1.56,322.90582,-36.39568,6608.19,6274.18,2.56,2.21,-58.5,-0.383,19.21,20.93,04a60646o0075c
60646.057049,-20.05,0.341,-35,12,c,0,1.45,322.90582,-36.39568,6587.94,6391.15,2.48,2.18,-56.3,-0.381,19.23,20.89,04a60646o0098c
60646.791816,21.127,1.446,13,19,o,0,1.25,322.90582,-36.39568,6598.86,6343.4,2.71,2.33,-49.2,-0.394,18.92,20.15,03a60647o0067o
60646.79502,-20.845,1.352,-17,22,o,0,0.69,322.90582,-36.39568,6618.58,6382.97,2.89,2.63,-51.8,-0.377,18.82,20.16,03a60647o0074o
60646.802338,21.362,2.091,10,22,o,0,0.96,322.90582,-36.39568,6563.32,6303.45,2.84,2.63,-48.0,-0.394,18.84,20.18,03a60647o0090o
60646.828495,-19.671,0.404,-49,20,o,0,1.5,322.90582,-36.39568,6539.71,6417.65,2.68,2.38,-26.0,-0.407,18.71,19.97,03a60647o0146o
60653.06088,20.199,1.234,30,37,o,0,0.83,322.90582,-36.39568,9729.81,8606.08,2.21,1.85,-8.9,-0.451,18.6,19.22,04a60653o0100o
60653.064132,-19.037,0.281,-88,25,o,0,1.26,322.90582,-36.39568,9746.93,8644.09,2.63,2.41,-41.6,-0.382,18.56,19.27,04a60653o0107o
60653.065533,20.312,1.743,27,48,o,0,0.82,322.90582,-36.39568,30.09,8693.7,2.88,2.16,-87.9,-0.318,18.62,19.29,04a60653o0110o
60653.069302,20.024,0.977,36,35,o,0,1.22,322.90582,-36.39568,9686.74,8563.75,2.57,2.17,-9.4,-0.427,18.52,19.21,04a60653o0118o
60653.083971,19.973,0.975,37,36,o,0,1.04,322.90582,-36.39568,9669.55,8680.69,2.59,2.35,-29.4,-0.42,18.44,19.14,04a60653o0150o
60655.805603,21.89,5.16,6,33,o,0,1.2,322.90582,-36.39568,3738.75,8306.51,3.14,2.72,-33.0,-0.351,18.31,19.06,03a60656o0082o
60655.808817,21.403,3.095,10,31,o,0,1.18,322.90582,-36.39568,3757.15,8344.37,3.08,2.69,-29.9,-0.315,18.32,19.05,03a60656o0089o
60655.814803,-18.665,0.207,-124,26,o,0,1.19,322.90582,-36.39568,3701.51,8266.57,2.95,2.49,-30.5,-0.327,18.34,19.01,03a60656o0102o
60655.83584,-19.889,0.693,-40,28,o,0,1.38,322.90582,-36.39568,3675.17,8381.51,2.85,2.33,-20.2,-0.335,18.26,18.81,03a60656o0148o
60657.036703,-20.925,2.824,-16,44,o,0,0.97,322.90582,-36.39568,3834.39,8351.36,2.39,1.93,-66.1,-0.439,18.21,18.57,04a60657o0043o
60657.042137,-19.352,0.515,-66,34,o,0,1.18,322.90582,-36.39568,3855.63,8390.61,2.38,1.93,-70.4,-0.45,18.4,18.93,04a60657o0055o
60657.045299,-20.8,1.845,-17,32,o,0,1.33,322.90582,-36.39568,3795.22,8312.45,2.43,1.9,-75.1,-0.454,18.41,19.01,04a60657o0062o
60657.0553,-19.327,0.48,-68,32,o,0,1.05,322.90582,-36.39568,3777.37,8431.42,2.43,1.95,-73.8,-0.446,18.44,19.03,04a60657o0084o
60662.036248,21.412,4.667,10,46,o,0,1.11,322.90582,-36.39568,2808.17,6523.79,2.38,2.03,-79.1,-0.41,17.99,18.31,04a60662o0023o
60662.039457,-22.05,5.757,-6,32,o,0,0.95,322.90582,-36.39568,2825.56,6561.44,2.32,1.96,-79.5,-0.405,18.3,18.87,04a60662o0030o
60662.05473,-21.137,1.581,-13,20,o,0,1.15,322.90582,-36.39568,2767.23,6488.79,2.28,1.94,-83.8,-0.417,18.83,19.9,04a60662o0063o
60662.060232,-19.953,0.536,-38,20,o,0,1.19,322.90582,-36.39568,2747.29,6603.96,2.31,1.95,-83.0,-0.403,18.85,19.91,04a60662o0075o
60662.796158,20.055,0.665,34,23,o,0,0.97,322.90582,-36.39568,2770.13,6466.27,2.68,2.44,-49.7,-0.375,18.77,19.86,03a60663o0056o
60662.799341,-20.222,0.633,-30,19,o,0,1.22,322.90582,-36.39568,2786.81,6504.21,2.69,2.41,-47.1,-0.373,18.79,19.94,03a60663o0063o
60662.812598,-19.243,0.241,-73,18,o,0,1.61,322.90582,-36.39568,2729.26,6427.67,2.8,2.55,-47.0,-0.38,18.76,19.93,03a60663o0092o
60662.818967,-20.238,0.782,-29,23,o,0,0.94,322.90582,-36.39568,2705.65,6541.77,3.21,2.93,-46.7,-0.339,18.62,19.97,03a60663o0106o
60754.394916,-19.866,1.062,-41,44,o,0,1.1,322.90582,-36.39568,52.25,5863.42,2.29,2.18,78.5,-0.393,18.55,19.36,04a60754o0873o
60754.397788,19.444,0.556,61,34,o,0,1.4,322.90582,-36.39568,70.38,5748.3,2.23,2.13,61.4,-0.383,18.55,19.32,04a60754o0879o
60757.388323,-19.3,0.293,-69,20,o,0,1.4,322.90582,-36.39568,6736.66,2197.82,2.19,2.04,-43.2,-0.427,18.55,19.23,04a60757o0844o
60757.391591,-22.34,5.76,-4,24,o,0,1.34,322.90582,-36.39568,6715.87,2159.17,2.24,2.14,-51.4,-0.432,18.54,19.23,04a60757o0851o
60757.39451,-21.627,2.378,-8,19,o,0,2.29,322.90582,-36.39568,6774.75,2236.81,2.3,2.19,-63.6,-0.43,18.56,19.26,04a60757o0857o
60757.404311,20.794,1.561,18,27,o,0,1.35,322.90582,-36.39568,6794.11,2120.65,2.24,2.12,-61.2,-0.426,18.53,19.21,04a60757o0878o
60762.392286,-23.185,12.429,-2,24,c,0,0.94,322.90582,-36.39568,7762.64,4021.54,2.66,2.43,-37.1,-0.344,18.63,20.21,04a60762o0797c
60762.398107,-20.67,1.431,-20,28,c,0,0.99,322.90582,-36.39568,7744.77,3984.42,2.55,2.27,-27.0,-0.391,18.25,19.78,04a60762o0808c
60762.402327,-19.967,0.768,-37,29,c,0,1.45,322.90582,-36.39568,7802.41,4062.16,2.73,2.44,-33.7,-0.364,18.04,19.6,04a60762o0817c
60762.414436,18.143,0.752,201,151,c,0,0.75,322.90582,-36.39568,7820.6,3947.86,2.87,2.59,-29.2,-0.329,16.74,17.58,04a60762o0843c
60765.385043,-20.326,0.582,-27,16,c,0,1.12,322.90582,-36.39568,9655.95,10094.73,2.91,2.56,-84.8,-0.378,19.19,20.88,04a60765o0863c
60765.401004,19.995,3.688,36,134,c,0,1.44,322.90582,-36.39568,9635.23,10059.48,3.01,2.46,-71.1,-0.423,16.78,18.44,04a60765o0897c
60765.413801,20.178,2.41,31,74,c,0,0.82,322.90582,-36.39568,9694.74,10139.7,3.08,2.48,-74.0,-0.435,17.86,18.85,04a60765o0924c
60765.415623,-17.737,0.5,-292,146,c,0,0.73,322.90582,-36.39568,9715.1,10020.17,2.91,2.41,-80.5,-0.424,17.22,17.96,04a60765o0928c
60766.392896,-25.198,41.5,0,13,c,0,0.97,322.90582,-36.39568,1764.29,3838.93,2.28,2.03,42.4,-0.402,19.17,20.69,04a60766o0898c
60766.397037,22.426,3.385,4,13,c,0,1.4,322.90582,-36.39568,1745.37,3800.5,2.28,2.03,44.3,-0.396,19.2,20.71,04a60766o0907c
60766.404556,19.759,0.33,45,15,c,0,0.92,322.90582,-36.39568,1801.7,3880.4,2.33,2.09,43.9,-0.395,19.13,20.65,04a60766o0923c
60766.413923,19.996,0.545,36,20,c,0,1.79,322.90582,-36.39568,1819.74,3765.22,2.5,2.23,40.5,-0.386,18.61,19.63,04a60766o0943c
60773.387716,-20.808,0.889,-17,15,c,0,1.1,322.90582,-36.39568,7918.27,5953.91,2.65,2.31,-55.0,-0.375,19.19,20.83,04a60773o0880c
60773.403215,-21.175,1.015,-12,12,c,0,1.08,322.90582,-36.39568,7896.7,5919.57,2.63,2.3,-51.1,-0.376,19.21,20.85,04a60773o0912c
60773.407409,-20.598,0.613,-21,13,c,0,1.17,322.90582,-36.39568,7955.8,5996.07,2.7,2.28,-45.6,-0.375,19.15,20.8,04a60773o0921c
60774.395488,-21.397,1.653,-10,17,o,0,1.17,322.90582,-36.39568,9694.76,3872.67,2.61,2.41,-25.6,-0.389,18.99,20.3,04a60774o0914o
60774.39965,-20.685,0.976,-19,19,o,0,1.39,322.90582,-36.39568,9675.71,3835.43,2.78,2.64,-27.1,-0.366,18.92,20.3,04a60774o0923o
60774.407069,-20.65,0.872,-20,17,o,0,1.41,322.90582,-36.39568,9732.8,3912.69,2.69,2.47,-33.3,-0.383,18.9,20.24,04a60774o0939o
60774.412549,-21.456,2.422,-10,23,o,0,0.91,322.90582,-36.39568,9753.54,3796.77,2.71,2.44,-26.9,-0.379,18.76,19.94,04a60774o0951o
60777.379585,-20.072,0.951,-34,32,o,0,1.18,322.90582,-36.39568,8533.61,8269.81,2.33,2.18,-47.5,-0.391,18.39,19.03,04a60777o0812o
60777.399476,-23.545,20.667,-1,29,o,0,1.37,322.90582,-36.39568,8514.3,8235.11,2.25,2.05,-21.5,-0.382,18.49,19.14,04a60777o0855o
60777.403589,21.417,2.934,10,29,o,0,1.25,322.90582,-36.39568,8572.63,8312.51,2.28,2.11,-27.6,-0.389,18.46,19.19,04a60777o0864o
60777.409101,-22.411,8.043,-4,32,o,0,0.97,322.90582,-36.39568,8590.37,8195.74,2.35,2.17,-37.7,-0.373,18.49,19.2,04a60777o0876o
60778.380128,22.758,10.267,3,29,o,0,1.29,322.90582,-36.39568,8643.28,2064.39,2.62,2.26,-29.8,-0.369,18.29,18.91,04a60778o0764o
60778.383519,20.482,1.327,23,31,o,0,1.24,322.90582,-36.39568,8624.01,2025.88,2.69,2.52,-48.6,-0.355,18.28,18.93,04a60778o0771o
60778.406807,19.792,0.693,44,30,o,0,1.13,322.90582,-36.39568,8682.11,2106.08,2.47,2.28,-34.6,-0.381,18.45,19.08,04a60778o0818o
60778.415723,-21.273,2.413,-11,27,o,0,1.41,322.90582,-36.39568,8700.13,1991.51,2.51,2.25,-32.9,-0.369,18.41,18.97,04a60778o0837o
60780.366368,-19.005,0.545,-91,50,o,0,1.21,322.90582,-36.39568,9508.57,70.88,2.6,2.28,71.4,-0.387,18.36,19.11,04a60780o0862o
60780.36917,16.983,1.479,584,865,o,0,0.78,322.90582,-36.39568,9488.06,32.24,2.56,2.34,78.9,-0.407,18.42,19.14,04a60780o0868o
60780.389108,-20.833,2.5,-17,42,o,0,0.89,322.90582,-36.39568,9548.07,113.24,2.76,2.29,75.0,-0.37,18.5,19.25,04a60780o0908o
60781.329952,-18.424,0.205,-155,32,o,0,1.07,322.90582,-36.39568,5623.98,10353.16,2.73,1.96,-77.1,-0.397,18.45,19.16,04a60781o0790o
60781.332863,-21.727,4.0,-7,30,o,0,0.98,322.90582,-36.39568,5602.74,10314.37,2.68,1.94,-76.2,-0.402,18.5,19.18,04a60781o0796o
60781.356132,-19.728,0.64,-47,30,o,0,1.3,322.90582,-36.39568,5662.01,10397.57,2.3,2.02,-75.1,-0.429,18.59,19.29,04a60781o0844o
60781.36151,21.697,3.414,8,26,o,0,1.11,322.90582,-36.39568,5681.98,10278.83,2.03,1.82,-49.7,-0.463,18.56,19.28,04a60781o0855o
60781.36388,-19.143,0.644,-80,52,o,0,0.97,322.90582,-36.39568,9506.69,70.77,2.76,2.43,-45.1,-0.351,18.56,19.25,04a60781o0860o
60781.3672,17.662,1.396,313,437,o,0,1.15,322.90582,-36.39568,9486.77,32.21,2.79,2.38,-40.0,-0.359,18.58,19.31,04a60781o0867o
60781.390581,-22.957,13.545,-2,32,o,0,1.08,322.90582,-36.39568,9545.79,114.23,2.67,2.38,-44.8,-0.335,18.66,19.45,04a60781o0915o
60782.320546,19.812,0.986,43,43,o,0,1.12,322.90582,-36.39568,1859.39,70.68,2.12,1.92,24.4,-0.441,18.42,19.03,04a60782o0774o
60782.332174,-21.399,3.554,-10,36,o,0,1.32,322.90582,-36.39568,7634.8,10230.7,2.32,2.05,-68.8,-0.411,18.46,19.14,04a60782o0796o
60782.334458,-20.27,1.049,-28,30,o,0,1.59,322.90582,-36.39568,7617.36,10190.39,2.09,1.84,-37.4,-0.491,18.41,19.11,04a60782o0801o
60782.339018,21.807,4.938,7,34,o,0,0.99,322.90582,-36.39568,7678.98,10269.22,1.97,1.81,-45.5,-0.5,18.49,19.14,04a60782o0811o
60782.350309,20.437,1.452,24,35,o,0,0.88,322.90582,-36.39568,7694.16,10154.59,2.14,1.86,-44.3,-0.473,18.47,19.23,04a60782o0835o
60783.111372,-21.136,1.903,-13,24,o,0,1.11,322.90582,-36.39568,7493.41,10274.6,2.77,2.12,-38.4,-0.386,18.81,19.42,03a60783o0836o
60783.114559,-19.562,0.443,-54,24,o,0,0.86,322.90582,-36.39568,7476.18,10234.27,2.77,2.13,-39.3,-0.383,18.8,19.42,03a60783o0843o
60783.13746,-20.27,0.813,-28,23,o,0,1.13,322.90582,-36.39568,7534.91,10312.97,2.82,2.18,-37.1,-0.389,18.83,19.52,03a60783o0891o
60783.149465,20.296,0.786,28,22,o,0,1.44,322.90582,-36.39568,7557.32,10197.84,2.87,2.24,-38.3,-0.388,18.81,19.53,03a60783o0915o
60784.089522,-19.959,0.67,-38,25,o,0,0.96,322.90582,-36.39568,5852.1,4162.72,2.26,1.97,-50.8,-0.434,18.67,19.27,03a60784o0817o
60784.092737,20.503,1.0,23,23,o,0,1.17,322.90582,-36.39568,5836.13,4122.74,2.21,1.94,-51.9,-0.444,18.59,19.28,03a60784o0824o
60784.097888,-18.3,0.728,-174,126,o,0,0.96,322.90582,-36.39568,5890.09,4201.26,2.32,2.06,-47.5,-0.434,16.61,16.7,03a60784o0835o
60784.111366,-19.762,0.462,-45,21,o,0,1.47,322.90582,-36.39568,5915.84,4082.84,2.23,2.09,-45.5,-0.463,18.75,19.4,03a60784o0863o
60785.346239,19.582,0.523,53,28,o,0,1.2,322.90582,-36.39568,5850.64,4148.84,2.28,2.1,-45.1,-0.443,18.42,19.25,04a60785o0523o
60785.34947,-21.071,2.267,-14,31,o,0,1.09,322.90582,-36.39568,5830.33,4112.42,2.23,2.06,-54.1,-0.44,18.38,18.86,04a60785o0530o
60785.356908,-19.641,0.556,-51,28,o,0,1.18,322.90582,-36.39568,5887.47,4189.41,2.3,2.16,-48.9,-0.462,18.4,18.89,04a60785o0546o
60785.366667,-19.094,0.349,-84,29,o,0,1.45,322.90582,-36.39568,5906.12,4075.88,2.23,2.04,-49.3,-0.467,18.41,18.91,04a60785o0567o
60786.330225,-20.372,1.729,-26,45,o,0,0.85,322.90582,-36.39568,4575.69,8506.0,2.55,2.13,-66.9,-0.379,18.22,18.78,04a60786o0800o
60786.333039,-19.554,0.646,-55,35,o,0,0.73,322.90582,-36.39568,4556.87,8467.29,2.56,1.95,-76.9,-0.412,18.3,18.8,04a60786o0806o
60786.360007,-18.889,0.308,-101,31,o,0,1.62,322.90582,-36.39568,4613.86,8549.88,2.46,2.09,-71.9,-0.384,18.3,18.82,04a60786o0862o
60786.379724,-19.044,0.463,-88,41,o,0,0.72,322.90582,-36.39568,4631.98,8436.29,2.62,2.01,-76.2,-0.419,18.32,18.92,04a60786o0901o
60789.393433,-20.656,0.648,-20,13,o,0,2.13,322.90582,-36.39568,2754.29,1924.48,2.23,2.1,-19.0,-0.389,18.94,20.2,04a60789o0932o
60789.397628,-20.496,0.724,-23,17,o,0,0.83,322.90582,-36.39568,2735.07,1885.67,2.02,1.92,54.5,-0.422,19.04,20.25,04a60789o0941o
60789.407414,-18.869,0.136,-103,14,o,0,1.12,322.90582,-36.39568,2791.23,1965.8,2.09,1.91,50.1,-0.431,19.1,20.33,04a60789o0962o
60789.418899,19.59,0.335,53,18,o,0,1.25,322.90582,-36.39568,2808.14,1852.06,2.19,1.99,43.9,-0.424,19.02,20.22,04a60789o0986o
60789.42789,22.297,5.656,4,25,o,0,1.31,322.90582,-36.39568,2769.91,1911.46,2.08,1.89,51.4,-0.433,18.62,19.31,04a60789o1005o
60791.135579,22.174,3.0,5,15,c,0,1.0,322.90582,-36.39568,406.56,8039.92,2.6,2.3,-56.0,-0.37,19.23,20.99,03a60791o0932c
60791.137402,-23.336,8.875,-2,15,c,0,1.26,322.90582,-36.39568,388.4,7999.79,2.64,2.35,-57.1,-0.371,19.24,20.99,03a60791o0936c
60791.140578,22.198,2.577,5,12,c,0,1.17,322.90582,-36.39568,447.05,8080.34,2.6,2.35,-46.9,-0.369,19.36,21.06,03a60791o0943c
60791.146516,23.347,7.3,2,12,c,0,1.18,322.90582,-36.39568,10441.47,8227.55,2.59,2.13,-54.4,-0.401,19.46,21.01,03a60791o0956c
60791.152881,0.0,21.246,0,12,c,0,1.07,322.90582,-36.39568,10424.65,8190.36,2.52,2.14,-57.2,-0.4,19.49,21.03,03a60791o0970c
60791.155624,-20.572,0.5,-21,11,c,0,1.41,322.90582,-36.39568,475.44,7965.17,2.51,2.27,-42.3,-0.373,19.45,21.06,03a60791o0976c
60791.157011,21.489,1.211,9,11,c,0,1.23,322.90582,-36.39568,10483.36,8270.19,2.57,2.18,-57.0,-0.397,19.48,21.02,03a60791o0979c
60791.163879,-19.044,0.126,-88,11,c,0,1.26,322.90582,-36.39568,10504.94,8153.99,2.6,2.15,-57.1,-0.395,19.39,20.88,03a60791o0994c
60791.171154,21.464,1.781,9,17,c,0,1.31,322.90582,-36.39568,437.27,8019.23,2.43,2.19,-38.9,-0.365,19.06,20.1,03a60791o1010c
60791.172059,21.353,1.815,10,19,c,0,1.05,322.90582,-36.39568,10466.91,8212.64,2.6,2.14,-53.8,-0.403,18.95,19.85,03a60791o1012c
60792.126802,20.256,0.394,29,11,c,0,1.73,322.90582,-36.39568,1961.36,5687.89,2.38,2.08,-57.6,-0.406,19.31,21.09,03a60792o0928c
60792.129093,-21.079,0.884,-13,12,c,0,1.63,322.90582,-36.39568,1944.03,5648.41,2.33,2.08,-49.4,-0.416,19.39,21.12,03a60792o0933c
60792.135575,-23.412,7.091,-2,11,c,0,1.04,322.90582,-36.39568,2003.08,5727.72,2.31,2.11,-47.2,-0.41,19.48,21.05,03a60792o0947c
60792.153657,21.847,1.622,7,11,c,0,1.24,322.90582,-36.39568,2029.2,5612.44,2.31,2.13,-43.3,-0.42,19.45,21.07,03a60792o0986c
60793.362476,20.337,0.478,27,13,o,0,2.02,322.90582,-36.39568,1970.9,5783.19,2.2,2.0,-77.5,-0.415,19.12,20.48,04a60793o0863o
60793.365643,-20.541,0.687,-22,15,o,0,0.93,322.90582,-36.39568,1951.91,5744.61,2.24,1.99,-77.0,-0.412,19.12,20.48,04a60793o0870o
60793.385028,-20.631,0.75,-20,15,o,0,0.95,322.90582,-36.39568,2008.82,5826.03,2.33,2.1,-64.0,-0.415,19.06,20.56,04a60793o0911o
60793.391419,20.605,0.659,21,14,o,0,1.2,322.90582,-36.39568,2026.73,5711.15,2.37,2.08,-74.8,-0.412,19.13,20.57,04a60793o0925o
60793.42108,-23.244,10.462,-2,19,o,0,0.92,322.90582,-36.39568,1983.84,5772.08,2.22,1.99,-81.3,-0.404,19.02,20.18,04a60793o0988o
60794.371252,22.483,3.762,4,14,o,0,1.48,322.90582,-36.39568,4844.25,2326.91,2.29,2.24,49.7,-0.45,19.11,20.52,04a60794o0899o
60794.374491,-19.576,0.309,-54,17,o,0,0.81,322.90582,-36.39568,4825.48,2288.77,2.22,2.2,52.6,-0.435,19.1,20.5,04a60794o0905o
60794.380034,-20.157,0.568,-31,18,o,0,0.85,322.90582,-36.39568,4881.64,2367.52,2.28,2.21,67.0,-0.447,19.1,20.52,04a60794o0917o
60794.391135,-23.126,6.667,-2,14,o,0,1.63,322.90582,-36.39568,4901.31,2252.89,2.28,2.21,58.3,-0.441,19.13,20.58,04a60794o0941o
60797.36783,-18.785,0.162,-111,18,o,0,1.07,322.90582,-36.39568,3935.06,4260.93,2.3,2.16,-64.8,-0.418,18.97,20.19,04a60797o0816o
60797.370718,-20.86,1.021,-16,17,o,0,1.3,322.90582,-36.39568,3912.88,4222.82,2.36,2.23,-70.3,-0.415,18.95,20.16,04a60797o0822o
60797.380617,20.427,0.65,24,16,o,0,0.92,322.90582,-36.39568,3969.89,4302.91,2.18,2.08,-82.1,-0.434,19.03,20.2,04a60797o0843o
60797.386169,21.059,1.177,14,16,o,0,1.26,322.90582,-36.39568,3987.04,4187.64,2.3,2.18,-50.8,-0.455,18.98,20.17,04a60797o0855o
60798.34425,-22.306,3.24,-4,14,o,0,1.53,322.90582,-36.39568,5726.03,368.86,2.23,2.18,60.3,-0.447,19.05,20.35,04a60798o0797o
60798.347452,-22.603,5.368,-3,18,o,0,1.03,322.90582,-36.39568,5706.97,330.7,2.21,2.19,81.8,-0.45,19.07,20.31,04a60798o0804o
60798.367643,-21.489,1.904,-9,18,o,0,1.0,322.90582,-36.39568,5764.93,411.55,2.26,2.2,21.6,-0.446,19.02,20.29,04a60798o0846o
60798.373601,21.572,2.024,8,17,o,0,1.09,322.90582,-36.39568,5783.5,294.84,2.42,2.38,7.2,-0.422,19.0,20.28,04a60798o0859o
60798.409829,-21.735,4.973,-7,36,o,0,0.89,322.90582,-36.39568,1550.64,10517.55,2.53,1.84,-67.6,-0.467,19.13,20.62,04a60798o0934o
60798.422725,-19.448,0.346,-60,21,o,0,1.26,322.90582,-36.39568,1632.49,10479.42,2.7,1.88,-70.3,-0.426,19.12,20.36,04a60798o0960o
60799.111559,-21.329,1.04,-11,11,c,0,0.82,322.90582,-36.39568,5840.96,378.66,2.3,2.19,-34.5,-0.388,19.53,21.22,03a60799o0887c
60799.114722,-21.344,1.014,-10,11,c,0,1.08,322.90582,-36.39568,5824.38,340.03,2.32,2.22,-32.6,-0.384,19.53,21.22,03a60799o0894c
60799.120172,22.389,2.357,4,10,c,0,1.24,322.90582,-36.39568,5880.81,420.11,2.33,2.2,-46.7,-0.388,19.53,21.23,03a60799o0906c
60799.131966,20.2,0.308,30,9,c,0,1.26,322.90582,-36.39568,5906.04,303.18,2.32,2.2,-29.7,-0.39,19.58,21.25,03a60799o0932c
60799.139226,20.45,0.404,24,10,c,0,1.59,322.90582,-36.39568,1469.84,10429.87,2.7,2.36,-38.4,-0.394,19.55,21.33,03a60799o0948c
60799.143423,21.198,0.944,12,11,c,0,0.91,322.90582,-36.39568,1450.76,10390.64,2.64,2.31,-39.2,-0.395,19.57,21.33,03a60799o0957c
60799.156897,-21.456,1.182,-10,11,c,0,1.1,322.90582,-36.39568,1511.59,10471.96,2.65,2.37,-42.6,-0.388,19.54,21.34,03a60799o0986c
60799.165901,-21.348,0.758,-10,8,c,0,1.95,322.90582,-36.39568,1538.91,10353.05,2.55,2.26,-44.3,-0.392,19.55,21.22,03a60799o1005c
60800.115729,21.475,0.833,9,8,c,0,1.8,322.90582,-36.39568,4015.88,6145.48,2.33,2.12,-46.5,-0.383,19.56,21.39,03a60800o0911c
60800.1189,-18.906,0.072,-100,7,c,0,1.76,322.90582,-36.39568,3996.55,6106.73,2.33,2.12,-53.3,-0.38,19.55,21.34,03a60800o0918c
60800.124336,-23.257,4.385,-2,8,c,0,1.74,322.90582,-36.39568,4054.38,6185.8,2.37,2.12,-49.9,-0.378,19.56,21.29,03a60800o0930c
60800.130771,-21.229,0.839,-12,10,c,0,0.74,322.90582,-36.39568,4079.47,6069.72,2.29,2.12,-51.1,-0.386,19.58,21.32,03a60800o0944c
60801.316215,-21.235,1.304,-12,15,o,0,1.35,322.90582,-36.39568,4038.93,6188.16,2.18,1.92,-78.0,-0.427,19.01,20.25,04a60801o0772o
60801.319077,-22.657,4.909,-3,15,o,0,0.8,322.90582,-36.39568,4019.59,6149.34,2.14,1.9,-73.0,-0.43,19.07,20.31,04a60801o0778o
60801.324287,-22.249,3.937,-5,18,o,0,1.19,322.90582,-36.39568,4077.37,6228.02,2.2,1.9,-77.5,-0.416,19.03,20.31,04a60801o0789o
60801.334096,-20.571,0.867,-22,19,o,0,0.91,322.90582,-36.39568,4097.11,6114.27,2.17,1.88,-69.8,-0.434,19.05,20.26,04a60801o0809o
60802.319667,-20.194,0.51,-30,16,o,0,1.41,322.90582,-36.39568,844.35,1974.92,2.44,1.87,41.1,-0.424,19.07,20.33,04a60802o0780o
60802.322876,-20.429,0.679,-24,17,o,0,0.91,322.90582,-36.39568,824.24,1936.06,2.47,1.9,40.6,-0.42,19.09,20.36,04a60802o0787o
60802.343183,-18.812,0.157,-108,17,o,0,1.18,322.90582,-36.39568,884.52,2018.72,2.39,1.87,40.9,-0.422,19.09,20.31,04a60802o0829o
60802.349702,22.267,3.645,4,16,o,0,1.02,322.90582,-36.39568,901.66,1902.37,2.38,1.86,42.3,-0.423,19.09,20.31,04a60802o0843o
60803.06907,-21.836,2.087,-7,14,c,0,1.03,322.90582,-36.39568,920.6,1865.94,2.3,2.11,-38.2,-0.401,19.37,20.91,03a60803o0809c
60803.072227,21.58,1.281,8,11,c,0,2.13,322.90582,-36.39568,902.82,1825.43,2.33,2.15,-36.5,-0.397,19.36,20.88,03a60803o0816c
60803.078155,-22.349,2.481,-4,10,c,0,1.89,322.90582,-36.39568,962.51,1906.05,2.33,2.21,-44.9,-0.398,19.36,20.84,03a60803o0829c
60803.097849,-20.647,0.556,-20,11,c,0,1.12,322.90582,-36.39568,988.29,1788.59,2.33,2.2,-40.7,-0.397,19.4,20.88,03a60803o0872c
60804.093806,-22.09,2.967,-5,16,o,0,1.44,322.90582,-36.39568,9842.64,5908.19,2.38,1.96,-51.4,-0.38,18.93,20.1,03a60804o0864o
60804.096986,20.735,0.841,18,16,o,0,1.03,322.90582,-36.39568,45.1,5735.33,2.44,2.09,-66.3,-0.391,19.15,20.31,03a60804o0871o
60804.097436,-21.052,1.213,-14,17,o,0,0.81,322.90582,-36.39568,9822.59,5870.35,2.4,1.97,-54.2,-0.385,19.14,20.34,03a60804o0872o
60804.102464,-20.925,0.886,-16,14,o,0,1.05,322.90582,-36.39568,68.0,5618.59,2.36,2.06,-64.7,-0.404,19.27,20.46,03a60804o0883o
60804.102915,20.99,0.887,15,13,o,0,1.24,322.90582,-36.39568,9881.86,5947.08,2.43,2.02,-53.0,-0.384,19.18,20.46,03a60804o0884o
60804.11381,21.103,1.19,13,16,o,0,0.93,322.90582,-36.39568,9906.81,5831.75,2.39,2.01,-55.0,-0.385,19.04,20.24,03a60804o0908o
60805.347985,-19.377,0.43,-64,28,o,0,1.11,322.90582,-36.39568,9873.21,5813.73,2.57,2.46,-51.5,-0.445,18.65,19.59,04a60805o0811o
60805.350783,21.489,2.298,9,21,o,0,1.46,322.90582,-36.39568,9851.18,5776.47,2.6,2.25,-20.2,-0.417,18.74,19.66,04a60805o0817o
60805.363137,-19.924,0.725,-39,28,o,0,0.78,322.90582,-36.39568,46.54,5880.25,2.42,2.12,-73.1,-0.393,18.78,19.83,04a60805o0841o
60805.365868,-20.5,1.05,-23,24,o,0,1.01,322.90582,-36.39568,9911.61,5855.46,2.5,2.39,-43.7,-0.434,18.78,19.74,04a60805o0847o
60805.368627,-20.456,1.574,-24,38,o,0,0.58,322.90582,-36.39568,65.06,5764.61,2.33,2.05,-59.6,-0.432,18.75,19.79,04a60805o0853o
60805.372723,-20.031,0.632,-35,22,o,0,1.5,322.90582,-36.39568,9931.83,5740.05,2.4,2.0,-85.8,-0.455,18.71,19.74,04a60805o0862o
60806.29416,-21.333,2.907,-11,31,o,0,1.03,322.90582,-36.39568,6741.92,2203.26,2.43,2.33,-46.7,-0.437,18.44,19.15,04a60806o0743o
60806.297477,-25.357,112.0,0,29,o,0,1.74,322.90582,-36.39568,6722.2,2163.94,2.67,2.46,81.2,-0.448,18.37,19.11,04a60806o0750o
60806.322371,-19.271,0.395,-71,28,o,0,1.38,322.90582,-36.39568,6779.75,2245.94,2.58,2.47,85.4,-0.44,18.51,19.26,04a60806o0804o
60806.32833,21.488,2.604,9,24,o,0,1.45,322.90582,-36.39568,6798.44,2129.92,2.42,2.36,-27.9,-0.418,18.53,19.31,04a60806o0817o
60807.042627,-20.63,1.115,-20,23,o,0,1.42,322.90582,-36.39568,6799.35,2242.2,2.21,2.01,-42.7,-0.46,18.71,19.11,03a60807o0764o
60807.045331,-24.445,34.6,-1,21,o,0,1.26,322.90582,-36.39568,6779.18,2203.23,2.21,1.98,-41.0,-0.45,18.71,19.15,03a60807o0770o
60807.052712,-20.823,1.092,-17,19,o,0,2.12,322.90582,-36.39568,6836.94,2281.26,2.17,1.95,-42.9,-0.464,18.65,19.03,03a60807o0786o
60807.077412,-20.711,1.326,-19,25,o,0,1.37,322.90582,-36.39568,6863.3,2166.76,2.24,2.02,-41.6,-0.453,18.52,18.93,03a60807o0839o
60808.014695,-20.042,0.898,-35,31,o,0,0.99,322.90582,-36.39568,6467.78,8415.17,2.51,2.11,-42.7,-0.404,18.48,18.71,03a60808o0705o
60808.041383,-20.86,1.659,-16,27,o,0,1.08,322.90582,-36.39568,6443.48,8376.56,2.49,2.02,-41.9,-0.401,18.59,18.82,03a60808o0762o
60808.044088,-20.181,0.944,-31,29,o,0,1.01,322.90582,-36.39568,6501.78,8454.91,2.42,2.02,-42.9,-0.414,18.59,18.81,03a60808o0768o
60808.064008,20.962,1.383,15,21,o,0,1.61,322.90582,-36.39568,6522.15,8341.43,2.4,2.0,-40.2,-0.409,18.72,19.0,03a60808o0810o
60809.306567,18.446,1.366,152,208,o,0,1.15,322.90582,-36.39568,6549.28,8404.81,2.45,2.03,-60.9,-0.417,15.9,15.99,04a60809o0776o
60809.309771,19.7,4.145,48,198,o,0,0.82,322.90582,-36.39568,6530.15,8366.44,2.38,2.01,-61.1,-0.377,16.79,16.69,04a60809o0783o
60809.33273,-18.272,1.045,-178,186,o,0,1.02,322.90582,-36.39568,6587.75,8448.15,2.38,2.06,-62.3,-0.375,16.69,16.58,04a60809o0831o
60809.33823,21.194,5.018,12,61,o,0,1.02,322.90582,-36.39568,6605.38,8331.71,2.47,2.12,-48.4,-0.376,17.84,18.07,04a60809o0843o
60810.095721,-19.674,0.457,-49,22,o,0,1.38,322.90582,-36.39568,2516.74,8518.61,2.55,2.24,-45.4,-0.384,18.69,19.09,03a60810o0874o
60810.097526,-21.778,3.17,-7,22,o,0,1.08,322.90582,-36.39568,2500.49,8479.22,2.47,2.14,-44.5,-0.38,18.75,19.1,03a60810o0878o
60810.104789,21.157,1.641,12,20,o,0,1.29,322.90582,-36.39568,2557.57,8558.45,2.5,2.16,-48.0,-0.385,18.72,19.13,03a60810o0893o
60810.114653,21.835,3.7,7,25,o,0,0.88,322.90582,-36.39568,2581.35,8440.78,2.48,2.14,-50.3,-0.382,18.75,19.1,03a60810o0914o
60811.082583,-20.038,0.708,-35,25,o,0,1.39,322.90582,-36.39568,2514.64,8517.96,2.44,2.11,-48.3,-0.388,18.6,19.03,03a60811o0855o
60811.085319,-20.53,1.03,-22,23,o,0,1.06,322.90582,-36.39568,2497.22,8478.25,2.39,2.08,-50.0,-0.384,18.69,19.07,03a60811o0861o
60811.089516,21.497,2.647,9,24,o,0,1.09,322.90582,-36.39568,2553.4,8557.4,2.43,2.07,-47.5,-0.384,18.73,19.08,03a60811o0869o
60811.100045,-20.201,0.741,-30,22,o,0,1.2,322.90582,-36.39568,2578.12,8441.91,2.49,2.16,-46.2,-0.38,18.73,19.13,03a60811o0892o
60817.320327,-19.652,0.327,-50,16,o,0,1.48,322.90582,-36.39568,1763.0,3846.73,2.33,2.2,-43.0,-0.411,18.93,20.16,04a60817o0775o
60817.32354,23.718,13.125,1,16,o,0,1.41,322.90582,-36.39568,1742.26,3809.21,2.23,2.1,68.8,-0.392,19.03,20.25,04a60817o0782o
60817.326707,-20.593,0.562,-21,12,o,0,1.74,322.90582,-36.39568,1798.94,3888.2,2.19,2.02,67.3,-0.406,19.04,20.24,04a60817o0789o
60817.33384,22.953,7.235,2,17,o,0,0.91,322.90582,-36.39568,1816.21,3773.07,2.1,2.01,66.5,-0.42,19.04,20.25,04a60817o0804o
60818.088841,-18.772,0.118,-112,13,o,0,1.22,322.90582,-36.39568,3484.9,10404.08,2.62,2.17,-43.3,-0.386,19.32,20.39,03a60818o0870o
60818.091712,-18.687,0.123,-122,15,o,0,0.72,322.90582,-36.39568,3466.32,10364.11,2.66,2.24,-40.4,-0.378,19.32,20.4,03a60818o0876o
60818.097416,20.619,0.657,20,14,o,0,1.28,322.90582,-36.39568,3524.79,10442.37,2.62,2.19,-37.4,-0.392,19.35,20.42,03a60818o0888o
60818.10295,-21.153,1.098,-13,14,o,0,1.21,322.90582,-36.39568,3548.38,10325.28,2.55,2.16,-40.1,-0.386,19.35,20.42,03a60818o0900o
60818.342865,-24.03,14.4,-1,13,o,0,1.56,322.90582,-36.39568,7609.2,251.82,2.45,2.27,-35.7,-0.396,19.08,20.42,04a60818o0837o
60818.344684,23.413,10.667,2,17,o,0,0.75,322.90582,-36.39568,7590.47,213.19,2.43,2.25,-32.2,-0.392,19.12,20.41,04a60818o0841o
60818.348334,20.295,0.574,28,16,o,0,1.09,322.90582,-36.39568,7646.49,291.22,2.43,2.19,-36.8,-0.402,19.11,20.4,04a60818o0849o
60818.354314,-20.408,0.562,-25,14,o,0,1.01,322.90582,-36.39568,7665.57,173.9,2.38,2.18,-41.4,-0.398,19.13,20.47,04a60818o0862o
60819.073146,-21.62,1.585,-8,13,o,0,1.04,322.90582,-36.39568,7722.79,295.51,2.28,2.08,-46.0,-0.409,19.28,20.48,03a60819o0843o
60819.074949,-20.378,0.486,-26,12,o,0,1.58,322.90582,-36.39568,7705.52,256.57,2.24,2.09,-42.0,-0.415,19.3,20.45,03a60819o0847o
60819.075879,-20.232,0.464,-29,14,o,0,1.43,322.90582,-36.39568,3481.11,10398.79,2.74,2.29,-37.8,-0.389,19.32,20.53,03a60819o0849o
60819.077697,-21.628,1.706,-8,14,o,0,1.23,322.90582,-36.39568,3461.22,10358.92,2.77,2.28,-35.7,-0.377,19.33,20.49,03a60819o0853o
60819.078599,23.487,7.333,2,11,o,0,1.9,322.90582,-36.39568,7762.32,335.29,2.29,2.08,-43.6,-0.413,19.28,20.4,03a60819o0855o
60819.080857,-22.88,5.375,-3,14,o,0,1.16,322.90582,-36.39568,3520.87,10438.71,2.78,2.31,-34.0,-0.379,19.28,20.45,03a60819o0860o
60819.083893,-19.101,0.155,-83,13,o,0,1.36,322.90582,-36.39568,7786.07,216.66,2.32,2.1,-40.0,-0.413,19.29,20.41,03a60819o0866o
60819.086153,-18.854,0.13,-104,14,o,0,1.21,322.90582,-36.39568,3542.61,10321.17,2.76,2.36,-43.1,-0.372,19.27,20.41,03a60819o0871o
60820.066315,21.92,1.922,6,12,o,0,1.09,322.90582,-36.39568,5956.61,6093.22,2.3,2.07,-45.7,-0.417,19.4,20.61,03a60820o0828o
60820.068122,-21.017,0.835,-14,12,o,0,0.92,322.90582,-36.39568,5936.0,6054.38,2.31,2.09,-48.9,-0.415,19.4,20.61,03a60820o0832o
60820.075533,-20.482,0.5,-23,12,o,0,1.16,322.90582,-36.39568,5993.35,6131.34,2.5,2.28,-44.2,-0.404,19.32,20.61,03a60820o0848o
60820.080944,-18.848,0.108,-105,11,o,0,0.92,322.90582,-36.39568,6018.35,6017.86,2.37,2.17,-45.5,-0.415,19.35,20.54,03a60820o0860o
60825.430506,20.553,1.036,22,23,c,0,0.79,322.90582,-36.39568,864.22,6649.69,2.48,2.18,-87.1,-0.375,18.74,19.82,04a60825o0338c
60825.432778,21.804,2.545,7,18,c,0,1.6,322.90582,-36.39568,884.63,6688.59,2.5,2.17,-86.0,-0.365,18.74,19.77,04a60825o0343c
60825.435528,-19.52,0.414,-56,23,c,0,0.71,322.90582,-36.39568,828.56,6613.28,2.49,2.24,87.9,-0.363,18.64,19.67,04a60825o0349c
60825.437799,-19.559,0.547,-54,30,c,0,3.62,322.90582,-36.39568,806.3,6729.71,2.53,2.21,-88.7,-0.361,18.58,19.53,04a60825o0354c
60825.44066,-20.697,1.426,-19,27,c,0,1.62,322.90582,-36.39568,847.89,6670.67,2.56,2.24,82.4,-0.364,18.25,18.9,04a60825o0360c
60826.05517,-20.655,0.642,-20,13,o,0,1.18,322.90582,-36.39568,8452.18,8334.8,2.94,2.55,-41.6,-0.399,19.31,20.83,03a60826o0693o
60826.058355,21.385,1.258,10,13,o,0,1.06,322.90582,-36.39568,8434.1,8296.35,2.75,2.37,-41.7,-0.409,19.39,20.82,03a60826o0700o
60826.061594,-24.039,13.667,-1,12,o,0,1.07,322.90582,-36.39568,8492.87,8373.87,2.64,2.21,-44.4,-0.406,19.45,20.82,03a60826o0707o
60826.067221,20.6,0.547,21,11,o,0,0.93,322.90582,-36.39568,8514.0,8258.05,2.58,2.16,-42.8,-0.403,19.49,20.82,03a60826o0719o
60827.03044,-21.162,0.896,-12,11,o,0,1.05,322.90582,-36.39568,8444.6,8335.38,2.51,2.03,-43.5,-0.409,19.49,20.77,03a60827o0736o
60827.058853,23.139,4.867,2,10,o,0,1.39,322.90582,-36.39568,8430.63,8295.49,2.57,2.08,-44.1,-0.406,19.46,20.76,03a60827o0795o
60827.062012,21.871,1.625,6,10,o,0,1.69,322.90582,-36.39568,8488.85,8375.22,2.55,2.11,-43.0,-0.403,19.49,20.81,03a60827o0802o
60827.065178,-26.124,78.0,0,10,o,0,1.22,322.90582,-36.39568,8510.43,8259.7,2.47,2.07,-42.5,-0.41,19.47,20.74,03a60827o0809o
60828.071222,-20.496,0.538,-23,12,o,0,1.17,322.90582,-36.39568,8717.38,2147.6,2.24,2.03,-55.4,-0.432,19.38,20.56,03a60828o0833o
60828.073479,-21.492,1.231,-9,11,o,0,1.29,322.90582,-36.39568,8700.46,2109.81,2.25,2.03,-48.5,-0.436,19.39,20.56,03a60828o0838o
60828.076643,-21.021,0.911,-14,13,o,0,0.94,322.90582,-36.39568,8756.08,2188.12,2.23,2.0,-47.4,-0.438,19.42,20.56,03a60828o0845o
60828.082103,20.634,0.65,20,13,o,0,1.06,322.90582,-36.39568,8779.55,2072.38,2.21,2.01,-46.8,-0.439,19.43,20.6,03a60828o0857o
60830.283675,-19.145,1.119,-80,89,c,0,0.86,322.90582,-36.39568,9510.22,86.45,3.02,2.78,-29.4,-0.356,17.18,19.06,04a60830o0543c
60830.286903,-19.461,0.518,-60,31,c,0,0.97,322.90582,-36.39568,9486.57,50.29,3.23,2.49,-27.9,-0.355,18.89,20.81,04a60830o0550c
60830.290288,-20.545,1.133,-22,25,c,0,1.21,322.90582,-36.39568,9547.37,125.93,3.01,2.89,-28.9,-0.355,18.56,20.47,04a60830o0557c
60830.900169,23.277,14.875,2,26,o,0,1.01,322.90582,-36.39568,5511.58,10343.9,3.32,2.54,-33.6,-0.339,18.64,19.52,03a60831o0471o
60830.904386,-20.291,0.983,-28,27,o,0,1.08,322.90582,-36.39568,5487.91,10307.58,3.41,2.69,-27.8,-0.34,18.6,19.51,03a60831o0480o
60830.909532,-19.163,0.291,-78,23,o,0,1.41,322.90582,-36.39568,5546.64,10387.12,3.22,2.63,-30.4,-0.341,18.69,19.48,03a60831o0491o
60830.920578,-21.566,2.511,-9,22,o,0,0.93,322.90582,-36.39568,5564.08,10270.8,3.03,2.43,-33.2,-0.354,18.83,19.57,03a60831o0515o
60831.048378,-20.235,0.415,-29,12,o,0,1.3,322.90582,-36.39568,9623.57,179.72,2.41,2.2,-38.2,-0.471,19.33,20.56,03a60831o0788o
60831.051177,-20.383,0.538,-26,14,o,0,1.24,322.90582,-36.39568,9605.35,140.93,2.38,2.15,-31.5,-0.48,19.35,20.54,03a60831o0794o
60831.0548,-20.659,0.769,-20,15,o,0,0.85,322.90582,-36.39568,9662.93,219.59,2.35,2.16,-35.8,-0.479,19.38,20.54,03a60831o0802o
60831.062121,-21.703,1.603,-8,12,o,0,1.62,322.90582,-36.39568,9687.81,102.22,2.31,2.07,-42.2,-0.485,19.36,20.51,03a60831o0818o
60832.054418,-20.26,0.515,-29,15,o,0,1.09,322.90582,-36.39568,7503.85,10281.11,2.71,2.12,-36.5,-0.399,19.39,20.55,03a60832o0801o
60832.056238,-19.864,0.29,-41,12,o,0,1.4,322.90582,-36.39568,7485.08,10242.21,2.75,2.16,-36.2,-0.406,19.43,20.57,03a60832o0805o
60832.061114,-20.492,0.564,-23,13,o,0,1.22,322.90582,-36.39568,7546.37,10319.38,2.82,2.2,-39.7,-0.393,19.36,20.58,03a60832o0814o
60832.066545,-20.509,0.535,-23,12,o,0,1.21,322.90582,-36.39568,7567.88,10203.96,2.68,2.12,-38.2,-0.407,19.39,20.54,03a60832o0826o
60833.141601,19.44,0.713,61,43,o,0,0.97,322.90582,-36.39568,7638.84,10225.06,3.08,2.7,89.6,-0.294,18.08,18.96,04a60833o0363o
60833.17697,20.225,1.027,30,30,o,0,1.12,322.90582,-36.39568,7621.06,10191.69,3.09,2.58,-80.6,-0.349,18.31,19.31,04a60833o0438o
60833.180318,21.12,2.255,13,29,o,0,1.48,322.90582,-36.39568,7679.73,10272.57,2.95,2.51,-84.9,-0.317,18.38,19.35,04a60833o0445o
60833.18592,-21.153,2.574,-13,32,o,0,1.04,322.90582,-36.39568,7697.19,10155.56,2.91,2.48,-86.7,-0.335,18.45,19.41,04a60833o0457o
60833.303553,-21.1,2.09,-13,28,o,0,1.22,322.90582,-36.39568,1822.33,55.01,2.62,1.96,43.9,-0.429,18.85,19.93,04a60833o0693o
60833.311888,20.87,1.531,16,25,o,0,1.08,322.90582,-36.39568,1861.11,95.32,2.46,1.88,43.0,-0.447,18.95,19.94,04a60833o0710o
60834.387303,-19.978,0.262,-37,10,o,0,2.58,322.90582,-36.39568,4715.67,6380.02,2.08,1.9,-60.7,-0.427,19.25,20.58,04a60834o0255o
60834.390515,-22.934,4.75,-2,12,o,0,1.62,322.90582,-36.39568,4735.24,6419.05,2.24,2.02,-63.8,-0.425,19.19,20.65,04a60834o0262o
60834.402353,-20.806,0.835,-17,14,o,0,1.07,322.90582,-36.39568,4679.4,6341.42,2.16,1.99,-65.1,-0.438,19.25,20.73,04a60834o0286o
60834.407654,-20.94,0.854,-15,13,o,0,0.97,322.90582,-36.39568,4660.24,6459.29,2.21,1.98,-68.9,-0.428,19.25,20.75,04a60834o0297o
60837.209178,19.919,1.047,39,41,o,0,1.39,322.90582,-36.39568,4576.01,8511.29,2.64,2.12,-71.3,-0.419,18.11,18.6,04a60837o0575o
60837.212392,-18.738,0.319,-116,37,o,0,1.46,322.90582,-36.39568,4556.96,8473.0,2.5,1.99,-72.4,-0.441,18.16,18.6,04a60837o0582o
60837.219907,20.722,2.208,19,41,o,0,1.23,322.90582,-36.39568,4616.35,8551.79,2.62,2.0,-75.3,-0.434,18.19,18.65,04a60837o0597o
60837.22597,19.184,0.508,77,39,o,0,1.01,322.90582,-36.39568,4632.96,8436.57,2.58,2.02,-75.1,-0.423,18.19,18.6,04a60837o0610o
60838.9939,19.965,0.962,38,36,o,0,0.9,322.90582,-36.39568,2835.46,1855.27,2.54,2.16,-66.6,-0.391,18.43,18.76,03a60839o0681o
60838.996661,21.507,3.026,9,27,o,0,1.06,322.90582,-36.39568,2818.03,1815.71,2.22,1.98,-48.4,-0.424,18.57,18.81,03a60839o0687o
60838.999824,19.507,0.454,57,26,o,0,0.98,322.90582,-36.39568,2873.81,1895.87,2.33,2.04,-66.4,-0.406,18.55,18.83,03a60839o0694o
60839.005266,-19.865,0.578,-41,24,o,0,1.07,322.90582,-36.39568,2896.43,1779.28,2.23,1.97,-57.6,-0.412,18.58,18.85,03a60839o0706o
60841.92206,-20.836,1.759,-17,30,o,0,1.18,322.90582,-36.39568,3994.46,6167.74,2.59,2.23,-45.5,-0.365,18.33,18.65,03a60842o0478o
60841.931016,0.0,20.188,0,30,o,0,1.12,322.90582,-36.39568,3992.94,6109.76,2.66,2.35,-43.2,-0.371,18.31,18.72,03a60842o0496o
60841.931466,-21.264,2.925,-11,33,o,0,0.92,322.90582,-36.39568,3992.91,6109.92,2.72,2.41,-44.9,-0.375,18.31,18.72,03a60842o0497o
60841.965679,-21.121,2.226,-13,29,o,0,0.75,322.90582,-36.39568,4071.86,6071.73,2.45,2.2,-47.8,-0.388,18.47,18.82,03a60842o0560o
60843.364493,-20.838,1.66,-17,28,o,0,1.17,322.90582,-36.39568,871.76,6651.51,2.54,2.21,86.9,-0.362,18.45,19.26,04a60843o0482o
60843.392834,23.188,14.5,2,28,o,0,0.89,322.90582,-36.39568,893.37,6690.2,2.49,2.15,84.2,-0.356,18.45,19.19,04a60843o0543o
60843.396033,21.175,2.123,12,26,o,0,1.24,322.90582,-36.39568,837.01,6614.3,2.59,2.16,86.2,-0.359,18.44,19.22,04a60843o0549o
60843.420125,-21.069,2.193,-14,30,o,0,0.94,322.90582,-36.39568,818.21,6733.08,2.5,2.15,87.9,-0.364,18.46,19.22,04a60843o0600o
60843.445135,-22.317,9.391,-4,40,o,0,1.16,322.90582,-36.39568,861.38,6675.76,2.69,2.32,81.8,-0.345,18.14,18.58,04a60843o0650o
60850.399764,21.337,1.3,11,14,o,0,1.07,322.90582,-36.39568,6543.77,4361.01,2.22,2.1,-47.6,-0.429,19.17,20.49,04a60850o0813o
60850.402658,-19.07,0.163,-86,14,o,0,1.14,322.90582,-36.39568,6564.98,4399.72,2.19,2.04,-50.5,-0.455,19.17,20.42,04a60850o0819o
60850.408274,-22.411,4.042,-4,16,o,0,0.98,322.90582,-36.39568,6506.58,4321.93,2.3,2.14,-43.7,-0.452,19.13,20.47,04a60850o0831o
60850.428064,-19.506,0.307,-57,18,o,0,1.58,322.90582,-36.39568,6488.8,4440.22,2.37,2.28,-55.0,-0.475,19.06,20.39,04a60850o0871o
60851.12739,20.838,0.549,17,9,c,0,1.19,322.90582,-36.39568,6546.55,4422.97,3.13,2.77,-9.1,-0.374,19.56,21.88,03a60851o0844c
60851.130602,-21.315,0.886,-11,10,c,0,1.05,322.90582,-36.39568,6568.48,4462.26,3.86,2.74,0.8,-0.358,19.48,21.88,03a60851o0851c
60851.131524,21.858,1.351,7,9,c,0,1.06,322.90582,-36.39568,6567.57,4462.16,2.95,2.53,-3.3,-0.381,19.65,21.88,03a60851o0853c
60851.136709,-21.284,0.704,-11,8,c,0,1.56,322.90582,-36.39568,6511.62,4383.04,3.23,2.66,-2.2,-0.386,19.56,21.85,03a60851o0864c
60851.147199,23.444,5.375,2,8,c,0,1.34,322.90582,-36.39568,6490.28,4497.82,3.17,2.51,-2.3,-0.379,19.61,21.89,03a60851o0886c
60851.185834,-20.522,0.547,-22,12,c,0,0.96,322.90582,-36.39568,6536.36,4442.38,3.42,2.8,-1.1,-0.4,19.29,21.27,03a60851o0967c
60853.341831,25.646,102.0,0,20,o,0,0.85,322.90582,-36.39568,9719.88,8577.12,2.54,2.25,-6.8,-0.421,19.21,20.9,04a60853o0800o
60853.370056,25.764,101.0,0,18,o,0,0.79,322.90582,-36.39568,9740.78,8620.14,2.41,2.14,-1.1,-0.412,19.25,20.65,04a60853o0859o
60853.398871,-20.661,0.913,-20,18,o,0,0.94,322.90582,-36.39568,9684.2,8543.59,2.37,2.23,-9.1,-0.429,19.16,20.54,04a60853o0920o
60853.423834,-23.359,12.714,-2,21,o,0,0.93,322.90582,-36.39568,9670.21,8663.22,2.59,2.49,-23.9,-0.408,19.15,20.47,04a60853o0973o
60854.478387,-21.595,1.964,-8,16,c,0,1.9,322.90582,-36.39568,4688.75,6417.25,2.92,2.73,19.4,-0.381,18.8,20.49,02a60854o0482c
60854.486172,22.224,3.368,5,16,c,0,1.31,322.90582,-36.39568,4711.46,6452.25,2.83,2.72,13.7,-0.388,19.02,20.73,02a60854o0499c
60854.488924,-21.538,1.605,-9,14,c,0,1.46,322.90582,-36.39568,4652.53,6376.62,2.93,2.67,18.5,-0.39,19.1,20.83,02a60854o0505c
60854.501722,-18.859,0.143,-104,15,c,0,0.97,322.90582,-36.39568,4629.84,6491.43,2.68,2.5,27.6,-0.387,19.26,20.9,02a60854o0533c
60854.528338,-21.011,0.985,-14,14,c,0,1.16,322.90582,-36.39568,4628.78,6490.32,2.71,2.62,35.1,-0.395,19.16,20.94,02a60854o0587c
60855.934778,-20.23,0.261,-29,8,c,0,1.06,322.90582,-36.39568,6807.7,2234.18,2.38,2.34,-27.2,-0.429,19.8,21.94,03a60856o0540c
60855.937546,-21.497,0.855,-9,8,c,0,1.25,322.90582,-36.39568,6785.07,2202.2,2.39,2.17,-46.6,-0.418,19.82,21.98,03a60856o0546c
60855.942697,-21.123,0.495,-13,6,c,0,1.67,322.90582,-36.39568,6843.72,2281.1,2.39,2.19,-47.6,-0.42,19.81,21.97,03a60856o0557c
60855.978505,20.431,0.33,24,8,c,0,1.22,322.90582,-36.39568,6875.14,2164.11,2.44,2.24,-46.8,-0.417,19.84,21.99,03a60856o0632c
60857.176621,20.088,0.745,34,25,o,0,0.97,322.90582,-36.39568,6743.36,2206.8,2.54,2.51,-65.4,-0.44,18.66,20.01,04a60857o0114o
60857.17987,21.329,1.735,11,18,o,0,1.78,322.90582,-36.39568,6719.69,2170.19,2.54,2.35,-26.5,-0.394,18.46,19.78,04a60857o0121o
60857.201453,20.99,0.944,15,14,o,0,1.39,322.90582,-36.39568,6779.28,2250.81,2.28,2.14,-23.4,-0.426,19.19,20.57,04a60857o0166o
60857.20648,-20.85,0.872,-17,14,o,0,1.31,322.90582,-36.39568,6797.03,2135.29,2.37,2.18,-22.9,-0.412,18.94,20.3,04a60857o0177o
60857.976656,-22.652,2.778,-3,9,c,0,1.55,322.90582,-36.39568,6474.12,8418.64,2.64,2.34,-48.7,-0.39,19.65,21.83,03a60858o0618c
60857.978462,21.96,1.515,6,9,c,0,1.1,322.90582,-36.39568,6456.06,8380.51,2.64,2.34,-49.3,-0.389,19.61,21.78,03a60858o0622c
60857.981641,-20.526,0.537,-22,12,c,0,1.44,322.90582,-36.39568,6514.4,8458.44,2.65,2.34,-51.9,-0.39,19.12,21.25,03a60858o0629c
60857.986735,-21.415,1.0,-10,10,c,0,1.05,322.90582,-36.39568,6536.98,8340.85,2.64,2.34,-51.5,-0.389,19.49,21.67,03a60858o0640c
60859.012867,21.644,1.037,8,8,c,0,1.15,322.90582,-36.39568,6484.86,8419.77,2.64,2.28,-49.0,-0.39,19.82,21.9,03a60859o0675c
60859.014672,20.382,0.276,26,7,c,0,2.23,322.90582,-36.39568,6466.67,8380.82,2.59,2.25,-50.6,-0.387,19.74,21.84,03a60859o0679c
60859.017522,22.145,1.457,5,7,c,0,1.33,322.90582,-36.39568,6523.78,8459.06,2.61,2.27,-45.7,-0.385,19.83,21.92,03a60859o0685c
60859.022959,19.762,0.262,45,12,c,0,1.08,322.90582,-36.39568,6545.56,8344.22,2.56,2.26,-48.5,-0.387,19.38,21.38,03a60859o0697c
60861.358,-20.665,0.95,-20,19,o,0,1.22,322.90582,-36.39568,1919.69,8465.28,2.51,2.3,-36.9,-0.389,18.78,20.45,04a60861o0777o
60861.363951,20.299,0.7,28,19,o,0,1.24,322.90582,-36.39568,1938.9,8504.1,2.96,2.32,-76.0,-0.368,18.78,20.32,04a60861o0788o
60861.366427,-23.109,10.25,-2,21,o,0,0.79,322.90582,-36.39568,1882.82,8427.63,2.93,2.29,-74.6,-0.372,18.83,20.39,04a60861o0793o
60861.37671,-21.618,1.816,-8,15,o,0,1.64,322.90582,-36.39568,1863.4,8546.59,2.81,2.19,-75.0,-0.371,19.0,20.55,04a60861o0815o
60861.571293,-20.296,0.912,-28,25,o,0,1.05,322.90582,-36.39568,8657.7,2062.98,2.66,2.26,-59.0,-0.425,18.65,20.0,02a60861o0686o
60861.574046,-21.576,3.379,-8,29,o,0,1.04,322.90582,-36.39568,8638.88,2025.98,2.6,2.24,-57.7,-0.424,18.62,20.04,02a60861o0692o
60861.579085,20.567,1.1,22,24,o,0,1.39,322.90582,-36.39568,8694.44,2103.15,2.51,2.17,-59.3,-0.44,18.49,19.88,02a60861o0703o
60861.58886,-20.897,1.761,-16,28,o,0,0.79,322.90582,-36.39568,8713.32,1987.56,2.63,2.24,-56.8,-0.435,18.44,19.82,02a60861o0724o
60863.916455,-21.584,2.674,-8,23,o,0,1.43,322.90582,-36.39568,9525.88,10187.41,3.03,2.19,-37.4,-0.453,18.97,19.74,03a60864o0502o
60863.919201,-19.83,0.575,-42,24,o,0,1.46,322.90582,-36.39568,9508.17,10148.74,3.02,2.16,-37.5,-0.471,18.99,19.75,03a60864o0508o
60863.921953,-20.609,1.191,-21,25,o,0,0.99,322.90582,-36.39568,9568.19,10226.36,2.98,2.15,-39.1,-0.467,18.97,19.75,03a60864o0514o
60863.947208,-21.598,2.833,-8,24,o,0,1.04,322.90582,-36.39568,9590.85,10109.35,2.97,2.14,-39.8,-0.461,19.0,19.83,03a60864o0568o
60865.205349,19.883,1.05,40,42,o,0,0.96,322.90582,-36.39568,9649.05,10116.2,2.55,2.23,10.6,-0.48,18.44,18.95,04a60865o0552o
60865.207224,-20.337,1.616,-27,43,o,0,1.03,322.90582,-36.39568,9629.56,10077.47,2.42,2.29,0.4,-0.474,18.48,18.95,04a60865o0556o
60865.210013,21.094,3.143,13,42,o,0,1.16,322.90582,-36.39568,9690.09,10155.53,2.45,2.26,10.0,-0.491,18.42,19.0,04a60865o0562o
60865.215131,-18.848,0.397,-105,42,o,0,0.93,322.90582,-36.39568,9709.26,10037.91,2.36,2.23,-4.1,-0.486,18.51,19.13,04a60865o0573o
60870.315118,19.857,1.093,41,45,o,0,0.86,322.90582,-36.39568,4594.46,4449.61,2.58,2.4,-77.5,-0.399,17.98,18.68,04a60870o0779o
60870.343596,-19.027,0.454,-89,40,o,0,0.93,322.90582,-36.39568,4619.78,4490.84,2.5,2.32,-78.0,-0.403,18.02,18.62,04a60870o0838o
60870.372535,-20.504,2.279,-23,52,o,0,0.7,322.90582,-36.39568,4566.25,4416.2,2.63,2.46,-76.5,-0.395,17.96,18.59,04a60870o0898o
60870.397863,-20.856,2.099,-16,35,o,0,1.63,322.90582,-36.39568,4548.6,4536.1,2.25,2.18,-55.0,-0.441,18.12,18.72,04a60870o0949o
60871.105921,-19.794,0.85,-44,37,o,0,1.19,322.90582,-36.39568,4618.0,4468.32,2.18,1.99,-51.4,-0.432,18.15,18.47,03a60871o0721o
60871.108861,-21.392,1.932,-10,20,o,0,1.04,322.90582,-36.39568,4638.86,4506.25,2.21,1.97,-49.3,-0.429,18.82,19.43,03a60871o0727o
60871.118898,-22.296,5.205,-4,23,o,0,0.91,322.90582,-36.39568,4583.42,4428.1,2.11,1.94,-50.2,-0.437,18.73,19.27,03a60871o0749o
60871.128172,-20.449,0.617,-24,15,o,0,1.38,322.90582,-36.39568,4562.0,4544.75,2.19,1.97,-49.8,-0.425,18.93,19.62,03a60871o0769o
60871.972776,-21.308,1.292,-11,14,o,0,1.05,322.90582,-36.39568,7916.86,6017.51,2.35,2.01,-45.1,-0.428,19.22,20.16,03a60872o0245o
60871.975066,-23.4,7.462,-2,12,o,0,1.26,322.90582,-36.39568,7896.84,5979.13,2.37,2.0,-45.5,-0.419,19.21,20.15,03a60872o0250o
60871.977774,-22.188,2.769,-5,13,o,0,1.42,322.90582,-36.39568,7954.53,6056.49,2.35,2.04,-45.1,-0.424,19.18,20.15,03a60872o0256o
60872.013181,-22.081,2.213,-5,12,o,0,1.43,322.90582,-36.39568,7990.5,5941.68,2.3,1.93,-46.3,-0.418,19.25,20.18,03a60872o0329o
60872.321298,20.169,0.622,31,19,o,0,1.39,322.90582,-36.39568,7097.87,4039.05,2.67,2.44,-39.5,-0.376,18.81,19.96,04a60872o0780o
60872.321748,-20.149,0.608,-32,19,o,0,0.96,322.90582,-36.39568,7116.76,4077.99,2.55,2.4,-57.1,-0.387,18.82,19.95,04a60872o0781o
60872.322199,-22.099,3.533,-5,19,o,0,1.03,322.90582,-36.39568,7058.48,3999.99,2.42,2.31,-47.4,-0.4,18.86,19.94,04a60872o0782o
60872.32265,21.602,2.319,8,19,o,0,0.77,322.90582,-36.39568,7039.89,4115.97,2.46,2.3,-53.9,-0.395,18.86,19.92,04a60872o0783o
60872.323101,-21.057,1.494,-14,20,o,0,0.85,322.90582,-36.39568,7077.26,4058.21,2.43,2.28,-64.9,-0.397,18.87,19.94,04a60872o0784o
60872.338687,-21.556,2.333,-9,20,o,0,1.16,322.90582,-36.39568,7000.05,3800.05,2.52,2.38,-45.1,-0.412,18.81,19.91,04a60872o0817o
60872.339137,-21.029,1.347,-14,19,o,0,1.11,322.90582,-36.39568,7021.29,3838.86,2.45,2.38,-43.4,-0.412,18.81,20.0,04a60872o0818o
60872.339588,21.88,3.657,6,24,o,0,0.94,322.90582,-36.39568,6962.89,3760.78,2.45,2.33,-56.4,-0.413,18.81,19.99,04a60872o0819o
60872.340038,21.455,2.13,10,20,o,0,1.12,322.90582,-36.39568,6941.87,3876.66,2.43,2.29,-56.6,-0.409,18.81,19.94,04a60872o0820o
60872.340489,-21.368,2.088,-10,22,o,0,0.95,322.90582,-36.39568,6981.45,3818.85,2.45,2.32,-44.8,-0.401,18.81,19.89,04a60872o0821o
60872.382857,-22.205,5.68,-5,27,o,0,0.89,322.90582,-36.39568,3565.92,6722.95,2.99,2.78,19.2,-0.362,18.61,19.49,01a60872o0309o
60872.388615,-21.093,1.636,-13,22,o,0,1.16,322.90582,-36.39568,3546.99,6683.74,2.79,2.65,6.3,-0.388,18.66,19.48,01a60872o0320o
60872.3902,22.23,4.741,5,22,o,0,1.17,322.90582,-36.39568,3605.84,6762.61,2.79,2.66,5.5,-0.391,18.67,19.48,01a60872o0322o
60872.390658,-20.163,0.623,-31,20,o,0,1.74,322.90582,-36.39568,3627.59,6646.7,3.2,2.74,35.1,-0.342,18.63,19.48,01a60872o0323o
60872.391115,-23.693,18.333,-1,22,o,0,1.19,322.90582,-36.39568,3587.71,6704.09,3.23,2.82,37.7,-0.338,18.62,19.48,01a60872o0324o
60872.4159,-19.287,0.346,-70,24,o,0,0.93,322.90582,-36.39568,7073.18,4077.99,2.53,2.35,11.9,-0.393,18.56,19.34,02a60872o0371o
60872.416351,20.016,0.703,36,25,o,0,1.0,322.90582,-36.39568,7091.56,4116.71,2.64,2.31,28.4,-0.379,18.56,19.33,02a60872o0372o
60872.416803,19.218,0.358,75,27,o,0,0.84,322.90582,-36.39568,7033.15,4038.77,2.66,2.29,31.2,-0.383,18.53,19.33,02a60872o0373o
60872.417255,-19.634,0.494,-51,25,o,0,1.1,322.90582,-36.39568,7014.32,4154.24,2.8,2.45,31.6,-0.396,18.46,19.33,02a60872o0374o
60872.417707,-22.051,3.919,-6,22,o,0,1.45,322.90582,-36.39568,7051.68,4096.56,2.48,2.11,35.9,-0.393,18.61,19.33,02a60872o0375o
60872.418159,23.155,11.833,2,24,o,0,0.98,322.90582,-36.39568,6972.3,3836.01,2.55,2.25,33.5,-0.405,18.59,19.32,02a60872o0376o
60872.418611,21.076,1.476,14,20,o,0,1.86,322.90582,-36.39568,6993.23,3874.87,2.5,2.25,33.9,-0.397,18.59,19.33,02a60872o0377o
60872.419064,-24.238,25.8,-1,19,o,0,1.7,322.90582,-36.39568,6934.97,3796.92,2.43,2.12,31.3,-0.393,18.63,19.33,02a60872o0378o
60872.419516,21.341,2.286,11,24,o,0,0.97,322.90582,-36.39568,6913.69,3912.52,2.43,2.15,35.9,-0.407,18.6,19.33,02a60872o0379o
60872.419967,-20.846,1.298,-17,22,o,0,1.32,322.90582,-36.39568,6953.4,3854.93,2.53,2.19,29.1,-0.409,18.6,19.33,02a60872o0380o
60872.769247,20.44,0.867,24,21,o,0,0.98,322.90582,-36.39568,4029.94,6145.96,2.86,2.44,-45.4,-0.41,18.82,20.28,03a60873o0168o
60872.770857,19.446,0.356,60,22,o,0,1.18,322.90582,-36.39568,4065.87,6188.22,3.02,2.57,-48.9,-0.406,18.77,20.31,03a60873o0170o
60872.771885,23.404,12.0,2,19,o,0,1.52,322.90582,-36.39568,4048.67,6129.06,3.0,2.52,-45.9,-0.409,18.8,20.33,03a60873o0172o
60873.191238,20.989,1.136,15,17,o,0,0.96,322.90582,-36.39568,7920.23,5973.26,2.46,2.17,-50.4,-0.43,19.13,20.56,04a60873o0340o
60873.193205,20.651,0.852,20,17,o,0,1.18,322.90582,-36.39568,7899.35,5935.07,2.44,2.15,-44.7,-0.447,19.1,20.53,04a60873o0344o
60873.195935,-23.39,10.556,-2,17,o,0,1.09,322.90582,-36.39568,7958.11,6012.0,2.42,2.15,-32.3,-0.441,19.13,20.54,04a60873o0350o
60873.201059,-21.812,2.385,-7,16,o,0,0.96,322.90582,-36.39568,7977.87,5896.64,2.37,2.11,-35.9,-0.452,19.16,20.52,04a60873o0361o
60874.317358,20.138,0.483,32,15,o,0,1.28,322.90582,-36.39568,872.46,6648.33,2.37,2.09,-83.4,-0.392,19.14,20.5,04a60874o0763o
60874.320555,22.228,2.967,5,14,o,0,1.34,322.90582,-36.39568,890.79,6685.65,2.35,2.06,-76.2,-0.399,19.18,20.52,04a60874o0770o
60874.326664,-21.764,2.244,-7,16,o,0,0.95,322.90582,-36.39568,835.14,6611.48,2.48,2.23,-88.4,-0.377,19.1,20.7,04a60874o0783o
60874.360556,-21.426,1.75,-10,17,o,0,1.05,322.90582,-36.39568,818.38,6731.73,2.3,2.01,-82.3,-0.405,19.17,20.48,04a60874o0853o
60874.944624,23.069,4.294,2,9,o,0,1.3,322.90582,-36.39568,9731.7,3977.93,2.44,2.07,-54.2,-0.393,19.66,21.34,03a60875o0550o
60874.946425,20.769,0.449,18,8,o,0,1.17,322.90582,-36.39568,9714.05,3939.71,2.45,2.09,-55.0,-0.4,19.62,21.32,03a60875o0554o
60874.950523,-21.153,0.667,-13,8,o,0,1.47,322.90582,-36.39568,9769.78,4017.35,2.4,2.03,-53.7,-0.4,19.68,21.32,03a60875o0563o
60874.969173,-20.768,0.483,-18,9,o,0,1.83,322.90582,-36.39568,9801.96,3904.65,2.34,2.03,-51.5,-0.407,19.67,21.28,03a60875o0600o
60875.95563,22.477,5.313,4,20,o,0,1.14,322.90582,-36.39568,8461.0,8340.43,2.52,2.1,-49.9,-0.403,18.91,20.28,03a60876o0572o
60875.958457,-19.707,0.449,-48,21,o,0,1.39,322.90582,-36.39568,8443.81,8302.72,2.55,2.1,-47.0,-0.404,18.83,20.18,03a60876o0578o
60875.962072,-20.799,0.771,-17,13,o,0,1.85,322.90582,-36.39568,8501.47,8381.63,2.51,2.08,-44.1,-0.41,19.2,20.54,03a60876o0586o
60875.992735,24.489,48.5,1,28,o,0,0.88,322.90582,-36.39568,8532.05,8265.77,2.59,2.1,-46.6,-0.402,18.64,19.98,03a60876o0650o
60876.19253,-18.955,0.466,-95,44,o,0,0.97,322.90582,-36.39568,2111.45,2234.65,2.86,2.7,-44.0,-0.394,17.99,18.64,03a60876o1072o
60876.850077,-20.135,0.477,-32,15,o,0,0.94,322.90582,-36.39568,4017.28,6145.38,2.59,2.21,-32.6,-0.399,19.0,20.61,03a60877o0313o
60876.851586,-20.214,0.579,-30,17,o,0,1.21,322.90582,-36.39568,4050.84,6188.28,2.75,2.32,-40.6,-0.385,18.9,20.56,03a60877o0315o
60877.203195,-20.49,0.828,-23,19,c,0,1.17,322.90582,-36.39568,8521.64,8290.58,2.86,2.46,-61.2,-0.385,18.82,20.84,04a60877o0533c
60877.206054,-20.26,0.725,-29,21,c,0,1.14,322.90582,-36.39568,8502.25,8252.33,2.83,2.38,-58.5,-0.393,18.82,20.8,04a60877o0539c
60877.209863,-17.087,0.568,-531,302,c,0,1.1,322.90582,-36.39568,8561.83,8328.91,2.93,2.41,-58.5,-0.381,16.85,18.75,04a60877o0547c
60878.198885,-21.785,1.421,-7,10,c,0,1.24,322.90582,-36.39568,8639.33,2083.94,2.76,2.27,-26.0,-0.363,19.48,21.6,04a60878o0525c
60878.201746,21.906,1.633,6,10,c,0,1.76,322.90582,-36.39568,8620.39,2045.92,2.77,2.3,-24.6,-0.364,19.37,21.46,04a60878o0531c
60878.205555,-22.228,3.2,-5,15,c,0,1.31,322.90582,-36.39568,8677.06,2122.75,2.8,2.34,-24.0,-0.36,18.91,20.94,04a60878o0539c
60878.21537,20.36,0.41,26,11,c,0,1.08,322.90582,-36.39568,8694.44,2008.15,2.78,2.38,-25.0,-0.356,19.5,21.59,04a60878o0559c
60879.160268,-22.591,3.957,-3,13,o,0,1.26,322.90582,-36.39568,1850.68,8404.88,2.46,2.16,-47.9,-0.391,19.27,20.48,03a60879o0104o
60879.170391,-21.042,0.925,-14,13,o,0,1.2,322.90582,-36.39568,1869.44,8443.87,2.49,2.18,-46.0,-0.392,19.23,20.38,03a60879o0126o
60879.181527,-23.36,11.222,-2,18,o,0,1.1,322.90582,-36.39568,1817.24,8367.75,2.76,2.39,-40.7,-0.38,18.99,20.09,03a60879o0150o
60879.188559,22.239,5.615,5,26,o,0,1.43,322.90582,-36.39568,1796.76,8485.0,2.72,2.36,-40.0,-0.379,18.6,19.27,03a60879o0164o
60880.055251,22.836,4.312,3,12,o,0,1.25,322.90582,-36.39568,916.96,10356.82,2.66,2.27,-43.3,-0.454,19.58,21.23,03a60880o0527o
60880.058111,-21.845,1.848,-7,12,o,0,1.24,322.90582,-36.39568,938.04,10396.98,2.89,2.4,-39.1,-0.446,19.45,21.12,03a60880o0533o
60880.063248,-20.963,0.852,-15,13,o,0,1.28,322.90582,-36.39568,882.06,10319.86,2.86,2.34,-35.8,-0.448,19.6,21.22,03a60880o0544o
60880.073295,-20.626,0.62,-20,13,o,0,1.17,322.90582,-36.39568,864.11,10438.65,2.87,2.41,-45.5,-0.463,19.44,21.07,03a60880o0565o
60881.209874,-23.138,4.9,-2,10,c,0,1.41,322.90582,-36.39568,5607.58,10384.06,3.18,2.19,-74.3,-0.357,19.41,21.62,04a60881o0540c
60881.237515,-21.37,1.71,-10,18,c,0,1.23,322.90582,-36.39568,5581.84,10349.12,3.12,2.1,-74.8,-0.352,18.82,20.8,04a60881o0592c
60881.239329,20.455,0.838,24,20,c,0,0.92,322.90582,-36.39568,5642.39,10426.71,3.03,2.04,-72.2,-0.355,18.74,20.72,04a60881o0596c
60881.242534,-20.402,0.882,-25,22,c,0,1.23,322.90582,-36.39568,5660.09,10308.71,2.96,2.06,-72.2,-0.359,18.6,20.6,04a60881o0603c
60881.265981,19.338,0.791,67,53,c,0,1.35,322.90582,-36.39568,1050.65,10447.74,3.23,2.19,-71.8,-0.374,18.2,20.13,04a60881o0651c
60881.301263,21.529,8.333,9,74,c,0,1.43,322.90582,-36.39568,1074.82,10489.36,3.24,2.15,-72.5,-0.359,17.73,19.58,04a60881o0724c
60881.30409,-20.942,2.333,-15,36,c,0,1.69,322.90582,-36.39568,1014.81,10412.03,3.23,2.14,-74.0,-0.357,17.34,19.22,04a60881o0730c
60882.072559,-18.87,0.11,-103,11,o,0,0.87,322.90582,-36.39568,3088.84,269.2,2.26,2.04,-44.1,-0.395,19.53,21.02,03a60882o0665o
60882.075755,-20.845,0.657,-17,11,o,0,1.08,322.90582,-36.39568,3106.86,308.97,2.36,2.13,-50.2,-0.388,19.46,21.01,03a60882o0672o
60882.102046,21.919,1.327,6,8,o,0,1.78,322.90582,-36.39568,3052.06,230.05,2.29,2.09,-47.2,-0.378,19.46,20.91,03a60882o0729o
60882.121186,-21.049,0.732,-14,10,o,0,1.22,322.90582,-36.39568,3030.68,348.07,2.31,2.11,-51.1,-0.382,19.41,20.82,03a60882o0770o
60882.193162,19.299,4.36,69,302,c,0,0.94,322.90582,-36.39568,1820.54,54.85,3.07,2.07,44.1,-0.403,16.59,18.52,04a60882o0510c
60882.23017,-19.048,2.425,-87,212,c,0,1.36,322.90582,-36.39568,8694.14,10463.34,3.09,2.41,-69.8,-0.351,16.89,18.79,04a60882o0588c
60882.947976,24.27,18.0,1,13,o,0,0.82,322.90582,-36.39568,7518.05,10282.37,2.94,2.36,-37.7,-0.399,19.52,21.24,03a60883o0551o
60882.950254,-18.983,0.099,-93,9,o,0,1.15,322.90582,-36.39568,7501.67,10243.21,2.9,2.29,-34.5,-0.398,19.57,21.27,03a60883o0556o
60882.963204,-23.94,10.833,-1,10,o,0,1.03,322.90582,-36.39568,7566.36,10321.12,2.85,2.18,-36.9,-0.408,19.59,21.25,03a60883o0582o
60882.96681,-23.124,5.091,-2,10,o,0,1.46,322.90582,-36.39568,7587.43,10204.99,3.01,2.43,-39.4,-0.393,19.51,21.25,03a60883o0590o
60884.042043,-23.341,6.545,-2,11,o,0,1.12,322.90582,-36.39568,4683.72,6394.9,2.84,2.14,-6.8,-0.39,19.47,21.14,03a60884o0742o
60884.045283,-22.371,2.361,-4,10,o,0,1.09,322.90582,-36.39568,4701.43,6433.86,2.22,1.97,-45.1,-0.416,19.64,21.13,03a60884o0749o
60884.08084,21.206,0.867,12,10,o,0,1.34,322.90582,-36.39568,4654.75,6354.32,2.23,1.97,-46.8,-0.407,19.55,20.94,03a60884o0826o
60884.109672,-21.981,2.28,-6,13,o,0,0.6,322.90582,-36.39568,4632.64,6469.39,2.28,1.97,-44.6,-0.407,19.49,20.85,03a60884o0888o
60885.197509,-22.606,5.25,-3,17,c,0,1.4,322.90582,-36.39568,5836.87,4174.77,2.2,2.11,-43.5,-0.385,18.74,20.77,04a60885o0502c
60885.1998,21.057,0.759,14,10,c,0,1.6,322.90582,-36.39568,5817.7,4136.32,2.22,2.12,-46.4,-0.383,19.38,21.46,04a60885o0507c
60885.202965,-23.222,5.417,-2,10,c,0,1.24,322.90582,-36.39568,5873.89,4213.59,2.19,2.11,-42.6,-0.381,19.43,21.54,04a60885o0514c
60885.208428,-22.299,2.44,-4,11,c,0,1.08,322.90582,-36.39568,5894.36,4098.16,2.34,2.21,-40.7,-0.381,19.35,21.58,04a60885o0526c
60886.142865,-20.442,0.589,-24,14,o,0,1.4,322.90582,-36.39568,6088.82,2081.74,2.74,2.56,-27.6,-0.411,18.99,20.48,03a60886o0218o
60886.147994,-22.21,3.789,-5,18,o,0,0.85,322.90582,-36.39568,6106.26,2122.2,2.94,2.74,-16.2,-0.41,18.96,20.49,03a60886o0229o
60886.153449,-20.058,0.597,-34,21,o,0,1.0,322.90582,-36.39568,6049.25,2042.21,2.94,2.7,-12.2,-0.414,18.95,20.48,03a60886o0241o
60886.173907,-20.287,0.621,-28,17,o,0,1.01,322.90582,-36.39568,6025.12,2156.45,3.05,2.86,-25.1,-0.392,18.84,20.37,03a60886o0284o
60889.8546,18.864,2.216,103,229,o,0,1.44,322.90582,-36.39568,407.57,8048.25,3.29,2.31,-36.1,-0.372,17.05,17.65,03a60890o0326o
60889.857787,-19.308,2.346,-69,161,o,0,1.21,322.90582,-36.39568,390.49,8008.42,3.15,2.3,-55.6,-0.326,16.99,17.47,03a60890o0333o
60889.893151,20.315,0.708,27,19,o,0,0.99,322.90582,-36.39568,453.4,8082.51,2.64,2.3,-55.2,-0.375,19.02,19.98,03a60890o0409o
60889.896318,-19.952,0.636,-38,24,o,0,0.94,322.90582,-36.39568,478.89,7968.5,2.59,2.24,-58.7,-0.378,18.74,19.58,03a60890o0416o
60889.957798,-19.885,0.445,-40,18,o,0,0.83,322.90582,-36.39568,10466.04,8243.45,2.93,2.31,-53.3,-0.396,19.23,20.48,03a60890o0547o
60889.95965,-20.403,0.613,-25,15,o,0,1.17,322.90582,-36.39568,10448.21,8204.89,2.81,2.44,-49.3,-0.39,19.19,20.49,03a60890o0551o
60889.963323,-20.609,0.855,-21,18,o,0,1.01,322.90582,-36.39568,10508.32,8282.83,2.78,2.14,-53.7,-0.423,19.2,20.37,03a60890o0559o
60889.987762,20.728,2.735,19,51,o,0,1.08,322.90582,-36.39568,48.59,2379.06,2.6,2.25,-45.8,-0.391,18.0,19.74,03a60890o0612o
60890.868287,19.806,10.2,43,443,o,0,1.02,322.90582,-36.39568,10501.94,8154.33,3.66,2.08,-15.0,-0.539,15.56,16.71,03a60891o0234o
60890.872927,20.594,2.237,21,47,o,0,0.96,322.90582,-36.39568,410.47,8044.45,3.12,2.7,-27.7,-0.341,18.17,19.16,03a60891o0244o
60890.893986,-20.874,1.038,-16,17,o,0,1.19,322.90582,-36.39568,394.79,8001.14,2.63,2.27,-55.5,-0.376,19.05,20.01,03a60891o0288o
60890.897162,20.8,1.112,17,19,o,0,1.22,322.90582,-36.39568,452.32,8081.27,2.75,2.29,-68.0,-0.372,18.8,19.6,03a60891o0295o
60890.90023,21.664,2.391,8,19,o,0,0.9,322.90582,-36.39568,477.52,7965.78,2.79,2.36,-55.6,-0.365,19.0,19.96,03a60891o0301o
60893.135611,-22.523,6.87,-4,24,o,0,1.59,322.90582,-36.39568,1964.49,5787.98,2.31,2.05,-85.3,-0.391,18.4,19.07,04a60893o0383o
60893.13948,-19.521,0.454,-56,26,o,0,1.53,322.90582,-36.39568,1945.35,5748.91,2.29,2.04,-88.9,-0.397,18.46,19.05,04a60893o0391o
60893.142659,19.915,0.634,39,25,o,0,1.05,322.90582,-36.39568,2004.24,5827.57,2.32,2.02,-84.8,-0.395,18.57,19.26,04a60893o0398o
60893.148568,19.421,0.413,62,26,o,0,1.09,322.90582,-36.39568,2022.42,5712.18,2.33,2.02,-85.1,-0.395,18.64,19.33,04a60893o0411o
60898.273019,-21.981,3.353,-6,20,o,0,1.34,322.90582,-36.39568,696.0,4723.84,2.33,2.14,70.5,-0.385,18.79,18.69,04a60898o0230o
60898.281344,-22.954,8.759,-2,21,o,0,1.1,322.90582,-36.39568,715.93,4761.78,2.3,2.1,72.6,-0.384,18.87,18.68,04a60898o0236o
60898.288271,-18.41,0.414,-157,65,o,0,0.46,322.90582,-36.39568,10524.46,4688.28,2.6,2.28,-12.3,-0.413,18.86,18.7,04a60898o0241o
60898.289648,-18.601,0.157,-132,21,o,0,1.08,322.90582,-36.39568,660.09,4686.32,2.32,2.06,65.2,-0.38,18.87,18.71,04a60898o0242o
60898.29657,20.249,2.74,29,79,o,0,0.25,322.90582,-36.39568,10506.3,4804.98,2.62,2.33,-16.6,-0.401,18.85,18.72,04a60898o0247o
60898.297946,21.821,2.975,7,20,o,0,1.19,322.90582,-36.39568,642.41,4804.08,2.34,2.12,69.4,-0.372,18.87,18.78,04a60898o0248o
60899.285721,-19.121,0.174,-82,14,o,0,1.19,322.90582,-36.39568,717.42,4761.32,2.26,2.06,64.7,-0.382,19.16,19.09,04a60899o0239o
60899.292643,20.719,1.127,19,21,o,0,1.15,322.90582,-36.39568,10525.67,4687.96,2.61,2.27,-18.1,-0.399,19.39,19.42,04a60899o0244o
60899.29402,-20.991,0.863,-15,13,o,0,1.42,322.90582,-36.39568,661.55,4686.16,2.3,2.04,65.6,-0.377,19.31,19.41,04a60899o0245o
60899.300942,20.169,0.718,31,22,o,0,0.74,322.90582,-36.39568,10507.35,4804.78,2.59,2.16,-17.0,-0.406,19.45,19.47,04a60899o0250o
60899.302319,-20.935,0.801,-15,12,o,0,1.4,322.90582,-36.39568,643.74,4804.01,2.29,2.07,67.5,-0.375,19.39,19.45,04a60899o0251o
60905.871116,-21.694,0.663,-8,5,o,0,8.18,322.90582,-36.39568,30.49,5692.02,2.66,2.22,-66.3,-0.383,20.34,21.07,03a60906o0115o
60905.872493,-22.246,1.339,-5,6,o,0,0.71,322.90582,-36.39568,9866.09,5916.06,2.63,2.19,-53.3,-0.375,20.34,21.09,03a60906o0116o
60905.881176,-21.211,0.397,-12,5,o,0,1.42,322.90582,-36.39568,9850.26,5878.06,2.62,2.17,-53.0,-0.372,20.36,21.1,03a60906o0122o
60905.888076,-21.667,0.767,-8,6,o,0,0.88,322.90582,-36.39568,73.84,5730.33,2.6,2.21,-61.8,-0.382,20.35,21.05,03a60906o0127o
60905.889453,-21.688,0.64,-8,5,o,0,1.71,322.90582,-36.39568,9907.15,5955.17,2.72,2.26,-46.6,-0.359,20.29,21.05,03a60906o0128o
60905.896353,-21.234,0.426,-12,5,o,0,1.21,322.90582,-36.39568,97.82,5614.64,2.52,2.14,-66.2,-0.382,20.35,21.04,03a60906o0133o
60905.89773,22.429,1.465,4,6,o,0,0.73,322.90582,-36.39568,9931.72,5840.05,2.61,2.21,-50.9,-0.363,20.32,21.05,03a60906o0134o
60913.991538,25.437,32.6,0,8,o,0,0.73,322.90582,-36.39568,710.37,4624.58,2.33,2.02,-69.2,-0.402,20.02,20.75,03a60914o0211o
60913.999813,-22.998,2.565,-2,6,o,0,2.26,322.90582,-36.39568,730.2,4664.1,2.35,2.04,-68.1,-0.398,19.98,20.73,03a60914o0217o
60914.006709,-21.377,0.683,-10,7,o,0,0.96,322.90582,-36.39568,10519.98,4841.3,2.44,2.0,-60.4,-0.363,19.93,20.66,03a60914o0222o
60914.008086,-21.44,0.71,-10,7,o,0,1.39,322.90582,-36.39568,677.1,4587.37,2.4,2.04,-68.1,-0.4,19.99,20.72,03a60914o0223o
60914.014988,-20.599,0.429,-21,9,o,0,1.56,322.90582,-36.39568,10498.68,4956.3,2.45,1.98,-59.5,-0.356,19.38,20.08,03a60914o0228o
60914.016364,-20.73,0.667,-18,12,o,0,0.71,322.90582,-36.39568,656.31,4704.16,2.37,2.02,-65.9,-0.398,19.43,20.12,03a60914o0229o
60917.910786,21.209,1.151,12,14,o,0,1.07,322.90582,-36.39568,7083.66,155.69,2.15,1.86,-49.5,-0.418,19.07,20.52,03a60918o0439o
60917.913946,20.577,0.618,21,13,o,0,1.39,322.90582,-36.39568,7105.0,196.03,2.12,1.85,-52.3,-0.418,19.2,20.59,03a60918o0446o
60917.920395,21.854,1.729,7,11,o,0,1.23,322.90582,-36.39568,7049.59,115.97,2.02,1.84,-45.7,-0.441,19.39,20.67,03a60918o0460o
60917.930068,-22.135,2.111,-5,11,o,0,1.31,322.90582,-36.39568,7029.99,233.16,2.06,1.92,-30.6,-0.441,19.47,20.67,03a60918o0481o
60919.15916,-20.689,1.367,-19,26,o,0,1.04,322.90582,-36.39568,6971.82,82.75,2.29,2.23,-86.3,-0.426,18.95,20.16,04a60919o0402o
60919.162426,-20.848,1.116,-17,18,o,0,0.92,322.90582,-36.39568,6993.11,121.9,2.32,2.21,81.9,-0.437,18.93,20.17,04a60919o0409o
60919.168015,-20.558,12.081,-22,262,o,0,0.01,322.90582,-36.39568,6934.12,43.32,2.34,2.23,78.2,-0.426,18.92,20.2,04a60919o0421o
60919.203466,22.498,5.0,4,18,o,0,0.87,322.90582,-36.39568,6918.7,164.34,2.49,2.4,-75.5,-0.405,18.96,20.32,04a60919o0495o
60919.833601,-18.536,0.103,-140,14,o,0,1.0,322.90582,-36.39568,5972.51,6089.63,2.63,2.35,-53.8,-0.399,19.02,20.13,03a60920o0258o
60919.834954,-18.935,0.16,-97,16,o,0,1.36,322.90582,-36.39568,5951.5,6053.68,2.53,2.28,-56.2,-0.413,19.09,20.15,03a60920o0261o
60919.837811,-19.975,0.507,-37,19,o,0,0.81,322.90582,-36.39568,6009.36,6131.95,2.72,2.55,-55.1,-0.408,18.97,20.13,03a60920o0267o
60919.848514,23.415,8.889,2,14,o,0,1.65,322.90582,-36.39568,6036.55,6018.17,2.67,2.47,-46.0,-0.403,19.05,20.19,03a60920o0289o
60921.387766,-20.245,1.087,-29,32,o,0,0.9,322.90582,-36.39568,5971.52,6067.63,2.29,1.94,38.5,-0.442,18.44,19.08,02a60921o0356o
60921.392786,20.25,1.004,29,29,o,0,0.99,322.90582,-36.39568,5951.23,6032.03,2.25,1.99,40.6,-0.446,18.47,19.12,02a60921o0367o
60921.399703,-20.225,0.926,-30,27,o,0,1.15,322.90582,-36.39568,6007.87,6107.61,2.23,2.01,42.2,-0.448,18.41,19.08,02a60921o0382o
60921.434263,-20.401,1.236,-25,31,o,0,0.99,322.90582,-36.39568,6017.98,5992.73,2.27,2.02,43.4,-0.443,18.47,19.2,02a60921o0455o
60925.924406,-19.988,1.688,-37,62,o,0,0.66,322.90582,-36.39568,2117.36,2206.85,2.4,2.27,-50.6,-0.399,17.8,17.94,03a60926o0449o
60925.927521,-19.437,0.805,-61,49,o,0,1.3,322.90582,-36.39568,2135.09,2245.44,2.45,2.2,-69.3,-0.393,17.9,18.03,03a60926o0455o
60925.93248,-22.869,21.5,-3,56,o,0,1.24,322.90582,-36.39568,2080.38,2168.37,2.55,2.43,-14.9,-0.395,17.81,18.01,03a60926o0465o
60925.94147,20.79,3.879,18,68,o,0,1.03,322.90582,-36.39568,2063.56,2284.62,2.61,2.38,-64.4,-0.392,17.8,17.96,03a60926o0481o
60928.372363,21.817,3.358,7,23,o,0,1.43,322.90582,-36.39568,8659.75,2055.12,2.36,1.9,-57.0,-0.458,18.5,19.22,02a60928o0344o
60928.382041,-18.601,0.207,-132,27,o,0,0.97,322.90582,-36.39568,8637.52,2015.76,2.26,1.86,-58.9,-0.467,18.61,19.23,02a60928o0365o
60928.385219,20.203,0.887,30,27,o,0,0.94,322.90582,-36.39568,8693.27,2094.86,2.32,1.87,-58.0,-0.464,18.6,19.23,02a60928o0372o
60928.397539,23.542,18.182,1,25,o,0,1.4,322.90582,-36.39568,8710.14,1979.23,2.34,1.85,-60.2,-0.465,18.59,19.19,02a60928o0399o
60928.904826,20.461,0.952,24,23,o,0,0.98,322.90582,-36.39568,1827.24,8395.86,2.56,2.25,-57.2,-0.396,18.76,19.5,03a60929o0421o
60928.907996,-18.948,0.203,-96,19,o,0,1.14,322.90582,-36.39568,1845.55,8434.69,2.55,2.22,-59.5,-0.392,18.77,19.5,03a60929o0428o
60928.913538,-22.046,3.824,-6,21,o,0,1.18,322.90582,-36.39568,1793.05,8356.57,2.61,2.22,-56.1,-0.388,18.74,19.48,03a60929o0440o
60928.922864,-21.268,2.143,-11,24,o,0,1.0,322.90582,-36.39568,1773.43,8472.89,2.71,2.36,-59.1,-0.391,18.68,19.47,03a60929o0460o
60931.196344,-20.965,1.015,-15,15,o,0,1.52,322.90582,-36.39568,4966.51,178.47,2.33,2.23,64.5,-0.432,18.99,20.59,04a60931o0113o
60931.218999,-19.904,0.673,-40,27,o,0,1.38,322.90582,-36.39568,4990.23,218.77,2.31,2.21,64.2,-0.423,18.49,19.77,04a60931o0162o
60931.222719,21.149,1.677,13,21,o,0,1.35,322.90582,-36.39568,4927.69,139.48,2.25,2.13,57.0,-0.426,18.78,20.05,04a60931o0170o
60931.228016,-20.032,0.531,-35,19,o,0,1.56,322.90582,-36.39568,4913.07,260.49,2.26,2.16,52.1,-0.42,18.67,19.89,04a60931o0181o
60931.352092,18.363,0.789,164,130,o,0,0.75,322.90582,-36.39568,4920.13,211.46,2.3,2.28,29.7,-0.448,17.05,18.01,01a60931o0313o
60931.357139,20.224,3.032,30,90,o,0,0.86,322.90582,-36.39568,4940.74,249.74,2.35,2.28,17.0,-0.438,17.06,17.95,01a60931o0324o
60931.360337,-18.511,0.665,-143,95,o,0,0.99,322.90582,-36.39568,4878.61,171.17,2.24,2.15,19.7,-0.471,17.09,17.92,01a60931o0331o
60931.360795,18.622,0.699,129,90,o,0,1.09,322.90582,-36.39568,1055.48,10515.55,2.71,2.3,-87.5,-0.442,17.3,18.24,01a60931o0332o
60931.368616,-20.411,2.014,-25,50,o,0,2.53,322.90582,-36.39568,1018.22,10476.1,2.53,2.24,-59.0,-0.471,18.06,18.82,01a60931o0349o
60931.371407,-21.877,7.118,-6,46,o,0,0.93,322.90582,-36.39568,4859.46,287.41,2.45,2.38,-14.0,-0.455,17.79,18.46,01a60931o0355o
60931.888902,-22.032,2.111,-6,12,o,0,0.8,322.90582,-36.39568,3073.0,263.64,2.27,2.08,-50.7,-0.399,19.56,21.21,03a60932o0379o
60931.891665,-21.761,1.414,-7,10,o,0,0.9,322.90582,-36.39568,3091.55,302.58,2.23,2.04,-52.3,-0.4,19.59,21.35,03a60932o0385o
60931.898007,20.889,0.637,16,10,o,0,1.49,322.90582,-36.39568,3034.95,223.85,2.22,2.03,-43.7,-0.405,19.6,21.25,03a60932o0399o
60931.908247,-20.905,0.716,-16,11,o,0,0.75,322.90582,-36.39568,3017.31,342.5,2.2,2.03,-47.1,-0.405,19.6,21.25,03a60932o0421o
60932.8859,-21.494,0.987,-9,9,o,0,1.13,322.90582,-36.39568,3066.69,263.12,2.26,2.07,-66.5,-0.393,19.61,21.21,03a60933o0114o
60932.892405,21.347,0.839,10,9,o,0,1.43,322.90582,-36.39568,3089.65,302.6,2.21,2.02,-61.7,-0.405,19.61,21.2,03a60933o0128o
60932.896074,20.811,0.481,17,8,o,0,2.08,322.90582,-36.39568,3030.78,223.38,2.18,2.0,-58.7,-0.407,19.64,21.2,03a60933o0136o
60932.907234,-20.925,0.507,-16,8,o,0,1.74,322.90582,-36.39568,3013.19,341.61,2.15,1.97,-62.1,-0.411,19.66,21.15,03a60933o0160o
60933.372941,17.773,0.731,282,206,c,0,0.29,322.90582,-36.39568,1867.75,41.4,2.81,2.33,-62.0,-0.386,19.23,21.2,02a60933o0349c
60934.368071,21.883,1.622,6,10,c,0,1.51,322.90582,-36.39568,5842.26,4135.53,2.61,2.4,50.2,-0.397,19.27,21.2,02a60934o0341c
60934.37172,-21.024,0.892,-14,13,c,0,1.05,322.90582,-36.39568,5823.43,4098.99,2.55,2.41,58.8,-0.4,19.28,21.19,02a60934o0349c
60934.376766,22.412,3.087,4,12,c,0,1.42,322.90582,-36.39568,5880.5,4179.44,2.57,2.4,55.0,-0.396,19.25,21.17,02a60934o0360c
60934.388194,-20.918,0.663,-16,10,c,0,1.61,322.90582,-36.39568,5899.81,4064.82,2.6,2.42,56.9,-0.395,19.26,21.16,02a60934o0385c
60935.878584,-21.097,0.74,-13,10,o,0,1.31,322.90582,-36.39568,6076.32,2074.1,2.37,2.16,-49.8,-0.439,19.47,21.03,03a60936o0355o
60935.881601,21.103,0.758,13,10,o,0,1.37,322.90582,-36.39568,6094.23,2113.61,2.36,2.17,-52.5,-0.441,19.48,21.03,03a60936o0361o
60935.887206,20.184,0.339,31,10,o,0,1.24,322.90582,-36.39568,6041.0,2034.89,2.38,2.19,-52.8,-0.442,19.46,21.03,03a60936o0373o
60935.898679,-21.053,0.775,-14,11,o,0,0.85,322.90582,-36.39568,6022.69,2152.61,2.34,2.13,-53.6,-0.439,19.44,21.01,03a60936o0398o
60937.129853,-21.143,0.767,-13,10,c,0,1.44,322.90582,-36.39568,6001.04,2031.94,2.44,2.36,-13.2,-0.383,19.41,21.49,04a60937o0335c
60937.133065,-21.089,0.812,-13,11,c,0,0.99,322.90582,-36.39568,6018.01,2070.19,2.38,2.33,-37.3,-0.374,19.42,21.49,04a60937o0342c
60937.138614,-22.056,2.031,-6,11,c,0,1.03,322.90582,-36.39568,5959.85,1992.91,2.41,2.36,-24.1,-0.377,19.41,21.47,04a60937o0354c
60937.150161,21.369,0.938,10,10,c,0,1.4,322.90582,-36.39568,5941.6,2109.38,2.29,2.25,-11.5,-0.388,19.42,21.5,04a60937o0379c
60937.334385,17.096,2.067,527,1089,o,0,1.39,322.90582,-36.39568,5974.99,2061.11,3.08,3.07,24.1,-0.383,14.18,15.61,01a60937o0083o
60937.337142,20.721,1.789,19,34,o,0,1.11,322.90582,-36.39568,5993.71,2099.8,3.8,3.72,22.7,-0.347,18.14,19.54,01a60937o0089o
60937.352362,20.904,2.2,16,35,o,0,1.24,322.90582,-36.39568,5914.89,2136.37,3.89,3.76,-67.8,-0.323,18.14,19.63,01a60937o0122o
60937.882674,-20.309,1.151,-27,31,o,0,1.03,322.90582,-36.39568,7700.02,8709.63,2.45,2.02,-51.1,-0.424,18.38,19.78,03a60938o0351o
60937.885416,-19.7,0.69,-48,33,o,0,0.86,322.90582,-36.39568,7719.24,8749.32,2.39,1.97,-51.1,-0.429,18.51,19.88,03a60938o0357o
60937.890417,20.57,1.29,22,28,o,0,1.26,322.90582,-36.39568,7665.63,8669.03,2.37,2.04,-49.2,-0.423,18.41,19.8,03a60938o0368o
60937.899995,-21.943,3.727,-6,23,o,0,0.88,322.90582,-36.39568,7645.63,8785.43,2.52,2.09,-51.3,-0.42,18.77,20.18,03a60938o0388o
60940.123574,25.395,54.0,0,14,c,0,1.14,322.90582,-36.39568,10111.53,2381.65,3.37,2.56,-27.0,-0.333,19.27,21.23,04a60940o0239c
60940.126519,21.496,1.605,9,15,c,0,0.88,322.90582,-36.39568,10129.04,2419.88,3.25,2.49,-22.5,-0.349,19.27,21.2,04a60940o0245c
60940.13222,-20.532,0.576,-22,13,c,0,1.25,322.90582,-36.39568,10070.7,2340.64,3.39,2.67,-25.4,-0.323,19.2,21.19,04a60940o0257c
60940.13906,20.587,0.902,21,19,c,0,1.21,322.90582,-36.39568,48.27,2411.71,3.48,2.56,46.0,-0.349,19.16,21.22,04a60940o0271c
60940.141893,-19.699,0.322,-48,15,c,0,1.55,322.90582,-36.39568,66.78,2449.4,3.18,2.22,45.1,-0.351,19.28,21.21,04a60940o0277c
60940.142347,21.247,1.167,12,13,c,0,1.06,322.90582,-36.39568,10048.8,2456.39,3.25,2.53,-24.5,-0.331,19.26,21.17,04a60940o0278c
60940.863268,23.822,9.125,1,10,o,0,1.53,322.90582,-36.39568,10160.62,2527.91,2.47,2.09,-61.6,-0.404,19.52,21.16,03a60941o0319o
60940.865984,-21.495,1.224,-9,11,o,0,0.85,322.90582,-36.39568,10178.83,2567.79,2.52,2.11,-62.3,-0.391,19.51,21.14,03a60941o0325o
60940.874604,-22.248,2.353,-5,11,o,0,0.83,322.90582,-36.39568,10124.91,2487.17,2.48,2.08,-63.2,-0.402,19.51,21.13,03a60941o0344o
60940.881888,-21.24,0.84,-12,10,o,0,1.06,322.90582,-36.39568,125.19,2299.62,2.43,2.01,-65.2,-0.406,19.55,21.17,03a60941o0358o
60940.885068,-20.883,0.643,-16,10,o,0,1.04,322.90582,-36.39568,144.23,2338.38,2.47,2.06,-66.8,-0.402,19.53,21.19,03a60941o0365o
60940.885522,21.007,0.55,14,8,o,0,1.9,322.90582,-36.39568,10105.67,2603.82,2.48,2.03,-61.2,-0.406,19.55,21.15,03a60941o0366o
60940.890753,-20.453,0.447,-24,11,o,0,1.22,322.90582,-36.39568,85.56,2260.34,2.37,2.04,-69.2,-0.408,19.57,21.17,03a60941o0377o
60940.90058,-20.394,0.495,-25,12,o,0,0.65,322.90582,-36.39568,69.76,2377.69,2.41,2.0,-67.4,-0.406,19.58,21.15,03a60941o0398o
60942.090416,21.282,0.983,11,11,c,0,1.47,322.90582,-36.39568,8589.81,4773.33,2.8,2.24,-21.5,-0.371,19.39,21.48,04a60942o0244c
60942.093874,20.19,0.309,30,9,c,0,1.74,322.90582,-36.39568,8608.91,4811.86,2.75,2.23,-23.0,-0.373,19.36,21.49,04a60942o0251c
60942.102748,-20.132,0.337,-32,11,c,0,1.09,322.90582,-36.39568,8550.39,4734.42,2.68,2.19,-26.2,-0.379,19.44,21.51,04a60942o0269c
60942.112584,22.336,2.375,4,10,c,0,2.18,322.90582,-36.39568,8531.56,4849.59,2.63,2.21,-24.6,-0.377,19.41,21.47,04a60942o0290c
60943.314243,-21.657,1.732,-8,14,o,0,1.35,322.90582,-36.39568,8591.62,4789.2,2.55,2.49,-18.8,-0.415,19.25,20.31,01a60943o0108o
60943.317465,-22.58,4.292,-3,14,o,0,1.31,322.90582,-36.39568,8611.19,4827.75,2.54,2.49,-59.3,-0.417,19.26,20.33,01a60943o0115o
60943.323897,-21.057,1.112,-14,15,o,0,0.98,322.90582,-36.39568,8552.75,4748.43,2.53,2.47,-48.5,-0.429,19.24,20.23,01a60943o0129o
60943.336745,-20.373,0.539,-26,14,o,0,1.28,322.90582,-36.39568,8533.13,4861.71,2.6,2.5,-59.8,-0.421,19.21,20.23,01a60943o0157o
60943.838367,-18.886,0.093,-101,9,o,0,1.18,322.90582,-36.39568,5620.96,8248.34,2.61,2.29,-39.3,-0.396,19.47,21.05,03a60944o0259o
60943.841165,-21.476,0.97,-9,9,o,0,1.61,322.90582,-36.39568,5639.83,8288.26,2.52,2.09,-45.2,-0.408,19.54,21.14,03a60944o0265o
60943.846687,21.169,0.933,12,12,o,0,1.12,322.90582,-36.39568,5588.67,8210.2,2.83,2.29,-14.1,-0.386,19.41,21.02,03a60944o0276o
60943.856109,-21.771,1.37,-7,10,o,0,1.18,322.90582,-36.39568,5567.61,8325.95,2.62,2.3,-46.4,-0.39,19.48,21.05,03a60944o0296o
60946.400651,-21.778,2.256,-7,16,c,0,0.85,322.90582,-36.39568,3919.58,4233.83,2.42,2.29,71.2,-0.406,19.15,20.9,02a60946o0100c
60946.404795,-22.058,2.882,-6,16,c,0,0.92,322.90582,-36.39568,3899.94,4195.34,2.37,2.26,77.0,-0.411,19.14,20.88,02a60946o0109c
60946.410277,-19.565,0.429,-54,23,c,0,1.09,322.90582,-36.39568,3958.46,4273.67,2.44,2.29,55.1,-0.402,18.99,20.73,02a60946o0121c
60946.81959,-19.965,0.483,-38,18,o,0,1.22,322.90582,-36.39568,6579.68,6343.93,3.64,3.34,-60.0,-0.394,18.89,20.59,03a60947o0203o
60946.822084,-19.148,0.219,-80,17,o,0,1.12,322.90582,-36.39568,6601.18,6384.86,3.43,3.22,-35.0,-0.402,18.92,20.6,03a60947o0208o
60946.833491,20.276,0.584,28,16,o,0,0.81,322.90582,-36.39568,6548.98,6305.27,3.08,2.79,-49.0,-0.397,19.09,20.59,03a60947o0232o
60946.839257,-20.961,0.949,-15,14,o,0,1.04,322.90582,-36.39568,6529.08,6421.75,2.83,2.57,-49.4,-0.399,19.15,20.6,03a60947o0244o
60947.84544,20.982,1.089,15,16,o,0,1.01,322.90582,-36.39568,9110.07,129.86,2.55,2.32,-45.5,-0.467,19.23,20.51,03a60948o0264o
60947.850464,-19.683,0.333,-49,16,o,0,1.16,322.90582,-36.39568,9131.13,170.6,2.48,2.24,-46.3,-0.457,19.16,20.52,03a60948o0275o
60947.85319,-20.144,0.417,-32,13,o,0,1.3,322.90582,-36.39568,9073.48,89.59,2.49,2.21,-52.2,-0.455,19.26,20.53,03a60948o0281o
60947.864642,-20.766,0.82,-18,15,o,0,1.05,322.90582,-36.39568,9053.77,207.12,2.44,2.19,-52.2,-0.45,19.27,20.54,03a60948o0306o
60949.105961,19.339,0.881,67,59,o,0,1.52,322.90582,-36.39568,9024.0,43.83,2.63,2.29,-52.4,-0.389,18.49,19.48,04a60949o0260o
60949.123047,-20.18,1.069,-31,33,o,0,1.05,322.90582,-36.39568,8941.62,82.66,2.65,2.3,-39.9,-0.402,18.66,19.67,04a60949o0297o
60949.276185,24.225,34.2,1,25,o,0,1.05,322.90582,-36.39568,5806.96,354.14,2.61,2.53,-13.4,-0.444,18.77,19.24,01a60949o0172o
60949.277556,-20.024,0.614,-36,22,o,0,1.01,322.90582,-36.39568,5792.4,315.97,2.6,2.49,26.0,-0.427,18.72,19.24,01a60949o0175o
60949.281675,-19.071,0.253,-85,22,o,0,1.22,322.90582,-36.39568,5845.97,392.95,2.42,2.38,-31.6,-0.46,18.81,19.24,01a60949o0184o
60949.291745,21.758,3.018,7,22,o,0,1.14,322.90582,-36.39568,5870.19,277.7,2.46,2.3,44.2,-0.44,18.77,19.26,01a60949o0206o
60949.30537,21.654,2.961,8,23,o,0,1.4,322.90582,-36.39568,8997.26,51.17,2.83,2.4,-51.2,-0.431,18.71,19.2,01a60949o0235o
60952.854406,-19.38,0.62,-64,40,o,0,1.2,322.90582,-36.39568,9610.6,8712.35,3.97,3.08,-13.3,-0.351,18.18,19.01,03a60953o0253o
60952.857755,19.28,0.502,70,35,o,0,1.34,322.90582,-36.39568,9630.1,8752.88,3.34,2.65,-37.3,-0.41,18.33,18.94,03a60953o0260o
60952.864023,20.074,1.194,34,40,o,0,1.2,322.90582,-36.39568,9573.74,8671.38,3.66,2.85,-20.2,-0.372,18.21,18.87,03a60953o0273o
60952.872751,-18.892,0.425,-101,43,o,0,0.96,322.90582,-36.39568,9556.97,8787.03,3.56,2.75,-13.7,-0.368,18.19,18.82,03a60953o0288o
60954.119848,19.594,0.611,53,32,o,0,1.03,322.90582,-36.39568,696.03,4724.56,2.51,2.14,59.0,-0.363,18.31,18.73,04a60954o0299o
60954.124621,21.173,3.115,12,38,o,0,0.81,322.90582,-36.39568,717.93,4763.31,2.36,2.09,63.9,-0.365,18.3,18.66,04a60954o0309o
60954.129653,-19.891,0.726,-40,29,o,0,1.39,322.90582,-36.39568,658.83,4687.48,2.42,2.08,60.1,-0.361,18.29,18.63,04a60954o0320o
60954.136553,-20.247,1.755,-29,51,o,0,1.38,322.90582,-36.39568,10526.49,4691.0,2.77,2.28,-15.5,-0.377,18.29,18.72,04a60954o0333o
60954.143376,-19.705,0.988,-48,47,o,0,0.82,322.90582,-36.39568,10505.18,4805.33,2.65,2.2,-15.9,-0.388,18.33,18.69,04a60954o0347o
60954.145009,19.734,0.64,46,30,o,0,1.38,322.90582,-36.39568,638.28,4804.53,2.43,2.06,65.1,-0.359,18.34,18.68,04a60954o0350o
60955.315519,-19.179,1.216,-77,94,o,0,1.23,322.90582,-36.39568,10517.25,4682.62,2.59,2.39,-42.9,-0.374,17.05,16.71,01a60955o0089o
60955.319646,20.17,1.353,31,42,o,0,0.72,322.90582,-36.39568,682.7,4773.79,2.46,2.25,46.3,-0.411,18.14,18.15,01a60955o0098o
60955.323356,-20.351,1.416,-26,37,o,0,0.67,322.90582,-36.39568,703.47,4811.36,2.58,2.33,41.0,-0.396,18.3,18.35,01a60955o0106o
60955.326562,19.803,0.917,44,40,o,0,1.39,322.90582,-36.39568,10495.49,4798.83,2.57,2.25,-53.2,-0.419,18.19,18.15,01a60955o0113o
60955.331587,20.507,1.325,23,30,o,0,1.67,322.90582,-36.39568,642.92,4735.03,2.67,2.33,39.7,-0.39,18.12,18.26,01a60955o0124o
60955.342551,23.589,23.9,1,32,o,0,1.01,322.90582,-36.39568,621.63,4852.36,2.55,2.37,51.4,-0.385,18.23,18.34,01a60955o0148o
60955.839057,-18.905,0.17,-100,17,o,0,1.26,322.90582,-36.39568,3731.01,8309.19,2.47,2.19,-58.0,-0.376,18.82,19.35,03a60956o0011o
60955.84198,21.567,2.778,9,24,o,0,0.82,322.90582,-36.39568,3750.34,8346.43,2.73,2.31,-52.1,-0.365,18.73,19.34,03a60956o0017o
60955.848124,21.84,3.143,7,21,o,0,1.18,322.90582,-36.39568,3696.26,8268.47,2.72,2.28,-52.1,-0.374,18.69,19.32,03a60956o0030o
60955.859385,-23.065,12.071,-2,26,o,0,0.81,322.90582,-36.39568,3679.29,8385.1,2.66,2.27,-57.2,-0.369,18.72,19.28,03a60956o0053o
60957.317782,22.079,4.25,5,23,o,0,1.36,322.90582,-36.39568,6744.83,2191.0,2.07,1.87,-67.1,-0.436,18.72,19.16,02a60957o0269o
60957.328496,20.656,0.946,20,19,o,0,1.32,322.90582,-36.39568,6720.77,2154.8,2.03,1.84,-67.2,-0.44,18.73,19.11,02a60957o0292o
60957.331677,20.702,1.225,19,23,o,0,0.6,322.90582,-36.39568,6779.13,2232.57,2.04,1.87,-71.2,-0.434,18.69,19.1,02a60957o0299o
60957.339108,-19.599,0.438,-52,23,o,0,1.23,322.90582,-36.39568,6798.88,2115.61,2.0,1.84,-68.8,-0.437,18.7,19.09,02a60957o0315o
60958.092199,-24.118,18.0,-1,15,o,0,1.3,322.90582,-36.39568,4025.68,2134.69,2.12,2.08,-88.5,-0.453,19.06,20.28,04a60958o0231o
60958.095429,-23.729,18.429,-1,22,o,0,0.89,322.90582,-36.39568,4044.77,2173.66,2.16,2.08,-69.5,-0.443,18.98,20.17,04a60958o0238o
60958.101493,22.987,7.5,2,17,o,0,1.18,322.90582,-36.39568,3986.6,2096.53,2.1,2.06,-67.8,-0.441,18.95,20.02,04a60958o0251o
60958.111632,-20.246,0.632,-29,18,o,0,0.9,322.90582,-36.39568,3968.55,2213.41,2.06,2.04,-62.2,-0.454,18.95,19.99,04a60958o0273o
60958.84316,-20.361,0.648,-26,17,o,0,0.99,322.90582,-36.39568,4097.71,2130.33,2.26,1.98,-64.7,-0.421,19.09,20.37,03a60959o0249o
60958.845875,20.755,0.654,18,12,o,0,2.0,322.90582,-36.39568,4116.29,2169.63,2.34,2.03,-63.0,-0.416,19.03,20.36,03a60959o0255o
60958.852613,-21.659,1.412,-8,11,o,0,1.55,322.90582,-36.39568,4060.55,2091.0,2.24,1.97,-60.2,-0.42,19.14,20.4,03a60959o0269o
60958.862754,-20.93,1.068,-15,16,o,0,0.85,322.90582,-36.39568,4042.59,2207.39,2.21,1.95,-61.4,-0.422,19.0,20.23,03a60959o0291o
60961.083847,-20.712,0.586,-19,11,o,0,1.83,322.90582,-36.39568,7987.32,1949.42,2.38,2.13,-43.9,-0.407,19.08,20.42,04a60961o0210o
60961.087283,-20.344,0.66,-26,18,o,0,0.96,322.90582,-36.39568,8006.34,1989.03,2.33,2.09,-49.4,-0.426,19.09,20.42,04a60961o0217o
60961.092809,-21.564,1.788,-9,15,o,0,1.37,322.90582,-36.39568,7945.96,1909.64,2.33,2.09,-43.5,-0.425,19.08,20.45,04a60961o0229o
60961.102628,-19.96,0.462,-38,17,o,0,1.08,322.90582,-36.39568,7927.98,2026.02,2.35,2.16,-53.1,-0.424,19.09,20.42,04a60961o0250o
60961.284638,-18.757,0.112,-114,13,c,0,1.15,322.90582,-36.39568,7971.48,1966.05,3.09,2.96,3.1,-0.375,19.18,20.62,01a60961o0203c
60961.287378,-21.762,1.921,-7,14,c,0,1.24,322.90582,-36.39568,7990.49,2005.25,3.15,2.99,9.8,-0.365,19.18,20.62,01a60961o0209c
60961.29424,-21.484,1.553,-9,14,c,0,0.93,322.90582,-36.39568,7929.26,1925.38,3.2,3.08,18.8,-0.361,19.16,20.61,01a60961o0224c
60961.303879,-20.975,0.95,-15,14,c,0,0.9,322.90582,-36.39568,7908.74,2041.12,3.1,2.97,16.9,-0.365,19.15,20.59,01a60961o0245c
60961.836246,-20.088,0.266,-34,9,c,0,1.41,322.90582,-36.39568,2766.46,6460.26,2.83,2.56,-46.5,-0.365,19.48,21.4,03a60962o0136c
60961.83941,-21.186,0.789,-12,10,c,0,0.9,322.90582,-36.39568,2784.75,6499.15,2.77,2.47,-40.6,-0.368,19.49,21.39,03a60962o0143c
60961.845716,-20.441,0.471,-24,11,c,0,0.93,322.90582,-36.39568,2730.07,6421.94,2.96,2.7,-44.2,-0.361,19.41,21.38,03a60962o0156c
60961.857163,-20.928,0.636,-15,10,c,0,1.2,322.90582,-36.39568,2713.05,6538.85,2.77,2.48,-51.4,-0.377,19.5,21.38,03a60962o0181c
60963.326985,-22.698,5.25,-3,16,o,0,1.53,322.90582,-36.39568,7752.39,4026.05,2.16,2.06,78.9,-0.413,19.02,19.91,02a60963o0295o
60963.33062,20.995,1.259,14,18,o,0,0.94,322.90582,-36.39568,7733.43,3988.32,2.16,2.03,63.7,-0.415,19.0,19.88,02a60963o0303o
60963.338074,-20.392,0.73,-25,18,o,0,0.98,322.90582,-36.39568,7792.99,4066.01,2.15,2.06,76.1,-0.415,19.0,19.87,02a60963o0319o
60963.35139,-19.797,0.428,-44,19,o,0,0.98,322.90582,-36.39568,7815.05,3954.68,2.17,2.09,-88.3,-0.42,18.98,19.86,02a60963o0348o
60964.072762,-19.923,0.919,-39,36,o,0,0.94,322.90582,-36.39568,926.71,426.04,2.7,1.9,46.9,-0.459,18.43,19.72,04a60964o0183o
60964.076199,24.068,24.667,1,21,o,0,2.06,322.90582,-36.39568,946.69,465.21,2.6,1.91,44.1,-0.456,18.76,20.08,04a60964o0190o
60964.081356,-21.502,2.308,-9,21,o,0,1.06,322.90582,-36.39568,886.95,387.85,2.66,1.95,44.8,-0.469,19.08,20.56,04a60964o0201o
60964.092643,-19.784,0.514,-44,23,o,0,1.08,322.90582,-36.39568,868.44,506.22,2.78,1.94,45.2,-0.448,18.86,20.23,04a60964o0225o
60965.072487,-20.026,0.473,-35,17,o,0,1.2,322.90582,-36.39568,928.05,426.78,2.66,1.85,44.7,-0.461,19.2,20.61,04a60965o0181o
60965.075295,-23.261,10.9,-2,20,o,0,0.81,322.90582,-36.39568,947.22,465.28,2.72,1.9,45.9,-0.454,19.15,20.61,04a60965o0187o
60965.080896,-20.093,0.664,-33,22,o,0,0.76,322.90582,-36.39568,887.13,387.43,2.62,1.88,43.8,-0.461,19.2,20.61,04a60965o0199o
60965.09045,-18.952,0.168,-95,16,o,0,1.01,322.90582,-36.39568,868.65,506.4,2.7,1.87,46.8,-0.446,19.18,20.64,04a60965o0219o
60966.076884,-20.15,0.5,-32,16,o,0,1.34,322.90582,-36.39568,8797.01,6711.63,2.24,2.01,-16.9,-0.43,19.16,20.51,04a60966o0192o
60966.079646,-22.569,4.429,-3,15,o,0,1.25,322.90582,-36.39568,8816.32,6751.02,2.23,2.02,-24.8,-0.438,19.16,20.56,04a60966o0198o
60966.086439,-18.658,0.135,-125,17,o,0,1.01,322.90582,-36.39568,8760.63,6673.14,2.04,1.95,-41.6,-0.445,19.17,20.53,04a60966o0212o
60966.106314,-21.582,1.86,-8,16,o,0,1.76,322.90582,-36.39568,8745.47,6791.56,2.07,1.96,-47.2,-0.447,19.06,20.37,04a60966o0254o
60967.807726,-20.875,0.592,-16,10,c,0,0.96,322.90582,-36.39568,2807.69,10251.91,2.73,2.43,-44.1,-0.374,19.61,21.43,03a60968o0160c
60967.811054,-21.341,0.919,-11,10,c,0,1.45,322.90582,-36.39568,2826.48,10290.98,2.76,2.45,-41.7,-0.374,19.61,21.43,03a60968o0167c
60967.819792,23.55,6.5,1,9,c,0,1.33,322.90582,-36.39568,2772.73,10212.78,2.82,2.43,-39.0,-0.375,19.62,21.45,03a60968o0185c
60967.829485,-21.519,1.245,-9,11,c,0,1.04,322.90582,-36.39568,2754.42,10330.01,2.79,2.41,-41.0,-0.373,19.61,21.44,03a60968o0206c
60968.794453,20.921,0.577,16,9,c,0,1.28,322.90582,-36.39568,7089.51,161.62,2.54,2.23,-55.9,-0.382,19.66,21.5,03a60969o0122c
60968.800223,21.535,1.0,9,9,c,0,1.21,322.90582,-36.39568,7110.35,200.39,2.5,2.23,-52.7,-0.38,19.65,21.48,03a60969o0134c
60968.802996,22.455,2.143,4,8,c,0,1.33,322.90582,-36.39568,7052.32,119.99,2.47,2.2,-53.2,-0.382,19.65,21.48,03a60969o0140c
60968.813095,23.312,5.25,2,9,c,0,1.36,322.90582,-36.39568,7031.78,235.61,2.53,2.25,-53.1,-0.388,19.63,21.47,03a60969o0162c
60972.049967,21.958,2.485,6,15,o,0,1.24,322.90582,-36.39568,2648.18,4575.23,2.36,2.15,81.5,-0.391,18.96,20.96,04a60972o0127o
60972.053196,20.718,0.729,19,14,o,0,1.69,322.90582,-36.39568,2669.65,4613.58,2.36,2.15,81.9,-0.385,18.99,20.96,04a60972o0134o
60972.058699,-19.242,0.247,-73,18,o,0,0.68,322.90582,-36.39568,2611.52,4537.77,2.38,2.19,81.6,-0.388,19.02,20.81,04a60972o0146o
60972.085836,-21.26,1.147,-11,13,o,0,1.44,322.90582,-36.39568,2590.73,4654.39,2.4,2.16,86.8,-0.384,19.03,20.5,04a60972o0203o
60976.043434,-21.749,2.805,-7,20,o,0,1.23,322.90582,-36.39568,2046.65,2261.21,2.49,2.12,52.4,-0.401,18.78,20.0,04a60976o0109o
60976.045759,-21.352,1.966,-10,20,o,0,0.83,322.90582,-36.39568,2065.81,2299.23,2.48,2.16,52.1,-0.404,18.82,20.16,04a60976o0114o
60976.050928,-20.786,1.06,-18,19,o,0,1.13,322.90582,-36.39568,2007.1,2222.51,2.44,2.15,44.3,-0.409,18.86,20.17,04a60976o0125o
60976.061991,-21.044,1.692,-14,24,o,0,0.62,322.90582,-36.39568,1987.99,2338.2,2.47,2.13,52.5,-0.408,18.88,20.18,04a60976o0149o
60976.766418,-20.24,0.56,-29,16,o,0,1.28,322.90582,-36.39568,2109.37,2207.83,2.53,2.24,-64.7,-0.402,19.02,20.08,03a60977o0066o
60976.769272,20.588,0.701,21,15,o,0,1.39,322.90582,-36.39568,2130.36,2247.24,2.33,2.13,-56.1,-0.423,19.11,20.09,03a60977o0072o
60976.774393,-20.276,0.57,-28,16,o,0,1.25,322.90582,-36.39568,2074.84,2169.15,2.46,2.19,-62.6,-0.406,19.06,20.09,03a60977o0083o
60976.784152,-22.272,3.833,-4,17,o,0,1.1,322.90582,-36.39568,2057.63,2286.11,2.52,2.19,-65.6,-0.403,19.04,20.07,03a60977o0104o
60978.007651,-19.91,1.098,-39,43,o,0,1.12,322.90582,-36.39568,1907.59,8470.47,2.94,2.28,-78.2,-0.371,18.02,18.72,04a60978o0028o
60978.012247,19.626,0.779,51,40,o,0,0.89,322.90582,-36.39568,1927.18,8508.45,2.81,2.2,-80.1,-0.363,18.1,18.75,04a60978o0036o
60978.01673,-19.56,0.711,-54,39,o,0,1.03,322.90582,-36.39568,1871.14,8431.18,2.88,2.16,-78.3,-0.359,18.08,18.76,04a60978o0045o
60978.030224,-18.66,0.283,-125,35,o,0,1.22,322.90582,-36.39568,1853.29,8547.45,2.75,2.19,-73.5,-0.387,18.11,18.76,04a60978o0071o
60980.025771,-16.117,1.261,-1297,1636,o,0,0.96,322.90582,-36.39568,4966.08,177.78,2.68,2.41,49.0,-0.478,14.23,14.16,04a60980o0064o
60980.031034,-18.985,1.87,-92,173,o,0,1.15,322.90582,-36.39568,4987.72,216.91,2.62,2.47,62.0,-0.39,16.61,16.73,04a60980o0075o
60980.033893,21.97,5.067,6,30,o,0,1.47,322.90582,-36.39568,4926.64,138.35,2.51,2.36,54.0,-0.402,18.37,19.12,04a60980o0081o
60980.047543,20.528,1.866,22,42,o,0,1.16,322.90582,-36.39568,4910.78,256.57,2.47,2.3,59.1,-0.412,18.13,18.65,04a60980o0110o
60980.78171,-19.775,0.483,-45,22,o,0,1.12,322.90582,-36.39568,5084.6,202.99,2.51,2.25,-57.3,-0.404,18.73,19.52,03a60981o0091o
60980.785079,-22.066,4.625,-5,25,o,0,0.98,322.90582,-36.39568,5105.49,241.59,2.63,2.46,-30.0,-0.377,18.67,19.51,03a60981o0098o
60980.792073,20.838,1.568,17,26,o,0,1.02,322.90582,-36.39568,5048.67,162.6,2.69,2.48,-53.6,-0.393,18.65,19.49,03a60981o0113o
60980.802339,23.84,21.571,1,23,o,0,1.1,322.90582,-36.39568,5029.55,279.9,2.53,2.24,-56.5,-0.395,18.72,19.5,03a60981o0135o
60982.030546,-22.513,7.15,-4,26,o,0,1.42,322.90582,-36.39568,2953.74,291.52,2.4,2.08,42.1,-0.417,18.48,19.19,04a60982o0071o
60982.034322,19.964,0.9,38,34,o,0,0.94,322.90582,-36.39568,2973.93,331.62,2.52,2.1,44.7,-0.419,18.47,19.22,04a60982o0079o
60982.040395,19.879,0.546,41,22,o,0,1.94,322.90582,-36.39568,2912.98,253.81,2.47,2.06,49.2,-0.409,18.48,19.23,04a60982o0092o
60982.051056,-22.791,8.875,-3,25,o,0,1.29,322.90582,-36.39568,2894.9,370.61,2.46,2.09,49.7,-0.418,18.48,19.23,04a60982o0114o
60982.311774,20.661,5.986,20,118,o,0,0.36,322.90582,-36.39568,1862.37,44.66,2.33,1.83,-61.0,-0.46,18.12,18.71,02a60982o0273o
60983.051288,20.407,1.22,25,30,o,0,1.27,322.90582,-36.39568,2959.91,294.37,2.73,2.34,52.7,-0.416,18.33,19.19,04a60983o0114o
60983.054605,-19.68,0.612,-49,30,o,0,0.81,322.90582,-36.39568,2978.18,332.29,2.56,2.16,49.2,-0.412,18.4,19.18,04a60983o0121o
60983.06031,20.824,1.802,17,31,o,0,1.22,322.90582,-36.39568,2917.2,254.85,2.58,2.18,49.5,-0.394,18.43,19.19,04a60983o0133o
60983.076798,-20.891,1.747,-16,28,o,0,1.22,322.90582,-36.39568,2902.6,375.38,2.64,2.31,42.6,-0.406,18.33,19.12,04a60983o0168o
60984.068868,25.639,148.0,0,30,o,0,1.46,322.90582,-36.39568,4724.56,6390.32,2.72,2.3,-72.8,-0.376,18.24,18.99,04a60984o0151o
60984.094444,21.344,3.019,10,32,o,0,1.03,322.90582,-36.39568,4742.98,6429.94,2.63,2.25,-74.9,-0.389,18.26,18.91,04a60984o0205o
60984.098171,-21.777,4.105,-7,29,o,0,1.69,322.90582,-36.39568,4686.99,6353.16,2.48,2.18,-73.6,-0.41,18.26,18.89,04a60984o0213o
60984.104211,-22.553,10.167,-4,35,o,0,0.96,322.90582,-36.39568,4666.89,6470.12,2.62,2.25,-78.0,-0.386,18.24,18.87,04a60984o0226o
60985.251777,-17.723,1.448,-296,428,o,0,0.91,322.90582,-36.39568,4714.41,6417.14,3.64,3.48,45.4,-0.389,15.76,15.71,01a60985o0145o
60985.256363,17.172,0.692,491,340,o,0,1.15,322.90582,-36.39568,4731.8,6455.05,3.69,3.57,63.1,-0.345,15.8,15.76,01a60985o0155o
60985.261393,18.996,5.412,92,496,o,0,0.89,322.90582,-36.39568,4673.07,6378.34,3.76,3.64,54.5,-0.497,15.62,15.56,01a60985o0166o
60985.272362,-17.224,0.419,-468,196,o,0,1.12,322.90582,-36.39568,4647.74,6493.75,3.3,3.26,31.7,-0.351,16.37,16.32,01a60985o0190o
60986.048185,-20.312,0.709,-27,19,o,0,1.16,322.90582,-36.39568,5972.37,1995.97,2.4,2.34,-35.5,-0.426,18.81,20.03,04a60986o0004o
