oid,expid,hjd,mjd,mag,magerr,catflags,filtercode,ra,dec,chi,sharp,filefracday,field,ccdid,qid,limitmag,magzp,magzprms,clrcoeff,clrcounc,exptime,airmass,programid
475304200020726,47829365,2458232.7992361854,58232.2936574,19.5248718,0.12836203,0,zi,195.7071523,1.8216418,0.533999979,-0.116999999,20180424293391,475,4.0,2.0,20.5599995,25.4748726,0.0229706932,0.189405963,1.23531036e-05,30,1.14300001,2
475304200020726,48933723,2458243.8423648602,58243.3372338,19.4071484,0.118818842,0,zi,195.7071721,1.8217252,0.791999996,0.075000003,20180505337211,475,4.0,2.0,20.2700005,25.4651489,0.0261754356,0.182563588,1.56302231e-05,30,1.29200006,2
475304200020726,51323218,2458267.7357849623,58267.2321875,19.5893154,0.13373214,0,zi,195.707042,1.8217351,0.569999993,0.0340000018,20180529231620,475,4.0,2.0,20.0900002,25.4263153,0.03231287,0.184876338,2.53197213e-05,30,1.17799997,2
475304200020726,52416949,2458278.6721844072,58278.1694907,19.9283714,0.16244857,0,zi,195.7068657,1.8218621,0.560000002,0.289000005,20180609169294,475,4.0,2.0,19.6100006,25.4983711,0.0376608931,0.170146137,3.32648997e-05,30,1.14499998,2
475304200020726,52918170,2458283.6839503017,58283.1817014,19.6085186,0.135348052,0,zi,195.7070651,1.8215676,0.973999977,0.128999993,20180614181690,475,4.0,2.0,20.5400009,25.4635181,0.0241021961,0.19160673,1.35456376e-05,30,1.16799998,2
475304200020726,53418782,2458288.6896139556,58288.1878241,19.894228,0.159615949,0,zi,195.7071156,1.8216193,1.15900004,0.184,20180619187789,475,4.0,2.0,20.3299999,25.4572277,0.0250688642,0.185270444,1.48721256e-05,30,1.20599997,2
475304200020726,79343931,2458547.9444314353,58547.4393171,19.8108883,0.152582273,0,zi,195.7070642,1.8216539,0.584999979,0.0460000001,20190305439282,475,4.0,2.0,20.6700001,25.4428883,0.0213198438,0.193112865,1.02602826e-05,30,1.14600003,2
475304200020726,81935127,2458573.857150005,58573.3512731,19.9488354,0.164126873,0,zi,195.7070893,1.8216121,0.935000002,-0.152999997,20190331351273,475,4.0,2.0,20.5599995,25.400835,0.0223305449,0.185863644,1.14911827e-05,30,1.14199996,2
475304200020726,82727321,2458581.779104498,58581.2732176,19.6853065,0.141862184,0,zi,195.7071132,1.8216132,0.836000025,-0.185000002,20190408273218,475,4.0,2.0,20.4599991,25.4023056,0.0200143792,0.18614842,9.15448709e-06,30,1.22300005,2
475304200020726,85325366,2458607.758863983,58607.253669,19.8224258,0.153563127,0,zi,195.7070525,1.8217095,0.698000014,0.162,20190504253588,475,4.0,2.0,20.5300007,25.379425,0.0226168036,0.18034409,1.22691354e-05,30,1.14300001,2
475304200020726,85815076,2458612.6557123903,58612.1507639,19.5517559,0.130591571,0,zi,195.7070688,1.8216351,0.344000012,-0.0680000037,20190509150764,475,4.0,2.0,20.4899998,25.3437557,0.0254273154,0.189935267,1.47621377e-05,30,1.38100004,2
475304200020726,86219078,2458616.6955072954,58616.190787,19.9665146,0.165563196,0,zi,195.7070749,1.8216226,0.352999985,0.00800000038,20190513190787,475,4.0,2.0,20.3400002,25.3345146,0.0236311499,0.182157427,1.27639878e-05,30,1.19000006,2
475304200020726,87417065,2458628.6745835734,58628.1706597,19.9443703,0.163762122,0,zi,195.7070148,1.821597,0.853999972,-0.0280000009,20190525170660,475,4.0,2.0,20.5900002,25.3533707,0.0243652631,0.184129491,1.38256801e-05,30,1.16700006,2
475304200020726,88116337,2458635.666765459,58635.1633796,19.5371819,0.129380852,0,zi,195.7070849,1.8216214,0.876999974,0.00300000003,20190601163380,475,4.0,2.0,20.6399994,25.370182,0.0316218659,0.182275787,2.37854074e-05,30,1.15199995,2
475304200020726,88519005,2458639.6931130537,58639.1900579,19.729538,0.145638287,0,zi,195.7071193,1.8216648,0.737999976,-0.0780000016,20190605190058,475,4.0,2.0,20.9400005,25.3185387,0.0262405034,0.186684042,1.6252412e-05,30,1.14699996,2
475304200020726,89923914,2458653.7409521053,58653.2391435,19.8369331,0.154793978,0,zi,195.7070383,1.821793,0.596000016,-0.0270000007,20190619239144,475,4.0,2.0,19.9899998,25.3219337,0.0295325294,0.190792978,1.98110847e-05,30,1.41400003,2
475304200020726,143554659,2459190.0440236162,59189.5465972,19.5441551,0.129959583,0,zi,195.7071165,1.8217244,0.66900003,-0.0689999983,20201206546458,475,4.0,2.0,20.3299999,25.5171547,0.0292565543,0.178466588,1.93660326e-05,30,1.54299998,2
475304200020726,145054002,2459205.0388431405,59204.5400231,19.6513119,0.138969541,0,zi,195.7070712,1.8216395,0.940999985,0.0769999996,20201221540023,475,4.0,2.0,20.8799992,25.5203114,0.0266618207,0.184453279,1.60372147e-05,30,1.32099998,2
475304200020726,146248295,2459216.982953193,59216.4829514,19.5250759,0.128378883,0,zi,195.7069784,1.8217089,0.703999996,-0.312999994,20210102482951,475,4.0,2.0,20.0499992,25.5120754,0.0270072892,0.189508781,1.6633152e-05,30,1.46399999,2
475304200020726,147352469,2459228.0258018584,59227.5246991,19.7889023,0.150709197,0,zi,195.7070945,1.8213594,0.648000002,-0.0949999988,20210113524688,475,4.0,2.0,19.8400002,25.417902,0.0313405581,0.180823788,2.21742102e-05,30,1.17299998,2
475304200020726,147846228,2459232.963866322,59232.4622801,19.7863941,0.150495231,0,zi,195.7071143,1.8216108,0.252999991,0.0189999994,20210118462280,475,4.0,2.0,21.0,25.5063934,0.0216322914,0.186928213,1.09364173e-05,30,1.32700002,2
475304200020726,149546283,2459249.9659820325,59249.4628356,19.6101151,0.135482669,0,zi,195.7070131,1.8216107,0.898000002,-0.432999998,20210204462836,475,4.0,2.0,19.8700008,25.5421162,0.0284159947,0.186263934,1.80032112e-05,30,1.17700005,2
475304200020726,149946369,2459253.967172305,59253.4636921,19.5716324,0.132250011,0,zi,195.7069816,1.8216372,0.419,-0.0329999998,20210208463692,475,4.0,2.0,20.6700001,25.5386314,0.0203631222,0.184352532,9.5634914e-06,30,1.15799999,2
475304200020726,150246510,2459256.9688241854,59256.4651042,19.6105042,0.135515451,0,zi,195.7070901,1.8216044,0.564999998,-0.0439999998,20210211465104,475,4.0,2.0,20.6100006,25.5385036,0.0313052572,0.179466322,2.31908652e-05,30,1.148,2
475304200020726,151039628,2459264.9005891113,59264.3962847,19.9027653,0.160327673,0,zi,195.7070684,1.8216413,1.472,0.335999995,20210219396273,475,4.0,2.0,21.0300007,25.5417652,0.0211255327,0.186310157,1.01836949e-05,30,1.24100006,2
475304200020726,152439505,2459278.9001939106,59278.3950579,19.5464115,0.130147085,0,zi,195.7071336,1.821678,0.787999988,0.075000003,20210305395058,475,4.0,2.0,20.3400002,25.5434113,0.0299192593,0.18614307,2.04243315e-05,30,1.15900004,2
475304200020726,153733171,2459291.8373579434,59291.331713,19.6176147,0.136115581,0,zi,195.7070661,1.821615,0.730000019,0.00899999961,20210318331713,475,4.0,2.0,20.7800007,25.5186138,0.0196034368,0.185203239,8.8065899e-06,30,1.21399999,2
475304200020726,154135438,2459295.8601345136,59295.3543866,19.7165737,0.144530639,0,zi,195.7071875,1.8216138,0.640999973,0.165999994,20210322354387,475,4.0,2.0,20.4400005,25.4775734,0.0226370916,0.183737069,1.14562681e-05,30,1.15199995,2
475304200020726,155429408,2459308.7999810902,59308.2940856,19.8923149,0.159456179,0,zi,195.7070542,1.8216051,0.546000004,0.0109999999,20210404294086,475,4.0,2.0,20.5100002,25.4393139,0.0246473346,0.180747792,1.42340687e-05,30,1.19200003,2
475304200020726,155733701,2459311.8429031023,59311.3370139,19.7448883,0.146950185,0,zi,195.7070996,1.821647,0.745000005,0.162,20210407336991,475,4.0,2.0,20.9300003,25.5168877,0.0199407637,0.180047378,8.92414573e-06,30,1.13999999,2
475304200020726,156029472,2459314.800590276,59314.2947222,19.5806866,0.133008212,0,zi,195.7071557,1.8216518,1.00100005,-0.224999994,20210410294722,475,4.0,2.0,20.6399994,25.5176868,0.0194061305,0.183511376,8.51233563e-06,30,1.16199994,2
475304200020726,157029589,2459324.8015796663,59324.2958912,19.8342133,0.154563427,0,zi,195.7071545,1.8216175,1.00899994,-0.0329999998,20210420295891,475,4.0,2.0,20.4899998,25.5382137,0.0232034512,0.183314025,1.26506447e-05,30,1.13999999,2
475304200020726,158725478,2459341.759803318,59341.2547801,19.57864,0.132836685,0,zi,195.7070961,1.8216383,1.09899998,0.0879999995,20210507254769,475,4.0,2.0,20.7399998,25.50564,0.0217063911,0.184461221,1.09323018e-05,30,1.13999999,2
475304200020726,159428663,2459348.791257409,59348.2866319,19.6129551,0.135722205,0,zi,195.7070695,1.8216181,0.703000009,0.116999999,20210514286632,475,4.0,2.0,20.9699993,25.4889545,0.028046893,0.185486868,1.78510963e-05,30,1.204,2
475304200020726,159925350,2459353.7578130406,59353.2535069,19.8301239,0.154216662,0,zi,195.707108,1.8214785,0.643000007,-0.128999993,20210519253495,475,4.0,2.0,20.3199997,25.4671249,0.0223400593,0.190572113,1.09491448e-05,30,1.16499996,2
475304200020726,161619013,2459370.693153612,59370.1901389,19.422081,0.120007396,0,zi,195.7070112,1.8216684,0.813000023,-0.0909999982,20210605190139,475,4.0,2.0,20.3999996,25.4840813,0.022397818,0.191716552,1.14046852e-05,30,1.14600003,2
475304200020726,162119156,2459375.6941464613,59375.1915625,19.8700447,0.157589555,0,zi,195.7070713,1.8216791,1.546,0.150999993,20210610191562,475,4.0,2.0,20.5300007,25.5130444,0.0203577671,0.19241479,9.84509461e-06,30,1.16199994,2
475304200020726,162525576,2459379.757985016,59379.2557639,19.680233,0.141429812,0,zi,195.707069,1.8216547,0.672999978,-0.115999997,20210614255764,475,4.0,2.0,20.7299995,25.470232,0.0255369339,0.187661439,1.48194222e-05,30,1.43900001,2
475304200020726,186843733,2459622.9411132033,59622.437338,19.592926,0.134035483,0,zi,195.7071986,1.821587,0.467999995,-0.0320000015,20220212437326,475,4.0,2.0,20.2900009,25.5479259,0.0287756268,0.192275926,1.93347587e-05,30,1.18499994,2
475304200020726,188238005,2459636.884795602,59636.3800579,19.9409618,0.163483009,0,zi,195.7070612,1.8216618,0.936999977,-0.0879999995,20220226380046,475,4.0,2.0,20.5799999,25.5339622,0.0210607387,0.193898469,9.86596115e-06,30,1.23399997,2
475304200020726,191739442,2459671.900311723,59671.3944213,19.5908375,0.133859992,0,zi,195.7070417,1.8216421,1.21899998,-0.187999994,20220402394421,475,4.0,2.0,20.6499996,25.5258369,0.0345971584,0.191576853,2.76531791e-05,30,1.18700004,2
475304200020726,192129846,2459675.8043541126,59675.2984606,19.7360058,0.14619109,0,zi,195.7070616,1.8216283,0.670000017,-0.0790000036,20220406298461,475,4.0,2.0,20.9300003,25.4650059,0.0289934613,0.18435286,2.02719166e-05,30,1.17400002,2
475304200020726,192825629,2459682.7621315075,59682.2562963,19.9249611,0.162167341,0,zi,195.707217,1.8216695,0.442999989,-0.256999999,20220413256273,475,4.0,2.0,19.8500004,25.5349617,0.0355394036,0.184390292,2.89186755e-05,30,1.22899997,2
475304200020726,194540402,2459699.9093822935,59699.4040278,19.4300423,0.120643787,0,zi,195.7071172,1.8216516,1.19200003,0.0149999997,20220430404028,475,4.0,2.0,20.4300003,25.4060421,0.0276428871,0.182846978,1.86390007e-05,30,1.648,2
475304200020726,196130363,2459715.808149468,59715.3036343,19.9315681,0.16271174,0,zi,195.7070144,1.8216414,0.374000013,-0.195999995,20220516303368,475,4.0,2.0,19.7700005,25.5225677,0.0410905629,0.18697685,4.14902352e-05,30,1.27199996,2
475304200020726,197119394,2459725.6977776536,59725.1939468,19.8083878,0.152369455,0,zi,195.7070081,1.8216415,1.28499997,-0.31099999,20220526193935,475,4.0,2.0,20.3899994,25.4893875,0.0300493632,0.189420775,2.19062022e-05,30,1.14100003,2
475304200020726,197726041,2459731.7637757855,59731.2604167,19.8063889,0.152199268,0,zi,195.707005,1.821613,0.430000007,-0.144999996,20220601260417,475,4.0,2.0,20.3700008,25.4983883,0.0276520308,0.197616369,1.86791349e-05,30,1.27400005,2
475304200020726,199824778,2459752.749294927,59752.2477894,19.477562,0.124480978,0,zi,195.707057,1.8216538,0.885999978,-0.108000003,20220622247789,475,4.0,2.0,20.1299992,25.3815613,0.0305422489,0.194094658,2.19134818e-05,30,1.53900003,2
475304200020726,200121511,2459755.716340241,59755.2151157,19.7012482,0.143222019,0,zi,195.7070368,1.8216841,0.726999998,0.202000007,20220625215116,475,4.0,2.0,20.4599991,25.5432491,0.0319401845,0.186965659,2.49515742e-05,30,1.36899996,2
475304200020726,200619245,2459760.6932012886,59760.1924537,20.0505238,0.172167674,0,zi,195.7070733,1.8216968,0.625999987,-0.129999995,20220630192454,475,4.0,2.0,20.4599991,25.4535236,0.0305481534,0.192823902,2.25851181e-05,30,1.32299995,2
475304200020726,200923353,2459763.733984036,59763.2335301,19.8703308,0.15761359,0,zi,195.7069076,1.8215018,0.474999994,-0.136999995,20220703233519,475,4.0,2.0,20.0799999,25.5013313,0.0320438445,0.187007263,2.45602405e-05,30,1.69400001,2
475304200020726,218354799,2459938.0470608445,59937.5479977,19.7038879,0.143447325,0,zi,195.7070889,1.8216794,0.709999979,-0.0810000002,20221224547998,475,4.0,2.0,20.4799995,25.5418873,0.0271620285,0.195002154,1.78294449e-05,30,1.25999999,2
475304200020726,221848277,2459972.985260918,59972.4827778,19.7932053,0.151076064,0,zi,195.7070531,1.8216196,0.419999987,-0.0460000001,20230128482766,475,4.0,2.0,20.6399994,25.5512047,0.0253543016,0.184818864,1.49497791e-05,30,1.17799997,2
475304200020726,223347546,2459987.9792209365,59987.475463,19.8368168,0.154784083,0,zi,195.707036,1.8216253,0.689999998,0.126000002,20230212475451,475,4.0,2.0,20.3999996,25.5418167,0.035691902,0.180445433,3.05360118e-05,30,1.14199996,2
475304200020726,224042138,2459994.9256589697,59994.4213889,19.6036034,0.134933874,0,zi,195.7070712,1.8215967,0.968999982,-0.0970000029,20230219421389,475,4.0,2.0,20.7700005,25.449604,0.026390072,0.187832609,1.59467872e-05,30,1.17999995,2
475304200020726,227539792,2460029.9037441346,60029.3979282,19.7613373,0.148355767,0,zi,195.7069935,1.8216974,0.333000004,-0.00800000038,20230326397662,475,4.0,2.0,20.2600002,25.5633373,0.0269363336,0.192565143,1.74526631e-05,30,1.15900004,2
475304200020726,228235694,2460036.8628332093,60036.3569444,19.7836456,0.150260687,0,zi,195.707048,1.8216652,0.563000023,-0.0350000001,20230402356944,475,4.0,2.0,20.3600006,25.5246449,0.0316051617,0.183474734,2.36381675e-05,30,1.14199996,2
475304200020726,229036983,2460044.8757095453,60044.369838,19.7676964,0.148899063,0,zi,195.7070469,1.8216787,0.726000011,-0.137999997,20230410369838,475,4.0,2.0,20.4099998,25.5306969,0.0303551573,0.188752517,2.13788553e-05,30,1.17999995,2
475304200020726,230134163,2460055.847306113,60055.3416319,19.7215385,0.144954816,0,zi,195.7070325,1.8217095,0.561999977,0.231000006,20230421341632,475,4.0,2.0,20.6700001,25.5205383,0.033129029,0.182267785,2.61002533e-05,30,1.18299997,2
475304200020726,230428673,2460058.7923238934,60058.2867361,19.9722157,0.166023344,0,zi,195.7070786,1.8216563,0.662,-0.138999999,20230424286736,475,4.0,2.0,20.5900002,25.4522152,0.0342106819,0.188389897,2.85886526e-05,30,1.13999999,2
475304200020726,230739153,2460061.8970211986,60061.3915394,19.8004513,0.151693672,0,zi,195.7069437,1.8216132,0.824999988,0.0199999996,20230427391539,475,4.0,2.0,20.3899994,25.4504509,0.0296017732,0.184486151,2.11904298e-05,30,1.46200001,2
475304200020726,232828803,2460082.792436581,60082.2880324,19.6884022,0.142126128,0,zi,195.7071,1.8215816,0.388000011,0.0410000011,20230518288021,475,4.0,2.0,20.5499992,25.4254017,0.031634979,0.185634479,2.40139743e-05,30,1.23500001,2
475304200020726,233417815,2460088.682157494,60088.1781597,19.5973759,0.134409666,0,zi,195.7070472,1.8216166,0.486000001,-0.0489999987,20230524178148,475,4.0,2.0,20.7999992,25.5113754,0.0265156254,0.187967598,1.71256888e-05,30,1.15900004,2
475304200020726,235120509,2460105.7077199486,60105.2050926,19.6170349,0.13606666,0,zi,195.7070643,1.8215856,0.776000023,-0.0130000003,20230610205069,475,4.0,2.0,20.6299992,25.4820347,0.0323157907,0.183230504,2.48452252e-05,30,1.18299997,2
475304200020726,235619304,2460110.69522642,60110.193044,20.0257339,0.170262098,0,zi,195.7070421,1.8215899,1.23500001,-0.472000003,20230615193032,475,4.0,2.0,20.4899998,25.478735,0.0278358832,0.192561343,1.8039922e-05,30,1.18700004,2
475304200020726,236323415,2460117.7356859064,60117.2341551,19.4811745,0.124775343,0,zi,195.707041,1.8216261,1.01699996,-0.147,20230622234155,475,4.0,2.0,20.6900005,25.5051746,0.0304789171,0.190463364,2.21070968e-05,30,1.43099999,2
475304200020726,238319252,2460137.692136183,60137.1925231,19.7828217,0.150190413,0,zi,195.7071226,1.8215871,1.14199996,0.0599999987,20230712192523,475,4.0,2.0,20.5200005,25.4518223,0.0316120721,0.185107976,2.44712337e-05,30,1.528,2
475304200020726,238621599,2460140.71531795,60140.2159954,19.7038689,0.143445671,0,zi,195.707032,1.8216617,0.531000018,-0.116999999,20230715215995,475,4.0,2.0,19.9899998,25.4458694,0.0325833075,0.192592829,2.47826702e-05,30,1.88399994,2
475304200020726,255253608,2460307.0355198556,60306.536088,19.4092712,0.118987426,0,zi,195.7070982,1.8216316,0.460000008,-0.061999999,20231228536076,475,4.0,2.0,20.2000008,25.4972706,0.0340966173,0.182620674,2.66690677e-05,30,1.26600003,2
475304200020726,256854511,2460323.0461443895,60322.5451157,19.6212177,0.136420026,0,zi,195.7071134,1.8215769,0.771000028,0.180999994,20240113545116,475,4.0,2.0,20.7000008,25.5382175,0.0266261231,0.188515797,1.63239984e-05,30,1.14999998,2
475304200020726,260042835,2460354.932245365,60354.4283565,19.7439461,0.146869704,0,zi,195.7071017,1.8216318,0.727999985,0.00899999961,20240214428356,475,4.0,2.0,20.9599991,25.5339451,0.0286748074,0.184641689,1.8888526e-05,30,1.19599998,2
475304200020726,260347508,2460357.979195345,60357.475081,19.5878677,0.133610606,0,zi,195.7070484,1.8216298,0.990999997,0.0500000007,20240217475069,475,4.0,2.0,20.8600006,25.5158672,0.0286927745,0.180455148,1.96195742e-05,30,1.14100003,2
475304200020726,261535824,2460369.8631219375,60369.3582407,19.6298733,0.137151986,0,zi,195.7070339,1.8215888,0.640999973,-0.0610000007,20240229358241,475,4.0,2.0,20.4099998,25.501873,0.0483896136,0.177659914,5.49346914e-05,30,1.28900003,2
475304200020726,268319510,2460437.7001184653,60437.1951042,19.7441864,0.146890163,0,zi,195.7070907,1.8215956,1.12699997,-0.197999999,20240507195093,475,4.0,2.0,20.9300003,25.4961853,0.0298175309,0.188061535,2.08496349e-05,30,1.21300006,1
475104200004133,44829255,2458202.7983600455,58202.2925579,19.3210201,0.074033305,0,zg,195.7070348,1.8216373,0.665000021,0.0540000014,20180325292465,475,4.0,2.0,20.7099991,26.2025585,0.0352517739,-0.0389001146,2.70987966e-05,30,1.28699994,1
475104200004133,45130695,2458205.812803932,58205.306956,19.7805786,0.102387816,0,zg,195.7072383,1.8215713,0.379000008,-0.0540000014,20180328306944,475,4.0,2.0,20.0400009,26.2463875,0.0410098583,-0.0444459543,6.01216343e-05,30,1.21200001,1
475104200004133,45131945,2458205.8253040975,58205.319456,19.3529282,0.0757159144,0,zg,195.7069647,1.8216625,0.349000007,-0.0419999994,20180328319456,475,4.0,2.0,20.1599998,26.2337418,0.0400769748,-0.0441471674,4.87393881e-05,30,1.18299997,1
475104200004133,47329363,2458227.799353948,58227.2936343,19.5066109,0.0843984857,0,zg,195.7070295,1.8216646,1.19099998,-0.108000003,20180419293275,475,4.0,2.0,21.0200005,26.1883335,0.0349892452,-0.0377114303,2.53008402e-05,30,1.14400005,1
475104200004133,47631422,2458230.8198638135,58230.3142245,19.4621258,0.0817847848,0,zg,195.7071103,1.8217095,1.36899996,-0.0799999982,20180422314213,475,4.0,2.0,21.3199997,26.2302647,0.0315747485,-0.0826092809,1.9669762e-05,30,1.15199995,1
475104200004133,49421177,2458248.7166478187,58248.2117708,19.4624081,0.0818010569,0,zg,195.7070793,1.8216726,1.579,-0.128999993,20180510211771,475,4.0,2.0,21.6299992,26.2271652,0.0280615278,-0.0602420829,1.52469165e-05,30,1.16799998,1
475104200004133,51316398,2458267.667584286,58267.1639815,19.3734016,0.0768168494,0,zg,195.7071401,1.8215667,0.894999981,-0.0759999976,20180529163970,475,4.0,2.0,19.7600002,26.237709,0.0375574902,-0.108924881,6.73835602e-05,30,1.16199994,1
475104200004133,51623837,2458270.741738999,58270.2383796,19.525465,0.0855315328,0,zg,195.7070846,1.821671,1.13699996,-0.279000014,20180601238356,475,4.0,2.0,20.4899998,26.1412373,0.0374266282,-0.0256464817,3.66471832e-05,30,1.20899999,1
475104200004133,51923881,2458273.7419330454,58273.2388194,19.509901,0.0845951214,0,zg,195.7071017,1.8217133,0.86500001,-0.00800000038,20180604238819,475,4.0,2.0,21.4500008,26.2047367,0.0308724865,-0.0762174577,1.90073624e-05,30,1.23300004,1
475104200004133,52223548,2458276.738346779,58276.2354861,19.4417152,0.0806132481,0,zg,195.7071139,1.8216897,0.493999988,-0.0460000001,20180607235486,475,4.0,2.0,21.7600002,26.2042236,0.027906213,-0.0796997026,1.52429493e-05,30,1.24899995,1
475104200004133,52521521,2458279.7178221997,58279.2152199,19.6628189,0.0942496061,0,zg,195.7070651,1.8216689,0.842000008,-0.0900000036,20180610215220,475,4.0,2.0,21.6100006,26.2038269,0.0284219794,-0.0758066475,1.57375744e-05,30,1.21300006,1
475104200004133,52823274,2458282.7350774356,58282.2327431,19.5680714,0.0881480575,0,zg,195.7071054,1.8216756,0.444999993,0.0560000017,20180613232731,475,4.0,2.0,21.1800003,26.1720867,0.0337756947,-0.0854830593,2.29800207e-05,30,1.301,1
475104200004133,53419305,2458288.694844956,58288.1930556,19.4782143,0.0827204809,0,zg,195.7070458,1.8217282,1.08800006,-0.0989999995,20180619193032,475,4.0,2.0,20.9699993,26.2063351,0.0316985063,-0.0418429114,2.12467439e-05,30,1.22000003,1
475104200004133,53819055,2458292.6919701616,58292.1905556,19.3627968,0.0762444809,0,zg,195.7070323,1.8216528,0.855000019,-0.224000007,20180623190532,475,4.0,2.0,20.4099998,26.203352,0.0377229564,-0.0318337642,4.08488522e-05,30,1.24699998,1
475104200004133,54819204,2458302.6925051073,58302.1920486,19.4737129,0.0824575946,0,zg,195.7071022,1.8217325,1.03499997,0.0329999998,20180703192049,475,4.0,2.0,21.5,26.1232872,0.0280470531,-0.0298012923,1.5430056e-05,30,1.37300003,1
475104200004133,55119384,2458305.694008717,58305.1938426,19.4304771,0.0799755976,0,zg,195.7071558,1.8216936,0.456,-0.0340000018,20180706193831,475,4.0,2.0,20.7099991,25.8884296,0.0395925604,-0.060140539,3.44020045e-05,30,1.43400002,1
475104200004133,56216831,2458316.6674199,58316.1683102,19.4214516,0.0794672593,0,zg,195.7071183,1.8217485,0.59799999,-0.202999994,20180717167789,475,4.0,2.0,20.2600002,25.9289036,0.0378419645,-0.0284665041,4.31253357e-05,30,1.46500003,1
475104200004133,71854089,2458473.039567387,58472.5408912,19.5303249,0.0858260617,0,zg,195.7070818,1.8217025,1.40100002,-0.0489999987,20181220540880,475,4.0,2.0,21.2399998,26.1988735,0.033105135,-0.0387880355,2.19993435e-05,30,1.35599995,1
475104200004133,72652092,2458481.0203843378,58480.5209259,19.4530029,0.0812590048,0,zg,195.7074267,1.8216555,0.625999987,0.0189999994,20181228520880,475,4.0,2.0,19.7999992,26.2096672,0.0451139919,-0.056538526,8.43999587e-05,30,1.34599996,1
475104200004133,73349766,2458487.9978168854,58487.497662,19.5681839,0.0881551132,0,zg,195.7070712,1.8216492,0.63499999,-0.0160000008,20190104497627,475,4.0,2.0,21.4400005,26.1910019,0.02841134,-0.0447894223,1.5971802e-05,30,1.36800003,1
475104200004133,73750167,2458492.0022336743,58491.5016782,19.5717773,0.0883793607,0,zg,195.7070849,1.8217143,0.704999983,0.061999999,20190108501643,475,4.0,2.0,21.1499996,26.1504002,0.0345893651,-0.0651883632,2.43443519e-05,30,1.28199995,1
475104200004133,74050512,2458495.005982078,58494.5051273,19.5122814,0.0847376883,0,zg,195.7070658,1.8216359,0.316000015,-0.0480000004,20190111505127,475,4.0,2.0,21.7199993,26.2090664,0.0265465043,-0.0696294084,1.35720102e-05,30,1.24000001,1
475104200004133,75146081,2458505.9627337507,58505.4608102,19.6935062,0.0963107497,0,zg,195.7074367,1.8218233,0.555000007,0.321999997,20190122460775,475,4.0,2.0,19.6399994,26.2222137,0.0448411293,-0.0506383814,9.96308809e-05,30,1.29299998,1
475104200004133,75348929,2458507.991409498,58507.489294,19.4514999,0.0811727047,0,zg,195.7069815,1.8215202,0.782999992,-0.219999999,20190124489294,475,4.0,2.0,19.5499992,26.2262173,0.0405368097,-0.0272132903,8.11031059e-05,30,1.18799996,1
475104200004133,76845934,2458522.962780728,58522.4593403,19.441143,0.0805806518,0,zg,195.7070955,1.821705,0.405000001,-0.00600000005,20190208458831,475,4.0,2.0,21.6700001,26.2209435,0.0276549757,-0.0728419796,1.48979234e-05,30,1.16799998,1
475104200004133,77247596,2458526.9797216314,58526.4759606,19.4105301,0.0788565651,0,zg,195.707029,1.8216371,0.470999986,-0.0820000023,20190212475903,475,4.0,2.0,20.4200001,25.757349,0.0412620716,-0.0278793164,4.4018394e-05,30,1.14300001,1
475104200004133,78539593,2458539.9006017447,58539.3959375,19.697155,0.0965585336,0,zg,195.7071041,1.8217075,0.486000001,0.0299999993,20190225395914,475,4.0,2.0,20.6399994,25.8819504,0.0324313492,-0.0412705466,2.47708504e-05,30,1.20200002,1
475104200004133,79335553,2458547.8606425193,58547.3555324,19.4971924,0.0838381946,0,zg,195.7070867,1.8216396,1.11500001,0.101000004,20190305355532,475,4.0,2.0,21.5300007,26.1679134,0.0276808497,-0.0372487679,1.51844179e-05,30,1.25699997,1
475104200004133,80237583,2458556.8813335076,58556.3758333,19.6942883,0.0963638201,0,zg,195.7072195,1.821641,1.03600001,0.61500001,20190314375787,475,4.0,2.0,19.7999992,26.1859035,0.0401956998,-0.0016577749,5.84279005e-05,30,1.15600002,1
475104200004133,80535262,2458559.8582278825,58559.3526273,19.4058151,0.0785944536,0,zg,195.7071119,1.8217313,0.845000029,0.175999999,20190317352593,475,4.0,2.0,19.9899998,26.2224941,0.0424119048,-0.0997156948,6.48604473e-05,30,1.17799997,1
475104200004133,81331119,2458567.8169898484,58567.3111921,19.4555893,0.0814076737,0,zg,195.7070633,1.821719,0.538999975,-0.100000001,20190325311157,475,4.0,2.0,20.6599998,26.1289654,0.0352602415,-0.0256369449,3.03523793e-05,30,1.22399998,1
475104200004133,81833414,2458572.8400113946,58572.3341435,19.3345127,0.0747398883,0,zg,195.7069811,1.8215748,0.898999989,-0.00700000022,20190330334144,475,4.0,2.0,20.6900005,25.7039127,0.0391635075,-0.0934993774,3.81363971e-05,30,1.15400004,1
475104200004133,82629891,2458580.8048034254,58580.298912,19.4739857,0.0824734345,0,zg,195.7071008,1.8216538,0.744000018,-0.0599999987,20190407298889,475,4.0,2.0,21.5799999,26.2057648,0.028436536,-0.0751753524,1.5783542e-05,30,1.17200005,1
475104200004133,84223109,2458596.7367190756,58596.2310995,19.4081306,0.0787230432,0,zg,195.7070037,1.8216204,0.773999989,-0.0199999996,20190423231100,475,4.0,2.0,21.0900002,26.177866,0.0341637433,-0.0701981485,2.38841858e-05,30,1.22599995,1
475104200004133,84623179,2458600.737281016,58600.231794,19.3948479,0.0779882446,0,zg,195.7070629,1.8216538,0.702000022,-0.0250000004,20190427231794,475,4.0,2.0,21.4500008,26.1774445,0.0299654026,-0.0693189502,1.76160647e-05,30,1.19599998,1
475104200004133,85237934,2458606.8845756063,58606.3793403,19.5869656,0.089333497,0,zg,195.707107,1.8216725,0.556999981,-0.0189999994,20190503379340,475,4.0,2.0,21.4899998,26.0442791,0.0295636151,-0.0636019856,1.74370689e-05,30,1.49699998,1
475104200004133,85825185,2458612.7567949793,58612.2518519,19.5074043,0.0844458938,0,zg,195.7071043,1.821669,1.03100002,0.0599999987,20190509251586,475,4.0,2.0,21.7399998,26.1217022,0.0287644602,-0.0622060895,1.6272772e-05,30,1.14199996,1
475104200004133,86319451,2458617.699174163,58617.1945139,19.7159977,0.0978479832,0,zg,195.7071277,1.8217812,0.476000011,-0.187999994,20190514194514,475,4.0,2.0,20.2199993,26.1674862,0.0407717936,-0.0801741406,4.94074993e-05,30,1.17700005,1
475104200004133,87925041,2458633.753954524,58633.2504167,19.6186867,0.0913585871,0,zg,195.7071261,1.8216669,0.841000021,0.0340000018,20190530250405,475,4.0,2.0,21.5400009,26.1220665,0.0290386695,-0.0773168206,1.65899983e-05,30,1.22300005,1
475104200004133,88523447,2458639.7375306124,58639.2344792,19.6927681,0.0962606147,0,zg,195.7071252,1.8216573,1.64300001,0.0410000011,20190605234468,475,4.0,2.0,21.5699997,26.11483,0.0278971381,-0.0668153539,1.53075107e-05,30,1.22399998,1
475104200004133,88819378,2458642.696584435,58642.1937847,19.4152317,0.0791188553,0,zg,195.7071122,1.8216737,0.683000028,-0.0140000004,20190608193785,475,4.0,2.0,21.6299992,26.1799908,0.0273713097,-0.0718216822,1.50390424e-05,30,1.15799999,1
475104200004133,90025366,2458654.755383248,58654.253669,19.5955639,0.0898780972,0,zg,195.7070698,1.8215774,1.07700002,0.127000004,20190620253669,475,4.0,2.0,20.5400009,26.0184174,0.0375548117,-0.0508578494,3.5004301e-05,30,1.53999996,1
475104200004133,90420756,2458658.708911899,58658.2075694,19.3562298,0.0758923441,0,zg,195.7070856,1.8216549,0.768000007,0.0329999998,20190624207558,475,4.0,2.0,21.7299995,26.0943241,0.0270518679,-0.0648075342,1.45351923e-05,30,1.31599998,1
475104200004133,90721454,2458661.7156047416,58661.2145486,19.4855766,0.0831522793,0,zg,195.7071276,1.8216365,1.24699998,-0.107000001,20190627214549,475,4.0,2.0,21.2000008,26.1289177,0.0310099144,-0.0888150185,1.95306966e-05,30,1.39699996,1
475104200004133,91319407,2458667.6945546577,58667.1940741,19.4132862,0.0790102184,0,zg,195.7071116,1.8216859,0.731999993,0.0250000004,20190703194074,475,4.0,2.0,21.5200005,26.1356888,0.028061226,-0.0681999251,1.5519252e-05,30,1.37300003,1
475104200004133,91620851,2458670.7087072968,58670.2085185,19.5977364,0.0900161788,0,zg,195.7069188,1.8216426,1.04400003,-0.050999999,20190706208519,475,4.0,2.0,20.8799992,26.0223255,0.0325999372,-0.035051506,2.32932434e-05,30,1.52699995,1
475104200004133,92217177,2458676.671383351,58676.1717708,19.5564213,0.0874248371,0,zg,195.7070577,1.8216514,0.675000012,0.185000002,20190712171771,475,4.0,2.0,20.4500008,26.0683384,0.0385696106,-0.0513354912,4.27993582e-05,30,1.38499999,1
475104200004133,92517123,2458679.6705629616,58679.1712384,19.3969536,0.0781042278,0,zg,195.7071573,1.8216871,0.463,-0.00400000019,20190715171238,475,4.0,2.0,20.2999992,26.1255493,0.0420668758,-0.0394161455,5.10446953e-05,30,1.43299997,1
475104200004133,92917929,2458683.6782372156,58683.179294,19.3272362,0.0743579268,0,zg,195.7071199,1.8216544,1.16400003,0.0839999989,20190719179294,475,4.0,2.0,20.8500004,26.0727615,0.0366081521,-0.0613312945,2.92032564e-05,30,1.58200002,1
475104200004133,93217099,2458686.6696574716,58686.1709954,19.3767357,0.0769977421,0,zg,195.7071041,1.8216931,0.878000021,-0.0799999982,20190722170995,475,4.0,2.0,20.7700005,26.0435028,0.0385600664,-0.0460169949,3.41270606e-05,30,1.58099997,1
475104200004133,93819954,2458692.697656191,58692.1995486,19.4592934,0.0816211775,0,zg,195.70705,1.8216518,1.16100001,-0.105999999,20190728199549,475,4.0,2.0,20.6100006,25.8578568,0.0407851711,-0.0436540805,4.03261547e-05,30,2.24600005,1
475104200004133,111843938,2458872.9414732433,58872.4393866,19.5463028,0.0868014544,0,zg,195.7071655,1.8216881,1.13300002,-0.133000001,20200124439387,475,4.0,2.0,21.25,26.0423431,0.0316905901,-0.0872485116,2.05672313e-05,30,1.37300003,1
475104200004133,112948050,2458883.983593846,58883.4805093,19.4307232,0.079989478,0,zg,195.7071732,1.8216751,1.27400005,-0.0350000001,20200204480509,475,4.0,2.0,20.3199997,26.2404537,0.0385186188,-0.0596734434,4.09245149e-05,30,1.15499997,1
475104200004133,114033471,2458894.8386694794,58894.3347106,19.5307064,0.0858492255,0,zg,195.7070829,1.8216482,0.479999989,0.00600000005,20200215334711,475,4.0,2.0,21.0400009,26.1713085,0.0341267549,-0.0659856498,2.42443912e-05,30,1.75399995,1
475104200004133,114443861,2458898.942866809,58898.4386111,19.5219021,0.0853163153,0,zg,195.7071064,1.8216394,0.827000022,0.00700000022,20200219438611,475,4.0,2.0,21.7399998,26.2926102,0.0311444532,-0.109270893,1.91691652e-05,30,1.15600002,1
475104200004133,115041988,2458904.9245344386,58904.4198843,19.5724888,0.0884238482,0,zg,195.7069469,1.8216044,0.901000023,0.0790000036,20200225419884,475,4.0,2.0,20.4300003,26.2597733,0.0415242352,-0.0759465918,4.49688887e-05,30,1.15900004,1
475104200004133,115435423,2458908.8591191256,58908.3542361,19.5084801,0.0845101401,0,zg,195.7071037,1.8216705,0.541999996,0.0320000015,20200229354236,475,4.0,2.0,21.6399994,26.2384682,0.0269798748,-0.0770328939,1.45993363e-05,30,1.30799997,1
475104200004133,115741648,2458911.92153046,58911.4164815,19.3901443,0.0777297243,0,zg,195.7070367,1.8217766,0.531000018,0.177000001,20200303416389,475,4.0,2.0,20.5699997,26.2486172,0.0388035178,-0.0714808032,3.72285322e-05,30,1.14499998,1
475104200004133,118339063,2458937.8965025865,58937.3906366,19.5107498,0.084645927,0,zg,195.7070754,1.8216636,0.700999975,-0.0390000008,20200329390637,475,4.0,2.0,21.8899994,26.2343235,0.0277881417,-0.0809560716,1.52187758e-05,30,1.16499996,1
475104200004133,118744100,2458941.9468994136,58941.4410069,19.6458702,0.0931292251,0,zg,195.7070833,1.8216835,1.63699996,-0.0289999992,20200402441007,475,4.0,2.0,20.7800007,26.1787109,0.0367504172,-0.0709430575,3.11503791e-05,30,1.36000001,1
475104200004133,120131487,2458955.8206472844,58955.3148727,19.6213837,0.0915328413,0,zg,195.7071032,1.8216611,0.476999998,-0.0350000001,20200416314861,475,4.0,2.0,21.5,26.2516708,0.0275744963,-0.0801354796,1.51807262e-05,30,1.14199996,1
475104200004133,120833952,2458962.845119234,58962.3395255,19.5517311,0.0871353596,0,zg,195.7070644,1.8216094,1.28699994,-0.133000001,20200423339502,475,4.0,2.0,21.1700001,26.2345104,0.0320477039,-0.0862544104,2.09049522e-05,30,1.19700003,1
475104200004133,121125258,2458965.7580766277,58965.252581,19.6262932,0.0918507725,0,zg,195.7071088,1.8216419,0.407000005,0.0260000005,20200426252546,475,4.0,2.0,21.6000004,26.2653542,0.0309115853,-0.102916084,1.88352587e-05,30,1.15999997,1
475104200004133,121429525,2458968.800633708,58968.2952546,19.5339699,0.0860476419,0,zg,195.7071377,1.821656,0.890999973,-0.0149999997,20200429295255,475,4.0,2.0,21.4200001,26.2746449,0.0276722256,-0.0703695342,1.51428085e-05,30,1.15199995,1
475104200004133,121727231,2458971.7775664045,58971.2723148,19.4213486,0.0794614404,0,zg,195.7071064,1.8216651,0.592999995,0.00200000009,20200502272245,475,4.0,2.0,20.7199993,26.2835789,0.0371546187,-0.0640494749,3.10262039e-05,30,1.14300001,1
475104200004133,122220726,2458976.712280443,58976.2072685,19.48522,0.0831312537,0,zg,195.7072536,1.8217197,1.16999996,-0.460000008,20200507207269,475,4.0,2.0,19.8700008,26.2817612,0.0502143651,-0.0771178529,0.000104758336,30,1.18499994,1
475104200004133,123120831,2458985.7127994513,58985.2083102,19.5269661,0.0856224597,0,zg,195.7071078,1.8216787,0.833999991,-0.109999999,20200516208310,475,4.0,2.0,21.7999992,26.2349606,0.0267213322,-0.0810745209,1.4132318e-05,30,1.14900005,1
475104200004133,123818946,2458992.6934816395,58992.1894676,19.503994,0.0842424333,0,zg,195.7070948,1.8216368,1.27100003,-0.0790000036,20200523189468,475,4.0,2.0,21.6000004,26.2602482,0.0280661732,-0.085358806,1.55167781e-05,30,1.14900005,1
475104200004133,124130228,2458995.8060644977,58995.3022801,19.5939198,0.0897736475,0,zg,195.7071849,1.821644,0.943000019,0.0399999991,20200526302280,475,4.0,2.0,21.2199993,26.1896915,0.0314306952,-0.0784695894,1.99536353e-05,30,1.41100001,1
475104200004133,124419131,2458998.6948818304,58998.1913194,19.4108009,0.0788716376,0,zg,195.7070988,1.821632,0.666000009,0.0379999988,20200529191308,475,4.0,2.0,21.6100006,26.2475414,0.0266886298,-0.0699564368,1.39441263e-05,30,1.14199996,1
475104200004133,125525041,2459009.7530604815,59009.2504167,19.3914413,0.0778009146,0,zg,195.7071053,1.821615,0.855000019,0.023,20200609250417,475,4.0,2.0,20.4799995,26.2580566,0.0401504971,-0.0461097434,4.1564821e-05,30,1.33500004,1
475104200004133,126420364,2459018.705481828,59018.2036458,19.6373482,0.0925706327,0,zg,195.7071043,1.8216674,0.550999999,-0.0610000007,20200618203646,475,4.0,2.0,21.7600002,26.2926979,0.0247990191,-0.0815708637,1.22613828e-05,30,1.24399996,1
475104200004133,127019878,2459024.7000574097,59024.1987847,19.5486431,0.0869453102,0,zg,195.7071049,1.821658,0.428000003,0.0209999997,20200624198773,475,4.0,2.0,21.8199997,26.2443466,0.0250748042,-0.0675078407,1.2284615e-05,30,1.28600001,1
475104200004133,127319199,2459027.692977668,59027.1919907,19.5755062,0.0886126831,0,zg,195.7071203,1.8216518,0.871999979,-0.0469999984,20200627191979,475,4.0,2.0,20.5499992,26.0933456,0.0395374149,-0.0417644717,3.91424728e-05,30,1.29200006,1
475104200004133,127819520,2459032.695713591,59032.1952083,19.5232964,0.0854004472,0,zg,195.7070894,1.8216696,0.508000016,0.00100000005,20200702195208,475,4.0,2.0,20.1800003,26.2011089,0.0398460403,-0.0671348125,5.15873508e-05,30,1.375,1
475104200004133,128517357,2459039.6734069353,59039.1735764,19.3455791,0.0753247887,0,zg,195.7071193,1.8216304,1.13300002,0.114,20200709173576,475,4.0,2.0,21.0699997,26.2243023,0.0325890519,-0.0496599227,2.27946184e-05,30,1.36099994,1
475104200004133,128621204,2459040.7117788396,59040.2120486,19.4349174,0.0802269354,0,zg,195.7070731,1.8217032,1.45000005,0.160999998,20200710212037,475,4.0,2.0,21.2299995,26.1814232,0.0299165659,-0.0577266365,1.82186141e-05,30,1.68599999,1
475104200004133,128920774,2459043.7071849583,59043.2077431,19.3034515,0.0731239095,0,zg,195.7071046,1.821642,0.875,-0.114,20200713207731,475,4.0,2.0,21.0900002,26.0461922,0.0335565992,-0.0359190106,2.33679402e-05,30,1.73099995,1
475104200004133,143052811,2459185.025111648,59184.5281134,19.6770859,0.0952026397,0,zg,195.7070117,1.8216993,0.561999977,0.00700000022,20201201528113,475,4.0,2.0,19.8299999,26.1954784,0.0369464681,-0.0602803789,5.68106079e-05,30,1.91999996,1
475104200004133,143453868,2459189.0360191884,59188.5386806,19.3523941,0.0756874159,0,zg,195.7070801,1.8216743,0.611000001,-0.0109999999,20201205538681,475,4.0,2.0,20.3500004,26.2536678,0.0419377387,-0.0488290302,4.61531563e-05,30,1.64400005,1
475104200004133,144054304,2459195.040918099,59194.543044,19.5755424,0.0886149257,0,zg,195.7071066,1.8217145,0.649999976,0.0769999996,20201211543009,475,4.0,2.0,20.7600002,26.2689514,0.0336833112,-0.0456251875,2.51868096e-05,30,1.46399999,1
475104200004133,144454337,2459199.0416252813,59198.5433796,19.3234062,0.0741576999,0,zg,195.7070809,1.8216652,1.11300004,-0.0379999988,20201215543368,475,4.0,2.0,20.9799995,26.2999496,0.0327691399,-0.0583831482,2.24652322e-05,30,1.38999999,1
475104200004133,144954002,2459204.0387461404,59203.5400231,19.2843475,0.0721486732,0,zg,195.7071759,1.8216348,0.888000011,0.100000001,20201220539988,475,4.0,2.0,20.8700008,26.2934475,0.0345129669,-0.050829377,2.4581881e-05,30,1.33399999,1
475104200004133,146150807,2459216.0079830373,59215.5080787,19.5334301,0.0860147774,0,zg,195.7072325,1.8218499,0.717000008,-0.0500000007,20210101508067,475,4.0,2.0,19.7199993,26.2738018,0.0435061939,-0.0316551253,9.08859292e-05,30,1.33000004,1
475104200004133,146150901,2459216.0089206444,59215.5090162,19.0948181,0.0632130504,0,zg,195.7069491,1.8215262,0.551999986,-0.0109999999,20210101509016,475,4.0,2.0,19.6299992,26.2908459,0.0460691266,-0.0714565441,0.000104849583,30,1.32599998,2
475104200004133,146253428,2459217.0342893447,59216.5342824,19.7598991,0.100913756,0,zg,195.7070817,1.8216459,0.753000021,-0.162,20210102534062,475,4.0,2.0,20.2099991,26.2272682,0.0448908322,-0.0538635626,5.97443723e-05,30,1.22000003,2
475104200004133,147053766,2459225.0384686003,59224.537662,19.6557388,0.0937800258,0,zg,195.7070361,1.8216949,0.815999985,0.023,20210110537662,475,4.0,2.0,21.3299999,26.3248653,0.0305326264,-0.080071561,1.82992626e-05,30,1.16600001,1
475104200004133,147252553,2459227.0265363497,59226.5255324,19.4623489,0.0817976743,0,zg,195.7070404,1.8217128,0.994000018,-0.0439999998,20210112525394,475,4.0,2.0,21.1100006,26.343565,0.0366356857,-0.108754143,2.66089155e-05,30,1.17700005,1
475104200004133,147648085,2459230.982249821,59230.4808565,19.4982319,0.0838998556,0,zg,195.7070497,1.8216436,0.959999979,-0.0370000005,20210116480787,475,4.0,2.0,21.2999992,26.3293133,0.0297163706,-0.0878954604,1.73806948e-05,30,1.27100003,1
475104200004133,149544254,2459249.9456909737,59249.4425463,19.588419,0.089425303,0,zg,195.7072752,1.8216106,0.746999979,0.0939999968,20210204442546,475,4.0,2.0,19.8799992,26.2693787,0.0396769159,-0.0438900366,5.86220558e-05,30,1.22500002,1
475104200004133,149742130,2459251.9246196225,59251.4213079,19.4807167,0.0828669667,0,zg,195.7071042,1.8216707,1.12899995,-0.0549999997,20210206421308,475,4.0,2.0,21.4500008,26.3148041,0.0275577717,-0.0757570937,1.48274821e-05,30,1.27900004,1
475104200004133,149938421,2459253.887686678,59253.384213,19.4776306,0.0826863125,0,zg,195.7071413,1.8216583,1.12699997,-0.0170000009,20210208384213,475,4.0,2.0,21.3400002,26.1897278,0.0305181332,-0.0838977695,1.86047873e-05,30,1.44799995,1
475104200004133,150139428,2459255.8979179077,59255.3942824,19.4991512,0.0839544088,0,zg,195.7070804,1.8216681,0.717000008,0.0549999997,20210210394282,475,4.0,2.0,21.5100002,26.2902222,0.0297741815,-0.0886428207,1.71934371e-05,30,1.35399997,1
475104200004133,150338233,2459257.886129286,59257.382338,19.5206337,0.0852398053,0,zg,195.7072372,1.8217255,1.36899996,0.236000001,20210212382338,475,4.0,2.0,20.4699993,25.9266777,0.0405581519,-0.0541700199,4.34038266e-05,30,1.38999999,1
475104200004133,150850315,2459263.0073314966,59262.5031597,19.6213837,0.0915328413,0,zg,195.7070976,1.8217385,0.663999975,0.00600000005,20210217503148,475,4.0,2.0,21.1200008,26.3084393,0.0307257921,-0.0775303841,1.8567036e-05,30,1.16700006,1
475104200004133,151041342,2459264.917731497,59264.4134259,19.5864868,0.0893032402,0,zg,195.7070909,1.8216596,1.11500001,0.0460000001,20210219413426,475,4.0,2.0,21.6599998,26.3466225,0.0272359159,-0.0877357498,1.46393922e-05,30,1.19400001,1
475104200004133,151448509,2459268.989667741,59268.4850926,19.5492249,0.0869810879,0,zg,195.7070603,1.8216613,0.435000002,0.0109999999,20210223485069,475,4.0,2.0,21.3199997,26.3221664,0.0308282152,-0.0585344546,1.86615162e-05,30,1.16499996,1
475104200004133,151640133,2459270.9060253645,59270.401331,19.4540024,0.0813164115,0,zg,195.7069861,1.8217527,0.76700002,-0.0860000029,20210225401319,475,4.0,2.0,20.1599998,26.3191032,0.0384545214,-0.0974727944,4.65314333e-05,30,1.18499994,1
475104200004133,152243859,2459276.9436359545,59276.4385995,19.5255909,0.0855391771,0,zg,195.707171,1.8215935,0.333999991,-0.050999999,20210303438044,475,4.0,2.0,20.5200005,26.3038177,0.0360071026,-0.069769077,3.23867935e-05,30,1.14199996,1
475104200004133,152637403,2459280.87927027,59280.3740394,19.4688644,0.0821753293,0,zg,195.7071393,1.8216086,1.07700002,-0.0860000029,20210307374028,475,4.0,2.0,20.7700005,26.0469818,0.0387618355,-0.076194033,3.21383086e-05,30,1.18499994,1
475104200004133,153833195,2459292.8376290533,59292.331956,19.3961048,0.078057453,0,zg,195.7070348,1.8216685,1.204,-0.00899999961,20210319331944,475,4.0,2.0,21.3899994,26.2492428,0.0281625204,-0.0762317181,1.57224804e-05,30,1.20599997,1
475104200004133,154026971,2459294.775433364,59294.2697106,19.4368248,0.0803351551,0,zg,195.7068799,1.8216415,0.850000024,0.174999997,20210321269711,475,4.0,2.0,20.2199993,26.142992,0.0401359051,-0.0482964255,4.69998777e-05,30,1.46599996,1
475104200004133,154330047,2459297.8062625476,59297.3004745,19.4323883,0.0800836608,0,zg,195.706948,1.8216259,0.716000021,0.788999975,20210324300475,475,4.0,2.0,19.8199997,26.2465019,0.038951423,-0.0771403685,6.40658545e-05,30,1.26100004,1
475104200004133,154633634,2459300.84218063,59300.3363426,18.8673363,0.0541211702,0,zg,195.7069556,1.821526,0.827000022,-0.00999999978,20210327336343,475,4.0,2.0,19.3700008,26.2560368,0.0360157453,-0.0689806342,7.51265252e-05,30,1.15699995,3
475104200004133,154633918,2459300.84502787,59300.3391898,19.1512547,0.0657372028,0,zg,195.7069612,1.8215686,0.757000029,-0.0149999997,20210327339190,475,4.0,2.0,19.3500004,26.2654057,0.0418999344,-0.0637312531,9.9500372e-05,30,1.15400004,1
475104200004133,155026898,2459304.77486124,59304.2689815,19.2863712,0.0722513422,0,zg,195.7071126,1.8216094,0.605000019,-0.175999999,20210331268982,475,4.0,2.0,19.8600006,26.2174358,0.0412347168,-0.0641912371,7.0331298e-05,30,1.31200004,3
475104200004133,155231424,2459306.8201388745,59306.3142477,19.4460258,0.080859229,0,zg,195.7070413,1.8216481,1.08899999,-0.142000005,20210402314248,475,4.0,2.0,20.8999996,26.2661114,0.0380352624,-0.108074218,3.18919665e-05,30,1.16499996,3
475104200004133,155331695,2459307.822850191,59307.316956,19.5163841,0.0849839747,0,zg,195.7071048,1.8216459,0.565999985,-0.0170000009,20210403316956,475,4.0,2.0,21.6700001,26.3133583,0.0253194105,-0.0869103819,1.26528948e-05,30,1.15799999,1
475104200004133,155331790,2459307.823799293,59307.3179051,19.5522652,0.0871682763,0,zg,195.7070651,1.8216537,0.248999998,-0.0219999999,20210403317894,475,4.0,2.0,21.6800003,26.3072357,0.0260257516,-0.083912164,1.34042712e-05,30,1.15600002,3
475104200004133,155435752,2459308.863418622,59308.3575231,19.4750462,0.0825353414,0,zg,195.7071076,1.8216826,0.763000011,-0.0599999987,20210404357523,475,4.0,2.0,21.3299999,26.3059921,0.0281575583,-0.0859104842,1.54995432e-05,30,1.14499998,3
475104200004133,155531539,2459309.82128863,59309.3153935,19.3454781,0.0753194019,0,zg,195.7070973,1.821676,0.31400001,-0.00200000009,20210405315394,475,4.0,2.0,21.2900009,26.301445,0.0280711316,-0.0959897488,1.55480429e-05,30,1.153,1
475104200004133,155533353,2459309.8394252085,59309.3335301,19.5492897,0.0869850516,0,zg,195.7071362,1.8216631,1.00899994,0.00499999989,20210405333530,475,4.0,2.0,21.3899994,26.3052597,0.0291577112,-0.0785126165,1.66064165e-05,30,1.14100003,3
475104200004133,155925753,2459313.763411853,59313.2575347,19.4782619,0.0827232599,0,zg,195.7070801,1.8215734,0.838,-0.0199999996,20210409257535,475,4.0,2.0,20.9899998,26.1483002,0.0347343646,-0.0800056234,2.52190766e-05,30,1.25800002,1
475104200004133,156736223,2459321.867992007,59321.3622338,19.5005856,0.0840395987,0,zg,195.7071171,1.8216524,0.381000012,-0.0370000005,20210417362234,475,4.0,2.0,21.6900005,26.2095375,0.0273233857,-0.0658562705,1.46240673e-05,30,1.20899999,1
475104200004133,156927365,2459323.779371755,59323.2736574,19.6062832,0.0905615538,0,zg,195.7071515,1.8216357,1.26800001,0.0460000001,20210419273657,475,4.0,2.0,20.8799992,26.2733097,0.0318899453,-0.0843648091,2.17893248e-05,30,1.15699995,1
475104200004133,157135078,2459325.856446973,59325.350787,19.5605278,0.0876791105,0,zg,195.7071482,1.8215859,0.781000018,0.0790000036,20210421350787,475,4.0,2.0,20.4799995,26.2416229,0.0378548689,-0.0435848273,3.55459379e-05,30,1.20700002,1
475104200004133,158021395,2459334.7193102487,59334.2139583,19.4573193,0.0815073475,0,zg,195.7071221,1.8216661,0.957000017,0.0469999984,20210430213958,475,4.0,2.0,21.4099998,26.2824211,0.0273923241,-0.0847508535,1.46741704e-05,30,1.21500003,1
475104200004133,158227640,2459336.7816636553,59336.2764005,19.656086,0.0938029885,0,zg,195.7070804,1.8216486,0.605000019,0.0309999995,20210502276400,475,4.0,2.0,21.4699993,26.2630119,0.0269502047,-0.0739675611,1.40656566e-05,30,1.14300001,1
475104200004133,158729629,2459341.801317359,59341.2962963,19.4832497,0.0830155537,0,zg,195.707139,1.8216484,0.238999993,0.0260000005,20210507296296,475,4.0,2.0,21.7900009,26.2592411,0.0275281183,-0.0738987252,1.47499995e-05,30,1.18299997,1
475104200004133,158927120,2459343.7761197216,59343.2712037,19.4332314,0.0801313668,0,zg,195.7070994,1.8216363,0.208000004,0.0260000005,20210509271204,475,4.0,2.0,21.8099995,26.1891747,0.0264213551,-0.0690169707,1.36498575e-05,30,1.153,1
475104200004133,159124590,2459345.751576497,59345.2459028,19.5729752,0.088454254,0,zg,195.7070924,1.821656,1.45700002,-0.0480000004,20210511245891,475,4.0,2.0,22.3799992,28.19594,0.0171790235,-0.0790765807,5.78503114e-06,180,1.14100003,2
475104200004133,159426938,2459348.7740131724,59348.2693866,19.4269142,0.0797745064,0,zg,195.7070959,1.8216453,0.407999992,0.023,20210514269387,475,4.0,2.0,21.8199997,26.2291031,0.0255438574,-0.0647220612,1.26675741e-05,30,1.16900003,1
475104200004133,159818978,2459352.6941571706,59352.1897801,19.351984,0.0756655484,0,zg,195.7071782,1.8217204,0.739000022,0.245000005,20210518189769,475,4.0,2.0,20.1299992,26.1808376,0.0456999019,-0.0602607019,6.46133049e-05,30,1.16299999,1
475104200004133,160029747,2459354.8017121167,59354.2974769,19.2883301,0.0723508298,0,zg,195.7073357,1.8217387,0.862999976,0.851999998,20210520297477,475,4.0,2.0,19.8199997,26.2173805,0.0391423926,-0.0443194732,6.35598844e-05,30,1.29499996,1
475104200004133,160818983,2459362.693498297,59362.189838,19.3866692,0.0775393248,0,zg,195.7071069,1.8216426,0.907999992,0.00899999961,20210528189838,475,4.0,2.0,21.6000004,26.3296471,0.0310706571,-0.103500187,1.90358878e-05,30,1.14100003,1
475104200004133,161223273,2459366.7360727894,59366.2327315,19.4358578,0.0802802145,0,zg,195.7070932,1.8216354,0.430999994,-0.00400000019,20210601232731,475,4.0,2.0,21.5699997,26.2377625,0.027415026,-0.0782677606,1.46106486e-05,30,1.19299996,1
475104200004133,161419267,2459368.695854842,59368.1926736,19.4207115,0.0794257075,0,zg,195.7070805,1.8216483,1.23300004,-0.133000001,20210603192662,475,4.0,2.0,21.8199997,26.2466354,0.0260849278,-0.0748873875,1.31627949e-05,30,1.14400005,1
475104200004133,161621722,2459370.720234629,59370.2172222,19.4949322,0.0837042779,0,zg,195.7070732,1.821632,0.896000028,0.116999999,20210605217222,475,4.0,2.0,21.3400002,26.236887,0.0296586156,-0.0523750484,1.72500695e-05,30,1.18299997,1
475104200004133,162022069,2459374.723363411,59374.2206944,19.3944206,0.0779646784,0,zg,195.7070703,1.8216351,0.764999986,-0.0379999988,20210609220683,475,4.0,2.0,21.3899994,26.2123108,0.0293277521,-0.0877407193,1.70062558e-05,30,1.21700001,1
475104200004133,162221487,2459376.717366301,59376.2148727,19.5783768,0.0887926966,0,zg,195.7071088,1.8216594,1.15400004,0.143000007,20210611214873,475,4.0,2.0,21.3899994,26.2723446,0.0287555382,-0.0632383451,1.64345911e-05,30,1.21599996,1
475104200004133,162419303,2459378.695349419,59378.1930324,19.3674908,0.0764972866,0,zg,195.7070923,1.8216477,0.981000006,-0.0149999997,20210613193032,475,4.0,2.0,21.6599998,26.2963696,0.0269979797,-0.0733407736,1.41814635e-05,30,1.17799997,1
475104200004133,163621112,2459390.7123237234,59390.2111227,19.4935341,0.0836215466,0,zg,195.7070947,1.8216755,0.785000026,-0.261999995,20210625211123,475,4.0,2.0,20.3199997,26.2295456,0.0365696587,-0.0413317792,3.75512609e-05,30,1.35099995,1
475104200004133,164019619,2459394.6970117325,59394.1961921,19.4465256,0.0808877796,0,zg,195.7070915,1.8216673,0.711000025,0.0250000004,20210629196192,475,4.0,2.0,21.1900005,25.9565983,0.0307917651,-0.0603172183,1.92868829e-05,30,1.33099997,1
475104200004133,164223679,2459396.737417028,59396.236794,19.5695782,0.0882420316,0,zg,195.7070696,1.8216485,1.06700003,-0.0670000017,20210701236794,475,4.0,2.0,21.1800003,25.9857807,0.0347109474,-0.0579464659,2.47838834e-05,30,1.67700005,1
475104200004133,164721284,2459401.7129890234,59401.2128472,19.4066124,0.0786387324,0,zg,195.7070801,1.8216603,1.00300002,0.0260000005,20210706212847,475,4.0,2.0,20.7399998,26.1667233,0.0393417701,-0.0588696897,3.40143415e-05,30,1.574,1
475104200004133,186943635,2459623.9402062055,59623.4363542,19.5800514,0.0888979062,0,zg,195.7071065,1.8216892,0.680000007,-0.00100000005,20220213436343,475,4.0,2.0,20.9599991,26.2988415,0.0303476099,-0.0573455095,1.94152617e-05,30,1.18200004,1
475104200004133,187134171,2459625.8457082612,59625.341713,19.5447426,0.0867057815,0,zg,195.7071719,1.8215649,0.707000017,-0.126000002,20220215341701,475,4.0,2.0,19.8600006,26.239624,0.0367821045,-0.0390161611,5.77500723e-05,30,1.65499997,1
475104200004133,188534244,2459639.847351313,59639.3424421,19.3984299,0.0781857073,0,zg,195.7068997,1.8216377,0.790000021,0.0160000008,20220301342431,475,4.0,2.0,20.1100006,26.276268,0.042238351,-0.0446760654,5.43349597e-05,30,1.35699999,1
475104200004133,188734030,2459641.84531864,59641.3403009,19.5173855,0.0850441828,0,zg,195.7070812,1.8216482,0.670000017,-0.0289999992,20220303340301,475,4.0,2.0,21.5799999,26.1461945,0.0341652073,-0.0621157959,2.29568977e-05,30,1.34000003,1
475104200004133,191933561,2459673.8415086046,59673.3356134,19.5771141,0.0887134895,0,zg,195.7070758,1.8216395,0.620999992,0.0379999988,20220404335590,475,4.0,2.0,21.6299992,26.0891781,0.0316802002,-0.0578957722,1.98145044e-05,30,1.14100003,1
475104200004133,192131892,2459675.8248170633,59675.3189236,19.3517647,0.0756538436,0,zg,195.7070692,1.8216422,0.578999996,0.0869999975,20220406318924,475,4.0,2.0,21.6599998,26.2166405,0.0321031697,-0.0610057786,2.05878841e-05,30,1.148,1
475104200004133,192329928,2459677.805167477,59677.2992824,19.5661659,0.0880293995,0,zg,195.7071035,1.8216371,1.48199999,-0.120999999,20220408299282,475,4.0,2.0,20.9599991,26.2370567,0.0326629169,-0.0423304886,2.14820266e-05,30,1.16400003,1
475104200004133,192821322,2459682.719064991,59682.2132292,19.2030296,0.0681532398,0,zg,195.7070854,1.8216488,0.769999981,0.023,20220413213218,475,4.0,2.0,20.0400009,26.2097435,0.0468842983,-0.0214748383,7.19423188e-05,30,1.42700005,1
475104200004133,194033754,2459694.8430913705,59694.3375463,19.4011974,0.0783385932,0,zg,195.7070783,1.821624,0.791999996,-0.0979999974,20220425337546,475,4.0,2.0,21.0699997,26.1290302,0.0376656428,-0.03934839,2.88064239e-05,30,1.20000005,1
475104200004133,194221541,2459696.7208957793,59696.2154167,19.3684311,0.0765480548,0,zg,195.7070809,1.8216441,1.30700004,0.0250000004,20220427215417,475,4.0,2.0,21.4599991,26.2092934,0.0299270917,-0.0343270786,1.76093763e-05,30,1.23699999,1
475104200004133,194539343,2459699.8987924424,59699.3934375,19.423687,0.0795928463,0,zg,195.7070774,1.8216258,0.736000001,0.0460000001,20220430393426,475,4.0,2.0,21.0300007,26.0779228,0.0357489362,-0.0330607109,2.64772225e-05,30,1.54700005,1
475104200004133,194729357,2459701.7988499105,59701.2935764,19.4964485,0.0837940946,0,zg,195.7070868,1.8215639,1.08599997,-0.0390000008,20220502293565,475,4.0,2.0,20.9599991,26.2203045,0.0406224988,-0.0326380022,3.50911614e-05,30,1.15600002,1
475104200004133,194737373,2459701.8790083025,59701.3737384,19.571703,0.0883747488,0,zg,195.7070563,1.8216632,1.23300004,-0.00100000005,20220502373727,475,4.0,2.0,20.9500008,26.1058693,0.0370940939,-0.0185732432,2.84869129e-05,30,1.43799996,1
475104200004133,196327847,2459717.782859856,59717.2784722,19.5298882,0.0857995898,0,zg,195.707072,1.8216704,0.538999975,-0.177000001,20220518278472,475,4.0,2.0,20.5599995,26.2267914,0.0416702628,-0.0311168619,4.42470191e-05,30,1.20899999,1
475104200004133,196824048,2459722.744532953,59722.2404861,19.5104103,0.0846256539,0,zg,195.7070864,1.8216601,0.876999974,-0.0649999976,20220523240475,475,4.0,2.0,21.3199997,26.2062969,0.0335423686,-0.0361167602,2.31758077e-05,30,1.16100001,1
475104200004133,197223226,2459726.73602121,59726.2322685,19.4880695,0.0832989961,0,zg,195.7071038,1.8216334,1.36199999,0.0949999988,20220527232269,475,4.0,2.0,21.75,26.2709618,0.0277713314,-0.0356967002,1.5285068e-05,30,1.16499996,1
475104200004133,197619097,2459730.694417057,59730.1909722,19.5753288,0.0886015519,0,zg,195.7070895,1.8216357,0.811999977,0.0590000004,20220531190961,475,4.0,2.0,21.7099991,26.2970734,0.0335570201,-0.0627968088,2.23041116e-05,30,1.13999999,1
475104200004133,197825709,2459732.760373154,59732.2570949,19.4144344,0.0790743008,0,zg,195.7071038,1.8216335,1.16499996,-0.115999997,20220602257095,475,4.0,2.0,21.6399994,26.23526,0.0307437722,-0.0491477549,1.85842346e-05,30,1.27199996,1
475104200004133,198019505,2459734.6981765106,59734.1950579,19.4078884,0.0787095949,0,zg,195.7070602,1.8216294,0.289000005,-0.00499999989,20220604195058,475,4.0,2.0,21.2299995,26.0377388,0.0375654735,-0.0453608409,2.87348157e-05,30,1.148,1
475104200004133,198224924,2459736.7521936423,59736.2492477,19.603796,0.090402469,0,zg,195.7071283,1.8216196,0.680000007,-0.00400000019,20220606249236,475,4.0,2.0,21.1499996,26.2526798,0.0339715034,-0.0232643001,2.32421353e-05,30,1.28400004,1
475104200004133,198419456,2459738.697339623,59738.1945602,19.5974922,0.0900006443,0,zg,195.7069172,1.8215689,1.06099999,-0.0590000004,20220608194549,475,4.0,2.0,20.0200005,26.2593079,0.043774236,-0.0327565596,6.76609488e-05,30,1.15799999,1
475104200004133,198721400,2459741.716520142,59741.2140046,19.3737679,0.0768367499,0,zg,195.7070211,1.8216562,0.652999997,-0.0909999982,20220611213993,475,4.0,2.0,20.0799999,26.2240162,0.0424164981,-0.0291169062,6.56924822e-05,30,1.21200001,1
475104200004133,198927906,2459743.7813940607,59743.2790625,19.3175125,0.0738507509,0,zg,195.7071088,1.8216013,0.601999998,-0.157000005,20220613279062,475,4.0,2.0,19.4699993,26.1925411,0.0449580923,-0.0146858692,0.000108135391,30,1.59899998,1
475104200004133,199329682,2459747.798795173,59747.2968287,19.5879192,0.0893937349,0,zg,195.7070477,1.8215955,0.419,-0.158999994,20220617296829,475,4.0,2.0,20.3400002,26.0700226,0.040361207,-0.0113273272,4.59710755e-05,30,1.96500003,1
475104200004133,199524966,2459749.7514504157,59749.2496644,19.7793694,0.102301121,0,zg,195.7071,1.8217049,0.748000026,-0.0540000014,20220619249653,475,4.0,2.0,20.5100002,26.1944122,0.0409591794,-0.015188951,4.00064273e-05,30,1.48800004,1
475104200004133,199719334,2459751.6949495515,59751.1933449,19.4878178,0.0832841843,0,zg,195.70709,1.8216188,0.414000005,-0.0560000017,20220621193333,475,4.0,2.0,21.2700005,26.1956081,0.0325929485,-0.033532232,2.09842437e-05,30,1.23099995,1
475104200004133,199924769,2459753.7491079764,59753.2476968,19.3133278,0.0736336485,0,zg,195.7070565,1.821664,0.550000012,-0.103,20220623247697,475,4.0,2.0,21.0900002,26.091404,0.0331695005,-0.0215255562,2.2700111e-05,30,1.56200004,1
475104200004133,200226679,2459756.767918223,59756.266794,19.5379486,0.0862900838,0,zg,195.7070519,1.8215964,0.550000012,-0.0590000004,20220626266794,475,4.0,2.0,20.7700005,26.1120625,0.0401556678,-0.00041544516,3.59809092e-05,30,1.87800002,1
475104200004133,200421518,2459758.7161229257,59758.2151852,19.3609467,0.0761450827,0,zg,195.7070586,1.821627,0.680000007,-0.0320000015,20220628215174,475,4.0,2.0,21.2000008,26.1179276,0.03440772,-0.0248470213,2.34327945e-05,30,1.41900003,1
475104200004133,200725615,2459761.756802365,59761.2561574,19.4597912,0.0816498622,0,zg,195.7071089,1.8216085,0.393000007,0.00700000022,20220701256157,475,4.0,2.0,20.9699993,26.0857944,0.034481179,-0.0281777754,2.59056524e-05,30,1.92499995,1
475104200004133,200919335,2459763.693814365,59763.1933565,19.4186001,0.0793073475,0,zg,195.7070458,1.8216442,1.03999996,0.0419999994,20220703193345,475,4.0,2.0,21.0599995,26.2365379,0.0351287387,-0.0259654503,2.49398799e-05,30,1.37,1
475104200004133,201123327,2459765.733535958,59765.2332755,19.361414,0.0761701763,0,zg,195.7070793,1.8216225,0.479000002,-0.128000006,20220705233264,475,4.0,2.0,20.8600006,26.1563358,0.0374238752,-0.0223341733,2.98685682e-05,30,1.75600004,1
475104200004133,201523983,2459769.7397108194,59769.239838,19.3779297,0.0770626515,0,zg,195.707096,1.8216042,1.40199995,-0.414999992,20220709239838,475,4.0,2.0,20.2000008,26.123024,0.0480604842,-0.0188127998,7.09454034e-05,30,2.01799989,1
475104200004133,201721020,2459771.709890985,59771.2102083,19.271843,0.0715180039,0,zg,195.7072221,1.8212969,0.43599999,0.240999997,20220711210197,475,4.0,2.0,19.5100002,26.1658382,0.0369386971,-0.0168803055,7.47863014e-05,30,1.67799997,1
475104200004133,201723115,2459771.730838015,59771.2311574,19.2847519,0.0721692145,0,zg,195.7070739,1.8216557,0.296999991,-0.0419999994,20220711231146,475,4.0,2.0,19.8500004,26.0999718,0.0458545797,-0.00727129122,8.83895264e-05,30,1.96200001,1
475104200004133,216951966,2459924.017398553,59923.5196644,19.4062233,0.0786170959,0,zg,195.7070986,1.8216306,0.81099999,0.00999999978,20221210519653,475,4.0,2.0,20.3899994,26.2114601,0.0416785292,-0.0224234387,4.71408712e-05,30,1.71899998,1
475104200004133,217848726,2459932.985839856,59932.4872685,19.5731163,0.0884630606,0,zg,195.707007,1.821657,0.912999988,0.0410000011,20221219487257,475,4.0,2.0,21.0300007,26.1803493,0.0353538021,-0.0285492614,2.55631239e-05,30,1.81900001,1
475104200004133,218053314,2459935.031916945,59934.5331481,19.3531876,0.0757297799,0,zg,195.7071249,1.8215882,0.867999971,-0.0560000017,20221221533137,475,4.0,2.0,20.9599991,26.281208,0.0381764397,-0.0484234132,3.01701366e-05,30,1.36300004,1
475104200004133,218251038,2459937.009343332,59936.5103819,19.5551853,0.0873485133,0,zg,195.7071281,1.8216243,0.273000002,-0.0460000001,20221223510370,475,4.0,2.0,21.4300003,26.24617,0.0322452858,-0.0479683541,2.05578417e-05,30,1.47300005,1
475104200004133,221538009,2459969.88228867,59969.3800926,19.5003128,0.0840233862,0,zg,195.7070569,1.8215884,0.899999976,-0.0439999998,20230125380069,475,4.0,2.0,20.6800003,26.2000713,0.0461613461,-0.0409766957,4.97898218e-05,30,1.90900004,1
475104200004133,221739432,2459971.896711847,59971.3943287,19.4768963,0.0826433897,0,zg,195.707026,1.8216974,0.528999984,-0.0179999992,20230127394329,475,4.0,2.0,20.6100006,26.2210217,0.0462404639,-0.0405737422,5.03766933e-05,30,1.65499997,1
475104200004133,222353506,2459978.038004549,59977.5350694,19.4110184,0.0788837895,0,zg,195.7070945,1.8216699,0.617999971,-0.0460000001,20230202535058,475,4.0,2.0,21.2299995,26.246954,0.0348545574,-0.0571465343,2.41981797e-05,30,1.153,1
475104200004133,222641127,2459980.914456028,59980.4112731,19.5306206,0.0858440176,0,zg,195.7071272,1.8216155,0.528999984,-0.112999998,20230205411262,475,4.0,2.0,20.4300003,26.2886353,0.0499262325,-0.058987502,6.65384432e-05,30,1.34399998,1
475104200004133,226240094,2460016.90641164,60016.4009491,19.7106018,0.0974770859,0,zg,195.7071309,1.8216344,1.43299997,-0.298000008,20230313400949,475,4.0,2.0,20.8299999,26.192564,0.0425888635,-0.0644175187,4.1256204e-05,30,1.14100003,1
475104200004133,227829797,2460032.803830744,60032.2979745,19.3938446,0.077933006,0,zg,195.7071693,1.8216916,0.712000012,-0.104999997,20230329297975,475,4.0,2.0,21.2299995,26.2908611,0.0374119133,-0.0701924339,2.86001978e-05,30,1.22899997,1
475104200004133,229033313,2460044.839008481,60044.3331366,19.3099251,0.0734575689,0,zg,195.7070759,1.8216378,0.233999997,0.0179999992,20230410333125,475,4.0,2.0,21.0200005,26.2967033,0.0420559794,-0.0521848649,3.72479008e-05,30,1.14100003,1
475104200004133,229227376,2460046.779613223,60046.2737616,19.3835506,0.0773688853,0,zg,195.7070811,1.8216394,0.66900003,-0.0309999995,20230412273750,475,4.0,2.0,21.7600002,26.2804356,0.0279347897,-0.0468147583,1.53193687e-05,30,1.19200003,1
475104200004133,229732329,2460051.8290681536,60051.3232986,19.5519142,0.0871466696,0,zg,195.7070775,1.8216365,0.843999982,-0.0399999991,20230417323287,475,4.0,2.0,21.7099991,26.2707253,0.0307348706,-0.0389277004,1.84509954e-05,30,1.14499998,1
475104200004133,229937284,2460053.8785714,60053.3728472,19.274313,0.0716421157,0,zg,195.7070799,1.8216537,0.880999982,-0.100000001,20230419372836,475,4.0,2.0,21.0900002,26.2444324,0.0326660499,-0.0353792571,2.14597203e-05,30,1.25399995,1
475104200004133,230131819,2460055.823869256,60055.3181944,19.3562756,0.075894773,0,zg,195.7070888,1.8216471,1.07700002,-0.0649999976,20230421318183,475,4.0,2.0,21.5499992,26.2760391,0.0341717266,-0.0600138903,2.30001624e-05,30,1.14999998,1
475104200004133,230329664,2460057.8022618936,60057.2966435,19.5078697,0.0844736695,0,zg,195.7070632,1.821619,0.638999999,0.00899999961,20230423296644,475,4.0,2.0,21.7800007,26.2596283,0.0312121101,-0.052990932,1.93179603e-05,30,1.14100003,1
475104200004133,230532885,2460059.834408104,60059.3288542,19.6059742,0.0905417129,0,zg,195.7070586,1.8216131,0.467999995,0.0189999994,20230425328843,475,4.0,2.0,21.1900005,26.2147732,0.0336363018,-0.0327166244,2.29286143e-05,30,1.17999995,1
475104200004133,230735717,2460061.8626589845,60061.3571759,19.4965992,0.0838029981,0,zg,195.7070737,1.8215915,0.421999991,-0.061999999,20230427357176,475,4.0,2.0,21.3099995,26.1943703,0.0346641615,-0.0186677519,2.431557e-05,30,1.27699995,1
475104200004133,230921307,2460063.71849147,60063.2130787,19.4674187,0.0820914209,0,zg,195.7070954,1.8215917,0.73299998,-0.0659999996,20230429213079,475,4.0,2.0,20.9799995,26.2392063,0.0356232449,-0.0465165973,2.67437263e-05,30,1.23000002,1
475104200004133,231130540,2460065.8107323376,60065.3054051,19.5175037,0.0850512758,0,zg,195.707115,1.8215475,0.425000012,-0.0350000001,20230501305370,475,4.0,2.0,20.0900002,26.2352962,0.0435042419,-0.0102528958,6.07014226e-05,30,1.16700006,1
475104200004133,231925168,2460073.7566341213,60073.2516898,19.538208,0.0863059461,0,zg,195.7070585,1.8216313,1.07500005,-0.104999997,20230509251690,475,4.0,2.0,21.7099991,26.1941109,0.0315097161,-0.0485002808,1.97528971e-05,30,1.14100003,1
475104200004133,232335422,2460077.8589367415,60077.3542245,19.4627247,0.0818194002,0,zg,195.7070945,1.8216319,0.319999993,0.00700000022,20230513354213,475,4.0,2.0,20.7299995,26.1366272,0.0441377051,-0.0333088823,4.25453072e-05,30,1.50999999,1
475104200004133,232526491,2460079.7695156466,60079.264919,19.3441238,0.0752475783,0,zg,195.7071008,1.8216239,0.579999983,0.0410000011,20230515264907,475,4.0,2.0,21.4400005,26.2008896,0.0297666527,-0.0333480984,1.78635055e-05,30,1.16400003,1
475104200004133,232730065,2460081.8051279797,60081.3006597,19.5510063,0.0870907158,0,zg,195.7070665,1.8216224,0.769999981,-0.0489999987,20230517300648,475,4.0,2.0,21.5900002,26.1727829,0.0294551961,-0.049152486,1.7071965e-05,30,1.26900005,1
475104200004133,232931893,2460083.8232711544,60083.3189352,19.5788269,0.0888209939,0,zg,195.7070829,1.8215915,1.01499999,-0.0500000007,20230519318935,475,4.0,2.0,21.6000004,26.0926437,0.0302910432,-0.031638816,1.80380248e-05,30,1.38100004,1
475104200004133,233132559,2460085.8297898597,60085.3255903,19.4303246,0.0799669772,0,zg,195.7070732,1.82166,0.575999975,0.0289999992,20230521325590,475,4.0,2.0,21.2099991,26.1011848,0.0353660397,-0.0333492011,2.59212684e-05,30,1.45899999,1
475104200004133,233327087,2460087.7749425536,60087.2708796,19.4112129,0.0788946152,0,zg,195.707078,1.8216185,0.611999989,-0.0179999992,20230523270880,475,4.0,2.0,21.6299992,26.1771965,0.0336258784,-0.0307503678,2.20404763e-05,30,1.22399998,1
475104200004133,233525410,2460089.7580281324,60089.2541088,19.4389992,0.0804586858,0,zg,195.7070996,1.821644,0.584999979,-0.00300000003,20230525254097,475,4.0,2.0,21.4400005,26.2097816,0.0311682168,-0.0343713686,1.94899512e-05,30,1.19500005,1
475104200004133,234419444,2460098.697666972,60098.1944444,19.7067509,0.0972132385,0,zg,195.707038,1.8215668,0.363999993,-0.136000007,20230603194444,475,4.0,2.0,20.2900009,26.2464828,0.0442981832,-0.0435305461,5.79730586e-05,30,1.14499998,1
475104200004133,234618414,2460100.6872011027,60100.1841435,19.503231,0.0841969848,0,zg,195.7070835,1.8216558,0.291000009,0.00100000005,20230605184132,475,4.0,2.0,21.1100006,26.2620049,0.0401624255,-0.0798597857,3.3020573e-05,30,1.14199996,1
475104200004133,235521459,2460109.7168658185,60109.2145949,19.6226349,0.0916137323,0,zg,195.7070653,1.8216493,0.351999998,0.0149999997,20230614214595,475,4.0,2.0,21.4400005,26.2144279,0.03386233,-0.0510026552,2.2744227e-05,30,1.23599994,1
475104200004133,235726511,2460111.7672004593,60111.2651157,19.3407478,0.0750688165,0,zg,195.7070665,1.8216314,0.528999984,-0.00700000022,20230616265116,475,4.0,2.0,21.2600002,26.1169624,0.0346469134,-0.0342419781,2.46233776e-05,30,1.54100001,1
475104200004133,235925424,2460113.756149728,60113.2542477,19.6629181,0.0942561999,0,zg,195.7070884,1.8216376,0.925999999,0.063000001,20230618254248,475,4.0,2.0,21.6100006,26.1618233,0.0313221142,-0.0491027087,1.98610487e-05,30,1.49699998,1
475104200004133,236124836,2460115.750084984,60115.2483681,19.4367218,0.0803292617,0,zg,195.7070647,1.8216279,0.501999974,-0.0280000009,20230620248356,475,4.0,2.0,21.2600002,26.2277298,0.0357763506,-0.0314300582,2.56987969e-05,30,1.49399996,1
475104200004133,236325759,2460117.75912118,60117.2575926,19.4780807,0.0827126652,0,zg,195.7070671,1.8216564,0.593999982,-0.0170000009,20230622257581,475,4.0,2.0,21.0,26.0209751,0.0386779569,-0.0418182388,3.22381093e-05,30,1.62300003,1
475104200004133,236524175,2460119.743100448,60119.2417593,19.6137543,0.0910408571,0,zg,195.7070276,1.8216937,0.500999987,0.0579999983,20230624241759,475,4.0,2.0,20.9799995,26.1487427,0.0393703878,-0.0304621942,3.35274271e-05,30,1.528,1
475104200004133,237025643,2460124.757297448,60124.2564352,19.6919632,0.096206069,0,zg,195.7070674,1.8216211,1.13100004,-0.515999973,20230629256424,475,4.0,2.0,19.9200001,26.105896,0.044019714,-0.0291990135,7.52567867e-05,30,1.83700001,1
475104200004133,237219714,2460126.697816726,60126.1971412,19.4648285,0.0819412023,0,zg,195.7070065,1.821633,1.12,-0.347000003,20230701197141,475,4.0,2.0,19.9300003,26.1316395,0.0469097644,-0.0239240397,7.7876568e-05,30,1.35699999,1
475104200004133,237420634,2460128.7068242347,60128.2063426,19.4551506,0.0813824311,0,zg,195.7071764,1.8216625,1.18400002,-0.0769999996,20230703206343,475,4.0,2.0,19.8099995,26.1410751,0.0453151613,0.000164745696,8.67480849e-05,30,1.44599998,1
475104200004133,238123628,2460135.736086473,60135.2362847,19.4817467,0.0829273537,0,zg,195.7071236,1.8216344,0.644999981,-0.104000002,20230710236285,475,4.0,2.0,20.8600006,26.1116676,0.038146697,-0.0311129466,3.17690792e-05,30,1.99199998,1
475104200004133,253651961,2460291.0175112016,60290.5196181,19.5344963,0.0860796422,0,zg,195.7070901,1.8216228,0.707000017,-0.0710000023,20231212519618,475,4.0,2.0,21.0799999,26.2062836,0.0316844955,-0.0285277702,2.04883017e-05,30,1.66600001,1
475104200004133,255746399,2460311.963915882,60311.4639931,19.4878368,0.0832852945,0,zg,195.7070289,1.8216307,0.407999992,-0.119999997,20240102463981,475,4.0,2.0,20.5699997,26.2139626,0.0420285799,-0.0360158682,4.39134637e-05,30,1.64699996,1
475104200004133,256145565,2460315.955981859,60315.4556597,19.3731976,0.0768058077,0,zg,195.7070804,1.8216398,0.559000015,-0.0649999976,20240106455648,475,4.0,2.0,20.6000004,26.2170982,0.0398905724,-0.0298547503,3.6961701e-05,30,1.62100005,1
475104200004133,256946906,2460323.970182481,60323.4690625,19.4936981,0.0836311951,0,zg,195.7071313,1.8216564,1.11600006,0.148000002,20240114469062,475,4.0,2.0,20.7999992,26.2797394,0.037099611,-0.0502368249,3.0680425e-05,30,1.35899997,1
475104200004133,257152607,2460326.0273987567,60325.5260764,19.372406,0.076762937,0,zg,195.7070444,1.8216368,1.421,0.057,20240116526076,475,4.0,2.0,21.4300003,26.3243313,0.0343269929,-0.0803797618,2.34280997e-05,30,1.16199994,1
475104200004133,257349906,2460328.0005774717,60327.4990625,19.5580177,0.0875236541,0,zg,195.7070501,1.8216604,0.95599997,0.00600000005,20240118499051,475,4.0,2.0,21.6100006,26.2318993,0.0293362457,-0.05738388,1.6898899e-05,30,1.20299995,1
475104200004133,259739381,2460351.8974730596,60351.3938194,19.450386,0.0811088458,0,zg,195.7070232,1.8216341,1.01400006,-0.0700000003,20240211393819,475,4.0,2.0,21.0900002,26.2625771,0.0346417464,-0.0420674123,2.44889434e-05,30,1.35300004,1
475104200004133,260246224,2460356.9662860134,60356.4622454,19.6361637,0.0924932212,0,zg,195.7070655,1.821626,0.606999993,0.0350000001,20240216462234,475,4.0,2.0,21.9500008,26.3141651,0.0281449612,-0.0604623891,1.57706745e-05,30,1.14300001,1
475104200004133,262048634,2460374.991494346,60374.4863426,19.6571369,0.0938725993,0,zg,195.7070535,1.8216294,0.532000005,-0.0500000007,20240305486273,475,4.0,2.0,21.2099991,26.0363007,0.035735447,-0.0446955599,2.63324127e-05,30,1.23000002,1
475104200004133,263641616,2460390.9219004735,60390.416169,19.5721169,0.0884005949,0,zg,195.7070574,1.8216328,0.987999976,-0.219999999,20240321416169,475,4.0,2.0,20.5900002,26.2469387,0.0385595821,-0.0319660716,3.49979382e-05,30,1.16900003,1
475104200004133,264935317,2460403.859065998,60403.3531713,19.6434536,0.0929704234,0,zg,195.707092,1.8216482,0.649999976,-0.0860000029,20240403353171,475,4.0,2.0,21.4300003,26.2773037,0.0320993885,-0.0536630899,2.0303527e-05,30,1.14199996,1
475104200004133,265331967,2460407.825564032,60407.3196759,19.535944,0.086167872,0,zg,195.7070341,1.8216119,0.890999973,0.0480000004,20240407319676,475,4.0,2.0,21.2999992,26.285923,0.0357015505,-0.0786083564,2.53668513e-05,30,1.14499998,1
475104200004133,265837133,2460412.8771721926,60412.371331,19.3760567,0.0769609064,0,zg,195.7070946,1.8216276,0.930000007,0.119999997,20240412371331,475,4.0,2.0,21.7399998,26.2246399,0.0309058391,-0.0422062054,1.93146188e-05,30,1.199,1
475104200004133,266231173,2460416.8175110957,60416.3117361,19.5457954,0.0867703557,0,zg,195.707094,1.8216921,1.00999999,0.0309999995,20240416311690,475,4.0,2.0,20.4599991,26.2537003,0.0422242582,-0.0347608551,4.56664857e-05,30,1.14100003,1
475104200004133,266424849,2460418.754228497,60418.2484954,19.6687222,0.0946428478,0,zg,195.7070321,1.8216596,0.630999982,0.0170000009,20240418248484,475,4.0,2.0,20.7299995,26.1823444,0.0400856286,-0.0560536236,3.73576695e-05,30,1.20899999,1
475104200004133,266631076,2460420.8164457255,60420.3107639,19.4358253,0.0802783892,0,zg,195.7070971,1.8216506,0.808000028,-0.141000003,20240420310752,475,4.0,2.0,20.3799992,26.2574158,0.044895567,-0.0423132591,5.62630121e-05,30,1.14400005,1
475104200004133,267631929,2460430.8246319424,60430.319294,19.3910408,0.0777789205,0,zg,195.7071193,1.8216407,0.638999999,0.0,20240430319282,475,4.0,2.0,21.7000008,26.2956486,0.0380270258,-0.0935271904,2.89731142e-05,30,1.19299996,1
475104200004133,267829687,2460432.8021269287,60432.296875,19.5993652,0.0901198313,0,zg,195.7070834,1.8216615,1.18799996,0.149000004,20240502296829,475,4.0,2.0,21.5200005,26.1735134,0.031471014,-0.0438300893,1.96349811e-05,30,1.16199994,1
475104200004133,268329145,2460437.7964675436,60437.2914583,19.4840164,0.0830605701,0,zg,195.7070739,1.8216443,0.379000008,-0.061999999,20240507291458,475,4.0,2.0,21.3899994,26.2516575,0.0354321823,-0.0471837036,2.53419639e-05,30,1.17499995,1
475104200004133,268631142,2460440.8162690066,60440.3114236,19.6771622,0.0952077582,0,zg,195.7070304,1.8216281,1.06900001,0.0350000001,20240510311412,475,4.0,2.0,21.0200005,26.2207336,0.0339422226,-0.0274333954,2.4469844e-05,30,1.24699998,1
475104200004133,269032273,2460444.8273404045,60444.3227315,19.4901867,0.0834238157,0,zg,195.7070824,1.821598,0.742999971,0.0140000004,20240514322731,475,4.0,2.0,21.6399994,26.2278862,0.03113693,-0.0597090535,1.95080956e-05,30,1.33899999,1
475104200004133,269421356,2460448.7179248617,60448.2135648,19.2868195,0.0722740889,0,zg,195.7070496,1.8216826,0.435000002,0.0450000018,20240518213565,475,4.0,2.0,20.2199993,26.2693367,0.0430496149,-0.0361949652,5.28036762e-05,30,1.14199996,1
475104200004133,269723454,2460451.738702946,60451.2345486,19.6648006,0.0943815112,0,zg,195.706953,1.8216206,0.48300001,-0.308999985,20240521234549,475,4.0,2.0,19.7999992,26.2081318,0.0440007001,-0.0368288755,8.78390565e-05,30,1.14999998,1
475104200004133,270325342,2460457.7571402527,60457.2534259,19.4347897,0.0802196488,0,zg,195.7070769,1.8216146,1.09099996,0.120999999,20240527253426,475,4.0,2.0,21.6000004,26.2262154,0.0285876598,-0.0422189869,1.64003723e-05,30,1.21200001,1
475104200004133,270523472,2460459.738283519,60459.2347222,19.5048904,0.0842958689,0,zg,195.7070829,1.821635,0.372999996,0.00800000038,20240529234722,475,4.0,2.0,21.6200008,26.2542076,0.0280802809,-0.0441513322,1.55880753e-05,30,1.18099999,1
475104200004133,270724988,2460461.7532860567,60461.2498843,19.5580444,0.0875252783,0,zg,195.7070958,1.8216273,0.561999977,0.0379999988,20240531249884,475,4.0,2.0,21.5100002,26.1866722,0.0324909203,-0.0601254776,2.11390034e-05,30,1.23300004,1
475104200004133,270921282,2460463.716066836,60463.2128241,19.4476471,0.0809519365,0,zg,195.7070679,1.8216185,0.860000014,-0.0780000016,20240602212824,475,4.0,2.0,21.4099998,26.2550583,0.0322935618,-0.0670385212,2.1045731e-05,30,1.16299999,1
475104200004133,271719231,2460471.6948781335,60471.1923148,19.5637016,0.0878761485,0,zg,195.7070687,1.8216167,0.829999983,0.00899999961,20240610192303,475,4.0,2.0,21.3899994,26.0191078,0.0343325883,-0.0307165775,2.47385669e-05,30,1.16499996,1
475104200004133,271922447,2460473.7268621074,60473.2244792,19.6585083,0.0939634442,0,zg,195.707042,1.821598,0.649999976,0.0250000004,20240612224479,475,4.0,2.0,20.8600006,26.1939754,0.0350838713,-0.045565892,2.71991721e-05,30,1.25800002,1
475104200004133,272521053,2460479.712369903,60479.2105324,19.2162971,0.0687882081,0,zg,195.7071345,1.8216081,0.962000012,-0.159999996,20240618210532,475,4.0,2.0,20.0699997,26.272686,0.0448966771,-0.0101736998,6.68029825e-05,30,1.26699996,1
475104200004133,272723387,2460481.7355264034,60481.2338773,19.7612457,0.10100919,0,zg,195.7070566,1.8216173,0.836000025,-0.0289999992,20240620233877,475,4.0,2.0,20.1599998,26.2130566,0.0444234051,-0.0420623384,6.24406748e-05,30,1.40699995,1
475104200004133,273322660,2460487.7276909,60487.2266088,19.641655,0.0928525403,0,zg,195.7071075,1.8216502,0.90200001,0.0939999968,20240626226597,475,4.0,2.0,21.0900002,26.1633148,0.0314389542,-0.0258291867,2.10253711e-05,30,1.46899998,1
475104200004133,274020800,2460494.7084193877,60494.2080093,19.4568367,0.0814795345,0,zg,195.7070048,1.8215792,0.860000014,-0.0939999968,20240703208009,475,4.0,2.0,20.9099998,26.201519,0.0364221297,-0.0189687125,2.95831705e-05,30,1.47300005,1
475204200005315,44435929,2458198.865013494,58198.359294,19.6372471,0.118512549,0,zr,195.7070716,1.8216783,0.602999985,-0.0189999994,20180321359282,475,4.0,2.0,21.3400002,26.1637516,0.0244834442,0.0987164304,1.17416394e-05,30,1.153,1
475204200005315,46334675,2458217.8526375024,58217.3467593,19.6781158,0.121891052,0,zr,195.7070526,1.8216653,1.04799998,-0.138999999,20180409346759,475,4.0,2.0,21.1700001,25.9255562,0.0299067292,0.105849862,1.74397392e-05,30,1.14900005,1
475204200005315,46425881,2458218.7646899307,58218.2588194,19.9636421,0.147210449,0,zr,195.7070526,1.8217071,1.20000005,0.108000003,20180410258773,475,4.0,2.0,20.6900005,25.8200207,0.0281262826,0.105204657,1.54119407e-05,30,1.25,2
475204200005315,46521527,2458219.721138771,58219.2152778,19.4242802,0.102058589,0,zr,195.7070275,1.8216842,1.00999999,-0.0189999994,20180411215266,475,4.0,2.0,20.5900002,26.0662193,0.0281290933,0.107098959,1.54169356e-05,30,1.454,2
475204200005315,47030045,2458224.8062360287,58224.3004514,19.5485783,0.111423135,0,zr,195.7070955,1.8216806,0.975000024,-0.194999993,20180416300405,475,4.0,2.0,20.2399998,25.808382,0.0327373631,0.109239176,2.07858102e-05,30,1.14499998,1
475204200005315,47327219,2458227.7779192645,58227.2721991,19.5508785,0.111602835,0,zr,195.7070578,1.8216541,1.62199998,0.061999999,20180419272188,475,4.0,2.0,20.7099991,25.87356,0.0298340153,0.109720208,1.73536173e-05,30,1.16199994,1
475204200005315,47625210,2458230.7577476106,58230.2521065,19.6755943,0.12168064,0,zr,195.7070066,1.8216611,0.495000005,-0.0179999992,20180422252106,475,4.0,2.0,21.1100006,26.113821,0.02404131,0.10155312,1.13486967e-05,30,1.18200004,1
475204200005315,47725960,2458231.7652176763,58231.2596065,19.7365475,0.126838043,0,zr,195.7070761,1.8216444,0.795000017,-0.0960000008,20180423259595,475,4.0,2.0,21.0300007,26.1129932,0.0259689111,0.106320746,1.30649396e-05,30,1.16499996,2
475204200005315,49425126,2458248.756136423,58248.2512616,19.5626297,0.112524189,0,zr,195.7070153,1.8217199,0.879999995,-0.137999997,20180510250637,475,4.0,2.0,21.1499996,26.1038513,0.030034462,0.110055558,1.76070644e-05,30,1.14499998,1
475204200005315,50018856,2458254.6930864463,58254.1885648,19.5416946,0.110886887,0,zr,195.707083,1.821673,0.472000003,0.0529999994,20180516188264,475,4.0,2.0,21.3899994,26.1139317,0.0247804392,0.108276129,1.19331444e-05,30,1.17900002,1
475204200005315,50227614,2458256.780532566,58256.2761458,19.4627419,0.104883693,0,zr,195.7070925,1.8216728,1.35099995,-0.152999997,20180518276134,475,4.0,2.0,21.2000008,26.1039124,0.0248229373,0.0953575745,1.21029852e-05,30,1.20799994,2
475204200005315,50323010,2458257.73442758,58257.2301042,19.6515579,0.119687788,0,zr,195.7070063,1.8217156,0.950999975,-0.0719999969,20180519229907,475,4.0,2.0,20.9099998,26.0557156,0.0290995277,0.115882754,1.68302067e-05,30,1.14600003,1
475204200005315,50327171,2458257.7760335803,58257.271713,19.6059246,0.115970097,0,zr,195.7070393,1.8216879,0.81400001,0.131999999,20180519271609,475,4.0,2.0,21.0200005,26.0510769,0.0273072198,0.112812333,1.44759269e-05,30,1.20299995,1
475204200005315,52517006,2458279.6726756715,58279.1700694,19.4476261,0.103765607,0,zr,195.706998,1.8216797,0.578000009,0.0689999983,20180610170035,475,4.0,2.0,20.3600006,26.1183109,0.0302862134,0.0968844816,1.78887622e-05,30,1.14699996,1
475204200005315,52819048,2458282.6928242464,58282.1904861,19.5120602,0.108601674,0,zr,195.707053,1.8216908,0.59799999,-0.0540000014,20180613190463,475,4.0,2.0,21.3400002,26.10112,0.0262479372,0.107914306,1.36893259e-05,30,1.17700005,1
475204200005315,53823199,2458292.733401325,58292.2319907,19.6140022,0.116621822,0,zr,195.7071226,1.8216093,1.26300001,0.0130000003,20180623231840,475,4.0,2.0,20.3899994,26.0745792,0.0291208178,0.106383428,1.66254558e-05,30,1.45000005,1
475204200005315,54123246,2458295.7335908883,58295.2324653,19.4801617,0.106184706,0,zr,195.7071268,1.821697,0.68900001,0.0309999995,20180626232384,475,4.0,2.0,20.5499992,26.0682716,0.0326097161,0.104919411,2.06074492e-05,30,1.51400006,1
475204200005315,54425340,2458298.754238985,58298.2534028,19.5512943,0.11163535,0,zr,195.7070478,1.8217175,0.731999993,0.0189999994,20180629253403,475,4.0,2.0,20.0300007,26.0124588,0.0355980322,0.113365464,2.47099142e-05,30,1.82200003,1
475204200005315,55117907,2458305.679241658,58305.1790741,19.5861149,0.114383474,0,zr,195.7071527,1.8216864,1.55599999,-0.0900000036,20180706179074,475,4.0,2.0,20.5699997,25.954586,0.027398752,0.0964718461,1.45851964e-05,30,1.34800005,1
475204200005315,68354804,2458438.0438261065,58437.548044,19.2641258,0.0909977481,0,zr,195.7072374,1.8216888,0.763000011,-0.0970000029,20181115547998,475,4.0,2.0,19.7999992,26.0328064,0.0460929237,0.106237113,4.26864026e-05,30,2.51900005,2
475204200005315,68354895,2458438.0447404627,58437.5489583,19.7467327,0.127713963,0,zr,195.7072494,1.8216079,0.683000028,0.0860000029,20181115548947,475,4.0,2.0,19.8700008,26.0244217,0.0466387048,0.0973216519,4.23245037e-05,30,2.4920001,2
475204200005315,68354942,2458438.0452035037,58437.5494213,19.1497536,0.0837849453,0,zr,195.7069735,1.8214918,0.349000007,-0.0710000023,20181115549410,475,4.0,2.0,19.7399998,26.0265751,0.0424228199,0.118090168,3.54342264e-05,30,2.47900009,2
475204200005315,68454531,2458439.0411588554,58438.5453125,19.3808689,0.0989485383,0,zr,195.707065,1.8216477,0.550000012,-0.0520000011,20181116545301,475,4.0,2.0,20.2800007,25.971489,0.0331894495,0.119087927,2.15315522e-05,30,2.51900005,2
475204200005315,68454576,2458439.0416102842,58438.5457639,19.4413109,0.103301533,0,zr,195.7070955,1.8216618,0.950999975,-0.100000001,20181116545764,475,4.0,2.0,20.4099998,25.9619427,0.038224183,0.10444881,2.84617454e-05,30,2.50600004,2
475204200005315,68454622,2458439.042073314,58438.5462269,19.4622154,0.104844637,0,zr,195.7070957,1.8216335,0.924000025,-0.151999995,20181116546215,475,4.0,2.0,20.3500004,25.9968605,0.0371476449,0.099646017,2.68885433e-05,30,2.4920001,2
475204200005315,68454667,2458439.0425246465,58438.5466782,19.4663277,0.105150402,0,zr,195.7070995,1.8217169,0.870999992,0.050999999,20181116546667,475,4.0,2.0,20.3799992,26.0129604,0.0319538973,0.106503285,1.99643546e-05,30,2.47900009,2
475204200005315,68554050,2458440.036421068,58439.5405093,19.4167099,0.101510279,0,zr,195.7070184,1.8216065,0.587000012,-0.0610000007,20181117540012,475,4.0,2.0,20.2600002,25.628418,0.0314384587,0.106830105,1.90747487e-05,30,2.58200002,2
475204200005315,68555057,2458440.046491147,58439.5505787,19.5968609,0.115242139,0,zr,195.707066,1.8216637,0.754999995,0.0320000015,20181117550556,475,4.0,2.0,20.2900009,25.799778,0.0345296822,0.110295728,2.32676575e-05,30,2.30299997,2
475204200005315,68753995,2458442.0360007486,58441.5399537,19.3778629,0.0987363234,0,zr,195.7071631,1.8215538,0.583999991,-0.175999999,20181119539711,475,4.0,2.0,19.8700008,25.5833912,0.0448991805,0.1072824,3.92994589e-05,30,2.43799996,2
475204200005315,68854068,2458443.0367995673,58442.5406829,19.6390305,0.118658543,0,zr,195.7070954,1.8216638,0.514999986,-0.0160000008,20181120540428,475,4.0,2.0,20.4599991,25.9319801,0.0300806127,0.0959492326,1.76594294e-05,30,2.34599996,2
475204200005315,68854556,2458443.0416841125,58442.5455671,19.9340553,0.144467905,0,zr,195.7071994,1.8217592,1.32200003,0.142000005,20181120545486,475,4.0,2.0,20.6499996,25.9190655,0.0302071422,0.106294513,1.78580158e-05,30,2.22900009,2
475204200005315,68954262,2458444.0388149065,58443.5426273,19.6004391,0.11552906,0,zr,195.707048,1.8216815,0.488000005,-0.101999998,20181121542164,475,4.0,2.0,20.6399994,26.0333233,0.0301443283,0.113604814,1.75982132e-05,30,2.23399997,2
475204200005315,68954743,2458444.043618553,58443.5474306,19.4636803,0.104953505,0,zr,195.7070611,1.821648,0.549000025,-0.0729999989,20181121547338,475,4.0,2.0,20.8799992,26.0496464,0.0254350454,0.107509345,1.26509494e-05,30,2.13100004,2
475204200005315,68955223,2458444.0484220977,58443.5522338,19.3169384,0.0945202559,0,zr,195.7070942,1.821626,0.713,-0.00600000005,20181121552141,475,4.0,2.0,20.7700005,26.0580044,0.0276543628,0.108265266,1.47982964e-05,30,2.03900003,2
475204200005315,68955704,2458444.053237248,58443.5570486,19.3965054,0.100059159,0,zr,195.7070792,1.8216448,1.10599995,-0.151999995,20181121556956,475,4.0,2.0,20.3199997,26.0676537,0.0301997811,0.106654115,1.78004848e-05,30,1.95599997,2
475204200005315,69553883,2458450.035467882,58449.538831,19.5513649,0.111640856,0,zr,195.707129,1.821673,0.31400001,0.00499999989,20181127538819,475,4.0,2.0,20.3500004,26.0703678,0.0295301247,0.111242279,1.70849853e-05,30,1.98699999,1
475204200005315,69554923,2458450.0458738054,58449.5492361,19.4382648,0.103078306,0,zr,195.7071517,1.8216617,0.787999988,-0.122000001,20181127549178,475,4.0,2.0,20.2999992,26.0915985,0.0301344637,0.11273548,1.75567675e-05,30,1.82700002,2
475204200005315,69555422,2458450.050862603,58449.5542245,19.8441105,0.136279732,0,zr,195.7071076,1.8216298,0.935000002,0.153999999,20181127554167,475,4.0,2.0,20.3299999,26.0995293,0.0322642811,0.108778737,2.02349711e-05,30,1.76199996,2
475204200005315,69556420,2458450.060840297,58449.5642014,19.2300625,0.0887905136,0,zr,195.7070853,1.8216699,0.88499999,-0.219999999,20181127564144,475,4.0,2.0,20.0300007,26.0817127,0.037535429,0.111471683,2.78110274e-05,30,1.64900005,2
475204200005315,72149033,2458475.9892982463,58475.4903356,19.3370285,0.0958923548,0,zr,195.7070437,1.8217316,1.05499995,0.209000006,20181223490324,475,4.0,2.0,20.2700005,26.1051979,0.0300524067,0.0985694751,1.75458135e-05,30,1.67900002,1
475204200005315,72249292,2458476.991989007,58476.4929282,19.4865112,0.106662303,0,zr,195.7071065,1.8216396,0.448000014,0.114,20181224492928,475,4.0,2.0,20.5300007,26.0951767,0.032461457,0.107344158,2.04782882e-05,30,1.62399995,1
475204200005315,73354461,2458488.044777706,58487.5446181,19.4238396,0.102026656,0,zr,195.7071041,1.8216547,0.638999999,0.0109999999,20190104544606,475,4.0,2.0,21.2299995,26.1241798,0.0238620471,0.104162991,1.12493744e-05,30,1.20000005,1
475204200005315,74854138,2458503.043032496,58502.5413889,19.4298229,0.102461725,0,zr,195.7070202,1.8217429,0.70599997,-0.108999997,20190119541343,475,4.0,2.0,20.4899998,26.0047932,0.0304522105,0.109484747,1.79195013e-05,30,1.14300001,1
475204200005315,75754074,2458512.0432319385,58511.5407407,19.5445271,0.11110729,0,zr,195.7071057,1.8217083,0.639999986,-0.165999994,20190128540706,475,4.0,2.0,20.6200008,25.9615917,0.0279891416,0.101516768,1.55662656e-05,30,1.148,1
475204200005315,78535618,2458539.86084237,58539.3561806,19.5475883,0.111345932,0,zr,195.7071212,1.8215391,0.301999986,-0.0850000009,20190225356169,475,4.0,2.0,19.9400005,25.7118797,0.0380984135,0.107371449,2.85647857e-05,30,1.34800005,1
475204200005315,78937450,2458543.879400794,58543.3745023,19.7677994,0.129538119,0,zr,195.7070095,1.8215699,0.954999983,0.0289999992,20190301374502,475,4.0,2.0,20.5,26.0172443,0.0301671904,0.106510505,1.78471764e-05,30,1.23000002,1
475204200005315,80527193,2458559.777530907,58559.2719329,19.3098602,0.0940410197,0,zr,195.7070732,1.8217345,0.545000017,-0.123000003,20190317271875,475,4.0,2.0,20.3899994,26.0588112,0.0325905271,0.109029539,2.0771784e-05,30,1.54799998,1
475204200005315,80835585,2458562.8615437485,58562.3558565,18.8564129,0.0677652508,0,zr,195.7068623,1.8217165,0.508000016,-0.372000009,20190320355799,475,4.0,2.0,18.8400002,25.9112854,0.0450075082,0.119221099,6.69446381e-05,30,1.15999997,1
475204200005315,81336043,2458567.866238452,58567.3604398,19.5557861,0.111986935,0,zr,195.7070823,1.8216594,1.97300005,-0.203999996,20190325360417,475,4.0,2.0,20.6900005,26.06917,0.0258971304,0.0967776328,1.32507312e-05,30,1.14400005,1
475204200005315,81835622,2458572.862095007,58572.3562269,19.5307312,0.110036984,0,zr,195.7071047,1.8216668,0.964999974,0.0120000001,20190330355961,475,4.0,2.0,20.8899994,25.8064289,0.0265681446,0.098801665,1.37800434e-05,30,1.14199996,1
475204200005315,82634518,2458580.8510764483,58580.3451852,19.5763435,0.113606989,0,zr,195.7071261,1.821673,0.653999984,-0.0379999988,20190407345162,475,4.0,2.0,21.0100002,26.0918007,0.0246966258,0.103533715,1.19172519e-05,30,1.14400005,1
475204200005315,82931437,2458583.820247236,58583.314375,19.4732552,0.105667338,0,zr,195.7070684,1.8216532,1.34899998,-0.172999993,20190410314282,475,4.0,2.0,20.7000008,26.0328331,0.0270510335,0.0984296426,1.43449752e-05,30,1.14600003,1
475204200005315,83233153,2458586.837377133,58586.3315394,19.4981537,0.10754247,0,zr,195.70708,1.8216822,0.531000018,-0.0970000029,20190413331539,475,4.0,2.0,20.7099991,26.0713577,0.028550582,0.109493315,1.59380816e-05,30,1.14499998,1
475204200005315,83931622,2458593.821927162,58593.3162269,19.5216904,0.109340057,0,zr,195.7073199,1.8216267,1.04999995,-0.119000003,20190420316204,475,4.0,2.0,19.9599991,26.124321,0.0392925963,0.107683264,3.04790592e-05,30,1.148,1
475204200005315,84227355,2458596.7791715143,58596.2735532,19.5167217,0.108958572,0,zr,195.7071573,1.8216576,0.75,0.123999998,20190423273553,475,4.0,2.0,20.8899994,26.0790386,0.0271574669,0.101126589,1.45427348e-05,30,1.14900005,1
475204200005315,84627613,2458600.7816197146,58600.2761343,19.6473198,0.1193389,0,zr,195.7070739,1.8216189,1.16999996,-0.112000003,20190427276134,475,4.0,2.0,21.5300007,26.0937042,0.0214417689,0.099067308,8.94221557e-06,30,1.14199996,1
475204200005315,85225083,2458606.756074505,58606.2508333,19.6965218,0.123434775,0,zr,195.7070702,1.8216638,0.247999996,-0.0419999994,20190503250486,475,4.0,2.0,21.3500004,26.0505352,0.0248626601,0.106364973,1.21936846e-05,30,1.14600003,1
475204200005315,85824928,2458612.7542256163,58612.2492824,19.6151657,0.116715916,0,zr,195.707081,1.821688,1.01600003,0.0379999988,20190509249271,475,4.0,2.0,21.5799999,26.0239067,0.0251416638,0.102761418,1.23414766e-05,30,1.14199996,1
475204200005315,87920575,2458633.709293644,58633.2057523,19.5602379,0.112336196,0,zr,195.7070736,1.8216678,0.825999975,-0.0270000007,20190530205752,475,4.0,2.0,21.4200001,26.0323601,0.0234313067,0.100251071,1.09008924e-05,30,1.14699996,1
475204200005315,88220371,2458636.707017077,58636.2037153,19.5133629,0.108701251,0,zr,195.7070886,1.8216659,0.485000014,-0.0209999997,20190602203715,475,4.0,2.0,21.6000004,26.0257893,0.024508968,0.101730026,1.19681645e-05,30,1.15100002,1
475204200005315,88517211,2458639.675174759,58639.1721181,19.638649,0.118627295,0,zr,195.7071284,1.8217093,0.479000002,0.0610000007,20190605172118,475,4.0,2.0,21.25,26.0283222,0.0242721736,0.104923464,1.17538357e-05,30,1.14199996,1
475204200005315,88822559,2458642.728387279,58642.2255903,19.5059242,0.108133219,0,zr,195.7070937,1.8216729,0.950999975,-0.0260000005,20190608225590,475,4.0,2.0,21.3999996,26.0625095,0.0249899067,0.107521132,1.22558449e-05,30,1.222,1
475204200005315,89419099,2458648.69326598,58648.1909954,19.6232243,0.117369249,0,zr,195.7070728,1.8215714,0.648999989,-0.238000005,20190614190984,475,4.0,2.0,20.2000008,26.0402145,0.0409179665,0.0964951441,3.35559016e-05,30,1.17900002,1
475204200005315,89723240,2458651.73440123,58651.2324074,19.598238,0.115352482,0,zr,195.7070894,1.8217093,0.50999999,-0.0820000023,20190617232407,475,4.0,2.0,20.0599995,26.0376129,0.0363053977,0.107627302,2.62505473e-05,30,1.34399998,1
475204200005315,90019244,2458654.6941620987,58654.1924421,19.594965,0.115090221,0,zr,195.7070657,1.8216244,1.01300001,-0.143000007,20190620192431,475,4.0,2.0,21.1800003,26.0132618,0.0255004447,0.102190211,1.26912946e-05,30,1.22099996,1
475204200005315,90417543,2458658.6767853634,58658.1754398,19.7557831,0.128495604,0,zr,195.7070756,1.8216282,0.485000014,0.0170000009,20190624175428,475,4.0,2.0,20.9200001,26.0385189,0.0272516944,0.101855814,1.46157627e-05,30,1.20500004,1
475204200005315,90719413,2458661.695190003,58661.1941319,19.4994278,0.107639186,0,zr,195.7070673,1.8216626,1.00699997,-0.148000002,20190627194132,475,4.0,2.0,21.25,26.0331612,0.0259752441,0.109897658,1.32908717e-05,30,1.29299998,1
475204200005315,91321461,2458667.71509665,58667.2146181,19.4573174,0.104481325,0,zr,195.7070588,1.8216381,0.967999995,0.105999999,20190703214618,475,4.0,2.0,21.1100006,26.0336666,0.0254826862,0.10106495,1.27158746e-05,30,1.50999999,1
475204200005315,92519171,2458679.6910355766,58679.191713,19.4822884,0.106344454,0,zr,195.7070241,1.8215311,0.64200002,-0.0790000036,20190715191701,475,4.0,2.0,19.9599991,26.0217991,0.0347577408,0.113697648,2.38648263e-05,30,1.59599996,1
475204200005315,93216699,2458686.6656531463,58686.1669907,19.4519444,0.104084045,0,zr,195.7070595,1.8216679,0.481000006,-0.0160000008,20190722166991,475,4.0,2.0,20.6900005,25.9965992,0.0319385044,0.104853876,1.99257538e-05,30,1.546,1
475204200005315,93816622,2458692.664337547,58692.1662269,19.4768867,0.105939113,0,zr,195.7071553,1.8217359,0.59799999,-0.345999986,20190728166181,475,4.0,2.0,19.8199997,25.706461,0.0479309559,0.109871008,4.74086301e-05,30,1.70099998,1
475204200005315,104954925,2458804.045088926,58803.5492593,19.2640533,0.0909929872,0,zr,195.7070954,1.8215651,0.624000013,0.0130000003,20191116549201,475,4.0,2.0,20.1399994,25.899622,0.036079146,0.11535874,2.569967e-05,30,2.36800003,2
475204200005315,104955403,2458804.049869346,58803.5540394,19.3381729,0.0959710628,0,zr,195.7070672,1.8216846,0.458000004,0.0199999996,20191116553993,475,4.0,2.0,19.8299999,25.9448414,0.0481542274,0.105071492,4.75671914e-05,30,2.25,2
475204200005315,105154547,2458806.0414358573,58805.5454745,19.4382439,0.103076734,0,zr,195.7071066,1.8216463,1.28900003,-0.35800001,20191118545405,475,4.0,2.0,19.7700005,25.6902733,0.0591126792,0.11379873,7.11345929e-05,30,2.32500005,2
475204200005315,105155039,2458806.0463551995,58805.5503935,19.4908676,0.106990919,0,zr,195.7070037,1.8216481,0.296000004,0.023,20191118550324,475,4.0,2.0,19.5300007,25.6099644,0.0548882112,0.118933529,6.62802195e-05,30,2.20900011,2
475204200005315,105755370,2458812.0500920843,58811.5537037,19.5812263,0.113994494,0,zr,195.707072,1.8216542,0.864000022,-0.101000004,20191124553646,475,4.0,2.0,20.3899994,25.9766674,0.0322411135,0.111951016,2.03972613e-05,30,1.85599995,2
475204200005315,105755857,2458812.0549651403,58811.5585764,19.5604534,0.112353146,0,zr,195.7072184,1.8215571,0.635999978,-0.201000005,20191124558518,475,4.0,2.0,20.0699997,25.9849663,0.0370559916,0.105791472,2.71800855e-05,30,1.78900003,2
475204200005315,109854687,2458853.047009169,58852.546875,19.6038513,0.115803286,0,zr,195.7071197,1.8216803,0.412,-0.0560000017,20200104546840,475,4.0,2.0,21.2199993,26.2001381,0.0251555368,0.0966330767,1.25350298e-05,30,1.18299997,1
475204200005315,110154276,2458856.043200032,58855.5427662,19.4462624,0.103665225,0,zr,195.7071643,1.821629,1.10899997,-0.142000005,20200107542731,475,4.0,2.0,20.9799995,26.1843567,0.0234752726,0.0998984724,1.08097965e-05,30,1.17499995,1
475204200005315,112150305,2458876.0054281373,58875.5030556,19.5856419,0.114345774,0,zr,195.7071342,1.8217146,0.586000025,0.00899999961,20200127503021,475,4.0,2.0,20.8400002,26.1696415,0.0259940233,0.101608485,1.33719959e-05,30,1.15400004,1
475204200005315,112454347,2458879.046122045,58878.5434722,19.495182,0.107317217,0,zr,195.7070822,1.8216051,0.546000004,-0.0410000011,20200130543206,475,4.0,2.0,20.2800007,26.1366291,0.0319435038,0.110300727,2.00947998e-05,30,1.15400004,1
475204200005315,112954133,2458884.044420775,58883.541331,19.5588169,0.112224609,0,zr,195.7070411,1.8217209,0.842000008,-0.00499999989,20200204541285,475,4.0,2.0,20.3500004,26.1482906,0.0299945772,0.111471139,1.75693367e-05,30,1.16999996,1
475204200005315,113253876,2458887.042104565,58886.5387616,19.4301224,0.102483518,0,zr,195.7070976,1.8216734,0.972000003,-0.0909999982,20200207538715,475,4.0,2.0,20.6900005,26.1720371,0.0281936452,0.108590916,1.55349007e-05,30,1.17900002,1
475204200005315,114052162,2458895.0255932882,58894.5216204,19.4888649,0.106839731,0,zr,195.7070422,1.8216708,0.432000011,0.063000001,20200215521551,475,4.0,2.0,20.8600006,26.1500416,0.0265061781,0.109030485,1.38581272e-05,30,1.18900001,1
475204200005315,114447645,2458898.9807166494,58898.4764583,19.5638733,0.112622112,0,zr,195.7071136,1.8216393,1.25699997,0.0759999976,20200219476447,475,4.0,2.0,21.7900009,26.1726818,0.0244038105,0.095334053,1.18158041e-05,30,1.14499998,1
475204200005315,114741799,2458901.922455754,58901.4179977,19.5132313,0.108691216,0,zr,195.7071188,1.8215931,0.967999995,-0.177000001,20200222417986,475,4.0,2.0,21.3500004,26.1625004,0.024449572,0.0996721461,1.18278913e-05,30,1.17400002,1
475204200005315,115047704,2458904.981702264,58904.4770486,19.4785461,0.106063515,0,zr,195.7071048,1.821624,1.24899995,-0.111000001,20200225476991,475,4.0,2.0,20.8899994,26.1649055,0.0248465035,0.104038723,1.22277752e-05,30,1.15999997,1
475204200005315,115445555,2458908.960444352,58908.4555556,19.6491318,0.119487971,0,zr,195.7071048,1.8216566,0.433999985,0.0340000018,20200229455556,475,4.0,2.0,21.4300003,26.1604424,0.0241730083,0.101342648,1.16547772e-05,30,1.14900005,1
475204200005315,115745452,2458911.959576427,58911.4545255,19.733036,0.126537055,0,zr,195.7070639,1.8216081,0.987999976,-0.221000001,20200303454514,475,4.0,2.0,20.75,26.1447067,0.0274876226,0.101090133,1.49686084e-05,30,1.15600002,1
475204200005315,116040212,2458914.907326923,58914.4021296,19.4736137,0.105694093,0,zr,195.7070785,1.8216494,0.861999989,0.0869999975,20200306402130,475,4.0,2.0,21.0100002,26.1420593,0.0300611053,0.10146112,1.78722767e-05,30,1.14900005,1
475204200005315,120127739,2458955.783171133,58955.2773958,19.5266685,0.109723359,0,zr,195.7071036,1.8216511,0.716000021,0.050999999,20200416277396,475,4.0,2.0,20.9099998,26.1531239,0.0232865382,0.0969921723,1.08158147e-05,30,1.16299999,1
475204200005315,120827576,2458962.7813596455,58962.2757639,19.6979084,0.1235516,0,zr,195.7070834,1.8216603,0.722000003,0.0960000008,20200423275741,475,4.0,2.0,21.2900009,26.1409054,0.0231076125,0.0979292318,1.06579464e-05,30,1.14600003,1
475204200005315,121130990,2458965.8154009585,58965.3099074,19.6732025,0.121481307,0,zr,195.7070669,1.8216372,0.736000001,-0.0260000005,20200426309907,475,4.0,2.0,21.4300003,26.1218586,0.0256250929,0.104468852,1.30750987e-05,30,1.15900004,1
475204200005315,121721392,2458971.719177824,58971.2139236,19.5728416,0.113329798,0,zr,195.7070742,1.8216594,0.996999979,0.149000004,20200502213924,475,4.0,2.0,20.9799995,26.1746349,0.0246835519,0.0981464982,1.20015566e-05,30,1.20099998,1
475204200005315,122225291,2458976.757926267,58976.2529167,19.5795975,0.113865145,0,zr,195.7071261,1.8216433,0.814999998,-0.063000001,20200507252917,475,4.0,2.0,20.1100006,26.2055378,0.0426691249,0.110192172,3.54753611e-05,30,1.14199996,1
475204200005315,122627200,2458980.776791435,58980.2720023,19.7978802,0.132171154,0,zr,195.7070731,1.82165,0.615999997,0.0120000001,20200511271991,475,4.0,2.0,21.5100002,26.1368332,0.0271628145,0.104094245,1.45336899e-05,30,1.16299999,1
475204200005315,123823193,2458992.7359438716,58992.2319329,19.6181221,0.116955288,0,zr,195.7070895,1.8216722,0.513000011,0.0649999976,20200523231921,475,4.0,2.0,21.4300003,26.1375198,0.0243486818,0.103715837,1.18239441e-05,30,1.15400004,1
475204200005315,124124777,2458995.7515663365,58995.2477778,19.3956776,0.100000128,0,zr,195.7071068,1.8216206,1.43900001,-0.165999994,20200526247778,475,4.0,2.0,21.2000008,26.1246529,0.0286465865,0.106193475,1.6146565e-05,30,1.19299996,1
475204200005315,124424739,2458998.7509538177,58998.2473958,19.5648613,0.112699836,0,zr,195.7070278,1.8216481,0.303000003,-0.0189999994,20200529247315,475,4.0,2.0,21.0900002,26.1286774,0.0277715567,0.106513157,1.52357934e-05,30,1.21200001,1
475204200005315,125516950,2459009.672153184,59009.1695023,19.6902733,0.122909255,0,zr,195.7070675,1.8216245,0.384000003,-0.0359999985,20200609169502,475,4.0,2.0,20.3999996,26.2101936,0.0314862989,0.105538897,1.92942789e-05,30,1.14300001,1
475204200005315,125822572,2459012.728109942,59012.2257292,19.5438633,0.11105559,0,zr,195.7071091,1.8216213,1.28299999,-0.0149999997,20200612225729,475,4.0,2.0,21.4300003,26.2017918,0.0248698667,0.106201351,1.22102429e-05,30,1.26400006,1
475204200005315,126121638,2459015.718499608,59015.2163889,19.5565567,0.1120473,0,zr,195.7070958,1.8216422,1.15199995,-0.0379999988,20200615216389,475,4.0,2.0,21.5100002,26.1475391,0.0247060638,0.0950428471,1.2030785e-05,30,1.25999999,1
475204200005315,127021930,2459024.7205763403,59024.2193056,19.5454922,0.111182436,0,zr,195.7070685,1.8216657,0.779999971,-0.0189999994,20200624219306,475,4.0,2.0,21.3400002,26.0613689,0.0319490284,0.0987234414,2.01415278e-05,30,1.38800001,1
475204200005315,127318571,2459027.6867051637,59027.1857176,19.5063171,0.1081632,0,zr,195.7070079,1.8216342,0.77700001,-0.0960000008,20200627185718,475,4.0,2.0,20.4400005,26.0341835,0.0306500681,0.112777315,1.85038934e-05,30,1.26699996,1
475204200005315,127821347,2459032.713975712,59032.2134722,19.4818115,0.106308609,0,zr,195.7071004,1.821669,1.26199996,-0.307000011,20200702213461,475,4.0,2.0,20.2600002,26.1006603,0.0332209207,0.112232231,2.19239682e-05,30,1.49600005,1
475204200005315,128225412,2459036.7542331265,59036.2541204,19.2814369,0.0921389088,0,zr,195.7071558,1.8216288,0.632000029,-0.0670000017,20200706254120,475,4.0,2.0,19.9099998,26.0458889,0.0462656394,0.10707137,4.26473598e-05,30,2.16899991,1
475204200005315,128419221,2459038.6921359426,59038.1922106,19.6894646,0.122841276,0,zr,195.7070537,1.8216407,0.563000023,-0.0340000018,20200708192211,475,4.0,2.0,21.0799999,26.1312523,0.0254650544,0.106024824,1.29097098e-05,30,1.46000004,1
475204200005315,128521136,2459039.7111925483,59039.2113657,19.5774517,0.113694906,0,zr,195.7070968,1.8216457,0.912,-0.0759999976,20200709211366,475,4.0,2.0,21.2199993,26.1172829,0.0252137166,0.106699251,1.26464238e-05,30,1.64900005,1
475204200005315,128923763,2459043.7370778476,59043.2376389,19.8370132,0.135644242,0,zr,195.7070368,1.8216626,0.400999993,0.143999994,20200713237639,475,4.0,2.0,20.5200005,25.9748592,0.0363962352,0.102738015,2.60866454e-05,30,2.227,1
475204200005315,141553774,2459170.0336204763,59169.5377431,19.2487049,0.0899922326,0,zr,195.7070441,1.8215678,0.697000027,0.356999993,20201116537743,475,4.0,2.0,19.6599998,26.1003208,0.041955933,0.118360892,3.60290105e-05,30,2.64100003,2
475204200005315,141554710,2459170.042984511,59169.5471065,19.1544132,0.0840678588,0,zr,195.7069157,1.8216114,0.601000011,0.0869999975,20201116547095,475,4.0,2.0,19.6000004,26.1281662,0.0457423739,0.115591295,4.53562861e-05,30,2.36599994,2
475204200005315,141755185,2459172.047864317,59171.5518519,19.5688038,0.113010749,0,zr,195.7070626,1.8216607,0.569999993,0.0729999989,20201118551852,475,4.0,2.0,20.6499996,26.1380119,0.0292032752,0.103110015,1.68113784e-05,30,2.13100004,2
475204200005315,141755652,2459172.052540538,59171.5565278,19.4525108,0.10412585,0,zr,195.7070535,1.82155,0.966000021,-0.0850000009,20201118556528,475,4.0,2.0,20.1100006,26.1437283,0.0363161489,0.11319267,2.57767279e-05,30,2.03999996,2
475204200005315,142354123,2459178.0376821673,59177.5412384,19.5447998,0.111128554,0,zr,195.7071181,1.821594,1.32299995,-0.115000002,20201124541238,475,4.0,2.0,20.4400005,26.1368122,0.0344934165,0.116204619,2.32698967e-05,30,2.01999998,2
475204200005315,142354591,2459178.0423585353,59177.5459144,19.4671783,0.105213791,0,zr,195.7070079,1.8216742,0.952000022,-0.209999993,20201124545914,475,4.0,2.0,20.7399998,26.1481991,0.0307917055,0.101898983,1.85116096e-05,30,1.94099998,2
475204200005315,142355254,2459178.048990935,59177.5525463,19.6535168,0.119849294,0,zr,195.7070839,1.8215847,0.731999993,-0.158000007,20201124552384,475,4.0,2.0,20.3299999,26.1480885,0.0321004279,0.111029923,2.0319816e-05,30,1.84099996,2
475204200005315,142355723,2459178.053678801,59177.5572338,19.4504318,0.10397242,0,zr,195.7070258,1.8216654,1.00800002,-0.0989999995,20201124557234,475,4.0,2.0,20.0599995,26.1690369,0.0395660475,0.0974531248,3.08553572e-05,30,1.77699995,2
475204200005315,142554841,2459180.045012123,59179.5484144,19.4412804,0.103299245,0,zr,195.7070799,1.8216454,1.53900003,0.0189999994,20201126548414,475,4.0,2.0,20.4899998,26.1691628,0.02828422,0.110221684,1.61743592e-05,30,1.82099998,2
475204200005315,142555894,2459180.0555453603,59179.5589468,19.6462631,0.119251952,0,zr,195.7069488,1.8216196,0.577000022,-0.150000006,20201126558947,475,4.0,2.0,19.9400005,26.1821632,0.0319849998,0.116222203,2.02901047e-05,30,1.69000006,2
475204200005315,143051188,2459185.0088834777,59184.5118866,19.3804703,0.09892039,0,zr,195.7070747,1.8216298,0.950999975,-0.432000011,20201201511875,475,4.0,2.0,19.8700008,26.1106949,0.0404172987,0.119223185,3.283146e-05,30,2.227,1
475204200005315,143451351,2459189.010854881,59188.5135185,19.2842846,0.0923279077,0,zr,195.7070847,1.8216324,1.29299998,-0.294,20201205513518,475,4.0,2.0,20.3600006,26.1545849,0.0380483977,0.111037917,2.82082474e-05,30,1.98000002,1
475204200005315,144051328,2459195.0111583495,59194.513287,19.4614315,0.104786381,0,zr,195.7070747,1.8216293,0.920000017,0.112000003,20201211513287,475,4.0,2.0,20.9400005,26.146944,0.0266703125,0.108212732,1.38428122e-05,30,1.74600005,1
475204200005315,144450027,2459198.998519368,59198.5002778,19.4529438,0.10415782,0,zr,195.7072666,1.8215812,0.943000019,-0.108000003,20201215500278,475,4.0,2.0,20.1499996,26.1570454,0.0406578071,0.121287309,3.25040528e-05,30,1.77199996,1
475204200005315,144654362,2459201.0420579007,59200.5436227,19.6411572,0.118832797,0,zr,195.7071081,1.821629,1.03699994,-0.224000007,20201217543611,475,4.0,2.0,20.7299995,25.8015518,0.0292766877,0.101980098,1.66871996e-05,30,1.35800004,1
475204200005315,144951929,2459204.018015015,59203.519294,19.6150475,0.116706379,0,zr,195.7070886,1.8213246,0.978999972,0.00700000022,20201220519294,475,4.0,2.0,20.1599998,26.1845436,0.0363861248,0.109313644,2.60574616e-05,30,1.45799994,1
475204200005315,146153940,2459216.0393171916,59215.5394097,19.2920647,0.0928459615,0,zr,195.7070491,1.821619,0.976999998,-0.109999999,20210101539410,475,4.0,2.0,19.8099995,26.1978416,0.0376206823,0.103496306,2.77915769e-05,30,1.21300006,1
475204200005315,146154034,2459216.0402547717,59215.5403472,19.3904381,0.0996269882,0,zr,195.7072114,1.8216396,1.02900004,-0.0659999996,20210101540347,475,4.0,2.0,19.8099995,26.2052097,0.0421015881,0.0978395566,3.55359189e-05,30,1.21099997,2
475204200005315,146251368,2459217.0136854663,59216.5136806,19.6206207,0.117157876,0,zr,195.7071705,1.8216432,0.566999972,0.0909999982,20210102513681,475,4.0,2.0,20.25,26.1342907,0.0313253924,0.103957422,1.93276428e-05,30,1.29200006,2
475204200005315,146348099,2459217.981097011,59217.4809954,19.3600273,0.0974850506,0,zr,195.7070837,1.8216582,0.490999997,0.0160000008,20210103480868,475,4.0,2.0,20.6800003,26.1877403,0.0289202761,0.105760679,1.65697329e-05,30,1.45799994,1
475204200005315,146847629,2459222.976897418,59222.4762963,19.5551033,0.11193341,0,zr,195.7070775,1.8216407,0.507000029,-0.0489999987,20210108475938,475,4.0,2.0,21.0599995,26.1635685,0.0273729954,0.103896059,1.46966231e-05,30,1.39900005,1
475204200005315,147050125,2459225.0020529483,59224.50125,19.5275497,0.109791316,0,zr,195.7071695,1.8215842,0.944000006,0.107000001,20210110501111,475,4.0,2.0,20.3600006,26.1912632,0.0322030969,0.111433513,2.06630921e-05,30,1.25600004,1
475204200005315,147250179,2459227.002795583,59226.501794,19.4796696,0.106147751,0,zr,195.7071035,1.8216754,0.474999994,-0.0109999999,20210112501713,475,4.0,2.0,21.0100002,26.1894302,0.0276349857,0.104544997,1.50219657e-05,30,1.23599994,1
475204200005315,147448163,2459228.9828290283,59228.4816319,19.6037369,0.115794078,0,zr,195.7071115,1.821666,0.523000002,0.00999999978,20210114481620,475,4.0,2.0,21.3799992,26.1809196,0.0246334448,0.102732822,1.18296994e-05,30,1.28900003,1
475204200005315,147654300,2459231.0444087074,59230.5430093,19.5552387,0.11194396,0,zr,195.7071235,1.8216479,0.788999975,-0.107000001,20210116542998,475,4.0,2.0,21.2299995,26.2139282,0.0232682023,0.103423297,1.05722502e-05,30,1.14400005,1
475204200005315,149747818,2459251.981499391,59251.4781829,19.4584522,0.104565412,0,zr,195.7070659,1.8217168,0.825999975,-0.00300000003,20210206478183,475,4.0,2.0,20.6599998,26.2046337,0.0306903627,0.10684628,1.83136326e-05,30,1.14900005,1
475204200005315,149948608,2459253.9895700226,59253.486088,19.5302181,0.109997369,0,zr,195.7070963,1.8216766,0.828000009,-0.00400000019,20210208486088,475,4.0,2.0,21.4699993,26.1954002,0.0244749077,0.0994786769,1.1869256e-05,30,1.14100003,1
475204200005315,150142031,2459255.9239500896,59255.4203125,19.6529694,0.119804151,0,zr,195.7070722,1.8216308,0.745000005,-0.0410000011,20210210420301,475,4.0,2.0,21.5300007,26.1905384,0.0236417633,0.103288256,1.09051307e-05,30,1.24300003,1
475204200005315,150837285,2459262.8770212824,59262.3728588,19.5707455,0.113164008,0,zr,195.7070761,1.8216453,0.992999971,0.0320000015,20210217372859,475,4.0,2.0,21.2199993,26.1774654,0.0225385837,0.108666949,1.01183996e-05,30,1.36600006,1
475204200005315,151051140,2459265.01571283,59264.5114005,19.5329819,0.11021103,0,zr,195.7070709,1.8216626,0.958999991,0.0240000002,20210219511400,475,4.0,2.0,21.2299995,26.206646,0.0260688625,0.10660702,1.32124069e-05,30,1.19299996,1
475204200005315,151237900,2459266.88344301,59266.3790046,19.5732403,0.113361284,0,zr,195.7071535,1.8216692,1.30799997,-0.0350000001,20210221379005,475,4.0,2.0,20.4500008,26.1997433,0.0291794911,0.104064338,1.64402463e-05,30,1.28400004,1
475204200005315,151437356,2459268.878132834,59268.3735648,19.7387714,0.127029017,0,zr,195.7071264,1.8216662,0.555999994,-0.135000005,20210223373542,475,4.0,2.0,20.8299999,26.2096577,0.0262026638,0.108580835,1.33957519e-05,30,1.28400004,1
475204200005315,151637386,2459270.8785583703,59270.3738657,19.7177639,0.125233129,0,zr,195.7071185,1.8216051,0.773999989,-0.26699999,20210225373866,475,4.0,2.0,20.2800007,26.2078991,0.0312233195,0.0995265767,1.89399307e-05,30,1.26199996,1
475204200005315,152237895,2459276.88399163,59276.3789583,19.4354267,0.102870658,0,zr,195.7070973,1.821689,0.405999988,-0.0529999994,20210303378958,475,4.0,2.0,20.2999992,26.1967773,0.0334940664,0.0971010327,2.18391124e-05,30,1.19799995,1
475204200005315,153635749,2459290.863115989,59290.3575,19.6306038,0.117969848,0,zr,195.7070434,1.8216709,1.02400005,-0.130999997,20210317357500,475,4.0,2.0,21.4799995,26.2183743,0.0225819685,0.1029118,1.00155003e-05,30,1.16600001,1
475204200005315,154329094,2459297.7967369584,59297.2909491,19.335495,0.0957870111,0,zr,195.7070778,1.8216642,0.619000018,0.0179999992,20210324290949,475,4.0,2.0,20.0699997,26.1231213,0.0354762264,0.111408859,2.47079061e-05,30,1.29900002,1
475204200005315,155334086,2459307.8467623442,59307.3408681,19.6432457,0.11900413,0,zr,195.7070688,1.8216114,0.555000007,-0.0,20210403340868,475,4.0,2.0,21.5,26.1971684,0.0228397511,0.0998000205,1.0173263e-05,30,1.14100003,1
475204200005315,155334180,2459307.8476998457,59307.3418056,19.5169086,0.108972922,0,zr,195.7070631,1.8216337,0.648000002,0.00499999989,20210403341806,475,4.0,2.0,21.4300003,26.1598263,0.0247546788,0.095913507,1.20200566e-05,30,1.13999999,3
475204200005315,155427607,2459308.7819718737,59308.2760764,19.5439396,0.111061536,0,zr,195.7070874,1.8216207,0.50999999,-0.0140000004,20210404276065,475,4.0,2.0,21.4899998,26.187851,0.0234541483,0.101935171,1.07347278e-05,30,1.24199998,3
475204200005315,155529112,2459309.7970178546,59309.2911227,19.588438,0.114568695,0,zr,195.7070626,1.8216386,0.800999999,0.0379999988,20210405291123,475,4.0,2.0,21.2700005,26.1802425,0.0217795223,0.102849886,9.25748554e-06,30,1.19299996,3
475204200005315,155529206,2459309.7979553533,59309.2920602,19.547554,0.111343227,0,zr,195.7071076,1.8216481,0.476999998,-0.0179999992,20210405292060,475,4.0,2.0,21.3500004,26.1813793,0.0222083908,0.106585838,9.69010489e-06,30,1.19099998,1
475204200005315,155729660,2459311.8024981865,59311.2966088,19.5548992,0.111917436,0,zr,195.7070711,1.8216237,0.676999986,-0.00999999978,20210407296609,475,4.0,2.0,20.6599998,25.6802349,0.0300168078,0.102026172,1.74582074e-05,30,1.171,1
475204200005315,155931269,2459313.81857353,59313.3126968,19.7603054,0.128887355,0,zr,195.7070775,1.8216155,0.754000008,-0.00700000022,20210409312685,475,4.0,2.0,21.0400009,25.8974819,0.0295530222,0.0973523185,1.69572086e-05,30,1.14600003,1
475204200005315,156331788,2459317.823713166,59317.3178819,19.4039822,0.100594044,0,zr,195.707073,1.8216509,1.34399998,-0.119999997,20210413317882,475,4.0,2.0,21.4500008,26.1831627,0.0238039605,0.103494629,1.10538977e-05,30,1.13999999,1
475204200005315,156731193,2459321.817692197,59321.3119329,19.6259575,0.11759147,0,zr,195.707091,1.8216512,1.00399995,-0.134000003,20210417311933,475,4.0,2.0,21.4099998,26.155304,0.0248297285,0.102384858,1.18325897e-05,30,1.14100003,1
475204200005315,156933878,2459323.8444974464,59323.3387847,19.503067,0.107915759,0,zr,195.7070212,1.8216183,0.686999977,0.0289999992,20210419338762,475,4.0,2.0,21.1200008,26.1569328,0.0264716521,0.105549678,1.37940724e-05,30,1.171,1
475204200005315,157129532,2459325.800985626,59325.2953241,19.7139511,0.124909051,0,zr,195.7070422,1.8216858,0.55400002,0.0649999976,20210421295301,475,4.0,2.0,20.6800003,26.1882725,0.0293267276,0.0984816775,1.70773437e-05,30,1.13999999,1
475204200005315,158033057,2459334.835925787,59334.3305787,19.55797,0.112158179,0,zr,195.7070509,1.8215729,0.734000027,-0.163000003,20210430330567,475,4.0,2.0,20.7099991,26.1696301,0.0281065032,0.112327144,1.55002654e-05,30,1.21899998,1
475204200005315,158231494,2459336.820203524,59336.3149421,19.43927,0.103151903,0,zr,195.7070811,1.8216432,0.591000021,0.0209999997,20210502314942,475,4.0,2.0,21.5400009,26.1327114,0.0254863538,0.106197268,1.26571631e-05,30,1.19299996,1
475204200005315,158525319,2459339.7583183735,59339.2531944,19.6419258,0.118895859,0,zr,195.7070948,1.821639,1.02400005,0.0430000015,20210505253194,475,4.0,2.0,21.5900002,26.1468163,0.0221623592,0.0991007537,9.60554735e-06,30,1.14100003,1
475204200005315,158723131,2459341.7363438304,59341.2313194,19.6697941,0.121197537,0,zr,195.7070663,1.8216263,1.04799998,-0.064000003,20210507231308,475,4.0,2.0,21.1700001,26.1520824,0.025613768,0.105263874,1.2883067e-05,30,1.14999998,1
475204200005315,158921344,2459343.7183682714,59343.2134491,19.4512024,0.104029231,0,zr,195.707075,1.8216221,1.074,0.0500000007,20210509213426,475,4.0,2.0,21.5400009,26.1120052,0.025561437,0.0959792584,1.27918956e-05,30,1.16499996,1
475204200005315,159119593,2459345.700745994,59345.1959375,19.6609802,0.120466188,0,zr,195.7070653,1.8216422,0.513000011,0.163000003,20210511195914,475,4.0,2.0,21.4500008,26.1076775,0.0239765048,0.102470063,1.12766729e-05,30,1.18599999,1
475204200005315,159129875,2459345.804420653,59345.29875,19.5734329,0.113376573,0,zr,195.7070595,1.8216428,0.50999999,-0.0549999997,20210511298750,475,4.0,2.0,22.0900002,28.1091728,0.028832132,0.104449376,1.64940648e-05,180,1.21399999,2
475204200005315,159225638,2459346.762351307,59346.2563889,19.4170303,0.10153345,0,zr,195.7070845,1.8216421,0.60799998,-0.0480000004,20210512256389,475,4.0,2.0,22.1700001,28.4118633,0.0197446067,0.106081761,7.63546905e-06,240,1.14699996,2
475204200005315,159431281,2459348.8174363896,59348.3128125,19.6551247,0.119982019,0,zr,195.7070463,1.8216058,0.512000024,-0.0350000001,20210514312801,475,4.0,2.0,21.4899998,26.1115341,0.0292280335,0.101306379,1.70023868e-05,30,1.28999996,1
475204200005315,159438415,2459348.888774556,59348.3841551,19.5644531,0.112667732,0,zr,195.7070565,1.8215075,0.805000007,-0.114,20210514383738,475,4.0,2.0,20.6000004,26.006588,0.0329218134,0.117180772,2.15756972e-05,30,1.88800001,2
475204200005315,159438461,2459348.8892375235,59348.3846181,19.5812721,0.113998204,0,zr,195.7070641,1.8216251,0.913999975,-0.0939999968,20210514384618,475,4.0,2.0,20.8400002,26.0003872,0.0281425621,0.11960344,1.54853478e-05,30,1.89499998,2
475204200005315,159438509,2459348.8897119933,59348.3850926,19.5402412,0.110773936,0,zr,195.7070388,1.8216076,0.913999975,-0.0920000002,20210514385093,475,4.0,2.0,20.9099998,25.9933567,0.029624531,0.120302841,1.70794301e-05,30,1.90199995,2
475204200005315,159438555,2459348.890174966,59348.3855556,19.6168537,0.116852552,0,zr,195.7070937,1.8216536,0.504999995,0.00700000022,20210514385556,475,4.0,2.0,21.2000008,25.9899616,0.0266156048,0.108716488,1.37832476e-05,30,1.90999997,2
475204200005315,159438603,2459348.8906494356,59348.3860301,19.6737537,0.121527202,0,zr,195.7070566,1.8216128,0.93900001,-0.150999993,20210514386030,475,4.0,2.0,21.0599995,25.9988613,0.0285680667,0.10797599,1.60413092e-05,30,1.91700006,2
475204200005315,159825486,2459352.7592338603,59352.2548611,19.515955,0.108899817,0,zr,195.7070589,1.821643,0.927999973,-0.0309999995,20210518254861,475,4.0,2.0,21.0200005,26.0961475,0.0270592999,0.110135496,1.44023606e-05,30,1.16299999,1
475204200005315,160521337,2459359.717264486,59359.2133796,19.5138512,0.108738653,0,zr,195.7070436,1.8216198,0.657999992,-0.061999999,20210525213380,475,4.0,2.0,20.0,26.134737,0.0421790816,0.10562551,3.49608927e-05,30,1.14199996,1
475204200005315,160823540,2459362.739061878,59362.2354051,19.5020123,0.107835524,0,zr,195.7070968,1.8216616,1.29200006,-0.108999997,20210528235405,475,4.0,2.0,20.9200001,26.1913414,0.0284355376,0.10412886,1.59205483e-05,30,1.176,1
475204200005315,161029575,2459364.7992483163,59364.2957523,19.521965,0.109361142,0,zr,195.7071106,1.8216677,0.717000008,0.116999999,20210530295752,475,4.0,2.0,21.1100006,26.1202812,0.0265116822,0.105207048,1.3808095e-05,30,1.43200004,1
475204200005315,161221158,2459366.7149286037,59366.2115856,19.6510868,0.119648978,0,zr,195.7070689,1.8216309,1.13999999,0.185000002,20210601211574,475,4.0,2.0,21.3099995,26.13941,0.0253416989,0.107873298,1.26010027e-05,30,1.15699995,1
475204200005315,161422579,2459368.7289770995,59368.2257986,19.4987259,0.107585877,0,zr,195.7070838,1.8216043,0.508000016,-0.0810000002,20210603225752,475,4.0,2.0,21.3700008,26.1144791,0.0272972658,0.104907595,1.45164395e-05,30,1.18900001,1
475204200005315,161627084,2459370.7738527763,59370.2708449,19.5121002,0.108604684,0,zr,195.7070565,1.8216504,1.06599998,-0.0820000023,20210605270845,475,4.0,2.0,21.2199993,26.1023674,0.029135149,0.108249284,1.67388371e-05,30,1.38,1
475204200005315,162225366,2459376.756159134,59376.253669,19.5298824,0.109971397,0,zr,195.707077,1.8216318,0.833000004,-0.0450000018,20210611253669,475,4.0,2.0,21.0900002,26.1440315,0.0253572147,0.108052835,1.25939732e-05,30,1.375,1
475204200005315,162425043,2459378.752751625,59378.2504398,19.4984856,0.107567608,0,zr,195.7071071,1.8216145,0.776000023,-0.0579999983,20210613250428,475,4.0,2.0,20.9699993,26.1639042,0.0289197303,0.107138149,1.62046508e-05,30,1.38800001,1
475204200005315,163219209,2459386.6936759464,59386.1920949,19.6037445,0.115794659,0,zr,195.7070738,1.8214989,0.101000004,0.0340000018,20210621192083,475,4.0,2.0,20.0699997,26.1149998,0.0328983776,0.107989244,2.11614206e-05,30,1.22899997,1
475204200005315,163628822,2459390.789422808,59390.2882292,19.4250221,0.102112524,0,zr,195.7071331,1.8217034,0.601999998,-0.163000003,20210625288229,475,4.0,2.0,19.7299995,26.0667286,0.0431571491,0.110624447,3.78637196e-05,30,2.23799992,1
475204200005315,163819506,2459392.696081032,59392.1950694,19.5256977,0.109648563,0,zr,195.7070672,1.821628,0.425000012,0.0130000003,20210627195069,475,4.0,2.0,21.3799992,26.1380596,0.026400134,0.0955714062,1.35499049e-05,30,1.301,1
475204200005315,163919283,2459393.693751615,59393.1928356,19.6089439,0.116213419,0,zr,195.7071365,1.8216602,1.04900002,0.0320000015,20210628192824,475,4.0,2.0,21.1499996,26.1269283,0.0260593574,0.100648239,1.33388621e-05,30,1.30299997,2
475204200005315,164219172,2459396.692351919,59396.1917245,19.6015053,0.115614727,0,zr,195.707096,1.8216375,0.876999974,0.35800001,20210701191725,475,4.0,2.0,21.3700008,26.0599155,0.0274888575,0.0991457179,1.49754696e-05,30,1.33599997,1
475204200005315,164518728,2459399.687618025,59399.1872801,19.579092,0.113825038,0,zr,195.707073,1.8215796,0.442000002,-0.0700000003,20210704187118,475,4.0,2.0,20.5900002,26.0974121,0.0323990099,0.116695926,2.0606336e-05,30,1.35500002,1
475204200005315,177754521,2459532.040891016,59531.5452199,19.5042229,0.108003661,0,zr,195.7070487,1.8216372,1.03900003,-0.232999995,20211113545208,475,4.0,2.0,20.6499996,26.0851498,0.0295772739,0.116705097,1.71416632e-05,30,2.68899989,1
475204200005315,177754766,2459532.0433332706,59531.547662,19.5731926,0.113357522,0,zr,195.7070277,1.8216751,0.680000007,0.0879999995,20211113547662,475,4.0,2.0,20.5699997,26.1011181,0.0315985009,0.116956711,1.96768488e-05,30,2.60700011,1
475204200005315,177755010,2459532.04577562,59531.5501042,19.6868801,0.122624412,0,zr,195.7071124,1.8217051,0.809000015,-0.233999997,20211113550104,475,4.0,2.0,20.4799995,26.077774,0.031383425,0.113922127,1.92657117e-05,30,2.5309999,1
475204200005315,177755255,2459532.0482294755,59531.5525579,19.506073,0.108144566,0,zr,195.7070533,1.8216888,0.700999975,0.308999985,20211113552546,475,4.0,2.0,20.2900009,26.0989532,0.0406986997,0.110309184,3.28745846e-05,30,2.45900011,1
475204200005315,177854648,2459533.042214712,59532.5464815,19.0876579,0.0801023915,0,zr,195.7071232,1.8218611,1.14900005,0.180999994,20211114546482,475,4.0,2.0,19.4500008,26.1065865,0.0608014576,0.133345962,8.14266241e-05,30,2.55800009,1
475204200005315,177854893,2459533.044668557,59532.5489352,19.0970306,0.0806479156,0,zr,195.7070182,1.8213524,0.726999998,-0.0209999997,20211114548924,475,4.0,2.0,19.3799992,26.107975,0.0503009818,0.124434188,5.76793609e-05,30,2.4849999,1
475204200005315,178254924,2459537.0452424544,59536.5492477,19.4676952,0.10525234,0,zr,195.7070296,1.8216904,1.30499995,-0.0719999969,20211118549248,475,4.0,2.0,20.1299992,26.0924873,0.0320190042,0.111972414,1.97973859e-05,30,2.20099998,1
475204200005315,179656684,2459551.0639033415,59550.5668403,19.4939365,0.107222915,0,zr,195.7071144,1.8216037,0.685000002,0.0700000003,20211202566829,475,4.0,2.0,20.5799999,26.1950035,0.0329367742,0.0995462164,2.16005756e-05,30,1.47399998,1
475204200005315,186939873,2459623.9025875223,59623.3987384,19.6087742,0.116199672,0,zr,195.7070402,1.8216421,1.24300003,-0.324999988,20220213398727,475,4.0,2.0,20.8099995,26.202652,0.0303677749,0.103800744,1.82585827e-05,30,1.29700005,1
475204200005315,187141384,2459625.9178432585,59625.4138426,19.7421684,0.127320945,0,zr,195.7070836,1.821556,0.596000016,0.00600000005,20220215413819,475,4.0,2.0,20.5900002,26.2169266,0.0283812489,0.105710201,1.5803138e-05,30,1.22300005,1
475204200005315,188246211,2459636.966860724,59636.4621181,19.5554886,0.11196357,0,zr,195.7071356,1.8216138,0.852999985,0.0350000001,20220226462106,475,4.0,2.0,20.8299999,26.197546,0.0310841259,0.107583418,1.8972094e-05,30,1.14699996,1
475204200005315,188736067,2459641.8656901284,59641.3606713,19.4951,0.107310995,0,zr,195.7070748,1.8216241,0.853999972,0.00999999978,20220303360648,475,4.0,2.0,21.2299995,26.1958561,0.0297678728,0.101828493,1.73499302e-05,30,1.25300002,1
475204200005315,191931180,2459673.8177007823,59673.3118056,19.6767712,0.121778801,0,zr,195.707066,1.821713,1.82099998,0.0689999983,20220404311806,475,4.0,2.0,20.6599998,26.0182037,0.0292815026,0.121057555,1.71058964e-05,30,1.16199994,1
475204200005315,192121181,2459675.717710775,59675.2118171,19.4121609,0.101181984,0,zr,195.7070376,1.8216551,0.356999993,0.0780000016,20220406211806,475,4.0,2.0,20.9200001,26.0124645,0.0381053537,0.109282628,2.88822393e-05,30,1.58899999,1
475204200005315,192336060,2459677.86648661,59677.3606019,19.5703201,0.11313048,0,zr,195.7070728,1.8215397,1.53299999,-0.148000002,20220408360590,475,4.0,2.0,20.5599995,26.1473083,0.0301077608,0.110418461,1.81709802e-05,30,1.15799999,1
475204200005315,192522901,2459679.7348867212,59679.2290162,19.5774441,0.113694325,0,zr,195.7070686,1.8216504,0.698000014,0.147,20220410229005,475,4.0,2.0,20.4899998,26.1630898,0.0308074392,0.124289036,1.85860226e-05,30,1.38100004,1
475204200005315,193631576,2459690.821431641,59690.3157639,19.5531521,0.111780614,0,zr,195.707127,1.8216549,1.22500002,-0.26699999,20220421315752,475,4.0,2.0,20.8700008,26.1494217,0.0298652872,0.10486865,1.77706643e-05,30,1.148,1
475204200005315,194530104,2459699.8064005263,59699.3010417,19.6279869,0.117756628,0,zr,195.7070822,1.8216528,0.813000023,-0.0879999995,20220430301042,475,4.0,2.0,21.1499996,26.1050758,0.0302646104,0.107197724,1.8292536e-05,30,1.15799999,1
475204200005315,194825233,2459702.7575683556,59702.252338,19.5703373,0.113131806,0,zr,195.7070599,1.8216646,1.60899997,0.061999999,20220503252326,475,4.0,2.0,21.0200005,26.111021,0.0294885095,0.10982012,1.72455093e-05,30,1.14300001,2
475204200005315,195325256,2459707.7575531704,59707.2525694,19.3534317,0.0970259011,0,zr,195.7069204,1.8216781,1.06799996,-0.118000001,20220508252558,475,4.0,2.0,20.3299999,26.2099438,0.0326505527,0.114985161,2.10354337e-05,30,1.13999999,1
475204200005315,195418574,2459708.690674566,59708.1857407,19.501709,0.107812412,0,zr,195.7071876,1.8216769,0.80400002,0.272000015,20220509185729,475,4.0,2.0,19.8700008,26.1928673,0.0403512716,0.107849725,3.29451213e-05,30,1.227,2
475204200005315,195522035,2459709.725235951,59709.2203588,19.5638618,0.112621173,0,zr,195.7070457,1.8216406,0.833999991,-0.100000001,20220510220336,475,4.0,2.0,20.3199997,26.1387463,0.0344923772,0.109711334,2.38229441e-05,30,1.153,1
475204200005315,195527223,2459709.7771080662,59709.2722338,19.3282185,0.0952884629,0,zr,195.707083,1.8216454,0.996999979,0.118000001,20220510272222,475,4.0,2.0,20.3299999,26.1632195,0.0373866968,0.117239103,2.75365364e-05,30,1.15600002,1
475204200005315,196021166,2459714.7162503544,59714.2116667,19.5936737,0.114986911,0,zr,195.7070651,1.8216001,0.474000007,-0.0329999998,20220515211667,475,4.0,2.0,19.6700001,26.2643623,0.0431393012,0.113280714,4.79079354e-05,30,1.14900005,1
475204200005315,196323178,2459717.7361731413,59717.2317824,19.5835247,0.114177234,0,zr,195.7070597,1.8216404,0.600000024,-0.00999999978,20220518231782,475,4.0,2.0,20.6800003,26.1039429,0.0368517749,0.108351149,2.67509477e-05,30,1.14199996,1
475204200005315,196520822,2459719.7124877283,59719.2082292,19.6813583,0.122162007,0,zr,195.7070428,1.8216187,0.93900001,-0.120999999,20220520208218,475,4.0,2.0,21.0599995,26.1694145,0.026938023,0.115691625,1.42743629e-05,30,1.14199996,1
475204200005315,196523320,2459719.7374628256,59719.233206,19.3647995,0.0978184417,0,zr,195.7070695,1.8216639,1.26699996,0.0320000015,20220520233206,475,4.0,2.0,20.9300003,26.183218,0.0274234693,0.110027261,1.47366391e-05,30,1.14499998,1
475204200005315,197027031,2459724.7742118957,59724.2703125,19.5274162,0.109781012,0,zr,195.7070566,1.8216176,1.26100004,-0.0939999968,20220525270301,475,4.0,2.0,20.8500004,26.155302,0.0326654203,0.109249629,2.12530904e-05,30,1.24199998,1
475204200005315,197237307,2459726.876820614,59726.3730787,19.685955,0.122546859,0,zr,195.7071594,1.8216705,0.772000015,0.120999999,20220527373079,475,4.0,2.0,20.1800003,26.0489616,0.039063599,0.126660466,3.00409702e-05,30,2.35800004,1
475204200005315,197624822,2459730.7516694744,59730.2482292,19.5714607,0.11322055,0,zr,195.7070697,1.8216038,0.92900002,0.0590000004,20220531248218,475,4.0,2.0,20.7700005,26.2224159,0.0359655023,0.112980828,2.56350668e-05,30,1.22399998,1
475204200005315,197820504,2459732.7083288217,59732.2050463,19.5850201,0.114296302,0,zr,195.7070626,1.8215592,0.437000006,0.0260000005,20220602205035,475,4.0,2.0,20.9699993,26.1654758,0.0288618505,0.110149451,1.63577133e-05,30,1.15199995,1
475204200005315,198219332,2459736.6962725064,59736.1933218,19.4934139,0.107183419,0,zr,195.707047,1.8216377,0.915000021,-0.136000007,20220606193310,475,4.0,2.0,20.9500008,26.19911,0.0285938587,0.111001812,1.61014468e-05,30,1.15100002,1
475204200005315,198424822,2459738.7510039667,59738.2482292,19.3280983,0.09528023,0,zr,195.7070119,1.8216078,0.582000017,0.174999997,20220608248206,475,4.0,2.0,20.2900009,26.1667595,0.0391758606,0.116620496,3.0652056e-05,30,1.30299997,1
475204200005315,198918987,2459743.6922123353,59743.1898727,19.6442814,0.119089171,0,zr,195.7072678,1.8216005,0.458000004,-0.075000003,20220613189873,475,4.0,2.0,19.7399998,26.2049999,0.0389373526,0.110540509,3.12990705e-05,30,1.17200005,1
475204200005315,199319137,2459747.6933535547,59747.1913773,19.3885689,0.0994941592,0,zr,195.707076,1.8216142,0.750999987,-0.0850000009,20220617191377,475,4.0,2.0,21.2399998,26.1960258,0.0295764394,0.113213122,1.75969362e-05,30,1.19700003,1
475204200005315,199724706,2459751.7486597714,59751.2470602,19.5442734,0.111087531,0,zr,195.7070231,1.8215533,0.638999999,0.0450000018,20220621247049,475,4.0,2.0,20.3999996,26.1346302,0.0327729285,0.116971284,2.14402935e-05,30,1.50999999,1
475204200005315,199919174,2459753.693164212,59753.1917477,19.5200348,0.109212808,0,zr,195.7070705,1.8216242,0.667999983,-0.00800000038,20220623191748,475,4.0,2.0,20.7399998,26.1602478,0.0344001465,0.11240647,2.3712797e-05,30,1.24399996,1
475204200005315,200719186,2459761.6925146254,59761.1918634,19.3562241,0.0972201005,0,zr,195.707061,1.8216178,0.666999996,-0.107000001,20220701191863,475,4.0,2.0,20.9799995,26.1699524,0.0313252956,0.109571114,1.96136953e-05,30,1.33299994,1
475204200005315,201919501,2459773.6945032366,59773.1950116,19.8343754,0.135408476,0,zr,195.7069225,1.8217281,0.790000021,-0.286000013,20220713195012,475,4.0,2.0,20.0900002,26.1561775,0.0385511369,0.113133088,2.94617821e-05,30,1.579,1
475204200005315,201921950,2459773.71899158,59773.2195023,19.3652802,0.0978521481,0,zr,195.7070782,1.821555,0.513000011,-0.00600000005,20220713219502,475,4.0,2.0,19.9699993,26.1260223,0.0391857587,0.11762134,3.08937742e-05,30,1.86500001,1
475204200005315,214154828,2459896.0438821786,59895.548287,18.9384441,0.0719006658,0,zr,195.707098,1.8216654,0.781000018,-0.108000003,20221112548287,475,4.0,2.0,19.2999992,26.0862408,0.0425421521,0.127575636,4.29367319e-05,30,2.7019999,1
475204200005315,214254456,2459897.04021538,59896.5445602,19.2495193,0.0900450647,0,zr,195.7070798,1.8217145,0.860000014,-0.075000003,20221113544560,475,4.0,2.0,19.7600002,26.0634785,0.0433646888,0.116749249,3.83491351e-05,30,2.73799992,1
475204200005315,214254700,2459897.042657624,59896.5470023,19.2520866,0.0902118757,0,zr,195.7071495,1.8215925,0.657000005,0.104999997,20221113547002,475,4.0,2.0,19.7900009,26.0690441,0.0408194251,0.118799433,3.4202807e-05,30,2.65300012,1
475204200005315,214255434,2459897.0499960873,59896.5543403,19.098362,0.0807256475,0,zr,195.7070935,1.8217373,0.77700001,-0.280999988,20221113554340,475,4.0,2.0,19.1000004,26.0984364,0.0445204079,0.118611485,5.78450126e-05,30,2.4289999,1
475204200005315,214455027,2459899.046057928,59898.5502778,19.4211235,0.101829633,0,zr,195.7070379,1.8217096,0.874000013,0.00100000005,20221115550278,475,4.0,2.0,20.0599995,26.1357422,0.0481247008,0.107519731,4.58211616e-05,30,2.39100003,1
475204200005315,214455271,2459899.048500186,59898.5527199,19.7222595,0.125616074,0,zr,195.7070417,1.8217071,0.384000003,-0.0960000008,20221115552720,475,4.0,2.0,20.0799999,26.1108875,0.0394047275,0.119562358,3.11835065e-05,30,2.32800007,1
475204200005315,214455517,2459899.0509540425,59898.5551736,19.7018089,0.123880714,0,zr,195.7070765,1.8217015,0.379999995,0.173999995,20221115555162,475,4.0,2.0,19.8400002,26.150444,0.0405319743,0.121087864,3.30991825e-05,30,2.26900005,1
475204200005315,214654876,2459901.0446715904,59900.5487616,19.1378059,0.0830637515,0,zr,195.707123,1.8214246,0.677999973,0.0410000011,20221117548762,475,4.0,2.0,19.3400002,26.1384544,0.0470965914,0.116016626,5.27588891e-05,30,2.29099989,1
475204200005315,214755018,2459902.046162262,59901.5501852,19.5210361,0.109289758,0,zr,195.7071028,1.8216592,1.45500004,0.289000005,20221118550174,475,4.0,2.0,20.3799992,26.1208305,0.0348048657,0.114141949,2.40971294e-05,30,2.1960001,1
475204200005315,214755489,2459902.05087319,59901.5548958,19.3034687,0.093610175,0,zr,195.7070227,1.8216537,0.460999995,0.00100000005,20221118554884,475,4.0,2.0,20.1399994,26.1322384,0.0361245647,0.111424506,2.59638655e-05,30,2.09800005,1
475204200005315,214755724,2459902.0532229487,59901.5572454,19.3290405,0.0953446999,0,zr,195.7070596,1.8216256,0.800000012,-0.27700001,20221118557234,475,4.0,2.0,19.9500008,26.1247845,0.0382713377,0.111131735,2.97238603e-05,30,2.05299997,1
475204200005315,215554103,2459910.0375870187,59909.5410301,19.5891762,0.11462757,0,zr,195.7070383,1.8215693,0.975000024,-0.00600000005,20221126540995,475,4.0,2.0,20.2900009,26.1523418,0.033838857,0.115244277,2.26717311e-05,30,1.95500004,1
475204200005315,215554355,2459910.040110327,59909.5435532,19.3667526,0.0979552418,0,zr,195.706972,1.8217363,1.222,0.0989999995,20221126543507,475,4.0,2.0,20.1900005,26.1659508,0.0374275893,0.112029098,2.77150302e-05,30,1.91400003,1
475204200005315,215554606,2459910.0426221113,59909.5460648,19.3988724,0.100228265,0,zr,195.7071088,1.8216591,0.758000016,-0.109999999,20221126546019,475,4.0,2.0,20.4500008,26.1580524,0.0334250927,0.113905154,2.21338778e-05,30,1.87600005,1
475204200005315,215554857,2459910.0451339064,59909.5485764,19.4300613,0.1024791,0,zr,195.7071247,1.8216402,0.666000009,-0.0320000015,20221126548542,475,4.0,2.0,20.1499996,26.1562386,0.0365385897,0.119462326,2.64695973e-05,30,1.83899999,1
475204200005315,215555109,2459910.0476571973,59909.5510995,19.723217,0.125697702,0,zr,195.707239,1.8216728,0.541000009,-0.0820000023,20221126551053,475,4.0,2.0,20.0599995,26.174427,0.0374094844,0.112785913,2.7721775e-05,30,1.80400002,1
475204200005315,215654238,2459911.0390191576,59910.5423843,19.4431133,0.103433818,0,zr,195.7070222,1.8216121,1.04299998,-0.131999999,20221127542373,475,4.0,2.0,20.1000004,26.1645164,0.042959135,0.115689471,3.66483437e-05,30,1.88999999,1
475204200005315,215654490,2459911.041542457,59910.5449074,19.6223621,0.117299229,0,zr,195.7071556,1.821827,0.680999994,0.0329999998,20221127544896,475,4.0,2.0,20.1100006,26.1557655,0.0399519056,0.116563894,3.14998033e-05,30,1.85300004,1
475204200005315,215654741,2459911.044054268,59910.547419,19.506382,0.10816811,0,zr,195.7069936,1.821844,0.702000022,0.00400000019,20221127547419,475,4.0,2.0,20.0100002,26.1817799,0.0431046151,0.116317675,3.66217791e-05,30,1.81700003,1
475204200005315,215654994,2459911.046577557,59910.5499421,19.4510422,0.104017444,0,zr,195.7071021,1.821746,0.865999997,0.142000005,20221127549942,475,4.0,2.0,19.9400005,26.184433,0.0409962311,0.110741816,3.3553064e-05,30,1.78299999,1
475204200005315,215655246,2459911.049100952,59910.5524653,19.4918098,0.107062086,0,zr,195.7070863,1.8215871,0.512000024,0.206,20221127552465,475,4.0,2.0,19.8600006,26.1822109,0.0412681028,0.120676026,3.41140803e-05,30,1.75100005,1
475204200005315,216954025,2459924.0379906273,59923.5402546,19.5658417,0.112777121,0,zr,195.7071062,1.8215495,1.03299999,0.0489999987,20221210540243,475,4.0,2.0,20.5100002,26.1762943,0.0331568755,0.112583272,2.17551788e-05,30,1.51699996,1
475204200005315,217854533,2459933.0439125737,59932.5453356,19.5506744,0.111586899,0,zr,195.7070522,1.8216087,1.07000005,-0.0860000029,20221219545336,475,4.0,2.0,20.8600006,26.2222633,0.0319613367,0.110406712,2.00720824e-05,30,1.329,1
475204200005315,218254315,2459937.0421243664,59936.5431597,19.5547447,0.111905307,0,zr,195.7070644,1.8216437,0.949000001,0.00499999989,20221223543148,475,4.0,2.0,21.0699997,26.1599445,0.0290943515,0.113661557,1.69337836e-05,30,1.28900003,1
475204200005315,219744141,2459951.941858054,59951.441412,19.3687248,0.0980934575,0,zr,195.7071116,1.821523,0.601000011,-0.0170000009,20230107441400,475,4.0,2.0,19.75,26.1794872,0.0467191748,0.115394905,4.41092416e-05,30,1.74100006,1
475204200005315,221547307,2459969.9752835324,59969.4730787,19.5174446,0.10901396,0,zr,195.7070762,1.8216659,0.916999996,-0.063000001,20230125473067,475,4.0,2.0,21.1599998,26.1904278,0.0293377303,0.103950545,1.73747048e-05,30,1.22000003,1
475204200005315,221743285,2459971.935245519,59971.4328588,19.6111336,0.11638999,0,zr,195.7070961,1.8215874,1.00800002,-0.0710000023,20230127432859,475,4.0,2.0,20.4699993,26.1936378,0.0348092988,0.104472019,2.39036362e-05,30,1.35899997,1
475204200005315,222341762,2459977.9205521527,59977.4176273,19.2178402,0.0880108029,0,zr,195.7070941,1.8216346,0.925000012,0.586000025,20230202417581,475,4.0,2.0,19.7099991,26.1905804,0.0410542116,0.109634519,3.55362281e-05,30,1.35300004,1
475204200005315,222644425,2459980.947445051,59980.4442593,19.5915298,0.114815556,0,zr,195.7070465,1.8216357,0.861999989,-0.00300000003,20230205444236,475,4.0,2.0,20.6100006,26.2167854,0.0352712236,0.0984191447,2.47683147e-05,30,1.21599996,1
475204200005315,226239378,2460016.899246972,60016.3937847,19.6376591,0.118546307,0,zr,195.7070546,1.8214976,0.999000013,0.0379999988,20230313393773,475,4.0,2.0,20.0799999,26.0072174,0.0355511717,0.109055348,2.48893612e-05,30,1.14300001,1
475204200005315,226636601,2460020.871618335,60020.3660185,19.5246277,0.109566085,0,zr,195.7070739,1.821649,0.419,-0.104999997,20230317366019,475,4.0,2.0,21.2600002,26.1569214,0.0294582006,0.111223608,1.73449644e-05,30,1.15600002,1
475204200005315,227543793,2460029.943756369,60029.4379398,19.5373707,0.110551082,0,zr,195.7070047,1.8216649,0.635999978,-0.129999995,20230326437894,475,4.0,2.0,20.6100006,26.201025,0.0310309138,0.113009512,1.93633186e-05,30,1.25199997,1
475204200005315,227833797,2460032.8438312137,60032.3379745,19.5392418,0.110696249,0,zr,195.7070356,1.8216464,0.750999987,-0.0500000007,20230329337928,475,4.0,2.0,21.1000004,26.1617088,0.0292411037,0.104840003,1.67220769e-05,30,1.15100002,1
475204200005315,229231783,2460046.823686696,60046.3178356,19.5400829,0.11076162,0,zr,195.7070647,1.821625,0.658999979,0.118000001,20230412317824,475,4.0,2.0,21.4099998,26.0367546,0.0270917322,0.104804017,1.44469641e-05,30,1.14100003,1
475204200005315,229727690,2460051.7826802004,60051.2769097,19.5018482,0.107823014,0,zr,195.7070835,1.8216288,1.13800001,-0.152999997,20230417276898,475,4.0,2.0,21.6299992,26.1509323,0.0308419,0.101162136,1.87406149e-05,30,1.16199994,1
475204200005315,229930233,2460053.8080639006,60053.302338,19.4107971,0.101083748,0,zr,195.7070762,1.8215597,1.72800004,-0.0299999993,20230419302326,475,4.0,2.0,20.5100002,26.1730328,0.0300406329,0.102044389,1.78140435e-05,30,1.13999999,1
475204200005315,230126754,2460055.7732225196,60055.2675463,19.5289192,0.109897017,0,zr,195.7070628,1.8216728,0.998000026,-0.103,20230421267546,475,4.0,2.0,21.0100002,26.1721172,0.0300506428,0.110952698,1.79389899e-05,30,1.15999997,1
475204200005315,230329046,2460057.7960815807,60057.290463,19.4485378,0.103832781,0,zr,195.7070821,1.8216301,0.777999997,-0.100000001,20230423290440,475,4.0,2.0,21.3700008,26.1684036,0.0280312654,0.0988187194,1.55417983e-05,30,1.13999999,1
475204200005315,230531165,2460059.8172095777,60059.3116551,19.6511478,0.119654,0,zr,195.7070165,1.8217822,0.582000017,-0.075000003,20230425311655,475,4.0,2.0,20.3400002,26.1567287,0.0304613598,0.117617697,1.8406894e-05,30,1.15400004,1
475204200005315,230729627,2460061.8017584286,60061.2962731,19.5639801,0.112630464,0,zr,195.7070823,1.8216323,1.176,-0.0500000007,20230427296227,475,4.0,2.0,21.0499992,26.1566219,0.03644903,0.109718427,2.5997766e-05,30,1.14499998,1
475204200005315,230925375,2460063.759161178,60063.25375,19.471096,0.105505958,0,zr,195.7070342,1.8216205,0.282000005,0.0309999995,20230429253727,475,4.0,2.0,21.1700001,26.1918736,0.0277180094,0.0975994915,1.51290269e-05,30,1.15100002,1
475204200005315,231929850,2460073.8034486873,60073.2985069,19.4743385,0.105748296,0,zr,195.7070561,1.8216549,0.463999987,0.119000003,20230509298495,475,4.0,2.0,20.8799992,26.1157169,0.0368248746,0.109517559,2.71367335e-05,30,1.19599998,1
475204200005315,232330975,2460077.8144718087,60077.3097569,19.5491791,0.111470044,0,zr,195.7070323,1.8216131,1.19299996,0.101999998,20230513309757,475,4.0,2.0,20.4500008,26.1824951,0.0367345363,0.106265575,2.73229398e-05,30,1.26199996,1
475204200005315,232529518,2460079.799779962,60079.2951852,19.6516647,0.11969655,0,zr,195.7070745,1.8216144,0.634000003,0.00899999961,20230515295174,475,4.0,2.0,21.0799999,26.0873699,0.0277479105,0.112072222,1.51806898e-05,30,1.23199999,1
475204200005315,232727535,2460081.7798287226,60081.2753588,19.5521507,0.111702286,0,zr,195.7070753,1.8215901,0.425000012,-0.00499999989,20230517275359,475,4.0,2.0,20.9400005,26.1216869,0.0282592252,0.111666352,1.58622333e-05,30,1.19299996,1
475204200005315,232922673,2460083.7310782475,60083.2267361,19.4732361,0.105665922,0,zr,195.7070732,1.8216483,0.689999998,-0.0350000001,20230519226725,475,4.0,2.0,21.5599995,26.1116962,0.0296852309,0.0983887389,1.73513217e-05,30,1.14100003,1
475204200005315,233128739,2460085.7915980276,60085.2873958,19.6454201,0.119182691,0,zr,195.7070211,1.8216048,0.754999995,-0.00200000009,20230521287338,475,4.0,2.0,20.9400005,26.1323681,0.0341776609,0.11397218,2.32629318e-05,30,1.25999999,1
475204200005315,233332292,2460087.826987403,60087.3229282,19.447176,0.103732519,0,zr,195.707076,1.8215602,0.856000006,-0.0359999985,20230523322917,475,4.0,2.0,21.2000008,26.1097412,0.0310445447,0.109870516,1.90849823e-05,30,1.47899997,1
475204200005315,233524359,2460089.7475196077,60089.2435995,19.4898453,0.106913686,0,zr,195.7070679,1.8216299,0.612999976,-0.0179999992,20230525243588,475,4.0,2.0,20.9599991,26.1517029,0.0288045481,0.117224112,1.65181682e-05,30,1.17400002,1
475204200005315,234429582,2460098.7990359757,60098.2958218,19.5726089,0.113311402,0,zr,195.7069188,1.8216691,0.597000003,0.00300000003,20230603295810,475,4.0,2.0,19.7199993,26.1460342,0.0472618714,0.107299566,4.74769113e-05,30,1.50199997,1
475204200005315,234624025,2460100.7433074797,60100.2402546,19.5271378,0.109759577,0,zr,195.7070271,1.821611,0.856000006,-0.223000005,20230605240255,475,4.0,2.0,20.5,26.1698513,0.0418477543,0.104599595,3.48644717e-05,30,1.23899996,1
475204200005315,234818468,2460102.6875759787,60102.1846875,19.633213,0.118182793,0,zr,195.7070137,1.8215996,0.739000022,0.0109999999,20230607184688,475,4.0,2.0,20.9599991,25.9692593,0.0313080177,0.111059055,1.91151321e-05,30,1.14600003,1
475204200005315,235125259,2460105.7552157575,60105.2525926,19.6564751,0.120093569,0,zr,195.7070566,1.8216345,0.925000012,-0.0689999983,20230610252581,475,4.0,2.0,21.3899994,26.0970249,0.0284536723,0.0996917188,1.613514e-05,30,1.347,1
475204200005315,235518943,2460109.6917060977,60109.1894329,19.4000053,0.100309238,0,zr,195.7070402,1.8216374,0.268000007,0.0199999996,20230614189421,475,4.0,2.0,21.0,26.1424942,0.0305866227,0.10383489,1.85481422e-05,30,1.17400002,1
475204200005315,235923464,2460113.7365450566,60113.2346412,19.5620041,0.112475052,0,zr,195.7070791,1.8216016,0.908999979,-0.0890000015,20230618234630,475,4.0,2.0,21.1700001,26.1421223,0.0314143375,0.106345162,1.96297278e-05,30,1.36800003,1
475204200005315,236121545,2460115.7171713854,60115.2154514,19.5347195,0.110345587,0,zr,195.7071091,1.8216399,0.736000001,-0.0250000004,20230620215440,475,4.0,2.0,21.1700001,26.1415844,0.0301507711,0.108011767,1.7725959e-05,30,1.29999995,1
475204200005315,236321447,2460117.716011874,60117.2144792,19.6173248,0.116890669,0,zr,195.7070477,1.8216359,0.430000007,0.0439999998,20230622214479,475,4.0,2.0,21.3299999,26.1303902,0.0292072408,0.102341652,1.68383358e-05,30,1.32099998,1
475204200005315,236520149,2460119.7028381047,60119.2014931,19.4419289,0.103346825,0,zr,195.7070483,1.8215779,1.16900003,-0.115999997,20230624201481,475,4.0,2.0,21.0,26.1600895,0.0328241698,0.107498772,2.16614935e-05,30,1.28699994,1
475204200005315,237223947,2460126.7401506137,60126.2394792,19.2675667,0.0912235603,0,zr,195.7070995,1.8216734,0.386999995,-0.177000001,20230701239468,475,4.0,2.0,19.8199997,26.0753632,0.0402756818,0.114255756,3.40551233e-05,30,1.69200003,1
475204200005315,237920476,2460133.7047666814,60133.2047685,19.5341835,0.110304043,0,zr,195.7070119,1.8215445,1.00899994,-0.0799999982,20230708204769,475,4.0,2.0,20.3299999,26.2041969,0.0369083472,0.110499449,2.72812467e-05,30,1.53900003,1
475204200005315,250754515,2460262.0407901974,60261.5451505,19.5330124,0.110213429,0,zr,195.7070557,1.8215974,0.670000017,-0.0670000017,20231113545139,475,4.0,2.0,19.8400002,26.0856667,0.0387666225,0.119475178,3.07934315e-05,30,2.74099994,1
475204200005315,253653546,2460291.03335757,60290.535463,19.4574871,0.104493856,0,zr,195.7070561,1.8215964,0.648000002,0.0909999982,20231212535463,475,4.0,2.0,20.9200001,26.164299,0.0274906047,0.110555999,1.50551405e-05,30,1.51699996,1
475204200005315,255753500,2460312.0349299265,60311.535,19.4859581,0.106620632,0,zr,195.7070258,1.8215788,0.523999989,-0.105999999,20240102535000,475,4.0,2.0,20.6599998,26.16679,0.0302975494,0.113359228,1.80849165e-05,30,1.22399998,1
475204200005315,256156930,2460316.0696391826,60315.5693056,19.5492954,0.111479163,0,zr,195.7071025,1.8216039,0.54400003,-0.0500000007,20240106569294,475,4.0,2.0,20.6499996,26.1760616,0.0293447711,0.110496819,1.7181168e-05,30,1.14600003,1
475204200005315,256950611,2460324.007234764,60323.5061111,19.4916229,0.107048027,0,zr,195.7070372,1.8215985,0.998000026,-0.0359999985,20240114506100,475,4.0,2.0,20.7900009,26.1985264,0.0288750082,0.10615433,1.64578578e-05,30,1.21300006,1
475204200005315,257149133,2460325.992649938,60325.491331,19.6855698,0.122514591,0,zr,195.7070424,1.8215769,1.09200001,-0.00300000003,20240116491319,475,4.0,2.0,20.8899994,26.1705055,0.0304724183,0.108891003,1.8320141e-05,30,1.24100006,1
475204200005315,259748101,2460351.9846790847,60351.4810185,19.5375023,0.110561252,0,zr,195.707071,1.8216457,0.495999992,0.00899999961,20240211480995,475,4.0,2.0,20.8099995,26.17136,0.0306505859,0.105666906,1.86728121e-05,30,1.14100003,1
475204200005315,259841944,2460352.9231787072,60352.4194444,19.5849705,0.114292331,0,zr,195.7070826,1.8215787,1.00800002,-0.172999993,20240212419433,475,4.0,2.0,20.8299999,26.1828785,0.0292454269,0.11127308,1.71071188e-05,30,1.23500001,2
475204200005315,260040620,2460354.910090878,60354.4062037,19.4392242,0.103148498,0,zr,195.7070693,1.8215994,0.312000006,0.0529999994,20240214406204,475,4.0,2.0,21.0799999,26.1839657,0.0294816047,0.106952302,1.72776854e-05,30,1.26199996,1
475204200005315,260252547,2460357.0295197354,60356.5254745,19.5218048,0.109348863,0,zr,195.7070825,1.8216106,0.720000029,-0.101000004,20240216525440,475,4.0,2.0,21.2399998,26.13974,0.02842471,0.112281717,1.62068936e-05,30,1.20200002,1
475204200005315,262046532,2460374.9704748294,60374.4653241,19.5319901,0.110134304,0,zr,195.7069785,1.8215263,0.632000029,-0.064000003,20240305465289,475,4.0,2.0,20.5900002,26.2749004,0.0351030156,0.11722143,2.50883368e-05,30,1.17799997,1
475204200005315,263645872,2460390.964459346,60390.4587269,19.599823,0.115479589,0,zr,195.70711,1.8216494,0.384000003,-0.0920000002,20240321458403,475,4.0,2.0,20.4599991,26.1497784,0.0340940505,0.106514096,2.33408591e-05,30,1.28699994,1
475204200005315,264937270,2460403.8786030277,60403.3727083,19.5410156,0.110834055,0,zr,195.7070575,1.8215909,0.663999975,-0.0900000036,20240403372685,475,4.0,2.0,21.2299995,26.1709671,0.0267633386,0.104722708,1.42393164e-05,30,1.15799999,1
475204200005315,265337631,2460407.8822072344,60407.3763194,19.5332642,0.11023289,0,zr,195.7070328,1.8215997,0.515999973,-0.0829999968,20240407375845,475,4.0,2.0,21.0499992,26.1601505,0.0319389515,0.109738097,2.04705357e-05,30,1.18099999,1
475204200005315,265839983,2460412.9056787887,60412.399838,19.6680717,0.121054441,0,zr,195.7070348,1.8216399,0.762000024,-0.0979999974,20240412399826,475,4.0,2.0,21.3600006,26.1059952,0.0317319222,0.10693118,2.0321233e-05,30,1.29200006,1
475204200005315,266224498,2460416.750764719,60416.2449884,19.5315495,0.110100187,0,zr,195.7070594,1.8216506,0.999000013,-0.223000005,20240416244988,475,4.0,2.0,20.7199993,26.1554508,0.0293595772,0.11062222,1.72818345e-05,30,1.23399997,1
475204200005315,266429333,2460418.7990653645,60418.2933333,19.5477409,0.111357816,0,zr,195.7070803,1.8216437,0.542999983,0.0270000007,20240418293264,475,4.0,2.0,20.4300003,26.0686817,0.0354434624,0.103806265,2.51476395e-05,30,1.14300001,1
475204200005315,267625432,2460430.7596693793,60430.2543287,19.6032467,0.115754604,0,zr,195.7070381,1.8216438,1.18700004,-0.125,20240430254329,475,4.0,2.0,21.2800007,26.1781712,0.0312189702,0.10910856,1.95754965e-05,30,1.14600003,1
475204200005315,267831697,2460432.8222302184,60432.3169792,19.5512047,0.111628272,0,zr,195.7071024,1.8216116,1.58099997,-0.0599999987,20240502316979,475,4.0,2.0,21.0799999,26.0621605,0.0353752784,0.118907243,2.49892109e-05,30,1.20000005,1
475204200005315,268324887,2460437.753888774,60437.2488773,19.5509167,0.111605823,0,zr,195.7070718,1.8215906,0.948000014,-0.0439999998,20240507248877,475,4.0,2.0,21.1599998,26.1506824,0.0301689282,0.111322969,1.84968176e-05,30,1.14100003,1
475204200005315,268625638,2460440.7612374253,60440.2563889,19.5017242,0.107813597,0,zr,195.7070614,1.8216725,1.13199997,-0.0379999988,20240510256377,475,4.0,2.0,21.2000008,26.1495285,0.029115757,0.108356453,1.705668e-05,30,1.14400005,1
475204200005315,268823685,2460442.741586439,60442.2368519,19.6536369,0.119859241,0,zr,195.7070158,1.8216407,0.851999998,0.0930000022,20240512236840,475,4.0,2.0,21.4500008,26.1705132,0.0246373061,0.0953778327,1.22110214e-05,30,1.13999999,1
475204200005315,269028273,2460444.787342886,60444.2827315,19.6331768,0.118179873,0,zr,195.7070439,1.8216516,1.05299997,-0.0579999983,20240514282685,475,4.0,2.0,21.0300007,26.1798782,0.0303288475,0.115586311,1.84075889e-05,30,1.19599998,1
475204200005315,269227423,2460446.778722526,60446.2742361,19.5113792,0.108549535,0,zr,195.7070687,1.8215817,0.853999972,-0.0540000014,20240516274236,475,4.0,2.0,20.3999996,26.1422539,0.0361313745,0.118792862,2.64238315e-05,30,1.19000006,1
475204200005315,270331684,2460457.820549769,60457.3168403,19.4847546,0.106529966,0,zr,195.7070953,1.8216209,0.850000024,0.177000001,20240527316829,475,4.0,2.0,20.5100002,26.1054859,0.0343538597,0.116483189,2.36418837e-05,30,1.53400004,1
475204200005315,270535880,2460459.8623594004,60459.3588079,19.5192852,0.109155223,0,zr,195.7070533,1.8216491,0.735000014,-0.0250000004,20240529358796,475,4.0,2.0,20.4799995,26.0056419,0.0341657624,0.122927338,2.34374129e-05,30,2.18199992,1
475204200005315,270728927,2460461.7926693712,60461.2892708,19.4990578,0.107611038,0,zr,195.7070673,1.8215931,0.261999995,-0.0209999997,20240531289259,475,4.0,2.0,21.2099991,26.0657387,0.0288144313,0.105982609,1.66729496e-05,30,1.41199994,1
475204200005315,271729021,2460471.7927745422,60471.2902199,19.6535759,0.119854212,0,zr,195.7070652,1.8214468,0.910000026,-0.0909999982,20240610290197,475,4.0,2.0,20.5799999,26.1089745,0.0410700589,0.124432355,3.41609193e-05,30,1.64300001,1
475204200005315,271923590,2460473.738284668,60473.2359028,19.4483032,0.103815481,0,zr,195.7069568,1.8216682,0.847000003,0.0289999992,20240612235891,475,4.0,2.0,20.6499996,26.1060791,0.0327595621,0.114930481,2.15090331e-05,30,1.30299997,1
475204200005315,272123591,2460475.7381162154,60475.2359144,19.4334831,0.102728613,0,zr,195.7070434,1.8216003,0.356999993,0.0359999985,20240614235903,475,4.0,2.0,20.5,26.1300411,0.0323109813,0.116768628,2.09323225e-05,30,1.32799995,1
475204200005315,272727446,2460481.7761128647,60481.2744676,19.4470253,0.103721365,0,zr,195.7070529,1.8216828,1.01300001,-0.128000006,20240620274456,475,4.0,2.0,19.8099995,26.1095047,0.0400962494,0.117115259,3.25252768e-05,30,1.77600002,1
475204200005315,273118555,2460485.686832166,60485.1855556,19.8065701,0.132937759,0,zr,195.7070127,1.8216799,0.806999981,-0.00899999961,20240624185544,475,4.0,2.0,20.7800007,26.1441631,0.0315185189,0.113277078,1.99388251e-05,30,1.23699999,1
475204200005315,273328144,2460487.7825236027,60487.2814468,19.3127155,0.0942340493,0,zr,195.7070849,1.8216141,0.640999973,0.023,20240626281377,475,4.0,2.0,19.6000004,26.0349598,0.0491735712,0.0960888863,5.39713874e-05,30,2.16300011,1
475204200005315,273527781,2460489.778698026,60489.2778125,19.7131958,0.124844886,0,zr,195.7071026,1.8217274,0.944000006,-0.122000001,20240628277801,475,4.0,2.0,20.2199993,26.0599174,0.0343522653,0.119781166,2.34854106e-05,30,2.20300007,1
475204200005315,274024614,2460494.746552162,60494.2461458,19.5489006,0.111448348,0,zr,195.7070315,1.8215959,0.55400002,-0.0769999996,20240703246146,475,4.0,2.0,20.3600006,26.1095161,0.0367677324,0.116140775,2.73057558e-05,30,1.87600005,1
474201100013251,46328210,2458217.7879851884,58217.2821065,19.6015606,0.113667622,0,zr,195.7070913,1.8217208,0.890999973,-0.114,20180409282106,474,1.0,1.0,21.2099991,26.0489044,0.0256944634,0.103664301,1.26864743e-05,30,1.15999997,1
474201100013251,46425928,2458218.7651529266,58218.2592824,19.7887917,0.128752306,0,zr,195.7070844,1.8217169,0.730000019,0.177000001,20180410259271,474,1.0,1.0,20.6000004,25.7833824,0.0324157178,0.107952513,2.00078048e-05,30,1.19500005,2
474201100013251,46521481,2458219.7206757776,58219.2148148,19.4046173,0.0990504175,0,zr,195.7072213,1.8216633,1.30700004,-0.194000006,20180411214815,474,1.0,1.0,20.5,26.019371,0.032671541,0.105485946,2.04129574e-05,30,1.34300005,2
474201100013251,47027678,2458224.7825674815,58224.2767824,19.5252457,0.107835695,0,zr,195.707179,1.821738,0.569000006,0.0759999976,20180416276782,474,1.0,1.0,20.7000008,26.0043716,0.0280029792,0.109574609,1.51321847e-05,30,1.14699996,1
474201100013251,47030185,2458224.807636503,58224.3018519,19.6147594,0.114696503,0,zr,195.7070245,1.8215607,0.684000015,-0.050999999,20180416301852,474,1.0,1.0,20.0799999,25.6728134,0.0372282304,0.11638096,2.67443666e-05,30,1.14499998,1
474201100013251,47725914,2458231.7647546884,58231.2591435,19.5781384,0.11185623,0,zr,195.7071019,1.8217587,1.30700004,-0.0659999996,20180423259120,474,1.0,1.0,20.8999996,26.0732994,0.0275446307,0.106945165,1.46514039e-05,30,1.14699996,2
474201100013251,49423164,2458248.736519417,58248.2316435,19.520649,0.107491001,0,zr,195.7070836,1.8217119,1.454,-0.0810000002,20180510231285,474,1.0,1.0,21.2600002,26.1000175,0.0250908993,0.0880734846,1.20544173e-05,30,1.14400005,1
474201100013251,50224244,2458256.7468311023,58256.2424421,19.6925354,0.120871864,0,zr,195.7071533,1.8216551,0.619000018,0.0170000009,20180518242431,474,1.0,1.0,20.5699997,26.0604267,0.0290864818,0.112227283,1.60868676e-05,30,1.176,1
474201100013251,50227660,2458256.780995534,58256.2766088,19.4317169,0.100976095,0,zr,195.7070904,1.8217113,0.902999997,-0.115999997,20180518276597,474,1.0,1.0,21.2099991,26.0646305,0.024812622,0.0992246047,1.1776171e-05,30,1.26699996,2
474201100013251,51616721,2458270.6705757394,58270.1672106,19.6125965,0.114527524,0,zr,195.7070319,1.8217686,0.569000006,-0.0419999994,20180601167199,474,1.0,1.0,20.6900005,26.0759258,0.0256919209,0.0939061716,1.26572922e-05,30,1.14400005,1
474201100013251,52019518,2458274.69821892,58274.1951852,19.6004086,0.113578133,0,zr,195.7070954,1.8216634,0.947000027,0.0769999996,20180605195174,474,1.0,1.0,21.1900005,26.0838623,0.0248586088,0.10264536,1.20721706e-05,30,1.17999995,1
474201100013251,52324635,2458277.749127946,58277.2463542,19.6136322,0.114608355,0,zr,195.7070964,1.8216988,0.606000006,-0.0799999982,20180608246343,474,1.0,1.0,21.1299992,26.0063152,0.0258416682,0.104836062,1.27411504e-05,30,1.398,1
474201100013251,52620793,2458280.710454617,58280.2079398,19.4674187,0.10355594,0,zr,195.7071038,1.8216796,0.66900003,-0.0109999999,20180611207905,474,1.0,1.0,21.2700005,26.0665474,0.024549786,0.103071436,1.15782741e-05,30,1.25699997,1
474201100013251,52919038,2458283.6926300167,58283.1903819,19.667654,0.118876047,0,zr,195.7071565,1.8216962,1.13,-0.0329999998,20180614190370,474,1.0,1.0,21.1100006,26.0797653,0.0257090461,0.110312149,1.26775867e-05,30,1.22800004,1
474201100013251,53227909,2458286.781063528,58286.2790972,19.6362228,0.116381787,0,zr,195.7071886,1.8216712,0.56400001,0.0189999994,20180617279086,474,1.0,1.0,20.7999992,26.0189533,0.0293944627,0.108999491,1.65929268e-05,30,2.00200009,1
474201100013251,53823336,2458292.7347785886,58292.2333681,19.6086006,0.114215717,0,zr,195.707125,1.8217301,0.589999974,-0.0670000017,20180623233368,474,1.0,1.0,20.3199997,26.0360126,0.0333640613,0.109396055,2.14591018e-05,30,1.61800003,1
474201100013251,54123292,2458295.7340537477,58295.2329282,19.5887394,0.112673789,0,zr,195.7072266,1.821816,0.684000015,-0.236000001,20180626232917,474,1.0,1.0,20.3400002,26.0213127,0.0338657014,0.108831607,2.20579223e-05,30,1.70000005,1
474201100013251,54425386,2458298.754701849,58298.2538657,19.4671803,0.10353855,0,zr,195.7071638,1.8217518,0.356999993,-0.0939999968,20180629253854,474,1.0,1.0,19.9899998,25.9635353,0.0377531126,0.113467135,2.74100803e-05,30,2.1500001,1
474201100013251,54717421,2458301.674767845,58301.174213,19.6448536,0.117063627,0,zr,195.7071284,1.8217843,0.595000029,-0.0890000015,20180702174190,474,1.0,1.0,20.2999992,26.0338593,0.0321636908,0.0948506594,1.9888912e-05,30,1.36300004,1
474201100013251,68353777,2458438.0335592367,58437.5377778,19.4447517,0.101912349,0,zr,195.7071882,1.8214958,0.896000028,0.0130000003,20181115537535,474,1.0,1.0,19.7800007,25.9441299,0.057934247,0.116195463,6.63407845e-05,30,2.28699994,2
474201100013251,68353874,2458438.034531509,58437.53875,19.7551861,0.125974268,0,zr,195.7071418,1.8216942,0.524999976,-0.134000003,20181115538715,474,1.0,1.0,19.9699993,25.9575634,0.0402075499,0.112953737,3.13484161e-05,30,2.26399994,2
474201100013251,68353972,2458438.0355037875,58437.5397222,19.6471558,0.117245868,0,zr,195.706966,1.8218624,0.698000014,0.200000003,20181115539676,474,1.0,1.0,19.8099995,25.9505405,0.0463724136,0.122710787,4.19922544e-05,30,2.2420001,2
474201100013251,68453863,2458439.0344802137,58438.5386343,19.4176788,0.0999750346,0,zr,195.7070657,1.8216541,1.199,-0.115999997,20181116538623,474,1.0,1.0,20.4899998,25.9471912,0.0335956961,0.108088419,2.17955076e-05,30,2.20499992,2
474201100013251,68454004,2458439.0358922966,58438.5400463,19.5020542,0.106104508,0,zr,195.7072377,1.8216261,0.787,-0.0920000002,20181116540023,474,1.0,1.0,20.2299995,25.9375439,0.0360142738,0.114654668,2.50954818e-05,30,2.17499995,2
474201100013251,68454290,2458439.038751297,58438.5429051,19.5662518,0.110944159,0,zr,195.7070494,1.8216449,0.83099997,-0.0149999997,20181116542894,474,1.0,1.0,20.3500004,25.9487228,0.034701407,0.115162164,2.32680268e-05,30,2.11599994,2
474201100013251,68454484,2458439.0406958214,58438.5448495,19.3937073,0.0982831866,0,zr,195.7071612,1.8216911,1.074,-0.143000007,20181116544838,474,1.0,1.0,20.4599991,25.9481678,0.0328307599,0.106199056,2.08080328e-05,30,2.07800007,2
474201100013251,68554289,2458440.038805431,58439.5428935,19.403717,0.0989869535,0,zr,195.7071696,1.8219108,0.56400001,-0.237000003,20181117542836,474,1.0,1.0,19.8400002,25.4941235,0.04646229,0.129991144,4.25912222e-05,30,2.06299996,2
474201100013251,68554961,2458440.045530484,58439.5496181,19.4600124,0.103016771,0,zr,195.7070883,1.8217438,0.40200001,-0.0219999999,20181117549560,474,1.0,1.0,20.1900005,25.7063541,0.0410462692,0.108232051,3.23999666e-05,30,1.94700003,2
474201100013251,68555298,2458440.0488987127,58439.5529861,19.6632347,0.118523523,0,zr,195.7070716,1.8217539,0.694999993,-0.0780000016,20181117552928,474,1.0,1.0,20.3600006,25.8305397,0.0347176045,0.104331635,2.30376609e-05,30,1.89400005,2
474201100013251,68854208,2458443.038200065,58442.5420833,19.4187965,0.100054413,0,zr,195.7071627,1.8217159,0.449000001,0.0270000007,20181120542072,474,1.0,1.0,20.3799992,25.7820072,0.0541529395,0.119588979,5.58014945e-05,30,1.93599999,2
474201100013251,68855677,2458443.0528886127,58442.5567708,19.6334667,0.11616455,0,zr,195.707086,1.8216217,0.547999978,-0.0370000005,20181120556748,474,1.0,1.0,20.4899998,25.9095058,0.0316471159,0.106078833,1.89930524e-05,30,1.73300004,2
474201100013251,68954402,2458444.0402155085,58443.5440278,19.5920753,0.112931803,0,zr,195.7070524,1.8217017,1.23199999,0.0549999997,20181121544005,474,1.0,1.0,20.8299999,26.0103607,0.0284399483,0.101439804,1.56216247e-05,30,1.86500001,2
474201100013251,68954883,2458444.0450190543,58443.548831,19.4734459,0.103996217,0,zr,195.7070868,1.8216995,0.624000013,-0.122000001,20181121548808,474,1.0,1.0,20.8199997,26.0126724,0.0277656037,0.106650405,1.47380661e-05,30,1.79799998,2
474201100013251,68955363,2458444.0498226983,58443.5536343,19.5896816,0.112746611,0,zr,195.7071426,1.8216811,0.647000015,0.0320000015,20181121553611,474,1.0,1.0,20.6700001,26.0298424,0.0318657383,0.100109026,1.94462245e-05,30,1.73800004,2
474201100013251,68955844,2458444.054637849,58443.5584491,19.6132107,0.114575483,0,zr,195.7071174,1.8216829,0.465000004,-0.0860000029,20181121558438,474,1.0,1.0,20.2099991,26.0313282,0.0350026004,0.10611245,2.32893126e-05,30,1.68299997,2
474201100013251,69451618,2458449.0127379396,58448.5161806,19.7320347,0.12407662,0,zr,195.7070344,1.8217266,0.379000008,-0.156000003,20181126516181,474,1.0,1.0,19.7999992,25.9804649,0.0417231582,0.0969276279,3.40830702e-05,30,2.10500002,1
474201100013251,71152089,2458466.0189029006,58465.5208912,19.8127937,0.130751893,0,zr,195.7070806,1.8215205,0.584999979,0.165999994,20181213520880,474,1.0,1.0,20.3799992,26.0982189,0.0357555263,0.112754621,2.45863084e-05,30,1.48000002,1
474201100013251,71452408,2458469.0223781606,58468.5240856,19.3720226,0.0967720523,0,zr,195.7070976,1.8216753,0.541999996,0.0549999997,20181216524086,474,1.0,1.0,20.9899998,26.05266,0.0282285195,0.101592921,1.539605e-05,30,1.40499997,1
474201100013251,72248831,2458476.9873705544,58476.4883102,19.3282089,0.093775034,0,zr,195.7070821,1.8216821,0.430000007,-0.0179999992,20181224488299,474,1.0,1.0,20.4400005,26.0667706,0.0282293987,0.0960027426,1.54087575e-05,30,1.49899995,1
474201100013251,73754657,2458492.047134081,58491.5465741,19.4638405,0.103295162,0,zr,195.7070334,1.8217378,1.255,-0.061999999,20190108546562,474,1.0,1.0,20.5100002,26.053997,0.0296658594,0.101438127,1.67052513e-05,30,1.14600003,1
474201100013251,73949319,2458493.993948507,58493.4931944,19.5082893,0.106567986,0,zr,195.7070911,1.8216677,1.07700002,0.0879999995,20190110493194,474,1.0,1.0,21.4400005,26.066124,0.0247569848,0.101346388,1.16453766e-05,30,1.227,1
474201100013251,74852278,2458503.0244311867,58502.5227894,19.6244278,0.11545375,0,zr,195.7070988,1.8216229,0.869000018,0.00800000038,20190119522789,474,1.0,1.0,20.5499992,26.083128,0.0288894065,0.107390501,1.59138672e-05,30,1.14300001,1
474201100013251,75754165,2458512.044146428,58511.5416551,19.461729,0.103141561,0,zr,195.7070261,1.8216756,1.08899999,-0.178000003,20190128541644,474,1.0,1.0,20.2700005,25.9934521,0.0305848736,0.0784096271,1.81058349e-05,30,1.171,1
474201100013251,77046108,2458524.96469035,58524.461088,19.5119019,0.106837258,0,zr,195.7070905,1.8216419,1.07200003,0.0810000002,20190210461076,474,1.0,1.0,20.9300003,26.043148,0.0257050414,0.117669255,1.27383819e-05,30,1.14400005,1
474201100013251,78535572,2458539.860390942,58539.3557292,19.2403107,0.0879921615,0,zr,195.7071562,1.8217038,0.592000008,-0.0250000004,20190225355637,474,1.0,1.0,20.3999996,25.7387962,0.0334426649,0.0958838463,2.14546253e-05,30,1.26600003,1
474201100013251,79331212,2458547.817237509,58547.3121296,19.6030731,0.113785245,0,zr,195.7071262,1.8216555,0.943000019,-0.157000005,20190305312130,474,1.0,1.0,21.1599998,26.0363655,0.0237476062,0.104734696,1.07729866e-05,30,1.36500001,1
474201100013251,82631465,2458580.820544168,58580.3146528,19.7566967,0.126098633,0,zr,195.7071135,1.8216212,0.460000008,0.114,20190407314387,474,1.0,1.0,20.8299999,26.0473976,0.0286689084,0.111431971,1.57453924e-05,30,1.14199996,1
474201100013251,82929827,2458583.8041478754,58583.2982755,19.5696335,0.111203156,0,zr,195.7070308,1.821778,1.26900005,0.0979999974,20190410298183,474,1.0,1.0,20.2299995,25.9975796,0.0350498222,0.111520082,2.34309191e-05,30,1.14400005,1
474201100013251,83525569,2458589.7614842677,58589.2556944,19.7461472,0.125231743,0,zr,195.7070717,1.8216325,0.939999998,-0.0860000029,20190416255637,474,1.0,1.0,20.0,25.9842377,0.0374185182,0.0896004885,2.73369296e-05,30,1.171,1
474201100013251,84227310,2458596.778720226,58596.2731019,19.4040871,0.0990130007,0,zr,195.7070756,1.8216431,1.07799995,-0.0659999996,20190423273102,474,1.0,1.0,20.6900005,26.0322018,0.0271376446,0.108688921,1.41726014e-05,30,1.14199996,1
474201100013251,84627524,2458600.780728547,58600.2752431,19.5914326,0.112882078,0,zr,195.7071089,1.8216695,1.14300001,0.0430000015,20190427275231,474,1.0,1.0,21.1000004,26.025732,0.027901331,0.116416268,1.49902753e-05,30,1.14600003,1
474201100013251,85220944,2458606.714687472,58606.2094444,19.6270103,0.115656599,0,zr,195.707102,1.8217034,1.17999995,0.0729999989,20190503209444,474,1.0,1.0,21.5100002,25.9901752,0.0245889276,0.103436939,1.18504477e-05,30,1.171,1
474201100013251,85821067,2458612.7156165973,58612.2106713,19.4135227,0.0996800736,0,zr,195.7071026,1.821604,0.620999992,-0.0489999987,20190509210671,474,1.0,1.0,21.0599995,25.9822655,0.0250658505,0.100054465,1.23657383e-05,30,1.14900005,1
474201100013251,87920484,2458633.708390916,58633.2048495,19.5925255,0.112966686,0,zr,195.7070833,1.8216543,0.827000022,0.0209999997,20190530204850,474,1.0,1.0,21.2700005,25.9982796,0.025902709,0.103871055,1.31169081e-05,30,1.16600001,3
474201100013251,88025506,2458634.7585278284,58634.2550694,19.5108147,0.106756181,0,zr,195.7070798,1.8216552,0.792999983,-0.122000001,20190531255058,474,1.0,1.0,21.3600006,25.9433575,0.0241577066,0.101627678,1.15563498e-05,30,1.32099998,1
474201100013251,88025597,2458634.7594305603,58634.2559722,19.49757,0.105771996,0,zr,195.7071127,1.8216117,0.89200002,0.00300000003,20190531255972,474,1.0,1.0,21.3400002,25.9420891,0.024406828,0.106264912,1.17129175e-05,30,1.32500005,3
474201100013251,88123212,2458635.7355099195,58635.2321296,19.503643,0.10622251,0,zr,195.7071015,1.8216837,0.676999986,-0.0299999993,20190601232106,474,1.0,1.0,21.6200008,25.9901733,0.025655074,0.104776867,1.30284134e-05,30,1.24100006,3
474201100013251,88319134,2458637.6945636696,58637.1913426,19.4108906,0.0994936377,0,zr,195.7071136,1.821611,0.411000013,0.00800000038,20190603191308,474,1.0,1.0,21.4899998,25.9665794,0.0238849912,0.0973632857,1.11070385e-05,30,1.16199994,1
474201100013251,88621509,2458640.7180613726,58640.2150926,19.5862961,0.112484984,0,zr,195.7070754,1.8216633,1.25899994,0.159999996,20190606215093,474,1.0,1.0,21.1399994,25.9692478,0.0259207916,0.106408462,1.29478312e-05,30,1.23099995,1
474201100013251,88923622,2458643.7389363847,58643.2362269,19.3565979,0.0957082659,0,zr,195.7071351,1.8216274,0.713,0.0890000015,20190609236181,474,1.0,1.0,20.8500004,26.0029125,0.027006818,0.113940865,1.41365426e-05,30,1.34899998,1
474201100013251,89323351,2458647.7358750906,58647.2335185,19.560751,0.110523671,0,zr,195.7071236,1.8215784,1.04900002,0.0759999976,20190613233495,474,1.0,1.0,20.0400009,25.9991913,0.0404270031,0.103743464,3.13096061e-05,30,1.39499998,1
474201100013251,90417679,2458658.678139436,58658.176794,19.6297741,0.115873829,0,zr,195.7071062,1.8216398,0.335999995,-0.0179999992,20190624176794,474,1.0,1.0,21.0900002,25.9840889,0.0256075636,0.0944730118,1.27840722e-05,30,1.26699996,1
474201100013251,90719459,2458661.6956529617,58661.1945949,19.435276,0.101231046,0,zr,195.7071099,1.8216712,0.828999996,-0.0930000022,20190627194583,474,1.0,1.0,21.0300007,25.9915752,0.0268458873,0.104248039,1.39539816e-05,30,1.39100003,1
474201100013251,92219196,2458676.691578191,58676.1919676,19.5283699,0.108070433,0,zr,195.707103,1.8216943,0.763999999,-0.114,20190712191944,474,1.0,1.0,20.25,25.9602108,0.0337552726,0.101593331,2.21635564e-05,30,1.71300006,1
474201100013251,104353493,2458798.0303958454,58797.5349306,19.261034,0.0893278345,0,zr,195.7071632,1.8216167,0.841000021,-0.0399999991,20191110534688,474,1.0,1.0,19.6800003,25.7527771,0.0438786559,0.109154023,3.85620915e-05,30,2.727,2
474201100013251,104353995,2458798.0354192387,58797.5399537,19.555748,0.110142276,0,zr,195.7070928,1.8216418,0.483999997,-0.0439999998,20191110539907,474,1.0,1.0,20.1100006,25.7615948,0.0415843315,0.117601857,3.3303877e-05,30,2.55900002,2
474201100013251,104354499,2458798.0404658276,58797.545,19.3318596,0.094021827,0,zr,195.7072326,1.8217887,0.72299999,-0.0810000002,20191110544954,474,1.0,1.0,20.0599995,25.7928047,0.0409556925,0.113090664,3.25294604e-05,30,2.41300011,2
474201100013251,104355004,2458798.0455124266,58797.5500463,19.265667,0.0896287486,0,zr,195.7070096,1.8217243,0.575999975,-0.136999995,20191110550000,474,1.0,1.0,19.9799995,25.8187504,0.038982749,0.109001607,2.92568002e-05,30,2.28399992,2
474201100013251,104554245,2458800.0380350132,58799.5424537,19.440464,0.101603635,0,zr,195.7070804,1.8215236,0.703000009,0.150999993,20191112542407,474,1.0,1.0,19.6100006,25.8608952,0.0434573144,0.0983504653,4.12727932e-05,30,2.33699989,2
474201100013251,104555238,2458800.0479662186,58799.5523843,19.0706196,0.077698268,0,zr,195.7070697,1.8216796,0.425999999,-0.0370000005,20191112552338,474,1.0,1.0,19.3500004,25.8850632,0.052862417,0.115157045,6.69923102e-05,30,2.11299992,2
474201100013251,105154785,2458806.043820325,58805.5478588,19.4958477,0.105644569,0,zr,195.7070773,1.8217279,0.555000007,0.101999998,20191118547801,474,1.0,1.0,19.6900005,25.739645,0.045343522,0.10347192,4.07408879e-05,30,1.90499997,2
474201100013251,107456841,2458829.066223129,58828.5684144,19.4211311,0.100220516,0,zr,195.7071089,1.8217068,0.486999989,0.126000002,20191211568414,474,1.0,1.0,20.3600006,26.1233711,0.032666672,0.102739841,2.05714623e-05,30,1.25,1
474201100013251,109652064,2458851.0205795676,58850.5206481,19.5882092,0.112632789,0,zr,195.7069049,1.8216273,0.985000014,-0.104000002,20200102520625,474,1.0,1.0,20.3500004,26.1265736,0.0333075672,0.109090798,2.16523567e-05,30,1.21300006,1
474201100013251,110639718,2458860.8981048125,58860.3971875,19.5909042,0.112841219,0,zr,195.707129,1.8214159,0.5,-0.162,20200112397130,474,1.0,1.0,19.4099998,26.0322323,0.0404447988,0.113757178,3.67651301e-05,30,1.91299999,1
474201100013251,112150209,2458876.004467359,58875.5020949,19.6860065,0.120346375,0,zr,195.7070191,1.8217194,1.16700006,-0.0560000017,20200127502095,474,1.0,1.0,20.6299992,26.1344585,0.0282343198,0.0948714167,1.54064128e-05,30,1.14199996,1
474201100013251,113051853,2458885.021703346,58884.5185301,19.7143517,0.122636564,0,zr,195.7071036,1.8217063,0.805000007,-0.128999993,20200205518507,474,1.0,1.0,20.4699993,26.1215,0.0305840448,0.101308301,1.8047187e-05,30,1.16799998,1
474201100013251,114046271,2458894.9666884067,58894.4627199,19.6114864,0.114440769,0,zr,195.707069,1.8216582,0.699000001,-0.0949999988,20200215462720,474,1.0,1.0,20.9500008,26.1313839,0.0261139777,0.0993286818,1.30413491e-05,30,1.14199996,1
474201100013251,114435850,2458898.8627569787,58898.3585069,19.5133686,0.106946647,0,zr,195.7070839,1.8216362,0.763000011,0.00499999989,20200219358507,474,1.0,1.0,21.4200001,26.0840836,0.0257961154,0.102314316,1.29594682e-05,30,1.32700002,1
474201100013251,114739765,2458901.9021072043,58901.3976505,19.5362206,0.10866183,0,zr,195.7071349,1.8216502,0.781000018,-0.0820000023,20200222397650,474,1.0,1.0,21.2000008,26.102663,0.0260809418,0.102461115,1.31842917e-05,30,1.17700005,1
474201100013251,115047464,2458904.979294715,58904.4746412,19.4053841,0.0991044939,0,zr,195.707126,1.8216664,1.02499998,-0.125,20200225474630,474,1.0,1.0,20.7600002,26.1128063,0.0282679722,0.104830742,1.53156343e-05,30,1.18700004,1
474201100013251,115445465,2458908.9595415005,58908.4546528,19.5527668,0.109915376,0,zr,195.7071201,1.8216337,1.08700001,-0.158999994,20200229454653,474,1.0,1.0,21.3700008,26.1212139,0.0251364205,0.0987746119,1.22065248e-05,30,1.16999996,1
474201100013251,115744863,2458911.9536849237,58911.4486343,19.7432156,0.12499138,0,zr,195.7070526,1.8216527,1.30200005,-0.245000005,20200303448623,474,1.0,1.0,20.8199997,26.0993977,0.0277580172,0.100361437,1.50258684e-05,30,1.17400002,1
474201100013251,118239931,2458936.905172343,58936.3993171,19.4729824,0.103962302,0,zr,195.70708,1.8216611,1.10899997,-0.0320000015,20200328399039,474,1.0,1.0,21.2099991,26.0832901,0.0251033772,0.0975058302,1.22096171e-05,30,1.21599996,1
474201100013251,120025444,2458954.760239289,58954.2544444,19.6698837,0.119054191,0,zr,195.7071098,1.8216688,1.59800005,0.207000002,20200415254421,474,1.0,1.0,21.2099991,26.0632286,0.027215356,0.107103691,1.43555562e-05,30,1.17400002,1
474201100013251,120127006,2458955.7758448776,58955.2700694,19.4331856,0.101081267,0,zr,195.7070736,1.8216301,1.05999994,-0.187000006,20200416270046,474,1.0,1.0,20.9799995,26.0865974,0.0251429807,0.1080468,1.2221748e-05,30,1.14999998,1
474201100013251,120827847,2458962.7840678617,58962.2784722,19.4199276,0.100134857,0,zr,195.7071095,1.8216526,0.771000028,-0.0540000014,20200423278472,474,1.0,1.0,21.2199993,26.09132,0.023887096,0.102605678,1.10809406e-05,30,1.14300001,1
474201100013251,121129078,2458965.7962812525,58965.290787,19.4253769,0.100523002,0,zr,195.7070968,1.8216433,0.723999977,0.0130000003,20200426290787,474,1.0,1.0,21.3099995,26.0948582,0.0231938306,0.0987292007,1.03323373e-05,30,1.15900004,1
474201100013251,121420131,2458968.706702303,58968.2013194,19.5198936,0.107434489,0,zr,195.7070893,1.8216266,1.20099998,-0.0460000001,20200429201296,474,1.0,1.0,21.2999992,26.1038685,0.0230684876,0.105278902,1.03740458e-05,30,1.20500004,1
474201100013251,121721344,2458971.718703347,58971.2134491,19.4553413,0.102677733,0,zr,195.7071238,1.8216519,0.442000002,-0.0540000014,20200502213449,474,1.0,1.0,20.8199997,26.1337357,0.026896568,0.100146458,1.40203911e-05,30,1.16499996,1
474201100013251,122138310,2458975.8881561896,58975.3831019,19.3952522,0.0983915478,0,zr,195.7071246,1.8216429,0.726999998,-0.54400003,20200506383021,474,1.0,1.0,19.5200005,26.0957584,0.0473993421,0.104513198,5.05878852e-05,30,1.84500003,1
474201100013251,122425467,2458978.759578415,58978.2546759,19.5774708,0.111804865,0,zr,195.7071035,1.8216571,0.791999996,-0.0920000002,20200509254676,474,1.0,1.0,20.7700005,26.1116924,0.027810039,0.0932409838,1.49016951e-05,30,1.15799999,1
474201100013251,123823287,2458992.7368813013,58992.2328704,19.6098194,0.114310727,0,zr,195.707068,1.821696,0.867999971,0.023,20200523232870,474,1.0,1.0,21.5300007,26.1062603,0.0239283349,0.0960039571,1.10692026e-05,30,1.18400002,1
474201100013251,124124685,2458995.750640501,58995.2468519,19.5989933,0.113468133,0,zr,195.7070529,1.8216693,0.351000011,0.0270000007,20200526246840,474,1.0,1.0,21.2000008,26.1072693,0.0236637816,0.0963847414,1.09290331e-05,30,1.24199998,1
474201100013251,124423129,2458998.7348555923,58998.2312963,19.6228313,0.115328506,0,zr,195.7071146,1.8216449,1.42400002,0.061999999,20200529231296,474,1.0,1.0,21.2700005,26.1048851,0.0246087555,0.102165848,1.18303969e-05,30,1.22000003,1
474201100013251,125517091,2459009.673565174,59009.1709144,19.6645737,0.118630245,0,zr,195.7072482,1.8216694,1.65499997,0.0219999999,20200609170914,474,1.0,1.0,20.2999992,26.1638145,0.0301868692,0.102090098,1.76414487e-05,30,1.15900004,1
474201100013251,126323479,2459017.7367172935,59017.2347917,19.5997658,0.113528132,0,zr,195.7070749,1.8216538,1.02100003,-0.165000007,20200617234780,474,1.0,1.0,21.3700008,26.1243114,0.0232686363,0.0987762362,1.06356174e-05,30,1.49100006,1
474201100013251,126623591,2459020.737561061,59020.2359144,19.5394688,0.108907163,0,zr,195.7071127,1.8216661,0.354000002,0.00700000022,20200620235914,474,1.0,1.0,21.2900009,26.066679,0.0246005356,0.103429876,1.17211575e-05,30,1.56799996,1
474201100013251,128521230,2459039.7121299556,59039.2123032,19.5293789,0.108146362,0,zr,195.707084,1.8216439,0.296999991,-0.0260000005,20200709212292,474,1.0,1.0,21.1100006,26.1052189,0.0222906861,0.105961278,9.68155928e-06,30,1.903,1
474201100013251,128822925,2459042.7287951675,59042.2292593,19.4654999,0.103416026,0,zr,195.7070848,1.8217254,0.589999974,0.0579999983,20200712229248,474,1.0,1.0,20.4500008,25.9243183,0.0329043791,0.119204201,2.10168473e-05,30,2.4230001,1
474201100013251,140953957,2459164.03507944,59163.5395718,19.4829903,0.104696184,0,zr,195.7070601,1.8216984,0.647000015,-0.0879999995,20201110539572,474,1.0,1.0,20.2099991,26.0129852,0.0474290736,0.106297962,4.37084309e-05,30,2.50300002,2
474201100013251,140954424,2459164.039755607,59163.5442477,19.5281334,0.108052693,0,zr,195.707219,1.8217017,0.741999984,-0.0599999987,20201110544248,474,1.0,1.0,20.0400009,26.0360031,0.0455374569,0.119353049,4.01183643e-05,30,2.37299991,2
474201100013251,140954893,2459164.0444433857,59163.5489352,19.2024803,0.0855980814,0,zr,195.7070504,1.8215738,0.527999997,-0.0410000011,20201110548935,474,1.0,1.0,19.8500004,26.0531921,0.0514045618,0.116107605,5.10341233e-05,30,2.25699997,2
474201100013251,141153717,2459166.032801139,59165.5371759,19.479948,0.104472697,0,zr,195.7069683,1.8216923,0.451000005,0.075000003,20201112537164,474,1.0,1.0,20.4799995,26.0182037,0.0299737472,0.106840856,1.7326076e-05,30,2.41700006,2
474201100013251,141154184,2459166.0374658178,59165.5418403,19.6318874,0.116040163,0,zr,195.7071081,1.8216517,1.38,-0.0790000036,20201112541840,474,1.0,1.0,20.3600006,26.0370903,0.0309805069,0.10578981,1.8623612e-05,30,2.296,2
474201100013251,141154651,2459166.042142005,59165.5465162,19.7410736,0.124815866,0,zr,195.7070915,1.8216366,0.958000004,-0.179000005,20201112546516,474,1.0,1.0,20.4300003,26.0531845,0.0354266763,0.103321381,2.42479036e-05,30,2.18899989,2
474201100013251,141155119,2459166.046818194,59165.5511921,19.5710144,0.111309007,0,zr,195.7071074,1.8217061,0.542999983,-0.00899999961,20201112551192,474,1.0,1.0,20.0900002,26.0850468,0.0326700844,0.106795289,2.05284123e-05,30,2.09299994,2
474201100013251,141353662,2459168.0323689296,59167.5366204,19.5258179,0.107878663,0,zr,195.7070677,1.821724,1.40999997,-0.174999997,20201114536609,474,1.0,1.0,19.9300003,26.0491104,0.0357058719,0.107282907,2.50009689e-05,30,2.29099989,2
474201100013251,141354136,2459168.037114522,59167.5413657,19.4103088,0.0994524658,0,zr,195.7071818,1.8215305,0.303000003,0.0500000007,20201114541354,474,1.0,1.0,19.9099998,26.0565281,0.0377344191,0.113196298,2.75801758e-05,30,2.18199992,2
474201100013251,141355085,2459168.0466059474,59167.5508565,19.1918163,0.0849335715,0,zr,195.706919,1.8216067,0.952000022,-0.0199999996,20201114550856,474,1.0,1.0,19.5300007,26.091835,0.0451668724,0.0986807123,4.37037888e-05,30,1.99800003,2
474201100013251,141554008,2459170.035958533,59169.540081,19.5859146,0.112455532,0,zr,195.7069912,1.8214971,1.25399995,-0.317999989,20201116540081,474,1.0,1.0,19.8799992,26.0741673,0.0396316387,0.109372139,3.01875534e-05,30,2.09599996,2
474201100013251,141554476,2459170.0406463393,59169.5447685,19.3210106,0.0932899266,0,zr,195.7071358,1.8215162,0.690999985,0.114,20201116544757,474,1.0,1.0,19.8600006,26.0832367,0.038779866,0.111792095,2.91645702e-05,30,2.00900006,2
474201100013251,141755371,2459172.0497278525,59171.5537153,19.5059757,0.1063959,0,zr,195.7070431,1.8218049,0.35800001,0.0189999994,20201118553715,474,1.0,1.0,20.1900005,26.1070671,0.0335947201,0.113917656,2.1672271e-05,30,1.78900003,2
474201100013251,141955964,2459174.0557933697,59173.5596412,19.2005405,0.0854768679,0,zr,195.7071045,1.8216103,0.360000014,-0.063000001,20201120559630,474,1.0,1.0,19.6299992,25.7175865,0.0435446799,0.0946858078,4.1033014e-05,30,1.65499997,2
474201100013251,143050576,2459185.002760266,59184.5057639,19.7176228,0.122902319,0,zr,195.7070459,1.8216506,0.753000021,-0.321999997,20201201505752,474,1.0,1.0,19.9699993,26.0741482,0.0364752747,0.112901203,2.55225859e-05,30,1.97599995,1
474201100013251,143451118,2459189.008516772,59188.5111806,19.5407124,0.10900116,0,zr,195.7071202,1.8216101,0.521000028,-0.122000001,20201205511181,474,1.0,1.0,20.3999996,26.1308537,0.0329724886,0.0989896059,2.07899593e-05,30,1.74000001,1
474201100013251,144051422,2459195.012095939,59194.5142245,19.4463539,0.102027878,0,zr,195.7070344,1.8216151,1.11199999,0.119999997,20201211514225,474,1.0,1.0,20.8099995,26.0910435,0.0276994258,0.107129954,1.47288711e-05,30,1.54100001,1
474201100013251,144251173,2459197.0097917216,59196.5117361,19.3930569,0.0982375592,0,zr,195.7069235,1.821505,0.523999989,0.050999999,20201213511736,474,1.0,1.0,20.1299992,26.1201401,0.0329743885,0.113407366,2.08758174e-05,30,1.51600003,1
474201100013251,144551890,2459200.017238302,59199.5189005,19.6717205,0.11920096,0,zr,195.7071478,1.8216282,0.838,-0.120999999,20201216518900,474,1.0,1.0,20.2800007,26.1330147,0.0335734934,0.109368064,2.15625532e-05,30,1.40699995,1
474201100013251,144854261,2459203.0412424514,59202.5426157,19.6053791,0.113964662,0,zr,195.707143,1.8217518,0.917999983,-0.108999997,20201219542581,474,1.0,1.0,20.3199997,26.1508865,0.0363430083,0.110457897,2.51369984e-05,30,1.255,1
474201100013251,145050613,2459205.004951022,59204.5061343,19.7409363,0.124804638,0,zr,195.7070637,1.8216162,0.953000009,-0.0390000008,20201221506134,474,1.0,1.0,21.0499992,26.1354103,0.0292344354,0.104248919,1.62902725e-05,30,1.40199995,1
474201100013251,146251414,2459217.0141484253,59216.5141435,19.3931274,0.0982425734,0,zr,195.7070465,1.8216713,0.921999991,-0.210999995,20210102514144,474,1.0,1.0,20.0499992,26.0099163,0.0451212488,0.0976016968,3.92110633e-05,30,1.22399998,1
474201100013251,146744805,2459221.948554003,59221.4480556,19.4400616,0.101574749,0,zr,195.7070377,1.8216553,1.26600003,-0.128999993,20210107448056,474,1.0,1.0,20.5599995,26.1086731,0.0291644018,0.105174616,1.62291271e-05,30,1.48099995,1
474201100013251,146948256,2459223.9832708966,59223.4825694,19.5774746,0.111805156,0,zr,195.7070827,1.8216163,0.483999997,-0.108000003,20210109482558,474,1.0,1.0,20.6000004,26.1468067,0.0273741242,0.111242488,1.43433617e-05,30,1.26499999,1
474201100013251,147337943,2459227.8805212104,59227.3794329,19.5895691,0.112737939,0,zr,195.7071127,1.8217308,0.39199999,0.0299999993,20210113379433,474,1.0,1.0,20.75,25.997839,0.0299812276,0.105254523,1.70512667e-05,30,2.14299989,1
474201100013251,147748351,2459231.9850096446,59231.4835185,19.6104431,0.114359364,0,zr,195.7071188,1.8216768,0.81099999,-0.0960000008,20210117483507,474,1.0,1.0,21.2199993,26.1454716,0.0254950225,0.103225596,1.23140326e-05,30,1.19700003,1
474201100013251,149452354,2459249.0266075977,59248.5235417,19.8798027,0.13639158,0,zr,195.7070599,1.821639,0.957000017,-0.0659999996,20210203523438,474,1.0,1.0,20.6900005,26.1695995,0.027397614,0.0993205309,1.44341893e-05,30,1.16900003,1
474201100013251,149642031,2459250.923540179,59250.4203125,19.6160393,0.114796601,0,zr,195.7070782,1.8216612,0.786000013,-0.0610000007,20210205420312,474,1.0,1.0,20.7199993,26.1579647,0.0296910871,0.0991668701,1.68252154e-05,30,1.227,1
474201100013251,149833239,2459252.8357831095,59252.3323958,19.4145927,0.0997559726,0,zr,195.7070841,1.8216488,0.541999996,0.0149999997,20210207332373,474,1.0,1.0,21.1800003,26.074892,0.0242496766,0.111529939,1.12772768e-05,30,1.79200006,1
474201100013251,150242208,2459256.925799906,59256.4220833,19.4596367,0.102989495,0,zr,195.707106,1.8216531,1.57299995,0.0890000015,20210211422072,474,1.0,1.0,21.5300007,26.1560574,0.0241304412,0.100141048,1.1087458e-05,30,1.18200004,1
474201100013251,150639997,2459260.9039961738,59260.3999769,19.5605717,0.110510021,0,zr,195.7070714,1.8216529,0.662,-0.156000003,20210215399954,474,1.0,1.0,20.3400002,25.620966,0.0376071483,0.106497139,2.74485701e-05,30,1.20700002,1
474201100013251,151137353,2459265.8779011844,59265.3735301,19.7370663,0.124487802,0,zr,195.7070889,1.8216691,1.11699998,0.226999998,20210220373530,474,1.0,1.0,20.9799995,26.1580963,0.0252061449,0.105837941,1.22755137e-05,30,1.245,1
474201100013251,151341820,2459267.9227126213,59267.418206,19.6874237,0.120460346,0,zr,195.7071318,1.8216837,0.873000026,-0.0879999995,20210222418137,474,1.0,1.0,20.5799999,26.1884117,0.0365578271,0.0945431516,2.55965278e-05,30,1.14699996,1
474201100013251,151537392,2459269.8785546473,59269.3739236,19.6307259,0.115948766,0,zr,195.7070744,1.8216185,1.19799995,-0.103,20210224373924,474,1.0,1.0,20.8299999,26.1558342,0.0267016422,0.0990137458,1.38768319e-05,30,1.21099997,1
474201100013251,152237849,2459276.883528702,59276.3784954,19.5555592,0.110127851,0,zr,195.7071741,1.821713,0.797999978,0.00800000038,20210303378484,474,1.0,1.0,20.2399998,26.1486588,0.03324176,0.110895455,2.10501894e-05,30,1.16299999,1
474201100013251,152728829,2459281.793571231,59281.2882986,19.6533375,0.117736161,0,zr,195.7071508,1.8217646,0.787999988,-0.0710000023,20210308288299,474,1.0,1.0,20.5599995,25.8337078,0.0501508825,0.113244221,4.77905596e-05,30,1.45200002,1
474201100013251,153734946,2459291.855113064,59291.3494676,19.4280186,0.100711592,0,zr,195.7070171,1.8216935,1.04900002,-0.159999996,20210318349456,474,1.0,1.0,21.1700001,26.143837,0.0236063357,0.101671509,1.07783962e-05,30,1.14900005,1
474201100013251,154235728,2459296.8630494946,59296.3572801,19.4246292,0.100469694,0,zr,195.7070305,1.8218277,0.67900002,0.0260000005,20210323357280,474,1.0,1.0,20.0900002,26.0984459,0.0357669741,0.109700799,2.45787451e-05,30,1.13999999,1
474201100013251,154437803,2459298.883839963,59298.3780324,19.5512619,0.109800905,0,zr,195.7070559,1.8216598,0.588999987,-0.0410000011,20210325378032,474,1.0,1.0,19.9099998,25.8114777,0.0371665582,0.0981791764,2.72337875e-05,30,1.15600002,1
474201100013251,155031958,2459304.8254634286,59304.3195833,19.5468655,0.109467112,0,zr,195.7070476,1.8215674,0.714999974,0.00700000022,20210331319572,474,1.0,1.0,19.9300003,26.1060925,0.0417665876,0.104375742,3.34208889e-05,30,1.14499998,3
474201100013251,155129875,2459305.8046363834,59305.29875,19.6976318,0.121282876,0,zr,195.7071101,1.8216581,1.15400004,0.00200000009,20210401298738,474,1.0,1.0,20.5799999,26.1317978,0.0271212999,0.109015375,1.40663806e-05,30,1.16400003,1
474201100013251,155245707,2459306.9629634554,59306.4570718,19.6427288,0.116895497,0,zr,195.7070503,1.8216614,0.658999979,-0.0209999997,20210402457060,474,1.0,1.0,20.7999992,26.0716553,0.0267667733,0.10459917,1.38383493e-05,30,1.61000001,3
474201100013251,155325725,2459307.763150936,59307.2572569,19.8031807,0.12994957,0,zr,195.7070939,1.8216151,0.421000004,0.0810000002,20210403257257,474,1.0,1.0,21.0400009,26.1249256,0.0260792803,0.107354991,1.29700256e-05,30,1.25,1
474201100013251,155327056,2459307.776461173,59307.2705671,19.5370922,0.108727597,0,zr,195.7070984,1.8216732,0.998000026,-0.00400000019,20210403270567,474,1.0,1.0,21.2800007,26.1379929,0.0252433568,0.102684774,1.21769799e-05,30,1.21000004,3
474201100013251,155427466,2459308.7805598713,59308.2746644,19.4700508,0.103748038,0,zr,195.7071157,1.8216934,0.833000004,-0.0949999988,20210404274664,474,1.0,1.0,21.2900009,26.1314774,0.0250464417,0.102257237,1.1930907e-05,30,1.19299996,3
474201100013251,155525562,2459309.7615201795,59309.255625,19.4403419,0.101594888,0,zr,195.7071108,1.8216059,0.524999976,-0.0670000017,20210405255625,474,1.0,1.0,20.4300003,25.6581726,0.0454818942,0.106398299,3.96992655e-05,30,1.23800004,1
474201100013251,155526969,2459309.775594271,59309.2696991,19.5964375,0.113269806,0,zr,195.7070909,1.8216335,0.584999979,-0.0989999995,20210405269688,474,1.0,1.0,21.2299995,26.1153469,0.025356086,0.110195875,1.23609861e-05,30,1.199,3
474201100013251,155930077,2459313.8066523224,59313.3007755,19.6674213,0.118857488,0,zr,195.7070306,1.8216709,0.921000004,-0.126000002,20210409300775,474,1.0,1.0,20.6599998,25.6147423,0.0310617425,0.104937427,1.84607652e-05,30,1.14199996,1
474201100013251,156729421,2459321.7999726734,59321.294213,19.5605927,0.110511661,0,zr,195.7070634,1.8216892,1.41400003,0.0759999976,20210417294201,474,1.0,1.0,21.4300003,26.1056385,0.024684526,0.101618253,1.17343106e-05,30,1.14100003,1
474201100013251,156933302,2459323.8387336913,59323.3330208,19.5119305,0.106839374,0,zr,195.7070852,1.8216231,0.455000013,-0.100000001,20210419333021,474,1.0,1.0,21.1900005,26.1123638,0.0251879208,0.101488262,1.21006151e-05,30,1.19700003,1
474201100013251,157127622,2459325.781888958,59325.2762269,19.5172653,0.107237794,0,zr,195.7071106,1.8216508,0.740999997,0.063000001,20210421276227,474,1.0,1.0,21.0799999,26.1336823,0.025757527,0.103104651,1.26802552e-05,30,1.13999999,1
474201100013251,158032959,2459334.8349420256,59334.3295949,19.5236378,0.107715115,0,zr,195.7070631,1.8216939,0.518999994,-0.0829999968,20210430329595,474,1.0,1.0,20.4899998,26.1491795,0.0292865299,0.0971944183,1.6430502e-05,30,1.27999997,1
474201100013251,158231241,2459336.817680539,59336.312419,19.3977528,0.0985671729,0,zr,195.7071066,1.821639,0.94599998,-0.0500000007,20210502312419,474,1.0,1.0,21.3099995,26.0974731,0.0250025522,0.103272751,1.19366523e-05,30,1.23800004,1
474201100013251,158425336,2459338.7585402546,59338.2533681,19.3803406,0.0973494947,0,zr,195.7070979,1.8217187,0.561999977,0.00400000019,20210504253345,474,1.0,1.0,21.1100006,26.0966759,0.0258970801,0.107152544,1.27459371e-05,30,1.14300001,1
474201100013251,158629672,2459340.8017966417,59340.2967245,19.6504402,0.117506191,0,zr,195.707044,1.8216302,0.912999988,0.0700000003,20210506296713,474,1.0,1.0,21.4300003,26.1064167,0.025398355,0.0997445881,1.2353652e-05,30,1.22399998,1
474201100013251,158829925,2459342.8042276837,59342.2992593,19.5066166,0.106443509,0,zr,195.7070866,1.821663,1.11199999,0.152999997,20210508299248,474,1.0,1.0,21.3400002,26.0783825,0.0240631979,0.107093997,1.11139516e-05,30,1.24899995,1
474201100013251,159024718,2459344.752049628,59344.2471875,19.4625969,0.103204682,0,zr,195.7070727,1.8216476,0.800000012,-0.061999999,20210510247188,474,1.0,1.0,21.5499992,26.0802097,0.0250217132,0.104261674,1.18895314e-05,30,1.15100002,1
474201100013251,159130094,2459345.8066196274,59345.3009491,19.5581074,0.110322058,0,zr,195.7070932,1.8216427,0.912999988,-0.0520000011,20210511300949,474,1.0,1.0,22.0900002,28.1002159,0.0365894958,0.0939131752,2.55420564e-05,180,1.28600001,2
474201100013251,159225929,2459346.7652562363,59346.259294,19.4806519,0.104524337,0,zr,195.7070828,1.8216409,0.971000016,0.00999999978,20210512259294,474,1.0,1.0,22.2199993,28.4123802,0.0241113752,0.101886958,1.10842902e-05,240,1.17499995,2
474201100013251,159227912,2459346.7838661894,59346.2791204,19.5932426,0.113022164,0,zr,195.7070592,1.8216369,0.768000007,-0.050999999,20210512279120,474,1.0,1.0,21.2399998,26.0668125,0.0244947691,0.103430867,1.14877485e-05,30,1.22000003,1
474201100013251,159431233,2459348.81696192,59348.312338,19.6061363,0.114023596,0,zr,195.7070982,1.8216555,0.749000013,-0.0170000009,20210514312338,474,1.0,1.0,21.5799999,26.0729408,0.0260543264,0.105076969,1.29002174e-05,30,1.38199997,1
474201100013251,159624925,2459350.753762252,59350.2492593,19.536974,0.108718686,0,zr,195.7071235,1.8216331,0.685000002,0.0610000007,20210516249259,474,1.0,1.0,20.8099995,26.0751209,0.0264268294,0.106258526,1.33091653e-05,30,1.176,1
474201100013251,160023476,2459354.73900803,59354.2347685,19.4650078,0.103380151,0,zr,195.7071476,1.8216969,0.736999989,-0.063000001,20210520234745,474,1.0,1.0,20.4699993,26.1211662,0.0289284699,0.110407867,1.59363626e-05,30,1.16999996,1
474201100013251,160718895,2459361.6926951213,59361.1889583,19.663353,0.118532911,0,zr,195.707069,1.8216412,0.744000018,-0.177000001,20210527188947,474,1.0,1.0,20.8299999,26.1646557,0.0263387356,0.1041684,1.32495516e-05,30,1.14199996,1
474201100013251,160920862,2459363.7122040787,59363.2086227,19.6865749,0.120392084,0,zr,195.7070775,1.821657,1.17200005,0.0199999996,20210529208611,474,1.0,1.0,21.3299999,26.1559238,0.0224101637,0.098074764,9.64536866e-06,30,1.16700006,1
474201100013251,161626710,2459370.770114697,59370.2671065,19.4864445,0.104950398,0,zr,195.7070937,1.8216603,0.778999984,-0.0839999989,20210605267060,474,1.0,1.0,21.2600002,26.0708961,0.027159756,0.0969436839,1.40150496e-05,30,1.47899997,1
474201100013251,162424996,2459378.75227716,59378.2499653,19.5213432,0.107543066,0,zr,195.7070563,1.821697,1.03400004,-0.0909999982,20210613249965,474,1.0,1.0,20.9899998,26.1292095,0.0250477139,0.103093401,1.19818687e-05,30,1.51600003,1
474201100013251,163218746,2459386.689046769,59386.1874653,19.4139919,0.0997133628,0,zr,195.7069571,1.8215916,0.61500001,-0.128000006,20210621187280,474,1.0,1.0,19.6499996,26.086092,0.0414668061,0.104542136,3.45473709e-05,30,1.27999997,1
474201100013251,164218733,2459396.6879658466,59396.187338,19.5713043,0.111331217,0,zr,195.7071005,1.8216206,0.483999997,0.061999999,20210701187199,474,1.0,1.0,21.2800007,26.0454712,0.0256357267,0.101890646,1.26899176e-05,30,1.41900003,1
474201100013251,177154715,2459526.0424813097,59525.5471528,19.1947594,0.0851164609,0,zr,195.7069219,1.8218071,0.88499999,-0.0430000015,20211107547153,474,1.0,1.0,19.2999992,26.012434,0.0437065549,0.0916638672,4.47820821e-05,30,2.54299998,1
474201100013251,177254679,2459527.0421760236,59526.546794,19.7111206,0.122374408,0,zr,195.7068972,1.8216823,0.666000009,-0.231000006,20211108546794,474,1.0,1.0,19.8700008,26.0107994,0.0438342467,0.0985787213,3.71666938e-05,30,2.47300005,1
474201100013251,177254924,2459527.0446298406,59526.5492477,19.4040051,0.0990072116,0,zr,195.7073218,1.8216843,0.809000015,-0.131999999,20211108549236,474,1.0,1.0,19.6800003,26.0266552,0.0387603566,0.102401011,3.05329268e-05,30,2.40400004,1
474201100013251,177354409,2459528.0395340505,59527.5440972,19.2635593,0.0894917399,0,zr,195.7072341,1.8217117,0.368000001,-0.0579999983,20211109544097,474,1.0,1.0,20.0599995,26.0171032,0.038398657,0.109583326,2.81047469e-05,30,2.47199988,1
474201100013251,177354655,2459528.0419878936,59527.5465509,19.361515,0.0960463583,0,zr,195.7071468,1.8216885,0.954999983,-0.057,20211109546539,474,1.0,1.0,19.9400005,26.0230103,0.0434733853,0.117321245,3.61565108e-05,30,2.40300012,1
474201100013251,177354899,2459528.0444302303,59527.5489931,19.4246826,0.100473523,0,zr,195.7071082,1.8215606,1.23500001,-0.273999989,20211109548993,474,1.0,1.0,19.8899994,26.0241051,0.0396400839,0.112038061,2.98152845e-05,30,2.33999991,1
474201100013251,177355143,2459528.0468724817,59527.5514352,19.0620308,0.0772075653,0,zr,195.7069968,1.8217969,1.09500003,-0.189999998,20211109551435,474,1.0,1.0,19.75,26.0442963,0.0414892249,0.0976431295,3.36398371e-05,30,2.27900004,1
474201100013251,178253554,2459537.0315377996,59536.535544,19.3658199,0.0963431075,0,zr,195.70714,1.8216297,0.644999981,-0.319000006,20211118535532,474,1.0,1.0,19.75,25.9147091,0.0371123217,0.102878489,2.79887136e-05,30,2.09200001,1
474201100013251,178254046,2459537.0364571265,59536.540463,19.5102425,0.106713526,0,zr,195.7073105,1.8215436,0.298000008,0.0280000009,20211118540463,474,1.0,1.0,19.9300003,26.0831108,0.0386491641,0.102478899,2.90052412e-05,30,2.00099993,1
474201100013251,178254292,2459537.038922502,59536.5429282,19.3850994,0.0976811051,0,zr,195.7072069,1.8215199,0.750999987,-0.303000003,20211118542917,474,1.0,1.0,20.0400009,26.0809326,0.0345383622,0.111963198,2.29810903e-05,30,1.95899999,1
474201100013251,178254539,2459537.0413879817,59536.5453935,19.5383568,0.108823121,0,zr,195.7071015,1.8216113,0.538999975,-0.0410000011,20211118545382,474,1.0,1.0,20.1399994,26.0651436,0.0374405421,0.110277317,2.69930133e-05,30,1.91900003,1
474201100013251,179652746,2459551.0245250133,59550.5274653,19.7966347,0.129404351,0,zr,195.7070885,1.82169,0.702000022,0.075000003,20211202527465,474,1.0,1.0,21.0699997,26.1083202,0.0287864115,0.0949100405,1.5886686e-05,30,1.65600002,1
474201100013251,187141967,2459625.9236769993,59625.4196759,19.5383301,0.108821049,0,zr,195.7070415,1.8217233,0.652999997,-0.0460000001,20220215419653,474,1.0,1.0,20.1700001,26.1621304,0.0336017683,0.106585443,2.15934742e-05,30,1.16799998,1
474201100013251,192122925,2459675.735152947,59675.2292593,19.6452637,0.117096081,0,zr,195.70708,1.8216937,1.33200002,-0.0109999999,20220406229248,474,1.0,1.0,21.1599998,26.014883,0.0261312034,0.103795305,1.30028802e-05,30,1.33599997,1
474201100013251,192336347,2459677.86935689,59677.3634722,19.5378189,0.108782515,0,zr,195.7070131,1.8216402,0.728999972,-0.0399999991,20220408363461,474,1.0,1.0,20.6599998,26.1202583,0.0264928807,0.0848589391,1.34467664e-05,30,1.19599998,1
474201100013251,192831590,2459682.8217371707,59682.3159028,19.6094074,0.114278555,0,zr,195.7070848,1.8215921,0.578999996,0.050999999,20220413315891,474,1.0,1.0,20.3199997,26.1417828,0.0341603532,0.0978715271,2.26136817e-05,30,1.14600003,1
474201100013251,193925372,2459693.759307557,59693.2537269,19.7290745,0.123834878,0,zr,195.7070584,1.8216615,0.736999989,0.116999999,20220424253704,474,1.0,1.0,20.6700001,26.0755386,0.0310110096,0.106118634,1.85540612e-05,30,1.14600003,1
474201100013251,194541173,2459699.917090263,59699.4117361,19.4220695,0.100287303,0,zr,195.7070512,1.8216522,0.89200002,-0.0299999993,20220430411308,474,1.0,1.0,20.7700005,25.9716854,0.0264166798,0.0998674184,1.33604353e-05,30,2.01099992,2
474201100013251,194541221,2459699.9175647493,59699.4122106,19.8453789,0.133484915,0,zr,195.7072195,1.8216583,0.601000011,-0.172999993,20220430412199,474,1.0,1.0,20.5699997,25.9719944,0.0277030542,0.101883516,1.46315433e-05,30,2.02200007,2
474201100013251,194541267,2459699.9180277274,59699.4126736,19.6373711,0.116472349,0,zr,195.7071133,1.8215933,0.658999979,0.00800000038,20220430412674,474,1.0,1.0,20.6100006,25.9619884,0.0272455644,0.108272336,1.42585905e-05,30,2.02999997,2
474201100013251,194541314,2459699.9185022023,59699.4131481,19.4605064,0.103052631,0,zr,195.707015,1.8216442,0.518999994,0.108999997,20220430413137,474,1.0,1.0,20.5599995,25.9511566,0.0286755599,0.109244153,1.57663635e-05,30,2.03900003,2
474201100013251,194541362,2459699.9189767814,59699.4136227,19.5273666,0.107995071,0,zr,195.7070335,1.8216888,0.828000009,-0.163000003,20220430413611,474,1.0,1.0,20.7099991,25.9600182,0.027987441,0.11044541,1.50571295e-05,30,2.04699993,2
474201100013251,195324815,2459707.7531437166,59707.2481597,19.5316525,0.108317457,0,zr,195.7070179,1.8214181,0.731000006,-0.0270000007,20220508248148,474,1.0,1.0,20.25,26.1497231,0.0321664363,0.0969926417,1.98293128e-05,30,1.14600003,1
474201100013251,195329098,2459707.795965539,59707.2909838,19.58848,0.112653702,0,zr,195.7070684,1.821621,0.996999979,0.127000004,20220508290972,474,1.0,1.0,20.7399998,26.1526966,0.027476931,0.0978850722,1.43971702e-05,30,1.22099996,1
474201100013251,195418621,2459708.691149136,59708.1862153,19.554493,0.1100467,0,zr,195.7071178,1.8217135,0.748000026,0.00100000005,20220509186204,474,1.0,1.0,20.1399994,26.1487942,0.0333828405,0.100392476,2.13950898e-05,30,1.17999995,2
474201100013251,195522224,2459709.727122445,59709.2222454,19.4613743,0.103115723,0,zr,195.7070379,1.8216645,0.638999999,0.0939999968,20220510222245,474,1.0,1.0,20.3700008,26.0059566,0.0287232045,0.0999976099,1.58032399e-05,30,1.14100003,1
474201100013251,196022934,2459714.7339228624,59714.2293403,19.5028038,0.106160164,0,zr,195.707163,1.8216424,0.758000016,-0.143000007,20220515229317,474,1.0,1.0,19.9799995,26.1451302,0.0359403715,0.0958933681,2.48345823e-05,30,1.14699996,1
474201100013251,196321226,2459717.716660528,59717.2122685,19.3940449,0.0983068421,0,zr,195.7071121,1.8216393,1.64100003,0.00400000019,20220518212257,474,1.0,1.0,21.0200005,26.1097984,0.0241760425,0.0979442149,1.12089601e-05,30,1.14199996,1
474201100013251,196523414,2459719.738400259,59719.2341435,19.4519558,0.102432571,0,zr,195.7070292,1.8216583,0.657000005,0.0209999997,20220520234144,474,1.0,1.0,21.2000008,26.1409931,0.0245868787,0.0972329825,1.15842377e-05,30,1.16799998,1
474201100013251,197027557,2459724.7794777043,59724.2755787,19.5671139,0.111010134,0,zr,195.7070908,1.8216619,0.558000028,0.0170000009,20220525275567,474,1.0,1.0,21.2399998,26.0732002,0.0267666765,0.106090494,1.36787894e-05,30,1.34099996,1
474201100013251,197219236,2459726.696116841,59726.1923611,19.4931946,0.105448343,0,zr,195.7070863,1.8216204,1.16499996,0.115000002,20220527192361,474,1.0,1.0,21.5300007,26.1602974,0.0267171357,0.101444229,1.35851415e-05,30,1.14400005,1
474201100013251,197623474,2459730.738186756,59730.2347454,19.5086269,0.106593199,0,zr,195.7070804,1.8216259,1.27699995,0.145999998,20220531234745,474,1.0,1.0,21.3299999,26.1532269,0.0240022391,0.102013476,1.11618792e-05,30,1.24100006,1
474201100013251,197819228,2459732.6955636656,59732.1922801,19.5550785,0.110091262,0,zr,195.7071177,1.8216406,0.771000028,0.115000002,20220602192268,474,1.0,1.0,20.8299999,26.184864,0.029162189,0.0931478366,1.62979286e-05,30,1.15900004,1
474201100013251,198219568,2459736.698633408,59736.1956829,19.5675278,0.111041792,0,zr,195.7070829,1.8216381,0.485000014,0.0270000007,20220606195683,474,1.0,1.0,21.2700005,26.1505585,0.0243400093,0.0981667936,1.13208935e-05,30,1.18200004,1
474201100013251,198728997,2459741.792485685,59741.2899769,19.6099663,0.114322171,0,zr,195.7071194,1.8213325,0.467999995,-0.050999999,20220611289977,474,1.0,1.0,19.6800003,26.0576878,0.0411868803,0.0809141174,3.46036868e-05,30,1.89600003,1
474201100013251,198919082,2459743.6931613353,59743.1908218,19.5053864,0.106352024,0,zr,195.7071264,1.8216533,0.560000002,-0.119999997,20220613190822,474,1.0,1.0,20.1100006,26.1629353,0.032425385,0.0976844653,2.01849962e-05,30,1.21599996,1
474201100013251,199319377,2459747.6957491357,59747.1937731,19.6046257,0.113906004,0,zr,195.7071125,1.8216311,0.632000029,-0.0430000015,20220617193750,474,1.0,1.0,21.4300003,26.1416187,0.0254391097,0.102095291,1.252739e-05,30,1.25899994,1
474201100013251,199519234,2459749.6941408855,59749.1923495,19.7089157,0.122195601,0,zr,195.7071602,1.8217178,0.555999994,-0.0399999991,20220619192350,474,1.0,1.0,20.75,26.1316319,0.0269662179,0.108839706,1.40905777e-05,30,1.27499998,1
474201100013251,199724658,2459751.7481852197,59751.2465856,19.5522728,0.109877758,0,zr,195.7071218,1.8216861,0.975000024,0.0219999999,20220621246586,474,1.0,1.0,20.6100006,26.0927258,0.0277218893,0.0905676335,1.47612454e-05,30,1.68599999,1
474201100013251,200219601,2459756.697149545,59756.1960185,19.5440388,0.109252892,0,zr,195.7070696,1.8216325,1.10699999,-0.00100000005,20220626196019,474,1.0,1.0,21.1800003,26.1463699,0.024883518,0.106611714,1.18162488e-05,30,1.38399994,1
474201100013251,200426920,2459758.770133878,59758.2692014,19.4804611,0.104510337,0,zr,195.7069843,1.8216879,1.33800006,-0.244000003,20220628269190,474,1.0,1.0,20.3500004,25.9445095,0.0323316194,0.0952487737,2.02374267e-05,30,2.42400002,1
474201100013251,200718748,2459761.6881400547,59761.1874884,19.4402847,0.101590768,0,zr,195.7071047,1.8216087,0.691999972,-0.0390000008,20220701187350,474,1.0,1.0,21.3099995,26.129652,0.0228670537,0.0972741917,1.01140085e-05,30,1.41499996,1
474201100013251,214154687,2459896.04247009,59895.546875,19.40238,0.0988926888,0,zr,195.7070454,1.8214958,0.741999984,-0.141000003,20221112546863,474,1.0,1.0,19.7199993,26.0385456,0.0439583398,0.108728409,3.8072234e-05,30,2.21199989,1
474201100013251,214653658,2459901.0324947895,59900.5365856,18.8565617,0.0663103685,0,zr,195.7068635,1.8215878,0.574999988,1.15699995,20221117536574,474,1.0,1.0,18.9400005,26.0704994,0.0461248346,0.105029643,6.56683478e-05,30,2.14100003,1
474201100013251,214753424,2459902.030223668,59901.5342477,19.6224003,0.115294747,0,zr,195.7070527,1.821615,0.0860000029,0.0289999992,20221118534236,474,1.0,1.0,20.4500008,26.0592709,0.0312511958,0.101815604,1.87800251e-05,30,2.13199997,1
474201100013251,214753671,2459902.0326891406,59901.536713,19.5499401,0.109700546,0,zr,195.7070359,1.8216657,0.43599999,-0.0109999999,20221118536713,474,1.0,1.0,20.4500008,26.0757504,0.0311383549,0.106924117,1.84872879e-05,30,2.08299994,1
474201100013251,214753917,2459902.0351545066,59901.5391782,19.3811264,0.0974041745,0,zr,195.7070581,1.8216088,0.939999998,-0.201000005,20221118539167,474,1.0,1.0,20.5300007,26.0758667,0.0323016271,0.108187057,2.00515242e-05,30,2.03699994,1
474201100013251,214754164,2459902.037619982,59901.5416435,19.478014,0.10433083,0,zr,195.7070319,1.821726,0.486000001,0.0160000008,20221118541644,474,1.0,1.0,20.5,26.0907211,0.0298909955,0.108870864,1.70773055e-05,30,1.99300003,1
474201100013251,214754412,2459902.0400970452,59901.5441204,19.5337944,0.108478844,0,zr,195.7070954,1.8216393,0.492000014,-0.0320000015,20221118544120,474,1.0,1.0,20.5300007,26.1004333,0.0310670417,0.104533523,1.84594483e-05,30,1.95099998,1
474201100013251,214953799,2459904.034111693,59903.5379977,19.7074089,0.122073516,0,zr,195.7070509,1.8216924,0.597000003,-0.115000002,20221120537986,474,1.0,1.0,20.25,26.0736027,0.0349626169,0.10980083,2.33785486e-05,30,1.96300006,1
474201100013251,214954054,2459904.0366581674,59903.540544,19.4608765,0.103079587,0,zr,195.7071108,1.8215916,0.76700002,-0.0850000009,20221120540532,474,1.0,1.0,20.25,26.0699959,0.033044342,0.110269256,2.0900552e-05,30,1.921,1
474201100013251,214954310,2459904.039216259,59903.5431019,19.5246048,0.107787654,0,zr,195.7069763,1.8216256,0.354000002,-0.0140000004,20221120543090,474,1.0,1.0,20.3500004,26.0806808,0.0345502719,0.0970481485,2.29830712e-05,30,1.88199997,1
474201100013251,214954819,2459904.0443091136,59903.5481944,19.6301384,0.115902528,0,zr,195.707122,1.8216409,0.574000001,-0.0419999994,20221120548194,474,1.0,1.0,20.4599991,26.1001015,0.0314427763,0.0970106125,1.9006382e-05,30,1.80900002,1
474201100013251,215053656,2459905.0327471546,59904.5365625,19.4794445,0.104435779,0,zr,195.707156,1.8216374,1.16700006,-0.0960000008,20221121536539,474,1.0,1.0,20.25,25.9065323,0.043478623,0.0909220502,3.61591774e-05,30,1.94099998,1
474201100013251,215053907,2459905.0352589446,59904.5390741,19.7224197,0.123292543,0,zr,195.707027,1.8216424,0.79400003,-0.0890000015,20221121539051,474,1.0,1.0,20.5499992,26.0304279,0.030313883,0.101823635,1.77433358e-05,30,1.90100002,1
474201100013251,215054158,2459905.0377706196,59904.5415856,19.6016216,0.113672361,0,zr,195.7071158,1.8215967,0.595000029,-0.0329999998,20221121541562,474,1.0,1.0,20.6399994,26.095562,0.03307686,0.106341392,2.11798069e-05,30,1.86399996,1
474201100013251,215054408,2459905.040270808,59904.5440856,19.5026817,0.106151052,0,zr,195.7070423,1.8216658,0.939999998,-0.0810000002,20221121544074,474,1.0,1.0,20.6200008,26.1155853,0.0339611694,0.0957849622,2.1947506e-05,30,1.82799995,1
474201100013251,215054659,2459905.0427825893,59904.5465972,19.3591614,0.0958844423,0,zr,195.707064,1.8216845,0.488999993,-0.0250000004,20221121546586,474,1.0,1.0,20.4899998,26.0900211,0.0339636728,0.107287817,2.21219998e-05,30,1.79400003,1
474201100013251,216954119,2459924.038928218,59923.5411921,19.5516548,0.109830812,0,zr,195.7070634,1.8216002,0.924000025,0.131999999,20221210541192,474,1.0,1.0,20.7399998,26.1499672,0.0283283871,0.104014918,1.54160425e-05,30,1.38,1
474201100013251,217854581,2459933.0443872176,59932.5458102,19.5638695,0.110761903,0,zr,195.7070859,1.8216351,1.32000005,-0.0729999989,20221219545799,474,1.0,1.0,20.9599991,26.1483765,0.0279552918,0.103213206,1.5081333e-05,30,1.24899995,1
474201100013251,218050291,2459935.001682602,59934.5029167,19.525238,0.107835159,0,zr,195.7070419,1.821714,0.779999971,-0.0560000017,20221221502882,474,1.0,1.0,20.3299999,26.1231651,0.032491155,0.109415397,2.0320711e-05,30,1.43099999,1
474201100013251,218253394,2459937.032910558,59936.5339468,19.6244392,0.115454674,0,zr,195.7070793,1.8216249,0.806999981,-0.0839999989,20221223533947,474,1.0,1.0,21.1100006,26.162344,0.0271014906,0.102617726,1.41428118e-05,30,1.25199997,1
474201100013251,219744234,2459951.9427956464,59951.4423495,19.5733261,0.111486375,0,zr,195.7071797,1.8216294,1.57799995,0.142000005,20230107442350,474,1.0,1.0,20.0100002,26.1516991,0.0419436544,0.0922236517,3.3939501e-05,30,1.53799999,1
474201100013251,221342356,2459967.92557674,59967.4235648,19.604538,0.113899246,0,zr,195.707031,1.8216159,1.04200006,0.207000002,20230123423472,474,1.0,1.0,19.9099998,26.1310863,0.0384837613,0.104074657,2.87151142e-05,30,1.36600006,1
474201100013251,221544675,2459969.9489616626,59969.4467593,19.5912323,0.112866595,0,zr,195.7070374,1.8216748,0.990999997,0.0130000003,20230125446701,474,1.0,1.0,20.8999996,26.1765633,0.0272720885,0.0948766693,1.41276068e-05,30,1.24199998,1
474201100013251,221741666,2459971.9190519187,59971.4166667,19.5632114,0.110711604,0,zr,195.7071141,1.8217561,0.589999974,0.103,20230127416667,474,1.0,1.0,20.3099995,26.1453724,0.036509499,0.0983488187,2.56590429e-05,30,1.34500003,1
474201100013251,222644520,2459980.9483941304,59980.4452083,19.5009575,0.106023125,0,zr,195.707061,1.821618,1.347,-0.32100001,20230205445208,474,1.0,1.0,20.5499992,26.1914043,0.0294623431,0.0936339796,1.67950293e-05,30,1.17200005,1
474201100013251,226239568,2460016.9011452436,60016.3956829,19.4762249,0.104199678,0,zr,195.707064,1.821678,0.430999994,-0.00499999989,20230313395671,474,1.0,1.0,20.5499992,26.0595741,0.0273656119,0.0988539383,1.45454524e-05,30,1.14300001,1
474201100013251,226635645,2460020.862057833,60020.3564583,19.6769962,0.119623281,0,zr,195.7070833,1.8216725,1.046,-0.00800000038,20230317356447,474,1.0,1.0,21.3600006,26.1601315,0.023426624,0.10292121,1.06475063e-05,30,1.14699996,1
474201100013251,227635578,2460030.861617828,60030.355787,19.4375896,0.101397097,0,zr,195.7070855,1.821637,1.12100005,-0.107000001,20230327355787,474,1.0,1.0,21.1399994,26.1605682,0.0249488931,0.102702938,1.19691158e-05,30,1.14199996,1
474201100013251,228936606,2460043.8719444145,60043.3660648,19.6139793,0.114635557,0,zr,195.7070568,1.8216824,0.763999999,-0.165000007,20230409366065,474,1.0,1.0,20.5900002,26.1664352,0.0282965843,0.0924465433,1.55066609e-05,30,1.20799994,1
474201100013251,229130690,2460045.812772205,60045.3069097,19.4190903,0.100075342,0,zr,195.7070939,1.8216568,0.906000018,-0.0790000036,20230411306910,474,1.0,1.0,21.3999996,26.1461239,0.0240840334,0.10657303,1.11786521e-05,30,1.13999999,1
474201100013251,229631545,2460050.8212407115,60050.3154514,19.4787483,0.104384691,0,zr,195.7070753,1.8216676,0.760999978,0.0120000001,20230416315382,474,1.0,1.0,21.4300003,26.1242027,0.0250682589,0.0990302637,1.22400752e-05,30,1.15199995,1
474201100013251,230032672,2460054.832425282,60054.3267245,19.5628757,0.110686012,0,zr,195.7070799,1.8216301,0.634000003,0.00700000022,20230420326725,474,1.0,1.0,21.1200008,26.1592827,0.0244341101,0.0961503088,1.15905887e-05,30,1.18599999,1
474201100013251,230231851,2460056.8241655887,60056.3185185,19.5895271,0.112734698,0,zr,195.7070558,1.8216548,0.381999999,-0.00300000003,20230422318519,474,1.0,1.0,21.1800003,26.1461964,0.0257008094,0.0961719006,1.28798447e-05,30,1.18099999,1
474201100013251,230426840,2460058.7739911745,60058.2684028,19.6955395,0.12111406,0,zr,195.7070748,1.8216343,1.37899995,0.219999999,20230424268403,474,1.0,1.0,21.2000008,26.0815239,0.0248156618,0.106099658,1.17730724e-05,30,1.13999999,1
474201100013251,230629770,2460060.803229191,60060.2977083,19.5706882,0.111283958,0,zr,195.707114,1.8216221,1.273,-0.0140000004,20230426297697,474,1.0,1.0,21.0799999,26.0698414,0.0237137303,0.0996521711,1.07822862e-05,30,1.16400003,1
474201100013251,230831519,2460062.820644252,60062.3151968,19.6495361,0.117434524,0,zr,195.7070143,1.8216461,0.651000023,0.0960000008,20230428315150,474,1.0,1.0,21.1100006,26.1034927,0.0265645143,0.0954642594,1.34560632e-05,30,1.21000004,1
474201100013251,231029505,2460064.8004272617,60064.2950579,19.4475651,0.102115273,0,zr,195.7070777,1.8216213,0.211999997,-0.0170000009,20230430295058,474,1.0,1.0,20.8299999,26.1215973,0.0274276473,0.0990695804,1.45564882e-05,30,1.17799997,1
474201100013251,231929993,2460073.8048723126,60073.2999306,19.5500813,0.109711252,0,zr,195.7071032,1.8216427,0.462000012,0.0610000007,20230509299907,474,1.0,1.0,21.0100002,26.091383,0.0260059517,0.103056848,1.31407396e-05,30,1.25600004,1
474201100013251,232330928,2460077.813997336,60077.3092824,19.3789425,0.0972522199,0,zr,195.707049,1.8216595,1.09899998,0.00300000003,20230513309282,474,1.0,1.0,20.9099998,26.0916615,0.0294466633,0.105528891,1.6822587e-05,30,1.34300005,1
474201100013251,232529754,2460079.8021409144,60079.2975463,19.6326885,0.116103224,0,zr,195.7070803,1.8216246,0.776000023,0.0,20230515297535,474,1.0,1.0,21.2299995,26.0765095,0.0255360845,0.0991589874,1.25803772e-05,30,1.31299996,1
474201100013251,232726427,2460081.7687414377,60081.2642708,19.4634342,0.103265569,0,zr,195.7070646,1.8216289,0.957000017,-0.105999999,20230517264259,474,1.0,1.0,21.1299992,26.1092587,0.0229968578,0.0952235833,1.02212489e-05,30,1.21300006,1
474201100013251,232924437,2460083.7487159674,60083.244375,19.4792137,0.104418799,0,zr,195.7070646,1.8216528,1.10599995,-0.050999999,20230519244363,474,1.0,1.0,21.3899994,26.1093636,0.0260863248,0.0994620472,1.30267272e-05,30,1.17999995,1
474201100013251,233125473,2460085.7589383014,60085.2547338,19.4879456,0.105060972,0,zr,195.7070745,1.8216614,0.386000007,-0.0410000011,20230521254722,474,1.0,1.0,21.4599991,26.063797,0.0261695962,0.101991221,1.32209498e-05,30,1.21700001,1
474201100013251,233524217,2460089.7460961123,60089.2421759,19.5786934,0.111898974,0,zr,195.7070633,1.8216286,0.635999978,-0.0350000001,20230525242176,474,1.0,1.0,21.3400002,26.1065769,0.0243317913,0.0994994417,1.14514305e-05,30,1.21200001,1
474201100013251,233729133,2460091.7950984105,60091.291331,19.51511,0.10707669,0,zr,195.707068,1.8216853,0.555000007,-0.00800000038,20230527291250,474,1.0,1.0,20.6200008,26.0835934,0.0310885049,0.106044859,1.87713613e-05,30,1.46700001,1
474201100013251,234325140,2460097.754700057,60097.2514005,19.7298832,0.123900935,0,zr,195.7069898,1.8216308,0.963,-0.307000011,20230602251146,474,1.0,1.0,20.2000008,26.1305695,0.030337248,0.101523481,1.78636965e-05,30,1.32700002,1
474201100013251,234523339,2460099.736528031,60099.2333912,19.2898846,0.0912158042,0,zr,195.7070743,1.8215761,0.629000008,-0.0160000008,20230604233380,474,1.0,1.0,20.0699997,26.0999165,0.0352826081,0.0997651666,2.4037734e-05,30,1.27199996,1
474201100013251,235519038,2460109.692655013,60109.1903819,19.3937111,0.0982834324,0,zr,195.707055,1.8216392,1.24000001,0.0299999993,20230614190370,474,1.0,1.0,21.1499996,26.1303082,0.0235665701,0.0970360413,1.0746242e-05,30,1.22000003,1
474201100013251,235921172,2460113.7136304863,60113.2117245,19.4764156,0.104213655,0,zr,195.7070665,1.8216466,0.741999984,-0.0820000023,20230618211725,474,1.0,1.0,21.3700008,26.1102715,0.0255654175,0.106153347,1.26100022e-05,30,1.347,1
474201100013251,236120285,2460115.704579968,60115.2028588,19.6639557,0.11858099,0,zr,195.7070965,1.8216145,0.531000018,0.0359999985,20230620202847,474,1.0,1.0,21.2600002,26.1506977,0.0244178101,0.0942607298,1.1565754e-05,30,1.33000004,1
474201100013251,236320597,2460117.7075056857,60117.2059722,19.5606022,0.110512398,0,zr,195.7070913,1.8215941,0.755999982,0.120999999,20230622205972,474,1.0,1.0,21.0599995,26.0743389,0.0275012478,0.0950070471,1.47069004e-05,30,1.375,1
474201100013251,237223995,2460126.740625048,60126.2399537,19.5526428,0.109905951,0,zr,195.7069523,1.8218001,0.569999993,-0.0209999997,20230701239942,474,1.0,1.0,19.7600002,26.0234547,0.0364551842,0.0909130648,2.62895883e-05,30,1.95899999,1
474201100013251,237920430,2460133.704303831,60133.2043056,19.5908546,0.112837322,0,zr,195.7071275,1.8217105,1.04100001,-0.241999999,20230708204294,474,1.0,1.0,20.6100006,26.1202412,0.0295138489,0.103221841,1.67600938e-05,30,1.72500002,1
474201100013251,250154179,2460256.0370953763,60255.541794,19.0781212,0.0781292915,0,zr,195.7070533,1.8216512,1.08000004,0.137999997,20231107541794,474,1.0,1.0,19.3099995,25.9983425,0.047216922,0.1119036,5.35850413e-05,30,2.77099991,1
474201100013251,250554739,2460260.042917161,60259.5473958,19.760952,0.126449004,0,zr,195.7070799,1.8214886,0.550999999,-0.00899999961,20231111547396,474,1.0,1.0,19.6299992,26.0245228,0.0429156311,0.112024605,3.71930291e-05,30,2.27900004,1
474201100013251,253754204,2460292.0400358303,60291.5420486,19.7518635,0.125701085,0,zr,195.7071202,1.8216705,0.753000021,0.0599999987,20231213542037,474,1.0,1.0,20.9599991,26.1418133,0.027897628,0.104270816,1.50006435e-05,30,1.33599997,1
474201100013251,256050739,2460315.007623101,60314.5073958,19.7525387,0.125756636,0,zr,195.707065,1.8216761,0.948000014,-0.134000003,20240105507384,474,1.0,1.0,21.0499992,26.146801,0.0244297236,0.103463799,1.15975763e-05,30,1.22599995,1
474201100013251,256948553,2460323.9866540246,60323.4855324,19.7326221,0.124124512,0,zr,195.7070482,1.8216675,0.52700001,0.074000001,20240114485521,474,1.0,1.0,20.4599991,26.1518421,0.0279975571,0.100434296,1.51972372e-05,30,1.21800005,1
474201100013251,257147057,2460325.9718955904,60325.4705787,19.4036827,0.0989845097,0,zr,195.7070741,1.8215986,0.474999994,0.00100000005,20240116470532,474,1.0,1.0,20.4400005,26.1482716,0.0277311411,0.0976325274,1.4846396e-05,30,1.24699998,1
474201100013251,257340142,2460327.902929008,60327.4014236,19.4371395,0.101364836,0,zr,195.7070509,1.8216773,0.984000027,-0.131999999,20240118401424,474,1.0,1.0,20.8999996,26.1091976,0.0275961068,0.0998263434,1.46154462e-05,30,1.64699996,1
474201100013251,259841896,2460352.9227041737,60352.4189699,19.6398773,0.116670139,0,zr,195.7070631,1.8216865,0.50999999,-0.00999999978,20240212418958,474,1.0,1.0,21.1200008,26.1530876,0.0250229388,0.100558683,1.22284364e-05,30,1.18700004,2
474201100013251,259944337,2460353.9471932617,60353.4433796,19.4880104,0.105065718,0,zr,195.7070879,1.8216483,0.805999994,0.00200000009,20240213443368,474,1.0,1.0,21.2700005,26.1635571,0.0241329875,0.0982118919,1.13470433e-05,30,1.148,1
474201100013251,260144188,2460355.9458516934,60355.4418866,19.4273911,0.100666799,0,zr,195.7070701,1.8216549,0.800000012,-0.057,20240215441887,474,1.0,1.0,21.0900002,26.1474819,0.0249001682,0.102692917,1.20526965e-05,30,1.14499998,1
474201100013251,261540101,2460369.90590217,60369.4010185,19.6496792,0.117445871,0,zr,195.7070098,1.821588,0.879000008,0.0489999987,20240229400972,474,1.0,1.0,20.8899994,26.1861172,0.0323020443,0.100676179,2.02009269e-05,30,1.14699996,1
474201100013251,263439453,2460388.9002177087,60388.394537,19.7155151,0.122731052,0,zr,195.7070104,1.821771,0.583000004,-0.00400000019,20240319394537,474,1.0,1.0,20.6900005,26.1548462,0.0257230606,0.0850877687,1.29392947e-05,30,1.15699995,1
474201100013251,264437813,2460398.884001839,60398.3781366,19.4596786,0.10299252,0,zr,195.7069968,1.8217078,0.933000028,-0.0410000011,20240329378079,474,1.0,1.0,20.2199993,26.1440392,0.0305866525,0.103640698,1.82376734e-05,30,1.17400002,1
474201100013251,265037542,2460404.8813237543,60404.3754282,19.5867367,0.112519041,0,zr,195.707104,1.8215948,0.587000012,0.0410000011,20240404375405,474,1.0,1.0,21.1599998,26.1612968,0.0248025209,0.0936934352,1.19075403e-05,30,1.20200002,1
474201100013251,265435748,2460408.8633704023,60408.3574884,19.6052227,0.11395251,0,zr,195.7070412,1.8216406,0.470999986,-0.023,20240408357442,474,1.0,1.0,21.1200008,26.1152782,0.0238611605,0.0974086151,1.10971905e-05,30,1.18599999,1
474201100013251,265518402,2460409.691118833,60409.1840278,19.5349884,0.108568832,0,zr,195.7070553,1.8216429,0.647000015,-0.00700000022,20240409183981,474,1.0,1.0,21.1499996,28.3198681,0.0213822201,0.100702807,8.71243628e-06,240,1.58299994,1
474201100013251,265936131,2460413.8671463793,60413.3613194,19.62253,0.115304857,0,zr,195.7070384,1.8216515,0.407000005,-0.0329999998,20240413361308,474,1.0,1.0,21.3700008,26.1360626,0.0231883433,0.0992740542,1.04849405e-05,30,1.23099995,1
474201100013251,266327295,2460417.7787063685,60417.2729514,19.6405678,0.116724774,0,zr,195.7070844,1.8216084,0.49000001,-0.0399999991,20240417272905,474,1.0,1.0,20.75,26.1420975,0.028377343,0.0966722444,1.56447422e-05,30,1.14499998,1
474201100013251,266525237,2460419.758081694,60419.2523727,19.5286255,0.1080897,0,zr,195.7071147,1.8216482,0.758000016,0.0419999994,20240419252361,474,1.0,1.0,20.7000008,26.1663227,0.0289579593,0.094365932,1.63243076e-05,30,1.15900004,1
474201100013251,267522717,2460429.7325588483,60429.2271759,19.5717926,0.111368716,0,zr,195.7070834,1.8216637,1.15799999,-0.217999995,20240429227130,474,1.0,1.0,21.2299995,26.1145973,0.0243389346,0.105649635,1.14902141e-05,30,1.15699995,1
474201100013251,267727027,2460431.7755751163,60431.2702778,19.5729561,0.111457989,0,zr,195.7070989,1.8215993,0.838999987,-0.0399999991,20240501270266,474,1.0,1.0,21.4500008,26.1577911,0.0236059576,0.0964568108,1.07815713e-05,30,1.14999998,1
474201100013251,268324792,2460437.752939722,60437.2479282,19.5317707,0.108326346,0,zr,195.707067,1.8216332,1.14999998,-0.104999997,20240507247928,474,1.0,1.0,21.3700008,26.1481838,0.0248286221,0.0981830955,1.20045152e-05,30,1.14499998,1
474201100013251,268425018,2460438.755143807,60438.2501852,19.4292545,0.100799926,0,zr,195.7070522,1.8216308,0.890999973,-0.00700000022,20240508250174,474,1.0,1.0,21.2299995,26.1300106,0.0245718956,0.102374315,1.17915952e-05,30,1.14900005,1
474201100013251,268526826,2460439.773167342,60439.2682639,19.7745495,0.127571791,0,zr,195.7072063,1.8214804,0.689999998,-0.119999997,20240509268264,474,1.0,1.0,20.6200008,26.0721092,0.032678362,0.0904622227,2.07312405e-05,30,1.17700005,1
474201100013251,268724549,2460441.7502899496,60441.2454977,19.5610542,0.110546887,0,zr,195.7070507,1.8216236,0.565999985,0.0120000001,20240511245486,474,1.0,1.0,20.9899998,26.0974693,0.0253001042,0.102150097,1.25316292e-05,30,1.15199995,1
474201100013251,268924614,2460443.7508202717,60443.2461458,19.6078758,0.114159219,0,zr,195.7071363,1.8215705,0.446999997,0.0960000008,20240513246146,474,1.0,1.0,21.1000004,26.1259174,0.0241503827,0.0865201876,1.13232954e-05,30,1.15999997,1
474201100013251,269331675,2460447.821178324,60447.3167593,19.6466656,0.117207073,0,zr,195.7070337,1.8216632,0.388000011,0.0299999993,20240517316644,474,1.0,1.0,20.3799992,26.0967331,0.0320438184,0.102895975,1.99169481e-05,30,1.46800005,1
474201100013251,270331050,2460457.8142192536,60457.3105093,19.4563122,0.102748178,0,zr,195.7070602,1.821662,0.523999989,-0.0700000003,20240527310498,474,1.0,1.0,20.7900009,26.0556927,0.0279775094,0.10627345,1.51640061e-05,30,1.653,1
474201100013251,270533988,2460459.84343731,60459.3398843,19.5922012,0.112941578,0,zr,195.7071098,1.821597,0.92900002,-0.0430000015,20240529339850,474,1.0,1.0,20.8500004,26.0305195,0.0274703577,0.10460946,1.46161738e-05,30,2.18300009,1
474201100013251,270728879,2460461.792194907,60461.2887963,19.5990829,0.113475181,0,zr,195.7070595,1.8216364,1.10399997,-0.0370000005,20240531288796,474,1.0,1.0,20.8500004,26.0856609,0.0365350209,0.083545275,2.5875861e-05,30,1.54999995,1
474201100013251,270923572,2460463.738970049,60463.2357292,19.4396534,0.101545356,16,zr,195.7070686,1.82165,0.598999977,0.075000003,20240602235718,474,1.0,1.0,21.3500004,26.1109123,0.0245035701,0.0990823209,1.16880274e-05,30,1.26800001,1
474201100013251,271923685,2460473.739233694,60473.2368519,19.5217686,0.107574955,0,zr,195.7070806,1.8216358,0.370000005,0.050999999,20240612236840,474,1.0,1.0,20.7099991,26.0682106,0.0288822427,0.102337226,1.61597036e-05,30,1.40799999,1
474201100013251,272528899,2460479.7908232547,60479.2889931,19.5473118,0.109501027,0,zr,195.7070707,1.8216537,0.736000001,-0.115000002,20240618288993,474,1.0,1.0,19.9599991,26.058197,0.0366573483,0.0991209522,2.5964604e-05,30,2.26699996,1
474201100013251,274024755,2460494.747964125,60494.2475579,19.5646744,0.110823497,0,zr,195.7070498,1.821602,0.816999972,-0.0520000011,20240703247558,474,1.0,1.0,20.5400009,26.0708122,0.0336370058,0.0916544423,2.2258886e-05,30,2.25600004,1
474101100004284,44930605,2458203.8118724464,58203.3060532,19.3789272,0.0758601129,0,zg,195.7071347,1.8217868,0.453999996,-0.00999999978,20180326306042,474,1.0,1.0,20.4099998,26.1555614,0.0395486839,-0.0456915051,3.92949732e-05,30,1.18299997,1
474101100004284,45229915,2458206.805014757,58206.2991551,19.4005394,0.0770744756,0,zg,195.7070534,1.8217499,0.791999996,0.0240000002,20180329299086,474,1.0,1.0,20.2900009,26.206377,0.0425671041,-0.0590254739,5.22444316e-05,30,1.18099999,1
474101100004284,45231922,2458206.825084383,58206.3192245,19.3484879,0.0741800591,0,zg,195.707102,1.8217255,0.788999975,0.186000004,20180329318947,474,1.0,1.0,20.3799992,26.1993275,0.035716027,-0.0292310808,3.37297279e-05,30,1.153,1
474101100004284,47527192,2458229.7775899917,58229.2719213,19.5334492,0.0849416181,0,zg,195.7070615,1.8217005,0.839999974,-0.0610000007,20180421271910,474,1.0,1.0,21.1200008,26.1922493,0.0346361883,-0.0804446638,2.41946782e-05,30,1.14400005,1
474101100004284,48822650,2458242.7316888794,58242.2265046,19.3749123,0.0756364912,0,zg,195.7070409,1.8217275,0.711000025,0.0689999983,20180504226493,474,1.0,1.0,21.4599991,26.1792831,0.036051143,-0.107350521,2.54582283e-05,30,1.148,1
474101100004284,49420891,2458248.713789178,58248.208912,19.3577423,0.0746870786,0,zg,195.7071031,1.821673,0.911000013,0.0599999987,20180510208866,474,1.0,1.0,21.5300007,26.1792545,0.0285387915,-0.060362719,1.5505444e-05,30,1.14999998,1
474101100004284,51316490,2458267.668510101,58267.1649074,19.437336,0.0791835934,0,zg,195.7071039,1.8218439,0.657000005,-0.0199999996,20180529164896,474,1.0,1.0,20.0599995,26.1751556,0.0340651907,-0.0817405656,4.52587083e-05,30,1.14600003,1
474101100004284,52321417,2458277.7169547454,58277.2141782,19.4344749,0.0790177137,0,zg,195.7071202,1.8216881,0.866999984,-0.112000003,20180608214155,474,1.0,1.0,21.4699993,26.0667763,0.0297324304,-0.0420477018,1.73312801e-05,30,1.25,1
474101100004284,52623306,2458280.7355796783,58280.2330671,19.4075165,0.0774703771,0,zg,195.7070934,1.8216946,0.60799998,-0.0260000005,20180611233044,474,1.0,1.0,21.5200005,26.1428928,0.027499428,-0.0524867624,1.46116217e-05,30,1.36899996,1
474101100004284,52923369,2458283.7359362748,58283.2336921,19.5753708,0.0875665694,0,zg,195.707104,1.8216796,0.703000009,-0.0529999994,20180614233681,474,1.0,1.0,21.5400009,26.1466751,0.0270282738,-0.0601440817,1.4065261e-05,30,1.42200005,1
474101100004284,53221359,2458286.715571901,58286.2135995,19.3867035,0.0762949884,0,zg,195.7070844,1.8216779,1.32000005,-0.112000003,20180617213588,474,1.0,1.0,21.1000004,26.1471825,0.0308607109,-0.0403700545,1.89906896e-05,30,1.35300004,1
474101100004284,53819100,2458292.692421435,58292.1910069,19.2799263,0.0705247596,0,zg,195.7072242,1.8216839,1.31599998,-0.153999999,20180623191007,474,1.0,1.0,20.2700005,26.1259842,0.0390759595,-0.0207908154,4.21040422e-05,30,1.324,1
474101100004284,54119203,2458295.693166477,58295.192037,19.1747723,0.0652573258,0,zg,195.7071468,1.8217647,0.597000003,-0.123000003,20180626191921,474,1.0,1.0,20.3999996,26.1325817,0.0426873676,-0.0174487364,5.10276441e-05,30,1.37100005,1
474101100004284,54417303,2458298.6738763736,58298.1730324,19.1567001,0.064392373,0,zg,195.7070498,1.8217876,0.610000014,-0.0170000009,20180629171817,474,1.0,1.0,19.9500008,26.1408424,0.0386493579,-0.053904973,5.19440728e-05,30,1.31599998,1
474101100004284,71154452,2458466.0425394126,58465.5445255,19.4073658,0.0774618387,0,zg,195.7071182,1.8217147,0.360000014,0.0299999993,20181213544514,474,1.0,1.0,21.2399998,26.1403389,0.0281654913,-0.0311469864,1.51311515e-05,30,1.33899999,1
474101100004284,71752027,2458472.0188557217,58471.5202778,19.5237598,0.0843447447,0,zg,195.7071363,1.8216578,0.843999982,0.0390000008,20181219520266,474,1.0,1.0,21.1700001,26.1398888,0.0318061598,-0.0547276847,1.99425995e-05,30,1.37899995,1
474101100004284,73352045,2458488.0206085797,58487.5204514,19.3812275,0.075988479,0,zg,195.7070848,1.8216768,0.551999986,-0.0240000002,20190104520440,474,1.0,1.0,21.4500008,26.178896,0.0287145991,-0.0621148534,1.59298525e-05,30,1.21200001,1
474101100004284,73749837,2458491.998934737,58491.4983796,19.3366528,0.0735363886,0,zg,195.7071349,1.8216668,0.963,-0.057,20190108498345,474,1.0,1.0,21.0,26.1550999,0.0333121233,-0.0549371056,2.16214939e-05,30,1.22800004,1
474101100004284,74050372,2458495.004581537,58494.5037269,19.5294991,0.0846978053,0,zg,195.7070883,1.8216639,1.21599996,0.0350000001,20190111503727,474,1.0,1.0,21.7099991,26.1639633,0.0258644558,-0.0709729269,1.276083e-05,30,1.19299996,1
474101100004284,75744340,2458511.945885124,58511.4434028,19.4621677,0.0806366578,0,zg,195.707072,1.8216726,0.338999987,0.00800000038,20190128443403,474,1.0,1.0,21.0300007,26.1163445,0.0302239265,-0.0596426241,1.91934796e-05,30,1.22899997,1
474101100004284,75749666,2458511.999153914,58511.4966667,19.5189819,0.084051773,0,zg,195.7070674,1.821675,0.745000005,0.00400000019,20190128496667,474,1.0,1.0,20.8400002,26.1339359,0.0349392705,-0.0865248889,2.64966056e-05,30,1.14300001,1
474101100004284,79333687,2458547.841984171,58547.336875,19.5180721,0.0839960948,0,zg,195.7071216,1.8217263,1.08500004,0.128999993,20190305336875,474,1.0,1.0,21.2700005,26.1122952,0.0304998588,-0.0334662087,1.78536302e-05,30,1.25600004,1
474101100004284,82629663,2458580.8025233336,58580.2966319,19.4713326,0.0811790079,0,zg,195.7071033,1.8216496,0.551999986,0.00300000003,20190407296632,474,1.0,1.0,21.5499992,26.1373062,0.0274669658,-0.0491200164,1.46050361e-05,30,1.15100002,1
474101100004284,83225747,2458586.763315652,58586.2574769,19.4136887,0.0778221935,0,zg,195.7070819,1.8216874,0.671999991,0.0149999997,20190413257465,474,1.0,1.0,21.1200008,26.0908051,0.0319125094,-0.0685272887,2.05791584e-05,30,1.18299997,1
474101100004284,84221159,2458596.7172173522,58596.2115972,19.405899,0.0773784295,0,zg,195.7070623,1.8216287,1.44599998,-0.00200000009,20190423211597,474,1.0,1.0,21.0799999,26.1030178,0.0361163393,-0.049477119,2.60537727e-05,30,1.22800004,1
474101100004284,84623089,2458600.73637825,58600.2308912,19.5673256,0.0870575085,0,zg,195.707112,1.8216431,0.778999984,-0.0350000001,20190427230891,474,1.0,1.0,21.3799992,26.120142,0.0307722893,-0.0655990243,1.8242632e-05,30,1.16299999,1
474101100004284,85520984,2458609.7149501164,58609.2098495,19.4354343,0.0790733173,0,zg,195.707101,1.8216633,1.245,-0.0340000018,20190506209850,474,1.0,1.0,21.4500008,26.0947838,0.0274125077,-0.0470193587,1.4928537e-05,30,1.15900004,1
474101100004284,85816871,2458612.6736628367,58612.1687153,19.3695354,0.0753379464,0,zg,195.7071143,1.8216892,0.797999978,-0.064000003,20190509168438,474,1.0,1.0,21.4699993,26.0245495,0.0293730162,-0.037090648,1.6689808e-05,30,1.22599995,1
474101100004284,87924902,2458633.7525657313,58633.2490278,19.6153641,0.0901352167,0,zg,195.7070856,1.8216598,0.708999991,-0.00200000009,20190530249005,474,1.0,1.0,21.3299999,26.0647373,0.0303088389,-0.0711752325,1.82372314e-05,30,1.28299999,3
474101100004284,88021168,2458634.7151516927,58634.2116898,19.406889,0.0774347261,0,zg,195.7070776,1.8217045,1.20700002,0.172000006,20190531211667,474,1.0,1.0,21.7000008,26.0461521,0.0286879204,-0.0661813244,1.61544431e-05,30,1.18200004,1
474101100004284,88021259,2458634.7160544232,58634.2125926,19.4590378,0.0804521516,0,zg,195.7070852,1.8216595,0.340000004,-0.0350000001,20190531212593,474,1.0,1.0,21.6399994,26.0432873,0.0280310418,-0.0659608543,1.53346627e-05,30,1.18400002,3
474101100004284,88119152,2458635.694911391,58635.1915278,19.4502563,0.0799366608,0,zg,195.7070545,1.8217045,0.915000021,0.050999999,20190601191493,474,1.0,1.0,21.4099998,26.0625591,0.0312301721,-0.0543841571,1.89266557e-05,30,1.15600002,3
474101100004284,88321221,2458637.7154299454,58637.2122106,19.4860439,0.0820564851,0,zg,195.7070892,1.8216669,1.32000005,0.0149999997,20190603212199,474,1.0,1.0,21.5599995,26.0563107,0.0266862586,-0.0878350958,1.38379046e-05,30,1.20099998,1
474101100004284,88619471,2458640.6976811048,58640.1947106,19.4636116,0.0807218701,0,zg,195.7070823,1.8216805,1.67700005,0.0529999994,20190606194711,474,1.0,1.0,21.5300007,26.0512257,0.0279843397,-0.0653788522,1.51870609e-05,30,1.18099999,1
474101100004284,88919531,2458643.6980255553,58643.1953125,19.4743595,0.08135885,0,zg,195.7070926,1.8216753,1.05499995,-0.0170000009,20190609195301,474,1.0,1.0,21.0200005,26.1117001,0.0325711071,-0.0674423873,2.19323847e-05,30,1.199,1
474101100004284,90419146,2458658.6928139348,58658.1914699,19.3161755,0.0724352971,0,zg,195.7070859,1.8216629,1.08000004,-0.0549999997,20190624191470,474,1.0,1.0,21.4599991,26.0490818,0.0292154308,-0.058504384,1.66797126e-05,30,1.33000004,1
474101100004284,90722942,2458661.730476002,58661.2294213,19.553978,0.086218439,0,zg,195.707099,1.8216458,0.587000012,0.0430000015,20190627229421,474,1.0,1.0,21.1299992,26.0286407,0.0315167978,-0.0409980044,2.04660337e-05,30,1.67400002,1
474101100004284,91419181,2458668.692201147,58668.1918171,19.6329803,0.0912865996,0,zg,195.707117,1.8216761,0.501999974,-0.0549999997,20190704191817,474,1.0,1.0,21.4200001,26.0900822,0.0281517766,-0.0886128172,1.56670867e-05,30,1.50100005,1
474101100004284,92217267,2458676.672286083,58676.1726736,19.4796162,0.0816720575,0,zg,195.7072084,1.8215076,0.666000009,-0.172999993,20190712172674,474,1.0,1.0,20.1900005,26.0116482,0.0370620675,-0.0348710269,4.23958845e-05,30,1.523,1
474101100004284,92518722,2458679.686545213,58679.1872222,19.4317551,0.0788603574,0,zg,195.7071143,1.8216891,1.15900004,-0.208000004,20190715187176,474,1.0,1.0,20.0200005,26.0336246,0.0453284234,-0.0406151526,7.37660812e-05,30,1.75399995,1
474101100004284,105153689,2458806.0328588705,58805.5368981,19.3907852,0.0765241906,0,zg,195.7070784,1.8215924,0.796999991,-0.0130000003,20191118536898,474,1.0,1.0,19.9799995,25.8531857,0.0463261232,-0.00912800897,7.29236635e-05,30,2.09599996,1
474101100004284,107454692,2458829.044728055,58828.5469213,19.0992126,0.0617176704,0,zg,195.7070691,1.8215097,0.850000024,-0.0810000002,20191211546921,474,1.0,1.0,19.4899998,26.183939,0.0466002673,-0.0306580495,0.000116163508,30,1.34000003,1
474101100004284,109654342,2458851.043359631,58850.5434259,19.385849,0.0762470812,0,zg,195.7071484,1.8215763,0.882000029,0.0489999987,20200102543426,474,1.0,1.0,20.8299999,26.2187519,0.0333764963,-0.0443221852,2.36942833e-05,30,1.16600001,1
474101100004284,109950422,2458854.0044544525,58853.5042245,19.5971088,0.0889549926,0,zg,195.7070741,1.8217077,1.11199999,-0.0540000014,20200105504225,474,1.0,1.0,21.6000004,26.2116184,0.0278480928,-0.0563962013,1.46886086e-05,30,1.23599994,1
474101100004284,110254318,2458857.043716676,58856.5431829,19.5048618,0.0831911713,0,zg,195.7070718,1.8216389,0.550000012,0.0199999996,20200108543171,474,1.0,1.0,21.1599998,26.2251015,0.0313719846,-0.0593998395,1.93791057e-05,30,1.148,1
474101100004284,111843893,2458872.9410218047,58872.4389352,19.5847702,0.088164635,0,zg,195.7071127,1.8216742,0.474000007,-0.00800000038,20200124438935,474,1.0,1.0,21.4799995,26.0320187,0.030373726,-0.0617239326,1.80076022e-05,30,1.28499997,1
474101100004284,112745966,2458881.9625735045,58881.4596644,19.5880547,0.0883744061,0,zg,195.7070703,1.8216596,1.45899999,-0.0480000004,20200202459132,474,1.0,1.0,21.5499992,26.2170448,0.0253059193,-0.0615093298,1.24745329e-05,30,1.16499996,1
474101100004284,113043870,2458884.94187015,58884.4387037,19.1893654,0.0659643114,0,zg,195.7070971,1.821647,0.595000029,-0.0759999976,20200205438657,474,1.0,1.0,20.4300003,26.2125874,0.0370188616,-0.0343748517,3.30577095e-05,30,1.18700004,1
474101100004284,114037353,2458894.877491916,58894.3735301,19.5013885,0.0829807296,0,zg,195.7070336,1.8216301,0.851999998,0.0,20200215373530,474,1.0,1.0,20.8899994,26.179203,0.033847779,-0.0596455522,2.41176258e-05,30,1.30799997,1
474101100004284,114441811,2458898.922367675,58898.4181134,19.334856,0.073439151,0,zg,195.7070927,1.8216617,1.64999998,-0.111000001,20200219418113,474,1.0,1.0,21.7000008,26.2001419,0.0281699579,-0.0681088045,1.54682621e-05,30,1.15799999,1
474101100004284,115042033,2458904.9249857594,58904.4203356,19.4635925,0.080720745,0,zg,195.7071175,1.8218462,0.717000008,0.150000006,20200225420336,474,1.0,1.0,20.6000004,26.1971149,0.0371248685,-0.0424231589,3.2156986e-05,30,1.14300001,1
474101100004284,115433912,2458908.844002567,58908.3391204,19.4944973,0.082564503,0,zg,195.7070225,1.8216362,0.828999996,-0.0879999995,20200229339120,474,1.0,1.0,20.9699993,26.1520195,0.0371522158,-0.0604083575,2.82671062e-05,30,1.29100001,1
474101100004284,118231201,2458936.81786812,58936.3120139,19.6036758,0.0893780142,0,zg,195.7070546,1.8216731,0.694999993,-0.0729999989,20200328312014,474,1.0,1.0,21.5900002,26.1433811,0.0272992179,-0.0583360307,1.43666039e-05,30,1.16100001,1
474101100004284,118533678,2458939.8426646288,58939.3367824,19.3758545,0.0756888911,0,zg,195.7071138,1.8216405,0.875,-0.178000003,20200331336782,474,1.0,1.0,20.7900009,25.7186661,0.0379972868,-0.055926878,3.32695745e-05,30,1.14199996,1
474101100004284,118744145,2458941.947350816,58941.4414583,19.5767632,0.0876549408,0,zg,195.707076,1.8215955,0.97299999,0.0189999994,20200402441458,474,1.0,1.0,20.6399994,26.0979481,0.0360711478,-0.0306502134,2.96748512e-05,30,1.48399997,1
474101100004284,120029626,2458954.8020557323,58954.2962616,19.4151039,0.0779030547,0,zg,195.7070776,1.8216401,0.98299998,0.061999999,20200415296262,474,1.0,1.0,21.4899998,26.1689529,0.0278255511,-0.0678672865,1.48207173e-05,30,1.14199996,1
474101100004284,120129649,2458955.8022680534,58955.2964931,19.7339249,0.0981170163,0,zg,195.7071147,1.8216708,0.851999998,0.0820000023,20200416296482,474,1.0,1.0,21.4099998,26.1884766,0.0287024546,-0.0603568181,1.59272277e-05,30,1.14199996,1
474101100004284,120823248,2458962.738085489,58962.2324884,19.3811531,0.0759843439,0,zg,195.7070896,1.8216616,0.648999989,0.0199999996,20200423232488,474,1.0,1.0,21.4099998,26.1591415,0.029224718,-0.0450486355,1.64794219e-05,30,1.17400002,1
474101100004284,121125071,2458965.7562132934,58965.2507176,19.5781517,0.0877431706,0,zg,195.7070923,1.8216548,0.697000027,0.0390000008,20200426250602,474,1.0,1.0,21.5499992,26.1731052,0.0279671587,-0.0482774153,1.49235639e-05,30,1.14499998,1
474101100004284,121427143,2458968.776815277,58968.2714352,19.465868,0.0808552355,0,zg,195.7070945,1.8216579,0.75999999,0.0219999999,20200429271308,474,1.0,1.0,21.5100002,26.2033691,0.0277844928,-0.0559864081,1.57049381e-05,30,1.148,1
474101100004284,121725114,2458971.7563983556,58971.2511458,19.5219078,0.0842310339,0,zg,195.7070542,1.8216797,0.786000013,-0.0930000022,20200502250856,474,1.0,1.0,20.8799992,26.2405872,0.0316166207,-0.065216586,2.19504836e-05,30,1.14199996,1
474101100004284,122416978,2458978.6746872487,58978.1697801,19.4910088,0.0823544562,0,zg,195.7070993,1.8216713,0.481000006,0.0120000001,20200509169757,474,1.0,1.0,21.6499996,26.1183357,0.0283238646,-0.0531012006,1.56065271e-05,30,1.21599996,1
474101100004284,122720115,2458981.705892501,58981.2011574,19.5413704,0.0854323357,0,zg,195.7070982,1.8216409,0.871999979,0.0350000001,20200512201157,474,1.0,1.0,21.3299999,26.2007103,0.0293809026,-0.054662548,1.66401423e-05,30,1.14900005,1
474101100004284,123120878,2458985.713273921,58985.2087847,19.5274487,0.0845715106,0,zg,195.7070945,1.821647,0.75,-0.0869999975,20200516208773,474,1.0,1.0,21.7199993,26.1781807,0.0271674208,-0.0620780475,1.42758709e-05,30,1.14199996,1
474101100004284,123819134,2458992.6953565013,58992.1913426,19.5304184,0.084754549,0,zg,195.7070535,1.8216513,0.768000007,-0.0359999985,20200523191343,474,1.0,1.0,21.6599998,26.1945591,0.0267718174,-0.071376048,1.3901521e-05,30,1.14199996,1
474101100004284,124120006,2458995.7038615434,58995.2000694,19.4356232,0.0790842995,0,zg,195.7071237,1.8216214,0.708999991,-0.0130000003,20200526200069,474,1.0,1.0,21.4699993,26.2040958,0.0305523835,-0.0804921985,1.80202587e-05,30,1.14999998,1
474101100004284,124419225,2458998.695819251,58998.1922569,19.4023685,0.0771781355,0,zg,195.7070439,1.8216777,1.28199995,-0.0460000001,20200529192245,474,1.0,1.0,21.3299999,26.2102509,0.029326899,-0.0723446012,1.70784733e-05,30,1.14999998,1
474101100004284,125118769,2459005.690689658,59005.1876968,19.5283222,0.0846253112,0,zg,195.7070491,1.8216131,0.921000004,-0.256000012,20200605187697,474,1.0,1.0,20.1800003,26.1165962,0.0378669091,-0.0410713293,4.35664406e-05,30,1.16700006,1
474101100004284,125524995,2459009.752597522,59009.2499537,19.3966484,0.0768545121,0,zg,195.7070915,1.8215905,0.760999978,-0.0280000009,20200609249954,474,1.0,1.0,20.6700001,26.2100697,0.0400777087,-0.0557834469,3.74200972e-05,30,1.44299996,1
474101100004284,126019893,2459014.701138378,59014.1989352,19.4663925,0.0808862671,0,zg,195.707111,1.821683,0.681999981,0.0170000009,20200614198935,474,1.0,1.0,21.6499996,26.2378712,0.0273700897,-0.0550333597,1.445006e-05,30,1.255,1
474101100004284,126321738,2459017.719311513,59017.2173843,19.5095387,0.0834753215,0,zg,195.7070781,1.8216284,0.889999986,-0.00300000003,20200617217384,474,1.0,1.0,21.5900002,26.2126884,0.0271646231,-0.0579007119,1.4278211e-05,30,1.37600005,1
474101100004284,126619732,2459020.6989767025,59020.1973264,19.3343887,0.0734138787,0,zg,195.7071239,1.8216541,1.08599997,0.0450000018,20200620197326,474,1.0,1.0,21.6399994,26.1859894,0.0310937669,-0.0685089454,1.85878398e-05,30,1.31500006,1
474101100004284,126921394,2459023.715312955,59023.2139468,19.5771084,0.0876768976,0,zg,195.7071015,1.8216918,0.786000013,-0.0189999994,20200623213947,474,1.0,1.0,21.4699993,26.1582317,0.0292893834,-0.0367300622,1.67485141e-05,30,1.45799994,1
474101100004284,127819614,2459032.696651006,59032.1961458,19.2529449,0.0691344962,0,zg,195.707171,1.8216894,0.748000026,-0.0719999969,20200702196146,474,1.0,1.0,20.0200005,26.1776962,0.0365024507,-0.040993467,4.39740179e-05,30,1.50899994,1
474101100004284,128517403,2459039.673869884,59039.1740394,19.292881,0.0712018758,0,zg,195.70708,1.8216824,0.634000003,0.0649999976,20200709174039,474,1.0,1.0,20.7000008,26.1894169,0.0389574878,-0.0268628765,3.3924709e-05,30,1.48599994,1
474101100004284,128816956,2459042.6691018743,59042.1695602,19.3027458,0.0717217028,0,zg,195.7071548,1.8217539,0.354999989,0.0410000011,20200712169236,474,1.0,1.0,20.4300003,26.0779934,0.0369559079,-0.0202478264,3.76922471e-05,30,1.51400006,1
474101100004284,142352681,2459178.0232597687,59177.5268171,19.1794338,0.0654823035,0,zg,195.7070738,1.8216976,0.79400003,-0.0270000007,20201124526817,474,1.0,1.0,20.5100002,26.0680866,0.0368709452,-0.031041747,3.269632e-05,30,1.94299996,1
474101100004284,143052718,2459185.0241856584,59184.5271875,19.3927765,0.0766362026,0,zg,195.7070589,1.821475,0.699999988,0.101999998,20201201527176,474,1.0,1.0,20.0300007,26.1466846,0.0360606611,-0.0425021648,4.50700718e-05,30,1.68099999,1
474101100004284,143453915,2459189.0364937265,59188.5391551,19.3570957,0.0746515766,0,zg,195.7070918,1.8216171,0.82099998,-0.112999998,20201205539155,474,1.0,1.0,20.4500008,26.1900616,0.0385453552,-0.0298460107,3.81825666e-05,30,1.47300005,1
474101100004284,144554340,2459200.0417429456,59199.5434028,19.5257435,0.0844666287,0,zg,195.7071294,1.8216704,0.731999993,-0.0329999998,20201216543403,474,1.0,1.0,20.9099998,26.2362823,0.0334712155,-0.0459617935,2.29414691e-05,30,1.28299999,1
474101100004284,144850164,2459203.000266278,59202.5016435,19.428215,0.0786559135,0,zg,195.707054,1.8216604,0.550000012,0.0390000008,20201219501597,474,1.0,1.0,20.8500004,26.1837769,0.0350540988,-0.0330663994,2.54720162e-05,30,1.46800005,1
474101100004284,145046923,2459204.9680492086,59204.4692361,19.3441219,0.0739420205,0,zg,195.7070209,1.8216958,1.11800003,0.0170000009,20201221469236,474,1.0,1.0,21.25,26.1290855,0.0320489034,-0.045386415,2.02420397e-05,30,1.71899998,1
474101100004284,146447842,2459218.9786273083,59218.4784259,19.7329903,0.0980519801,0,zg,195.7070552,1.8215949,0.317000002,0.00200000009,20210104478426,474,1.0,1.0,20.2299995,26.2175617,0.0427385606,-0.0386609212,5.10711943e-05,30,1.34300005,1
474101100004284,146954129,2459224.042003675,59223.5412963,19.5267868,0.0845308006,0,zg,195.7071021,1.8216664,1.16299999,-0.105999999,20210109541296,474,1.0,1.0,20.9699993,26.2507477,0.0326809771,-0.0417769663,2.14152788e-05,30,1.14499998,1
474101100004284,147348186,2459227.98296192,59227.4818634,19.4160271,0.0779558197,0,zg,195.7071142,1.8216915,0.740999997,-0.0469999984,20210113481863,474,1.0,1.0,21.1100006,26.1710567,0.0291345138,-0.0469131134,1.69679042e-05,30,1.23000002,1
474101100004284,147546831,2459229.969604335,59229.4683102,19.4450779,0.0796340704,0,zg,195.7069734,1.8216497,1.03499997,0.816999972,20210115468310,474,1.0,1.0,19.5599995,26.1974144,0.0458825715,-0.0102226688,8.30705394e-05,30,1.25699997,1
474101100004284,149647787,2459250.981102954,59250.4778704,19.5807037,0.0879054889,0,zg,195.7071158,1.8216642,0.903999984,0.0489999987,20210205477859,474,1.0,1.0,21.2000008,26.2725735,0.0326678529,-0.0659141168,2.06679579e-05,30,1.14100003,1
474101100004284,149848673,2459252.9901362355,59252.4867361,19.5458488,0.0857108757,0,zg,195.7070916,1.8216956,0.405000001,-0.0109999999,20210207486725,474,1.0,1.0,21.7000008,26.2618103,0.0272274762,-0.052297201,1.4165731e-05,30,1.14300001,1
474101100004284,150248946,2459256.993189494,59256.4894676,19.3749542,0.0756388158,0,zg,195.7070764,1.8216462,0.967999995,-0.0109999999,20210211489468,474,1.0,1.0,21.4200001,26.281105,0.0279619861,-0.0752500668,1.50363703e-05,30,1.153,1
474101100004284,150935728,2459263.861512255,59263.3572801,19.39011,0.0764861852,0,zg,195.7070656,1.8215934,0.795000017,0.158000007,20210218357234,474,1.0,1.0,20.0499992,26.226717,0.0413728282,-0.0271826107,5.07243094e-05,30,1.33399999,1
474101100004284,151141874,2459265.92312416,59265.41875,19.3721027,0.0754803643,0,zg,195.7070806,1.8216505,0.449000001,-0.0179999992,20210220418727,474,1.0,1.0,21.4200001,26.2671318,0.0292642843,-0.0410010666,1.63945515e-05,30,1.15100002,1
474101100004284,151543565,2459269.940294609,59269.4356597,19.405859,0.0773761868,0,zg,195.7070818,1.8216621,0.845000029,0.0489999987,20210224435648,474,1.0,1.0,20.8799992,26.2800655,0.0344326757,-0.056154687,2.51654274e-05,30,1.14100003,1
474101100004284,153729594,2459291.801592988,59291.2959491,19.4849701,0.0819921345,0,zg,195.7071063,1.8217264,0.882000029,0.0599999987,20210318295949,474,1.0,1.0,21.3299999,26.2304916,0.0328680985,-0.0878577381,2.12507675e-05,30,1.26800001,1
474101100004284,153929577,2459293.8014740534,59293.2957755,19.5191498,0.0840620622,0,zg,195.7071122,1.821644,1.15199995,0.0560000017,20210320295775,474,1.0,1.0,21.2299995,26.232048,0.0306760743,-0.0544472039,1.82771764e-05,30,1.24899995,1
474101100004284,154633731,2459300.8431528406,59300.3373148,19.0505676,0.0595438108,0,zg,195.7071622,1.8215472,0.335999995,0.0610000007,20210327337292,474,1.0,1.0,19.2099991,26.1968746,0.0401263088,-0.0283170007,0.000106057574,30,1.14199996,3
474101100004284,154935796,2459303.863835409,59303.357963,19.5138054,0.083735384,0,zg,195.7070776,1.8215634,0.976000011,-0.472000003,20210330357963,474,1.0,1.0,19.7299995,26.2399712,0.0401795283,-0.0387307853,6.68378707e-05,30,1.14999998,1
474101100004284,155131746,2459305.8233517925,59305.3174653,19.5813541,0.0879469216,0,zg,195.707021,1.8217272,0.505999982,-0.064000003,20210401317465,474,1.0,1.0,20.6299992,26.20541,0.0337245464,-0.0487339646,2.73389815e-05,30,1.14499998,3
474101100004284,155236355,2459306.869444562,59306.3635532,19.67836,0.0943083391,0,zg,195.7071207,1.8216147,0.552999973,0.0140000004,20210402363542,474,1.0,1.0,20.9300003,26.2256927,0.033941552,-0.0774569884,2.39387973e-05,30,1.16600001,3
474101100004284,155329865,2459307.804551547,59307.2986574,19.4461346,0.0796957016,0,zg,195.7070613,1.8216448,0.753000021,-0.0729999989,20210403298646,474,1.0,1.0,21.7299995,26.2283878,0.0265550632,-0.0516453907,1.34227157e-05,30,1.15699995,1
474101100004284,155329959,2459307.8054890493,59307.2995949,19.4177971,0.0780571476,0,zg,195.7070879,1.821658,0.400000006,-0.00400000019,20210403299595,474,1.0,1.0,21.7199993,26.2200508,0.0251509622,-0.0445399359,1.20748855e-05,30,1.15600002,3
474101100004284,155435846,2459308.864356123,59308.3584606,19.5585041,0.0865021944,0,zg,195.7070488,1.8216448,0.873000026,-0.0549999997,20210404358461,474,1.0,1.0,21.4099998,26.2377758,0.0284039713,-0.0607740358,1.54968475e-05,30,1.16700006,3
474101100004284,155529689,2459309.8027932495,59309.2968981,19.4958458,0.0826457888,0,zg,195.7070729,1.8216393,1.67700005,0.109999999,20210405296898,474,1.0,1.0,21.3099995,26.2098846,0.0280057546,-0.0487481616,1.50157475e-05,30,1.153,1
474101100004284,155529783,2459309.8037307486,59309.2978356,19.4220219,0.0782994702,0,zg,195.7070672,1.8216369,0.592000008,-0.0219999999,20210405297836,474,1.0,1.0,21.3600006,26.2092266,0.0272378586,-0.0485022888,1.40848406e-05,30,1.15199995,3
474101100004284,155724864,2459311.7545353826,59311.2486458,19.5181789,0.0840025842,0,zg,195.7071481,1.8217053,0.566999972,-0.0390000008,20210407248623,474,1.0,1.0,21.2199993,26.0935383,0.0329210013,-0.0531828441,2.11769257e-05,30,1.24300003,1
474101100004284,155925659,2459313.762474358,59313.2565972,19.5099068,0.0834977478,0,zg,195.7070225,1.8216618,0.796000004,-0.0689999983,20210409256586,474,1.0,1.0,21.2900009,26.0930996,0.0319917537,-0.0593029484,1.95675675e-05,30,1.204,1
474101100004284,156325386,2459317.7596978927,59317.2538657,19.4729691,0.0812762231,0,zg,195.7070716,1.8216539,1.50600004,-0.0960000008,20210413253866,474,1.0,1.0,21.7399998,26.2084312,0.0273301862,-0.0591248199,1.41304672e-05,30,1.18499994,1
474101100004284,156927601,2459323.7817327934,59323.2760185,19.6114635,0.0898819417,0,zg,195.7071,1.8217689,0.537999988,-0.0610000007,20210419276019,474,1.0,1.0,20.6599998,26.1886292,0.0359625109,-0.0387773216,2.78517382e-05,30,1.14100003,1
474101100004284,157133619,2459325.841852483,59325.3361921,19.4211388,0.0782487392,0,zg,195.7071865,1.8217407,0.606999993,0.0460000001,20210421336146,474,1.0,1.0,20.25,26.2028103,0.0376505628,-0.0297053531,3.82561884e-05,30,1.21899998,1
474101100004284,158019153,2459334.6968922685,59334.1915394,19.621254,0.0905188322,0,zg,195.7070874,1.8216242,0.88499999,-0.023,20210430191539,474,1.0,1.0,21.3099995,26.1757393,0.0274982806,-0.0543683134,1.48717008e-05,30,1.22500002,1
474101100004284,158225407,2459336.759338251,59336.2540741,19.5368881,0.0851543695,0,zg,195.7070555,1.8216472,0.875,0.0189999994,20210502254074,474,1.0,1.0,21.5400009,26.1919441,0.028885074,-0.0456004925,1.59204792e-05,30,1.14100003,1
474101100004284,158429668,2459338.8018598864,59338.2966898,19.6607819,0.0931282789,0,zg,195.7070657,1.8217373,0.425000012,-0.023,20210504296644,474,1.0,1.0,20.9899998,26.1871338,0.0311450846,-0.0639540255,1.94792956e-05,30,1.20799994,1
474101100004284,158622605,2459340.731128907,59340.2260532,19.5673809,0.087060973,0,zg,195.7070415,1.8216904,0.558000028,0.0179999992,20210506226042,474,1.0,1.0,21.3899994,26.2088127,0.0288564079,-0.0860783085,1.59730116e-05,30,1.14199996,1
474101100004284,158831626,2459342.821229069,59342.3162616,19.5209236,0.0841707364,0,zg,195.7070784,1.8216653,1.18799996,0.0149999997,20210508316238,474,1.0,1.0,21.5200005,26.1505909,0.0288014598,-0.0631183609,1.5885571e-05,30,1.31700003,1
474101100004284,159124810,2459345.7537754714,59345.2481019,19.5901031,0.0885055214,0,zg,195.707096,1.8216502,0.819999993,-0.00700000022,20210511248102,474,1.0,1.0,22.3899994,28.1356659,0.0202897489,-0.0693275258,7.85498105e-06,180,1.15400004,2
474101100004284,159237321,2459346.877957802,59346.3732176,19.4004402,0.0770688802,0,zg,195.7070895,1.821646,1.49399996,0.057,20210512373206,474,1.0,1.0,21.2700005,26.0133514,0.0304474626,-0.0391190462,1.80099032e-05,30,1.92799997,1
474101100004284,159426844,2459348.773075729,59348.2684491,19.412508,0.0777547508,0,zg,195.7070878,1.8216492,0.72299999,0.0370000005,20210514268449,474,1.0,1.0,21.6599998,26.1982117,0.0262406096,-0.0834488273,1.31216339e-05,30,1.20599997,1
474101100004284,160031145,2459354.81569254,59354.3114583,19.3615303,0.0748955756,0,zg,195.7069749,1.8213495,0.481999993,0.0289999992,20210520311458,474,1.0,1.0,19.9200001,26.1470261,0.0398792401,-0.0272440501,5.59187756e-05,30,1.48500001,1
474101100004284,160425333,2459358.757288671,59358.2533333,19.2894363,0.0710211843,0,zg,195.7071481,1.8215596,0.772000015,-0.118000001,20210524253322,474,1.0,1.0,19.6399994,26.1838455,0.0408757627,-0.0502556488,7.14862326e-05,30,1.24100006,1
474101100004284,160723385,2459361.7375875954,59361.2338542,19.5508575,0.0860232636,0,zg,195.707025,1.821715,0.493999988,-0.149000004,20210527233843,474,1.0,1.0,20.3700008,26.2654934,0.0392474085,-0.0569606945,4.23114579e-05,30,1.20799994,1
474101100004284,160923207,2459363.7356513427,59363.2320718,19.4080238,0.0774992704,0,zg,195.7070688,1.8216639,0.816999972,0.0399999991,20210529232072,474,1.0,1.0,21.5599995,26.2428989,0.0279576201,-0.0548150204,1.49020634e-05,30,1.21800005,1
474101100004284,161119000,2459365.693425049,59365.19,19.4191513,0.0781347454,0,zg,195.707101,1.8216398,0.842000008,0.0250000004,20210531189907,474,1.0,1.0,21.2900009,26.2220554,0.0277734734,-0.0928952172,1.48238305e-05,30,1.15100002,1
474101100004284,161325322,2459367.75648756,59367.2532292,19.5315762,0.0848259628,0,zg,195.7070909,1.821679,0.56099999,-0.050999999,20210602253218,474,1.0,1.0,21.5300007,26.1318302,0.0292372517,-0.0408937186,1.64082157e-05,30,1.34200001,1
474101100004284,161622237,2459370.725384692,59370.2223727,19.6076355,0.0896339566,0,zg,195.7070609,1.8216305,0.409999996,-0.00800000038,20210605222361,474,1.0,1.0,21.3799992,26.1835175,0.0280831959,-0.0522476137,1.52257853e-05,30,1.24699998,1
474101100004284,162022302,2459374.725689606,59374.2230208,19.3992767,0.0770030469,0,zg,195.7070836,1.8216764,0.70599997,-0.074000001,20210609223021,474,1.0,1.0,21.5599995,26.1971569,0.0294778347,-0.0475403927,1.67637008e-05,30,1.29100001,1
474101100004284,162221862,2459376.721115966,59376.2186227,19.5273819,0.0845674053,0,zg,195.7070919,1.8216321,0.638999999,0.0590000004,20210611218623,474,1.0,1.0,21.2000008,26.1993504,0.0358879454,-0.036544282,2.44210732e-05,30,1.296,1
474101100004284,162419350,2459378.6958238734,59378.1935069,19.4772339,0.08152996,0,zg,195.7070736,1.8216714,0.280000001,-0.00999999978,20210613193495,474,1.0,1.0,21.3600006,26.2276554,0.0279001426,-0.0506223664,1.49059333e-05,30,1.22500002,1
474101100004284,163621348,2459390.714684607,59390.2134838,19.8130722,0.103744827,0,zg,195.7072,1.8216575,0.521000028,-0.0179999992,20210625213472,474,1.0,1.0,20.1700001,26.1961479,0.0380949341,-0.0455665812,4.27821942e-05,30,1.48699999,1
474101100004284,164019571,2459394.696537274,59394.1957176,19.4330559,0.0789355934,0,zg,195.7070498,1.8216821,0.465000004,0.0109999999,20210629195718,474,1.0,1.0,21.1800003,25.8772793,0.0316298567,-0.0279271435,2.01379553e-05,30,1.43799996,1
474101100004284,164224973,2459396.750355555,59396.2497338,19.5822525,0.0880040899,0,zg,195.7069675,1.8216685,0.528999984,-0.0289999992,20210701249734,474,1.0,1.0,20.75,25.8684578,0.0400174744,-0.0307713747,3.54555305e-05,30,2.16799998,1
474101100004284,186931623,2459623.820081156,59623.3162384,19.3649502,0.0750842765,0,zg,195.7069418,1.8215654,0.66900003,-0.150000006,20220213316227,474,1.0,1.0,20.1399994,26.083416,0.0451150276,-0.0142601868,5.99015075e-05,30,1.79799998,1
474101100004284,187137710,2459625.8811044157,59625.3771065,19.3314495,0.0732550845,0,zg,195.7071404,1.8216328,0.386000007,0.0379999988,20220215377037,474,1.0,1.0,19.7900009,26.2191753,0.0370825157,-0.016878048,4.98568479e-05,30,1.28499997,1
474101100004284,188337326,2459637.8780604815,59637.3732639,19.5647011,0.0868919492,0,zg,195.707211,1.8216053,1.28999996,0.00100000005,20220227373241,474,1.0,1.0,20.5100002,26.2312069,0.0354766138,-0.0274488553,2.98834584e-05,30,1.19400001,1
474101100004284,188534004,2459639.8449553666,59639.3400463,19.5233135,0.0843173489,0,zg,195.7071106,1.8216542,0.333999991,0.0109999999,20220301340023,474,1.0,1.0,20.5900002,26.221283,0.035467919,-0.0482391976,2.90373464e-05,30,1.27999997,1
474101100004284,192133336,2459675.8392615262,59675.3333681,19.471817,0.0812077522,0,zg,195.7071265,1.8216471,1.21000004,-0.131999999,20220406333356,474,1.0,1.0,21.3899994,26.1929073,0.0292692482,-0.0827796906,1.63451405e-05,30,1.14499998,1
474101100004284,192329833,2459677.804218382,59677.2983333,19.4507637,0.0799663216,0,zg,195.7071216,1.8216634,0.699000001,-0.0480000004,20220408298322,474,1.0,1.0,20.8500004,26.1930599,0.0362412408,-0.059493497,2.75167804e-05,30,1.14499998,1
474101100004284,192525694,2459679.7628146815,59679.2569444,19.549654,0.0859481469,0,zg,195.7070332,1.8216503,0.460000008,-0.0199999996,20220410256933,474,1.0,1.0,20.9599991,26.2000446,0.0317354016,-0.0437492542,2.08689362e-05,30,1.19799995,1
474101100004284,192821229,2459682.7181275045,59682.2122917,19.3764362,0.0757212788,0,zg,195.7071404,1.8216313,0.456,-0.0529999994,20220413212280,474,1.0,1.0,19.8400002,26.172081,0.0362068824,-0.0542526394,4.89396225e-05,30,1.32599998,1
474101100004284,193529508,2459689.800775766,59689.295081,19.2229309,0.0676195323,0,zg,195.7068657,1.8217521,0.583999991,0.074000001,20220420295069,474,1.0,1.0,20.0400009,26.215519,0.0420567803,-0.0460020266,5.63013455e-05,30,1.14499998,1
474101100004284,193933804,2459693.843621944,59693.338044,19.3824406,0.0760563016,0,zg,195.7070551,1.8216649,0.229000002,0.0160000008,20220424338044,474,1.0,1.0,20.9899998,26.1469078,0.0326340199,-0.0644214898,2.15051314e-05,30,1.24800003,1
474101100004284,194325422,2459697.759664732,59697.2542245,19.3698292,0.0753542632,0,zg,195.7070758,1.8216888,0.758000016,0.0590000004,20220428254225,474,1.0,1.0,21.7299995,26.1825047,0.0261796918,-0.0655721277,1.33155472e-05,30,1.14100003,1
474101100004284,194524940,2459699.754770662,59699.2494097,19.5254631,0.084449403,0,zg,195.7070868,1.8216925,0.851999998,-0.109999999,20220430249410,474,1.0,1.0,21.4799995,26.1834145,0.0277216341,-0.0594915338,1.49186426e-05,30,1.14100003,1
474101100004284,194729688,2459701.80215996,59701.2968866,19.3403912,0.0737391412,0,zg,195.7070554,1.8216218,1.78199995,-0.0780000016,20220502296887,474,1.0,1.0,21.2199993,26.1652699,0.0320730284,-0.055423148,1.95740413e-05,30,1.19400001,1
474101100004284,194735202,2459701.8572963867,59701.3520255,19.4732342,0.0812919363,0,zg,195.7071315,1.8216696,0.621999979,-0.0219999999,20220502352025,474,1.0,1.0,21.1700001,26.1120625,0.0352018811,-0.0675001293,2.40882146e-05,30,1.41999996,1
474101100004284,196331171,2459717.81609845,59717.311713,19.4672089,0.0809345841,0,zg,195.7071492,1.821736,0.512000024,0.0500000007,20220518311667,474,1.0,1.0,20.2199993,26.1275024,0.042224817,-0.0356129557,5.01184622e-05,30,1.44200003,1
474101100004284,196821523,2459722.7192801666,59722.2152315,19.4213219,0.0782592744,0,zg,195.7071024,1.8216318,0.777999997,0.0700000003,20220523215220,474,1.0,1.0,21.4899998,26.1966209,0.0300266054,-0.0639949143,1.69886334e-05,30,1.15400004,1
474101100004284,196826936,2459722.7734081713,59722.2693634,19.4603558,0.0805298164,0,zg,195.7070518,1.8216844,0.433999985,0.00200000009,20220523269363,474,1.0,1.0,21.4300003,26.1765137,0.0298842248,-0.0625631511,1.69517898e-05,30,1.28799999,1
474101100004284,197021280,2459724.7167045474,59724.2128009,19.5711346,0.0872982144,0,zg,195.7069926,1.8217303,1.49000001,-0.149000004,20220525212801,474,1.0,1.0,21.2600002,26.1748123,0.0312867984,-0.0793417394,1.86142879e-05,30,1.15699995,1
474101100004284,197223321,2459726.7369702375,59726.2332176,19.5216522,0.0842153877,0,zg,195.7071122,1.821656,1.03600001,-0.0109999999,20220527233206,474,1.0,1.0,21.7900009,26.2508335,0.026426509,-0.0643314645,1.336677e-05,30,1.20500004,1
474101100004284,197619380,2459730.697252528,59730.1938079,19.5962105,0.0888972133,0,zg,195.707077,1.8216941,0.935000002,-0.0379999988,20220531193796,474,1.0,1.0,21.4799995,26.2677383,0.0280960519,-0.0819982216,1.51057429e-05,30,1.15400004,1
474101100004284,198019699,2459734.700109146,59734.1969907,19.3836441,0.0761235803,0,zg,195.7070573,1.8216975,0.538999975,-0.0189999994,20220604196944,474,1.0,1.0,21.1900005,26.1734848,0.0307353158,-0.0890696719,1.84734254e-05,30,1.17400002,1
474101100004284,198224829,2459736.7512446153,59736.2482986,19.6784382,0.0943136439,0,zg,195.707055,1.8216748,1.49100006,-0.103,20220606248275,474,1.0,1.0,20.8899994,26.2416687,0.0342091806,-0.0868966356,2.38976081e-05,30,1.37100005,1
474101100004284,198719021,2459741.692737564,59741.1902199,19.4383373,0.0792417228,0,zg,195.7070958,1.8215812,1.08599997,0.063000001,20220611190208,474,1.0,1.0,20.1200008,26.1648865,0.0409398265,-0.0401402563,5.26496406e-05,30,1.20000005,1
474101100004284,198925484,2459743.757183259,59743.2548495,19.3396492,0.0736988783,0,zg,195.7071943,1.8216744,0.643999994,0.0540000014,20220613254850,474,1.0,1.0,20.0499992,26.203949,0.0390604362,-0.0286780167,5.27689372e-05,30,1.551,1
474101100004284,199328086,2459747.78283606,59747.2808681,19.3058414,0.0718856007,0,zg,195.7071052,1.8216477,1.31500006,0.105999999,20220617280868,474,1.0,1.0,20.7000008,26.1053143,0.0364412442,-0.0303922873,3.10069845e-05,30,2.01699996,1
474101100004284,199525304,2459749.7548296945,59749.253044,19.5414886,0.0854396671,0,zg,195.7070185,1.821633,0.714999974,-0.0469999984,20220619253044,474,1.0,1.0,20.8500004,26.1512108,0.0355302431,-0.0559546947,2.66968636e-05,30,1.69700003,1
474101100004284,199719381,2459751.695424009,59751.1938194,19.5608978,0.0866525695,0,zg,195.7071389,1.8216722,0.787,-0.118000001,20220621193808,474,1.0,1.0,21.0699997,26.1576309,0.0323653966,-0.0467047393,2.0807458e-05,30,1.30299997,1
474101100004284,199923538,2459753.736794251,59753.2353819,19.4961777,0.0826657787,0,zg,195.7070467,1.8216641,1.06400001,-0.112000003,20220623235370,474,1.0,1.0,21.0699997,26.0914021,0.0344052017,-0.0450963862,2.33424526e-05,30,1.625,1
474101100004284,200224613,2459756.7472605193,59756.2461343,19.2911148,0.0711091682,0,zg,195.7071179,1.821689,0.80400002,-0.0879999995,20220626246123,474,1.0,1.0,20.9599991,26.1444397,0.0339807123,-0.0471640006,2.36521955e-05,30,1.85300004,1
474101100004284,200421707,2459758.7180093406,59758.2170718,19.4337635,0.0789765716,0,zg,195.707041,1.8216451,1.07000005,0.0979999974,20220628217060,474,1.0,1.0,21.0799999,26.0915279,0.0305932499,-0.0526425131,1.88772665e-05,30,1.58000004,1
474101100004284,200725710,2459761.757751375,59761.2571065,19.3788261,0.0758544728,0,zg,195.707145,1.8216286,0.609000027,-0.0949999988,20220701257095,474,1.0,1.0,20.7900009,26.050539,0.0332704075,-0.0429419987,2.4304507e-05,30,2.32200003,1
474101100004284,215550553,2459910.002086514,59909.5055324,19.4649868,0.0808031559,0,zg,195.7073162,1.8214549,0.574000001,0.108999997,20221126505521,474,1.0,1.0,20.2000008,26.0233459,0.0429725759,-0.0624062829,5.73322541e-05,30,2.28500009,1
474101100004284,216049519,2459914.9921496334,59914.4951968,19.4449024,0.0796238482,0,zg,195.7073056,1.8216916,0.949999988,0.246000007,20221201495197,474,1.0,1.0,19.9599991,26.0158081,0.0384545587,-0.0290574767,5.11095968e-05,30,2.20799994,1
474101100004284,217848679,2459932.985365304,59932.486794,19.6238022,0.0906852409,0,zg,195.7070802,1.8216631,0.952000022,-0.0480000004,20221219486782,474,1.0,1.0,21.0699997,26.155386,0.0346883498,-0.0544430315,2.42001806e-05,30,1.60500002,1
474101100004284,218053408,2459935.032854545,59934.5340856,19.3500957,0.0742679313,0,zg,195.7071117,1.8217738,1.08800006,0.00499999989,20221221534086,474,1.0,1.0,20.7000008,26.2379608,0.0358020253,-0.0524519719,2.84909675e-05,30,1.27199996,1
474101100004284,218251084,2459937.0098063825,59936.5108449,19.3568344,0.0746372342,0,zg,195.7070789,1.8216379,0.587000012,-0.0320000015,20221223510845,474,1.0,1.0,21.2800007,26.2088528,0.0291572493,-0.0445189625,1.65164602e-05,30,1.352,1
474101100004284,219748383,2459951.984281342,59951.483831,19.4960766,0.0826597288,0,zg,195.706985,1.8216025,0.626999974,-0.0109999999,20230107483831,474,1.0,1.0,20.0699997,26.2162933,0.0397596844,-0.0391886942,4.85860255e-05,30,1.28699994,1
474101100004284,221538055,2459969.882751717,59969.3805556,19.5662689,0.0869907886,0,zg,195.7070791,1.8217588,0.809000015,0.00400000019,20230125380556,474,1.0,1.0,20.8099995,26.1456089,0.037149854,-0.0313087068,2.87387938e-05,30,1.65799999,1
474101100004284,221739575,2459971.898135571,59971.3957523,19.5721226,0.0873607621,0,zg,195.7070678,1.8215391,0.908999979,0.0719999969,20230127395741,474,1.0,1.0,20.4200001,26.168045,0.040423736,-0.0212821607,4.00505269e-05,30,1.47399998,1
474101100004284,222353412,2459978.0370554747,59977.5341204,19.3657684,0.0751294643,0,zg,195.706992,1.8216538,1.528,-0.0529999994,20230202534120,474,1.0,1.0,20.9400005,26.2111568,0.0332649462,-0.0788790435,2.35488333e-05,30,1.17999995,1
474101100004284,228933083,2460043.836713174,60043.3308333,19.6678658,0.0936024189,0,zg,195.7069477,1.8217294,0.903999984,-0.114,20230409330822,474,1.0,1.0,20.2600002,26.1632462,0.0378115885,-0.0755978748,4.08523447e-05,30,1.14900005,1
474101100004284,229135373,2460045.8596004066,60045.3537384,19.4633522,0.0807065293,0,zg,195.7070391,1.8217568,0.331999987,-0.0399999991,20230411353692,474,1.0,1.0,21.2299995,26.2582932,0.0312975049,-0.0778617412,1.91416384e-05,30,1.19099998,1
474101100004284,229634494,2460050.850730851,60050.3449421,19.6714993,0.0938463509,0,zg,195.7070822,1.8216423,0.92900002,0.061999999,20230416344942,474,1.0,1.0,21.5,26.2189884,0.0303149205,-0.0807052031,1.79711897e-05,30,1.20299995,1
474101100004284,229833715,2460052.842900786,60052.3371528,19.3320732,0.0732887983,0,zg,195.7070894,1.8216614,0.492000014,0.00899999961,20230418337083,474,1.0,1.0,21.4500008,26.1602745,0.028357299,-0.0503894947,1.56024325e-05,30,1.19700003,1
474101100004284,230034826,2460054.8539641276,60054.3482639,19.3009453,0.0716265738,0,zg,195.7070941,1.821642,0.792999983,-0.0320000015,20230420348264,474,1.0,1.0,21.1399994,26.2383385,0.0303871147,-0.080942668,1.85525914e-05,30,1.24399996,1
474101100004284,230227512,2460056.7807756313,60056.2751273,19.6516685,0.092521295,0,zg,195.7071001,1.8216491,0.510999978,-0.0320000015,20230422275116,474,1.0,1.0,21.5,26.2198696,0.0273406617,-0.0465405062,1.43040988e-05,30,1.13999999,1
474101100004284,230431678,2460058.822369235,60058.3167824,19.3106651,0.0721416473,0,zg,195.7070682,1.82165,0.711000025,0.0189999994,20230424316782,474,1.0,1.0,21.6499996,26.1581268,0.0265528783,-0.0505913831,1.35423634e-05,30,1.18799996,1
474101100004284,230627597,2460060.7814938487,60060.2759722,19.3787537,0.0758504122,0,zg,195.7071025,1.8216571,0.467999995,-0.0439999998,20230426275972,474,1.0,1.0,21.2700005,26.1459198,0.0306430887,-0.0349584073,1.81670184e-05,30,1.14300001,1
474101100004284,230825894,2460062.764396394,60062.2589468,19.4557228,0.0802571923,0,zg,195.7070845,1.8216514,0.731000006,-0.0790000036,20230428258947,474,1.0,1.0,21.2999992,26.1985455,0.0302637909,-0.070266284,1.82107469e-05,30,1.13999999,1
474101100004284,231925362,2460073.758566916,60073.2536227,19.5506649,0.0860112756,0,zg,195.7070381,1.8216401,0.875999987,0.0149999997,20230509253611,474,1.0,1.0,21.3600006,26.1897621,0.0293407887,-0.0815013126,1.67271828e-05,30,1.153,1
474101100004284,232337226,2460077.876979652,60077.3722685,19.4219131,0.0782932267,0,zg,195.7071364,1.8217513,1.09099996,0.0689999983,20230513372211,474,1.0,1.0,20.4200001,26.0217972,0.0445176288,-0.0409766436,4.92848558e-05,30,1.93400002,1
474101100004284,232526634,2460079.7709391546,60079.2663426,19.4396133,0.0793158859,0,zg,195.7070663,1.8216709,0.284999996,0.00700000022,20230515266331,474,1.0,1.0,21.2700005,26.1844101,0.0346175469,-0.0685804933,2.31962422e-05,30,1.204,1
474101100004284,232732659,2460081.831063795,60081.3265972,19.5086498,0.0834212974,0,zg,195.7071147,1.8216184,0.430000007,-0.0390000008,20230517326597,474,1.0,1.0,21.0200005,26.1217918,0.0333322361,-0.06417346,2.29526631e-05,30,1.52900004,1
474101100004284,232919483,2460083.699182274,60083.194838,19.5643539,0.0868700817,0,zg,195.7070788,1.8216504,0.449999988,0.0579999983,20230519194838,474,1.0,1.0,21.75,26.1621761,0.025938537,-0.0510005131,1.29193659e-05,30,1.14100003,1
474101100004284,233121353,2460085.7177374545,60085.2135301,19.6857014,0.0948046893,0,zg,195.7070645,1.8216679,0.662999988,0.023,20230521213530,474,1.0,1.0,21.6499996,26.1084557,0.0277337376,-0.0481887162,1.47014207e-05,30,1.14699996,1
474101100004284,233331222,2460087.8162821718,60087.3122222,19.4806938,0.0817364007,0,zg,195.7070723,1.8216882,0.838,-0.0399999991,20230523312222,474,1.0,1.0,21.5499992,26.120203,0.0302854124,-0.0608129501,1.74316883e-05,30,1.546,1
474101100004284,233526503,2460089.768953223,60089.2650347,19.4771729,0.0815263316,0,zg,195.7071041,1.8216705,0.81400001,-0.0930000022,20230525265035,474,1.0,1.0,21.4599991,26.1679058,0.0284419041,-0.0538415685,1.55700327e-05,30,1.28999996,1
474101100004284,234522894,2460099.732083999,60099.2289468,19.3514977,0.0743446127,0,zg,195.7071037,1.8217019,0.572000027,-0.0599999987,20230604228947,474,1.0,1.0,19.7999992,26.1907139,0.0374834351,-0.0555390008,5.5703782e-05,30,1.25600004,1
474101100004284,234923415,2460103.7369535975,60103.2341551,19.5800362,0.0878630057,0,zg,195.7071008,1.8216685,0.58099997,-0.0710000023,20230608234144,474,1.0,1.0,21.3299999,26.164587,0.0313768238,-0.0582571253,1.96265828e-05,30,1.32299995,1
474101100004284,235122701,2460105.7296393155,60105.2270139,19.4637547,0.080730319,0,zg,195.7070671,1.8216474,0.861000001,0.074000001,20230610227002,474,1.0,1.0,21.4799995,26.2052937,0.0282738414,-0.081605196,1.56841015e-05,30,1.31500006,1
474101100004284,235521600,2460109.7182776947,60109.2160069,19.5003357,0.0829169676,0,zg,195.7071132,1.8216375,0.838,-0.0370000005,20230614216007,474,1.0,1.0,21.2299995,26.1868,0.0319398269,-0.0749361217,2.00543072e-05,30,1.31400001,1
474101100004284,235723446,2460111.7365551875,60111.2344676,19.7009506,0.0958424211,0,zg,195.7070893,1.8216096,1.15999997,-0.180000007,20230616234456,474,1.0,1.0,21.4099998,26.1659851,0.0296215247,-0.0692234039,1.68260831e-05,30,1.45099998,1
474101100004284,235927085,2460113.772756979,60113.2708565,19.4238644,0.0784053877,0,zg,195.7071208,1.8216747,0.528999984,0.0710000023,20230618270856,474,1.0,1.0,21.1599998,26.1004944,0.0282218195,-0.0528578646,1.57816703e-05,30,1.88600004,1
474101100004284,236124883,2460115.750547845,60115.248831,19.4030991,0.0772194788,0,zg,195.7071223,1.8216497,0.949000001,-0.0480000004,20230620248831,474,1.0,1.0,21.2700005,26.1668949,0.0298992489,-0.0438999012,1.72267319e-05,30,1.67299998,1
474101100004284,236523892,2460119.740265019,60119.2389236,19.7201424,0.0971612632,0,zg,195.7070196,1.8216993,1.20799994,-0.231999993,20230624238924,474,1.0,1.0,20.6900005,26.1418915,0.0356385931,-0.0769528225,2.91821743e-05,30,1.68400002,1
474101100004284,256946953,2460323.9706570315,60323.469537,19.5769806,0.0876687914,0,zg,195.7070647,1.8215715,0.552999973,0.0199999996,20240114469537,474,1.0,1.0,20.7000008,26.233696,0.0345675088,-0.0547713563,2.75363909e-05,30,1.27100003,1
474101100004284,257152560,2460326.0269242134,60325.5256019,19.3836803,0.0761256367,0,zg,195.70702,1.8216625,1.48599994,0.00700000022,20240116525602,474,1.0,1.0,21.4799995,26.2572727,0.0275398716,-0.0533918105,1.48438367e-05,30,1.14400005,1
474101100004284,259737148,2460351.8751333705,60351.3714815,19.5244026,0.084384203,0,zg,195.7070757,1.8216418,0.582000017,-0.057,20240211371470,474,1.0,1.0,20.9799995,26.2071781,0.0359966531,-0.0605997667,2.66150528e-05,30,1.37100005,1
474101100004284,259941694,2460353.9207560206,60353.4169444,19.504467,0.08316724,0,zg,195.707064,1.8216485,1.074,-0.0240000002,20240213416944,474,1.0,1.0,21.3999996,26.2527409,0.0283518657,-0.0595278889,1.56416718e-05,30,1.18599999,1
474101100004284,260141531,2460355.9192756023,60355.4153125,19.5613976,0.0866839811,0,zg,195.7070644,1.8216281,0.851999998,-0.0240000002,20240215415301,474,1.0,1.0,21.3500004,26.2520771,0.0317360982,-0.0729347467,1.9710862e-05,30,1.17799997,1
474101100004284,260939753,2460363.902054593,60363.3975347,18.7605076,0.0481716096,0,zg,195.7071538,1.8213577,1.09200001,0.287999988,20240223397523,474,1.0,1.0,19.1000004,26.0125294,0.0414929464,-0.0387852676,0.000125347113,30,1.171,1
474101100004284,261547902,2460369.983915854,60369.4790278,19.545948,0.0857170373,0,zg,195.7071171,1.8216489,0.799000025,0.0710000023,20240229478854,474,1.0,1.0,20.7999992,26.2644043,0.0364542305,-0.0768825859,3.0053212e-05,30,1.22399998,1
474101100004284,262529135,2460379.7967234477,60379.2913542,19.5264416,0.0845095962,0,zg,195.7070421,1.8216612,0.859000027,-0.0799999982,20240310291354,474,1.0,1.0,21.1900005,26.0196571,0.0324660279,-0.0730416924,2.12178875e-05,30,1.39300001,1
474101100004284,263440023,2460388.905912359,60388.4002315,19.5051537,0.0832089037,0,zg,195.7070688,1.8216374,0.57099998,-0.0780000016,20240319400231,474,1.0,1.0,20.9300003,26.2509346,0.0344606526,-0.0692390352,2.49205332e-05,30,1.16499996,1
474101100004284,263730616,2460391.811920672,60391.306169,19.3730202,0.0755312741,0,zg,195.7070603,1.8216326,0.727999985,-0.0320000015,20240322306169,474,1.0,1.0,20.4500008,26.2134075,0.0356958881,-0.0343671292,3.29951145e-05,30,1.20099998,1
474101100004284,264429918,2460398.8050542274,60398.2991898,19.5583668,0.086493507,0,zg,195.7071797,1.8215218,0.99000001,-0.233999997,20240329299144,474,1.0,1.0,20.5,26.2289963,0.0378825963,-0.0382574536,3.5405672e-05,30,1.176,1
474101100004284,265031172,2460404.8176200576,60404.3117245,19.5354843,0.0850674361,0,zg,195.7070342,1.821638,0.411000013,0.023,20240404311713,474,1.0,1.0,21.2700005,26.2489223,0.0296763387,-0.0647281185,1.69742525e-05,30,1.14300001,1
474101100004284,265431273,2460408.818613809,60408.3127315,19.4651852,0.0808148533,0,zg,195.7070382,1.8216422,1.29200006,-0.140000001,20240408312720,474,1.0,1.0,21.4799995,26.2290211,0.02702884,-0.078753911,1.45175154e-05,30,1.13999999,1
474101100004284,265523493,2460409.742021257,60409.2349306,19.4124069,0.0777489692,0,zg,195.7070617,1.8216005,0.810000002,0.00400000019,20240409234931,474,1.0,1.0,21.2900009,28.44701,0.022260109,-0.0708266199,9.57648444e-06,240,1.26999998,1
474101100004284,265929839,2460413.8042191425,60413.2983912,19.5639153,0.086842455,0,zg,195.7070405,1.8216531,1.08899999,-0.119000003,20240413298380,474,1.0,1.0,21.5900002,26.2294292,0.0259589963,-0.0648038313,1.31939987e-05,30,1.13999999,1
474101100004284,266333741,2460417.8431725646,60417.337419,19.5545559,0.0862546414,0,zg,195.7070942,1.8217425,1.13399994,-0.0829999968,20240417337419,474,1.0,1.0,20.6800003,26.1819649,0.03624909,-0.079850927,3.0695548e-05,30,1.19599998,1
474101100004284,266937611,2460423.8817041223,60423.3761111,19.3128853,0.0722598508,0,zg,195.7070319,1.8217921,0.463,-0.232999995,20240423375787,474,1.0,1.0,19.6900005,26.2340469,0.0373239443,-0.0506986305,6.20515202e-05,30,1.426,1
474101100004284,267529153,2460429.79691975,60429.2915394,19.4984188,0.0828010738,0,zg,195.707107,1.8216532,1.24100006,0.116999999,20240429291539,474,1.0,1.0,21.4599991,26.2447586,0.0281695947,-0.0764163584,1.56153255e-05,30,1.16999996,1
474101100004284,267926812,2460433.7733325707,60433.268125,19.5414963,0.0854401141,0,zg,195.7070734,1.8216688,0.465999991,0.0439999998,20240503268125,474,1.0,1.0,21.8600006,26.1577892,0.0251611415,-0.0590310916,1.23649597e-05,30,1.153,1
474101100004284,268329052,2460437.795530095,60437.2905208,19.4093437,0.0775743872,0,zg,195.7070819,1.8215703,0.72299999,-0.00499999989,20240507290521,474,1.0,1.0,21.0400009,26.2543755,0.0331173576,-0.0968820155,2.22173749e-05,30,1.21599996,1
474101100004284,268429762,2460438.8025833583,60438.2976273,19.5801373,0.0878694504,0,zg,195.707101,1.8215883,0.537,0.00600000005,20240508297627,474,1.0,1.0,21.4699993,26.2146397,0.0296098087,-0.081137903,1.69359082e-05,30,1.24600005,1
474101100004284,268529951,2460439.804415604,60439.2995139,19.3165512,0.0724553466,0,zg,195.7071159,1.8216503,0.992999971,-0.0130000003,20240509299514,474,1.0,1.0,20.8899994,26.125597,0.0330714434,-0.0666483119,2.29912384e-05,30,1.26199996,1
474101100004284,268731725,2460441.8220449807,60441.3172569,19.4918289,0.0824037865,0,zg,195.7069794,1.8217206,0.509000003,-0.0270000007,20240511317245,474,1.0,1.0,20.8700008,26.1440983,0.0336471573,-0.0547675602,2.37720378e-05,30,1.36699998,1
474101100004284,268929611,2460443.800782537,60443.2961111,19.7168217,0.0969320461,0,zg,195.7070453,1.8216648,0.624000013,-0.112999998,20240513296111,474,1.0,1.0,21.0799999,26.1481361,0.0306106284,-0.053157784,1.8996403e-05,30,1.29100001,1
474101100004284,269127628,2460445.78083436,60445.2762847,19.4452801,0.0796458125,0,zg,195.7070169,1.8216596,1.08000004,-0.0320000015,20240515276285,474,1.0,1.0,21.0200005,26.1775455,0.0303736627,-0.0657028705,1.9176121e-05,30,1.23800004,1
474101100004284,269325570,2460447.7601290355,60447.255706,19.5961781,0.088895157,0,zg,195.7069909,1.8217151,1.00100005,-0.0759999976,20240517255694,474,1.0,1.0,20.5200005,26.2234039,0.0376674347,-0.0887442529,3.68342953e-05,30,1.19700003,1
474101100004284,270325001,2460457.7537262132,60457.2500116,19.4801216,0.0817022324,0,zg,195.7070719,1.8216383,1.03400004,0.0700000003,20240527250000,474,1.0,1.0,21.3999996,26.243372,0.0296802912,-0.0841782764,1.7367307e-05,30,1.26100004,1
474101100004284,270523567,2460459.7392325397,60459.2356713,19.7244263,0.0974575281,0,zg,195.7070594,1.8217084,0.843999982,0.00100000005,20240529235660,474,1.0,1.0,21.5100002,26.2346802,0.0311217066,-0.0827765167,1.87322548e-05,30,1.23099995,1
474101100004284,270723568,2460461.739085794,60461.2356829,19.5145512,0.0837808698,0,zg,195.7070305,1.8216977,1.43799996,-0.0869999975,20240531235671,474,1.0,1.0,21.2999992,26.1917248,0.0308573861,-0.0934468955,1.88267422e-05,30,1.24899995,1
474101100004284,270921376,2460463.7170042507,60463.2137616,19.4674625,0.0809495449,0,zg,195.7069763,1.8216474,1.44000006,-0.0109999999,20240602213762,474,1.0,1.0,21.0499992,26.2278767,0.0307533108,-0.0854917616,1.87266505e-05,30,1.20099998,1
474101100004284,271919337,2460473.6957653067,60473.1933796,19.4173279,0.078030251,0,zg,195.7070951,1.8216396,0.578000009,-0.0689999983,20240612193356,474,1.0,1.0,20.9200001,26.1671257,0.0346612707,-0.0593068227,2.44060338e-05,30,1.21899998,1
474101100004284,272521530,2460479.717137935,60479.2153009,19.5833664,0.0880751386,0,zg,195.7069772,1.821823,0.416000009,-0.111000001,20240618215301,474,1.0,1.0,20.0499992,26.2365837,0.0409435667,-0.0662736744,5.50400073e-05,30,1.37699997,1
474101100004284,272723436,2460481.736012464,60481.2343634,19.3856335,0.0762349889,0,zg,195.7071316,1.8216172,0.254999995,-0.0350000001,20240620234352,474,1.0,1.0,20.0400009,26.1816235,0.0424446203,-0.0388852768,6.05174719e-05,30,1.551,1
474101100004284,272921447,2460483.71594229,60483.2144792,19.5090828,0.0834476203,0,zg,195.7070672,1.8217074,0.842999995,0.0489999987,20240622214468,474,1.0,1.0,20.3299999,26.2300549,0.0372375734,-0.0546285324,3.99544224e-05,30,1.44000006,1
474101100004284,273322424,2460487.725330024,60487.2242477,19.4566154,0.0803096518,0,zg,195.7070511,1.8216231,0.879999995,0.0469999984,20240626224248,474,1.0,1.0,20.9699993,26.149416,0.0367912203,-0.0683776066,2.75838956e-05,30,1.60899997,1
474101100004284,273518773,2460489.688625766,60489.1877315,19.4780464,0.0815784037,0,zg,195.7071022,1.821625,0.860000014,0.0320000015,20240628187731,474,1.0,1.0,21.1299992,26.1972198,0.0297374539,-0.0559611358,1.76803696e-05,30,1.37600005,1
474101100004284,274020753,2460494.7079448355,60494.2075347,19.4353447,0.0790681317,0,zg,195.7070498,1.8216464,0.940999985,-0.125,20240703207535,474,1.0,1.0,21.0200005,26.1570148,0.035684064,-0.0399729684,2.6497537e-05,30,1.63300002,1
474301100021996,47829413,2458232.7997106668,58232.2941319,20.0372982,0.171943754,0,zi,195.7070207,1.8216272,0.739000022,-0.064000003,20180424294109,474,1.0,1.0,20.4099998,25.4122982,0.0237422436,0.182732433,1.20621435e-05,30,1.15600002,2
474301100021996,52417137,2458278.67407086,58278.1713773,19.7888527,0.151853472,0,zi,195.7070264,1.8217656,0.968999982,-0.307999998,20180609171308,474,1.0,1.0,20.2099991,25.3828526,0.0286736712,0.178089827,1.80100396e-05,30,1.16100001,2
474301100021996,52918216,2458283.6844132557,58283.1821644,20.0702839,0.174336493,0,zi,195.7071101,1.8217592,0.69599998,-0.0489999987,20180614182153,474,1.0,1.0,20.3799992,25.3962841,0.0276147109,0.189043358,1.70637195e-05,30,1.20599997,2
474301100021996,80744225,2458561.9479193254,58561.4422569,19.6143055,0.136915565,0,zi,195.707168,1.8216815,0.513999999,-0.300999999,20190319442164,474,1.0,1.0,19.8500004,25.3223057,0.0318904631,0.180742249,2.22402177e-05,30,1.26900005,2
474301100021996,82727412,2458581.7800072916,58581.2741204,19.7650642,0.149825379,0,zi,195.7070479,1.8217407,0.629000008,-0.0799999982,20190408274120,474,1.0,1.0,20.1800003,25.3150654,0.027052911,0.185220882,1.53708424e-05,30,1.17700005,2
474301100021996,85325412,2458607.7593153627,58607.2541204,19.6471329,0.13972117,0,zi,195.7070669,1.8217038,0.777999997,0.148000002,20190504254120,474,1.0,1.0,20.6599998,25.2991333,0.0226937477,0.185013101,1.12895896e-05,30,1.14499998,2
474301100021996,85815031,2458612.655261014,58612.1503125,19.7343178,0.147195026,0,zi,195.7070664,1.8216418,0.640999973,-0.103,20190509150312,474,1.0,1.0,20.2999992,25.291317,0.0266761128,0.173348352,1.59087012e-05,30,1.28999996,2
474301100021996,86219168,2458616.6964100464,58616.1916898,19.5610657,0.132392108,0,zi,195.7071256,1.8215655,0.995000005,-0.331999987,20190513191690,474,1.0,1.0,20.1800003,25.2830658,0.0276867412,0.185457408,1.69777068e-05,30,1.15699995,2
474301100021996,87417156,2458628.67548631,58628.1715625,19.8680439,0.158526808,0,zi,195.7071351,1.8217375,0.620000005,-0.0890000015,20190525171562,474,1.0,1.0,20.5200005,25.3050442,0.0272028912,0.187413692,1.71113861e-05,30,1.14600003,2
474301100021996,88327386,2458637.7770799464,58637.2738657,19.7427959,0.1479211,0,zi,195.7070428,1.8214743,1.14300001,-0.189999998,20190603273819,474,1.0,1.0,20.5200005,25.2817955,0.0264520384,0.189455822,1.59029987e-05,30,1.48199999,2
474301100021996,147452628,2459229.0274862475,59228.5262847,19.5722561,0.133339584,0,zi,195.7070429,1.8216349,1.42799997,-0.0949999988,20210114526285,474,1.0,1.0,20.8600006,25.4602566,0.0219753608,0.188857496,1.04361989e-05,30,1.14600003,2
474301100021996,147750423,2459232.0057292692,59231.5042361,19.5838394,0.134322166,0,zi,195.7070926,1.8215871,1.42700005,-0.0240000002,20210117504236,474,1.0,1.0,20.8700008,25.3908386,0.0237384718,0.190302953,1.23983955e-05,30,1.15900004,2
474301100021996,150134881,2459255.8524512514,59255.3488194,19.9786091,0.167476282,0,zi,195.7071782,1.8216846,0.676999986,0.0649999976,20210210348808,474,1.0,1.0,20.6499996,25.4236088,0.0206675306,0.185040936,9.30381429e-06,30,1.53199995,2
474301100021996,150838003,2459262.8841976915,59262.3800347,19.8974342,0.160958052,0,zi,195.7071866,1.8216257,0.458000004,0.074000001,20210217380035,474,1.0,1.0,20.4699993,25.4494343,0.0218793582,0.185398906,1.0569448e-05,30,1.25100005,2
474301100021996,151135435,2459265.858721679,59265.3543519,19.7798691,0.151088461,0,zi,195.7070086,1.821616,0.638000011,-0.105999999,20210220354352,474,1.0,1.0,20.5300007,25.4558697,0.0230218545,0.177898675,1.14619297e-05,30,1.32200003,2
474301100021996,151441140,2459268.9159709597,59268.4114005,19.7495804,0.148501694,0,zi,195.7070909,1.8216936,0.967999995,-0.216999993,20210223411377,474,1.0,1.0,20.6100006,25.4785805,0.02218429,0.178276017,1.06160605e-05,30,1.14999998,2
474301100021996,152634253,2459280.8477640916,59280.3425347,19.4835434,0.125893503,0,zi,195.7071895,1.8216316,0.764999986,-0.135000005,20210307342535,474,1.0,1.0,20.3400002,25.3335438,0.0242979843,0.181851268,1.31296129e-05,30,1.21500003,2
474301100021996,153733265,2459291.838295469,59291.3326505,19.7830315,0.151357919,0,zi,195.7071254,1.8216341,0.665000021,-0.064000003,20210318332650,474,1.0,1.0,20.6800003,25.4460316,0.0221826546,0.18734403,1.1068606e-05,30,1.171,2
474301100021996,154135344,2459295.859196996,59295.3534491,19.8704891,0.158730283,0,zi,195.7070325,1.8217421,1.04200006,-0.0540000014,20210322353449,474,1.0,1.0,20.3899994,25.3994884,0.0248781834,0.187729895,1.38987334e-05,30,1.14100003,2
474301100021996,155931800,2459313.823885987,59313.3180093,19.9453392,0.164845109,0,zi,195.7071091,1.821647,0.666000009,0.0719999969,20210409318009,474,1.0,1.0,20.5100002,25.2473392,0.0262073614,0.182413936,1.5217779e-05,30,1.14199996,2
474301100021996,156225212,2459316.757975578,59316.2521296,19.7365417,0.147385478,0,zi,195.7071598,1.8216873,0.432999998,-0.0610000007,20210412252118,474,1.0,1.0,20.5100002,25.411541,0.0234586298,0.186114103,1.20110335e-05,30,1.19500005,2
474301100021996,156822700,2459322.7327413936,59322.2270023,19.8553505,0.157467842,0,zi,195.7070675,1.8216645,0.93900001,-0.101999998,20210418227002,474,1.0,1.0,20.5799999,25.3643513,0.0202121865,0.188387841,8.90318915e-06,30,1.21700001,2
474301100021996,158218472,2459336.6899894173,59336.1847222,19.6451244,0.13954924,0,zi,195.7070412,1.8215839,0.865999997,-0.261999995,20210502184722,474,1.0,1.0,20.4099998,25.4401245,0.0202941708,0.186152741,9.47313129e-06,30,1.22899997,2
474301100021996,158519346,2459339.698587481,59339.1934606,19.6594162,0.140773073,0,zi,195.7071444,1.8216816,0.342999995,-0.0890000015,20210505193449,474,1.0,1.0,20.7000008,25.3984165,0.0240305737,0.185306996,1.27503481e-05,30,1.18599999,2
474301100021996,158817320,2459342.6781810764,59342.173206,19.6537132,0.140284583,0,zi,195.7070867,1.821649,0.691999972,-0.00999999978,20210508173206,474,1.0,1.0,20.4599991,25.3917122,0.023815034,0.18458207,1.26537871e-05,30,1.21500003,2
474301100021996,159427341,2459348.778040725,59348.2734144,19.5009918,0.127345279,0,zi,195.7070754,1.8215953,1.17799997,0.0340000018,20210514273414,474,1.0,1.0,20.75,25.418993,0.022924399,0.182308868,1.19177748e-05,30,1.21899998,2
474301100021996,161218296,2459366.6863083285,59366.182963,19.7363338,0.147367716,0,zi,195.7071723,1.8216269,1.18400002,-0.00999999978,20210601182963,474,1.0,1.0,20.9099998,25.392334,0.0241088234,0.181146622,1.30913977e-05,30,1.14699996,2
474301100021996,161619293,2459370.695954287,59370.1929398,19.5137806,0.128413618,0,zi,195.70714,1.8216374,0.939999998,-0.0399999991,20210605192940,474,1.0,1.0,20.4300003,25.4087811,0.0224771835,0.186466411,1.13272781e-05,30,1.17299998,2
474301100021996,161920812,2459373.7108820225,59373.208125,19.9347286,0.163993448,0,zi,195.707194,1.8217403,0.943000019,-0.0769999996,20210608208113,474,1.0,1.0,20.3799992,25.4377289,0.0221510325,0.183967352,1.0564966e-05,30,1.22800004,2
474301100021996,162219172,2459376.69422016,59376.1917245,19.7426147,0.147905588,0,zi,195.7070474,1.821595,0.787,-0.0989999995,20210611191678,474,1.0,1.0,20.7199993,25.429615,0.0228563845,0.18519865,1.14741915e-05,30,1.20500004,2
474301100021996,162525622,2459379.7584479777,59379.2562269,19.6487598,0.139860466,0,zi,195.7071281,1.8216744,0.924000025,0.115000002,20210614256227,474,1.0,1.0,20.6499996,25.3977604,0.0248861704,0.184905425,1.36436302e-05,30,1.59500003,2
474301100021996,164719281,2459401.6929562804,59401.1928125,19.4805393,0.125644267,0,zi,195.7070436,1.8215976,0.470999986,-0.162,20210706192801,474,1.0,1.0,19.9899998,25.4105396,0.033733312,0.18545045,2.55732357e-05,30,1.56400001,2
474301100021996,188237958,2459636.8843209725,59636.3795833,19.7584019,0.14925611,0,zi,195.7070934,1.8217682,0.455000013,-0.147,20220226379572,474,1.0,1.0,20.3500004,25.4714012,0.0227639582,0.188106135,1.09727316e-05,30,1.18700004,2
474301100021996,188535879,2459639.8637064286,59639.3587963,19.4007015,0.119105272,0,zi,195.707039,1.8217448,0.787999988,0.81400001,20220301358785,474,1.0,1.0,19.5799999,25.4907017,0.0366378836,0.185790688,2.99949879e-05,30,1.21700001,2
474301100021996,192129942,2459675.80531481,59675.2994213,19.7708607,0.150320172,0,zi,195.7070235,1.8216483,0.382999986,-0.0860000029,20220406299421,474,1.0,1.0,20.7800007,25.3858604,0.020968724,0.182397828,9.57741213e-06,30,1.148,2
474301100021996,192436364,2459678.8695236337,59678.3636458,19.999649,0.169105724,0,zi,195.7071265,1.8216015,0.726000011,-0.103,20220409363634,474,1.0,1.0,20.7299995,25.4156494,0.0214462001,0.184821814,1.04107585e-05,30,1.20299995,2
474301100021996,193636204,2459690.8677150565,59690.3620486,19.9993057,0.169079334,0,zi,195.7071167,1.821647,0.720000029,0.0599999987,20220421362037,474,1.0,1.0,20.2600002,25.4053059,0.0220938232,0.183257133,1.12936577e-05,30,1.31099999,2
474301100021996,194022918,2459694.7347385185,59694.2291898,19.8163757,0.154188871,0,zi,195.7071074,1.8215733,0.751999974,-0.158000007,20220425229178,474,1.0,1.0,20.3999996,25.3463764,0.0218907036,0.184872061,1.05792096e-05,30,1.171,2
474301100021996,194631978,2459700.825096036,59700.3197801,19.6877079,0.14319855,0,zi,195.707059,1.8216824,0.550000012,-0.0170000009,20220501319780,474,1.0,1.0,20.7700005,25.416708,0.022531148,0.181556925,1.12240077e-05,30,1.25100005,2
474301100021996,197823545,2459732.738731428,59732.2354514,19.7831192,0.15136534,0,zi,195.7070556,1.8216343,0.882000029,-0.226999998,20220602235440,474,1.0,1.0,20.5100002,25.4321194,0.0211192798,0.182224497,9.72554881e-06,30,1.26199996,2
474301100021996,198323343,2459737.736299554,59737.2334375,19.7900524,0.15195553,0,zi,195.7071338,1.821659,0.349999994,0.0920000002,20220607233438,474,1.0,1.0,20.6200008,25.4350529,0.0214026794,0.183614165,9.90936951e-06,30,1.30999994,2
474301100021996,198819135,2459742.693783033,59742.1913542,19.3782005,0.117294565,0,zi,195.7070638,1.8216774,1.08399999,-0.237000003,20220612191343,474,1.0,1.0,20.0,25.4391994,0.0283916369,0.17761758,1.83645752e-05,30,1.21000004,2
474301100021996,199421586,2459748.7177499314,59748.2158681,19.6369362,0.138848677,0,zi,195.7071149,1.8216821,1.079,-0.00100000005,20220618215868,474,1.0,1.0,20.6299992,25.4459362,0.0196723007,0.188175306,8.23672872e-06,30,1.37300003,2
474301100021996,199823454,2459752.736055385,59752.2345486,19.7509956,0.148622766,0,zi,195.7070734,1.8217092,0.411000013,-0.0540000014,20220622234549,474,1.0,1.0,20.4300003,25.2959957,0.0244088117,0.185306981,1.34263946e-05,30,1.59000003,2
474301100021996,200119356,2459755.694791417,59755.1935648,19.93009,0.163619265,0,zi,195.7071036,1.8216133,0.698000014,-0.0719999969,20220625193565,474,1.0,1.0,20.6700001,25.4500904,0.0235128682,0.183972508,1.24155849e-05,30,1.35500002,2
474301100021996,200619340,2459760.6941503044,59760.1934028,19.7670822,0.149997711,0,zi,195.7071245,1.8216182,1.11899996,0.0960000008,20220630193391,474,1.0,1.0,20.6299992,25.3690834,0.0210820232,0.189326897,1.00587295e-05,30,1.43599999,2
474301100021996,200923305,2459763.7335095764,59763.2330556,19.6998863,0.144243091,0,zi,195.7069694,1.821788,1.22000003,-0.439999998,20220703233044,474,1.0,1.0,20.3500004,25.4258862,0.023619283,0.179300636,1.25132838e-05,30,1.94599998,2
474301100021996,203019520,2459784.693660425,59784.1952083,19.6490784,0.139887705,0,zi,195.7070498,1.8215233,0.572000027,0.0780000016,20220724195197,474,1.0,1.0,20.4099998,25.2660789,0.0279803704,0.185194522,1.80359202e-05,30,2.3440001,2
474301100021996,218354752,2459938.046586194,59937.5475231,19.7176857,0.145769566,0,zi,195.7071287,1.821679,0.819999993,-0.286000013,20221224547523,474,1.0,1.0,20.5,25.4766846,0.0213457905,0.182768881,9.86255691e-06,30,1.204,2
474301100021996,223347357,2459987.977334189,59987.4735764,19.6406136,0.139163241,0,zi,195.7070337,1.82158,0.79400003,0.215000004,20230212473576,474,1.0,1.0,20.4300003,25.4586124,0.0254347268,0.177577347,1.42901454e-05,30,1.14199996,2
474301100021996,224039350,2459994.897775017,59994.3935069,19.713583,0.145417735,0,zi,195.7071436,1.8217441,0.324000001,0.023,20230219393484,474,1.0,1.0,20.5900002,25.4015827,0.0213423558,0.185825765,1.01447113e-05,30,1.20000005,2
474301100021996,227539887,2460029.9046932487,60029.3988773,19.728653,0.146709666,0,zi,195.7070602,1.8216535,1.13300002,-0.280000001,20230326398866,474,1.0,1.0,20.6900005,25.4506531,0.0200332627,0.182801723,8.69147152e-06,30,1.19500005,2
474301100021996,227819233,2460032.698192943,60032.192338,19.7676258,0.150044128,0,zi,195.7071089,1.82161,0.425999999,-0.214000002,20230329192338,474,1.0,1.0,19.8500004,25.152626,0.0298926067,0.181075826,1.95981338e-05,30,1.86099994,2
474301100021996,228237598,2460036.8818726907,60036.3759838,19.74119,0.147783622,0,zi,195.7070735,1.8217896,0.40200001,0.00100000005,20230402375579,474,1.0,1.0,20.0699997,25.4731903,0.0237321313,0.180502251,1.2570029e-05,30,1.18599999,2
474301100021996,229036701,2460044.872885471,60044.3670139,19.6458225,0.139609039,0,zi,195.7070479,1.8216947,1.12100005,-0.228,20230410367002,474,1.0,1.0,20.3999996,25.448822,0.0221391302,0.183948874,1.07408187e-05,30,1.21800005,2
474301100021996,229629762,2460050.803416948,60050.2976273,19.7967224,0.152522653,0,zi,195.7070756,1.8216031,0.77700001,0.0,20230416297616,474,1.0,1.0,21.0300007,25.4157219,0.0191846136,0.18377921,8.38790402e-06,30,1.14100003,2
474301100021996,230134258,2460055.848255189,60055.342581,19.7785149,0.150973022,0,zi,195.7071515,1.821727,0.714999974,-0.189999998,20230421342569,474,1.0,1.0,20.5200005,25.4505157,0.0218949448,0.183769688,1.06945545e-05,30,1.23399997,2
474301100021996,230737988,2460061.885366536,60061.3798843,19.6311302,0.13835232,0,zi,195.7070658,1.8216729,0.518999994,0.0209999997,20230427379873,474,1.0,1.0,20.6599998,25.4071312,0.021174524,0.188194543,9.95475602e-06,30,1.51800001,2
474301100021996,232527857,2460079.78317219,60079.2785764,19.6011486,0.135794163,0,zi,195.7070246,1.8217153,1.02699995,0.0520000011,20230515278576,474,1.0,1.0,20.4799995,25.3831482,0.0231202003,0.187970445,1.17896425e-05,30,1.23899996,2
474301100021996,233029703,2460084.801307081,60084.297037,19.4668274,0.124509454,0,zi,195.7070726,1.8216483,1.14499998,-0.244000003,20230520297025,474,1.0,1.0,20.5599995,25.3488274,0.0261260215,0.182862252,1.50011692e-05,30,1.38,2
474301100021996,233527223,2460089.776151793,60089.2722338,19.7744217,0.150623992,0,zi,195.7070733,1.8215267,1.10699999,-0.0320000015,20230525271956,474,1.0,1.0,20.4699993,25.3894215,0.0247196034,0.185420454,1.40182374e-05,30,1.32099998,2
474301100021996,235619634,2460110.6985247233,60110.1963426,19.6049652,0.136119291,0,zi,195.7070875,1.8215791,0.871999979,0.0949999988,20230615196331,474,1.0,1.0,20.5599995,25.3999653,0.0226547327,0.185151279,1.14659533e-05,30,1.24699998,2
474301100021996,235919324,2460113.6951484117,60113.1932407,19.7864628,0.151650041,0,zi,195.7071317,1.8215987,0.882000029,0.0560000017,20230618193229,474,1.0,1.0,20.6299992,25.435463,0.0220397655,0.18413499,1.04214087e-05,30,1.26499999,2
474301100021996,236323605,2460117.7375838263,60117.2360532,19.5783901,0.133859664,0,zi,195.7070691,1.8216835,0.630999982,0.0130000003,20230622236042,474,1.0,1.0,20.5699997,25.4323902,0.0232217181,0.184633255,1.17499603e-05,30,1.59800005,2
474301100021996,238319299,2460137.6926107244,60137.1929977,19.4688129,0.124673441,0,zi,195.7070237,1.8216578,0.754999995,-0.152999997,20230712192986,474,1.0,1.0,20.4899998,25.3708134,0.0257431678,0.184409499,1.43468242e-05,30,1.72099996,2
474301100021996,238621646,2460140.715792411,60140.2164699,19.3806763,0.117493071,0,zi,195.7070554,1.8215401,0.419,-0.0909999982,20230715216470,474,1.0,1.0,20.1000004,25.3636761,0.0280478857,0.183823317,1.7996208e-05,30,2.24799991,2
474301100021996,256154093,2460316.041268255,60315.5409375,19.7348671,0.147242099,0,zi,195.7070096,1.8217862,0.566999972,-0.140000001,20240106540938,474,1.0,1.0,20.4599991,25.4758682,0.0209961832,0.181524515,9.45356805e-06,30,1.15400004,2
474301100021996,256854416,2460323.0451952987,60322.5441667,19.5608292,0.132372141,0,zi,195.7071186,1.8216827,0.509000003,-0.0700000003,20240113544120,474,1.0,1.0,20.4300003,25.4728298,0.0256790705,0.182753995,1.52612574e-05,30,1.14100003,2
474301100021996,257142628,2460325.927597203,60325.4262847,20.1115913,0.177188426,0,zi,195.7072449,1.8217123,0.953000009,-0.192000002,20240116426285,474,1.0,1.0,20.2700005,25.4325924,0.0243907254,0.185823053,1.29473365e-05,30,1.47599995,2
474301100021996,260042741,2460354.931307794,60354.427419,19.7664566,0.149944276,0,zi,195.7070803,1.8215774,0.545000017,0.0309999995,20240214427407,474,1.0,1.0,20.8099995,25.4624557,0.0194563605,0.183895901,8.11070913e-06,30,1.16299999,2
474301100021996,260347649,2460357.980607551,60357.4764931,19.8286285,0.155223697,0,zi,195.7070046,1.8216788,0.940999985,-0.179000005,20240217476493,474,1.0,1.0,20.6100006,25.4766293,0.0212242324,0.181457788,9.87736894e-06,30,1.15400004,2
474301100021996,261535777,2460369.862659009,60369.3577778,19.6753426,0.142138124,0,zi,195.7070794,1.821627,0.782000005,-0.0649999976,20240229357766,474,1.0,1.0,20.3899994,25.4443436,0.0420629531,0.17299743,4.15322429e-05,30,1.22399998,2
474301100021996,265533401,2460409.841453279,60409.3340162,19.8187618,0.154390708,0,zi,195.7070585,1.8216344,0.558000028,-0.0590000004,20240409334005,474,1.0,1.0,21.3500004,27.9537621,0.0119698532,0.17964308,3.05863546e-06,300,1.15400004,1
474301100021996,268319321,2460437.69823196,60437.1932176,19.6716118,0.141818225,0,zi,195.7070699,1.8216432,0.998000026,-0.166999996,20240507193218,474,1.0,1.0,20.8099995,25.4346123,0.0216749758,0.17999436,1.04781511e-05,30,1.17499995,1
474301100021996,268418591,2460438.690876432,60438.1859144,19.5273533,0.129551172,0,zi,195.7070337,1.821561,0.850000024,-0.050999999,20240508185891,474,1.0,1.0,20.4699993,25.4293537,0.0221063215,0.182802171,1.06754696e-05,30,1.18400002,1
