MJD,m,dm,uJy,duJy,F,err,chi/N,RA,Dec,x,y,maj,min,phi,apfit,mag5sig,Sky,Obs
57240.403827,-21.497,3.8,-9,35,o,0,0.62,282.18089,33.08094,10324.46,8002.34,3.97,3.31,-89.9,-0.453,19.09,20.78,02a57240o0066o
57300.253165,-22.802,17.5,-3,48,o,0,0.81,282.18089,33.08094,801.6,8016.95,4.18,3.65,-52.7,-0.444,18.51,20.01,02a57300o0133o
57300.255059,19.208,0.588,75,44,o,0,1.06,282.18089,33.08094,10350.5,8017.25,4.55,3.67,86.4,-0.485,18.6,20.11,02a57300o0139o
57302.259398,19.866,0.824,41,34,o,0,0.75,282.18089,33.08094,10334.98,8017.47,5.01,3.74,87.7,-0.468,19.04,20.76,02a57302o0116o
57314.231096,-21.001,1.812,-14,26,c,0,0.83,282.18089,33.08094,2240.29,6533.55,4.44,3.61,-63.5,-0.458,19.1,20.83,02a57314o0054c
57314.252217,20.201,0.824,30,25,c,0,1.1,282.18089,33.08094,2238.55,6532.66,4.4,3.57,-60.1,-0.45,19.08,20.79,02a57314o0086c
57314.271044,-20.244,0.893,-29,26,c,0,0.99,282.18089,33.08094,775.47,8025.62,4.92,3.83,-58.6,-0.464,18.99,20.72,02a57314o0115c
57314.272462,19.713,0.609,47,29,c,0,0.79,282.18089,33.08094,10328.42,8032.33,5.04,3.79,85.5,-0.444,19.05,20.78,02a57314o0117c
57314.295025,-20.581,1.19,-21,25,c,0,0.97,282.18089,33.08094,773.53,8027.03,4.89,3.73,-57.9,-0.454,18.96,20.63,02a57314o0149c
57314.29631,20.184,0.833,31,26,c,0,1.0,282.18089,33.08094,10323.28,8034.17,5.0,3.81,84.3,-0.429,19.02,20.72,02a57314o0151c
57315.212764,19.857,1.75,41,72,c,0,0.88,282.18089,33.08094,2239.58,6536.16,4.45,3.44,-66.0,-0.505,17.99,19.28,02a57315o0042c
57315.226891,-23.44,45.0,-2,69,c,0,1.07,282.18089,33.08094,2234.13,6535.55,4.52,3.49,-66.9,-0.478,17.92,19.08,02a57315o0064c
57315.245591,-19.44,0.579,-61,35,c,0,1.07,282.18089,33.08094,768.23,8028.95,4.77,3.51,-65.1,-0.442,18.69,20.11,02a57315o0093c
57315.247514,21.617,4.571,8,37,c,0,1.04,282.18089,33.08094,10319.99,8034.12,5.17,3.85,84.9,-0.458,18.71,20.23,02a57315o0096c
57315.264419,-19.188,0.59,-77,45,c,0,0.97,282.18089,33.08094,769.93,8027.42,4.93,3.71,-59.8,-0.463,18.39,19.81,02a57315o0122c
57315.266378,-19.718,0.846,-47,40,c,0,1.21,282.18089,33.08094,10321.82,8033.67,5.08,3.78,85.0,-0.45,18.56,19.98,02a57315o0125c
57316.252943,0.0,20.222,0,30,c,0,1.28,282.18089,33.08094,754.88,8025.06,4.86,3.73,-61.1,-0.464,18.78,20.2,02a57316o0074c
57316.254901,19.014,0.356,90,32,c,0,1.14,282.18089,33.08094,10305.86,8029.23,5.08,3.89,84.0,-0.441,18.8,20.25,02a57316o0077c
57316.26854,-19.647,0.714,-50,36,c,0,0.96,282.18089,33.08094,757.62,8025.77,4.93,3.77,-59.5,-0.465,18.72,20.16,02a57316o0098c
57316.271164,-20.166,1.069,-31,33,c,0,1.05,282.18089,33.08094,10309.75,8031.58,5.18,3.88,85.9,-0.437,18.75,20.22,02a57316o0102c
57319.209518,20.048,1.429,35,50,o,0,0.95,282.18089,33.08094,2309.73,6544.41,3.91,3.15,-60.1,-0.508,18.41,19.56,02a57319o0049o
57319.217464,-21.281,4.545,-11,51,o,0,1.04,282.18089,33.08094,2306.49,6540.44,4.08,3.15,-62.8,-0.528,18.41,19.59,02a57319o0061o
57319.240868,20.871,3.0,16,49,o,0,0.8,282.18089,33.08094,836.01,8030.02,4.75,3.23,-62.9,-0.461,18.4,19.54,02a57319o0096o
57319.242808,-19.019,0.6,-90,54,o,0,0.92,282.18089,33.08094,10386.02,8040.16,5.13,3.39,84.4,-0.441,18.41,19.55,02a57319o0099o
57319.271354,20.164,1.7,31,53,o,0,0.85,282.18089,33.08094,833.95,8030.2,4.72,3.17,-63.9,-0.46,18.34,19.41,02a57319o0142o
57319.27402,20.375,1.955,26,50,o,0,1.04,282.18089,33.08094,10383.09,8041.22,5.0,3.51,84.1,-0.489,18.35,19.44,02a57319o0146o
57324.192924,21.143,7.846,13,99,o,0,1.2,282.18089,33.08094,2340.52,6547.46,4.32,3.46,-71.2,-0.523,17.51,17.81,02a57324o0037o
57324.203392,19.883,1.0,40,40,o,0,0.95,282.18089,33.08094,2337.42,6547.82,4.37,3.62,-69.5,-0.483,18.66,20.11,02a57324o0053o
57324.215243,19.928,0.795,39,31,o,0,1.4,282.18089,33.08094,10423.44,8048.22,4.46,3.46,77.4,-0.497,18.87,20.42,02a57324o0071o
57324.21907,19.758,0.905,45,41,o,0,0.82,282.18089,33.08094,870.11,8038.62,4.62,3.48,-65.2,-0.452,18.79,20.31,02a57324o0077o
57324.235587,22.126,9.0,5,46,o,0,0.83,282.18089,33.08094,10422.3,8048.07,4.71,3.37,80.6,-0.466,18.53,19.78,02a57324o0102o
57324.240704,20.134,1.655,32,53,o,0,0.87,282.18089,33.08094,866.18,8037.69,4.7,3.46,-65.0,-0.449,18.4,19.59,02a57324o0110o
57327.225933,18.115,0.253,206,52,o,0,1.14,282.18089,33.08094,2363.67,6552.09,4.47,3.35,-73.7,-0.517,18.68,20.19,02a57327o0078o
57327.245092,20.594,2.053,21,43,o,0,0.87,282.18089,33.08094,2353.64,6556.65,4.5,3.28,-69.7,-0.467,18.6,20.08,02a57327o0104o
57327.25535,-22.997,19.5,-2,45,o,0,0.86,282.18089,33.08094,10442.9,8059.9,5.0,3.5,81.7,-0.512,18.6,20.08,02a57327o0120o
57327.270375,20.962,3.333,15,50,o,0,0.96,282.18089,33.08094,897.74,8047.55,5.11,3.29,-71.3,-0.468,18.55,20.01,02a57327o0143o
57327.277351,-21.342,4.556,-10,48,o,0,0.86,282.18089,33.08094,10448.3,8060.81,5.11,3.57,80.1,-0.486,18.57,20.05,02a57327o0154o
57487.584219,20.41,0.716,25,18,c,0,0.92,282.18089,33.08094,8533.65,3897.06,3.88,3.64,64.0,-0.441,19.53,21.48,02a57487o0704c
57487.608607,-21.005,2.182,-14,31,c,0,0.79,282.18089,33.08094,8829.5,4481.24,3.73,3.67,-45.9,-0.429,19.09,21.27,02a57487o0744c
57487.629463,22.718,5.333,3,16,c,0,0.95,282.18089,33.08094,7656.1,5068.18,3.75,3.45,78.4,-0.425,19.49,21.35,02a57487o0777c
57513.528099,-21.676,2.0,-8,16,c,0,1.1,282.18089,33.08094,8427.91,5015.96,3.91,3.51,78.4,-0.443,19.59,21.61,02a57513o0603c
57513.530518,20.609,0.721,21,15,c,0,1.1,282.18089,33.08094,8442.9,5054.57,3.85,3.43,78.1,-0.447,19.6,21.61,02a57513o0608c
57513.544345,22.964,6.571,2,16,c,0,0.67,282.18089,33.08094,8378.81,4977.81,3.82,3.47,79.0,-0.437,19.63,21.69,02a57513o0632c
57513.558889,20.954,1.0,15,15,c,0,0.85,282.18089,33.08094,8358.22,5094.5,3.76,3.33,80.8,-0.446,19.67,21.69,02a57513o0658c
57513.582632,-20.329,0.549,-27,15,c,0,0.95,282.18089,33.08094,8405.07,5033.59,3.81,3.4,78.1,-0.433,19.65,21.67,02a57513o0700c
57524.506473,-20.627,1.73,-20,35,o,0,1.09,282.18089,33.08094,7317.99,4458.46,3.61,3.35,80.1,-0.468,18.43,19.74,02a57524o0447o
57524.510097,-19.556,1.273,-55,70,o,0,1.14,282.18089,33.08094,7326.51,4495.2,3.52,3.21,82.4,-0.484,17.81,18.97,02a57524o0454o
57524.52272,-19.396,0.786,-63,50,o,0,0.9,282.18089,33.08094,7282.69,4417.37,3.57,3.28,82.0,-0.475,18.35,19.79,02a57524o0477o
57524.544007,19.78,0.516,44,23,o,0,0.87,282.18089,33.08094,7248.35,4532.19,3.62,3.35,80.3,-0.468,19.12,20.7,02a57524o0515o
57524.560713,18.395,0.399,159,64,o,0,2.08,282.18089,33.08094,7294.41,4474.25,3.67,3.43,77.5,-0.464,18.21,19.65,02a57524o0545o
57528.490401,21.753,6.786,7,49,o,0,0.95,282.18089,33.08094,9305.31,2725.86,4.4,3.94,49.2,-0.483,18.38,19.36,02a57528o0509o
57528.507433,19.837,1.09,42,46,o,0,0.95,282.18089,33.08094,9327.15,2766.84,4.18,3.72,54.9,-0.502,18.45,19.4,02a57528o0542o
57528.517286,-19.855,0.975,-42,40,o,0,1.08,282.18089,33.08094,9260.62,2688.63,4.46,3.97,51.1,-0.476,18.4,19.42,02a57528o0560o
57528.538775,18.367,0.3,163,49,o,0,1.1,282.18089,33.08094,9241.07,2804.99,4.11,3.57,53.5,-0.509,18.49,19.45,02a57528o0599o
57528.545383,-21.787,6.133,-7,43,o,0,0.92,282.18089,33.08094,9293.16,2743.44,4.19,3.67,46.8,-0.504,18.51,19.47,02a57528o0611o
57532.493277,21.17,3.4,12,42,o,0,1.08,282.18089,33.08094,8020.88,2314.23,4.22,3.76,22.6,-0.514,18.52,19.59,02a57532o0463o
57532.512446,20.419,1.792,25,44,o,0,0.82,282.18089,33.08094,8039.07,2348.09,4.12,3.62,22.2,-0.516,18.57,19.64,02a57532o0497o
57532.524235,19.885,0.932,40,38,o,0,1.13,282.18089,33.08094,7989.0,2270.99,4.07,3.57,21.7,-0.53,18.59,19.65,02a57532o0519o
57532.531377,-20.446,1.683,-24,40,o,0,0.85,282.18089,33.08094,2563.67,8146.12,3.8,3.35,-65.1,-0.484,18.61,19.63,02a57532o0533o
57532.539406,19.441,0.589,61,36,o,0,1.19,282.18089,33.08094,2527.1,8205.52,3.9,3.51,-61.5,-0.466,18.57,19.63,02a57532o0548o
57542.475477,-22.894,6.857,-2,17,c,0,0.84,282.18089,33.08094,7607.06,4876.41,3.84,3.56,80.3,-0.441,19.6,21.67,02a57542o0476c
57542.484506,20.743,0.904,18,16,c,0,0.76,282.18089,33.08094,7628.02,4913.9,3.85,3.52,79.0,-0.434,19.62,21.68,02a57542o0492c
57542.505357,-20.481,0.657,-23,15,c,0,0.93,282.18089,33.08094,7560.29,4835.36,3.8,3.55,73.4,-0.434,19.59,21.61,02a57542o0532c
57542.51259,-20.344,0.548,-26,14,c,0,1.0,282.18089,33.08094,3027.77,5587.26,3.9,3.57,-49.3,-0.442,19.55,21.56,02a57542o0546c
57542.529099,-20.407,0.727,-25,18,c,0,0.78,282.18089,33.08094,2973.06,5645.0,3.8,3.55,-56.1,-0.439,19.47,21.45,02a57542o0575c
57546.477767,-21.297,1.357,-11,15,c,0,1.18,282.18089,33.08094,194.31,5237.7,4.46,3.62,-47.8,-0.391,19.66,21.77,02a57546o0341c
57546.485439,22.828,5.714,3,15,c,0,1.11,282.18089,33.08094,9751.0,5277.83,4.15,3.44,74.6,-0.468,19.73,21.85,02a57546o0356c
57546.494822,-23.174,7.4,-2,14,c,0,1.26,282.18089,33.08094,9683.61,5200.14,4.18,3.52,75.8,-0.46,19.72,21.86,02a57546o0374c
57546.495307,22.587,4.667,3,16,c,0,0.81,282.18089,33.08094,212.59,5270.68,4.25,3.56,-49.9,-0.405,19.69,21.82,02a57546o0375c
57546.506542,21.371,1.5,10,15,c,0,1.01,282.18089,33.08094,147.03,5191.78,4.24,3.56,-46.0,-0.4,19.72,21.84,02a57546o0397c
57546.507995,21.254,1.323,11,15,c,0,0.99,282.18089,33.08094,9669.35,5316.31,4.05,3.39,76.1,-0.466,19.76,21.9,02a57546o0400c
57546.514525,21.695,2.0,8,15,c,0,1.04,282.18089,33.08094,130.8,5305.11,4.23,3.54,-47.2,-0.4,19.73,21.84,02a57546o0412c
57546.529361,21.947,2.636,6,16,c,0,1.29,282.18089,33.08094,10386.53,5287.56,5.0,4.34,29.0,-0.395,19.54,21.85,02a57546o0439c
57550.434847,20.503,0.672,23,15,c,0,1.1,282.18089,33.08094,8547.54,4437.55,4.11,3.6,73.0,-0.457,19.62,21.7,02a57550o0307c
57550.443754,20.412,0.641,25,16,c,0,1.02,282.18089,33.08094,8565.38,4473.14,4.07,3.61,71.7,-0.451,19.64,21.73,02a57550o0324c
57550.461465,20.823,1.022,17,17,c,0,0.77,282.18089,33.08094,8518.28,4399.69,4.01,3.58,73.6,-0.456,19.65,21.75,02a57550o0356c
57550.473593,20.403,0.621,25,16,c,0,1.06,282.18089,33.08094,8495.61,4515.6,4.03,3.6,68.9,-0.447,19.65,21.74,02a57550o0378c
57550.493392,23.235,8.8,2,16,c,0,0.95,282.18089,33.08094,8530.56,4458.32,3.94,3.61,71.8,-0.446,19.63,21.68,02a57550o0413c
57565.434018,-20.606,1.644,-21,34,o,0,1.1,282.18089,33.08094,7990.04,4113.05,3.77,3.37,72.6,-0.485,18.6,19.92,02a57565o0357o
57565.458102,-20.688,1.578,-19,30,o,0,1.15,282.18089,33.08094,2576.13,6398.27,3.76,3.38,-62.1,-0.475,18.67,20.16,02a57565o0398o
57565.466024,19.149,0.372,80,30,o,0,1.01,282.18089,33.08094,2642.21,6477.48,3.7,3.39,-59.6,-0.473,18.8,20.16,02a57565o0414o
57565.480807,-21.071,3.2,-14,43,o,0,0.84,282.18089,33.08094,2658.02,6359.73,3.65,3.28,-71.1,-0.479,18.46,19.55,02a57565o0439o
57565.494296,21.0,2.026,14,29,o,0,0.69,282.18089,33.08094,2623.38,6418.08,3.7,3.35,-70.2,-0.47,18.9,20.33,02a57565o0465o
57569.459158,19.266,0.742,71,53,o,0,0.75,282.18089,33.08094,2769.37,6235.14,3.92,3.6,-51.0,-0.446,18.44,20.14,02a57569o0420o
57569.478538,22.179,3.818,5,19,o,0,1.24,282.18089,33.08094,2785.6,6119.89,4.2,3.54,-76.4,-0.435,19.21,21.11,02a57569o0456o
57569.500004,-17.795,0.513,-277,142,o,0,0.74,282.18089,33.08094,2756.27,6178.13,3.73,3.42,-61.4,-0.465,17.35,18.87,02a57569o0496o
57599.434258,19.708,0.4,48,19,o,0,1.08,282.18089,33.08094,2434.44,7035.46,3.91,3.63,-64.7,-0.445,19.21,20.99,02a57599o0108o
57606.377211,20.99,1.147,15,17,c,0,0.77,282.18089,33.08094,2011.28,5264.36,4.18,3.87,-44.3,-0.421,19.63,21.85,02a57606o0144c
57606.389992,21.296,1.391,11,15,c,0,1.05,282.18089,33.08094,2058.47,5340.14,4.04,3.69,-46.3,-0.432,19.75,21.96,02a57606o0161c
57606.410997,-20.125,0.528,-32,17,c,0,0.83,282.18089,33.08094,2043.92,5281.69,4.15,3.62,-43.0,-0.475,19.71,21.93,02a57606o0186c
57610.354097,19.858,0.592,41,24,o,0,0.89,282.18089,33.08094,2054.44,6378.89,3.88,3.28,-57.0,-0.512,19.17,21.2,02a57610o0228o
57610.365029,-20.364,1.062,-26,28,o,0,0.66,282.18089,33.08094,2038.09,6340.03,3.86,3.28,-56.6,-0.511,19.16,21.19,02a57610o0248o
57610.385859,-20.478,0.949,-23,22,o,0,1.03,282.18089,33.08094,2105.36,6416.3,3.83,3.28,-56.6,-0.514,19.17,21.2,02a57610o0285o
57610.433021,0.0,20.365,0,26,o,0,0.82,282.18089,33.08094,2120.78,6297.98,3.76,3.24,-57.5,-0.52,19.12,21.09,02a57610o0302o
57610.436575,21.152,1.875,13,24,o,0,0.9,282.18089,33.08094,2090.6,6355.92,3.76,3.25,-58.7,-0.518,19.12,21.11,02a57610o0309o
57618.351794,20.785,2.51,18,44,o,0,1.19,282.18089,33.08094,3804.19,6284.45,3.56,3.2,-69.4,-0.488,18.3,19.52,02a57618o0277o
57618.361954,19.465,0.782,59,46,o,0,1.11,282.18089,33.08094,3788.81,6245.24,3.63,3.32,-65.3,-0.474,18.25,19.49,02a57618o0296o
57618.382323,20.431,1.942,24,47,o,0,0.97,282.18089,33.08094,3852.95,6321.77,3.59,3.29,-66.5,-0.478,18.23,19.42,02a57618o0333o
57618.404611,-19.796,1.025,-44,45,o,0,1.34,282.18089,33.08094,3871.45,6204.35,3.62,3.3,-62.8,-0.471,18.19,19.36,02a57618o0372o
57618.408278,-20.26,1.779,-29,51,o,0,1.23,282.18089,33.08094,3839.66,6262.2,3.69,3.35,-61.9,-0.469,18.17,19.35,02a57618o0379o
57622.338769,-20.945,1.5,-15,23,o,0,1.08,282.18089,33.08094,2254.87,6691.67,3.59,3.31,-67.8,-0.481,19.08,20.94,02a57622o0114o
57622.34856,-21.211,2.059,-12,24,o,0,0.79,282.18089,33.08094,3264.11,6635.65,3.53,3.27,-66.8,-0.478,19.03,20.85,02a57622o0131o
57622.370029,20.682,1.527,19,30,o,0,0.74,282.18089,33.08094,3330.27,6711.6,3.5,3.27,-69.9,-0.485,18.92,20.68,02a57622o0168o
57622.391904,-16.808,0.348,-687,239,o,0,1.2,282.18089,33.08094,3346.3,6593.81,3.61,3.36,-64.8,-0.487,16.98,18.29,02a57622o0205o
57622.396107,-17.362,0.761,-412,314,o,0,1.08,282.18089,33.08094,3297.56,6651.24,3.56,3.28,-73.6,-0.481,16.43,17.8,02a57622o0213o
57626.339468,20.126,0.471,32,15,c,0,0.93,282.18089,33.08094,2268.02,6788.21,3.93,3.71,-53.5,-0.42,19.67,21.85,02a57626o0210c
57626.34968,-21.72,2.0,-7,15,c,0,0.9,282.18089,33.08094,322.01,6796.52,3.93,3.6,-56.9,-0.41,19.72,21.84,02a57626o0229c
57626.350193,21.678,2.105,8,16,c,0,0.97,282.18089,33.08094,9860.91,6792.73,4.3,3.49,83.1,-0.453,19.68,21.83,02a57626o0230c
57626.370199,20.953,0.953,15,14,c,0,1.0,282.18089,33.08094,388.81,6871.26,3.87,3.55,-57.7,-0.42,19.7,21.8,02a57626o0267c
57626.372823,-20.934,1.105,-15,17,c,0,0.88,282.18089,33.08094,9930.15,6872.91,4.29,3.42,83.9,-0.453,19.68,21.79,02a57626o0272c
57626.373336,21.029,1.125,14,16,c,0,0.83,282.18089,33.08094,406.9,6752.86,3.87,3.55,-57.4,-0.421,19.7,21.79,02a57626o0273c
57626.393004,20.138,0.478,32,15,c,0,1.22,282.18089,33.08094,373.05,6811.17,3.88,3.57,-58.9,-0.416,19.64,21.7,02a57626o0306c
57626.39352,20.502,0.824,23,19,c,0,0.8,282.18089,33.08094,9945.34,6756.97,4.48,3.69,80.1,-0.446,19.6,21.71,02a57626o0307c
57626.397167,21.116,1.345,13,18,c,0,0.87,282.18089,33.08094,9912.92,6813.68,4.48,3.71,79.0,-0.444,19.58,21.7,02a57626o0314c
57633.318851,-20.044,0.533,-35,19,c,0,1.24,282.18089,33.08094,1174.71,5381.79,4.04,3.82,64.7,-0.395,18.7,20.94,02a57633o0095c
57633.329576,20.839,1.571,17,26,c,0,0.81,282.18089,33.08094,1140.81,5343.51,4.11,3.89,65.6,-0.396,19.52,21.68,02a57633o0115c
57633.350159,21.202,1.25,12,15,c,0,1.05,282.18089,33.08094,1209.86,5417.88,3.92,3.67,64.0,-0.419,19.67,21.77,02a57633o0152c
57633.372342,-19.662,1.395,-50,69,c,0,1.04,282.18089,33.08094,1227.94,5299.19,3.99,3.77,67.3,-0.41,18.0,19.79,02a57633o0191c
57633.376541,21.783,5.0,7,35,c,0,0.96,282.18089,33.08094,1195.12,5357.38,3.95,3.74,64.3,-0.418,18.84,20.74,02a57633o0199c
57637.315594,20.514,0.78,23,18,c,0,0.91,282.18089,33.08094,1187.84,8249.22,3.93,3.74,38.7,-0.436,19.55,21.57,02a57637o0152c
57637.326564,23.741,15.333,1,18,c,0,0.89,282.18089,33.08094,1171.64,8210.1,3.96,3.75,39.7,-0.431,19.55,21.57,02a57637o0173c
57637.345766,22.221,3.846,5,18,c,0,0.93,282.18089,33.08094,1223.48,8285.38,3.79,3.53,33.3,-0.446,19.54,21.47,02a57637o0210c
57637.348825,-21.594,1.917,-8,16,c,0,0.95,282.18089,33.08094,1242.27,8167.81,3.7,3.46,33.5,-0.449,19.55,21.46,02a57637o0216c
57637.366418,-21.431,1.556,-10,15,c,0,1.44,282.18089,33.08094,1211.03,8226.03,3.73,3.48,32.0,-0.458,19.51,21.4,02a57637o0248c
57641.339241,-21.039,1.774,-14,25,o,0,0.99,282.18089,33.08094,2833.16,5325.47,4.08,3.9,79.6,-0.417,18.87,20.44,02a57641o0138o
57661.274383,22.538,5.0,4,18,c,0,0.92,282.18089,33.08094,4013.14,8198.42,3.97,3.84,58.9,-0.409,19.5,21.53,02a57661o0129c
57661.286605,-20.325,0.575,-27,16,c,0,0.99,282.18089,33.08094,3997.95,8158.57,3.78,3.71,35.7,-0.431,19.51,21.49,02a57661o0152c
57661.296826,-20.133,0.512,-32,16,c,0,1.14,282.18089,33.08094,4062.79,8234.44,3.98,3.9,53.7,-0.413,19.46,21.46,02a57661o0172c
57661.321448,-21.143,1.455,-13,18,c,0,0.82,282.18089,33.08094,4047.87,8175.9,3.87,3.77,44.6,-0.415,19.42,21.35,02a57661o0211c
57669.260711,-20.939,1.378,-15,21,c,0,0.71,282.18089,33.08094,3158.81,5996.9,3.71,3.61,74.5,-0.414,19.19,20.77,02a57669o0101c
57669.273351,-20.249,0.756,-29,22,c,0,1.0,282.18089,33.08094,3142.49,5957.36,3.82,3.68,72.3,-0.401,19.15,20.73,02a57669o0126c
57669.292825,-20.612,1.069,-21,22,c,0,0.92,282.18089,33.08094,3209.35,6031.48,3.81,3.68,70.5,-0.401,19.11,20.68,02a57669o0163c
57669.296841,23.537,14.5,1,20,c,0,1.15,282.18089,33.08094,3225.71,5914.88,3.75,3.63,71.5,-0.407,19.12,20.65,02a57669o0171c
57669.313663,-21.384,2.069,-10,21,c,0,1.18,282.18089,33.08094,3179.57,5971.13,3.74,3.61,76.0,-0.406,19.07,20.58,02a57669o0203c
57673.250345,-20.844,1.78,-17,30,o,0,1.08,282.18089,33.08094,2859.33,6426.58,3.32,3.3,-40.2,-0.478,18.74,19.82,02a57673o0078o
57673.261674,20.467,1.338,24,32,o,0,0.79,282.18089,33.08094,2842.11,6387.43,3.35,3.3,86.6,-0.485,18.72,19.79,02a57673o0099o
57673.276359,23.364,20.4,2,33,o,0,0.83,282.18089,33.08094,2888.02,6460.52,3.25,3.19,-51.0,-0.45,18.7,19.73,02a57673o0127o
57673.287776,19.827,0.82,43,35,o,0,0.9,282.18089,33.08094,2919.82,6342.86,3.39,3.36,-87.5,-0.479,18.65,19.71,02a57673o0149o
57673.298323,19.433,0.645,61,40,o,0,0.63,282.18089,33.08094,2872.06,6400.88,3.28,3.25,-86.6,-0.475,18.65,19.66,02a57673o0168o
57677.227228,19.571,1.277,54,69,o,0,0.87,282.18089,33.08094,1545.73,8079.58,3.52,3.32,40.1,-0.484,18.35,19.18,02a57677o0095o
57677.242981,-21.854,12.056,-7,79,o,0,1.01,282.18089,33.08094,1528.25,8038.58,3.5,3.27,31.4,-0.483,18.33,19.11,02a57677o0122o
57677.25955,21.776,10.6,7,75,o,0,1.29,282.18089,33.08094,1573.17,8115.48,3.4,3.2,27.8,-0.492,18.3,19.0,02a57677o0153o
57677.272761,19.358,1.453,66,95,o,0,0.87,282.18089,33.08094,1587.08,7998.31,3.6,3.39,32.1,-0.498,18.21,18.93,02a57677o0179o
57677.281906,-19.458,1.436,-60,86,o,0,1.13,282.18089,33.08094,1555.71,8055.89,3.5,3.25,32.6,-0.494,18.21,18.88,02a57677o0197o
57685.221427,21.033,1.29,14,18,c,0,0.99,282.18089,33.08094,379.02,7351.2,4.42,4.13,51.1,-0.374,19.32,21.34,02a57685o0059c
57685.233369,21.331,2.1,11,22,c,0,0.73,282.18089,33.08094,361.48,7311.48,4.73,4.45,53.7,-0.347,19.2,21.27,02a57685o0083c
57685.238344,23.317,12.667,2,22,c,0,0.93,282.18089,33.08094,9921.58,7352.87,4.78,4.49,75.8,-0.352,19.16,21.22,02a57685o0093c
57685.244457,21.006,1.333,14,19,c,0,1.08,282.18089,33.08094,410.08,7387.5,4.66,4.4,47.3,-0.349,19.17,21.21,02a57685o0105c
57685.248937,-22.625,6.833,-3,22,c,0,0.95,282.18089,33.08094,9905.2,7313.22,4.53,4.22,77.6,-0.38,19.17,21.17,02a57685o0114c
57685.254435,-23.089,10.0,-2,21,c,0,1.07,282.18089,33.08094,427.27,7269.59,4.35,4.08,51.5,-0.378,19.05,20.99,02a57685o0124c
57685.258874,21.889,4.222,6,27,c,0,1.08,282.18089,33.08094,9955.0,7391.95,4.81,4.58,73.7,-0.363,18.88,20.89,02a57685o0133c
57685.266594,22.312,6.429,4,28,c,0,0.97,282.18089,33.08094,9970.01,7276.07,4.44,4.15,78.1,-0.388,18.91,20.81,02a57685o0147c
57685.267084,20.04,0.873,35,30,c,0,0.83,282.18089,33.08094,394.43,7327.98,4.43,4.13,47.2,-0.372,18.8,20.69,02a57685o0148c
57685.282831,21.639,3.545,8,28,c,0,1.08,282.18089,33.08094,9938.38,7332.49,4.67,4.41,72.5,-0.365,18.7,20.62,02a57685o0178c
57689.214277,-23.061,10.6,-2,23,c,0,1.1,282.18089,33.08094,1174.9,6126.27,4.08,3.84,61.5,-0.405,19.13,20.91,02a57689o0067c
57689.22566,20.576,2.222,21,48,c,0,1.05,282.18089,33.08094,1157.71,6087.17,4.19,3.96,59.2,-0.403,18.38,20.02,02a57689o0089c
57689.238542,20.057,1.148,34,40,c,0,1.11,282.18089,33.08094,1206.6,6161.09,4.19,3.94,60.4,-0.406,18.64,20.34,02a57689o0114c
57689.250161,-18.456,0.56,-151,84,c,0,0.8,282.18089,33.08094,1222.41,6043.42,4.44,4.19,66.1,-0.388,17.68,19.28,02a57689o0136c
57689.260719,19.628,1.944,51,99,c,0,0.81,282.18089,33.08094,1189.7,6101.72,4.31,4.07,61.5,-0.396,17.6,19.17,02a57689o0156c
57693.205027,21.057,1.27,14,17,c,0,1.13,282.18089,33.08094,3384.29,6923.38,4.16,4.03,43.4,-0.378,19.34,21.19,02a57693o0056c
57693.213431,-21.501,2.042,-9,19,c,0,0.76,282.18089,33.08094,3369.99,6882.75,4.25,4.07,62.3,-0.368,19.42,21.36,02a57693o0072c
57693.224333,-24.967,49.0,0,18,c,0,0.98,282.18089,33.08094,3418.15,6958.7,4.16,4.03,58.8,-0.378,19.42,21.36,02a57693o0093c
57713.222127,-18.406,2.545,-158,401,c,0,0.74,282.18089,33.08094,10462.51,4972.13,4.16,3.64,83.8,-0.426,16.41,17.79,02a57713o0086c
57713.232945,20.459,2.055,24,49,c,0,0.94,282.18089,33.08094,10444.79,4932.27,4.04,3.52,83.9,-0.44,19.14,20.94,02a57713o0107c
57789.659279,-19.882,0.508,-40,21,o,0,1.01,282.18089,33.08094,7063.25,5596.9,3.63,3.37,-90.0,-0.437,19.26,20.91,02a57789o0761o
57789.674424,20.147,3.257,32,103,o,0,1.82,282.18089,33.08094,7048.65,5713.33,3.43,3.14,-82.7,-0.468,17.78,17.86,02a57789o0785o
57797.63532,20.271,1.209,28,34,o,0,1.12,282.18089,33.08094,6580.6,3549.9,3.56,3.38,-82.8,-0.438,18.57,19.49,02a57797o0629o
57797.647746,21.359,6.545,10,68,o,0,1.18,282.18089,33.08094,1614.55,6547.88,4.5,4.28,-88.4,-0.541,18.46,19.81,01a57797o0763o
57797.652975,19.571,0.588,54,32,o,0,1.35,282.18089,33.08094,6597.89,3591.15,3.61,3.44,-80.5,-0.439,18.62,19.61,02a57797o0655o
57797.666033,21.643,18.444,8,147,o,0,0.92,282.18089,33.08094,1590.38,6520.19,4.39,4.16,-86.0,-0.574,18.01,18.98,01a57797o0790o
57797.67057,-19.504,1.111,-57,64,o,0,1.07,282.18089,33.08094,6550.74,3515.16,3.55,3.32,-75.2,-0.449,17.93,18.2,02a57797o0681o
57801.666818,-19.853,1.181,-42,49,o,0,0.9,282.18089,33.08094,6859.79,2929.15,3.48,3.26,-88.3,-0.453,18.28,18.84,02a57801o0784o
57841.64732,-18.569,0.473,-136,64,c,0,1.12,282.18089,33.08094,9276.54,3210.66,3.85,3.49,88.7,-0.43,18.0,18.77,02a57841o0742c
57853.537007,18.216,1.02,188,192,o,0,0.93,282.18089,33.08094,9936.11,4461.5,3.66,3.15,87.4,-0.471,15.88,15.88,02a57853o0628o
57853.555858,-16.318,0.377,-1079,407,o,0,1.36,282.18089,33.08094,400.44,4459.23,3.83,3.39,70.1,-0.43,16.28,16.32,02a57853o0660o
57853.55779,17.909,4.128,249,1028,o,0,0.73,282.18089,33.08094,9952.58,4503.95,3.64,3.16,89.0,-0.49,14.54,14.01,02a57853o0664o
57853.569667,16.001,0.985,1445,1423,o,0,0.91,282.18089,33.08094,415.02,4502.81,3.86,3.42,72.9,-0.415,14.65,14.16,02a57853o0684o
57853.571871,18.858,3.386,104,352,o,0,1.04,282.18089,33.08094,9902.58,4431.4,3.67,3.06,-88.5,-0.448,16.22,16.3,02a57853o0688o
57853.582077,-19.391,1.971,-64,125,o,0,0.86,282.18089,33.08094,364.93,4444.1,3.78,3.29,73.7,-0.41,16.67,16.84,02a57853o0708o
57853.584317,-19.139,1.513,-80,121,o,0,1.13,282.18089,33.08094,9884.48,4551.06,3.67,3.04,-88.4,-0.452,16.9,17.25,02a57853o0712o
57853.594239,-17.08,4.65,-534,2485,o,0,1.01,282.18089,33.08094,347.73,4560.41,4.0,3.39,65.1,-0.473,14.91,14.87,02a57853o0732o
57853.596312,17.749,0.645,289,186,o,0,0.99,282.18089,33.08094,9913.01,4494.86,3.58,3.0,89.0,-0.481,16.18,15.96,02a57853o0736o
57853.606155,16.501,0.434,911,395,o,0,5.59,282.18089,33.08094,376.19,4484.9,3.86,3.32,73.6,-0.423,15.63,15.35,02a57853o0756o
57877.578859,22.05,2.039,6,11,o,0,0.82,282.18089,33.08094,8268.75,4018.03,2.32,2.1,32.2,-0.482,19.62,20.86,02a57877o0459o
57877.599134,-22.453,3.219,-4,12,o,0,1.01,282.18089,33.08094,2213.4,6400.77,2.58,2.3,-18.0,-0.444,19.49,20.77,02a57877o0486o
57877.618381,20.693,0.778,19,15,o,0,0.67,282.18089,33.08094,2282.08,6477.24,2.58,2.23,-13.5,-0.441,19.35,20.6,02a57877o0513o
57885.554843,-20.136,0.564,-32,18,o,0,0.73,282.18089,33.08094,6760.6,4926.62,2.15,2.09,36.0,-0.474,19.07,19.63,02a57885o0521o
57885.578763,22.01,3.382,6,19,o,0,0.84,282.18089,33.08094,6779.08,4963.22,2.27,2.22,34.9,-0.469,19.01,19.67,02a57885o0559o
57885.596371,-21.067,1.103,-14,15,o,0,1.48,282.18089,33.08094,3773.79,5570.72,2.28,2.09,-22.6,-0.453,18.92,19.58,02a57885o0585o
57885.614786,-22.618,5.406,-3,18,o,0,0.88,282.18089,33.08094,3797.32,5453.6,2.26,2.21,-57.6,-0.471,18.94,19.56,02a57885o0612o
57889.553782,21.747,2.383,7,17,o,0,0.81,282.18089,33.08094,7012.23,2209.55,2.58,2.1,23.8,-0.485,19.36,20.28,02a57889o0526o
57889.566146,-21.21,1.321,-12,16,o,0,0.74,282.18089,33.08094,3459.21,8211.02,2.3,2.19,-16.1,-0.473,19.34,20.26,02a57889o0546o
57889.582983,-20.928,1.076,-15,17,o,0,0.67,282.18089,33.08094,3521.93,8285.72,2.75,2.19,-5.7,-0.481,19.26,20.23,02a57889o0570o
57889.601282,20.578,0.69,21,15,o,0,1.01,282.18089,33.08094,3540.32,8174.62,2.39,2.25,-13.1,-0.473,19.24,20.15,02a57889o0598o
57889.619706,21.539,2.315,9,20,o,0,2.11,282.18089,33.08094,3505.84,8231.52,2.18,2.04,-5.6,-0.494,18.98,19.47,02a57889o0626o
57893.539237,21.963,2.065,6,12,c,0,0.97,282.18089,33.08094,791.34,8159.3,4.03,2.5,-2.7,-0.431,19.42,21.39,02a57893o0538c
57893.551651,-20.146,0.383,-32,12,c,0,0.76,282.18089,33.08094,774.38,8120.97,4.25,2.33,-4.0,-0.432,19.46,21.37,02a57893o0558c
57893.562891,21.708,1.469,8,11,c,0,1.16,282.18089,33.08094,10369.02,8164.73,2.96,2.72,33.9,-0.425,19.61,21.33,02a57893o0577c
57893.563406,21.049,0.802,14,11,c,0,1.27,282.18089,33.08094,10352.16,8125.14,2.95,2.7,39.7,-0.429,19.61,21.33,02a57893o0578c
57893.577577,-23.296,5.714,-2,10,c,0,1.11,282.18089,33.08094,839.2,8198.34,2.67,2.33,-8.9,-0.47,19.69,21.35,02a57893o0601c
57893.592532,21.292,1.164,11,13,c,0,0.75,282.18089,33.08094,10417.15,8206.81,2.9,2.7,57.4,-0.446,19.68,21.31,02a57893o0621c
57893.596736,-21.214,0.99,-12,12,c,0,0.93,282.18089,33.08094,851.37,8077.95,2.6,2.29,-2.3,-0.477,19.68,21.31,02a57893o0628c
57893.610808,-22.69,4.842,-3,15,c,0,0.68,282.18089,33.08094,10425.7,8088.26,3.03,2.77,64.0,-0.436,19.52,21.03,02a57893o0648c
57893.616357,-21.418,1.608,-10,16,c,0,1.03,282.18089,33.08094,824.66,8140.48,2.61,2.34,-4.5,-0.482,19.27,20.34,02a57893o0655c
57896.617459,-19.525,0.473,-56,27,o,0,1.17,282.18089,33.08094,5777.13,5055.41,3.52,3.14,-51.5,-0.442,18.53,19.47,01a57896o0683o
57899.615821,24.984,52.5,0,19,o,0,0.72,282.18089,33.08094,6897.35,3764.25,3.42,2.82,-57.3,-0.468,18.97,20.11,01a57899o0740o
57900.613791,21.895,2.727,6,17,o,0,0.97,282.18089,33.08094,6222.97,2536.89,3.42,2.93,-52.0,-0.47,19.01,20.37,01a57900o0689o
57901.517286,22.602,3.074,3,10,c,0,0.7,282.18089,33.08094,1863.34,6626.8,2.59,2.34,19.9,-0.483,19.83,21.75,02a57901o0444c
57901.52869,-20.572,0.382,-21,8,c,0,1.61,282.18089,33.08094,1846.35,6587.19,2.59,2.36,19.3,-0.478,19.82,21.78,02a57901o0464c
57901.554334,-20.778,0.81,-18,14,c,0,1.03,282.18089,33.08094,1895.73,6666.93,2.58,2.33,14.5,-0.486,19.62,21.57,02a57901o0506c
57901.576185,-21.215,0.945,-12,11,c,0,0.75,282.18089,33.08094,1905.78,6547.46,2.47,2.25,14.8,-0.483,19.64,21.46,02a57901o0540c
57901.595845,-19.972,0.564,-37,21,c,0,0.61,282.18089,33.08094,1871.67,6605.73,2.65,2.43,22.1,-0.466,19.15,20.88,02a57901o0569c
57903.603893,21.139,1.21,13,15,o,0,0.78,282.18089,33.08094,8638.68,2815.65,3.49,2.87,-68.0,-0.482,19.25,21.08,01a57903o0683o
57903.620599,19.694,0.648,48,31,o,0,0.9,282.18089,33.08094,8676.36,2917.54,3.44,2.81,-69.7,-0.494,18.43,19.31,01a57903o0714o
57904.598714,-20.775,0.75,-18,13,o,0,1.25,282.18089,33.08094,7030.24,4809.49,3.61,3.09,-68.0,-0.445,19.15,21.18,01a57904o0476o
57904.616477,-20.973,1.569,-15,23,o,0,0.82,282.18089,33.08094,7067.67,4912.75,3.92,3.27,-65.5,-0.438,18.85,20.4,01a57904o0509o
57905.451596,22.888,4.778,2,12,o,0,0.78,282.18089,33.08094,8191.29,3752.22,2.24,2.12,-78.1,-0.458,19.55,20.58,02a57905o0168o
57905.468921,-21.034,0.713,-14,10,o,0,1.16,282.18089,33.08094,8139.94,3677.08,2.17,2.05,-89.4,-0.472,19.59,20.61,02a57905o0199o
57905.471999,20.016,0.351,36,13,o,0,0.67,282.18089,33.08094,8109.22,3794.07,2.26,2.14,-85.8,-0.466,19.55,20.62,02a57905o0205o
57905.492686,-21.699,1.444,-8,11,o,0,0.8,282.18089,33.08094,8155.2,3736.57,2.22,2.11,-88.2,-0.468,19.64,20.79,02a57905o0242o
57907.57061,-25.404,65.0,0,16,o,0,0.89,282.18089,33.08094,7214.87,3523.2,3.59,3.37,28.2,-0.412,19.17,20.93,01a57907o0635o
57907.589355,-21.377,1.614,-10,16,o,0,0.92,282.18089,33.08094,7248.66,3637.54,3.28,3.03,51.3,-0.427,19.07,20.66,01a57907o0668o
57907.607696,21.899,2.7,6,17,o,0,0.81,282.18089,33.08094,7224.22,3630.79,3.39,3.19,56.8,-0.421,19.17,20.69,01a57907o0701o
57908.583552,20.646,1.492,20,30,o,0,0.83,282.18089,33.08094,5616.65,5125.24,3.27,2.96,51.8,-0.425,18.5,19.82,01a57908o0664o
57908.602109,22.143,6.308,5,32,o,0,0.98,282.18089,33.08094,5652.15,5233.94,3.34,3.01,52.7,-0.422,18.36,19.62,01a57908o0697o
57909.573562,-22.47,2.941,-4,11,o,0,1.18,282.18089,33.08094,767.26,8344.48,2.46,2.27,-53.5,-0.432,19.52,20.7,02a57909o0120o
57909.574574,-20.921,0.845,-16,13,o,0,0.78,282.18089,33.08094,10275.42,8269.96,2.38,2.12,22.3,-0.463,19.48,20.71,02a57909o0122o
57909.576275,-23.939,12.778,-1,12,o,0,0.88,282.18089,33.08094,10326.6,8349.95,2.34,2.16,32.1,-0.457,19.53,20.76,02a57909o0125o
57909.576977,-21.23,1.2,-12,14,o,0,0.57,282.18089,33.08094,785.92,8226.56,2.44,2.22,-52.7,-0.424,19.54,20.74,02a57909o0126o
57909.594622,-20.685,0.598,-19,12,o,0,0.77,282.18089,33.08094,750.22,8284.93,2.32,2.19,-44.4,-0.451,19.61,20.86,02a57909o0159o
57909.598527,22.404,3.632,4,14,o,0,0.63,282.18089,33.08094,10340.68,8233.53,2.31,2.07,35.5,-0.473,19.58,20.86,02a57909o0164o
57909.619068,23.761,46.545,1,53,o,0,0.92,282.18089,33.08094,10306.64,8291.2,2.33,2.03,35.7,-0.463,18.67,18.93,02a57909o0192o
57911.57895,-21.276,1.867,-11,21,o,0,0.99,282.18089,33.08094,6977.87,4088.67,3.33,2.99,52.1,-0.429,18.9,19.93,01a57911o0653o
57911.59707,20.032,0.59,35,21,o,0,0.94,282.18089,33.08094,7016.42,4195.4,3.24,2.92,53.0,-0.432,18.83,19.76,01a57911o0686o
57911.61503,-22.886,6.571,-2,17,o,0,1.08,282.18089,33.08094,6975.53,4186.26,3.28,2.93,47.7,-0.433,19.18,20.35,01a57911o0719o
57912.587898,20.913,1.44,16,23,o,0,1.01,282.18089,33.08094,8631.58,2303.44,3.29,3.06,44.4,-0.423,18.72,19.6,01a57912o0652o
57912.606311,20.962,1.792,15,27,o,0,0.93,282.18089,33.08094,8673.73,2409.1,3.37,3.21,46.7,-0.42,18.52,19.31,01a57912o0686o
57912.624106,-20.557,4.783,-22,104,o,0,0.92,282.18089,33.08094,8635.63,2397.35,3.41,3.24,39.2,-0.438,17.16,17.1,01a57912o0719o
57913.52692,22.231,5.533,5,26,o,0,1.1,282.18089,33.08094,1791.1,7447.99,2.34,2.11,21.2,-0.501,18.69,19.23,02a57913o0533o
57913.541169,20.962,1.818,15,27,o,0,0.81,282.18089,33.08094,1774.51,7406.95,2.18,1.94,28.3,-0.516,18.78,19.2,02a57913o0557o
57913.561897,21.132,2.313,13,30,o,0,0.66,282.18089,33.08094,1837.48,7481.59,2.27,2.01,29.4,-0.511,18.72,19.18,02a57913o0591o
57913.58321,19.914,0.753,39,30,o,0,1.15,282.18089,33.08094,1855.24,7365.89,2.33,2.13,32.3,-0.512,18.61,19.12,02a57913o0627o
57913.596033,-20.495,1.215,-23,28,o,0,1.27,282.18089,33.08094,1806.71,7420.09,2.3,2.06,28.8,-0.514,18.63,19.1,02a57913o0649o
57915.589381,-20.119,0.75,-32,24,o,0,0.93,282.18089,33.08094,8573.88,3857.09,3.34,3.26,38.9,-0.417,18.68,19.54,01a57915o0665o
57915.607442,20.367,1.223,26,32,o,0,0.81,282.18089,33.08094,8617.23,3960.11,3.19,3.05,40.8,-0.44,18.61,19.39,01a57915o0699o
57916.561527,20.638,1.056,20,21,o,0,0.94,282.18089,33.08094,6867.89,2489.26,3.32,3.05,51.6,-0.429,18.88,19.9,01a57916o0610o
57916.579487,-20.551,1.076,-22,24,o,0,0.66,282.18089,33.08094,6904.18,2594.12,3.33,2.96,49.2,-0.429,18.86,19.83,01a57916o0643o
57916.597914,20.834,1.163,17,20,o,0,1.05,282.18089,33.08094,6879.3,2586.87,3.35,3.11,51.8,-0.43,18.81,19.82,01a57916o0676o
57916.615789,21.191,2.571,12,31,o,0,1.05,282.18089,33.08094,6875.92,2765.83,3.34,3.05,48.6,-0.434,18.41,18.93,01a57916o0709o
57917.4954,18.169,0.584,196,114,o,0,1.04,282.18089,33.08094,1124.24,5447.26,3.37,2.39,1.9,-0.481,17.06,17.66,02a57917o0359o
57917.507774,-21.604,2.122,-8,18,o,0,0.95,282.18089,33.08094,1105.58,5407.12,2.38,2.2,35.7,-0.479,19.06,19.78,02a57917o0380o
57917.530344,20.138,0.823,32,26,o,0,0.83,282.18089,33.08094,1170.04,5481.55,2.25,2.07,30.8,-0.486,18.7,19.25,02a57917o0417o
57917.553886,19.948,0.55,38,21,o,0,1.23,282.18089,33.08094,1186.72,5365.13,2.23,2.04,37.7,-0.5,18.86,19.42,02a57917o0456o
57917.557951,19.554,0.477,55,26,o,0,0.79,282.18089,33.08094,1155.5,5424.66,2.26,2.05,35.2,-0.49,18.86,19.42,02a57917o0464o
57920.492464,-20.836,0.848,-17,14,o,0,0.9,282.18089,33.08094,8862.94,4254.17,3.15,3.11,80.4,-0.438,19.34,20.9,01a57920o0494o
57920.503211,20.857,0.758,16,12,o,0,1.12,282.18089,33.08094,8898.08,4334.8,3.07,2.98,65.6,-0.454,19.34,20.83,01a57920o0514o
57920.504186,21.777,1.775,7,12,o,0,1.01,282.18089,33.08094,8832.5,4263.27,3.1,3.03,68.0,-0.448,19.35,20.85,01a57920o0516o
57920.522275,22.771,5.25,3,15,o,0,0.91,282.18089,33.08094,8823.9,4451.85,3.11,3.01,-88.5,-0.454,19.32,20.81,01a57920o0551o
57924.476679,21.562,1.256,9,11,o,0,1.03,282.18089,33.08094,5739.1,5469.54,3.46,3.2,55.1,-0.412,19.46,21.45,01a57924o0459o
57924.492763,-24.512,18.333,-1,10,o,0,1.19,282.18089,33.08094,5772.83,5572.25,3.45,3.06,52.5,-0.407,19.48,21.39,01a57924o0479o
57924.526771,22.266,2.773,4,12,o,0,0.97,282.18089,33.08094,5722.37,5630.28,3.62,3.17,52.7,-0.399,19.36,21.18,01a57924o0516o
57924.531947,20.63,0.611,20,12,o,0,1.07,282.18089,33.08094,5710.34,5766.93,3.67,3.25,53.6,-0.399,19.26,21.09,01a57924o0522o
57926.492151,21.427,0.95,10,9,o,0,1.08,282.18089,33.08094,2379.02,5884.88,2.02,1.94,17.0,-0.484,19.82,21.14,02a57926o0378o
57926.505035,-22.556,2.615,-3,9,o,0,1.13,282.18089,33.08094,2348.24,5845.13,2.1,2.01,13.7,-0.485,19.74,21.12,02a57926o0398o
57926.528637,22.579,2.868,3,10,o,0,1.01,282.18089,33.08094,2415.43,5920.27,2.12,2.03,-4.0,-0.485,19.75,21.1,02a57926o0435o
57926.531114,21.348,1.034,10,11,o,0,0.95,282.18089,33.08094,2432.09,5803.49,2.12,2.09,8.9,-0.476,19.75,21.09,02a57926o0440o
57928.473138,-20.774,0.696,-18,12,o,0,0.71,282.18089,33.08094,7370.29,4538.39,3.14,2.99,53.8,-0.442,19.47,21.19,01a57928o0456o
57928.483525,-21.873,1.914,-6,12,o,0,0.86,282.18089,33.08094,7388.13,4618.51,3.17,2.95,57.2,-0.437,19.45,21.16,01a57928o0476o
57928.484558,21.387,1.316,10,13,o,0,0.6,282.18089,33.08094,7323.0,4547.09,3.15,3.03,58.2,-0.44,19.45,21.18,01a57928o0478o
57928.502247,-20.559,0.575,-22,12,o,0,0.99,282.18089,33.08094,7315.53,4734.37,3.19,3.07,46.5,-0.435,19.43,21.16,01a57928o0511o
57930.502022,-21.965,1.717,-6,10,o,0,1.04,282.18089,33.08094,3955.53,5937.14,2.74,2.43,-43.4,-0.422,19.63,21.05,02a57930o0514o
57930.503464,-21.055,0.851,-14,12,o,0,0.9,282.18089,33.08094,4021.73,6014.21,2.84,2.5,-42.8,-0.415,19.55,21.01,02a57930o0517o
57930.524064,-22.241,2.576,-5,12,o,0,0.77,282.18089,33.08094,4039.24,5896.12,2.92,2.5,-43.9,-0.41,19.58,20.96,02a57930o0552o
57932.456976,-21.64,1.511,-8,12,o,0,0.76,282.18089,33.08094,6225.75,3476.71,3.21,2.88,53.5,-0.437,19.56,21.57,01a57932o0417o
57932.467481,21.117,0.792,13,10,o,0,0.93,282.18089,33.08094,6243.52,3556.93,3.2,2.84,52.3,-0.44,19.62,21.62,01a57932o0436o
57932.487532,20.934,0.705,15,11,o,0,0.91,282.18089,33.08094,6200.61,3560.6,3.26,2.92,54.3,-0.434,19.57,21.56,01a57932o0473o
57932.490534,-21.999,2.031,-6,12,o,0,0.8,282.18089,33.08094,6169.77,3689.48,3.34,2.95,48.0,-0.426,19.55,21.57,01a57932o0479o
57936.450698,20.835,0.937,17,16,o,0,1.01,282.18089,33.08094,8194.26,3776.75,4.05,3.72,42.1,-0.377,19.13,20.93,01a57936o0413o
57936.460933,-24.143,18.75,-1,15,o,0,0.87,282.18089,33.08094,8212.6,3855.82,3.43,3.2,48.0,-0.416,19.33,21.0,01a57936o0433o
57936.48073,22.682,4.4,3,14,o,0,0.8,282.18089,33.08094,8155.73,3859.23,3.53,3.18,54.1,-0.412,19.41,21.29,01a57936o0470o
57936.483313,20.445,0.444,24,11,o,0,1.23,282.18089,33.08094,8141.2,3986.2,3.37,3.16,48.9,-0.414,19.41,21.28,01a57936o0475o
57940.453459,20.793,0.867,18,15,o,0,1.5,282.18089,33.08094,5571.3,4350.57,3.16,2.85,60.9,-0.438,19.07,20.18,01a57940o0418o
57940.462797,-20.463,0.755,-24,18,o,0,0.61,282.18089,33.08094,5590.34,4426.03,3.16,2.75,53.3,-0.446,19.05,20.17,01a57940o0436o
57940.464301,-21.294,1.53,-11,17,o,0,0.96,282.18089,33.08094,5541.69,4355.45,3.19,2.84,47.5,-0.439,19.04,20.17,01a57940o0439o
57940.482825,-20.579,0.723,-21,15,o,0,1.4,282.18089,33.08094,5536.43,4544.6,3.14,2.82,55.9,-0.443,19.04,20.12,01a57940o0473o
57942.465476,22.237,3.837,5,18,o,0,1.32,282.18089,33.08094,3382.28,6367.38,2.21,2.11,-26.1,-0.474,18.93,19.44,02a57942o0418o
57942.47844,-19.926,0.523,-39,20,o,0,1.19,282.18089,33.08094,3368.28,6328.41,2.19,2.08,-27.3,-0.48,18.92,19.43,02a57942o0439o
57942.479423,20.374,0.896,26,23,o,0,0.84,282.18089,33.08094,3433.69,6404.82,2.22,2.11,-18.9,-0.487,18.92,19.43,02a57942o0441o
57942.501703,21.287,1.833,11,20,o,0,1.2,282.18089,33.08094,3451.36,6287.69,2.16,2.08,-11.8,-0.488,18.89,19.38,02a57942o0475o
57944.441131,-19.218,0.712,-75,53,o,0,1.16,282.18089,33.08094,6187.08,2063.08,3.17,2.92,57.1,-0.458,17.76,18.61,01a57944o0279o
57944.450495,18.172,0.711,196,139,o,0,1.2,282.18089,33.08094,6173.73,2062.07,3.23,3.02,62.6,-0.462,16.86,17.37,01a57944o0297o
57944.460849,21.843,5.444,7,36,o,0,0.79,282.18089,33.08094,6145.76,2065.41,3.11,2.91,51.8,-0.457,18.46,19.3,01a57944o0316o
57944.464403,22.852,14.462,3,38,o,0,1.01,282.18089,33.08094,6115.38,2196.66,3.17,2.99,76.9,-0.455,18.23,18.95,01a57944o0323o
57946.440629,22.741,5.267,3,15,o,0,1.12,282.18089,33.08094,1949.21,7382.04,2.21,2.09,11.2,-0.474,19.31,20.12,02a57946o0378o
57946.452057,21.5,1.772,9,16,o,0,0.82,282.18089,33.08094,1915.72,7341.86,2.14,1.97,12.4,-0.487,19.36,20.09,02a57946o0397o
57946.475112,21.042,1.327,14,18,o,0,0.67,282.18089,33.08094,1977.82,7417.25,2.14,1.95,9.8,-0.49,19.32,20.04,02a57946o0434o
57946.478119,20.812,0.843,17,14,o,0,1.1,282.18089,33.08094,1995.14,7300.51,2.11,1.93,5.5,-0.486,19.34,20.03,02a57946o0440o
57948.428994,23.068,20.667,2,44,o,0,0.77,282.18089,33.08094,7182.52,5101.08,3.07,2.91,-81.7,-0.443,17.95,18.95,01a57948o0354o
57948.438788,-18.341,0.6,-167,100,o,0,1.03,282.18089,33.08094,7202.41,5179.91,2.97,2.78,88.2,-0.463,17.22,17.78,01a57948o0373o
57948.458411,18.436,0.48,153,74,o,0,1.08,282.18089,33.08094,7164.13,5181.66,3.14,2.82,-88.5,-0.45,17.46,17.97,01a57948o0411o
57948.460906,18.386,0.3,160,48,o,0,1.95,282.18089,33.08094,7134.13,5308.52,3.09,2.74,-87.7,-0.462,17.88,18.49,01a57948o0416o
57952.429674,-21.258,1.067,-11,12,o,0,0.86,282.18089,33.08094,6907.1,4725.29,3.05,2.95,38.7,-0.429,19.44,21.34,01a57952o0358o
57952.441205,21.194,1.068,12,13,o,0,1.14,282.18089,33.08094,6929.94,4809.26,3.22,3.01,-83.0,-0.424,19.39,21.35,01a57952o0379o
57952.442229,21.568,1.41,9,12,o,0,1.08,282.18089,33.08094,6881.17,4737.25,3.27,3.14,86.7,-0.428,19.33,21.34,01a57952o0381o
57952.461833,-20.923,1.045,-16,16,o,0,1.07,282.18089,33.08094,6880.24,4930.99,3.08,2.89,-88.2,-0.438,19.21,20.96,01a57952o0416o
57956.419714,-20.318,0.577,-27,16,o,0,1.0,282.18089,33.08094,7262.49,4317.29,3.97,3.42,-86.6,-0.402,19.1,21.08,01a57956o0340o
57956.429428,22.316,3.647,4,16,o,0,0.85,282.18089,33.08094,7235.06,4317.17,3.83,3.2,-87.1,-0.404,19.26,21.12,01a57956o0359o
57956.438987,-20.703,0.833,-19,16,o,0,0.91,282.18089,33.08094,7208.62,4318.1,4.03,3.5,-86.3,-0.392,19.09,21.18,01a57956o0377o
57956.441927,-22.92,6.0,-2,15,o,0,1.06,282.18089,33.08094,7194.15,4447.34,3.94,3.36,-86.0,-0.408,19.16,21.19,01a57956o0383o
57958.445039,20.743,0.604,18,11,o,0,0.92,282.18089,33.08094,1691.49,6650.68,2.18,2.02,27.7,-0.473,19.66,20.92,02a57958o0039o
57958.44755,22.9,4.261,2,11,o,0,1.01,282.18089,33.08094,1708.2,6533.26,2.25,2.17,32.1,-0.458,19.6,20.9,02a57958o0044o
57960.411608,21.893,2.029,6,13,o,0,0.81,282.18089,33.08094,6351.95,4055.3,3.17,2.67,-87.6,-0.444,19.45,21.36,01a57960o0338o
57960.420892,21.92,1.939,6,12,o,0,1.03,282.18089,33.08094,6373.22,4130.71,3.24,2.71,89.0,-0.44,19.41,21.27,01a57960o0356o
57960.422399,-22.129,2.357,-5,12,o,0,0.98,282.18089,33.08094,6324.44,4060.85,3.22,2.65,-88.2,-0.444,19.41,21.28,01a57960o0359o
57960.44023,-21.081,0.971,-13,13,o,0,0.92,282.18089,33.08094,6306.61,4246.85,3.34,2.74,87.3,-0.433,19.32,21.18,01a57960o0393o
57962.418056,23.624,14.125,1,18,o,0,0.93,282.18089,33.08094,2601.53,5605.5,2.09,2.03,25.2,-0.456,19.09,20.43,02a57962o0287o
57962.429369,-20.476,0.774,-23,18,o,0,0.78,282.18089,33.08094,2586.14,5565.79,2.27,2.24,80.7,-0.453,19.12,20.58,02a57962o0306o
57962.430843,-19.876,0.487,-41,20,o,0,0.73,282.18089,33.08094,2635.61,5641.91,2.12,2.07,9.4,-0.45,19.17,20.54,02a57962o0309o
57962.450874,-21.145,0.93,-13,12,o,0,1.31,282.18089,33.08094,2669.33,5524.12,2.34,2.34,-44.5,-0.426,19.34,20.82,02a57962o0343o
57964.406275,-22.836,5.714,-3,15,o,0,0.74,282.18089,33.08094,8519.98,4099.24,3.14,2.82,-84.8,-0.443,19.39,21.04,01a57964o0333o
57964.416638,-23.745,12.0,-1,14,o,0,1.04,282.18089,33.08094,8542.96,4179.37,3.18,2.81,-83.0,-0.445,19.43,21.14,01a57964o0353o
57964.417666,0.0,21.06,0,14,o,0,0.9,282.18089,33.08094,8477.52,4108.48,3.17,2.82,-85.3,-0.443,19.42,21.15,01a57964o0355o
57964.436301,22.155,3.269,5,16,o,0,0.76,282.18089,33.08094,8478.0,4296.9,3.2,2.77,-89.4,-0.448,19.38,21.08,01a57964o0390o
57966.407146,20.56,0.582,22,13,o,0,0.85,282.18089,33.08094,675.94,5063.54,2.08,1.99,0.0,-0.44,19.46,20.52,02a57966o0315o
57966.418623,-20.268,0.332,-28,9,o,0,1.14,282.18089,33.08094,693.2,5101.53,2.07,1.98,-7.7,-0.436,19.49,20.52,02a57966o0334o
57966.419874,21.633,1.5,8,12,o,0,1.25,282.18089,33.08094,10229.0,5094.32,2.24,2.2,53.5,-0.467,19.46,20.57,02a57966o0336o
57966.428883,22.075,2.213,5,12,o,0,0.82,282.18089,33.08094,726.8,5138.26,2.07,1.97,-6.4,-0.44,19.49,20.54,02a57966o0352o
57966.429867,-20.809,0.762,-17,13,o,0,1.15,282.18089,33.08094,10212.26,5054.66,2.14,2.11,14.2,-0.491,19.48,20.58,02a57966o0354o
57966.431339,20.644,0.629,20,13,o,0,0.55,282.18089,33.08094,10262.19,5133.53,2.13,2.09,42.2,-0.485,19.52,20.58,02a57966o0357o
57966.431861,21.833,1.519,7,10,o,0,0.8,282.18089,33.08094,760.65,5020.75,2.03,1.93,-13.9,-0.442,19.52,20.54,02a57966o0358o
57966.451999,-20.601,0.526,-21,11,o,0,1.14,282.18089,33.08094,10280.18,5017.42,2.18,2.14,26.8,-0.487,19.49,20.63,02a57966o0392o
57968.38743,-20.28,0.739,-28,21,o,0,1.33,282.18089,33.08094,8574.17,5108.67,3.49,3.07,-86.3,-0.435,18.69,19.9,01a57968o0141o
57968.397576,-21.39,2.082,-10,21,o,0,0.81,282.18089,33.08094,8596.17,5188.59,3.35,2.78,-86.0,-0.458,18.97,20.15,01a57968o0161o
57968.416692,20.03,1.233,35,44,o,0,0.93,282.18089,33.08094,8543.9,5189.31,3.44,2.83,-87.8,-0.451,18.2,19.01,01a57968o0198o
57968.419672,-19.761,3.216,-45,146,o,0,0.85,282.18089,33.08094,8531.06,5317.95,3.51,2.98,-88.2,-0.45,17.4,18.32,01a57968o0204o
57971.390108,19.276,0.405,71,29,o,0,1.44,282.18089,33.08094,1429.18,7317.26,2.06,1.93,-12.1,-0.487,18.47,18.81,02a57971o0301o
57971.399978,23.177,12.1,2,24,o,0,0.88,282.18089,33.08094,1412.5,7277.67,2.1,1.92,-8.5,-0.475,18.76,19.15,02a57971o0320o
57971.400465,-21.695,3.012,-8,23,o,0,1.3,282.18089,33.08094,1461.41,7354.01,2.07,1.88,-10.4,-0.489,18.74,19.17,02a57971o0321o
57971.421642,23.763,22.75,1,26,o,0,0.84,282.18089,33.08094,1478.27,7235.16,2.13,1.94,-11.0,-0.464,18.85,19.28,02a57971o0356o
57973.38451,14.329,0.316,6734,2127,o,0,0.48,282.18089,33.08094,5424.9,5258.86,25.5,5.26,-0.6,-0.136,15.54,15.61,01a57973o0283o
57973.394685,19.479,3.428,59,201,o,0,1.17,282.18089,33.08094,5446.99,5338.23,2.83,2.8,37.0,-0.474,16.96,17.33,01a57973o0303o
57973.39617,20.487,2.796,23,65,o,0,1.14,282.18089,33.08094,5398.75,5267.84,2.86,2.82,-87.6,-0.436,17.45,17.84,01a57973o0306o
57973.413933,-18.484,16.258,-147,2385,o,0,1.56,282.18089,33.08094,5398.03,5453.19,16.19,4.23,3.2,-0.281,15.59,15.66,01a57973o0340o
57975.388723,-21.027,1.216,-14,17,o,0,0.67,282.18089,33.08094,1152.73,5962.81,2.0,1.91,-3.4,-0.474,19.23,19.97,02a57975o0293o
57975.400657,-21.122,1.326,-13,17,o,0,0.79,282.18089,33.08094,1135.85,5922.7,2.15,2.05,1.9,-0.453,19.23,20.01,02a57975o0314o
57975.401702,21.488,1.851,9,17,o,0,0.69,282.18089,33.08094,1184.99,5998.29,2.23,2.14,2.3,-0.449,19.17,20.01,02a57975o0316o
57975.423676,-21.544,1.8,-9,16,o,0,0.72,282.18089,33.08094,1200.13,5880.13,2.09,1.95,-3.1,-0.463,19.22,19.95,02a57975o0351o
57977.389361,-20.407,0.618,-25,15,o,0,1.06,282.18089,33.08094,6083.46,3104.91,2.94,2.89,-1.6,-0.443,19.2,20.59,01a57977o0288o
57977.399563,20.808,0.947,17,16,o,0,0.89,282.18089,33.08094,6043.52,3107.84,2.95,2.85,2.6,-0.446,19.17,20.56,01a57977o0307o
57977.400077,20.723,0.933,19,17,o,0,0.77,282.18089,33.08094,6109.58,3186.09,2.89,2.83,19.2,-0.45,19.21,20.56,01a57977o0308o
57977.402165,23.466,9.0,2,13,o,0,1.05,282.18089,33.08094,6030.25,3234.55,2.96,2.92,26.9,-0.44,19.16,20.55,01a57977o0312o
57979.371488,23.167,5.273,2,10,o,0,0.86,282.18089,33.08094,1916.69,7225.93,2.09,1.9,-9.2,-0.467,19.72,20.99,02a57979o0250o
57979.381781,-22.091,1.717,-5,9,o,0,0.98,282.18089,33.08094,1900.78,7186.19,2.06,1.88,-9.8,-0.475,19.72,21.0,02a57979o0269o
57979.404055,21.553,1.258,9,11,o,0,0.73,282.18089,33.08094,1967.1,7260.29,2.1,1.95,-8.6,-0.473,19.58,20.78,02a57979o0306o
57979.407148,20.527,0.526,22,12,o,0,0.76,282.18089,33.08094,1984.09,7143.08,2.07,1.88,-14.7,-0.474,19.64,20.79,02a57979o0312o
57981.36359,21.667,1.532,8,12,o,0,0.77,282.18089,33.08094,6663.57,3697.07,2.84,2.69,-86.3,-0.454,19.57,21.5,01a57981o0247o
57981.374263,21.16,0.987,12,12,o,0,0.66,282.18089,33.08094,6687.03,3778.28,2.83,2.69,-83.7,-0.454,19.55,21.45,01a57981o0267o
57981.393609,20.809,0.614,17,11,o,0,0.96,282.18089,33.08094,6623.39,3893.31,2.89,2.71,-88.7,-0.452,19.55,21.47,01a57981o0302o
57981.394643,22.663,4.056,3,13,o,0,0.81,282.18089,33.08094,6655.82,3780.85,2.93,2.73,88.4,-0.45,19.55,21.47,01a57981o0304o
57983.364905,-22.567,2.742,-3,9,c,0,0.94,282.18089,33.08094,1770.53,6412.68,2.38,2.26,12.6,-0.447,19.84,21.77,02a57983o0258c
57983.376669,-21.029,0.62,-14,9,c,0,0.72,282.18089,33.08094,1753.35,6373.16,2.37,2.24,16.6,-0.451,19.87,21.79,02a57983o0278c
57983.377672,-20.598,0.359,-21,8,c,0,1.15,282.18089,33.08094,1802.35,6449.84,2.37,2.24,9.4,-0.447,19.87,21.79,02a57983o0280c
57983.397137,-25.07,27.0,0,9,c,0,0.89,282.18089,33.08094,1818.91,6328.75,2.42,2.28,13.2,-0.444,19.82,21.75,02a57983o0314c
57985.361359,-21.528,1.452,-9,13,o,0,0.89,282.18089,33.08094,7511.17,5042.79,3.17,3.0,-89.4,-0.448,19.45,21.51,01a57985o0195o
57985.37278,-23.894,12.6,-1,13,o,0,0.73,282.18089,33.08094,7536.55,5126.92,3.23,2.81,-88.6,-0.445,19.47,21.48,01a57985o0216o
57985.374332,-21.973,2.241,-6,13,o,0,0.76,282.18089,33.08094,7488.6,5057.26,3.22,2.87,86.5,-0.44,19.44,21.47,01a57985o0219o
57985.392959,-24.908,33.5,0,13,o,0,0.82,282.18089,33.08094,7476.14,5244.05,3.17,2.76,-89.9,-0.449,19.47,21.47,01a57985o0253o
57987.367171,22.207,3.684,5,18,c,0,1.13,282.18089,33.08094,1362.52,6539.84,2.58,2.5,-14.8,-0.416,18.85,20.55,02a57987o0123c
57987.368764,-21.977,3.842,-6,23,c,0,1.01,282.18089,33.08094,1428.58,6616.18,2.61,2.49,-23.8,-0.419,18.68,20.35,02a57987o0126c
57987.369293,0.0,20.75,0,18,c,0,0.96,282.18089,33.08094,1445.23,6499.27,2.55,2.46,-20.8,-0.422,18.83,20.51,02a57987o0127c
57989.352536,22.031,2.385,6,13,o,0,1.08,282.18089,33.08094,5600.47,4120.43,3.03,2.73,4.8,-0.456,19.28,21.07,01a57989o0237o
57989.362741,22.561,4.4,3,15,o,0,0.79,282.18089,33.08094,5576.64,4122.43,2.92,2.76,9.6,-0.444,19.16,20.9,01a57989o0256o
57989.372895,-20.982,1.015,-15,15,o,0,1.06,282.18089,33.08094,5553.3,4123.73,2.95,2.84,9.7,-0.442,19.18,20.94,01a57989o0274o
57989.376531,22.864,4.692,3,12,o,0,0.98,282.18089,33.08094,5541.2,4254.42,3.0,2.86,10.6,-0.442,19.33,21.1,01a57989o0281o
57991.373827,20.694,0.5,19,10,c,0,0.85,282.18089,33.08094,7711.3,2321.32,2.54,2.46,82.1,-0.417,19.69,21.65,02a57991o0161c
57991.374844,-21.115,0.752,-13,10,c,0,0.82,282.18089,33.08094,7695.3,2281.75,2.53,2.45,86.8,-0.416,19.73,21.66,02a57991o0163c
57991.392207,-22.474,2.241,-4,8,c,0,1.0,282.18089,33.08094,7758.13,2360.0,2.58,2.49,-82.8,-0.412,19.75,21.65,02a57991o0193c
57991.400255,21.313,0.854,11,9,c,0,0.83,282.18089,33.08094,7774.99,2242.99,2.62,2.53,-83.1,-0.409,19.75,21.63,02a57991o0207c
57995.364665,21.5,1.552,9,14,o,0,1.42,282.18089,33.08094,7014.09,1519.35,2.13,2.05,-84.8,-0.449,19.25,20.05,02a57995o0252o
57995.374135,-21.749,2.045,-7,15,o,0,1.02,282.18089,33.08094,6997.79,1479.79,2.12,2.06,69.6,-0.453,19.14,19.86,02a57995o0269o
57995.377043,-25.513,74.0,0,17,o,0,1.4,282.18089,33.08094,7062.74,1557.93,2.11,2.04,69.3,-0.453,19.05,19.77,02a57995o0274o
57995.39545,22.977,6.611,2,16,o,0,2.47,282.18089,33.08094,7078.6,1440.01,2.18,2.11,82.2,-0.443,18.83,19.5,02a57995o0308o
57997.35169,-20.345,0.637,-26,17,o,0,1.26,282.18089,33.08094,2692.74,8321.57,2.94,2.82,89.7,-0.458,19.0,20.33,01a57997o0245o
57997.361456,20.919,1.253,16,20,o,0,1.24,282.18089,33.08094,2735.46,8397.94,3.08,2.95,-84.6,-0.447,18.96,20.29,01a57997o0264o
57997.364056,-20.921,1.309,-16,20,o,0,1.05,282.18089,33.08094,2671.91,8330.44,3.01,2.92,-89.7,-0.452,18.95,20.28,01a57997o0269o
57997.364557,21.512,2.213,9,20,o,0,1.01,282.18089,33.08094,2656.84,8449.14,3.06,2.88,89.4,-0.449,18.95,20.28,01a57997o0270o
57999.354517,21.187,1.375,12,17,o,0,0.99,282.18089,33.08094,7858.39,3453.57,2.04,1.99,64.8,-0.475,19.06,19.71,02a57999o0239o
57999.363608,-17.678,1.076,-308,332,o,0,1.16,282.18089,33.08094,7826.43,3413.48,2.08,2.0,40.2,-0.525,16.23,16.22,02a57999o0256o
57999.372895,-19.823,1.119,-43,48,o,0,0.82,282.18089,33.08094,7891.26,3491.12,2.07,2.0,44.7,-0.478,17.56,17.94,02a57999o0273o
57999.375728,19.665,0.746,49,37,o,0,0.89,282.18089,33.08094,7908.03,3373.83,2.07,2.02,50.8,-0.477,18.35,18.66,02a57999o0278o
58003.344468,19.442,0.342,61,21,o,0,0.91,282.18089,33.08094,7001.72,9454.95,2.29,2.19,29.8,-0.458,18.99,19.55,02a58003o0233o
58007.326731,21.245,0.869,12,10,o,0,0.63,282.18089,33.08094,9180.23,3241.96,2.06,2.0,59.2,-0.471,19.71,21.03,02a58007o0196o
58007.339078,24.3,14.143,1,10,o,0,0.67,282.18089,33.08094,9148.6,3200.85,2.12,2.02,42.5,-0.476,19.61,20.82,02a58007o0219o
58007.341987,22.348,2.442,4,10,o,0,1.23,282.18089,33.08094,9213.86,3279.19,2.09,2.02,31.3,-0.477,19.58,20.72,02a58007o0225o
58007.358577,-21.199,1.016,-12,12,o,0,1.22,282.18089,33.08094,9230.52,3162.86,2.07,2.01,26.3,-0.486,19.47,20.37,02a58007o0257o
58009.315744,-22.046,2.517,-6,14,o,0,0.78,282.18089,33.08094,1037.81,8806.55,3.2,2.72,-85.2,-0.451,19.37,21.32,01a58009o0086o
58009.323187,-21.266,0.985,-11,11,o,0,1.31,282.18089,33.08094,1061.38,8875.24,3.07,2.56,-87.8,-0.464,19.42,21.33,01a58009o0101o
58009.332774,21.807,2.056,7,14,o,0,0.94,282.18089,33.08094,1020.62,8833.38,3.26,2.69,-88.7,-0.446,19.39,21.3,01a58009o0121o
58009.335096,-21.686,1.667,-8,13,o,0,0.98,282.18089,33.08094,1006.45,8960.15,3.33,2.73,-86.5,-0.442,19.38,21.29,01a58009o0126o
58013.299915,21.852,1.824,7,12,o,0,0.93,282.18089,33.08094,5680.65,689.0,3.13,2.83,-15.0,-0.448,19.44,21.29,01a58013o0185o
58013.302013,-21.636,1.565,-8,13,o,0,0.99,282.18089,33.08094,4558.45,10483.58,2.84,2.7,-63.4,-0.497,19.43,21.25,01a58013o0189o
58013.30706,-19.658,5.786,-50,288,o,0,0.01,282.18089,33.08094,4575.42,10522.79,2.84,2.7,-68.5,-0.491,19.41,21.21,01a58013o0199o
58013.307526,-25.626,71.0,0,14,o,0,0.76,282.18089,33.08094,5698.28,729.64,3.19,2.93,-13.9,-0.448,19.41,21.27,01a58013o0200o
58013.307985,20.961,0.96,15,14,o,0,0.72,282.18089,33.08094,5648.04,652.24,3.17,2.89,-10.9,-0.447,19.39,21.26,01a58013o0201o
58013.316637,-20.505,0.57,-23,13,o,0,1.0,282.18089,33.08094,4524.39,10444.75,2.98,2.81,-64.2,-0.479,19.36,21.12,01a58013o0219o
58013.322348,20.737,0.811,18,15,o,0,0.72,282.18089,33.08094,5633.55,768.83,3.05,2.89,-19.7,-0.454,19.37,21.09,01a58013o0230o
58019.299442,22.229,1.568,5,7,c,0,1.18,282.18089,33.08094,7828.81,3025.62,2.56,2.46,-85.9,-0.414,19.82,21.69,02a58019o0172c
58019.311814,-20.68,0.487,-19,10,c,0,0.83,282.18089,33.08094,7811.48,2986.38,2.55,2.47,87.2,-0.416,19.77,21.66,02a58019o0197c
58019.316344,24.922,20.667,0,8,c,0,1.39,282.18089,33.08094,7876.12,3064.29,2.58,2.51,-85.4,-0.416,19.73,21.66,02a58019o0206c
58019.331183,20.851,0.516,17,8,c,0,1.09,282.18089,33.08094,7892.27,2947.28,2.56,2.48,-86.0,-0.419,19.72,21.59,02a58019o0234c
58021.292016,21.015,1.052,14,15,o,0,1.04,282.18089,33.08094,2594.58,8574.65,3.13,2.7,-89.1,-0.455,19.35,21.06,01a58021o0148o
58021.299666,-20.304,0.547,-27,15,o,0,0.97,282.18089,33.08094,2637.46,8643.24,3.13,2.66,-86.9,-0.458,19.33,21.09,01a58021o0163o
58021.307642,-21.456,1.4,-10,13,o,0,0.98,282.18089,33.08094,2581.39,8594.53,3.22,2.7,-87.4,-0.451,19.34,21.09,01a58021o0178o
58021.315339,20.488,0.626,23,14,o,0,0.92,282.18089,33.08094,2574.7,8739.59,3.36,2.78,-88.4,-0.437,19.28,21.06,01a58021o0193o
58023.296984,22.361,2.727,4,11,o,0,0.84,282.18089,33.08094,7424.54,2846.95,2.05,2.03,-63.6,-0.455,19.42,20.39,02a58023o0170o
58023.303656,-22.11,2.368,-5,12,o,0,0.81,282.18089,33.08094,7407.49,2807.87,2.01,2.0,-77.7,-0.458,19.47,20.39,02a58023o0182o
58023.312711,-23.012,5.0,-2,11,o,0,1.01,282.18089,33.08094,7457.69,2884.63,2.16,2.13,-63.3,-0.441,19.36,20.35,02a58023o0198o
58023.323432,21.65,1.457,8,12,o,0,1.2,282.18089,33.08094,7489.8,2767.57,2.09,2.07,53.7,-0.452,19.4,20.33,02a58023o0217o
58025.288596,-20.969,1.264,-15,19,o,0,0.87,282.18089,33.08094,2212.47,8121.26,2.96,2.62,-87.1,-0.464,19.08,20.31,01a58025o0195o
58025.294467,21.146,1.2,13,15,o,0,0.95,282.18089,33.08094,2234.63,8183.02,2.93,2.6,-86.6,-0.467,19.11,20.3,01a58025o0206o
58025.302626,20.449,0.821,24,20,o,0,0.85,282.18089,33.08094,2178.43,8134.83,2.9,2.59,88.6,-0.463,19.07,20.28,01a58025o0221o
58025.312863,20.273,0.633,28,18,o,0,0.72,282.18089,33.08094,2176.62,8287.68,2.87,2.61,89.7,-0.47,19.1,20.28,01a58025o0240o
58026.258618,21.111,1.453,13,19,o,0,0.87,282.18089,33.08094,10329.56,7391.11,3.12,3.02,42.8,-0.441,18.99,20.27,01a58026o0010o
58027.290512,20.456,0.777,24,18,o,0,1.06,282.18089,33.08094,9619.18,1770.5,2.22,2.1,50.4,-0.494,19.05,19.72,02a58027o0071o
58045.265661,-21.078,1.304,-14,18,o,0,0.86,282.18089,33.08094,2325.26,8273.51,3.08,2.83,-86.4,-0.459,19.15,20.55,01a58045o0169o
58045.268086,-21.171,1.227,-12,15,o,0,1.17,282.18089,33.08094,2345.83,8320.85,3.08,2.72,-85.9,-0.453,19.14,20.57,01a58045o0174o
58045.27271,-21.246,1.441,-12,17,o,0,0.97,282.18089,33.08094,2283.85,8259.04,3.13,2.78,-88.0,-0.449,19.12,20.53,01a58045o0183o
58045.279349,-23.213,7.9,-2,15,o,0,1.09,282.18089,33.08094,2278.65,8397.56,3.07,2.75,-87.3,-0.447,19.19,20.57,01a58045o0196o
58049.218676,23.758,16.0,1,18,o,0,0.94,282.18089,33.08094,5056.73,1090.85,3.89,3.41,0.8,-0.424,19.05,20.59,01a58049o0023o
58049.221003,-20.972,1.278,-15,19,o,0,1.01,282.18089,33.08094,5075.08,1138.8,3.74,3.39,-0.9,-0.429,19.01,20.58,01a58049o0028o
58053.249867,-20.964,1.242,-15,19,o,0,1.08,282.18089,33.08094,3573.74,9608.82,3.31,3.04,-86.5,-0.46,18.99,20.32,01a58053o0074o
58053.25647,-20.702,0.943,-19,18,o,0,1.33,282.18089,33.08094,3604.13,9670.0,3.23,2.97,-80.4,-0.456,18.99,20.32,01a58053o0088o
58053.26119,22.09,3.0,5,16,o,0,1.49,282.18089,33.08094,3547.14,9607.18,3.19,2.92,-81.3,-0.463,19.01,20.32,01a58053o0098o
58053.265411,20.719,1.241,19,23,o,0,0.78,282.18089,33.08094,3540.36,9738.08,3.32,3.01,-80.1,-0.456,18.97,20.3,01a58053o0107o
58055.215636,20.471,0.646,24,15,o,0,0.72,282.18089,33.08094,7881.22,9575.12,2.18,2.07,36.9,-0.469,19.35,20.14,02a58055o0080o
58055.217919,21.872,2.254,6,15,o,0,1.07,282.18089,33.08094,7867.98,9533.96,2.19,2.02,36.7,-0.473,19.34,20.13,02a58055o0085o
58055.230814,20.396,0.626,25,16,o,0,0.97,282.18089,33.08094,7910.1,9613.74,2.21,2.03,38.5,-0.475,19.35,20.1,02a58055o0112o
58055.239451,20.875,1.161,16,19,o,0,0.59,282.18089,33.08094,7925.3,9496.89,2.29,2.08,17.7,-0.506,19.26,20.05,02a58055o0129o
58059.257481,20.352,0.727,26,19,o,0,1.09,282.18089,33.08094,8465.52,2381.45,2.12,1.98,52.0,-0.484,18.99,19.35,02a58059o0018o
58059.262558,20.179,0.467,31,14,o,0,2.72,282.18089,33.08094,8447.7,2342.64,2.12,1.99,45.6,-0.479,18.94,19.28,02a58059o0029o
58059.267193,20.286,0.753,28,21,o,0,1.14,282.18089,33.08094,8510.99,2421.87,2.11,2.0,44.3,-0.485,18.93,19.26,02a58059o0039o
58059.270894,-22.359,4.605,-4,19,o,0,1.01,282.18089,33.08094,8526.53,2307.55,2.15,2.0,32.6,-0.51,18.88,19.24,02a58059o0047o
58061.25072,21.134,2.4,13,31,o,0,0.82,282.18089,33.08094,291.22,9266.12,2.85,2.38,-83.0,-0.491,18.49,19.12,01a58061o0150o
58061.256921,23.088,16.0,2,34,o,0,0.89,282.18089,33.08094,317.53,9324.03,3.01,2.53,-83.4,-0.477,18.44,19.07,01a58061o0163o
58061.26333,19.397,0.559,63,35,o,0,1.03,282.18089,33.08094,282.31,9262.96,3.06,2.56,-84.9,-0.448,18.38,19.01,01a58061o0176o
58061.269346,-20.435,1.37,-24,33,o,0,1.54,282.18089,33.08094,262.09,9395.89,3.03,2.57,-85.5,-0.467,18.38,18.96,01a58061o0188o
58063.243672,25.253,58.667,0,17,o,0,1.19,282.18089,33.08094,7078.67,3078.06,2.04,2.02,58.8,-0.461,19.13,19.76,02a58063o0138o
58063.250142,-22.88,5.731,-3,15,o,0,1.37,282.18089,33.08094,7058.97,3040.71,2.07,2.04,59.9,-0.458,19.01,19.6,02a58063o0151o
58063.256548,20.536,0.835,22,18,o,0,1.09,282.18089,33.08094,7116.74,3122.24,2.03,2.02,29.8,-0.466,18.91,19.5,02a58063o0164o
58063.262246,20.739,0.973,18,18,o,0,1.29,282.18089,33.08094,7134.81,3005.77,2.08,2.06,13.7,-0.465,18.85,19.38,02a58063o0176o
58065.228066,-21.234,1.387,-12,16,o,0,0.94,282.18089,33.08094,3624.13,636.53,3.0,2.85,10.6,-0.42,19.16,20.59,01a58065o0107o
58065.235749,-24.979,46.0,0,17,o,0,0.78,282.18089,33.08094,3656.08,699.74,2.97,2.76,5.8,-0.436,19.15,20.5,01a58065o0122o
58065.243178,21.791,2.8,7,20,o,0,0.9,282.18089,33.08094,3620.86,643.63,3.02,2.88,4.3,-0.429,18.91,20.29,01a58065o0137o
58065.248481,-22.457,7.294,-4,28,o,0,0.89,282.18089,33.08094,2370.66,10458.21,3.03,2.72,-83.8,-0.465,18.94,20.29,01a58065o0148o
58065.249888,-19.294,0.624,-70,43,o,0,0.84,282.18089,33.08094,3620.12,780.56,3.02,2.89,7.3,-0.429,18.48,19.73,01a58065o0151o
58065.254733,-17.938,0.939,-242,228,o,0,1.07,282.18089,33.08094,2401.71,10514.47,3.1,2.8,-79.3,-0.461,16.75,17.97,01a58065o0161o
58065.259932,19.683,0.624,49,30,o,0,1.64,282.18089,33.08094,2349.08,10448.34,3.12,2.79,-80.3,-0.457,18.56,19.87,01a58065o0172o
58067.255525,20.675,0.828,20,16,o,0,0.84,282.18089,33.08094,7546.66,1022.6,2.39,2.08,39.1,-0.477,19.28,20.13,02a58067o0166o
58067.261341,20.753,0.783,18,14,o,0,1.57,282.18089,33.08094,7527.79,985.05,2.47,2.12,35.8,-0.472,19.22,20.12,02a58067o0178o
58067.266714,-22.691,5.217,-3,16,o,0,1.22,282.18089,33.08094,7590.4,1065.26,2.49,2.16,36.3,-0.464,19.18,20.1,02a58067o0189o
58067.270734,-21.679,2.293,-8,18,o,0,0.72,282.18089,33.08094,7606.04,951.07,2.48,2.17,36.4,-0.472,19.18,20.09,02a58067o0197o
58071.223377,-20.853,0.545,-17,9,c,0,1.06,282.18089,33.08094,6433.07,3350.07,2.42,2.37,81.8,-0.425,19.59,21.24,02a58071o0042c
58071.232005,-21.874,1.647,-6,11,c,0,0.82,282.18089,33.08094,6398.35,3311.04,2.46,2.37,54.9,-0.43,19.57,21.2,02a58071o0060c
58071.240212,-23.331,5.538,-2,9,c,0,1.01,282.18089,33.08094,6462.33,3389.04,2.51,2.37,49.9,-0.427,19.53,21.14,02a58071o0077c
58071.248848,21.567,1.344,9,12,c,0,0.91,282.18089,33.08094,6477.24,3272.91,2.62,2.43,47.3,-0.423,19.47,21.06,02a58071o0095c
58073.26066,-20.623,1.014,-20,21,o,0,0.94,282.18089,33.08094,2093.18,8758.83,3.84,3.3,87.4,-0.388,18.92,20.5,01a58073o0178o
58073.264661,-21.141,1.612,-13,20,o,0,0.92,282.18089,33.08094,2118.73,8806.23,3.71,3.12,86.3,-0.401,18.97,20.45,01a58073o0186o
58073.267625,22.343,5.071,4,21,o,0,0.92,282.18089,33.08094,2060.45,8733.12,3.9,3.48,86.9,-0.381,18.89,20.43,01a58073o0192o
58073.271614,-21.357,2.0,-10,21,o,0,1.07,282.18089,33.08094,2053.0,8857.44,4.03,3.46,87.1,-0.392,18.85,20.39,01a58073o0200o
58075.213799,22.555,2.8,4,10,c,0,0.99,282.18089,33.08094,6429.32,2298.02,2.7,2.42,47.6,-0.42,19.58,21.26,02a58075o0032c
58075.222232,-22.417,2.741,-4,11,c,0,0.9,282.18089,33.08094,6411.94,2260.56,2.78,2.42,43.7,-0.432,19.55,21.24,02a58075o0050c
58075.230223,-20.814,0.685,-17,12,c,0,0.91,282.18089,33.08094,6477.11,2338.69,2.87,2.47,42.3,-0.43,19.49,21.19,02a58075o0067c
58075.238762,-20.814,0.711,-17,12,c,0,1.2,282.18089,33.08094,6491.84,2222.61,3.1,2.63,40.2,-0.417,19.43,21.15,02a58075o0085c
58077.256397,22.452,5.375,4,20,o,0,0.99,282.18089,33.08094,3025.93,305.38,3.45,2.91,74.1,-0.426,18.78,20.18,01a58077o0162o
58077.257843,20.069,0.692,34,24,o,0,1.05,282.18089,33.08094,1689.22,10066.74,3.9,3.29,-84.6,-0.39,18.82,20.25,01a58077o0165o
58077.262178,20.412,0.958,25,24,o,0,0.93,282.18089,33.08094,3056.39,356.11,3.57,3.1,70.9,-0.41,18.71,20.19,01a58077o0174o
58077.26318,21.306,2.171,11,24,o,0,1.05,282.18089,33.08094,1718.79,10115.71,4.01,3.37,-85.0,-0.385,18.8,20.27,01a58077o0176o
58077.26574,21.657,3.077,8,24,o,0,0.85,282.18089,33.08094,3014.96,282.85,3.79,3.4,67.7,-0.395,18.66,20.15,01a58077o0181o
58077.266199,-21.19,2.184,-12,26,o,0,0.95,282.18089,33.08094,1676.5,10042.42,4.04,3.39,-84.7,-0.388,18.78,20.23,01a58077o0182o
58077.270227,21.037,1.884,14,26,o,0,0.99,282.18089,33.08094,1651.41,10168.63,4.01,3.47,-89.3,-0.375,18.76,20.17,01a58077o0190o
58079.209013,21.435,1.1,10,11,c,0,1.06,282.18089,33.08094,6111.06,812.07,2.89,2.6,43.8,-0.424,19.48,21.15,02a58079o0046c
58079.217416,-21.171,1.059,-12,13,c,0,1.03,282.18089,33.08094,6093.28,773.98,3.05,2.75,38.0,-0.415,19.45,21.14,02a58079o0064c
58079.225612,23.101,6.0,2,12,c,0,0.89,282.18089,33.08094,6141.93,852.37,3.14,2.79,37.8,-0.407,19.37,21.13,02a58079o0081c
58079.232276,-19.161,0.402,-79,32,c,0,0.85,282.18089,33.08094,4849.68,10506.31,2.92,2.39,9.5,-0.454,19.46,21.03,02a58079o0095c
58079.234225,22.404,3.217,4,13,c,0,1.12,282.18089,33.08094,6172.83,737.34,2.99,2.55,36.4,-0.435,19.47,21.1,02a58079o0099c
58081.250993,20.714,1.354,19,26,o,0,0.86,282.18089,33.08094,248.33,9515.73,3.81,3.35,-86.1,-0.403,18.79,20.1,01a58081o0162o
58081.257213,20.441,1.054,24,26,o,0,1.19,282.18089,33.08094,278.78,9565.64,4.11,3.56,-81.7,-0.375,18.69,20.02,01a58081o0175o
58081.262884,20.586,1.312,21,28,o,0,0.91,282.18089,33.08094,243.69,9495.37,4.05,3.58,-79.8,-0.384,18.63,19.97,01a58081o0187o
58093.195659,-19.977,1.102,-37,41,o,0,1.15,282.18089,33.08094,1623.25,10482.76,3.8,3.48,-84.3,-0.397,18.19,19.19,01a58093o0039o
58093.196608,-21.869,5.444,-6,35,o,0,0.88,282.18089,33.08094,2973.21,724.14,3.38,3.15,66.1,-0.415,18.3,19.23,01a58093o0041o
58093.211014,-21.04,1.87,-14,26,o,0,1.01,282.18089,33.08094,3024.03,793.78,3.76,3.56,65.9,-0.401,18.57,19.9,01a58093o0072o
58093.214517,-20.041,0.688,-35,24,o,0,1.16,282.18089,33.08094,2967.27,721.89,3.6,3.31,75.6,-0.403,18.59,19.88,01a58093o0079o
58093.218608,-20.306,1.129,-27,31,o,0,0.83,282.18089,33.08094,1629.33,10490.42,3.78,3.38,86.9,-0.396,18.7,19.93,01a58093o0087o
58093.222771,-25.298,91.0,0,25,o,0,0.85,282.18089,33.08094,2972.84,854.58,3.62,3.33,72.4,-0.395,18.5,19.81,01a58093o0095o
58095.194216,-21.665,7.151,-8,56,o,0,1.03,282.18089,33.08094,9022.48,1035.03,2.73,2.13,36.3,-0.473,17.98,18.19,02a58095o0040o
58095.196542,-19.522,0.628,-56,35,o,0,1.05,282.18089,33.08094,8990.14,991.43,2.63,2.06,34.9,-0.481,18.47,18.79,02a58095o0045o
58095.212328,-20.982,1.505,-15,22,o,0,0.83,282.18089,33.08094,9046.69,1084.12,2.6,2.1,31.7,-0.461,19.23,20.15,02a58095o0079o
58095.217427,-20.595,0.899,-21,19,o,0,0.97,282.18089,33.08094,9063.63,962.13,2.66,2.13,28.6,-0.454,19.2,20.13,02a58095o0089o
58097.192245,18.53,0.593,141,84,o,0,0.93,282.18089,33.08094,2300.64,988.43,3.18,2.96,55.7,-0.448,17.26,17.6,01a58097o0037o
58097.192703,-19.061,0.79,-86,68,o,0,1.31,282.18089,33.08094,2352.55,1068.31,3.2,2.98,66.8,-0.452,17.45,17.73,01a58097o0038o
58097.19316,20.708,3.888,19,74,o,0,0.86,282.18089,33.08094,2336.9,1029.96,3.16,2.97,63.3,-0.451,17.53,17.86,01a58097o0039o
58097.196483,20.411,1.595,25,40,o,0,1.16,282.18089,33.08094,2296.11,1115.73,3.13,2.95,61.5,-0.453,18.07,18.76,01a58097o0046o
58099.194203,-20.779,4.068,-18,72,o,0,0.86,282.18089,33.08094,9102.46,1492.15,2.79,2.45,39.0,-0.471,17.53,17.68,02a58099o0042o
58099.19466,-18.856,0.68,-104,71,o,0,0.95,282.18089,33.08094,9053.22,1412.9,2.81,2.43,32.8,-0.469,17.73,17.87,02a58099o0043o
58099.195116,18.737,0.533,116,62,o,0,1.01,282.18089,33.08094,9069.02,1452.29,2.79,2.42,31.9,-0.473,17.9,18.11,02a58099o0044o
58099.197017,19.005,0.531,91,48,o,0,1.64,282.18089,33.08094,9134.32,1371.82,2.78,2.36,36.1,-0.485,18.13,18.61,02a58099o0048o
58179.573548,-19.237,0.671,-73,49,o,0,0.86,282.18089,33.08094,2561.68,1018.94,3.2,2.61,33.5,-0.437,17.91,18.47,02a58179o0609o
58179.576998,-20.677,1.981,-20,39,o,0,1.12,282.18089,33.08094,2576.31,1055.89,3.11,2.52,33.5,-0.44,17.93,18.52,02a58179o0616o
58179.591424,21.038,2.977,14,42,o,0,1.03,282.18089,33.08094,2527.11,978.62,2.86,2.32,34.8,-0.484,18.19,18.69,02a58179o0641o
58179.59188,20.913,2.36,16,37,o,0,0.98,282.18089,33.08094,2511.56,1095.91,2.84,2.26,29.1,-0.483,18.19,18.7,02a58179o0642o
58207.608767,-22.357,5.231,-4,22,o,0,0.96,282.18089,33.08094,939.46,7390.79,2.23,1.88,19.6,-0.497,18.92,19.57,02a58207o0599o
58207.618323,-20.555,0.888,-22,19,o,0,1.17,282.18089,33.08094,954.5,7432.39,2.31,1.96,24.5,-0.495,18.99,19.62,02a58207o0616o
58207.628148,23.049,9.6,2,21,o,0,1.16,282.18089,33.08094,887.99,7354.5,2.31,1.9,22.1,-0.489,19.02,19.68,02a58207o0633o
58207.63778,-23.487,16.0,-2,23,o,0,0.77,282.18089,33.08094,870.22,7472.67,2.35,1.91,21.6,-0.484,19.02,19.68,02a58207o0650o
58249.618142,19.94,0.492,38,19,o,0,0.67,282.18089,33.08094,2472.42,258.88,3.19,3.05,23.3,-0.415,19.04,20.52,01a58249o0269o
58249.622431,-19.65,0.408,-50,20,o,0,1.24,282.18089,33.08094,1120.94,10038.65,3.39,2.77,-88.2,-0.472,18.69,19.74,01a58249o0277o
58253.604032,-19.434,0.367,-61,22,o,0,1.12,282.18089,33.08094,2527.59,9542.14,3.59,2.89,-83.2,-0.433,18.77,20.35,01a58253o0764o
58253.619058,-19.813,0.634,-43,27,o,0,1.07,282.18089,33.08094,2549.64,9641.67,3.42,2.81,-82.2,-0.446,18.62,19.68,01a58253o0786o
58257.588601,22.871,5.571,3,14,o,0,0.83,282.18089,33.08094,1323.27,7728.79,3.16,2.66,89.1,-0.451,19.28,21.06,01a58257o0720o
58257.596476,21.313,1.433,11,16,o,0,0.76,282.18089,33.08094,1343.04,7799.37,3.14,2.63,-88.6,-0.448,19.3,21.11,01a58257o0732o
58257.610341,20.253,0.531,29,15,o,0,0.91,282.18089,33.08094,1283.08,7776.4,3.12,2.62,-86.7,-0.457,19.27,20.96,01a58257o0753o
58257.62431,-20.57,4.782,-22,103,o,0,1.19,282.18089,33.08094,1276.2,7947.99,3.12,2.6,-84.4,-0.481,18.0,18.39,01a58257o0774o
58259.579102,21.66,1.107,8,9,c,0,1.04,282.18089,33.08094,9335.85,1165.14,2.74,2.51,52.0,-0.438,19.78,21.86,02a58259o0470c
58259.598649,-23.085,4.571,-2,10,c,0,1.02,282.18089,33.08094,9319.95,1127.33,2.85,2.6,37.1,-0.429,19.76,21.85,02a58259o0507c
58259.607926,21.274,0.89,11,10,c,0,1.16,282.18089,33.08094,9383.16,1205.96,2.87,2.64,50.4,-0.431,19.7,21.61,02a58259o0522c
58259.620711,-19.981,0.68,-37,25,c,0,1.4,282.18089,33.08094,9399.63,1088.93,2.83,2.57,47.7,-0.435,18.56,19.55,02a58259o0544c
58261.585869,-21.953,2.235,-6,13,o,0,0.9,282.18089,33.08094,1297.53,8148.99,3.16,2.58,-83.7,-0.452,19.33,21.15,01a58261o0642o
58261.599756,-20.537,0.637,-22,14,o,0,0.69,282.18089,33.08094,1339.06,8242.96,3.28,2.76,-87.6,-0.443,19.31,21.25,01a58261o0666o
58261.614262,-19.871,0.567,-41,23,o,0,0.81,282.18089,33.08094,1281.28,8221.95,3.25,2.76,-88.3,-0.441,18.92,20.2,01a58261o0687o
58263.584055,-21.378,2.3,-10,24,o,0,0.91,282.18089,33.08094,4636.21,10355.63,2.41,2.19,-6.9,-0.432,18.92,20.15,02a58263o0716o
58263.604879,-26.024,119.0,0,17,o,0,0.81,282.18089,33.08094,4618.05,10316.42,2.28,2.1,7.2,-0.453,19.35,20.57,02a58263o0753o
58263.605892,22.209,3.444,5,16,o,0,0.8,282.18089,33.08094,5938.9,581.45,2.13,1.99,54.1,-0.462,19.29,20.49,02a58263o0755o
58263.60756,20.537,0.683,22,15,o,0,0.76,282.18089,33.08094,5922.1,540.38,2.13,2.0,60.7,-0.459,19.25,20.37,02a58263o0758o
58263.611966,20.036,0.836,35,29,o,0,0.84,282.18089,33.08094,4666.57,10394.56,2.29,2.09,9.5,-0.442,18.83,19.8,02a58263o0765o
58263.621593,-18.694,0.64,-121,77,o,0,1.05,282.18089,33.08094,5974.35,620.69,2.18,2.01,53.7,-0.454,17.35,17.45,02a58263o0781o
58263.625675,-19.457,3.286,-60,197,o,0,1.73,282.18089,33.08094,4701.4,10277.12,2.28,2.06,-5.6,-0.609,16.87,16.77,02a58263o0787o
58265.578602,20.073,0.837,34,28,o,0,1.21,282.18089,33.08094,1669.74,9870.55,2.96,2.42,-85.5,-0.513,18.56,19.52,01a58265o0661o
58265.57906,21.026,1.862,14,26,o,0,1.06,282.18089,33.08094,2999.56,112.34,3.18,2.98,-1.4,-0.388,18.61,19.6,01a58265o0662o
58265.589561,-20.067,0.629,-34,22,o,0,0.94,282.18089,33.08094,3021.67,194.34,3.33,2.93,-5.9,-0.393,18.79,20.01,01a58265o0682o
58265.59002,23.602,19.857,1,26,o,0,0.63,282.18089,33.08094,1690.49,9956.65,2.98,2.58,-82.7,-0.499,18.89,20.11,01a58265o0683o
58265.591436,20.885,1.284,16,21,o,0,0.92,282.18089,33.08094,2956.28,122.71,3.35,2.99,-8.6,-0.389,18.88,20.17,01a58265o0686o
58265.600459,20.037,0.533,35,19,o,0,1.15,282.18089,33.08094,1647.82,9918.39,3.29,2.69,-86.2,-0.467,19.01,20.38,01a58265o0704o
58265.611653,20.865,0.986,16,16,o,0,0.72,282.18089,33.08094,2957.84,318.21,3.35,2.99,-6.3,-0.408,19.14,20.87,01a58265o0721o
58265.61435,20.333,0.592,27,16,o,0,0.94,282.18089,33.08094,1642.82,10090.05,3.28,2.76,-86.4,-0.465,19.16,20.79,01a58265o0725o
58269.55235,-23.78,35.8,-1,40,o,0,1.07,282.18089,33.08094,3495.93,9686.49,3.26,2.81,-84.0,-0.454,18.32,19.2,01a58269o0622o
58269.563671,-20.966,2.438,-15,36,o,0,1.13,282.18089,33.08094,3515.34,9771.27,3.38,2.91,-79.8,-0.446,18.28,19.2,01a58269o0643o
58269.585302,-19.318,0.443,-68,30,o,0,0.8,282.18089,33.08094,3460.25,9779.31,3.35,2.79,-77.9,-0.451,18.58,19.55,01a58269o0684o
58269.585769,20.699,1.215,19,23,o,0,1.27,282.18089,33.08094,4673.36,118.28,3.17,2.98,-10.4,-0.413,18.56,19.61,01a58269o0685o
58269.595669,19.307,0.321,69,22,o,0,1.4,282.18089,33.08094,3453.09,9937.76,3.24,2.78,-80.1,-0.459,18.68,19.76,01a58269o0703o
58271.591762,-19.253,1.432,-72,104,o,0,1.03,282.18089,33.08094,9387.92,3075.77,2.53,2.31,-88.7,-0.467,17.55,18.43,02a58271o0711o
58271.612091,19.566,0.503,54,27,o,0,1.2,282.18089,33.08094,9469.8,3038.5,2.37,2.32,71.9,-0.442,17.97,19.24,02a58271o0750o
58273.570761,19.822,0.398,43,17,o,0,1.14,282.18089,33.08094,3815.09,8943.44,3.32,3.24,-75.0,-0.423,19.05,20.57,01a58273o0686o
58273.580548,-20.283,0.597,-28,17,o,0,1.08,282.18089,33.08094,3838.35,9021.16,3.25,2.7,-86.6,-0.455,19.13,20.52,01a58273o0706o
58273.581538,22.542,4.444,4,16,o,0,1.42,282.18089,33.08094,3773.57,8947.89,3.25,2.71,-83.8,-0.452,19.1,20.53,01a58273o0708o
58273.599292,-23.383,10.125,-2,16,o,0,1.05,282.18089,33.08094,3774.13,9131.53,3.25,2.8,85.2,-0.447,19.07,20.5,01a58273o0742o
58275.556195,24.643,25.0,0,13,o,0,0.95,282.18089,33.08094,5368.5,9718.31,2.45,2.3,-4.3,-0.441,19.49,20.75,02a58275o0658o
58275.56608,22.335,3.743,4,16,o,0,0.57,282.18089,33.08094,5351.16,9679.96,2.38,2.22,-2.8,-0.461,19.53,20.74,02a58275o0678o
58275.586824,-23.226,7.188,-2,13,o,0,0.59,282.18089,33.08094,5418.05,9765.3,2.33,2.11,3.7,-0.481,19.56,20.74,02a58275o0714o
58275.594708,20.729,0.766,18,14,o,0,0.79,282.18089,33.08094,5431.07,9647.54,2.26,2.04,8.1,-0.477,19.58,20.75,02a58275o0727o
58277.59284,22.846,6.0,3,16,o,0,0.9,282.18089,33.08094,3023.27,7650.79,3.65,3.33,88.9,-0.42,19.18,21.21,01a58277o0456o
58277.596157,20.575,0.729,21,16,o,0,1.01,282.18089,33.08094,3011.19,7780.13,3.56,3.24,-87.2,-0.425,19.21,21.21,01a58277o0463o
58279.565503,-25.918,64.0,0,10,c,0,1.15,282.18089,33.08094,9248.3,1024.8,2.66,2.49,54.3,-0.438,19.63,21.5,02a58279o0666c
58279.575785,-21.332,1.149,-11,12,c,0,0.84,282.18089,33.08094,9232.72,983.78,2.72,2.52,55.8,-0.433,19.65,21.5,02a58279o0686c
58279.577159,22.232,2.31,5,11,c,0,0.85,282.18089,33.08094,9298.26,1063.19,2.75,2.52,53.0,-0.433,19.59,21.51,02a58279o0689c
58279.597358,-20.963,0.701,-15,10,c,0,1.39,282.18089,33.08094,9316.58,950.64,2.82,2.59,51.6,-0.425,19.57,21.38,02a58279o0726c
58281.554107,-21.386,1.418,-10,14,o,0,0.63,282.18089,33.08094,1875.48,8222.71,3.17,2.63,-88.4,-0.457,19.36,21.3,01a58281o0649o
58281.563892,-20.716,0.76,-19,14,o,0,0.65,282.18089,33.08094,1914.88,8300.15,3.26,2.73,86.0,-0.449,19.34,21.21,01a58281o0669o
58281.564881,-23.719,10.833,-1,13,o,0,0.8,282.18089,33.08094,1849.8,8226.03,3.22,2.78,89.2,-0.45,19.32,21.21,01a58281o0671o
58281.581841,24.39,24.667,1,16,o,0,0.83,282.18089,33.08094,1849.96,8406.29,3.43,2.85,-89.1,-0.432,19.25,21.06,01a58281o0705o
58285.53561,-21.657,1.892,-8,15,o,0,0.68,282.18089,33.08094,4520.38,8428.0,3.36,2.86,-81.5,-0.45,19.29,21.03,01a58285o0572o
58285.544957,21.763,2.156,7,15,o,0,0.83,282.18089,33.08094,4537.84,8466.3,3.43,2.92,-84.3,-0.447,19.2,20.96,01a58285o0591o
58285.563929,24.237,20.667,1,15,o,0,1.23,282.18089,33.08094,4471.51,8386.72,3.54,3.06,-77.8,-0.445,19.23,21.01,01a58285o0630o
58285.566753,21.274,1.417,11,16,o,0,0.78,282.18089,33.08094,4456.73,8503.97,3.52,2.93,-78.3,-0.448,19.25,21.02,01a58285o0636o
58287.527223,20.894,0.555,16,9,c,0,0.9,282.18089,33.08094,6440.62,1167.19,2.58,2.51,87.4,-0.413,19.78,21.84,02a58287o0578c
58287.537064,24.154,11.833,1,9,c,0,0.9,282.18089,33.08094,6423.09,1127.13,2.53,2.46,77.7,-0.416,19.77,21.81,02a58287o0598c
58287.554628,-21.704,1.056,-8,8,c,0,1.27,282.18089,33.08094,6469.9,1205.26,2.57,2.46,-88.5,-0.41,19.72,21.68,02a58287o0633c
58287.558972,-22.222,2.188,-5,10,c,0,1.07,282.18089,33.08094,6503.25,1087.18,2.61,2.5,63.8,-0.413,19.66,21.64,02a58287o0642c
58289.512288,21.096,1.038,13,14,o,0,0.8,282.18089,33.08094,2317.22,10411.85,2.89,2.49,-72.9,-0.481,19.45,21.31,01a58289o0568o
58289.521545,21.522,1.48,9,13,o,0,0.59,282.18089,33.08094,3566.23,636.69,3.11,2.62,-4.2,-0.445,19.42,21.41,01a58289o0587o
58289.530851,23.492,8.25,2,12,o,0,0.81,282.18089,33.08094,3584.37,676.35,3.14,2.64,-4.1,-0.445,19.42,21.39,01a58289o0606o
58289.531317,22.606,3.55,3,12,o,0,0.99,282.18089,33.08094,2333.66,10447.73,2.88,2.47,-76.7,-0.49,19.45,21.33,01a58289o0607o
58289.533432,20.816,0.742,17,13,o,0,0.76,282.18089,33.08094,3534.17,598.37,3.13,2.69,-5.8,-0.438,19.42,21.39,01a58289o0611o
58289.548724,-23.106,6.727,-2,14,o,0,0.76,282.18089,33.08094,3504.59,711.89,3.15,2.73,-6.2,-0.442,19.41,21.36,01a58289o0642o
58289.549673,20.964,0.753,15,11,o,0,1.06,282.18089,33.08094,2283.91,10366.02,2.95,2.6,-75.9,-0.484,19.49,21.3,01a58289o0644o
58289.553128,22.161,2.852,5,14,o,0,0.88,282.18089,33.08094,2251.64,10484.49,3.02,2.69,-73.2,-0.469,19.4,21.29,01a58289o0651o
58293.51466,20.814,1.011,17,17,o,0,1.01,282.18089,33.08094,4456.55,1162.66,3.03,2.7,-4.6,-0.469,19.03,20.33,01a58293o0574o
58293.524413,-20.676,0.869,-20,17,o,0,1.22,282.18089,33.08094,4474.38,1202.08,3.01,2.71,-2.1,-0.468,19.04,20.34,01a58293o0594o
58293.526785,24.037,18.0,1,16,o,0,1.06,282.18089,33.08094,4407.49,1123.89,2.92,2.69,-5.4,-0.474,19.06,20.36,01a58293o0599o
58293.547116,-20.176,0.518,-31,16,o,0,0.96,282.18089,33.08094,4395.3,1239.21,2.91,2.82,-6.6,-0.471,19.14,20.62,01a58293o0641o
58296.532462,-20.343,0.758,-26,20,o,0,1.53,282.18089,33.08094,8306.62,2057.36,2.42,2.32,51.7,-0.433,18.79,19.3,02a58296o0628o
58296.539018,-20.152,0.779,-32,25,o,0,0.67,282.18089,33.08094,8273.34,2017.44,2.4,2.24,44.2,-0.439,18.79,19.32,02a58296o0641o
58296.552264,-21.103,1.67,-13,22,o,0,1.85,282.18089,33.08094,8337.97,2097.07,2.45,2.27,49.3,-0.435,18.66,19.13,02a58296o0668o
58296.560348,20.665,1.364,20,27,o,0,0.89,282.18089,33.08094,8353.63,1980.78,2.39,2.2,50.4,-0.443,18.78,19.27,02a58296o0684o
58297.472779,21.665,4.176,8,33,o,0,0.8,282.18089,33.08094,3880.2,864.46,3.42,3.13,-5.5,-0.425,18.28,19.38,01a58297o0464o
58297.487535,19.768,0.685,45,31,o,0,1.08,282.18089,33.08094,3899.35,898.01,3.56,3.3,-3.7,-0.426,18.24,19.39,01a58297o0493o
58297.497143,-20.555,1.588,-22,35,o,0,1.0,282.18089,33.08094,3829.82,819.23,4.01,3.77,-8.5,-0.405,18.14,19.36,01a58297o0513o
58297.502806,-20.913,2.161,-16,34,o,0,1.08,282.18089,33.08094,3816.51,936.23,3.73,3.49,-7.4,-0.426,18.22,19.36,01a58297o0525o
58299.498248,22.582,5.125,3,17,o,0,0.75,282.18089,33.08094,6061.57,1579.83,2.2,2.15,79.7,-0.425,19.08,19.76,02a58299o0504o
58299.510999,-22.823,5.815,-3,16,o,0,1.13,282.18089,33.08094,6043.57,1539.24,2.15,2.07,50.0,-0.44,19.11,19.73,02a58299o0526o
58299.523479,20.613,0.786,21,16,o,0,0.92,282.18089,33.08094,6106.25,1617.35,2.2,2.14,42.4,-0.436,19.06,19.7,02a58299o0547o
58299.531126,26.396,159.0,0,16,o,0,1.45,282.18089,33.08094,6122.24,1501.4,2.16,2.06,44.0,-0.441,19.06,19.68,02a58299o0560o
58303.50208,20.662,0.86,20,17,o,0,1.17,282.18089,33.08094,7313.71,1137.8,2.24,2.04,42.4,-0.46,19.19,20.02,02a58303o0533o
58303.512669,24.128,13.286,1,11,o,0,1.61,282.18089,33.08094,7297.75,1098.94,2.34,2.06,39.9,-0.471,19.34,20.27,02a58303o0555o
58303.529744,-20.566,2.573,-22,56,o,0,0.54,282.18089,33.08094,7360.85,1177.76,2.41,2.17,34.5,-0.465,17.91,18.36,02a58303o0590o
58303.533137,-20.913,1.345,-16,21,o,0,0.75,282.18089,33.08094,7378.28,1060.79,2.5,2.2,34.0,-0.451,18.99,19.84,02a58303o0597o
58307.515967,21.553,1.129,9,10,c,0,0.97,282.18089,33.08094,7102.78,1038.75,2.68,2.55,54.4,-0.422,19.69,21.52,02a58307o0479c
58307.535218,23.33,6.0,2,10,c,0,1.23,282.18089,33.08094,7084.36,999.72,2.69,2.54,57.4,-0.422,19.65,21.39,02a58307o0518c
58307.536133,-22.852,3.944,-3,10,c,0,1.02,282.18089,33.08094,7133.18,1077.81,2.74,2.57,42.1,-0.424,19.66,21.38,02a58307o0520c
58307.552286,21.254,0.864,11,10,c,0,1.66,282.18089,33.08094,7148.92,961.53,2.68,2.5,42.4,-0.428,19.64,21.31,02a58307o0554c
58311.517517,20.512,0.371,23,8,c,0,1.22,282.18089,33.08094,6024.0,3387.53,2.8,2.59,-60.5,-0.405,19.65,21.63,02a58311o0564c
58311.517974,-20.485,0.346,-23,8,c,0,1.4,282.18089,33.08094,6007.89,3348.72,2.75,2.56,-60.4,-0.404,19.67,21.63,02a58311o0565c
58311.534943,23.768,8.0,1,9,c,0,1.09,282.18089,33.08094,6054.85,3427.15,2.69,2.48,-58.9,-0.413,19.67,21.59,02a58311o0601c
58311.538617,-20.22,0.325,-30,10,c,0,0.82,282.18089,33.08094,6088.16,3309.69,2.66,2.53,-61.1,-0.41,19.69,21.57,02a58311o0609c
58313.476009,-21.183,1.138,-12,14,o,0,0.87,282.18089,33.08094,3391.39,8258.45,3.0,2.82,-73.0,-0.455,19.34,21.24,01a58313o0442o
58313.487503,20.312,0.439,27,12,o,0,1.17,282.18089,33.08094,3408.43,8295.8,3.1,2.83,-77.8,-0.447,19.33,21.2,01a58313o0464o
58313.505279,20.677,2.2,20,43,o,0,0.87,282.18089,33.08094,3341.06,8217.2,3.31,2.9,-82.4,-0.447,18.26,19.93,01a58313o0499o
58313.508544,-21.204,2.893,-12,35,o,0,1.2,282.18089,33.08094,3325.83,8334.61,3.12,2.89,-79.5,-0.445,18.42,20.06,01a58313o0506o
58315.496034,-22.282,2.033,-4,9,c,0,1.53,282.18089,33.08094,6619.05,10132.93,2.77,2.58,18.1,-0.421,19.76,21.71,02a58315o0509c
58315.499872,-20.92,0.706,-16,11,c,0,0.91,282.18089,33.08094,8029.55,387.84,2.85,2.62,49.1,-0.413,19.72,21.7,02a58315o0517c
58315.505768,22.487,3.6,4,13,c,0,0.82,282.18089,33.08094,8012.78,348.65,2.79,2.58,52.0,-0.413,19.76,21.71,02a58315o0529c
58315.506251,21.124,0.814,13,10,c,0,1.12,282.18089,33.08094,6585.83,10091.55,2.79,2.59,6.7,-0.423,19.72,21.7,02a58315o0530c
58315.521371,21.236,1.0,12,12,c,0,0.74,282.18089,33.08094,6650.12,10173.29,2.82,2.62,13.0,-0.429,19.69,21.64,02a58315o0562c
58315.522285,22.781,3.947,3,11,c,0,1.24,282.18089,33.08094,8077.81,428.7,2.78,2.6,49.4,-0.41,19.71,21.66,02a58315o0564c
58315.52603,20.644,0.782,20,16,c,0,0.74,282.18089,33.08094,8095.69,310.12,2.98,2.66,42.7,-0.402,19.7,21.64,02a58315o0572c
58315.526945,-22.001,1.595,-6,9,c,0,0.88,282.18089,33.08094,6666.72,10054.0,2.81,2.58,7.4,-0.429,19.67,21.63,02a58315o0574c
58317.463525,24.113,14.5,1,12,o,0,1.07,282.18089,33.08094,1579.58,8253.78,3.17,2.94,-76.8,-0.428,19.38,21.58,01a58317o0462o
58317.472503,-20.96,0.92,-15,14,o,0,0.84,282.18089,33.08094,1596.57,8290.53,3.02,2.94,-62.1,-0.44,19.38,21.54,01a58317o0479o
58317.489016,-21.835,2.037,-7,14,o,0,0.87,282.18089,33.08094,1545.75,8210.75,3.61,3.26,-3.3,-0.394,19.22,21.4,01a58317o0513o
58317.493297,23.035,6.0,2,13,o,0,0.97,282.18089,33.08094,1513.95,8327.91,3.36,3.05,-80.7,-0.417,19.27,21.39,01a58317o0522o
58319.468559,22.664,5.364,3,17,o,0,0.79,282.18089,33.08094,7799.42,2412.86,2.24,2.12,-62.8,-0.436,19.31,20.78,02a58319o0470o
58319.479806,-19.547,1.755,-55,97,o,0,0.83,282.18089,33.08094,7765.23,2373.88,2.21,2.1,-64.9,-0.436,17.78,18.98,02a58319o0492o
58319.491871,21.045,1.816,14,25,o,0,0.92,282.18089,33.08094,7829.59,2452.72,2.18,2.14,-75.0,-0.44,18.44,19.72,02a58319o0515o
58319.507488,20.521,5.062,22,114,o,0,0.58,282.18089,33.08094,7847.15,2335.62,2.23,2.17,-55.9,-0.444,17.39,18.52,02a58319o0546o
58321.457163,-20.326,0.681,-27,18,o,0,1.01,282.18089,33.08094,2620.71,8012.79,3.35,3.2,-71.6,-0.437,18.95,20.53,01a58321o0452o
58321.46866,21.043,1.31,14,18,o,0,1.09,282.18089,33.08094,2654.31,8050.08,3.38,3.29,-72.4,-0.431,18.95,20.52,01a58321o0474o
58321.486376,22.018,3.034,6,17,o,0,0.89,282.18089,33.08094,2587.34,7970.54,3.08,2.88,-75.0,-0.45,19.12,20.62,01a58321o0509o
58321.491159,-24.978,42.5,0,16,o,0,0.99,282.18089,33.08094,2572.55,8087.92,2.99,2.75,-77.1,-0.465,19.21,20.75,01a58321o0519o
58323.455828,-20.622,0.886,-20,18,o,0,0.93,282.18089,33.08094,7023.12,1683.54,2.28,2.2,-86.5,-0.437,19.02,19.66,02a58323o0448o
58323.467441,21.019,1.514,14,22,o,0,0.87,282.18089,33.08094,7004.18,1645.14,2.39,2.32,-89.9,-0.435,18.91,19.6,02a58323o0470o
58323.479888,20.578,1.215,21,26,o,0,1.23,282.18089,33.08094,7067.92,1724.04,2.38,2.36,-71.4,-0.435,18.57,19.23,02a58323o0493o
58323.491674,20.768,1.61,18,29,o,0,1.11,282.18089,33.08094,7083.92,1607.3,2.41,2.3,42.7,-0.432,18.34,19.02,02a58323o0516o
58325.449741,-20.242,1.449,-29,42,o,0,0.88,282.18089,33.08094,1809.78,7121.15,4.07,3.87,-73.0,-0.39,18.32,19.66,01a58325o0356o
58325.460635,-19.792,0.959,-44,42,o,0,1.1,282.18089,33.08094,1826.76,7157.85,3.21,3.17,-61.7,-0.445,18.33,19.38,01a58325o0377o
58325.478818,20.303,1.476,28,40,o,0,1.46,282.18089,33.08094,1775.94,7076.92,2.95,2.82,-67.7,-0.482,18.41,19.36,01a58325o0415o
58325.481619,-23.531,38.0,-1,53,o,0,0.86,282.18089,33.08094,1744.28,7194.45,3.08,2.84,-82.6,-0.474,18.31,19.29,01a58325o0421o
58327.425544,-20.117,0.606,-33,20,o,0,1.38,282.18089,33.08094,9407.63,3044.44,2.11,2.05,36.7,-0.497,18.93,19.45,02a58327o0378o
58327.435818,-20.677,1.016,-20,20,o,0,1.13,282.18089,33.08094,9374.21,3004.03,2.2,2.07,45.5,-0.491,18.88,19.45,02a58327o0399o
58327.436733,-19.896,0.504,-40,20,o,0,1.1,282.18089,33.08094,9439.37,3083.16,2.18,2.08,31.2,-0.498,18.91,19.44,02a58327o0401o
58327.454698,-20.34,1.078,-26,29,o,0,0.68,282.18089,33.08094,9452.86,2965.97,2.24,2.07,28.4,-0.488,18.85,19.38,02a58327o0436o
58329.433296,-22.02,4.348,-6,25,o,0,0.89,282.18089,33.08094,4866.16,614.4,3.6,2.98,-5.7,-0.412,18.77,19.91,01a58329o0409o
58329.437211,-20.4,1.033,-25,26,o,0,1.01,282.18089,33.08094,3701.71,10386.05,3.07,2.78,-76.7,-0.456,18.58,19.74,01a58329o0417o
58329.444688,-22.473,6.222,-4,23,o,0,0.73,282.18089,33.08094,4885.23,651.37,3.31,2.79,-8.0,-0.431,18.82,19.98,01a58329o0431o
58329.448637,20.231,0.774,29,23,o,0,1.09,282.18089,33.08094,3735.55,10423.8,3.16,2.79,-74.0,-0.444,18.8,19.95,01a58329o0439o
58329.456521,-21.531,2.261,-9,20,o,0,1.41,282.18089,33.08094,4835.86,572.13,3.14,2.71,-5.5,-0.44,18.81,19.95,01a58329o0454o
58329.460456,-19.748,0.691,-46,32,o,0,0.91,282.18089,33.08094,3668.18,10344.18,3.28,2.81,-73.8,-0.45,18.54,19.6,01a58329o0462o
58329.467614,-20.765,1.494,-18,27,o,0,0.83,282.18089,33.08094,4823.91,689.77,3.23,2.86,-4.1,-0.439,18.72,19.86,01a58329o0476o
58329.471442,-21.35,2.377,-10,25,o,0,0.94,282.18089,33.08094,3654.3,10462.25,3.11,2.68,-76.7,-0.449,18.69,19.7,01a58329o0484o
58331.533495,-15.882,1.589,-1611,2560,c,0,1.24,282.18089,33.08094,7633.67,640.05,2.92,2.66,-74.7,-0.401,15.01,16.37,02a58331o0614c
58331.55407,17.934,1.027,243,250,c,0,1.06,282.18089,33.08094,7669.12,676.63,2.95,2.84,-52.1,-0.414,15.59,16.72,02a58331o0657c
58331.557479,-18.943,3.262,-96,313,c,0,0.91,282.18089,33.08094,6292.71,10307.65,3.29,3.17,19.0,-0.418,16.07,17.21,02a58331o0664c
58331.564736,-16.918,0.609,-620,378,c,0,0.82,282.18089,33.08094,7703.21,566.38,3.03,2.96,-27.8,-0.407,17.17,18.35,02a58331o0679c
58335.451096,-21.812,1.367,-7,9,c,0,1.22,282.18089,33.08094,8782.35,3207.27,2.66,2.56,-65.2,-0.414,19.65,21.47,02a58335o0453c
58335.461799,21.421,1.1,10,11,c,0,0.87,282.18089,33.08094,8765.28,3168.12,2.63,2.57,-71.4,-0.421,19.58,21.29,02a58335o0474c
58335.483383,-21.113,0.978,-13,13,c,0,0.82,282.18089,33.08094,8847.05,3130.11,2.64,2.54,-66.8,-0.423,19.5,21.1,02a58335o0516c
58337.439635,20.842,0.772,17,13,o,0,1.11,282.18089,33.08094,2911.38,8571.41,2.91,2.79,-21.9,-0.462,19.35,21.22,01a58337o0389o
58337.450247,21.887,2.105,6,13,o,0,0.6,282.18089,33.08094,2945.38,8609.66,2.83,2.58,-78.0,-0.484,19.38,21.13,01a58337o0410o
58337.460755,25.894,80.0,0,13,o,0,0.78,282.18089,33.08094,2878.85,8530.87,2.73,2.49,-78.3,-0.498,19.41,21.17,01a58337o0431o
58337.471444,20.851,0.812,17,14,o,0,0.73,282.18089,33.08094,2864.23,8647.03,2.77,2.53,-81.0,-0.495,19.36,21.03,01a58337o0452o
58339.443668,-20.066,1.64,-34,56,c,0,1.36,282.18089,33.08094,8181.23,2924.97,2.76,2.53,-52.6,-0.409,18.44,20.11,02a58339o0444c
58339.454614,19.774,0.895,45,40,c,0,0.66,282.18089,33.08094,8163.42,2886.03,2.76,2.59,-59.1,-0.401,18.22,19.83,02a58339o0466c
58339.465959,-22.167,13.0,-5,64,c,0,0.87,282.18089,33.08094,8212.27,2964.19,2.77,2.58,-53.0,-0.401,17.81,19.37,02a58339o0489c
58339.476602,-18.676,3.0,-123,369,c,0,1.42,282.18089,33.08094,8229.48,2847.51,2.76,2.64,-57.1,-0.414,15.88,17.27,02a58339o0511c
58341.406133,22.973,5.538,2,13,o,0,0.99,282.18089,33.08094,4184.7,8205.55,2.96,2.72,-79.6,-0.469,19.31,21.14,01a58341o0368o
58341.417538,23.56,11.0,1,15,o,0,0.87,282.18089,33.08094,4218.16,8242.9,3.06,2.85,-76.3,-0.468,19.33,21.15,01a58341o0390o
58341.428575,-21.025,0.961,-14,14,o,0,0.92,282.18089,33.08094,4152.16,8165.34,2.98,2.71,-78.7,-0.478,19.34,21.13,01a58341o0411o
58341.439984,21.702,1.897,8,14,o,0,0.89,282.18089,33.08094,4137.89,8281.35,3.1,2.79,-78.8,-0.465,19.31,21.15,01a58341o0433o
58343.41866,-21.174,0.942,-12,12,c,0,0.74,282.18089,33.08094,7626.27,10164.9,3.09,2.91,50.6,-0.378,19.68,21.76,02a58343o0015c
58343.422546,-22.811,4.421,-3,12,c,0,0.75,282.18089,33.08094,9123.25,402.19,2.75,2.65,-82.1,-0.377,19.65,21.77,02a58343o0023c
58343.42974,22.117,2.207,5,11,c,0,0.78,282.18089,33.08094,7606.88,10125.39,3.05,2.89,33.7,-0.389,19.65,21.74,02a58343o0037c
58343.433605,-22.806,5.062,-3,14,c,0,0.79,282.18089,33.08094,9088.49,361.87,3.0,2.84,54.1,-0.387,19.66,21.75,02a58343o0045c
58343.441348,-23.096,5.273,-2,11,c,0,1.01,282.18089,33.08094,7654.19,10204.7,3.12,2.95,31.0,-0.405,19.63,21.71,02a58343o0060c
58343.445194,22.693,4.353,3,13,c,0,0.88,282.18089,33.08094,9151.84,441.01,3.06,2.88,43.3,-0.387,19.59,21.72,02a58343o0068c
58343.452182,-20.501,0.437,-23,10,c,0,1.04,282.18089,33.08094,7683.29,10087.07,3.17,3.0,24.1,-0.383,19.58,21.67,02a58343o0082c
58343.456011,21.516,1.521,9,14,c,0,1.01,282.18089,33.08094,9167.58,323.46,3.19,2.93,42.7,-0.371,19.55,21.68,02a58343o0090c
58347.398404,-21.517,0.963,-9,9,o,0,1.15,282.18089,33.08094,6369.62,2264.93,2.28,2.14,-62.6,-0.445,19.66,21.18,02a58347o0309o
58347.40975,21.212,0.855,12,10,o,0,0.8,282.18089,33.08094,6351.92,2225.38,2.23,2.12,-63.8,-0.441,19.65,21.15,02a58347o0331o
58347.420838,-22.093,2.0,-5,11,o,0,0.76,282.18089,33.08094,6416.82,2302.92,2.19,2.14,-68.9,-0.444,19.65,21.1,02a58347o0352o
58347.43238,20.861,0.614,16,10,o,0,0.95,282.18089,33.08094,6432.72,2185.86,2.27,2.22,-47.3,-0.434,19.56,21.0,02a58347o0374o
58351.388648,21.775,1.831,7,13,o,0,1.39,282.18089,33.08094,5872.81,1384.44,2.33,2.27,76.5,-0.425,19.17,20.03,02a58351o0341o
58351.4001,20.726,1.098,19,20,o,0,0.78,282.18089,33.08094,5854.31,1344.88,2.37,2.32,72.7,-0.425,18.9,19.73,02a58351o0363o
58351.411057,-22.439,3.903,-4,15,o,0,0.99,282.18089,33.08094,5918.55,1422.76,2.39,2.32,-87.9,-0.425,19.13,20.09,02a58351o0384o
58351.422499,20.403,0.671,25,17,o,0,1.08,282.18089,33.08094,5935.08,1305.77,2.59,2.53,61.1,-0.41,19.05,20.05,02a58351o0406o
58361.358742,20.745,0.872,18,16,o,0,1.01,282.18089,33.08094,2650.84,8049.25,3.22,3.0,-81.2,-0.439,19.16,20.79,01a58361o0277o
58361.369748,20.477,0.67,23,16,o,0,0.99,282.18089,33.08094,2667.88,8086.94,3.19,2.87,-81.9,-0.441,19.14,20.71,01a58361o0298o
58361.380565,21.164,1.5,12,19,o,0,0.96,282.18089,33.08094,2601.03,8009.0,3.31,2.95,-84.2,-0.432,19.09,20.6,01a58361o0319o
58361.391679,-22.654,6.133,-3,19,o,0,0.87,282.18089,33.08094,2585.53,8125.37,3.3,2.88,-81.6,-0.435,19.04,20.48,01a58361o0340o
58365.348471,21.506,1.857,9,17,o,0,0.84,282.18089,33.08094,3296.23,7635.74,3.58,3.34,-81.2,-0.42,19.11,21.08,01a58365o0154o
58365.359227,-23.523,10.286,-1,15,o,0,0.99,282.18089,33.08094,3313.94,7673.52,3.16,2.88,-81.6,-0.437,19.27,21.06,01a58365o0175o
58365.370056,-21.33,1.436,-11,15,o,0,0.77,282.18089,33.08094,3246.07,7595.74,3.06,2.81,-86.8,-0.447,19.3,21.02,01a58365o0196o
58365.381121,-20.516,0.809,-23,18,o,0,0.57,282.18089,33.08094,3231.3,7712.06,3.08,2.81,-81.3,-0.446,19.27,21.0,01a58365o0217o
58367.34721,-22.244,2.556,-5,12,o,0,0.79,282.18089,33.08094,8551.05,1397.07,2.44,2.27,44.4,-0.459,19.58,21.12,02a58367o0280o
58367.358387,-20.21,0.433,-30,13,o,0,0.65,282.18089,33.08094,8534.74,1357.2,2.52,2.31,41.4,-0.451,19.59,21.15,02a58367o0301o
58367.369638,22.193,2.528,5,12,o,0,0.85,282.18089,33.08094,8582.58,1435.25,2.51,2.29,36.8,-0.463,19.61,21.12,02a58367o0322o
58367.381021,23.352,6.818,2,11,o,0,0.96,282.18089,33.08094,8614.3,1317.86,2.68,2.46,44.4,-0.439,19.52,21.11,02a58367o0343o
58369.343607,-19.974,0.438,-37,16,o,0,0.81,282.18089,33.08094,1147.52,9183.08,3.44,3.01,-80.6,-0.465,19.18,21.24,01a58369o0118o
58369.354919,22.493,4.0,4,15,o,0,1.18,282.18089,33.08094,1164.27,9221.69,3.45,3.0,-83.9,-0.468,19.21,21.2,01a58369o0140o
58369.365865,23.998,16.25,1,15,o,0,0.82,282.18089,33.08094,1097.21,9142.29,3.3,2.94,-84.6,-0.46,19.26,21.18,01a58369o0161o
58369.377007,-20.138,0.573,-32,18,o,0,0.76,282.18089,33.08094,1081.15,9258.36,3.53,3.03,-85.9,-0.456,19.16,21.08,01a58369o0183o
58371.336039,21.974,1.5,6,9,o,0,1.03,282.18089,33.08094,7257.93,2727.45,2.17,2.06,-57.6,-0.443,19.74,21.31,02a58371o0266o
58371.347318,21.827,1.523,7,10,o,0,0.88,282.18089,33.08094,7225.98,2687.21,2.17,2.09,-64.2,-0.443,19.68,21.25,02a58371o0287o
58371.358287,-22.434,2.553,-4,10,o,0,1.08,282.18089,33.08094,7290.28,2764.65,2.15,2.06,-60.4,-0.447,19.69,21.19,02a58371o0308o
58371.369603,21.115,0.831,13,11,o,0,0.79,282.18089,33.08094,7305.82,2647.74,2.18,2.08,-57.6,-0.449,19.65,21.12,02a58371o0329o
58373.327782,-22.673,4.118,-3,13,o,0,0.77,282.18089,33.08094,3194.57,8785.08,2.97,2.7,-75.1,-0.47,19.4,21.39,01a58373o0251o
58373.338296,-21.893,2.182,-6,14,o,0,0.94,282.18089,33.08094,3212.23,8823.58,3.05,2.78,-79.4,-0.465,19.4,21.43,01a58373o0272o
58373.348942,21.864,2.25,6,15,o,0,0.72,282.18089,33.08094,3145.2,8744.92,3.21,2.82,-78.6,-0.451,19.37,21.39,01a58373o0293o
58373.359871,21.398,1.48,10,15,o,0,0.84,282.18089,33.08094,3130.27,8861.17,3.18,2.79,-82.3,-0.453,19.38,21.36,01a58373o0314o
58375.362112,20.97,0.582,15,9,c,0,1.08,282.18089,33.08094,5842.56,1939.46,2.8,2.63,-67.5,-0.393,19.61,21.64,02a58375o0005c
58375.372647,23.097,5.556,2,12,c,0,0.96,282.18089,33.08094,5906.66,2017.15,3.44,3.37,67.5,-0.367,19.4,21.58,02a58375o0026c
58377.319002,21.476,1.614,9,15,o,0,1.33,282.18089,33.08094,3958.39,9400.69,3.23,2.89,-77.6,-0.45,19.18,20.7,01a58377o0209o
58377.328844,21.157,1.483,12,18,o,0,0.9,282.18089,33.08094,3975.67,9439.12,3.33,2.88,-79.7,-0.44,19.18,20.7,01a58377o0229o
58377.339376,21.725,2.114,7,16,o,0,1.16,282.18089,33.08094,3924.45,9360.93,3.25,2.86,-80.7,-0.446,19.21,20.7,01a58377o0250o
58377.35007,-23.067,8.1,-2,18,o,0,0.87,282.18089,33.08094,3893.09,9478.33,3.3,2.88,-77.5,-0.44,19.17,20.69,01a58377o0271o
58379.317809,20.943,0.829,15,13,o,0,0.92,282.18089,33.08094,6626.7,2296.53,2.15,2.1,83.0,-0.44,19.36,20.28,02a58379o0237o
58379.328177,-22.64,4.481,-3,14,o,0,0.96,282.18089,33.08094,6592.91,2256.87,2.29,2.26,48.3,-0.431,19.26,20.24,02a58379o0257o
58379.339195,-21.215,0.839,-12,10,o,0,2.08,282.18089,33.08094,6657.37,2333.87,2.16,2.14,-87.8,-0.433,19.34,20.22,02a58379o0278o
58379.350257,21.778,2.233,7,16,o,0,0.72,282.18089,33.08094,6674.84,2215.74,2.27,2.26,63.2,-0.428,19.26,20.22,02a58379o0299o
58383.31076,20.79,1.053,18,18,o,0,1.05,282.18089,33.08094,6582.37,1537.0,2.18,2.07,-71.5,-0.441,19.01,19.6,02a58383o0224o
58383.321324,21.233,2.186,12,26,o,0,1.0,282.18089,33.08094,6565.15,1496.38,2.11,2.07,-90.0,-0.44,18.44,18.98,02a58383o0244o
58383.332139,-19.136,0.418,-80,34,o,0,1.34,282.18089,33.08094,6613.14,1575.16,2.2,2.13,-67.6,-0.438,18.28,18.57,02a58383o0265o
58383.343023,-24.445,95.5,-1,58,o,0,0.83,282.18089,33.08094,6647.27,1456.76,2.11,2.06,-41.5,-0.468,17.82,18.2,02a58383o0286o
58385.309714,21.183,2.425,12,30,o,0,0.9,282.18089,33.08094,4844.14,277.22,4.32,3.4,-6.4,-0.364,18.52,19.6,01a58385o0058o
58385.313661,19.725,0.614,47,29,o,0,1.04,282.18089,33.08094,3676.46,10047.82,3.33,3.08,-72.2,-0.454,18.52,19.6,01a58385o0066o
58385.318124,-19.378,0.491,-64,32,o,0,0.79,282.18089,33.08094,4863.22,316.1,3.61,3.01,-9.5,-0.408,18.58,19.59,01a58385o0075o
58385.321949,-20.483,1.366,-23,32,o,0,0.93,282.18089,33.08094,3693.29,10087.35,3.42,3.29,-77.2,-0.441,18.53,19.56,01a58385o0083o
58385.326476,20.83,1.742,17,30,o,0,1.01,282.18089,33.08094,4815.44,238.66,3.86,3.27,-12.3,-0.399,18.46,19.55,01a58385o0092o
58385.330329,-21.725,3.886,-7,29,o,0,0.95,282.18089,33.08094,3627.5,10009.13,3.19,2.93,-74.9,-0.455,18.54,19.54,01a58385o0100o
58385.33475,22.95,11.6,2,28,o,0,0.94,282.18089,33.08094,4801.95,356.1,3.59,3.05,-9.7,-0.415,18.56,19.51,01a58385o0109o
58385.338704,23.108,14.4,2,30,o,0,0.95,282.18089,33.08094,3611.32,10126.51,3.2,2.86,-74.5,-0.455,18.53,19.51,01a58385o0117o
58386.279779,-18.974,0.326,-93,30,o,0,0.97,282.18089,33.08094,3207.76,279.42,4.0,3.16,-8.2,-0.367,18.57,19.52,01a58386o0064o
58386.283935,24.029,33.75,1,30,o,0,0.93,282.18089,33.08094,1941.81,10071.07,3.33,3.01,-13.8,-0.451,18.5,19.48,01a58386o0073o
58386.288565,-21.971,4.84,-6,29,o,0,1.08,282.18089,33.08094,3226.81,318.38,3.68,3.03,-6.9,-0.394,18.48,19.49,01a58386o0083o
58386.291535,20.831,1.928,17,32,o,0,0.94,282.18089,33.08094,1959.34,10109.87,3.45,3.27,-42.3,-0.433,18.4,19.47,01a58386o0089o
58386.306308,22.667,10.5,3,33,o,0,0.86,282.18089,33.08094,1909.03,10030.69,3.33,2.99,-74.7,-0.448,18.43,19.4,01a58386o0121o
58386.307229,-21.044,2.228,-14,31,o,0,0.86,282.18089,33.08094,3179.5,239.76,3.57,3.21,-9.7,-0.391,18.35,19.4,01a58386o0123o
58386.310726,-20.245,1.123,-29,32,o,0,1.01,282.18089,33.08094,3167.34,356.95,3.98,3.32,-8.3,-0.365,18.38,19.38,01a58386o0130o
58386.31165,-19.771,0.688,-45,31,o,0,0.92,282.18089,33.08094,1894.86,10148.09,3.17,2.82,-74.7,-0.465,18.48,19.36,01a58386o0132o
58387.301567,-21.943,3.082,-6,19,o,0,1.05,282.18089,33.08094,5048.8,9993.2,2.49,2.28,-57.0,-0.397,19.04,19.68,02a58387o0143o
58387.308564,-20.663,1.021,-20,20,o,0,1.39,282.18089,33.08094,5027.53,9955.2,2.67,2.4,-61.7,-0.377,18.94,19.66,02a58387o0158o
58387.31508,-23.066,10.412,-2,22,o,0,0.99,282.18089,33.08094,5074.53,10032.27,2.51,2.33,-58.9,-0.388,18.99,19.62,02a58387o0172o
58387.31924,-21.094,1.762,-13,23,o,0,0.68,282.18089,33.08094,6369.89,220.62,2.29,2.08,41.5,-0.461,18.98,19.56,02a58387o0181o
58387.322524,-24.063,25.286,-1,22,o,0,1.05,282.18089,33.08094,5091.41,9911.84,2.4,2.24,-17.2,-0.435,18.95,19.55,02a58387o0188o
58387.327189,-20.324,0.741,-27,20,o,0,1.14,282.18089,33.08094,6354.0,181.78,2.25,2.02,39.7,-0.476,19.0,19.54,02a58387o0197o
58387.334825,-20.408,0.91,-25,23,o,0,0.83,282.18089,33.08094,6418.72,260.17,2.31,2.11,40.6,-0.472,18.95,19.51,02a58387o0211o
58387.344663,-20.122,0.727,-32,24,o,0,0.87,282.18089,33.08094,6436.89,141.55,2.34,2.05,35.2,-0.467,18.85,19.39,02a58387o0229o
58389.295429,19.381,0.739,64,47,o,0,0.21,282.18089,33.08094,4937.6,46.2,3.37,2.99,-3.8,-0.413,18.99,20.28,01a58389o0140o
58389.300302,21.094,1.333,13,18,o,0,1.1,282.18089,33.08094,3771.65,9816.83,2.91,2.77,-64.0,-0.464,18.98,20.22,01a58389o0150o
58389.302336,-20.375,0.75,-26,19,o,0,1.02,282.18089,33.08094,4956.38,84.66,3.41,2.97,-9.2,-0.41,18.94,20.22,01a58389o0154o
58389.308776,21.924,3.226,6,20,o,0,1.02,282.18089,33.08094,3788.21,9855.77,3.13,2.79,-78.5,-0.453,18.95,20.16,01a58389o0167o
58389.319444,20.319,0.837,27,23,o,0,1.1,282.18089,33.08094,3737.1,9777.4,3.2,2.86,-74.5,-0.455,18.85,20.05,01a58389o0187o
58389.321893,-25.658,94.0,0,19,o,0,1.45,282.18089,33.08094,4877.43,124.85,3.21,2.76,-7.1,-0.418,18.84,20.02,01a58389o0192o
58389.330397,21.338,2.039,11,22,o,0,1.07,282.18089,33.08094,3705.65,9894.47,3.21,2.83,-80.0,-0.445,18.83,19.96,01a58389o0208o
58391.293877,20.515,0.651,23,15,o,0,0.79,282.18089,33.08094,6886.22,9474.66,2.5,2.49,-84.5,-0.413,19.0,20.25,02a58391o0202o
58391.302141,-22.117,2.927,-5,15,o,0,1.21,282.18089,33.08094,6870.09,9434.29,2.36,2.25,9.2,-0.435,19.36,20.48,02a58391o0217o
58391.310089,-20.839,0.906,-17,15,o,0,0.7,282.18089,33.08094,6919.35,9511.96,2.47,2.37,14.2,-0.43,19.38,20.54,02a58391o0232o
58391.320346,-23.603,11.4,-1,15,o,0,0.87,282.18089,33.08094,6934.68,9393.73,2.43,2.36,2.8,-0.437,19.36,20.49,02a58391o0252o
58393.301415,-24.969,37.5,0,14,o,0,0.92,282.18089,33.08094,977.31,8736.27,2.97,2.76,-80.1,-0.455,19.23,21.0,01a58393o0085o
58393.307829,24.186,18.75,1,14,o,0,1.04,282.18089,33.08094,994.69,8774.14,3.02,2.81,-79.4,-0.449,19.2,20.99,01a58393o0098o
58393.315585,-21.51,1.787,-9,16,o,0,0.88,282.18089,33.08094,943.87,8695.73,3.04,2.8,-79.8,-0.446,19.21,20.96,01a58393o0114o
58393.325363,-21.678,2.162,-8,17,o,0,0.79,282.18089,33.08094,927.57,8811.85,3.18,2.92,-76.1,-0.436,19.12,20.8,01a58393o0133o
58395.323869,-20.752,0.865,-18,16,c,0,0.92,282.18089,33.08094,7872.89,2073.94,2.79,2.59,-59.2,-0.398,19.26,20.96,02a58395o0264c
58395.334073,20.395,1.699,25,43,c,0,0.93,282.18089,33.08094,7858.29,2033.11,2.81,2.71,-53.1,-0.395,18.43,20.07,02a58395o0285c
58395.344351,21.075,1.164,14,16,c,0,1.23,282.18089,33.08094,7924.51,2110.37,2.76,2.66,-53.3,-0.398,19.06,20.7,02a58395o0306c
58395.354553,21.115,1.206,13,16,c,0,0.86,282.18089,33.08094,7943.2,1993.16,2.67,2.61,-62.6,-0.409,19.26,20.87,02a58395o0327c
58397.294541,-20.693,0.97,-19,19,o,0,0.83,282.18089,33.08094,5792.05,241.96,3.95,3.34,-6.0,-0.415,19.17,20.89,01a58397o0013o
58397.29756,-23.112,8.143,-2,17,o,0,1.21,282.18089,33.08094,5810.49,280.29,4.03,3.33,-7.3,-0.416,19.18,20.87,01a58397o0019o
58397.298638,21.004,1.25,14,18,o,0,0.83,282.18089,33.08094,4671.09,10035.36,3.27,2.99,-82.9,-0.47,19.13,20.82,01a58397o0021o
58397.303036,-21.037,1.383,-14,19,o,0,0.74,282.18089,33.08094,5761.66,202.3,4.02,3.35,-3.4,-0.412,19.13,20.79,01a58397o0030o
58397.304995,-21.068,1.109,-14,15,o,0,1.18,282.18089,33.08094,4704.15,10073.31,3.22,2.85,-76.9,-0.472,19.17,20.74,01a58397o0034o
58397.310338,25.261,67.0,0,19,o,0,0.76,282.18089,33.08094,5748.49,320.0,3.86,3.31,-6.7,-0.427,19.04,20.7,01a58397o0045o
58397.313209,-20.084,0.597,-34,20,o,0,0.72,282.18089,33.08094,4637.31,9995.59,3.27,2.88,-78.3,-0.471,19.1,20.65,01a58397o0051o
58397.322439,-19.848,0.484,-42,20,o,0,0.61,282.18089,33.08094,4622.15,10113.44,3.28,2.84,-79.0,-0.473,19.14,20.64,01a58397o0070o
58403.300434,21.39,1.19,10,12,c,0,0.92,282.18089,33.08094,6516.08,10157.26,2.8,2.64,10.0,-0.427,19.6,21.28,02a58403o0224c
58403.30825,-20.135,0.459,-32,15,c,0,0.96,282.18089,33.08094,7927.0,409.67,2.66,2.5,45.5,-0.419,19.47,21.1,02a58403o0240c
58403.310739,20.832,1.206,17,20,c,0,0.77,282.18089,33.08094,6483.09,10116.14,2.73,2.53,10.3,-0.432,19.04,20.58,02a58403o0245c
58403.318448,-20.388,0.786,-25,20,c,0,1.25,282.18089,33.08094,7912.0,369.78,2.86,2.59,37.3,-0.42,19.05,20.68,02a58403o0261c
58403.321029,21.276,1.063,11,12,c,0,0.93,282.18089,33.08094,6549.15,10194.97,2.78,2.59,11.0,-0.43,19.46,21.11,02a58403o0266c
58403.328876,-21.644,1.745,-8,14,c,0,0.78,282.18089,33.08094,7978.75,449.0,2.71,2.44,37.8,-0.435,19.65,21.3,02a58403o0282c
58403.331398,22.253,2.935,5,13,c,0,0.87,282.18089,33.08094,6567.21,10077.33,2.67,2.46,8.8,-0.429,19.62,21.24,02a58403o0287c
58403.339278,-21.537,1.525,-9,13,c,0,1.01,282.18089,33.08094,7998.1,331.96,2.72,2.48,37.1,-0.431,19.62,21.23,02a58403o0303c
58407.280901,-19.941,1.217,-38,47,o,0,0.96,282.18089,33.08094,9491.19,1418.7,2.26,2.03,-39.9,-0.462,17.83,18.36,02a58407o0200o
58407.285057,-19.536,0.586,-56,33,o,0,0.89,282.18089,33.08094,9478.51,1375.44,2.4,2.08,23.7,-0.49,18.38,19.02,02a58407o0208o
58407.291223,-21.091,1.518,-13,20,o,0,1.1,282.18089,33.08094,9543.84,1454.24,2.34,2.1,18.3,-0.494,18.8,19.61,02a58407o0220o
58407.299633,-21.82,3.966,-7,27,o,0,2.55,282.18089,33.08094,9561.56,1336.08,2.34,2.11,22.9,-0.496,18.08,18.83,02a58407o0236o
58409.283586,21.67,3.972,8,31,o,0,0.84,282.18089,33.08094,3157.49,10449.6,3.08,2.79,-69.8,-0.446,18.53,19.61,01a58409o0043o
58409.288241,19.152,1.091,79,86,o,0,1.25,282.18089,33.08094,3174.51,10488.32,2.86,2.72,-63.1,-0.474,17.4,18.09,01a58409o0053o
58409.291935,-19.842,0.713,-42,30,o,0,1.03,282.18089,33.08094,3124.35,10411.53,3.07,2.85,-69.8,-0.455,18.39,19.37,01a58409o0061o
58409.29694,15.776,0.78,1777,1386,o,0,0.18,282.18089,33.08094,3091.39,10528.33,3.29,2.89,-78.3,-0.434,18.41,19.37,01a58409o0071o
58413.268451,-21.39,2.849,-10,29,o,0,1.3,282.18089,33.08094,2339.89,8130.12,2.93,2.83,-34.4,-0.472,18.6,19.61,01a58413o0133o
58413.273309,-21.528,3.864,-9,34,o,0,0.92,282.18089,33.08094,2374.08,8167.77,3.04,2.93,-36.6,-0.459,18.58,19.58,01a58413o0143o
58413.278145,19.766,0.68,45,31,o,0,1.4,282.18089,33.08094,2305.83,8091.47,3.24,2.98,-78.2,-0.454,18.57,19.54,01a58413o0153o
58413.285146,-19.506,0.65,-57,37,o,0,1.22,282.18089,33.08094,2290.64,8206.49,3.62,3.26,-85.1,-0.436,18.46,19.51,01a58413o0167o
58417.285256,21.086,3.552,13,47,o,0,0.98,282.18089,33.08094,3935.29,7709.23,3.39,2.96,-81.9,-0.455,18.37,19.25,01a58417o0210o
58417.293364,-20.928,3.153,-15,49,o,0,1.1,282.18089,33.08094,3953.82,7748.49,3.26,2.84,-79.8,-0.462,18.37,19.19,01a58417o0227o
58417.300531,23.254,30.5,2,55,o,0,0.87,282.18089,33.08094,3888.31,7671.35,3.34,2.91,-83.2,-0.462,18.32,19.13,01a58417o0242o
58417.305716,20.699,3.289,19,63,o,0,0.96,282.18089,33.08094,3875.71,7787.47,3.45,3.11,-79.5,-0.46,18.18,19.1,01a58417o0253o
58419.225734,15.457,0.868,2383,2070,o,0,0.83,282.18089,33.08094,4683.68,10384.8,2.62,2.53,21.3,-0.438,14.48,15.11,02a58419o0093o
58419.24092,-19.159,2.128,-79,168,o,0,1.47,282.18089,33.08094,6003.09,650.52,2.39,2.3,-66.6,-0.42,17.23,18.11,02a58419o0123o
58419.241378,-16.496,1.805,-915,1651,o,0,0.55,282.18089,33.08094,4758.86,10342.58,2.58,2.47,-34.0,-0.484,14.53,15.2,02a58419o0124o
58419.248527,-17.602,1.029,-331,340,o,0,0.97,282.18089,33.08094,5990.38,609.43,2.38,2.28,-50.3,-0.444,16.17,16.94,02a58419o0139o
58423.248831,-21.908,2.12,-6,13,o,0,1.43,282.18089,33.08094,9020.95,1168.84,2.34,2.26,-28.5,-0.462,19.31,20.49,02a58423o0144o
58423.25592,20.134,0.429,32,14,o,0,1.02,282.18089,33.08094,9004.36,1128.75,2.36,2.31,10.4,-0.467,19.29,20.48,02a58423o0158o
58423.262233,-20.637,0.651,-20,13,o,0,1.28,282.18089,33.08094,9065.52,1209.44,2.45,2.38,-22.3,-0.457,19.26,20.48,02a58423o0171o
58423.268862,-21.834,2.04,-7,14,o,0,1.12,282.18089,33.08094,9081.71,1094.86,2.52,2.26,-46.3,-0.447,19.18,20.35,02a58423o0185o
58431.244626,22.186,2.308,5,11,c,0,0.8,282.18089,33.08094,6826.34,3478.91,2.46,2.35,-60.3,-0.415,19.64,21.3,02a58431o0133c
58431.254625,-21.699,1.5,-8,11,c,0,0.68,282.18089,33.08094,6810.99,3437.55,2.45,2.38,-57.1,-0.417,19.6,21.26,02a58431o0154c
58431.26453,-22.424,3.0,-4,12,c,0,0.84,282.18089,33.08094,6875.37,3515.48,2.47,2.38,-59.2,-0.419,19.56,21.21,02a58431o0175c
58431.274764,21.973,1.889,6,11,c,0,0.94,282.18089,33.08094,6892.31,3400.45,2.44,2.37,-58.3,-0.422,19.52,21.17,02a58431o0196c
58433.263178,-19.587,0.924,-53,49,o,0,0.76,282.18089,33.08094,1916.12,9207.6,3.3,2.77,88.8,-0.445,18.38,19.59,01a58433o0175o
58433.268013,20.114,1.367,33,45,o,0,0.99,282.18089,33.08094,1944.39,9256.56,2.95,2.81,-83.2,-0.459,18.36,19.64,01a58433o0185o
58433.270887,18.867,1.754,103,181,o,0,0.82,282.18089,33.08094,1884.97,9183.28,2.77,2.68,-31.6,-0.489,17.43,18.65,01a58433o0191o
58433.276179,-23.233,37.25,-2,69,o,0,0.96,282.18089,33.08094,1877.81,9313.45,3.72,3.12,86.3,-0.405,18.23,19.58,01a58433o0202o
58435.227205,-20.45,0.466,-24,11,c,0,1.18,282.18089,33.08094,6326.24,1801.97,2.65,2.43,-63.3,-0.393,19.44,20.84,02a58435o0098c
58435.237253,-21.453,1.114,-10,11,c,0,1.41,282.18089,33.08094,6311.07,1761.05,2.63,2.44,-63.0,-0.397,19.36,20.8,02a58435o0119c
58435.247144,-20.535,0.529,-22,12,c,0,1.33,282.18089,33.08094,6376.03,1839.09,2.62,2.5,-65.3,-0.399,19.32,20.73,02a58435o0140c
58435.257023,-22.98,5.687,-2,13,c,0,1.12,282.18089,33.08094,6392.37,1722.91,2.63,2.52,-56.4,-0.402,19.31,20.64,02a58435o0161c
58437.240902,17.457,1.388,378,524,o,0,1.04,282.18089,33.08094,2214.68,646.96,3.49,2.9,-1.4,-0.396,15.78,16.58,01a58437o0112o
58437.249411,-17.217,2.127,-471,1002,o,0,0.89,282.18089,33.08094,2251.88,705.63,3.7,3.08,-4.8,-0.359,14.88,15.5,01a58437o0129o
58437.256607,-18.305,2.042,-173,353,o,0,0.73,282.18089,33.08094,2201.48,643.23,3.61,2.96,-4.5,-0.371,15.87,16.58,01a58437o0144o
58437.262816,19.704,1.675,48,80,o,0,1.17,282.18089,33.08094,2201.52,773.93,3.57,2.85,-4.1,-0.384,17.42,18.24,01a58437o0157o
58437.265176,19.695,1.537,48,74,o,0,0.78,282.18089,33.08094,874.44,10486.23,3.09,2.7,-89.9,-0.496,17.88,18.83,01a58437o0162o
58437.27272,-21.951,6.643,-6,40,o,0,1.15,282.18089,33.08094,841.75,10462.01,3.57,3.27,-77.8,-0.439,17.98,19.18,01a58437o0177o
58451.24639,-20.639,0.71,-20,14,o,0,1.32,282.18089,33.08094,6479.38,2249.76,2.47,2.17,-57.0,-0.415,19.1,20.13,02a58451o0150o
58451.253891,-20.031,0.412,-35,14,o,0,1.47,282.18089,33.08094,6462.52,2214.58,2.55,2.41,-47.7,-0.399,19.0,20.05,02a58451o0165o
58455.19269,-20.997,2.753,-14,40,c,0,1.09,282.18089,33.08094,2717.48,10046.7,3.32,2.93,-60.6,-0.35,18.05,19.01,02a58455o0004c
58455.196016,-20.078,0.762,-34,26,c,0,0.88,282.18089,33.08094,2700.83,10006.97,3.17,2.78,-60.1,-0.359,18.7,19.79,02a58455o0011c
58455.201214,-21.058,1.097,-14,15,c,0,1.03,282.18089,33.08094,2748.02,10085.67,3.2,2.8,-63.6,-0.371,19.11,20.63,02a58455o0022c
58455.208889,20.766,0.646,18,12,c,0,1.0,282.18089,33.08094,2764.86,9968.79,2.86,2.54,-57.1,-0.384,19.39,20.97,02a58455o0038c
58459.191406,-19.058,0.637,-86,55,c,0,1.65,282.18089,33.08094,5432.46,5455.0,2.78,2.51,-57.7,-0.404,17.7,18.53,02a58459o0023c
58459.194762,-20.575,1.434,-21,31,c,0,1.2,282.18089,33.08094,5416.48,5415.68,2.86,2.65,-55.5,-0.389,18.4,19.38,02a58459o0030c
58459.199903,-21.309,1.319,-11,14,c,0,1.37,282.18089,33.08094,5481.26,5492.84,2.68,2.51,-51.5,-0.397,19.08,20.41,02a58459o0041c
58459.206974,23.046,5.857,2,13,c,0,1.06,282.18089,33.08094,5497.24,5377.89,2.75,2.52,-53.6,-0.388,19.33,20.95,02a58459o0056c
58460.19688,20.625,0.98,20,20,c,0,1.29,282.18089,33.08094,5824.34,1947.64,3.1,3.01,-64.0,-0.387,18.68,20.01,02a58460o0041c
58529.635944,21.6,1.853,8,15,o,0,1.06,282.18089,33.08094,1567.28,5533.16,3.5,3.01,-89.6,-0.442,19.19,21.08,01a58529o0619o
58529.644032,20.74,0.738,18,14,o,0,1.17,282.18089,33.08094,1553.88,5496.62,3.21,2.91,-89.7,-0.455,19.23,21.13,01a58529o0636o
58529.652503,21.689,1.886,8,14,o,0,0.9,282.18089,33.08094,1604.59,5572.34,3.26,2.9,-89.3,-0.449,19.21,21.11,01a58529o0653o
58529.66136,-20.659,0.721,-20,14,o,0,1.35,282.18089,33.08094,1636.26,5455.16,3.36,2.98,-83.9,-0.454,19.12,20.75,01a58529o0670o
58565.653999,-18.795,2.363,-110,260,o,0,0.8,282.18089,33.08094,3657.96,7410.03,3.08,2.85,-19.7,-0.514,17.32,17.67,01a58565o0847o
58567.630446,-20.946,0.811,-15,12,o,0,1.34,282.18089,33.08094,7169.2,8973.32,2.44,2.05,-44.7,-0.454,19.3,20.2,02a58567o0578o
58567.642505,22.826,5.364,3,14,o,0,1.13,282.18089,33.08094,7201.15,9014.11,2.53,2.11,-47.3,-0.456,19.3,20.15,02a58567o0596o
58567.655743,-19.285,0.85,-70,60,o,0,0.91,282.18089,33.08094,7133.51,8938.17,2.28,2.05,-54.2,-0.5,18.52,18.63,02a58567o0613o
58569.637053,20.941,0.953,15,15,o,0,1.04,282.18089,33.08094,7364.31,5434.45,2.89,2.79,-73.2,-0.465,19.25,20.61,01a58569o0784o
58569.651028,-24.016,87.6,-1,79,o,0,0.98,282.18089,33.08094,7346.9,5396.25,2.91,2.84,-81.4,-0.472,17.77,18.28,01a58569o0802o
58571.61262,20.61,0.564,21,12,o,0,0.87,282.18089,33.08094,5275.72,7037.92,2.21,2.19,-34.4,-0.441,19.44,20.81,02a58571o0778o
58571.62495,-21.305,1.105,-11,12,o,0,0.8,282.18089,33.08094,5291.51,7077.78,2.22,2.18,-73.3,-0.448,19.5,20.88,02a58571o0796o
58571.637129,21.097,0.93,13,12,o,0,0.71,282.18089,33.08094,5241.3,7002.96,2.25,2.18,61.7,-0.437,19.48,20.85,02a58571o0813o
58571.649604,19.769,0.556,45,25,o,0,1.68,282.18089,33.08094,5210.38,7121.3,2.2,2.12,54.3,-0.45,18.5,18.79,02a58571o0831o
58573.621263,-20.599,0.637,-21,13,o,0,0.95,282.18089,33.08094,3485.41,5475.28,2.77,2.68,-13.3,-0.477,19.3,20.91,01a58573o0793o
58573.633849,-20.5,0.588,-23,14,o,0,1.1,282.18089,33.08094,3468.52,5439.92,2.82,2.71,-13.1,-0.465,19.27,20.83,01a58573o0811o
58573.646553,20.478,2.191,23,51,o,0,1.05,282.18089,33.08094,3533.39,5515.12,3.1,2.77,-11.8,-0.436,18.14,18.81,01a58573o0828o
58575.634454,-20.318,0.622,-27,17,c,0,0.81,282.18089,33.08094,10502.25,3079.6,2.76,2.3,-52.4,-0.442,19.65,21.49,02a58575o0602c
58575.643331,21.725,2.241,7,17,c,0,1.26,282.18089,33.08094,1199.75,3119.83,2.58,2.24,-48.7,-0.435,18.99,20.13,02a58575o0618c
58575.644801,17.708,2.173,300,651,c,0,0.03,282.18089,33.08094,10520.45,3120.5,2.82,2.37,-53.7,-0.445,18.76,19.84,02a58575o0620c
58577.620702,-20.979,1.013,-15,15,o,0,0.89,282.18089,33.08094,9345.49,9336.87,3.14,2.73,88.3,-0.466,19.33,21.14,01a58577o0796o
58577.633129,-21.998,2.424,-6,14,o,0,1.14,282.18089,33.08094,9329.15,9298.89,3.01,2.56,88.4,-0.486,19.35,21.05,01a58577o0814o
58577.636572,-20.549,1.206,-22,26,o,0,0.96,282.18089,33.08094,51.95,9535.79,2.67,2.41,-76.1,-0.537,19.31,20.8,01a58577o0819o
58577.645988,-20.604,2.585,-21,54,o,0,0.91,282.18089,33.08094,9396.49,9378.68,2.83,2.72,56.3,-0.509,17.94,18.64,01a58577o0831o
58579.626525,21.768,1.13,7,8,c,0,1.2,282.18089,33.08094,9019.65,5063.7,2.54,2.45,64.7,-0.396,19.68,21.61,02a58579o0825c
58579.635578,-21.451,0.986,-10,9,c,0,1.37,282.18089,33.08094,9035.84,5102.28,2.5,2.44,75.1,-0.436,19.51,21.02,02a58579o0843c
58579.646492,-20.227,1.757,-30,52,c,0,0.85,282.18089,33.08094,8985.24,5028.36,2.55,2.44,58.6,-0.407,17.77,18.5,02a58579o0862c
58581.613122,-20.257,0.47,-29,14,o,0,0.88,282.18089,33.08094,8966.29,3501.24,3.04,2.92,-76.1,-0.441,19.48,21.49,01a58581o0782o
58581.624808,-22.691,4.133,-3,13,o,0,0.84,282.18089,33.08094,8948.6,3463.06,3.11,3.02,-73.6,-0.437,19.44,21.49,01a58581o0800o
58581.636555,20.979,1.217,15,18,o,0,0.82,282.18089,33.08094,9013.51,3540.0,3.3,3.04,-11.4,-0.422,19.03,20.44,01a58581o0817o
58585.61219,-21.947,2.31,-6,14,o,0,0.82,282.18089,33.08094,3347.78,3588.34,3.16,2.92,-13.3,-0.44,19.31,21.19,01a58585o0527o
58585.623225,-20.861,1.705,-16,28,o,0,0.87,282.18089,33.08094,3361.66,3472.73,3.02,2.75,-9.0,-0.449,18.63,20.2,01a58585o0544o
58587.596374,20.916,0.773,16,12,o,0,0.77,282.18089,33.08094,3475.31,7116.47,2.06,2.0,56.2,-0.445,19.51,20.9,02a58587o0398o
58589.570329,22.325,4.583,4,20,o,0,0.92,282.18089,33.08094,5540.47,9325.88,2.89,2.71,-75.2,-0.495,19.04,20.23,01a58589o0700o
58589.58185,-21.423,1.684,-10,16,o,0,1.19,282.18089,33.08094,5525.16,9287.28,2.83,2.66,-75.2,-0.494,19.1,20.38,01a58589o0717o
58589.593747,-21.993,3.059,-6,18,o,0,0.87,282.18089,33.08094,5577.08,9365.56,2.83,2.65,-78.4,-0.497,19.25,20.63,01a58589o0734o
58589.604529,-21.874,2.051,-6,13,o,0,1.09,282.18089,33.08094,5608.34,9248.91,2.78,2.62,-79.8,-0.494,19.36,20.92,01a58589o0751o
58597.577108,-21.829,2.757,-7,19,o,0,0.98,282.18089,33.08094,1334.92,3599.61,2.93,2.8,-26.4,-0.47,19.05,20.34,01a58597o0717o
58597.586812,20.46,0.845,24,20,o,0,0.79,282.18089,33.08094,1316.09,3562.08,2.97,2.81,-23.8,-0.47,19.08,20.33,01a58597o0735o
58597.597904,21.93,3.152,6,19,o,0,1.06,282.18089,33.08094,1365.93,3639.77,2.99,2.82,-20.3,-0.46,19.04,20.34,01a58597o0754o
58597.608946,-20.549,0.832,-22,18,o,0,0.81,282.18089,33.08094,1379.21,3524.3,2.86,2.73,-24.1,-0.48,19.07,20.34,01a58597o0772o
58603.589832,-21.854,1.913,-7,13,c,0,1.06,282.18089,33.08094,3527.46,8992.65,2.52,2.28,-36.5,-0.438,19.45,21.25,02a58603o0743c
58603.601913,21.432,1.143,10,11,c,0,0.76,282.18089,33.08094,7042.12,1535.28,2.59,2.24,-51.3,-0.408,19.45,21.16,02a58603o0762c
58603.614371,22.142,2.194,5,11,c,0,1.07,282.18089,33.08094,7101.82,1614.94,2.61,2.25,-50.7,-0.408,19.41,21.11,02a58603o0781c
58603.627066,20.433,0.861,24,21,c,0,0.71,282.18089,33.08094,7112.58,1498.56,2.61,2.27,-52.2,-0.408,18.91,19.99,02a58603o0800c
58605.575643,-20.789,0.776,-18,14,o,0,1.2,282.18089,33.08094,3641.17,9361.63,2.97,2.77,-58.0,-0.482,19.26,21.06,01a58605o0674o
58605.586133,19.906,0.458,40,18,o,0,0.83,282.18089,33.08094,3619.98,9326.78,3.13,2.96,-50.8,-0.462,18.97,20.69,01a58605o0692o
58605.596874,-21.728,2.05,-7,15,o,0,1.22,282.18089,33.08094,3686.2,9402.42,2.88,2.75,-55.9,-0.482,19.33,21.08,01a58605o0711o
58605.606628,-22.576,4.8,-3,16,o,0,0.92,282.18089,33.08094,3699.99,9285.61,3.08,2.95,-65.6,-0.457,19.14,20.91,01a58605o0729o
58607.595121,-21.161,0.857,-12,11,c,0,0.87,282.18089,33.08094,7500.07,7403.79,3.03,2.87,-49.2,-0.387,19.57,21.66,02a58607o0750c
58607.605086,21.992,1.684,6,10,c,0,0.9,282.18089,33.08094,7464.65,7367.05,2.83,2.62,-44.3,-0.394,19.63,21.67,02a58607o0769c
58607.61633,22.097,1.829,5,10,c,0,1.16,282.18089,33.08094,7527.37,7448.45,2.79,2.6,-49.1,-0.398,19.62,21.49,02a58607o0788c
58607.629192,-22.175,6.5,-5,32,c,0,1.2,282.18089,33.08094,7532.22,7328.98,2.9,2.74,-60.4,-0.392,18.39,19.38,02a58607o0807c
58609.56081,-20.908,0.817,-16,13,o,0,0.73,282.18089,33.08094,5404.63,5450.21,3.18,2.77,-1.4,-0.426,19.36,21.22,01a58609o0558o
58609.570234,-21.404,1.429,-10,14,o,0,0.82,282.18089,33.08094,5387.03,5411.6,3.26,2.9,-2.4,-0.42,19.29,21.12,01a58609o0576o
58609.580084,-22.591,4.235,-3,14,o,0,0.73,282.18089,33.08094,5453.03,5488.48,3.1,2.92,-7.1,-0.426,19.35,21.15,01a58609o0595o
58609.590458,-21.573,1.909,-8,16,o,0,0.54,282.18089,33.08094,5466.13,5372.73,3.09,2.9,-7.8,-0.425,19.32,21.13,01a58609o0613o
58611.622523,-21.262,1.705,-11,19,c,0,0.68,282.18089,33.08094,4980.55,8559.22,2.77,2.35,43.9,-0.381,19.18,20.25,02a58611o0711c
58613.520481,20.554,0.632,22,14,o,0,0.91,282.18089,33.08094,4991.11,8550.88,2.8,2.74,-21.1,-0.466,19.28,20.9,01a58613o0543o
58613.527093,-22.187,3.036,-5,15,o,0,0.76,282.18089,33.08094,4971.51,8513.85,2.79,2.73,-20.6,-0.465,19.33,20.91,01a58613o0554o
58613.530999,20.103,0.503,33,17,o,0,0.69,282.18089,33.08094,5029.32,8591.41,2.83,2.75,-9.6,-0.466,19.29,20.95,01a58613o0560o
58613.546917,21.366,1.351,10,14,o,0,0.75,282.18089,33.08094,5047.01,8473.85,2.86,2.79,-24.8,-0.466,19.29,20.98,01a58613o0589o
58617.49267,20.341,0.612,26,16,o,0,1.3,282.18089,33.08094,8441.63,4375.86,3.13,2.89,-8.0,-0.43,19.06,20.36,01a58617o0543o
58617.496238,20.376,0.656,26,17,o,0,1.2,282.18089,33.08094,8423.83,4337.01,3.09,2.87,-9.3,-0.434,19.07,20.38,01a58617o0550o
58617.502385,22.168,4.12,5,20,o,0,0.76,282.18089,33.08094,8484.0,4415.25,3.08,2.92,-4.7,-0.43,19.06,20.42,01a58617o0562o
58617.517371,20.56,0.737,22,16,o,0,0.97,282.18089,33.08094,8498.96,4300.15,3.01,2.86,-13.2,-0.44,19.09,20.49,01a58617o0593o
58619.519762,22.16,2.824,5,14,o,0,1.72,282.18089,33.08094,4397.9,10055.61,2.21,1.96,-52.4,-0.435,19.22,19.88,02a58619o0522o
58619.542254,20.77,0.84,18,15,o,0,0.91,282.18089,33.08094,4418.77,10098.41,2.12,2.0,-51.1,-0.433,19.3,20.01,02a58619o0567o
58619.545031,21.196,1.115,12,14,o,0,1.23,282.18089,33.08094,4358.26,10018.5,2.17,2.04,-56.8,-0.43,19.27,20.03,02a58619o0573o
58619.559289,-23.838,13.182,-1,14,o,0,1.1,282.18089,33.08094,4335.78,10144.21,2.12,2.05,-59.8,-0.426,19.27,20.06,02a58619o0600o
58620.496313,22.456,4.8,4,18,o,0,1.52,282.18089,33.08094,4386.52,10058.26,2.26,2.17,-78.5,-0.397,18.97,19.53,02a58620o0372o
58620.500121,21.731,2.373,7,18,o,0,1.55,282.18089,33.08094,4405.87,10093.57,2.28,2.18,-68.1,-0.401,18.96,19.54,02a58620o0380o
58620.508739,-25.62,118.5,0,24,o,0,0.77,282.18089,33.08094,4347.68,10016.85,2.17,2.11,90.0,-0.42,19.05,19.57,02a58620o0398o
58620.520128,-21.001,1.559,-14,22,o,0,0.67,282.18089,33.08094,4325.61,10134.81,2.24,2.01,-55.0,-0.421,19.06,19.59,02a58620o0422o
58627.549026,-21.014,0.791,-14,11,o,0,0.97,282.18089,33.08094,4071.03,6075.38,2.22,1.89,43.7,-0.443,19.47,20.54,02a58627o0656o
58627.555077,-24.098,15.0,-1,12,o,0,0.6,282.18089,33.08094,6518.06,4461.73,2.18,1.85,37.3,-0.444,19.46,20.54,02a58627o0668o
58627.564969,21.248,1.138,12,13,o,0,0.65,282.18089,33.08094,6569.46,4536.88,2.28,1.91,39.8,-0.439,19.45,20.54,02a58627o0688o
58627.575003,20.725,0.771,19,14,o,0,0.77,282.18089,33.08094,6584.12,4420.32,2.81,1.87,39.0,-0.428,19.46,20.54,02a58627o0708o
58629.522166,-21.085,1.451,-13,19,o,0,1.08,282.18089,33.08094,937.42,8385.56,2.57,2.43,-71.2,-0.499,18.88,20.16,01a58629o0592o
58629.53426,-24.155,23.0,-1,18,o,0,0.64,282.18089,33.08094,917.8,8347.03,2.57,2.4,-72.4,-0.503,19.15,20.59,01a58629o0616o
58629.539829,-20.776,0.815,-18,14,o,0,1.01,282.18089,33.08094,9526.21,2119.71,3.03,2.83,-18.0,-0.437,19.29,20.86,01a58629o0626o
58629.551147,-20.908,1.0,-16,16,o,0,1.06,282.18089,33.08094,9509.57,2236.2,3.11,2.88,-17.2,-0.43,19.23,20.83,01a58629o0647o
58631.462983,-23.076,4.64,-2,10,o,0,0.56,282.18089,33.08094,4057.35,6068.35,1.95,1.86,38.0,-0.455,19.64,21.08,02a58631o0467o
58631.465966,20.82,0.635,17,11,o,0,0.71,282.18089,33.08094,4074.76,6110.65,1.93,1.9,70.2,-0.458,19.61,21.08,02a58631o0473o
58631.47136,21.724,1.314,7,10,o,0,1.04,282.18089,33.08094,4017.48,6033.11,1.94,1.9,57.2,-0.45,19.66,21.07,02a58631o0483o
58631.482879,-21.035,0.738,-14,10,o,0,0.88,282.18089,33.08094,4003.13,6146.64,2.02,1.85,50.8,-0.452,19.71,21.09,02a58631o0505o
58633.419498,21.405,1.25,10,12,o,0,1.08,282.18089,33.08094,4552.7,4587.75,2.87,2.71,-13.4,-0.461,19.3,20.89,01a58633o0398o
58633.424638,22.838,6.5,3,17,o,0,0.67,282.18089,33.08094,4529.15,4550.09,2.97,2.75,-15.2,-0.455,19.27,20.81,01a58633o0409o
58633.434331,-19.164,0.97,-78,76,o,0,0.8,282.18089,33.08094,4589.66,4627.24,2.9,2.7,-12.7,-0.452,17.59,18.93,01a58633o0428o
58633.447561,19.856,1.178,41,49,o,0,0.83,282.18089,33.08094,4608.64,4509.61,2.94,2.77,-13.9,-0.452,18.35,19.89,01a58633o0453o
58635.492192,-22.638,2.708,-3,9,c,0,0.96,282.18089,33.08094,6342.75,8015.71,2.6,2.42,48.6,-0.417,19.82,21.9,02a58635o0532c
58635.499433,22.721,3.261,3,10,c,0,0.69,282.18089,33.08094,6356.61,8056.43,2.53,2.41,48.9,-0.417,19.83,21.89,02a58635o0546c
58635.504153,-21.487,0.93,-9,9,c,0,0.95,282.18089,33.08094,6298.87,7977.09,2.57,2.4,48.1,-0.414,19.85,21.91,02a58635o0554c
58635.52024,-20.989,0.634,-15,9,c,0,0.91,282.18089,33.08094,6280.51,8094.32,2.56,2.4,43.5,-0.419,19.78,21.9,02a58635o0586c
58637.522443,23.688,9.667,1,12,o,0,0.96,282.18089,33.08094,4541.68,4598.97,3.11,2.94,-24.1,-0.438,19.34,21.18,01a58637o0281o
58637.525272,23.553,11.571,1,16,o,0,0.66,282.18089,33.08094,4520.38,4560.23,3.05,2.91,-22.0,-0.446,19.3,21.17,01a58637o0287o
58637.536689,-20.652,0.887,-20,18,o,0,0.96,282.18089,33.08094,5950.78,5925.5,3.51,3.05,-6.5,-0.396,19.02,20.94,01a58637o0310o
58637.543187,22.124,2.808,5,14,o,0,0.77,282.18089,33.08094,5934.61,6040.86,2.96,2.89,-30.0,-0.442,19.28,21.15,01a58637o0323o
58639.453896,21.201,1.578,12,19,c,0,1.07,282.18089,33.08094,6332.05,8010.37,2.52,2.48,76.5,-0.416,18.9,20.75,02a58639o0403c
58639.462305,19.119,0.475,82,39,c,0,0.81,282.18089,33.08094,6352.12,8049.16,2.53,2.46,84.2,-0.415,18.4,20.2,02a58639o0419c
58639.465786,-20.736,1.333,-18,25,c,0,1.26,282.18089,33.08094,6292.56,7971.93,2.45,2.38,85.1,-0.418,18.46,20.2,02a58639o0425c
58639.478226,21.028,1.309,14,18,c,0,1.05,282.18089,33.08094,6273.56,8090.02,2.52,2.45,49.5,-0.413,18.99,20.83,02a58639o0447c
58641.519019,-21.275,1.095,-11,12,o,0,1.19,282.18089,33.08094,6454.17,9935.14,2.83,2.71,-79.3,-0.489,19.39,21.21,01a58641o0553o
58641.527419,-21.522,1.745,-9,16,o,0,0.79,282.18089,33.08094,6474.47,9971.6,2.94,2.85,-84.8,-0.47,19.39,21.28,01a58641o0569o
58641.538874,21.399,1.464,10,15,o,0,0.79,282.18089,33.08094,6415.12,9892.8,2.82,2.75,-81.3,-0.483,19.4,21.26,01a58641o0591o
58641.545328,20.912,0.759,16,12,o,0,1.26,282.18089,33.08094,6398.62,10010.82,2.85,2.74,-69.2,-0.481,19.4,21.28,01a58641o0603o
58642.452249,23.288,8.75,2,15,o,0,0.8,282.18089,33.08094,4112.11,617.13,3.43,2.99,-18.3,-0.409,19.33,21.18,01a58642o0471o
58642.455975,-20.718,0.727,-19,14,o,0,0.94,282.18089,33.08094,4092.54,579.23,3.37,2.96,-16.5,-0.411,19.34,21.16,01a58642o0479o
58642.462093,21.1,1.161,13,15,o,0,0.82,282.18089,33.08094,4152.03,656.52,3.34,2.96,-23.7,-0.415,19.39,21.15,01a58642o0492o
58642.476137,21.061,1.115,14,15,o,0,0.84,282.18089,33.08094,4167.31,540.28,3.41,3.07,-12.7,-0.408,19.33,21.13,01a58642o0522o
58643.588708,21.8,1.526,7,11,o,0,0.66,282.18089,33.08094,6206.08,2461.58,2.01,1.85,44.9,-0.454,19.64,21.04,02a58643o0718o
58643.593564,-20.778,0.443,-18,8,o,0,1.34,282.18089,33.08094,6185.55,2421.66,2.02,1.84,49.1,-0.452,19.67,21.09,02a58643o0728o
58643.61094,20.921,0.585,16,9,o,0,1.3,282.18089,33.08094,6250.6,2500.55,2.03,1.82,43.7,-0.455,19.54,20.57,02a58643o0763o
58643.621203,20.405,1.099,25,28,o,0,1.53,282.18089,33.08094,6261.39,2383.94,2.08,1.86,44.2,-0.446,18.25,18.31,02a58643o0784o
58645.4116,-20.924,1.039,-16,16,o,0,0.85,282.18089,33.08094,4116.93,614.89,3.27,2.86,-19.8,-0.413,19.25,20.61,01a58645o0371o
58645.41441,20.443,0.645,24,16,o,0,1.11,282.18089,33.08094,4095.72,575.17,3.26,2.85,-19.0,-0.414,19.24,20.61,01a58645o0377o
58645.42045,21.235,1.441,12,17,o,0,0.87,282.18089,33.08094,4156.05,654.34,3.21,2.84,-17.2,-0.42,19.28,20.65,01a58645o0388o
58645.435032,-21.448,1.66,-10,16,o,0,1.0,282.18089,33.08094,4169.26,537.34,3.18,2.77,-15.4,-0.423,19.27,20.69,01a58645o0418o
58646.428321,20.985,1.188,15,17,o,0,0.92,282.18089,33.08094,4115.54,615.46,3.39,2.93,-13.6,-0.405,19.14,20.41,01a58646o0427o
58646.431247,21.395,2.021,10,20,o,0,0.66,282.18089,33.08094,4093.59,576.07,3.36,2.98,-19.5,-0.407,19.14,20.44,01a58646o0433o
58646.446747,20.966,1.28,15,19,o,0,0.9,282.18089,33.08094,4150.42,654.48,3.27,2.83,-15.3,-0.416,19.14,20.45,01a58646o0466o
58646.452744,22.623,5.25,3,17,o,0,0.93,282.18089,33.08094,4168.45,537.28,3.27,2.89,-18.3,-0.413,19.15,20.44,01a58646o0479o
58647.454114,21.623,1.859,8,15,o,0,0.97,282.18089,33.08094,4370.31,8109.39,2.12,2.08,66.7,-0.448,19.25,20.13,02a58647o0426o
58647.457478,22.869,5.462,3,14,o,0,0.96,282.18089,33.08094,4389.11,8148.07,2.06,2.03,88.6,-0.452,19.31,20.14,02a58647o0432o
58647.464417,-21.082,1.032,-13,14,o,0,0.94,282.18089,33.08094,4331.79,8071.07,2.14,2.11,42.0,-0.442,19.28,20.15,02a58647o0444o
58647.475656,24.037,16.5,1,14,o,0,0.82,282.18089,33.08094,4310.75,8187.87,2.18,2.16,-76.6,-0.44,19.27,20.16,02a58647o0463o
58650.477594,-22.631,8.316,-3,27,o,0,1.09,282.18089,33.08094,10470.08,9607.61,2.82,2.51,77.3,-0.522,18.69,19.69,01a58650o0384o
58650.480404,22.028,5.697,6,32,o,0,1.11,282.18089,33.08094,10491.6,9645.41,2.9,2.44,80.8,-0.531,18.71,19.7,01a58650o0390o
58650.486909,19.707,0.434,48,21,o,0,1.47,282.18089,33.08094,10429.61,9568.55,2.68,2.55,60.2,-0.54,18.66,19.71,01a58650o0404o
58650.492913,20.508,1.099,23,25,o,0,1.02,282.18089,33.08094,319.88,9811.62,2.45,2.24,-68.8,-0.6,18.73,19.77,01a58650o0417o
58650.496188,-21.092,2.185,-13,29,o,0,0.79,282.18089,33.08094,340.48,9850.47,2.46,2.27,-71.5,-0.584,18.69,19.77,01a58650o0424o
58650.498031,-20.394,1.014,-25,26,o,0,1.23,282.18089,33.08094,10414.03,9685.16,2.85,2.52,78.9,-0.523,18.72,19.71,01a58650o0428o
58650.501753,-20.758,1.702,-18,31,o,0,0.71,282.18089,33.08094,279.7,9771.21,2.49,2.27,-75.2,-0.589,18.72,19.76,01a58650o0436o
58650.512914,-19.587,0.512,-53,27,o,0,0.99,282.18089,33.08094,261.78,9888.23,2.45,2.22,-72.0,-0.61,18.64,19.73,01a58650o0460o
58653.47058,21.468,3.029,9,28,o,0,0.82,282.18089,33.08094,10272.31,825.88,3.93,3.24,-17.4,-0.397,18.68,19.96,01a58653o0178o
58653.480059,-23.418,15.429,-2,24,o,0,1.01,282.18089,33.08094,10290.77,709.47,3.59,2.9,-18.9,-0.421,18.84,20.03,01a58653o0197o
58654.419335,-21.293,1.982,-11,22,o,0,0.98,282.18089,33.08094,90.97,917.84,3.16,2.83,-18.4,-0.473,19.01,20.22,01a58654o0402o
58654.427394,-21.597,3.437,-8,29,o,0,1.01,282.18089,33.08094,67.04,879.45,3.93,3.35,-25.1,-0.361,18.9,20.22,01a58654o0419o
58654.430695,25.672,109.0,0,21,o,0,0.74,282.18089,33.08094,128.98,956.18,3.08,2.82,-23.1,-0.471,19.07,20.21,01a58654o0426o
58654.440658,19.916,0.606,39,24,o,0,0.74,282.18089,33.08094,143.63,838.05,3.39,3.01,-19.9,-0.434,19.02,20.24,01a58654o0447o
58654.476948,-22.669,6.952,-3,22,o,0,0.68,282.18089,33.08094,319.12,9811.49,2.53,2.32,-49.7,-0.574,18.94,20.21,01a58654o0520o
58654.479884,20.174,0.677,31,21,o,0,1.13,282.18089,33.08094,10211.82,744.87,3.96,3.0,-10.9,-0.376,18.89,20.18,01a58654o0526o
58654.485888,19.484,0.315,58,18,o,0,1.12,282.18089,33.08094,279.23,9771.53,2.52,2.29,-54.0,-0.567,18.95,20.22,01a58654o0538o
58654.49959,22.524,6.0,4,21,o,0,0.85,282.18089,33.08094,263.26,9887.54,2.59,2.39,-50.6,-0.562,18.88,20.17,01a58654o0565o
58655.399182,19.709,2.318,48,110,o,0,1.13,282.18089,33.08094,5921.44,4040.63,2.19,1.85,42.7,-0.455,16.92,16.98,02a58655o0329o
58655.402155,20.919,2.404,16,37,o,0,0.97,282.18089,33.08094,5940.4,4079.79,2.23,1.86,42.8,-0.442,18.19,18.59,02a58655o0335o
58655.412304,24.469,436.0,1,258,o,0,1.14,282.18089,33.08094,5882.91,4004.97,2.36,1.87,40.7,-0.432,16.08,16.1,02a58655o0355o
58655.419593,-19.738,2.633,-46,122,o,0,1.39,282.18089,33.08094,5864.22,4122.38,2.38,1.84,42.1,-0.452,16.88,16.91,02a58655o0369o
58659.412737,22.071,1.698,5,9,o,0,1.67,282.18089,33.08094,8396.99,9848.57,2.41,2.26,-64.1,-0.427,19.75,21.38,02a58659o0363o
58659.416104,21.641,1.532,8,12,o,0,0.6,282.18089,33.08094,8417.95,9888.73,2.47,2.29,-55.4,-0.425,19.74,21.36,02a58659o0369o
58659.423907,21.095,0.889,13,12,o,0,0.81,282.18089,33.08094,8359.05,9811.87,2.4,2.22,-59.0,-0.435,19.77,21.32,02a58659o0385o
58659.438557,21.693,1.375,8,10,o,0,1.26,282.18089,33.08094,8340.7,9933.84,2.32,2.24,66.9,-0.43,19.74,21.29,02a58659o0413o
58660.474353,21.032,0.95,14,13,o,0,1.15,282.18089,33.08094,2184.77,727.18,2.15,1.84,-53.7,-0.453,19.24,20.45,02a58660o0406o
58660.477638,20.784,1.038,18,18,o,0,1.12,282.18089,33.08094,2165.03,687.59,2.18,1.85,-53.9,-0.447,18.64,19.74,02a58660o0413o
58660.483776,-20.338,0.54,-27,14,o,0,0.81,282.18089,33.08094,2225.26,765.74,2.13,1.87,-54.4,-0.454,19.35,20.61,02a58660o0426o
58660.49354,-21.48,2.8,-9,26,o,0,1.21,282.18089,33.08094,2241.55,646.61,2.11,1.85,-59.9,-0.451,18.63,19.56,02a58660o0447o
58663.430973,0.0,21.388,0,10,c,0,0.89,282.18089,33.08094,8403.05,9851.73,2.79,2.71,78.0,-0.389,19.84,21.95,02a58663o0388c
58663.441965,-23.494,5.5,-2,8,c,0,1.25,282.18089,33.08094,8428.53,9885.77,2.75,2.66,63.3,-0.392,19.84,21.94,02a58663o0408c
58663.446376,-22.159,1.366,-5,7,c,0,1.47,282.18089,33.08094,2237.2,761.0,2.57,2.29,-55.7,-0.418,19.89,21.95,02a58663o0417c
58663.457812,-21.299,0.733,-11,8,c,0,0.84,282.18089,33.08094,2250.21,643.54,2.58,2.3,-56.4,-0.412,19.85,21.94,02a58663o0439c
58664.439133,-21.275,0.839,-11,9,c,0,0.84,282.18089,33.08094,2196.59,731.53,2.57,2.28,-58.8,-0.421,19.88,22.0,02a58664o0431c
58664.441992,-21.21,0.653,-12,8,c,0,1.04,282.18089,33.08094,2174.76,691.5,2.59,2.28,-57.1,-0.421,19.87,22.01,02a58664o0437c
58664.447671,-20.891,0.504,-16,8,c,0,0.92,282.18089,33.08094,2232.87,769.56,2.52,2.31,-59.4,-0.422,19.86,22.01,02a58664o0449c
58664.457681,-21.409,0.774,-10,8,c,0,0.9,282.18089,33.08094,2250.6,650.72,2.52,2.28,-61.4,-0.422,19.88,22.01,02a58664o0470c
58665.444895,21.587,1.395,8,12,o,0,1.07,282.18089,33.08094,8126.09,2347.33,3.21,2.83,-15.4,-0.427,19.44,21.3,01a58665o0436o
58665.44771,-20.767,0.688,-18,12,o,0,1.07,282.18089,33.08094,8105.16,2308.11,3.17,2.8,-16.2,-0.43,19.44,21.35,01a58665o0442o
58665.453345,21.893,2.341,6,15,o,0,0.64,282.18089,33.08094,2373.26,8199.47,2.63,2.54,-23.0,-0.494,19.43,21.33,01a58665o0453o
58665.463991,22.974,4.933,2,12,o,0,1.08,282.18089,33.08094,2357.48,8314.47,2.64,2.55,-21.8,-0.494,19.44,21.33,01a58665o0474o
58667.512839,-21.81,1.245,-7,8,c,0,0.93,282.18089,33.08094,10427.55,4374.6,2.55,2.43,-53.0,-0.425,19.77,21.91,02a58667o0344c
58667.513966,25.553,36.5,0,8,c,0,0.82,282.18089,33.08094,490.66,4362.58,2.33,2.28,-14.2,-0.407,19.85,21.91,02a58667o0346c
58667.520418,21.019,0.579,14,8,c,0,1.04,282.18089,33.08094,462.13,4325.11,2.36,2.33,46.4,-0.401,19.82,21.91,02a58667o0358c
58667.520879,20.91,1.244,16,20,c,0,0.7,282.18089,33.08094,10401.51,4335.3,2.58,2.44,-63.7,-0.421,19.83,21.91,02a58667o0359c
58667.534631,21.247,0.679,12,8,c,0,1.02,282.18089,33.08094,518.74,4402.45,2.3,2.27,-3.6,-0.408,19.8,21.87,02a58667o0386c
58667.535088,-23.874,9.75,-1,10,c,0,0.57,282.18089,33.08094,10456.59,4416.07,2.47,2.44,-25.5,-0.433,19.83,21.88,02a58667o0387c
58667.541532,-20.595,0.426,-21,9,c,0,0.61,282.18089,33.08094,535.35,4283.74,2.39,2.27,-63.3,-0.422,19.79,21.87,02a58667o0398c
58667.541989,-20.983,0.613,-15,9,c,0,1.14,282.18089,33.08094,10473.3,4298.91,2.56,2.42,-47.3,-0.427,19.78,21.88,02a58667o0399c
58671.528048,-22.005,2.394,-6,14,o,0,0.93,282.18089,33.08094,1436.03,8357.92,2.8,2.73,70.8,-0.466,19.36,21.34,01a58671o0585o
58671.546392,-20.647,0.649,-20,13,o,0,0.91,282.18089,33.08094,1482.4,8459.99,2.85,2.81,76.8,-0.451,19.36,21.32,01a58671o0604o
58671.552487,20.503,0.562,23,13,o,0,0.81,282.18089,33.08094,1434.88,8402.25,2.8,2.75,66.2,-0.462,19.33,21.3,01a58671o0608o
58674.583511,-21.537,1.85,-9,16,o,0,0.91,282.18089,33.08094,9203.83,4571.42,3.23,3.02,2.5,-0.424,19.18,20.88,01a58674o0357o
58674.58832,-19.973,0.413,-37,15,o,0,0.94,282.18089,33.08094,9230.89,4622.73,3.27,2.96,84.2,-0.44,19.18,20.82,01a58674o0366o
58674.596831,23.135,8.667,2,18,o,0,0.8,282.18089,33.08094,9189.67,4568.33,3.16,3.09,34.4,-0.429,19.15,20.72,01a58674o0383o
58674.609485,20.68,1.0,19,19,o,0,0.67,282.18089,33.08094,9198.78,4713.3,3.24,3.05,4.9,-0.42,18.98,20.43,01a58674o0409o
58676.386109,20.954,0.898,15,14,o,0,0.88,282.18089,33.08094,2346.43,10111.43,2.38,2.16,-47.5,-0.446,19.3,20.34,02a58676o0307o
58676.504109,19.59,0.236,53,12,o,0,1.09,282.18089,33.08094,8242.85,354.29,2.23,1.95,-58.0,-0.45,19.42,20.61,02a58676o0330o
58677.483851,21.031,1.36,14,19,o,0,1.04,282.18089,33.08094,10034.1,4158.5,3.01,2.74,-83.8,-0.476,18.97,20.09,01a58677o0333o
58677.484312,-20.846,1.245,-17,21,o,0,0.83,282.18089,33.08094,98.11,4339.91,2.69,2.61,88.7,-0.52,18.99,20.18,01a58677o0334o
58677.487272,20.159,0.634,31,20,o,0,1.15,282.18089,33.08094,10053.68,4196.37,3.05,2.78,-84.4,-0.471,18.97,20.08,01a58677o0340o
58677.487732,-22.128,3.281,-5,17,o,0,1.01,282.18089,33.08094,118.37,4378.66,2.65,2.59,-89.4,-0.525,19.02,20.18,01a58677o0341o
58677.497288,-22.225,4.48,-5,21,o,0,0.94,282.18089,33.08094,9996.4,4122.47,2.98,2.77,-80.3,-0.473,18.97,20.06,01a58677o0360o
58677.497748,20.649,1.325,20,26,o,0,0.85,282.18089,33.08094,60.13,4299.75,2.66,2.64,-69.3,-0.517,18.98,20.16,01a58677o0361o
58677.504793,20.351,0.848,26,22,o,0,0.68,282.18089,33.08094,9977.02,4241.83,3.06,2.74,-85.5,-0.472,18.97,20.05,01a58677o0375o
58677.507637,19.758,0.569,45,26,o,0,1.24,282.18089,33.08094,43.83,4415.44,2.71,2.62,83.6,-0.529,18.99,20.16,01a58677o0381o
58679.420475,19.637,0.403,51,20,o,0,0.93,282.18089,33.08094,8205.02,427.39,2.3,1.7,-53.8,-0.484,19.03,19.54,02a58679o0368o
58679.42399,19.924,0.512,39,20,o,0,1.03,282.18089,33.08094,8184.51,388.65,2.27,1.68,-54.9,-0.484,19.03,19.53,02a58679o0375o
58679.431266,-20.905,1.684,-16,27,o,0,0.56,282.18089,33.08094,8242.0,465.93,2.24,1.68,-56.7,-0.475,18.98,19.53,02a58679o0389o
58679.441394,-20.89,1.406,-16,22,o,0,0.86,282.18089,33.08094,8258.64,350.68,1.94,1.7,-65.5,-0.465,19.01,19.52,02a58679o0408o
58680.411724,-20.608,1.248,-21,26,o,0,0.79,282.18089,33.08094,8206.55,432.57,2.19,1.72,-47.6,-0.489,18.92,19.35,02a58680o0378o
58680.414953,-20.123,0.832,-32,27,o,0,0.71,282.18089,33.08094,8185.03,393.6,2.17,1.63,-55.7,-0.467,18.93,19.35,02a58680o0385o
58680.420947,20.788,1.063,18,19,o,0,1.56,282.18089,33.08094,8243.07,472.64,2.05,1.65,-57.1,-0.486,18.91,19.34,02a58680o0398o
58680.431941,-21.203,2.1,-12,25,o,0,0.86,282.18089,33.08094,8256.61,355.33,2.13,1.61,-57.6,-0.463,18.92,19.32,02a58680o0421o
58681.514732,20.362,1.731,26,45,o,0,0.82,282.18089,33.08094,8338.2,7820.83,3.22,3.12,-85.7,-0.424,18.37,19.4,01a58681o0583o
58681.517975,22.66,14.4,3,45,o,0,0.85,282.18089,33.08094,8359.34,7859.52,3.12,3.05,-81.5,-0.431,18.43,19.38,01a58681o0590o
58681.533383,-20.86,2.597,-16,43,o,0,1.06,282.18089,33.08094,8302.28,7783.51,3.26,3.01,2.6,-0.419,18.35,19.33,01a58681o0622o
58681.539118,21.304,4.216,11,46,o,0,1.16,282.18089,33.08094,8283.69,7902.22,3.15,3.11,-7.9,-0.418,18.25,19.3,01a58681o0634o
58685.38736,20.757,0.794,18,14,o,0,1.19,282.18089,33.08094,8327.18,7825.14,2.91,2.83,69.3,-0.428,19.24,20.68,01a58685o0273o
58685.39062,20.946,1.013,15,15,o,0,1.11,282.18089,33.08094,8347.67,7862.28,3.03,3.0,70.0,-0.421,19.15,20.66,01a58685o0280o
58685.400722,-21.975,3.043,-6,18,o,0,0.88,282.18089,33.08094,8287.06,7784.46,3.52,3.48,45.0,-0.398,19.01,20.63,01a58685o0301o
58685.408432,-21.097,1.147,-13,15,o,0,1.06,282.18089,33.08094,8271.06,7900.26,3.05,3.0,57.9,-0.413,19.16,20.62,01a58685o0316o
58689.525642,20.995,1.081,14,16,o,0,0.91,282.18089,33.08094,3643.37,2112.98,3.52,3.08,-14.4,-0.419,19.26,21.08,01a58689o0609o
58689.529786,-20.877,0.881,-16,14,o,0,1.06,282.18089,33.08094,3664.63,2151.7,3.59,3.12,-15.7,-0.415,19.24,21.05,01a58689o0618o
58689.535346,-20.222,0.5,-30,15,o,0,39.66,282.18089,33.08094,3602.28,2076.36,3.47,3.14,-18.7,-0.425,19.22,21.05,01a58689o0630o
58689.554804,-21.487,1.643,-9,15,o,0,1.01,282.18089,33.08094,3589.03,2195.2,3.27,3.0,-15.4,-0.433,19.19,20.93,01a58689o0670o
58691.40006,23.437,6.182,2,10,c,0,1.02,282.18089,33.08094,2637.31,4707.09,2.67,2.54,-47.3,-0.402,19.72,22.06,02a58691o0251c
58691.413441,-22.848,3.25,-3,9,c,0,1.09,282.18089,33.08094,2610.63,4667.99,2.66,2.42,38.9,-0.396,19.79,22.05,02a58691o0279c
58691.42257,24.34,14.0,1,9,c,0,0.82,282.18089,33.08094,2665.12,4745.0,2.74,2.4,39.9,-0.389,19.74,22.03,02a58691o0298c
58691.426078,21.15,0.648,13,8,c,0,1.17,282.18089,33.08094,2684.09,4628.38,2.65,2.54,-58.2,-0.402,19.76,22.01,02a58691o0305c
58693.395407,21.318,1.261,11,14,o,0,0.94,282.18089,33.08094,3616.29,2112.94,3.57,3.05,-12.0,-0.427,19.38,21.43,01a58693o0270o
58693.398313,20.107,0.357,33,12,o,0,1.09,282.18089,33.08094,3637.73,2151.56,3.43,3.06,1.7,-0.434,19.35,21.42,01a58693o0276o
58693.40399,20.99,0.897,15,13,o,0,0.96,282.18089,33.08094,3580.18,2072.68,3.37,2.96,-4.4,-0.43,19.4,21.41,01a58693o0288o
58693.418028,-20.33,0.476,-27,13,o,0,0.85,282.18089,33.08094,3564.46,2189.27,3.34,3.02,-12.7,-0.423,19.37,21.44,01a58693o0316o
58699.246915,-22.19,3.371,-5,16,c,0,0.68,282.18089,33.08094,7849.35,3921.6,2.65,2.45,-70.6,-0.377,19.07,20.39,02a58699o0038c
58699.252164,-23.707,13.333,-1,16,c,0,1.12,282.18089,33.08094,7868.86,3960.07,2.59,2.4,-66.9,-0.387,19.11,20.65,02a58699o0047c
58699.255515,21.671,1.519,8,12,c,0,0.9,282.18089,33.08094,7812.0,3883.99,2.55,2.31,-64.1,-0.388,19.3,21.0,02a58699o0054c
58699.2674,23.358,5.538,2,9,c,0,0.83,282.18089,33.08094,7790.39,4001.56,2.6,2.34,-66.7,-0.393,19.69,21.61,02a58699o0077c
58701.417943,22.892,4.909,2,12,o,0,1.0,282.18089,33.08094,1710.04,2206.61,3.55,3.1,-14.9,-0.395,19.42,21.65,01a58701o0006o
58701.421344,-23.451,8.571,-2,13,o,0,1.03,282.18089,33.08094,1731.15,2246.33,3.42,2.98,-17.6,-0.406,19.42,21.6,01a58701o0013o
58701.429126,-21.837,2.031,-7,14,o,0,0.73,282.18089,33.08094,1673.6,2166.05,3.31,2.95,-14.7,-0.415,19.47,21.64,01a58701o0029o
58701.439087,-20.577,0.529,-21,11,o,0,1.39,282.18089,33.08094,1658.81,2281.56,3.3,2.94,-13.5,-0.422,19.42,21.55,01a58701o0050o
58703.420694,-21.797,1.517,-7,10,c,0,0.9,282.18089,33.08094,2712.04,6650.6,2.41,2.36,-42.8,-0.407,19.6,21.21,02a58703o0376c
58703.426577,21.214,0.907,12,11,c,0,0.73,282.18089,33.08094,2696.76,6610.79,2.45,2.38,-42.5,-0.404,19.64,21.35,02a58703o0388c
58703.43058,22.169,1.902,5,9,c,0,0.96,282.18089,33.08094,2749.23,6688.07,2.41,2.35,-49.1,-0.411,19.66,21.48,02a58703o0396c
58703.442758,-21.44,0.861,-10,8,c,0,1.52,282.18089,33.08094,2768.32,6570.31,2.41,2.39,32.5,-0.402,19.77,21.84,02a58703o0420c
58705.345718,22.049,3.379,6,19,o,0,1.02,282.18089,33.08094,2028.65,4252.14,3.05,2.74,-8.7,-0.453,18.99,20.31,01a58705o0073o
58705.348578,19.263,0.413,72,30,o,0,0.72,282.18089,33.08094,2049.06,4290.78,3.12,2.8,-8.5,-0.431,18.59,19.75,01a58705o0079o
58705.354284,22.147,3.72,5,19,o,0,0.74,282.18089,33.08094,1988.9,4214.04,3.14,2.97,-0.6,-0.42,19.03,20.48,01a58705o0091o
58705.375022,-20.859,1.195,-16,20,o,0,0.73,282.18089,33.08094,1974.18,4327.48,3.05,2.75,-4.0,-0.46,19.02,20.58,01a58705o0133o
58707.242698,20.832,1.838,17,31,c,0,0.77,282.18089,33.08094,180.66,7750.64,2.66,2.17,-51.9,-0.37,18.45,19.31,02a58707o0038c
58707.255177,21.345,2.163,10,23,c,0,0.71,282.18089,33.08094,197.25,7792.01,2.66,2.21,-53.3,-0.383,18.8,19.73,02a58707o0063c
58707.259529,20.025,0.551,36,20,c,0,1.29,282.18089,33.08094,138.71,7711.09,2.69,2.19,-53.6,-0.375,18.82,19.75,02a58707o0072c
58707.271561,-21.394,1.929,-10,19,c,0,1.19,282.18089,33.08094,114.88,7829.75,2.47,2.44,60.0,-0.339,18.74,19.79,02a58707o0096c
58707.485003,20.247,0.891,29,26,c,0,0.91,282.18089,33.08094,268.61,2822.01,2.44,2.38,69.3,-0.391,18.42,19.38,02a58707o0524c
58707.488279,21.842,3.964,7,26,c,0,0.97,282.18089,33.08094,252.58,2780.26,2.37,2.31,83.0,-0.399,18.43,19.36,02a58707o0531c
58707.498223,-19.578,0.439,-54,24,c,0,1.66,282.18089,33.08094,321.88,2856.67,2.48,2.42,-80.6,-0.401,18.33,19.3,02a58707o0550c
58707.511503,-21.131,2.458,-13,32,c,0,0.76,282.18089,33.08094,339.93,2745.09,2.5,2.35,58.8,-0.394,18.28,19.21,02a58707o0577c
58709.332193,17.282,0.813,444,361,o,0,1.18,282.18089,33.08094,2026.17,4252.33,3.04,2.77,-11.1,-0.485,15.46,16.4,01a58709o0225o
58709.339623,19.164,1.847,78,145,o,0,0.98,282.18089,33.08094,2047.11,4290.55,3.09,2.8,-14.2,-0.458,16.57,17.23,01a58709o0239o
58709.342442,-19.357,2.227,-66,146,o,0,1.3,282.18089,33.08094,1987.79,4213.06,3.09,2.83,-8.4,-0.457,16.56,17.33,01a58709o0245o
58709.352658,-19.447,0.981,-60,59,o,0,1.18,282.18089,33.08094,1971.79,4329.28,3.08,2.71,-7.6,-0.458,17.64,18.29,01a58709o0266o
58711.368974,-16.536,0.61,-882,538,o,0,1.53,282.18089,33.08094,262.08,2786.75,2.42,2.26,-60.4,-0.451,15.57,15.49,02a58711o0272o
58711.373508,-20.473,5.52,-24,130,o,0,0.82,282.18089,33.08094,10473.25,2753.71,2.41,1.92,-53.6,-0.501,17.13,17.23,02a58711o0281o
58711.374997,19.062,0.865,86,74,o,0,1.03,282.18089,33.08094,328.99,2865.23,2.29,2.1,-51.2,-0.439,17.36,17.51,02a58711o0284o
58711.386492,-22.073,3.653,-5,20,o,0,1.35,282.18089,33.08094,349.23,2747.68,2.27,2.07,-50.2,-0.412,18.66,19.13,02a58711o0307o
58713.375865,21.34,1.806,11,19,o,0,0.68,282.18089,33.08094,4465.09,10053.01,2.75,2.66,-59.3,-0.496,19.07,20.37,01a58713o0315o
58713.378721,-20.614,0.82,-21,17,o,0,1.0,282.18089,33.08094,4485.96,10091.37,2.73,2.62,-67.8,-0.514,19.11,20.35,01a58713o0321o
58713.38447,22.036,3.029,6,17,o,0,1.15,282.18089,33.08094,4424.18,10013.47,2.68,2.53,-47.4,-0.507,19.09,20.32,01a58713o0333o
58713.396402,19.657,0.378,50,19,o,0,0.98,282.18089,33.08094,4403.69,10131.27,2.87,2.73,-60.4,-0.486,19.01,20.27,01a58713o0358o
58714.228267,-18.355,0.843,-165,139,o,0,1.19,282.18089,33.08094,6119.29,504.52,4.29,3.51,-17.8,-0.398,16.69,17.2,01a58714o0021o
58714.231642,-21.158,5.0,-12,62,o,0,1.15,282.18089,33.08094,6098.45,462.94,4.06,3.28,-17.2,-0.39,17.68,18.29,01a58714o0028o
58714.23778,-23.377,13.333,-2,22,o,0,1.06,282.18089,33.08094,6158.14,541.12,3.98,3.17,-17.4,-0.403,18.88,20.08,01a58714o0041o
58714.248076,22.912,6.1,2,15,o,0,0.77,282.18089,33.08094,6176.89,424.18,3.72,3.1,-18.5,-0.411,19.42,21.33,01a58714o0063o
58719.363422,-23.522,10.154,-1,14,o,0,0.47,282.18089,33.08094,4974.56,8573.78,2.36,2.0,40.9,-0.432,19.69,21.16,02a58719o0195o
58719.371124,-21.581,1.317,-8,11,o,0,0.82,282.18089,33.08094,4956.55,8538.47,2.22,2.0,42.3,-0.436,19.67,21.18,02a58719o0210o
58719.375465,25.103,28.0,0,9,o,0,0.94,282.18089,33.08094,5010.52,8612.8,2.4,2.0,39.5,-0.425,19.67,21.16,02a58719o0219o
58719.38846,-20.865,0.704,-16,12,o,0,0.89,282.18089,33.08094,5028.33,8494.5,2.36,1.96,40.1,-0.432,19.6,21.03,02a58719o0245o
58721.44807,-22.654,4.929,-3,16,o,0,0.87,282.18089,33.08094,4072.8,6058.97,2.05,1.9,-11.7,-0.426,19.35,20.57,01a58721o0474o
58721.450894,22.254,2.404,5,11,o,0,0.88,282.18089,33.08094,4092.22,6098.12,1.91,1.84,-14.4,-0.431,19.52,20.67,01a58721o0480o
58721.461121,-21.508,1.31,-9,12,o,0,1.01,282.18089,33.08094,4032.72,6021.71,1.94,1.85,-13.5,-0.43,19.41,20.55,01a58721o0500o
58721.466755,-20.774,0.527,-18,9,o,0,0.9,282.18089,33.08094,4013.68,6138.13,1.97,1.84,-15.5,-0.422,19.46,20.6,01a58721o0512o
58723.460393,-24.825,19.667,0,8,c,0,1.14,282.18089,33.08094,8456.48,4436.83,2.61,2.44,35.8,-0.387,19.67,21.55,02a58723o0436c
58723.464074,-21.786,1.333,-7,9,c,0,1.01,282.18089,33.08094,8436.66,4398.14,2.68,2.44,34.2,-0.385,19.6,21.52,02a58723o0444c
58723.470547,-21.432,1.0,-10,10,c,0,1.2,282.18089,33.08094,8496.79,4476.03,2.71,2.54,35.1,-0.385,19.59,21.49,02a58723o0458c
58723.485965,-22.148,2.0,-5,10,c,0,1.14,282.18089,33.08094,8516.62,4363.21,2.97,2.43,-55.9,-0.401,19.47,21.35,02a58723o0489c
58727.378904,-21.257,0.884,-11,10,c,0,0.69,282.18089,33.08094,8457.52,4435.65,2.5,2.32,34.1,-0.393,19.75,21.73,02a58727o0278c
58727.388483,23.251,4.933,2,9,c,0,1.04,282.18089,33.08094,8436.83,4395.92,2.49,2.35,39.9,-0.389,19.81,21.71,02a58727o0295c
58727.391633,21.116,0.802,13,10,c,0,0.71,282.18089,33.08094,8503.14,4474.22,2.48,2.38,41.5,-0.39,19.78,21.7,02a58727o0301c
58733.28473,-19.508,0.892,-57,51,o,0,0.75,282.18089,33.08094,6349.95,7975.65,2.34,2.07,-85.5,-0.43,17.93,18.18,01a58733o0160o
58733.28816,21.263,3.645,11,41,o,0,1.2,282.18089,33.08094,6371.21,8014.36,2.29,2.02,-77.6,-0.432,18.02,18.33,01a58733o0167o
58733.296581,19.287,1.083,70,76,o,0,0.93,282.18089,33.08094,6309.52,7937.24,2.31,1.97,-78.3,-0.444,17.41,17.53,01a58733o0184o
58733.306798,-20.013,0.551,-36,20,o,0,1.94,282.18089,33.08094,6292.13,8053.97,2.48,2.02,-83.1,-0.429,18.44,18.99,01a58733o0204o
58737.333015,-20.463,0.744,-24,18,o,0,1.38,282.18089,33.08094,4391.88,8088.44,2.14,1.79,-85.3,-0.44,18.88,19.39,01a58737o0158o
58737.336433,-21.69,1.768,-8,14,o,0,1.35,282.18089,33.08094,4412.1,8127.35,2.3,1.96,-87.1,-0.434,19.1,19.74,01a58737o0165o
58737.343421,21.283,1.254,11,14,o,0,1.15,282.18089,33.08094,4352.83,8050.15,2.13,1.82,-86.4,-0.439,19.19,19.7,01a58737o0180o
58737.353321,20.375,0.722,26,18,o,0,1.07,282.18089,33.08094,4332.91,8166.02,2.19,1.85,-88.2,-0.442,18.98,19.38,01a58737o0201o
58739.335169,-17.921,0.652,-246,161,o,0,0.86,282.18089,33.08094,4571.53,4600.29,2.52,1.86,39.7,-0.458,16.46,16.54,02a58739o0278o
58739.343798,19.544,1.159,55,64,o,0,0.89,282.18089,33.08094,4610.47,4637.58,2.17,1.83,37.4,-0.434,17.57,17.62,02a58739o0296o
58739.354106,-19.903,2.372,-40,94,o,0,0.88,282.18089,33.08094,4630.93,4523.1,2.1,1.82,38.3,-0.453,17.23,17.43,02a58739o0318o
58743.221755,-20.826,1.151,-17,20,o,0,1.64,282.18089,33.08094,6006.33,5973.96,2.18,1.93,40.0,-0.444,18.76,19.83,02a58743o0039o
58743.230517,20.306,4.783,27,131,o,0,1.15,282.18089,33.08094,6028.18,6015.73,2.12,1.85,35.7,-0.451,16.84,17.86,02a58743o0056o
58743.249053,-19.474,1.924,-59,113,o,0,0.95,282.18089,33.08094,4632.56,4642.56,2.06,1.79,32.0,-0.446,18.21,19.52,02a58743o0091o
58743.258245,20.596,0.619,21,13,o,0,1.1,282.18089,33.08094,4650.99,4524.02,2.14,1.77,34.7,-0.438,19.43,20.84,02a58743o0108o
58745.316238,25.649,44.667,0,9,o,0,0.85,282.18089,33.08094,5911.58,4011.91,1.86,1.76,-58.0,-0.403,19.72,20.81,01a58745o0170o
58745.319153,20.863,0.466,16,8,o,0,1.49,282.18089,33.08094,5931.99,4050.13,1.98,1.73,-18.2,-0.396,19.72,20.75,01a58745o0176o
58745.324752,20.949,0.611,15,9,o,0,0.82,282.18089,33.08094,5874.04,3973.84,1.91,1.81,-60.1,-0.395,19.65,20.63,01a58745o0188o
58745.334597,24.66,20.0,0,10,o,0,0.94,282.18089,33.08094,5854.8,4091.91,1.97,1.79,-82.3,-0.395,19.53,20.46,01a58745o0209o
58748.210617,19.58,1.701,53,91,o,0,1.71,282.18089,33.08094,6404.52,9959.0,2.62,2.04,41.8,-0.45,17.65,17.69,02a58748o0002o
58748.213488,23.215,20.937,2,39,o,0,1.23,282.18089,33.08094,6416.33,9990.07,2.51,2.03,49.5,-0.438,18.39,18.59,02a58748o0008o
58748.218795,-20.839,1.0,-17,17,o,0,1.05,282.18089,33.08094,6354.64,9912.9,2.33,2.06,48.9,-0.429,19.21,20.0,02a58748o0019o
58748.229759,-20.321,0.84,-27,23,o,0,1.79,282.18089,33.08094,4263.86,543.3,2.19,1.76,48.2,-0.423,18.16,19.11,02a58748o0039o
58752.28704,23.066,3.895,2,8,c,0,0.89,282.18089,33.08094,4184.6,612.18,2.37,2.23,-73.8,-0.42,19.82,21.66,02a58752o0145c
58752.289842,-21.892,1.232,-6,8,c,0,1.09,282.18089,33.08094,4164.03,573.4,2.39,2.22,-73.7,-0.419,19.83,21.64,02a58752o0151c
58752.295421,-21.668,1.03,-8,8,c,0,1.22,282.18089,33.08094,4223.53,651.54,2.43,2.24,-65.0,-0.416,19.8,21.63,02a58752o0163c
58752.306237,-22.025,1.286,-6,7,c,0,1.32,282.18089,33.08094,4241.23,531.7,2.41,2.22,-65.3,-0.41,19.81,21.65,02a58752o0186c
58754.299406,-22.147,1.638,-5,8,o,0,0.98,282.18089,33.08094,8436.71,9785.59,2.03,1.79,-84.5,-0.395,19.71,20.98,01a58754o0222o
58754.302672,21.107,0.706,13,9,o,0,1.04,282.18089,33.08094,8457.98,9825.18,2.33,2.07,-83.4,-0.393,19.57,20.96,01a58754o0229o
58754.308253,-21.997,2.149,-6,12,o,0,0.77,282.18089,33.08094,8396.0,9747.95,2.65,2.36,-82.5,-0.365,19.43,20.9,01a58754o0241o
58754.318259,-23.411,6.158,-2,10,o,0,1.17,282.18089,33.08094,8377.49,9868.51,2.15,1.91,-87.3,-0.39,19.64,20.92,01a58754o0262o
58756.307107,22.137,1.688,5,9,c,0,1.61,282.18089,33.08094,156.18,859.07,2.9,2.53,-57.6,-0.394,19.54,21.36,02a58756o0239c
58756.310313,22.073,2.059,5,11,c,0,0.63,282.18089,33.08094,135.85,821.84,2.88,2.54,-62.2,-0.395,19.53,21.37,02a58756o0246c
58756.315687,-22.436,3.2,-4,12,c,0,0.7,282.18089,33.08094,196.68,896.82,3.14,2.86,-59.8,-0.383,19.43,21.36,02a58756o0257c
58756.327202,21.375,1.068,10,11,c,0,1.15,282.18089,33.08094,217.1,777.83,3.02,2.66,-60.7,-0.383,19.48,21.32,02a58756o0282c
58756.342659,-23.679,13.667,-1,17,c,0,0.83,282.18089,33.08094,10306.82,860.61,3.34,2.81,-49.9,-0.394,19.39,21.35,02a58756o0315c
58756.345945,-20.105,0.5,-33,16,c,0,0.75,282.18089,33.08094,10289.71,821.22,3.13,2.54,-50.7,-0.393,19.48,21.35,02a58756o0322c
58756.351602,-20.882,0.969,-16,16,c,0,1.09,282.18089,33.08094,10349.0,900.16,3.04,2.44,-50.7,-0.396,19.55,21.33,02a58756o0334c
58756.363023,-20.4,0.616,-25,16,c,0,1.19,282.18089,33.08094,10372.06,782.86,3.18,2.57,-48.7,-0.386,19.46,21.31,02a58756o0358c
58758.256622,-23.611,8.222,-1,11,o,0,0.5,282.18089,33.08094,8438.25,9785.48,2.17,1.7,-83.0,-0.394,19.77,21.03,01a58758o0140o
58758.259846,21.517,1.137,9,10,o,0,0.85,282.18089,33.08094,8459.67,9824.49,2.21,1.67,-82.7,-0.395,19.74,21.04,01a58758o0147o
58758.265474,22.282,2.302,4,10,o,0,0.71,282.18089,33.08094,8398.52,9747.61,2.19,1.64,-81.8,-0.397,19.78,21.06,01a58758o0159o
58758.275673,21.124,0.715,13,9,o,0,1.51,282.18089,33.08094,8380.36,9866.73,2.32,1.88,-82.7,-0.392,19.67,21.08,01a58758o0181o
58761.346035,21.112,1.25,13,16,o,0,0.89,282.18089,33.08094,10091.48,6147.0,2.74,2.31,-83.1,-0.377,19.06,19.97,01a58761o0291o
58761.350051,21.975,2.58,6,15,o,0,0.87,282.18089,33.08094,10112.11,6186.66,2.63,2.14,-86.8,-0.391,19.09,19.94,01a58761o0298o
58761.35993,19.783,0.929,44,41,o,0,1.02,282.18089,33.08094,10049.19,6113.92,2.73,2.2,-85.7,-0.398,18.09,18.85,01a58761o0316o
58761.362278,19.764,3.48,45,157,o,0,1.04,282.18089,33.08094,163.84,6217.78,2.89,2.42,85.8,-0.388,17.31,17.89,01a58761o0321o
58761.365125,18.713,0.897,119,107,o,0,0.64,282.18089,33.08094,10029.84,6232.49,3.32,2.84,-79.8,-0.373,16.61,17.5,01a58761o0327o
58761.365586,-20.58,3.518,-21,75,o,0,1.0,282.18089,33.08094,184.98,6255.83,3.02,2.64,88.2,-0.397,18.22,19.0,01a58761o0328o
58761.372078,15.877,0.58,1619,939,o,0,0.93,282.18089,33.08094,123.07,6177.7,3.04,2.56,83.2,-0.4,15.67,16.24,01a58761o0342o
58761.385911,21.919,11.393,6,71,o,0,1.54,282.18089,33.08094,104.8,6292.85,3.03,2.53,-89.5,-0.383,18.39,19.22,01a58761o0370o
58765.235201,22.398,3.56,4,14,o,0,0.8,282.18089,33.08094,10083.9,6124.13,2.13,1.8,-84.2,-0.433,19.46,20.01,01a58765o0080o
58765.240065,-25.361,51.333,0,13,o,0,0.86,282.18089,33.08094,10105.15,6162.3,2.3,1.8,-85.2,-0.432,19.41,20.02,01a58765o0090o
58765.241028,-21.662,1.931,-8,15,o,0,0.84,282.18089,33.08094,152.02,6219.85,2.2,1.69,82.8,-0.419,19.36,20.03,01a58765o0092o
58765.243928,21.008,1.024,14,15,o,0,1.09,282.18089,33.08094,171.74,6259.06,2.34,1.79,82.1,-0.412,19.37,20.02,01a58765o0098o
58765.24577,20.687,0.729,19,14,o,0,0.82,282.18089,33.08094,10044.77,6088.08,2.38,1.75,-86.0,-0.43,19.39,20.01,01a58765o0102o
58765.251541,22.315,3.66,4,16,o,0,1.04,282.18089,33.08094,113.01,6181.86,2.52,1.81,81.1,-0.397,19.34,20.03,01a58765o0114o
58765.264901,-21.396,1.33,-10,13,o,0,1.37,282.18089,33.08094,10028.13,6208.96,2.53,1.8,-87.7,-0.425,19.3,19.99,01a58765o0142o
58765.265361,-19.944,0.439,-38,17,o,0,0.77,282.18089,33.08094,96.82,6297.62,2.45,1.75,83.0,-0.406,19.35,20.02,01a58765o0143o
58770.273721,24.534,38.143,1,21,o,0,0.83,282.18089,33.08094,2437.46,10143.19,2.07,1.76,-76.7,-0.45,18.92,19.15,01a58770o0191o
58770.277014,20.12,0.724,32,24,o,0,0.59,282.18089,33.08094,2457.82,10182.63,2.11,1.8,-78.4,-0.444,18.92,19.16,01a58770o0198o
58770.283042,20.102,0.617,33,20,o,0,0.89,282.18089,33.08094,2396.65,10103.39,2.18,1.89,-75.1,-0.441,18.87,19.16,01a58770o0211o
58770.293213,22.805,8.625,3,24,o,0,0.71,282.18089,33.08094,2375.76,10221.58,2.13,1.86,-76.0,-0.438,18.86,19.12,01a58770o0233o
58771.33607,22.672,8.333,3,26,o,0,0.8,282.18089,33.08094,8185.52,2387.12,2.36,2.28,-42.5,-0.408,18.53,19.14,02a58771o0300o
58771.339361,20.616,1.317,21,27,o,0,0.95,282.18089,33.08094,8165.67,2347.19,2.1,2.02,-41.9,-0.415,18.6,19.11,02a58771o0307o
58771.345942,23.302,17.333,2,30,o,0,0.72,282.18089,33.08094,8225.31,2426.05,2.24,2.13,-27.1,-0.4,18.55,19.06,02a58771o0321o
58771.355901,19.37,0.571,65,37,o,0,0.77,282.18089,33.08094,8246.18,2312.59,2.73,2.51,-32.9,-0.407,18.35,19.02,02a58771o0342o
58773.250684,-21.672,1.478,-8,12,o,0,1.17,282.18089,33.08094,2431.25,10143.99,2.19,1.83,-81.5,-0.43,19.54,20.45,01a58773o0136o
58773.254962,22.573,4.075,3,14,o,0,0.71,282.18089,33.08094,2452.27,10183.38,2.18,1.83,-84.4,-0.433,19.54,20.4,01a58773o0144o
58773.261729,21.657,1.214,8,10,o,0,1.9,282.18089,33.08094,2393.7,10103.09,2.13,1.76,-81.4,-0.439,19.5,20.26,01a58773o0157o
58773.273501,-21.542,1.443,-9,13,o,0,1.59,282.18089,33.08094,2370.49,10222.97,2.17,1.79,-82.0,-0.429,19.33,19.95,01a58773o0180o
58774.22083,20.855,0.641,16,11,o,0,0.84,282.18089,33.08094,2436.21,10146.33,1.88,1.59,-71.4,-0.449,19.75,20.78,01a58774o0085o
58774.22411,-21.846,1.447,-7,10,o,0,1.08,282.18089,33.08094,2457.16,10185.66,1.9,1.6,-71.9,-0.447,19.76,20.76,01a58774o0092o
58774.229697,20.75,0.543,18,10,o,0,0.96,282.18089,33.08094,2396.91,10106.52,1.91,1.6,-76.8,-0.449,19.71,20.71,01a58774o0104o
58774.244085,-25.521,45.0,0,10,o,0,0.86,282.18089,33.08094,2376.48,10224.38,2.07,1.71,-77.8,-0.443,19.66,20.7,01a58774o0135o
58775.242636,20.512,0.601,23,14,c,0,0.81,282.18089,33.08094,8195.06,2389.21,2.45,2.34,-62.1,-0.388,19.28,20.92,02a58775o0114c
58775.245513,-20.408,0.43,-25,11,c,0,0.93,282.18089,33.08094,8175.3,2349.72,2.42,2.3,-61.8,-0.393,19.36,20.98,02a58775o0120c
58775.252549,20.317,0.329,27,9,c,0,1.14,282.18089,33.08094,8233.98,2426.93,2.4,2.27,-59.0,-0.396,19.69,21.4,02a58775o0135c
58775.264605,-21.744,1.315,-7,10,c,0,1.1,282.18089,33.08094,8254.17,2310.5,2.45,2.33,-56.5,-0.394,19.49,21.13,02a58775o0160c
58777.286745,-22.779,3.629,-3,10,o,0,0.86,282.18089,33.08094,7712.37,2336.2,2.13,1.83,-84.2,-0.404,19.54,20.52,01a58777o0215o
58777.289557,20.678,0.565,19,11,o,0,0.88,282.18089,33.08094,7732.32,2374.5,2.1,1.83,-79.8,-0.4,19.53,20.52,01a58777o0221o
58777.295564,-20.617,0.542,-21,11,o,0,0.93,282.18089,33.08094,7674.54,2300.38,2.13,1.84,-80.9,-0.409,19.5,20.48,01a58777o0234o
58777.305397,20.554,0.578,22,13,o,0,1.11,282.18089,33.08094,7655.03,2419.31,2.18,1.84,-85.8,-0.412,19.18,20.14,01a58777o0255o
58779.257702,-21.302,0.816,-11,9,c,0,1.03,282.18089,33.08094,502.49,6307.55,2.35,2.23,-39.9,-0.394,19.59,21.19,02a58779o0163c
58779.260956,21.427,1.011,10,10,c,0,1.24,282.18089,33.08094,483.48,6268.52,2.37,2.16,-45.6,-0.412,19.62,21.17,02a58779o0170c
58779.266558,21.454,1.114,10,11,c,0,1.05,282.18089,33.08094,541.47,6344.09,2.29,2.19,-40.3,-0.396,19.58,21.14,02a58779o0182c
58779.277343,20.665,0.488,20,10,c,0,1.1,282.18089,33.08094,562.64,6225.45,2.33,2.27,-35.8,-0.392,19.51,21.05,02a58779o0205c
58779.284749,-22.291,3.321,-4,15,c,0,0.76,282.18089,33.08094,10437.16,6322.97,2.72,2.64,0.2,-0.401,19.53,21.1,02a58779o0221c
58779.288037,21.427,1.231,10,12,c,0,0.94,282.18089,33.08094,10418.26,6282.57,2.62,2.57,-34.9,-0.417,19.52,21.08,02a58779o0228c
58779.293744,-19.893,0.351,-40,14,c,0,0.98,282.18089,33.08094,10476.63,6362.75,2.7,2.58,-45.3,-0.405,19.52,21.06,02a58779o0240c
58779.304064,-19.49,0.237,-58,14,c,0,1.87,282.18089,33.08094,10496.89,6245.06,2.78,2.54,-50.6,-0.418,19.44,20.98,02a58779o0262c
58783.219826,-22.869,3.208,-3,8,c,0,1.21,282.18089,33.08094,566.54,6226.71,2.29,2.19,-43.1,-0.411,19.7,21.38,02a58783o0042c
58783.220283,-21.873,2.609,-6,17,c,0,0.87,282.18089,33.08094,10503.07,6245.85,2.61,2.53,32.2,-0.409,19.73,21.41,02a58783o0043c
58783.249285,22.214,3.0,5,14,c,0,1.13,282.18089,33.08094,10481.63,6362.25,2.77,2.45,-55.6,-0.412,19.64,21.24,02a58783o0102c
58783.253506,-20.501,0.748,-23,17,c,0,1.06,282.18089,33.08094,10500.93,6242.43,2.66,2.53,-51.2,-0.416,19.6,21.23,02a58783o0111c
58785.281368,20.59,0.489,21,10,o,0,1.87,282.18089,33.08094,7951.83,5814.5,2.2,1.98,-83.8,-0.406,19.37,20.23,01a58785o0073o
58785.284191,20.98,0.983,15,14,o,0,0.98,282.18089,33.08094,7968.81,5854.47,2.57,2.34,85.3,-0.402,19.16,20.21,01a58785o0079o
58785.289774,21.439,1.568,10,15,o,0,0.79,282.18089,33.08094,7909.51,5780.02,2.72,2.04,-88.1,-0.42,19.17,20.2,01a58785o0091o
58785.304525,21.782,2.062,7,14,o,0,0.95,282.18089,33.08094,7891.9,5901.97,2.43,2.03,-87.4,-0.417,19.21,20.13,01a58785o0121o
58789.192905,20.128,1.141,32,37,o,0,1.06,282.18089,33.08094,7946.63,5810.54,2.55,2.11,-84.3,-0.41,18.17,18.21,01a58789o0039o
58789.198692,-19.996,0.389,-36,14,o,0,1.15,282.18089,33.08094,7966.76,5847.56,2.13,1.73,-83.6,-0.437,19.2,19.66,01a58789o0050o
58789.201558,20.71,0.715,19,14,o,0,1.05,282.18089,33.08094,7907.48,5771.19,2.13,1.73,-83.6,-0.433,19.36,20.01,01a58789o0056o
58789.215159,23.557,9.941,1,14,o,0,0.7,282.18089,33.08094,7890.05,5889.94,2.26,1.72,-86.0,-0.43,19.45,20.35,01a58789o0084o
58801.249237,-19.476,0.417,-59,24,o,0,0.9,282.18089,33.08094,193.06,7772.89,2.44,1.9,85.7,-0.387,18.94,19.32,01a58801o0156o
58801.252044,-19.98,0.556,-37,21,o,0,1.0,282.18089,33.08094,212.08,7810.67,2.39,1.86,89.5,-0.415,18.94,19.28,01a58801o0162o
58801.263556,-20.062,1.02,-34,35,o,0,0.7,282.18089,33.08094,155.05,7733.4,3.46,2.5,83.4,-0.312,18.67,19.12,01a58801o0184o
58801.269687,-21.594,3.052,-8,26,o,0,1.37,282.18089,33.08094,132.59,7848.15,2.51,2.02,88.6,-0.381,18.76,19.04,01a58801o0196o
58817.186579,-22.473,5.222,-4,19,o,0,0.89,282.18089,33.08094,2114.71,6150.86,2.02,1.77,89.3,-0.422,18.83,19.12,01a58817o0020o
58817.190261,-19.687,0.829,-48,40,o,0,1.35,282.18089,33.08094,2134.81,6189.25,2.05,1.82,-87.5,-0.411,18.27,18.87,01a58817o0028o
58817.197189,-23.138,14.071,-2,28,o,0,0.67,282.18089,33.08094,2075.14,6110.43,2.08,1.78,89.1,-0.411,18.72,19.47,01a58817o0043o
58817.208316,-22.443,3.25,-4,12,o,0,0.76,282.18089,33.08094,2056.41,6226.71,2.2,1.79,87.5,-0.409,19.5,20.43,01a58817o0067o
58827.198882,-20.578,1.466,-21,31,o,0,2.01,282.18089,33.08094,6574.11,4537.59,2.79,1.93,36.9,-0.415,18.1,18.53,02a58827o0031o
58827.210829,19.692,0.738,48,36,o,0,0.92,282.18089,33.08094,6591.89,4428.88,2.89,2.05,37.3,-0.383,18.42,18.96,02a58827o0057o
58918.615829,19.729,0.443,47,21,o,0,0.82,282.18089,33.08094,6182.67,487.98,2.49,2.12,-13.0,-0.383,18.86,19.27,01a58918o0676o
58918.618662,-20.819,1.147,-17,20,o,0,0.97,282.18089,33.08094,6162.21,449.13,2.47,2.12,-14.2,-0.386,18.85,19.3,01a58918o0682o
58918.625296,-20.94,1.361,-15,21,o,0,1.1,282.18089,33.08094,6220.84,527.99,2.61,2.33,-13.2,-0.379,18.77,19.33,01a58918o0696o
58918.641749,19.91,0.461,39,18,o,0,0.89,282.18089,33.08094,6242.78,413.09,2.37,2.07,-16.9,-0.392,18.97,19.4,01a58918o0729o
58945.549245,15.788,0.681,1757,1197,o,0,0.87,282.18089,33.08094,4652.07,6507.67,2.18,1.94,-80.2,-0.449,14.72,14.63,01a58945o0325o
58945.55251,18.177,6.818,195,1327,o,0,1.1,282.18089,33.08094,4632.95,6470.14,2.19,1.88,-81.2,-0.456,14.32,14.13,01a58945o0331o
58945.559366,15.794,0.971,1748,1697,o,0,0.68,282.18089,33.08094,4690.89,6548.06,2.14,1.85,-80.9,-0.442,14.29,14.09,01a58945o0344o
58945.569842,15.157,0.548,3142,1722,o,0,1.01,282.18089,33.08094,4709.84,6433.03,2.03,1.79,-82.0,-0.45,14.28,14.05,01a58945o0365o
58945.641163,-19.829,0.8,-42,34,o,0,0.83,282.18089,33.08094,4670.18,6497.53,2.14,2.02,-82.7,-0.394,18.36,18.88,01a58945o0505o
58948.601415,-21.158,1.262,-12,16,o,0,1.04,282.18089,33.08094,4652.17,6512.57,1.85,1.79,-58.1,-0.405,19.12,19.59,01a58948o0749o
58948.607206,20.951,1.071,15,16,o,0,0.8,282.18089,33.08094,4631.84,6474.07,1.91,1.84,-68.8,-0.405,19.07,19.6,01a58948o0760o
58948.611188,-21.942,1.603,-6,10,o,0,2.18,282.18089,33.08094,4689.74,6551.84,1.92,1.86,-46.2,-0.399,19.08,19.59,01a58948o0767o
58948.622037,23.512,8.4,1,12,o,0,1.41,282.18089,33.08094,4708.92,6439.82,1.84,1.78,-55.6,-0.404,19.15,19.62,01a58948o0789o
58956.598626,21.744,2.049,7,15,o,0,1.07,282.18089,33.08094,10434.46,9712.39,3.1,2.47,-54.3,-0.405,19.41,20.82,02a58956o0774o
58956.60167,-21.429,1.571,-10,15,o,0,0.7,282.18089,33.08094,10454.6,9752.1,2.73,2.4,-55.0,-0.416,19.48,20.87,02a58956o0780o
58956.609314,21.345,1.333,10,14,o,0,0.9,282.18089,33.08094,10394.86,9672.8,3.09,2.32,-53.8,-0.412,19.47,20.82,02a58956o0796o
58956.610687,-23.022,6.562,-2,15,o,0,1.12,282.18089,33.08094,276.96,9720.38,2.73,1.85,-50.9,-0.507,19.47,20.79,02a58956o0799o
58956.614175,-22.681,4.56,-3,14,o,0,1.35,282.18089,33.08094,296.81,9761.65,2.37,1.91,-55.0,-0.515,19.43,20.77,02a58956o0806o
58956.615125,-21.469,1.393,-9,13,o,0,1.1,282.18089,33.08094,10376.18,9795.02,3.18,2.25,-52.3,-0.414,19.53,20.82,02a58956o0808o
58956.617434,21.131,1.25,13,16,o,0,1.09,282.18089,33.08094,234.18,9679.77,2.62,1.85,-52.0,-0.518,19.46,20.75,02a58956o0813o
58956.620689,-21.517,1.828,-9,16,o,0,1.04,282.18089,33.08094,211.7,9797.97,2.79,1.81,-51.4,-0.51,19.49,20.77,02a58956o0820o
58956.626681,21.225,1.147,12,14,o,0,1.0,282.18089,33.08094,10416.18,9733.0,3.2,2.29,-52.3,-0.425,19.5,20.71,02a58956o0833o
58956.629949,21.158,1.237,12,16,o,0,0.91,282.18089,33.08094,256.3,9738.99,2.83,1.83,-51.2,-0.498,19.39,20.49,02a58956o0840o
58960.576086,-22.476,2.897,-4,11,c,0,0.93,282.18089,33.08094,267.78,9718.66,2.46,2.07,-54.5,-0.506,19.77,21.71,02a58960o0679c
58960.581912,-21.366,0.934,-10,10,c,0,0.92,282.18089,33.08094,291.89,9756.02,2.52,2.25,-58.0,-0.489,19.72,21.7,02a58960o0691c
58960.584716,20.927,0.861,16,13,c,0,0.52,282.18089,33.08094,230.02,9677.96,2.54,2.15,-53.6,-0.491,19.72,21.71,02a58960o0697c
58960.596164,21.734,1.345,7,10,c,0,1.15,282.18089,33.08094,210.14,9799.64,2.55,2.06,-53.6,-0.516,19.78,21.71,02a58960o0721c
58964.583643,20.491,0.533,23,12,c,0,1.41,282.18089,33.08094,4013.96,4137.37,2.48,2.43,89.4,-0.393,19.15,21.0,02a58964o0755c
58964.587603,21.255,0.985,11,11,c,0,1.04,282.18089,33.08094,4034.25,4179.52,2.71,2.46,44.0,-0.389,19.43,21.33,02a58964o0763c
58964.590823,21.578,1.306,8,11,c,0,1.02,282.18089,33.08094,3976.92,4101.66,2.7,2.6,46.8,-0.385,19.39,21.36,02a58964o0770c
58964.602532,23.826,7.25,1,8,c,0,1.23,282.18089,33.08094,3960.43,4218.85,2.52,2.48,-77.2,-0.392,19.64,21.67,02a58964o0795c
58965.524186,22.824,6.083,3,16,o,0,0.84,282.18089,33.08094,490.45,4358.31,1.98,1.89,-17.8,-0.404,19.08,20.13,01a58965o0586o
58965.542909,18.366,2.655,164,434,o,0,1.03,282.18089,33.08094,467.02,4325.12,2.07,1.96,-3.0,-0.396,17.04,17.98,01a58965o0624o
58965.553583,-16.809,1.176,-686,807,o,0,0.68,282.18089,33.08094,10401.3,4303.61,2.13,2.03,-8.2,-0.406,14.96,15.97,01a58965o0647o
58965.554046,-16.95,1.3,-602,783,o,0,1.12,282.18089,33.08094,526.77,4402.95,1.98,1.88,-16.9,-0.421,14.42,15.39,01a58965o0648o
58965.564309,18.519,1.08,142,154,o,0,0.67,282.18089,33.08094,10459.19,4381.4,2.12,2.07,-3.2,-0.396,16.43,17.37,01a58965o0669o
58965.564787,17.794,0.495,277,137,o,0,0.73,282.18089,33.08094,543.53,4286.89,1.99,1.89,-22.3,-0.41,17.09,18.07,01a58965o0670o
58965.576459,21.956,2.574,6,15,o,0,1.17,282.18089,33.08094,10479.43,4264.01,2.24,2.17,12.4,-0.391,19.16,20.24,01a58965o0694o
58967.534857,21.63,1.111,8,9,c,0,1.04,282.18089,33.08094,4011.35,4137.41,2.48,2.36,47.3,-0.404,19.67,21.46,02a58967o0637c
58967.559675,21.597,1.169,8,10,c,0,0.88,282.18089,33.08094,4026.06,4180.12,2.48,2.39,44.6,-0.4,19.63,21.43,02a58967o0688c
58967.561517,-21.737,1.286,-7,9,c,0,1.09,282.18089,33.08094,3968.95,4102.21,2.49,2.42,59.8,-0.406,19.57,21.44,02a58967o0692c
58967.578261,22.494,2.677,4,10,c,0,0.88,282.18089,33.08094,3956.39,4217.71,2.37,2.28,62.3,-0.411,19.64,21.39,02a58967o0727c
58969.576954,-20.98,1.025,-15,15,o,0,1.81,282.18089,33.08094,4666.17,10520.84,1.86,1.8,-8.6,-0.409,19.52,20.53,01a58969o0730o
58970.524057,-21.395,1.253,-10,13,o,0,0.62,282.18089,33.08094,8170.78,396.62,2.48,2.14,-18.9,-0.363,19.54,20.84,01a58970o0630o
58970.531435,24.666,21.0,0,10,o,0,1.09,282.18089,33.08094,8148.89,355.19,2.32,2.01,-18.1,-0.38,19.57,20.88,01a58970o0646o
58970.533274,23.456,7.5,2,11,o,0,1.12,282.18089,33.08094,8209.14,435.63,2.46,2.08,-16.0,-0.373,19.56,20.9,01a58970o0650o
58970.54344,-21.567,1.012,-9,9,o,0,1.26,282.18089,33.08094,8227.42,316.01,2.44,2.06,-16.1,-0.38,19.54,20.95,01a58970o0672o
58971.542186,-22.877,4.286,-3,11,c,0,0.61,282.18089,33.08094,2395.93,8189.86,2.41,2.4,86.9,-0.39,19.67,21.54,02a58971o0636c
58971.544031,-23.406,5.462,-2,9,c,0,1.42,282.18089,33.08094,2416.3,8228.97,2.41,2.36,-58.6,-0.399,19.7,21.53,02a58971o0640c
58971.547248,-22.055,1.956,-6,11,c,0,0.8,282.18089,33.08094,2358.23,8151.37,2.43,2.37,55.2,-0.393,19.66,21.54,02a58971o0647c
58971.552426,21.788,1.508,7,11,c,0,1.13,282.18089,33.08094,2342.55,8266.59,2.38,2.34,74.4,-0.402,19.73,21.54,02a58971o0657c
58973.390436,24.146,28.75,1,23,o,0,0.68,282.18089,33.08094,8189.87,415.21,2.14,1.96,-73.3,-0.391,18.78,19.13,01a58973o0286o
58973.393713,-21.379,2.283,-10,23,o,0,1.08,282.18089,33.08094,8168.92,376.94,2.12,1.91,-59.0,-0.396,18.85,19.18,01a58973o0293o
58973.416983,21.121,1.115,13,14,o,0,1.63,282.18089,33.08094,8225.16,449.5,2.3,1.94,-25.7,-0.368,18.95,19.42,01a58973o0339o
58973.43216,23.353,9.316,2,15,o,0,1.09,282.18089,33.08094,8241.36,330.34,2.04,1.87,-52.9,-0.401,19.12,19.55,01a58973o0370o
58973.511412,24.127,22.615,1,18,o,0,1.21,282.18089,33.08094,4663.47,10518.36,1.72,1.65,-41.1,-0.404,19.4,19.98,01a58973o0537o
58974.53173,21.039,1.167,14,16,o,0,0.88,282.18089,33.08094,8170.88,398.85,2.18,1.98,-30.1,-0.387,19.17,19.72,01a58974o0658o
58974.53544,-20.207,0.531,-30,16,o,0,0.82,282.18089,33.08094,8147.89,357.31,2.08,1.89,-37.2,-0.397,19.22,19.74,01a58974o0666o
58974.541958,-20.562,0.767,-22,17,o,0,0.89,282.18089,33.08094,8208.6,439.09,2.24,2.01,-25.4,-0.377,19.17,19.74,01a58974o0680o
58974.554898,20.535,0.717,22,16,o,0,1.02,282.18089,33.08094,8224.83,318.01,2.52,2.08,-13.7,-0.352,19.09,19.79,01a58974o0708o
58975.481093,-21.391,2.806,-10,28,o,0,0.96,282.18089,33.08094,2395.07,8191.55,2.06,1.98,-51.8,-0.423,18.8,19.25,02a58975o0523o
58975.484753,-20.901,1.701,-16,27,o,0,1.04,282.18089,33.08094,2414.43,8231.31,2.04,1.93,-53.2,-0.434,18.87,19.26,02a58975o0531o
58975.493298,-22.744,9.679,-3,28,o,0,0.93,282.18089,33.08094,2349.3,8154.49,2.29,1.98,36.6,-0.392,18.81,19.3,02a58975o0546o
58975.51262,20.361,1.007,26,26,o,0,0.89,282.18089,33.08094,2333.19,8267.14,2.04,1.91,-46.6,-0.449,18.94,19.36,02a58975o0587o
58979.556966,-20.709,0.885,-19,17,o,0,0.64,282.18089,33.08094,151.75,4264.26,2.29,1.83,-57.0,-0.396,19.07,19.63,02a58979o0583o
58979.582856,19.659,0.358,50,18,o,0,1.06,282.18089,33.08094,172.09,4309.2,2.39,1.89,-53.8,-0.392,19.05,19.66,02a58979o0636o
58979.586058,20.555,0.765,22,17,o,0,0.85,282.18089,33.08094,114.13,4227.46,2.39,1.87,-53.1,-0.382,19.07,19.69,02a58979o0643o
58979.611915,22.899,7.947,2,20,o,0,1.41,282.18089,33.08094,10481.83,6231.83,2.64,2.02,-59.6,-0.446,19.03,19.61,02a58979o0696o
58981.463472,-21.546,1.748,-9,15,o,0,0.8,282.18089,33.08094,2842.19,8183.19,1.96,1.84,-58.8,-0.428,19.28,20.0,01a58981o0397o
58981.466267,21.281,1.21,11,14,o,0,1.07,282.18089,33.08094,2823.74,8146.02,1.97,1.82,-66.8,-0.426,19.13,19.78,01a58981o0403o
58981.487843,23.266,10.389,2,19,o,0,1.4,282.18089,33.08094,2879.23,8221.13,1.97,1.81,-69.0,-0.429,18.81,19.21,01a58981o0446o
58981.492695,20.7,1.03,19,20,o,0,1.07,282.18089,33.08094,2899.49,8105.23,1.97,1.82,-69.1,-0.431,18.9,19.43,01a58981o0456o
58983.508748,21.629,1.932,8,16,o,0,0.64,282.18089,33.08094,10079.68,4263.63,2.36,1.88,-60.3,-0.449,19.5,20.56,02a58983o0546o
58983.511496,21.168,1.027,12,13,o,0,1.13,282.18089,33.08094,10099.43,4302.89,2.4,1.85,-57.8,-0.466,19.52,20.56,02a58983o0552o
58983.511954,21.11,1.043,13,14,o,0,0.79,282.18089,33.08094,142.21,4261.0,2.23,1.78,-56.4,-0.409,19.48,20.54,02a58983o0553o
58983.532265,21.869,1.803,6,12,o,0,0.85,282.18089,33.08094,161.27,4302.86,2.22,1.75,-57.3,-0.41,19.42,20.48,02a58983o0595o
58983.53477,21.57,1.864,8,16,o,0,0.6,282.18089,33.08094,10046.57,4231.83,2.32,1.83,-58.3,-0.458,19.55,20.54,02a58983o0600o
58983.535228,21.186,1.151,12,14,o,0,0.82,282.18089,33.08094,105.52,4223.35,2.28,1.79,-56.1,-0.409,19.51,20.48,02a58983o0601o
58983.553964,21.824,1.8,7,12,o,0,0.86,282.18089,33.08094,10029.24,4350.13,2.06,1.95,14.7,-0.441,19.5,20.6,02a58983o0638o
58983.554424,-16.985,0.012,-584,7,o,0,98.98,282.18089,33.08094,91.71,4338.54,2.35,1.76,-56.3,-0.412,19.49,20.54,02a58983o0639o
58985.488794,21.27,0.828,11,9,o,0,1.17,282.18089,33.08094,2617.51,4704.19,2.09,2.02,-77.2,-0.408,19.69,21.22,01a58985o0532o
58985.518348,23.399,5.895,2,9,o,0,0.93,282.18089,33.08094,2595.13,4669.14,1.98,1.91,83.6,-0.419,19.67,21.07,01a58985o0590o
58985.524393,-21.765,1.374,-7,10,o,0,0.69,282.18089,33.08094,2653.3,4746.75,1.89,1.88,67.9,-0.422,19.68,21.09,01a58985o0603o
58985.527629,21.338,0.917,11,10,o,0,1.08,282.18089,33.08094,2671.76,4630.6,1.91,1.9,-81.3,-0.415,19.74,21.07,01a58985o0610o
58987.555968,22.287,2.545,4,11,o,0,0.89,282.18089,33.08094,2257.77,2676.89,2.07,2.03,50.4,-0.438,19.65,20.97,02a58987o0678o
58987.591164,21.635,1.506,8,12,o,0,0.74,282.18089,33.08094,2232.64,2637.19,2.1,2.08,57.9,-0.432,19.58,20.9,02a58987o0751o
58987.598382,21.905,1.859,6,12,o,0,0.86,282.18089,33.08094,2294.75,2715.43,2.03,1.99,55.2,-0.442,19.62,20.89,02a58987o0765o
58987.602497,21.004,0.776,14,11,o,0,0.67,282.18089,33.08094,2314.09,2597.65,2.07,2.01,63.8,-0.447,19.57,20.86,02a58987o0774o
58989.483205,-25.858,66.5,0,11,o,0,0.7,282.18089,33.08094,2615.52,4702.09,2.02,1.86,-8.9,-0.415,19.71,21.04,01a58989o0522o
58989.489208,-21.363,0.977,-10,10,o,0,0.72,282.18089,33.08094,2595.05,4664.68,2.02,1.83,-9.9,-0.404,19.66,20.98,01a58989o0534o
58989.514678,-21.232,0.872,-12,10,o,0,0.77,282.18089,33.08094,2651.22,4745.55,1.97,1.83,-10.2,-0.41,19.68,20.89,01a58989o0586o
58989.527949,21.943,1.543,6,9,o,0,0.7,282.18089,33.08094,2669.81,4629.36,1.91,1.79,-6.4,-0.414,19.7,20.86,01a58989o0612o
58991.559396,20.81,0.443,17,8,c,0,0.9,282.18089,33.08094,2247.8,2675.98,2.35,2.24,-69.1,-0.414,19.81,21.84,02a58991o0194c
58991.56353,26.218,70.0,0,8,c,0,0.8,282.18089,33.08094,2226.0,2637.77,2.37,2.28,-63.7,-0.413,19.84,21.85,02a58991o0203c
58991.584218,20.844,0.461,17,8,c,0,1.16,282.18089,33.08094,2287.36,2711.07,2.5,2.41,-67.0,-0.4,19.76,21.88,02a58991o0245c
58991.590193,-24.988,21.0,0,8,c,0,0.93,282.18089,33.08094,2307.85,2597.03,2.45,2.27,-62.5,-0.413,19.77,21.89,02a58991o0258c
58993.547392,-20.865,6.269,-16,103,o,0,0.86,282.18089,33.08094,7801.52,3902.44,2.04,1.98,-81.8,-0.407,17.55,18.61,01a58993o0605o
58993.557217,22.022,6.667,6,38,o,0,0.77,282.18089,33.08094,7823.73,3939.54,1.94,1.91,-77.6,-0.41,18.67,19.8,01a58993o0626o
58993.561139,-20.278,0.835,-28,24,o,0,1.41,282.18089,33.08094,7766.67,3863.59,1.87,1.82,-36.5,-0.408,18.42,19.5,01a58993o0634o
58993.588896,-21.235,2.4,-12,28,o,0,1.29,282.18089,33.08094,7758.93,3977.28,2.03,1.98,-59.4,-0.401,18.46,19.7,01a58993o0692o
58995.547084,22.748,8.75,3,25,c,0,1.13,282.18089,33.08094,6858.25,8467.23,2.61,2.52,53.2,-0.4,18.57,20.24,02a58995o0654c
58995.550265,18.564,0.519,136,71,c,0,1.39,282.18089,33.08094,6839.7,8429.22,2.62,2.55,36.1,-0.4,17.42,18.92,02a58995o0660c
58995.5855,-17.731,0.413,-294,121,c,0,1.28,282.18089,33.08094,6888.84,8506.07,2.58,2.53,-82.5,-0.408,17.0,18.47,02a58995o0732c
58995.59131,21.123,2.938,13,38,c,0,1.2,282.18089,33.08094,6912.43,8391.36,2.56,2.53,64.9,-0.403,18.29,20.13,02a58995o0742c
58997.479963,17.082,1.323,534,706,o,0,1.17,282.18089,33.08094,2717.27,6635.47,2.19,1.9,-8.4,-0.379,15.9,17.11,01a58997o0504o
58997.482726,22.724,4.346,3,13,o,0,0.68,282.18089,33.08094,2697.58,6596.93,2.13,1.87,-9.9,-0.381,19.3,20.68,01a58997o0510o
58997.507883,21.854,1.857,7,12,o,0,0.94,282.18089,33.08094,2755.31,6679.42,2.12,1.87,-12.2,-0.39,19.5,20.9,01a58997o0561o
58997.525559,21.673,1.409,8,11,o,0,0.59,282.18089,33.08094,2771.79,6564.67,2.09,1.86,-8.2,-0.39,19.68,21.11,01a58997o0598o
58999.476868,-22.584,2.2,-3,7,c,0,1.22,282.18089,33.08094,3709.88,2103.56,2.54,2.47,54.7,-0.398,19.7,21.71,02a58999o0484c
58999.479156,26.113,67.0,0,9,c,0,1.09,282.18089,33.08094,3728.73,2142.31,2.51,2.41,54.4,-0.402,19.71,21.71,02a58999o0489c
58999.49725,21.626,1.101,8,9,c,0,0.89,282.18089,33.08094,3676.3,2065.03,2.38,2.31,64.7,-0.406,19.75,21.71,02a58999o0527c
58999.516151,-22.805,2.957,-3,8,c,0,0.94,282.18089,33.08094,3663.08,2187.11,2.41,2.33,55.4,-0.401,19.77,21.76,02a58999o0566c
59001.483244,-24.633,23.333,0,12,o,0,0.74,282.18089,33.08094,10377.4,2786.61,2.02,1.95,-61.0,-0.391,19.57,20.5,01a59001o0456o
59001.483706,21.029,0.868,14,12,o,0,0.87,282.18089,33.08094,257.38,2823.31,1.83,1.74,12.0,-0.4,19.55,20.53,01a59001o0457o
59001.485087,21.133,0.812,13,10,o,0,1.05,282.18089,33.08094,10357.35,2746.11,2.04,1.96,-73.5,-0.389,19.58,20.51,01a59001o0460o
59001.486008,21.454,1.324,10,13,o,0,0.57,282.18089,33.08094,236.13,2784.17,1.78,1.7,10.3,-0.406,19.6,20.53,01a59001o0462o
59001.490951,22.598,3.327,3,11,o,0,1.18,282.18089,33.08094,295.63,2861.28,1.82,1.72,8.6,-0.405,19.6,20.53,01a59001o0472o
59001.491411,23.113,5.348,2,11,o,0,1.04,282.18089,33.08094,10415.62,2824.3,2.06,2.05,-49.1,-0.381,19.57,20.52,01a59001o0473o
59001.518083,20.176,0.365,31,11,o,0,1.08,282.18089,33.08094,10431.31,2707.84,2.18,2.06,-42.1,-0.382,19.62,20.76,01a59001o0528o
59001.52661,-23.96,11.091,-1,10,o,0,1.07,282.18089,33.08094,10229.88,7782.39,2.05,1.95,49.1,-0.404,19.72,21.08,01a59001o0544o
59002.581606,20.44,0.479,24,12,o,0,0.61,282.18089,33.08094,183.19,7801.3,2.42,2.14,-13.7,-0.397,19.28,20.96,01a59002o0746o
59002.584446,21.055,0.711,14,10,o,0,0.96,282.18089,33.08094,204.35,7842.22,1.93,1.71,-17.2,-0.418,19.57,20.95,01a59002o0752o
59002.586857,-22.681,4.708,-3,14,o,0,0.9,282.18089,33.08094,10304.42,7696.68,2.77,2.1,4.0,-0.457,19.33,20.93,01a59002o0757o
59002.60958,-23.334,7.158,-2,12,o,0,1.0,282.18089,33.08094,10327.93,7734.07,2.18,1.86,8.3,-0.41,19.46,20.44,01a59002o0805o
59002.61004,-24.518,22.875,-1,13,o,0,0.58,282.18089,33.08094,148.6,7758.33,1.85,1.73,-31.8,-0.42,19.47,20.43,01a59002o0806o
59002.612582,22.312,3.721,4,16,o,0,0.86,282.18089,33.08094,10267.42,7659.26,2.35,1.94,6.9,-0.423,19.15,19.99,01a59002o0811o
59002.616813,-20.836,1.295,-17,22,o,0,1.05,282.18089,33.08094,10250.61,7777.41,2.24,1.89,8.4,-0.405,18.77,19.01,01a59002o0819o
59003.484268,-20.394,0.586,-25,15,o,0,0.92,282.18089,33.08094,1803.64,2169.62,2.14,2.06,-70.0,-0.445,19.17,19.91,02a59003o0520o
59003.508954,23.182,7.421,2,14,o,0,0.99,282.18089,33.08094,1828.3,2210.6,2.08,2.03,-86.5,-0.448,19.17,19.92,02a59003o0569o
59003.510784,-20.782,0.873,-18,15,o,0,0.86,282.18089,33.08094,1771.02,2131.87,2.12,2.1,-77.4,-0.443,19.16,19.93,02a59003o0573o
59003.518565,-21.937,2.623,-6,16,o,0,1.11,282.18089,33.08094,1758.97,2251.67,2.07,2.02,37.2,-0.442,19.18,19.94,02a59003o0589o
59005.429884,-20.312,0.698,-27,19,o,0,0.68,282.18089,33.08094,260.09,2811.79,1.89,1.75,-10.9,-0.384,18.93,19.13,01a59005o0406o
59005.432652,20.446,0.78,24,19,o,0,1.02,282.18089,33.08094,239.01,2773.52,1.98,1.83,-11.5,-0.376,18.88,19.13,01a59005o0412o
59005.452938,-21.933,3.138,-6,19,o,0,0.77,282.18089,33.08094,298.08,2854.55,1.97,1.85,-4.4,-0.377,18.9,19.15,01a59005o0448o
59005.455703,22.933,9.061,2,22,o,0,0.8,282.18089,33.08094,315.37,2736.35,1.91,1.81,-2.0,-0.389,18.91,19.15,01a59005o0454o
59005.458008,23.286,11.55,2,20,o,0,0.76,282.18089,33.08094,10376.16,2782.05,2.07,2.03,-11.9,-0.364,18.96,19.16,01a59005o0459o
59005.459847,19.911,0.531,39,21,o,0,1.02,282.18089,33.08094,10355.64,2741.94,2.19,2.03,-5.6,-0.363,18.91,19.16,01a59005o0463o
59005.462624,-21.667,2.512,-8,20,o,0,0.95,282.18089,33.08094,10414.79,2821.51,2.15,2.04,-0.9,-0.358,18.92,19.17,01a59005o0469o
59005.467715,21.587,2.108,8,18,o,0,1.12,282.18089,33.08094,10434.47,2704.91,2.16,2.03,-10.1,-0.353,18.95,19.19,01a59005o0479o
59007.409997,-22.054,3.836,-6,21,o,0,0.78,282.18089,33.08094,1787.97,2167.5,2.3,1.82,43.0,-0.439,18.88,19.3,02a59007o0365o
59007.443129,-21.934,2.41,-6,15,o,0,1.76,282.18089,33.08094,1814.15,2207.36,2.12,1.93,-58.4,-0.458,18.98,19.42,02a59007o0431o
59007.462463,21.183,1.632,12,20,o,0,1.04,282.18089,33.08094,1763.37,2129.38,2.15,2.05,-70.7,-0.456,18.96,19.46,02a59007o0471o
59007.477893,22.251,4.477,5,20,o,0,0.68,282.18089,33.08094,1742.9,2248.03,2.14,2.02,-57.6,-0.445,18.96,19.48,02a59007o0496o
59009.500318,-22.043,7.107,-6,39,o,0,1.01,282.18089,33.08094,5544.06,2002.85,2.36,2.0,-8.0,-0.406,17.83,18.18,01a59009o0561o
59009.534512,-17.067,0.733,-541,396,o,0,0.95,282.18089,33.08094,5573.9,2037.31,2.28,1.96,-8.2,-0.422,16.5,17.17,01a59009o0630o
59009.539685,21.418,1.468,10,14,o,0,1.09,282.18089,33.08094,5517.95,1960.11,2.11,1.9,-13.9,-0.41,19.2,19.96,01a59009o0640o
59009.542909,19.362,2.503,65,164,o,0,1.05,282.18089,33.08094,5499.95,2077.16,2.27,1.97,-3.5,-0.434,17.05,17.41,01a59009o0647o
59013.516981,20.822,0.493,17,8,o,0,1.71,282.18089,33.08094,5554.35,2001.56,2.07,1.87,-9.9,-0.412,19.66,20.96,01a59013o0587o
59013.543037,21.478,1.047,9,10,o,0,0.82,282.18089,33.08094,5580.91,2037.83,2.1,1.91,-13.1,-0.41,19.62,20.86,01a59013o0638o
59013.549499,21.078,0.836,14,11,o,0,0.84,282.18089,33.08094,5525.17,1960.74,2.03,1.89,-17.1,-0.416,19.63,20.83,01a59013o0651o
59013.575552,20.809,0.667,17,12,o,0,0.63,282.18089,33.08094,5514.1,2075.69,2.14,1.91,-12.1,-0.417,19.57,20.75,01a59013o0703o
59015.458346,20.708,0.46,19,9,c,0,0.8,282.18089,33.08094,2094.37,4217.65,2.46,2.37,61.9,-0.414,19.77,21.85,02a59015o0468c
59015.462544,22.485,2.621,4,10,c,0,0.64,282.18089,33.08094,2113.11,4255.7,2.46,2.39,64.4,-0.409,19.76,21.87,02a59015o0477c
59015.482688,22.871,3.05,3,8,c,0,0.93,282.18089,33.08094,2061.65,4179.93,2.48,2.41,61.5,-0.41,19.81,21.88,02a59015o0519c
59015.487887,22.224,1.757,5,8,c,0,1.09,282.18089,33.08094,2041.69,4297.91,2.44,2.39,46.6,-0.413,19.77,21.89,02a59015o0530c
59017.45803,-21.329,0.92,-11,10,o,0,0.98,282.18089,33.08094,8441.92,4402.57,2.09,2.04,-9.0,-0.414,19.68,20.99,01a59017o0471o
59017.461261,-22.805,4.0,-3,11,o,0,0.85,282.18089,33.08094,8421.92,4364.27,2.13,2.01,0.9,-0.416,19.72,21.07,01a59017o0478o
59017.470934,22.166,1.815,5,9,o,0,1.08,282.18089,33.08094,8479.04,4441.9,2.09,2.05,-41.2,-0.42,19.74,21.11,01a59017o0499o
59017.482772,21.624,1.117,8,9,o,0,1.09,282.18089,33.08094,2029.14,6251.65,1.9,1.84,-49.4,-0.424,19.75,21.18,01a59017o0523o
59020.44668,-25.036,77.0,0,27,c,0,1.06,282.18089,33.08094,4410.52,10070.74,2.67,2.57,-77.4,-0.378,18.61,20.35,02a59020o0383c
59020.448517,19.715,0.918,47,43,c,0,0.93,282.18089,33.08094,4431.87,10110.2,2.62,2.55,-89.0,-0.38,18.53,20.25,02a59020o0387c
59020.451721,20.806,1.284,17,22,c,0,1.33,282.18089,33.08094,4372.52,10031.7,2.67,2.54,61.3,-0.371,18.97,20.74,02a59020o0394c
59020.457667,21.595,2.419,8,20,c,0,1.0,282.18089,33.08094,4352.76,10150.26,2.65,2.51,59.4,-0.375,18.92,20.72,02a59020o0407c
59021.441441,-21.18,1.007,-12,12,o,0,0.63,282.18089,33.08094,8443.1,4404.04,2.12,2.0,-8.7,-0.405,19.68,20.96,01a59021o0420o
59021.443286,21.252,0.793,12,9,o,0,0.83,282.18089,33.08094,8423.41,4365.03,2.08,1.96,0.6,-0.402,19.72,20.98,01a59021o0424o
59021.452335,24.234,13.875,1,10,o,0,0.81,282.18089,33.08094,8480.53,4442.16,2.18,2.03,2.7,-0.402,19.64,20.95,01a59021o0443o
59021.471742,23.549,6.0,1,8,o,0,1.01,282.18089,33.08094,2031.74,6249.21,1.94,1.83,-20.9,-0.405,19.65,20.95,01a59021o0481o
59023.376187,24.634,21.25,0,11,c,0,0.73,282.18089,33.08094,4403.42,10063.99,2.54,2.27,-47.2,-0.407,19.75,21.8,02a59023o0274c
59023.381395,22.124,2.237,5,12,c,0,0.96,282.18089,33.08094,4425.76,10102.23,2.62,2.34,-44.6,-0.409,19.74,21.81,02a59023o0284c
59023.403394,-22.469,3.462,-4,13,c,0,0.69,282.18089,33.08094,4365.44,10027.63,2.69,2.49,-54.0,-0.392,19.71,21.85,02a59023o0327c
59023.405315,-21.602,1.542,-8,13,c,0,0.81,282.18089,33.08094,4344.6,10145.4,2.67,2.43,-53.7,-0.402,19.72,21.86,02a59023o0331c
59025.448384,-21.765,1.605,-7,12,o,0,0.66,282.18089,33.08094,9591.72,2186.78,2.27,1.95,-76.7,-0.416,19.87,21.33,01a59025o0383o
59025.479395,-22.729,3.152,-3,9,o,0,0.83,282.18089,33.08094,9620.04,2221.38,2.24,1.87,-75.3,-0.42,19.9,21.35,01a59025o0446o
59025.492002,20.79,0.552,18,10,o,0,1.04,282.18089,33.08094,9563.37,2144.49,2.29,1.98,-78.7,-0.418,19.83,21.31,01a59025o0473o
59025.515747,21.52,1.319,9,12,o,0,0.89,282.18089,33.08094,9550.77,2261.09,2.68,2.26,-72.0,-0.393,19.68,21.29,01a59025o0519o
59027.462433,-21.636,1.063,-8,9,c,0,0.88,282.18089,33.08094,6496.27,4493.31,2.44,2.39,45.3,-0.408,19.81,21.98,02a59027o0451c
59027.490603,-22.713,2.304,-3,7,c,0,1.41,282.18089,33.08094,6473.48,4455.68,2.49,2.38,59.7,-0.405,19.81,21.95,02a59027o0507c
59027.519076,-21.68,1.21,-8,9,c,0,0.64,282.18089,33.08094,6529.72,4533.13,2.39,2.33,68.7,-0.415,19.78,21.88,02a59027o0566c
59027.522275,23.247,4.0,2,7,c,0,1.44,282.18089,33.08094,6553.78,4419.13,2.46,2.4,50.7,-0.405,19.76,21.87,02a59027o0572c
59029.441118,20.628,0.665,20,14,o,0,0.83,282.18089,33.08094,9591.04,2184.83,2.4,1.9,-78.5,-0.411,19.66,20.68,01a59029o0261o
59029.448448,-21.552,1.344,-9,12,o,0,0.77,282.18089,33.08094,9612.64,2221.72,2.34,1.95,-76.4,-0.415,19.68,20.7,01a59029o0276o
59029.45228,20.638,0.574,20,12,o,0,1.01,282.18089,33.08094,9555.81,2145.92,2.29,1.93,-72.4,-0.416,19.68,20.74,01a59029o0284o
59029.485291,-21.219,0.873,-12,10,o,0,0.85,282.18089,33.08094,9544.82,2260.15,2.26,1.82,-77.6,-0.423,19.8,21.08,01a59029o0352o
59031.466517,21.149,1.047,13,13,o,0,0.76,282.18089,33.08094,6492.94,4491.39,2.03,2.01,-87.2,-0.439,19.26,20.16,02a59031o0470o
59031.495778,21.253,1.213,11,14,o,0,1.17,282.18089,33.08094,6471.6,4455.05,2.4,2.28,50.2,-0.417,19.18,20.17,02a59031o0529o
59031.513029,-20.526,0.556,-22,12,o,0,1.12,282.18089,33.08094,6531.84,4533.23,2.44,2.23,46.0,-0.431,19.22,20.25,02a59031o0562o
59031.51945,-20.99,1.038,-15,15,o,0,0.98,282.18089,33.08094,6553.36,4417.17,2.55,2.29,43.1,-0.422,19.2,20.32,02a59031o0574o
59033.439131,21.823,2.051,7,14,o,0,1.23,282.18089,33.08094,5981.47,5959.94,2.29,1.9,-7.0,-0.368,19.15,19.71,01a59033o0428o
59033.44574,20.302,0.539,28,15,o,0,0.89,282.18089,33.08094,6001.84,5997.5,2.23,1.85,-2.8,-0.369,19.16,19.7,01a59033o0441o
59033.448976,20.642,0.696,20,14,o,0,1.14,282.18089,33.08094,5945.31,5920.8,2.18,1.86,-2.0,-0.372,19.18,19.7,01a59033o0448o
59033.463008,-20.725,0.908,-19,17,o,0,0.67,282.18089,33.08094,5930.86,6035.1,2.33,1.94,-8.8,-0.37,19.12,19.7,01a59033o0477o
59035.448635,-21.382,2.128,-10,22,o,0,1.03,282.18089,33.08094,4221.95,2561.61,2.03,1.87,32.2,-0.452,18.83,19.15,02a59035o0395o
59035.451853,-21.118,1.702,-13,22,o,0,0.93,282.18089,33.08094,4201.93,2523.55,1.98,1.9,30.3,-0.446,18.83,19.15,02a59035o0402o
59035.461051,19.85,0.495,42,21,o,0,1.0,282.18089,33.08094,4260.16,2602.2,2.01,1.93,41.0,-0.45,18.83,19.13,02a59035o0422o
59035.472831,21.419,1.716,10,17,o,0,1.11,282.18089,33.08094,4278.2,2485.07,1.99,1.98,5.6,-0.448,18.81,19.11,02a59035o0446o
59037.392025,-20.98,0.976,-15,14,o,0,0.58,282.18089,33.08094,4557.46,4591.83,1.88,1.84,0.4,-0.401,19.35,19.91,01a59037o0318o
59037.393869,22.572,3.551,3,12,o,0,1.11,282.18089,33.08094,4537.15,4553.21,1.88,1.8,2.8,-0.399,19.33,19.91,01a59037o0322o
59037.400452,20.553,0.574,22,12,o,0,1.08,282.18089,33.08094,4593.72,4631.62,1.92,1.83,-4.8,-0.395,19.33,19.9,01a59037o0336o
59037.405523,20.252,0.386,29,11,o,0,1.52,282.18089,33.08094,4612.25,4515.12,1.94,1.87,-4.8,-0.405,19.34,19.89,01a59037o0347o
59039.462801,21.121,1.01,13,13,o,0,1.26,282.18089,33.08094,4225.0,2563.04,2.36,2.3,58.0,-0.432,19.21,20.32,02a59039o0468o
59039.468388,-23.096,6.722,-2,14,o,0,1.03,282.18089,33.08094,4205.52,2523.77,2.26,2.14,45.4,-0.44,19.26,20.32,02a59039o0478o
59039.472026,21.651,1.608,8,13,o,0,0.93,282.18089,33.08094,4266.11,2601.62,2.16,2.06,42.7,-0.444,19.32,20.33,02a59039o0484o
59039.504463,23.059,6.13,2,13,o,0,1.0,282.18089,33.08094,4285.45,2482.15,2.09,1.85,40.2,-0.451,19.37,20.23,02a59039o0550o
59041.445684,21.505,0.963,9,9,o,0,1.19,282.18089,33.08094,6414.37,9932.78,2.09,1.99,-11.1,-0.387,19.56,20.75,01a59041o0439o
59041.453915,20.375,0.314,26,8,o,0,1.11,282.18089,33.08094,6436.86,9971.89,1.96,1.89,3.1,-0.379,19.61,20.76,01a59041o0456o
59041.465543,23.02,4.414,2,10,o,0,0.9,282.18089,33.08094,6377.36,9893.28,1.99,1.93,-21.2,-0.379,19.6,20.76,01a59041o0481o
59041.478097,21.147,0.858,13,11,o,0,0.92,282.18089,33.08094,6361.21,10010.61,1.92,1.83,-69.4,-0.389,19.62,20.72,01a59041o0507o
59042.439327,20.878,1.571,16,25,o,0,1.34,282.18089,33.08094,6416.49,9933.57,2.14,1.86,-1.2,-0.367,18.36,19.22,01a59042o0431o
59042.442557,23.582,17.375,1,23,o,0,1.19,282.18089,33.08094,6438.13,9972.66,2.05,1.84,-10.9,-0.378,18.56,19.41,01a59042o0438o
59042.449925,22.516,7.667,4,27,o,0,1.78,282.18089,33.08094,6378.2,9894.27,2.12,1.89,-14.3,-0.369,18.27,19.01,01a59042o0454o
59042.485194,-19.557,0.933,-55,51,o,0,0.88,282.18089,33.08094,6367.54,10010.68,2.2,1.97,6.4,-0.365,17.8,18.37,01a59042o0529o
59043.489507,21.269,1.14,11,13,o,0,1.22,282.18089,33.08094,6186.23,2462.52,2.19,2.16,-31.7,-0.415,19.42,20.67,02a59043o0467o
59043.492713,-20.763,0.599,-18,11,o,0,0.91,282.18089,33.08094,6166.41,2423.17,2.04,2.0,36.3,-0.432,19.52,20.68,02a59043o0474o
59043.499574,-21.366,1.312,-10,14,o,0,0.79,282.18089,33.08094,6226.84,2500.99,2.13,2.1,-26.6,-0.427,19.44,20.63,02a59043o0489o
59043.509567,-22.91,4.44,-2,11,o,0,0.81,282.18089,33.08094,6246.81,2384.83,2.03,2.02,-41.6,-0.433,19.47,20.63,02a59043o0510o
59045.421736,-21.9,3.548,-6,22,o,0,0.68,282.18089,33.08094,6411.38,9932.79,2.21,2.06,9.9,-0.376,18.73,20.11,01a59045o0394o
59045.427564,20.737,1.758,18,32,o,0,1.01,282.18089,33.08094,6432.01,9971.69,2.27,2.09,0.3,-0.378,17.73,19.09,01a59045o0406o
59045.443409,-19.172,1.676,-78,130,o,0,0.88,282.18089,33.08094,6374.9,9892.95,2.42,2.35,1.5,-0.387,17.03,18.48,01a59045o0439o
59045.455163,19.227,0.756,74,56,o,0,0.69,282.18089,33.08094,6360.54,10009.34,2.08,2.02,1.3,-0.385,17.86,19.19,01a59045o0464o
59046.407422,22.669,5.533,3,17,o,0,0.88,282.18089,33.08094,6410.28,9937.92,2.67,2.54,-2.6,-0.373,18.98,20.68,01a59046o0367o
59046.441168,20.983,1.549,15,23,o,0,0.96,282.18089,33.08094,6441.8,9971.07,2.81,2.54,-6.0,-0.371,18.59,20.25,01a59046o0439o
59046.444394,-19.911,1.23,-39,48,o,0,0.69,282.18089,33.08094,6380.92,9893.92,2.95,2.84,-8.4,-0.351,17.97,19.65,01a59046o0446o
59046.449919,21.235,2.471,12,29,o,0,1.25,282.18089,33.08094,6363.26,10012.41,2.7,2.6,-18.1,-0.369,18.35,19.98,01a59046o0458o
59047.433366,-21.172,0.638,-12,8,c,0,1.43,282.18089,33.08094,6190.88,2464.63,2.31,2.26,60.3,-0.401,19.77,21.75,02a59047o0301c
59047.437034,22.023,1.63,6,9,c,0,0.86,282.18089,33.08094,6171.06,2425.52,2.34,2.29,74.3,-0.4,19.7,21.7,02a59047o0309c
59047.454709,-20.813,0.536,-17,9,c,0,0.83,282.18089,33.08094,6227.53,2502.84,2.4,2.33,58.4,-0.399,19.69,21.67,02a59047o0346c
59047.460925,-22.877,3.0,-3,8,c,0,0.95,282.18089,33.08094,6246.4,2382.59,2.39,2.33,88.6,-0.399,19.73,21.68,02a59047o0359c
59050.390911,21.442,0.842,10,8,o,0,1.34,282.18089,33.08094,10431.53,9640.87,2.12,1.91,27.9,-0.414,19.92,21.57,01a59050o0332o
59050.39505,-21.536,1.115,-9,10,o,0,0.78,282.18089,33.08094,10453.98,9679.99,2.13,1.91,28.2,-0.416,19.89,21.56,01a59050o0341o
59050.401048,-21.342,0.935,-10,10,o,0,0.79,282.18089,33.08094,10393.22,9601.96,2.12,1.95,29.1,-0.409,19.88,21.52,01a59050o0354o
59050.404751,21.627,0.976,8,8,o,0,1.06,282.18089,33.08094,282.29,9754.63,1.83,1.59,-64.2,-0.471,19.85,21.46,01a59050o0362o
59050.407536,23.364,5.84,2,10,o,0,0.87,282.18089,33.08094,303.2,9794.27,1.84,1.59,-66.1,-0.477,19.87,21.43,01a59050o0368o
59050.411223,21.649,1.14,8,9,o,0,0.84,282.18089,33.08094,10378.96,9720.1,2.1,1.94,30.1,-0.415,19.84,21.49,01a59050o0376o
59050.413063,21.315,0.879,11,10,o,0,0.97,282.18089,33.08094,244.31,9714.74,1.83,1.61,-64.6,-0.472,19.85,21.45,01a59050o0380o
59050.448515,21.154,0.579,12,7,o,0,1.46,282.18089,33.08094,231.89,9829.95,1.88,1.68,-63.1,-0.475,19.79,21.51,01a59050o0456o
59051.410857,-23.237,4.533,-2,8,c,0,0.83,282.18089,33.08094,4629.24,6526.15,2.4,2.35,35.4,-0.408,19.75,21.88,02a59051o0366c
59051.422468,-20.604,0.324,-21,7,c,0,1.37,282.18089,33.08094,4609.7,6485.42,2.35,2.27,52.9,-0.411,19.8,21.9,02a59051o0390c
59051.425667,22.283,2.079,4,9,c,0,1.03,282.18089,33.08094,4667.25,6565.37,2.34,2.28,41.9,-0.411,19.79,21.9,02a59051o0397c
59051.442014,23.081,3.667,2,8,c,0,1.24,282.18089,33.08094,4686.08,6450.56,2.34,2.31,-83.1,-0.41,19.75,21.89,02a59051o0431c
59053.397826,22.052,1.71,6,9,o,0,1.07,282.18089,33.08094,10427.96,9637.45,2.16,1.78,77.4,-0.403,19.94,21.4,01a59053o0229o
59053.400131,21.795,1.464,7,10,o,0,0.92,282.18089,33.08094,275.32,9752.68,1.84,1.52,-77.2,-0.479,19.91,21.4,01a59053o0234o
59053.401051,21.401,1.024,10,10,o,0,0.79,282.18089,33.08094,10451.03,9676.36,2.14,1.81,73.0,-0.401,19.96,21.43,01a59053o0236o
59053.403397,-21.427,1.033,-10,10,o,0,0.9,282.18089,33.08094,296.77,9791.95,1.85,1.54,-74.8,-0.485,19.91,21.4,01a59053o0241o
59053.428072,22.85,3.367,3,9,o,0,0.94,282.18089,33.08094,10394.06,9597.86,2.22,1.89,79.9,-0.405,19.86,21.45,01a59053o0289o
59053.429,-21.758,1.394,-7,10,o,0,1.01,282.18089,33.08094,242.58,9711.59,1.93,1.58,-71.7,-0.478,19.91,21.44,01a59053o0291o
59053.446391,-21.61,1.009,-8,8,o,0,0.8,282.18089,33.08094,10378.47,9716.33,2.13,1.73,83.6,-0.417,19.91,21.31,01a59053o0325o
59053.44688,23.883,9.467,1,10,o,0,0.78,282.18089,33.08094,227.59,9827.23,1.91,1.57,-75.6,-0.479,19.84,21.3,01a59053o0326o
59054.384864,-21.759,1.113,-7,8,o,0,1.25,282.18089,33.08094,10432.19,9639.49,2.19,2.01,51.2,-0.399,19.8,21.31,01a59054o0321o
59054.387217,-21.603,1.168,-8,10,o,0,0.75,282.18089,33.08094,277.66,9754.1,2.02,1.88,-53.7,-0.451,19.68,21.26,01a59054o0326o
59054.387677,-21.611,1.136,-8,9,o,0,1.21,282.18089,33.08094,10453.43,9678.18,2.23,2.06,53.0,-0.399,19.8,21.29,01a59054o0327o
59054.390474,-23.433,7.571,-2,12,o,0,0.58,282.18089,33.08094,299.21,9793.5,1.94,1.7,-70.7,-0.466,19.78,21.25,01a59054o0333o
59054.392778,20.89,0.633,16,10,o,0,0.98,282.18089,33.08094,10391.46,9600.8,2.3,2.17,42.3,-0.389,19.72,21.26,01a59054o0338o
59054.398307,-21.568,0.967,-9,8,o,0,1.18,282.18089,33.08094,240.57,9714.03,1.92,1.64,-69.2,-0.47,19.79,21.22,01a59054o0350o
59054.427959,22.615,3.68,3,12,o,0,1.05,282.18089,33.08094,10379.68,9715.44,2.67,2.44,32.0,-0.386,19.51,21.08,01a59054o0413o
59054.43119,-22.125,2.763,-5,14,o,0,0.69,282.18089,33.08094,228.58,9828.58,2.71,2.37,-58.9,-0.435,19.4,21.07,01a59054o0420o
59059.438193,22.346,3.212,4,13,o,0,1.0,282.18089,33.08094,2167.04,729.71,2.77,1.95,-88.1,-0.434,19.26,20.45,02a59059o0433o
59059.441396,-20.747,0.54,-18,10,o,0,1.53,282.18089,33.08094,2146.99,692.23,2.04,1.93,-74.9,-0.463,19.45,20.46,02a59059o0440o
59059.446942,-22.299,2.277,-4,10,o,0,1.13,282.18089,33.08094,2208.28,769.88,2.0,1.89,-78.6,-0.461,19.42,20.48,02a59059o0452o
59059.461191,21.002,0.732,14,11,o,0,1.05,282.18089,33.08094,2228.85,648.29,2.04,1.95,-72.9,-0.453,19.46,20.57,02a59059o0481o
59060.369735,-21.27,1.316,-11,15,o,0,1.18,282.18089,33.08094,2159.69,733.06,2.32,2.06,-55.5,-0.441,19.27,20.13,02a59060o0285o
59060.372947,22.178,3.149,5,15,o,0,0.75,282.18089,33.08094,2139.6,694.21,2.18,1.97,-60.4,-0.446,19.28,20.13,02a59060o0292o
59060.378449,-21.423,1.655,-10,16,o,0,0.88,282.18089,33.08094,2200.52,772.07,2.27,2.07,-57.1,-0.433,19.23,20.12,02a59060o0304o
59060.389587,-21.428,1.3,-10,13,o,0,1.21,282.18089,33.08094,2221.19,653.81,2.23,2.04,-66.5,-0.429,19.25,20.12,02a59060o0328o
59061.361695,-21.812,2.215,-7,15,o,0,0.58,282.18089,33.08094,3958.05,4136.02,1.79,1.71,-21.9,-0.418,19.45,20.06,01a59061o0237o
59061.364931,-21.042,0.741,-14,10,o,0,1.06,282.18089,33.08094,3978.69,4173.93,1.77,1.74,-6.7,-0.419,19.45,20.06,01a59061o0244o
59061.371547,-21.125,1.0,-13,13,o,0,0.87,282.18089,33.08094,3921.81,4096.41,1.85,1.78,-9.8,-0.417,19.39,20.07,01a59061o0258o
59061.406824,22.41,3.276,4,13,o,0,0.89,282.18089,33.08094,3915.91,4211.78,1.87,1.76,-14.8,-0.407,19.36,20.01,01a59061o0333o
59063.350972,18.472,0.746,148,111,o,0,0.88,282.18089,33.08094,2174.61,739.15,2.23,1.98,-59.5,-0.461,17.24,17.39,02a59063o0241o
59063.357576,-18.429,1.881,-154,290,o,0,1.39,282.18089,33.08094,2153.36,700.16,2.1,1.96,-68.5,-0.471,16.14,15.81,02a59063o0253o
59063.398807,-21.142,4.18,-13,53,o,0,0.97,282.18089,33.08094,2221.19,655.05,2.24,2.09,-70.1,-0.428,17.96,18.51,02a59063o0337o
59064.36409,-22.653,4.97,-3,16,o,0,2.44,282.18089,33.08094,2194.35,734.91,2.1,1.87,-64.0,-0.448,18.9,19.31,02a59064o0274o
59064.367307,-23.091,9.455,-2,20,o,0,1.15,282.18089,33.08094,2172.2,695.51,2.1,1.88,-62.5,-0.448,18.94,19.3,02a59064o0281o
59064.373307,-20.339,0.794,-27,21,o,0,1.16,282.18089,33.08094,2233.15,772.91,2.11,1.96,-62.1,-0.444,18.87,19.29,02a59064o0294o
59064.383422,20.189,0.579,30,18,o,0,1.22,282.18089,33.08094,2259.31,656.15,2.04,1.82,-68.0,-0.462,18.92,19.26,02a59064o0316o
59065.390202,21.046,1.23,14,17,o,0,1.2,282.18089,33.08094,2401.18,8198.03,2.31,2.15,-13.2,-0.405,18.92,19.59,01a59065o0313o
59065.394344,-20.691,0.83,-19,16,o,0,1.11,282.18089,33.08094,2423.24,8236.88,2.13,1.97,-27.2,-0.391,18.99,19.58,01a59065o0322o
59065.400813,-22.419,4.333,-4,17,o,0,0.99,282.18089,33.08094,2364.52,8159.07,2.1,1.9,-22.8,-0.395,19.03,19.56,01a59065o0336o
59065.418459,-19.731,0.377,-46,18,o,0,0.58,282.18089,33.08094,2347.91,8274.24,2.03,1.92,-37.6,-0.401,19.0,19.5,01a59065o0373o
59069.351055,-22.953,4.233,-2,10,o,0,0.72,282.18089,33.08094,2388.19,8200.35,2.02,1.92,-23.0,-0.392,19.63,20.92,01a59069o0253o
59069.361243,-20.878,0.731,-16,12,o,0,0.88,282.18089,33.08094,2411.46,8239.71,2.3,2.2,-28.3,-0.388,19.48,20.82,01a59069o0275o
59069.36782,-22.433,2.848,-4,11,o,0,0.72,282.18089,33.08094,2352.25,8160.52,2.07,1.97,-38.0,-0.394,19.55,20.79,01a59069o0288o
59069.370604,21.639,1.287,8,10,o,0,1.03,282.18089,33.08094,2333.97,8276.95,1.9,1.78,-30.6,-0.397,19.58,20.78,01a59069o0294o
59071.337979,22.91,2.762,2,7,c,0,1.21,282.18089,33.08094,482.83,4375.1,2.45,2.26,-53.4,-0.395,19.81,21.96,02a59071o0224c
59071.341201,22.1,1.489,5,8,c,0,1.01,282.18089,33.08094,462.33,4336.12,2.42,2.25,-51.2,-0.395,19.79,21.96,02a59071o0231c
59071.361587,-20.702,0.414,-19,8,c,0,0.69,282.18089,33.08094,520.45,4414.63,2.42,2.22,-57.4,-0.411,19.8,21.98,02a59071o0273c
59071.380089,21.912,1.309,6,8,c,0,0.82,282.18089,33.08094,539.21,4297.02,2.36,2.2,-56.9,-0.41,19.79,21.74,02a59071o0309c
59071.386158,21.74,1.379,7,10,o,0,1.13,282.18089,33.08094,10415.29,4381.24,2.33,1.94,-52.5,-0.451,19.61,21.1,02a59071o0315o
59071.389376,-24.523,16.2,-1,9,o,0,1.39,282.18089,33.08094,10396.06,4342.44,2.38,1.94,-53.2,-0.449,19.59,21.04,02a59071o0322o
59071.408291,21.752,1.484,7,11,o,0,1.76,282.18089,33.08094,10455.43,4423.04,2.44,1.94,-55.3,-0.451,19.58,20.82,02a59071o0363o
59071.414055,-22.07,2.667,-5,14,o,0,0.88,282.18089,33.08094,10474.25,4305.58,2.34,1.98,-56.5,-0.442,19.55,20.8,02a59071o0375o
59072.329954,20.487,0.362,23,8,c,0,0.82,282.18089,33.08094,479.26,4376.84,2.45,2.21,-49.4,-0.392,19.79,21.86,02a59072o0219c
59072.333162,21.31,0.785,11,8,c,0,0.71,282.18089,33.08094,459.86,4338.1,2.42,2.26,-50.7,-0.389,19.77,21.84,02a59072o0226c
59072.339604,22.138,1.721,5,9,c,0,0.79,282.18089,33.08094,517.48,4413.32,2.42,2.24,-50.6,-0.403,19.79,21.83,02a59072o0240c
59072.343726,21.632,1.339,8,11,c,0,0.81,282.18089,33.08094,10415.29,4380.01,2.65,2.36,-59.5,-0.416,19.74,21.79,02a59072o0249c
59072.346972,22.005,1.419,6,8,c,0,1.03,282.18089,33.08094,10395.61,4340.85,2.61,2.32,-60.6,-0.423,19.75,21.78,02a59072o0256c
59072.350665,21.281,0.809,11,9,c,0,0.79,282.18089,33.08094,536.59,4295.8,2.46,2.23,-52.2,-0.401,19.77,21.8,02a59072o0264c
59072.352494,21.749,1.296,7,9,c,0,0.99,282.18089,33.08094,10454.3,4420.23,2.62,2.32,-62.1,-0.425,19.76,21.77,02a59072o0268c
59072.365358,-20.665,0.549,-20,11,c,0,0.83,282.18089,33.08094,10475.88,4305.75,2.67,2.34,-61.0,-0.426,19.76,21.77,02a59072o0296c
59073.388194,23.489,9.2,2,13,o,0,0.48,282.18089,33.08094,10041.99,4192.34,2.27,2.07,-12.0,-0.398,19.73,21.28,01a59073o0348o
59073.406211,21.351,1.047,10,11,o,0,0.67,282.18089,33.08094,10064.19,4231.45,2.24,2.1,-11.6,-0.401,19.77,21.24,01a59073o0386o
59073.409023,-21.073,0.641,-14,9,o,0,1.3,282.18089,33.08094,110.78,4283.24,1.98,1.93,84.6,-0.406,19.72,21.25,01a59073o0392o
59073.409498,-21.846,1.397,-7,9,o,0,0.94,282.18089,33.08094,10005.36,4156.35,2.32,2.18,-27.0,-0.396,19.72,21.22,01a59073o0393o
59073.424509,21.83,1.838,7,12,o,0,0.69,282.18089,33.08094,9986.91,4275.68,2.24,2.13,-22.2,-0.393,19.72,21.13,01a59073o0424o
59073.425432,21.863,1.407,6,9,o,0,0.67,282.18089,33.08094,132.55,4322.75,1.93,1.89,-16.4,-0.402,19.7,21.14,01a59073o0426o
59073.437405,25.153,36.5,0,12,o,0,1.08,282.18089,33.08094,72.15,4243.42,2.0,1.87,86.3,-0.41,19.7,21.03,01a59073o0450o
59073.452269,20.854,0.832,16,14,o,0,0.95,282.18089,33.08094,56.36,4359.74,1.92,1.87,-29.9,-0.4,19.61,20.85,01a59073o0480o
59076.356004,23.242,5.0,2,9,c,0,1.23,282.18089,33.08094,8170.21,432.26,2.53,2.09,-55.4,-0.405,19.77,21.81,02a59076o0229c
59076.359706,23.01,4.833,2,11,c,0,0.82,282.18089,33.08094,8153.68,394.77,2.56,2.16,-54.8,-0.405,19.69,21.73,02a59076o0237c
59076.366599,-23.971,13.125,-1,12,c,0,0.82,282.18089,33.08094,8212.74,473.48,2.52,2.14,-55.3,-0.408,19.77,21.81,02a59076o0252c
59076.376741,22.932,4.429,2,11,c,0,1.21,282.18089,33.08094,8234.76,355.91,2.51,2.13,-57.2,-0.406,19.74,21.78,02a59076o0274c
59077.376963,21.129,0.938,13,12,o,0,0.58,282.18089,33.08094,10040.54,4191.36,2.01,1.87,-74.2,-0.423,19.92,21.15,01a59077o0299o
59077.386773,-22.582,3.436,-3,12,o,0,0.61,282.18089,33.08094,10062.61,4230.18,2.08,1.96,-56.3,-0.417,19.84,21.15,01a59077o0320o
59077.387734,21.408,0.911,10,9,o,0,1.03,282.18089,33.08094,107.16,4283.27,1.77,1.67,87.3,-0.423,19.8,21.14,01a59077o0322o
59077.404037,-21.454,0.983,-10,9,o,0,0.99,282.18089,33.08094,10005.33,4158.07,2.03,1.93,-44.0,-0.414,19.87,21.16,01a59077o0356o
59077.4045,21.26,0.777,11,9,o,0,0.82,282.18089,33.08094,130.42,4322.85,1.69,1.66,-71.2,-0.407,19.84,21.18,01a59077o0357o
59077.419793,20.828,0.75,17,13,o,0,0.44,282.18089,33.08094,9988.1,4279.56,2.06,1.95,-29.7,-0.409,19.81,21.14,01a59077o0389o
59077.420252,21.985,2.516,6,15,o,0,0.63,282.18089,33.08094,73.17,4245.23,1.77,1.71,85.1,-0.411,19.82,21.18,01a59077o0390o
59077.430697,-20.924,0.936,-16,14,o,0,0.68,282.18089,33.08094,53.62,4359.37,1.79,1.73,-85.3,-0.417,19.84,21.2,01a59077o0411o
59079.317663,-21.804,1.375,-7,10,c,0,1.2,282.18089,33.08094,8181.13,439.79,2.4,2.08,-57.2,-0.408,19.82,21.84,02a59079o0190c
59079.321848,21.874,1.583,6,10,c,0,0.89,282.18089,33.08094,8161.08,400.56,2.42,2.06,-54.8,-0.407,19.81,21.85,02a59079o0199c
59079.328216,-21.636,1.351,-8,11,c,0,1.13,282.18089,33.08094,8222.88,482.25,2.42,2.07,-54.3,-0.415,19.79,21.85,02a59079o0212c
59079.338753,22.431,2.794,4,11,c,0,0.84,282.18089,33.08094,8244.17,363.07,2.5,2.1,-54.7,-0.412,19.79,21.87,02a59079o0234c
59080.333956,21.177,0.838,12,10,c,0,1.02,282.18089,33.08094,8176.63,435.75,2.5,2.15,-58.3,-0.41,19.76,21.88,02a59080o0229c
59080.33763,-21.204,0.962,-12,12,c,0,0.75,282.18089,33.08094,8156.95,395.71,2.49,2.1,-58.8,-0.414,19.75,21.88,02a59080o0237c
59080.343121,20.603,0.607,21,13,c,0,0.71,282.18089,33.08094,8215.83,474.65,2.55,2.17,-56.7,-0.406,19.76,21.88,02a59080o0249c
59080.353646,22.158,2.429,5,12,c,0,1.07,282.18089,33.08094,8235.72,356.91,2.53,2.14,-55.1,-0.41,19.76,21.89,02a59080o0272c
59083.318779,21.816,1.259,7,9,c,0,1.25,282.18089,33.08094,2832.42,8203.96,2.48,2.36,-52.2,-0.402,19.77,21.89,02a59083o0180c
59083.321979,21.325,1.011,11,11,c,0,0.57,282.18089,33.08094,2813.82,8166.35,2.37,2.25,-55.3,-0.412,19.78,21.89,02a59083o0187c
59083.328556,-22.58,3.28,-3,11,c,0,0.99,282.18089,33.08094,2869.31,8242.68,2.59,2.41,-51.5,-0.401,19.72,21.89,02a59083o0201c
59083.339356,21.457,1.2,10,11,c,0,0.71,282.18089,33.08094,2889.83,8126.69,2.66,2.54,-51.6,-0.394,19.68,21.88,02a59083o0224c
59085.304358,20.924,0.728,16,11,o,0,1.0,282.18089,33.08094,8297.74,7840.37,2.35,2.27,35.4,-0.384,19.45,20.69,01a59085o0176o
59085.308048,-23.8,12.0,-1,13,o,0,0.71,282.18089,33.08094,8319.28,7878.14,2.59,2.53,23.1,-0.371,19.31,20.71,01a59085o0184o
59085.317365,-20.755,0.738,-18,13,o,0,1.02,282.18089,33.08094,8260.94,7801.07,2.63,2.61,6.7,-0.373,19.33,20.77,01a59085o0203o
59085.332232,20.971,0.935,15,14,o,0,1.0,282.18089,33.08094,8245.92,7917.52,2.81,2.77,27.3,-0.369,19.32,20.85,01a59085o0234o
59087.317618,-21.485,1.727,-9,16,o,0,0.7,282.18089,33.08094,2832.58,8201.7,2.39,2.09,-53.6,-0.437,19.41,20.65,02a59087o0201o
59087.320443,21.503,1.476,9,13,o,0,0.86,282.18089,33.08094,2814.87,8163.35,2.31,1.95,-51.5,-0.432,19.43,20.66,02a59087o0207o
59087.325693,22.205,2.686,5,13,o,0,1.26,282.18089,33.08094,2871.24,8240.05,2.6,2.22,-51.7,-0.414,19.34,20.66,02a59087o0218o
59087.349626,-21.407,1.368,-10,14,o,0,0.92,282.18089,33.08094,2889.76,8122.73,2.49,2.22,-51.3,-0.419,19.36,20.68,02a59087o0268o
59089.352041,-21.675,1.485,-8,12,o,0,0.97,282.18089,33.08094,3654.87,2091.77,2.07,1.81,-8.7,-0.409,19.42,20.3,01a59089o0287o
59089.361868,21.279,1.165,11,13,o,0,0.71,282.18089,33.08094,3677.27,2130.04,2.12,1.9,-9.3,-0.405,19.42,20.28,01a59089o0308o
59089.365605,-21.602,1.361,-8,11,o,0,0.95,282.18089,33.08094,3619.51,2052.56,2.16,1.92,-11.8,-0.4,19.38,20.27,01a59089o0316o
59089.38314,-22.147,3.094,-5,16,o,0,0.66,282.18089,33.08094,3603.71,2168.38,2.3,2.0,-9.1,-0.391,19.28,20.18,01a59089o0353o
59093.309623,20.844,1.163,17,19,o,0,0.52,282.18089,33.08094,3644.78,2094.93,1.95,1.85,-10.0,-0.416,19.14,19.64,01a59093o0198o
59093.319031,-21.252,1.265,-12,14,o,0,1.18,282.18089,33.08094,3665.89,2132.44,1.97,1.88,-7.0,-0.422,19.12,19.6,01a59093o0217o
59093.344645,-21.648,1.656,-8,13,o,0,1.62,282.18089,33.08094,3613.74,2053.53,2.04,1.96,-13.1,-0.407,19.07,19.55,01a59093o0271o
59093.351135,20.24,0.538,29,16,o,0,1.22,282.18089,33.08094,3597.05,2170.03,2.0,1.91,-17.3,-0.413,19.04,19.53,01a59093o0284o
59095.302485,23.688,13.0,1,16,o,0,0.9,282.18089,33.08094,2619.14,4718.9,2.03,2.0,-19.1,-0.465,19.14,19.83,02a59095o0179o
59095.305522,22.467,3.806,4,14,o,0,1.4,282.18089,33.08094,2599.43,4680.16,2.06,2.02,-41.7,-0.466,19.15,19.83,02a59095o0185o
59095.329198,20.155,0.472,32,15,o,0,1.17,282.18089,33.08094,2656.62,4750.36,2.1,1.96,34.5,-0.461,19.11,19.78,02a59095o0234o
59095.340484,-22.109,2.875,-5,15,o,0,1.31,282.18089,33.08094,2677.28,4638.42,1.94,1.91,-39.6,-0.462,19.14,19.73,02a59095o0258o
59097.409348,20.116,1.1,33,36,o,0,0.66,282.18089,33.08094,1755.86,2173.56,1.98,1.89,19.8,-0.402,18.17,18.37,01a59097o0419o
59097.412584,-21.734,4.754,-7,35,o,0,1.19,282.18089,33.08094,1776.23,2213.19,2.09,1.98,7.1,-0.395,18.09,18.36,01a59097o0426o
59097.432871,21.119,3.34,13,43,o,0,1.42,282.18089,33.08094,1718.73,2133.56,2.07,1.96,6.5,-0.395,17.93,18.17,01a59097o0469o
59097.438421,-19.672,0.92,-49,45,o,0,1.15,282.18089,33.08094,1700.92,2251.09,2.08,2.0,-1.6,-0.401,17.84,18.06,01a59097o0481o
59101.28028,-22.877,4.098,-3,10,o,0,0.68,282.18089,33.08094,1731.67,2174.74,1.75,1.64,68.3,-0.446,19.87,21.2,01a59101o0125o
59101.297139,21.725,1.333,7,10,o,0,0.83,282.18089,33.08094,1756.02,2215.66,1.89,1.8,75.1,-0.43,19.8,21.25,01a59101o0159o
59101.299952,-20.627,0.475,-20,10,o,0,0.73,282.18089,33.08094,1697.62,2137.17,1.95,1.85,65.2,-0.424,19.76,21.27,01a59101o0165o
59101.311891,-22.666,2.233,-3,7,o,0,1.19,282.18089,33.08094,1682.59,2252.11,1.89,1.8,79.5,-0.432,19.78,21.24,01a59101o0189o
59103.41343,21.73,1.529,7,11,c,0,0.97,282.18089,33.08094,2707.17,6646.49,2.67,2.42,49.4,-0.368,19.52,21.41,02a59103o0434c
59103.417583,22.335,2.704,4,11,c,0,0.85,282.18089,33.08094,2688.69,6604.79,2.67,2.55,54.8,-0.38,19.46,21.38,02a59103o0443c
59103.424047,22.72,3.5,3,10,c,0,1.02,282.18089,33.08094,2746.14,6681.33,2.58,2.5,50.9,-0.374,19.47,21.33,02a59103o0457c
59103.435065,-22.781,3.684,-3,10,c,0,1.19,282.18089,33.08094,2764.84,6568.71,2.6,2.43,56.0,-0.368,19.46,21.15,02a59103o0480c
59105.357749,-22.627,2.833,-3,9,o,0,1.17,282.18089,33.08094,2054.77,4214.38,1.89,1.81,-83.4,-0.426,19.59,21.01,01a59105o0302o
59105.361476,20.784,0.561,18,10,o,0,1.12,282.18089,33.08094,2074.73,4252.9,1.87,1.8,-88.5,-0.428,19.62,21.09,01a59105o0310o
59105.37149,22.636,6.111,3,20,o,0,0.83,282.18089,33.08094,2014.93,4176.51,2.35,2.22,44.8,-0.404,19.03,20.45,01a59105o0331o
59105.379096,-21.868,2.048,-6,13,o,0,0.64,282.18089,33.08094,2000.51,4292.4,1.9,1.85,-20.3,-0.407,19.42,20.66,01a59105o0347o
59107.345682,20.564,0.458,22,10,c,0,0.75,282.18089,33.08094,267.41,2818.45,2.46,2.35,-60.8,-0.405,19.63,21.58,02a59107o0254c
59107.3512,22.664,3.75,3,12,c,0,0.68,282.18089,33.08094,249.37,2778.86,2.53,2.32,-58.0,-0.397,19.64,21.57,02a59107o0266c
59107.355348,22.091,1.744,5,9,c,0,1.12,282.18089,33.08094,307.8,2855.9,2.4,2.29,-60.8,-0.408,19.65,21.55,02a59107o0275c
59107.360856,-21.845,1.489,-7,10,c,0,1.01,282.18089,33.08094,10385.61,2823.54,2.7,2.42,-45.6,-0.419,19.66,21.58,02a59107o0287c
59107.363641,-21.876,1.468,-6,10,c,0,1.2,282.18089,33.08094,10367.64,2783.52,2.61,2.3,-49.3,-0.428,19.65,21.58,02a59107o0293c
59107.365471,-22.976,5.056,-2,12,c,0,0.41,282.18089,33.08094,329.4,2735.26,2.53,2.28,-55.8,-0.408,19.64,21.54,02a59107o0297c
59107.373759,20.795,0.59,18,10,c,0,1.07,282.18089,33.08094,10428.61,2862.57,2.64,2.36,-47.6,-0.423,19.64,21.59,02a59107o0315c
59107.38202,21.633,1.182,8,10,c,0,1.28,282.18089,33.08094,10449.43,2744.48,2.7,2.37,-48.0,-0.416,19.64,21.53,02a59107o0333c
59109.277966,-22.808,2.907,-3,8,o,0,1.15,282.18089,33.08094,2038.66,4214.64,1.73,1.71,-21.3,-0.431,19.85,21.18,01a59109o0149o
59109.280959,-21.775,1.02,-7,7,o,0,0.93,282.18089,33.08094,2058.85,4253.87,1.83,1.78,3.2,-0.429,19.79,21.16,01a59109o0155o
59109.306301,24.59,16.0,0,8,o,0,0.92,282.18089,33.08094,2005.02,4175.52,1.91,1.85,89.0,-0.426,19.79,21.18,01a59109o0206o
59109.314572,20.852,0.524,17,9,o,0,1.11,282.18089,33.08094,1989.19,4291.65,1.84,1.83,84.3,-0.426,19.77,21.14,01a59109o0223o
59111.28575,20.729,1.442,19,27,c,0,0.66,282.18089,33.08094,280.0,2818.2,2.55,2.38,-55.2,-0.381,18.91,20.69,02a59111o0157c
59111.28895,-19.702,1.209,-48,58,c,0,0.94,282.18089,33.08094,259.9,2779.68,2.61,2.43,-55.4,-0.388,17.64,19.16,02a59111o0164c
59111.299087,-16.129,1.455,-1284,1868,c,0,1.08,282.18089,33.08094,320.46,2856.18,2.53,2.39,-58.0,-0.416,14.23,15.5,02a59111o0186c
59111.306867,16.05,1.187,1381,1639,c,0,0.92,282.18089,33.08094,340.08,2738.77,2.55,2.42,-61.2,-0.405,14.08,15.37,02a59111o0203c
59111.313753,-14.951,0.878,-3797,3334,c,0,1.29,282.18089,33.08094,10381.81,2781.37,2.7,2.48,-49.3,-0.392,13.95,15.39,02a59111o0218c
59111.328261,-18.69,1.354,-121,164,c,0,1.18,282.18089,33.08094,10439.04,2862.84,2.83,2.62,-48.8,-0.39,16.79,18.32,02a59111o0249c
59111.33375,-19.41,2.811,-62,176,c,0,0.74,282.18089,33.08094,10459.55,2746.9,3.1,2.87,-50.8,-0.383,16.8,18.38,02a59111o0261c
59114.273967,20.938,0.619,15,10,o,0,0.98,282.18089,33.08094,4420.84,10043.71,1.73,1.64,-34.9,-0.424,19.78,20.89,01a59114o0133o
59114.277198,21.724,1.431,7,11,o,0,0.67,282.18089,33.08094,4442.37,10083.72,1.73,1.63,-37.2,-0.424,19.74,20.86,01a59114o0140o
59114.283225,21.052,0.757,14,10,o,0,0.82,282.18089,33.08094,4382.41,10005.06,1.78,1.63,-48.1,-0.423,19.73,20.79,01a59114o0153o
59114.29384,22.333,2.266,4,10,o,0,1.09,282.18089,33.08094,4365.03,10123.75,1.82,1.71,-40.9,-0.413,19.7,20.76,01a59114o0176o
59115.332,-24.071,19.25,-1,16,o,0,0.5,282.18089,33.08094,4952.76,8568.59,2.23,1.98,42.3,-0.425,19.41,20.49,02a59115o0248o
59115.336151,22.953,5.591,2,13,o,0,0.93,282.18089,33.08094,4933.43,8529.11,2.22,2.01,44.7,-0.428,19.4,20.47,02a59115o0257o
59115.355103,21.692,1.691,8,13,o,0,1.21,282.18089,33.08094,4986.15,8608.27,2.34,1.99,43.8,-0.415,19.41,20.46,02a59115o0298o
59115.364751,-20.879,1.061,-16,17,o,0,0.73,282.18089,33.08094,5004.0,8488.5,2.24,1.99,43.7,-0.428,19.42,20.51,02a59115o0319o
59118.261748,-21.097,1.206,-13,16,o,0,0.73,282.18089,33.08094,4417.45,10041.24,2.07,1.95,-41.5,-0.422,19.32,20.16,01a59118o0132o
59118.264971,22.49,3.045,4,11,o,0,1.13,282.18089,33.08094,4439.69,10080.88,2.04,1.92,-45.7,-0.424,19.36,20.15,01a59118o0139o
59118.271875,-21.876,1.72,-6,11,o,0,1.26,282.18089,33.08094,4378.9,10002.83,2.08,1.96,-40.0,-0.418,19.31,20.15,01a59118o0154o
59118.284311,20.859,0.685,16,11,o,0,1.33,282.18089,33.08094,4361.83,10120.75,2.0,1.91,-40.5,-0.423,19.33,20.12,01a59118o0181o
59119.270312,22.378,3.541,4,14,o,0,1.23,282.18089,33.08094,4966.61,8569.05,2.21,2.07,42.8,-0.431,19.2,19.95,02a59119o0150o
59119.277423,-20.628,0.881,-20,18,o,0,0.69,282.18089,33.08094,4946.8,8528.17,2.11,2.01,40.7,-0.434,19.11,19.82,02a59119o0165o
59119.280632,-20.876,1.114,-16,18,o,0,0.87,282.18089,33.08094,5005.14,8607.34,2.19,2.06,39.7,-0.429,19.18,19.9,02a59119o0172o
59119.304691,20.68,0.804,19,16,o,0,1.08,282.18089,33.08094,5023.74,8488.01,2.15,2.03,36.8,-0.434,19.16,19.83,02a59119o0222o
59121.323708,-21.722,2.318,-7,17,o,0,0.65,282.18089,33.08094,4050.31,6057.18,1.86,1.77,-35.0,-0.404,19.14,19.57,01a59121o0245o
59121.327409,20.747,0.785,18,14,o,0,0.99,282.18089,33.08094,4068.96,6097.06,1.96,1.85,-28.7,-0.406,19.13,19.57,01a59121o0253o
59121.33756,-20.018,0.485,-36,17,o,0,1.04,282.18089,33.08094,4010.47,6020.28,1.85,1.77,-47.2,-0.409,19.11,19.48,01a59121o0275o
59121.342915,-21.442,1.695,-10,16,o,0,0.99,282.18089,33.08094,3991.89,6135.95,2.04,1.89,-27.5,-0.4,19.01,19.44,01a59121o0286o
59123.307421,-20.943,1.309,-15,20,o,0,0.79,282.18089,33.08094,8447.66,4436.58,2.19,1.96,37.4,-0.416,18.9,19.27,02a59123o0237o
59123.312077,-21.501,2.151,-9,20,o,0,0.92,282.18089,33.08094,8428.33,4397.84,2.2,2.01,40.5,-0.404,18.86,19.25,02a59123o0247o
59123.323581,20.706,1.105,19,21,o,0,1.13,282.18089,33.08094,8487.21,4476.08,2.25,2.02,40.3,-0.415,18.81,19.17,02a59123o0272o
59123.333754,20.55,1.126,22,25,o,0,0.76,282.18089,33.08094,8507.16,4359.8,2.19,1.99,34.9,-0.41,18.78,19.11,02a59123o0294o
59125.256951,22.005,2.185,6,12,o,0,1.19,282.18089,33.08094,4046.37,6057.62,1.91,1.75,-15.7,-0.417,19.24,19.66,01a59125o0045o
59125.260374,20.423,0.462,25,11,o,0,1.61,282.18089,33.08094,4066.94,6096.23,1.79,1.69,-32.7,-0.423,19.26,19.65,01a59125o0052o
59125.275309,20.573,0.674,21,14,o,0,0.98,282.18089,33.08094,4010.17,6017.73,1.88,1.77,-65.5,-0.433,19.21,19.61,01a59125o0084o
59125.290826,22.562,4.25,3,15,o,0,1.35,282.18089,33.08094,3992.62,6135.13,2.18,2.05,-69.6,-0.42,19.05,19.59,01a59125o0117o
59127.240801,21.812,1.918,7,13,o,0,0.77,282.18089,33.08094,8464.69,4434.59,2.17,2.07,51.7,-0.425,19.45,20.63,02a59127o0082o
59127.255493,-18.454,0.475,-151,72,o,0,1.29,282.18089,33.08094,8444.2,4394.07,2.26,2.17,54.1,-0.415,17.47,18.33,02a59127o0113o
59127.25926,-17.619,0.962,-325,313,o,0,0.71,282.18089,33.08094,8503.18,4472.88,2.36,2.25,49.5,-0.414,16.3,17.07,02a59127o0121o
59127.270529,-20.889,1.182,-16,19,o,0,1.01,282.18089,33.08094,8523.22,4356.91,2.5,2.43,48.6,-0.405,18.83,19.88,02a59127o0145o
59129.293958,-20.613,0.484,-21,10,o,0,1.05,282.18089,33.08094,6340.09,7974.24,2.0,1.9,-16.7,-0.407,19.55,20.6,01a59129o0220o
59129.298107,-21.41,1.116,-10,11,o,0,0.83,282.18089,33.08094,6360.53,8013.67,2.0,1.91,-27.2,-0.409,19.55,20.61,01a59129o0229o
59129.305938,25.402,53.667,0,14,o,0,0.55,282.18089,33.08094,6300.13,7937.42,2.06,1.9,-14.4,-0.405,19.56,20.62,01a59129o0246o
59129.320696,-23.304,8.0,-2,14,o,0,0.42,282.18089,33.08094,6280.48,8056.04,1.98,1.86,-17.5,-0.398,19.47,20.3,01a59129o0278o
59131.292357,20.759,0.562,18,10,c,0,0.96,282.18089,33.08094,914.3,8339.67,2.6,2.33,-49.9,-0.429,19.64,21.57,02a59131o0211c
59131.297888,21.364,1.051,10,11,c,0,1.12,282.18089,33.08094,894.34,8301.88,2.52,2.3,-49.1,-0.428,19.63,21.55,02a59131o0223c
59131.313614,20.891,0.616,16,10,c,0,1.16,282.18089,33.08094,951.94,8376.66,2.6,2.4,-49.4,-0.42,19.57,21.44,02a59131o0257c
59131.322559,-25.328,38.5,0,10,c,0,0.89,282.18089,33.08094,970.92,8259.6,2.48,2.31,-47.1,-0.433,19.6,21.42,02a59131o0276c
59133.316955,-21.444,1.089,-10,10,o,0,1.18,282.18089,33.08094,6332.3,7978.27,2.11,1.91,-5.2,-0.396,19.47,20.39,01a59133o0261o
59133.320337,24.659,27.8,0,14,o,0,0.97,282.18089,33.08094,6352.59,8017.54,2.26,2.03,-4.9,-0.413,19.37,20.39,01a59133o0268o
59133.325641,-21.285,0.692,-11,8,o,0,1.89,282.18089,33.08094,6292.02,7942.25,2.07,1.93,-8.4,-0.402,19.48,20.37,01a59133o0279o
59133.342433,-20.974,0.875,-15,13,o,0,0.97,282.18089,33.08094,6270.05,8063.36,2.29,2.12,-11.2,-0.376,19.26,20.28,01a59133o0314o
59137.277868,-21.857,1.632,-7,11,o,0,0.96,282.18089,33.08094,4375.8,8091.96,2.07,1.94,-64.9,-0.42,19.49,20.49,01a59137o0169o
59137.2811,21.83,2.013,7,14,o,0,0.74,282.18089,33.08094,4396.3,8131.35,2.06,1.95,-64.6,-0.411,19.44,20.47,01a59137o0176o
59137.288002,-21.9,1.517,-6,10,o,0,1.54,282.18089,33.08094,4336.17,8055.5,1.85,1.77,-48.7,-0.417,19.52,20.4,01a59137o0191o
59137.299536,22.305,1.863,4,8,o,0,1.39,282.18089,33.08094,4316.43,8173.17,2.04,1.95,-62.2,-0.401,19.45,20.37,01a59137o0216o
59139.287767,22.335,2.4,4,10,c,0,0.83,282.18089,33.08094,4560.95,4599.94,2.36,2.25,38.6,-0.406,19.71,21.45,02a59139o0191c
59139.290544,21.302,0.756,11,8,c,0,1.31,282.18089,33.08094,4542.88,4559.82,2.33,2.28,35.6,-0.41,19.67,21.44,02a59139o0197c
59139.296962,22.108,1.595,5,8,c,0,1.24,282.18089,33.08094,4601.13,4636.78,2.37,2.28,36.1,-0.406,19.67,21.42,02a59139o0211c
59139.31027,22.418,2.4,4,9,c,0,1.34,282.18089,33.08094,4624.61,4517.61,2.48,2.28,35.1,-0.396,19.64,21.34,02a59139o0240c
59143.215536,22.187,2.564,5,12,o,0,0.94,282.18089,33.08094,4571.25,4597.77,2.39,2.13,39.4,-0.434,19.33,20.48,02a59143o0057o
59143.223399,-23.997,12.667,-1,12,o,0,1.35,282.18089,33.08094,4550.57,4558.66,2.21,1.86,38.5,-0.446,19.42,20.45,02a59143o0074o
59143.238139,21.199,0.992,12,12,o,0,0.93,282.18089,33.08094,4610.79,4634.44,2.18,1.86,37.8,-0.443,19.45,20.4,02a59143o0106o
59143.241816,-23.117,6.19,-2,13,o,0,1.06,282.18089,33.08094,4631.26,4517.71,2.14,1.84,36.3,-0.447,19.46,20.37,02a59143o0114o
59145.27062,20.694,0.576,19,11,o,0,0.93,282.18089,33.08094,5896.1,4011.59,1.98,1.81,-20.5,-0.398,19.53,20.46,01a59145o0035o
59145.274771,23.272,6.042,2,11,o,0,1.01,282.18089,33.08094,5917.52,4052.79,1.94,1.78,-19.5,-0.401,19.59,20.46,01a59145o0044o
59145.282768,-20.15,0.367,-32,12,o,0,0.81,282.18089,33.08094,5861.21,3978.46,1.99,1.85,-18.9,-0.403,19.52,20.44,01a59145o0061o
59145.296675,22.899,4.226,2,11,o,0,1.15,282.18089,33.08094,5841.79,4097.05,2.01,1.85,-20.4,-0.399,19.47,20.39,01a59145o0091o
59148.216117,23.402,8.412,2,13,o,0,0.95,282.18089,33.08094,4181.86,613.61,2.0,1.89,74.8,-0.447,19.33,20.13,02a59148o0064o
59148.219845,-22.12,2.491,-5,13,o,0,1.04,282.18089,33.08094,4160.94,573.95,2.0,1.83,66.8,-0.451,19.33,20.13,02a59148o0072o
59148.226288,-20.41,0.44,-25,11,o,0,1.44,282.18089,33.08094,4221.46,650.82,1.94,1.85,84.5,-0.453,19.33,20.08,02a59148o0086o
59148.237784,22.503,4.278,4,16,o,0,0.74,282.18089,33.08094,4243.46,530.94,2.09,1.94,-65.9,-0.44,19.23,20.05,02a59148o0111o
59154.229874,21.541,2.457,9,22,o,0,0.97,282.18089,33.08094,8417.0,9788.67,2.21,1.93,16.6,-0.411,18.9,19.28,01a59154o0102o
59154.233564,-20.526,0.733,-22,16,o,0,1.8,282.18089,33.08094,8437.31,9829.67,1.96,1.87,72.9,-0.382,19.02,19.28,01a59154o0110o
59154.239102,21.241,1.421,12,16,o,0,1.63,282.18089,33.08094,8375.47,9754.03,2.01,1.9,84.9,-0.38,18.91,19.23,01a59154o0122o
59154.249709,21.192,1.307,12,16,o,0,1.6,282.18089,33.08094,8354.08,9874.72,1.99,1.92,75.7,-0.384,18.91,19.15,01a59154o0145o
59156.244099,-21.891,2.254,-6,14,o,0,1.18,282.18089,33.08094,157.23,860.07,1.99,1.85,-81.2,-0.46,19.05,19.73,02a59156o0129o
59156.247792,22.226,3.569,5,17,o,0,0.89,282.18089,33.08094,136.11,818.43,1.93,1.79,-72.5,-0.472,19.04,19.64,02a59156o0137o
59156.25511,24.97,44.0,0,16,o,0,1.05,282.18089,33.08094,197.37,896.65,1.95,1.79,-77.4,-0.481,18.94,19.51,02a59156o0153o
59156.259234,20.666,1.273,20,25,o,0,0.92,282.18089,33.08094,10306.33,859.09,1.93,1.61,-50.8,-0.525,18.99,19.58,02a59156o0162o
59156.264769,19.89,0.601,40,24,o,0,0.82,282.18089,33.08094,10287.16,817.91,2.12,1.62,-48.8,-0.51,18.98,19.5,02a59156o0174o
59156.265683,-21.618,1.976,-8,16,o,0,1.57,282.18089,33.08094,218.71,774.71,2.08,1.78,-61.5,-0.48,18.91,19.36,02a59156o0176o
59156.268431,-24.374,38.143,-1,25,o,0,0.9,282.18089,33.08094,10345.24,899.41,2.11,1.6,-46.1,-0.506,18.96,19.47,02a59156o0182o
59156.279427,19.781,0.604,44,27,o,0,0.91,282.18089,33.08094,10368.12,781.58,2.25,1.63,-50.7,-0.492,18.86,19.33,02a59156o0206o
59160.193413,16.479,0.819,930,761,c,0,1.83,282.18089,33.08094,10314.26,861.59,2.78,2.29,-53.6,-0.41,14.65,15.66,02a59160o0022c
59160.196622,-17.684,2.062,-306,632,c,0,1.27,282.18089,33.08094,10295.59,819.97,2.63,2.18,-53.9,-0.413,15.25,16.29,02a59160o0029c
59160.203943,18.393,1.67,160,266,c,0,1.91,282.18089,33.08094,10356.1,898.19,2.62,2.18,-51.3,-0.407,16.45,17.64,02a59160o0045c
59160.216778,17.331,2.359,424,1001,c,0,0.99,282.18089,33.08094,10378.63,780.29,2.66,2.22,-48.4,-0.341,14.78,15.95,02a59160o0073c
59161.260432,-22.951,4.963,-2,12,o,0,1.24,282.18089,33.08094,10060.85,6152.22,2.05,1.99,26.8,-0.4,19.47,20.37,01a59161o0018o
59161.263708,20.766,0.606,18,11,o,0,1.61,282.18089,33.08094,10083.24,6191.99,2.09,2.05,5.7,-0.388,19.48,20.36,01a59161o0025o
59161.266931,-23.418,6.545,-2,10,o,0,0.96,282.18089,33.08094,139.4,6220.59,1.84,1.76,-42.0,-0.417,19.51,20.44,01a59161o0032o
59161.26971,21.467,1.527,9,14,o,0,0.79,282.18089,33.08094,10019.69,6120.29,2.18,2.12,-83.9,-0.397,19.39,20.36,01a59161o0038o
59161.270171,-22.513,2.844,-4,10,o,0,1.14,282.18089,33.08094,159.68,6259.9,1.98,1.85,-33.9,-0.408,19.43,20.43,01a59161o0039o
59161.27571,20.799,0.693,17,12,o,0,1.38,282.18089,33.08094,100.4,6181.13,1.93,1.83,-35.9,-0.414,19.41,20.43,01a59161o0051o
59161.281237,-23.679,11.692,-1,14,o,0,0.7,282.18089,33.08094,9998.38,6242.0,2.11,2.03,65.4,-0.385,19.38,20.29,01a59161o0063o
59161.285841,-19.878,0.447,-41,18,o,0,0.85,282.18089,33.08094,76.89,6298.03,2.16,1.97,-80.1,-0.407,19.38,20.39,01a59161o0073o
59165.226435,-21.636,2.264,-8,18,o,0,0.65,282.18089,33.08094,10065.33,6151.07,2.33,2.26,-71.7,-0.391,19.36,20.47,01a59165o0098o
59165.229666,-20.425,0.577,-24,14,o,0,0.95,282.18089,33.08094,10085.57,6190.09,2.31,2.15,-83.1,-0.389,19.35,20.46,01a59165o0105o
59165.23289,21.093,0.907,13,12,o,0,1.2,282.18089,33.08094,137.87,6227.16,2.14,1.92,-80.5,-0.416,19.42,20.5,01a59165o0112o
59165.236132,21.332,1.128,11,12,o,0,1.28,282.18089,33.08094,10023.15,6117.22,2.41,2.15,-83.4,-0.4,19.4,20.48,01a59165o0119o
59165.236593,20.686,0.469,19,9,o,0,1.76,282.18089,33.08094,157.65,6266.4,2.17,1.97,-80.0,-0.414,19.47,20.55,01a59165o0120o
59165.246747,21.463,1.312,9,12,o,0,1.1,282.18089,33.08094,96.11,6186.58,2.25,2.05,-79.1,-0.408,19.43,20.55,01a59165o0142o
59165.247207,-21.41,1.402,-10,14,o,0,1.07,282.18089,33.08094,10001.66,6238.21,2.42,2.19,-85.8,-0.393,19.37,20.45,01a59165o0143o
59165.252754,19.762,0.384,45,17,o,0,1.65,282.18089,33.08094,76.96,6303.37,2.21,2.09,-65.0,-0.443,19.34,20.45,01a59165o0155o
59171.248879,-17.149,0.915,-502,459,c,0,1.16,282.18089,33.08094,8244.58,2311.31,2.73,2.63,-40.5,-0.381,15.88,17.03,02a59171o0148c
59179.20572,19.661,1.819,50,90,o,0,0.7,282.18089,33.08094,505.72,6305.12,2.11,2.02,-44.4,-0.417,17.02,17.23,02a59179o0054o
59179.209379,-13.966,0.377,-9412,3547,o,0,1.5,282.18089,33.08094,486.61,6266.87,2.23,2.15,-46.9,-0.457,13.06,12.9,02a59179o0062o
59179.241012,18.386,0.395,161,63,o,0,0.9,282.18089,33.08094,10493.1,6250.2,2.47,2.28,-45.1,-0.404,18.1,18.62,02a59179o0131o
59185.198257,23.095,6.783,2,14,o,0,1.87,282.18089,33.08094,7918.05,5828.65,2.16,1.96,-7.4,-0.394,19.04,19.53,01a59185o0039o
59185.201979,21.561,2.253,9,19,o,0,0.68,282.18089,33.08094,7938.98,5867.51,2.32,2.0,-8.4,-0.384,19.16,19.79,01a59185o0047o
59185.209369,20.694,0.772,19,15,o,0,1.2,282.18089,33.08094,7877.05,5793.88,2.15,2.05,-31.2,-0.405,19.06,19.68,01a59185o0063o
59185.219968,-21.078,1.478,-14,20,o,0,1.23,282.18089,33.08094,7856.13,5913.24,2.47,2.12,-8.9,-0.404,18.74,19.24,01a59185o0086o
59187.193653,19.615,0.615,52,32,o,0,1.04,282.18089,33.08094,2276.89,2673.71,2.15,2.11,45.2,-0.424,18.19,18.45,02a59187o0027o
59187.196865,21.167,2.156,12,27,o,0,0.94,282.18089,33.08094,2256.15,2635.17,2.36,2.23,46.7,-0.406,18.64,19.14,02a59187o0034o
59187.203749,20.205,0.582,30,18,o,0,0.95,282.18089,33.08094,2315.48,2713.38,2.14,2.07,-76.2,-0.436,19.04,19.83,02a59187o0049o
59187.214737,-20.624,0.837,-20,17,o,0,1.09,282.18089,33.08094,2336.11,2593.51,2.19,2.17,82.2,-0.427,19.03,19.89,02a59187o0073o
59246.646759,-21.397,1.525,-10,15,o,0,1.45,282.18089,33.08094,4202.66,603.71,2.2,2.1,19.1,-0.414,18.99,19.65,01a59246o0936o
59246.652891,21.81,2.526,7,17,o,0,0.96,282.18089,33.08094,4181.84,564.37,2.12,2.01,7.1,-0.407,19.06,19.69,01a59246o0949o
59246.665527,20.729,1.095,19,20,o,0,1.14,282.18089,33.08094,4239.43,640.68,2.12,2.1,7.4,-0.408,18.83,19.3,01a59246o0976o
59246.671085,20.441,1.78,24,43,o,0,0.92,282.18089,33.08094,4259.01,524.62,2.23,2.14,5.0,-0.413,18.07,18.16,01a59246o0988o
59269.618825,22.054,2.721,6,15,o,0,1.13,282.18089,33.08094,8184.77,2373.51,2.57,2.37,-81.5,-0.391,19.12,20.06,01a59269o0876o
59269.626201,-21.053,1.172,-14,16,o,0,1.28,282.18089,33.08094,8165.47,2336.48,3.38,3.17,-86.1,-0.367,18.96,20.45,01a59269o0892o
59269.629894,20.596,0.678,21,14,o,0,0.81,282.18089,33.08094,8224.11,2412.14,2.76,2.58,-73.4,-0.385,19.25,20.55,01a59269o0900o
59269.650347,-21.046,1.13,-14,16,o,0,0.94,282.18089,33.08094,8243.85,2294.34,2.8,2.66,-70.2,-0.375,19.19,20.53,01a59269o0944o
59270.632215,-20.211,0.659,-30,20,o,0,0.8,282.18089,33.08094,8183.18,2368.71,2.51,2.34,-67.8,-0.39,18.94,19.61,01a59270o0788o
59270.637337,21.208,1.66,12,20,o,0,0.76,282.18089,33.08094,8165.89,2331.94,2.44,2.22,-73.1,-0.395,19.05,19.71,01a59270o0799o
59270.65481,-22.657,6.034,-3,19,o,0,0.62,282.18089,33.08094,8222.99,2405.5,2.38,2.19,-76.8,-0.399,19.23,20.11,01a59270o0836o
59270.658036,21.416,1.49,10,15,o,0,1.28,282.18089,33.08094,8243.56,2290.44,2.26,2.11,-70.1,-0.396,19.14,19.83,01a59270o0843o
59292.622728,20.396,0.385,25,10,c,0,0.96,282.18089,33.08094,7950.48,5861.45,2.72,2.48,37.9,-0.38,19.69,21.75,02a59292o0863c
59292.626447,21.81,1.465,7,10,c,0,0.82,282.18089,33.08094,7970.19,5900.42,2.97,2.48,38.9,-0.365,19.65,21.76,02a59292o0871c
59292.635008,21.168,0.807,12,10,c,0,0.88,282.18089,33.08094,7913.84,5823.99,2.87,2.39,36.9,-0.376,19.69,21.76,02a59292o0889c
59292.642756,0.0,21.448,0,10,c,0,1.08,282.18089,33.08094,7896.76,5941.13,2.68,2.39,40.1,-0.385,19.68,21.54,02a59292o0905c
59293.618883,23.872,8.182,1,8,o,0,1.36,282.18089,33.08094,6872.12,8454.61,2.18,2.05,-78.5,-0.411,19.6,20.86,01a59293o0722o
59293.633195,-21.377,0.92,-10,9,o,0,1.01,282.18089,33.08094,6856.19,8415.75,1.84,1.75,-79.4,-0.423,19.76,20.9,01a59293o0752o
59293.636993,-21.925,1.483,-6,9,o,0,1.03,282.18089,33.08094,6915.92,8495.66,1.85,1.79,-61.5,-0.416,19.8,20.89,01a59293o0760o
59293.647983,-21.051,0.863,-14,12,o,0,0.77,282.18089,33.08094,6934.51,8376.56,1.89,1.78,-78.6,-0.415,19.53,20.3,01a59293o0783o
59297.601507,21.629,1.232,8,10,o,0,0.94,282.18089,33.08094,8777.53,8387.04,2.12,1.93,86.3,-0.399,19.71,20.9,01a59297o0656o
59297.614376,21.684,1.545,8,12,o,0,0.64,282.18089,33.08094,8760.28,8347.4,2.28,2.12,86.8,-0.399,19.63,21.0,01a59297o0683o
59297.626324,-21.064,0.766,-14,10,o,0,1.0,282.18089,33.08094,8821.25,8426.92,2.23,2.07,82.3,-0.39,19.62,20.91,01a59297o0706o
59297.634941,-23.92,10.5,-1,10,o,0,0.87,282.18089,33.08094,8840.67,8309.95,2.25,2.13,69.9,-0.392,19.62,20.86,01a59297o0724o
59299.610189,-20.657,0.731,-20,14,o,0,1.05,282.18089,33.08094,7859.67,3923.57,2.27,2.05,39.5,-0.41,19.19,19.97,02a59299o0826o
59303.564129,-20.895,1.032,-16,16,o,0,1.77,282.18089,33.08094,7854.96,3926.89,2.18,1.89,36.2,-0.422,18.91,19.33,02a59303o0540o
59303.567805,20.087,0.573,34,19,o,0,0.96,282.18089,33.08094,7873.7,3964.87,2.21,1.91,36.0,-0.42,18.92,19.35,02a59303o0548o
59303.57551,22.196,3.787,5,18,o,0,1.01,282.18089,33.08094,7813.47,3887.82,2.2,1.89,36.7,-0.42,18.95,19.39,02a59303o0563o
59303.586065,19.734,0.365,46,17,o,0,1.34,282.18089,33.08094,7795.46,4004.69,2.19,1.91,38.1,-0.417,18.96,19.43,02a59303o0586o
59305.570178,-21.848,2.299,-7,15,o,0,0.77,282.18089,33.08094,8492.43,6340.18,2.16,1.87,-85.0,-0.426,19.21,19.76,01a59305o0719o
59305.596066,-21.043,1.138,-14,16,o,0,0.61,282.18089,33.08094,8475.8,6305.64,2.16,1.85,-85.1,-0.415,19.37,19.94,01a59305o0769o
59305.599295,20.823,0.779,17,13,o,0,1.19,282.18089,33.08094,8534.17,6382.67,2.14,1.84,-87.8,-0.418,19.37,19.96,01a59305o0776o
59305.612845,-25.036,40.25,0,14,o,0,0.94,282.18089,33.08094,8553.73,6265.49,2.19,1.93,-89.0,-0.419,19.36,20.01,01a59305o0805o
59309.605374,-21.686,1.75,-8,14,o,0,0.43,282.18089,33.08094,8494.32,6340.99,2.13,1.88,-88.7,-0.418,19.74,20.97,01a59309o0613o
59309.608625,23.194,5.909,2,11,o,0,0.65,282.18089,33.08094,8475.49,6300.95,2.16,1.92,90.0,-0.423,19.71,20.95,01a59309o0620o
59309.630813,-22.122,2.153,-5,11,o,0,0.79,282.18089,33.08094,8536.45,6378.05,2.11,1.98,85.2,-0.42,19.68,20.87,01a59309o0664o
59309.636829,19.975,0.344,37,13,o,0,0.68,282.18089,33.08094,8555.35,6261.06,2.17,2.02,89.0,-0.415,19.57,20.54,01a59309o0677o
59314.594979,-21.808,0.986,-7,7,c,0,1.05,282.18089,33.08094,6166.08,494.2,2.32,2.22,-37.5,-0.399,19.94,21.69,01a59314o0806c
59314.598211,21.617,1.012,8,8,c,0,0.88,282.18089,33.08094,6145.96,455.1,2.31,2.25,-37.7,-0.401,19.95,21.68,01a59314o0813c
59314.619332,21.185,0.574,12,7,c,0,1.03,282.18089,33.08094,6203.13,533.49,2.36,2.29,-43.1,-0.401,19.94,21.71,01a59314o0858c
59314.631109,21.702,1.239,8,9,c,0,0.9,282.18089,33.08094,6220.21,415.13,2.44,2.36,-23.9,-0.401,19.79,21.29,01a59314o0882c
59318.578759,-22.402,2.256,-4,9,c,0,0.79,282.18089,33.08094,6165.52,497.22,2.42,2.34,-21.9,-0.384,19.84,21.46,01a59318o0766c
59318.584287,-21.191,0.571,-12,7,c,0,1.72,282.18089,33.08094,6142.52,457.36,2.34,2.25,-43.9,-0.394,19.87,21.44,01a59318o0778c
59318.587982,21.135,0.703,13,9,c,0,0.78,282.18089,33.08094,6203.48,534.83,2.29,2.21,-50.4,-0.404,19.89,21.43,01a59318o0786c
59318.608479,-21.722,1.123,-7,8,c,0,1.13,282.18089,33.08094,6220.9,418.25,2.59,2.5,-38.1,-0.378,19.79,21.48,01a59318o0830c
59319.559254,21.543,1.378,9,12,o,0,0.77,282.18089,33.08094,5619.47,2008.85,2.0,1.94,58.6,-0.44,19.5,20.61,02a59319o0692o
59319.561099,-20.369,0.384,-26,10,o,0,0.87,282.18089,33.08094,5638.81,2047.27,2.04,1.96,50.4,-0.437,19.47,20.61,02a59319o0696o
59319.568506,20.71,0.58,19,11,o,0,1.14,282.18089,33.08094,5581.34,1967.89,2.02,1.93,52.2,-0.438,19.46,20.67,02a59319o0712o
59319.579084,-21.839,1.686,-7,11,o,0,0.99,282.18089,33.08094,5562.72,2084.79,2.0,1.91,47.2,-0.443,19.49,20.66,02a59319o0735o
59321.562043,-22.32,2.0,-4,9,c,0,0.99,282.18089,33.08094,6502.57,4483.84,2.68,2.57,-75.2,-0.351,19.78,21.63,01a59321o0669c
59321.565271,23.329,5.714,2,10,c,0,0.9,282.18089,33.08094,6484.16,4445.43,2.69,2.6,-70.2,-0.351,19.77,21.65,01a59321o0676c
59321.57639,-21.37,0.826,-10,8,c,0,0.83,282.18089,33.08094,6542.3,4523.05,2.59,2.47,-72.4,-0.366,19.84,21.69,01a59321o0697c
59321.58675,21.176,0.728,12,9,c,0,0.95,282.18089,33.08094,6562.74,4407.39,3.07,2.95,-81.2,-0.327,19.65,21.72,01a59321o0719c
59323.529233,-21.448,1.389,-10,13,o,0,0.7,282.18089,33.08094,2123.46,6150.25,2.12,2.02,51.5,-0.434,19.53,20.86,02a59323o0632o
59323.53478,21.917,1.797,6,11,o,0,1.21,282.18089,33.08094,2142.66,6189.33,2.14,1.99,39.0,-0.432,19.53,20.87,02a59323o0644o
59323.541239,-21.307,1.287,-11,14,o,0,0.71,282.18089,33.08094,2083.3,6110.41,2.17,2.02,40.7,-0.435,19.51,20.85,02a59323o0658o
59323.5532,21.049,0.86,14,12,o,0,1.15,282.18089,33.08094,2064.23,6226.07,2.14,2.03,42.8,-0.435,19.5,20.8,02a59323o0684o
59327.518671,20.424,0.69,25,17,o,0,0.68,282.18089,33.08094,2129.51,6147.78,2.12,1.93,40.1,-0.432,19.12,19.82,02a59327o0592o
59327.526476,22.274,3.476,4,16,o,0,1.16,282.18089,33.08094,2146.68,6187.65,2.16,1.97,36.8,-0.428,19.13,19.85,02a59327o0609o
59327.530187,20.739,0.906,18,17,o,0,0.81,282.18089,33.08094,2088.34,6109.19,2.11,1.92,37.9,-0.431,19.17,19.88,02a59327o0617o
59327.540745,-21.914,2.397,-6,15,o,0,0.91,282.18089,33.08094,2068.84,6224.87,2.09,1.88,35.4,-0.44,19.25,20.02,02a59327o0640o
59329.564644,0.0,21.034,0,14,o,0,1.11,282.18089,33.08094,4219.98,2547.05,1.99,1.94,-8.2,-0.415,19.13,19.74,01a59329o0718o
59329.584455,22.164,2.323,5,12,o,0,1.59,282.18089,33.08094,4199.7,2510.48,2.02,1.93,-4.7,-0.415,19.17,19.82,01a59329o0759o
59329.596227,-21.719,2.106,-8,16,o,0,0.88,282.18089,33.08094,4257.56,2586.65,2.02,1.93,-4.6,-0.409,19.22,19.88,01a59329o0784o
59329.611364,20.341,0.582,26,15,o,0,0.82,282.18089,33.08094,4276.4,2470.5,2.05,1.95,-11.3,-0.414,19.27,20.05,01a59329o0815o
59331.540566,23.081,9.842,2,21,o,0,1.36,282.18089,33.08094,9674.73,2228.61,2.28,1.98,-51.5,-0.441,18.67,19.02,02a59331o0673o
59331.5424,-21.992,4.185,-6,24,o,0,1.19,282.18089,33.08094,9692.76,2267.79,2.2,1.96,-50.9,-0.445,18.7,19.02,02a59331o0677o
59331.568443,-21.096,1.854,-13,24,o,0,1.01,282.18089,33.08094,9637.31,2192.75,2.43,2.16,-54.3,-0.432,18.67,19.1,02a59331o0731o
59331.587546,-20.88,1.572,-16,25,o,0,0.73,282.18089,33.08094,9621.67,2312.19,2.26,2.0,-53.6,-0.438,18.74,19.13,02a59331o0768o
59333.554111,-20.891,0.797,-16,13,o,0,1.25,282.18089,33.08094,4222.1,2546.7,1.82,1.79,55.1,-0.415,19.29,19.67,01a59333o0407o
59333.555949,21.28,1.389,11,16,o,0,0.69,282.18089,33.08094,4201.96,2507.53,1.84,1.81,55.6,-0.42,19.26,19.67,01a59333o0411o
59333.56989,-21.625,1.775,-8,14,o,0,0.77,282.18089,33.08094,4260.01,2585.78,1.81,1.8,-79.8,-0.423,19.31,19.72,01a59333o0439o
59333.575929,20.684,0.696,19,14,o,0,1.0,282.18089,33.08094,4279.96,2468.94,1.8,1.76,17.9,-0.426,19.34,19.73,01a59333o0452o
59337.587416,-21.825,1.56,-7,11,o,0,0.88,282.18089,33.08094,6185.76,2441.35,1.9,1.86,-61.5,-0.412,19.64,20.57,01a59337o0682o
59337.599833,20.89,0.596,16,10,o,0,0.94,282.18089,33.08094,6163.64,2402.64,1.93,1.82,-52.0,-0.411,19.71,20.63,01a59337o0708o
59337.615383,20.693,0.605,19,12,o,0,0.73,282.18089,33.08094,4325.45,8111.42,1.79,1.73,-50.6,-0.43,19.59,20.45,01a59337o0738o
59337.618697,26.378,158.0,0,16,o,0,1.01,282.18089,33.08094,4307.69,8227.8,1.92,1.85,-48.9,-0.422,18.91,19.44,01a59337o0745o
59339.571274,-18.758,1.213,-114,138,o,0,0.77,282.18089,33.08094,6030.36,5980.65,2.62,2.15,40.1,-0.414,16.84,17.68,02a59339o0391o
59339.574475,20.814,1.507,17,26,o,0,1.28,282.18089,33.08094,6050.39,6020.14,2.51,2.09,38.8,-0.419,18.46,19.57,02a59339o0398o
59339.577244,-25.691,136.0,0,26,o,0,0.94,282.18089,33.08094,5992.24,5944.55,2.43,1.99,38.1,-0.429,18.79,19.78,02a59339o0404o
59339.610863,-20.368,1.721,-26,44,o,0,1.01,282.18089,33.08094,4620.34,4513.24,2.46,1.93,35.1,-0.42,18.09,19.07,02a59339o0471o
59343.481181,22.335,2.355,4,10,c,0,0.61,282.18089,33.08094,6021.65,5976.46,2.59,2.27,38.3,-0.402,19.66,21.56,02a59343o0503c
59343.485631,21.708,1.321,8,10,c,0,0.88,282.18089,33.08094,6035.03,6015.88,2.53,2.3,39.1,-0.4,19.71,21.55,02a59343o0511c
59343.49323,22.792,2.857,3,8,c,0,1.36,282.18089,33.08094,5989.36,5935.57,2.55,2.24,39.9,-0.407,19.71,21.52,02a59343o0526c
59343.499749,23.592,7.9,1,10,c,0,0.95,282.18089,33.08094,5961.36,6054.06,2.56,2.26,39.0,-0.404,19.69,21.53,02a59343o0540c
59345.551104,22.613,3.938,3,13,o,0,0.46,282.18089,33.08094,4638.14,6512.22,1.87,1.79,-21.6,-0.401,19.65,20.63,01a59345o0669o
59345.552945,20.568,0.406,22,9,o,0,1.31,282.18089,33.08094,4619.26,6473.07,1.91,1.85,-24.5,-0.4,19.61,20.61,01a59345o0673o
59345.563146,21.414,1.0,10,10,o,0,0.75,282.18089,33.08094,4676.18,6548.31,1.87,1.8,-38.2,-0.405,19.67,20.61,01a59345o0695o
59345.577253,24.852,20.167,0,8,o,0,1.26,282.18089,33.08094,4694.8,6434.03,1.9,1.8,-23.4,-0.398,19.64,20.6,01a59345o0724o
59348.589593,21.144,0.735,13,9,c,0,0.98,282.18089,33.08094,4166.08,609.07,2.37,2.22,-64.1,-0.418,19.76,21.58,02a59348o0257c
59348.595692,0.0,21.714,0,8,c,0,1.41,282.18089,33.08094,4146.41,569.48,2.31,2.19,-74.3,-0.416,19.72,21.57,02a59348o0270c
59348.605525,20.744,0.53,18,10,c,0,0.95,282.18089,33.08094,4209.91,652.07,2.32,2.22,-69.8,-0.415,19.71,21.53,02a59348o0291c
59348.613917,21.072,0.673,14,9,c,0,1.34,282.18089,33.08094,4228.55,532.09,2.34,2.17,-73.1,-0.412,19.62,21.14,02a59348o0309c
59348.622346,20.77,1.261,18,22,c,0,1.02,282.18089,33.08094,4186.93,589.02,2.43,2.29,-75.0,-0.415,18.67,19.75,02a59348o0327c
59349.479922,-21.798,1.531,-7,11,o,0,0.66,282.18089,33.08094,4638.05,6511.8,1.93,1.76,-78.0,-0.415,19.71,20.78,01a59349o0518o
59349.489744,-20.916,0.647,-16,10,o,0,0.72,282.18089,33.08094,4619.56,6473.56,2.08,1.92,-89.7,-0.416,19.66,20.82,01a59349o0537o
59349.492049,20.482,0.406,23,10,o,0,0.96,282.18089,33.08094,4676.82,6550.44,2.07,1.9,-86.3,-0.417,19.66,20.83,01a59349o0542o
59349.512946,21.836,1.571,7,10,o,0,0.99,282.18089,33.08094,4700.88,6435.23,2.47,2.32,-76.6,-0.422,19.5,20.88,01a59349o0584o
59354.523546,22.055,1.929,6,11,o,0,0.49,282.18089,33.08094,2148.16,720.85,1.95,1.88,67.9,-0.439,19.83,21.2,01a59354o0610o
59354.525399,20.736,0.488,18,9,o,0,0.95,282.18089,33.08094,2126.96,682.38,1.87,1.77,29.7,-0.45,19.84,21.2,01a59354o0614o
59354.531856,-22.439,2.321,-4,9,o,0,0.89,282.18089,33.08094,2187.97,760.61,1.89,1.82,83.7,-0.437,19.91,21.22,01a59354o0628o
59354.53693,-21.805,1.196,-7,8,o,0,1.12,282.18089,33.08094,2205.84,642.57,1.89,1.79,-0.1,-0.43,19.87,21.25,01a59354o0639o
59356.488252,-20.848,0.966,-17,16,o,0,1.21,282.18089,33.08094,10442.36,9709.91,2.78,2.05,-51.3,-0.425,19.28,20.03,02a59356o0524o
59356.522491,-22.963,7.278,-2,17,o,0,0.77,282.18089,33.08094,10470.81,9750.69,2.55,2.12,-54.0,-0.428,19.39,20.31,02a59356o0597o
59356.524319,20.934,1.008,15,16,o,0,0.85,282.18089,33.08094,10409.18,9673.55,2.38,2.15,-57.7,-0.432,19.38,20.34,02a59356o0601o
59356.533303,23.33,7.562,2,13,o,0,1.08,282.18089,33.08094,210.13,784.99,2.4,1.72,-55.2,-0.455,19.51,20.49,02a59356o0620o
59358.492872,-23.65,12.235,-1,15,o,0,1.02,282.18089,33.08094,2151.84,722.48,1.95,1.82,77.9,-0.429,19.24,19.68,01a59358o0490o
59358.496105,23.155,6.867,2,14,o,0,1.26,282.18089,33.08094,2130.93,683.79,1.81,1.69,60.7,-0.454,19.31,19.69,01a59358o0497o
59358.498875,-21.458,1.524,-10,14,o,0,0.65,282.18089,33.08094,2191.97,761.98,1.94,1.87,74.6,-0.424,19.25,19.71,01a59358o0503o
59358.504405,-19.103,0.438,-83,36,o,0,0.9,282.18089,33.08094,2211.02,643.62,1.94,1.86,38.0,-0.426,19.28,19.73,01a59358o0515o
59359.455814,20.798,1.429,17,25,o,0,1.15,282.18089,33.08094,10445.91,9708.28,2.77,1.89,-52.0,-0.392,18.72,19.09,02a59359o0465o
59359.456364,21.128,3.125,13,40,o,0,0.67,282.18089,33.08094,290.37,9722.48,2.25,1.45,-51.3,-0.569,18.71,19.13,02a59359o0466o
59359.457745,-22.835,15.167,-3,40,o,0,0.88,282.18089,33.08094,10466.07,9747.72,2.82,1.93,-50.0,-0.398,18.43,18.76,02a59359o0469o
59359.459573,20.655,2.639,20,52,o,0,1.16,282.18089,33.08094,310.44,9762.57,2.19,1.45,-51.1,-0.601,18.33,18.63,02a59359o0473o
59359.463102,-20.165,1.186,-31,37,o,0,1.4,282.18089,33.08094,10397.42,9672.23,2.61,2.06,-49.7,-0.437,18.22,18.51,02a59359o0479o
59359.481802,19.289,0.459,70,32,o,0,0.77,282.18089,33.08094,246.78,9681.81,2.25,1.54,-49.9,-0.572,18.78,19.22,02a59359o0518o
59359.482259,-22.723,8.409,-3,25,o,0,1.04,282.18089,33.08094,10384.12,9791.76,2.77,2.0,-50.0,-0.417,18.8,19.22,02a59359o0519o
59359.484547,19.893,0.843,40,34,o,0,1.4,282.18089,33.08094,227.15,9800.19,2.29,1.55,-53.7,-0.59,18.58,19.0,02a59359o0524o
59360.486913,24.718,30.75,0,14,o,0,1.25,282.18089,33.08094,281.8,9724.42,2.27,1.65,-51.3,-0.559,19.46,20.73,02a59360o0545o
59360.487915,23.075,6.812,2,15,o,0,0.72,282.18089,33.08094,10442.39,9713.56,2.61,2.09,-51.6,-0.434,19.53,20.73,02a59360o0547o
59360.491137,21.124,0.908,13,12,o,0,2.12,282.18089,33.08094,310.25,9764.13,2.16,1.65,-54.2,-0.588,19.49,20.68,02a59360o0554o
59360.491594,-21.712,1.895,-8,14,o,0,0.76,282.18089,33.08094,10469.19,9753.45,2.55,2.11,-49.8,-0.432,19.55,20.71,02a59360o0555o
59360.495711,24.904,35.0,0,14,o,0,0.88,282.18089,33.08094,10407.57,9674.69,2.56,2.12,-51.4,-0.424,19.51,20.67,02a59360o0564o
59360.496627,-20.689,0.846,-19,16,o,0,0.87,282.18089,33.08094,249.99,9682.26,2.17,1.62,-53.3,-0.578,19.5,20.64,02a59360o0566o
59360.501229,-22.069,2.974,-5,16,o,0,0.71,282.18089,33.08094,10389.37,9795.35,2.69,2.16,-52.4,-0.426,19.47,20.58,02a59360o0576o
59360.503516,19.958,0.335,38,13,o,0,2.01,282.18089,33.08094,229.42,9800.63,2.2,1.66,-52.0,-0.596,19.42,20.51,02a59360o0581o
59361.531512,-20.428,0.879,-24,22,o,0,1.24,282.18089,33.08094,10060.39,6177.92,2.43,2.04,86.5,-0.423,18.91,19.16,01a59361o0393o
59361.539116,23.107,10.19,2,21,o,0,0.88,282.18089,33.08094,10081.95,6214.89,2.37,1.97,85.2,-0.419,18.97,19.19,01a59361o0409o
59361.542337,-21.131,1.868,-13,24,o,0,0.8,282.18089,33.08094,10022.89,6138.66,2.4,2.09,87.9,-0.42,18.93,19.2,01a59361o0416o
59361.544179,-20.861,1.402,-16,23,o,0,0.71,282.18089,33.08094,125.71,6276.13,2.06,1.76,-88.5,-0.433,18.97,19.23,01a59361o0420o
59361.551475,21.291,1.561,11,17,o,0,1.22,282.18089,33.08094,148.14,6314.02,2.09,1.82,-86.0,-0.426,18.95,19.25,01a59361o0435o
59361.552861,19.669,0.388,49,19,o,0,1.57,282.18089,33.08094,10007.33,6253.83,2.34,2.05,85.4,-0.42,18.97,19.22,01a59361o0438o
59361.554949,-21.366,2.252,-10,23,o,0,0.68,282.18089,33.08094,88.41,6234.55,2.11,1.79,-83.4,-0.422,18.93,19.26,01a59361o0442o
59361.589006,19.546,0.571,55,32,o,0,1.27,282.18089,33.08094,80.2,6346.1,2.13,1.79,-89.5,-0.423,18.62,18.77,01a59361o0512o
59363.55664,-21.595,1.986,-8,17,o,0,1.38,282.18089,33.08094,6562.8,6432.23,2.4,1.9,39.2,-0.433,19.05,19.72,02a59363o0663o
59363.559739,20.944,1.139,15,17,o,0,0.99,282.18089,33.08094,6544.95,6397.13,2.42,1.87,40.7,-0.426,19.07,19.72,02a59363o0668o
59363.590625,21.367,1.989,10,20,o,0,0.93,282.18089,33.08094,6599.0,6472.72,2.32,1.93,42.0,-0.434,19.01,19.64,02a59363o0730o
59363.606492,-19.556,0.375,-55,20,o,0,0.8,282.18089,33.08094,6618.3,6356.45,2.31,1.89,44.0,-0.435,19.01,19.57,02a59363o0760o
59367.528319,-22.489,3.686,-4,14,o,0,0.94,282.18089,33.08094,6561.29,6429.55,2.23,1.83,37.9,-0.452,19.48,20.51,02a59367o0604o
59367.553649,-21.77,2.134,-7,15,o,0,0.54,282.18089,33.08094,6540.25,6391.4,2.27,1.88,38.9,-0.443,19.5,20.48,02a59367o0653o
59367.57841,-23.183,7.111,-2,14,o,0,0.87,282.18089,33.08094,6594.6,6470.78,2.28,1.89,41.8,-0.449,19.47,20.51,02a59367o0704o
59367.603384,23.42,9.091,2,14,o,0,1.03,282.18089,33.08094,6610.65,6355.75,2.9,2.05,36.7,-0.416,19.36,20.46,02a59367o0754o
59369.534481,20.956,1.798,15,27,o,0,2.22,282.18089,33.08094,5841.1,49.05,1.94,1.79,-33.0,-0.42,19.76,20.82,01a59369o0609o
59370.487737,22.848,3.095,3,8,c,0,0.9,282.18089,33.08094,8152.36,404.38,2.68,2.56,-50.0,-0.378,19.91,21.95,01a59370o0538c
59370.490511,-23.326,4.214,-2,7,c,0,1.15,282.18089,33.08094,8131.8,364.29,2.59,2.51,-27.4,-0.386,19.94,21.96,01a59370o0544c
59370.493276,-23.079,4.222,-2,9,c,0,0.88,282.18089,33.08094,8191.46,443.78,2.56,2.47,-54.0,-0.392,19.93,21.97,01a59370o0550c
59370.503869,22.104,1.383,5,7,c,0,0.92,282.18089,33.08094,8210.18,325.65,2.5,2.32,-30.8,-0.403,20.03,22.0,01a59370o0573c
59370.528479,21.209,1.151,12,14,c,0,1.03,282.18089,33.08094,5841.74,52.64,2.93,2.68,-20.1,-0.354,19.82,21.96,01a59370o0625c
59371.51617,-21.344,1.037,-10,11,o,0,1.05,282.18089,33.08094,8179.05,2382.11,2.35,2.27,26.4,-0.415,19.5,21.06,02a59371o0582o
59371.547,-22.217,2.465,-5,12,o,0,0.64,282.18089,33.08094,8156.35,2342.92,2.16,2.09,41.9,-0.425,19.56,20.99,02a59371o0645o
59371.575605,22.388,2.235,4,9,o,0,1.36,282.18089,33.08094,8210.95,2421.25,2.24,2.2,38.8,-0.414,19.55,21.01,02a59371o0704o
59371.60074,-21.034,0.707,-14,10,o,0,1.15,282.18089,33.08094,8228.95,2305.76,2.08,2.06,76.1,-0.431,19.58,20.95,02a59371o0752o
59374.382129,22.011,1.649,6,9,c,0,0.92,282.18089,33.08094,8165.43,415.66,3.05,2.82,-48.9,-0.334,19.78,21.88,01a59374o0313c
59374.396461,21.841,1.143,7,8,c,0,1.18,282.18089,33.08094,8133.66,367.96,2.56,2.34,-66.8,-0.406,19.9,21.91,01a59374o0341c
59374.424998,-20.956,0.6,-15,9,c,0,0.74,282.18089,33.08094,8198.63,448.62,2.59,2.45,-58.1,-0.389,19.92,22.0,01a59374o0401c
59374.428517,-21.54,0.899,-9,8,c,0,1.0,282.18089,33.08094,8215.22,328.46,2.74,2.49,-64.8,-0.385,19.92,22.01,01a59374o0408c
59377.434981,21.124,0.606,13,8,c,0,0.9,282.18089,33.08094,2833.91,8185.44,2.21,2.02,-75.3,-0.402,20.01,21.89,01a59377o0415c
59377.436824,21.37,0.802,10,8,c,0,0.54,282.18089,33.08094,2814.61,8146.63,2.2,1.97,-74.9,-0.402,20.03,21.9,01a59377o0419c
59377.439587,20.733,0.417,18,8,c,0,1.12,282.18089,33.08094,2872.31,8223.39,2.22,2.0,-72.7,-0.399,20.04,21.91,01a59377o0425c
59377.463853,24.864,18.8,0,8,c,0,1.37,282.18089,33.08094,2893.81,8105.73,2.25,2.05,-76.2,-0.395,20.02,21.88,01a59377o0471c
59381.414276,-25.269,25.333,0,7,c,0,1.42,282.18089,33.08094,2828.76,8183.32,2.35,2.14,-73.7,-0.394,19.91,21.87,01a59381o0361c
59381.421326,-22.701,3.444,-3,10,c,0,0.72,282.18089,33.08094,2810.21,8146.53,2.31,2.12,-73.1,-0.392,19.7,21.55,01a59381o0376c
59381.426463,-21.602,0.814,-8,7,c,0,1.05,282.18089,33.08094,2868.0,8222.61,2.42,2.2,-72.5,-0.391,19.94,21.92,01a59381o0387c
59381.462031,-23.837,9.333,-1,10,c,0,0.66,282.18089,33.08094,2890.81,8105.56,2.31,2.14,-70.8,-0.39,20.0,22.09,01a59381o0460c
59383.441005,26.445,83.0,0,8,o,0,1.81,282.18089,33.08094,10101.56,4266.85,2.04,1.85,-50.5,-0.461,19.66,20.83,02a59383o0413o
59383.441463,21.0,0.868,14,12,o,0,0.55,282.18089,33.08094,162.43,4262.16,1.98,1.78,-47.1,-0.418,19.59,20.8,02a59383o0414o
59383.44344,20.068,0.302,34,10,o,0,1.23,282.18089,33.08094,181.98,4303.5,2.01,1.81,-48.2,-0.417,19.61,20.78,02a59383o0418o
59383.45852,-20.804,2.342,-17,40,o,0,0.98,282.18089,33.08094,478.29,6264.83,1.98,1.81,-40.2,-0.433,17.71,18.7,02a59383o0448o
59383.462359,21.804,2.208,7,15,o,0,1.2,282.18089,33.08094,536.05,6340.45,2.04,1.8,-50.7,-0.436,19.18,20.34,02a59383o0455o
59383.469617,21.934,2.406,6,15,o,0,0.72,282.18089,33.08094,127.57,4224.37,2.03,1.81,-45.5,-0.406,19.64,20.87,02a59383o0469o
59383.490336,-20.989,0.635,-15,9,o,0,1.35,282.18089,33.08094,550.64,6224.88,1.91,1.81,-35.9,-0.445,19.66,20.82,02a59383o0511o
59383.492044,20.582,0.845,21,18,o,0,0.63,282.18089,33.08094,10488.65,6232.44,2.21,1.98,-54.6,-0.458,19.58,20.78,02a59383o0514o
59385.400085,21.47,1.496,9,14,o,0,0.8,282.18089,33.08094,2612.01,4705.66,2.07,1.8,85.2,-0.431,19.37,20.11,01a59385o0131o
59385.431917,-20.758,0.602,-18,11,o,0,1.41,282.18089,33.08094,2591.87,4668.68,1.97,1.78,81.3,-0.439,19.48,20.29,01a59385o0196o
59385.437309,21.964,1.877,6,11,o,0,0.74,282.18089,33.08094,2650.34,4744.82,1.97,1.77,80.0,-0.44,19.58,20.44,01a59385o0207o
59385.462138,-21.271,0.853,-11,10,o,0,1.36,282.18089,33.08094,2667.32,4627.33,1.91,1.81,87.2,-0.428,19.6,20.44,01a59385o0257o
59387.431218,-23.408,12.667,-2,20,o,0,1.56,282.18089,33.08094,8337.89,7896.58,2.39,2.2,-68.4,-0.435,18.98,19.61,02a59387o0408o
59387.461344,-20.52,0.985,-22,22,o,0,1.07,282.18089,33.08094,2237.19,2638.85,2.06,1.95,-55.8,-0.442,18.84,19.24,02a59387o0471o
59387.46725,20.963,1.185,15,18,o,0,1.16,282.18089,33.08094,2298.49,2719.86,2.07,1.97,-52.9,-0.444,19.09,19.66,02a59387o0482o
59387.471316,-21.359,1.433,-10,15,o,0,1.14,282.18089,33.08094,2316.5,2601.79,2.02,1.96,-48.9,-0.448,19.12,19.68,02a59387o0490o
59389.399953,-22.021,3.558,-6,20,o,0,1.11,282.18089,33.08094,2607.93,4705.38,1.79,1.76,-87.3,-0.428,18.95,19.07,01a59389o0335o
59389.406456,26.156,154.0,0,19,o,0,0.76,282.18089,33.08094,2588.36,4667.58,1.74,1.72,87.5,-0.431,18.97,19.08,01a59389o0349o
59389.409257,22.686,6.979,3,21,o,0,0.55,282.18089,33.08094,2647.63,4743.6,1.76,1.73,69.3,-0.429,18.99,19.08,01a59389o0355o
59389.441774,-20.821,1.225,-17,21,o,0,0.86,282.18089,33.08094,2666.88,4629.57,1.78,1.67,-88.6,-0.443,18.99,19.11,01a59389o0421o
59391.389616,-20.608,1.029,-21,21,o,0,1.54,282.18089,33.08094,8329.17,7892.99,2.22,2.11,-85.1,-0.444,18.94,19.38,02a59391o0314o
59391.422883,21.045,1.798,14,25,o,0,0.86,282.18089,33.08094,8356.92,7939.88,2.25,2.14,-84.5,-0.443,18.96,19.51,02a59391o0383o
59391.44941,20.784,0.916,18,16,o,0,1.32,282.18089,33.08094,2303.2,2716.06,2.0,1.95,-65.6,-0.449,19.03,19.47,02a59391o0436o
59391.474384,-20.854,1.266,-16,21,o,0,0.59,282.18089,33.08094,2316.33,2597.0,1.94,1.93,-51.1,-0.461,19.05,19.55,02a59391o0488o
59393.46739,-21.687,1.465,-8,11,o,0,0.91,282.18089,33.08094,7816.35,3917.23,1.94,1.86,-88.7,-0.42,19.51,20.21,01a59393o0478o
59393.493227,20.809,0.61,17,10,o,0,1.29,282.18089,33.08094,7840.79,3950.3,2.0,1.86,-20.9,-0.401,19.54,20.29,01a59393o0529o
59393.500072,-21.051,0.757,-14,10,o,0,1.26,282.18089,33.08094,7782.2,3873.85,1.99,1.86,-63.4,-0.408,19.51,20.27,01a59393o0542o
59393.510809,-21.262,1.153,-11,13,o,0,0.61,282.18089,33.08094,7767.11,3989.36,2.08,1.95,-19.4,-0.397,19.44,20.25,01a59393o0563o
59397.483759,23.644,8.8,1,11,o,0,0.81,282.18089,33.08094,7824.44,3914.94,2.12,1.92,-75.6,-0.405,19.64,20.79,01a59397o0510o
59397.487952,20.886,0.636,16,10,o,0,0.83,282.18089,33.08094,7844.24,3952.12,2.02,1.85,-72.8,-0.415,19.78,20.86,01a59397o0518o
59397.502065,21.254,0.708,11,8,o,0,1.5,282.18089,33.08094,7787.82,3874.79,2.05,1.89,-63.7,-0.405,19.67,20.74,01a59397o0545o
59397.530712,-21.3,0.963,-11,11,o,0,0.76,282.18089,33.08094,7777.57,3988.96,2.1,1.86,-74.5,-0.413,19.66,20.63,01a59397o0603o
59401.388463,21.861,1.439,6,9,o,0,1.07,282.18089,33.08094,254.72,2823.76,1.8,1.63,72.8,-0.422,19.93,21.3,01a59401o0320o
59401.397582,-23.39,5.222,-2,8,o,0,0.67,282.18089,33.08094,232.43,2786.7,1.78,1.59,70.0,-0.424,19.96,21.31,01a59401o0339o
59401.423351,-21.541,0.953,-9,8,o,0,0.99,282.18089,33.08094,10254.83,7681.22,2.17,1.86,77.2,-0.412,19.85,21.25,01a59401o0388o
59401.426579,21.76,1.187,7,8,o,0,1.09,282.18089,33.08094,10238.56,7798.0,2.12,1.82,76.0,-0.41,19.89,21.2,01a59401o0395o
59401.479617,20.747,0.641,18,12,o,0,0.67,282.18089,33.08094,187.2,7820.04,1.81,1.55,-77.3,-0.448,19.79,21.0,01a59401o0502o
59401.500329,23.091,5.697,2,12,o,0,0.63,282.18089,33.08094,210.23,7856.34,1.86,1.6,-79.8,-0.44,19.71,20.87,01a59401o0543o
59401.503721,-22.94,3.263,-2,8,o,0,1.86,282.18089,33.08094,150.1,7776.99,1.86,1.6,-77.8,-0.439,19.78,20.89,01a59401o0550o
59401.51305,24.123,17.7,1,14,o,0,0.49,282.18089,33.08094,132.32,7892.83,1.87,1.62,-76.1,-0.434,19.41,20.49,01a59401o0568o
59403.40143,20.888,0.575,16,9,c,0,1.04,282.18089,33.08094,1819.43,2169.12,2.55,2.31,-57.3,-0.415,19.7,21.69,02a59403o0341c
59403.403258,23.44,7.455,2,11,c,0,0.45,282.18089,33.08094,1838.89,2209.48,2.58,2.39,-54.0,-0.409,19.71,21.71,02a59403o0345c
59403.429282,21.139,0.805,13,10,c,0,0.78,282.18089,33.08094,8817.82,8444.24,2.61,2.52,-74.5,-0.406,19.74,21.71,02a59403o0398c
59403.448042,-23.147,5.077,-2,10,c,0,0.78,282.18089,33.08094,8828.29,8324.49,2.71,2.57,-60.5,-0.398,19.72,21.72,02a59403o0436c
59405.379667,-22.273,2.509,-4,11,o,0,0.71,282.18089,33.08094,10375.28,2786.08,2.13,1.85,-82.0,-0.429,19.85,21.18,01a59405o0291o
59405.380128,21.966,1.787,6,11,o,0,0.68,282.18089,33.08094,257.14,2823.74,1.82,1.65,72.6,-0.424,19.9,21.22,01a59405o0292o
59405.386415,20.894,0.587,16,9,o,0,0.76,282.18089,33.08094,234.07,2788.03,1.81,1.62,73.1,-0.428,19.91,21.23,01a59405o0304o
59405.386876,21.076,0.665,14,9,o,0,0.95,282.18089,33.08094,10352.79,2747.78,2.16,1.83,-81.5,-0.421,19.9,21.18,01a59405o0305o
59405.388719,22.399,2.643,4,10,o,0,0.67,282.18089,33.08094,10412.84,2825.87,2.32,1.96,-83.6,-0.409,19.77,21.19,01a59405o0309o
59405.389179,21.37,0.776,10,8,o,0,0.98,282.18089,33.08094,294.41,2863.37,1.8,1.65,75.0,-0.427,19.93,21.23,01a59405o0310o
59405.394245,20.924,0.708,16,11,o,0,0.54,282.18089,33.08094,312.22,2747.59,1.77,1.66,70.3,-0.426,19.9,21.21,01a59405o0320o
59405.423745,21.84,1.544,7,10,o,0,1.01,282.18089,33.08094,115.81,7905.06,1.87,1.64,-81.9,-0.432,19.78,21.1,01a59405o0380o
59407.417869,-21.656,5.882,-8,46,c,0,0.83,282.18089,33.08094,8760.03,8364.11,2.67,2.58,52.7,-0.387,18.39,20.05,02a59407o0365c
59407.420785,23.156,27.667,2,55,c,0,1.61,282.18089,33.08094,8817.92,8445.61,2.71,2.53,45.3,-0.388,17.93,19.48,02a59407o0371c
59407.42713,-22.909,7.455,-2,19,c,0,0.65,282.18089,33.08094,8835.97,8330.09,2.7,2.57,44.1,-0.388,19.22,20.99,02a59407o0384c
59409.423367,24.998,24.75,0,9,o,0,1.04,282.18089,33.08094,5556.59,2021.98,2.12,2.07,-72.3,-0.412,19.75,21.3,01a59409o0388o
59409.453687,21.042,0.655,14,9,o,0,0.77,282.18089,33.08094,5582.16,2053.61,2.02,1.94,-56.7,-0.414,19.77,21.2,01a59409o0447o
59409.45938,22.278,1.582,4,7,o,0,1.5,282.18089,33.08094,5526.63,1976.08,2.0,1.94,-43.2,-0.416,19.73,21.16,01a59409o0458o
59409.462908,-21.034,0.677,-14,10,o,0,0.8,282.18089,33.08094,5509.3,2092.5,2.12,2.06,-57.5,-0.411,19.73,21.14,01a59409o0465o
59413.449006,21.856,1.616,7,11,o,0,0.67,282.18089,33.08094,5564.97,2016.02,2.15,2.03,-80.3,-0.41,19.63,20.93,01a59413o0438o
59413.452035,-21.692,1.234,-8,9,o,0,0.87,282.18089,33.08094,5582.87,2053.47,2.02,1.93,-63.7,-0.413,19.7,20.93,01a59413o0443o
59413.476074,-21.658,1.607,-8,13,o,0,0.69,282.18089,33.08094,5534.26,1970.98,2.56,2.47,-67.9,-0.374,19.36,20.82,01a59413o0492o
59413.504569,-21.448,1.183,-10,11,o,0,0.74,282.18089,33.08094,5523.79,2087.53,2.13,2.07,-66.1,-0.401,19.52,20.61,01a59413o0551o
59415.421163,-20.016,0.474,-36,17,o,0,0.93,282.18089,33.08094,8493.43,6363.79,2.27,2.12,47.8,-0.428,19.19,19.92,02a59415o0375o
59415.425011,21.205,1.262,12,15,o,0,1.01,282.18089,33.08094,8476.23,6325.2,2.27,2.1,32.2,-0.422,19.17,19.92,02a59415o0382o
59415.430427,-20.913,1.142,-16,18,o,0,0.83,282.18089,33.08094,8534.98,6404.85,2.33,2.18,38.7,-0.421,19.11,19.91,02a59415o0393o
59415.461177,-22.414,4.212,-4,16,o,0,0.98,282.18089,33.08094,8545.31,6284.09,2.23,2.16,49.5,-0.427,19.11,19.86,02a59415o0456o
59417.38956,-21.669,2.4,-8,19,o,0,1.15,282.18089,33.08094,2098.55,6195.36,2.11,2.06,-57.6,-0.404,18.8,19.15,01a59417o0328o
59417.413604,18.143,0.47,201,94,o,0,0.99,282.18089,33.08094,2126.14,6228.88,2.08,2.0,-65.9,-0.413,16.83,16.67,01a59417o0378o
59417.41683,-16.987,1.52,-582,885,o,0,0.84,282.18089,33.08094,2067.79,6151.04,2.2,2.09,-79.7,-0.422,15.34,14.85,01a59417o0385o
59417.422984,19.593,1.513,53,80,o,0,1.7,282.18089,33.08094,2050.81,6265.26,2.24,2.18,-79.7,-0.397,17.3,17.28,01a59417o0397o
59419.41586,22.105,3.426,5,18,o,0,1.19,282.18089,33.08094,6169.67,506.37,1.95,1.73,-56.0,-0.458,18.8,19.14,02a59419o0381o
59419.419535,20.28,0.834,28,23,o,0,0.87,282.18089,33.08094,6150.81,467.1,2.0,1.75,-53.9,-0.466,18.79,19.13,02a59419o0389o
59419.43585,22.117,4.5,5,23,o,0,0.87,282.18089,33.08094,6208.51,543.82,1.96,1.73,-54.4,-0.456,18.76,19.1,02a59419o0422o
59419.448758,22.186,5.255,5,26,o,0,0.85,282.18089,33.08094,6229.52,429.86,2.0,1.73,-54.1,-0.454,18.71,19.05,02a59419o0450o
59420.383643,19.942,0.541,38,21,o,0,0.82,282.18089,33.08094,6166.63,504.94,2.08,1.73,-52.0,-0.459,19.04,19.45,02a59420o0312o
59420.387324,21.201,1.413,12,17,o,0,1.07,282.18089,33.08094,6146.08,465.61,2.01,1.68,-50.7,-0.465,19.06,19.45,02a59420o0320o
59420.392823,-21.875,3.0,-6,19,o,0,0.69,282.18089,33.08094,6205.86,544.38,2.03,1.67,-52.0,-0.462,19.09,19.45,02a59420o0332o
59420.403367,21.763,1.744,7,12,o,0,2.86,282.18089,33.08094,6226.52,428.04,2.04,1.66,-51.3,-0.455,18.94,19.34,02a59420o0355o
59424.415316,-21.999,2.692,-6,16,o,0,0.65,282.18089,33.08094,6170.72,508.9,2.27,1.93,-51.2,-0.432,19.37,20.5,02a59424o0373o
59424.418556,-24.04,18.375,-1,16,o,0,1.03,282.18089,33.08094,6148.69,466.94,2.2,1.88,-54.2,-0.431,19.27,20.26,02a59424o0380o
59424.425989,-19.517,0.281,-57,16,o,0,0.9,282.18089,33.08094,6208.69,544.59,2.27,2.02,-58.5,-0.436,19.23,20.21,02a59424o0396o
59424.460299,-20.915,1.114,-16,17,o,0,1.24,282.18089,33.08094,6229.22,426.44,2.14,1.86,-54.5,-0.445,19.15,20.01,02a59424o0468o
59425.465097,25.738,68.5,0,13,o,0,0.67,282.18089,33.08094,9619.45,2187.7,2.22,2.03,-41.0,-0.388,19.5,20.43,01a59425o0489o
59425.467898,-20.31,0.485,-27,13,o,0,0.83,282.18089,33.08094,9637.22,2226.59,2.32,2.03,-77.8,-0.404,19.46,20.4,01a59425o0495o
59425.490389,21.492,1.352,9,12,o,0,1.07,282.18089,33.08094,9583.41,2153.5,2.4,2.08,-73.5,-0.401,19.44,20.25,01a59425o0542o
59425.495493,-20.693,0.699,-19,13,o,0,0.96,282.18089,33.08094,9562.7,2272.57,2.38,2.1,-74.8,-0.399,19.37,20.23,01a59425o0553o
59426.369723,20.559,0.381,22,8,c,0,0.99,282.18089,33.08094,9600.84,2202.68,2.6,2.33,-75.3,-0.399,20.02,22.03,01a59426o0291c
59426.372949,23.243,5.437,2,10,c,0,0.54,282.18089,33.08094,9620.51,2240.54,2.65,2.39,-71.9,-0.388,19.98,22.04,01a59426o0298c
59426.392706,-25.013,26.0,0,9,c,0,0.87,282.18089,33.08094,9569.28,2160.68,2.73,2.39,-71.6,-0.388,19.93,22.03,01a59426o0338c
59426.405765,21.129,0.716,13,9,c,0,1.49,282.18089,33.08094,9552.38,2276.61,2.77,2.44,-72.1,-0.371,19.87,21.93,01a59426o0363c
59429.467985,21.881,1.393,6,9,c,0,1.01,282.18089,33.08094,9616.8,2193.03,2.63,2.32,-70.9,-0.394,19.94,21.81,01a59429o0499c
59429.472184,21.199,0.841,12,10,c,0,0.67,282.18089,33.08094,9638.47,2232.5,2.6,2.33,-72.5,-0.387,19.87,21.8,01a59429o0508c
59429.477963,-21.65,1.254,-8,10,c,0,0.8,282.18089,33.08094,9578.89,2158.24,2.57,2.29,-69.5,-0.394,19.88,21.79,01a59429o0519c
59429.486722,-22.639,2.724,-3,9,c,0,1.02,282.18089,33.08094,9560.89,2275.77,2.58,2.23,-73.7,-0.399,19.87,21.69,01a59429o0536c
59431.472768,23.232,6.867,2,13,o,0,0.89,282.18089,33.08094,6503.19,4501.59,2.29,2.14,42.6,-0.431,19.47,20.72,02a59431o0504o
59431.47616,-21.244,0.99,-12,11,o,0,1.08,282.18089,33.08094,6482.68,4461.63,2.29,2.05,40.3,-0.427,19.47,20.71,02a59431o0510o
59431.483396,25.035,32.0,0,11,o,0,0.92,282.18089,33.08094,6540.02,4535.55,2.27,2.04,41.4,-0.431,19.45,20.7,02a59431o0522o
59431.493912,-22.056,1.957,-6,11,o,0,1.44,282.18089,33.08094,6558.07,4422.01,2.32,2.03,41.4,-0.424,19.46,20.65,02a59431o0543o
59433.509327,21.432,1.0,10,10,c,0,0.93,282.18089,33.08094,6013.41,5969.7,2.83,2.69,-69.8,-0.323,19.55,21.57,01a59433o0583c
59433.512558,22.268,1.861,4,8,c,0,1.42,282.18089,33.08094,6032.93,6008.62,2.69,2.49,-72.7,-0.339,19.6,21.55,01a59433o0590c
59433.518845,-20.872,0.667,-16,11,c,0,0.84,282.18089,33.08094,5968.96,5934.37,2.91,2.69,-78.0,-0.339,19.51,21.48,01a59433o0602c
59433.55443,22.226,2.219,5,10,c,0,1.05,282.18089,33.08094,5948.29,6054.75,2.74,2.59,-66.3,-0.336,19.46,21.37,01a59433o0674c
59435.377458,-21.976,1.639,-6,10,o,0,1.19,282.18089,33.08094,4230.04,2558.5,1.99,1.92,-53.8,-0.451,19.63,21.07,02a59435o0315o
59435.409963,-20.713,0.708,-19,13,o,0,0.73,282.18089,33.08094,4203.37,2518.61,2.0,1.91,-46.8,-0.45,19.62,21.05,02a59435o0382o
59435.41889,22.619,3.281,3,11,o,0,1.03,282.18089,33.08094,4262.99,2595.15,2.02,1.99,9.9,-0.451,19.61,21.04,02a59435o0401o
59435.422094,-21.422,0.979,-10,10,o,0,1.02,282.18089,33.08094,4284.98,2478.99,2.04,1.98,-48.8,-0.449,19.65,21.04,02a59435o0408o
59439.337362,22.585,5.273,3,18,o,0,0.76,282.18089,33.08094,4229.71,2550.71,3.61,3.45,-30.1,-0.443,19.07,21.16,02a59439o0224o
59439.340563,-21.148,1.14,-13,14,o,0,0.78,282.18089,33.08094,4209.9,2515.24,3.22,2.99,-49.3,-0.383,19.2,21.17,02a59439o0231o
59439.347814,-22.453,2.944,-4,11,o,0,1.39,282.18089,33.08094,4269.78,2593.47,3.06,2.97,8.1,-0.39,19.27,21.25,02a59439o0245o
59439.358187,-21.035,1.019,-14,14,o,0,0.94,282.18089,33.08094,4290.41,2476.5,3.38,3.33,-85.5,-0.403,19.17,21.23,02a59439o0267o
59442.315463,23.959,9.385,1,9,o,0,0.96,282.18089,33.08094,6416.91,9955.15,2.0,1.81,-41.3,-0.398,19.65,20.67,01a59442o0127o
59442.320813,22.425,2.472,4,10,o,0,0.87,282.18089,33.08094,6439.81,9992.57,1.98,1.84,-31.5,-0.399,19.7,20.68,01a59442o0138o
59442.327315,20.683,0.562,19,11,o,0,0.68,282.18089,33.08094,6380.93,9913.99,1.96,1.77,-36.7,-0.404,19.74,20.71,01a59442o0152o
59442.33937,-22.602,3.023,-3,10,o,0,0.91,282.18089,33.08094,6364.93,10031.28,2.0,1.86,-42.5,-0.4,19.68,20.69,01a59442o0178o
59443.367485,21.395,1.523,10,15,o,0,0.93,282.18089,33.08094,6200.36,2457.36,1.91,1.84,48.8,-0.442,19.25,19.99,02a59443o0301o
59443.37418,-21.38,1.389,-10,14,o,0,1.16,282.18089,33.08094,6177.73,2416.83,1.98,1.87,47.8,-0.433,19.23,19.96,02a59443o0315o
59443.377381,-21.091,1.129,-13,15,o,0,0.95,282.18089,33.08094,6238.92,2497.3,2.0,1.86,46.6,-0.441,19.25,19.99,02a59443o0322o
59443.401353,20.862,1.18,16,19,o,0,0.66,282.18089,33.08094,6254.16,2379.79,2.85,1.97,89.4,-0.396,19.06,20.04,02a59443o0372o
59445.30446,21.401,1.231,10,12,o,0,0.63,282.18089,33.08094,6409.67,9952.53,2.0,1.91,-52.7,-0.388,19.38,20.03,01a59445o0147o
59445.308157,21.168,1.196,12,15,o,0,0.76,282.18089,33.08094,6431.74,9990.61,2.13,2.04,-60.1,-0.385,19.32,20.03,01a59445o0155o
59445.318326,-23.833,11.467,-1,12,o,0,1.02,282.18089,33.08094,6372.78,9911.57,1.92,1.84,-45.2,-0.393,19.44,20.04,01a59445o0176o
59445.324888,22.625,4.182,3,14,o,0,0.82,282.18089,33.08094,6355.61,10028.75,1.95,1.88,-21.3,-0.391,19.42,20.04,01a59445o0190o
59446.337183,-21.401,1.603,-10,16,o,0,1.0,282.18089,33.08094,6423.37,9948.26,1.98,1.86,-39.0,-0.374,19.27,19.76,01a59446o0245o
59446.340405,21.817,2.06,7,14,o,0,1.3,282.18089,33.08094,6445.93,9987.22,2.09,1.97,-32.5,-0.383,19.23,19.76,01a59446o0252o
59446.345932,20.812,0.64,17,11,o,0,2.17,282.18089,33.08094,6385.34,9909.63,1.98,1.79,-41.7,-0.383,19.27,19.75,01a59446o0264o
59446.357448,19.899,0.446,40,18,o,0,0.62,282.18089,33.08094,6368.04,10025.58,2.02,1.87,-51.4,-0.382,19.26,19.74,01a59446o0289o
59447.349242,-20.957,1.251,-15,19,o,0,0.7,282.18089,33.08094,6205.64,2459.09,1.92,1.85,49.3,-0.435,19.04,19.45,02a59447o0164o
59447.352118,21.967,3.379,6,20,o,0,0.64,282.18089,33.08094,6186.31,2418.82,1.97,1.85,46.7,-0.433,18.99,19.43,02a59447o0170o
59447.364168,-21.071,1.401,-14,19,o,0,0.7,282.18089,33.08094,6243.62,2495.25,1.93,1.86,49.1,-0.439,18.99,19.42,02a59447o0195o
59447.382135,-22.569,5.158,-3,18,o,0,1.12,282.18089,33.08094,6262.96,2381.1,1.92,1.88,57.8,-0.435,18.97,19.34,02a59447o0233o
59449.379582,24.159,19.182,1,15,o,0,0.95,282.18089,33.08094,10447.22,9647.3,1.98,1.79,-83.0,-0.388,19.18,19.47,01a59449o0214o
59449.382822,22.509,3.88,4,14,o,0,0.99,282.18089,33.08094,10468.25,9687.05,1.99,1.76,-77.1,-0.4,19.19,19.47,01a59449o0221o
59449.393925,-25.205,50.0,0,15,o,0,0.94,282.18089,33.08094,10405.35,9610.51,2.03,1.82,-79.9,-0.395,19.15,19.45,01a59449o0245o
59449.404133,20.871,0.88,16,14,o,0,1.22,282.18089,33.08094,10387.66,9729.52,2.07,1.8,-77.5,-0.382,19.15,19.42,01a59449o0267o
59449.434612,-21.234,1.6,-12,19,o,0,1.22,282.18089,33.08094,297.34,9753.59,2.14,1.74,-47.2,-0.48,19.01,19.31,01a59449o0333o
59449.437857,-21.385,2.017,-10,20,o,0,0.64,282.18089,33.08094,316.68,9793.38,2.22,1.7,-42.2,-0.471,19.03,19.3,01a59449o0340o
59449.46173,-20.514,1.025,-23,23,o,0,0.95,282.18089,33.08094,253.69,9711.58,2.37,1.75,-42.3,-0.465,18.97,19.16,01a59449o0391o
59449.470078,19.637,0.397,51,20,o,0,1.61,282.18089,33.08094,232.49,9830.3,2.34,1.85,-43.8,-0.468,18.87,19.11,01a59449o0409o
59451.465389,-20.248,0.742,-29,21,o,0,1.05,282.18089,33.08094,4636.65,6518.71,2.48,2.12,40.4,-0.399,18.81,19.42,02a59451o0498o
59451.468589,-21.924,3.588,-6,22,o,0,0.87,282.18089,33.08094,4617.42,6480.2,2.34,2.06,38.3,-0.405,18.86,19.4,02a59451o0505o
59451.478759,-22.03,3.929,-6,22,o,0,0.96,282.18089,33.08094,4674.08,6557.14,2.4,2.2,35.6,-0.401,18.76,19.31,02a59451o0527o
59451.493027,20.042,0.596,35,21,o,0,1.03,282.18089,33.08094,4690.23,6444.79,2.41,2.06,38.6,-0.404,18.73,19.2,02a59451o0557o
59453.322933,22.972,3.769,2,9,o,0,1.14,282.18089,33.08094,286.07,9770.82,2.31,1.8,-47.6,-0.467,19.79,21.34,01a59453o0216o
59453.327086,21.498,1.17,9,11,o,0,0.74,282.18089,33.08094,306.67,9808.12,2.4,1.88,-43.4,-0.459,19.75,21.21,01a59453o0225o
59453.332649,-21.162,0.731,-12,9,o,0,1.25,282.18089,33.08094,245.48,9726.74,2.49,2.0,-41.7,-0.443,19.65,21.07,01a59453o0236o
59453.344185,21.104,0.925,13,12,o,0,1.0,282.18089,33.08094,226.89,9844.66,2.28,1.79,-44.2,-0.472,19.62,20.84,01a59453o0261o
59454.319924,-21.088,0.656,-13,9,o,0,1.35,282.18089,33.08094,10442.02,9649.19,2.07,1.97,-70.0,-0.392,19.83,21.19,01a59454o0182o
59454.323146,-21.628,1.265,-8,10,o,0,0.63,282.18089,33.08094,10463.88,9687.63,2.04,1.95,-89.4,-0.385,19.85,21.17,01a59454o0189o
59454.328683,20.737,0.582,18,11,o,0,0.63,282.18089,33.08094,10402.18,9610.82,2.13,1.99,-80.2,-0.394,19.8,21.11,01a59454o0201o
59454.333759,22.763,3.611,3,10,o,0,0.8,282.18089,33.08094,294.28,9763.74,2.17,1.64,-42.5,-0.476,19.8,21.11,01a59454o0212o
59454.336984,21.632,1.37,8,11,o,0,0.67,282.18089,33.08094,314.86,9803.76,2.15,1.66,-46.1,-0.482,19.81,21.11,01a59454o0219o
59454.34159,22.186,2.293,5,11,o,0,0.63,282.18089,33.08094,10386.29,9728.52,2.15,1.9,-67.7,-0.406,19.77,21.06,01a59454o0229o
59454.342983,-21.5,0.917,-9,8,o,0,1.13,282.18089,33.08094,254.74,9723.44,2.23,1.72,-44.9,-0.467,19.77,21.06,01a59454o0232o
59454.353608,21.51,1.062,9,10,o,0,0.97,282.18089,33.08094,235.86,9840.01,2.14,1.66,-46.5,-0.481,19.71,20.88,01a59454o0255o
59455.29693,-20.999,0.576,-14,8,c,0,1.1,282.18089,33.08094,4643.94,6522.75,2.38,2.32,66.2,-0.402,19.76,21.7,02a59455o0161c
59455.301111,-22.011,1.625,-6,9,c,0,1.03,282.18089,33.08094,4624.44,6484.99,2.34,2.27,63.1,-0.406,19.73,21.71,02a59455o0170c
59455.317923,22.938,4.0,2,10,c,0,0.8,282.18089,33.08094,4679.75,6558.41,2.34,2.31,-80.5,-0.408,19.78,21.73,02a59455o0205c
59455.327545,23.135,4.294,2,9,c,0,1.07,282.18089,33.08094,4700.76,6445.58,2.33,2.28,59.3,-0.408,19.77,21.72,02a59455o0226c
59457.419252,-22.133,1.948,-5,10,o,0,0.81,282.18089,33.08094,3984.51,4136.89,2.13,1.95,-41.0,-0.413,19.63,20.97,01a59457o0400o
59457.429363,-22.218,1.889,-5,9,o,0,1.17,282.18089,33.08094,4005.36,4174.39,2.12,1.95,-47.3,-0.412,19.61,20.91,01a59457o0420o
59457.457796,-26.341,116.0,0,12,o,0,0.79,282.18089,33.08094,3951.54,4097.82,2.25,2.19,20.1,-0.402,19.37,20.56,01a59457o0478o
59457.465694,-22.609,3.375,-3,11,o,0,1.34,282.18089,33.08094,3926.86,4216.43,2.6,2.44,-41.1,-0.402,19.26,20.46,01a59457o0494o
59460.326428,-22.393,2.857,-4,11,c,0,0.94,282.18089,33.08094,2158.96,716.85,3.11,2.8,-61.7,-0.382,19.6,21.68,02a59460o0111c
59460.32963,-21.327,2.909,-11,31,c,0,1.11,282.18089,33.08094,2138.24,676.93,2.85,2.52,-62.3,-0.386,18.32,20.07,02a59460o0118c
59461.359382,24.735,25.167,0,12,o,0,0.47,282.18089,33.08094,3981.51,4140.8,1.99,1.85,-35.0,-0.421,19.71,20.83,01a59461o0313o
59461.375534,-22.684,3.35,-3,10,o,0,0.74,282.18089,33.08094,4000.4,4178.51,1.96,1.85,-39.6,-0.423,19.7,20.77,01a59461o0347o
59461.404693,-21.596,1.39,-8,12,o,0,0.94,282.18089,33.08094,3944.64,4099.89,2.31,2.09,-43.5,-0.415,19.47,20.65,01a59461o0406o
59461.410277,22.022,1.952,6,11,o,0,0.69,282.18089,33.08094,3926.41,4215.66,2.17,1.95,-37.0,-0.417,19.53,20.66,01a59461o0418o
59464.312912,20.922,0.529,16,8,c,0,1.13,282.18089,33.08094,2163.49,720.6,2.5,2.23,-61.5,-0.417,19.78,21.73,02a59464o0162c
59464.316119,-21.524,0.914,-9,8,c,0,1.18,282.18089,33.08094,2142.5,682.23,2.52,2.2,-60.2,-0.418,19.79,21.73,02a59464o0169c
59464.322177,22.401,2.414,4,10,c,0,0.9,282.18089,33.08094,2202.94,759.35,2.56,2.34,-58.6,-0.416,19.75,21.7,02a59464o0182c
59464.332362,-21.858,1.24,-7,8,c,0,1.01,282.18089,33.08094,2221.96,640.97,2.51,2.28,-61.0,-0.415,19.74,21.66,02a59464o0204c
59465.349138,21.192,0.862,12,10,o,0,0.89,282.18089,33.08094,2406.3,8202.81,1.92,1.61,-42.7,-0.414,19.8,20.89,01a59465o0296o
59465.352373,20.72,0.472,19,9,o,0,0.84,282.18089,33.08094,2424.98,8241.71,1.96,1.62,-41.5,-0.414,19.77,20.89,01a59465o0303o
59465.374472,22.151,1.972,5,10,o,0,1.2,282.18089,33.08094,2363.89,8163.75,1.99,1.66,-42.8,-0.414,19.7,20.74,01a59465o0350o
59465.403684,22.359,2.42,4,10,o,0,1.04,282.18089,33.08094,2345.11,8279.88,2.14,1.82,-46.8,-0.41,19.61,20.78,01a59465o0410o
59467.2865,21.987,1.468,6,8,c,0,0.96,282.18089,33.08094,484.31,4367.46,2.47,2.25,-49.9,-0.397,19.77,21.68,02a59467o0155c
59467.288339,23.564,6.2,1,8,c,0,0.91,282.18089,33.08094,10419.47,4373.81,2.53,2.35,-56.9,-0.421,19.75,21.68,02a59467o0159c
59467.289711,26.193,81.0,0,10,c,0,0.62,282.18089,33.08094,465.44,4328.95,2.42,2.22,-53.7,-0.406,19.78,21.69,02a59467o0162c
59467.292001,21.553,0.969,9,8,c,0,1.09,282.18089,33.08094,10400.1,4332.26,2.57,2.33,-56.9,-0.414,19.76,21.69,02a59467o0167c
59467.301037,-21.874,1.208,-6,8,c,0,1.45,282.18089,33.08094,523.44,4403.49,2.42,2.22,-51.6,-0.408,19.75,21.71,02a59467o0186c
59467.301952,-21.07,0.557,-14,8,c,0,1.54,282.18089,33.08094,10458.31,4411.98,2.58,2.36,-55.5,-0.423,19.75,21.71,02a59467o0188c
59467.307085,-21.828,1.228,-7,8,c,0,0.93,282.18089,33.08094,544.48,4287.66,2.36,2.18,-52.6,-0.425,19.78,21.72,02a59467o0199c
59467.307542,-23.799,9.0,-1,10,c,0,1.04,282.18089,33.08094,10479.37,4297.04,2.56,2.31,-54.9,-0.432,19.78,21.72,02a59467o0200c
59469.298488,20.834,0.84,17,14,o,0,0.7,282.18089,33.08094,2388.71,8244.97,2.87,2.51,-43.9,-0.465,19.34,20.89,01a59469o0091o
59469.301714,-21.68,1.761,-8,14,o,0,0.99,282.18089,33.08094,2410.28,8283.8,2.86,2.51,-45.8,-0.465,19.35,20.89,01a59469o0098o
59469.312121,21.133,1.25,13,16,o,0,0.64,282.18089,33.08094,2348.97,8204.15,2.88,2.49,-43.9,-0.49,19.35,20.87,01a59469o0120o
59469.33106,22.091,2.677,5,14,o,0,0.96,282.18089,33.08094,2334.45,8319.54,2.89,2.51,-45.0,-0.467,19.34,20.9,01a59469o0160o
59473.361583,-21.845,5.731,-7,38,o,0,0.98,282.18089,33.08094,9976.63,4119.74,3.17,2.83,-63.5,-0.457,18.28,19.32,01a59473o0128o
59473.36531,-16.849,0.762,-661,504,o,0,1.46,282.18089,33.08094,9996.96,4157.97,3.19,2.87,-65.1,-0.477,15.52,15.8,01a59473o0136o
59473.370857,17.902,1.603,251,402,o,0,0.77,282.18089,33.08094,9936.59,4085.9,3.02,2.87,-59.9,-0.459,15.12,15.68,01a59473o0148o
59475.338363,21.668,2.515,8,20,o,0,1.52,282.18089,33.08094,8180.67,429.02,2.4,1.89,-52.5,-0.441,18.92,19.51,02a59475o0281o
59475.341581,-19.184,0.301,-77,23,o,0,1.19,282.18089,33.08094,8161.11,388.27,2.46,1.97,-52.8,-0.42,18.9,19.5,02a59475o0288o
59475.348494,19.919,0.67,39,26,o,0,0.85,282.18089,33.08094,8221.73,469.21,2.42,1.98,-53.6,-0.43,18.87,19.46,02a59475o0303o
59475.363075,-20.174,1.019,-31,32,o,0,0.66,282.18089,33.08094,8242.42,350.05,2.6,2.12,-49.8,-0.419,18.55,19.06,02a59475o0334o
59476.279596,-20.612,1.179,-21,24,o,0,0.98,282.18089,33.08094,8173.66,424.53,2.59,1.97,-53.4,-0.426,18.82,19.4,02a59476o0157o
59476.282802,20.449,0.898,24,22,o,0,1.08,282.18089,33.08094,8153.64,385.75,2.26,1.77,-56.5,-0.436,18.96,19.44,02a59476o0164o
59476.288418,21.608,2.786,8,23,o,0,0.87,282.18089,33.08094,8213.4,465.02,2.5,1.88,-54.2,-0.436,18.94,19.5,02a59476o0176o
59476.29941,-21.684,3.397,-8,26,o,0,0.5,282.18089,33.08094,8233.92,346.62,2.51,1.78,-53.4,-0.44,18.98,19.46,02a59476o0200o
59479.266946,-22.757,5.727,-3,16,o,0,1.17,282.18089,33.08094,8184.59,429.52,2.13,1.59,-53.6,-0.467,19.14,19.75,02a59479o0133o
59479.270698,22.926,6.25,2,15,o,0,1.39,282.18089,33.08094,8165.16,389.05,2.18,1.58,-52.8,-0.452,19.19,19.73,02a59479o0141o
59479.276193,21.694,2.172,8,17,o,0,1.19,282.18089,33.08094,8224.61,467.18,2.17,1.58,-53.1,-0.462,19.16,19.71,02a59479o0153o
59479.289504,-21.978,3.433,-6,20,o,0,0.94,282.18089,33.08094,8245.8,351.43,2.26,1.73,-54.3,-0.44,19.07,19.66,02a59479o0182o
59480.2748,-20.775,0.96,-18,17,o,0,0.97,282.18089,33.08094,8179.76,427.65,2.4,1.66,-53.2,-0.451,19.27,20.05,02a59480o0160o
59480.278065,-25.19,59.667,0,18,o,0,0.76,282.18089,33.08094,8159.62,387.99,2.32,1.75,-54.0,-0.446,19.26,20.04,02a59480o0167o
59480.28448,22.512,4.943,4,18,o,0,1.12,282.18089,33.08094,8218.86,466.47,2.34,1.76,-55.1,-0.439,19.22,20.02,02a59480o0181o
59480.306053,-21.334,1.648,-11,18,o,0,0.92,282.18089,33.08094,8240.37,347.5,2.33,1.67,-51.4,-0.442,19.27,19.91,02a59480o0228o
59481.326414,-22.235,4.231,-5,20,o,0,0.94,282.18089,33.08094,8308.15,7794.57,2.79,2.7,-80.5,-0.454,19.08,20.13,01a59481o0276o
59481.333804,21.662,2.477,8,20,o,0,0.88,282.18089,33.08094,8329.16,7832.91,2.79,2.7,83.5,-0.452,19.04,20.09,01a59481o0292o
59481.336596,20.024,0.588,36,21,o,0,0.88,282.18089,33.08094,8267.22,7758.02,2.79,2.69,88.7,-0.457,19.04,20.08,01a59481o0298o
59481.351846,-21.038,1.377,-14,19,o,0,1.19,282.18089,33.08094,8248.18,7875.74,2.8,2.71,-85.4,-0.454,18.95,20.01,01a59481o0331o
59485.247164,-21.103,1.0,-13,13,o,0,0.82,282.18089,33.08094,8297.18,7796.36,2.76,2.71,60.6,-0.448,19.46,21.08,01a59485o0110o
59485.250387,-24.043,14.8,-1,13,o,0,0.94,282.18089,33.08094,8318.58,7834.84,2.81,2.72,77.9,-0.446,19.47,21.09,01a59485o0117o
59485.261172,-21.653,1.622,-8,13,o,0,0.76,282.18089,33.08094,8258.09,7758.31,2.79,2.73,65.2,-0.445,19.43,21.05,01a59485o0139o
59485.274726,-24.581,21.0,0,11,o,0,1.13,282.18089,33.08094,8243.32,7875.08,2.82,2.74,69.8,-0.443,19.46,21.02,01a59485o0167o
59487.297419,-21.058,0.885,-14,12,o,0,1.52,282.18089,33.08094,2823.16,8193.49,2.25,2.23,30.2,-0.408,19.41,20.63,02a59487o0222o
59487.300619,-20.531,0.588,-22,13,o,0,1.07,282.18089,33.08094,2804.32,8154.36,2.31,2.24,61.2,-0.412,19.4,20.61,02a59487o0229o
59487.306567,-22.361,2.971,-4,12,o,0,1.34,282.18089,33.08094,2861.06,8231.55,2.26,2.16,46.9,-0.405,19.44,20.62,02a59487o0242o
59487.32125,21.436,1.455,10,14,o,0,0.98,282.18089,33.08094,2879.87,8113.3,2.32,2.23,44.3,-0.403,19.4,20.61,02a59487o0274o
59489.30619,-20.306,0.628,-27,17,o,0,0.73,282.18089,33.08094,3613.59,2119.2,2.78,2.65,-46.1,-0.468,19.27,20.68,01a59489o0194o
59489.310346,22.852,6.667,3,18,o,0,1.03,282.18089,33.08094,3632.21,2157.25,2.89,2.68,-48.1,-0.466,19.06,20.56,01a59489o0203o
59489.317725,-16.673,1.026,-778,798,o,0,1.19,282.18089,33.08094,3575.15,2080.93,2.71,2.53,-44.6,-0.511,14.84,16.06,01a59489o0219o
59489.381345,-21.887,2.567,-6,16,o,0,1.07,282.18089,33.08094,3568.08,2203.06,3.0,2.94,21.7,-0.425,19.04,20.57,01a59489o0232o
59491.307258,-22.919,7.048,-2,17,o,0,0.74,282.18089,33.08094,2611.8,4707.49,2.28,1.87,39.3,-0.439,19.36,20.46,02a59491o0245o
59491.310947,-20.725,0.704,-19,13,o,0,0.8,282.18089,33.08094,2592.11,4668.37,2.14,1.84,38.9,-0.445,19.47,20.56,02a59491o0253o
59491.317832,22.243,2.439,5,11,o,0,1.27,282.18089,33.08094,2650.77,4744.46,2.29,1.89,38.5,-0.441,19.46,20.62,02a59491o0268o
59491.332967,-21.957,2.127,-6,13,o,0,0.82,282.18089,33.08094,2675.91,4624.75,2.23,1.88,41.3,-0.437,19.47,20.59,02a59491o0301o
59493.25239,-20.942,0.78,-15,12,o,0,1.43,282.18089,33.08094,3599.41,2128.91,2.75,2.55,-45.5,-0.483,19.35,20.71,01a59493o0130o
59493.275348,-20.91,0.912,-16,14,o,0,0.65,282.18089,33.08094,3622.21,2165.78,2.77,2.62,-46.9,-0.474,19.31,20.69,01a59493o0178o
59493.29258,20.85,0.949,17,16,o,0,0.88,282.18089,33.08094,3565.55,2088.06,2.71,2.55,-46.9,-0.487,19.29,20.64,01a59493o0213o
59497.286884,20.712,1.08,19,20,o,0,0.77,282.18089,33.08094,1706.91,2238.2,3.1,2.92,-47.4,-0.475,19.05,20.32,01a59497o0211o
59497.29012,21.55,2.378,9,21,o,0,0.81,282.18089,33.08094,1726.98,2277.53,2.91,2.75,-47.8,-0.495,19.12,20.31,01a59497o0218o
59497.297037,-21.012,1.366,-14,20,o,0,0.89,282.18089,33.08094,1668.93,2198.58,2.97,2.82,-46.3,-0.486,19.09,20.35,01a59497o0233o
59497.310981,23.47,11.143,2,17,o,0,1.1,282.18089,33.08094,1655.34,2314.74,3.07,2.91,-47.5,-0.471,19.04,20.35,01a59497o0263o
59501.246646,23.691,15.429,1,19,o,0,1.16,282.18089,33.08094,1686.13,2262.7,2.75,2.52,-45.9,-0.53,19.09,20.13,01a59501o0127o
59501.272408,24.31,29.75,1,20,o,0,1.11,282.18089,33.08094,1713.45,2306.19,2.73,2.51,-48.6,-0.527,19.0,20.04,01a59501o0180o
59501.275163,20.76,1.162,18,21,o,0,0.98,282.18089,33.08094,1654.29,2227.58,2.83,2.55,-49.2,-0.533,19.01,20.02,01a59501o0185o
59501.28188,-20.556,1.008,-22,22,o,0,0.93,282.18089,33.08094,1640.39,2345.11,2.79,2.52,-48.1,-0.538,19.01,19.99,01a59501o0198o
59505.267691,20.198,1.371,30,42,o,0,0.86,282.18089,33.08094,2036.15,4298.04,2.85,2.55,-48.5,-0.499,18.21,18.79,01a59505o0180o
59505.273222,20.142,0.896,32,28,o,0,1.04,282.18089,33.08094,2057.57,4337.46,2.81,2.54,-48.5,-0.506,18.48,19.19,01a59505o0192o
59505.285701,20.216,0.831,30,25,o,0,1.15,282.18089,33.08094,2000.36,4261.29,2.79,2.55,-52.8,-0.502,18.64,19.47,01a59505o0219o
59505.290788,-20.718,1.526,-19,29,o,0,0.83,282.18089,33.08094,1986.13,4378.91,2.88,2.66,-51.5,-0.487,18.6,19.39,01a59505o0230o
59507.268758,20.219,0.685,30,20,o,0,1.16,282.18089,33.08094,273.11,2814.17,1.99,1.84,-50.8,-0.444,18.76,19.13,02a59507o0183o
59507.273356,-20.405,0.809,-25,20,o,0,1.0,282.18089,33.08094,254.56,2776.37,2.02,1.84,-53.5,-0.431,18.75,19.11,02a59507o0193o
59507.27427,-21.699,3.784,-8,29,o,0,0.7,282.18089,33.08094,10391.24,2821.78,2.2,1.8,-50.2,-0.466,18.82,19.2,02a59507o0195o
59507.277963,22.165,4.125,5,20,o,0,1.17,282.18089,33.08094,10371.79,2781.88,2.2,1.8,-50.9,-0.466,18.81,19.19,02a59507o0203o
59507.279792,-20.964,1.287,-15,19,o,0,1.28,282.18089,33.08094,315.16,2852.04,1.92,1.85,-51.3,-0.441,18.7,19.07,02a59507o0207o
59507.284844,-23.149,13.368,-2,27,o,0,0.66,282.18089,33.08094,10431.21,2861.01,2.22,1.82,-50.0,-0.464,18.75,19.14,02a59507o0218o
59507.289887,-20.8,1.293,-17,22,o,0,0.89,282.18089,33.08094,337.63,2732.9,2.02,1.85,-51.3,-0.442,18.66,18.99,02a59507o0229o
59507.301831,24.832,63.5,0,27,o,0,0.83,282.18089,33.08094,10455.15,2742.26,2.26,1.78,-50.0,-0.459,18.67,19.02,02a59507o0255o
59509.216309,21.109,1.457,13,19,o,0,0.8,282.18089,33.08094,2023.07,4303.35,2.67,2.46,-44.8,-0.507,19.08,20.06,01a59509o0073o
59509.237701,21.306,1.75,11,19,o,0,0.91,282.18089,33.08094,2048.14,4341.73,2.64,2.46,-42.9,-0.508,18.97,19.82,01a59509o0118o
59509.241424,-20.11,0.542,-33,18,o,0,1.14,282.18089,33.08094,1987.12,4264.6,2.75,2.55,-50.6,-0.497,18.93,19.8,01a59509o0126o
59509.258014,21.1,1.684,13,22,o,0,1.08,282.18089,33.08094,1972.81,4380.95,2.69,2.49,-44.2,-0.506,18.89,19.7,01a59509o0160o
59511.199062,-21.05,1.414,-14,20,o,0,0.72,282.18089,33.08094,274.9,2822.66,2.53,1.94,-54.5,-0.411,19.18,20.0,02a59511o0032o
59511.210555,-22.109,3.316,-5,17,o,0,0.57,282.18089,33.08094,257.94,2781.47,2.62,2.15,-50.4,-0.411,19.37,20.57,02a59511o0057o
59511.211928,-21.415,1.517,-10,15,o,0,0.88,282.18089,33.08094,10395.87,2823.49,2.35,1.87,-58.1,-0.468,19.44,20.61,02a59511o0060o
59511.214247,20.327,0.488,27,13,o,0,1.0,282.18089,33.08094,318.61,2857.34,2.51,2.08,-48.7,-0.419,19.39,20.57,02a59511o0065o
59511.214704,-22.691,3.5,-3,11,o,0,1.56,282.18089,33.08094,10375.6,2782.37,2.45,1.89,-56.5,-0.449,19.46,20.61,02a59511o0066o
59511.227432,22.136,2.698,5,14,o,0,0.76,282.18089,33.08094,338.83,2735.29,2.39,1.97,-51.3,-0.431,19.42,20.56,02a59511o0093o
59511.238593,20.906,0.91,16,14,o,0,0.85,282.18089,33.08094,10438.19,2858.29,2.47,1.86,-53.1,-0.459,19.41,20.52,02a59511o0117o
59511.255212,22.302,3.789,4,16,o,0,0.7,282.18089,33.08094,10458.95,2740.74,2.45,1.83,-53.6,-0.455,19.38,20.35,02a59511o0152o
59514.22465,-23.212,8.545,-2,16,o,0,0.88,282.18089,33.08094,4501.36,10095.0,2.72,2.66,84.7,-0.464,19.21,20.31,01a59514o0066o
59514.228332,20.935,0.902,15,14,o,0,1.41,282.18089,33.08094,4523.09,10135.44,2.66,2.62,-68.3,-0.471,19.2,20.29,01a59514o0074o
59514.234333,-20.691,0.75,-19,14,o,0,1.29,282.18089,33.08094,4462.19,10058.91,2.65,2.59,-82.5,-0.475,19.2,20.32,01a59514o0087o
59514.244941,25.845,103.0,0,17,o,0,0.59,282.18089,33.08094,4445.24,10179.14,2.66,2.59,-85.4,-0.473,19.19,20.33,01a59514o0110o
59515.255667,20.948,0.778,15,12,c,0,1.03,282.18089,33.08094,4948.4,8567.23,2.48,2.43,41.5,-0.398,19.57,21.12,02a59515o0160c
59515.259333,21.867,1.467,6,10,c,0,1.74,282.18089,33.08094,4931.06,8527.32,2.52,2.46,13.6,-0.4,19.52,21.11,02a59515o0168c
59515.264837,21.711,1.849,8,14,c,0,0.86,282.18089,33.08094,4988.86,8603.66,2.48,2.42,-37.6,-0.402,19.54,21.09,02a59515o0180c
59515.277675,-22.376,2.75,-4,11,c,0,1.42,282.18089,33.08094,5009.84,8483.95,2.52,2.42,-32.4,-0.399,19.49,21.06,02a59515o0208c
59518.196076,-20.58,1.171,-21,25,o,0,1.48,282.18089,33.08094,4495.21,10093.18,2.68,2.6,68.4,-0.476,18.55,19.09,01a59518o0037o
59518.199765,-19.792,0.419,-44,18,o,0,1.25,282.18089,33.08094,4517.34,10131.94,2.67,2.6,77.5,-0.474,18.94,19.84,01a59518o0045o
59518.204897,-21.588,2.373,-8,20,o,0,0.62,282.18089,33.08094,4456.44,10055.23,2.66,2.6,-87.2,-0.471,19.14,20.29,01a59518o0056o
59518.218339,20.147,0.479,32,15,o,0,1.09,282.18089,33.08094,4442.08,10174.95,2.68,2.6,-78.4,-0.475,19.19,20.39,01a59518o0085o
59519.250528,20.716,0.532,19,10,c,0,1.2,282.18089,33.08094,4951.41,8566.01,2.39,2.36,-61.1,-0.405,19.62,21.22,02a59519o0144c
59519.254206,-22.068,2.0,-5,11,c,0,0.85,282.18089,33.08094,4932.63,8526.99,2.4,2.37,60.8,-0.404,19.61,21.21,02a59519o0152c
59519.260624,-20.212,0.405,-30,12,c,0,0.85,282.18089,33.08094,4991.26,8602.55,2.38,2.36,-7.3,-0.405,19.59,21.17,02a59519o0166c
59519.272541,-20.787,0.73,-18,13,c,0,0.79,282.18089,33.08094,5010.46,8484.81,2.43,2.38,43.8,-0.4,19.54,21.1,02a59519o0192c
59521.251875,21.004,1.081,14,16,o,0,0.74,282.18089,33.08094,4071.35,6123.18,2.64,2.62,-54.9,-0.46,19.19,20.44,01a59521o0161o
59521.257404,20.821,0.762,17,13,o,0,1.29,282.18089,33.08094,4089.98,6162.89,2.68,2.61,-35.1,-0.459,19.22,20.43,01a59521o0173o
59521.268463,20.419,0.538,25,13,o,0,1.33,282.18089,33.08094,4031.52,6088.3,2.7,2.56,-41.3,-0.469,19.17,20.37,01a59521o0197o
59521.281014,21.383,1.75,10,18,o,0,0.9,282.18089,33.08094,4013.78,6206.52,2.81,2.59,-45.5,-0.465,19.09,20.33,01a59521o0224o
59523.242537,-21.415,1.254,-10,12,c,0,0.81,282.18089,33.08094,8451.79,4428.38,2.77,2.69,28.6,-0.37,19.45,21.24,02a59523o0138c
59523.246216,20.427,0.546,24,13,c,0,0.96,282.18089,33.08094,8433.32,4387.75,2.93,2.86,-21.0,-0.369,19.39,21.23,02a59523o0146c
59523.251752,23.144,6.455,2,13,c,0,1.0,282.18089,33.08094,8491.87,4466.69,2.85,2.82,-21.2,-0.371,19.36,21.19,02a59523o0158c
59523.264639,-21.22,1.26,-12,15,c,0,1.02,282.18089,33.08094,8514.35,4348.39,3.27,3.17,-28.3,-0.362,19.2,21.12,02a59523o0186c
59529.224364,-20.524,0.871,-22,20,o,0,0.75,282.18089,33.08094,6391.73,8000.68,2.82,2.7,55.8,-0.448,19.09,20.28,01a59529o0074o
59529.227592,22.899,6.231,2,16,o,0,1.38,282.18089,33.08094,6413.46,8039.3,2.91,2.85,80.9,-0.436,19.06,20.27,01a59529o0081o
59529.234972,20.37,0.646,26,17,o,0,1.15,282.18089,33.08094,6352.46,7966.04,2.96,2.93,67.5,-0.439,18.99,20.23,01a59529o0097o
59529.246052,21.248,1.7,12,20,o,0,0.87,282.18089,33.08094,6333.11,8087.18,2.87,2.76,-51.4,-0.46,19.02,20.16,01a59529o0121o
59537.228571,20.379,3.264,26,84,o,0,1.04,282.18089,33.08094,4420.45,8151.74,2.86,2.79,-72.9,-0.47,18.12,18.52,01a59537o0112o
59537.231793,21.113,6.636,13,86,o,0,1.26,282.18089,33.08094,4440.64,8191.19,2.78,2.71,88.6,-0.472,18.11,18.4,01a59537o0119o
59537.238709,20.908,12.676,16,199,o,0,0.98,282.18089,33.08094,4379.65,8115.27,2.73,2.64,-69.0,-0.504,17.54,17.68,01a59537o0134o
59537.248903,20.788,11.411,18,200,o,0,0.82,282.18089,33.08094,4362.18,8234.28,2.86,2.78,70.4,-0.475,17.63,17.78,01a59537o0156o
59539.21891,20.874,1.245,16,20,o,0,0.91,282.18089,33.08094,4562.83,4589.31,2.39,1.88,41.0,-0.426,18.94,19.51,02a59539o0090o
59539.222113,21.817,3.15,7,21,o,0,0.78,282.18089,33.08094,4543.82,4550.23,2.37,1.88,41.6,-0.429,18.9,19.44,02a59539o0097o
59539.22762,20.711,1.042,19,20,o,0,0.82,282.18089,33.08094,4602.32,4627.0,2.34,1.9,38.9,-0.418,18.85,19.31,02a59539o0109o
59539.238166,21.063,1.504,14,20,o,0,1.01,282.18089,33.08094,4621.06,4510.81,2.28,1.94,42.0,-0.43,18.77,19.17,02a59539o0132o
59545.198165,19.847,1.482,42,62,o,0,0.96,282.18089,33.08094,5884.4,4051.57,2.7,2.65,69.2,-0.463,17.87,18.68,01a59545o0049o
59545.204615,-19.658,0.824,-50,41,o,0,0.66,282.18089,33.08094,5905.16,4091.48,2.72,2.67,49.9,-0.46,18.32,19.42,01a59545o0063o
59545.208768,20.73,1.514,18,28,o,0,0.76,282.18089,33.08094,5846.34,4016.5,2.75,2.68,46.4,-0.458,18.66,19.7,01a59545o0072o
59545.221228,-20.939,1.179,-15,18,o,0,1.19,282.18089,33.08094,5830.73,4135.86,2.88,2.81,49.3,-0.435,18.97,20.04,01a59545o0099o
59561.195451,-17.962,0.581,-237,138,o,0,1.28,282.18089,33.08094,185.01,6391.12,3.13,2.64,-47.7,-0.433,17.07,17.47,01a59561o0018o
59561.200989,-21.08,5.521,-13,74,o,0,0.89,282.18089,33.08094,124.74,6313.5,3.01,2.59,-49.6,-0.414,17.7,18.16,01a59561o0030o
59561.212047,-20.538,1.932,-22,43,o,0,0.88,282.18089,33.08094,109.14,6429.24,3.5,2.93,-49.3,-0.373,18.41,19.23,01a59561o0054o
59614.637222,20.848,0.782,17,13,c,0,0.94,282.18089,33.08094,2074.97,4226.24,2.48,2.41,37.3,-0.413,19.32,21.09,02a59614o0926c
59614.642724,23.626,10.375,1,13,c,0,0.63,282.18089,33.08094,2092.84,4264.53,2.55,2.39,39.3,-0.406,19.3,21.11,02a59614o0938c
59614.662626,21.817,2.022,7,14,c,0,0.79,282.18089,33.08094,2031.89,4181.76,2.5,2.34,43.2,-0.408,19.19,20.78,02a59614o0981c
59614.667122,21.269,1.711,11,19,c,0,0.79,282.18089,33.08094,2013.98,4297.62,2.44,2.39,35.7,-0.417,18.75,20.11,02a59614o0989c
59617.637048,-21.433,1.479,-10,14,c,0,0.96,282.18089,33.08094,2076.97,4223.68,2.82,2.77,50.6,-0.389,19.13,21.06,02a59617o0927c
59617.654996,-21.618,1.423,-8,12,c,0,1.45,282.18089,33.08094,2090.33,4261.44,2.53,2.45,24.6,-0.406,19.31,21.02,02a59617o0966c
59617.659172,21.198,1.318,12,16,c,0,0.68,282.18089,33.08094,2031.44,4183.15,2.71,2.68,59.1,-0.401,19.17,20.89,02a59617o0975c
59617.668331,-21.765,2.884,-7,21,c,0,1.38,282.18089,33.08094,2011.96,4297.68,2.68,2.52,26.1,-0.4,18.46,19.74,02a59617o0995c
59621.639907,-21.457,1.744,-10,17,o,0,0.86,282.18089,33.08094,8439.86,4399.45,3.09,3.02,36.3,-0.429,19.12,20.71,01a59621o0926o
59621.650092,-19.421,0.249,-62,15,o,0,1.12,282.18089,33.08094,8422.36,4356.82,3.07,3.03,79.3,-0.435,19.14,20.75,01a59621o0948o
59621.664785,19.985,1.024,37,38,o,0,0.71,282.18089,33.08094,8485.31,4425.51,3.07,3.0,36.2,-0.444,18.33,19.08,01a59621o0979o
59622.64425,21.334,1.475,11,16,o,0,0.65,282.18089,33.08094,4385.92,10071.71,2.04,2.0,-51.9,-0.429,19.46,20.79,02a59622o0931o
59622.648445,20.595,0.646,21,14,o,0,0.97,282.18089,33.08094,4405.33,10110.8,2.0,1.95,-60.6,-0.43,19.46,20.75,02a59622o0940o
59622.655376,21.987,2.113,6,12,o,0,0.95,282.18089,33.08094,4347.32,10033.19,2.14,2.01,-49.4,-0.427,19.43,20.72,02a59622o0955o
59623.634479,21.058,1.266,14,17,o,0,0.95,282.18089,33.08094,8440.25,4403.96,3.07,2.91,-67.7,-0.441,19.09,20.59,01a59623o0929o
59623.65351,20.78,0.878,18,16,o,0,1.06,282.18089,33.08094,8424.53,4357.67,2.79,2.66,-67.0,-0.469,19.16,20.58,01a59623o0970o
59623.661355,-22.527,5.529,-4,20,o,0,1.4,282.18089,33.08094,8485.37,4426.22,3.05,2.85,-68.9,-0.466,18.79,19.95,01a59623o0987o
59623.668302,20.198,1.916,30,58,o,0,0.94,282.18089,33.08094,8504.79,4307.55,2.96,2.7,-63.6,-0.497,17.8,18.2,01a59623o1002o
59625.646473,19.782,0.468,44,21,o,0,1.0,282.18089,33.08094,4388.08,10073.75,2.09,1.89,-51.4,-0.416,18.84,19.3,02a59625o0865o
59625.650612,20.471,0.849,24,20,o,0,1.44,282.18089,33.08094,4409.09,10113.0,2.08,1.85,-51.1,-0.431,18.88,19.35,02a59625o0874o
59625.65576,-21.15,1.488,-13,19,o,0,1.68,282.18089,33.08094,4348.83,10033.6,2.04,1.89,-49.3,-0.432,18.89,19.39,02a59625o0885o
59625.667253,20.846,2.054,17,34,o,0,0.67,282.18089,33.08094,4327.52,10151.66,2.15,1.84,-50.4,-0.429,18.68,18.99,02a59625o0910o
59630.635692,20.879,1.0,16,16,o,0,1.05,282.18089,33.08094,4059.39,6085.75,2.27,2.1,46.0,-0.416,18.99,19.68,02a59630o0752o
59630.647078,21.127,1.394,13,18,o,0,1.06,282.18089,33.08094,4078.97,6122.42,2.23,2.07,58.9,-0.42,19.02,19.75,02a59630o0773o
59630.660492,-20.081,0.592,-34,20,o,0,0.79,282.18089,33.08094,4020.52,6044.58,2.25,2.04,45.6,-0.424,19.07,19.71,02a59630o0798o
59630.666934,-21.317,2.398,-11,26,o,0,0.75,282.18089,33.08094,4000.79,6160.66,2.26,2.07,49.2,-0.409,18.75,19.19,02a59630o0812o
59631.626802,-21.198,2.113,-12,26,o,0,0.73,282.18089,33.08094,962.14,8416.93,3.06,2.68,-49.5,-0.437,18.86,19.9,01a59631o0869o
59631.630465,-21.146,1.909,-13,24,o,0,0.75,282.18089,33.08094,944.02,8380.18,3.02,2.68,-51.6,-0.442,18.87,19.92,01a59631o0877o
59631.650262,-19.332,0.286,-67,19,o,0,1.04,282.18089,33.08094,1008.72,8455.16,2.91,2.59,-50.8,-0.452,18.98,20.03,01a59631o0920o
59631.664877,22.15,13.5,5,68,o,0,1.04,282.18089,33.08094,1028.83,8335.71,2.96,2.59,-49.9,-0.45,18.28,18.84,01a59631o0948o
59633.617941,20.901,1.259,16,20,o,0,0.68,282.18089,33.08094,4059.65,6085.59,2.63,2.19,28.7,-0.398,19.08,20.1,02a59633o0879o
59633.621144,22.17,4.103,5,20,o,0,0.87,282.18089,33.08094,4078.96,6124.21,2.82,2.42,26.3,-0.386,19.02,20.11,02a59633o0886o
59633.628024,25.179,48.5,0,15,o,0,1.4,282.18089,33.08094,4020.08,6046.45,2.72,2.25,29.4,-0.4,19.1,20.19,02a59633o0901o
59633.64634,20.873,1.24,16,20,o,0,0.69,282.18089,33.08094,3993.38,6162.2,2.85,2.41,24.8,-0.393,19.06,20.26,02a59633o0941o
59638.617888,-23.192,5.727,-2,11,c,0,1.03,282.18089,33.08094,6328.53,8022.12,2.74,2.6,25.4,-0.402,19.5,21.55,02a59638o0879c
59638.622533,23.344,7.7,2,13,c,0,0.8,282.18089,33.08094,6349.88,8059.85,2.77,2.49,34.0,-0.398,19.56,21.56,02a59638o0888c
59638.630319,-25.814,63.0,0,11,c,0,0.94,282.18089,33.08094,6287.91,7983.24,2.77,2.57,29.7,-0.397,19.57,21.57,02a59638o0905c
59638.649906,-20.995,0.674,-14,10,c,0,1.22,282.18089,33.08094,6262.06,8098.76,2.63,2.44,34.6,-0.403,19.54,21.48,02a59638o0947c
59639.636274,-23.706,11.667,-1,14,o,0,0.88,282.18089,33.08094,4560.96,4610.44,2.96,2.92,-43.0,-0.435,19.35,21.07,01a59639o0786o
59639.637045,-22.398,4.437,-4,18,c,0,0.81,282.18089,33.08094,6325.81,8022.16,2.51,2.2,73.9,-0.436,19.17,21.62,02a59639o0918c
59639.640478,21.205,1.19,12,14,o,0,0.72,282.18089,33.08094,4541.15,4568.25,3.04,2.95,-40.6,-0.433,19.3,21.06,01a59639o0795o
59639.644441,24.618,33.5,0,17,c,0,0.97,282.18089,33.08094,6342.75,8061.38,2.67,2.2,67.4,-0.422,19.12,21.62,02a59639o0932c
59639.648595,-21.47,1.426,-9,13,o,0,1.01,282.18089,33.08094,4601.78,4645.81,2.96,2.94,37.6,-0.433,19.23,20.86,01a59639o0811o
59639.659359,-19.964,0.685,-38,26,c,0,0.84,282.18089,33.08094,6284.11,7982.16,2.64,2.24,70.3,-0.422,18.74,21.26,02a59639o0961c
59639.659506,23.978,40.0,1,37,o,0,0.62,282.18089,33.08094,4620.53,4525.06,2.87,2.76,-40.9,-0.471,18.33,18.95,01a59639o0833o
59641.615187,-20.514,0.795,-23,18,c,0,1.14,282.18089,33.08094,6326.42,8025.64,2.63,2.39,77.7,-0.426,19.03,21.57,02a59641o0424c
59641.618631,22.846,7.556,3,20,c,0,0.83,282.18089,33.08094,6346.68,8064.53,2.64,2.4,78.1,-0.429,19.0,21.59,02a59641o0431c
59641.624664,21.495,2.156,9,20,c,0,0.91,282.18089,33.08094,6286.82,7985.34,2.6,2.38,79.5,-0.437,19.0,21.59,02a59641o0443c
59641.653772,-22.484,6.538,-4,24,c,0,0.63,282.18089,33.08094,6265.96,8102.78,2.66,2.32,73.6,-0.428,18.97,21.54,02a59641o0454c
59643.61175,22.373,3.545,4,14,o,0,0.75,282.18089,33.08094,4103.2,633.66,2.86,2.74,-57.0,-0.449,19.36,20.95,01a59643o0870o
59643.619979,-21.72,1.757,-7,13,o,0,1.13,282.18089,33.08094,4083.12,594.61,2.99,2.91,-50.0,-0.432,19.33,20.99,01a59643o0888o
59643.639738,22.252,2.955,5,14,o,0,0.96,282.18089,33.08094,4148.57,670.04,3.08,2.99,-54.2,-0.418,19.29,20.99,01a59643o0931o
59643.64797,-22.188,2.692,-5,13,o,0,1.04,282.18089,33.08094,4165.74,551.18,2.9,2.82,-64.8,-0.43,19.33,20.87,01a59643o0949o
59644.607533,-22.814,5.786,-3,16,o,0,0.82,282.18089,33.08094,4101.06,634.78,2.93,2.84,-54.0,-0.439,19.21,20.75,01a59644o0855o
59644.610719,22.356,4.238,4,18,o,0,0.69,282.18089,33.08094,4081.69,596.85,2.96,2.9,-48.6,-0.43,19.26,20.75,01a59644o0862o
59644.618778,-22.251,3.375,-5,15,o,0,0.67,282.18089,33.08094,4141.86,669.58,2.91,2.81,-46.9,-0.443,19.26,20.75,01a59644o0879o
59644.639097,0.0,21.326,0,11,o,0,1.83,282.18089,33.08094,4166.36,552.4,2.9,2.82,-57.7,-0.439,19.3,20.81,01a59644o0923o
59645.62832,-22.284,3.0,-4,13,o,0,0.75,282.18089,33.08094,4109.47,631.97,3.0,2.9,-41.1,-0.435,19.29,20.93,01a59645o0911o
59645.629246,21.426,1.97,10,19,c,0,0.97,282.18089,33.08094,4357.25,8124.03,2.64,2.41,84.5,-0.426,18.96,21.63,02a59645o0818c
59645.636304,23.044,7.625,2,17,c,0,1.17,282.18089,33.08094,4377.62,8162.59,2.57,2.36,88.0,-0.425,19.01,21.61,02a59645o0832c
59645.644975,20.266,0.529,28,15,o,0,0.99,282.18089,33.08094,4090.52,591.38,3.04,3.02,77.1,-0.418,19.24,20.87,01a59645o0947o
59645.65009,-22.116,3.074,-5,16,o,0,1.21,282.18089,33.08094,4151.74,668.17,2.92,2.87,-86.6,-0.431,19.17,20.54,01a59645o0958o
59645.652173,21.589,2.424,8,20,c,0,0.76,282.18089,33.08094,4318.41,8084.1,2.57,2.21,71.6,-0.426,18.94,21.52,02a59645o0862c
59645.658151,20.307,1.154,27,32,o,0,1.03,282.18089,33.08094,4168.22,548.04,2.77,2.75,42.7,-0.445,18.34,18.92,01a59645o0975o
59645.659103,-20.503,1.273,-23,29,c,0,1.16,282.18089,33.08094,4298.92,8200.17,2.59,2.27,73.7,-0.415,18.42,21.16,02a59645o0876c
59646.609378,-20.39,0.795,-25,20,c,0,1.09,282.18089,33.08094,4363.31,8124.27,2.46,2.26,73.8,-0.438,18.93,21.55,02a59646o0786c
59646.612308,-22.496,6.25,-4,23,c,0,0.79,282.18089,33.08094,4383.08,8163.12,2.47,2.24,74.0,-0.441,18.9,21.56,02a59646o0792c
59646.61866,-22.859,8.375,-3,22,c,0,0.87,282.18089,33.08094,4324.96,8084.54,2.55,2.36,74.7,-0.434,18.87,21.58,02a59646o0804c
59646.638395,-20.703,1.143,-19,22,c,0,0.86,282.18089,33.08094,4301.7,8201.34,2.45,2.26,75.1,-0.442,18.92,21.63,02a59646o0843c
59649.600342,-22.64,2.857,-3,9,c,0,1.7,282.18089,33.08094,4354.46,8127.17,2.51,2.47,-3.3,-0.406,19.55,21.42,02a59649o0764c
59649.604028,-20.673,0.537,-20,10,c,0,0.96,282.18089,33.08094,4373.06,8164.36,2.47,2.41,-41.6,-0.411,19.59,21.43,02a59649o0772c
59649.61139,-22.807,3.611,-3,10,c,0,1.12,282.18089,33.08094,4314.16,8086.57,2.57,2.45,25.9,-0.405,19.53,21.43,02a59649o0788c
59649.622924,-23.145,5.786,-2,12,c,0,0.66,282.18089,33.08094,4290.63,8203.53,2.44,2.43,-0.4,-0.41,19.56,21.46,02a59649o0813c
59653.627777,-20.825,0.892,-17,15,o,0,0.87,282.18089,33.08094,5926.98,4070.76,2.65,2.01,40.9,-0.446,19.36,20.49,02a59653o0891o
59653.647215,-20.173,0.528,-31,16,o,0,0.89,282.18089,33.08094,5951.06,4109.12,2.56,1.97,41.1,-0.441,19.24,20.38,02a59653o0931o
59653.649732,-22.748,5.636,-3,16,o,0,0.98,282.18089,33.08094,5885.48,4033.98,2.53,1.88,38.7,-0.442,19.21,20.08,02a59653o0936o
59653.655175,20.805,1.803,17,31,o,0,1.03,282.18089,33.08094,5875.71,4148.09,2.69,2.01,39.4,-0.428,18.39,18.64,02a59653o0946o
59654.565408,-19.046,0.291,-87,25,o,0,1.45,282.18089,33.08094,5915.32,4068.02,2.45,1.97,34.8,-0.428,18.66,19.09,02a59654o0759o
59654.569087,19.676,0.611,49,30,o,0,0.76,282.18089,33.08094,5933.96,4106.55,2.78,2.09,36.9,-0.412,18.51,19.04,02a59654o0767o
59654.574605,21.689,2.947,8,23,o,0,1.05,282.18089,33.08094,5877.03,4030.07,2.56,2.03,34.6,-0.424,18.75,19.25,02a59654o0779o
59654.61267,-22.473,6.458,-4,24,o,0,0.79,282.18089,33.08094,5861.34,4150.56,2.88,2.12,38.1,-0.432,18.86,19.57,02a59654o0797o
59655.578309,19.535,0.599,56,33,o,0,1.44,282.18089,33.08094,82.88,948.84,2.89,2.61,-50.4,-0.661,18.6,19.26,01a59655o0749o
59655.582044,-23.563,25.5,-1,35,o,0,1.22,282.18089,33.08094,60.88,906.93,2.9,2.65,-52.0,-0.655,18.6,19.27,01a59655o0757o
59655.588469,20.582,2.803,21,60,o,0,1.18,282.18089,33.08094,125.3,986.54,2.81,2.55,-47.9,-0.672,17.74,18.01,01a59655o0771o
59655.598499,21.586,8.25,8,70,o,0,1.43,282.18089,33.08094,144.47,870.67,2.9,2.64,-52.4,-0.67,17.93,18.37,01a59655o0793o
59655.601767,20.632,2.609,20,53,o,0,0.9,282.18089,33.08094,10234.36,774.11,2.81,2.44,-56.8,-0.609,18.19,18.65,01a59655o0800o
59655.608149,20.998,2.957,14,43,o,0,0.9,282.18089,33.08094,10217.36,738.75,2.75,2.37,-58.1,-0.621,18.4,18.94,01a59655o0814o
59655.629907,22.771,24.0,3,68,o,0,1.44,282.18089,33.08094,10280.86,810.61,2.76,2.5,-49.3,-0.603,17.74,18.07,01a59655o0861o
59655.63913,-19.064,0.511,-86,44,o,0,0.85,282.18089,33.08094,10299.86,684.85,2.89,2.5,-56.7,-0.611,18.4,19.0,01a59655o0881o
59656.627357,19.502,0.851,57,49,o,0,0.97,282.18089,33.08094,6587.47,6406.41,2.83,2.78,-82.8,-0.464,18.4,19.03,01a59656o0802o
59656.630541,19.852,0.895,42,37,o,0,1.15,282.18089,33.08094,6568.67,6368.87,2.89,2.81,-68.4,-0.465,18.57,19.33,01a59656o0809o
59656.635671,20.621,1.935,20,40,o,0,0.76,282.18089,33.08094,6628.97,6444.68,2.87,2.82,-72.4,-0.466,18.63,19.36,01a59656o0820o
59656.640945,19.052,0.363,87,32,o,0,1.3,282.18089,33.08094,6646.31,6326.29,2.77,2.71,-75.8,-0.47,18.67,19.39,01a59656o0831o
59657.586141,22.03,4.976,6,28,o,0,0.84,282.18089,33.08094,5925.43,4070.11,2.68,1.99,36.0,-0.435,18.73,19.17,02a59657o0806o
59657.589353,20.912,1.556,16,24,o,0,0.74,282.18089,33.08094,5944.11,4109.62,2.66,1.97,38.6,-0.431,18.77,19.19,02a59657o0813o
59657.594835,-20.096,0.778,-33,26,o,0,0.68,282.18089,33.08094,5886.69,4032.51,2.64,1.96,41.0,-0.431,18.79,19.23,02a59657o0825o
59657.60641,-19.456,0.337,-60,20,o,0,1.33,282.18089,33.08094,5865.77,4147.47,2.75,2.05,41.9,-0.429,18.81,19.3,02a59657o0850o
59659.597854,20.093,0.619,33,21,o,0,1.1,282.18089,33.08094,6584.55,6409.38,2.81,2.62,-52.6,-0.477,18.88,19.83,01a59659o0828o
59659.601051,20.045,0.622,35,22,o,0,1.03,282.18089,33.08094,6564.93,6371.78,2.86,2.74,-56.5,-0.465,18.85,19.84,01a59659o0835o
59659.624697,20.132,0.678,32,22,o,0,1.09,282.18089,33.08094,6629.7,6442.09,2.9,2.78,-47.3,-0.455,18.9,19.91,01a59659o0884o
59659.629869,19.573,0.375,54,20,o,0,1.4,282.18089,33.08094,6646.66,6327.11,2.77,2.67,-63.8,-0.467,18.93,19.92,01a59659o0895o
59660.581878,21.265,1.917,11,22,o,0,1.21,282.18089,33.08094,6582.4,6417.74,2.87,2.8,-57.1,-0.449,18.87,19.86,01a59660o0752o
59660.586441,20.24,0.772,29,22,o,0,1.01,282.18089,33.08094,6563.58,6378.3,2.8,2.77,-76.2,-0.456,18.86,19.85,01a59660o0762o
59660.592385,19.89,0.527,40,21,o,0,1.09,282.18089,33.08094,6624.36,6453.34,2.94,2.91,-83.3,-0.44,18.82,19.91,01a59660o0775o
59660.607588,19.906,0.582,40,23,o,0,0.86,282.18089,33.08094,6646.77,6334.59,2.76,2.69,-62.9,-0.466,18.98,19.96,01a59660o0808o
59662.587515,-21.612,2.117,-8,17,o,0,1.11,282.18089,33.08094,8405.56,9872.68,2.3,2.23,26.5,-0.428,19.06,19.96,02a59662o0542o
59662.590739,19.038,0.801,88,71,o,0,1.25,282.18089,33.08094,8424.14,9909.07,2.57,2.18,32.1,-0.417,18.36,19.51,02a59662o0549o
59662.597153,21.416,1.912,10,19,o,0,0.95,282.18089,33.08094,8365.27,9832.79,2.32,2.2,34.5,-0.43,18.93,19.97,02a59662o0563o
59662.611433,-21.653,2.153,-8,17,o,0,0.85,282.18089,33.08094,8347.2,9950.33,2.36,2.22,38.4,-0.426,19.21,20.17,02a59662o0594o
59664.612459,21.243,1.433,12,17,o,0,1.06,282.18089,33.08094,8126.4,2324.81,2.74,2.52,-59.2,-0.505,19.19,20.39,01a59664o0863o
59664.630457,19.813,0.364,43,16,o,0,1.06,282.18089,33.08094,8107.58,2281.62,2.74,2.52,-61.0,-0.502,19.19,20.42,01a59664o0900o
59664.634777,20.729,0.935,18,17,o,0,0.78,282.18089,33.08094,8167.96,2357.23,2.77,2.53,-61.1,-0.499,19.16,20.4,01a59664o0909o
59664.640829,25.835,106.0,0,18,o,0,0.97,282.18089,33.08094,8186.14,2239.04,2.71,2.48,-59.7,-0.509,19.13,20.22,01a59664o0921o
59665.57019,24.476,21.8,1,13,o,0,0.96,282.18089,33.08094,8403.7,9870.42,2.24,2.07,35.7,-0.44,19.39,20.76,02a59665o0758o
59665.573392,-22.689,5.12,-3,16,o,0,0.75,282.18089,33.08094,8424.13,9909.32,2.25,2.13,35.6,-0.441,19.35,20.8,02a59665o0765o
59665.578931,20.733,0.804,18,15,o,0,0.79,282.18089,33.08094,8360.39,9830.61,2.3,2.02,35.9,-0.439,19.39,20.82,02a59665o0777o
59665.590467,-21.117,1.107,-13,14,o,0,0.73,282.18089,33.08094,8342.33,9950.33,2.24,2.05,35.3,-0.442,19.4,20.85,02a59665o0802o
59666.6159,-21.033,0.866,-14,12,o,0,1.14,282.18089,33.08094,10095.48,6230.29,2.34,2.07,22.9,-0.44,19.37,20.89,02a59666o0858o
59666.621551,-22.039,2.156,-6,12,o,0,1.06,282.18089,33.08094,10116.41,6268.6,2.31,2.08,26.4,-0.441,19.41,20.93,02a59666o0870o
59666.622933,17.899,1.577,251,396,o,0,0.24,282.18089,33.08094,156.32,6232.94,2.09,1.81,-10.5,-0.439,19.35,20.91,02a59666o0873o
59666.625791,17.501,0.526,363,191,o,0,1.07,282.18089,33.08094,175.71,6272.01,2.06,1.75,-4.0,-0.436,19.4,20.93,02a59666o0879o
59666.62671,-20.82,0.743,-17,13,o,0,0.94,282.18089,33.08094,10055.46,6193.57,2.32,2.05,27.3,-0.439,19.45,20.91,02a59666o0881o
59666.628538,18.501,0.699,144,101,o,0,0.44,282.18089,33.08094,117.0,6192.5,2.08,1.8,-8.2,-0.427,19.28,20.85,02a59666o0885o
59666.633183,20.975,0.991,15,15,o,0,0.92,282.18089,33.08094,10037.3,6312.03,2.38,2.1,24.9,-0.437,19.36,20.89,02a59666o0895o
59666.633648,-18.878,0.665,-102,68,o,0,0.33,282.18089,33.08094,97.85,6309.08,2.1,1.78,-3.5,-0.433,19.31,20.85,02a59666o0896o
59666.646926,-21.34,2.724,-11,29,o,0,0.77,282.18089,33.08094,10079.22,6252.16,2.36,2.03,26.8,-0.431,18.69,19.58,02a59666o0923o
59666.648853,18.082,0.943,212,200,o,0,0.32,282.18089,33.08094,141.83,6251.7,2.08,1.7,-5.8,-0.501,18.72,19.35,02a59666o0927o
59669.612479,-20.962,0.763,-15,11,c,0,0.9,282.18089,33.08094,10093.06,6231.61,2.73,2.45,26.2,-0.403,19.61,21.67,02a59669o0858c
59669.623139,23.802,8.429,1,9,c,0,1.87,282.18089,33.08094,10115.88,6270.83,2.76,2.44,24.5,-0.411,19.62,21.65,02a59669o0880c
59669.626337,-21.967,2.211,-6,13,c,0,0.63,282.18089,33.08094,10057.33,6195.13,2.75,2.45,24.9,-0.407,19.6,21.64,02a59669o0887c
59669.630135,-21.001,0.785,-14,11,c,0,0.98,282.18089,33.08094,10038.47,6312.11,2.75,2.45,27.9,-0.406,19.64,21.65,02a59669o0895c
59669.63242,20.868,0.621,16,10,c,0,0.79,282.18089,33.08094,160.38,6234.6,2.29,2.24,-19.7,-0.405,19.56,21.56,02a59669o0900c
59669.63435,21.77,1.413,7,10,c,0,1.14,282.18089,33.08094,179.72,6274.1,2.27,2.21,-28.1,-0.401,19.52,21.53,02a59669o0904c
59669.637138,21.619,1.268,8,10,c,0,0.85,282.18089,33.08094,121.03,6194.37,2.29,2.26,-4.2,-0.399,19.43,21.4,02a59669o0910c
59669.638981,-21.891,1.768,-6,11,c,0,1.57,282.18089,33.08094,101.32,6310.4,2.27,2.23,-23.8,-0.4,19.38,21.25,02a59669o0914c
59669.645352,-20.418,1.131,-25,28,c,0,0.91,282.18089,33.08094,10076.96,6256.65,2.81,2.51,26.6,-0.404,18.58,20.29,02a59669o0927c
59670.603688,21.016,0.852,14,12,c,0,0.83,282.18089,33.08094,10093.0,6230.46,2.77,2.51,23.2,-0.406,19.62,21.69,02a59670o0479c
59670.606927,21.38,1.161,10,12,c,0,0.84,282.18089,33.08094,10111.92,6268.85,2.8,2.53,24.2,-0.406,19.6,21.71,02a59670o0486c
59670.608754,21.223,0.776,12,9,c,0,0.94,282.18089,33.08094,154.13,6233.6,2.35,2.27,-31.9,-0.399,19.58,21.66,02a59670o0490c
59670.616906,-20.368,0.401,-26,10,c,0,0.97,282.18089,33.08094,10055.7,6193.5,2.78,2.56,22.1,-0.408,19.59,21.71,02a59670o0507c
59670.627572,20.995,0.832,14,12,c,0,0.63,282.18089,33.08094,172.09,6273.71,2.34,2.22,-41.4,-0.397,19.63,21.65,02a59670o0529c
59670.628486,22.773,3.667,3,10,c,0,1.08,282.18089,33.08094,10033.78,6313.45,2.71,2.49,24.8,-0.412,19.63,21.69,02a59670o0531c
59670.640767,-21.085,1.339,-13,18,c,0,0.84,282.18089,33.08094,118.35,6195.27,2.37,2.28,-37.8,-0.379,19.14,20.9,02a59670o0556c
59670.646035,19.946,1.464,38,56,c,0,0.67,282.18089,33.08094,98.97,6311.63,2.38,2.3,-34.4,-0.368,18.54,20.17,02a59670o0567c
59671.56672,-20.472,0.672,-24,16,o,0,0.56,282.18089,33.08094,8128.49,2336.33,2.81,2.64,-57.8,-0.478,19.32,20.82,01a59671o0755o
59671.570366,21.184,1.209,12,15,o,0,0.81,282.18089,33.08094,8109.2,2297.89,2.83,2.7,-62.5,-0.466,19.32,20.84,01a59671o0763o
59671.588403,-21.588,1.75,-8,15,o,0,1.05,282.18089,33.08094,8173.6,2371.1,2.79,2.59,-60.0,-0.486,19.38,20.86,01a59671o0802o
59671.593888,-24.035,14.0,-1,12,o,0,1.39,282.18089,33.08094,8192.35,2251.21,2.79,2.67,-56.0,-0.468,19.38,20.87,01a59671o0814o
59672.57127,-22.884,6.4,-2,16,o,0,0.92,282.18089,33.08094,514.39,6388.31,2.82,2.56,-47.4,-0.453,19.27,20.59,01a59672o0757o
59672.575529,-20.965,1.12,-15,17,o,0,0.71,282.18089,33.08094,494.47,6346.93,2.96,2.59,-46.3,-0.45,19.23,20.59,01a59672o0766o
59672.583735,-21.255,1.262,-11,14,o,0,0.96,282.18089,33.08094,556.16,6422.93,2.93,2.59,-47.7,-0.444,19.25,20.64,01a59672o0784o
59672.587434,-20.606,0.798,-21,17,o,0,1.05,282.18089,33.08094,10448.47,6219.31,3.07,2.81,-65.5,-0.436,19.21,20.58,01a59672o0792o
59672.592469,22.648,4.687,3,15,o,0,1.19,282.18089,33.08094,10431.34,6183.07,3.05,2.83,-64.0,-0.43,19.24,20.6,01a59672o0803o
59672.593836,-20.055,0.454,-34,16,o,0,0.97,282.18089,33.08094,576.67,6306.03,2.93,2.6,-49.9,-0.449,19.29,20.7,01a59672o0806o
59672.614939,-20.459,0.658,-24,16,o,0,0.88,282.18089,33.08094,10496.23,6253.47,3.07,3.02,85.5,-0.417,19.23,20.75,01a59672o0852o
59672.623712,21.695,2.077,8,16,o,0,0.92,282.18089,33.08094,10513.75,6131.7,3.0,2.84,-67.1,-0.434,19.27,20.72,01a59672o0871o
59673.561801,20.502,0.575,23,13,c,0,1.15,282.18089,33.08094,10090.89,6227.41,2.93,2.53,25.4,-0.391,19.41,21.43,02a59673o0742c
59673.565015,21.537,1.542,9,14,c,0,0.78,282.18089,33.08094,10109.99,6265.54,2.92,2.54,25.3,-0.391,19.35,21.4,02a59673o0749c
59673.567757,20.165,0.506,31,16,c,0,0.91,282.18089,33.08094,155.19,6233.72,2.48,2.31,18.5,-0.372,19.01,21.01,02a59673o0755c
59673.570978,-23.291,7.083,-2,12,c,0,1.24,282.18089,33.08094,174.74,6272.75,2.47,2.32,20.0,-0.367,19.27,21.28,02a59673o0762c
59673.571434,-21.984,2.375,-6,14,c,0,0.91,282.18089,33.08094,10049.75,6189.97,2.9,2.54,24.1,-0.386,19.4,21.41,02a59673o0763c
59673.576932,20.843,0.828,17,14,c,0,0.57,282.18089,33.08094,115.35,6193.53,2.46,2.3,18.3,-0.375,19.33,21.37,02a59673o0775c
59673.57831,22.053,3.708,6,20,c,0,0.58,282.18089,33.08094,10031.55,6308.11,2.96,2.55,27.8,-0.393,19.15,21.14,02a59673o0778c
59673.588467,20.255,0.561,29,16,c,0,0.81,282.18089,33.08094,94.66,6309.27,2.46,2.27,18.4,-0.371,19.38,21.41,02a59673o0800c
59675.606811,-19.689,0.969,-48,47,c,0,0.99,282.18089,33.08094,2391.83,10179.15,2.5,2.39,38.9,-0.419,17.9,19.95,02a59675o0850c
59675.610945,-18.516,0.98,-142,140,c,0,1.0,282.18089,33.08094,2412.7,10219.58,2.54,2.41,36.2,-0.421,16.89,18.83,02a59675o0859c
59675.62204,19.903,0.598,40,24,c,0,0.95,282.18089,33.08094,2354.22,10140.65,2.63,2.48,36.1,-0.426,18.59,20.61,02a59675o0883c
59675.63361,-17.468,1.59,-374,595,c,0,1.26,282.18089,33.08094,2336.83,10258.63,2.42,2.38,-79.2,-0.443,15.28,17.07,02a59675o0908c
59678.539322,20.968,0.894,15,13,c,0,0.71,282.18089,33.08094,2401.66,10178.56,2.39,2.32,-31.3,-0.46,19.38,21.39,02a59678o0683c
59678.543909,20.948,0.739,15,11,c,0,1.15,282.18089,33.08094,2420.94,10217.81,2.35,2.26,-46.1,-0.459,19.44,21.39,02a59678o0693c
59678.551243,24.529,23.0,1,13,c,0,1.0,282.18089,33.08094,2361.16,10139.27,2.39,2.28,-48.6,-0.462,19.44,21.41,02a59678o0709c
59678.5517,21.81,2.109,7,14,c,0,0.95,282.18089,33.08094,5917.32,62.05,2.4,2.14,-89.5,-0.421,19.46,21.42,02a59678o0710c
59678.563708,-24.105,13.5,-1,11,c,0,0.89,282.18089,33.08094,2330.35,10257.73,2.38,2.29,-52.9,-0.462,19.45,21.44,02a59678o0736c
59679.60435,-21.245,1.072,-12,12,c,0,0.96,282.18089,33.08094,2398.52,10178.89,2.68,2.51,33.8,-0.418,19.35,21.44,02a59679o0809c
59679.606703,-22.623,4.25,-3,14,c,0,0.95,282.18089,33.08094,2420.57,10216.43,2.45,2.37,-67.0,-0.445,19.28,21.32,02a59679o0814c
59679.610012,22.302,3.0,4,13,c,0,0.97,282.18089,33.08094,2357.68,10140.14,2.82,2.53,36.6,-0.409,19.12,21.25,02a59679o0821c
59679.627198,-22.584,4.4,-3,15,c,0,0.6,282.18089,33.08094,2337.65,10258.63,2.82,2.58,39.3,-0.408,19.31,21.49,02a59679o0857c
59681.529465,19.766,0.621,45,28,c,0,0.94,282.18089,33.08094,2397.81,10176.95,2.41,2.31,-52.6,-0.456,18.52,20.19,02a59681o0633c
59681.533169,20.288,0.9,28,25,c,0,1.02,282.18089,33.08094,2417.02,10216.73,2.37,2.28,-45.5,-0.467,18.63,20.24,02a59681o0641c
59681.540065,-20.079,0.865,-34,29,c,0,0.73,282.18089,33.08094,2355.23,10137.17,2.39,2.3,-59.7,-0.454,18.72,20.35,02a59681o0656c
59681.5465,-20.263,0.894,-28,26,c,0,0.91,282.18089,33.08094,5912.71,60.95,2.39,2.14,-89.7,-0.418,18.82,20.45,02a59681o0670c
59681.55068,-21.141,1.931,-13,24,c,0,0.63,282.18089,33.08094,2329.56,10255.68,2.51,2.35,30.9,-0.446,18.8,20.53,02a59681o0679c
59681.593147,21.873,2.371,6,15,o,0,1.02,282.18089,33.08094,2225.07,2720.75,2.88,2.7,-43.5,-0.478,19.18,20.45,01a59681o0797o
59681.596872,-19.641,0.303,-50,15,o,0,1.31,282.18089,33.08094,2204.09,2682.38,2.84,2.77,-62.9,-0.47,19.12,20.42,01a59681o0805o
59681.601521,-20.523,0.846,-22,19,o,0,0.68,282.18089,33.08094,2263.58,2758.86,2.81,2.73,-38.1,-0.48,19.2,20.47,01a59681o0815o
59681.622865,22.044,3.207,6,18,o,0,0.79,282.18089,33.08094,2279.21,2637.56,2.88,2.81,-35.6,-0.475,19.15,20.49,01a59681o0860o
59682.590666,20.982,1.008,15,15,o,0,0.98,282.18089,33.08094,7744.34,2403.92,2.05,1.99,41.6,-0.43,19.21,20.16,02a59682o0755o
59682.59297,-20.926,0.879,-16,14,o,0,1.07,282.18089,33.08094,7764.19,2442.17,2.08,1.96,41.0,-0.422,19.3,20.34,02a59682o0760o
59682.616555,-21.522,4.292,-9,38,o,0,1.27,282.18089,33.08094,7712.91,2368.97,2.2,2.03,41.5,-0.422,18.07,19.16,02a59682o0810o
59682.619299,-19.939,1.362,-38,52,o,0,0.67,282.18089,33.08094,7692.64,2486.87,2.17,1.99,40.1,-0.421,17.87,18.92,02a59682o0816o
59683.582919,25.535,169.0,0,38,o,0,0.77,282.18089,33.08094,2216.78,2725.52,2.75,2.67,-59.1,-0.5,18.34,19.06,01a59683o0742o
59683.58611,19.408,1.706,63,107,o,0,1.17,282.18089,33.08094,2195.41,2686.73,2.75,2.67,-65.4,-0.51,17.11,17.49,01a59683o0749o
59683.603537,18.746,0.629,115,72,o,0,1.0,282.18089,33.08094,2256.69,2761.23,2.69,2.63,-65.1,-0.507,17.42,18.08,01a59683o0786o
59683.619524,-23.553,10.25,-1,14,o,0,0.96,282.18089,33.08094,2275.13,2640.99,2.71,2.69,-58.0,-0.483,19.27,20.65,01a59683o0818o
59684.51995,19.619,0.49,52,25,o,0,1.17,282.18089,33.08094,2211.87,2731.55,2.62,2.5,-42.6,-0.516,18.7,19.47,01a59684o0582o
59684.526379,-22.498,6.619,-4,24,o,0,1.12,282.18089,33.08094,2192.27,2692.42,2.69,2.58,-43.6,-0.504,18.62,19.41,01a59684o0596o
59684.530947,-20.143,0.649,-32,21,o,0,1.74,282.18089,33.08094,2253.91,2766.52,2.7,2.59,-43.8,-0.501,18.72,19.5,01a59684o0606o
59684.551596,-21.665,3.095,-8,24,o,0,1.29,282.18089,33.08094,2277.03,2650.73,2.82,2.74,-48.1,-0.49,18.69,19.57,01a59684o0651o
59689.52808,21.023,1.23,14,17,o,0,1.73,282.18089,33.08094,7739.68,2401.22,2.2,2.0,33.5,-0.417,18.84,19.43,02a59689o0636o
59689.534004,-21.56,3.079,-9,27,o,0,0.74,282.18089,33.08094,7756.17,2439.76,2.19,1.98,35.5,-0.424,18.85,19.34,02a59689o0647o
59689.537668,-22.194,3.976,-5,19,o,0,1.14,282.18089,33.08094,7698.27,2361.49,2.27,2.0,37.1,-0.412,18.84,19.47,02a59689o0655o
59689.548229,-21.071,1.543,-14,21,o,0,0.67,282.18089,33.08094,7679.67,2479.81,2.26,2.06,36.9,-0.405,18.89,19.52,02a59689o0678o
59690.53842,-19.581,0.346,-53,18,o,0,0.94,282.18089,33.08094,7966.78,5884.29,2.66,1.97,33.5,-0.412,18.95,19.64,02a59690o0666o
59690.573758,20.033,0.561,35,20,o,0,0.97,282.18089,33.08094,7991.45,5925.76,2.59,1.96,33.3,-0.418,19.13,19.87,02a59690o0741o
59690.576955,21.253,1.681,11,19,o,0,1.06,282.18089,33.08094,7932.58,5850.08,2.58,1.96,35.4,-0.417,19.16,19.89,02a59690o0748o
59690.581981,21.931,2.542,6,16,o,0,0.89,282.18089,33.08094,7913.87,5966.62,2.62,1.97,35.2,-0.414,19.17,19.94,02a59690o0759o
59692.549559,21.395,1.519,10,15,o,0,1.1,282.18089,33.08094,6921.54,8437.16,2.88,2.75,62.9,-0.448,19.14,20.42,01a59692o0599o
59692.555078,-21.927,2.909,-6,18,o,0,0.69,282.18089,33.08094,6902.7,8397.24,2.9,2.77,61.9,-0.441,19.16,20.46,01a59692o0611o
59692.565078,20.394,0.701,25,18,o,0,1.01,282.18089,33.08094,6962.6,8471.17,2.93,2.77,61.8,-0.443,19.19,20.45,01a59692o0632o
59692.568279,-24.514,29.0,-1,16,o,0,0.81,282.18089,33.08094,6979.4,8353.3,2.94,2.79,58.9,-0.44,19.18,20.44,01a59692o0639o
59693.600515,-20.848,1.234,-17,20,o,0,0.55,282.18089,33.08094,7974.59,5890.21,2.63,2.06,34.9,-0.414,19.24,20.23,02a59693o0784o
59693.604827,-23.223,8.429,-2,16,o,0,0.9,282.18089,33.08094,7995.19,5930.88,2.63,2.05,35.6,-0.415,19.28,20.26,02a59693o0793o
59693.624113,-21.383,1.5,-10,15,o,0,0.92,282.18089,33.08094,7941.08,5859.02,2.54,1.92,32.1,-0.417,19.31,20.21,02a59693o0831o
59693.628083,19.524,0.288,56,16,o,0,0.82,282.18089,33.08094,2687.42,4623.44,2.62,2.02,26.9,-0.413,19.16,20.01,02a59693o0838o
59694.520425,-23.714,12.333,-1,15,c,0,1.03,282.18089,33.08094,7965.22,5882.54,3.18,2.72,31.1,-0.378,19.27,21.29,02a59694o0605c
59694.523633,-22.312,3.435,-4,15,c,0,0.89,282.18089,33.08094,7984.63,5921.37,3.04,2.67,35.3,-0.383,19.33,21.3,02a59694o0612c
59694.529574,20.176,0.391,31,12,c,0,1.58,282.18089,33.08094,7924.44,5845.44,2.88,2.51,36.5,-0.384,19.37,21.3,02a59694o0625c
59694.538526,-21.946,3.143,-6,19,c,0,0.64,282.18089,33.08094,7900.38,5963.24,2.94,2.55,34.8,-0.381,19.38,21.29,02a59694o0643c
59695.513901,-22.243,3.583,-5,16,o,0,0.9,282.18089,33.08094,6911.11,8440.65,2.91,2.8,60.4,-0.446,19.08,20.29,01a59695o0612o
59695.521227,-22.579,4.778,-3,16,o,0,1.01,282.18089,33.08094,6893.83,8402.85,2.86,2.77,64.3,-0.451,19.1,20.28,01a59695o0628o
59695.523505,-21.606,1.977,-8,16,o,0,1.31,282.18089,33.08094,6954.32,8478.03,2.9,2.76,60.8,-0.447,19.1,20.28,01a59695o0633o
59695.52946,-20.31,0.61,-27,17,o,0,1.0,282.18089,33.08094,6972.13,8360.85,2.89,2.76,59.8,-0.447,19.1,20.28,01a59695o0646o
59696.578099,20.966,0.961,15,14,o,0,1.1,282.18089,33.08094,8834.74,8324.63,2.97,2.87,71.6,-0.429,19.22,20.62,01a59696o0747o
59696.579938,-20.398,0.594,-25,15,o,0,1.12,282.18089,33.08094,8814.51,8286.02,2.93,2.83,83.5,-0.433,19.24,20.61,01a59696o0751o
59696.584541,-23.609,11.286,-1,15,o,0,1.22,282.18089,33.08094,8874.5,8362.8,2.93,2.79,61.9,-0.432,19.29,20.65,01a59696o0761o
59696.59831,24.973,37.5,0,14,o,0,1.05,282.18089,33.08094,8891.73,8243.79,2.88,2.82,75.4,-0.438,19.31,20.67,01a59696o0789o
59697.520662,-21.236,1.123,-12,13,c,0,0.67,282.18089,33.08094,7957.15,5884.3,2.83,2.41,33.3,-0.385,19.52,21.11,02a59697o0617c
59697.527144,20.588,0.477,21,10,c,0,1.28,282.18089,33.08094,7976.26,5922.47,2.83,2.44,33.7,-0.381,19.51,21.09,02a59697o0631c
59697.528977,21.602,1.5,8,12,c,0,0.8,282.18089,33.08094,7917.9,5847.01,2.85,2.42,33.0,-0.382,19.5,21.1,02a59697o0635c
59697.534035,20.721,0.615,19,12,c,0,1.03,282.18089,33.08094,7899.24,5964.09,2.84,2.43,36.0,-0.384,19.53,21.14,02a59697o0646c
59698.539608,20.93,0.835,15,13,c,0,0.93,282.18089,33.08094,7862.39,3948.72,2.57,2.31,37.6,-0.388,19.35,21.08,02a59698o0625c
59698.541448,-20.541,0.6,-22,13,c,0,0.91,282.18089,33.08094,7882.41,3987.76,2.57,2.29,37.1,-0.39,19.4,21.06,02a59698o0629c
59698.54556,23.742,11.167,1,13,c,0,1.17,282.18089,33.08094,7824.91,3911.86,2.58,2.32,35.2,-0.395,19.25,20.91,02a59698o0638c
59698.570013,-23.343,9.111,-2,15,c,0,0.72,282.18089,33.08094,7812.13,4033.1,2.67,2.34,37.3,-0.387,19.32,20.99,02a59698o0687c
59699.581193,22.31,6.308,4,27,c,0,0.69,282.18089,33.08094,7874.82,3955.38,2.88,2.47,36.9,-0.368,18.61,20.22,02a59699o0768c
59699.583101,20.63,1.902,20,39,c,0,1.16,282.18089,33.08094,7895.03,3995.5,2.7,2.38,38.9,-0.383,18.11,19.6,02a59699o0772c
59699.596087,-20.917,2.128,-16,33,c,0,0.58,282.18089,33.08094,2757.46,6662.38,2.72,2.34,27.2,-0.382,18.56,20.08,02a59699o0799c
59699.606741,22.273,8.222,4,37,c,0,0.94,282.18089,33.08094,7824.81,4038.65,3.02,2.71,33.7,-0.373,18.24,19.83,02a59699o0821c
59705.536875,21.015,1.867,14,27,c,0,1.51,282.18089,33.08094,7873.18,3952.53,2.56,2.3,36.0,-0.392,18.07,19.52,02a59705o0516c
59705.538704,21.124,2.368,13,31,c,0,1.41,282.18089,33.08094,7893.41,3990.87,2.57,2.29,35.4,-0.392,18.49,19.99,02a59705o0520c
59705.541445,21.83,3.56,7,24,c,0,0.84,282.18089,33.08094,7835.71,3914.58,2.58,2.31,35.9,-0.391,18.85,20.34,02a59705o0526c
59705.546929,21.279,1.647,11,18,c,0,0.78,282.18089,33.08094,7817.49,4031.8,2.58,2.31,35.2,-0.395,19.03,20.59,02a59705o0538c
59708.489661,-20.632,0.737,-20,15,o,0,0.95,282.18089,33.08094,8503.55,6301.68,2.78,2.7,-89.3,-0.452,19.23,20.41,01a59708o0537o
59708.505313,20.745,0.781,18,14,o,0,1.29,282.18089,33.08094,8489.26,6259.02,2.89,2.8,-81.5,-0.45,19.22,20.4,01a59708o0567o
59708.50949,22.477,3.95,4,15,o,0,0.99,282.18089,33.08094,8548.89,6334.46,2.85,2.75,-73.3,-0.457,19.2,20.42,01a59708o0576o
59708.512254,-20.741,0.874,-18,16,o,0,0.9,282.18089,33.08094,8564.98,6215.79,2.91,2.86,68.1,-0.442,19.19,20.42,01a59708o0582o
59710.4815,-20.519,0.678,-22,15,o,0,1.53,282.18089,33.08094,10316.02,7774.38,2.48,2.37,12.2,-0.42,19.08,19.93,02a59710o0515o
59710.484241,-21.269,1.526,-11,17,o,0,1.09,282.18089,33.08094,10336.41,7812.38,2.47,2.34,-7.8,-0.413,19.12,19.97,02a59710o0521o
59710.486628,-20.804,1.101,-17,19,o,0,0.82,282.18089,33.08094,194.79,7786.16,2.43,2.26,-45.7,-0.394,18.98,19.9,02a59710o0526o
59710.488,21.44,1.933,10,19,o,0,1.12,282.18089,33.08094,10276.02,7736.53,2.62,2.46,11.0,-0.413,19.05,19.97,02a59710o0529o
59710.488914,20.484,0.68,23,16,o,0,1.01,282.18089,33.08094,214.96,7826.25,2.22,2.03,-37.6,-0.416,19.03,19.9,02a59710o0531o
59710.499325,20.817,1.125,17,19,o,0,0.59,282.18089,33.08094,10253.95,7854.84,2.29,2.17,-0.8,-0.427,19.24,20.02,02a59710o0552o
59710.500239,23.24,7.632,2,14,o,0,1.06,282.18089,33.08094,152.66,7746.45,2.07,1.86,-40.1,-0.423,19.18,19.97,02a59710o0554o
59710.505322,21.185,1.103,12,14,o,0,1.18,282.18089,33.08094,130.32,7861.53,2.08,1.83,-49.9,-0.436,19.23,20.0,02a59710o0565o
59711.523248,-20.27,0.625,-28,18,o,0,0.96,282.18089,33.08094,8508.72,6290.86,2.89,2.74,-69.1,-0.457,19.06,20.12,01a59711o0603o
59711.527399,-21.339,1.796,-11,19,o,0,1.14,282.18089,33.08094,8490.38,6250.96,2.96,2.84,70.2,-0.436,19.04,20.08,01a59711o0612o
59711.538939,-20.545,0.901,-22,20,o,0,1.12,282.18089,33.08094,8551.17,6325.91,2.94,2.85,87.6,-0.44,19.02,20.06,01a59711o0637o
59711.551042,-22.98,6.25,-2,15,o,0,1.36,282.18089,33.08094,8568.79,6206.83,2.93,2.86,-83.9,-0.446,19.16,20.41,01a59711o0663o
59712.524462,22.26,4.042,4,18,o,0,1.17,282.18089,33.08094,6081.56,479.82,2.86,2.78,-74.2,-0.475,18.94,19.95,01a59712o0629o
59712.534217,22.255,5.522,4,25,o,0,0.79,282.18089,33.08094,6059.34,438.82,2.82,2.74,-69.5,-0.479,18.8,19.7,01a59712o0650o
59712.53606,-20.354,0.783,-26,20,o,0,0.58,282.18089,33.08094,6121.36,515.69,2.8,2.7,-65.9,-0.479,18.95,19.93,01a59712o0654o
59712.546762,21.623,2.273,8,18,o,0,0.83,282.18089,33.08094,6138.8,394.96,2.82,2.75,-53.7,-0.483,19.01,20.05,01a59712o0677o
59712.619826,21.477,2.58,9,24,o,0,0.99,282.18089,33.08094,4468.89,10120.37,2.85,2.82,-56.7,-0.456,18.7,19.45,01a59712o0824o
59713.268433,19.124,0.489,81,40,o,0,1.0,282.18089,33.08094,2865.02,8257.44,2.69,2.27,-73.1,-0.363,18.27,18.7,04a59713o0685o
59713.271608,-21.172,2.75,-12,34,o,0,0.87,282.18089,33.08094,2845.6,8218.98,2.61,2.13,-77.4,-0.352,18.35,18.71,04a59713o0692o
59713.278326,22.361,9.263,4,38,o,0,1.02,282.18089,33.08094,2901.3,8296.15,2.93,2.45,-82.1,-0.34,18.22,18.76,04a59713o0706o
59713.289568,-21.97,5.867,-6,35,o,0,1.08,282.18089,33.08094,2919.28,8178.07,2.81,2.34,-78.4,-0.338,18.27,18.79,04a59713o0729o
59713.522207,-20.702,0.797,-19,15,o,0,1.07,282.18089,33.08094,205.53,7783.54,2.03,1.91,-20.7,-0.425,18.93,19.46,02a59713o0021o
59713.525151,-22.702,7.75,-3,23,o,0,0.72,282.18089,33.08094,10333.35,7775.19,2.39,2.1,20.2,-0.43,18.94,19.46,02a59713o0027o
59713.525608,20.555,0.788,22,17,o,0,0.92,282.18089,33.08094,226.95,7820.72,2.09,1.9,-44.4,-0.423,18.94,19.45,02a59713o0028o
59713.52835,20.889,1.31,16,21,o,0,0.8,282.18089,33.08094,10352.39,7813.85,2.29,2.16,20.6,-0.427,18.96,19.45,02a59713o0034o
59713.529263,20.61,0.968,21,20,o,0,1.14,282.18089,33.08094,168.02,7741.29,2.09,1.85,-50.9,-0.411,18.95,19.45,02a59713o0036o
59713.531091,-21.673,2.603,-8,20,o,0,0.92,282.18089,33.08094,10292.56,7738.49,2.25,2.15,26.3,-0.443,18.98,19.46,02a59713o0040o
59713.53621,19.335,0.3,67,20,o,0,1.26,282.18089,33.08094,10273.42,7857.79,2.26,2.18,15.6,-0.428,18.93,19.46,02a59713o0051o
59713.53994,20.059,0.524,34,18,o,0,1.19,282.18089,33.08094,148.6,7859.93,2.26,1.82,-56.0,-0.418,18.99,19.46,02a59713o0059o
59714.528004,19.913,0.707,39,28,o,0,0.75,282.18089,33.08094,5637.13,2033.05,2.13,2.1,-83.1,-0.423,18.69,19.0,02a59714o0634o
59714.529832,23.769,23.6,1,27,o,0,0.88,282.18089,33.08094,5655.26,2072.55,2.07,2.03,79.7,-0.432,18.49,18.8,02a59714o0638o
59714.532583,-19.938,0.805,-38,31,o,0,1.35,282.18089,33.08094,5598.66,1993.34,2.07,2.02,81.4,-0.432,18.28,18.55,02a59714o0644o
59714.544481,19.914,0.503,39,20,o,0,2.02,282.18089,33.08094,5581.05,2110.12,2.07,2.04,-89.0,-0.435,18.68,18.96,02a59714o0669o
59715.512784,21.248,2.391,12,28,o,0,0.69,282.18089,33.08094,6081.99,480.2,2.64,2.54,-55.9,-0.519,18.66,19.17,01a59715o0606o
59715.514627,-20.419,0.926,-25,23,o,0,1.43,282.18089,33.08094,6061.56,440.96,2.65,2.54,-61.6,-0.517,18.64,19.19,01a59715o0610o
59715.546752,21.774,3.419,7,24,o,0,0.89,282.18089,33.08094,6121.28,510.67,2.64,2.59,39.6,-0.495,18.67,19.28,01a59715o0675o
59715.551981,-19.934,0.58,-39,22,o,0,1.07,282.18089,33.08094,6137.42,393.61,2.65,2.57,-35.4,-0.509,18.69,19.29,01a59715o0686o
59716.502018,-19.873,1.046,-41,43,o,0,1.03,282.18089,33.08094,6082.67,481.44,2.57,2.48,-58.0,-0.535,18.16,18.42,01a59716o0497o
59716.504783,-19.781,0.879,-44,39,o,0,1.18,282.18089,33.08094,6061.75,441.95,2.66,2.57,-62.1,-0.52,18.21,18.54,01a59716o0503o
59716.507543,18.677,0.322,123,40,o,0,1.24,282.18089,33.08094,6122.69,519.75,2.68,2.57,-60.9,-0.516,18.16,18.51,01a59716o0509o
59716.513989,-19.237,0.397,-73,29,o,0,1.12,282.18089,33.08094,6142.09,401.08,2.68,2.53,-53.4,-0.525,18.48,18.89,01a59716o0523o
59717.489402,-22.115,3.769,-5,20,o,0,1.21,282.18089,33.08094,5623.05,2029.51,2.43,2.18,41.7,-0.413,18.76,19.4,02a59717o0550o
59717.510956,20.712,0.994,19,19,o,0,0.86,282.18089,33.08094,5650.15,2071.93,2.35,2.08,39.2,-0.425,18.9,19.53,02a59717o0595o
59717.512785,-20.534,0.924,-22,20,o,0,0.83,282.18089,33.08094,5593.85,1993.12,2.47,2.11,40.0,-0.417,18.85,19.52,02a59717o0599o
59717.516123,-22.107,3.133,-5,16,o,0,1.13,282.18089,33.08094,5575.07,2110.52,2.33,1.99,39.8,-0.426,18.95,19.53,02a59717o0606o
59719.508882,-22.827,7.562,-3,20,o,0,0.83,282.18089,33.08094,6084.19,478.75,2.64,2.56,-64.9,-0.503,18.98,19.94,01a59719o0510o
59719.514292,19.908,0.488,40,19,o,0,0.76,282.18089,33.08094,6062.91,437.55,2.63,2.55,60.3,-0.492,19.1,19.96,01a59719o0521o
59719.516134,-22.391,4.958,-4,20,o,0,0.83,282.18089,33.08094,6124.27,514.62,2.64,2.57,-73.2,-0.5,19.04,19.99,01a59719o0525o
59719.539568,23.451,9.778,2,15,o,0,1.24,282.18089,33.08094,6140.71,393.43,2.64,2.57,-36.9,-0.502,19.08,20.0,01a59719o0573o
59720.557238,23.035,6.5,2,14,o,0,0.96,282.18089,33.08094,4035.93,6122.41,2.61,2.54,-39.7,-0.473,19.22,20.39,01a59720o0548o
59720.56138,-22.808,5.176,-3,14,o,0,1.06,282.18089,33.08094,4059.33,6160.92,2.64,2.57,-38.2,-0.465,19.21,20.41,01a59720o0557o
59720.567542,-20.466,0.68,-24,16,o,0,0.75,282.18089,33.08094,4000.47,6085.09,2.63,2.57,-33.4,-0.468,19.24,20.42,01a59720o0570o
59720.598257,-20.712,0.712,-19,13,o,0,1.08,282.18089,33.08094,3993.03,6204.85,2.6,2.58,-30.7,-0.465,19.21,20.41,01a59720o0634o
59721.445643,22.021,1.5,6,8,c,0,1.54,282.18089,33.08094,5616.9,2030.43,2.74,2.37,41.3,-0.395,19.54,21.29,02a59721o0449c
59721.452461,21.187,0.861,12,10,c,0,1.01,282.18089,33.08094,5637.56,2069.02,2.73,2.34,42.5,-0.4,19.51,21.28,02a59721o0462c
59721.454747,-22.513,3.148,-4,11,c,0,0.87,282.18089,33.08094,5585.57,1992.64,2.39,2.26,50.5,-0.412,19.57,21.24,02a59721o0467c
59721.460761,22.264,2.529,4,11,c,0,0.79,282.18089,33.08094,5566.57,2108.66,2.41,2.26,47.4,-0.409,19.58,21.16,02a59721o0477c
59721.57462,22.406,3.1,4,12,o,0,1.42,282.18089,33.08094,4044.73,6122.17,3.17,2.84,40.4,-0.386,19.17,20.54,01a59721o0741o
59721.596755,-20.73,1.021,-18,19,o,0,1.05,282.18089,33.08094,4073.61,6162.19,5.01,4.17,45.6,-0.189,18.79,20.55,01a59721o0788o
59721.602486,21.243,1.094,12,13,o,0,1.43,282.18089,33.08094,4014.88,6085.22,2.79,2.76,-65.5,-0.445,19.19,20.51,01a59721o0800o
59721.613506,20.279,0.613,28,17,o,0,1.08,282.18089,33.08094,4001.41,6203.0,2.87,2.74,43.4,-0.431,19.0,19.99,01a59721o0823o
59722.569204,20.227,0.428,30,13,o,0,0.83,282.18089,33.08094,8456.88,4417.19,2.42,2.01,32.0,-0.421,19.42,20.61,02a59722o0708o
59722.597529,-21.23,1.126,-12,13,o,0,0.84,282.18089,33.08094,8435.42,4380.01,2.3,1.95,30.9,-0.43,19.51,20.67,02a59722o0765o
59722.604911,-21.411,1.182,-10,12,o,0,1.34,282.18089,33.08094,8489.66,4456.72,2.28,1.94,26.1,-0.435,19.48,20.62,02a59722o0780o
59722.60881,20.545,0.657,22,14,o,0,0.76,282.18089,33.08094,8508.25,4342.2,2.34,2.11,51.8,-0.415,19.43,20.48,02a59722o0787o
59723.508085,-21.314,1.39,-11,15,o,0,0.73,282.18089,33.08094,6493.89,4459.53,2.85,2.78,-56.8,-0.447,19.28,20.67,01a59723o0587o
59723.510388,-20.481,0.595,-23,14,o,0,1.1,282.18089,33.08094,6473.51,4420.07,2.85,2.79,-59.9,-0.452,19.27,20.68,01a59723o0592o
59723.513684,-20.54,0.558,-22,12,o,0,1.27,282.18089,33.08094,6533.49,4495.8,2.86,2.77,-61.5,-0.453,19.28,20.68,01a59723o0599o
59723.538249,-22.855,5.214,-3,14,o,0,0.96,282.18089,33.08094,6547.5,4374.78,2.9,2.8,-46.3,-0.447,19.32,20.76,01a59723o0649o
59724.518984,-21.542,1.569,-9,14,o,0,1.13,282.18089,33.08094,6493.23,4457.52,2.72,2.7,43.2,-0.458,19.29,20.56,01a59724o0609o
59724.521833,-22.256,3.12,-4,14,o,0,0.7,282.18089,33.08094,6472.47,4418.53,2.81,2.78,1.4,-0.45,19.3,20.67,01a59724o0615o
59724.526595,-22.159,2.929,-5,15,o,0,0.95,282.18089,33.08094,6532.42,4493.1,2.85,2.69,31.7,-0.446,19.27,20.63,01a59724o0625o
59724.543412,-20.982,0.962,-15,14,o,0,0.96,282.18089,33.08094,3979.25,6198.19,2.87,2.8,-39.9,-0.449,19.25,20.68,01a59724o0659o
59725.4943,19.704,0.253,48,12,c,0,0.95,282.18089,33.08094,2135.14,6169.64,2.59,2.33,34.7,-0.402,19.46,21.21,02a59725o0547c
59725.529846,22.548,3.4,4,12,c,0,0.65,282.18089,33.08094,2163.5,6214.76,2.54,2.31,30.2,-0.407,19.55,21.15,02a59725o0623c
59725.533047,-21.004,0.757,-14,11,c,0,1.12,282.18089,33.08094,2105.78,6132.4,2.55,2.31,24.0,-0.411,19.57,21.17,02a59725o0630c
59725.551669,21.461,1.393,10,13,c,0,0.84,282.18089,33.08094,8514.77,4343.29,2.76,2.44,29.5,-0.388,19.53,21.2,02a59725o0668c
59726.502918,-21.22,0.899,-12,11,c,0,0.66,282.18089,33.08094,2141.92,6171.06,2.43,2.28,35.4,-0.415,19.63,21.39,02a59726o0569c
59726.504803,-19.258,0.345,-72,25,c,0,3.02,282.18089,33.08094,2161.9,6210.46,2.47,2.29,37.2,-0.415,19.66,21.4,02a59726o0573c
59726.508005,20.915,0.652,16,10,c,0,0.93,282.18089,33.08094,2103.27,6130.91,2.47,2.3,33.8,-0.418,19.64,21.4,02a59726o0580c
59726.530247,21.912,1.609,6,10,c,0,1.13,282.18089,33.08094,2088.08,6249.55,2.48,2.29,23.8,-0.419,19.65,21.44,02a59726o0625c
59727.488071,20.734,1.136,18,21,o,0,0.72,282.18089,33.08094,6490.27,4457.21,3.07,3.04,60.6,-0.425,18.79,20.29,01a59727o0456o
59727.489913,-21.012,1.714,-14,24,o,0,1.12,282.18089,33.08094,6468.96,4418.43,2.98,2.91,77.8,-0.44,18.66,20.09,01a59727o0460o
59727.492674,-21.306,1.907,-11,21,o,0,0.86,282.18089,33.08094,6529.33,4494.77,2.82,2.77,67.9,-0.448,18.95,20.38,01a59727o0466o
59727.497808,22.894,5.667,2,14,o,0,1.41,282.18089,33.08094,6546.93,4377.55,2.82,2.8,-88.0,-0.445,19.18,20.68,01a59727o0477o
59728.49996,-18.55,3.0,-138,414,o,0,0.87,282.18089,33.08094,4157.81,2523.21,2.57,2.46,45.6,-0.512,15.82,17.13,01a59728o0559o
59728.502722,18.739,2.055,116,238,o,0,0.46,282.18089,33.08094,4218.41,2598.14,2.6,2.5,44.7,-0.498,16.62,17.97,01a59728o0565o
59729.47831,-20.645,0.527,-20,11,c,0,0.82,282.18089,33.08094,2135.3,6171.29,2.45,2.3,36.3,-0.414,19.65,21.4,02a59729o0500c
59729.48303,21.556,1.226,9,11,c,0,0.8,282.18089,33.08094,2151.09,6210.54,2.55,2.32,34.3,-0.408,19.59,21.46,02a59729o0510c
59729.497101,22.38,2.71,4,11,c,0,0.75,282.18089,33.08094,2098.53,6130.36,2.44,2.27,33.0,-0.412,19.66,21.43,02a59729o0538c
59729.501627,-22.19,2.351,-5,11,c,0,0.8,282.18089,33.08094,2080.88,6247.22,2.43,2.26,30.1,-0.418,19.66,21.44,02a59729o0547c
59730.474042,20.314,0.432,27,12,c,0,0.86,282.18089,33.08094,9674.65,2253.65,2.57,2.42,-54.2,-0.404,19.51,21.29,02a59730o0511c
59730.50913,-23.876,11.143,-1,11,c,0,0.99,282.18089,33.08094,897.02,8294.16,2.53,2.35,-29.7,-0.44,19.55,21.2,02a59730o0587c
59730.537636,-20.727,0.978,-19,18,c,0,1.01,282.18089,33.08094,947.75,8365.05,2.47,2.31,-11.7,-0.446,19.11,20.79,02a59730o0647c
59730.544781,-19.847,0.542,-42,23,c,0,0.67,282.18089,33.08094,971.33,8251.67,2.41,2.29,-16.1,-0.448,18.93,20.49,02a59730o0659c
59731.468817,-20.486,0.557,-23,13,o,0,0.94,282.18089,33.08094,4177.09,2562.4,2.74,2.73,8.3,-0.461,19.37,20.83,01a59731o0486o
59731.488272,21.251,1.288,12,15,o,0,0.84,282.18089,33.08094,4157.55,2521.48,2.72,2.69,46.5,-0.465,19.37,20.76,01a59731o0523o
59731.491495,-20.201,0.399,-30,12,o,0,0.92,282.18089,33.08094,4218.54,2597.07,2.74,2.69,45.9,-0.46,19.36,20.78,01a59731o0530o
59731.495178,-22.596,4.053,-3,14,o,0,0.95,282.18089,33.08094,4235.44,2479.47,2.74,2.71,31.8,-0.459,19.39,20.82,01a59731o0538o
59732.465991,23.427,9.556,2,15,o,0,0.91,282.18089,33.08094,4178.08,2560.11,2.69,2.68,66.7,-0.466,19.36,20.83,01a59732o0484o
59732.468296,-24.284,18.75,-1,13,o,0,0.83,282.18089,33.08094,4156.63,2521.14,2.74,2.71,14.9,-0.459,19.31,20.8,01a59732o0489o
59732.47198,-21.671,1.745,-8,14,o,0,1.01,282.18089,33.08094,4217.59,2597.52,2.65,2.62,36.3,-0.47,19.39,20.81,01a59732o0497o
59732.483806,-20.475,0.559,-23,13,o,0,1.19,282.18089,33.08094,4235.73,2480.11,2.72,2.68,31.5,-0.465,19.37,20.76,01a59732o0520o
59733.455483,-21.583,1.18,-8,10,c,0,0.83,282.18089,33.08094,9676.18,2252.4,2.47,2.38,-51.6,-0.411,19.63,21.48,02a59733o0457c
59733.457319,21.97,1.925,6,11,c,0,0.89,282.18089,33.08094,9695.72,2289.7,2.57,2.46,-46.8,-0.407,19.62,21.49,02a59733o0461c
59733.460059,20.583,0.513,21,11,c,0,0.87,282.18089,33.08094,9638.36,2215.71,2.47,2.34,-51.1,-0.413,19.63,21.47,02a59733o0467c
59733.470587,21.328,1.065,11,11,c,0,0.86,282.18089,33.08094,9617.35,2334.78,2.47,2.4,-35.9,-0.408,19.64,21.48,02a59733o0488c
59734.439067,-22.062,1.625,-5,9,c,0,1.29,282.18089,33.08094,9676.04,2250.55,2.45,2.33,-47.4,-0.408,19.59,21.37,02a59734o0409c
59734.441894,-23.802,10.25,-1,11,c,0,0.7,282.18089,33.08094,9695.47,2289.28,2.46,2.33,-50.4,-0.412,19.6,21.38,02a59734o0415c
59734.444637,-21.257,0.88,-11,10,c,0,0.8,282.18089,33.08094,9637.53,2213.2,2.47,2.34,-55.7,-0.41,19.6,21.4,02a59734o0421c
59734.46616,-21.672,1.271,-8,10,c,0,1.15,282.18089,33.08094,9621.51,2333.44,2.42,2.29,-54.2,-0.414,19.62,21.38,02a59734o0461c
59735.445524,21.271,1.766,11,20,o,0,0.92,282.18089,33.08094,4178.6,2566.08,2.63,2.59,-61.7,-0.487,18.96,20.26,01a59735o0436o
59735.447825,21.093,1.607,13,21,o,0,0.78,282.18089,33.08094,4157.8,2527.48,2.66,2.61,-59.2,-0.476,19.05,20.38,01a59735o0441o
59735.452986,-22.055,2.364,-6,13,o,0,1.09,282.18089,33.08094,4219.16,2603.11,2.62,2.59,-85.7,-0.474,19.36,20.76,01a59735o0452o
59735.471506,21.746,1.756,7,13,o,0,0.84,282.18089,33.08094,4235.38,2481.93,2.6,2.59,77.8,-0.478,19.42,20.84,01a59735o0488o
59736.449147,-21.838,1.8,-7,12,o,0,1.15,282.18089,33.08094,6146.18,2431.54,2.66,2.63,-72.9,-0.472,19.4,20.82,01a59736o0447o
59736.473765,-20.711,0.691,-19,13,o,0,0.94,282.18089,33.08094,6128.01,2388.46,2.7,2.69,87.7,-0.465,19.41,20.86,01a59736o0494o
59736.475606,-20.27,0.45,-28,13,o,0,0.74,282.18089,33.08094,6188.02,2464.07,2.67,2.64,88.3,-0.47,19.42,20.87,01a59736o0498o
59736.480213,23.215,6.636,2,12,o,0,0.86,282.18089,33.08094,6205.77,2346.56,2.69,2.67,76.6,-0.468,19.42,20.88,01a59736o0508o
59737.432796,-20.785,0.632,-18,11,o,0,0.98,282.18089,33.08094,9676.25,2251.19,2.14,1.97,-47.8,-0.447,19.53,20.82,02a59737o0414o
59737.435133,21.752,1.603,7,12,o,0,0.81,282.18089,33.08094,9694.88,2289.28,2.12,1.95,-45.5,-0.454,19.52,20.85,02a59737o0419o
59737.437873,-21.166,0.778,-12,10,o,0,1.36,282.18089,33.08094,9637.56,2214.23,2.12,1.94,-46.4,-0.45,19.56,20.86,02a59737o0425o
59737.447568,20.84,0.742,17,12,o,0,0.89,282.18089,33.08094,9611.74,2333.79,2.14,2.03,-51.7,-0.443,19.58,20.95,02a59737o0444o
59739.557828,-20.481,0.469,-23,11,o,0,1.41,282.18089,33.08094,4416.71,8154.15,2.85,2.76,-48.5,-0.447,19.4,21.0,01a59739o0676o
59739.563011,-21.907,2.083,-6,13,o,0,1.03,282.18089,33.08094,4437.2,8191.67,2.78,2.68,-43.8,-0.455,19.36,20.93,01a59739o0686o
59739.59811,-20.966,0.973,-15,14,o,0,0.9,282.18089,33.08094,4387.93,8119.95,3.03,2.92,-33.8,-0.439,19.26,20.79,01a59739o0759o
59740.454069,24.647,31.333,0,16,o,0,1.14,282.18089,33.08094,6144.03,2427.91,2.68,2.65,77.8,-0.474,19.19,20.23,01a59740o0455o
59740.460064,21.291,1.582,11,18,o,0,0.9,282.18089,33.08094,6124.07,2389.04,2.66,2.61,-87.9,-0.478,19.18,20.25,01a59740o0468o
59740.467852,-20.843,1.072,-17,18,o,0,0.89,282.18089,33.08094,6184.5,2464.37,2.98,2.9,-71.5,-0.456,19.07,20.26,01a59740o0484o
59740.470617,-20.591,0.783,-21,16,o,0,1.21,282.18089,33.08094,6201.83,2346.79,3.26,3.19,-47.3,-0.404,18.98,20.26,01a59740o0490o
59741.498759,21.343,1.605,10,17,o,0,1.05,282.18089,33.08094,4566.11,4589.67,2.72,2.09,27.1,-0.405,19.08,19.85,02a59741o0518o
59741.502998,23.371,11.75,2,19,o,0,0.68,282.18089,33.08094,4546.56,4551.12,2.69,2.06,26.9,-0.408,19.1,19.87,02a59741o0527o
59741.509138,-23.71,13.444,-1,16,o,0,1.44,282.18089,33.08094,4604.73,4628.73,2.7,2.0,29.2,-0.407,19.16,19.88,02a59741o0538o
59741.54424,21.996,2.674,6,16,o,0,0.87,282.18089,33.08094,4619.07,4510.54,2.66,2.03,34.9,-0.421,19.22,20.11,02a59741o0610o
59743.465968,-20.718,1.375,-19,26,o,0,0.87,282.18089,33.08094,6142.27,2424.09,3.1,3.06,-51.4,-0.425,18.63,19.52,01a59743o0474o
59743.46781,20.539,1.291,22,28,o,0,0.64,282.18089,33.08094,6120.84,2384.65,3.12,3.1,-53.3,-0.419,18.64,19.52,01a59743o0478o
59743.471491,19.802,0.585,44,26,o,0,1.12,282.18089,33.08094,6181.39,2460.54,3.06,3.03,-56.5,-0.435,18.62,19.53,01a59743o0486o
59743.482526,-20.13,0.677,-32,22,o,0,1.1,282.18089,33.08094,6197.71,2342.13,2.73,2.65,-20.9,-0.471,18.75,19.54,01a59743o0507o
59744.517633,-20.262,1.006,-28,29,o,0,0.74,282.18089,33.08094,5886.02,4084.79,2.68,2.64,27.7,-0.464,18.56,19.1,01a59744o0555o
59744.529608,-21.162,2.0,-12,25,o,0,1.19,282.18089,33.08094,5829.15,4008.11,2.82,2.74,-33.5,-0.448,18.5,19.08,01a59744o0581o
59744.535217,-19.872,0.668,-41,27,o,0,1.18,282.18089,33.08094,5814.26,4124.17,2.82,2.73,-18.7,-0.453,18.54,19.09,01a59744o0592o
59747.478792,21.024,1.221,14,17,o,0,1.02,282.18089,33.08094,5856.13,4043.48,2.65,2.63,3.8,-0.466,19.03,20.02,01a59747o0517o
59747.481745,23.849,19.667,1,21,o,0,0.64,282.18089,33.08094,5877.39,4082.03,2.74,2.74,63.5,-0.448,18.99,20.0,01a59747o0523o
59747.487171,-23.239,8.7,-2,16,o,0,1.23,282.18089,33.08094,5818.57,4005.54,2.83,2.8,27.6,-0.446,18.91,19.94,01a59747o0533o
59747.510468,-23.366,28.75,-2,47,o,0,1.1,282.18089,33.08094,5809.44,4123.77,4.54,3.74,40.8,-0.234,17.82,18.74,01a59747o0580o
59748.432813,-21.067,1.273,-14,17,o,0,0.98,282.18089,33.08094,4660.02,6521.26,2.84,2.71,46.8,-0.437,19.13,20.23,01a59748o0405o
59748.435587,-20.144,0.5,-32,16,o,0,1.24,282.18089,33.08094,4639.82,6482.93,3.0,2.89,49.1,-0.425,19.05,20.21,01a59748o0411o
59748.438352,-20.736,0.96,-18,18,o,0,0.82,282.18089,33.08094,4698.75,6558.5,2.9,2.77,54.2,-0.433,19.05,20.19,01a59748o0417o
59748.464196,-24.032,20.6,-1,18,o,0,0.7,282.18089,33.08094,4716.84,6439.09,2.82,2.75,45.1,-0.439,19.12,20.23,01a59748o0467o
59749.486372,-21.082,0.985,-13,13,o,0,0.76,282.18089,33.08094,4170.86,604.38,2.01,1.92,83.7,-0.45,19.34,20.3,02a59749o0518o
59749.489574,-21.626,1.481,-8,12,o,0,1.36,282.18089,33.08094,4150.12,563.54,2.03,1.94,82.2,-0.448,19.33,20.31,02a59749o0525o
59749.496652,-23.765,10.182,-1,12,o,0,1.38,282.18089,33.08094,4211.23,644.23,2.05,1.97,-87.7,-0.446,19.31,20.29,02a59749o0540o
59749.529201,-21.748,1.939,-7,14,o,0,0.99,282.18089,33.08094,4227.72,523.87,2.16,1.98,-70.9,-0.445,19.29,20.24,02a59749o0608o
59750.364234,21.743,1.614,7,12,c,0,0.97,282.18089,33.08094,6414.81,9983.8,2.87,2.46,30.3,-0.386,19.55,21.39,02a59750o0261c
59750.367443,-23.127,5.143,-2,10,c,0,1.1,282.18089,33.08094,6441.76,10022.11,2.45,2.41,-69.3,-0.421,19.66,21.4,02a59750o0268c
59750.372544,-20.42,0.447,-25,11,c,0,0.77,282.18089,33.08094,6380.94,9942.7,2.54,2.49,28.7,-0.41,19.63,21.41,02a59750o0279c
59750.398401,22.958,5.187,2,12,c,0,0.61,282.18089,33.08094,6365.25,10060.66,2.54,2.44,33.9,-0.415,19.67,21.44,02a59750o0330c
59751.364385,20.366,0.514,26,13,o,0,1.04,282.18089,33.08094,4655.88,6536.92,3.64,3.13,46.1,-0.318,19.28,21.04,01a59751o0262o
59751.367614,23.006,4.462,2,10,o,0,1.5,282.18089,33.08094,4632.98,6495.52,2.8,2.7,51.6,-0.436,19.4,21.03,01a59751o0269o
59751.389128,-20.913,0.775,-16,12,o,0,0.91,282.18089,33.08094,4697.35,6568.26,2.81,2.7,55.1,-0.436,19.44,21.09,01a59751o0314o
59751.417297,22.594,3.889,3,13,o,0,0.73,282.18089,33.08094,4715.23,6446.65,2.95,2.78,52.5,-0.422,19.42,21.14,01a59751o0367o
59752.46086,-21.966,2.0,-6,12,o,0,1.66,282.18089,33.08094,8480.56,9769.08,3.03,2.84,44.2,-0.435,19.38,20.85,01a59752o0478o
59752.468936,-20.802,0.986,-17,17,o,0,1.22,282.18089,33.08094,8503.69,9808.98,3.04,2.9,42.6,-0.439,19.15,20.62,01a59752o0494o
59752.47223,-23.269,11.375,-2,20,o,0,0.64,282.18089,33.08094,8442.61,9732.1,3.03,2.86,42.1,-0.442,19.18,20.64,01a59752o0501o
59752.484961,-22.133,5.0,-5,26,o,0,0.79,282.18089,33.08094,8429.72,9850.23,3.05,2.82,38.5,-0.44,19.11,20.56,01a59752o0527o
59753.477151,-20.622,0.478,-20,10,c,0,0.93,282.18089,33.08094,4162.47,602.24,2.38,2.26,85.3,-0.432,19.65,21.38,02a59753o0500c
59753.48264,22.742,3.045,3,9,c,0,1.21,282.18089,33.08094,4142.27,566.94,2.41,2.28,83.8,-0.426,19.6,21.36,02a59753o0512c
59753.492581,-22.679,3.318,-3,10,c,0,0.99,282.18089,33.08094,4202.52,646.1,2.5,2.34,-85.8,-0.418,19.56,21.34,02a59753o0532c
59753.498667,-22.377,2.0,-4,8,c,0,1.41,282.18089,33.08094,4222.34,525.34,2.37,2.22,-84.9,-0.422,19.61,21.3,02a59753o0545c
59754.462013,-23.223,5.786,-2,11,c,0,0.48,282.18089,33.08094,141.38,854.42,2.42,2.27,-83.1,-0.426,19.67,21.49,02a59754o0475c
59754.465216,21.269,0.965,11,11,c,0,0.86,282.18089,33.08094,120.35,817.94,2.45,2.24,-76.2,-0.426,19.68,21.5,02a59754o0482c
59754.470353,-22.504,3.0,-4,11,c,0,0.86,282.18089,33.08094,181.23,895.04,2.43,2.27,-75.8,-0.436,19.65,21.5,02a59754o0493c
59754.470811,23.775,11.222,1,13,c,0,1.0,282.18089,33.08094,10295.11,842.32,2.49,2.06,-61.0,-0.429,19.63,21.46,02a59754o0494c
59754.474513,-21.594,1.765,-8,15,c,0,0.67,282.18089,33.08094,10275.43,804.85,2.48,2.04,-61.2,-0.431,19.69,21.47,02a59754o0502c
59754.481748,20.696,0.629,19,12,c,0,0.99,282.18089,33.08094,10334.86,886.65,2.45,2.03,-59.0,-0.426,19.66,21.46,02a59754o0517c
59754.482663,24.629,19.75,0,10,c,0,0.83,282.18089,33.08094,201.69,775.72,2.43,2.16,-69.3,-0.434,19.7,21.5,02a59754o0519c
59754.491704,20.524,0.548,22,12,c,0,0.66,282.18089,33.08094,10356.05,771.28,2.47,2.0,-61.5,-0.426,19.68,21.46,02a59754o0538c
59755.474976,22.532,4.111,4,14,o,0,0.76,282.18089,33.08094,8486.1,9771.66,2.92,2.9,-89.8,-0.443,19.41,21.0,01a59755o0404o
59755.485829,22.932,4.615,2,11,o,0,1.31,282.18089,33.08094,8511.88,9809.7,2.85,2.81,62.6,-0.452,19.46,20.99,01a59755o0426o
59755.491941,21.106,1.014,13,13,o,0,0.99,282.18089,33.08094,8450.17,9733.63,2.86,2.79,-61.5,-0.455,19.43,20.94,01a59755o0439o
59755.499411,-21.826,2.618,-7,18,o,0,0.52,282.18089,33.08094,8435.52,9852.34,2.97,2.87,-59.5,-0.448,19.33,20.91,01a59755o0454o
59756.473621,25.737,67.0,0,12,o,0,0.85,282.18089,33.08094,8485.83,9768.97,2.88,2.74,44.4,-0.447,19.56,21.33,01a59756o0419o
59756.477365,-20.796,0.753,-17,13,o,0,0.69,282.18089,33.08094,8509.76,9807.42,2.81,2.72,54.3,-0.453,19.55,21.31,01a59756o0427o
59756.485829,21.788,1.892,7,13,o,0,0.83,282.18089,33.08094,8447.99,9730.93,2.89,2.8,36.9,-0.446,19.5,21.22,01a59756o0444o
59756.500918,-21.769,2.054,-7,15,o,0,0.76,282.18089,33.08094,8434.72,9850.55,2.89,2.86,59.5,-0.445,19.45,21.13,01a59756o0475o
59757.468248,-21.402,1.062,-10,11,c,0,1.07,282.18089,33.08094,136.64,856.12,2.41,2.16,-69.6,-0.439,19.49,21.23,02a59757o0356c
59757.472838,21.055,0.78,14,11,c,0,0.98,282.18089,33.08094,116.44,818.44,2.44,2.22,-69.1,-0.447,19.32,21.05,02a59757o0366c
59757.480168,20.162,0.662,31,21,c,0,1.14,282.18089,33.08094,176.89,891.69,2.52,2.22,-69.3,-0.433,18.51,20.08,02a59757o0381c
59757.484336,21.099,1.739,13,23,c,0,0.85,282.18089,33.08094,10289.94,846.11,2.6,2.05,-61.5,-0.414,19.35,21.0,02a59757o0390c
59757.487547,20.249,1.293,29,37,c,0,1.42,282.18089,33.08094,10270.6,806.53,2.6,2.06,-59.7,-0.414,18.73,20.27,02a59757o0397c
59757.490383,19.469,1.443,59,86,c,0,0.76,282.18089,33.08094,198.7,776.97,2.41,2.2,-72.5,-0.447,17.62,19.17,02a59757o0403c
59757.493129,21.588,1.951,8,16,c,0,1.11,282.18089,33.08094,10330.78,886.04,2.54,2.08,-60.3,-0.42,19.04,20.6,02a59757o0409c
59757.502966,-20.727,0.717,-19,13,c,0,0.79,282.18089,33.08094,10354.12,771.45,2.56,2.04,-59.5,-0.429,19.53,21.22,02a59757o0429c
59758.424968,22.58,5.235,3,18,c,0,0.69,282.18089,33.08094,295.61,9734.37,2.51,2.22,-52.7,-0.524,19.29,21.09,02a59758o0376c
59758.426776,20.762,0.988,18,18,c,0,1.0,282.18089,33.08094,314.22,9773.97,2.46,2.16,-54.8,-0.535,19.16,20.89,02a59758o0380c
59758.429941,19.842,0.613,42,26,c,0,0.35,282.18089,33.08094,254.33,9694.15,2.57,2.28,-53.6,-0.517,19.24,21.0,02a59758o0387c
59758.435367,23.291,6.778,2,12,c,0,1.04,282.18089,33.08094,233.99,9812.33,2.6,2.29,-55.3,-0.527,19.41,21.25,02a59758o0399c
59758.448817,21.511,1.511,9,14,c,0,0.75,282.18089,33.08094,142.95,852.11,2.66,2.43,-70.8,-0.438,19.36,21.15,02a59758o0425c
59758.477456,21.46,1.043,10,10,c,0,0.83,282.18089,33.08094,118.93,817.39,2.48,2.28,-72.1,-0.436,19.63,21.5,02a59758o0482c
59758.506096,20.49,0.604,23,14,c,0,1.28,282.18089,33.08094,177.36,892.64,2.61,2.37,-73.1,-0.441,19.01,20.72,02a59758o0542c
59758.509754,20.633,0.887,20,18,c,0,0.81,282.18089,33.08094,200.71,775.92,2.67,2.4,-72.5,-0.429,19.0,20.73,02a59758o0548c
59759.392481,-21.98,2.29,-6,13,o,0,0.95,282.18089,33.08094,2078.68,770.64,2.81,2.79,-58.2,-0.483,19.42,21.08,01a59759o0326o
59759.398648,23.22,6.7,2,12,o,0,1.11,282.18089,33.08094,2057.62,731.22,2.8,2.78,77.5,-0.484,19.44,21.08,01a59759o0339o
59759.400925,-20.874,0.709,-16,12,o,0,1.29,282.18089,33.08094,2118.76,808.11,2.84,2.76,-86.9,-0.483,19.41,21.07,01a59759o0344o
59759.425796,-21.965,2.03,-6,12,o,0,1.11,282.18089,33.08094,2133.99,686.6,2.79,2.71,40.7,-0.481,19.43,21.03,01a59759o0395o
59760.4444,-20.445,0.626,-24,15,o,0,0.94,282.18089,33.08094,10071.55,6087.73,3.18,3.06,-67.3,-0.432,19.32,20.92,01a59760o0367o
59760.459873,22.461,4.143,4,16,o,0,0.93,282.18089,33.08094,10097.89,6127.41,3.51,3.44,-55.3,-0.395,19.17,20.91,01a59760o0399o
59760.461238,-20.342,0.632,-26,17,o,0,0.71,282.18089,33.08094,138.77,6348.85,3.55,3.27,-53.3,-0.368,19.12,20.88,01a59760o0402o
59760.462604,20.842,1.056,17,18,o,0,1.03,282.18089,33.08094,10037.14,6052.18,3.79,3.75,-49.6,-0.38,19.07,20.9,01a59760o0405o
59760.470499,-24.525,30.5,-1,17,o,0,0.93,282.18089,33.08094,10022.45,6168.85,3.61,3.49,-50.4,-0.395,19.15,20.89,01a59760o0422o
59760.470953,-20.397,0.626,-25,16,o,0,0.93,282.18089,33.08094,163.02,6387.28,3.41,3.09,-45.8,-0.396,19.16,20.87,01a59760o0423o
59760.473685,-21.31,1.74,-11,19,o,0,0.53,282.18089,33.08094,102.66,6309.88,3.28,2.97,-43.5,-0.395,19.18,20.86,01a59760o0429o
59760.488204,-17.04,0.024,-555,13,o,0,34.37,282.18089,33.08094,89.37,6427.48,3.4,3.08,-45.3,-0.386,19.16,20.9,01a59760o0458o
59763.339361,-20.451,0.589,-24,14,o,0,0.92,282.18089,33.08094,10395.93,4284.07,3.8,3.2,22.1,-0.327,19.13,20.93,01a59763o0210o
59763.342561,20.453,0.635,24,15,o,0,0.92,282.18089,33.08094,10373.17,4241.98,3.13,2.77,-59.0,-0.463,19.36,20.96,01a59763o0217o
59763.353118,-20.496,0.568,-23,13,o,0,1.09,282.18089,33.08094,10435.8,4316.54,3.01,2.69,-63.5,-0.466,19.41,20.99,01a59763o0240o
59763.377786,-20.986,1.098,-15,16,o,0,0.92,282.18089,33.08094,10454.0,4191.55,3.79,3.53,-54.2,-0.369,19.18,20.97,01a59763o0290o
59763.391523,-20.884,1.031,-16,17,o,0,0.74,282.18089,33.08094,462.08,4447.38,3.42,3.2,-42.9,-0.45,19.26,21.05,01a59763o0317o
59763.418542,-23.002,6.75,-2,15,o,0,0.9,282.18089,33.08094,439.91,4407.51,3.63,3.47,-38.7,-0.443,19.17,21.15,01a59763o0373o
59764.406519,23.042,8.167,2,18,o,0,0.73,282.18089,33.08094,10397.94,4262.23,2.89,2.64,-60.2,-0.477,19.34,20.63,01a59764o0348o
59764.425121,-24.516,28.0,-1,16,o,0,0.92,282.18089,33.08094,10066.11,6085.53,2.95,2.75,-68.1,-0.45,19.36,20.75,01a59764o0385o
59764.428695,21.178,1.295,12,16,o,0,0.96,282.18089,33.08094,10087.88,6122.95,3.09,2.81,-67.8,-0.446,19.32,20.76,01a59764o0391o
59764.431543,-20.744,0.885,-18,16,o,0,1.05,282.18089,33.08094,10375.22,4216.45,2.93,2.75,-49.1,-0.46,19.36,20.72,01a59764o0396o
59764.43526,-21.475,1.617,-9,15,o,0,0.85,282.18089,33.08094,10435.2,4292.4,3.01,2.81,-51.3,-0.457,19.31,20.72,01a59764o0404o
59764.44074,-23.103,8.0,-2,17,o,0,0.79,282.18089,33.08094,10452.86,4174.82,2.95,2.71,-51.6,-0.466,19.34,20.67,01a59764o0416o
59764.464163,-20.133,0.469,-32,15,o,0,1.17,282.18089,33.08094,10037.21,6050.45,2.99,2.86,-61.9,-0.451,19.28,20.67,01a59764o0466o
59764.492558,21.044,1.172,14,16,o,0,0.99,282.18089,33.08094,10028.48,6172.75,3.77,3.06,26.7,-0.346,19.14,20.77,01a59764o0525o
59766.366809,21.278,1.627,11,18,o,0,0.72,282.18089,33.08094,4030.95,4151.05,2.24,1.89,36.6,-0.444,19.15,20.12,02a59766o0267o
59766.388105,21.96,1.923,6,12,o,0,1.11,282.18089,33.08094,4052.18,4190.02,2.31,1.92,35.0,-0.44,19.48,20.78,02a59766o0309o
59766.390371,-21.451,1.325,-10,13,o,0,0.62,282.18089,33.08094,3993.64,4113.15,2.33,1.94,35.0,-0.441,19.44,20.74,02a59766o0314o
59766.40626,-20.509,0.632,-23,14,o,0,0.43,282.18089,33.08094,3975.87,4231.93,2.3,1.88,32.5,-0.453,19.57,20.89,02a59766o0345o
59767.376153,-20.374,0.617,-26,16,o,0,0.86,282.18089,33.08094,462.41,4445.51,2.75,2.5,-47.8,-0.518,19.25,20.58,01a59767o0293o
59767.398509,23.056,9.6,2,21,o,0,0.85,282.18089,33.08094,441.58,4405.32,2.71,2.48,-43.7,-0.535,18.96,20.17,01a59767o0339o
59767.401243,-21.88,3.233,-6,21,o,0,0.97,282.18089,33.08094,501.86,4480.62,2.66,2.45,-47.0,-0.539,18.94,20.12,01a59767o0345o
59767.403064,21.051,1.508,14,21,o,0,0.75,282.18089,33.08094,10396.85,4256.2,2.82,2.69,-46.9,-0.475,19.06,20.28,01a59767o0349o
59767.403975,-20.856,1.076,-16,18,o,0,1.28,282.18089,33.08094,518.56,4362.13,2.66,2.47,-45.5,-0.539,19.0,20.16,01a59767o0351o
59767.405343,20.364,0.743,26,19,o,0,1.19,282.18089,33.08094,10376.3,4217.04,2.85,2.69,-50.8,-0.477,18.98,20.22,01a59767o0354o
59767.408081,-23.377,16.667,-2,27,o,0,0.85,282.18089,33.08094,10436.92,4294.64,2.82,2.69,-48.0,-0.477,18.8,19.88,01a59767o0360o
59767.431115,-20.13,1.348,-32,43,o,0,0.87,282.18089,33.08094,10452.78,4172.41,2.92,2.74,-49.1,-0.473,18.27,19.64,01a59767o0403o
59768.461754,-21.306,1.015,-11,11,o,0,1.54,282.18089,33.08094,2489.62,10227.49,2.82,2.49,-39.9,-0.471,19.37,20.8,01a59768o0325o
59768.472897,-23.745,8.857,-1,10,o,0,1.32,282.18089,33.08094,2512.64,10266.8,2.71,2.56,-58.0,-0.466,19.4,20.87,01a59768o0348o
59768.478829,20.223,0.452,30,13,o,0,0.85,282.18089,33.08094,2452.25,10188.93,2.76,2.53,-48.4,-0.471,19.41,20.88,01a59768o0361o
59768.484741,22.46,3.545,4,13,o,0,0.84,282.18089,33.08094,2437.47,10308.3,2.79,2.6,-83.8,-0.461,19.36,20.84,01a59768o0373o
59769.358744,-20.668,1.182,-20,23,o,0,1.27,282.18089,33.08094,4026.02,4148.48,2.24,1.84,32.5,-0.442,18.54,19.16,02a59769o0247o
59769.361481,22.061,5.231,5,28,o,0,0.83,282.18089,33.08094,4045.23,4187.84,2.28,1.82,32.6,-0.443,18.57,18.98,02a59769o0253o
59769.366842,-20.143,0.668,-32,21,o,0,1.82,282.18089,33.08094,3988.61,4111.27,2.31,1.87,33.0,-0.438,18.57,19.06,02a59769o0264o
59769.391702,-21.474,2.173,-9,20,o,0,1.6,282.18089,33.08094,3971.9,4227.44,2.26,1.78,32.9,-0.445,18.8,19.3,02a59769o0312o
59769.509893,20.736,0.721,18,13,o,0,0.9,282.18089,33.08094,2503.74,10234.01,2.82,2.69,-88.5,-0.449,19.36,21.01,01a59769o0590o
59769.544655,20.799,0.842,17,15,o,0,0.79,282.18089,33.08094,2529.86,10274.82,2.86,2.71,-67.0,-0.451,19.36,20.91,01a59769o0665o
59769.548587,-21.113,1.13,-13,15,o,0,0.99,282.18089,33.08094,2468.3,10197.28,2.9,2.75,-64.1,-0.451,19.29,20.87,01a59769o0673o
59769.575074,-21.961,2.552,-6,15,o,0,0.85,282.18089,33.08094,2457.78,10317.15,3.13,2.81,73.1,-0.428,19.18,20.77,01a59769o0730o
59770.436029,-21.364,1.525,-10,16,o,0,0.88,282.18089,33.08094,8171.22,2379.31,2.11,1.98,22.3,-0.43,19.22,19.99,02a59770o0425o
59770.440097,-21.75,2.091,-7,15,o,0,1.03,282.18089,33.08094,8151.39,2340.35,2.21,2.01,25.5,-0.421,19.21,20.0,02a59770o0434o
59770.445241,-21.204,1.482,-12,18,o,0,0.77,282.18089,33.08094,8210.34,2417.65,2.16,2.0,26.2,-0.425,19.19,20.01,02a59770o0445o
59770.459004,21.203,1.361,12,16,o,0,0.87,282.18089,33.08094,8231.34,2301.83,2.01,1.92,21.3,-0.444,19.26,20.04,02a59770o0475o
59771.423033,21.37,2.238,10,23,o,0,0.95,282.18089,33.08094,2483.7,10228.62,2.66,2.51,-48.7,-0.485,18.84,19.72,01a59771o0390o
59771.426223,-21.286,1.803,-11,20,o,0,0.93,282.18089,33.08094,2505.23,10268.16,2.7,2.55,-44.8,-0.479,18.91,19.76,01a59771o0397o
59771.431409,-21.796,3.293,-7,23,o,0,0.72,282.18089,33.08094,2444.55,10191.02,2.73,2.57,-45.2,-0.47,18.86,19.74,01a59771o0408o
59771.441878,23.687,20.143,1,24,o,0,1.01,282.18089,33.08094,2430.3,10310.08,2.72,2.59,-60.9,-0.474,18.8,19.61,01a59771o0430o
59772.442944,-21.162,2.0,-12,25,o,0,0.8,282.18089,33.08094,2490.68,10230.3,2.77,2.54,-42.5,-0.476,18.81,19.6,01a59772o0422o
59772.471121,-15.32,0.63,-2705,1703,o,0,0.09,282.18089,33.08094,5764.95,30.58,2.77,2.66,-46.4,-0.477,18.75,19.48,01a59772o0481o
59772.471576,-20.639,1.158,-20,23,o,0,1.0,282.18089,33.08094,2519.06,10271.97,2.84,2.61,-47.3,-0.469,18.76,19.54,01a59772o0482o
59772.475042,21.342,1.983,10,21,o,0,1.32,282.18089,33.08094,2456.77,10193.78,2.88,2.6,-43.1,-0.473,18.76,19.53,01a59772o0488o
59772.502366,-20.373,0.967,-26,25,o,0,1.01,282.18089,33.08094,2446.2,10315.16,2.76,2.59,-62.7,-0.478,18.74,19.47,01a59772o0545o
59775.423615,19.998,0.696,36,25,o,0,0.98,282.18089,33.08094,2486.27,10228.23,3.19,3.0,-35.2,-0.428,18.65,19.67,01a59775o0381o
59775.426478,-24.591,54.5,0,29,o,0,0.79,282.18089,33.08094,2509.12,10267.77,3.59,3.38,-48.2,-0.393,18.56,19.66,01a59775o0387o
59775.432113,20.924,1.738,16,27,o,0,0.84,282.18089,33.08094,2447.59,10190.2,3.38,3.16,-49.9,-0.418,18.63,19.67,01a59775o0399o
59775.462784,-15.922,0.363,-1554,564,o,0,0.22,282.18089,33.08094,5763.59,31.48,3.85,3.76,-59.0,-0.334,18.42,19.64,01a59775o0464o
59775.467398,-21.052,2.25,-14,31,o,0,0.69,282.18089,33.08094,2439.41,10311.09,3.44,3.19,-50.6,-0.417,18.6,19.67,01a59775o0472o
59776.397329,-20.43,0.705,-24,17,o,0,1.0,282.18089,33.08094,7624.74,2323.94,2.91,2.77,-59.5,-0.457,19.03,20.13,01a59776o0338o
59776.401991,-20.806,0.908,-17,16,o,0,1.31,282.18089,33.08094,7645.92,2360.88,2.8,2.64,-58.6,-0.47,19.08,20.12,01a59776o0348o
59776.408489,20.815,1.108,17,19,o,0,0.99,282.18089,33.08094,7588.44,2285.67,2.87,2.7,-57.1,-0.465,19.04,20.09,01a59776o0362o
59776.423326,-21.162,1.338,-12,17,o,0,1.04,282.18089,33.08094,7575.81,2403.39,2.81,2.8,18.5,-0.446,18.98,20.06,01a59776o0393o
59778.421683,23.09,7.421,2,16,o,0,0.88,282.18089,33.08094,490.32,6305.62,2.13,2.03,-9.9,-0.406,19.2,20.08,02a59778o0383o
59778.426269,20.74,0.817,18,15,o,0,0.94,282.18089,33.08094,470.89,6269.61,2.1,2.0,-4.3,-0.419,19.15,19.97,02a59778o0393o
59778.445553,-21.003,1.138,-14,16,o,0,0.93,282.18089,33.08094,10428.32,6317.58,2.23,2.15,3.0,-0.436,19.1,19.88,02a59778o0434o
59778.446005,-21.102,1.259,-13,17,o,0,1.01,282.18089,33.08094,531.78,6348.44,2.15,2.04,-10.9,-0.398,19.07,19.85,02a59778o0435o
59778.462203,-19.949,0.373,-38,14,o,0,0.99,282.18089,33.08094,551.21,6226.13,2.05,1.96,-13.4,-0.427,19.23,20.04,02a59778o0469o
59778.462656,21.162,1.653,12,21,o,0,0.63,282.18089,33.08094,10409.32,6274.58,2.19,2.14,-32.4,-0.457,19.15,19.98,02a59778o0470o
59778.47129,-21.074,1.369,-14,18,o,0,0.87,282.18089,33.08094,10469.48,6354.54,2.28,2.21,-29.4,-0.44,19.24,20.11,02a59778o0489o
59778.475512,-21.75,3.263,-7,24,o,0,0.58,282.18089,33.08094,10487.62,6238.15,2.26,2.18,-33.5,-0.436,19.28,20.15,02a59778o0498o
59779.407781,-20.808,0.742,-17,13,o,0,1.08,282.18089,33.08094,7625.86,2319.48,2.79,2.69,-55.4,-0.465,19.37,20.81,01a59779o0366o
59779.424664,-22.024,2.531,-6,14,o,0,0.69,282.18089,33.08094,7651.26,2356.96,2.78,2.66,-56.4,-0.465,19.35,20.73,01a59779o0402o
59779.427865,-21.028,1.104,-14,16,o,0,0.76,282.18089,33.08094,7593.08,2283.88,2.83,2.72,-49.2,-0.463,19.3,20.7,01a59779o0409o
59779.437542,-25.757,84.0,0,15,o,0,0.77,282.18089,33.08094,7577.74,2401.31,2.83,2.69,-57.9,-0.464,19.33,20.66,01a59779o0429o
59780.386993,-25.06,36.5,0,12,o,0,0.82,282.18089,33.08094,7620.57,2319.08,2.74,2.62,-55.8,-0.473,19.49,21.14,01a59780o0314o
59780.412574,-21.442,1.161,-10,11,o,0,1.21,282.18089,33.08094,7646.65,2359.25,2.74,2.64,-57.1,-0.465,19.49,21.14,01a59780o0366o
59780.415365,-21.954,2.118,-6,13,o,0,0.83,282.18089,33.08094,7588.38,2283.31,2.79,2.67,-55.3,-0.465,19.47,21.1,01a59780o0372o
59780.437176,-20.664,0.624,-20,12,o,0,0.94,282.18089,33.08094,7578.81,2403.02,2.86,2.7,-55.4,-0.453,19.41,20.96,01a59780o0417o
59781.417426,20.791,0.682,18,12,c,0,0.67,282.18089,33.08094,483.06,6303.09,2.43,2.32,-41.0,-0.404,19.64,21.43,02a59781o0385c
59781.418781,21.131,0.885,13,11,c,0,0.74,282.18089,33.08094,10420.37,6304.78,2.67,2.63,-25.9,-0.407,19.63,21.42,02a59781o0388c
59781.420591,22.478,2.857,4,11,c,0,0.68,282.18089,33.08094,464.54,6265.57,2.45,2.31,-41.3,-0.405,19.67,21.44,02a59781o0392c
59781.421948,18.891,0.236,101,24,c,0,1.96,282.18089,33.08094,10401.19,6269.73,2.68,2.59,4.6,-0.406,19.63,21.42,02a59781o0395c
59781.430349,20.569,0.56,22,12,c,0,0.81,282.18089,33.08094,10459.73,6347.09,2.76,2.69,-10.0,-0.395,19.59,21.38,02a59781o0412c
59781.43178,21.408,0.985,10,10,c,0,1.15,282.18089,33.08094,523.4,6341.99,2.61,2.48,-48.5,-0.393,19.53,21.4,02a59781o0415c
59781.437261,-21.668,1.345,-8,10,c,0,1.02,282.18089,33.08094,543.37,6222.41,2.5,2.43,-32.9,-0.399,19.59,21.37,02a59781o0427c
59781.443028,-20.024,0.468,-36,17,c,0,0.68,282.18089,33.08094,10478.34,6231.59,2.66,2.61,-5.5,-0.404,19.6,21.3,02a59781o0438c
59782.452014,-23.669,7.9,-1,10,c,0,1.13,282.18089,33.08094,482.19,6305.0,2.35,2.2,-45.6,-0.416,19.66,21.37,02a59782o0387c
59782.457193,21.459,1.039,10,10,c,0,0.86,282.18089,33.08094,462.86,6266.41,2.35,2.19,-44.1,-0.415,19.67,21.37,02a59782o0398c
59782.460129,-22.633,3.04,-3,10,c,0,0.97,282.18089,33.08094,521.51,6341.89,2.4,2.23,-44.6,-0.416,19.65,21.37,02a59782o0404c
59782.47038,-21.338,0.976,-11,10,c,0,0.88,282.18089,33.08094,538.98,6224.05,2.36,2.21,-47.3,-0.42,19.61,21.29,02a59782o0422c
59782.473613,21.14,1.021,13,13,o,0,0.64,282.18089,33.08094,10416.95,6313.47,2.31,2.24,-54.2,-0.453,19.44,20.78,02a59782o0426o
59782.476838,21.324,1.233,11,13,o,0,0.87,282.18089,33.08094,10397.83,6273.95,2.22,2.13,-40.9,-0.468,19.57,20.78,02a59782o0433o
59782.51238,-22.049,2.14,-6,12,o,0,1.35,282.18089,33.08094,10454.97,6356.26,2.24,2.19,-28.5,-0.449,19.48,20.53,02a59782o0509o
59782.518381,-20.086,0.516,-34,17,o,0,0.99,282.18089,33.08094,10478.01,6240.64,2.19,2.1,-28.2,-0.456,19.43,20.48,02a59782o0522o
59783.387907,-22.758,5.412,-3,16,o,0,0.59,282.18089,33.08094,7623.08,2319.07,2.7,2.57,-58.9,-0.48,19.48,20.97,01a59783o0332o
59783.391134,-21.233,1.119,-12,13,o,0,0.79,282.18089,33.08094,7643.44,2356.67,2.78,2.61,-51.8,-0.471,19.46,20.98,01a59783o0339o
59783.408343,23.72,11.0,1,13,o,0,1.04,282.18089,33.08094,7589.55,2281.55,2.7,2.55,-48.0,-0.481,19.44,20.99,01a59783o0375o
59783.413876,-21.344,1.164,-10,12,o,0,0.83,282.18089,33.08094,7573.27,2400.43,2.71,2.58,-49.7,-0.48,19.42,20.99,01a59783o0387o
59784.529757,-21.438,1.574,-10,15,o,0,0.89,282.18089,33.08094,7964.77,5814.1,2.79,2.68,52.8,-0.436,19.28,20.59,01a59784o0019o
59784.533401,20.102,0.458,33,15,o,0,0.83,282.18089,33.08094,7985.88,5853.65,2.98,2.84,44.7,-0.417,19.16,20.58,01a59784o0027o
59784.538871,21.199,1.15,12,14,o,0,1.13,282.18089,33.08094,7925.6,5780.26,2.93,2.85,-71.7,-0.433,19.15,20.54,01a59784o0039o
59784.550317,-20.351,0.58,-26,15,o,0,1.16,282.18089,33.08094,7909.38,5899.81,2.91,2.85,88.8,-0.435,19.09,20.45,01a59784o0064o
59785.436713,21.26,0.871,11,10,c,0,0.98,282.18089,33.08094,487.64,6304.22,2.32,2.24,-24.0,-0.408,19.67,21.4,02a59785o0259c
59785.437617,-21.376,0.879,-10,9,c,0,1.5,282.18089,33.08094,10422.88,6312.0,2.62,2.52,20.0,-0.411,19.67,21.4,02a59785o0261c
59785.439883,21.487,1.171,9,11,c,0,0.73,282.18089,33.08094,468.39,6266.06,2.31,2.21,-32.7,-0.412,19.66,21.39,02a59785o0266c
59785.444171,19.579,0.795,54,43,c,0,0.34,282.18089,33.08094,10403.57,6275.38,2.61,2.54,15.4,-0.416,19.66,21.38,02a59785o0275c
59785.445097,22.045,1.6,6,9,c,0,1.36,282.18089,33.08094,526.68,6342.03,2.32,2.2,-36.4,-0.423,19.7,21.41,02a59785o0277c
59785.448757,22.414,3.28,4,13,c,0,0.55,282.18089,33.08094,10463.19,6353.02,2.62,2.55,15.1,-0.412,19.66,21.38,02a59785o0285c
59785.468834,24.637,16.75,0,8,c,0,1.32,282.18089,33.08094,547.6,6226.54,2.33,2.27,2.6,-0.413,19.63,21.34,02a59785o0329c
59785.470188,-22.489,3.913,-4,14,c,0,1.0,282.18089,33.08094,10482.84,6240.39,2.64,2.53,13.4,-0.416,19.65,21.35,02a59785o0332c
59786.404894,-22.746,3.565,-3,10,c,0,0.47,282.18089,33.08094,2252.26,2676.66,2.35,2.25,43.2,-0.421,19.75,21.61,02a59786o0361c
59786.411739,-21.257,0.753,-11,9,c,0,1.07,282.18089,33.08094,2231.77,2635.06,2.36,2.27,33.1,-0.419,19.75,21.6,02a59786o0376c
59786.414902,24.026,10.0,1,9,c,0,0.92,282.18089,33.08094,2291.37,2712.54,2.37,2.25,33.9,-0.423,19.73,21.61,02a59786o0383c
59786.43178,22.347,1.937,4,8,c,0,1.28,282.18089,33.08094,2311.19,2593.98,2.41,2.28,52.7,-0.418,19.71,21.59,02a59786o0420c
59787.372646,-20.576,0.612,-21,13,o,0,0.88,282.18089,33.08094,7925.18,5794.97,2.78,2.67,-52.5,-0.465,19.47,21.0,01a59787o0299o
59787.376294,-24.28,18.75,-1,13,o,0,0.79,282.18089,33.08094,7947.26,5833.56,2.76,2.69,-51.4,-0.464,19.44,21.0,01a59787o0307o
59787.382315,20.505,0.515,23,12,o,0,1.12,282.18089,33.08094,7888.31,5758.65,2.73,2.66,-47.0,-0.463,19.49,21.03,01a59787o0320o
59787.395683,20.411,0.504,25,12,o,0,0.9,282.18089,33.08094,7875.66,5875.6,2.83,2.73,-50.1,-0.457,19.45,21.1,01a59787o0348o
59788.418117,-20.115,0.377,-33,12,o,0,1.13,282.18089,33.08094,7934.81,5798.52,2.89,2.67,-55.0,-0.46,19.44,21.1,01a59788o0383o
59788.421304,23.059,5.417,2,12,o,0,0.95,282.18089,33.08094,7956.32,5837.98,2.86,2.64,-57.3,-0.463,19.47,21.14,01a59788o0390o
59788.427491,-20.719,0.757,-19,14,o,0,0.57,282.18089,33.08094,7897.59,5764.08,2.89,2.64,-57.1,-0.468,19.48,21.12,01a59788o0403o
59788.462778,-21.823,1.816,-7,12,o,0,1.0,282.18089,33.08094,7891.17,5885.85,2.85,2.6,-59.0,-0.468,19.41,21.01,01a59788o0475o
59789.528765,21.179,0.867,12,11,c,0,0.76,282.18089,33.08094,2241.12,2674.99,2.39,2.27,42.8,-0.402,19.53,21.17,02a59789o0386c
59789.541329,20.29,0.398,28,11,c,0,0.96,282.18089,33.08094,2224.16,2635.27,2.42,2.33,54.1,-0.408,19.43,21.06,02a59789o0411c
59789.544516,22.182,2.485,5,12,c,0,0.89,282.18089,33.08094,2283.02,2712.82,2.43,2.34,48.9,-0.403,19.41,21.04,02a59789o0418c
59789.560054,20.666,0.634,20,12,c,0,1.03,282.18089,33.08094,2305.51,2596.13,2.4,2.35,55.7,-0.404,19.37,20.94,02a59789o0451c
59790.360894,22.353,2.212,4,9,c,0,0.86,282.18089,33.08094,2255.45,2679.19,2.33,2.25,34.7,-0.421,19.77,21.5,02a59790o0265c
59790.365641,24.649,17.75,0,9,c,0,0.99,282.18089,33.08094,2235.34,2640.94,2.35,2.24,44.3,-0.416,19.73,21.5,02a59790o0275c
59790.372311,-22.744,3.435,-3,10,c,0,0.67,282.18089,33.08094,2294.83,2714.68,2.35,2.25,39.9,-0.42,19.75,21.52,02a59790o0288c
59790.400891,22.145,1.872,5,9,c,0,0.94,282.18089,33.08094,2307.36,2598.66,2.37,2.3,65.5,-0.419,19.75,21.53,02a59790o0348c
59791.353867,-22.558,4.412,-3,15,o,0,0.79,282.18089,33.08094,7917.86,5792.28,2.82,2.74,-67.0,-0.452,19.3,20.95,01a59791o0243o
59791.386345,20.459,0.691,24,16,o,0,0.55,282.18089,33.08094,7947.66,5832.28,2.83,2.7,-61.4,-0.45,19.35,21.01,01a59791o0311o
59791.391575,-22.648,7.0,-3,22,o,0,0.98,282.18089,33.08094,7889.1,5757.29,2.81,2.71,-62.5,-0.461,19.16,20.79,01a59791o0322o
59791.394762,-20.581,0.851,-21,18,o,0,0.77,282.18089,33.08094,7872.78,5874.35,2.84,2.75,-45.5,-0.462,19.26,20.86,01a59791o0329o
59792.351618,-20.981,0.875,-15,13,o,0,0.95,282.18089,33.08094,7771.23,3861.21,2.86,2.72,-66.3,-0.456,19.4,21.07,01a59792o0236o
59792.385391,-21.559,1.422,-9,12,o,0,1.07,282.18089,33.08094,7799.47,3900.88,2.91,2.83,-50.2,-0.443,19.43,21.05,01a59792o0308o
59792.38995,20.629,0.634,20,13,o,0,0.8,282.18089,33.08094,7742.14,3825.07,2.82,2.74,-47.9,-0.45,19.43,21.05,01a59792o0316o
59792.41518,20.838,0.793,17,13,o,0,0.91,282.18089,33.08094,7730.52,3943.69,2.92,2.83,-46.1,-0.443,19.39,20.99,01a59792o0367o
59793.381903,20.711,0.377,19,7,c,0,1.88,282.18089,33.08094,2256.62,2678.91,2.45,2.36,88.7,-0.409,19.64,21.39,02a59793o0309c
59793.385067,-23.647,9.125,-1,12,c,0,0.82,282.18089,33.08094,2237.32,2640.21,2.64,2.57,79.7,-0.398,19.56,21.39,02a59793o0316c
59793.419058,-23.505,10.889,-1,16,c,0,0.41,282.18089,33.08094,2290.18,2714.96,2.64,2.58,82.9,-0.402,19.58,21.47,02a59793o0386c
59793.428386,-22.206,2.161,-5,10,c,0,0.97,282.18089,33.08094,2316.44,2597.92,2.59,2.52,75.8,-0.402,19.6,21.48,02a59793o0405c
59795.379683,-21.397,1.239,-10,12,o,0,1.12,282.18089,33.08094,7782.77,3861.47,3.19,2.97,-66.2,-0.437,19.3,21.02,01a59795o0137o
59795.382869,20.842,0.812,17,14,o,0,0.99,282.18089,33.08094,7804.45,3900.24,2.97,2.81,-54.1,-0.454,19.38,21.03,01a59795o0144o
59795.406781,-20.963,0.91,-15,14,o,0,0.79,282.18089,33.08094,7747.3,3827.63,2.97,2.75,-54.5,-0.45,19.37,20.96,01a59795o0195o
59795.423665,-23.571,9.571,-1,13,o,0,1.15,282.18089,33.08094,7734.68,3945.89,2.96,2.8,-56.7,-0.441,19.33,20.87,01a59795o0231o
59796.347456,21.279,1.365,11,15,o,0,0.88,282.18089,33.08094,7770.7,3860.8,3.18,2.93,-57.0,-0.439,19.22,20.78,01a59796o0197o
59796.352096,-20.618,0.637,-21,13,o,0,1.08,282.18089,33.08094,7793.06,3898.54,3.03,2.85,-57.6,-0.448,19.29,20.82,01a59796o0207o
59796.362974,20.17,0.444,31,14,o,0,1.02,282.18089,33.08094,7734.8,3825.72,3.1,2.87,-52.5,-0.441,19.27,20.87,01a59796o0229o
59796.368715,-20.451,0.617,-24,15,o,0,0.73,282.18089,33.08094,7718.9,3941.78,3.1,2.92,-53.4,-0.435,19.31,20.94,01a59796o0240o
59797.441465,20.997,0.899,14,13,c,0,0.94,282.18089,33.08094,6843.47,8474.22,2.69,2.54,18.6,-0.407,19.58,21.43,02a59797o0399c
59797.444643,21.222,1.123,12,13,c,0,0.7,282.18089,33.08094,6827.94,8434.27,2.7,2.49,22.3,-0.41,19.56,21.46,02a59797o0406c
59797.451906,-22.261,2.357,-4,11,c,0,1.18,282.18089,33.08094,6886.64,8513.35,2.66,2.53,13.1,-0.408,19.56,21.46,02a59797o0422c
59797.461988,21.201,1.014,12,12,c,0,1.1,282.18089,33.08094,6905.92,8398.41,2.66,2.52,24.5,-0.408,19.56,21.42,02a59797o0444c
59799.3325,-20.279,0.634,-28,18,o,0,0.89,282.18089,33.08094,7767.08,3859.45,2.74,2.65,-67.8,-0.471,19.07,20.21,01a59799o0209o
59799.339123,21.411,1.759,10,17,o,0,1.11,282.18089,33.08094,7787.81,3897.55,2.69,2.65,-64.8,-0.472,19.1,20.19,01a59799o0222o
59799.341978,-20.254,0.552,-29,16,o,0,1.03,282.18089,33.08094,7729.75,3822.83,2.73,2.68,-67.9,-0.465,19.05,20.19,01a59799o0228o
59799.35328,-20.956,1.141,-15,17,o,0,1.0,282.18089,33.08094,7715.59,3940.64,2.74,2.71,-26.0,-0.466,19.07,20.16,01a59799o0250o
59800.357568,20.603,1.129,21,24,o,0,1.09,282.18089,33.08094,10319.85,7621.55,2.86,2.75,-68.2,-0.417,18.96,19.92,01a59800o0265o
59800.359389,-20.893,1.333,-16,21,o,0,0.76,282.18089,33.08094,198.07,7894.96,2.77,2.35,-43.5,-0.443,18.89,19.83,01a59800o0269o
59800.360753,-22.69,7.765,-3,24,o,0,1.03,282.18089,33.08094,10342.64,7660.77,2.88,2.74,-65.1,-0.412,18.89,19.9,01a59800o0272o
59800.363483,20.581,1.049,21,22,o,0,0.9,282.18089,33.08094,220.52,7934.63,2.74,2.32,-45.8,-0.448,18.95,19.87,01a59800o0278o
59800.366218,-19.514,0.428,-57,24,o,0,2.06,282.18089,33.08094,10282.41,7586.29,2.88,2.74,-66.9,-0.411,18.96,19.92,01a59800o0284o
59800.368952,-20.505,1.1,-23,25,o,0,0.64,282.18089,33.08094,160.86,7857.84,2.81,2.34,-44.0,-0.44,18.97,19.94,01a59800o0290o
59800.377733,21.59,3.333,8,28,o,0,0.86,282.18089,33.08094,10267.91,7706.51,2.93,2.82,-69.8,-0.394,18.91,19.85,01a59800o0309o
59800.380957,-21.678,2.64,-8,20,o,0,0.58,282.18089,33.08094,146.27,7974.91,2.83,2.39,-44.3,-0.43,18.9,19.87,01a59800o0316o
59801.340965,19.746,4.483,46,206,o,0,1.11,282.18089,33.08094,6868.23,8471.58,2.21,2.15,66.4,-0.527,17.49,17.55,02a59801o0233o
59801.34422,-19.328,2.888,-67,195,o,0,1.01,282.18089,33.08094,6849.61,8434.49,2.34,2.17,20.3,-0.493,17.58,17.72,02a59801o0240o
59801.350163,-18.759,0.595,-114,68,o,0,1.29,282.18089,33.08094,6906.17,8511.09,2.24,2.2,80.0,-0.462,18.23,18.54,02a59801o0252o
59801.384263,-20.974,5.765,-15,85,o,0,0.95,282.18089,33.08094,6909.01,8394.21,2.55,2.45,-69.3,-0.429,18.12,18.61,02a59801o0323o
59803.377697,-20.376,3.664,-26,94,o,0,0.72,282.18089,33.08094,10325.39,7624.86,2.91,2.86,62.5,-0.407,18.2,18.45,01a59803o0252o
59803.389963,19.19,1.454,77,111,o,0,0.96,282.18089,33.08094,10349.56,7665.87,2.92,2.85,86.0,-0.407,18.06,18.24,01a59803o0278o
59803.392274,-19.242,1.091,-73,80,o,0,1.46,282.18089,33.08094,207.93,7897.57,2.95,2.57,-48.0,-0.416,17.95,18.14,01a59803o0283o
59803.392729,20.602,5.853,21,122,o,0,0.85,282.18089,33.08094,10287.47,7590.83,3.01,2.89,-76.8,-0.412,17.94,18.15,01a59803o0284o
59803.395463,18.841,0.811,106,86,o,0,1.4,282.18089,33.08094,229.74,7936.95,2.86,2.44,-45.7,-0.433,17.79,17.9,01a59803o0290o
59803.403846,19.942,3.273,38,125,o,0,0.99,282.18089,33.08094,10274.34,7711.83,2.9,2.83,81.2,-0.411,17.98,18.05,01a59803o0308o
59803.406138,-19.672,1.513,-49,74,o,0,1.79,282.18089,33.08094,169.95,7860.52,2.83,2.44,-47.6,-0.426,17.86,18.02,01a59803o0313o
59803.41788,20.236,2.31,29,68,o,0,1.24,282.18089,33.08094,154.99,7976.23,2.85,2.43,-47.7,-0.423,18.07,18.25,01a59803o0338o
59804.322426,19.761,0.568,45,26,o,0,1.01,282.18089,33.08094,10310.27,7619.37,3.08,3.01,84.9,-0.389,18.84,19.69,01a59804o0200o
59804.326063,19.529,0.385,56,22,o,0,1.19,282.18089,33.08094,10332.08,7657.03,3.19,3.1,-73.5,-0.378,18.79,19.7,01a59804o0208o
59804.339606,-22.077,4.76,-5,26,o,0,0.94,282.18089,33.08094,10273.19,7584.45,3.16,3.12,-69.6,-0.375,18.79,19.69,01a59804o0236o
59804.341427,20.558,1.126,22,24,o,0,0.84,282.18089,33.08094,193.96,7892.44,3.15,2.81,-49.9,-0.399,18.7,19.64,01a59804o0240o
59804.353535,-19.835,0.536,-42,23,o,0,1.27,282.18089,33.08094,10260.63,7701.66,3.05,2.99,76.2,-0.393,18.81,19.67,01a59804o0265o
59804.354902,-22.602,6.789,-3,22,o,0,0.75,282.18089,33.08094,217.65,7933.63,2.96,2.59,-46.2,-0.427,18.75,19.65,01a59804o0268o
59804.358111,20.726,1.45,19,27,o,0,0.64,282.18089,33.08094,156.74,7856.55,3.11,2.7,-47.9,-0.402,18.74,19.64,01a59804o0275o
59804.367964,-20.924,1.427,-16,22,o,0,0.88,282.18089,33.08094,141.66,7973.51,2.99,2.59,-46.0,-0.42,18.8,19.66,01a59804o0295o
59805.40144,-20.348,0.726,-26,19,o,0,0.93,282.18089,33.08094,8770.42,8405.63,2.32,2.12,32.9,-0.442,19.11,19.7,02a59805o0377o
59805.404637,-19.878,0.48,-41,20,o,0,1.06,282.18089,33.08094,8751.2,8366.89,2.36,2.09,31.8,-0.437,19.09,19.68,02a59805o0384o
59805.410756,-21.445,2.115,-10,20,o,0,0.77,282.18089,33.08094,8809.42,8449.79,2.24,2.17,28.9,-0.435,19.08,19.65,02a59805o0397o
59805.420771,21.118,1.544,13,20,o,0,1.05,282.18089,33.08094,8828.12,8333.64,2.29,2.18,22.9,-0.436,19.03,19.61,02a59805o0419o
59806.330467,-20.619,1.079,-20,22,o,0,0.66,282.18089,33.08094,8781.19,8409.16,2.23,2.15,-80.5,-0.436,19.07,20.0,02a59806o0197o
59806.334085,-22.46,4.433,-4,17,o,0,0.97,282.18089,33.08094,8762.09,8368.54,2.15,2.11,89.6,-0.442,19.16,20.12,02a59806o0205o
59806.339512,-23.422,9.692,-2,15,o,0,0.77,282.18089,33.08094,8820.51,8449.21,2.22,2.12,-86.2,-0.437,19.39,20.39,02a59806o0217o
59806.35555,22.624,5.0,3,16,o,0,1.36,282.18089,33.08094,8840.85,8334.1,2.16,2.07,71.7,-0.44,19.07,19.91,02a59806o0251o
59807.31338,22.339,3.13,4,13,o,0,0.87,282.18089,33.08094,10310.47,7619.72,2.9,2.79,-81.2,-0.409,19.47,21.13,01a59807o0189o
59807.316565,-20.95,0.917,-15,14,o,0,0.78,282.18089,33.08094,10333.04,7658.48,2.87,2.78,-82.7,-0.411,19.48,21.14,01a59807o0196o
59807.322946,21.18,1.108,12,14,o,0,1.01,282.18089,33.08094,10272.2,7583.97,2.96,2.85,89.1,-0.398,19.44,21.11,01a59807o0210o
59807.324313,-21.331,1.071,-11,11,o,0,0.92,282.18089,33.08094,191.46,7892.98,2.75,2.38,-45.5,-0.441,19.43,21.06,01a59807o0213o
59807.343536,23.26,8.9,2,16,o,0,0.73,282.18089,33.08094,10260.04,7702.56,2.86,2.8,-85.5,-0.407,19.31,20.65,01a59807o0252o
59807.344918,21.774,2.022,7,14,o,0,0.83,282.18089,33.08094,216.18,7933.9,2.77,2.39,-48.6,-0.441,19.28,20.62,01a59807o0255o
59807.348108,20.077,0.38,34,13,o,0,1.18,282.18089,33.08094,156.95,7855.93,2.83,2.46,-50.7,-0.424,19.24,20.59,01a59807o0262o
59807.353639,20.644,0.812,20,16,o,0,0.74,282.18089,33.08094,140.73,7973.73,2.76,2.35,-47.5,-0.444,19.28,20.53,01a59807o0274o
59808.389484,22.178,2.786,5,14,o,0,1.17,282.18089,33.08094,5496.4,2008.24,2.75,2.65,-4.8,-0.458,19.23,20.54,01a59808o0269o
59808.392674,-20.327,0.478,-27,13,o,0,1.02,282.18089,33.08094,5516.67,2046.07,2.68,2.6,-45.1,-0.469,19.26,20.52,01a59808o0276o
59808.408137,21.465,1.893,9,18,o,0,0.68,282.18089,33.08094,5462.49,1972.3,2.66,2.58,-49.6,-0.475,19.19,20.35,01a59808o0309o
59808.414096,-21.561,1.788,-9,15,o,0,1.1,282.18089,33.08094,5450.02,2090.58,2.62,2.59,-3.1,-0.474,19.18,20.31,01a59808o0322o
59809.324848,21.273,0.89,11,10,c,0,1.16,282.18089,33.08094,8778.59,8408.82,2.57,2.54,-81.5,-0.413,19.68,21.68,02a59809o0207c
59809.328465,-20.642,0.478,-20,10,c,0,0.96,282.18089,33.08094,8759.58,8370.85,2.55,2.48,68.0,-0.411,19.71,21.69,02a59809o0215c
59809.336005,-22.135,1.969,-5,10,c,0,1.22,282.18089,33.08094,8817.07,8452.41,2.62,2.58,88.0,-0.408,19.68,21.68,02a59809o0231c
59809.368759,21.297,1.0,11,11,c,0,0.94,282.18089,33.08094,8826.8,8332.34,2.65,2.5,21.2,-0.415,19.68,21.67,02a59809o0299c
59810.389346,-23.812,9.857,-1,11,c,0,0.79,282.18089,33.08094,8478.03,6359.33,2.79,2.38,31.1,-0.4,19.65,21.61,02a59810o0349c
59810.392517,21.138,0.817,13,10,c,0,1.06,282.18089,33.08094,8460.05,6323.25,2.8,2.39,32.3,-0.394,19.63,21.58,02a59810o0356c
59810.397566,21.771,1.83,7,13,c,0,0.68,282.18089,33.08094,8519.13,6404.58,2.7,2.38,30.5,-0.398,19.62,21.56,02a59810o0367c
59810.405399,22.572,2.909,3,10,c,0,1.32,282.18089,33.08094,8537.16,6284.99,2.75,2.39,30.7,-0.397,19.66,21.48,02a59810o0383c
59811.357683,22.578,4.263,3,14,o,0,0.54,282.18089,33.08094,5490.2,2004.88,2.8,2.72,44.3,-0.45,19.35,21.02,01a59811o0290o
59811.360885,-21.335,1.049,-11,11,o,0,1.03,282.18089,33.08094,5511.26,2043.84,2.78,2.69,40.4,-0.449,19.44,21.03,01a59811o0297o
59811.376941,-20.538,0.559,-22,12,o,0,1.16,282.18089,33.08094,5455.98,1969.91,2.78,2.69,36.7,-0.448,19.4,21.04,01a59811o0331o
59811.384323,-20.799,0.663,-17,12,o,0,1.13,282.18089,33.08094,5440.61,2088.28,2.76,2.67,37.6,-0.451,19.42,21.01,01a59811o0347o
59812.364409,-22.107,2.185,-5,11,o,0,1.06,282.18089,33.08094,5495.17,2005.17,2.95,2.86,37.9,-0.431,19.37,21.14,01a59812o0308o
59812.367205,-21.751,1.718,-7,12,o,0,0.96,282.18089,33.08094,5515.45,2043.58,2.9,2.77,41.0,-0.439,19.42,21.12,01a59812o0314o
59812.388134,-21.026,0.833,-14,12,o,0,0.9,282.18089,33.08094,5463.14,1968.38,2.84,2.73,35.7,-0.444,19.46,21.23,01a59812o0359o
59812.402313,20.997,0.903,14,13,o,0,0.88,282.18089,33.08094,5450.38,2088.37,3.02,2.9,40.0,-0.428,19.35,21.09,01a59812o0389o
59813.2924,21.383,1.053,10,11,c,0,1.11,282.18089,33.08094,2099.08,4223.81,2.86,2.72,39.5,-0.392,19.44,21.55,02a59813o0141c
59813.295566,20.689,0.618,19,12,c,0,0.81,282.18089,33.08094,2119.14,4263.38,2.83,2.69,28.9,-0.394,19.49,21.57,02a59813o0148c
59813.32079,-21.322,1.184,-11,13,c,0,0.89,282.18089,33.08094,8532.28,6398.68,3.23,3.07,67.8,-0.354,19.37,21.61,02a59813o0202c
59813.342973,20.825,0.722,17,12,c,0,0.81,282.18089,33.08094,8547.69,6282.43,3.27,2.94,26.8,-0.368,19.41,21.66,02a59813o0247c
59815.35045,-21.852,1.914,-7,13,o,0,0.85,282.18089,33.08094,5493.21,2003.5,2.88,2.75,45.5,-0.447,19.29,20.93,01a59815o0333o
59815.364062,-23.342,8.0,-2,13,o,0,0.81,282.18089,33.08094,5516.73,2043.9,2.87,2.72,41.2,-0.449,19.33,20.94,01a59815o0362o
59815.378153,22.222,3.043,5,14,o,0,0.8,282.18089,33.08094,5460.59,1968.85,3.0,2.89,38.3,-0.436,19.25,20.84,01a59815o0392o
59815.381361,-20.644,0.733,-20,15,o,0,0.7,282.18089,33.08094,5446.62,2086.62,2.96,2.82,31.6,-0.445,19.29,20.84,01a59815o0399o
59816.327931,-20.373,0.58,-26,15,o,0,1.11,282.18089,33.08094,2093.92,6227.99,2.93,2.92,-57.1,-0.443,19.22,20.89,01a59816o0212o
59816.331116,-21.187,1.185,-12,14,o,0,1.07,282.18089,33.08094,2115.98,6266.74,2.96,2.94,-73.6,-0.448,19.09,20.76,01a59816o0219o
59816.352469,21.73,1.725,7,13,o,0,1.23,282.18089,33.08094,2060.19,6192.75,2.81,2.74,-51.5,-0.456,19.32,21.03,01a59816o0265o
59816.367581,-23.362,7.667,-2,13,o,0,1.06,282.18089,33.08094,2047.97,6310.28,2.77,2.75,32.1,-0.452,19.34,21.03,01a59816o0297o
59817.300951,-20.765,0.555,-18,10,c,0,1.02,282.18089,33.08094,8484.17,6358.22,2.66,2.44,32.2,-0.4,19.61,21.59,02a59817o0150c
59817.304575,21.783,1.489,7,10,c,0,0.83,282.18089,33.08094,8465.3,6321.7,2.71,2.4,29.3,-0.396,19.61,21.61,02a59817o0158c
59817.318882,21.349,1.031,10,11,c,0,0.9,282.18089,33.08094,8524.76,6403.47,2.8,2.5,29.8,-0.395,19.56,21.7,02a59817o0188c
59817.324379,20.808,0.574,17,10,c,0,0.96,282.18089,33.08094,8544.29,6285.03,2.81,2.47,27.6,-0.393,19.59,21.61,02a59817o0200c
59818.47979,-20.614,0.574,-21,12,c,0,1.3,282.18089,33.08094,6176.25,515.16,2.72,2.55,-79.1,-0.395,19.28,21.13,02a59818o0006c
59818.486308,-21.103,1.235,-13,16,c,0,0.83,282.18089,33.08094,6154.35,474.43,2.88,2.57,-63.8,-0.383,19.13,21.06,02a59818o0020c
59818.489956,20.56,0.651,22,14,c,0,0.9,282.18089,33.08094,6212.35,555.95,2.88,2.69,-73.8,-0.388,19.16,21.02,02a59818o0028c
59818.500853,21.609,1.977,8,16,c,0,0.95,282.18089,33.08094,6228.78,442.47,2.77,2.52,-62.9,-0.384,19.16,20.91,02a59818o0052c
59819.3334,20.794,0.615,18,11,o,0,1.28,282.18089,33.08094,2097.39,6227.05,2.82,2.76,47.0,-0.453,19.43,21.25,01a59819o0249o
59819.336612,-21.041,0.88,-14,12,o,0,0.87,282.18089,33.08094,2119.26,6266.72,2.84,2.79,-29.7,-0.453,19.4,21.25,01a59819o0256o
59819.345688,21.09,0.917,13,12,o,0,1.15,282.18089,33.08094,2060.35,6192.17,2.86,2.78,36.2,-0.447,19.38,21.19,01a59819o0275o
59819.356256,-20.895,0.878,-16,14,o,0,0.65,282.18089,33.08094,2045.64,6308.03,2.76,2.72,-31.7,-0.457,19.38,21.13,01a59819o0297o
59820.288494,-20.349,0.56,-26,15,o,0,0.79,282.18089,33.08094,2085.52,6222.1,2.94,2.85,54.7,-0.453,19.28,20.99,01a59820o0117o
59820.291685,20.987,1.1,15,16,o,0,0.73,282.18089,33.08094,2107.49,6261.68,3.02,2.96,74.2,-0.453,19.26,20.99,01a59820o0124o
59820.301427,-20.806,0.653,-17,11,o,0,1.2,282.18089,33.08094,2048.92,6186.22,2.77,2.7,40.5,-0.458,19.38,21.05,01a59820o0144o
59820.312048,21.076,1.113,14,15,o,0,0.94,282.18089,33.08094,2034.86,6302.67,3.1,3.04,46.9,-0.436,19.24,21.08,01a59820o0167o
59821.358505,-24.268,13.667,-1,10,c,0,0.78,282.18089,33.08094,6170.56,511.83,2.32,2.09,-75.5,-0.434,19.63,21.47,02a59821o0297c
59821.361704,-21.898,1.596,-6,10,c,0,0.98,282.18089,33.08094,6150.93,472.54,2.37,2.09,-72.2,-0.436,19.61,21.47,02a59821o0304c
59821.367609,21.031,0.678,14,10,c,0,0.82,282.18089,33.08094,6211.04,551.01,2.36,2.11,-72.1,-0.432,19.62,21.45,02a59821o0317c
59821.379889,21.549,1.417,9,12,c,0,0.88,282.18089,33.08094,6233.16,433.82,2.34,2.08,-69.4,-0.435,19.58,21.42,02a59821o0344c
59822.284671,21.528,1.224,9,11,c,0,0.64,282.18089,33.08094,6184.79,517.46,2.29,2.14,-75.9,-0.429,19.67,21.47,02a59822o0138c
59822.300508,-21.71,1.554,-8,12,c,0,0.78,282.18089,33.08094,6164.04,478.07,2.29,2.12,-79.2,-0.423,19.66,21.56,02a59822o0172c
59822.303672,-21.943,1.423,-6,9,c,0,0.9,282.18089,33.08094,6224.66,557.42,2.3,2.11,-78.1,-0.43,19.66,21.57,02a59822o0179c
59822.309068,23.968,12.75,1,12,c,0,0.79,282.18089,33.08094,6244.16,435.8,2.33,2.1,-74.4,-0.429,19.67,21.6,02a59822o0190c
59823.283792,-20.957,1.0,-15,15,o,0,0.57,282.18089,33.08094,2083.83,6225.77,2.68,2.64,-8.5,-0.466,19.42,21.18,01a59823o0145o
59823.286981,-20.872,0.677,-16,11,o,0,1.07,282.18089,33.08094,2106.38,6264.99,2.67,2.66,-41.8,-0.464,19.41,21.21,01a59823o0152o
59823.307787,-21.52,1.245,-9,11,o,0,1.22,282.18089,33.08094,2049.51,6192.72,2.7,2.62,-31.8,-0.466,19.45,21.27,01a59823o0196o
59823.314225,-20.575,0.619,-21,13,o,0,0.92,282.18089,33.08094,2033.57,6307.31,2.81,2.75,-46.8,-0.448,19.43,21.23,01a59823o0210o
59824.335477,0.0,21.011,0,14,o,0,0.89,282.18089,33.08094,9539.53,2124.79,2.85,2.71,-35.1,-0.463,19.28,20.79,01a59824o0261o
59824.338722,-21.527,1.702,-9,15,o,0,1.04,282.18089,33.08094,9561.04,2162.05,2.88,2.73,-41.2,-0.464,19.28,20.76,01a59824o0268o
59824.365331,21.61,1.909,8,16,o,0,0.74,282.18089,33.08094,9507.46,2092.46,2.86,2.71,-40.8,-0.464,19.34,20.96,01a59824o0324o
59824.371742,-21.108,1.043,-13,14,o,0,1.01,282.18089,33.08094,9490.56,2213.62,2.86,2.74,-34.2,-0.459,19.33,20.95,01a59824o0338o
59825.291028,23.139,6.5,2,13,o,0,0.7,282.18089,33.08094,6171.85,510.04,1.96,1.84,83.9,-0.442,19.5,20.77,02a59825o0161o
59827.329783,-20.817,1.04,-17,18,o,0,1.11,282.18089,33.08094,9537.86,2125.87,3.24,3.01,-44.1,-0.443,19.03,20.34,01a59827o0253o
59827.333963,-20.596,0.901,-21,19,o,0,1.04,282.18089,33.08094,9558.51,2163.22,3.28,3.04,-44.5,-0.436,19.03,20.33,01a59827o0262o
59827.352627,-20.882,1.275,-16,21,o,0,0.8,282.18089,33.08094,9503.82,2091.02,3.26,3.08,-42.5,-0.435,18.97,20.27,01a59827o0302o
59827.370577,22.905,7.8,2,20,o,0,0.93,282.18089,33.08094,9490.35,2214.89,3.39,3.27,-10.7,-0.406,18.89,20.22,01a59827o0340o
59828.264235,-21.167,1.825,-12,23,o,0,0.99,282.18089,33.08094,9519.62,2117.08,3.82,3.67,-37.1,-0.395,18.74,20.13,01a59828o0061o
59828.267425,-20.688,1.447,-19,28,o,0,0.92,282.18089,33.08094,9541.4,2155.95,4.52,4.27,-28.0,-0.362,18.54,20.12,01a59828o0068o
59828.276555,20.408,0.957,25,24,o,0,1.05,282.18089,33.08094,9485.63,2081.65,4.12,3.99,-28.6,-0.38,18.66,20.15,01a59828o0087o
59828.288017,-20.798,1.254,-17,22,o,0,0.99,282.18089,33.08094,9470.27,2200.22,3.46,3.34,-38.3,-0.412,18.9,20.19,01a59828o0111o
59831.30295,-20.466,1.299,-24,31,o,0,0.88,282.18089,33.08094,9589.77,2278.25,2.85,2.14,-71.3,-0.611,18.94,19.51,01a59831o0074o
59831.305794,19.544,0.477,55,26,o,0,1.77,282.18089,33.08094,9610.4,2317.8,2.92,2.18,-70.4,-0.614,18.92,19.5,01a59831o0080o
59831.322165,20.261,1.105,28,32,o,0,0.88,282.18089,33.08094,9555.43,2245.2,3.07,2.29,-71.3,-0.575,18.89,19.47,01a59831o0114o
59831.340024,20.093,0.885,33,30,o,0,1.04,282.18089,33.08094,9541.24,2364.15,3.05,2.34,-75.7,-0.595,18.78,19.39,01a59831o0151o
59832.377244,20.175,0.692,31,21,o,0,1.03,282.18089,33.08094,5981.37,6060.03,2.32,2.29,40.1,-0.407,18.8,19.05,01a59832o0061o
59832.380487,-22.12,3.354,-5,17,o,0,1.31,282.18089,33.08094,6001.87,6099.09,2.31,2.21,-58.0,-0.43,18.82,19.04,01a59832o0068o
59832.38746,-23.294,16.2,-2,28,o,0,0.68,282.18089,33.08094,5943.57,6022.74,2.49,2.2,-50.6,-0.443,18.71,18.99,01a59832o0083o
59832.399951,-20.42,0.977,-25,24,o,0,0.93,282.18089,33.08094,5926.11,6142.23,2.46,2.19,-55.0,-0.443,18.68,18.91,01a59832o0110o
59833.294048,21.111,1.33,13,17,o,0,0.84,282.18089,33.08094,6506.9,4497.52,2.31,1.95,34.5,-0.451,19.0,19.55,02a59833o0175o
59833.297213,21.653,2.391,8,19,o,0,1.09,282.18089,33.08094,6487.53,4459.97,2.31,1.93,32.8,-0.446,19.03,19.54,02a59833o0182o
59833.30403,20.766,0.938,18,17,o,0,1.42,282.18089,33.08094,6545.21,4537.62,2.25,1.9,36.6,-0.455,18.97,19.49,02a59833o0196o
59833.3145,23.635,17.364,1,22,o,0,1.15,282.18089,33.08094,6563.55,4422.17,2.3,1.87,34.5,-0.442,18.79,19.1,02a59833o0219o
59834.357206,-20.664,1.706,-20,34,o,0,0.89,282.18089,33.08094,4231.19,2564.5,2.11,1.91,30.4,-0.444,18.44,18.63,02a59834o0158o
59834.360369,-20.815,2.496,-17,43,o,0,0.91,282.18089,33.08094,4211.75,2524.95,2.16,1.95,32.5,-0.436,18.22,18.43,02a59834o0165o
59834.37676,23.127,7.889,2,16,o,0,1.18,282.18089,33.08094,4271.26,2601.73,2.2,1.94,33.7,-0.441,18.93,19.46,02a59834o0201o
59834.382186,-20.069,0.588,-34,20,o,0,0.81,282.18089,33.08094,4291.12,2484.83,2.23,1.97,30.8,-0.44,18.93,19.47,02a59834o0213o
59835.322383,21.427,0.98,10,10,o,0,1.87,282.18089,33.08094,5965.13,6051.53,2.26,2.07,-53.9,-0.437,19.32,20.12,01a59835o0245o
59835.325153,20.586,0.601,21,13,o,0,1.12,282.18089,33.08094,5985.48,6091.46,2.29,2.13,-45.0,-0.428,19.3,20.1,01a59835o0251o
59835.331629,-21.44,1.366,-10,13,o,0,1.02,282.18089,33.08094,5927.67,6014.87,2.33,2.12,-51.1,-0.432,19.26,20.05,01a59835o0265o
59835.353993,21.187,1.306,12,16,o,0,0.76,282.18089,33.08094,5913.26,6135.09,2.21,2.07,-49.2,-0.439,19.23,19.89,01a59835o0313o
59836.278859,-22.463,2.359,-4,9,o,0,1.23,282.18089,33.08094,5974.53,6046.52,2.24,2.07,-48.4,-0.431,19.6,20.7,01a59836o0152o
59836.281631,-20.505,0.436,-23,10,o,0,0.89,282.18089,33.08094,5996.37,6086.29,2.28,2.11,-47.8,-0.431,19.57,20.7,01a59836o0158o
59836.287183,-24.703,17.8,0,8,o,0,2.17,282.18089,33.08094,5941.83,6010.3,2.21,2.07,-56.7,-0.432,19.57,20.64,01a59836o0170o
59836.297823,23.173,5.3,2,10,o,0,1.44,282.18089,33.08094,5931.69,6127.18,2.22,2.11,-51.3,-0.433,19.5,20.42,01a59836o0192o
59837.329678,23.273,8.688,2,16,o,0,0.55,282.18089,33.08094,4233.96,2567.39,2.15,1.97,31.0,-0.455,19.3,20.37,02a59837o0237o
59837.332843,-21.705,1.954,-8,15,o,0,0.77,282.18089,33.08094,4214.58,2528.16,2.2,2.01,38.8,-0.447,19.29,20.32,02a59837o0244o
59837.340081,21.019,0.925,14,13,o,0,1.03,282.18089,33.08094,4276.29,2604.27,2.13,1.89,39.0,-0.451,19.27,20.22,02a59837o0260o
59837.35192,22.818,5.923,3,16,o,0,0.84,282.18089,33.08094,4297.99,2486.98,2.08,1.89,35.3,-0.45,19.24,20.12,02a59837o0286o
59838.281385,22.358,2.958,4,12,c,0,0.87,282.18089,33.08094,4242.22,2574.31,2.76,2.69,-80.3,-0.399,19.41,21.34,02a59838o0149c
59838.285,-21.617,1.291,-8,11,c,0,1.02,282.18089,33.08094,4222.54,2535.21,2.57,2.42,-68.4,-0.419,19.5,21.35,02a59838o0157c
59838.294886,20.936,0.731,15,11,c,0,0.75,282.18089,33.08094,4281.53,2612.48,2.46,2.41,-84.1,-0.423,19.57,21.4,02a59838o0178c
59838.313849,-21.347,0.958,-10,10,c,0,1.13,282.18089,33.08094,4299.67,2495.4,2.51,2.46,-82.4,-0.405,19.52,21.39,02a59838o0218c
59839.259048,-23.332,2.182,-2,4,c,0,1.8,282.18089,33.08094,7277.02,6028.31,5.84,4.5,71.4,-0.496,19.34,22.0,01a59839o0105c
59839.262283,21.864,0.468,6,3,c,0,1.74,282.18089,33.08094,7297.73,6065.91,6.13,5.01,51.0,-0.395,19.24,22.01,01a59839o0112c
59839.272533,21.982,0.509,6,3,c,0,1.34,282.18089,33.08094,7238.44,5989.13,5.81,4.57,72.1,-0.511,19.33,22.03,01a59839o0133c
59839.280818,24.614,7.333,0,4,c,0,1.44,282.18089,33.08094,7221.98,6108.82,6.08,5.15,60.8,-0.367,19.24,22.02,01a59839o0150c
59840.327983,20.759,0.556,18,10,c,0,1.04,282.18089,33.08094,7720.94,10018.08,3.06,2.87,71.2,-0.342,19.57,21.67,01a59840o0237c
59840.33445,-23.256,5.417,-2,10,c,0,0.89,282.18089,33.08094,7740.83,10057.65,2.99,2.85,-84.1,-0.349,19.61,21.67,01a59840o0251c
59840.340531,20.407,0.847,25,21,c,0,2.53,282.18089,33.08094,7680.92,9981.17,2.99,2.85,-77.5,-0.356,19.57,21.65,01a59840o0264c
59840.352399,20.714,0.598,19,11,c,0,0.91,282.18089,33.08094,7663.77,10102.34,3.02,2.87,84.6,-0.343,19.56,21.61,01a59840o0289c
59841.325671,22.1,2.229,5,12,o,0,1.18,282.18089,33.08094,4238.38,2565.03,2.05,2.04,54.9,-0.45,19.41,20.74,02a59841o0254o
59841.341845,22.644,4.087,3,13,o,0,1.17,282.18089,33.08094,4217.55,2522.91,2.36,2.27,35.9,-0.433,19.31,20.68,02a59841o0289o
59841.345046,-22.226,2.525,-5,12,o,0,0.9,282.18089,33.08094,4278.13,2597.72,2.15,2.11,41.7,-0.437,19.39,20.68,02a59841o0296o
59841.354725,-23.388,8.615,-2,14,o,0,0.76,282.18089,33.08094,4296.81,2482.16,2.19,2.17,24.0,-0.436,19.36,20.68,02a59841o0317o
59842.331147,-22.433,2.629,-4,10,o,0,0.83,282.18089,33.08094,6206.66,2464.84,2.11,2.01,34.6,-0.436,19.47,20.84,02a59842o0265o
59842.334327,21.673,1.652,8,13,o,0,0.89,282.18089,33.08094,6186.79,2423.39,2.1,1.99,28.0,-0.436,19.42,20.76,02a59842o0272o
59842.339832,22.291,3.062,4,14,o,0,0.94,282.18089,33.08094,6247.43,2503.05,2.18,2.06,31.4,-0.435,19.17,20.51,02a59842o0284o
59842.349668,-20.882,1.07,-16,17,o,0,0.57,282.18089,33.08094,6267.31,2383.26,2.15,2.04,31.2,-0.429,19.15,20.34,02a59842o0305o
59843.296029,21.923,1.951,6,12,c,0,0.86,282.18089,33.08094,7726.65,10012.96,3.01,2.85,-77.9,-0.353,19.6,21.57,01a59843o0192c
59843.29883,20.499,0.503,23,12,c,0,1.06,282.18089,33.08094,7747.57,10053.35,3.02,2.88,-82.3,-0.349,19.59,21.58,01a59843o0198c
59843.304856,-20.706,0.533,-19,10,c,0,1.3,282.18089,33.08094,7686.46,9975.65,3.04,2.89,-85.8,-0.353,19.59,21.62,01a59843o0211c
59843.316746,-20.96,0.688,-15,10,c,0,1.14,282.18089,33.08094,7668.69,10095.7,3.05,2.9,-84.4,-0.348,19.53,21.63,01a59843o0236c
59844.298857,22.032,1.667,6,9,c,0,0.84,282.18089,33.08094,7727.93,10014.21,3.08,2.92,-88.8,-0.341,19.71,21.61,01a59844o0200c
59844.301631,-21.489,0.902,-9,8,c,0,1.1,282.18089,33.08094,7749.0,10053.66,3.01,2.87,-86.9,-0.346,19.74,21.62,01a59844o0206c
59844.307201,21.055,0.607,14,8,c,0,1.17,282.18089,33.08094,7687.6,9977.32,3.05,2.91,89.3,-0.345,19.73,21.61,01a59844o0218c
59844.317634,21.276,0.863,11,10,c,0,0.81,282.18089,33.08094,7672.02,10097.4,3.05,2.89,80.5,-0.339,19.7,21.54,01a59844o0240c
59845.33512,21.974,2.22,6,13,o,0,0.74,282.18089,33.08094,6210.41,2467.45,2.13,2.11,25.3,-0.431,19.44,20.83,02a59845o0283o
59845.33831,22.668,3.893,3,12,o,0,0.69,282.18089,33.08094,6190.89,2427.57,2.11,2.03,23.9,-0.432,19.45,20.84,02a59845o0290o
59845.343842,-20.352,0.529,-26,14,o,0,0.59,282.18089,33.08094,6249.58,2504.61,2.15,2.03,26.0,-0.433,19.4,20.73,02a59845o0302o
59845.353944,-20.653,0.685,-20,14,o,0,0.86,282.18089,33.08094,6269.91,2385.87,2.13,2.09,24.3,-0.427,19.37,20.66,02a59845o0324o
59846.258802,14.734,0.619,4638,2872,o,0,0.84,282.18089,33.08094,6214.23,2473.84,2.42,2.28,41.1,-0.454,13.47,14.39,02a59846o0120o
59846.262012,-14.617,0.514,-5166,2656,o,0,1.15,282.18089,33.08094,6194.89,2437.49,2.48,2.18,37.5,-0.445,13.43,14.36,02a59846o0127o
59847.25245,21.127,0.621,13,8,c,0,0.99,282.18089,33.08094,7728.03,10006.81,3.03,2.82,59.8,-0.345,19.73,21.7,01a59847o0032c
59847.258469,25.175,27.5,0,8,c,0,0.96,282.18089,33.08094,7748.96,10047.11,3.04,2.95,67.7,-0.344,19.71,21.62,01a59847o0045c
59847.268187,-24.742,18.667,0,9,c,0,0.88,282.18089,33.08094,7689.84,9969.64,3.05,2.91,67.6,-0.347,19.73,21.65,01a59847o0065c
59847.279817,19.67,0.336,49,17,c,0,0.81,282.18089,33.08094,7671.78,10090.53,2.98,2.84,75.9,-0.35,19.78,21.64,01a59847o0090c
59848.319822,22.329,2.241,4,10,c,0,1.02,282.18089,33.08094,1626.19,9851.76,2.96,2.77,-76.4,-0.363,19.73,21.62,01a59848o0217c
59848.325857,21.722,1.204,7,9,c,0,0.95,282.18089,33.08094,1646.23,9893.56,3.0,2.83,-80.8,-0.36,19.7,21.6,01a59848o0230c
59848.336318,21.332,0.97,11,10,c,0,0.85,282.18089,33.08094,1586.59,9814.3,3.06,2.89,-77.3,-0.359,19.64,21.53,01a59848o0252c
59848.348123,20.617,0.453,21,9,c,0,0.98,282.18089,33.08094,1567.97,9933.38,2.96,2.78,-61.9,-0.363,19.67,21.49,01a59848o0277c
59849.251278,-19.881,0.351,-40,14,o,0,1.13,282.18089,33.08094,6215.21,2472.63,3.06,2.35,-89.3,-0.393,19.13,20.55,02a59849o0101o
59849.254444,-20.385,0.515,-26,13,o,0,1.36,282.18089,33.08094,6195.45,2433.41,2.47,2.4,42.1,-0.417,19.21,20.54,02a59849o0108o
59849.276878,-24.179,18.6,-1,14,o,0,1.18,282.18089,33.08094,6255.32,2507.54,2.44,2.35,53.8,-0.42,19.22,20.59,02a59849o0157o
59849.282848,-21.333,1.346,-11,14,o,0,0.86,282.18089,33.08094,6275.04,2391.6,2.24,2.15,45.3,-0.429,19.31,20.56,02a59849o0170o
59850.284192,-21.944,2.045,-6,12,o,0,1.07,282.18089,33.08094,4649.51,6532.42,2.45,2.18,34.1,-0.434,19.47,20.95,02a59850o0177o
59850.287384,-20.579,0.583,-21,12,o,0,0.83,282.18089,33.08094,4629.83,6493.45,2.39,2.12,33.2,-0.437,19.5,20.95,02a59850o0184o
59850.307389,-21.88,2.0,-6,13,o,0,0.75,282.18089,33.08094,4685.25,6568.98,2.43,2.1,30.6,-0.43,19.46,20.85,02a59850o0228o
59850.314646,20.972,0.819,15,12,o,0,0.94,282.18089,33.08094,4704.09,6452.17,2.44,2.04,32.7,-0.431,19.51,20.85,02a59850o0244o
59851.282391,21.074,0.716,14,10,c,0,0.91,282.18089,33.08094,1632.19,9852.07,2.92,2.73,-83.7,-0.365,19.69,21.49,01a59851o0174c
59851.29935,22.1,1.528,5,8,c,0,1.61,282.18089,33.08094,1654.5,9891.13,2.95,2.76,-71.3,-0.363,19.65,21.47,01a59851o0210c
59851.315393,-22.07,1.571,-5,8,c,0,0.88,282.18089,33.08094,1596.46,9814.37,3.03,2.85,88.5,-0.352,19.66,21.52,01a59851o0244c
59851.325375,20.874,0.613,16,10,c,0,0.76,282.18089,33.08094,1575.97,9931.85,2.91,2.74,-64.6,-0.368,19.69,21.49,01a59851o0265c
59852.225789,20.914,0.607,16,10,c,0,0.9,282.18089,33.08094,1622.29,9848.18,2.91,2.75,-89.1,-0.362,19.67,21.37,01a59852o0055c
59852.247218,-21.289,0.877,-11,10,c,0,0.95,282.18089,33.08094,1646.04,9888.13,3.02,2.86,-76.1,-0.362,19.69,21.42,01a59852o0100c
59852.249991,21.242,0.875,12,10,c,0,0.86,282.18089,33.08094,1587.32,9809.69,2.97,2.78,-69.9,-0.357,19.67,21.41,01a59852o0106c
59852.255533,-22.503,2.875,-4,10,c,0,0.8,282.18089,33.08094,1569.84,9927.16,3.03,2.85,-68.3,-0.354,19.64,21.39,01a59852o0118c
59853.278492,-23.554,11.6,-1,16,o,0,0.87,282.18089,33.08094,4651.92,6533.25,2.42,2.21,30.7,-0.434,19.31,20.5,02a59853o0176o
59853.281655,-22.199,2.649,-5,13,o,0,1.13,282.18089,33.08094,4634.46,6494.16,2.32,2.15,30.4,-0.444,19.34,20.48,02a59853o0183o
59853.28892,-22.352,4.0,-4,17,o,0,0.58,282.18089,33.08094,4689.0,6570.39,2.38,2.2,20.4,-0.431,19.29,20.46,02a59853o0199o
59853.306649,23.803,12.667,1,14,o,0,0.72,282.18089,33.08094,4708.41,6451.71,2.27,2.06,26.9,-0.437,19.38,20.49,02a59853o0238o
59854.254188,21.666,1.948,8,15,o,0,0.79,282.18089,33.08094,4654.86,6538.47,2.53,2.09,29.0,-0.431,19.32,20.42,02a59854o0121o
59854.27682,-20.592,0.71,-21,15,o,0,0.69,282.18089,33.08094,4635.86,6495.77,2.36,1.97,30.7,-0.435,19.31,20.39,02a59854o0170o
59854.284528,-21.797,2.179,-7,15,o,0,0.84,282.18089,33.08094,4693.86,6572.18,2.44,1.98,32.6,-0.434,19.3,20.35,02a59854o0186o
59854.298318,-20.723,0.803,-19,15,o,0,0.88,282.18089,33.08094,4711.67,6452.94,2.35,1.94,32.6,-0.443,19.32,20.29,02a59854o0215o
59855.234226,21.104,0.92,13,12,o,0,1.29,282.18089,33.08094,1630.8,9850.52,2.33,2.14,-71.9,-0.446,19.41,20.22,01a59855o0080o
59855.237457,-22.416,3.289,-4,13,o,0,1.29,282.18089,33.08094,1652.47,9891.22,2.31,2.12,-66.4,-0.452,19.38,20.22,01a59855o0087o
59855.243929,-22.214,2.933,-5,14,o,0,1.15,282.18089,33.08094,1592.52,9813.63,2.32,2.14,-57.9,-0.454,19.36,20.21,01a59855o0101o
59855.265081,22.845,4.04,3,11,o,0,1.86,282.18089,33.08094,1574.81,9933.8,2.34,2.12,-52.6,-0.456,19.36,20.19,01a59855o0146o
59856.263594,22.188,2.766,5,13,o,0,0.86,282.18089,33.08094,5317.2,4225.42,2.41,2.12,37.5,-0.409,19.33,20.16,01a59856o0102o
59856.268244,-22.61,3.633,-3,12,o,0,0.92,282.18089,33.08094,5337.56,4265.56,2.57,2.15,38.6,-0.394,19.31,20.16,01a59856o0112o
59856.280822,23.124,6.0,2,12,o,0,0.94,282.18089,33.08094,5281.71,4189.14,2.37,2.14,34.4,-0.405,19.3,20.12,01a59856o0139o
59856.290622,-21.163,1.208,-12,15,o,0,0.81,282.18089,33.08094,5266.7,4305.72,2.38,2.13,35.3,-0.41,19.3,20.07,01a59856o0160o
59858.316725,-20.754,1.42,-18,26,o,0,0.61,282.18089,33.08094,2180.97,726.44,2.31,1.8,-57.0,-0.495,18.9,19.45,02a59858o0261o
59858.320353,23.339,15.333,2,26,o,0,0.76,282.18089,33.08094,2161.14,686.17,2.63,1.91,-54.6,-0.493,18.84,19.42,02a59858o0269o
59858.326726,-22.468,6.844,-4,26,o,0,0.74,282.18089,33.08094,2221.62,762.83,2.3,1.81,-61.9,-0.501,18.85,19.39,02a59858o0283o
59858.336924,21.68,2.486,8,19,o,0,1.81,282.18089,33.08094,2241.22,644.1,2.16,1.78,-62.6,-0.483,18.84,19.34,02a59858o0305o
59859.285276,22.266,3.805,4,17,o,0,0.87,282.18089,33.08094,5329.24,4227.41,2.36,2.24,25.6,-0.409,19.02,19.46,01a59859o0035o
59859.288973,21.905,2.807,6,18,o,0,0.78,282.18089,33.08094,5351.16,4265.52,2.46,2.2,38.2,-0.403,19.0,19.51,01a59859o0043o
59859.294537,20.775,0.974,18,17,o,0,1.29,282.18089,33.08094,5293.87,4186.95,2.64,2.19,38.6,-0.393,18.94,19.42,01a59859o0055o
59859.30471,20.975,1.489,15,22,o,0,0.67,282.18089,33.08094,5280.89,4308.25,2.33,2.18,42.1,-0.433,18.99,19.43,01a59859o0077o
59860.223033,20.108,0.566,33,19,o,0,0.77,282.18089,33.08094,5316.46,4215.73,2.46,2.12,38.5,-0.404,19.07,19.52,01a59860o0042o
59860.225847,-20.617,0.713,-21,15,o,0,1.33,282.18089,33.08094,5338.24,4253.35,2.37,2.08,34.8,-0.418,18.98,19.41,01a59860o0048o
59860.231385,-20.156,0.504,-32,16,o,0,1.65,282.18089,33.08094,5283.31,4176.5,2.55,2.21,35.2,-0.407,18.95,19.44,01a59860o0060o
59860.245295,-21.945,3.051,-6,18,o,0,1.11,282.18089,33.08094,5267.33,4297.48,2.35,2.11,33.7,-0.423,19.03,19.43,01a59860o0089o
59861.286706,19.983,0.952,37,35,o,0,1.11,282.18089,33.08094,2179.3,731.0,2.23,1.7,-59.9,-0.498,18.24,18.53,02a59861o0189o
59861.289884,-20.113,1.172,-33,38,o,0,1.5,282.18089,33.08094,2160.13,691.36,2.16,1.67,-61.1,-0.514,18.0,18.21,02a59861o0196o
59861.29535,20.091,1.555,33,52,o,0,1.67,282.18089,33.08094,2221.31,768.04,2.16,1.7,-61.8,-0.511,17.62,17.71,02a59861o0208o
59861.306737,-21.197,2.982,-12,36,o,0,1.08,282.18089,33.08094,2242.33,648.32,2.14,1.68,-58.7,-0.506,18.3,18.59,02a59861o0233o
59864.277751,-20.109,0.884,-33,29,o,0,0.96,282.18089,33.08094,4174.01,8299.07,2.29,2.18,48.2,-0.423,18.54,18.77,01a59864o0165o
59864.280983,-20.829,1.135,-17,19,o,0,1.4,282.18089,33.08094,4193.75,8339.07,2.27,2.18,53.0,-0.428,18.79,19.13,01a59864o0172o
59864.298248,21.466,1.953,9,18,o,0,1.05,282.18089,33.08094,4134.33,8263.62,2.26,2.19,-76.1,-0.443,19.04,19.52,01a59864o0209o
59864.303793,-21.724,2.043,-7,15,o,0,0.86,282.18089,33.08094,4115.63,8382.44,2.24,2.18,-60.8,-0.435,19.02,19.59,01a59864o0221o
59866.303848,20.939,0.926,15,14,o,0,0.93,282.18089,33.08094,495.49,4367.25,1.94,1.86,-36.6,-0.429,19.23,20.08,02a59866o0246o
59866.305657,-20.708,0.956,-19,18,o,0,0.67,282.18089,33.08094,10425.42,4381.2,2.22,1.98,-49.5,-0.465,19.27,20.15,02a59866o0250o
59866.307013,-21.234,1.172,-12,14,o,0,0.92,282.18089,33.08094,475.63,4328.84,2.01,1.94,-51.7,-0.409,19.2,20.02,02a59866o0253o
59866.308837,-25.059,48.0,0,16,o,0,1.08,282.18089,33.08094,10407.05,4341.44,2.16,1.92,-46.7,-0.473,19.24,20.11,02a59866o0257o
59866.312929,20.314,0.601,27,16,o,0,1.34,282.18089,33.08094,535.95,4403.58,1.96,1.82,-51.7,-0.431,19.17,19.93,02a59866o0266o
59866.314741,21.252,1.522,12,17,o,0,1.06,282.18089,33.08094,10465.68,4419.71,2.26,2.01,-47.8,-0.465,19.18,20.02,02a59866o0270o
59866.335324,-20.524,0.688,-22,15,o,0,0.98,282.18089,33.08094,555.47,4285.52,1.97,1.91,-46.2,-0.431,18.96,19.65,02a59866o0315o
59866.336229,21.382,2.071,10,21,o,0,0.98,282.18089,33.08094,10484.83,4303.52,2.21,1.98,-43.5,-0.457,19.06,19.79,02a59866o0317o
59867.26589,23.627,10.833,1,14,o,0,1.09,282.18089,33.08094,4177.18,8300.48,2.29,2.25,-88.9,-0.428,19.39,20.26,01a59867o0164o
59867.269124,-22.103,2.68,-5,14,o,0,0.91,282.18089,33.08094,4198.04,8339.88,2.29,2.17,-51.2,-0.435,19.37,20.25,01a59867o0171o
59867.274661,-22.776,4.63,-3,13,o,0,0.97,282.18089,33.08094,4137.67,8263.5,2.26,2.17,-56.0,-0.437,19.39,20.21,01a59867o0183o
59867.286693,22.83,5.0,3,13,o,0,0.93,282.18089,33.08094,4119.59,8382.69,2.32,2.18,-54.1,-0.434,19.37,20.21,01a59867o0209o
59868.217239,-20.588,0.57,-21,12,o,0,0.8,282.18089,33.08094,4174.22,8296.78,2.31,2.14,51.4,-0.413,19.47,20.36,01a59868o0060o
59868.237039,20.353,0.398,26,10,o,0,1.42,282.18089,33.08094,4198.4,8339.08,2.26,2.18,52.9,-0.422,19.45,20.34,01a59868o0102o
59868.255407,-21.013,0.882,-14,13,o,0,0.97,282.18089,33.08094,4138.05,8265.37,2.26,2.23,-38.9,-0.428,19.41,20.24,01a59868o0140o
59868.270226,20.716,0.759,19,14,o,0,1.07,282.18089,33.08094,4120.63,8382.81,2.31,2.29,-21.7,-0.428,19.36,20.24,01a59868o0171o
59869.271002,20.841,0.667,17,11,c,0,0.98,282.18089,33.08094,497.68,4369.57,2.34,2.27,-44.2,-0.412,19.49,21.1,02a59869o0171c
59869.271905,-20.631,0.614,-20,12,c,0,1.09,282.18089,33.08094,10430.06,4381.62,2.6,2.47,-35.9,-0.437,19.49,21.15,02a59869o0173c
59869.274179,20.962,0.744,15,11,c,0,0.72,282.18089,33.08094,476.39,4332.41,2.33,2.25,-50.0,-0.408,19.51,21.1,02a59869o0178c
59869.275535,-20.948,0.833,-15,13,c,0,0.85,282.18089,33.08094,10409.53,4342.25,2.59,2.48,-22.6,-0.427,19.52,21.16,02a59869o0181c
59869.279625,21.946,1.75,6,11,c,0,0.93,282.18089,33.08094,537.59,4406.13,2.28,2.23,-51.5,-0.42,19.49,21.09,02a59869o0190c
59869.281885,20.776,0.83,18,15,c,0,0.83,282.18089,33.08094,10470.65,4420.04,2.58,2.46,-33.8,-0.436,19.49,21.14,02a59869o0195c
59869.300024,-21.993,2.0,-6,12,c,0,0.94,282.18089,33.08094,559.58,4286.47,2.31,2.22,-56.0,-0.417,19.46,21.02,02a59869o0235c
59869.30138,20.244,0.514,29,15,c,0,0.86,282.18089,33.08094,10490.26,4302.76,2.59,2.41,-39.7,-0.433,19.49,21.09,02a59869o0238c
59870.332962,21.087,0.806,13,11,c,0,1.18,282.18089,33.08094,497.32,4368.67,2.33,2.25,44.5,-0.405,19.29,20.79,02a59870o0306c
59870.339058,20.648,0.662,20,13,c,0,0.82,282.18089,33.08094,479.14,4325.65,2.29,2.27,15.3,-0.399,19.25,20.71,02a59870o0318c
59870.343201,-20.455,0.564,-24,14,c,0,0.84,282.18089,33.08094,540.09,4395.12,2.32,2.16,-55.8,-0.423,19.25,20.66,02a59870o0327c
59870.348846,21.657,1.696,8,13,c,0,1.01,282.18089,33.08094,10424.28,4379.99,2.65,2.44,-12.3,-0.42,19.28,20.78,02a59870o0339c
59870.353931,-22.149,3.176,-5,16,c,0,0.57,282.18089,33.08094,558.39,4283.85,2.3,2.26,-54.5,-0.418,19.17,20.55,02a59870o0350c
59870.354384,23.009,11.154,2,25,c,0,0.36,282.18089,33.08094,10402.84,4341.75,2.67,2.43,-22.7,-0.422,19.26,20.7,02a59870o0351c
59870.361333,20.735,0.96,18,18,c,0,0.92,282.18089,33.08094,10463.2,4416.38,2.73,2.44,-35.2,-0.429,19.25,20.65,02a59870o0366c
59870.373903,-19.906,0.518,-40,20,c,0,1.06,282.18089,33.08094,10478.14,4307.94,2.8,2.42,-41.4,-0.439,19.15,20.52,02a59870o0392c
59871.336538,20.885,1.097,16,18,o,0,0.69,282.18089,33.08094,2384.31,8303.99,2.62,2.5,54.5,-0.414,19.26,20.39,01a59871o0312o
59871.339313,-24.838,32.667,0,14,o,0,1.1,282.18089,33.08094,2404.88,8344.19,2.54,2.49,60.9,-0.43,19.29,20.37,01a59871o0318o
59871.345795,22.109,2.7,5,14,o,0,1.18,282.18089,33.08094,2345.2,8267.96,2.47,2.33,-53.2,-0.438,19.29,20.32,01a59871o0332o
59872.2346,-18.615,1.171,-130,152,o,0,0.84,282.18089,33.08094,10045.71,4315.66,2.64,2.37,-61.8,-0.424,16.72,17.12,01a59872o0035o
59872.238298,21.259,1.427,11,16,o,0,0.71,282.18089,33.08094,10068.38,4354.89,2.67,2.51,-48.3,-0.404,19.24,20.29,01a59872o0043o
59872.239704,20.55,0.634,22,14,o,0,1.07,282.18089,33.08094,106.85,4375.49,2.67,2.5,59.6,-0.394,19.26,20.33,01a59872o0046o
59872.242521,20.634,0.623,20,13,o,0,1.01,282.18089,33.08094,128.0,4414.83,2.48,2.3,58.5,-0.39,19.33,20.36,01a59872o0052o
59872.248091,-24.154,19.667,-1,16,o,0,0.77,282.18089,33.08094,10008.51,4281.82,2.68,2.46,-56.5,-0.376,19.25,20.31,01a59872o0064o
59872.249015,20.952,0.944,15,14,o,0,0.84,282.18089,33.08094,68.81,4336.89,2.58,2.36,53.3,-0.368,19.28,20.36,01a59872o0066o
59872.287992,-22.73,4.44,-3,13,o,0,0.99,282.18089,33.08094,10000.96,4411.8,2.46,2.21,-64.6,-0.39,19.31,20.35,01a59872o0084o
59872.288456,22.272,2.8,4,12,o,0,1.06,282.18089,33.08094,66.98,4454.13,2.36,2.21,48.3,-0.39,19.36,20.45,01a59872o0085o
59875.220576,-21.331,1.118,-11,12,o,0,0.84,282.18089,33.08094,10043.39,4316.06,2.28,2.07,-47.6,-0.416,19.49,20.48,01a59875o0067o
59875.22381,22.767,4.655,3,13,o,0,0.88,282.18089,33.08094,10064.47,4354.94,2.31,2.04,-55.6,-0.424,19.53,20.48,01a59875o0074o
59875.23173,-21.672,1.587,-8,12,o,0,0.81,282.18089,33.08094,10008.77,4280.14,2.26,2.11,-38.4,-0.409,19.52,20.47,01a59875o0091o
59875.232656,-21.599,1.19,-8,10,o,0,1.01,282.18089,33.08094,108.8,4377.04,2.35,2.13,44.1,-0.378,19.47,20.53,01a59875o0093o
59875.235426,21.283,1.067,11,12,o,0,0.95,282.18089,33.08094,130.55,4416.4,2.22,2.08,52.2,-0.397,19.48,20.52,01a59875o0099o
59875.246116,22.064,2.269,5,12,o,0,0.95,282.18089,33.08094,9995.21,4400.85,2.41,2.07,-56.4,-0.425,19.47,20.43,01a59875o0122o
59875.246579,21.093,0.891,13,12,o,0,0.91,282.18089,33.08094,75.02,4337.8,2.24,2.14,45.6,-0.396,19.46,20.48,01a59875o0123o
59875.254011,-23.25,7.316,-2,13,o,0,0.97,282.18089,33.08094,57.19,4453.9,2.2,2.13,83.4,-0.403,19.5,20.44,01a59875o0139o
59876.205458,22.581,3.219,3,11,o,0,1.1,282.18089,33.08094,10040.26,4313.72,2.44,2.09,-58.1,-0.422,19.55,20.58,01a59876o0034o
59876.210648,-22.029,2.588,-6,14,o,0,0.61,282.18089,33.08094,10062.69,4352.09,2.53,2.11,-61.9,-0.415,19.54,20.61,01a59876o0045o
59876.212091,21.385,1.358,10,14,o,0,0.73,282.18089,33.08094,103.5,4377.61,2.24,2.13,54.9,-0.397,19.52,20.63,01a59876o0048o
59876.213477,23.016,5.714,2,13,o,0,0.7,282.18089,33.08094,10003.39,4277.2,2.5,2.1,-58.9,-0.416,19.55,20.6,01a59876o0051o
59876.231462,21.194,1.149,12,14,o,0,0.8,282.18089,33.08094,9990.66,4398.53,2.61,2.24,-59.1,-0.412,19.46,20.54,01a59876o0089o
59876.231924,22.311,2.35,4,10,o,0,1.34,282.18089,33.08094,129.96,4417.11,2.35,2.29,51.1,-0.392,19.45,20.57,01a59876o0090o
59876.249568,20.58,0.537,21,11,o,0,1.15,282.18089,33.08094,72.98,4337.0,2.3,2.23,-83.9,-0.401,19.42,20.48,01a59876o0127o
59879.203986,-20.871,0.804,-16,13,o,0,1.14,282.18089,33.08094,10032.42,4314.7,2.41,2.29,-46.0,-0.403,19.34,20.29,01a59879o0038o
59879.207222,22.775,4.65,3,13,o,0,1.1,282.18089,33.08094,10052.39,4353.56,2.57,2.3,-62.6,-0.396,19.12,20.11,01a59879o0045o
59879.212843,-21.522,1.431,-9,13,o,0,1.22,282.18089,33.08094,9995.18,4280.16,2.41,2.19,-55.9,-0.41,19.26,20.2,01a59879o0057o
59879.213791,-22.758,4.875,-3,14,o,0,1.13,282.18089,33.08094,96.51,4377.12,2.34,2.19,55.1,-0.392,19.21,20.2,01a59879o0059o
59879.217612,21.556,1.773,9,15,o,0,0.61,282.18089,33.08094,117.27,4416.35,2.44,2.25,50.8,-0.379,19.29,20.33,01a59879o0067o
59879.222776,22.874,5.522,3,14,o,0,0.91,282.18089,33.08094,9978.05,4400.26,2.38,2.23,-47.5,-0.413,19.35,20.33,01a59879o0078o
59879.223237,-22.332,3.077,-4,13,o,0,0.91,282.18089,33.08094,59.13,4337.76,2.4,2.23,52.3,-0.387,19.38,20.39,01a59879o0079o
59879.238546,-21.634,1.443,-8,12,o,0,2.47,282.18089,33.08094,42.78,4453.09,2.41,2.28,55.8,-0.39,19.25,20.23,01a59879o0111o
59880.256872,-16.944,1.209,-606,732,o,0,0.64,282.18089,33.08094,8299.87,7968.09,2.91,2.78,45.3,-0.431,16.05,17.18,01a59880o0016o
59880.260105,21.374,1.517,10,16,o,0,1.06,282.18089,33.08094,8321.73,8006.38,2.98,2.69,40.1,-0.399,19.15,20.42,01a59880o0023o
59880.265652,-15.673,0.865,-1953,1689,o,0,0.88,282.18089,33.08094,8260.67,7932.03,2.81,2.67,-57.7,-0.473,14.51,15.65,01a59880o0035o
59880.276766,-18.481,0.699,-147,103,o,0,0.9,282.18089,33.08094,8245.42,8052.0,2.73,2.59,71.9,-0.439,17.43,18.55,01a59880o0059o
59881.218089,-21.056,1.134,-14,16,c,0,0.84,282.18089,33.08094,8190.62,438.08,2.42,2.11,-69.4,-0.417,19.39,20.79,02a59881o0068c
59881.22381,24.186,19.5,1,15,c,0,1.01,282.18089,33.08094,8170.62,396.9,2.47,2.16,-67.2,-0.417,19.38,20.82,02a59881o0078c
59881.227432,20.235,0.63,29,18,c,0,0.78,282.18089,33.08094,8231.34,476.29,2.54,2.22,-65.8,-0.413,19.36,20.85,02a59881o0086c
59881.237571,-19.989,0.576,-37,21,c,0,0.53,282.18089,33.08094,8253.13,357.54,2.71,2.35,-63.0,-0.396,19.34,20.89,02a59881o0108c
59882.287162,-24.67,32.5,0,16,o,0,0.79,282.18089,33.08094,2840.84,8190.92,2.2,2.12,-30.1,-0.421,19.18,20.16,02a59882o0226o
59882.290326,-20.067,0.464,-34,16,o,0,1.11,282.18089,33.08094,2819.77,8157.1,2.24,2.13,27.6,-0.407,19.16,20.14,02a59882o0233o
59882.296678,21.376,1.402,10,14,o,0,0.84,282.18089,33.08094,2878.12,8229.85,2.29,2.11,25.1,-0.4,19.13,20.09,02a59882o0247o
59882.306753,21.342,1.477,10,16,o,0,1.14,282.18089,33.08094,2899.6,8110.02,2.18,2.09,-28.0,-0.421,19.1,20.02,02a59882o0269o
59883.226771,22.849,4.7,3,12,o,0,1.3,282.18089,33.08094,8295.91,7961.43,2.52,2.47,-89.6,-0.431,19.37,20.37,01a59883o0093o
59883.230007,21.913,2.571,6,16,o,0,0.84,282.18089,33.08094,8316.37,8001.9,2.72,2.56,-63.4,-0.437,19.27,20.36,01a59883o0100o
59883.23555,22.585,3.769,3,13,o,0,1.04,282.18089,33.08094,8255.49,7927.04,2.48,2.43,-72.4,-0.44,19.36,20.4,01a59883o0112o
59883.247559,-20.772,0.688,-18,12,o,0,1.16,282.18089,33.08094,8236.57,8046.95,2.62,2.49,-72.8,-0.438,19.3,20.36,01a59883o0138o
59884.197945,22.968,7.389,2,17,o,0,1.21,282.18089,33.08094,8286.61,7954.09,2.48,2.47,-84.1,-0.452,19.05,19.68,01a59884o0033o
59884.201178,-20.442,0.692,-24,17,o,0,0.97,282.18089,33.08094,8307.4,7993.18,2.43,2.37,-62.5,-0.457,19.2,19.94,01a59884o0040o
59884.209227,22.304,3.618,4,16,o,0,0.94,282.18089,33.08094,8248.06,7917.76,2.49,2.41,83.1,-0.447,19.28,20.11,01a59884o0057o
59884.217311,-23.2,7.667,-2,15,o,0,1.08,282.18089,33.08094,8230.71,8036.28,2.49,2.35,-65.8,-0.459,19.3,20.11,01a59884o0074o
59885.236714,-21.372,1.958,-10,20,o,0,0.39,282.18089,33.08094,2837.24,8194.96,2.08,2.01,-40.5,-0.432,19.16,19.89,02a59885o0110o
59885.239879,22.584,4.656,3,16,o,0,0.89,282.18089,33.08094,2818.29,8155.97,2.05,1.97,-31.5,-0.44,19.16,19.88,02a59885o0117o
59885.245792,21.196,1.296,12,16,o,0,0.76,282.18089,33.08094,2874.88,8232.22,2.05,1.98,-39.0,-0.428,19.14,19.82,02a59885o0130o
59885.25574,22.083,3.52,5,19,o,0,0.9,282.18089,33.08094,2894.46,8114.0,2.05,2.01,-22.7,-0.424,19.1,19.75,02a59885o0152o
59886.195469,20.239,0.889,29,26,o,0,1.16,282.18089,33.08094,2834.98,8203.3,2.49,2.14,26.7,-0.391,18.73,19.25,02a59886o0021o
59886.198631,-20.958,1.447,-15,22,o,0,0.91,282.18089,33.08094,2818.58,8165.69,2.23,2.06,21.1,-0.41,18.96,19.57,02a59886o0028o
59886.206401,-20.637,0.891,-20,18,o,0,1.0,282.18089,33.08094,2877.04,8240.7,2.31,2.25,2.2,-0.407,19.01,19.77,02a59886o0045o
59886.215443,21.132,1.439,13,18,o,0,1.36,282.18089,33.08094,2899.44,8123.63,2.25,2.13,10.9,-0.406,19.07,19.74,02a59886o0065o
59891.226356,21.495,4.818,9,44,o,0,0.79,282.18089,33.08094,3603.0,2278.57,2.47,2.15,39.3,-0.449,18.15,18.01,01a59891o0085o
59893.23113,21.423,2.7,10,26,o,0,0.97,282.18089,33.08094,2625.67,4710.65,3.36,2.98,34.2,-0.382,18.5,19.36,02a59893o0104o
59893.234328,21.263,2.655,11,30,o,0,0.57,282.18089,33.08094,2606.9,4671.14,2.86,2.72,31.1,-0.403,18.54,19.32,02a59893o0111o
59893.25392,-20.288,1.048,-28,29,o,0,0.81,282.18089,33.08094,2664.45,4748.42,2.88,2.61,26.6,-0.401,18.49,19.13,02a59893o0154o
59893.269951,-20.488,1.024,-23,24,o,0,1.47,282.18089,33.08094,2687.49,4629.59,2.51,2.15,31.5,-0.407,18.55,19.0,02a59893o0189o
59896.214043,20.907,0.938,16,15,o,0,0.9,282.18089,33.08094,1749.35,2276.84,2.63,2.31,41.2,-0.398,19.23,20.17,01a59896o0073o
59896.218201,-20.661,0.807,-20,16,o,0,0.89,282.18089,33.08094,1771.3,2316.37,2.51,2.21,41.1,-0.419,19.26,20.15,01a59896o0082o
59896.223745,24.825,29.25,0,12,o,0,1.38,282.18089,33.08094,1714.77,2239.04,2.29,2.17,39.5,-0.444,19.29,20.14,01a59896o0094o
59896.234861,21.755,1.766,7,13,o,0,1.19,282.18089,33.08094,1696.98,2356.76,2.35,2.24,34.2,-0.433,19.27,20.12,01a59896o0118o
59898.227919,-22.511,4.708,-4,17,o,0,0.82,282.18089,33.08094,2729.17,6643.91,2.51,2.33,34.4,-0.401,19.14,20.31,02a59898o0101o
59898.231123,21.411,1.818,10,18,o,0,0.82,282.18089,33.08094,2707.78,6608.3,2.89,2.48,36.5,-0.386,19.09,20.28,02a59898o0108o
59898.23655,-21.971,2.833,-6,17,o,0,1.5,282.18089,33.08094,2766.92,6680.72,3.1,3.05,22.6,-0.417,18.84,20.24,02a59898o0120o
59898.247939,-21.125,1.329,-13,17,o,0,0.81,282.18089,33.08094,2788.19,6562.85,2.42,2.38,25.8,-0.416,19.05,20.18,02a59898o0145o
59899.213248,22.941,4.643,2,11,c,0,1.37,282.18089,33.08094,1752.26,2278.03,3.32,2.94,42.5,-0.318,19.38,21.02,01a59899o0065c
59899.216026,20.819,0.64,17,11,c,0,1.22,282.18089,33.08094,1772.26,2317.87,3.03,2.77,40.5,-0.349,19.46,21.01,01a59899o0071c
59899.222029,-22.492,3.455,-4,13,c,0,0.77,282.18089,33.08094,1716.69,2239.0,3.17,2.88,41.0,-0.336,19.39,20.97,01a59899o0084c
59899.234968,23.639,10.0,1,13,c,0,0.91,282.18089,33.08094,1698.77,2357.03,3.02,2.8,38.3,-0.35,19.4,20.95,01a59899o0112c
59900.236329,-25.07,31.0,0,10,c,0,1.07,282.18089,33.08094,1760.18,2282.86,3.11,2.86,37.5,-0.339,19.41,21.05,01a59900o0026c
59900.239563,-21.867,2.0,-6,13,c,0,0.84,282.18089,33.08094,1781.96,2322.61,3.15,2.88,36.4,-0.33,19.4,21.04,01a59900o0033c
59900.246071,-21.993,2.324,-6,14,c,0,0.8,282.18089,33.08094,1725.09,2243.84,3.02,2.86,33.8,-0.35,19.42,21.03,01a59900o0047c
59900.256295,-20.89,1.37,-16,22,c,0,1.07,282.18089,33.08094,1707.68,2362.54,2.98,2.85,24.1,-0.361,19.36,20.95,01a59900o0069c
59901.212934,21.682,2.404,8,18,o,0,0.67,282.18089,33.08094,2714.79,6612.04,2.82,2.29,31.5,-0.396,19.11,20.19,02a59901o0023o
59901.2161,21.165,1.352,12,17,o,0,0.7,282.18089,33.08094,2713.56,6609.49,2.57,2.08,30.7,-0.397,19.19,20.22,02a59901o0030o
59901.221522,21.533,1.612,9,14,o,0,0.91,282.18089,33.08094,2770.47,6683.23,2.44,2.08,31.2,-0.409,19.18,20.21,02a59901o0042o
59901.236026,-21.351,1.461,-10,15,o,0,1.01,282.18089,33.08094,2787.32,6565.01,2.48,2.11,31.6,-0.406,19.18,20.19,02a59901o0074o
59902.205984,21.896,2.036,6,13,o,0,1.31,282.18089,33.08094,2729.84,6645.22,2.28,1.95,33.0,-0.42,19.29,20.26,02a59902o0058o
59902.209154,-22.025,2.51,-6,14,o,0,0.87,282.18089,33.08094,2710.62,6605.86,2.23,1.98,30.7,-0.417,19.3,20.28,02a59902o0065o
59902.215036,20.586,0.736,21,16,o,0,0.9,282.18089,33.08094,2767.57,6681.37,2.28,2.01,33.4,-0.417,19.25,20.28,02a59902o0078o
59902.235495,-20.833,0.664,-17,11,o,0,1.13,282.18089,33.08094,2788.2,6561.14,2.21,1.97,29.6,-0.416,19.25,20.19,02a59902o0123o
59906.205758,21.372,1.38,10,14,o,0,1.26,282.18089,33.08094,294.74,2815.03,2.48,2.0,-58.0,-0.424,19.16,20.15,02a59906o0059o
59906.206211,-21.899,2.681,-6,17,o,0,0.98,282.18089,33.08094,10411.48,2822.47,2.57,1.92,-54.2,-0.471,19.28,20.28,02a59906o0060o
59906.208924,-20.696,0.772,-19,15,o,0,0.86,282.18089,33.08094,275.63,2774.82,2.47,1.98,-58.8,-0.428,19.23,20.22,02a59906o0066o
59906.209377,-21.639,1.937,-8,16,o,0,1.15,282.18089,33.08094,10391.95,2782.05,2.53,1.86,-55.4,-0.46,19.3,20.33,02a59906o0067o
59906.214387,21.47,1.73,9,16,o,0,1.01,282.18089,33.08094,336.81,2849.58,2.62,2.17,-56.7,-0.423,19.16,20.25,02a59906o0078o
59906.215291,-23.008,7.882,-2,18,o,0,0.95,282.18089,33.08094,10451.72,2860.23,2.58,1.91,-55.3,-0.459,19.32,20.34,02a59906o0080o
59906.224384,21.246,1.16,12,13,o,0,1.65,282.18089,33.08094,357.58,2731.15,2.57,2.07,-58.6,-0.433,19.14,20.2,02a59906o0100o
59906.225289,-21.719,2.481,-8,18,o,0,1.05,282.18089,33.08094,10472.2,2742.44,2.68,1.94,-55.1,-0.468,19.24,20.31,02a59906o0102o
59907.198452,23.517,8.778,1,12,c,0,1.02,282.18089,33.08094,2046.78,4323.77,3.14,2.8,38.7,-0.328,19.33,20.8,01a59907o0033c
59907.201685,-23.892,11.0,-1,11,c,0,1.19,282.18089,33.08094,2066.79,4363.51,3.25,2.9,41.4,-0.313,19.4,21.04,01a59907o0040c
59907.207231,21.678,1.294,8,10,c,0,1.22,282.18089,33.08094,2007.97,4286.91,2.96,2.75,37.6,-0.351,19.53,21.18,01a59907o0052c
59907.219286,21.822,1.692,7,12,c,0,0.78,282.18089,33.08094,1995.07,4403.16,3.23,2.94,40.4,-0.317,19.46,21.19,01a59907o0078c
59917.208319,-20.504,1.904,-23,44,o,0,0.81,282.18089,33.08094,4978.72,8566.59,2.23,2.04,29.7,-0.436,18.62,19.11,02a59917o0053o
59917.211511,-23.398,29.385,-2,47,o,0,0.69,282.18089,33.08094,4959.43,8529.63,2.23,2.03,34.3,-0.435,18.66,19.07,02a59917o0060o
59917.217388,20.707,2.592,19,49,o,0,0.78,282.18089,33.08094,5017.33,8604.68,2.21,2.09,28.9,-0.435,18.57,19.02,02a59917o0073o
60009.606912,-20.98,1.483,-15,22,o,0,1.52,282.18089,33.08094,966.39,1828.93,2.29,2.01,36.7,-0.461,18.45,19.13,02a60009o0620o
60009.61209,-20.994,1.523,-14,22,o,0,1.45,282.18089,33.08094,989.15,1867.72,2.36,2.08,35.5,-0.449,18.42,19.18,02a60009o0631o
60009.615344,-24.731,59.75,0,28,o,0,0.63,282.18089,33.08094,932.06,1787.44,2.19,1.92,38.5,-0.459,18.57,19.21,02a60009o0638o
60009.642835,-19.488,0.333,-58,19,o,0,0.88,282.18089,33.08094,933.18,1903.75,2.15,1.97,36.1,-0.453,18.77,19.49,02a60009o0694o
60014.616604,15.15,0.525,3162,1660,o,0,1.36,282.18089,33.08094,1671.44,7610.04,2.46,2.19,23.5,-0.464,14.83,15.31,02a60014o0684o
60014.619873,-16.412,0.505,-989,500,o,0,1.78,282.18089,33.08094,1615.35,7531.7,2.47,2.2,22.2,-0.426,14.88,15.42,02a60014o0691o
60017.577118,-20.066,4.442,-34,152,o,0,0.97,282.18089,33.08094,1630.95,7572.0,2.1,1.9,16.1,-0.43,16.21,16.72,02a60017o0337o
60017.590478,19.271,2.745,71,195,o,0,0.88,282.18089,33.08094,1655.94,7610.48,2.14,1.98,7.6,-0.427,16.63,17.12,02a60017o0361o
60017.594151,18.809,1.389,109,151,o,0,1.06,282.18089,33.08094,1604.96,7532.5,2.11,1.94,11.7,-0.425,16.76,17.14,02a60017o0369o
60017.599641,-19.993,5.087,-36,186,o,0,1.0,282.18089,33.08094,1590.23,7648.45,1.99,1.83,16.6,-0.446,17.3,18.08,02a60017o0381o
60021.629062,23.301,7.4,2,13,o,0,1.0,282.18089,33.08094,7454.12,3226.02,2.17,2.02,35.6,-0.428,19.49,20.83,02a60021o0868o
60021.632677,-21.589,1.708,-8,14,o,0,0.71,282.18089,33.08094,7474.91,3265.26,2.15,2.0,38.9,-0.428,19.47,20.77,02a60021o0876o
60021.648118,-22.069,4.075,-5,22,o,0,0.7,282.18089,33.08094,7423.4,3189.05,2.16,1.99,35.8,-0.419,19.0,19.88,02a60021o0902o
60021.652063,-21.0,1.826,-14,26,o,0,0.73,282.18089,33.08094,7406.56,3305.71,2.18,1.97,34.5,-0.417,18.76,19.39,02a60021o0908o
60022.562138,-22.463,4.033,-4,15,o,0,0.67,282.18089,33.08094,7409.14,3226.36,2.23,2.08,25.0,-0.423,19.39,20.72,02a60022o0727o
60022.5658,-20.289,0.468,-28,13,o,0,0.87,282.18089,33.08094,7430.92,3265.12,2.24,2.08,30.4,-0.422,19.42,20.76,02a60022o0735o
60022.585815,21.426,1.303,10,13,o,0,0.81,282.18089,33.08094,7389.79,3188.79,2.29,2.11,37.6,-0.418,19.4,20.8,02a60022o0778o
60022.592167,-22.099,2.725,-5,14,o,0,0.67,282.18089,33.08094,7373.52,3306.06,2.37,2.08,32.0,-0.425,19.44,20.81,02a60022o0792o
60029.562222,20.409,0.602,25,15,o,0,0.68,282.18089,33.08094,3995.07,5334.9,2.43,1.88,35.8,-0.438,19.43,20.69,02a60029o0688o
60029.57073,22.908,4.737,2,12,o,0,0.82,282.18089,33.08094,4022.82,5373.09,2.44,1.95,36.9,-0.438,19.41,20.71,02a60029o0704o
60029.573951,-20.54,0.625,-22,14,o,0,0.83,282.18089,33.08094,3967.2,5296.51,2.5,1.92,37.6,-0.429,19.37,20.72,02a60029o0711o
60029.587543,-21.161,1.099,-12,14,o,0,0.73,282.18089,33.08094,3958.94,5413.85,2.55,1.97,36.8,-0.431,19.43,20.76,02a60029o0736o
60030.559883,21.213,1.053,12,12,o,0,1.44,282.18089,33.08094,3995.86,5335.68,2.38,1.91,40.0,-0.432,19.36,20.56,02a60030o0682o
60030.563089,-20.456,0.553,-24,13,o,0,1.0,282.18089,33.08094,4017.78,5374.38,2.38,1.9,39.2,-0.437,19.37,20.6,02a60030o0689o
60030.568567,-21.379,1.171,-10,12,o,0,1.25,282.18089,33.08094,3962.61,5296.21,2.34,1.9,39.5,-0.436,19.37,20.62,02a60030o0701o
60030.580607,-21.688,1.911,-8,15,o,0,0.71,282.18089,33.08094,3950.76,5412.44,2.43,2.06,35.5,-0.426,19.38,20.7,02a60030o0724o
60033.575173,-20.672,0.929,-20,18,o,0,0.51,282.18089,33.08094,3822.08,6073.82,2.38,1.86,34.7,-0.434,19.29,20.52,02a60033o0683o
60033.582948,-20.381,0.617,-26,16,o,0,0.82,282.18089,33.08094,3849.96,6113.38,2.34,1.85,37.4,-0.434,19.48,20.72,02a60033o0698o
60033.585803,20.582,0.73,21,16,o,0,0.55,282.18089,33.08094,3793.01,6035.33,2.36,1.84,35.2,-0.437,19.45,20.71,02a60033o0704o
60033.602959,-22.494,4.767,-4,17,o,0,0.44,282.18089,33.08094,3781.42,6152.49,2.41,1.84,36.6,-0.436,19.47,20.75,02a60033o0739o
60034.604449,-22.111,2.921,-5,15,o,0,0.69,282.18089,33.08094,6118.3,8013.18,2.47,2.03,38.5,-0.441,19.46,20.85,02a60034o0762o
60034.607612,-22.296,3.0,-4,13,o,0,0.99,282.18089,33.08094,6139.23,8052.08,2.5,2.01,38.2,-0.44,19.51,20.87,02a60034o0769o
60034.613049,-19.927,0.254,-39,10,o,0,1.38,282.18089,33.08094,6080.58,7974.76,2.48,2.02,39.7,-0.434,19.49,20.9,02a60034o0781o
60034.619404,21.012,0.879,14,13,o,0,1.22,282.18089,33.08094,6063.39,8092.27,2.58,2.08,39.7,-0.429,19.48,20.93,02a60034o0795o
60035.599525,-20.699,3.739,-19,71,c,0,0.86,282.18089,33.08094,6119.41,8014.26,2.88,2.49,37.3,-0.385,17.64,19.33,02a60035o0746c
60035.602692,21.866,3.16,6,21,c,0,0.69,282.18089,33.08094,6140.36,8053.07,2.86,2.48,37.3,-0.39,19.0,20.73,02a60035o0753c
60035.608116,22.231,2.64,5,12,c,0,1.13,282.18089,33.08094,6082.33,7975.47,2.8,2.41,38.2,-0.394,19.4,21.19,02a60035o0765c
60035.614005,-21.088,0.947,-13,13,c,0,0.96,282.18089,33.08094,6063.48,8092.3,2.83,2.47,37.0,-0.394,19.47,21.32,02a60035o0778c
60038.364369,20.128,2.92,32,94,o,0,1.19,282.18089,33.08094,8817.81,8467.75,2.54,2.3,-42.9,-0.363,17.42,18.76,04a60038o0857o
60038.367599,-19.13,2.306,-81,187,o,0,0.81,282.18089,33.08094,8797.7,8429.19,2.54,2.29,-44.7,-0.358,16.72,17.74,04a60038o0864o
60038.370829,20.024,2.79,36,99,o,0,0.78,282.18089,33.08094,8856.48,8508.34,2.43,2.19,-46.8,-0.386,17.51,18.42,04a60038o0871o
60038.391205,-21.729,3.07,-7,23,o,0,0.74,282.18089,33.08094,8871.18,8394.8,2.46,2.18,-50.1,-0.411,18.88,20.0,04a60038o0915o
60039.525288,20.038,1.687,35,59,o,0,0.87,282.18089,33.08094,9830.44,6210.09,2.27,2.19,3.2,-0.446,17.83,18.05,02a60039o0649o
60039.528106,20.025,1.694,36,60,o,0,1.3,282.18089,33.08094,9851.95,6247.85,2.23,2.15,0.0,-0.446,17.95,18.19,02a60039o0655o
60039.550091,19.923,1.288,39,50,o,0,0.49,282.18089,33.08094,9805.9,6170.56,2.27,2.12,14.8,-0.45,18.29,18.56,02a60039o0692o
60039.564507,18.599,0.27,132,36,o,0,1.61,282.18089,33.08094,9794.81,6289.37,2.26,2.1,16.6,-0.441,18.15,18.48,02a60039o0717o
60041.556704,20.362,0.708,26,18,o,0,2.16,282.18089,33.08094,2155.64,10149.29,2.06,1.87,-53.6,-0.486,18.74,19.33,02a60041o0709o
60041.559897,-22.801,8.542,-3,24,o,0,0.89,282.18089,33.08094,2177.38,10188.74,2.12,1.92,-51.0,-0.476,18.78,19.34,02a60041o0716o
60041.569789,-21.508,2.342,-9,21,o,0,1.39,282.18089,33.08094,2121.3,10109.93,2.1,1.92,-48.3,-0.488,18.77,19.38,02a60041o0735o
60041.573889,20.62,1.12,20,23,o,0,1.19,282.18089,33.08094,2103.14,10227.96,2.13,1.95,-59.7,-0.485,18.74,19.38,02a60041o0744o
60041.577073,-18.711,0.426,-119,51,o,0,1.44,282.18089,33.08094,5690.43,37.38,1.95,1.73,-79.5,-0.44,18.77,19.41,02a60041o0751o
60043.591529,21.327,1.552,11,17,o,0,1.12,282.18089,33.08094,7521.05,2382.02,1.99,1.93,46.2,-0.429,19.04,19.77,02a60043o0713o
60043.594693,-19.736,0.284,-46,13,o,0,2.06,282.18089,33.08094,7541.29,2421.1,2.0,1.94,44.4,-0.425,19.05,19.77,02a60043o0720o
60043.613863,20.902,1.103,16,18,o,0,0.77,282.18089,33.08094,7488.54,2347.74,2.06,2.01,35.4,-0.425,19.1,19.82,02a60043o0755o
60043.62865,22.861,6.52,3,17,o,0,0.69,282.18089,33.08094,7476.88,2464.34,2.08,1.92,37.3,-0.419,19.07,19.83,02a60043o0782o
60044.373439,-21.425,3.19,-10,31,o,0,0.73,282.18089,33.08094,2648.63,4804.92,2.07,1.84,88.7,-0.404,18.47,19.0,04a60044o0869o
60044.3835,-19.632,0.676,-51,34,o,0,0.84,282.18089,33.08094,2628.72,4767.63,2.08,1.87,84.7,-0.391,18.47,19.03,04a60044o0890o
60044.389025,-20.312,1.164,-27,32,o,0,1.04,282.18089,33.08094,2687.58,4842.98,2.15,1.98,-79.7,-0.425,18.48,19.02,04a60044o0902o
60044.398659,20.862,1.214,16,20,o,0,1.88,282.18089,33.08094,2705.2,4725.02,2.09,1.88,-85.1,-0.396,18.47,19.05,04a60044o0922o
60047.61177,16.295,1.013,1101,1116,o,0,1.09,282.18089,33.08094,7650.28,3935.63,2.6,2.39,25.4,-0.402,14.47,14.88,02a60047o0521o
60047.613579,-17.362,2.903,-412,1197,o,0,1.0,282.18089,33.08094,7670.62,3974.62,2.34,2.08,29.3,-0.409,14.4,14.74,02a60047o0525o
60050.34504,23.742,16.429,1,19,o,0,0.95,282.18089,33.08094,5002.88,8638.22,2.61,2.01,-74.4,-0.399,18.9,20.13,04a60050o0816o
60050.348234,21.65,1.896,8,15,o,0,1.48,282.18089,33.08094,4984.1,8599.97,2.62,1.99,-72.2,-0.409,18.92,20.13,04a60050o0823o
60050.351908,20.255,0.742,29,21,o,0,0.8,282.18089,33.08094,5040.52,8676.98,2.82,2.23,-74.9,-0.367,18.85,20.14,04a60050o0831o
60050.358776,-20.952,1.128,-15,17,o,0,1.65,282.18089,33.08094,5058.8,8561.05,2.8,2.2,-75.4,-0.402,18.91,20.14,04a60050o0846o
60051.573025,-22.188,2.667,-5,13,c,0,1.23,282.18089,33.08094,5398.84,2017.38,2.42,2.29,65.0,-0.402,19.3,21.03,02a60051o0670c
60051.57624,-21.69,1.745,-8,13,c,0,0.69,282.18089,33.08094,5419.31,2056.74,2.4,2.3,61.9,-0.406,19.39,21.14,02a60051o0677c
60051.59145,20.646,1.058,20,21,c,0,0.51,282.18089,33.08094,5366.88,1978.92,2.48,2.32,58.4,-0.398,19.3,21.0,02a60051o0704c
60051.598688,24.654,26.667,0,13,c,0,1.0,282.18089,33.08094,5349.58,2096.05,2.47,2.3,53.4,-0.399,19.27,20.99,02a60051o0717c
60056.313672,-20.601,0.895,-21,19,c,0,0.94,282.18089,33.08094,4589.69,4685.6,2.47,2.31,-66.9,-0.338,18.87,20.45,04a60056o0767c
60056.330163,-20.704,0.853,-19,16,c,0,1.4,282.18089,33.08094,4564.4,4646.76,2.5,2.34,-72.2,-0.345,18.91,20.54,04a60056o0801c
60056.333332,-25.686,85.0,0,16,c,0,1.26,282.18089,33.08094,4623.98,4723.81,2.45,2.31,-62.6,-0.351,18.96,20.54,04a60056o0808c
60056.336091,-21.083,1.306,-13,18,c,0,1.15,282.18089,33.08094,4644.4,4607.99,2.64,2.44,-69.5,-0.337,18.91,20.56,04a60056o0814c
60057.534519,19.234,0.621,74,46,c,0,0.74,282.18089,33.08094,5789.46,5983.11,2.78,2.4,37.6,-0.386,19.44,21.18,02a60057o0645c
60057.536782,-21.346,1.441,-10,15,c,0,0.98,282.18089,33.08094,5810.13,6021.38,2.77,2.41,38.4,-0.392,19.37,21.1,02a60057o0650c
60057.542341,22.164,2.333,5,12,c,0,0.93,282.18089,33.08094,5748.79,5946.11,2.77,2.36,37.2,-0.397,19.46,21.21,02a60057o0660c
60057.552261,-22.166,2.5,-5,12,c,0,1.04,282.18089,33.08094,5737.21,6061.69,2.77,2.37,38.4,-0.395,19.47,21.24,02a60057o0680c
60058.601815,21.214,1.324,12,16,c,0,0.68,282.18089,33.08094,6195.97,9973.55,2.76,2.47,41.5,-0.384,19.41,20.94,02a60058o0793c
60058.617125,-21.88,2.079,-6,13,c,0,1.09,282.18089,33.08094,6218.22,10014.83,2.74,2.46,38.0,-0.39,19.41,20.94,02a60058o0825c
60058.627957,22.345,3.469,4,14,c,0,1.37,282.18089,33.08094,4475.66,643.1,2.37,2.18,63.7,-0.413,19.09,20.21,02a60058o0847c
60058.629876,-20.449,0.749,-24,18,c,0,1.59,282.18089,33.08094,4497.14,526.45,2.36,2.2,64.7,-0.395,18.84,19.89,02a60058o0851c
60058.631684,20.598,1.12,21,24,c,0,0.93,282.18089,33.08094,4457.45,585.66,2.38,2.22,65.3,-0.407,18.66,19.52,02a60058o0855c
60059.528046,20.873,0.846,16,14,c,0,1.11,282.18089,33.08094,6182.49,9966.53,2.69,2.48,34.4,-0.389,19.35,20.92,02a60059o0617c
60059.530758,23.833,15.5,1,16,c,0,0.79,282.18089,33.08094,6203.55,10005.45,2.68,2.46,38.6,-0.391,19.32,20.9,02a60059o0623c
60059.533927,21.585,1.688,8,14,c,0,0.89,282.18089,33.08094,6144.37,9928.01,2.67,2.45,39.9,-0.392,19.31,20.85,02a60059o0630c
60059.539406,22.288,3.64,4,16,c,0,0.97,282.18089,33.08094,6125.8,10046.47,2.65,2.49,34.6,-0.391,19.32,20.93,02a60059o0642c
60060.584778,-20.016,0.779,-36,28,c,0,0.81,282.18089,33.08094,79.04,9719.12,2.48,2.3,-46.9,-0.528,18.98,20.73,02a60060o0726c
60060.58663,22.561,5.15,3,18,c,0,0.58,282.18089,33.08094,104.9,9757.65,2.48,2.3,-45.6,-0.518,19.31,21.18,02a60060o0729c
60060.59052,23.895,16.833,1,17,c,0,1.6,282.18089,33.08094,41.31,9678.91,2.48,2.26,-41.4,-0.513,19.37,21.16,02a60060o0736c
60060.606879,-22.471,3.556,-4,13,c,0,0.79,282.18089,33.08094,10240.74,9721.06,2.89,2.72,23.5,-0.381,19.34,21.18,02a60060o0768c
60060.61319,21.483,1.255,9,12,c,0,1.42,282.18089,33.08094,10261.61,9761.22,2.85,2.61,22.8,-0.389,19.36,21.18,02a60060o0780c
60060.624038,-21.062,1.042,-14,14,c,0,0.67,282.18089,33.08094,420.09,877.96,2.36,2.24,57.7,-0.436,19.3,20.77,02a60060o0802c
60060.629124,22.732,7.9,3,23,c,0,0.59,282.18089,33.08094,439.93,760.67,2.33,2.21,64.1,-0.449,18.73,19.83,02a60060o0811c
60060.630932,-23.099,12.286,-2,26,c,0,1.03,282.18089,33.08094,401.46,820.88,2.32,2.23,76.4,-0.442,18.41,19.38,02a60060o0815c
60062.304468,20.458,0.717,24,17,c,0,1.17,282.18089,33.08094,6586.24,6507.58,2.67,2.3,-53.2,-0.362,18.93,20.47,04a60062o0625c
60062.308142,-21.565,2.268,-9,20,c,0,0.94,282.18089,33.08094,6567.06,6469.26,2.72,2.28,-59.3,-0.363,18.92,20.5,04a60062o0633c
60062.329795,20.382,0.735,26,19,c,0,0.94,282.18089,33.08094,6629.57,6548.83,2.61,2.23,-56.0,-0.374,19.01,20.53,04a60062o0679c
60062.336684,-22.265,3.826,-4,17,c,0,1.02,282.18089,33.08094,6648.07,6433.54,2.69,2.26,-57.2,-0.357,19.0,20.52,04a60062o0694c
60067.496362,-20.227,0.908,-30,27,o,0,1.2,282.18089,33.08094,9881.85,4257.77,2.11,2.01,-17.2,-0.426,18.59,19.06,02a60067o0558o
60067.499538,25.052,62.667,0,22,o,0,0.88,282.18089,33.08094,9902.53,4296.14,2.11,2.03,-23.3,-0.439,18.84,19.34,02a60067o0565o
60067.522224,-21.469,1.918,-9,18,o,0,1.21,282.18089,33.08094,9850.35,4220.73,2.1,2.01,-30.2,-0.433,18.93,19.48,02a60067o0609o
60067.52584,-21.032,1.591,-14,22,o,0,0.7,282.18089,33.08094,9833.17,4338.6,2.1,2.02,-27.3,-0.439,18.97,19.49,02a60067o0617o
60068.33027,-21.566,4.528,-9,39,o,0,0.95,282.18089,33.08094,2282.62,2789.01,2.33,2.11,52.9,-0.4,18.17,18.63,04a60068o0808o
60068.332088,21.408,3.821,10,38,o,0,0.83,282.18089,33.08094,2262.91,2750.48,2.36,2.2,50.8,-0.408,18.15,18.64,04a60068o0812o
60068.338873,20.568,2.092,22,45,o,0,0.56,282.18089,33.08094,2326.96,2826.51,2.23,2.11,50.1,-0.414,18.21,18.66,04a60068o0826o
60068.348511,19.745,0.678,46,31,o,0,0.9,282.18089,33.08094,2347.46,2707.99,2.18,1.93,53.8,-0.414,18.26,18.68,04a60068o0847o
60069.51197,-20.433,1.083,-24,26,o,0,1.4,282.18089,33.08094,8125.63,7889.8,2.43,2.15,36.3,-0.434,18.59,18.9,02a60069o0591o
60069.515132,-20.381,1.611,-26,41,o,0,1.08,282.18089,33.08094,8146.78,7928.7,2.4,2.12,37.9,-0.434,18.66,18.9,02a60069o0598o
60069.517973,20.426,1.11,24,27,o,0,1.28,282.18089,33.08094,8087.72,7853.13,2.54,2.19,33.4,-0.422,18.6,18.92,02a60069o0604o
60069.523399,-26.052,280.0,0,39,o,0,0.98,282.18089,33.08094,8070.02,7970.71,2.49,2.15,34.4,-0.43,18.6,18.93,02a60069o0616o
60071.506924,-21.337,1.588,-11,17,o,0,1.14,282.18089,33.08094,3516.53,2093.54,2.14,1.96,35.2,-0.436,18.78,19.27,02a60071o0580o
60071.516551,-20.844,1.184,-17,20,o,0,1.08,282.18089,33.08094,3540.05,2133.56,2.18,1.95,44.9,-0.432,18.83,19.31,02a60071o0598o
60071.518359,20.202,0.653,30,20,o,0,0.99,282.18089,33.08094,3483.25,2054.95,2.14,1.95,39.2,-0.443,18.82,19.3,02a60071o0602o
60071.523974,21.081,1.574,13,21,o,0,0.87,282.18089,33.08094,3464.78,2171.13,2.16,1.97,39.6,-0.437,18.87,19.31,02a60071o0613o
60074.327823,22.939,13.0,2,32,o,0,0.89,282.18089,33.08094,8518.08,6432.24,2.52,2.19,-44.2,-0.39,18.42,18.99,04a60074o0775o
60074.329664,-20.641,1.264,-20,25,o,0,1.46,282.18089,33.08094,8498.91,6393.21,2.39,2.08,-36.4,-0.41,18.41,18.95,04a60074o0779o
60074.333786,-21.425,3.509,-10,34,o,0,0.81,282.18089,33.08094,8558.07,6470.87,2.41,2.15,-43.0,-0.405,18.37,18.95,04a60074o0788o
60074.352717,22.738,8.0,3,23,o,0,1.32,282.18089,33.08094,1942.19,4275.08,2.14,1.99,72.7,-0.376,18.39,18.9,04a60074o0828o
60077.511598,23.319,8.75,2,15,o,0,1.13,282.18089,33.08094,4217.17,10057.78,2.08,2.03,82.8,-0.424,19.36,20.49,02a60077o0590o
60077.513405,20.833,0.932,17,16,o,0,0.77,282.18089,33.08094,4238.07,10097.13,2.07,2.0,76.3,-0.418,19.41,20.49,02a60077o0594o
60077.51657,-20.433,0.597,-24,15,o,0,0.89,282.18089,33.08094,4177.93,10019.25,2.04,2.0,74.5,-0.424,19.42,20.49,02a60077o0601o
60077.521997,-20.909,0.837,-16,13,o,0,1.12,282.18089,33.08094,4159.43,10136.86,2.05,1.98,77.0,-0.418,19.41,20.49,02a60077o0613o
60079.489481,-20.456,0.481,-24,12,c,0,1.07,282.18089,33.08094,3879.97,6067.65,2.67,2.32,36.9,-0.393,19.49,21.13,02a60079o0540c
60079.49174,-23.271,6.417,-2,12,c,0,1.22,282.18089,33.08094,3900.57,6107.06,2.65,2.31,36.7,-0.395,19.48,21.11,02a60079o0545c
60079.49492,21.292,1.288,11,14,c,0,0.83,282.18089,33.08094,3842.95,6028.54,2.67,2.32,37.7,-0.394,19.47,21.11,02a60079o0552c
60079.525373,-25.288,39.5,0,11,c,0,1.21,282.18089,33.08094,3827.71,6145.97,2.58,2.24,38.2,-0.397,19.52,21.16,02a60079o0606c
60080.289243,21.867,3.595,6,23,o,0,0.95,282.18089,33.08094,4245.5,2665.35,2.13,2.06,39.3,-0.439,18.7,19.77,04a60080o0449o
60080.292407,-20.203,0.829,-30,25,o,0,0.92,282.18089,33.08094,4226.28,2626.58,2.3,2.24,-34.5,-0.462,18.66,19.76,04a60080o0456o
60080.295599,20.035,0.612,35,22,o,0,0.82,282.18089,33.08094,4286.42,2702.72,2.12,2.09,68.8,-0.441,18.71,19.74,04a60080o0463o
60080.30063,19.651,0.458,50,23,o,0,1.01,282.18089,33.08094,4307.33,2586.71,2.32,2.3,-61.2,-0.453,18.65,19.72,04a60080o0474o
60085.508408,-21.777,2.233,-7,16,o,0,0.4,282.18089,33.08094,5755.77,4044.37,2.37,1.89,39.5,-0.451,19.49,20.79,02a60085o0531o
60085.511121,-21.444,1.342,-10,13,o,0,0.87,282.18089,33.08094,5775.85,4082.28,2.43,1.92,37.4,-0.446,19.5,20.8,02a60085o0537o
60085.513979,-21.039,0.905,-14,13,o,0,1.12,282.18089,33.08094,5718.43,4006.23,2.41,1.9,37.9,-0.45,19.5,20.79,02a60085o0543o
60085.531079,-21.237,0.981,-12,11,o,0,0.89,282.18089,33.08094,5699.67,4124.78,2.39,1.77,34.7,-0.451,19.51,20.82,02a60085o0577o
60089.580533,22.696,16.5,3,50,o,0,0.96,282.18089,33.08094,10451.91,4354.83,2.52,2.19,-35.2,-0.459,17.96,19.23,02a60089o0405o
60089.589002,20.755,2.789,18,50,o,0,0.86,282.18089,33.08094,10433.67,4316.14,2.39,2.08,-45.6,-0.488,18.01,19.2,02a60089o0421o
60089.593714,-20.36,1.6,-26,42,o,0,0.8,282.18089,33.08094,521.93,4347.67,2.47,2.17,-45.3,-0.436,18.16,19.5,02a60089o0430o
60089.600756,19.483,0.683,58,40,o,0,0.76,282.18089,33.08094,505.22,4309.15,2.19,1.97,-41.5,-0.446,18.19,19.38,02a60089o0445o
60089.604201,21.923,28.286,6,175,o,0,0.42,282.18089,33.08094,10496.1,4393.51,2.41,1.94,-44.0,-0.5,17.32,18.41,02a60089o0451o
60089.607606,-20.19,4.152,-30,126,o,0,0.95,282.18089,33.08094,567.5,4383.57,2.19,1.81,-51.8,-0.464,17.09,18.12,02a60089o0458o
60089.608685,19.402,2.45,63,154,o,0,0.76,282.18089,33.08094,10517.43,4275.56,2.41,1.92,-45.5,-0.511,17.41,18.47,02a60089o0460o
60089.611124,-18.295,1.324,-175,231,o,0,1.07,282.18089,33.08094,588.21,4269.18,2.69,2.32,-58.2,-0.447,16.24,17.4,02a60089o0464o
60091.438856,21.189,1.277,12,16,o,0,0.63,282.18089,33.08094,2379.42,10154.0,1.82,1.76,-63.9,-0.508,19.32,20.37,02a60091o0410o
60091.441606,-20.865,0.689,-16,11,o,0,1.16,282.18089,33.08094,2406.0,10192.47,1.93,1.65,-54.7,-0.51,19.39,20.38,02a60091o0416o
60091.446698,19.625,0.362,51,19,o,0,0.5,282.18089,33.08094,2346.27,10113.04,1.91,1.69,-57.0,-0.495,19.43,20.42,02a60091o0427o
60091.473305,23.02,5.682,2,13,o,0,0.85,282.18089,33.08094,2327.91,10234.21,2.03,1.76,-54.7,-0.496,19.48,20.62,02a60091o0478o
60091.494567,21.529,2.5,9,22,o,0,0.75,282.18089,33.08094,5920.24,43.6,1.88,1.67,-84.4,-0.456,19.41,20.58,02a60091o0521o
60093.454369,-20.849,0.873,-17,14,o,0,0.61,282.18089,33.08094,7728.56,2380.37,1.97,1.93,32.7,-0.434,19.33,20.23,02a60093o0462o
60093.45708,-21.919,2.548,-6,16,o,0,0.64,282.18089,33.08094,7748.2,2418.6,1.98,1.94,36.7,-0.43,19.3,20.23,02a60093o0468o
60093.473022,21.838,2.312,7,15,o,0,0.68,282.18089,33.08094,7695.66,2345.66,2.03,1.98,43.6,-0.427,19.31,20.28,02a60093o0502o
60093.479249,22.079,2.019,5,11,o,0,1.3,282.18089,33.08094,7677.8,2463.15,2.02,1.97,39.1,-0.421,19.31,20.3,02a60093o0515o
60095.418193,20.777,1.044,18,18,o,0,0.91,282.18089,33.08094,7938.68,5864.39,2.6,1.96,32.4,-0.408,19.08,19.86,02a60095o0292o
60095.444107,18.685,1.088,122,133,o,0,0.89,282.18089,33.08094,7964.29,5904.02,2.6,1.98,31.5,-0.408,16.94,17.28,02a60095o0347o
60095.468682,20.283,1.387,28,39,o,0,1.35,282.18089,33.08094,7913.92,5832.6,2.3,1.87,35.7,-0.428,18.08,18.56,02a60095o0395o
60099.488153,17.785,1.917,279,535,o,0,0.94,282.18089,33.08094,10257.74,7853.25,2.22,2.08,-64.7,-0.5,15.95,15.68,02a60099o0514o
60099.488606,-18.838,2.518,-106,266,o,0,1.29,282.18089,33.08094,153.06,7736.68,2.05,1.93,-8.6,-0.406,15.89,15.67,02a60099o0515o
60099.494102,18.295,1.24,175,216,o,0,0.85,282.18089,33.08094,134.46,7853.71,2.06,1.96,1.0,-0.438,16.36,16.23,02a60099o0525o
60101.449547,-20.341,9.276,-26,246,o,0,1.62,282.18089,33.08094,5614.57,2020.2,2.08,1.99,36.0,-0.423,15.7,15.64,02a60101o0447o
60101.452291,-18.201,1.026,-190,195,o,0,0.99,282.18089,33.08094,5634.43,2059.59,2.1,1.94,42.2,-0.428,16.32,16.3,02a60101o0453o
60101.477077,-21.919,3.768,-6,23,o,0,0.89,282.18089,33.08094,5585.21,1984.66,2.13,1.96,39.3,-0.422,18.7,19.26,02a60101o0499o
60103.515831,21.15,1.429,13,18,o,0,0.72,282.18089,33.08094,8496.05,4413.47,2.25,2.0,20.7,-0.416,19.19,20.1,02a60103o0565o
60103.522427,-22.858,6.826,-3,18,o,0,0.67,282.18089,33.08094,8477.07,4373.13,2.31,1.99,13.4,-0.407,19.23,20.12,02a60103o0577o
60103.527175,-21.14,1.262,-13,16,o,0,0.88,282.18089,33.08094,8536.59,4452.11,2.28,2.09,20.4,-0.413,19.18,20.12,02a60103o0586o
60103.55678,19.974,0.382,37,14,o,0,1.4,282.18089,33.08094,8559.2,4337.91,2.05,1.93,31.2,-0.424,19.27,20.08,02a60103o0646o
60105.464077,21.789,1.719,7,12,o,0,1.02,282.18089,33.08094,9666.84,2245.37,2.22,1.86,-56.4,-0.469,19.36,20.56,02a60105o0455o
60105.465432,22.194,2.952,5,14,o,0,0.81,282.18089,33.08094,9686.46,2284.45,2.28,1.93,-53.7,-0.461,19.38,20.57,02a60105o0458o
60105.468145,20.647,0.777,20,16,o,0,0.65,282.18089,33.08094,9630.26,2207.64,2.25,1.9,-56.3,-0.466,19.39,20.54,02a60105o0464o
60105.473442,20.539,0.68,22,15,o,0,0.85,282.18089,33.08094,9612.44,2328.6,2.26,1.92,-55.5,-0.456,19.33,20.48,02a60105o0475o
60107.469532,24.641,22.0,0,11,c,0,0.99,282.18089,33.08094,6016.18,5993.05,2.78,2.54,36.8,-0.396,19.52,21.51,02a60107o0485c
60107.487372,-21.121,0.967,-13,12,c,0,0.68,282.18089,33.08094,6041.05,6036.07,3.14,2.91,45.4,-0.393,19.37,21.52,02a60107o0519c
60107.490545,-23.173,8.0,-2,16,c,0,0.72,282.18089,33.08094,5985.47,5958.2,3.34,3.09,52.0,-0.396,19.32,21.5,02a60107o0526c
60107.495077,20.231,0.419,29,12,c,0,0.91,282.18089,33.08094,5966.66,6075.45,2.94,2.72,36.2,-0.392,19.43,21.47,02a60107o0534c
60109.443709,-21.304,1.514,-11,16,c,0,1.41,282.18089,33.08094,6403.23,9970.06,3.02,2.95,-58.8,-0.399,19.06,21.05,02a60109o0250c
60109.445519,-20.079,1.24,-34,42,c,0,1.16,282.18089,33.08094,6423.83,10008.74,3.08,3.02,-68.6,-0.39,18.15,20.02,02a60109o0254c
60109.448231,-21.71,5.083,-8,38,c,0,1.03,282.18089,33.08094,6363.18,9931.9,3.16,3.09,-68.7,-0.382,18.25,20.19,02a60109o0260c
60109.473201,21.363,7.0,10,72,c,0,0.9,282.18089,33.08094,6348.57,10055.81,3.21,3.04,-57.2,-0.399,17.77,19.71,02a60109o0310c
60110.195668,-19.773,0.687,-45,31,c,0,0.89,282.18089,33.08094,155.3,992.49,3.61,1.98,43.1,-0.334,18.53,20.24,04a60110o0551c
60110.202039,21.288,1.644,11,18,c,0,0.79,282.18089,33.08094,136.03,954.23,3.65,1.91,42.9,-0.361,19.05,20.82,04a60110o0565c
60110.203392,22.068,3.5,5,19,c,0,0.5,282.18089,33.08094,197.96,1030.36,3.56,1.94,43.7,-0.358,19.16,20.9,04a60110o0568c
60110.229193,-20.545,0.753,-22,16,c,0,0.65,282.18089,33.08094,221.79,910.57,3.63,1.97,44.7,-0.353,19.15,20.96,04a60110o0622c
60110.276733,21.209,1.4,12,17,c,0,0.9,282.18089,33.08094,213.38,9671.51,3.04,2.37,-83.1,-0.34,19.08,20.77,04a60110o0724c
60110.311652,20.583,0.828,21,18,c,0,0.89,282.18089,33.08094,263.01,9686.78,3.03,2.3,89.1,-0.352,19.01,20.58,04a60110o0798c
60110.314772,-21.48,2.231,-9,21,c,0,1.02,282.18089,33.08094,202.15,9605.12,3.53,2.78,77.3,-0.337,18.92,20.59,04a60110o0804c
60111.436418,-23.85,11.667,-1,12,c,0,0.87,282.18089,33.08094,10433.69,9720.79,2.8,2.59,-57.6,-0.406,19.66,21.52,02a60111o0412c
60111.43935,21.035,0.867,14,12,c,0,0.79,282.18089,33.08094,10455.38,9758.72,2.77,2.56,-54.0,-0.397,19.65,21.52,02a60111o0418c
60111.442269,20.786,0.533,18,9,c,0,1.07,282.18089,33.08094,10394.07,9684.01,2.75,2.58,-50.0,-0.39,19.68,21.54,02a60111o0424c
60111.446346,-20.868,0.613,-16,10,c,0,1.04,282.18089,33.08094,277.27,9731.97,2.48,2.19,-50.6,-0.506,19.63,21.49,02a60111o0433c
60111.466322,23.846,10.333,1,11,c,0,0.76,282.18089,33.08094,10377.35,9806.68,2.84,2.65,-50.5,-0.384,19.62,21.54,02a60111o0472c
60111.467226,-20.945,0.847,-15,13,c,0,0.77,282.18089,33.08094,298.15,9773.2,2.51,2.17,-54.7,-0.506,19.61,21.49,02a60111o0474c
60111.469951,-20.809,0.583,-17,10,c,0,1.25,282.18089,33.08094,238.25,9696.39,2.47,2.18,-51.0,-0.5,19.6,21.49,02a60111o0480c
60111.474609,20.472,0.595,24,14,c,0,0.74,282.18089,33.08094,218.59,9815.41,2.49,2.21,-47.0,-0.52,19.61,21.49,02a60111o0489c
60113.446826,20.466,0.429,24,10,c,0,0.93,282.18089,33.08094,4010.46,4149.55,2.42,2.2,38.2,-0.414,19.57,21.33,02a60113o0430c
60113.449087,24.359,17.6,1,12,c,0,0.73,282.18089,33.08094,4030.9,4189.03,2.41,2.23,45.7,-0.416,19.59,21.33,02a60113o0435c
60113.451798,-21.414,0.892,-10,9,c,0,1.22,282.18089,33.08094,3973.69,4112.15,2.45,2.24,40.7,-0.416,19.54,21.32,02a60113o0441c
60113.475472,-20.298,0.444,-28,12,c,0,0.74,282.18089,33.08094,3960.37,4232.81,2.46,2.25,30.8,-0.416,19.59,21.38,02a60113o0489c
60115.375611,-21.654,1.367,-8,11,c,0,1.07,282.18089,33.08094,2378.61,8195.31,2.37,2.26,25.1,-0.404,19.61,21.45,02a60115o0279c
60115.403191,-21.358,0.919,-10,10,c,0,1.01,282.18089,33.08094,2407.13,8236.79,2.24,2.17,-55.1,-0.425,19.7,21.59,02a60115o0336c
60115.42361,-23.032,4.167,-2,9,c,0,1.11,282.18089,33.08094,2351.3,8162.53,2.25,2.24,-54.0,-0.417,19.68,21.59,02a60115o0379c
60115.440305,21.46,0.987,10,9,c,0,1.39,282.18089,33.08094,2336.75,8279.14,2.27,2.25,36.1,-0.42,19.66,21.57,02a60115o0413c
60117.423377,21.815,1.605,7,11,c,0,0.83,282.18089,33.08094,10083.77,4271.42,2.63,2.51,-48.2,-0.417,19.61,21.53,02a60117o0372c
60117.426447,-21.619,1.259,-8,10,c,0,1.13,282.18089,33.08094,10103.85,4312.07,2.56,2.45,-55.0,-0.418,19.61,21.52,02a60117o0378c
60117.429744,21.444,1.21,10,12,c,0,0.88,282.18089,33.08094,10045.28,4237.37,2.61,2.46,-54.1,-0.417,19.59,21.51,02a60117o0385c
60117.432456,20.989,0.653,15,10,c,0,1.11,282.18089,33.08094,145.6,4270.29,2.55,2.45,53.5,-0.375,19.52,21.47,02a60117o0391c
60117.460391,-24.27,16.6,-1,12,c,0,0.68,282.18089,33.08094,588.05,6217.63,2.55,2.38,15.7,-0.395,19.59,21.5,02a60117o0444c
60117.462733,22.087,2.081,5,11,c,0,0.83,282.18089,33.08094,168.34,4313.59,2.56,2.44,32.0,-0.379,19.54,21.45,02a60117o0448c
60117.476202,20.139,0.319,32,10,c,0,1.0,282.18089,33.08094,114.14,4231.48,2.64,2.51,29.6,-0.365,19.49,21.42,02a60117o0477c
60117.478926,18.722,0.131,118,15,c,0,16.21,282.18089,33.08094,95.68,4352.37,2.54,2.39,23.9,-0.372,19.54,21.41,02a60117o0483c
60123.442429,-21.188,1.299,-12,16,o,0,0.73,282.18089,33.08094,2328.26,9418.1,2.04,1.96,12.5,-0.45,19.36,20.41,02a60123o0417o
60123.445738,-21.2,1.276,-12,15,o,0,0.68,282.18089,33.08094,2348.28,9460.42,2.13,2.09,1.8,-0.438,19.34,20.4,02a60123o0424o
60123.448768,21.581,1.478,8,12,o,0,1.5,282.18089,33.08094,2287.86,9379.02,2.25,2.2,-36.0,-0.435,19.29,20.42,02a60123o0430o
60123.464709,-21.199,1.181,-12,14,o,0,1.13,282.18089,33.08094,4417.56,5379.7,2.55,1.98,27.7,-0.424,19.33,20.48,02a60123o0463o
60123.469681,-21.483,1.452,-9,13,o,0,1.23,282.18089,33.08094,4397.96,5341.9,2.55,1.95,31.9,-0.43,19.35,20.48,02a60123o0474o
60123.48156,20.995,0.99,14,14,o,0,0.92,282.18089,33.08094,4452.37,5421.36,2.59,2.13,29.8,-0.405,19.34,20.73,02a60123o0496o
60123.485174,20.967,0.966,15,14,o,0,0.67,282.18089,33.08094,4473.0,5304.11,2.53,1.98,33.1,-0.423,19.4,20.66,02a60123o0503o
60125.499724,23.257,7.937,2,14,o,0,1.11,282.18089,33.08094,8777.91,6331.58,2.21,2.03,38.0,-0.43,19.23,20.0,02a60125o0541o
60125.503076,19.971,0.442,37,16,o,0,0.96,282.18089,33.08094,8758.22,6289.27,2.21,2.04,32.6,-0.433,19.2,20.01,02a60125o0548o
60125.538719,-20.32,0.456,-27,12,o,0,1.23,282.18089,33.08094,8806.44,6370.58,2.21,2.12,43.2,-0.44,19.41,20.47,02a60125o0621o
60125.568243,22.577,3.69,3,12,o,0,0.82,282.18089,33.08094,8824.07,6256.45,2.13,2.09,68.8,-0.447,19.48,20.72,02a60125o0682o
60128.227463,20.85,3.878,17,64,o,0,1.02,282.18089,33.08094,4014.02,6024.17,2.84,2.53,-78.8,-0.327,17.64,18.01,04a60128o0622o
60128.230175,-22.485,20.7,-4,76,o,0,0.88,282.18089,33.08094,4036.25,6061.63,3.59,3.24,-74.9,-0.323,17.4,17.98,04a60128o0628o
60128.235635,22.131,12.308,5,63,o,0,0.73,282.18089,33.08094,3982.88,5979.92,2.61,2.35,-76.2,-0.345,17.68,17.99,04a60128o0640o
60128.271069,20.711,3.762,19,71,o,0,0.9,282.18089,33.08094,3990.11,6074.75,2.74,2.48,-81.1,-0.318,17.48,17.77,04a60128o0717o
60129.467671,-20.421,0.859,-25,21,o,0,1.23,282.18089,33.08094,2145.03,1527.93,2.04,1.93,52.3,-0.461,18.76,19.09,02a60129o0460o
60129.47326,20.37,1.532,26,40,o,0,1.16,282.18089,33.08094,2124.84,1487.64,2.1,2.04,53.8,-0.458,18.09,18.45,02a60129o0471o
60129.477102,19.727,0.559,47,26,o,0,0.89,282.18089,33.08094,2184.28,1568.27,2.1,1.95,32.8,-0.456,18.1,18.62,02a60129o0479o
60129.49794,-20.6,1.078,-21,22,o,0,1.19,282.18089,33.08094,2201.53,1448.84,2.08,1.95,54.9,-0.458,18.72,19.06,02a60129o0519o
60131.462526,-21.904,2.944,-6,18,o,0,0.93,282.18089,33.08094,5892.56,9785.5,2.18,2.1,-67.5,-0.442,19.13,19.89,02a60131o0256o
60131.465237,-21.033,1.076,-14,15,o,0,1.08,282.18089,33.08094,5874.62,9746.33,2.2,2.13,-81.3,-0.429,19.15,19.89,02a60131o0262o
60131.471374,-20.758,1.0,-18,18,o,0,1.15,282.18089,33.08094,5932.52,9822.92,2.11,2.06,-80.3,-0.441,19.17,19.87,02a60131o0275o
60131.506911,20.329,0.704,27,19,o,0,1.05,282.18089,33.08094,5954.45,9705.37,2.18,2.17,-44.7,-0.432,19.11,19.82,02a60131o0346o
60133.49721,-21.923,3.333,-6,21,o,0,1.95,282.18089,33.08094,7762.39,9710.94,2.27,2.06,-55.2,-0.466,18.97,19.83,02a60133o0531o
60133.501595,-22.462,4.103,-4,15,o,0,0.99,282.18089,33.08094,7745.18,9667.82,2.33,2.05,-55.9,-0.439,19.16,19.97,02a60133o0539o
60133.528622,21.387,4.256,10,43,o,0,0.96,282.18089,33.08094,7806.03,9746.66,2.43,2.16,-50.3,-0.435,18.03,18.5,02a60133o0592o
60133.534656,23.955,46.25,1,44,o,0,1.47,282.18089,33.08094,7824.72,9630.08,2.48,2.32,-50.5,-0.426,18.13,18.62,02a60133o0602o
60134.152898,19.698,1.127,48,54,o,0,1.03,282.18089,33.08094,4672.52,6623.12,2.42,2.12,-77.7,-0.38,17.6,18.92,04a60134o0456o
60134.15516,-20.031,3.639,-35,128,o,0,0.78,282.18089,33.08094,4653.27,6583.87,2.55,2.23,-78.9,-0.37,17.11,18.49,04a60134o0461o
60134.158712,18.393,0.894,160,143,o,0,0.81,282.18089,33.08094,4709.64,6661.05,2.5,2.14,-78.0,-0.38,17.02,18.3,04a60134o0468o
60134.163766,17.276,0.535,446,239,o,0,0.57,282.18089,33.08094,4729.98,6544.93,2.66,2.29,-73.7,-0.368,16.44,17.73,04a60134o0479o
60137.44845,22.274,2.281,4,10,c,0,0.93,282.18089,33.08094,3948.26,7933.35,2.49,2.36,30.0,-0.401,19.62,21.52,02a60137o0380c
60137.452802,22.213,2.364,5,11,c,0,1.1,282.18089,33.08094,3930.65,7894.22,2.53,2.38,35.1,-0.402,19.63,21.48,02a60137o0389c
60137.457922,-21.578,1.14,-8,10,c,0,1.61,282.18089,33.08094,3987.16,7975.32,2.65,2.39,32.1,-0.396,19.54,21.45,02a60137o0400c
60137.467871,20.821,0.595,17,10,c,0,1.4,282.18089,33.08094,4007.45,7857.28,2.64,2.46,27.7,-0.394,19.51,21.4,02a60137o0422c
60139.416753,24.165,14.25,1,11,c,0,0.99,282.18089,33.08094,5814.61,1339.1,2.96,2.84,-43.3,-0.382,19.42,21.57,02a60139o0365c
60139.420264,21.719,1.488,8,11,c,0,0.8,282.18089,33.08094,5796.35,1304.04,2.88,2.71,-21.4,-0.385,19.47,21.59,02a60139o0372c
60139.451416,23.087,4.154,2,9,c,0,1.38,282.18089,33.08094,5859.28,1380.19,2.7,2.55,-59.0,-0.39,19.55,21.59,02a60139o0437c
60139.45777,23.192,6.0,2,12,c,0,1.01,282.18089,33.08094,5880.95,1262.18,3.12,2.9,-67.0,-0.391,19.38,21.56,02a60139o0451c
60140.172808,-21.081,1.033,-13,14,o,0,1.24,282.18089,33.08094,2312.99,10103.68,2.65,1.92,-76.4,-0.394,19.12,20.39,04a60140o0497o
60140.17557,21.714,2.34,8,18,o,0,0.87,282.18089,33.08094,2335.76,10140.1,2.71,2.02,-81.9,-0.388,19.12,20.42,04a60140o0503o
60140.206059,-22.012,3.515,-6,20,o,0,0.71,282.18089,33.08094,2306.95,10034.8,2.82,2.14,-78.0,-0.371,19.0,20.27,04a60140o0569o
60140.21154,-20.656,0.95,-20,19,o,0,0.89,282.18089,33.08094,2289.81,10148.86,2.78,2.07,-79.3,-0.381,19.03,20.29,04a60140o0581o
60141.411102,-20.551,0.688,-22,15,c,0,0.87,282.18089,33.08094,8202.25,406.01,2.8,2.37,-62.0,-0.404,19.4,21.21,02a60141o0356c
60141.414446,-20.148,0.464,-32,15,c,0,1.11,282.18089,33.08094,8182.21,370.32,2.83,2.41,-56.1,-0.402,19.39,21.22,02a60141o0363c
60141.420441,20.846,0.957,17,16,c,0,0.97,282.18089,33.08094,8243.01,449.45,2.66,2.23,-60.1,-0.412,19.5,21.22,02a60141o0376c
60141.454468,-20.082,1.025,-34,34,c,0,0.99,282.18089,33.08094,4664.32,10523.09,2.75,2.56,-52.3,-0.387,19.47,21.27,02a60141o0447c
60141.45492,20.751,0.849,18,15,c,0,1.05,282.18089,33.08094,8263.36,331.51,2.75,2.29,-64.6,-0.413,19.44,21.25,02a60141o0448c
60145.467699,-21.471,1.141,-9,11,c,0,0.74,282.18089,33.08094,2633.64,4698.99,2.52,2.34,32.1,-0.416,19.54,21.4,02a60145o0050c
60145.470862,-21.798,1.458,-7,10,c,0,1.22,282.18089,33.08094,2616.58,4661.56,2.51,2.32,34.0,-0.416,19.57,21.4,02a60145o0057c
60145.486078,-23.128,5.214,-2,11,c,0,1.03,282.18089,33.08094,2681.74,4737.36,2.49,2.35,35.9,-0.413,19.53,21.34,02a60145o0090c
60145.492472,-22.241,2.226,-5,10,c,0,1.25,282.18089,33.08094,2704.41,4619.79,2.53,2.36,37.3,-0.412,19.54,21.3,02a60145o0104c
60146.149349,18.238,7.778,184,1431,o,0,1.47,282.18089,33.08094,7793.93,3935.43,2.45,2.1,-20.0,-0.394,14.99,16.42,04a60146o0245o
60147.455429,20.925,0.899,16,14,c,0,0.67,282.18089,33.08094,2737.18,6634.13,2.8,2.65,30.2,-0.376,19.37,21.31,02a60147o0441c
60147.458594,22.082,2.219,5,12,c,0,1.0,282.18089,33.08094,2719.26,6593.39,2.72,2.58,24.8,-0.383,19.45,21.31,02a60147o0448c
60147.463901,-21.535,1.481,-9,13,c,0,0.62,282.18089,33.08094,2778.15,6672.09,2.74,2.61,29.3,-0.38,19.43,21.28,02a60147o0458c
60147.499541,21.809,1.743,7,12,c,0,0.91,282.18089,33.08094,2804.34,6550.87,2.9,2.8,39.4,-0.38,19.31,21.16,02a60147o0531c
60149.393314,-21.35,1.068,-10,11,c,0,0.79,282.18089,33.08094,294.13,2811.81,2.44,2.43,-57.7,-0.405,19.64,21.58,02a60149o0327c
60149.396929,-22.963,4.125,-2,10,c,0,0.88,282.18089,33.08094,274.21,2772.3,2.49,2.47,-59.0,-0.4,19.62,21.57,02a60149o0335c
60149.404545,21.979,2.189,6,13,c,0,0.58,282.18089,33.08094,334.31,2847.54,2.57,2.54,-64.6,-0.407,19.57,21.56,02a60149o0350c
60149.408904,-21.885,1.6,-6,10,c,0,1.15,282.18089,33.08094,10413.83,2806.1,2.74,2.38,-58.1,-0.417,19.59,21.51,02a60149o0359c
60149.41252,20.613,0.418,21,9,c,0,1.17,282.18089,33.08094,10394.75,2766.08,2.7,2.31,-57.1,-0.423,19.54,21.53,02a60149o0367c
60149.414782,21.134,0.852,13,11,c,0,0.58,282.18089,33.08094,355.26,2729.8,2.48,2.41,-77.4,-0.406,19.65,21.57,02a60149o0372c
60149.417947,23.012,5.4,2,12,c,0,0.89,282.18089,33.08094,10454.86,2845.45,2.67,2.26,-56.0,-0.432,19.58,21.52,02a60149o0379c
60149.430554,-20.647,0.687,-20,14,c,0,1.02,282.18089,33.08094,10476.63,2732.16,2.71,2.27,-54.9,-0.426,19.6,21.51,02a60149o0405c
60151.434096,-21.378,1.014,-10,10,c,0,0.88,282.18089,33.08094,4976.28,8556.42,2.47,2.37,25.0,-0.414,19.65,21.53,02a60151o0394c
60151.437267,-23.207,5.846,-2,11,c,0,0.82,282.18089,33.08094,4959.16,8519.82,2.5,2.38,29.7,-0.411,19.61,21.52,02a60151o0401c
60151.448446,21.403,1.164,10,12,c,0,0.94,282.18089,33.08094,5020.59,8595.99,2.52,2.42,27.3,-0.407,19.61,21.49,02a60151o0425c
60151.453606,-20.66,0.477,-20,9,c,0,1.13,282.18089,33.08094,5040.64,8477.15,2.54,2.4,30.6,-0.413,19.6,21.48,02a60151o0436c
60153.400923,-20.92,0.965,-16,15,o,0,0.7,282.18089,33.08094,8479.36,4419.83,2.14,2.02,35.0,-0.425,19.33,20.27,02a60153o0350o
60153.404087,-23.281,7.353,-2,13,o,0,0.91,282.18089,33.08094,8461.04,4380.13,2.06,1.99,34.1,-0.427,19.32,20.26,02a60153o0357o
60153.416617,-20.306,0.541,-27,15,o,0,0.81,282.18089,33.08094,8523.25,4458.76,2.21,2.13,30.4,-0.425,19.24,20.27,02a60153o0384o
60153.423431,-21.255,1.271,-11,14,o,0,1.12,282.18089,33.08094,8542.01,4338.87,2.35,2.3,29.5,-0.407,19.23,20.28,02a60153o0398o
60155.384559,-21.592,2.236,-8,19,o,0,0.75,282.18089,33.08094,932.49,8339.93,2.18,1.97,-45.9,-0.463,19.09,19.8,02a60155o0315o
60155.38741,20.946,1.244,15,19,o,0,1.08,282.18089,33.08094,914.94,8300.78,2.17,1.89,-49.0,-0.469,19.13,19.8,02a60155o0321o
60155.398764,-22.624,5.586,-3,18,o,0,0.67,282.18089,33.08094,974.02,8374.08,2.18,1.87,-44.1,-0.473,19.1,19.79,02a60155o0345o
60155.404814,-22.126,4.239,-5,22,o,0,0.69,282.18089,33.08094,995.1,8259.26,2.11,1.93,-27.2,-0.468,19.11,19.79,02a60155o0358o
60157.370732,-21.294,1.958,-11,22,o,0,0.99,282.18089,33.08094,4582.61,4590.43,2.38,1.9,26.7,-0.429,18.82,19.25,02a60157o0284o
60157.381409,21.672,3.209,8,25,o,0,0.74,282.18089,33.08094,4564.22,4546.61,2.35,1.93,26.4,-0.43,18.76,19.24,02a60157o0306o
60157.384582,-21.125,1.588,-13,20,o,0,0.96,282.18089,33.08094,4622.87,4624.05,2.3,1.83,30.7,-0.437,18.84,19.23,02a60157o0313o
60157.390012,20.3,0.761,28,21,o,0,1.28,282.18089,33.08094,4642.69,4510.97,2.3,1.85,31.8,-0.438,18.83,19.22,02a60157o0325o
60159.366937,-20.357,0.667,-26,17,o,0,1.15,282.18089,33.08094,4197.09,600.64,2.17,1.97,-54.4,-0.448,19.1,19.78,02a60159o0284o
60159.370556,22.107,3.578,5,19,o,0,0.7,282.18089,33.08094,4176.99,560.51,2.21,2.04,-60.3,-0.432,19.05,19.77,02a60159o0292o
60159.378029,19.939,0.527,38,20,o,0,0.71,282.18089,33.08094,4237.22,638.14,2.22,2.0,-42.8,-0.44,19.05,19.76,02a60159o0308o
60159.388907,-23.183,9.222,-2,18,o,0,0.83,282.18089,33.08094,4259.67,523.71,2.17,1.91,-61.6,-0.44,19.08,19.72,02a60159o0332o
60161.377337,21.367,1.255,10,13,o,0,0.93,282.18089,33.08094,174.5,851.94,2.12,1.8,-59.8,-0.462,19.35,20.16,02a60161o0309o
60161.380501,21.5,1.477,9,14,o,0,1.12,282.18089,33.08094,154.58,812.01,2.12,1.84,-64.7,-0.461,19.3,20.15,02a60161o0316o
60161.385937,-21.08,1.184,-13,16,o,0,0.86,282.18089,33.08094,217.05,888.66,2.17,1.88,-63.5,-0.456,19.29,20.14,02a60161o0328o
60161.386389,-21.89,2.825,-6,18,o,0,0.95,282.18089,33.08094,10327.9,839.63,2.55,1.57,-58.5,-0.496,19.31,20.14,02a60161o0329o
60161.397614,-21.459,1.604,-10,15,o,0,0.69,282.18089,33.08094,238.14,768.9,2.07,1.78,-61.7,-0.466,19.33,20.13,02a60161o0353o
60161.39951,20.588,0.827,21,18,o,0,1.27,282.18089,33.08094,10308.33,797.65,2.54,1.55,-57.4,-0.506,19.26,20.13,02a60161o0357o
60161.402675,21.075,1.455,14,20,o,0,0.91,282.18089,33.08094,10369.06,879.25,2.46,1.59,-58.9,-0.504,19.27,20.12,02a60161o0364o
60161.408051,-21.937,3.528,-6,22,o,0,0.67,282.18089,33.08094,10391.37,761.07,2.54,1.61,-56.6,-0.501,19.25,20.11,02a60161o0375o
60171.360557,-26.003,78.0,0,11,c,0,0.78,282.18089,33.08094,6883.76,8463.43,2.46,2.42,45.9,-0.418,19.66,21.5,02a60171o0277c
60171.364174,22.1,2.0,5,10,c,0,0.89,282.18089,33.08094,6865.07,8424.44,2.47,2.43,54.8,-0.419,19.66,21.51,02a60171o0285c
60171.372282,22.372,3.071,4,12,c,0,0.84,282.18089,33.08094,6922.61,8504.04,2.48,2.42,29.1,-0.421,19.66,21.53,02a60171o0302c
60171.393192,-21.063,0.956,-14,13,c,0,0.67,282.18089,33.08094,6945.49,8384.7,2.54,2.44,27.2,-0.411,19.62,21.47,02a60171o0347c
60173.364484,21.523,1.296,9,12,c,0,0.77,282.18089,33.08094,8797.21,8399.64,2.69,2.55,-62.8,-0.411,19.6,21.51,02a60173o0288c
60173.36765,-21.289,1.06,-11,12,c,0,0.78,282.18089,33.08094,8779.05,8360.33,2.66,2.54,-64.3,-0.415,19.6,21.49,02a60173o0295c
60173.376447,-20.944,0.989,-15,15,c,0,0.62,282.18089,33.08094,8837.7,8438.39,2.66,2.56,-67.0,-0.41,19.55,21.43,02a60173o0313c
60173.394926,20.696,0.704,19,14,c,0,0.69,282.18089,33.08094,8859.03,8322.19,2.6,2.55,-55.0,-0.412,19.55,21.34,02a60173o0352c
60175.34852,-20.41,0.377,-25,9,c,0,1.09,282.18089,33.08094,8515.6,6357.37,2.52,2.39,39.9,-0.412,19.66,21.46,02a60175o0256c
60175.351686,21.728,1.585,7,12,c,0,0.68,282.18089,33.08094,8498.17,6319.3,2.47,2.39,39.2,-0.411,19.63,21.44,02a60175o0263c
60175.377568,20.729,0.567,18,10,c,0,1.09,282.18089,33.08094,8561.45,6394.56,2.52,2.45,49.5,-0.408,19.59,21.33,02a60175o0314c
60175.386076,-21.751,1.54,-7,11,c,0,1.01,282.18089,33.08094,8582.69,6277.53,2.55,2.41,43.4,-0.404,19.55,21.28,02a60175o0332c
60177.258768,-21.447,1.464,-10,14,c,0,1.06,282.18089,33.08094,4328.13,10056.29,2.51,2.32,-55.5,-0.409,19.58,21.21,02a60177o0062c
60177.26148,23.1,6.8,2,14,c,0,0.7,282.18089,33.08094,4350.19,10096.28,2.51,2.33,-58.5,-0.408,19.57,21.22,02a60177o0068c
60177.264643,-20.799,0.766,-17,13,c,0,1.27,282.18089,33.08094,4293.03,10018.19,2.51,2.34,-65.7,-0.409,19.58,21.23,02a60177o0075c
60177.300503,-21.584,1.446,-8,12,c,0,0.85,282.18089,33.08094,6262.56,424.51,2.47,2.14,-62.7,-0.43,19.63,21.39,02a60177o0146c
60179.375337,-22.03,2.128,-6,12,c,0,0.66,282.18089,33.08094,6534.78,4486.82,2.51,2.37,49.0,-0.403,19.58,21.34,02a60179o0311c
60179.378554,-20.769,0.496,-18,9,c,0,1.46,282.18089,33.08094,6517.0,4446.37,2.57,2.44,44.5,-0.397,19.56,21.34,02a60179o0318c
60179.384024,-21.586,1.458,-8,12,c,0,0.51,282.18089,33.08094,6577.68,4527.03,2.51,2.36,45.3,-0.402,19.58,21.34,02a60179o0330c
60179.395635,24.261,14.6,1,10,c,0,0.82,282.18089,33.08094,6598.98,4409.2,2.51,2.37,45.5,-0.397,19.57,21.35,02a60179o0355c
60181.381919,-24.0,16.0,-1,15,o,0,0.71,282.18089,33.08094,4273.14,2550.09,2.16,2.01,40.0,-0.449,19.3,20.38,02a60181o0282o
60181.388597,20.179,0.496,31,15,o,0,0.72,282.18089,33.08094,4254.54,2511.74,2.24,2.08,38.9,-0.44,19.27,20.3,02a60181o0296o
60181.391791,20.774,0.735,18,13,o,0,1.02,282.18089,33.08094,4314.41,2588.99,2.12,1.92,38.7,-0.451,19.34,20.29,02a60181o0303o
60181.407499,-21.28,1.083,-11,12,o,0,1.63,282.18089,33.08094,4336.82,2470.39,2.19,2.02,37.7,-0.439,19.32,20.32,02a60181o0336o
60182.054979,21.614,3.356,8,28,o,0,0.61,282.18089,33.08094,4296.81,8068.54,2.42,2.01,-77.4,-0.392,18.57,19.34,04a60182o0160o
60182.058607,19.843,0.527,42,22,o,0,1.36,282.18089,33.08094,4320.35,8104.16,2.44,2.05,-77.6,-0.394,18.6,19.41,04a60182o0168o
60182.066009,-19.442,0.506,-61,31,o,0,0.66,282.18089,33.08094,4269.69,8020.69,2.48,2.06,-73.2,-0.413,18.62,19.29,04a60182o0184o
60182.08163,20.688,1.519,19,29,o,0,0.9,282.18089,33.08094,4264.33,8124.29,2.48,2.06,-73.6,-0.412,18.52,19.31,04a60182o0218o
60183.37214,-21.449,1.843,-10,18,o,0,0.96,282.18089,33.08094,6240.11,2450.51,2.2,2.05,39.3,-0.427,18.98,19.65,02a60183o0262o
60183.375345,20.044,0.497,35,17,o,0,1.18,282.18089,33.08094,6222.46,2413.96,2.23,2.1,46.6,-0.424,18.96,19.64,02a60183o0269o
60183.382023,22.688,5.963,3,18,o,0,0.9,282.18089,33.08094,6282.34,2488.99,2.16,2.04,43.9,-0.427,19.02,19.62,02a60183o0283o
60183.392068,20.055,0.603,34,21,o,0,0.9,282.18089,33.08094,6305.4,2372.0,2.22,2.09,48.2,-0.421,18.93,19.57,02a60183o0304o
60185.349492,-20.116,0.673,-33,22,o,0,0.77,282.18089,33.08094,4668.48,6517.61,2.43,1.94,34.7,-0.427,18.93,19.45,02a60185o0276o
60185.353116,21.325,1.979,11,21,o,0,1.08,282.18089,33.08094,4651.41,6478.35,2.39,1.87,35.5,-0.426,18.91,19.44,02a60185o0284o
60185.359,23.066,10.0,2,22,o,0,0.82,282.18089,33.08094,4710.65,6554.66,2.38,1.87,36.9,-0.427,18.94,19.43,02a60185o0297o
60185.370566,20.258,0.756,29,22,o,0,1.06,282.18089,33.08094,4734.92,6440.13,2.37,1.91,38.2,-0.432,18.89,19.37,02a60185o0321o
60187.350766,-20.196,1.243,-30,38,o,0,0.92,282.18089,33.08094,2205.54,715.51,3.51,3.36,-83.0,-0.415,18.23,19.06,02a60187o0286o
60187.353568,20.426,1.855,24,46,o,0,0.93,282.18089,33.08094,2184.87,673.23,3.99,3.83,-78.9,-0.448,17.95,19.0,02a60187o0292o
60187.358689,21.309,3.767,11,41,o,0,1.05,282.18089,33.08094,2248.09,751.64,3.98,3.83,-71.2,-0.384,17.98,19.02,02a60187o0303o
60187.374071,-20.022,1.183,-36,42,o,0,1.03,282.18089,33.08094,2271.54,629.31,3.86,3.62,-75.5,-0.386,18.12,18.98,02a60187o0336o
60191.343095,-21.25,1.519,-12,17,o,0,1.28,282.18089,33.08094,8229.51,415.39,2.72,1.89,-55.5,-0.467,19.41,20.43,02a60191o0269o
60191.344452,16.866,0.487,651,317,o,0,0.44,282.18089,33.08094,4694.18,10527.06,2.77,1.96,-48.8,-0.431,19.37,20.4,02a60191o0272o
60191.346361,21.389,2.031,10,20,o,0,0.84,282.18089,33.08094,8212.22,374.64,2.89,2.03,-55.2,-0.456,19.35,20.4,02a60191o0276o
60191.351821,-20.023,0.628,-36,22,o,0,0.96,282.18089,33.08094,8274.32,454.11,2.89,2.04,-57.6,-0.465,19.37,20.39,02a60191o0288o
60191.362322,21.812,3.048,7,21,o,0,0.94,282.18089,33.08094,8296.84,335.14,2.96,2.03,-57.2,-0.449,19.34,20.32,02a60191o0310o
60193.329562,19.628,0.694,51,36,c,0,1.34,282.18089,33.08094,2856.84,8181.25,2.38,2.27,-15.8,-0.411,18.2,19.77,02a60193o0236c
60193.332728,-20.054,0.714,-34,25,c,0,0.73,282.18089,33.08094,2838.75,8141.69,2.36,2.25,-20.5,-0.417,18.8,20.45,02a60193o0243c
60193.348852,19.022,0.584,89,52,c,0,0.96,282.18089,33.08094,2916.59,8216.55,2.39,2.29,4.3,-0.404,17.87,19.25,02a60193o0265c
60193.356561,-18.844,1.011,-105,106,c,0,1.13,282.18089,33.08094,2937.98,8098.46,2.36,2.26,7.3,-0.406,17.05,18.41,02a60193o0282c
60195.327071,20.709,0.582,19,11,c,0,0.87,282.18089,33.08094,2645.76,4697.16,2.27,2.18,33.5,-0.434,19.65,21.32,02a60195o0234c
60195.330242,22.87,3.762,3,10,c,0,1.63,282.18089,33.08094,2628.46,4660.44,2.28,2.17,34.7,-0.427,19.63,21.31,02a60195o0241c
60195.335844,-22.05,1.953,-6,11,c,0,0.81,282.18089,33.08094,2688.31,4734.36,2.35,2.19,40.2,-0.43,19.62,21.32,02a60195o0253c
60195.345836,24.945,25.0,0,10,c,0,1.27,282.18089,33.08094,2711.3,4617.58,2.35,2.18,41.4,-0.426,19.63,21.29,02a60195o0275c
60197.322502,23.881,11.857,1,12,c,0,0.74,282.18089,33.08094,2748.39,6635.16,2.54,2.4,33.1,-0.394,19.57,21.43,02a60197o0229c
60197.334669,21.554,1.3,9,11,c,0,0.74,282.18089,33.08094,2731.04,6594.57,2.52,2.4,28.6,-0.395,19.53,21.38,02a60197o0255c
60197.33905,20.9,0.705,16,11,c,0,1.04,282.18089,33.08094,2790.5,6670.97,2.68,2.59,29.1,-0.395,19.45,21.33,02a60197o0264c
60197.344491,24.657,24.0,0,12,c,0,1.03,282.18089,33.08094,2811.88,6555.28,2.68,2.6,28.7,-0.383,19.43,21.29,02a60197o0276c
60199.318835,20.802,0.867,17,15,c,0,1.57,282.18089,33.08094,315.82,2808.76,2.48,2.31,-60.6,-0.408,18.98,20.43,02a60199o0223c
60199.319739,22.57,6.571,3,22,c,0,0.78,282.18089,33.08094,10433.03,2807.56,2.77,2.29,-57.9,-0.423,18.94,20.45,02a60199o0225c
60199.322476,22.841,4.933,3,13,c,0,0.97,282.18089,33.08094,296.37,2769.45,2.47,2.31,-61.4,-0.408,19.19,20.71,02a60199o0231c
60199.323381,22.028,2.484,6,14,c,0,0.96,282.18089,33.08094,10413.62,2768.08,2.77,2.27,-56.0,-0.418,19.31,20.89,02a60199o0233c
60199.328553,20.919,0.885,16,14,c,0,0.57,282.18089,33.08094,357.55,2844.31,2.46,2.32,-65.3,-0.412,19.44,21.02,02a60199o0244c
60199.330485,-21.703,1.957,-8,15,c,0,1.08,282.18089,33.08094,10473.51,2848.56,2.79,2.29,-56.9,-0.426,19.48,21.11,02a60199o0248c
60199.339487,20.846,0.786,17,13,c,0,0.98,282.18089,33.08094,380.66,2726.41,2.35,2.26,-63.0,-0.42,19.19,20.66,02a60199o0267c
60199.340392,20.757,1.19,18,22,c,0,1.01,282.18089,33.08094,10495.9,2731.56,2.71,2.23,-55.8,-0.44,19.27,20.79,02a60199o0269c
60200.036176,-21.262,1.758,-11,20,o,0,0.96,282.18089,33.08094,5568.68,1957.48,2.38,2.36,36.9,-0.417,18.75,19.78,04a60200o0148o
60200.039347,21.307,2.21,11,24,o,0,0.77,282.18089,33.08094,5590.94,1994.84,2.33,2.28,3.3,-0.424,18.74,19.69,04a60200o0155o
60200.049376,23.813,18.333,1,20,o,0,1.31,282.18089,33.08094,5542.48,1911.6,2.37,2.32,27.5,-0.42,18.73,19.78,04a60200o0177o
60200.056177,19.661,0.482,50,24,o,0,1.07,282.18089,33.08094,5528.97,2025.09,2.47,2.39,12.6,-0.402,18.67,19.75,04a60200o0192o
60201.321151,-21.545,1.217,-9,11,c,0,0.97,282.18089,33.08094,5008.31,8548.76,2.6,2.22,-44.8,-0.441,19.58,21.33,02a60201o0234c
60201.324319,22.097,1.722,5,9,c,0,1.59,282.18089,33.08094,4989.49,8510.46,2.57,2.26,-41.8,-0.437,19.57,21.35,02a60201o0241c
60201.331421,-23.059,6.2,-2,13,c,0,0.66,282.18089,33.08094,5049.06,8591.23,2.56,2.24,-42.5,-0.437,19.55,21.34,02a60201o0256c
60201.343577,21.763,1.878,7,13,c,0,0.51,282.18089,33.08094,5071.49,8469.14,2.59,2.18,-46.3,-0.451,19.53,21.33,02a60201o0282c
60203.322202,-21.964,1.975,-6,12,c,0,0.9,282.18089,33.08094,8492.02,4411.09,2.52,2.48,54.5,-0.391,19.51,21.26,02a60203o0238c
60203.325374,22.324,2.6,4,11,c,0,1.11,282.18089,33.08094,8472.87,4373.67,2.45,2.42,76.4,-0.395,19.59,21.26,02a60203o0245c
60203.331944,21.945,1.595,6,10,c,0,1.44,282.18089,33.08094,8533.04,4453.51,2.47,2.43,59.1,-0.395,19.53,21.21,02a60203o0259c
60203.342388,21.253,1.012,11,12,c,0,0.86,282.18089,33.08094,8554.16,4336.37,2.44,2.39,86.2,-0.397,19.57,21.16,02a60203o0281c
60205.30543,-22.255,2.735,-5,12,c,0,0.91,282.18089,33.08094,951.87,8325.19,2.4,2.25,-27.2,-0.437,19.54,21.21,02a60205o0206c
60205.30864,-21.149,0.819,-13,10,c,0,1.21,282.18089,33.08094,933.51,8286.93,2.41,2.22,-40.1,-0.443,19.53,21.19,02a60205o0213c
60205.322556,-21.996,1.955,-6,11,c,0,1.19,282.18089,33.08094,994.86,8362.03,2.36,2.19,-37.7,-0.449,19.48,21.17,02a60205o0243c
60205.328034,-20.316,0.412,-27,11,c,0,0.77,282.18089,33.08094,1016.53,8243.5,2.37,2.22,-37.2,-0.446,19.49,21.15,02a60205o0255c
60207.32337,-22.202,2.324,-5,11,c,0,0.8,282.18089,33.08094,4609.77,4582.4,2.47,2.31,33.2,-0.408,19.52,21.2,02a60207o0248c
60207.326597,21.137,0.871,13,11,c,0,0.93,282.18089,33.08094,4590.89,4543.73,2.44,2.29,33.0,-0.406,19.53,21.19,02a60207o0255c
60207.333008,21.792,1.471,7,10,c,0,1.15,282.18089,33.08094,4650.89,4619.77,2.43,2.27,43.5,-0.411,19.55,21.14,02a60207o0269c
60207.342799,21.058,0.926,14,13,c,0,0.86,282.18089,33.08094,4670.68,4503.99,2.45,2.29,39.5,-0.407,19.42,20.95,02a60207o0290c
60209.318823,21.386,1.605,10,16,o,0,1.28,282.18089,33.08094,4216.06,597.31,2.36,2.15,-59.3,-0.445,19.12,20.1,02a60209o0151o
60209.329004,20.942,1.307,15,20,o,0,0.92,282.18089,33.08094,4198.51,557.5,2.96,2.74,-59.3,-0.397,18.93,20.15,02a60209o0173o
60209.33262,20.852,1.329,17,22,o,0,0.75,282.18089,33.08094,4260.06,634.67,3.01,2.83,-63.5,-0.387,18.91,20.17,02a60209o0181o
60209.343243,20.415,0.829,25,20,o,0,0.89,282.18089,33.08094,4284.87,516.0,3.0,2.79,-63.3,-0.404,18.86,20.2,02a60209o0204o
60211.319334,-21.124,1.327,-13,17,o,0,1.24,282.18089,33.08094,199.69,845.74,2.33,2.01,-57.2,-0.483,19.04,19.78,02a60211o0172o
60211.319785,23.29,14.75,2,26,o,0,0.92,282.18089,33.08094,10348.39,843.04,2.63,1.74,-55.2,-0.554,19.04,19.84,02a60211o0173o
60211.32252,21.962,2.837,6,17,o,0,1.03,282.18089,33.08094,179.74,806.58,2.46,2.09,-56.8,-0.468,18.99,19.77,02a60211o0179o
60211.322972,22.431,7.72,4,30,o,0,0.76,282.18089,33.08094,10329.42,803.43,2.79,1.87,-57.7,-0.511,19.03,19.83,02a60211o0180o
60211.32951,20.062,0.437,34,15,o,0,1.95,282.18089,33.08094,242.01,884.18,2.17,2.11,-88.2,-0.47,18.89,19.73,02a60211o0194o
60211.329962,-20.399,1.006,-25,25,o,0,1.21,282.18089,33.08094,10390.1,883.83,2.93,1.91,-54.9,-0.504,19.01,19.8,02a60211o0195o
60211.349189,-20.824,1.558,-17,26,o,0,0.83,282.18089,33.08094,266.01,763.23,3.01,2.79,-49.9,-0.437,18.63,19.68,02a60211o0237o
60211.349641,21.524,2.963,9,26,o,0,1.15,282.18089,33.08094,10414.97,765.69,2.73,2.08,-56.4,-0.513,18.85,19.76,02a60211o0238o
60211.996532,20.737,1.9,18,35,o,0,0.79,282.18089,33.08094,3938.23,4086.96,2.35,2.17,82.2,-0.408,18.48,19.12,04a60212o0036o
60211.999743,-20.798,1.948,-17,34,o,0,0.74,282.18089,33.08094,3960.7,4123.76,2.32,2.15,85.1,-0.416,18.48,19.15,04a60212o0043o
60212.00567,-20.172,1.268,-31,39,o,0,1.06,282.18089,33.08094,3906.88,4042.38,2.32,2.16,76.7,-0.41,18.24,18.83,04a60212o0056o
60212.021318,19.491,0.752,58,44,o,0,0.95,282.18089,33.08094,3901.78,4148.91,2.45,2.29,85.9,-0.404,18.13,18.72,04a60212o0090o
60213.300137,21.769,2.403,7,17,o,0,1.07,282.18089,33.08094,6608.5,6423.76,2.19,1.99,42.4,-0.451,19.01,19.68,02a60213o0203o
60213.303762,19.914,0.461,39,18,o,0,1.1,282.18089,33.08094,6590.74,6384.45,2.19,1.96,40.2,-0.45,19.1,19.67,02a60213o0211o
60213.310796,20.105,0.526,33,17,o,0,0.92,282.18089,33.08094,6651.07,6461.39,2.4,1.95,39.5,-0.444,19.05,19.65,02a60213o0226o
60213.328119,-21.419,1.756,-10,17,o,0,1.08,282.18089,33.08094,6675.13,6344.08,2.36,1.95,38.9,-0.431,18.97,19.54,02a60213o0263o
60215.285464,-19.662,0.491,-50,24,o,0,1.05,282.18089,33.08094,8218.44,2372.52,3.0,2.02,-84.8,-0.394,18.69,19.26,02a60215o0181o
60215.299367,-21.006,1.422,-14,20,o,0,1.43,282.18089,33.08094,8204.39,2332.7,2.16,1.95,-58.5,-0.421,18.75,19.23,02a60215o0211o
60215.302538,-21.012,1.282,-14,18,o,0,1.44,282.18089,33.08094,8264.92,2410.72,2.22,1.87,-59.4,-0.443,18.85,19.21,02a60215o0218o
60215.309322,21.974,3.15,6,19,o,0,1.11,282.18089,33.08094,8286.92,2295.62,2.03,1.85,-58.3,-0.446,18.88,19.19,02a60215o0233o
60217.310981,20.233,1.512,29,44,o,0,1.18,282.18089,33.08094,542.22,6288.68,2.42,2.34,16.7,-0.374,17.92,18.33,02a60217o0155o
60217.312338,20.431,1.926,24,47,o,0,0.78,282.18089,33.08094,10474.12,6302.43,2.86,2.54,-56.8,-0.399,18.2,18.77,02a60217o0158o
60217.314147,20.617,1.4,21,29,o,0,0.92,282.18089,33.08094,524.55,6249.55,2.37,2.31,-20.1,-0.388,18.47,18.97,02a60217o0162o
60217.315957,-21.919,5.308,-6,33,o,0,0.99,282.18089,33.08094,10455.74,6262.81,2.52,2.34,-44.8,-0.458,18.6,19.02,02a60217o0166o
60217.321133,-25.184,127.0,0,39,o,0,0.78,282.18089,33.08094,585.27,6324.96,2.4,2.3,5.7,-0.39,18.18,18.63,02a60217o0177o
60217.323415,-18.375,0.521,-162,84,o,0,0.47,282.18089,33.08094,10516.82,6342.03,2.91,2.55,-53.9,-0.416,18.28,18.81,02a60217o0182o
60217.340175,19.486,0.679,58,40,o,0,1.37,282.18089,33.08094,608.12,6208.23,2.48,2.36,28.0,-0.396,17.84,18.47,02a60217o0218o
60217.995601,22.943,11.8,2,28,o,0,0.58,282.18089,33.08094,8248.46,7809.65,3.01,2.77,-28.5,-0.367,18.56,19.88,04a60218o0050o
60218.001045,-21.554,2.2,-9,19,o,0,1.03,282.18089,33.08094,8272.96,7844.91,2.85,2.62,-31.3,-0.365,18.75,20.12,04a60218o0062o
60218.004685,-20.284,0.624,-28,17,o,0,1.22,282.18089,33.08094,8214.33,7767.0,2.77,2.55,-36.5,-0.392,18.78,20.15,04a60218o0070o
60218.024011,-19.472,0.471,-59,28,o,0,0.82,282.18089,33.08094,8207.23,7874.67,2.7,2.48,-33.0,-0.389,18.43,19.37,04a60218o0112o
60219.331666,-19.757,0.555,-45,25,o,0,1.28,282.18089,33.08094,2316.83,2659.46,2.82,2.61,44.2,-0.408,18.67,19.5,02a60219o0280o
60219.341777,21.863,2.957,6,19,o,0,1.33,282.18089,33.08094,2299.61,2621.11,2.33,2.25,50.2,-0.429,18.76,19.4,02a60219o0301o
60219.352031,-21.114,1.527,-13,20,o,0,1.1,282.18089,33.08094,2362.61,2695.57,2.18,1.94,39.8,-0.44,18.78,19.28,02a60219o0323o
60219.361782,21.937,3.439,6,21,o,0,1.23,282.18089,33.08094,2385.45,2578.2,1.95,1.93,-53.5,-0.456,18.82,19.19,02a60219o0344o
60221.354565,21.151,1.525,13,19,o,0,1.02,282.18089,33.08094,6918.56,8459.36,2.2,2.09,40.1,-0.444,19.11,19.81,02a60221o0191o
60221.357759,-20.906,1.046,-16,16,o,0,1.23,282.18089,33.08094,6901.43,8418.26,2.13,2.08,38.2,-0.447,19.11,19.81,02a60221o0198o
60221.365135,-21.603,2.227,-8,18,o,0,0.99,282.18089,33.08094,6959.5,8498.55,2.26,2.05,37.8,-0.438,19.04,19.73,02a60221o0213o
60221.37834,21.065,1.524,14,21,o,0,0.87,282.18089,33.08094,6983.66,8380.43,2.18,2.15,-34.2,-0.433,18.96,19.64,02a60221o0241o
60223.309108,20.203,0.462,30,14,c,0,0.86,282.18089,33.08094,8827.68,8397.08,2.68,2.62,2.5,-0.401,19.46,21.01,02a60223o0242c
60223.324475,-21.517,1.64,-9,15,c,0,0.67,282.18089,33.08094,8812.39,8357.35,2.71,2.64,-21.9,-0.395,19.42,20.96,02a60223o0275c
60223.331785,-21.168,1.101,-12,14,c,0,0.99,282.18089,33.08094,8870.14,8436.45,2.69,2.63,-28.0,-0.4,19.39,20.9,02a60223o0291c
60223.335054,21.228,1.21,12,14,c,0,0.91,282.18089,33.08094,8890.48,8320.5,2.76,2.71,-23.5,-0.392,19.36,20.9,02a60223o0298c
60225.260931,20.845,0.68,17,11,c,0,1.01,282.18089,33.08094,8529.02,6347.91,2.67,2.59,38.5,-0.398,19.44,21.09,02a60225o0135c
60225.264555,21.101,1.049,13,14,c,0,0.68,282.18089,33.08094,8510.3,6308.6,2.6,2.54,40.2,-0.405,19.5,21.08,02a60225o0143c
60225.270755,21.916,1.9,6,12,c,0,0.75,282.18089,33.08094,8568.47,6388.66,2.58,2.48,38.7,-0.405,19.5,21.05,02a60225o0156c
60225.281045,24.407,20.25,1,13,c,0,0.79,282.18089,33.08094,8588.77,6272.47,2.58,2.48,40.7,-0.407,19.51,21.0,02a60225o0178c
60227.270344,-21.033,1.023,-14,14,c,0,0.81,282.18089,33.08094,6222.12,492.09,2.59,2.23,-64.1,-0.419,19.32,20.85,02a60227o0158c
60227.273534,21.179,1.84,12,23,c,0,1.06,282.18089,33.08094,6202.8,452.8,2.65,2.27,-64.7,-0.414,18.8,20.22,02a60227o0165c
60227.279884,21.08,1.536,13,21,c,0,0.89,282.18089,33.08094,6264.4,532.98,2.64,2.28,-63.7,-0.419,19.08,20.68,02a60227o0179c
60227.300183,-21.128,1.056,-13,14,c,0,1.02,282.18089,33.08094,6287.79,413.46,2.57,2.21,-65.3,-0.417,19.44,21.01,02a60227o0223c
60229.261502,-20.979,1.69,-15,25,c,0,1.09,282.18089,33.08094,6553.3,4486.09,2.39,2.3,34.8,-0.397,18.67,20.03,02a60229o0141c
60229.264664,-20.092,1.021,-33,34,c,0,1.06,282.18089,33.08094,6535.98,4447.4,2.39,2.33,43.2,-0.399,18.53,19.97,02a60229o0148c
60229.279887,-20.597,0.588,-21,12,c,0,0.65,282.18089,33.08094,6595.97,4524.03,2.42,2.39,35.0,-0.401,19.41,20.93,02a60229o0181c
60229.285325,-21.779,1.902,-7,13,c,0,0.59,282.18089,33.08094,6617.6,4407.67,2.38,2.36,44.5,-0.399,19.43,20.91,02a60229o0193c
60230.225537,-20.361,0.345,-26,9,c,0,1.29,282.18089,33.08094,4269.32,2542.56,2.31,2.28,88.5,-0.419,19.53,21.06,02a60230o0066c
60230.228936,-22.231,2.03,-5,9,c,0,1.11,282.18089,33.08094,4249.78,2501.88,2.44,2.36,-75.0,-0.408,19.47,21.05,02a60230o0073c
60230.235509,-21.975,1.933,-6,11,c,0,0.67,282.18089,33.08094,4311.06,2579.77,2.33,2.28,79.6,-0.412,19.52,21.05,02a60230o0087c
60230.251236,21.097,0.66,13,9,c,0,1.7,282.18089,33.08094,4333.93,2461.99,2.38,2.32,67.9,-0.41,19.48,21.04,02a60230o0120c
60231.262558,-22.431,2.69,-4,10,c,0,1.27,282.18089,33.08094,4272.0,2541.78,2.35,2.28,81.8,-0.415,19.49,20.95,02a60231o0145c
60231.265745,-20.461,0.421,-24,10,c,0,1.19,282.18089,33.08094,4252.53,2502.83,2.31,2.25,82.6,-0.413,19.47,20.98,02a60231o0152c
60231.272255,21.894,1.702,6,11,c,0,1.2,282.18089,33.08094,4311.35,2581.22,2.35,2.29,80.3,-0.418,19.47,20.96,02a60231o0166c
60231.282511,-22.233,2.529,-5,12,c,0,0.77,282.18089,33.08094,4332.0,2461.03,2.35,2.29,-79.5,-0.417,19.42,20.95,02a60231o0188c
60233.275036,-21.032,0.796,-14,11,c,0,1.19,282.18089,33.08094,6246.27,2441.86,2.45,2.36,-72.2,-0.396,19.44,21.07,02a60233o0179c
60233.278216,-21.987,2.048,-6,12,c,0,0.8,282.18089,33.08094,6226.56,2402.82,2.4,2.32,-80.4,-0.399,19.47,21.06,02a60233o0186c
60233.285522,-22.87,3.778,-3,10,c,0,1.19,282.18089,33.08094,6286.16,2483.27,2.44,2.35,-71.9,-0.4,19.44,21.06,02a60233o0202c
60233.295422,21.158,0.86,12,11,c,0,1.29,282.18089,33.08094,6306.2,2364.74,2.45,2.34,-68.3,-0.397,19.43,21.01,02a60233o0223c
60235.269953,-21.364,1.169,-10,12,c,0,0.78,282.18089,33.08094,4689.96,6506.41,2.41,2.23,33.6,-0.411,19.52,21.09,02a60235o0169c
60235.273123,21.501,1.313,9,12,c,0,1.12,282.18089,33.08094,4671.24,6467.35,2.41,2.25,31.1,-0.41,19.5,21.07,02a60235o0176c
60235.279466,21.374,1.053,10,11,c,0,1.14,282.18089,33.08094,4730.84,6544.22,2.42,2.25,30.9,-0.408,19.47,21.04,02a60235o0190c
60235.298361,21.242,1.038,12,12,c,0,1.03,282.18089,33.08094,4752.63,6428.94,2.47,2.3,32.2,-0.405,19.43,20.98,02a60235o0231c
60237.277667,21.452,1.534,10,15,o,0,1.43,282.18089,33.08094,2226.8,701.09,2.35,2.09,-57.8,-0.441,19.16,20.19,02a60237o0192o
60237.280845,20.759,0.78,18,14,o,0,1.17,282.18089,33.08094,2206.85,662.09,2.14,1.84,-55.8,-0.483,19.27,20.18,02a60237o0199o
60237.290624,20.846,0.984,17,16,o,0,0.9,282.18089,33.08094,2270.17,740.02,2.37,2.09,-56.1,-0.45,19.13,20.13,02a60237o0220o
60237.300822,-23.725,10.3,-1,12,o,0,1.89,282.18089,33.08094,2291.99,620.84,2.21,1.91,-57.2,-0.469,19.2,20.09,02a60237o0242o
60239.262144,21.176,1.492,12,18,o,0,0.68,282.18089,33.08094,538.26,4343.89,2.05,1.9,-55.1,-0.428,19.12,19.82,02a60239o0098o
60239.262596,-20.859,1.278,-16,21,o,0,0.92,282.18089,33.08094,10467.5,4356.9,2.49,1.87,-56.4,-0.491,19.16,19.89,02a60239o0099o
60239.265519,22.247,3.952,5,18,o,0,0.59,282.18089,33.08094,518.85,4305.74,2.1,2.01,-58.7,-0.417,19.12,19.81,02a60239o0105o
60239.265971,20.987,1.218,15,18,o,0,1.05,282.18089,33.08094,10448.48,4317.49,2.49,1.93,-54.6,-0.482,19.11,19.88,02a60239o0106o
60239.271587,-20.809,1.058,-17,18,o,0,0.7,282.18089,33.08094,579.31,4381.06,2.08,2.05,-63.4,-0.421,19.08,19.82,02a60239o0118o
60239.272039,-20.502,1.121,-23,26,o,0,1.05,282.18089,33.08094,10509.25,4396.86,2.54,1.97,-56.1,-0.475,19.13,19.89,02a60239o0119o
60241.252908,-20.716,1.296,-19,24,o,0,0.72,282.18089,33.08094,8217.95,407.08,2.35,1.67,-56.0,-0.494,19.0,19.65,02a60241o0141o
60241.256073,21.271,1.563,11,18,o,0,1.7,282.18089,33.08094,8199.44,366.81,2.33,1.65,-56.7,-0.495,19.0,19.64,02a60241o0148o
60241.261566,-21.042,1.307,-14,18,o,0,1.88,282.18089,33.08094,8259.54,446.71,2.32,1.65,-54.9,-0.499,19.05,19.62,02a60241o0160o
60241.26247,-18.893,0.606,-101,61,o,0,0.45,282.18089,33.08094,4686.72,10519.84,2.29,1.95,-48.8,-0.403,19.0,19.57,02a60241o0162o
60241.27154,21.902,4.944,6,31,o,0,0.75,282.18089,33.08094,8283.54,327.96,2.42,1.69,-54.8,-0.49,18.98,19.56,02a60241o0182o
60245.24706,24.166,29.0,1,23,o,0,1.52,282.18089,33.08094,6163.15,6471.81,2.23,1.88,36.0,-0.443,18.74,19.05,02a60245o0133o
60245.250696,-20.708,1.255,-19,24,o,0,1.12,282.18089,33.08094,6144.76,6432.81,2.3,1.93,37.0,-0.439,18.67,19.03,02a60245o0141o
60245.260549,21.679,3.985,8,31,o,0,0.71,282.18089,33.08094,6205.7,6512.26,2.24,1.9,38.4,-0.444,18.66,18.95,02a60245o0162o
60245.268215,-21.058,1.737,-14,24,o,0,1.43,282.18089,33.08094,6226.27,6396.75,2.31,1.89,39.4,-0.434,18.61,18.88,02a60245o0178o
60247.233545,-20.559,1.011,-22,22,o,0,0.96,282.18089,33.08094,6264.83,8417.02,2.15,2.13,-61.5,-0.442,18.93,19.47,02a60247o0106o
60247.237163,-21.823,3.764,-7,26,o,0,1.0,282.18089,33.08094,6246.17,8377.98,2.17,2.12,27.7,-0.442,18.89,19.41,02a60247o0114o
60247.253785,20.866,1.797,16,29,o,0,1.47,282.18089,33.08094,6308.52,8456.09,2.28,2.18,35.0,-0.438,18.78,19.27,02a60247o0150o
60247.260298,20.767,1.859,18,33,o,0,1.05,282.18089,33.08094,6330.8,8335.97,2.19,2.13,25.4,-0.448,18.74,19.23,02a60247o0164o
60248.204017,-22.598,5.852,-3,19,o,0,0.68,282.18089,33.08094,3835.71,4543.8,2.29,2.02,30.2,-0.45,19.09,19.91,02a60248o0043o
60248.209254,23.613,12.917,1,17,o,0,0.89,282.18089,33.08094,3816.0,4509.01,2.16,1.86,32.2,-0.461,19.25,20.09,02a60248o0054o
60248.212115,-20.197,0.477,-30,14,o,0,1.56,282.18089,33.08094,3876.97,4586.58,2.19,1.88,35.2,-0.45,19.26,20.13,02a60248o0060o
60248.22403,-21.168,0.897,-12,11,o,0,1.93,282.18089,33.08094,3895.94,4469.34,2.09,1.88,34.4,-0.455,19.23,20.12,02a60248o0085o
60249.276414,21.935,4.288,6,26,o,0,0.57,282.18089,33.08094,6473.83,10038.58,2.15,1.99,-58.7,-0.453,19.04,19.62,02a60249o0091o
60249.279743,19.839,0.414,42,18,o,0,1.0,282.18089,33.08094,6527.85,10115.97,2.11,2.02,-56.6,-0.442,18.99,19.56,02a60249o0098o
60249.286699,-20.062,0.587,-34,20,o,0,1.09,282.18089,33.08094,8859.57,9256.88,2.29,2.03,-54.6,-0.439,18.91,19.49,02a60249o0108o
60251.261492,-21.189,1.2,-12,15,c,0,1.04,282.18089,33.08094,5144.55,8562.65,2.45,2.35,-27.0,-0.414,19.28,20.62,02a60251o0163c
60251.265284,22.263,3.31,4,15,c,0,0.93,282.18089,33.08094,5127.02,8523.41,2.44,2.41,-10.6,-0.412,19.27,20.58,02a60251o0171c
60251.272272,-21.358,1.585,-10,16,c,0,0.68,282.18089,33.08094,5187.88,8602.12,2.41,2.33,-18.7,-0.417,19.21,20.44,02a60251o0186c
60251.282866,-20.795,0.964,-18,17,c,0,0.79,282.18089,33.08094,5210.42,8485.73,2.46,2.38,-31.9,-0.421,19.2,20.52,02a60251o0209c
60253.226605,-21.067,0.957,-14,13,c,0,0.97,282.18089,33.08094,8637.84,4433.64,2.47,2.38,-54.2,-0.401,19.39,20.78,02a60253o0089c
60253.230828,-23.853,13.429,-1,14,c,0,0.74,282.18089,33.08094,8618.21,4395.26,2.49,2.42,-51.2,-0.397,19.39,20.76,02a60253o0098c
60253.23701,-22.518,3.565,-4,13,c,0,0.95,282.18089,33.08094,8678.36,4473.05,2.56,2.43,-51.8,-0.396,19.36,20.74,02a60253o0111c
60253.247865,-21.06,0.942,-14,13,c,0,0.96,282.18089,33.08094,8700.01,4357.18,2.6,2.43,-52.6,-0.394,19.34,20.7,02a60253o0133c
60255.257245,-21.732,2.633,-7,19,c,0,0.89,282.18089,33.08094,1105.92,8338.68,3.15,3.0,-42.4,-0.403,18.91,20.48,02a60255o0085c
60255.261024,-21.847,2.84,-7,19,c,0,0.98,282.18089,33.08094,1088.7,8299.7,3.26,3.13,-61.4,-0.401,18.84,20.46,02a60255o0093c
60255.266787,-22.545,5.0,-4,17,c,0,1.03,282.18089,33.08094,1147.35,8374.86,2.96,2.79,-52.8,-0.412,18.81,20.41,02a60255o0105c
60255.277567,-20.847,1.242,-17,21,c,0,1.19,282.18089,33.08094,1171.35,8258.33,3.29,3.07,-44.6,-0.395,18.75,20.35,02a60255o0128c
60257.221813,21.56,1.538,9,13,c,0,0.99,282.18089,33.08094,1244.04,2844.21,2.65,2.48,-66.1,-0.405,19.27,20.74,02a60257o0075c
60257.227404,-21.783,1.925,-7,14,c,0,0.87,282.18089,33.08094,1223.66,2806.49,2.72,2.57,-67.6,-0.401,19.26,20.73,02a60257o0087c
60257.230297,21.284,1.171,11,13,c,0,1.08,282.18089,33.08094,1283.11,2880.97,2.56,2.42,-65.6,-0.415,19.3,20.72,02a60257o0093c
60257.240452,-23.173,6.538,-2,13,c,0,0.96,282.18089,33.08094,1302.55,2763.32,2.48,2.33,-66.5,-0.417,19.3,20.72,02a60257o0115c
60259.246397,-21.473,1.518,-9,14,c,0,0.84,282.18089,33.08094,7437.6,2229.94,2.65,2.48,-58.0,-0.386,19.31,20.9,02a60259o0062c
60259.249572,-23.717,11.833,-1,14,c,0,0.89,282.18089,33.08094,7415.69,2190.21,2.89,2.7,-55.3,-0.376,19.26,20.87,02a60259o0069c
60259.255304,22.451,3.19,4,12,c,0,1.59,282.18089,33.08094,7477.66,2270.03,2.75,2.54,-56.0,-0.385,19.24,20.84,02a60259o0081c
60259.265469,-23.742,13.333,-1,15,c,0,0.89,282.18089,33.08094,7500.92,2152.59,2.83,2.61,-56.8,-0.379,19.16,20.79,02a60259o0103c
60260.193974,20.121,0.679,32,22,c,0,1.11,282.18089,33.08094,3441.86,2427.59,2.64,2.4,-63.5,-0.391,18.62,19.5,02a60260o0024c
60260.196792,21.152,1.675,13,21,c,0,0.75,282.18089,33.08094,3424.79,2386.65,2.63,2.4,-63.2,-0.4,18.98,20.08,02a60260o0030c
60260.206762,20.459,0.608,24,14,c,0,0.8,282.18089,33.08094,3485.97,2462.29,2.53,2.36,-64.5,-0.409,19.39,20.84,02a60260o0051c
60260.212687,22.151,2.686,5,13,c,0,0.73,282.18089,33.08094,3506.86,2344.69,2.46,2.31,-68.6,-0.404,19.36,20.87,02a60260o0063c
60261.210114,22.001,2.571,6,15,c,0,0.86,282.18089,33.08094,3440.38,2420.32,2.81,2.71,-69.7,-0.383,19.14,20.7,02a60261o0058c
60261.242809,-20.64,0.718,-20,14,c,0,1.18,282.18089,33.08094,3428.43,2381.65,3.11,3.0,89.4,-0.382,19.06,20.82,02a60261o0127c
60261.246141,-23.372,11.286,-2,18,c,0,0.76,282.18089,33.08094,3488.13,2457.51,2.97,2.93,-53.9,-0.385,19.05,20.7,02a60261o0134c
60261.264039,-21.302,2.029,-11,22,c,0,0.87,282.18089,33.08094,3518.02,2343.4,3.33,3.18,-61.3,-0.375,18.74,20.45,02a60261o0170c
60263.221578,18.714,0.74,119,88,c,0,1.33,282.18089,33.08094,9831.14,8101.02,5.7,5.49,-62.3,-0.351,16.91,19.0,02a60263o0085c
60263.224742,19.446,2.867,60,173,c,0,0.96,282.18089,33.08094,9813.17,8059.01,5.45,5.27,-80.3,-0.374,16.41,18.21,02a60263o0092c
60263.230354,21.242,2.966,12,34,c,0,0.95,282.18089,33.08094,9874.46,8140.43,3.16,3.03,-36.9,-0.386,18.47,19.86,02a60263o0104c
60263.240682,-20.808,4.95,-17,85,c,0,0.99,282.18089,33.08094,9896.99,8023.41,3.95,3.86,-56.0,-0.344,17.78,19.39,02a60263o0126c
60265.21381,20.423,0.651,25,16,c,0,0.81,282.18089,33.08094,7930.75,2191.66,2.81,2.58,-61.2,-0.385,19.1,20.62,02a60265o0064c
60265.217595,22.226,3.167,5,15,c,0,0.84,282.18089,33.08094,7911.52,2151.91,2.86,2.6,-57.9,-0.379,19.07,20.62,02a60265o0072c
60265.223191,20.741,0.863,18,16,c,0,0.88,282.18089,33.08094,7970.86,2229.7,2.78,2.51,-57.9,-0.392,19.2,20.72,02a60265o0084c
60265.233046,22.845,5.333,3,14,c,0,1.45,282.18089,33.08094,7995.97,2111.63,2.71,2.43,-58.7,-0.399,19.15,20.61,02a60265o0105c
60266.192698,20.796,2.051,17,36,o,0,0.89,282.18089,33.08094,10187.99,6126.97,2.5,2.14,-59.8,-0.475,18.41,18.69,02a60266o0026o
60266.198319,22.83,9.167,3,25,o,0,0.97,282.18089,33.08094,10169.51,6084.75,2.53,2.09,-62.0,-0.483,18.93,19.53,02a60266o0038o
60266.220505,-21.024,1.39,-14,20,o,0,1.15,282.18089,33.08094,10223.47,6158.43,2.42,2.03,-61.5,-0.492,19.09,19.79,02a60266o0084o
60266.227656,-20.251,0.711,-29,20,o,0,0.92,282.18089,33.08094,10245.46,6043.92,2.49,2.04,-64.3,-0.486,19.08,19.81,02a60266o0099o
60267.21399,19.972,0.384,37,14,o,0,1.18,282.18089,33.08094,255.65,6129.17,2.07,2.04,-36.2,-0.386,19.03,19.67,02a60267o0066o
60267.214442,-20.28,0.725,-28,20,o,0,0.88,282.18089,33.08094,10185.24,6127.92,2.51,2.02,-60.2,-0.488,19.1,19.76,02a60267o0067o
60267.217264,21.043,1.145,14,16,o,0,1.32,282.18089,33.08094,238.29,6088.29,2.05,1.92,-56.6,-0.388,19.04,19.67,02a60267o0073o
60267.217716,20.549,1.087,22,24,o,0,0.63,282.18089,33.08094,10166.09,6087.16,2.37,2.03,-56.9,-0.481,19.06,19.77,02a60267o0074o
60267.223376,20.536,0.957,22,21,o,0,0.63,282.18089,33.08094,297.81,6164.33,2.15,1.88,-57.7,-0.406,19.0,19.64,02a60267o0086o
60267.223828,21.925,3.023,6,19,o,0,1.29,282.18089,33.08094,10225.44,6166.7,2.46,2.03,-58.1,-0.487,19.08,19.75,02a60267o0087o
60267.238553,24.27,25.0,1,18,o,0,1.03,282.18089,33.08094,323.0,6044.78,2.12,1.77,-58.0,-0.419,18.99,19.52,02a60267o0119o
60267.239458,-20.325,0.8,-27,22,o,0,0.96,282.18089,33.08094,10248.88,6049.01,2.58,1.98,-59.6,-0.488,19.0,19.63,02a60267o0121o
60269.243042,18.489,1.275,146,186,o,0,1.13,282.18089,33.08094,2030.34,2491.86,2.76,2.62,-53.1,-0.423,16.24,16.68,02a60269o0003o
60273.235756,-20.13,1.074,-32,35,o,0,1.71,282.18089,33.08094,8532.3,8220.52,2.43,2.37,11.2,-0.427,18.57,19.02,02a60273o0116o
60273.238925,-20.111,1.361,-33,45,o,0,0.79,282.18089,33.08094,8513.14,8181.39,2.43,2.32,-51.6,-0.438,18.59,19.0,02a60273o0123o
60273.246943,20.035,1.422,35,50,o,0,1.06,282.18089,33.08094,8573.15,8262.5,2.44,2.28,-55.3,-0.437,18.55,18.93,02a60273o0140o
60273.256863,-20.731,2.771,-18,51,o,0,1.24,282.18089,33.08094,8591.61,8142.27,2.46,2.19,-55.8,-0.447,18.45,18.82,02a60273o0161o
60274.197307,20.452,2.241,24,54,o,0,0.88,282.18089,33.08094,7221.73,242.51,2.64,2.42,81.5,-0.437,17.91,17.92,01a60274o0030o
60274.203515,20.012,0.932,36,34,o,0,1.02,282.18089,33.08094,7247.69,303.71,2.48,2.43,61.3,-0.451,18.43,18.73,01a60274o0043o
60274.204505,-20.088,1.008,-34,34,o,0,0.78,282.18089,33.08094,3593.43,10482.03,2.64,2.43,86.9,-0.398,18.48,18.75,01a60274o0045o
60274.206353,20.532,1.173,22,26,o,0,1.22,282.18089,33.08094,7198.12,236.79,2.59,2.3,-80.5,-0.474,18.55,18.84,01a60274o0049o
60274.212678,-21.857,3.647,-7,24,o,0,0.97,282.18089,33.08094,3566.56,10471.58,2.66,2.34,72.5,-0.396,18.58,18.98,01a60274o0062o
60274.217907,21.697,3.702,8,28,o,0,0.88,282.18089,33.08094,7193.78,396.05,2.53,2.33,-86.4,-0.469,18.57,18.86,01a60274o0073o
60277.197369,20.7,3.014,19,57,o,0,2.41,282.18089,33.08094,2431.69,10521.93,2.42,1.99,-57.1,-0.471,18.58,19.1,02a60277o0038o
60277.198866,-20.144,0.925,-32,29,o,0,0.76,282.18089,33.08094,5934.64,325.03,2.48,2.02,-61.0,-0.459,18.72,19.42,02a60277o0041o
60277.202639,-22.528,6.7,-4,24,o,0,0.95,282.18089,33.08094,5911.99,285.93,2.27,1.82,-63.6,-0.479,18.92,19.65,02a60277o0049o
60277.208691,20.279,0.852,28,24,o,0,0.92,282.18089,33.08094,5973.46,363.59,2.4,1.88,-59.9,-0.471,18.9,19.6,02a60277o0062o
60277.21432,-21.607,4.277,-8,35,o,0,0.71,282.18089,33.08094,2510.96,10478.94,2.35,1.87,-58.2,-0.469,18.77,19.34,02a60277o0074o
60277.219469,-19.493,0.507,-58,29,o,0,0.72,282.18089,33.08094,5993.46,244.36,2.43,1.83,-58.3,-0.483,18.73,19.31,02a60277o0085o
60281.198326,23.186,10.583,2,20,c,0,1.01,282.18089,33.08094,4000.35,2376.13,2.51,2.41,-64.4,-0.402,18.75,19.84,02a60281o0034c
60281.201194,22.516,4.636,4,17,c,0,1.0,282.18089,33.08094,3980.36,2336.69,2.5,2.44,89.1,-0.401,18.96,20.16,02a60281o0040c
60281.20646,21.556,1.72,9,15,c,0,1.0,282.18089,33.08094,4040.08,2413.71,2.59,2.48,-75.9,-0.399,19.06,20.4,02a60281o0051c
60281.220433,-20.119,0.495,-32,16,c,0,0.87,282.18089,33.08094,4065.82,2297.47,2.58,2.41,-62.3,-0.399,19.05,20.38,02a60281o0081c
60283.198615,21.102,1.788,13,24,c,0,0.72,282.18089,33.08094,5969.77,2276.73,2.49,2.36,-66.8,-0.39,18.75,19.79,02a60283o0035c
60283.201469,-23.493,12.889,-2,19,c,0,0.82,282.18089,33.08094,5950.7,2237.34,2.54,2.4,-64.3,-0.387,18.97,20.14,02a60283o0041c
60283.20673,-22.409,3.913,-4,16,c,0,1.19,282.18089,33.08094,6010.64,2315.19,2.61,2.45,-65.2,-0.386,19.1,20.4,02a60283o0052c
60283.218045,-20.275,0.572,-28,16,c,0,1.09,282.18089,33.08094,6035.62,2198.88,2.64,2.43,-55.3,-0.386,19.08,20.41,02a60283o0076c
60285.194111,-20.025,1.545,-36,55,c,0,0.79,282.18089,33.08094,4394.03,6341.9,2.78,2.72,38.0,-0.398,17.82,18.69,02a60285o0026c
60285.197275,22.077,5.56,5,30,c,0,0.96,282.18089,33.08094,4372.11,6301.8,2.89,2.78,-67.6,-0.394,18.35,19.45,02a60285o0033c
60285.204835,-25.595,81.0,0,17,c,0,1.32,282.18089,33.08094,4421.14,6377.98,2.86,2.67,-57.6,-0.404,18.95,20.41,02a60285o0049c
60285.217174,-21.383,1.75,-10,18,c,0,0.89,282.18089,33.08094,4432.26,6257.88,2.71,2.51,-53.3,-0.41,19.05,20.52,02a60285o0075c
60287.196141,18.402,0.484,158,77,c,0,1.14,282.18089,33.08094,1914.06,528.93,2.74,2.2,-58.5,-0.416,17.81,18.82,02a60287o0026c
60287.198987,20.794,1.514,18,26,c,0,1.1,282.18089,33.08094,1891.1,489.83,2.79,2.17,-55.1,-0.423,18.08,19.05,02a60287o0032c
60287.204787,20.118,0.887,33,29,c,0,0.65,282.18089,33.08094,1943.8,569.51,2.79,2.18,-55.9,-0.427,18.3,19.57,02a60287o0044c
60287.214787,21.368,1.577,10,16,c,0,0.9,282.18089,33.08094,1953.54,448.86,2.94,2.28,-55.5,-0.419,19.06,20.38,02a60287o0065c
60289.195702,20.362,1.14,26,30,c,0,1.99,282.18089,33.08094,10166.19,4176.16,2.74,2.34,-47.3,-0.436,18.27,19.08,02a60289o0024c
60289.198546,19.824,0.746,43,32,c,0,0.82,282.18089,33.08094,10143.29,4136.88,2.78,2.33,-47.8,-0.43,18.56,19.53,02a60289o0030c
60289.206419,-20.647,1.157,-20,23,c,0,0.88,282.18089,33.08094,10195.31,4211.74,3.0,2.4,-51.7,-0.433,18.85,19.92,02a60289o0047c
60290.196877,-20.554,2.64,-22,58,c,0,1.1,282.18089,33.08094,7924.62,230.99,3.4,2.62,-55.9,-0.44,18.18,19.24,02a60290o0026c
60290.199731,19.118,0.536,82,44,c,0,0.73,282.18089,33.08094,7902.36,191.37,3.77,2.95,-55.8,-0.419,18.44,19.75,02a60290o0032c
60290.207123,23.148,17.833,2,36,c,0,0.78,282.18089,33.08094,7956.29,271.52,3.87,3.0,-54.1,-0.411,18.77,20.3,02a60290o0048c
60290.217375,-23.199,16.5,-2,32,c,0,0.86,282.18089,33.08094,7965.22,154.83,3.78,2.9,-54.8,-0.408,18.83,20.34,02a60290o0070c
60339.643186,-20.237,0.768,-29,22,o,0,0.8,282.18089,33.08094,605.07,4336.16,2.9,2.62,32.5,-0.347,18.84,19.69,01a60339o0895o
60339.65327,20.241,0.699,29,20,o,0,1.18,282.18089,33.08094,588.04,4297.35,3.02,2.71,30.7,-0.353,18.86,19.73,01a60339o0916o
60339.658977,20.886,1.66,16,27,o,0,0.52,282.18089,33.08094,647.25,4372.39,2.87,2.71,36.8,-0.359,18.79,19.59,01a60339o0928o
60339.669393,18.506,0.424,144,61,o,0,0.98,282.18089,33.08094,669.18,4261.86,3.05,2.76,32.8,-0.344,17.7,17.71,01a60339o0946o
60341.640763,-20.976,1.313,-15,19,o,0,1.07,282.18089,33.08094,8319.67,447.01,2.93,2.86,4.2,-0.418,18.76,19.92,01a60341o0910o
60341.655939,-20.672,0.916,-20,18,o,0,1.24,282.18089,33.08094,8302.91,396.84,2.81,2.66,-40.3,-0.418,18.86,19.9,01a60341o0941o
60341.663921,19.803,0.7,44,30,o,0,1.16,282.18089,33.08094,8364.66,476.18,3.25,3.08,-37.8,-0.409,18.27,19.06,01a60341o0957o
60341.67099,-18.875,0.895,-102,92,o,0,0.94,282.18089,33.08094,8385.87,358.34,2.88,2.79,-56.9,-0.431,17.2,17.13,01a60341o0971o
60344.638017,-21.231,2.029,-12,24,o,0,0.92,282.18089,33.08094,2731.36,4694.42,2.75,2.55,26.3,-0.417,18.72,20.45,01a60344o0909o
60344.653641,20.734,1.175,18,22,o,0,1.26,282.18089,33.08094,2715.55,4655.23,2.72,2.54,30.9,-0.427,18.74,20.43,01a60344o0942o
60344.65919,-19.619,0.493,-52,25,o,0,1.05,282.18089,33.08094,2774.39,4729.8,2.87,2.69,0.4,-0.42,18.55,20.1,01a60344o0954o
60344.6681,20.24,2.071,29,60,o,0,0.9,282.18089,33.08094,2795.54,4613.26,2.61,2.38,2.7,-0.465,17.75,18.19,01a60344o0972o
60345.618344,20.42,0.848,25,21,o,0,1.16,282.18089,33.08094,7878.1,5843.57,2.7,2.53,8.0,-0.408,18.83,19.87,02a60345o0875o
60345.621575,-20.75,1.13,-18,21,o,0,0.91,282.18089,33.08094,7899.73,5883.15,2.49,2.4,-11.3,-0.403,18.93,19.92,02a60345o0882o
60345.625265,20.165,0.661,31,21,o,0,0.98,282.18089,33.08094,7841.95,5806.5,2.63,2.49,8.0,-0.395,18.92,19.98,02a60345o0890o
60345.647015,-21.909,2.968,-6,19,o,0,1.15,282.18089,33.08094,7831.51,5923.09,2.95,2.6,-2.3,-0.378,18.89,20.19,02a60345o0935o
60346.644161,21.657,2.641,8,21,o,0,0.59,282.18089,33.08094,7790.61,3909.96,2.9,2.65,9.7,-0.376,18.98,20.38,02a60346o0911o
60346.649679,-23.455,10.125,-2,15,o,0,1.29,282.18089,33.08094,7810.99,3946.96,2.97,2.44,4.0,-0.372,19.02,20.41,02a60346o0923o
60346.654048,21.301,1.235,11,14,o,0,1.8,282.18089,33.08094,7755.18,3872.09,2.63,2.32,-4.0,-0.384,19.11,20.39,02a60346o0932o
60346.672722,-19.85,1.778,-42,74,o,0,0.87,282.18089,33.08094,7740.78,3988.02,2.85,2.42,3.1,-0.353,17.42,17.56,02a60346o0972o
60349.617536,-20.38,0.697,-26,18,c,0,0.99,282.18089,33.08094,10226.19,7736.19,3.24,3.14,-31.2,-0.372,19.13,20.93,02a60349o0868c
60349.621201,-20.658,0.938,-20,19,c,0,1.08,282.18089,33.08094,10248.01,7775.13,3.46,3.22,-49.9,-0.367,19.07,20.92,02a60349o0876c
60349.627126,-21.516,1.771,-9,16,c,0,0.91,282.18089,33.08094,10187.22,7699.59,3.08,2.97,-22.5,-0.394,19.17,20.98,02a60349o0889c
60349.630941,21.585,1.413,8,12,c,0,1.66,282.18089,33.08094,114.28,7756.64,2.69,2.48,-53.5,-0.374,19.14,20.82,02a60349o0897c
60349.635066,-20.122,0.453,-32,15,c,0,0.71,282.18089,33.08094,134.71,7795.57,2.46,2.23,-43.4,-0.398,19.24,20.85,02a60349o0906c
60349.63966,-21.364,1.542,-10,16,c,0,0.84,282.18089,33.08094,10174.4,7817.03,2.93,2.67,-47.8,-0.407,19.34,21.04,02a60349o0916c
60349.642419,-21.768,2.075,-7,15,c,0,0.84,282.18089,33.08094,74.31,7715.7,2.66,2.45,-53.9,-0.395,19.19,20.87,02a60349o0922c
60349.662986,-19.912,0.484,-39,19,c,0,1.2,282.18089,33.08094,59.84,7831.25,2.5,2.39,-43.1,-0.384,19.04,20.36,02a60349o0966c
60353.619956,-21.389,1.429,-10,14,c,0,1.14,282.18089,33.08094,2053.02,6141.68,2.94,2.54,21.4,-0.391,19.09,20.71,02a60353o0863c
60353.623637,-22.224,3.308,-5,16,c,0,1.09,282.18089,33.08094,2071.43,6181.43,2.64,2.43,13.2,-0.412,19.17,20.75,02a60353o0871c
60353.629634,-21.494,1.612,-9,15,c,0,1.03,282.18089,33.08094,2013.4,6103.44,2.79,2.42,26.8,-0.396,19.19,20.87,02a60353o0884c
60353.651321,22.344,2.84,4,12,c,0,1.22,282.18089,33.08094,1997.61,6216.82,2.66,2.38,29.1,-0.403,19.32,20.94,02a60353o0931c
60354.617325,22.689,6.0,3,18,c,0,1.07,282.18089,33.08094,9583.71,2216.5,3.21,2.86,-45.0,-0.395,19.07,20.78,02a60354o0851c
60354.620519,-22.817,7.0,-3,19,c,0,0.92,282.18089,33.08094,9603.76,2254.94,3.52,3.17,-42.3,-0.38,18.99,20.79,02a60354o0858c
60354.6269,20.463,0.605,24,14,c,0,0.98,282.18089,33.08094,9549.34,2178.51,2.8,2.37,-52.1,-0.414,19.28,20.82,02a60354o0872c
60354.648222,21.148,1.027,13,13,c,0,1.24,282.18089,33.08094,9536.67,2296.4,2.72,2.32,-54.4,-0.421,19.34,20.94,02a60354o0916c
60358.589573,-20.504,0.724,-23,16,c,0,0.86,282.18089,33.08094,6328.06,9947.63,2.88,2.75,-6.7,-0.399,19.2,21.01,02a60358o0771c
60358.592799,21.232,1.479,12,17,c,0,1.08,282.18089,33.08094,6351.17,9987.93,2.95,2.84,-18.4,-0.392,19.22,21.05,02a60358o0778c
60358.598319,20.344,0.594,26,16,c,0,0.93,282.18089,33.08094,6292.25,9909.61,3.15,3.03,-13.4,-0.37,19.13,21.08,02a60358o0790c
60358.608346,-20.951,1.167,-15,18,c,0,0.63,282.18089,33.08094,6276.96,10027.76,2.78,2.71,-19.5,-0.401,19.29,21.16,02a60358o0812c
60361.587918,-20.698,1.585,-19,30,o,0,1.02,282.18089,33.08094,10350.08,9692.71,2.71,1.91,-52.2,-0.459,18.7,19.18,02a60361o0811o
60361.591098,-19.992,0.747,-37,27,o,0,1.2,282.18089,33.08094,10371.81,9733.26,2.65,1.92,-50.7,-0.476,18.71,19.22,02a60361o0818o
60361.595199,-19.635,0.538,-51,27,o,0,1.32,282.18089,33.08094,203.62,9719.74,2.1,1.67,-50.0,-0.572,18.65,19.09,02a60361o0827o
60361.597503,-20.739,1.06,-18,20,o,0,1.71,282.18089,33.08094,10311.98,9654.7,2.27,1.88,-53.5,-0.46,18.8,19.31,02a60361o0832o
60361.598407,-20.83,1.571,-17,27,o,0,0.84,282.18089,33.08094,222.52,9757.54,1.93,1.62,-47.7,-0.608,18.67,19.14,02a60361o0834o
60361.604805,24.643,46.0,0,23,o,0,1.08,282.18089,33.08094,162.77,9675.22,1.91,1.67,-35.5,-0.555,18.78,19.25,02a60361o0848o
60361.606006,20.139,0.902,32,29,o,0,1.04,282.18089,33.08094,10298.33,9774.46,3.27,1.99,-51.4,-0.428,18.87,19.43,02a60361o0850o
60361.614942,-21.16,2.144,-12,27,o,0,0.7,282.18089,33.08094,144.02,9794.63,1.88,1.63,-39.7,-0.623,18.82,19.44,02a60361o0869o
60362.627977,-20.165,0.684,-31,21,o,0,0.76,282.18089,33.08094,3943.23,4129.66,2.22,1.89,36.1,-0.45,18.85,19.32,02a60362o0898o
60362.631631,20.582,1.106,21,24,o,0,0.7,282.18089,33.08094,3964.34,4168.91,2.19,1.93,40.9,-0.45,18.85,19.37,02a60362o0906o
60362.651772,-19.73,0.359,-46,17,o,0,1.26,282.18089,33.08094,3910.66,4089.59,2.25,1.81,39.9,-0.462,19.03,19.72,02a60362o0948o
60365.618114,-17.117,1.98,-516,1023,o,0,0.83,282.18089,33.08094,2352.83,8225.1,2.47,2.3,10.5,-0.469,15.72,16.04,02a60365o0865o
60365.624055,17.351,1.042,417,434,o,0,1.33,282.18089,33.08094,2294.41,8145.21,2.5,2.36,20.8,-0.432,16.83,17.72,02a60365o0878o
60365.644909,17.62,4.646,325,1510,o,0,1.38,282.18089,33.08094,2280.39,8261.13,2.47,2.26,16.5,-0.455,15.25,15.31,02a60365o0923o
60366.634619,-20.989,1.46,-15,21,o,0,0.94,282.18089,33.08094,10015.52,4247.99,2.27,2.08,-35.0,-0.441,18.86,19.49,02a60366o0899o
60366.640621,20.786,1.145,18,20,o,0,1.08,282.18089,33.08094,10036.01,4285.57,2.25,2.1,-31.6,-0.437,18.84,19.51,02a60366o0909o
60366.642664,-19.994,0.341,-36,12,o,0,1.11,282.18089,33.08094,74.91,4252.8,2.33,2.03,24.4,-0.362,18.77,19.42,02a60366o0911o
60366.648499,20.185,1.097,31,34,o,0,0.46,282.18089,33.08094,100.19,4294.28,2.49,2.32,6.1,-0.365,18.66,19.38,02a60366o0923o
60366.65171,-20.407,0.792,-25,20,o,0,0.95,282.18089,33.08094,9981.54,4211.74,2.4,2.2,-48.6,-0.421,18.82,19.54,02a60366o0930o
60366.652162,21.089,3.735,13,50,o,0,0.55,282.18089,33.08094,41.44,4214.0,2.4,2.17,9.9,-0.354,18.69,19.43,02a60366o0931o
60366.657726,-19.776,0.49,-45,22,o,0,1.07,282.18089,33.08094,9964.51,4330.15,2.29,2.04,-50.1,-0.446,18.84,19.39,02a60366o0943o
60368.614668,20.015,0.55,36,20,o,0,0.74,282.18089,33.08094,2385.92,2649.79,2.65,2.41,38.1,-0.442,19.03,19.86,01a60368o0827o
60368.617513,-20.167,0.557,-31,17,o,0,0.91,282.18089,33.08094,2366.18,2611.56,2.59,2.37,49.0,-0.431,19.06,19.88,01a60368o0833o
60368.637693,20.651,0.876,20,18,o,0,0.71,282.18089,33.08094,2420.74,2689.73,2.54,2.3,47.1,-0.429,19.18,20.03,01a60368o0872o
60368.647812,21.125,1.578,13,20,o,0,0.68,282.18089,33.08094,2437.27,2575.18,2.87,2.62,44.8,-0.406,19.04,20.05,01a60368o0893o
60370.618886,19.905,3.278,40,130,o,0,0.8,282.18089,33.08094,3640.76,2089.1,2.06,1.92,35.7,-0.443,16.85,17.21,02a60370o0867o
60370.622063,19.754,1.802,46,82,o,0,0.83,282.18089,33.08094,3659.93,2129.45,2.11,1.89,34.3,-0.452,16.96,17.58,02a60370o0874o
60370.628464,-22.6,5.571,-3,18,o,0,0.74,282.18089,33.08094,3605.69,2054.4,2.1,1.96,39.6,-0.448,18.99,19.84,02a60370o0888o
60370.646576,-18.905,0.411,-100,41,o,0,1.02,282.18089,33.08094,3593.76,2171.55,2.16,1.93,35.6,-0.451,17.94,18.25,02a60370o0927o
60384.597844,22.143,2.294,5,12,o,0,0.89,282.18089,33.08094,4751.81,6514.08,2.92,2.59,45.0,-0.351,19.39,20.79,01a60384o0789o
60384.600615,-22.214,2.677,-5,13,o,0,0.79,282.18089,33.08094,4733.98,6478.62,2.99,2.63,43.5,-0.344,19.36,20.78,01a60384o0795o
60384.606211,-21.235,0.868,-12,10,o,0,1.15,282.18089,33.08094,4787.71,6553.35,2.99,2.64,46.1,-0.344,19.37,20.79,01a60384o0807o
60384.618806,-21.882,1.643,-6,10,o,0,1.06,282.18089,33.08094,4803.89,6438.63,2.99,2.64,46.1,-0.346,19.39,20.84,01a60384o0834o
60385.624315,21.268,1.098,11,12,o,0,0.6,282.18089,33.08094,5890.98,4032.06,2.23,2.0,40.4,-0.435,19.48,20.87,02a60385o0238o
60385.627493,20.97,0.933,15,14,o,0,0.71,282.18089,33.08094,5912.31,4070.95,2.27,1.98,38.7,-0.44,19.43,20.8,02a60385o0245o
60385.638093,20.421,0.513,25,13,o,0,1.02,282.18089,33.08094,5860.96,3994.93,2.34,2.05,40.1,-0.435,19.41,20.81,02a60385o0268o
60385.64535,20.737,0.765,18,14,o,0,0.79,282.18089,33.08094,5844.58,4111.26,2.42,2.06,40.5,-0.432,19.32,20.59,02a60385o0284o
60386.531774,-20.736,1.047,-18,19,o,0,0.71,282.18089,33.08094,8330.58,9825.99,2.52,1.93,-56.2,-0.441,19.22,20.15,02a60386o0629o
60386.535008,-20.597,0.899,-21,19,o,0,0.79,282.18089,33.08094,8355.13,9868.91,2.58,2.01,-55.7,-0.436,19.19,20.15,02a60386o0636o
60386.540499,-22.291,4.444,-4,20,o,0,0.82,282.18089,33.08094,8296.9,9789.17,2.6,2.18,-51.7,-0.427,19.17,20.17,02a60386o0648o
60386.558954,-20.138,0.527,-32,17,o,0,0.92,282.18089,33.08094,8287.3,9908.59,2.36,2.11,-53.8,-0.443,19.25,20.32,02a60386o0687o
60387.524398,25.056,53.0,0,18,o,0,1.04,282.18089,33.08094,2314.87,704.96,3.0,2.71,41.9,-0.384,18.99,20.07,01a60387o0615o
60387.527635,-21.444,2.231,-10,21,o,0,0.8,282.18089,33.08094,2294.87,665.48,3.05,2.84,38.3,-0.392,18.98,20.11,01a60387o0622o
60387.533054,-22.704,6.056,-3,18,o,0,1.11,282.18089,33.08094,2354.21,743.67,2.89,2.67,44.1,-0.413,19.08,20.19,01a60387o0633o
60387.545725,21.621,2.021,8,16,o,0,1.17,282.18089,33.08094,2373.81,627.07,2.91,2.76,47.9,-0.406,19.04,20.31,01a60387o0659o
60388.5649,-20.387,0.607,-25,15,o,0,0.72,282.18089,33.08094,609.9,4339.0,2.9,2.69,46.7,-0.363,19.27,20.56,01a60388o0707o
60388.568139,-21.714,1.81,-8,14,o,0,1.0,282.18089,33.08094,589.59,4300.98,2.66,2.42,46.6,-0.371,19.34,20.56,01a60388o0714o
60388.573393,-22.31,3.0,-4,13,o,0,1.15,282.18089,33.08094,647.51,4376.82,2.7,2.5,46.3,-0.374,19.33,20.57,01a60388o0725o
60388.582647,-22.883,4.944,-3,13,o,0,0.77,282.18089,33.08094,664.41,4261.0,2.79,2.57,48.0,-0.364,19.36,20.63,01a60388o0745o
60388.589392,23.975,12.0,1,11,o,0,1.05,282.18089,33.08094,10522.8,4342.04,2.48,2.37,-57.6,-0.369,19.29,20.5,01a60388o0759o
60389.568855,-15.121,1.179,-3247,3830,o,0,1.28,282.18089,33.08094,10023.57,6178.91,2.28,2.07,-39.9,-0.493,16.04,16.85,02a60389o0736o
60389.572059,-19.284,1.04,-70,73,o,0,1.14,282.18089,33.08094,10047.41,6219.24,2.48,2.06,-53.9,-0.466,16.38,17.15,02a60389o0743o
60389.576259,16.187,1.335,1217,1625,o,0,1.48,282.18089,33.08094,9990.08,6142.99,2.24,2.16,-52.8,-0.474,16.22,17.09,02a60389o0752o
60389.588659,16.738,2.693,732,1972,o,0,1.25,282.18089,33.08094,53.18,6147.22,2.16,2.02,20.4,-0.339,15.39,16.39,02a60389o0779o
60389.598705,-22.166,55.75,-5,275,o,0,0.45,282.18089,33.08094,36.09,6262.97,2.01,1.88,29.2,-0.371,16.87,17.9,02a60389o0801o
60390.501598,20.78,2.018,18,36,o,0,1.46,282.18089,33.08094,2319.35,10137.99,2.24,2.0,-38.4,-0.469,18.16,18.63,02a60390o0613o
60390.504796,-21.718,4.75,-8,35,o,0,1.34,282.18089,33.08094,2339.26,10178.17,2.3,1.99,-43.5,-0.47,18.25,18.68,02a60390o0620o
60390.510823,20.871,1.942,16,32,o,0,1.26,282.18089,33.08094,2279.54,10098.24,2.37,1.96,-45.4,-0.47,18.27,18.77,02a60390o0633o
60390.517296,20.545,1.453,22,32,o,0,1.33,282.18089,33.08094,2260.83,10215.7,2.33,1.95,-48.7,-0.465,18.39,18.84,02a60390o0647o
60391.563071,21.676,2.75,8,21,o,0,0.82,282.18089,33.08094,8325.74,428.13,2.58,2.49,-58.1,-0.426,18.79,19.51,01a60391o0614o
60391.570458,-20.836,1.177,-17,20,o,0,1.03,282.18089,33.08094,8307.39,387.61,2.53,2.5,56.2,-0.424,18.82,19.59,01a60391o0629o
60391.571904,-20.493,0.829,-23,19,o,0,0.87,282.18089,33.08094,4759.35,10526.19,3.01,2.54,67.9,-0.342,18.85,19.65,01a60391o0632o
60391.583075,21.618,2.241,8,18,o,0,1.23,282.18089,33.08094,8362.33,464.1,2.61,2.59,89.4,-0.411,18.82,19.72,01a60391o0654o
60391.590332,21.9,2.72,6,17,o,0,1.05,282.18089,33.08094,8379.81,347.7,2.45,2.39,-70.0,-0.44,18.96,19.78,01a60391o0669o
60391.622952,20.978,3.0,15,44,o,0,1.38,282.18089,33.08094,2355.53,10131.36,2.15,2.04,6.8,-0.466,18.11,18.94,02a60391o0845o
60391.630322,-19.67,0.7,-49,34,o,0,1.15,282.18089,33.08094,2380.53,10173.88,2.15,2.04,-30.9,-0.46,18.6,19.66,02a60391o0860o
60391.643111,22.229,3.484,5,16,o,0,1.37,282.18089,33.08094,2328.78,10095.92,2.19,2.06,-45.0,-0.451,19.06,20.24,02a60391o0887o
60391.648321,21.142,1.41,13,18,o,0,0.91,282.18089,33.08094,2308.21,10214.32,2.17,2.0,-55.2,-0.45,19.01,19.87,02a60391o0898o
60392.578489,20.113,0.7,33,23,o,0,1.17,282.18089,33.08094,2940.02,8179.25,3.0,2.67,57.0,-0.374,18.78,19.44,01a60392o0750o
60392.58172,19.768,0.502,45,23,o,0,1.14,282.18089,33.08094,2920.02,8140.7,3.13,2.85,58.8,-0.363,18.7,19.45,01a60392o0757o
60392.589317,-20.787,1.278,-18,22,o,0,0.72,282.18089,33.08094,2974.89,8216.05,3.0,2.68,60.0,-0.375,18.8,19.52,01a60392o0773o
60392.602523,-20.775,1.125,-18,20,o,0,1.08,282.18089,33.08094,2989.54,8100.01,3.09,2.77,59.9,-0.364,18.82,19.62,01a60392o0799o
60393.580729,-15.958,0.911,-1503,1370,o,0,1.01,282.18089,33.08094,7686.5,2360.37,2.73,2.38,0.7,-0.382,14.22,14.22,02a60393o0768o
60393.583904,18.177,4.988,195,971,o,0,1.25,282.18089,33.08094,7707.78,2399.0,2.71,2.36,-0.1,-0.388,14.81,14.94,02a60393o0775o
60393.589342,16.084,0.817,1337,1092,o,0,1.96,282.18089,33.08094,7654.72,2322.27,2.99,2.58,3.9,-0.371,14.01,14.12,02a60393o0787o
60393.599198,16.16,0.37,1248,461,o,0,1.17,282.18089,33.08094,7639.62,2437.71,2.6,2.54,-14.3,-0.402,15.25,15.27,02a60393o0808o
60394.586531,19.453,0.491,60,30,o,0,0.92,282.18089,33.08094,7917.14,5843.79,2.38,2.04,34.5,-0.414,18.6,18.94,02a60394o0774o
60394.593913,20.728,1.426,19,26,o,0,0.97,282.18089,33.08094,7937.47,5881.16,2.39,2.03,35.7,-0.413,18.63,19.0,02a60394o0786o
60394.597082,20.636,1.358,20,27,o,0,0.8,282.18089,33.08094,7880.9,5806.05,2.43,2.04,35.6,-0.403,18.61,19.03,02a60394o0793o
60394.606183,-20.607,1.097,-21,23,o,0,1.38,282.18089,33.08094,7864.95,5923.1,2.44,2.05,35.9,-0.41,18.66,19.09,02a60394o0813o
60396.575531,20.863,1.185,16,19,o,0,1.16,282.18089,33.08094,2826.86,6620.54,2.59,2.39,58.0,-0.393,18.96,19.55,01a60396o0432o
60396.57891,-21.229,1.678,-12,20,o,0,0.93,282.18089,33.08094,2807.13,6586.18,2.66,2.4,49.9,-0.393,18.96,19.56,01a60396o0439o
60396.584455,-20.826,1.145,-17,19,o,0,1.07,282.18089,33.08094,2863.05,6663.77,2.72,2.39,49.1,-0.375,18.98,19.58,01a60396o0451o
60396.601325,-20.072,0.489,-34,17,o,0,1.11,282.18089,33.08094,2875.8,6543.98,2.69,2.36,53.0,-0.388,18.99,19.63,01a60396o0481o
60397.58326,20.891,1.03,16,16,o,0,1.11,282.18089,33.08094,7811.93,3908.43,2.15,2.09,39.8,-0.398,18.95,19.58,02a60397o0758o
60397.58643,20.557,0.912,22,20,o,0,0.95,282.18089,33.08094,7831.7,3946.8,2.21,2.15,46.5,-0.4,18.94,19.61,02a60397o0765o
60397.591875,21.585,2.377,8,20,o,0,1.01,282.18089,33.08094,7774.46,3869.48,2.33,2.24,42.4,-0.396,18.88,19.65,02a60397o0777o
60397.604524,22.001,3.0,6,17,o,0,0.8,282.18089,33.08094,7759.89,3989.62,2.19,2.08,47.4,-0.408,19.0,19.7,02a60397o0803o
60398.581832,-21.396,2.042,-10,20,o,0,0.6,282.18089,33.08094,10263.46,7734.61,2.36,2.13,-52.8,-0.446,19.01,19.73,02a60398o0763o
60398.589145,21.989,3.429,6,20,o,0,0.86,282.18089,33.08094,10282.04,7775.0,2.37,2.13,-53.0,-0.435,19.03,19.73,02a60398o0776o
60398.592373,-20.213,0.721,-30,22,o,0,0.82,282.18089,33.08094,10221.65,7698.88,2.33,2.05,-55.8,-0.448,19.06,19.74,02a60398o0783o
60398.599227,-21.859,2.299,-6,15,o,0,1.26,282.18089,33.08094,138.31,7747.62,1.98,1.85,-12.2,-0.405,19.06,19.73,02a60398o0798o
60398.618057,22.432,4.966,4,19,o,0,0.91,282.18089,33.08094,10216.15,7818.26,2.29,2.11,-49.1,-0.455,19.07,19.85,02a60398o0832o
60398.619413,-21.425,1.372,-10,13,o,0,1.37,282.18089,33.08094,170.69,7787.07,2.01,1.95,-8.4,-0.413,19.1,19.81,02a60398o0835o
60398.629585,-21.909,3.0,-6,19,o,0,0.71,282.18089,33.08094,113.12,7709.22,2.04,1.95,-12.1,-0.415,19.04,19.83,02a60398o0857o
60398.644097,-23.061,10.095,-2,22,o,0,1.24,282.18089,33.08094,99.15,7826.45,2.02,1.94,-8.5,-0.41,18.63,19.05,02a60398o0883o
60399.551963,0.0,20.896,0,16,o,0,0.89,282.18089,33.08094,398.21,2788.9,2.34,2.22,48.0,-0.393,19.23,20.0,01a60399o0693o
60399.565505,-21.192,1.026,-12,12,o,0,1.54,282.18089,33.08094,372.26,2751.87,2.33,2.2,53.3,-0.396,19.28,20.06,01a60399o0717o
60399.56783,20.918,1.157,16,18,o,0,0.67,282.18089,33.08094,10518.47,2817.91,2.47,2.24,-52.8,-0.376,19.16,19.98,01a60399o0722o
60399.568293,20.695,0.778,19,15,o,0,0.99,282.18089,33.08094,434.45,2830.22,2.42,2.24,50.3,-0.385,19.23,20.08,01a60399o0723o
60399.57108,21.186,1.076,12,13,o,0,1.31,282.18089,33.08094,10497.3,2776.36,2.37,2.13,-51.2,-0.391,19.17,20.02,01a60399o0729o
60399.575487,20.459,0.616,24,15,o,0,1.01,282.18089,33.08094,449.69,2714.36,2.88,2.53,39.2,-0.338,19.12,20.11,01a60399o0737o
60400.563851,-20.722,0.774,-19,14,o,0,1.1,282.18089,33.08094,5063.11,8549.27,2.73,2.49,60.5,-0.376,19.15,20.08,01a60400o0672o
60400.566624,-23.327,9.154,-2,16,o,0,0.72,282.18089,33.08094,5043.1,8510.25,2.65,2.45,56.5,-0.381,19.2,20.13,01a60400o0678o
60400.571919,21.942,2.913,6,18,o,0,0.75,282.18089,33.08094,5100.59,8589.14,2.66,2.47,60.2,-0.383,19.23,20.15,01a60400o0688o
60400.587044,21.182,1.087,12,13,o,0,1.06,282.18089,33.08094,5116.38,8472.51,2.51,2.31,60.5,-0.396,19.3,20.2,01a60400o0718o
60401.594779,-20.648,0.746,-20,15,o,0,0.82,282.18089,33.08094,5577.61,1988.84,1.97,1.95,-80.0,-0.44,19.28,20.27,02a60401o0776o
60401.598409,23.702,11.727,1,14,o,0,0.75,282.18089,33.08094,5599.74,2028.68,2.01,1.99,-57.0,-0.431,19.26,20.27,02a60401o0784o
60401.601579,-21.959,2.255,-6,14,o,0,0.91,282.18089,33.08094,5542.66,1950.67,2.18,2.16,78.0,-0.416,19.18,20.29,02a60401o0791o
60401.612569,-21.472,1.526,-9,14,o,0,1.15,282.18089,33.08094,5526.65,2069.02,2.19,2.11,68.4,-0.416,19.17,20.3,02a60401o0813o
60407.580239,-20.304,2.009,-28,55,o,0,1.22,282.18089,33.08094,4339.19,8095.4,2.44,2.35,26.4,-0.429,18.16,18.74,02a60407o0211o
60407.594042,-20.228,3.186,-29,94,o,0,0.91,282.18089,33.08094,4364.63,8135.77,2.99,2.92,-78.9,-0.441,17.57,18.43,02a60407o0221o
60410.548285,-20.859,0.535,-16,9,o,0,0.51,282.18089,33.08094,5883.66,4025.31,2.25,2.07,40.7,-0.431,20.0,20.4,02a60410o0245o
60410.559307,22.794,2.827,3,8,o,0,0.69,282.18089,33.08094,5906.68,4063.97,2.24,2.04,36.0,-0.425,19.97,20.48,02a60410o0253o
60410.567576,-23.123,4.466,-2,9,o,0,0.54,282.18089,33.08094,5853.88,3987.61,2.29,2.04,34.5,-0.435,20.02,20.54,02a60410o0259o
60413.561065,19.2,4.058,76,308,o,0,0.8,282.18089,33.08094,5904.54,4027.33,2.45,2.19,39.6,-0.432,16.1,16.57,02a60413o0100o
60416.546933,19.927,1.036,39,40,o,0,0.81,282.18089,33.08094,596.41,6289.08,2.39,2.29,61.6,-0.424,19.0,20.43,01a60416o0636o
60416.556071,19.243,0.472,73,34,o,0,1.1,282.18089,33.08094,569.61,6252.28,2.51,2.33,70.7,-0.419,18.98,20.55,01a60416o0652o
60416.558959,-19.865,0.877,-41,36,o,0,0.84,282.18089,33.08094,626.76,6328.55,2.58,2.42,70.9,-0.417,18.95,20.57,01a60416o0658o
60416.562373,-19.623,0.5,-51,26,o,0,0.42,282.18089,33.08094,10509.73,6274.33,2.72,2.32,-50.0,-0.431,18.92,20.51,01a60416o0665o
60416.568136,-21.433,3.111,-10,30,o,0,0.88,282.18089,33.08094,640.15,6212.32,2.53,2.36,53.0,-0.42,19.05,20.64,01a60416o0674o
60417.531545,-20.199,0.691,-30,21,o,0,0.71,282.18089,33.08094,10042.64,4241.38,2.37,1.87,-49.6,-0.478,19.24,20.18,02a60417o0637o
60417.534256,-22.933,6.737,-2,16,o,0,0.9,282.18089,33.08094,10063.74,4279.99,2.34,1.88,-49.1,-0.485,19.28,20.22,02a60417o0643o
60417.536969,20.787,0.886,18,16,o,0,0.92,282.18089,33.08094,103.78,4243.9,2.03,1.97,23.6,-0.398,19.2,20.17,02a60417o0649o
60417.53742,-21.684,2.226,-8,17,o,0,0.81,282.18089,33.08094,10005.49,4204.28,2.32,1.85,-48.7,-0.479,19.28,20.25,02a60417o0650o
60417.540133,-21.125,1.177,-13,15,o,0,0.9,282.18089,33.08094,124.42,4283.16,2.02,1.93,19.7,-0.403,19.23,20.19,02a60417o0656o
60417.544688,20.968,1.12,15,17,o,0,0.85,282.18089,33.08094,9988.31,4322.25,2.34,1.9,-49.8,-0.477,19.29,20.26,02a60417o0666o
60417.545592,-19.104,0.396,-83,33,o,0,0.14,282.18089,33.08094,65.69,4203.42,2.01,1.93,14.7,-0.405,19.22,20.2,02a60417o0668o
60417.556063,20.115,0.683,33,22,o,0,0.56,282.18089,33.08094,48.64,4320.79,2.09,1.95,30.1,-0.418,19.27,20.26,02a60417o0691o
60418.537304,21.37,1.595,10,16,o,0,0.84,282.18089,33.08094,8286.08,7872.84,2.17,2.16,43.6,-0.449,19.22,20.12,02a60418o0632o
60418.540358,-20.069,0.48,-34,16,o,0,0.92,282.18089,33.08094,8307.54,7912.07,2.21,2.17,-60.4,-0.449,19.17,20.17,02a60418o0638o
60418.546996,21.142,1.396,13,18,o,0,0.7,282.18089,33.08094,8239.76,7835.72,2.24,2.14,-51.6,-0.443,19.27,20.27,02a60418o0650o
60418.557397,-20.943,1.068,-15,16,o,0,0.77,282.18089,33.08094,8228.14,7953.6,2.21,2.13,-65.1,-0.444,19.31,20.42,02a60418o0673o
60419.588516,23.196,7.154,2,14,o,0,0.88,282.18089,33.08094,8301.04,7880.62,2.45,2.25,13.8,-0.421,19.35,20.74,02a60419o0754o
60419.591766,23.93,12.0,1,12,o,0,1.6,282.18089,33.08094,8334.11,7922.8,2.32,2.21,40.7,-0.434,19.35,20.68,02a60419o0760o
60419.597345,-21.742,1.945,-7,14,o,0,0.81,282.18089,33.08094,8276.19,7843.04,2.26,2.15,46.8,-0.44,19.42,20.72,02a60419o0771o
60419.621741,-22.615,5.087,-3,17,o,0,0.74,282.18089,33.08094,8265.28,7967.24,2.44,2.18,39.4,-0.434,19.34,20.63,02a60419o0816o
60421.546998,21.407,2.044,10,20,o,0,0.82,282.18089,33.08094,3671.23,2085.68,2.07,1.91,51.5,-0.454,18.99,19.61,02a60421o0681o
60421.550165,-20.685,1.035,-19,20,o,0,0.7,282.18089,33.08094,3691.22,2124.56,2.1,1.92,47.3,-0.45,18.97,19.62,02a60421o0688o
60421.556039,20.768,1.165,18,21,o,0,0.56,282.18089,33.08094,3634.51,2046.9,2.11,1.93,52.6,-0.45,18.97,19.64,02a60421o0701o
60421.567307,23.273,9.625,2,17,o,0,1.18,282.18089,33.08094,3622.6,2166.02,2.1,1.91,46.9,-0.452,19.04,19.71,02a60421o0725o
60422.535127,22.184,4.489,5,22,o,0,1.18,282.18089,33.08094,1754.78,2150.12,1.98,1.92,-77.2,-0.462,18.76,19.19,02a60422o0658o
60422.53829,-21.977,3.868,-6,23,o,0,0.82,282.18089,33.08094,1775.9,2189.68,2.0,1.97,76.2,-0.459,18.81,19.22,02a60422o0665o
60422.543717,19.733,0.53,46,25,o,0,0.88,282.18089,33.08094,1719.1,2109.06,2.03,1.96,-89.3,-0.46,18.79,19.27,02a60422o0677o
60422.554281,20.257,0.715,29,20,o,0,1.05,282.18089,33.08094,1703.08,2228.2,2.02,1.94,60.3,-0.456,18.8,19.29,02a60422o0700o
60425.523019,-20.723,1.981,-19,37,o,0,0.56,282.18089,33.08094,2032.79,4197.34,2.79,2.28,26.0,-0.414,18.49,19.07,02a60425o0322o
60425.533854,19.963,0.84,38,32,o,0,1.05,282.18089,33.08094,2065.36,4236.98,2.97,2.83,42.8,-0.438,18.37,19.13,02a60425o0344o
60425.537032,23.445,17.556,2,27,o,0,1.15,282.18089,33.08094,2010.66,4159.07,2.55,2.39,26.9,-0.436,18.58,19.16,02a60425o0351o
60425.54246,20.669,1.324,20,26,o,0,0.96,282.18089,33.08094,1993.76,4275.42,2.74,2.53,23.3,-0.412,18.47,19.16,02a60425o0363o
60426.547277,20.495,0.994,23,23,o,0,0.73,282.18089,33.08094,4374.92,10051.17,2.31,2.11,-55.5,-0.396,18.79,19.31,02a60426o0569o
60426.549539,-21.535,2.742,-9,24,o,0,0.86,282.18089,33.08094,4398.2,10091.01,2.36,2.12,-55.6,-0.398,18.8,19.29,02a60426o0574o
60426.552707,-22.23,4.972,-5,23,o,0,1.5,282.18089,33.08094,4337.67,10012.68,2.29,2.09,-54.2,-0.404,18.78,19.26,02a60426o0581o
60426.56255,-20.22,0.887,-30,26,o,0,0.82,282.18089,33.08094,4317.57,10132.15,2.32,2.06,-56.8,-0.406,18.85,19.28,02a60426o0600o
60429.528074,-22.511,8.636,-4,31,o,0,1.0,282.18089,33.08094,4031.63,6062.29,2.23,1.86,38.5,-0.436,18.28,18.58,02a60429o0620o
60429.530334,-20.186,1.188,-31,36,o,0,1.14,282.18089,33.08094,4051.87,6100.95,2.27,1.89,39.3,-0.431,18.18,18.45,02a60429o0625o
60429.534858,-22.713,17.067,-3,51,o,0,0.73,282.18089,33.08094,3996.16,6024.12,2.26,1.87,37.9,-0.438,17.98,18.13,02a60429o0634o
60429.545383,-19.82,1.152,-43,49,o,0,0.76,282.18089,33.08094,3978.47,6140.3,2.25,1.88,35.5,-0.432,18.0,18.26,02a60429o0657o
60430.526332,-17.765,2.591,-285,737,o,0,1.34,282.18089,33.08094,6312.41,7998.4,2.35,2.11,39.7,-0.447,15.65,15.71,02a60430o0638o
60430.551076,18.811,2.704,109,294,o,0,1.0,282.18089,33.08094,6339.47,8041.1,2.31,2.03,41.4,-0.442,16.77,16.78,02a60430o0687o
60430.552884,-18.565,2.931,-136,399,o,0,0.91,282.18089,33.08094,6282.41,7964.67,2.28,2.02,39.4,-0.441,16.4,16.44,02a60430o0691o
60430.564302,17.976,3.797,234,889,o,0,1.01,282.18089,33.08094,6264.03,8083.97,2.37,2.0,35.8,-0.446,15.65,15.63,02a60430o0714o
60431.540624,-22.708,4.625,-3,14,o,0,1.14,282.18089,33.08094,4307.7,2545.03,2.59,2.34,45.2,-0.423,19.36,20.44,01a60431o0624o
60431.542472,20.351,0.527,26,14,o,0,0.93,282.18089,33.08094,4286.61,2506.25,2.67,2.38,49.9,-0.418,19.33,20.43,01a60431o0628o
60431.548867,21.579,1.379,8,12,o,0,1.09,282.18089,33.08094,4339.55,2584.42,2.65,2.37,45.5,-0.418,19.34,20.44,01a60431o0641o
60431.558386,-20.499,0.655,-23,15,o,0,0.97,282.18089,33.08094,4351.13,2469.35,2.61,2.32,41.2,-0.422,19.28,20.3,01a60431o0660o
60433.527852,-20.453,0.646,-24,15,o,0,0.65,282.18089,33.08094,4344.37,8102.71,2.28,1.95,42.5,-0.427,19.44,20.65,02a60433o0631o
60433.531015,-22.059,2.457,-5,13,o,0,0.86,282.18089,33.08094,4365.79,8141.7,2.33,1.95,42.4,-0.427,19.42,20.65,02a60433o0638o
60433.534632,-21.035,1.0,-14,14,o,0,0.73,282.18089,33.08094,4309.1,8063.45,2.37,1.96,40.7,-0.428,19.45,20.63,02a60433o0646o
60433.543892,21.646,1.815,8,14,o,0,0.76,282.18089,33.08094,4285.67,8180.52,2.4,1.99,38.8,-0.42,19.42,20.69,02a60433o0664o
60434.515795,22.571,5.062,3,17,o,0,0.73,282.18089,33.08094,5895.94,4033.42,2.94,2.79,38.3,-0.41,19.06,20.55,02a60434o0539o
60434.518959,-20.782,0.907,-18,16,o,0,0.87,282.18089,33.08094,5916.8,4071.5,2.6,2.42,35.6,-0.411,19.21,20.55,02a60434o0546o
60434.540439,-19.971,0.325,-37,12,o,0,1.35,282.18089,33.08094,5866.02,3998.38,2.54,2.23,39.6,-0.427,19.27,20.6,02a60434o0554o
60434.581682,22.007,2.045,6,12,o,0,1.37,282.18089,33.08094,5876.43,4125.17,2.35,1.91,36.7,-0.43,19.29,20.46,02a60434o0581o
60437.508765,-20.674,0.719,-20,14,o,0,0.9,282.18089,33.08094,8378.91,9831.43,2.22,2.06,-58.5,-0.447,19.45,20.57,02a60437o0601o
60437.516034,-23.689,10.3,-1,12,o,0,1.35,282.18089,33.08094,8402.73,9871.87,2.22,2.04,-60.7,-0.449,19.45,20.6,02a60437o0615o
60437.517843,25.426,53.5,0,13,o,0,0.77,282.18089,33.08094,8343.4,9794.54,2.22,2.08,-60.5,-0.443,19.43,20.6,02a60437o0619o
60437.523268,-21.325,1.216,-11,13,o,0,1.14,282.18089,33.08094,8326.8,9914.44,2.21,2.07,-61.4,-0.448,19.49,20.62,02a60437o0631o
60438.536081,-22.337,3.2,-4,14,o,0,0.67,282.18089,33.08094,10076.16,6193.79,2.18,2.06,-49.4,-0.467,19.45,20.61,02a60438o0640o
60438.538793,-22.426,4.281,-4,17,o,0,0.71,282.18089,33.08094,10097.51,6232.53,2.19,2.06,-50.0,-0.47,19.44,20.6,02a60438o0646o
60438.539924,20.367,0.538,26,14,o,0,0.64,282.18089,33.08094,134.71,6192.68,2.06,1.88,26.1,-0.412,19.37,20.59,02a60438o0648o
60438.541732,-23.737,8.917,-1,10,o,0,1.42,282.18089,33.08094,154.56,6232.37,2.03,1.88,26.6,-0.414,19.41,20.59,02a60438o0652o
60438.56418,-20.557,0.738,-22,16,o,0,0.59,282.18089,33.08094,10053.92,6168.49,2.12,2.06,-40.2,-0.465,19.46,20.68,02a60438o0699o
60438.564632,20.399,0.541,25,14,o,0,0.84,282.18089,33.08094,109.55,6161.7,2.07,1.87,24.0,-0.418,19.44,20.66,02a60438o0700o
60438.583194,21.959,2.705,6,16,o,0,0.55,282.18089,33.08094,100.58,6278.3,2.07,1.89,16.3,-0.408,19.51,20.71,02a60438o0738o
60438.592596,-21.276,1.237,-11,14,o,0,0.79,282.18089,33.08094,10059.76,6287.65,2.11,2.04,-17.3,-0.47,19.46,20.71,02a60438o0756o
60447.505872,-19.991,0.573,-37,21,o,0,0.96,282.18089,33.08094,2784.58,6631.73,2.85,2.47,47.0,-0.376,19.29,20.5,01a60447o0522o
60447.507823,-23.376,13.8,-2,22,o,0,1.1,282.18089,33.08094,2762.88,6593.14,2.98,2.64,49.0,-0.372,19.28,20.59,01a60447o0526o
60447.510595,20.146,0.725,32,23,o,0,0.86,282.18089,33.08094,2819.16,6670.58,2.92,2.54,49.0,-0.375,19.31,20.61,01a60447o0532o
60447.515794,22.313,5.385,4,23,o,0,1.28,282.18089,33.08094,2833.63,6555.25,2.93,2.56,48.7,-0.373,19.36,20.69,01a60447o0543o
60450.588868,-21.598,1.5,-8,12,o,0,0.88,282.18089,33.08094,5000.92,8562.88,2.3,2.01,38.6,-0.424,19.48,20.87,02a60450o0560o
60450.592936,21.037,0.752,14,10,o,0,1.21,282.18089,33.08094,4982.14,8524.06,2.3,2.0,38.0,-0.429,19.49,20.87,02a60450o0569o
60450.598856,20.974,0.847,15,12,o,0,0.69,282.18089,33.08094,5041.84,8604.48,2.38,2.2,59.4,-0.406,19.45,20.85,02a60450o0581o
60450.608735,-20.398,0.606,-25,15,o,0,0.73,282.18089,33.08094,5056.82,8487.03,2.34,2.0,37.2,-0.426,19.45,20.81,02a60450o0598o
60451.480186,19.388,0.957,64,61,o,0,1.02,282.18089,33.08094,5041.81,8549.55,2.67,2.41,55.5,-0.379,17.8,17.76,01a60451o0514o
60451.482961,20.03,1.376,35,49,o,0,1.12,282.18089,33.08094,5019.8,8510.06,2.66,2.36,57.4,-0.382,17.89,17.96,01a60451o0520o
60451.485734,-19.09,0.456,-84,38,o,0,0.93,282.18089,33.08094,5075.88,8586.84,2.7,2.42,60.5,-0.375,18.17,18.35,01a60451o0526o
60451.512666,20.299,1.65,28,46,o,0,1.19,282.18089,33.08094,5074.13,8470.88,2.76,2.36,53.1,-0.366,17.92,18.0,01a60451o0574o
60452.492726,-20.57,0.824,-22,18,o,0,1.1,282.18089,33.08094,8534.88,4413.78,2.53,2.35,35.2,-0.412,18.98,19.51,01a60452o0500o
60452.494572,20.417,0.8,25,20,o,0,0.93,282.18089,33.08094,8513.35,4374.0,2.53,2.37,39.0,-0.416,18.94,19.52,01a60452o0504o
60452.497803,-20.327,0.702,-27,19,o,0,0.83,282.18089,33.08094,8567.97,4452.48,2.5,2.38,45.4,-0.423,18.92,19.53,01a60452o0511o
60452.524225,-20.294,0.605,-28,17,o,0,1.1,282.18089,33.08094,8560.86,4335.67,2.49,2.31,33.0,-0.425,19.02,19.59,01a60452o0561o
60453.488018,-21.777,3.53,-7,25,o,0,0.88,282.18089,33.08094,2097.82,6140.3,2.2,1.85,36.5,-0.437,18.67,19.08,02a60453o0466o
60453.490276,20.337,1.065,27,28,o,0,0.59,282.18089,33.08094,2118.91,6179.79,2.2,1.88,35.6,-0.437,18.68,19.09,02a60453o0471o
60453.519196,-19.855,0.625,-42,26,o,0,0.98,282.18089,33.08094,2077.07,6107.1,2.33,1.9,36.9,-0.431,18.69,19.15,02a60453o0528o
60453.537488,20.692,1.0,19,19,o,0,3.43,282.18089,33.08094,2066.88,6225.56,2.23,1.85,34.5,-0.439,18.76,19.19,02a60453o0567o
60454.482036,20.958,2.122,15,32,o,0,1.35,282.18089,33.08094,9637.78,2223.03,2.14,1.74,-56.6,-0.498,18.18,18.41,02a60454o0513o
60454.483843,-22.188,6.512,-5,32,o,0,1.48,282.18089,33.08094,9658.56,2261.94,2.13,1.69,-57.2,-0.507,18.26,18.48,02a60454o0517o
60454.487007,20.747,1.602,18,29,o,0,1.43,282.18089,33.08094,9604.02,2187.02,2.13,1.74,-56.6,-0.506,18.23,18.59,02a60454o0524o
60454.506217,-21.021,2.408,-14,34,o,0,2.0,282.18089,33.08094,9597.47,2305.83,2.39,1.79,-67.6,-0.47,18.0,18.29,02a60454o0556o
60456.54498,-18.522,2.259,-142,320,o,0,0.88,282.18089,33.08094,5934.92,5978.36,2.67,2.29,44.9,-0.394,15.86,15.93,01a60456o0451o
60456.573518,16.913,0.848,623,528,o,0,1.24,282.18089,33.08094,5962.87,6011.25,2.77,2.36,41.5,-0.396,15.2,15.41,01a60456o0507o
60456.576753,-19.56,0.909,-54,50,o,0,1.01,282.18089,33.08094,5904.57,5933.11,2.73,2.32,42.3,-0.375,17.83,18.18,01a60456o0514o
60456.58195,18.436,0.763,153,117,o,0,0.94,282.18089,33.08094,5887.07,6046.35,2.81,2.36,41.6,-0.375,16.88,17.11,01a60456o0525o
60457.46019,-21.29,1.412,-11,16,o,0,1.08,282.18089,33.08094,5977.85,5966.61,2.28,1.79,36.6,-0.44,19.13,19.82,02a60457o0474o
60457.462902,-21.277,1.426,-11,16,o,0,0.87,282.18089,33.08094,5998.89,6005.76,2.31,1.8,36.3,-0.441,19.1,19.82,02a60457o0480o
60457.491209,-21.601,2.083,-8,17,o,0,1.02,282.18089,33.08094,5958.72,5933.88,2.35,1.86,37.9,-0.439,19.14,19.96,02a60457o0539o
60457.494371,21.642,2.071,8,17,o,0,0.8,282.18089,33.08094,5943.18,6051.69,2.32,1.88,40.5,-0.437,19.19,19.98,02a60457o0546o
60458.507289,-21.092,1.289,-13,17,o,0,0.8,282.18089,33.08094,6403.92,9964.03,2.19,2.04,63.6,-0.439,19.24,20.1,02a60458o0560o
60458.515452,-21.785,1.883,-7,13,o,0,1.83,282.18089,33.08094,6430.46,10004.28,2.19,2.07,45.9,-0.433,19.2,20.06,02a60458o0577o
60458.518619,-20.973,1.125,-15,17,o,0,0.85,282.18089,33.08094,6370.71,9926.46,2.21,2.02,42.9,-0.432,19.26,20.08,02a60458o0584o
60458.529786,-20.074,0.454,-34,15,o,0,0.84,282.18089,33.08094,6358.25,10050.35,2.21,2.05,40.7,-0.426,19.19,20.04,02a60458o0608o
60459.567741,-22.067,2.167,-5,12,o,0,1.52,282.18089,33.08094,6359.21,9948.04,2.6,2.38,64.0,-0.4,19.22,20.24,01a60459o0544o
60459.571257,23.411,70.333,2,110,o,0,0.85,282.18089,33.08094,6383.61,9986.52,2.55,2.37,60.5,-0.413,16.97,17.64,01a60459o0551o
60459.609108,20.912,1.388,16,22,o,0,1.34,282.18089,33.08094,6310.26,10022.69,2.68,2.49,64.9,-0.387,18.69,19.56,01a60459o0627o
60460.519202,-20.098,2.115,-33,70,o,0,0.58,282.18089,33.08094,10367.31,9679.36,2.53,2.44,-56.5,-0.45,17.97,18.6,01a60460o0588o
60460.554756,20.203,1.67,30,50,o,0,0.8,282.18089,33.08094,10399.78,9709.99,2.54,2.45,-61.4,-0.459,18.0,18.62,01a60460o0656o
60460.555999,18.546,0.44,138,61,o,0,1.29,282.18089,33.08094,223.01,9763.14,2.49,2.23,-86.9,-0.516,17.89,18.48,01a60460o0658o
60460.582451,-19.919,0.596,-39,23,o,0,1.03,282.18089,33.08094,10344.89,9626.36,2.45,2.37,-74.0,-0.454,18.81,19.66,01a60460o0712o
60460.582994,19.964,0.591,38,22,o,0,1.01,282.18089,33.08094,250.63,9795.28,2.58,2.24,-83.6,-0.491,18.78,19.62,01a60460o0713o
60460.607539,-25.816,160.0,0,27,o,0,0.86,282.18089,33.08094,10332.44,9743.47,2.52,2.45,67.3,-0.441,18.65,19.49,01a60460o0761o
60460.608001,-21.5,3.278,-9,30,o,0,0.81,282.18089,33.08094,197.83,9710.46,2.66,2.28,87.4,-0.484,18.68,19.48,01a60460o0762o
60460.615426,20.565,1.651,22,36,o,0,1.1,282.18089,33.08094,179.97,9826.81,2.55,2.26,-84.0,-0.511,18.33,18.85,01a60460o0775o
60460.618199,-19.131,0.608,-81,49,o,0,0.86,282.18089,33.08094,10371.14,9681.18,2.57,2.34,-51.7,-0.457,18.15,18.59,01a60460o0781o
60460.61866,-20.037,1.261,-35,44,o,0,1.67,282.18089,33.08094,220.45,9766.24,2.53,2.25,-84.1,-0.513,18.1,18.55,01a60460o0782o
60461.420853,23.04,5.889,2,13,o,0,1.85,282.18089,33.08094,220.32,9711.98,2.01,1.78,-41.9,-0.572,19.38,20.61,02a60461o0397o
60461.456456,-21.279,1.33,-11,15,o,0,0.96,282.18089,33.08094,257.41,9755.88,2.23,1.84,-56.7,-0.526,19.45,20.86,02a60461o0473o
60461.459621,21.097,1.038,13,14,o,0,1.06,282.18089,33.08094,203.07,9676.19,2.18,1.77,-55.9,-0.538,19.51,20.9,02a60461o0480o
60461.475921,20.24,0.56,29,16,o,0,0.6,282.18089,33.08094,188.07,9795.14,2.26,1.85,-52.9,-0.532,19.45,20.8,02a60461o0513o
60461.476374,-20.923,1.115,-16,17,o,0,0.64,282.18089,33.08094,10414.34,9709.97,2.86,2.17,-51.5,-0.425,19.47,20.85,02a60461o0514o
60461.489783,21.091,1.076,13,14,o,0,1.2,282.18089,33.08094,10447.96,9753.98,2.59,1.98,-53.6,-0.45,19.41,20.59,02a60461o0541o
60461.491591,-20.838,0.875,-17,15,o,0,0.85,282.18089,33.08094,10387.57,9676.22,2.61,2.02,-51.9,-0.448,19.37,20.54,02a60461o0545o
60461.494761,-20.775,0.687,-18,12,o,0,1.03,282.18089,33.08094,10372.05,9796.16,2.57,1.99,-51.8,-0.444,19.51,20.69,02a60461o0552o
60462.475645,-20.621,0.617,-20,13,o,0,1.09,282.18089,33.08094,3995.95,4134.01,2.3,1.88,39.6,-0.454,19.48,20.8,02a60462o0512o
60462.477451,21.735,1.333,7,10,o,0,1.36,282.18089,33.08094,4016.46,4173.58,2.21,1.85,36.9,-0.459,19.51,20.78,02a60462o0516o
60462.481519,-21.142,1.056,-13,13,o,0,1.06,282.18089,33.08094,3959.03,4096.25,2.21,1.85,38.7,-0.459,19.41,20.71,02a60462o0525o
60462.486946,21.589,1.739,8,15,o,0,0.97,282.18089,33.08094,3942.69,4213.17,2.27,1.86,39.3,-0.448,19.4,20.69,02a60462o0537o
60463.436818,-21.763,1.891,-7,14,o,0,1.19,282.18089,33.08094,6658.97,6421.75,2.56,2.45,56.5,-0.388,19.46,20.82,01a60463o0425o
60463.467071,22.72,3.708,3,11,o,0,1.53,282.18089,33.08094,6615.84,6380.3,2.53,2.38,54.3,-0.391,19.51,20.76,01a60463o0484o
60463.476888,21.258,1.098,11,12,o,0,1.48,282.18089,33.08094,6664.72,6459.99,2.46,2.43,65.9,-0.402,19.52,20.78,01a60463o0504o
60463.480454,-24.169,14.714,-1,12,o,0,1.03,282.18089,33.08094,6681.15,6343.83,2.38,2.26,61.7,-0.402,19.54,20.78,01a60463o0511o
60464.487309,22.054,2.5,6,14,o,0,1.04,282.18089,33.08094,8225.21,2370.42,2.81,2.67,-65.2,-0.428,19.4,20.76,01a60464o0522o
60464.489157,20.942,0.728,15,11,o,0,1.13,282.18089,33.08094,8203.69,2331.12,2.64,2.59,-73.1,-0.435,19.38,20.75,01a60464o0526o
60464.491928,22.729,4.8,3,14,o,0,0.78,282.18089,33.08094,8259.78,2410.65,2.65,2.58,-60.6,-0.427,19.43,20.74,01a60464o0532o
60464.515105,-22.473,3.103,-4,12,o,0,0.91,282.18089,33.08094,8251.47,2292.54,2.45,2.39,-32.2,-0.447,19.52,20.86,01a60464o0575o
60464.613401,21.559,1.845,9,16,o,0,1.14,282.18089,33.08094,2338.0,8220.84,2.42,2.37,72.1,-0.433,19.16,20.02,01a60464o0771o
60465.4475,-20.658,0.917,-20,18,o,0,0.55,282.18089,33.08094,2368.4,8183.36,2.43,2.29,21.0,-0.409,19.16,20.49,02a60465o0453o
60465.449307,22.062,2.944,5,16,o,0,1.0,282.18089,33.08094,2388.06,8222.58,2.44,2.31,17.1,-0.4,19.12,20.53,02a60465o0457o
60465.481535,-21.532,2.0,-9,18,o,0,0.87,282.18089,33.08094,2347.47,8148.53,2.92,2.84,45.5,-0.391,19.04,20.57,02a60465o0524o
60465.484353,21.632,2.316,8,19,o,0,0.83,282.18089,33.08094,2328.53,8266.37,2.92,2.82,19.8,-0.396,19.06,20.57,02a60465o0530o
60467.501202,-20.869,0.717,-16,12,o,0,0.88,282.18089,33.08094,9985.77,4238.54,2.6,2.5,-61.7,-0.372,19.51,20.98,01a60467o0454o
60467.506929,-21.979,1.911,-6,11,o,0,0.79,282.18089,33.08094,10009.11,4274.43,2.6,2.53,-4.5,-0.375,19.49,20.96,01a60467o0466o
60467.541337,-21.996,2.04,-6,12,o,0,0.69,282.18089,33.08094,9957.52,4189.6,2.46,2.34,-20.7,-0.386,19.61,20.99,01a60467o0537o
60467.544667,23.036,5.5,2,12,o,0,0.64,282.18089,33.08094,9939.46,4305.89,2.51,2.44,-22.0,-0.386,19.56,21.01,01a60467o0544o
60467.545253,21.584,1.183,8,10,o,0,0.89,282.18089,33.08094,58.02,4297.64,2.58,2.35,47.0,-0.366,19.51,21.0,01a60467o0545o
60467.549392,20.694,0.515,19,10,o,0,1.09,282.18089,33.08094,79.91,4335.32,2.51,2.3,46.2,-0.374,19.56,21.0,01a60467o0552o
60468.459885,0.0,21.281,0,11,o,0,1.24,282.18089,33.08094,2315.82,2666.63,2.62,2.34,47.9,-0.431,19.56,21.01,01a60468o0458o
60468.462192,-24.127,10.714,-1,9,o,0,1.22,282.18089,33.08094,2293.66,2628.76,2.52,2.21,46.9,-0.435,19.61,21.04,01a60468o0463o
60468.485977,-21.08,0.687,-13,9,o,0,1.16,282.18089,33.08094,2326.58,2707.14,2.55,2.18,41.2,-0.435,19.61,20.99,01a60468o0507o
60468.497693,-21.112,0.912,-13,12,o,0,0.97,282.18089,33.08094,2329.31,2592.51,2.63,2.34,39.7,-0.431,19.55,21.0,01a60468o0530o
60469.458498,21.02,0.975,14,14,o,0,0.81,282.18089,33.08094,8305.39,7889.63,2.16,2.05,52.4,-0.452,19.56,20.74,02a60469o0275o
60469.46076,-21.379,1.116,-10,11,o,0,1.3,282.18089,33.08094,8327.32,7927.97,2.16,2.06,55.0,-0.452,19.53,20.74,02a60469o0280o
60469.463591,-23.19,6.75,-2,13,o,0,1.01,282.18089,33.08094,8267.32,7852.75,2.18,2.07,50.1,-0.45,19.53,20.73,02a60469o0286o
60469.469016,20.957,0.984,15,15,o,0,0.82,282.18089,33.08094,8252.17,7972.37,2.18,2.08,54.3,-0.451,19.5,20.72,02a60469o0298o
60470.459713,21.288,1.2,11,13,o,0,0.84,282.18089,33.08094,3693.16,2093.74,2.44,2.24,38.6,-0.423,19.3,20.71,02a60470o0457o
60470.461522,26.012,97.0,0,14,o,0,1.24,282.18089,33.08094,3713.68,2133.26,2.49,2.28,42.7,-0.414,19.29,20.7,02a60470o0461o
60470.464404,21.381,1.274,10,13,o,0,0.96,282.18089,33.08094,3656.89,2058.16,2.41,2.25,48.6,-0.428,19.33,20.71,02a60470o0467o
60470.473052,-20.542,0.728,-22,16,o,0,0.77,282.18089,33.08094,3639.98,2173.25,2.4,2.21,39.1,-0.429,19.33,20.7,02a60470o0485o
60471.450872,20.733,0.66,18,12,o,0,1.16,282.18089,33.08094,6930.37,8456.89,2.59,2.47,53.8,-0.41,19.49,20.69,01a60471o0437o
60471.453181,-21.531,1.4,-9,12,o,0,0.9,282.18089,33.08094,6909.31,8418.11,2.56,2.42,54.9,-0.411,19.48,20.67,01a60471o0442o
60471.455951,-21.19,0.943,-12,11,o,0,1.43,282.18089,33.08094,6965.09,8496.28,2.67,2.53,57.4,-0.408,19.42,20.65,01a60471o0448o
60471.469567,23.0,4.0,2,9,o,0,1.56,282.18089,33.08094,6971.37,8379.55,2.57,2.43,49.1,-0.411,19.48,20.75,01a60471o0476o
60472.416175,21.249,1.038,12,12,o,0,0.98,282.18089,33.08094,8870.51,8397.09,2.82,2.48,37.2,-0.43,19.41,20.9,01a60472o0347o
60472.419979,-21.444,1.208,-10,12,o,0,0.86,282.18089,33.08094,8847.23,8354.82,2.56,2.43,-64.9,-0.453,19.53,20.89,01a60472o0353o
60472.443589,-22.074,2.333,-5,12,o,0,1.0,282.18089,33.08094,8889.51,8431.19,2.61,2.49,-59.4,-0.446,19.51,20.83,01a60472o0397o
60472.45383,-20.806,0.719,-17,12,o,0,0.89,282.18089,33.08094,8896.04,8313.67,2.64,2.57,-68.3,-0.445,19.48,20.78,01a60472o0415o
60473.433847,21.945,1.857,6,11,o,0,0.65,282.18089,33.08094,1775.7,2161.02,2.04,1.98,56.3,-0.46,19.5,20.85,02a60473o0416o
60473.435655,-22.077,2.204,-5,12,o,0,0.87,282.18089,33.08094,1796.17,2198.96,2.05,1.99,65.2,-0.461,19.47,20.84,02a60473o0420o
60473.438822,-21.943,1.873,-6,11,o,0,0.68,282.18089,33.08094,1737.59,2119.86,2.06,2.02,59.5,-0.45,19.47,20.83,02a60473o0427o
60473.4467,21.145,0.934,13,12,o,0,0.66,282.18089,33.08094,1725.35,2237.6,2.01,1.94,61.1,-0.455,19.48,20.82,02a60473o0444o
60474.451147,-21.482,1.093,-9,10,o,0,1.04,282.18089,33.08094,2070.63,4206.55,2.23,1.82,36.7,-0.462,19.54,20.86,02a60474o0439o
60474.453406,21.801,1.969,7,14,o,0,0.55,282.18089,33.08094,2092.48,4244.55,2.24,1.82,36.4,-0.463,19.53,20.86,02a60474o0444o
60474.477471,-23.045,5.579,-2,12,o,0,0.8,282.18089,33.08094,2051.1,4169.76,2.35,1.87,34.7,-0.459,19.5,20.78,02a60474o0488o
60474.480635,20.563,0.694,22,15,o,0,0.62,282.18089,33.08094,2034.15,4288.44,2.33,1.89,34.5,-0.462,19.46,20.77,02a60474o0495o
60475.505705,-19.921,0.694,-39,27,o,0,0.87,282.18089,33.08094,1998.52,4242.38,2.64,2.22,43.9,-0.409,18.66,19.83,01a60475o0564o
60475.509214,-21.316,1.885,-11,20,o,0,0.94,282.18089,33.08094,2019.69,4281.69,2.7,2.35,44.8,-0.398,18.89,20.12,01a60475o0571o
60475.543664,-20.704,0.846,-19,16,o,0,1.36,282.18089,33.08094,1971.51,4195.84,2.78,2.44,45.9,-0.389,18.94,20.19,01a60475o0637o
60475.571321,-21.091,1.418,-13,19,o,0,1.73,282.18089,33.08094,1959.11,4304.44,2.66,2.41,43.7,-0.394,18.68,19.9,01a60475o0691o
60476.444986,20.177,0.376,31,12,o,0,1.24,282.18089,33.08094,6225.86,492.44,2.4,2.25,49.8,-0.446,19.48,20.74,01a60476o0435o
60476.446836,21.833,1.6,7,11,o,0,1.28,282.18089,33.08094,6202.09,452.76,2.36,2.25,57.8,-0.446,19.49,20.76,01a60476o0439o
60476.449607,20.877,0.587,16,10,o,0,1.17,282.18089,33.08094,6259.92,532.43,2.37,2.27,53.4,-0.442,19.49,20.79,01a60476o0445o
60476.475507,-21.784,1.705,-7,12,o,0,0.79,282.18089,33.08094,6245.89,415.5,2.4,2.3,34.2,-0.437,19.6,21.07,01a60476o0496o
60477.443795,22.19,3.068,5,15,o,0,1.25,282.18089,33.08094,4390.39,10061.11,2.1,2.05,-87.0,-0.422,19.35,20.36,02a60477o0426o
60477.446506,-23.048,7.2,-2,16,o,0,1.19,282.18089,33.08094,4415.65,10102.55,2.11,2.06,-87.6,-0.412,19.34,20.38,02a60477o0432o
60477.449668,21.651,1.7,8,14,o,0,1.28,282.18089,33.08094,4354.99,10023.86,2.15,2.08,82.7,-0.411,19.35,20.38,02a60477o0439o
60477.475704,-20.865,0.796,-16,13,o,0,1.26,282.18089,33.08094,4351.85,10146.35,2.18,2.09,34.8,-0.414,19.41,20.55,02a60477o0493o
60480.47942,-21.488,1.639,-9,15,o,0,0.94,282.18089,33.08094,6282.38,8013.29,2.7,2.41,48.1,-0.374,19.14,20.1,01a60480o0506o
60480.506132,-21.172,1.102,-12,14,o,0,1.38,282.18089,33.08094,6310.57,8046.41,2.64,2.41,49.6,-0.381,19.14,20.09,01a60480o0559o
60480.533806,19.23,0.808,74,60,o,0,0.99,282.18089,33.08094,6258.18,7964.03,2.65,2.44,49.5,-0.378,17.5,19.23,01a60480o0613o
60480.542367,-21.832,2.13,-7,14,o,0,1.18,282.18089,33.08094,6239.54,8077.46,2.64,2.36,50.8,-0.384,19.17,20.22,01a60480o0626o
60481.434153,-20.185,0.711,-31,22,o,0,1.58,282.18089,33.08094,6332.15,8008.61,2.45,2.13,41.6,-0.43,18.91,19.57,02a60481o0414o
60481.435962,-24.576,41.75,0,22,o,0,1.28,282.18089,33.08094,6353.21,8048.53,2.46,2.12,41.0,-0.43,18.86,19.56,02a60481o0418o
60481.439127,-20.268,0.83,-28,24,o,0,0.91,282.18089,33.08094,6296.3,7973.67,2.5,2.16,42.2,-0.423,18.83,19.53,02a60481o0425o
60481.444551,-20.09,0.887,-33,30,o,0,0.8,282.18089,33.08094,6277.21,8092.83,2.5,2.14,36.3,-0.423,18.72,19.32,02a60481o0437o
60482.487338,-20.312,1.214,-27,33,o,0,0.73,282.18089,33.08094,6251.18,2454.64,3.7,2.79,-9.4,-0.36,18.33,19.27,02a60482o0492o
60482.522994,20.924,1.485,16,23,o,0,1.22,282.18089,33.08094,6225.54,2417.28,2.59,2.45,40.7,-0.395,18.59,19.27,02a60482o0563o
60482.525934,20.627,1.301,20,26,o,0,0.85,282.18089,33.08094,6285.07,2496.35,2.64,2.52,63.9,-0.399,18.57,19.27,02a60482o0568o
60482.551615,20.57,1.021,22,22,o,0,1.34,282.18089,33.08094,6305.23,2379.26,2.5,2.41,53.2,-0.398,18.55,19.25,02a60482o0622o
60483.475264,-19.702,0.7,-48,34,o,0,0.67,282.18089,33.08094,4311.96,8130.4,3.42,3.17,40.0,-0.326,18.58,19.41,01a60483o0494o
60483.478034,-22.556,8.5,-3,29,o,0,0.64,282.18089,33.08094,4333.37,8168.38,3.34,3.08,42.4,-0.335,18.62,19.42,01a60483o0500o
60483.521773,-20.066,1.076,-34,37,o,0,0.54,282.18089,33.08094,4266.79,8195.65,3.39,3.16,43.8,-0.329,18.57,19.35,01a60483o0586o
60484.46936,21.657,2.483,8,20,o,0,0.88,282.18089,33.08094,5850.17,4051.03,2.68,2.48,40.2,-0.377,18.88,19.52,01a60484o0486o
60484.504886,21.251,1.629,12,19,o,0,0.91,282.18089,33.08094,5881.57,4081.09,2.66,2.45,36.2,-0.375,18.89,19.51,01a60484o0556o
60484.508219,20.654,1.0,20,20,o,0,0.78,282.18089,33.08094,5826.54,4002.57,2.72,2.49,37.5,-0.378,18.87,19.5,01a60484o0563o
60484.513929,21.549,1.935,9,17,o,0,1.35,282.18089,33.08094,5809.44,4119.01,2.79,2.54,34.6,-0.373,18.82,19.48,01a60484o0575o
60485.466891,-19.817,0.608,-43,26,o,0,0.9,282.18089,33.08094,4691.18,6519.42,3.49,2.58,-9.7,-0.36,18.55,19.48,02a60485o0485o
60485.470224,20.974,1.38,15,20,o,0,1.01,282.18089,33.08094,4672.5,6480.16,2.78,2.31,10.6,-0.401,18.78,19.56,02a60485o0492o
60485.505872,22.161,4.25,5,21,o,0,0.92,282.18089,33.08094,4721.18,6559.81,2.52,2.15,33.0,-0.414,18.86,19.49,02a60485o0567o
60485.534471,-20.468,0.934,-24,22,o,0,1.12,282.18089,33.08094,4739.19,6445.04,2.53,2.17,35.2,-0.419,18.86,19.51,02a60485o0626o
60486.494409,21.296,1.326,11,15,o,0,1.34,282.18089,33.08094,2216.54,719.11,2.19,2.01,-65.2,-0.445,19.08,19.84,02a60486o0538o
60486.497735,21.356,1.89,10,20,o,0,0.77,282.18089,33.08094,2196.93,682.27,2.49,2.25,-44.1,-0.412,18.93,19.83,02a60486o0545o
60486.504603,20.143,0.673,32,21,o,0,0.98,282.18089,33.08094,2257.3,760.79,2.89,2.72,-71.1,-0.4,18.76,19.84,02a60486o0558o
60486.538309,20.37,0.724,26,19,o,0,0.98,282.18089,33.08094,2271.39,641.79,2.23,2.08,-68.9,-0.448,18.97,19.71,02a60486o0627o
60487.473992,-20.313,0.567,-27,15,o,0,0.84,282.18089,33.08094,8366.63,9825.31,2.49,2.43,62.9,-0.428,19.34,20.37,01a60487o0490o
60487.476876,-21.041,1.198,-14,17,o,0,0.61,282.18089,33.08094,8387.63,9863.5,2.48,2.43,45.4,-0.431,19.38,20.38,01a60487o0496o
60487.507835,21.672,1.567,8,12,o,0,1.36,282.18089,33.08094,8336.39,9780.51,2.55,2.44,66.6,-0.428,19.32,20.35,01a60487o0558o
60487.513228,20.389,0.66,25,17,o,0,0.87,282.18089,33.08094,8318.47,9895.09,2.58,2.53,-89.2,-0.423,19.33,20.35,01a60487o0569o
60488.476551,-20.234,0.498,-29,15,o,0,0.69,282.18089,33.08094,10027.14,6172.38,2.53,2.43,-12.6,-0.423,19.4,20.5,01a60488o0483o
60488.477013,24.713,27.25,0,13,o,0,0.81,282.18089,33.08094,86.83,6248.85,2.53,2.36,56.9,-0.389,19.34,20.48,01a60488o0484o
60488.479784,-21.543,1.7,-9,15,o,0,0.64,282.18089,33.08094,10048.35,6208.77,2.48,2.42,-6.1,-0.431,19.41,20.5,01a60488o0490o
60488.480245,24.756,23.5,0,11,o,0,1.22,282.18089,33.08094,108.17,6286.49,2.45,2.32,56.1,-0.396,19.36,20.48,01a60488o0491o
60488.514766,-20.382,0.51,-26,13,o,0,0.94,282.18089,33.08094,9994.84,6128.58,2.47,2.37,-37.7,-0.434,19.38,20.46,01a60488o0562o
60488.515338,-22.651,3.556,-3,11,o,0,1.27,282.18089,33.08094,58.48,6200.52,2.53,2.31,60.0,-0.395,19.36,20.46,01a60488o0563o
60488.521619,22.349,3.471,4,14,o,0,0.65,282.18089,33.08094,9977.34,6243.2,2.46,2.37,-38.4,-0.436,19.37,20.46,01a60488o0575o
60488.522639,22.356,3.639,4,15,o,0,0.71,282.18089,33.08094,40.84,6314.38,2.47,2.31,60.8,-0.397,19.36,20.46,01a60488o0577o
60489.43337,21.985,2.085,6,12,o,0,0.89,282.18089,33.08094,146.78,6205.46,2.06,1.93,14.9,-0.398,19.46,20.66,02a60489o0414o
60489.436531,-23.728,10.364,-1,12,o,0,0.81,282.18089,33.08094,168.69,6247.75,2.11,2.02,13.6,-0.399,19.44,20.66,02a60489o0421o
60489.441959,-22.052,2.38,-6,13,o,0,0.82,282.18089,33.08094,113.06,6167.3,2.18,2.04,11.8,-0.392,19.39,20.63,02a60489o0433o
60489.447388,21.257,1.065,11,12,o,0,1.03,282.18089,33.08094,97.12,6287.36,2.13,1.99,10.4,-0.4,19.42,20.59,02a60489o0445o
60489.467541,-25.401,44.0,0,11,o,0,1.47,282.18089,33.08094,537.71,4359.48,2.33,2.1,25.7,-0.422,19.3,20.5,02a60489o0485o
60489.471159,20.099,0.402,33,13,o,0,0.8,282.18089,33.08094,517.75,4320.7,2.27,2.07,25.1,-0.42,19.33,20.51,02a60489o0493o
60489.506848,22.547,3.7,4,13,o,0,1.04,282.18089,33.08094,568.23,4396.58,2.23,2.0,28.7,-0.428,19.32,20.38,02a60489o0566o
60489.535259,21.118,0.95,13,12,o,0,1.22,282.18089,33.08094,584.26,4277.82,2.1,1.94,31.6,-0.437,19.37,20.39,02a60489o0625o
60490.586157,21.926,2.804,6,17,o,0,0.97,282.18089,33.08094,8219.87,425.06,2.42,1.78,-56.0,-0.469,19.39,20.56,02a60490o0067o
60490.588989,20.09,0.488,33,16,o,0,0.92,282.18089,33.08094,8200.36,385.87,2.31,1.71,-56.5,-0.479,19.4,20.55,02a60490o0073o
60490.609921,-20.398,0.773,-25,20,o,0,0.92,282.18089,33.08094,8258.51,465.6,2.41,1.73,-55.4,-0.493,19.17,20.1,02a60490o0116o
60490.617076,-22.725,12.308,-3,36,o,0,0.94,282.18089,33.08094,8278.21,347.02,2.31,1.69,-57.6,-0.503,18.54,18.95,02a60490o0131o
60492.434714,21.176,0.745,12,9,o,0,1.29,282.18089,33.08094,7641.47,2370.93,2.49,2.43,46.6,-0.431,19.66,21.11,01a60492o0411o
60492.4447,-21.756,1.259,-7,9,o,0,1.06,282.18089,33.08094,7664.31,2406.86,2.52,2.39,48.7,-0.429,19.64,21.13,01a60492o0430o
60492.448147,22.633,3.32,3,11,o,0,0.97,282.18089,33.08094,7608.8,2329.83,2.52,2.47,34.4,-0.427,19.61,21.11,01a60492o0437o
60492.476935,22.073,1.632,5,9,o,0,1.17,282.18089,33.08094,7596.19,2440.89,2.67,2.62,51.6,-0.408,19.56,21.15,01a60492o0496o
60493.325801,-23.076,5.05,-2,11,o,0,1.33,282.18089,33.08094,7697.11,2367.97,2.11,1.91,-57.1,-0.431,19.53,20.86,02a60493o0177o
60493.327609,-20.861,0.626,-16,10,o,0,1.12,282.18089,33.08094,7716.7,2406.4,2.15,1.98,-54.1,-0.425,19.49,20.86,02a60493o0181o
60493.330776,-20.877,0.857,-16,14,o,0,0.59,282.18089,33.08094,7661.81,2330.29,2.09,1.9,-57.2,-0.432,19.54,20.89,02a60493o0188o
60493.346253,-22.508,3.125,-4,11,o,0,0.8,282.18089,33.08094,7646.88,2447.86,2.16,2.03,-62.9,-0.421,19.46,20.94,02a60493o0219o
60494.461248,-21.455,1.129,-10,11,o,0,0.89,282.18089,33.08094,2672.23,4704.58,2.29,1.83,29.0,-0.464,19.59,20.95,02a60494o0458o
60494.46441,20.178,0.333,31,10,o,0,0.83,282.18089,33.08094,2653.36,4664.28,2.32,1.81,34.6,-0.458,19.57,20.95,02a60494o0465o
60494.470909,21.577,1.622,8,14,o,0,0.68,282.18089,33.08094,2712.48,4742.67,2.42,1.79,34.1,-0.459,19.58,21.01,02a60494o0479o
60494.506309,-22.421,3.281,-4,13,o,0,0.61,282.18089,33.08094,2726.45,4626.59,2.42,1.91,36.5,-0.45,19.49,20.86,02a60494o0550o
60495.458336,-21.935,1.795,-6,11,o,0,0.73,282.18089,33.08094,7888.52,5843.5,2.73,2.56,27.1,-0.384,19.53,20.97,01a60495o0461o
60495.46203,22.609,3.609,3,12,o,0,0.73,282.18089,33.08094,7909.06,5880.68,2.74,2.61,29.7,-0.387,19.5,20.97,01a60495o0469o
60495.497654,-20.617,0.597,-21,12,o,0,0.79,282.18089,33.08094,7855.76,5799.94,2.69,2.56,44.8,-0.382,19.46,20.81,01a60495o0539o
60495.511419,-23.665,8.556,-1,11,o,0,1.03,282.18089,33.08094,7838.68,5913.27,2.7,2.57,37.4,-0.381,19.42,20.75,01a60495o0565o
60496.424625,-24.933,33.333,0,13,o,0,0.73,282.18089,33.08094,7770.99,3919.3,2.59,2.47,39.1,-0.398,19.55,20.88,01a60496o0391o
60496.428074,-22.178,2.256,-5,11,o,0,1.05,282.18089,33.08094,7791.79,3955.36,2.56,2.42,35.3,-0.401,19.53,20.87,01a60496o0398o
60496.433817,22.663,3.5,3,11,o,0,0.78,282.18089,33.08094,7735.52,3877.99,2.62,2.46,38.0,-0.397,19.49,20.85,01a60496o0410o
60496.466791,21.735,1.439,7,11,o,0,1.02,282.18089,33.08094,7722.89,3987.11,2.56,2.48,44.0,-0.399,19.55,20.96,01a60496o0479o
60497.423812,-21.113,0.896,-13,12,o,0,1.05,282.18089,33.08094,2775.54,6636.55,2.38,1.87,29.6,-0.425,19.44,20.69,02a60497o0386o
60497.426964,-23.502,9.923,-1,14,o,0,0.65,282.18089,33.08094,2756.07,6598.14,2.33,1.86,32.4,-0.427,19.48,20.69,02a60497o0392o
60497.461493,20.252,0.383,29,11,o,0,1.05,282.18089,33.08094,2810.58,6675.13,2.31,1.87,34.0,-0.427,19.5,20.66,02a60497o0465o
60497.467671,-22.193,2.643,-5,13,o,0,0.92,282.18089,33.08094,2831.47,6559.6,2.37,1.89,34.3,-0.428,19.47,20.68,02a60497o0477o
60498.418555,24.402,19.0,1,12,o,0,0.85,282.18089,33.08094,330.33,2811.5,2.05,2.0,-37.6,-0.424,19.53,20.76,02a60498o0375o
60498.423034,21.768,1.424,7,10,o,0,0.87,282.18089,33.08094,310.95,2774.57,2.12,1.99,-3.8,-0.425,19.48,20.75,02a60498o0384o
60498.455384,-21.512,0.868,-9,8,o,0,1.79,282.18089,33.08094,368.83,2848.35,1.96,1.94,8.9,-0.435,19.52,20.66,02a60498o0450o
60498.483877,21.728,1.367,7,10,o,0,1.1,282.18089,33.08094,382.64,2728.15,1.94,1.83,36.3,-0.455,19.52,20.68,02a60498o0507o
60498.489838,-23.409,10.133,-2,16,o,0,0.7,282.18089,33.08094,10446.0,2809.33,2.3,1.69,-54.2,-0.472,19.51,20.7,02a60498o0519o
60498.495316,23.924,12.333,1,12,o,0,1.06,282.18089,33.08094,10428.04,2771.17,2.33,1.72,-56.2,-0.473,19.49,20.69,02a60498o0530o
60498.49948,21.439,1.967,10,19,o,0,0.74,282.18089,33.08094,10492.25,2852.19,2.3,1.69,-55.3,-0.484,19.51,20.69,02a60498o0537o
60498.534628,-22.056,5.06,-6,28,o,0,0.56,282.18089,33.08094,10505.23,2734.17,2.31,1.7,-55.4,-0.491,19.46,20.62,02a60498o0611o
60499.399637,-25.554,50.0,0,11,o,0,0.79,282.18089,33.08094,10436.59,2795.59,2.4,2.22,-37.1,-0.388,19.61,21.0,01a60499o0331o
60499.401484,21.381,1.032,10,10,o,0,0.9,282.18089,33.08094,10414.47,2756.34,2.36,2.21,-43.6,-0.392,19.61,20.98,01a60499o0335o
60499.404322,-21.632,1.137,-8,9,o,0,1.34,282.18089,33.08094,10472.58,2834.86,2.41,2.23,-35.5,-0.389,19.59,20.96,01a60499o0341o
60499.428896,22.675,3.464,3,11,o,0,0.99,282.18089,33.08094,54.45,7888.42,2.38,2.23,70.1,-0.435,19.58,20.89,01a60499o0391o
60499.492507,20.594,0.556,21,12,o,0,0.72,282.18089,33.08094,10259.95,7710.43,2.47,2.43,-28.1,-0.445,19.48,20.8,01a60499o0510o
60499.521009,-20.451,0.545,-24,13,o,0,1.14,282.18089,33.08094,10283.58,7747.45,2.55,2.44,-46.2,-0.438,19.4,20.7,01a60499o0567o
60499.524327,-20.511,0.669,-23,15,o,0,0.7,282.18089,33.08094,10216.67,7671.89,2.56,2.47,-49.2,-0.44,19.26,20.58,01a60499o0572o
60500.4193,-23.586,8.636,-1,12,o,0,0.9,282.18089,33.08094,5518.78,2020.45,2.52,2.35,34.9,-0.418,19.54,20.83,01a60500o0378o
60500.422636,-21.517,1.178,-9,11,o,0,1.07,282.18089,33.08094,5539.67,2058.75,2.53,2.37,42.7,-0.419,19.52,20.83,01a60500o0385o
60500.452391,20.912,0.644,16,10,o,0,1.41,282.18089,33.08094,5487.47,1972.66,2.44,2.3,44.8,-0.425,19.49,20.74,01a60500o0442o
60500.480614,21.972,1.93,6,11,o,0,1.1,282.18089,33.08094,5472.74,2085.15,2.7,2.52,10.1,-0.405,19.37,20.62,01a60500o0500o
60501.42216,21.766,2.283,7,16,o,0,0.69,282.18089,33.08094,5001.46,8549.43,2.62,2.33,4.6,-0.415,19.32,20.77,02a60501o0356o
60501.426228,21.395,1.476,10,15,o,0,1.01,282.18089,33.08094,4984.04,8511.24,2.62,2.4,9.4,-0.412,19.31,20.77,02a60501o0365o
60503.415456,-21.804,1.83,-7,13,o,0,0.8,282.18089,33.08094,2042.7,6184.63,2.63,2.44,41.7,-0.409,19.48,20.86,01a60503o0361o
60503.441352,21.749,1.815,7,13,o,0,0.79,282.18089,33.08094,2070.94,6216.61,2.69,2.47,40.0,-0.4,19.42,20.77,01a60503o0411o
60503.447902,-23.317,7.077,-2,12,o,0,1.12,282.18089,33.08094,2013.86,6136.43,2.66,2.45,40.3,-0.404,19.41,20.68,01a60503o0425o
60503.451596,23.766,11.5,1,13,o,0,0.84,282.18089,33.08094,1995.44,6251.94,2.81,2.52,44.5,-0.393,19.38,20.68,01a60503o0433o
60504.414698,23.018,5.846,2,13,o,0,0.6,282.18089,33.08094,9566.63,2210.3,3.05,2.89,-48.2,-0.38,19.43,21.09,01a60504o0371o
60504.417933,22.409,3.13,4,12,o,0,0.89,282.18089,33.08094,9586.81,2247.6,3.02,2.88,-50.5,-0.389,19.44,21.11,01a60504o0378o
60504.425267,21.189,4.739,12,58,o,0,0.57,282.18089,33.08094,9532.06,2169.29,3.0,2.86,-42.6,-0.398,18.16,19.75,01a60504o0393o
60504.435598,-21.462,1.491,-9,14,o,0,0.91,282.18089,33.08094,9514.27,2282.75,2.8,2.67,-54.6,-0.4,19.33,20.93,01a60504o0414o
60505.435258,-21.227,1.029,-12,12,o,0,1.0,282.18089,33.08094,968.09,8331.52,2.16,1.94,-46.0,-0.455,19.53,20.95,02a60505o0323o
60505.438423,-22.377,3.457,-4,14,o,0,0.74,282.18089,33.08094,949.31,8293.57,2.18,1.99,-40.3,-0.46,19.52,20.96,02a60505o0330o
60505.443552,20.986,0.927,15,14,o,0,0.84,282.18089,33.08094,1005.74,8372.71,2.41,2.13,-37.2,-0.434,19.46,21.0,02a60505o0341o
60505.453628,-21.634,1.371,-8,11,o,0,1.48,282.18089,33.08094,1023.94,8252.61,2.3,2.12,-47.6,-0.456,19.47,20.94,02a60505o0362o
60506.401873,-21.532,0.976,-9,9,o,0,1.59,282.18089,33.08094,4614.52,4578.61,2.21,1.85,23.6,-0.443,19.42,20.55,02a60506o0335o
60506.414651,-23.378,8.846,-2,14,o,0,0.89,282.18089,33.08094,4593.02,4540.93,2.42,1.99,23.8,-0.427,19.36,20.58,02a60506o0360o
60506.422838,-23.587,7.154,-1,10,o,0,1.67,282.18089,33.08094,4651.76,4621.27,2.13,1.82,30.2,-0.449,19.46,20.61,02a60506o0376o
60506.426456,22.034,2.4,6,13,o,0,0.99,282.18089,33.08094,4672.45,4508.14,2.25,1.87,30.5,-0.457,19.43,20.63,02a60506o0384o
60507.410057,-20.18,0.372,-31,12,o,0,1.1,282.18089,33.08094,5940.15,5981.39,2.66,2.37,36.5,-0.382,19.36,20.48,01a60507o0365o
60507.413288,22.151,2.744,5,14,o,0,0.79,282.18089,33.08094,5960.74,6018.78,2.74,2.41,37.5,-0.37,19.35,20.48,01a60507o0372o
60507.425398,21.396,1.127,10,11,o,0,1.09,282.18089,33.08094,5905.96,5940.71,2.7,2.41,34.4,-0.374,19.37,20.49,01a60507o0397o
60507.431602,22.684,3.917,3,12,o,0,1.09,282.18089,33.08094,5888.51,6053.36,2.71,2.41,33.6,-0.374,19.37,20.5,01a60507o0410o
60508.40916,21.549,1.636,9,14,o,0,0.93,282.18089,33.08094,6355.11,9955.81,2.7,2.46,57.9,-0.387,19.28,20.3,01a60508o0360o
60508.412484,20.767,0.794,18,14,o,0,1.15,282.18089,33.08094,6379.82,9993.82,2.74,2.51,58.9,-0.389,19.28,20.3,01a60508o0367o
60508.426601,-22.577,3.846,-3,13,o,0,1.45,282.18089,33.08094,6323.3,9911.88,2.6,2.49,65.8,-0.399,19.27,20.28,01a60508o0397o
60508.432726,-22.152,2.947,-5,15,o,0,0.88,282.18089,33.08094,6305.7,10028.09,2.62,2.52,66.2,-0.391,19.27,20.27,01a60508o0408o
60509.40896,20.933,1.078,15,17,o,0,1.12,282.18089,33.08094,4233.21,602.36,2.33,2.24,-75.6,-0.424,19.0,19.93,02a60509o0364o
60509.412125,-22.391,4.051,-4,16,o,0,0.93,282.18089,33.08094,4211.02,564.18,2.05,1.92,-64.8,-0.443,19.16,19.93,02a60509o0371o
60509.421925,-25.514,71.5,0,16,o,0,1.15,282.18089,33.08094,4272.93,641.92,2.15,2.01,-68.7,-0.441,19.12,19.95,02a60509o0392o
60509.454194,20.327,0.619,27,17,o,0,0.99,282.18089,33.08094,4287.28,520.15,2.12,1.96,-70.2,-0.441,19.12,19.93,02a60509o0460o
60510.387504,-20.902,1.278,-16,20,o,0,0.88,282.18089,33.08094,207.74,852.25,2.4,1.84,-61.9,-0.464,19.08,19.65,02a60510o0320o
60510.390671,-22.926,7.3,-2,18,o,0,1.04,282.18089,33.08094,187.22,812.69,2.45,1.89,-53.9,-0.452,19.09,19.64,02a60510o0327o
60510.400878,20.572,0.834,21,18,o,0,0.99,282.18089,33.08094,245.73,888.24,2.37,1.89,-58.3,-0.447,19.05,19.65,02a60510o0348o
60510.407205,22.006,3.5,6,20,o,0,0.87,282.18089,33.08094,264.96,774.98,2.26,1.91,-60.9,-0.456,19.04,19.65,02a60510o0362o
60510.410369,20.085,0.741,34,25,o,0,1.63,282.18089,33.08094,10359.67,843.42,2.62,1.55,-61.1,-0.519,19.07,19.67,02a60510o0369o
60510.418393,20.314,1.087,27,30,o,0,0.75,282.18089,33.08094,10340.93,808.63,2.61,1.62,-58.8,-0.532,19.06,19.67,02a60510o0386o
60510.454389,20.096,0.746,33,25,o,0,0.83,282.18089,33.08094,10394.53,884.98,2.68,1.62,-56.1,-0.507,19.01,19.68,02a60510o0460o
60510.479531,21.755,3.556,7,26,o,0,0.82,282.18089,33.08094,10408.14,766.52,2.7,1.58,-54.9,-0.512,19.02,19.64,02a60510o0510o
60511.414646,19.667,0.818,49,40,o,0,0.72,282.18089,33.08094,10384.0,9669.26,2.55,2.41,-54.7,-0.446,18.35,18.63,01a60511o0254o
60511.417877,19.631,0.884,51,45,o,0,0.99,282.18089,33.08094,10406.13,9707.01,2.75,2.46,-52.6,-0.448,18.25,18.51,01a60511o0261o
60511.419723,-21.587,4.579,-8,38,o,0,1.08,282.18089,33.08094,229.27,9760.58,2.54,2.26,-84.8,-0.507,18.48,18.88,01a60511o0265o
60511.422613,-19.727,0.536,-47,25,o,0,1.38,282.18089,33.08094,250.62,9800.38,2.73,2.53,88.5,-0.475,18.7,19.27,01a60511o0271o
60511.423997,21.013,1.75,14,25,o,0,1.15,282.18089,33.08094,10347.61,9629.36,2.72,2.64,-46.7,-0.434,18.68,19.25,01a60511o0274o
60511.428246,22.045,3.891,6,22,o,0,1.09,282.18089,33.08094,193.34,9718.79,2.43,2.22,-76.9,-0.495,18.86,19.36,01a60511o0282o
60511.433787,-20.874,1.456,-16,24,o,0,0.81,282.18089,33.08094,10331.98,9745.0,2.53,2.42,-58.5,-0.453,18.85,19.38,01a60511o0294o
60511.449594,-19.709,0.509,-48,24,o,0,0.85,282.18089,33.08094,179.61,9830.73,2.52,2.29,-88.4,-0.507,18.83,19.35,01a60511o0326o
60512.398213,20.3,0.955,28,26,o,0,0.58,282.18089,33.08094,3925.66,4155.29,2.7,2.3,42.7,-0.392,18.8,19.27,01a60512o0306o
60512.401447,-19.857,0.578,-41,24,o,0,0.79,282.18089,33.08094,3946.58,4194.44,2.73,2.34,43.2,-0.393,18.74,19.26,01a60512o0313o
60512.40699,-23.171,11.75,-2,23,o,0,0.9,282.18089,33.08094,3889.51,4113.82,2.69,2.27,42.1,-0.398,18.8,19.26,01a60512o0325o
60512.418019,-21.758,2.7,-7,19,o,0,0.96,282.18089,33.08094,3874.24,4228.61,2.64,2.29,32.6,-0.394,18.82,19.25,01a60512o0348o
60513.418217,-20.464,0.985,-24,23,o,0,0.76,282.18089,33.08094,6607.61,6421.04,2.15,2.12,74.1,-0.437,18.81,19.39,02a60513o0324o
60513.42138,22.126,3.977,5,20,o,0,0.95,282.18089,33.08094,6587.96,6380.08,2.18,2.11,43.9,-0.425,18.85,19.38,02a60513o0331o
60513.429064,20.048,0.533,35,18,o,0,1.25,282.18089,33.08094,6646.04,6459.93,2.22,2.21,-3.1,-0.429,18.83,19.37,02a60513o0348o
60513.43995,-20.979,1.403,-15,21,o,0,0.7,282.18089,33.08094,6662.37,6341.02,2.17,2.1,48.0,-0.426,18.83,19.34,02a60513o0371o
60515.404322,-20.301,0.569,-28,16,o,0,0.9,282.18089,33.08094,2343.46,8215.37,2.79,2.63,53.0,-0.395,19.13,20.14,01a60515o0354o
60515.407198,-20.772,0.831,-18,15,o,0,0.94,282.18089,33.08094,2364.53,8253.96,2.68,2.54,53.0,-0.402,19.16,20.13,01a60515o0360o
60515.417329,23.886,16.286,1,16,o,0,1.01,282.18089,33.08094,2307.67,8173.73,2.79,2.61,57.4,-0.385,19.13,20.1,01a60515o0380o
60515.423431,-23.102,7.929,-2,16,o,0,1.11,282.18089,33.08094,2289.37,8287.94,2.85,2.65,45.1,-0.381,19.09,20.07,01a60515o0393o
60517.506877,25.425,59.5,0,15,o,0,1.03,282.18089,33.08094,536.76,6299.61,2.25,2.08,-51.3,-0.412,19.09,20.03,02a60517o0099o
60517.508234,-20.784,1.404,-18,25,o,0,1.09,282.18089,33.08094,10473.59,6314.71,2.81,2.33,-58.8,-0.453,19.14,20.09,02a60517o0102o
60517.510041,-21.633,2.0,-8,16,o,0,1.08,282.18089,33.08094,517.19,6261.75,2.16,2.04,-49.0,-0.409,19.13,20.02,02a60517o0106o
60517.511396,-21.562,2.633,-9,23,o,0,0.77,282.18089,33.08094,10453.85,6274.63,2.8,2.29,-56.9,-0.457,19.12,20.08,02a60517o0109o
60517.516402,-22.493,4.387,-4,16,o,0,0.97,282.18089,33.08094,579.34,6335.06,2.19,2.03,-49.4,-0.42,19.1,19.99,02a60517o0120o
60517.517784,-19.892,0.74,-40,30,o,0,1.47,282.18089,33.08094,10516.23,6353.21,2.9,2.28,-57.8,-0.451,19.12,20.05,02a60517o0123o
60517.528577,20.825,1.056,17,18,o,0,0.79,282.18089,33.08094,596.98,6219.0,2.35,2.18,-58.2,-0.406,18.99,19.89,02a60517o0146o
60518.396826,-21.37,1.233,-10,13,o,0,0.79,282.18089,33.08094,2314.61,2667.71,2.21,2.07,35.1,-0.437,19.49,20.81,02a60518o0331o
60518.399643,-23.012,5.824,-2,13,o,0,0.83,282.18089,33.08094,2295.59,2629.57,2.34,2.19,34.2,-0.436,19.4,20.77,02a60518o0337o
60518.420098,22.236,2.941,5,14,o,0,0.93,282.18089,33.08094,2357.24,2706.04,2.37,2.21,37.3,-0.434,19.34,20.64,02a60518o0379o
60518.427008,-21.438,1.515,-10,15,o,0,0.92,282.18089,33.08094,2376.89,2589.5,2.48,2.29,39.9,-0.425,19.32,20.63,02a60518o0394o
60519.366304,-21.162,0.791,-12,10,o,0,1.0,282.18089,33.08094,8254.19,7878.58,2.56,2.54,-87.3,-0.439,19.65,21.16,01a60519o0278o
60519.389916,22.225,2.5,5,12,o,0,0.84,282.18089,33.08094,8281.71,7911.19,2.71,2.6,31.9,-0.428,19.56,21.07,01a60519o0326o
60519.393149,-21.358,1.123,-10,12,o,0,0.92,282.18089,33.08094,8220.55,7832.2,2.67,2.57,50.7,-0.428,19.58,21.06,01a60519o0333o
60519.402067,-22.99,5.059,-2,12,o,0,1.14,282.18089,33.08094,8203.16,7948.22,2.64,2.49,42.3,-0.427,19.57,21.02,01a60519o0351o
60520.397496,-22.139,2.732,-5,14,o,0,0.8,282.18089,33.08094,3621.14,2112.36,2.55,2.32,40.3,-0.441,19.36,20.46,01a60520o0344o
60520.405353,-21.34,1.116,-11,12,o,0,1.17,282.18089,33.08094,3641.63,2149.79,2.54,2.3,36.9,-0.444,19.37,20.49,01a60520o0359o
60520.408224,20.465,0.463,24,11,o,0,1.16,282.18089,33.08094,3584.67,2070.82,2.46,2.27,41.1,-0.446,19.42,20.5,01a60520o0365o
60520.418399,-20.997,0.927,-14,13,o,0,0.66,282.18089,33.08094,3566.37,2185.35,2.49,2.26,40.1,-0.438,19.4,20.54,01a60520o0386o
60521.404336,-20.027,0.89,-35,32,o,0,2.41,282.18089,33.08094,6910.89,8459.5,2.23,2.14,-61.6,-0.442,18.19,19.3,02a60521o0358o
60521.407501,-21.386,5.19,-10,53,o,0,0.96,282.18089,33.08094,6891.23,8420.92,2.25,2.15,-71.6,-0.438,17.89,19.0,02a60521o0365o
60521.41292,-18.301,0.359,-174,62,o,0,0.96,282.18089,33.08094,6949.82,8500.55,2.28,2.21,-58.8,-0.431,17.65,18.69,02a60521o0377o
60521.434033,-18.649,0.324,-126,41,o,0,1.52,282.18089,33.08094,6968.81,8384.21,2.3,2.19,-60.5,-0.438,18.14,19.25,02a60521o0422o
60522.39354,21.465,5.118,9,48,o,0,0.88,282.18089,33.08094,8826.75,8397.84,2.6,2.25,-62.3,-0.428,18.55,19.63,02a60522o0337o
60522.396705,21.513,1.963,9,18,o,0,0.79,282.18089,33.08094,8807.85,8363.05,2.43,2.22,-59.8,-0.431,19.1,20.21,02a60522o0344o
60522.402581,-20.453,0.705,-24,17,o,0,1.09,282.18089,33.08094,8867.64,8441.9,2.44,2.14,-62.9,-0.446,19.01,20.14,02a60522o0357o
60522.412845,18.59,1.489,133,198,o,0,0.83,282.18089,33.08094,8882.69,8323.33,2.41,2.06,-59.9,-0.445,17.36,18.33,02a60522o0378o
60523.42465,-20.572,0.5,-21,11,o,0,0.69,282.18089,33.08094,1718.28,2182.16,2.44,2.27,36.7,-0.432,19.62,21.13,01a60523o0230o
60523.427575,21.123,0.796,13,10,o,0,0.84,282.18089,33.08094,1739.04,2220.62,2.43,2.22,36.7,-0.436,19.63,21.11,01a60523o0236o
60523.433184,22.785,3.48,3,10,o,0,1.06,282.18089,33.08094,1679.67,2139.41,2.38,2.21,43.1,-0.44,19.65,21.1,01a60523o0247o
60523.45222,25.05,31.667,0,11,o,0,1.09,282.18089,33.08094,1666.47,2252.6,2.42,2.24,39.5,-0.437,19.58,20.97,01a60523o0286o
60524.375543,-21.761,1.385,-7,10,o,0,0.93,282.18089,33.08094,2003.0,4240.26,2.43,2.19,49.8,-0.42,19.66,21.07,01a60524o0303o
60524.379239,20.707,0.524,19,10,o,0,0.87,282.18089,33.08094,2023.43,4277.39,2.51,2.21,46.9,-0.414,19.65,21.05,01a60524o0311o
60524.385702,22.08,2.022,5,11,o,0,1.04,282.18089,33.08094,1969.07,4197.94,2.55,2.26,41.8,-0.412,19.6,21.06,01a60524o0325o
60524.397012,20.931,0.689,15,11,o,0,0.93,282.18089,33.08094,1953.38,4309.99,2.49,2.19,41.9,-0.415,19.62,21.05,01a60524o0348o
60525.384938,-21.435,1.437,-10,14,o,0,1.1,282.18089,33.08094,8545.8,6351.18,2.17,2.09,74.5,-0.428,19.36,20.72,02a60525o0327o
60525.388103,20.987,1.086,15,16,o,0,0.73,282.18089,33.08094,8525.04,6310.86,2.13,2.04,67.3,-0.439,19.26,20.6,02a60525o0334o
60525.39353,22.094,2.558,5,14,o,0,1.05,282.18089,33.08094,8580.88,6391.16,2.15,2.09,67.2,-0.437,19.45,20.82,02a60525o0346o
60525.403694,-24.925,60.5,0,24,o,0,0.79,282.18089,33.08094,8599.09,6275.82,2.14,2.09,52.6,-0.431,18.93,20.1,02a60525o0367o
60526.376679,-20.877,0.812,-16,13,o,0,0.94,282.18089,33.08094,6229.57,497.74,2.3,2.01,-51.3,-0.442,19.38,20.71,02a60526o0310o
60526.387469,21.391,1.134,10,11,o,0,0.79,282.18089,33.08094,6207.04,458.43,2.16,1.82,-68.6,-0.442,19.45,20.74,02a60526o0332o
60526.392378,-21.303,0.973,-11,11,o,0,1.24,282.18089,33.08094,6268.33,538.94,2.06,1.82,-61.1,-0.452,19.49,20.73,02a60526o0342o
60526.398705,-21.118,1.016,-13,13,o,0,0.94,282.18089,33.08094,6287.47,422.85,2.15,1.88,-57.8,-0.443,19.44,20.73,02a60526o0356o
60527.368969,-22.598,3.529,-3,12,o,0,1.84,282.18089,33.08094,4363.58,10074.84,2.53,2.5,64.6,-0.389,19.14,20.62,01a60527o0293o
60527.38451,20.618,0.526,20,11,o,0,1.21,282.18089,33.08094,4388.39,10110.31,2.63,2.48,76.3,-0.377,19.39,20.88,01a60527o0323o
60527.387835,-21.848,1.913,-7,13,o,0,0.75,282.18089,33.08094,4329.27,10031.01,2.54,2.45,67.2,-0.385,19.45,20.92,01a60527o0330o
60527.393379,21.232,1.4,12,16,o,0,0.7,282.18089,33.08094,4312.22,10147.07,2.53,2.46,-83.3,-0.387,19.33,20.8,01a60527o0342o
60528.35258,20.814,0.653,17,11,o,0,0.87,282.18089,33.08094,3999.8,6095.73,2.5,2.27,39.5,-0.397,19.61,20.99,01a60528o0260o
60528.357922,-22.268,2.026,-4,9,o,0,1.4,282.18089,33.08094,4020.56,6132.55,2.53,2.28,41.5,-0.39,19.61,20.99,01a60528o0270o
60528.361156,24.037,10.143,1,9,o,0,1.11,282.18089,33.08094,3963.01,6054.69,2.66,2.39,37.8,-0.383,19.54,20.99,01a60528o0277o
60528.374778,21.886,1.736,6,11,o,0,0.78,282.18089,33.08094,3947.85,6166.98,2.58,2.35,40.0,-0.386,19.6,21.0,01a60528o0306o
60529.346307,22.249,2.84,5,13,o,0,0.96,282.18089,33.08094,6559.27,4480.76,2.85,2.63,21.7,-0.387,19.19,20.87,02a60529o0245o
60529.350385,-22.607,3.444,-3,11,o,0,0.97,282.18089,33.08094,6540.07,4442.55,2.36,2.05,19.6,-0.411,19.47,20.88,02a60529o0254o
60529.355809,-20.77,0.852,-18,15,o,0,0.84,282.18089,33.08094,6599.52,4521.21,2.48,2.22,32.6,-0.415,19.41,20.88,02a60529o0266o
60529.368609,-21.575,1.818,-8,16,o,0,1.03,282.18089,33.08094,6619.99,4407.33,3.33,3.23,10.6,-0.369,19.1,20.85,02a60529o0293o
60530.337414,22.06,2.079,5,11,c,0,0.73,282.18089,33.08094,4285.95,2542.45,2.53,2.33,11.0,-0.406,19.59,21.57,02a60530o0222c
60530.340577,22.621,2.826,3,9,c,0,0.83,282.18089,33.08094,4266.56,2504.63,2.52,2.31,5.3,-0.407,19.6,21.55,02a60530o0229c
60530.347808,-21.139,0.793,-13,10,c,0,0.86,282.18089,33.08094,4326.43,2585.64,2.49,2.29,3.9,-0.403,19.61,21.56,02a60530o0245c
60530.35811,-24.529,17.75,-1,10,c,0,0.88,282.18089,33.08094,4348.27,2465.78,2.5,2.32,-1.6,-0.4,19.63,21.52,02a60530o0267c
60531.360196,-21.22,0.824,-12,10,o,0,1.06,282.18089,33.08094,6291.31,8006.11,2.62,2.46,42.4,-0.399,19.64,21.13,01a60531o0278o
60531.36343,21.134,0.839,13,11,o,0,0.69,282.18089,33.08094,6312.85,8044.08,2.72,2.53,36.9,-0.393,19.59,21.13,01a60531o0285o
60531.376383,22.725,2.957,3,9,o,0,1.13,282.18089,33.08094,6256.12,7964.15,2.69,2.41,47.3,-0.385,19.63,21.17,01a60531o0311o
60531.38157,-21.177,0.897,-12,11,o,0,0.74,282.18089,33.08094,6237.34,8079.45,2.63,2.41,44.3,-0.393,19.66,21.18,01a60531o0322o
60532.474734,21.8,1.686,7,12,o,0,0.98,282.18089,33.08094,4336.75,8097.99,2.8,2.42,55.1,-0.368,19.46,20.75,01a60532o0491o
60532.477968,-21.534,1.359,-9,12,o,0,0.79,282.18089,33.08094,4356.36,8136.85,2.85,2.45,51.4,-0.36,19.42,20.72,01a60532o0498o
60532.48499,-23.066,5.412,-2,12,o,0,0.85,282.18089,33.08094,4297.26,8058.56,2.47,2.42,66.0,-0.413,19.46,20.7,01a60532o0511o
60532.520666,-21.42,1.458,-10,14,o,0,0.83,282.18089,33.08094,4267.74,8175.31,3.04,2.69,51.6,-0.348,19.28,20.6,01a60532o0583o
60533.375091,-22.259,2.353,-4,11,c,0,0.68,282.18089,33.08094,6255.36,2448.74,2.37,2.32,77.7,-0.404,19.56,21.31,02a60533o0307c
60533.37839,-21.462,1.085,-9,10,c,0,0.9,282.18089,33.08094,6236.3,2410.33,2.39,2.3,65.9,-0.4,19.55,21.33,02a60533o0314c
60533.383818,-21.576,1.108,-8,9,c,0,1.0,282.18089,33.08094,6296.15,2488.76,2.36,2.29,60.8,-0.405,19.57,21.35,02a60533o0326c
60533.399795,-20.525,0.456,-22,10,c,0,0.99,282.18089,33.08094,6316.35,2371.87,2.38,2.28,76.7,-0.404,19.58,21.35,02a60533o0360c
60534.337898,-20.766,0.665,-18,12,o,0,1.33,282.18089,33.08094,4698.84,6513.61,2.17,1.84,33.7,-0.435,19.45,20.6,02a60534o0231o
60534.341965,-21.113,0.683,-13,9,o,0,1.68,282.18089,33.08094,4679.45,6474.89,2.27,1.84,35.2,-0.438,19.46,20.61,02a60534o0240o
60534.34784,-22.263,2.429,-4,11,o,0,1.59,282.18089,33.08094,4736.24,6552.09,2.26,1.83,35.0,-0.434,19.49,20.62,02a60534o0253o
60534.363024,-20.049,0.698,-35,24,o,0,1.16,282.18089,33.08094,4754.57,6435.36,2.3,1.81,35.5,-0.434,18.68,19.5,02a60534o0284o
60535.264039,-21.156,1.146,-12,14,o,0,0.7,282.18089,33.08094,4718.28,6508.52,2.85,2.44,47.1,-0.399,19.33,20.55,01a60535o0079o
60535.265885,21.913,2.395,6,15,o,0,0.79,282.18089,33.08094,4696.6,6469.38,2.93,2.77,27.1,-0.394,19.29,20.54,01a60535o0083o
60535.26866,-22.066,2.382,-5,13,o,0,1.28,282.18089,33.08094,4749.38,6546.2,2.96,2.68,63.0,-0.391,19.29,20.55,01a60535o0089o
60535.273901,20.516,0.526,23,12,o,0,1.26,282.18089,33.08094,4762.57,6431.48,2.83,2.53,41.3,-0.397,19.33,20.56,01a60535o0099o
60536.358223,20.911,1.032,16,16,o,0,0.69,282.18089,33.08094,8368.61,9817.47,2.52,2.38,-62.8,-0.437,19.38,20.29,01a60536o0278o
60536.361097,20.197,0.469,30,14,o,0,1.11,282.18089,33.08094,8390.79,9855.74,2.52,2.39,-63.1,-0.433,19.38,20.28,01a60536o0284o
60536.373944,-21.154,1.11,-12,14,o,0,1.14,282.18089,33.08094,8333.43,9777.31,2.49,2.4,-77.7,-0.439,19.35,20.29,01a60536o0310o
60536.390872,-20.951,0.983,-15,15,o,0,0.89,282.18089,33.08094,8317.58,9890.33,2.54,2.44,-76.2,-0.427,19.31,20.25,01a60536o0346o
60537.359851,-20.811,0.743,-17,13,o,0,1.44,282.18089,33.08094,2227.4,716.05,2.04,1.78,-59.1,-0.475,19.3,20.15,02a60537o0286o
60537.363014,20.676,0.899,20,18,o,0,0.54,282.18089,33.08094,2208.01,677.14,2.11,1.83,-60.9,-0.46,19.33,20.16,02a60537o0293o
60537.368444,21.803,2.318,7,16,o,0,0.89,282.18089,33.08094,2267.0,753.28,2.12,1.82,-59.6,-0.47,19.26,20.13,02a60537o0305o
60537.384564,22.029,2.421,6,14,o,0,1.12,282.18089,33.08094,2286.25,635.14,2.02,1.81,-64.5,-0.464,19.26,20.04,02a60537o0339o
60538.344402,21.418,1.604,10,16,o,0,1.05,282.18089,33.08094,541.55,4357.23,2.08,1.91,24.2,-0.423,19.15,19.86,02a60538o0252o
60538.34771,-22.807,5.074,-3,14,o,0,1.45,282.18089,33.08094,522.56,4315.96,2.07,1.9,19.5,-0.42,19.13,19.85,02a60538o0259o
60538.353138,21.109,1.31,13,17,o,0,0.91,282.18089,33.08094,581.9,4394.9,2.05,1.92,26.1,-0.421,19.15,19.83,02a60538o0271o
60538.354495,21.638,2.208,8,18,o,0,1.37,282.18089,33.08094,10477.68,4361.92,2.27,1.82,-55.8,-0.475,19.13,19.86,02a60538o0274o
60538.357659,-20.96,1.13,-15,17,o,0,0.64,282.18089,33.08094,10458.44,4322.85,2.34,1.81,-57.0,-0.469,19.13,19.87,02a60538o0281o
60538.365295,-22.735,17.577,-3,51,o,0,0.34,282.18089,33.08094,10518.16,4401.21,2.25,1.84,-52.8,-0.48,19.14,19.88,02a60538o0296o
60538.365747,20.624,0.697,20,14,o,0,0.95,282.18089,33.08094,601.48,4277.2,2.05,1.94,21.2,-0.424,19.11,19.84,02a60538o0297o
60540.395636,-25.479,89.0,0,21,o,0,1.05,282.18089,33.08094,2378.33,10156.01,2.44,2.29,-80.2,-0.426,18.95,19.42,01a60540o0174o
60540.399329,-20.345,0.858,-26,23,o,0,0.66,282.18089,33.08094,2398.69,10194.61,2.4,2.27,-71.8,-0.428,18.95,19.41,01a60540o0182o
60540.405089,20.37,0.711,26,18,o,0,1.32,282.18089,33.08094,2336.84,10114.77,2.43,2.26,-77.4,-0.425,18.93,19.39,01a60540o0194o
60540.415772,-20.841,1.216,-17,20,o,0,1.2,282.18089,33.08094,2318.58,10229.98,2.51,2.31,88.1,-0.416,18.88,19.35,01a60540o0216o
60541.37062,-16.871,0.193,-648,125,o,0,1.72,282.18089,33.08094,4695.62,10527.5,2.2,1.94,-50.2,-0.451,18.48,18.87,02a60541o0276o
60541.37714,19.824,0.902,43,38,o,0,0.86,282.18089,33.08094,8230.46,411.64,2.09,1.6,-60.8,-0.517,18.43,18.83,02a60541o0290o
60541.379978,21.086,2.575,13,34,o,0,1.07,282.18089,33.08094,8211.32,372.4,2.11,1.56,-62.0,-0.496,18.46,18.82,02a60541o0296o
60541.385402,20.13,1.098,32,35,o,0,0.89,282.18089,33.08094,8271.83,451.09,2.07,1.57,-61.2,-0.498,18.46,18.81,02a60541o0308o
60541.397695,23.055,20.16,2,44,o,0,0.47,282.18089,33.08094,8291.75,335.15,1.98,1.54,-61.2,-0.518,18.4,18.82,02a60541o0334o
60542.363115,-19.114,0.638,-82,52,o,0,0.85,282.18089,33.08094,2881.94,8182.92,2.08,1.86,24.3,-0.429,18.48,18.9,02a60542o0297o
60542.366307,-20.77,14.342,-18,256,o,0,1.35,282.18089,33.08094,2861.82,8143.09,2.13,1.86,27.1,-0.469,16.89,17.04,02a60542o0304o
60542.371821,22.787,39.524,3,110,o,0,0.78,282.18089,33.08094,2917.83,8221.62,2.11,1.86,22.2,-0.441,17.84,18.34,02a60542o0316o
60542.382093,20.581,1.729,21,37,o,0,1.59,282.18089,33.08094,2938.02,8104.13,2.1,1.86,26.7,-0.425,18.54,18.92,02a60542o0338o
60543.301922,-22.405,5.189,-4,21,o,0,0.74,282.18089,33.08094,5015.85,8553.81,2.08,1.96,16.4,-0.435,19.01,19.66,02a60543o0152o
60543.333909,20.583,1.099,21,23,o,0,1.07,282.18089,33.08094,4988.01,8513.22,2.18,1.95,36.0,-0.431,18.98,19.59,02a60543o0218o
60543.340718,20.0,0.625,36,23,o,0,0.72,282.18089,33.08094,5047.26,8591.13,2.07,1.9,32.9,-0.439,19.02,19.57,02a60543o0230o
60543.343565,-20.393,0.729,-25,18,o,0,1.42,282.18089,33.08094,5068.67,8478.82,2.09,1.92,30.6,-0.442,18.93,19.56,02a60543o0236o
60546.241385,-21.027,1.095,-14,15,o,0,0.71,282.18089,33.08094,5593.75,2010.68,2.24,2.12,-66.2,-0.415,19.21,20.26,02a60546o0037o
60546.243194,-21.867,1.827,-6,12,o,0,1.06,282.18089,33.08094,5613.86,2048.56,2.26,2.15,-67.1,-0.418,19.28,20.42,02a60546o0041o
60546.24681,20.605,0.634,21,13,o,0,1.04,282.18089,33.08094,5556.55,1972.82,2.55,2.47,-69.2,-0.398,19.26,20.56,02a60546o0049o
60546.256908,-21.399,1.015,-10,10,o,0,1.73,282.18089,33.08094,5543.65,2091.02,2.54,2.41,-70.4,-0.401,19.22,20.68,02a60546o0071o
60550.338818,21.008,0.672,14,10,o,0,1.26,282.18089,33.08094,5529.24,2002.83,2.42,2.36,39.1,-0.443,19.49,20.75,01a60550o0218o
60550.352589,21.035,0.893,14,12,o,0,0.74,282.18089,33.08094,5549.7,2039.56,2.35,2.3,39.2,-0.445,19.5,20.68,01a60550o0244o
60550.380293,-24.489,20.8,-1,12,o,0,0.77,282.18089,33.08094,5494.46,1957.8,2.38,2.3,34.7,-0.438,19.48,20.68,01a60550o0294o
60550.387752,-21.615,1.576,-8,13,o,0,0.81,282.18089,33.08094,5477.58,2074.14,2.47,2.38,38.7,-0.436,19.47,20.69,01a60550o0306o
60553.303342,-22.012,2.236,-6,13,o,0,0.97,282.18089,33.08094,5010.67,8552.63,2.0,1.94,-49.7,-0.45,19.54,20.74,02a60553o0168o
60553.317247,-21.229,1.238,-12,14,o,0,0.73,282.18089,33.08094,4990.63,8520.65,2.07,2.05,-70.3,-0.436,19.55,20.79,02a60553o0196o
60553.320668,-20.29,0.458,-28,13,o,0,0.82,282.18089,33.08094,5044.07,8588.96,2.01,1.96,-63.4,-0.449,19.55,20.79,02a60553o0202o
60553.32612,22.6,4.6,3,15,o,0,0.71,282.18089,33.08094,5065.81,8477.71,1.98,1.94,26.0,-0.448,19.47,20.69,02a60553o0214o
60554.32667,20.881,0.73,16,12,o,0,0.99,282.18089,33.08094,964.55,8331.5,2.02,1.84,-36.0,-0.472,19.62,20.93,02a60554o0236o
60554.330856,21.15,1.09,13,14,o,0,0.73,282.18089,33.08094,945.24,8291.94,2.07,1.82,-41.2,-0.472,19.57,20.91,02a60554o0245o
60554.337639,21.136,0.691,13,9,o,0,2.0,282.18089,33.08094,1002.32,8367.89,2.05,1.82,-35.8,-0.478,19.57,20.88,02a60554o0260o
60554.351578,20.75,0.678,18,12,o,0,1.19,282.18089,33.08094,1024.6,8253.35,2.03,1.83,-40.3,-0.477,19.58,20.79,02a60554o0290o
60555.320617,20.829,0.634,17,11,o,0,1.24,282.18089,33.08094,9577.05,2190.37,2.59,2.3,-56.4,-0.439,19.45,20.71,01a60555o0004o
60555.323991,21.971,2.061,6,12,o,0,0.96,282.18089,33.08094,9598.05,2227.59,2.48,2.28,-57.8,-0.443,19.51,20.73,01a60555o0011o
60555.348606,-21.224,1.052,-12,12,o,0,0.86,282.18089,33.08094,9543.86,2150.02,2.52,2.26,-51.0,-0.444,19.48,20.72,01a60555o0063o
60555.367046,-21.396,1.418,-10,14,o,0,0.69,282.18089,33.08094,9522.08,2268.52,2.6,2.29,-55.2,-0.442,19.48,20.7,01a60555o0100o
60556.305134,-23.025,5.846,-2,13,o,0,0.61,282.18089,33.08094,5957.91,5968.37,2.99,2.9,49.4,-0.383,19.43,21.03,01a60556o0192o
60556.308368,-22.085,1.892,-5,10,o,0,0.86,282.18089,33.08094,5978.9,6006.05,2.71,2.63,36.9,-0.393,19.49,21.03,01a60556o0199o
60556.313557,-21.242,1.0,-12,12,o,0,1.0,282.18089,33.08094,5921.07,5928.71,3.06,2.98,22.8,-0.366,19.39,21.02,01a60556o0210o
60556.327999,20.757,0.685,18,12,o,0,0.7,282.18089,33.08094,5903.21,6043.35,2.91,2.81,44.1,-0.382,19.46,21.03,01a60556o0240o
60557.339598,-21.671,1.417,-8,11,o,0,1.17,282.18089,33.08094,4617.68,4587.89,2.23,1.85,32.7,-0.444,19.54,20.78,02a60557o0267o
60557.342798,21.075,0.875,14,12,o,0,0.89,282.18089,33.08094,4598.07,4549.59,2.29,1.88,33.0,-0.443,19.49,20.75,02a60557o0274o
60557.34875,22.265,2.59,4,12,o,0,1.06,282.18089,33.08094,4656.84,4626.86,2.32,1.91,33.6,-0.438,19.49,20.72,02a60557o0287o
60557.359232,24.491,21.2,1,12,o,0,1.36,282.18089,33.08094,4676.66,4511.02,2.28,1.92,34.0,-0.449,19.46,20.65,02a60557o0310o
60558.32925,21.386,1.163,10,12,o,0,0.79,282.18089,33.08094,4234.7,607.57,2.03,1.8,-61.8,-0.469,19.51,20.68,02a60558o0246o
60558.332444,22.885,5.462,2,14,o,0,0.8,282.18089,33.08094,4212.45,568.14,2.01,1.82,-57.6,-0.467,19.49,20.66,02a60558o0253o
60558.338335,23.599,8.286,1,11,o,0,1.2,282.18089,33.08094,4274.54,646.5,1.96,1.79,-64.7,-0.469,19.46,20.65,02a60558o0266o
60558.348128,-23.015,5.375,-2,12,o,0,0.89,282.18089,33.08094,4295.05,529.51,2.01,1.77,-63.6,-0.462,19.51,20.68,02a60558o0287o
60559.316352,20.259,0.424,29,12,o,0,0.91,282.18089,33.08094,6375.03,9944.72,2.46,2.35,-77.9,-0.422,19.48,20.7,01a60559o0219o
60559.319123,-21.105,1.188,-13,16,o,0,0.63,282.18089,33.08094,6398.29,9982.61,2.48,2.4,75.6,-0.418,19.22,20.46,01a60559o0225o
60559.336682,-21.304,2.098,-11,23,o,0,0.95,282.18089,33.08094,6336.49,9904.37,2.48,2.37,-75.9,-0.42,18.89,20.04,01a60559o0262o
60559.354515,22.039,3.179,6,18,o,0,1.1,282.18089,33.08094,6315.13,10020.22,2.52,2.41,-74.7,-0.413,18.93,20.13,01a60559o0299o
60560.237624,-22.686,4.0,-3,12,o,0,1.13,282.18089,33.08094,10339.51,834.46,2.76,2.18,-57.0,-0.469,19.5,20.77,01a60560o0046o
60560.240399,21.411,1.183,10,12,o,0,1.15,282.18089,33.08094,10318.8,794.67,2.68,2.2,-55.7,-0.479,19.51,20.79,01a60560o0052o
60560.261221,20.811,0.873,17,15,o,0,0.54,282.18089,33.08094,10369.02,875.37,2.59,2.11,-47.6,-0.483,19.55,20.84,01a60560o0096o
60560.289514,-21.018,0.941,-14,13,o,0,0.82,282.18089,33.08094,177.83,9835.71,2.47,2.17,-79.0,-0.493,19.52,20.81,01a60560o0155o
60560.294593,-22.435,2.6,-4,10,o,0,1.48,282.18089,33.08094,10395.98,9662.23,2.67,2.25,-57.2,-0.452,19.58,20.83,01a60560o0166o
60560.297364,-22.513,3.077,-4,11,o,0,1.09,282.18089,33.08094,10417.17,9700.27,2.77,2.35,-56.7,-0.442,19.58,20.85,01a60560o0172o
60560.303473,-20.66,0.745,-20,15,o,0,0.67,282.18089,33.08094,10357.39,9623.02,2.72,2.34,-56.3,-0.456,19.54,20.77,01a60560o0185o
60560.334573,-21.109,1.02,-13,13,o,0,1.01,282.18089,33.08094,10342.52,9742.18,2.69,2.26,-55.4,-0.455,19.53,20.7,01a60560o0245o
60561.319918,23.456,8.4,2,13,o,0,0.94,282.18089,33.08094,209.95,855.85,2.11,1.78,-61.3,-0.459,19.5,20.62,02a60561o0231o
60561.32309,21.512,1.402,9,13,o,0,1.0,282.18089,33.08094,190.05,814.68,2.09,1.82,-61.1,-0.482,19.49,20.6,02a60561o0238o
60561.337486,20.938,0.831,15,13,o,0,0.86,282.18089,33.08094,251.52,892.24,2.06,1.78,-63.7,-0.466,19.51,20.59,02a60561o0269o
60561.343831,-21.317,0.955,-11,10,o,0,1.34,282.18089,33.08094,270.33,773.24,2.09,1.73,-64.9,-0.475,19.47,20.59,02a60561o0283o
60561.34565,22.312,3.703,4,16,o,0,1.2,282.18089,33.08094,10364.75,847.69,2.42,1.52,-57.9,-0.531,19.46,20.62,02a60561o0287o
60561.34851,21.055,1.284,14,18,o,0,0.8,282.18089,33.08094,10345.53,809.2,2.5,1.53,-57.8,-0.511,19.46,20.62,02a60561o0293o
60561.353946,21.049,1.259,14,17,o,0,0.74,282.18089,33.08094,10404.45,888.15,2.56,1.61,-56.7,-0.517,19.45,20.62,02a60561o0305o
60561.3647,-22.189,3.564,-5,17,o,0,1.19,282.18089,33.08094,10425.95,771.28,2.5,1.51,-58.1,-0.527,19.5,20.59,02a60561o0328o
60562.293946,-22.343,2.825,-4,12,o,0,0.97,282.18089,33.08094,6622.35,6428.05,2.11,1.87,39.6,-0.452,19.57,20.77,02a60562o0169o
60562.297229,-22.491,3.286,-4,12,o,0,0.92,282.18089,33.08094,6602.71,6389.12,2.1,1.89,40.7,-0.445,19.53,20.77,02a60562o0176o
60562.302848,23.448,7.933,2,12,o,0,0.92,282.18089,33.08094,6659.92,6466.32,2.05,1.84,38.2,-0.462,19.59,20.77,02a60562o0188o
60562.328931,-23.539,7.923,-1,11,o,0,1.51,282.18089,33.08094,6672.96,6352.86,2.09,1.92,39.6,-0.453,19.53,20.77,02a60562o0239o
60563.311116,20.831,0.736,17,12,o,0,1.17,282.18089,33.08094,3948.0,4142.6,2.5,2.31,41.0,-0.421,19.42,20.56,01a60563o0215o
60563.333421,-21.424,1.2,-10,12,o,0,1.11,282.18089,33.08094,3967.41,4179.43,2.62,2.4,43.3,-0.409,19.38,20.54,01a60563o0262o
60563.352717,20.347,0.441,26,12,o,0,1.55,282.18089,33.08094,3907.68,4099.62,2.68,2.48,44.4,-0.396,19.34,20.54,01a60563o0302o
60563.368674,-21.959,1.898,-6,11,o,0,1.22,282.18089,33.08094,3887.62,4215.36,2.49,2.35,46.0,-0.411,19.4,20.55,01a60563o0334o
60564.377885,21.982,2.606,6,15,o,0,0.94,282.18089,33.08094,2362.25,8197.09,3.0,2.83,63.7,-0.413,19.17,20.43,01a60564o0054o
60564.381591,-23.704,12.286,-1,15,o,0,1.25,282.18089,33.08094,2381.3,8236.07,2.97,2.78,34.2,-0.406,19.18,20.4,01a60564o0062o
60564.386867,20.446,0.703,24,17,o,0,0.92,282.18089,33.08094,2319.64,8158.28,2.9,2.69,69.4,-0.407,19.19,20.43,01a60564o0073o
60564.397824,-20.428,0.591,-24,14,o,0,1.08,282.18089,33.08094,2296.3,8274.21,2.9,2.75,61.2,-0.391,19.17,20.39,01a60564o0096o
60565.324145,-22.317,2.727,-4,12,o,0,1.55,282.18089,33.08094,8232.17,2379.78,2.05,1.81,-55.3,-0.441,19.23,20.16,02a60565o0202o
60565.327311,23.956,20.0,1,19,o,0,0.62,282.18089,33.08094,8212.72,2340.33,2.02,1.77,-57.0,-0.448,19.29,20.14,02a60565o0209o
60565.332738,21.36,1.299,10,14,o,0,1.12,282.18089,33.08094,8271.13,2419.99,2.04,1.8,-57.0,-0.441,19.25,20.11,02a60565o0221o
60565.34404,-21.578,1.693,-8,14,o,0,0.95,282.18089,33.08094,8295.16,2303.06,2.02,1.79,-56.5,-0.449,19.25,20.09,02a60565o0246o
60566.341987,-20.833,1.051,-17,18,o,0,0.49,282.18089,33.08094,548.8,6298.54,1.97,1.87,-11.7,-0.426,19.14,19.89,02a60566o0144o
60566.345152,20.525,0.627,22,14,o,0,1.73,282.18089,33.08094,530.03,6260.07,1.95,1.85,-21.2,-0.435,19.16,19.87,02a60566o0151o
60566.348318,21.322,2.403,11,26,o,0,0.94,282.18089,33.08094,10484.73,6311.78,2.54,2.01,-55.7,-0.477,19.13,19.91,02a60566o0158o
60566.350579,-21.222,1.238,-12,15,o,0,1.05,282.18089,33.08094,588.8,6335.45,1.96,1.87,-11.1,-0.435,19.16,19.86,02a60566o0163o
60566.351482,20.242,0.836,29,24,o,0,0.61,282.18089,33.08094,10464.7,6272.23,2.49,1.99,-54.1,-0.489,19.17,19.89,02a60566o0165o
60566.357364,19.253,0.598,72,43,o,0,2.25,282.18089,33.08094,10526.19,6351.28,2.48,2.01,-53.9,-0.485,19.07,19.88,02a60566o0178o
60566.360528,23.313,11.765,2,20,o,0,0.69,282.18089,33.08094,607.31,6218.48,2.01,1.91,-4.0,-0.431,19.07,19.81,02a60566o0185o
60567.300014,-20.702,0.866,-19,16,o,0,0.78,282.18089,33.08094,10013.14,4221.93,2.56,2.33,-43.2,-0.402,19.17,19.97,01a60567o0198o
60567.304012,22.68,3.778,3,12,o,0,1.46,282.18089,33.08094,10034.06,4260.15,2.48,2.33,-4.3,-0.376,19.14,19.97,01a60567o0206o
60567.309013,-20.992,0.97,-15,14,o,0,1.92,282.18089,33.08094,77.86,4290.5,2.44,2.25,50.0,-0.382,19.18,19.98,01a60567o0216o
60567.310521,21.057,1.121,14,15,o,0,0.7,282.18089,33.08094,9976.01,4184.8,2.44,2.21,-49.2,-0.408,19.2,19.96,01a60567o0219o
60567.320544,21.147,1.248,13,16,o,0,0.87,282.18089,33.08094,9956.12,4301.99,2.53,2.3,-53.4,-0.416,19.15,19.92,01a60567o0239o
60567.321116,-20.901,0.863,-16,14,o,0,1.24,282.18089,33.08094,98.8,4328.25,2.42,2.24,45.4,-0.382,19.15,19.95,01a60567o0240o
60567.338675,-24.733,35.25,0,16,o,0,1.09,282.18089,33.08094,37.49,4244.67,2.48,2.34,42.4,-0.375,19.1,19.9,01a60567o0277o
60568.306738,-19.87,0.46,-41,19,o,0,0.9,282.18089,33.08094,8277.73,7864.87,2.46,2.43,-60.5,-0.443,19.09,19.74,01a60568o0212o
60568.313781,-20.65,1.019,-20,20,o,0,0.94,282.18089,33.08094,8298.68,7902.36,2.49,2.47,-74.2,-0.441,19.07,19.73,01a60568o0227o
60568.316555,21.284,1.54,11,17,o,0,1.25,282.18089,33.08094,8235.24,7825.88,2.51,2.39,-53.6,-0.447,19.06,19.72,01a60568o0233o
60568.333696,-22.029,3.256,-6,18,o,0,1.0,282.18089,33.08094,8216.26,7943.38,2.53,2.46,43.8,-0.434,19.02,19.68,01a60568o0268o
60569.354263,-20.592,0.821,-21,17,o,0,2.08,282.18089,33.08094,2309.76,2667.39,1.99,1.86,34.4,-0.449,18.72,19.15,02a60569o0181o
60569.357427,-20.32,0.852,-27,23,o,0,0.95,282.18089,33.08094,2289.12,2628.78,2.02,1.9,34.7,-0.451,18.63,19.13,02a60569o0188o
60569.364217,-19.921,0.449,-39,18,o,0,1.4,282.18089,33.08094,2349.28,2705.92,2.03,1.93,28.8,-0.452,18.64,19.09,02a60569o0203o
60569.374174,20.495,1.148,23,26,o,0,0.83,282.18089,33.08094,2367.6,2589.1,2.08,2.03,40.4,-0.445,18.52,19.03,02a60569o0225o
60572.349375,20.448,0.689,24,17,o,0,1.28,282.18089,33.08094,1720.94,2175.8,2.41,2.23,39.2,-0.438,18.93,19.4,01a60572o0199o
60572.352608,21.732,2.877,7,21,o,0,1.19,282.18089,33.08094,1742.22,2214.96,2.54,2.39,40.4,-0.434,18.86,19.38,01a60572o0206o
60572.368414,-20.737,1.218,-18,22,o,0,1.22,282.18089,33.08094,1678.37,2133.56,2.42,2.37,46.1,-0.449,18.83,19.29,01a60572o0240o
60572.37396,23.389,15.0,2,24,o,0,0.98,282.18089,33.08094,1663.74,2250.41,2.61,2.41,41.7,-0.421,18.76,19.25,01a60572o0252o
60573.314711,24.196,29.0,1,22,o,0,1.06,282.18089,33.08094,8824.88,8401.83,2.3,2.06,-57.9,-0.455,19.06,19.68,02a60573o0235o
60573.31836,-20.638,1.057,-20,21,o,0,1.08,282.18089,33.08094,8805.09,8362.59,2.33,2.08,-57.0,-0.453,19.07,19.66,02a60573o0243o
60573.323844,20.08,0.711,34,24,o,0,0.85,282.18089,33.08094,8864.2,8442.26,2.34,2.1,-61.6,-0.453,19.06,19.64,02a60573o0255o
60573.337882,20.144,0.718,32,23,o,0,1.42,282.18089,33.08094,8884.55,8325.07,2.29,2.12,-57.8,-0.448,19.0,19.58,02a60573o0286o
60574.380312,22.222,5.424,5,26,o,0,1.21,282.18089,33.08094,8535.03,6356.32,2.31,2.22,-51.1,-0.439,18.81,19.47,02a60574o0238o
60574.383538,-21.063,1.713,-14,23,o,0,0.79,282.18089,33.08094,8514.62,6316.7,2.36,2.26,22.9,-0.424,18.84,19.47,02a60574o0245o
60574.390347,20.728,1.172,19,22,o,0,1.08,282.18089,33.08094,8567.99,6397.36,2.41,2.36,81.3,-0.411,18.76,19.47,02a60574o0260o
60574.408069,-20.316,1.043,-27,28,o,0,0.77,282.18089,33.08094,8586.28,6279.92,2.49,2.43,-64.4,-0.411,18.68,19.36,02a60574o0299o
60575.333762,-21.263,2.162,-11,24,o,0,0.63,282.18089,33.08094,2020.58,4222.11,2.68,2.48,71.4,-0.411,18.74,20.38,01a60575o0246o
60575.336664,-20.618,0.942,-20,19,o,0,1.15,282.18089,33.08094,2041.81,4261.17,2.6,2.45,30.3,-0.418,18.78,20.35,01a60575o0252o
60575.354454,-22.009,3.864,-6,22,o,0,1.13,282.18089,33.08094,1979.94,4179.59,2.36,2.28,52.0,-0.441,18.8,20.17,01a60575o0288o
60575.361273,21.031,1.527,14,22,o,0,1.67,282.18089,33.08094,1960.73,4295.81,2.28,2.23,46.0,-0.443,18.75,20.08,01a60575o0302o
60576.349535,-21.118,1.568,-13,20,o,0,1.01,282.18089,33.08094,4372.45,10058.94,2.67,2.45,44.6,-0.382,18.83,20.43,01a60576o0247o
60576.352464,20.506,0.89,23,20,o,0,1.3,282.18089,33.08094,4391.72,10098.78,2.57,2.37,33.1,-0.394,18.85,20.4,01a60576o0253o
60576.357953,20.71,1.109,19,21,o,0,1.12,282.18089,33.08094,4328.46,10019.46,2.62,2.45,20.8,-0.395,18.81,20.38,01a60576o0264o
60576.369848,-20.281,0.828,-28,23,o,0,1.18,282.18089,33.08094,4304.63,10136.43,2.64,2.47,21.8,-0.396,18.72,20.2,01a60576o0288o
60577.286359,-22.158,2.744,-5,14,c,0,0.55,282.18089,33.08094,6224.83,499.15,2.44,2.1,-64.3,-0.429,19.53,21.16,02a60577o0175c
60577.28998,21.26,1.055,11,12,c,0,1.03,282.18089,33.08094,6202.92,459.85,2.39,2.08,-64.1,-0.433,19.56,21.15,02a60577o0183c
60577.311124,-21.081,1.01,-13,14,c,0,0.85,282.18089,33.08094,6261.33,537.66,2.51,2.21,-64.6,-0.418,19.46,21.14,02a60577o0229c
60577.316577,21.241,1.105,12,13,c,0,0.86,282.18089,33.08094,6280.93,419.2,2.47,2.16,-64.4,-0.43,19.49,21.13,02a60577o0241c
60578.279932,21.524,1.526,9,14,c,0,0.72,282.18089,33.08094,6565.23,4493.26,2.32,2.25,31.9,-0.407,19.32,20.9,02a60578o0161c
60578.283098,20.52,0.524,22,12,c,0,0.92,282.18089,33.08094,6545.7,4453.9,2.32,2.25,34.6,-0.404,19.32,20.92,02a60578o0168c
60578.29033,20.713,0.691,19,13,c,0,1.07,282.18089,33.08094,6603.61,4531.9,2.31,2.27,31.2,-0.405,19.35,20.93,02a60578o0184c
60578.308985,-20.955,0.867,-15,13,c,0,1.13,282.18089,33.08094,6622.21,4415.65,2.37,2.3,36.7,-0.396,19.27,20.8,02a60578o0225c
60581.31085,20.333,0.487,27,13,c,0,0.86,282.18089,33.08094,4282.43,2550.33,2.36,2.3,71.7,-0.408,19.34,20.76,02a60581o0237c
60581.314014,21.882,1.822,6,12,c,0,1.0,282.18089,33.08094,4263.05,2508.79,2.34,2.3,84.7,-0.412,19.34,20.84,02a60581o0244c
60581.331805,-20.068,0.317,-34,11,c,0,1.52,282.18089,33.08094,4323.18,2586.72,2.35,2.31,77.2,-0.408,19.36,20.78,02a60581o0283c
60581.338643,-22.081,2.216,-5,12,c,0,1.27,282.18089,33.08094,4344.5,2470.63,2.34,2.31,-24.3,-0.429,19.28,20.67,02a60581o0298c
60582.281889,22.526,3.333,4,12,c,0,1.01,282.18089,33.08094,6258.49,2454.6,3.11,2.34,-88.5,-0.359,19.32,21.02,02a60582o0174c
60582.285054,-20.718,0.712,-19,13,c,0,0.67,282.18089,33.08094,6239.34,2416.62,2.33,2.23,-69.9,-0.404,19.5,21.02,02a60582o0181c
60582.304557,-20.919,0.609,-16,10,c,0,1.66,282.18089,33.08094,6295.22,2492.44,2.44,2.35,-63.7,-0.398,19.45,21.0,02a60582o0224c
60582.310439,21.928,1.978,6,12,c,0,1.01,282.18089,33.08094,6319.14,2377.29,2.38,2.26,-64.5,-0.402,19.48,20.98,02a60582o0237c
60583.283239,24.288,17.667,1,12,o,0,1.03,282.18089,33.08094,4337.94,8111.04,2.44,2.31,43.6,-0.41,19.44,20.53,01a60583o0185o
60583.28601,-22.372,3.25,-4,13,o,0,0.9,282.18089,33.08094,4357.7,8149.74,2.53,2.45,47.0,-0.405,19.36,20.52,01a60583o0191o
60583.305707,20.348,0.415,26,11,o,0,1.6,282.18089,33.08094,4295.65,8070.13,2.65,2.51,51.2,-0.391,19.37,20.56,01a60583o0233o
60583.324032,23.354,7.692,2,13,o,0,1.11,282.18089,33.08094,4270.34,8185.36,2.5,2.44,62.1,-0.406,19.38,20.5,01a60583o0272o
60584.269215,-21.108,0.759,-13,10,o,0,1.0,282.18089,33.08094,5869.38,4035.72,2.42,2.25,38.6,-0.412,19.49,20.57,01a60584o0156o
60584.281331,-20.85,0.584,-17,10,o,0,1.36,282.18089,33.08094,5889.71,4072.98,2.37,2.26,45.3,-0.412,19.46,20.54,01a60584o0182o
60584.284563,-23.425,7.643,-2,12,o,0,0.83,282.18089,33.08094,5832.69,3995.64,2.39,2.23,39.1,-0.408,19.49,20.55,01a60584o0189o
60584.29158,21.725,1.606,7,12,o,0,0.92,282.18089,33.08094,5814.32,4111.81,2.39,2.26,35.7,-0.409,19.43,20.54,01a60584o0204o
60586.281365,-23.203,6.857,-2,13,c,0,0.85,282.18089,33.08094,2225.25,717.85,2.43,2.21,-67.1,-0.426,19.47,20.95,02a60586o0178c
60586.284528,22.389,3.414,4,14,c,0,0.57,282.18089,33.08094,2206.37,678.03,2.46,2.24,-64.1,-0.419,19.45,20.95,02a60586o0185c
60586.290413,-24.08,13.0,-1,11,c,0,1.0,282.18089,33.08094,2266.39,755.22,2.48,2.24,-63.7,-0.423,19.43,20.95,02a60586o0198c
60586.308166,21.575,1.333,8,11,c,0,1.1,282.18089,33.08094,2283.91,637.57,2.56,2.29,-65.5,-0.416,19.37,20.89,02a60586o0237c
60587.276794,25.374,44.5,0,12,o,0,1.4,282.18089,33.08094,8381.86,9813.73,2.62,2.31,-48.7,-0.441,19.46,20.55,01a60587o0173o
60587.279582,-21.385,1.383,-10,14,o,0,0.65,282.18089,33.08094,8400.36,9852.85,2.53,2.33,-62.7,-0.435,19.44,20.55,01a60587o0179o
60587.28525,20.742,0.662,18,12,o,0,1.15,282.18089,33.08094,8339.08,9775.06,2.72,2.32,-50.0,-0.441,19.44,20.54,01a60587o0191o
60587.299219,-21.627,1.717,-8,14,o,0,0.89,282.18089,33.08094,8318.14,9894.01,2.68,2.35,-57.7,-0.439,19.44,20.51,01a60587o0221o
60588.275332,20.306,0.886,27,24,o,0,0.98,282.18089,33.08094,10043.22,6164.83,2.68,2.41,-51.9,-0.448,18.7,19.8,01a60588o0168o
60588.278568,20.862,1.507,16,25,o,0,0.7,282.18089,33.08094,10061.84,6203.02,2.74,2.39,-58.7,-0.445,18.77,19.85,01a60588o0175o
60588.284602,-20.583,0.927,-21,20,o,0,0.89,282.18089,33.08094,10000.93,6127.5,2.71,2.38,-60.4,-0.443,19.0,20.07,01a60588o0188o
60588.286909,-20.239,0.816,-29,24,o,0,0.72,282.18089,33.08094,108.64,6229.9,2.42,2.31,75.5,-0.422,18.87,19.96,01a60588o0193o
60588.289719,-20.464,0.767,-24,18,o,0,0.94,282.18089,33.08094,127.19,6268.55,2.31,2.19,70.4,-0.427,18.93,19.96,01a60588o0199o
60588.309493,-21.119,1.337,-13,17,o,0,0.71,282.18089,33.08094,9976.51,6246.79,2.64,2.34,-62.2,-0.446,19.21,20.22,01a60588o0241o
60589.282999,20.948,0.644,15,10,c,0,1.19,282.18089,33.08094,535.85,4352.42,2.34,2.18,-58.3,-0.408,19.45,21.01,02a60589o0186c
60589.28618,20.521,0.497,22,11,c,0,0.87,282.18089,33.08094,515.34,4313.28,2.39,2.25,-64.3,-0.405,19.47,21.0,02a60589o0193c
60589.286632,-20.616,0.622,-21,13,c,0,1.21,282.18089,33.08094,10471.98,4362.03,2.83,2.34,-59.3,-0.44,19.44,21.05,02a60589o0194c
60589.289796,-21.478,1.481,-9,14,c,0,0.8,282.18089,33.08094,10452.93,4322.82,2.88,2.42,-59.6,-0.427,19.43,21.04,02a60589o0201c
60589.30348,20.823,0.654,17,11,c,0,1.03,282.18089,33.08094,573.73,4388.38,2.35,2.22,-60.9,-0.413,19.4,20.9,02a60589o0231c
60589.304385,-22.245,5.4,-5,25,c,0,0.65,282.18089,33.08094,10510.39,4401.82,2.88,2.42,-57.3,-0.443,19.42,20.96,02a60589o0233c
60589.308932,23.652,9.333,1,12,c,0,1.03,282.18089,33.08094,593.79,4271.67,2.41,2.27,-59.0,-0.408,19.38,20.87,02a60589o0243c
60590.263058,-21.467,1.892,-9,18,c,0,0.8,282.18089,33.08094,8239.61,422.23,2.68,2.09,-60.0,-0.432,19.49,21.03,02a60590o0142c
60590.266673,22.981,5.062,2,12,c,0,1.76,282.18089,33.08094,8220.31,382.44,2.67,2.09,-59.0,-0.437,19.47,21.04,02a60590o0150c
60590.285764,20.782,1.059,18,19,c,0,0.88,282.18089,33.08094,8277.46,461.18,2.7,2.12,-60.1,-0.422,19.51,21.11,02a60590o0192c
60590.29347,-21.131,1.333,-13,17,c,0,1.25,282.18089,33.08094,8297.93,344.01,2.74,2.14,-61.3,-0.42,19.51,21.11,02a60590o0209c
60591.272714,20.065,0.955,34,33,o,0,0.96,282.18089,33.08094,2380.83,10160.18,2.61,2.41,84.4,-0.417,18.39,19.27,01a60591o0173o
60591.275946,-22.329,3.552,-4,15,o,0,0.97,282.18089,33.08094,2399.36,10198.95,2.63,2.44,-61.8,-0.421,19.25,20.32,01a60591o0180o
60591.28162,20.445,0.613,24,15,o,0,0.84,282.18089,33.08094,2335.74,10119.37,2.57,2.37,-55.9,-0.426,19.33,20.39,01a60591o0192o
60591.30571,20.537,0.667,22,15,o,0,1.04,282.18089,33.08094,2311.91,10233.79,2.5,2.34,-76.3,-0.427,19.26,20.26,01a60591o0243o
60592.260501,21.043,0.97,14,14,o,0,1.43,282.18089,33.08094,7671.69,2351.78,2.56,2.5,-63.2,-0.449,19.21,20.17,01a60592o0124o
60592.263761,-23.963,14.714,-1,14,o,0,1.47,282.18089,33.08094,7688.31,2391.77,2.64,2.46,20.2,-0.419,19.17,20.17,01a60592o0131o
60592.282747,24.019,17.429,1,16,o,0,0.9,282.18089,33.08094,7631.85,2313.81,2.48,2.43,45.3,-0.436,19.2,20.12,01a60592o0172o
60592.288757,20.535,0.618,22,14,o,0,1.22,282.18089,33.08094,7610.9,2431.65,2.53,2.45,-86.4,-0.449,19.19,20.1,01a60592o0185o
60593.259861,-20.754,0.822,-18,15,o,0,1.22,282.18089,33.08094,2886.74,8182.96,2.01,1.9,-24.8,-0.438,19.27,20.1,02a60593o0145o
60593.263474,-22.068,3.019,-5,16,o,0,1.02,282.18089,33.08094,2866.43,8144.79,2.0,1.9,-25.9,-0.438,19.31,20.1,02a60593o0153o
60593.268927,21.346,1.089,10,11,o,0,1.38,282.18089,33.08094,2921.92,8220.89,2.03,1.95,-24.6,-0.434,19.29,20.13,02a60593o0165o
60593.281644,20.073,0.521,34,18,o,0,0.64,282.18089,33.08094,2939.47,8103.34,2.02,1.93,-23.4,-0.432,19.26,20.09,02a60593o0193o
60595.283811,25.409,64.0,0,16,o,0,0.81,282.18089,33.08094,7902.29,5836.48,2.47,2.42,42.5,-0.402,19.16,19.88,01a60595o0160o
60595.287502,-21.192,1.352,-12,16,o,0,1.09,282.18089,33.08094,7921.17,5874.31,2.68,2.52,40.0,-0.384,19.05,19.88,01a60595o0168o
60595.293048,22.087,2.69,5,14,o,0,1.3,282.18089,33.08094,7860.74,5799.92,2.5,2.36,-63.5,-0.421,19.12,19.86,01a60595o0180o
60595.306958,-20.202,0.54,-30,16,o,0,1.08,282.18089,33.08094,7838.03,5916.31,2.51,2.37,-66.6,-0.417,19.05,19.78,01a60595o0210o
60596.26059,-21.2,2.967,-12,36,o,0,1.29,282.18089,33.08094,7794.73,3901.0,2.49,2.41,-57.7,-0.425,18.0,18.18,01a60596o0152o
60596.264305,20.058,1.29,34,44,o,0,1.18,282.18089,33.08094,7814.06,3939.2,2.63,2.47,35.6,-0.392,18.0,18.67,01a60596o0160o
60596.270324,-19.928,0.938,-39,36,o,0,1.12,282.18089,33.08094,7755.37,3863.54,2.33,2.28,-76.5,-0.439,17.99,18.24,01a60596o0173o
60596.281894,-19.339,0.926,-67,62,o,0,1.19,282.18089,33.08094,7734.99,3980.21,2.54,2.42,42.4,-0.399,17.54,17.67,01a60596o0198o
60599.24851,-19.931,0.578,-39,22,o,0,0.97,282.18089,33.08094,10265.62,7714.66,2.7,2.29,-54.2,-0.464,18.87,19.3,01a60599o0124o
60599.25178,-19.857,0.56,-41,23,o,0,0.74,282.18089,33.08094,10285.43,7753.16,2.79,2.31,-55.8,-0.454,18.85,19.29,01a60599o0131o
60599.258706,21.092,1.763,13,23,o,0,1.0,282.18089,33.08094,10221.35,7678.67,2.71,2.36,-54.1,-0.447,18.81,19.26,01a60599o0146o
60599.261941,-20.01,0.648,-36,23,o,0,0.76,282.18089,33.08094,145.31,7790.5,2.44,2.33,-89.3,-0.439,18.84,19.28,01a60599o0153o
60599.269314,-21.492,2.387,-9,22,o,0,1.14,282.18089,33.08094,165.57,7828.43,2.37,2.25,-66.8,-0.453,18.84,19.25,01a60599o0161o
60599.272547,-20.848,1.419,-17,24,o,0,0.86,282.18089,33.08094,10200.63,7798.62,2.74,2.23,-55.7,-0.461,18.83,19.18,01a60599o0168o
60599.27347,-20.193,0.833,-30,25,o,0,0.84,282.18089,33.08094,103.25,7748.44,2.41,2.3,-88.5,-0.437,18.81,19.23,01a60599o0170o
60600.278388,19.887,0.616,40,25,o,0,1.33,282.18089,33.08094,5541.15,1997.75,2.42,2.32,47.9,-0.45,18.56,18.71,01a60600o0193o
60600.281627,-22.225,5.868,-5,28,o,0,1.25,282.18089,33.08094,5559.25,2036.28,2.45,2.31,41.3,-0.449,18.53,18.69,01a60600o0200o
60600.287634,-21.162,2.272,-12,28,o,0,0.83,282.18089,33.08094,5501.33,1958.88,2.37,2.32,43.1,-0.456,18.53,18.65,01a60600o0213o
60600.309914,-22.15,5.674,-5,28,o,0,0.96,282.18089,33.08094,5474.67,2076.5,2.29,2.26,21.0,-0.466,18.52,18.57,01a60600o0261o
60601.265497,21.747,3.667,7,27,o,0,1.58,282.18089,33.08094,5010.23,8549.04,2.07,1.99,23.6,-0.446,18.73,19.16,02a60601o0165o
60601.268701,-20.967,2.419,-15,36,o,0,1.06,282.18089,33.08094,4990.12,8508.97,2.07,1.99,26.7,-0.441,18.72,19.14,02a60601o0172o
60601.274127,-20.075,1.091,-34,37,o,0,0.89,282.18089,33.08094,5047.07,8588.66,1.97,1.93,-34.0,-0.453,18.8,19.11,02a60601o0184o
60601.290453,20.007,0.979,36,35,o,0,1.42,282.18089,33.08094,5064.97,8473.51,2.0,1.97,0.1,-0.453,18.69,19.0,02a60601o0220o
60602.262857,-20.248,0.675,-29,20,o,0,0.98,282.18089,33.08094,8510.04,4410.29,2.13,1.94,-63.8,-0.436,18.99,19.42,02a60602o0159o
60602.266482,20.634,1.016,20,21,o,0,1.13,282.18089,33.08094,8489.89,4371.39,2.13,1.93,-61.4,-0.434,18.94,19.39,02a60602o0167o
60602.271955,21.583,2.584,8,22,o,0,0.85,282.18089,33.08094,8548.6,4449.75,2.12,1.95,-67.3,-0.437,18.9,19.36,02a60602o0179o
60602.282387,21.537,2.463,9,22,o,0,0.93,282.18089,33.08094,8567.35,4333.27,2.11,1.92,-64.8,-0.427,18.91,19.28,02a60602o0202o
60603.269726,-21.096,1.307,-13,17,o,0,0.88,282.18089,33.08094,2070.7,6158.59,2.6,2.4,40.6,-0.421,19.1,19.86,01a60603o0174o
60603.273418,21.533,1.822,9,16,o,0,0.96,282.18089,33.08094,2087.31,6197.29,2.39,2.33,37.4,-0.454,19.12,19.81,01a60603o0182o
60603.278963,-22.4,4.194,-4,17,o,0,1.44,282.18089,33.08094,2029.2,6118.97,2.58,2.35,46.4,-0.424,19.08,19.77,01a60603o0194o
60603.289187,-20.128,0.621,-32,20,o,0,1.09,282.18089,33.08094,2005.38,6233.36,2.49,2.42,62.6,-0.452,18.99,19.66,01a60603o0216o
60604.242406,22.345,3.0,4,13,o,0,1.38,282.18089,33.08094,9586.12,2196.44,2.43,2.19,-50.1,-0.456,19.36,20.34,01a60604o0120o
60604.245645,21.486,1.268,9,12,o,0,1.25,282.18089,33.08094,9606.6,2235.51,2.39,2.19,-49.0,-0.452,19.36,20.33,01a60604o0127o
60604.252127,-21.505,1.412,-9,13,o,0,1.1,282.18089,33.08094,9548.27,2159.78,2.39,2.2,-46.0,-0.451,19.33,20.29,01a60604o0141o
60604.262298,24.739,25.75,0,12,o,0,1.11,282.18089,33.08094,9528.45,2277.92,2.39,2.2,-50.1,-0.455,19.31,20.26,01a60604o0163o
60605.249173,-20.523,0.627,-22,14,o,0,0.67,282.18089,33.08094,970.91,8325.7,2.15,1.85,-45.8,-0.474,19.38,20.42,02a60605o0130o
60605.252334,-21.248,1.214,-12,14,o,0,1.05,282.18089,33.08094,953.49,8286.45,2.18,1.88,-43.0,-0.464,19.35,20.41,02a60605o0137o
60605.268248,20.598,0.661,21,14,o,0,1.07,282.18089,33.08094,1006.16,8360.0,2.09,1.9,-43.6,-0.468,19.31,20.31,02a60605o0172o
60605.273682,-22.469,3.886,-4,14,o,0,0.84,282.18089,33.08094,1027.0,8245.08,2.07,1.82,-44.5,-0.479,19.31,20.31,02a60605o0184o
60606.243954,19.705,1.986,48,95,o,0,1.08,282.18089,33.08094,4622.83,4582.04,2.19,1.8,32.8,-0.443,17.22,17.92,02a60606o0113o
60606.247119,-19.52,0.684,-56,39,o,0,0.97,282.18089,33.08094,4603.71,4542.02,2.21,1.82,30.5,-0.437,17.98,18.75,02a60606o0120o
60606.252605,19.871,0.78,41,32,o,0,1.2,282.18089,33.08094,4661.88,4619.96,2.22,1.86,32.1,-0.434,18.34,19.12,02a60606o0132o
60606.264357,22.917,7.048,2,17,o,0,0.74,282.18089,33.08094,4682.06,4501.79,2.18,1.88,32.6,-0.438,19.18,20.06,02a60606o0158o
60607.265779,20.839,0.769,17,13,c,0,0.9,282.18089,33.08094,5958.81,5964.03,3.32,3.02,48.7,-0.296,19.12,20.76,01a60607o0151c
60607.269028,-22.578,3.778,-3,13,c,0,0.9,282.18089,33.08094,5977.75,6003.13,3.14,2.87,45.0,-0.313,19.2,20.79,01a60607o0158c
60607.27459,21.503,1.179,9,11,c,0,1.24,282.18089,33.08094,5918.08,5926.59,3.1,2.86,42.3,-0.319,19.37,20.87,01a60607o0170c
60607.287608,20.587,0.636,21,13,c,0,0.64,282.18089,33.08094,5891.03,6045.08,2.99,2.88,37.3,-0.337,19.31,20.78,01a60607o0198c
60608.272449,-20.49,0.507,-23,12,c,0,0.81,282.18089,33.08094,6368.71,9945.71,3.21,2.93,75.3,-0.332,19.35,20.94,01a60608o0104c
60608.27522,20.435,0.475,24,12,c,0,0.9,282.18089,33.08094,6391.75,9984.04,3.22,2.92,75.0,-0.328,19.33,20.91,01a60608o0110c
60608.280763,21.207,1.058,12,13,c,0,0.76,282.18089,33.08094,6326.8,9907.59,3.21,2.92,74.7,-0.326,19.34,20.9,01a60608o0122c
60608.293247,-23.407,8.444,-2,13,c,0,1.01,282.18089,33.08094,6299.73,10026.8,3.13,2.94,-82.5,-0.339,19.33,20.83,01a60608o0149c
60613.22831,20.993,2.299,15,33,o,0,0.26,282.18089,33.08094,6607.7,6416.19,2.65,2.45,36.0,-0.411,19.1,20.16,02a60613o0098o
60613.231475,21.339,1.567,11,17,o,0,0.7,282.18089,33.08094,6588.62,6377.04,2.55,2.4,33.3,-0.407,19.11,20.16,02a60613o0105o
60613.237364,-20.77,0.87,-18,16,o,0,1.04,282.18089,33.08094,6647.48,6454.75,2.64,2.43,35.3,-0.405,19.1,20.15,02a60613o0118o
60613.24733,-21.176,1.724,-12,21,o,0,0.69,282.18089,33.08094,6665.33,6338.44,2.94,2.85,23.4,-0.39,18.87,20.14,02a60613o0140o
60615.279154,23.409,10.6,2,17,c,0,1.13,282.18089,33.08094,2349.22,8197.81,3.92,3.82,-69.4,-0.316,18.88,20.73,01a60615o0129c
60615.281958,-21.027,1.103,-14,16,c,0,1.04,282.18089,33.08094,2368.02,8236.42,3.6,3.49,70.2,-0.296,19.11,20.82,01a60615o0135c
60615.2875,-21.033,1.378,-14,19,c,0,0.68,282.18089,33.08094,2306.85,8158.08,4.16,4.06,-77.1,-0.287,18.94,20.84,01a60615o0147c
60615.303261,-20.79,1.244,-18,22,c,0,0.93,282.18089,33.08094,2277.66,8273.76,4.64,4.56,84.5,-0.232,18.81,20.71,01a60615o0181c
60616.2445,21.478,1.308,9,12,c,0,0.81,282.18089,33.08094,10004.15,4227.4,3.31,3.15,18.8,-0.283,19.27,21.01,01a60616o0074c
60616.248198,20.069,0.344,34,12,c,0,1.0,282.18089,33.08094,10023.87,4266.49,3.06,2.98,-6.7,-0.302,19.34,20.98,01a60616o0082c
60616.249606,-22.123,2.034,-5,10,c,0,1.24,282.18089,33.08094,75.57,4278.37,3.29,3.11,40.1,-0.291,19.39,21.06,01a60616o0085c
60616.252855,21.191,0.871,12,11,c,0,1.33,282.18089,33.08094,95.41,4317.24,3.26,2.99,56.8,-0.311,19.34,21.04,01a60616o0092c
60616.255162,-21.61,1.375,-8,11,c,0,1.17,282.18089,33.08094,9960.58,4192.42,3.11,3.08,-41.8,-0.312,19.33,20.96,01a60616o0097c
60616.258862,-20.535,0.463,-22,10,c,0,3.52,282.18089,33.08094,34.87,4237.22,3.24,2.88,47.4,-0.305,19.39,21.02,01a60616o0105c
60616.267179,21.148,0.959,13,12,c,0,1.03,282.18089,33.08094,9936.73,4312.55,3.27,2.99,26.3,-0.283,19.19,20.86,01a60616o0123c
60617.232483,21.069,1.494,14,20,o,0,1.44,282.18089,33.08094,550.72,6290.85,2.08,2.01,6.9,-0.415,18.72,19.54,02a60617o0108o
60617.234743,19.797,1.054,44,46,o,0,1.11,282.18089,33.08094,10485.71,6305.77,2.4,2.05,-52.6,-0.464,18.39,19.14,02a60617o0113o
60617.235646,-20.261,1.315,-29,38,o,0,1.61,282.18089,33.08094,531.01,6252.14,2.07,1.96,-2.3,-0.41,17.64,18.44,02a60617o0115o
60617.237904,-21.4,4.741,-10,47,o,0,1.29,282.18089,33.08094,10466.38,6266.48,2.53,2.08,-53.3,-0.468,18.12,18.84,02a60617o0120o
60617.241078,-18.573,1.62,-135,219,o,0,0.74,282.18089,33.08094,589.55,6327.64,1.93,1.86,4.8,-0.427,16.88,17.46,02a60617o0127o
60617.243339,-19.154,3.342,-79,264,o,0,1.5,282.18089,33.08094,10526.18,6346.28,2.5,1.95,-53.2,-0.498,16.93,17.52,02a60617o0132o
60617.259689,21.234,8.364,12,97,o,0,0.79,282.18089,33.08094,604.91,6212.92,1.95,1.88,10.1,-0.425,17.16,17.68,02a60617o0168o
60618.22489,-20.136,0.457,-32,15,o,0,1.23,282.18089,33.08094,2311.73,2662.74,1.99,1.96,-23.4,-0.451,19.24,20.1,02a60618o0086o
60618.228057,-20.475,0.863,-23,20,o,0,0.62,282.18089,33.08094,2291.79,2623.81,2.06,2.03,-45.7,-0.448,19.03,19.98,02a60618o0093o
60618.234403,21.045,1.373,14,19,o,0,0.92,282.18089,33.08094,2353.92,2699.2,2.31,2.23,-50.9,-0.432,18.74,19.69,02a60618o0107o
60618.251631,-20.117,0.815,-33,27,o,0,0.7,282.18089,33.08094,2369.88,2583.48,2.22,2.2,4.6,-0.444,18.79,19.69,02a60618o0145o
60621.225907,20.726,1.074,19,20,o,0,1.03,282.18089,33.08094,6901.86,8455.66,2.85,2.7,-60.2,-0.404,18.99,20.08,02a60621o0098o
60621.22907,-20.048,0.704,-35,24,o,0,1.18,282.18089,33.08094,6881.4,8416.22,3.88,3.72,-80.2,-0.371,18.7,20.08,02a60621o0105o
60621.235871,-20.394,0.939,-25,24,o,0,0.92,282.18089,33.08094,6938.86,8495.39,3.26,3.11,-55.5,-0.39,18.8,20.04,02a60621o0120o
60621.262047,21.613,2.19,8,18,o,0,1.52,282.18089,33.08094,6953.85,8380.18,2.75,2.75,-1.8,-0.391,18.87,19.96,02a60621o0135o
60622.234793,-21.136,1.622,-13,21,o,0,1.0,282.18089,33.08094,8818.27,8396.27,2.59,2.31,-57.8,-0.417,19.08,19.88,02a60622o0118o
60622.237965,-20.562,0.943,-22,20,o,0,1.04,282.18089,33.08094,8797.92,8356.49,2.69,2.49,-58.0,-0.419,19.0,19.87,02a60622o0125o
60622.247948,20.454,0.963,24,23,o,0,0.86,282.18089,33.08094,8857.01,8436.69,2.78,2.45,-57.7,-0.408,18.99,19.86,02a60622o0147o
60622.254273,20.885,1.079,16,17,o,0,1.32,282.18089,33.08094,8872.26,8319.01,2.76,2.46,-54.1,-0.422,18.93,19.82,02a60622o0161o
60625.221883,22.183,3.579,5,17,o,0,1.09,282.18089,33.08094,8543.59,6350.51,2.23,2.18,44.6,-0.428,18.98,19.55,02a60625o0084o
60625.225044,-21.671,2.767,-8,22,o,0,0.6,282.18089,33.08094,8523.62,6311.47,2.23,2.2,-89.5,-0.426,19.01,19.52,02a60625o0091o
60625.231376,24.683,48.333,0,24,o,0,0.84,282.18089,33.08094,8580.67,6390.69,2.54,2.46,-73.2,-0.408,18.87,19.49,02a60625o0105o
60625.24455,22.363,6.0,4,25,o,0,0.84,282.18089,33.08094,8596.27,6275.04,2.57,2.56,-27.1,-0.405,18.75,19.42,02a60625o0134o
60626.235789,21.332,3.123,11,33,o,0,0.69,282.18089,33.08094,6228.75,496.62,2.41,2.03,-54.5,-0.435,18.73,19.25,02a60626o0117o
60626.238955,20.645,1.545,20,31,o,0,0.65,282.18089,33.08094,6207.18,456.71,2.42,1.93,-57.9,-0.44,18.73,19.22,02a60626o0124o
60626.244399,21.335,2.584,11,27,o,0,1.11,282.18089,33.08094,6267.77,534.68,2.5,2.02,-54.2,-0.442,18.67,19.18,02a60626o0136o
60626.263008,-22.42,6.857,-4,27,o,0,0.98,282.18089,33.08094,6281.81,418.53,2.54,1.95,-53.0,-0.451,18.59,19.05,02a60626o0177o
60628.248455,20.467,1.133,24,27,o,0,1.12,282.18089,33.08094,4001.86,6074.7,2.99,2.64,41.3,-0.333,18.56,19.0,01a60628o0015o
60628.251726,-19.628,0.502,-51,26,o,0,1.2,282.18089,33.08094,4021.44,6113.54,3.04,2.72,42.8,-0.346,18.49,18.96,01a60628o0022o
60628.258693,-20.259,1.135,-29,32,o,0,0.66,282.18089,33.08094,3960.03,6035.83,2.95,2.75,42.7,-0.355,18.47,18.91,01a60628o0037o
60628.269859,19.895,0.735,40,29,o,0,0.66,282.18089,33.08094,3936.03,6152.52,2.72,2.51,42.3,-0.372,18.5,18.81,01a60628o0060o
60629.206917,-20.645,1.535,-20,31,o,0,1.14,282.18089,33.08094,6550.0,4481.71,2.85,2.77,20.0,-0.387,18.37,18.98,02a60629o0047o
60629.212418,-19.61,0.617,-52,32,o,0,0.88,282.18089,33.08094,6529.76,4442.78,2.69,2.58,24.1,-0.408,18.41,18.95,02a60629o0059o
60629.225283,-21.498,3.365,-9,31,o,0,1.2,282.18089,33.08094,6585.28,4520.63,2.69,2.57,27.5,-0.387,18.31,18.84,02a60629o0087o
60629.229922,-19.836,0.602,-42,25,o,0,1.18,282.18089,33.08094,6605.62,4405.37,2.45,2.3,32.9,-0.389,18.46,18.8,02a60629o0097o
60630.214699,20.508,0.994,23,23,o,0,1.65,282.18089,33.08094,4280.34,2547.85,2.34,2.24,32.3,-0.424,18.42,18.84,02a60630o0070o
60630.220697,-20.799,1.924,-17,34,o,0,0.87,282.18089,33.08094,4260.25,2508.84,2.37,2.36,-2.9,-0.416,18.42,18.79,02a60630o0083o
60630.223888,-19.838,0.699,-42,30,o,0,0.91,282.18089,33.08094,4319.0,2585.46,2.26,2.22,31.9,-0.419,18.4,18.76,02a60630o0090o
60630.235266,-20.772,1.915,-18,34,o,0,1.0,282.18089,33.08094,4340.06,2467.75,2.55,2.51,-36.8,-0.407,18.23,18.67,02a60630o0115o
60631.213965,-19.796,0.645,-44,28,o,0,0.97,282.18089,33.08094,6296.68,7997.86,2.97,2.81,53.2,-0.36,18.6,19.24,01a60631o0051o
60631.216905,-20.798,1.443,-17,25,o,0,1.28,282.18089,33.08094,6316.45,8036.93,2.79,2.62,51.9,-0.381,18.57,19.12,01a60631o0057o
60631.224523,21.243,2.146,12,25,o,0,0.99,282.18089,33.08094,6251.28,7960.46,2.61,2.53,68.3,-0.396,18.76,19.21,01a60631o0073o
60631.234909,-19.749,1.343,-46,62,o,0,1.12,282.18089,33.08094,6225.98,8077.81,2.65,2.6,89.3,-0.455,17.8,18.21,01a60631o0095o
60632.218042,25.152,49.0,0,16,o,0,1.09,282.18089,33.08094,4330.65,8107.42,2.88,2.68,53.8,-0.384,19.08,20.05,01a60632o0068o
60632.221887,22.019,2.944,6,17,o,0,0.86,282.18089,33.08094,4348.48,8146.32,2.81,2.68,57.5,-0.387,19.05,20.0,01a60632o0076o
60632.227194,20.251,0.665,29,19,o,0,0.98,282.18089,33.08094,4285.86,8069.31,2.99,2.77,-47.4,-0.4,18.97,19.96,01a60632o0087o
60632.237207,21.338,1.852,11,20,o,0,1.01,282.18089,33.08094,4261.17,8186.18,2.92,2.88,79.7,-0.37,18.83,19.7,01a60632o0108o
60633.213957,-21.732,2.15,-7,16,o,0,1.09,282.18089,33.08094,6246.48,2449.76,2.18,2.17,65.7,-0.406,19.13,20.03,02a60633o0073o
60633.218587,-21.649,1.925,-8,15,o,0,0.95,282.18089,33.08094,6226.87,2409.64,2.17,2.08,-53.6,-0.41,19.11,20.07,02a60633o0083o
60633.235424,-21.256,1.667,-11,19,o,0,0.99,282.18089,33.08094,6284.53,2486.06,2.34,2.17,-53.3,-0.457,19.06,19.93,02a60633o0120o
60633.241863,21.228,1.554,12,18,o,0,0.94,282.18089,33.08094,6305.95,2367.98,2.26,2.13,-49.7,-0.401,19.02,19.85,02a60633o0134o
60634.199592,-21.281,1.365,-11,15,c,0,1.09,282.18089,33.08094,4693.93,6513.94,2.54,2.34,24.8,-0.397,19.12,20.36,02a60634o0035c
60634.203265,-21.161,1.291,-12,16,c,0,0.82,282.18089,33.08094,4673.94,6475.47,2.52,2.26,31.0,-0.396,19.26,20.53,02a60634o0043c
60634.213091,-21.194,1.244,-12,15,c,0,0.91,282.18089,33.08094,4725.94,6556.13,2.56,2.36,27.8,-0.391,19.26,20.65,02a60634o0062c
60634.218546,-19.877,0.438,-41,18,c,0,0.68,282.18089,33.08094,4745.12,6437.64,2.54,2.34,28.5,-0.394,19.27,20.65,02a60634o0074c
60635.19843,-21.201,1.67,-12,20,o,0,1.05,282.18089,33.08094,5863.06,4033.01,2.68,2.35,39.6,-0.4,19.04,19.73,01a60635o0028o
60635.201662,23.645,11.2,1,14,o,0,1.17,282.18089,33.08094,5882.79,4072.12,2.53,2.34,46.5,-0.417,19.14,19.91,01a60635o0035o
60635.206771,22.936,6.9,2,17,o,0,0.79,282.18089,33.08094,5824.84,3994.55,2.4,2.32,46.5,-0.429,19.2,20.0,01a60635o0046o
60635.219589,21.505,2.032,9,18,o,0,0.86,282.18089,33.08094,5801.1,4111.29,2.75,2.47,54.0,-0.398,19.12,20.07,01a60635o0073o
60636.197864,0.0,20.739,0,18,o,0,1.4,282.18089,33.08094,8364.49,9815.63,3.32,3.12,-76.4,-0.411,18.81,19.91,01a60636o0002o
60636.201072,24.009,21.2,1,19,o,0,0.95,282.18089,33.08094,8385.29,9854.78,3.03,2.86,59.8,-0.409,19.05,20.14,01a60636o0009o
60636.206588,-20.487,0.625,-23,14,o,0,1.15,282.18089,33.08094,8324.46,9778.0,2.63,2.56,86.9,-0.431,19.21,20.27,01a60636o0021o
60636.219942,20.54,0.646,22,14,o,0,0.94,282.18089,33.08094,8302.31,9896.77,2.64,2.4,65.8,-0.429,19.23,20.32,01a60636o0050o
60639.19238,-17.446,0.802,-382,306,o,0,0.4,282.18089,33.08094,10020.67,6169.91,2.89,2.8,23.1,-0.433,16.0,16.54,01a60639o0015o
60639.195581,19.156,2.471,79,195,o,0,0.65,282.18089,33.08094,10042.17,6208.34,2.55,2.46,25.7,-0.422,16.35,17.03,01a60639o0022o
60639.196495,-18.118,0.656,-206,135,o,0,1.17,282.18089,33.08094,94.04,6219.88,2.63,2.36,41.4,-0.399,16.94,17.69,01a60639o0024o
60639.200666,20.297,3.721,28,103,o,0,0.82,282.18089,33.08094,114.9,6257.86,2.61,2.34,45.5,-0.395,17.38,18.21,01a60639o0033o
60639.201591,-18.943,1.043,-96,100,o,0,1.06,282.18089,33.08094,9976.85,6134.12,2.57,2.48,-0.0,-0.454,17.01,17.83,01a60639o0035o
60639.202504,18.175,1.202,195,234,o,0,0.52,282.18089,33.08094,9980.5,6134.56,2.39,2.37,-53.9,-0.441,16.48,17.32,01a60639o0037o
60639.206117,19.397,2.533,63,160,o,0,0.98,282.18089,33.08094,55.15,6177.91,2.49,2.28,42.8,-0.413,16.58,17.44,01a60639o0044o
60639.213081,-19.301,1.814,-69,125,o,0,1.32,282.18089,33.08094,9957.89,6254.21,2.45,2.44,82.7,-0.431,16.36,17.26,01a60639o0059o
60639.217243,-17.993,1.443,-231,333,o,0,0.73,282.18089,33.08094,31.84,6293.76,2.48,2.37,51.7,-0.421,16.02,16.97,01a60639o0068o
60641.199589,20.958,1.823,15,27,c,0,0.79,282.18089,33.08094,8233.32,413.0,2.74,2.12,-60.3,-0.423,18.96,20.11,02a60641o0040c
60641.203251,20.388,0.8,25,20,c,0,1.15,282.18089,33.08094,8213.23,373.92,2.73,2.07,-59.2,-0.426,19.13,20.3,02a60641o0048c
60641.208719,20.918,1.792,16,28,c,0,0.51,282.18089,33.08094,8272.71,453.72,2.83,2.13,-59.1,-0.409,19.14,20.38,02a60641o0060c
60641.218456,18.461,0.542,150,81,c,0,2.73,282.18089,33.08094,4696.84,10528.1,2.68,2.45,-46.3,-0.381,19.06,20.25,02a60641o0081c
60641.219811,21.296,1.662,11,18,c,0,1.16,282.18089,33.08094,8290.46,336.75,2.78,2.1,-58.2,-0.416,19.08,20.34,02a60641o0084c
60642.193329,19.931,1.363,39,53,c,0,1.28,282.18089,33.08094,2889.54,8186.46,2.5,2.45,32.7,-0.383,18.12,18.99,02a60642o0025c
60642.196502,-22.897,12.0,-2,30,c,0,0.81,282.18089,33.08094,2869.04,8146.25,2.48,2.48,-45.5,-0.383,18.61,19.64,02a60642o0032c
60642.201973,-21.458,1.879,-10,18,c,0,0.96,282.18089,33.08094,2924.29,8222.0,2.53,2.48,-48.4,-0.39,19.01,20.24,02a60642o0044c
60642.217532,-21.074,1.148,-14,16,c,0,1.31,282.18089,33.08094,2941.23,8103.25,2.54,2.44,-42.8,-0.399,19.06,20.39,02a60642o0078c
60645.194468,-24.726,64.333,0,30,c,0,1.29,282.18089,33.08094,2673.9,4691.16,2.52,2.37,32.2,-0.404,18.29,19.19,02a60645o0027c
60645.197636,22.774,8.389,3,24,c,0,0.9,282.18089,33.08094,2652.83,4652.36,2.48,2.39,40.0,-0.403,18.71,19.76,02a60645o0034c
60645.205379,-24.135,17.8,-1,14,c,0,1.21,282.18089,33.08094,2708.65,4728.82,2.46,2.43,56.9,-0.407,19.04,20.34,02a60645o0051c
60645.21735,-21.471,1.612,-9,15,c,0,1.36,282.18089,33.08094,2724.73,4610.92,2.75,2.62,-56.6,-0.381,18.92,20.37,02a60645o0077c
60646.211604,20.851,0.897,17,15,c,0,1.08,282.18089,33.08094,2767.88,6630.03,2.31,2.27,19.0,-0.396,19.09,20.26,02a60646o0067c
60646.214821,-23.063,8.133,-2,18,c,0,0.97,282.18089,33.08094,2747.8,6591.4,2.31,2.28,22.9,-0.4,19.06,20.24,02a60646o0074c
60646.220753,19.892,0.361,40,14,c,0,1.42,282.18089,33.08094,2805.81,6667.08,2.34,2.22,-44.7,-0.41,19.03,20.22,02a60646o0087c
60646.231418,-21.443,1.841,-10,18,c,0,1.05,282.18089,33.08094,2822.72,6551.25,2.35,2.19,-42.2,-0.413,18.94,20.16,02a60646o0110c
60647.192128,22.554,14.524,4,50,o,0,0.92,282.18089,33.08094,7778.67,3909.55,2.97,2.72,36.8,-0.358,17.75,17.75,01a60647o0013o
60647.194884,19.83,0.753,42,32,o,0,1.17,282.18089,33.08094,7798.24,3947.91,2.69,2.49,36.7,-0.389,18.26,18.45,01a60647o0019o
60647.202352,21.63,2.846,8,23,o,0,0.74,282.18089,33.08094,7737.14,3870.48,2.86,2.62,39.2,-0.359,18.74,19.47,01a60647o0035o
60647.217439,-22.237,4.355,-5,20,o,0,0.95,282.18089,33.08094,7710.36,3990.97,2.66,2.55,58.2,-0.401,18.88,19.64,01a60647o0067o
60648.19212,-17.643,0.554,-318,176,o,0,0.84,282.18089,33.08094,10233.5,7724.15,2.67,2.66,79.3,-0.455,16.35,16.22,01a60648o0012o
60648.193491,18.263,0.781,180,140,o,0,1.09,282.18089,33.08094,126.42,7773.99,2.75,2.58,40.6,-0.429,17.18,17.14,01a60648o0015o
60648.203078,22.764,6.937,3,20,o,0,1.98,282.18089,33.08094,10189.96,7689.41,2.78,2.46,-58.6,-0.441,18.72,19.42,01a60648o0017o
60648.204906,21.485,2.065,9,19,o,0,1.47,282.18089,33.08094,148.39,7811.87,2.51,2.41,55.3,-0.436,18.93,19.78,01a60648o0021o
60648.206296,-20.553,0.886,-22,19,o,0,1.12,282.18089,33.08094,10187.78,7690.8,2.71,2.47,-59.7,-0.456,18.98,19.83,01a60648o0024o
60648.208584,0.0,20.846,0,17,o,0,1.21,282.18089,33.08094,86.09,7731.65,2.66,2.55,59.2,-0.424,19.07,20.06,01a60648o0029o
60648.211815,-20.162,0.563,-31,18,o,0,1.08,282.18089,33.08094,10164.65,7811.27,2.84,2.49,-60.7,-0.449,19.06,20.01,01a60648o0036o
60648.215974,20.668,0.948,20,19,o,0,1.02,282.18089,33.08094,63.34,7846.36,3.14,2.92,62.3,-0.405,18.93,20.17,01a60648o0045o
60652.193192,19.893,1.814,40,73,o,0,0.92,282.18089,33.08094,2052.15,6152.39,3.0,2.56,41.1,-0.407,17.61,17.38,01a60652o0013o
60652.196406,-21.541,4.186,-9,37,o,0,0.98,282.18089,33.08094,2071.94,6191.17,2.76,2.42,42.6,-0.429,18.16,18.24,01a60652o0020o
60652.206563,-20.508,0.852,-23,19,o,0,1.03,282.18089,33.08094,2007.11,6111.65,2.48,2.31,42.8,-0.461,18.86,19.49,01a60652o0042o
60652.213509,25.113,62.5,0,20,o,0,1.32,282.18089,33.08094,1986.08,6226.75,2.85,2.54,47.7,-0.409,18.8,19.6,01a60652o0057o
60653.20307,-19.977,0.751,-37,28,o,0,1.35,282.18089,33.08094,8501.76,4419.71,2.37,2.35,59.1,-0.424,18.48,18.97,02a60653o0048o
60653.207672,-21.585,3.132,-8,26,o,0,1.09,282.18089,33.08094,8481.48,4381.89,2.43,2.3,-64.5,-0.43,18.63,19.15,02a60653o0058o
60653.212673,20.853,1.449,16,24,o,0,1.12,282.18089,33.08094,8537.33,4463.8,2.34,2.3,-81.9,-0.428,18.66,19.22,02a60653o0069o
60653.222731,20.992,2.153,15,31,o,0,0.99,282.18089,33.08094,8553.47,4347.83,2.54,2.33,-51.5,-0.411,18.57,19.15,02a60653o0091o
60710.654371,20.63,0.745,20,15,c,0,0.98,282.18089,33.08094,10428.62,9692.78,2.91,2.66,-28.0,-0.392,19.27,20.91,02a60710o0954c
60710.660036,25.458,78.0,0,19,c,0,0.86,282.18089,33.08094,10448.95,9731.51,3.07,2.8,-35.5,-0.393,19.19,20.79,02a60710o0966c
60710.668019,-21.131,2.625,-13,34,c,0,1.1,282.18089,33.08094,280.52,9719.92,2.44,2.19,-50.6,-0.519,18.54,19.61,02a60710o0983c
60710.671682,-19.33,0.844,-67,57,c,0,1.02,282.18089,33.08094,298.49,9758.97,2.38,2.14,-36.3,-0.525,17.91,18.72,02a60710o0991c
60710.674042,-17.859,0.403,-261,105,c,0,1.01,282.18089,33.08094,240.3,9678.61,2.46,2.25,-46.1,-0.518,17.27,18.06,02a60710o0996c
60710.674951,-18.799,1.121,-110,123,c,0,0.85,282.18089,33.08094,10385.51,9653.44,2.87,2.6,-36.8,-0.403,17.34,18.06,02a60710o0998c
60710.678179,19.037,3.513,88,310,c,0,1.08,282.18089,33.08094,218.7,9796.75,2.49,2.23,-43.0,-0.559,16.16,16.83,02a60710o1005c
60712.633957,19.237,0.223,73,16,o,0,1.3,282.18089,33.08094,6612.23,6440.91,3.21,2.86,34.4,-0.317,19.1,20.54,01a60712o0864o
60712.638158,19.242,0.221,73,16,o,0,1.83,282.18089,33.08094,6594.04,6401.61,3.06,2.91,26.0,-0.356,19.09,20.57,01a60712o0873o
60712.657706,19.216,0.197,75,15,o,0,1.61,282.18089,33.08094,6656.52,6477.11,2.81,2.73,-44.5,-0.369,19.14,20.4,01a60712o0912o
60712.662981,19.381,0.261,64,17,o,0,1.68,282.18089,33.08094,6679.59,6364.6,3.15,2.8,39.8,-0.316,18.86,19.9,01a60712o0923o
60714.622337,-22.277,3.682,-4,16,c,0,1.36,282.18089,33.08094,2410.53,8192.36,2.49,2.4,12.2,-0.396,19.01,20.67,02a60714o0875c
60714.625186,-20.001,0.376,-36,14,c,0,1.61,282.18089,33.08094,2429.69,8230.73,2.58,2.47,5.8,-0.399,19.03,20.69,02a60714o0881c
60714.631704,-20.334,0.614,-27,16,c,0,0.95,282.18089,33.08094,2370.4,8151.11,2.6,2.48,13.9,-0.394,19.05,20.71,02a60714o0895c
60714.654016,-19.573,0.697,-54,38,c,0,2.07,282.18089,33.08094,2345.42,8263.99,2.6,2.46,25.1,-0.39,17.87,19.41,02a60714o0943c
60716.618689,22.29,6.826,4,30,o,0,1.11,282.18089,33.08094,555.11,6282.25,3.06,2.84,51.4,-0.382,18.52,19.19,01a60716o0882o
60716.628333,20.997,1.912,14,28,o,0,0.76,282.18089,33.08094,538.45,6249.67,2.81,2.62,49.4,-0.381,18.67,19.35,01a60716o0903o
60716.644815,20.739,1.112,18,20,o,0,1.01,282.18089,33.08094,600.74,6327.68,2.87,2.64,49.7,-0.371,18.91,19.77,01a60716o0937o
60716.645729,-19.841,0.437,-42,18,o,0,1.29,282.18089,33.08094,10486.86,6341.47,2.68,2.62,7.4,-0.395,18.82,19.64,01a60716o0939o
60716.651836,-21.016,0.954,-14,14,o,0,1.11,282.18089,33.08094,10469.43,6301.16,2.6,2.38,20.0,-0.392,18.97,19.96,01a60716o0952o
60716.652304,-22.043,2.585,-6,14,o,0,1.24,282.18089,33.08094,622.33,6212.78,2.63,2.42,56.0,-0.388,19.15,20.12,01a60716o0953o
60717.636729,-19.142,0.432,-80,35,o,0,0.9,282.18089,33.08094,10074.63,4244.3,2.4,2.16,-32.2,-0.442,18.41,18.85,02a60717o0663o
60717.640387,-20.38,1.115,-26,28,o,0,1.2,282.18089,33.08094,145.34,4258.36,2.19,2.0,12.8,-0.369,18.36,18.72,02a60717o0671o
60717.642219,19.733,0.749,46,35,o,0,0.76,282.18089,33.08094,10089.91,4279.43,2.23,2.06,-27.7,-0.452,18.49,18.91,02a60717o0675o
60717.644545,-20.704,1.543,-19,29,o,0,0.74,282.18089,33.08094,163.65,4298.13,2.13,2.02,8.8,-0.378,18.36,18.78,02a60717o0680o
60717.65432,21.694,5.838,8,44,o,0,0.25,282.18089,33.08094,101.17,4215.34,2.11,1.99,12.5,-0.378,18.47,18.9,02a60717o0701o
60717.663123,-22.783,10.75,-3,30,o,0,0.78,282.18089,33.08094,10030.5,4204.21,2.15,1.95,-48.7,-0.449,18.64,19.07,02a60717o0720o
60717.667752,-19.608,0.556,-52,29,o,0,1.02,282.18089,33.08094,10010.04,4321.36,2.19,1.99,-49.7,-0.452,18.5,18.86,02a60717o0730o
60717.669593,-19.407,0.574,-63,36,o,0,1.18,282.18089,33.08094,81.26,4328.15,2.16,1.96,12.4,-0.366,18.17,18.47,02a60717o0734o
60720.636552,21.154,1.818,12,23,o,0,0.94,282.18089,33.08094,6912.82,8480.36,3.22,2.89,47.3,-0.372,18.63,19.44,01a60720o0785o
60720.640731,22.728,6.944,3,20,o,0,1.12,282.18089,33.08094,6895.96,8441.51,3.0,2.66,44.2,-0.376,18.75,19.48,01a60720o0794o
60720.659209,-20.584,1.165,-21,25,o,0,1.14,282.18089,33.08094,6958.04,8514.3,2.87,2.76,51.7,-0.416,18.68,19.33,01a60720o0831o
60721.615658,-20.289,0.851,-28,24,o,0,1.27,282.18089,33.08094,3706.38,2093.3,2.2,2.08,35.8,-0.427,18.55,19.16,02a60721o0875o
60721.618947,20.715,1.262,19,24,o,0,1.0,282.18089,33.08094,3725.21,2131.13,2.31,1.99,37.0,-0.412,18.63,19.2,02a60721o0882o
60721.628999,21.967,3.413,6,20,o,0,1.46,282.18089,33.08094,3664.43,2052.8,2.25,2.09,38.8,-0.419,18.69,19.31,02a60721o0902o
60721.635163,20.297,0.829,28,23,o,0,0.93,282.18089,33.08094,3642.86,2166.5,2.3,2.08,34.7,-0.424,18.69,19.37,02a60721o0915o
60724.636311,-20.684,0.841,-19,16,o,0,1.02,282.18089,33.08094,8550.7,6374.79,3.0,2.9,49.6,-0.389,18.99,20.13,01a60724o0618o
60724.646424,-20.514,0.727,-23,16,o,0,0.89,282.18089,33.08094,8534.17,6332.03,2.83,2.78,54.7,-0.395,19.08,20.17,01a60724o0639o
60724.658099,-20.94,1.313,-15,20,o,0,0.73,282.18089,33.08094,8591.31,6408.68,2.81,2.74,48.0,-0.398,18.9,19.8,01a60724o0664o
60724.661978,-21.948,3.78,-6,23,o,0,0.97,282.18089,33.08094,8612.52,6291.7,2.68,2.64,54.6,-0.409,18.66,19.2,01a60724o0672o
60725.636535,-21.149,1.299,-13,16,o,0,0.85,282.18089,33.08094,2078.18,4202.58,2.43,1.95,25.3,-0.425,19.12,20.17,02a60725o0917o
60725.646294,-22.849,5.727,-3,15,o,0,0.95,282.18089,33.08094,2097.87,4242.41,2.26,1.9,27.7,-0.445,19.2,20.22,02a60725o0938o
60725.650518,21.36,1.349,10,14,o,0,1.04,282.18089,33.08094,2040.51,4160.58,2.27,1.92,24.4,-0.439,19.16,20.22,02a60725o0947o
60725.664367,-20.29,0.794,-28,22,o,0,1.12,282.18089,33.08094,2019.21,4275.31,2.4,1.99,25.5,-0.419,18.67,19.29,02a60725o0977o
60727.588608,23.9,18.143,1,18,o,0,0.85,282.18089,33.08094,6257.91,512.99,2.52,2.43,-47.5,-0.452,19.15,20.16,01a60727o0797o
60727.592859,-21.232,1.576,-12,18,o,0,0.75,282.18089,33.08094,6236.19,472.36,2.48,2.38,-40.3,-0.453,19.17,20.19,01a60727o0806o
60727.598078,-20.62,0.818,-20,17,o,0,0.96,282.18089,33.08094,6297.12,551.26,2.5,2.43,-48.9,-0.442,19.15,20.22,01a60727o0817o
60727.61205,-23.422,9.417,-2,15,o,0,0.85,282.18089,33.08094,6316.46,431.72,2.44,2.37,-64.2,-0.447,19.25,20.3,01a60727o0846o
60728.613882,20.386,0.779,25,20,o,0,1.14,282.18089,33.08094,4066.47,6063.07,2.91,2.23,40.2,-0.383,19.02,20.02,02a60728o0787o
60728.616426,-20.307,0.619,-27,17,o,0,0.67,282.18089,33.08094,6614.6,4538.03,2.93,2.61,40.5,-0.351,19.1,20.19,01a60728o0798o
60728.617711,-20.829,1.217,-17,21,o,0,0.64,282.18089,33.08094,4087.86,6103.74,2.8,2.09,38.7,-0.414,19.07,20.05,02a60728o0795o
60728.61996,23.5,12.333,1,18,o,0,0.91,282.18089,33.08094,6633.52,4422.86,3.03,2.66,39.4,-0.334,19.08,20.2,01a60728o0805o
60729.601783,21.59,1.909,8,16,o,0,1.09,282.18089,33.08094,4070.79,6068.36,2.55,2.14,27.1,-0.422,19.13,20.29,02a60729o0838o
60729.605023,20.852,0.928,17,15,o,0,1.04,282.18089,33.08094,4089.71,6106.32,2.57,2.07,25.3,-0.423,19.12,20.29,02a60729o0845o
60729.611134,-20.037,0.447,-35,16,o,0,0.91,282.18089,33.08094,4027.78,6025.51,2.7,2.17,30.2,-0.422,19.11,20.3,02a60729o0858o
60729.623296,-26.036,96.0,0,13,o,0,1.33,282.18089,33.08094,4008.11,6142.0,2.56,2.01,26.8,-0.417,19.22,20.34,02a60729o0884o
60730.653552,22.31,3.161,4,14,o,0,0.94,282.18089,33.08094,6560.12,4457.36,2.77,2.51,47.8,-0.369,19.25,20.44,01a60730o0864o
60730.657522,20.913,1.358,16,21,o,0,0.42,282.18089,33.08094,4054.93,6060.23,2.51,1.9,33.1,-0.428,19.21,20.14,02a60730o0856o
60730.658244,-19.914,0.494,-39,19,o,0,1.04,282.18089,33.08094,6622.32,4533.27,3.09,2.65,43.9,-0.334,18.84,19.7,01a60730o0873o
60731.612559,21.885,2.102,6,14,o,0,1.04,282.18089,33.08094,4310.86,2550.71,2.54,2.37,47.1,-0.429,19.29,20.39,01a60731o0822o
60731.615775,-22.224,2.8,-5,13,o,0,1.23,282.18089,33.08094,4291.54,2510.94,2.6,2.4,42.0,-0.421,19.29,20.4,01a60731o0829o
60731.637779,-20.068,0.381,-34,13,o,0,0.89,282.18089,33.08094,4349.56,2588.19,2.56,2.38,48.2,-0.421,19.31,20.42,01a60731o0873o
60731.652093,22.111,2.256,5,12,o,0,1.6,282.18089,33.08094,4371.87,2472.17,2.49,2.28,45.0,-0.433,19.27,20.25,01a60731o0900o
60732.61224,20.413,0.644,25,16,o,0,0.89,282.18089,33.08094,6279.66,2461.3,2.72,2.51,35.6,-0.395,19.17,20.32,01a60732o0845o
60732.616528,21.548,1.797,9,16,o,0,0.77,282.18089,33.08094,6259.53,2419.89,2.47,2.38,42.5,-0.424,19.28,20.33,01a60732o0854o
60732.62308,-25.988,99.0,0,14,o,0,0.96,282.18089,33.08094,6318.71,2499.29,2.74,2.57,44.6,-0.394,19.23,20.39,01a60732o0868o
60732.644334,-22.752,4.818,-3,14,o,0,0.95,282.18089,33.08094,6339.95,2380.03,2.56,2.45,45.5,-0.414,19.31,20.42,01a60732o0912o
60733.614961,21.617,1.586,8,13,o,0,1.01,282.18089,33.08094,4368.82,8097.17,2.19,1.95,33.1,-0.434,19.38,20.57,02a60733o0867o
60733.618761,23.399,8.385,2,13,o,0,1.02,282.18089,33.08094,4387.39,8135.93,2.24,2.0,37.4,-0.431,19.38,20.6,02a60733o0875o
60733.625403,21.186,1.068,12,13,o,0,0.93,282.18089,33.08094,4327.23,8058.58,2.19,1.98,28.0,-0.434,19.41,20.59,02a60733o0889o
60733.646213,-25.4,61.5,0,15,o,0,0.74,282.18089,33.08094,4300.21,8172.31,2.34,2.03,31.4,-0.419,19.37,20.57,02a60733o0933o
60734.606712,21.42,1.299,10,13,o,0,0.79,282.18089,33.08094,5920.98,4028.8,2.13,1.92,36.2,-0.437,19.4,20.64,02a60734o0845o
60734.609961,-20.788,0.576,-18,10,o,0,1.22,282.18089,33.08094,5938.46,4068.84,2.14,1.86,37.6,-0.447,19.45,20.66,02a60734o0852o
60734.615565,-21.688,1.435,-8,11,o,0,1.04,282.18089,33.08094,5882.67,3992.36,2.17,1.85,37.9,-0.447,19.43,20.66,02a60734o0864o
60734.62886,26.237,111.0,0,13,o,0,0.88,282.18089,33.08094,5861.41,4106.87,2.23,1.89,38.9,-0.446,19.46,20.65,02a60734o0891o
60735.564063,20.29,0.484,28,13,o,0,0.96,282.18089,33.08094,4694.9,6526.84,2.66,2.6,-7.0,-0.391,19.24,20.49,01a60735o0744o
60735.567825,21.153,0.976,13,12,o,0,0.92,282.18089,33.08094,4673.75,6481.86,2.62,2.57,-77.2,-0.394,19.28,20.53,01a60735o0752o
60735.580357,22.642,4.048,3,13,o,0,0.84,282.18089,33.08094,4731.98,6558.24,2.81,2.58,48.8,-0.365,19.29,20.61,01a60735o0778o
60735.585913,21.803,1.878,7,13,o,0,1.19,282.18089,33.08094,4752.66,6442.03,2.59,2.54,36.9,-0.393,19.33,20.64,01a60735o0790o
60736.623417,-21.394,1.424,-10,14,o,0,1.09,282.18089,33.08094,4056.31,6059.5,2.56,2.2,29.4,-0.43,19.27,20.62,02a60736o0714o
60736.628702,21.77,1.604,7,11,o,0,0.98,282.18089,33.08094,6554.72,4455.63,2.74,2.42,40.2,-0.371,19.43,20.8,01a60736o0774o
60736.633597,-21.026,1.188,-14,17,o,0,0.67,282.18089,33.08094,4018.16,6020.1,2.66,2.32,28.6,-0.43,19.2,20.64,02a60736o0730o
60736.641721,20.997,1.056,14,15,o,0,0.91,282.18089,33.08094,3994.09,6135.8,2.63,2.3,33.1,-0.424,19.25,20.64,02a60736o0742o
60737.602663,22.071,2.75,5,15,o,0,1.19,282.18089,33.08094,8400.0,9824.33,2.45,2.25,-47.2,-0.426,19.32,20.52,02a60737o0833o
60737.605865,21.401,1.577,10,16,o,0,1.14,282.18089,33.08094,8418.65,9862.81,2.36,2.18,-59.3,-0.431,19.37,20.52,02a60737o0840o
60737.611098,23.815,17.0,1,18,o,0,0.66,282.18089,33.08094,8356.35,9783.69,2.49,2.32,-48.5,-0.418,19.31,20.54,02a60737o0851o
60737.621026,20.217,0.473,30,14,o,0,0.94,282.18089,33.08094,8336.03,9903.39,2.29,2.19,-35.3,-0.433,19.36,20.56,02a60737o0871o
60739.620563,-20.662,0.614,-20,12,o,0,1.07,282.18089,33.08094,558.83,4349.92,2.62,2.45,52.4,-0.372,19.38,20.62,01a60739o0850o
60739.622903,20.871,0.808,16,13,o,0,0.73,282.18089,33.08094,538.1,4311.38,2.58,2.42,57.1,-0.371,19.4,20.63,01a60739o0855o
60739.624326,22.509,3.552,4,13,o,0,0.88,282.18089,33.08094,10490.84,4383.06,2.64,2.41,-54.5,-0.366,19.32,20.52,01a60739o0858o
60739.641076,-20.931,0.816,-15,13,o,0,0.69,282.18089,33.08094,597.41,4390.69,2.47,2.28,52.8,-0.383,19.47,20.65,01a60739o0890o
60739.641538,-24.741,23.5,0,11,o,0,1.07,282.18089,33.08094,10473.17,4339.11,2.49,2.33,-49.7,-0.371,19.37,20.58,01a60739o0891o
60739.655222,20.578,0.751,21,16,o,0,1.13,282.18089,33.08094,615.65,4276.85,2.57,2.37,50.2,-0.37,19.02,19.74,01a60739o0917o
60742.586515,-21.712,2.46,-8,18,o,0,0.57,282.18089,33.08094,7719.3,2357.5,2.39,2.32,18.8,-0.406,19.14,20.45,02a60742o0726o
60742.5898,21.121,1.113,13,14,o,0,1.02,282.18089,33.08094,7737.81,2395.76,2.47,2.44,-45.8,-0.403,19.13,20.48,02a60742o0733o
60742.5949,-21.534,1.662,-9,15,o,0,0.91,282.18089,33.08094,7680.85,2318.51,2.27,2.22,-39.0,-0.408,19.23,20.52,02a60742o0744o
60742.60481,20.194,0.453,30,14,o,0,1.0,282.18089,33.08094,7658.59,2434.37,2.5,2.43,35.6,-0.395,19.22,20.63,02a60742o0765o
60743.599812,-21.006,1.056,-14,15,o,0,1.11,282.18089,33.08094,2889.73,8181.15,2.69,2.51,59.2,-0.397,19.24,20.43,01a60743o0788o
60743.603957,-21.647,1.586,-8,13,o,0,0.82,282.18089,33.08094,2871.81,8143.18,2.61,2.45,61.8,-0.405,19.38,20.57,01a60743o0797o
60743.611436,-22.404,4.19,-4,17,o,0,1.16,282.18089,33.08094,2929.87,8223.62,2.86,2.59,57.2,-0.381,19.06,20.36,01a60743o0813o
60743.628902,-20.971,0.962,-15,14,o,0,1.15,282.18089,33.08094,2951.9,8105.66,3.02,2.87,56.6,-0.385,19.18,20.56,01a60743o0850o
60747.546077,-19.361,0.817,-65,53,o,0,1.17,282.18089,33.08094,4058.75,6066.92,4.05,2.49,6.3,-0.412,17.77,18.63,02a60747o0504o
60747.55041,-20.613,1.897,-21,39,o,0,1.57,282.18089,33.08094,4080.47,6105.02,3.19,2.44,13.8,-0.396,17.91,18.69,02a60747o0513o
60747.634555,-20.273,0.825,-28,23,o,0,1.14,282.18089,33.08094,4025.51,6077.85,2.74,2.3,27.2,-0.408,18.56,19.34,02a60747o0680o
60748.572108,-20.006,1.045,-36,38,o,0,1.16,282.18089,33.08094,4070.71,6099.85,2.7,2.21,17.5,-0.408,18.09,18.64,02a60748o0687o
60748.579129,19.639,0.767,51,39,o,0,0.96,282.18089,33.08094,3992.8,6139.91,2.59,2.07,20.4,-0.418,18.19,18.73,02a60748o0701o
60748.629653,-21.01,1.701,-14,24,o,0,0.78,282.18089,33.08094,6578.81,4497.36,2.99,2.8,46.6,-0.351,18.66,19.27,01a60748o0635o
60748.638355,-22.035,3.756,-6,21,o,0,0.9,282.18089,33.08094,6618.06,4535.76,2.81,2.47,44.5,-0.352,18.78,19.33,01a60748o0650o
60751.590507,-20.288,0.566,-28,16,o,0,1.54,282.18089,33.08094,5017.87,8556.77,2.71,2.46,55.9,-0.374,18.97,19.7,01a60751o0786o
60751.609454,-21.963,2.523,-6,15,o,0,1.13,282.18089,33.08094,5001.39,8518.1,2.72,2.46,53.0,-0.37,19.07,19.84,01a60751o0825o
60751.612311,20.817,1.079,17,18,o,0,0.94,282.18089,33.08094,5060.96,8597.13,2.75,2.44,56.1,-0.369,19.1,19.85,01a60751o0831o
60751.615536,-22.086,3.3,-5,18,o,0,0.81,282.18089,33.08094,5080.92,8479.51,2.67,2.43,54.5,-0.377,19.02,19.83,01a60751o0838o
60752.599449,-18.147,1.078,-200,216,o,0,1.26,282.18089,33.08094,8526.0,4430.39,2.65,2.54,30.5,-0.415,16.21,16.02,01a60752o0715o
60752.60268,16.654,0.663,791,525,o,0,1.1,282.18089,33.08094,8506.82,4391.21,2.5,2.43,22.4,-0.443,15.38,15.04,01a60752o0722o
60752.609197,-20.327,9.6,-27,258,o,0,1.54,282.18089,33.08094,8563.68,4467.93,2.6,2.43,33.8,-0.414,15.98,15.75,01a60752o0736o
60752.632104,-22.036,20.833,-6,116,o,0,0.91,282.18089,33.08094,8585.07,4352.5,2.66,2.5,37.2,-0.41,16.91,16.87,01a60752o0783o
60755.620507,-20.661,0.87,-20,17,o,0,0.77,282.18089,33.08094,983.37,8328.63,2.57,2.37,76.7,-0.435,19.18,20.21,01a60755o0761o
60755.641561,20.775,0.824,18,15,o,0,0.96,282.18089,33.08094,965.81,8293.83,2.51,2.32,66.8,-0.432,19.13,20.06,01a60755o0805o
60755.643444,-20.533,0.754,-22,17,o,0,0.71,282.18089,33.08094,1021.04,8369.92,2.56,2.28,75.4,-0.433,19.14,20.17,01a60755o0809o
60755.649195,-21.415,1.676,-10,16,o,0,0.97,282.18089,33.08094,1043.18,8254.97,2.77,2.46,67.5,-0.41,19.1,19.96,01a60755o0821o
60756.59145,20.755,0.683,18,12,o,0,1.35,282.18089,33.08094,4635.48,4588.89,2.8,2.57,48.3,-0.395,19.26,20.45,01a60756o0787o
60756.594271,-21.303,0.988,-11,11,o,0,1.56,282.18089,33.08094,4617.03,4552.7,2.74,2.46,48.3,-0.39,19.33,20.48,01a60756o0793o
60756.600264,-20.41,0.539,-25,13,o,0,1.01,282.18089,33.08094,4676.19,4628.98,2.71,2.49,43.9,-0.4,19.3,20.49,01a60756o0804o
60756.610596,-21.119,1.022,-13,13,o,0,0.94,282.18089,33.08094,4695.15,4513.75,2.78,2.46,46.1,-0.39,19.27,20.48,01a60756o0826o
60757.576824,-20.506,0.627,-23,14,o,0,1.14,282.18089,33.08094,5994.32,5960.5,2.33,1.97,34.4,-0.431,19.27,20.33,02a60757o0756o
60757.580002,-22.819,5.5,-3,15,o,0,1.06,282.18089,33.08094,6013.21,5999.25,2.33,1.94,37.6,-0.442,19.29,20.37,02a60757o0763o
60757.585487,-21.386,1.682,-10,17,o,0,0.66,282.18089,33.08094,5952.66,5922.04,2.26,1.89,35.1,-0.44,19.34,20.39,02a60757o0774o
60757.599186,-21.766,2.031,-7,14,o,0,0.81,282.18089,33.08094,5925.94,6037.47,2.26,1.84,30.5,-0.434,19.38,20.43,02a60757o0803o
60758.585518,21.688,1.758,8,14,o,0,0.85,282.18089,33.08094,6392.18,9943.87,2.16,2.13,-8.5,-0.443,19.45,20.59,02a60758o0774o
60758.592369,-21.774,1.593,-7,11,o,0,1.64,282.18089,33.08094,6413.38,9983.2,2.12,2.12,-16.3,-0.44,19.42,20.58,02a60758o0788o
60758.595564,23.798,12.444,1,14,o,0,1.13,282.18089,33.08094,6347.26,9903.81,2.18,2.11,10.3,-0.434,19.39,20.57,02a60758o0795o
60758.606643,21.55,1.514,9,13,o,0,0.93,282.18089,33.08094,6325.86,10021.59,2.16,2.07,51.9,-0.433,19.39,20.61,02a60758o0819o
60759.583447,-21.437,1.241,-10,12,o,0,0.9,282.18089,33.08094,4253.59,602.87,2.38,2.26,66.2,-0.454,19.49,20.67,01a60759o0768o
60759.586212,20.278,0.408,28,12,o,0,1.32,282.18089,33.08094,4230.98,564.23,2.37,2.22,60.9,-0.46,19.51,20.69,01a60759o0774o
60759.593713,-21.786,1.855,-7,13,o,0,0.89,282.18089,33.08094,4291.97,644.31,2.36,2.22,56.2,-0.456,19.5,20.7,01a60759o0790o
60759.603816,-23.327,8.467,-2,14,o,0,0.61,282.18089,33.08094,4308.94,526.44,2.37,2.22,65.0,-0.455,19.55,20.73,01a60759o0810o
60760.527572,-21.974,2.87,-6,17,o,0,0.99,282.18089,33.08094,4059.8,6063.15,2.36,1.97,33.7,-0.425,19.18,20.22,02a60760o0604o
60760.532259,21.211,1.073,12,13,o,0,1.99,282.18089,33.08094,4075.04,6097.44,2.32,1.94,28.9,-0.43,19.17,20.24,02a60760o0613o
60760.53574,-20.509,0.684,-23,16,o,0,0.97,282.18089,33.08094,4020.0,6020.85,2.42,1.95,32.0,-0.438,19.19,20.29,02a60760o0620o
60760.540409,-21.291,1.047,-11,12,o,0,1.71,282.18089,33.08094,6637.69,4424.84,3.13,2.81,36.4,-0.333,19.11,20.41,01a60760o0622o
60760.591024,-22.85,4.588,-3,12,o,0,0.82,282.18089,33.08094,6599.45,4477.5,2.99,2.67,46.3,-0.345,19.37,20.8,01a60760o0718o
60761.585407,22.852,4.882,3,13,c,0,1.08,282.18089,33.08094,256.06,9709.93,2.45,2.12,-46.7,-0.511,19.51,21.24,02a60761o0503c
60761.588659,-23.277,6.182,-2,11,c,0,1.44,282.18089,33.08094,282.46,9750.28,2.52,2.26,-51.2,-0.494,19.43,21.26,02a60761o0510c
60761.612871,0.0,21.191,0,12,c,0,0.96,282.18089,33.08094,218.58,9665.35,2.46,2.17,-45.8,-0.507,19.52,21.27,02a60761o0561c
60761.615596,-22.446,3.286,-4,12,c,0,0.82,282.18089,33.08094,10405.64,9691.31,2.86,2.63,-41.8,-0.39,19.56,21.41,02a60761o0567c
60761.627753,22.609,3.429,3,11,c,0,1.32,282.18089,33.08094,185.02,9785.54,2.44,2.22,-52.5,-0.512,19.48,21.3,02a60761o0592c
60761.630944,20.194,0.395,30,12,c,0,0.8,282.18089,33.08094,10419.5,9732.55,2.81,2.59,-47.1,-0.395,19.56,21.41,02a60761o0599c
60761.634112,-25.011,34.5,0,12,c,0,0.66,282.18089,33.08094,10358.46,9655.41,2.81,2.67,-45.0,-0.387,19.51,21.39,02a60761o0606c
60761.640249,20.492,0.581,23,13,c,0,0.97,282.18089,33.08094,10341.97,9774.74,2.78,2.69,-23.3,-0.384,19.4,21.01,02a60761o0619c
60762.587891,-20.797,0.77,-17,13,c,0,0.85,282.18089,33.08094,3991.65,4123.95,2.47,2.27,42.3,-0.408,19.44,21.08,02a60762o0783c
60762.591088,-22.388,3.0,-4,12,c,0,0.82,282.18089,33.08094,4010.65,4163.1,2.43,2.25,45.8,-0.408,19.49,21.09,02a60762o0790c
60762.597436,-21.93,2.0,-6,12,c,0,0.76,282.18089,33.08094,3945.51,4084.28,2.4,2.23,41.5,-0.414,19.47,21.12,02a60762o0803c
60762.607506,-20.992,0.705,-15,10,c,0,1.04,282.18089,33.08094,3921.6,4200.59,2.47,2.23,36.5,-0.407,19.47,21.18,02a60762o0825c
60763.503817,20.435,0.724,24,18,o,0,1.23,282.18089,33.08094,4063.56,6065.54,2.53,1.9,33.5,-0.428,19.06,19.98,02a60763o0577o
60763.508349,24.563,29.5,0,16,o,0,1.32,282.18089,33.08094,4083.73,6104.13,2.49,1.96,33.0,-0.425,19.01,19.99,02a60763o0587o
60763.512923,-21.287,1.207,-11,13,o,0,1.71,282.18089,33.08094,4022.97,6025.53,2.45,1.86,32.8,-0.437,19.12,20.07,02a60763o0597o
60763.556675,20.534,0.67,22,15,o,0,0.9,282.18089,33.08094,4033.89,6079.75,2.29,1.9,34.7,-0.438,19.29,20.36,02a60763o0687o
60764.496006,20.357,2.642,26,69,o,0,0.87,282.18089,33.08094,4064.88,6069.67,2.53,1.9,33.7,-0.428,17.7,18.58,02a60764o0570o
60764.506528,20.284,1.0,28,28,o,0,0.78,282.18089,33.08094,6555.39,4462.24,3.14,2.81,31.6,-0.351,18.5,19.66,01a60764o0592o
60764.51294,22.025,4.55,6,26,o,0,0.85,282.18089,33.08094,6614.02,4542.08,2.99,2.68,33.8,-0.362,18.48,19.62,01a60764o0605o
60764.517511,20.934,1.764,15,27,o,0,0.85,282.18089,33.08094,6635.35,4423.83,2.84,2.58,33.6,-0.372,18.5,19.55,01a60764o0614o
60764.564757,21.812,2.154,7,15,o,0,1.04,282.18089,33.08094,6601.13,4474.63,2.81,2.6,39.7,-0.377,19.11,20.42,01a60764o0708o
60765.504457,-20.672,0.756,-20,15,o,0,1.09,282.18089,33.08094,6552.54,4464.44,2.84,2.56,37.9,-0.356,19.14,20.31,01a60765o0592o
60765.504516,20.698,0.769,19,15,o,0,1.28,282.18089,33.08094,4057.82,6068.06,2.35,1.86,28.8,-0.431,19.13,20.08,02a60765o0574o
60765.509141,21.236,1.141,12,13,o,0,0.97,282.18089,33.08094,6611.38,4541.5,2.62,2.49,45.6,-0.378,19.23,20.33,01a60765o0601o
60765.514201,-20.867,0.869,-16,14,o,0,0.97,282.18089,33.08094,6638.38,4423.05,2.95,2.58,40.4,-0.341,19.19,20.38,01a60765o0611o
60765.578246,-21.317,1.485,-11,16,o,0,1.07,282.18089,33.08094,4025.13,6078.84,2.68,2.01,31.7,-0.414,19.12,20.31,02a60765o0722o
60766.51149,-25.297,56.0,0,16,o,0,0.72,282.18089,33.08094,6573.76,4498.02,2.68,2.48,34.6,-0.37,19.14,20.11,01a60766o0599o
60766.517452,22.254,3.379,5,15,o,0,1.2,282.18089,33.08094,6555.02,4457.17,2.95,2.64,36.7,-0.346,19.09,20.12,01a60766o0611o
60766.522614,-20.04,0.389,-35,14,o,0,1.27,282.18089,33.08094,6612.74,4536.11,2.82,2.57,35.2,-0.353,19.13,20.13,01a60766o0622o
60766.529406,-21.171,1.212,-12,15,o,0,0.91,282.18089,33.08094,6635.64,4419.62,2.83,2.56,39.5,-0.351,19.14,20.17,01a60766o0634o
60766.616937,-21.938,2.333,-6,14,o,0,0.86,282.18089,33.08094,4007.05,6079.35,2.31,1.93,34.2,-0.441,19.33,20.76,02a60766o0812o
60767.546973,20.822,1.152,17,20,o,0,0.91,282.18089,33.08094,6562.59,4456.12,2.73,2.49,37.0,-0.362,18.55,19.73,01a60767o0656o
60767.551935,-21.635,1.974,-8,16,o,0,1.27,282.18089,33.08094,6622.44,4531.24,3.15,2.68,40.4,-0.328,18.94,20.26,01a60767o0666o
60767.562647,23.022,5.722,2,13,o,0,1.13,282.18089,33.08094,4044.32,6059.73,2.39,1.85,32.4,-0.442,19.37,20.61,02a60767o0647o
60767.577624,20.597,1.39,21,29,o,0,1.26,282.18089,33.08094,3983.77,6136.47,2.53,1.98,36.8,-0.433,18.56,19.72,02a60767o0677o
60768.589911,-21.803,1.961,-7,14,o,0,0.72,282.18089,33.08094,4035.36,6060.79,2.5,2.05,35.8,-0.427,19.33,20.68,02a60768o0734o
60768.59377,-20.405,0.5,-25,12,o,0,0.67,282.18089,33.08094,6559.9,4454.37,2.8,2.6,47.5,-0.37,19.41,20.77,01a60768o0731o
60768.598513,-21.372,1.164,-10,12,o,0,0.99,282.18089,33.08094,6621.65,4531.96,2.99,2.62,43.2,-0.355,19.39,20.86,01a60768o0741o
60768.604191,-21.171,1.072,-12,13,o,0,1.12,282.18089,33.08094,3971.34,6137.48,2.45,1.97,36.8,-0.429,19.42,20.75,02a60768o0764o
60769.542286,-19.528,0.754,-56,42,c,0,1.04,282.18089,33.08094,8299.18,7872.45,2.72,2.55,26.3,-0.397,18.29,19.76,02a60769o0682c
60769.545487,-16.765,5.087,-714,3635,c,0,0.84,282.18089,33.08094,8318.05,7911.43,2.82,2.52,25.6,-0.44,13.8,15.27,02a60769o0689c
60770.5757,-20.692,0.526,-19,10,c,0,1.09,282.18089,33.08094,3678.63,2085.43,2.41,2.33,71.0,-0.408,19.48,21.24,02a60770o0745c
60770.578936,22.67,3.409,3,11,c,0,1.04,282.18089,33.08094,3697.52,2125.38,2.38,2.3,63.9,-0.41,19.47,21.22,02a60770o0752c
60770.583055,21.533,1.484,9,13,c,0,0.69,282.18089,33.08094,3637.76,2046.35,2.4,2.32,69.0,-0.411,19.46,21.25,02a60770o0761c
60770.60671,21.317,1.29,11,14,c,0,0.89,282.18089,33.08094,3611.92,2163.93,2.45,2.33,43.4,-0.404,19.24,20.99,02a60770o0812c
60771.529913,-22.102,2.25,-5,12,o,0,1.42,282.18089,33.08094,6584.63,4494.44,2.61,2.41,47.6,-0.381,19.27,20.28,01a60771o0529o
60771.536189,23.804,13.778,1,15,o,0,0.7,282.18089,33.08094,6561.11,4454.67,2.49,2.32,47.6,-0.394,19.3,20.29,01a60771o0541o
60771.539864,-22.522,3.75,-4,13,o,0,1.18,282.18089,33.08094,6619.48,4532.27,2.57,2.39,45.8,-0.383,19.29,20.29,01a60771o0549o
60771.547749,-22.984,6.368,-2,15,o,0,0.9,282.18089,33.08094,3979.51,6137.01,2.35,1.88,31.4,-0.435,19.2,20.24,02a60771o0674o
60771.64815,-19.448,1.561,-60,94,o,0,1.29,282.18089,33.08094,4009.21,6086.32,2.82,2.06,36.4,-0.41,17.17,17.25,02a60771o0876o
60772.606356,-21.601,1.379,-8,12,o,0,1.23,282.18089,33.08094,8840.88,8402.63,2.63,2.53,82.8,-0.441,19.39,20.64,01a60772o0743o
60772.610346,-20.431,0.583,-24,14,o,0,0.75,282.18089,33.08094,8820.64,8363.33,2.59,2.51,83.7,-0.442,19.43,20.68,01a60772o0750o
60772.616779,-20.391,0.534,-25,14,o,0,0.66,282.18089,33.08094,8882.23,8442.64,2.62,2.53,83.7,-0.445,19.43,20.7,01a60772o0762o
60772.636693,-20.686,1.167,-19,22,o,0,0.54,282.18089,33.08094,8896.13,8325.52,2.61,2.49,52.6,-0.449,19.06,19.92,01a60772o0800o
60774.582,23.85,17.0,1,18,o,0,0.77,282.18089,33.08094,2048.79,4200.26,2.2,1.9,32.6,-0.457,19.06,19.85,02a60774o0760o
60774.584726,19.813,0.349,43,15,o,0,1.04,282.18089,33.08094,2067.87,4239.38,2.22,1.89,35.3,-0.455,19.09,19.91,02a60774o0766o
60774.589828,-23.329,10.0,-2,17,o,0,0.84,282.18089,33.08094,2008.66,4159.86,2.19,1.86,33.9,-0.455,19.17,20.01,02a60774o0777o
60774.602847,-20.021,0.363,-36,13,o,0,0.99,282.18089,33.08094,1984.45,4278.42,2.2,1.83,34.4,-0.455,19.28,20.48,02a60774o0805o
60776.564945,-19.861,1.011,-41,42,o,0,1.03,282.18089,33.08094,6250.42,508.27,2.94,2.86,77.8,-0.405,17.99,18.41,01a60776o0534o
60776.567772,22.076,3.333,5,18,o,0,1.46,282.18089,33.08094,6227.73,468.86,2.71,2.61,75.5,-0.409,18.71,19.44,01a60776o0540o
60776.572917,20.101,1.071,33,35,o,0,1.16,282.18089,33.08094,6287.37,547.18,2.73,2.65,83.4,-0.412,18.12,18.56,01a60776o0551o
60776.581153,-22.334,7.179,-4,30,o,0,0.96,282.18089,33.08094,6305.37,429.4,2.48,2.4,76.7,-0.438,18.46,18.88,01a60776o0567o
60777.565992,21.667,11.556,8,90,o,0,1.46,282.18089,33.08094,4379.75,10050.77,2.39,2.34,52.5,-0.382,17.53,17.58,02a60777o0740o
60777.569161,-19.001,0.662,-91,60,o,0,1.52,282.18089,33.08094,4400.13,10089.84,2.27,2.22,22.8,-0.378,17.85,18.02,02a60777o0747o
60777.574633,-20.435,1.754,-24,43,o,0,0.77,282.18089,33.08094,4336.89,10011.05,2.25,2.23,20.6,-0.38,18.33,18.68,02a60777o0759o
60777.580119,-20.182,1.994,-31,61,o,0,0.97,282.18089,33.08094,4314.88,10128.97,2.44,2.42,-30.5,-0.379,17.88,18.22,02a60777o0771o
60779.582396,24.009,20.857,1,19,o,0,0.85,282.18089,33.08094,6575.92,4494.64,2.62,2.45,48.5,-0.375,18.97,19.58,01a60779o0745o
60779.584681,20.621,0.959,20,20,o,0,0.87,282.18089,33.08094,6555.19,4455.97,2.75,2.51,51.7,-0.373,18.9,19.58,01a60779o0750o
60779.613276,21.009,1.229,14,18,o,0,1.26,282.18089,33.08094,6610.34,4533.65,2.8,2.47,47.1,-0.359,18.94,19.6,01a60779o0801o
60779.638935,-21.252,3.538,-12,40,o,0,0.87,282.18089,33.08094,6622.64,4417.52,2.89,2.55,38.3,-0.356,18.13,18.13,01a60779o0839o
60780.560195,-20.219,0.589,-30,18,o,0,1.0,282.18089,33.08094,4303.16,2554.09,2.47,2.28,50.8,-0.434,19.08,19.68,01a60780o0709o
60780.563398,-24.713,37.0,0,18,o,0,1.02,282.18089,33.08094,4282.22,2515.25,2.46,2.24,50.1,-0.436,19.05,19.68,01a60780o0716o
60780.568923,-20.428,0.705,-24,17,o,0,1.17,282.18089,33.08094,4339.57,2592.96,2.57,2.33,46.8,-0.422,19.03,19.71,01a60780o0728o
60780.574778,-21.297,1.714,-11,19,o,0,0.64,282.18089,33.08094,4361.22,2477.73,2.52,2.26,50.5,-0.432,19.05,19.71,01a60780o0739o
60781.543665,-21.947,3.825,-6,23,o,0,0.94,282.18089,33.08094,6318.38,7995.85,2.6,2.21,37.5,-0.419,18.87,19.57,02a60781o0680o
60781.546847,20.551,0.849,22,19,o,0,1.09,282.18089,33.08094,6338.01,8035.01,2.39,2.06,39.0,-0.432,18.95,19.56,02a60781o0687o
60781.557495,22.11,3.526,5,18,o,0,1.14,282.18089,33.08094,6270.85,7958.97,2.58,2.04,33.9,-0.415,18.95,19.64,02a60781o0707o
60781.56261,-21.438,1.597,-10,15,o,0,1.15,282.18089,33.08094,6247.66,8075.27,2.35,2.02,33.9,-0.427,19.02,19.66,02a60781o0718o
60789.516177,21.699,2.0,8,15,o,0,0.66,282.18089,33.08094,10054.38,6186.11,2.17,2.07,-27.6,-0.457,19.37,20.5,02a60789o0608o
60789.528628,-22.651,4.88,-3,15,o,0,0.88,282.18089,33.08094,10082.87,6227.49,2.22,2.05,-48.8,-0.471,19.38,20.57,02a60789o0634o
60789.533469,-21.471,1.4,-9,13,o,0,1.0,282.18089,33.08094,10017.16,6152.31,2.27,1.97,-57.9,-0.473,19.42,20.54,02a60789o0643o
60789.538905,-20.326,0.53,-27,14,o,0,0.86,282.18089,33.08094,9998.83,6267.83,2.22,1.99,-54.8,-0.472,19.43,20.54,02a60789o0655o
60789.544992,-23.616,7.643,-1,10,o,0,1.32,282.18089,33.08094,123.9,6193.64,1.96,1.85,9.9,-0.402,19.44,20.51,02a60789o0668o
60789.548176,21.005,1.118,14,16,o,0,0.58,282.18089,33.08094,143.07,6232.97,1.99,1.86,11.9,-0.409,19.4,20.54,02a60789o0675o
60789.553507,20.838,0.696,17,12,o,0,1.28,282.18089,33.08094,85.83,6156.36,2.0,1.88,6.7,-0.417,19.42,20.55,02a60789o0686o
60789.563831,-23.435,12.062,-2,18,o,0,0.92,282.18089,33.08094,55.69,6271.05,1.98,1.89,1.1,-0.415,19.41,20.63,02a60789o0708o
60790.55239,20.203,0.369,30,11,o,0,1.95,282.18089,33.08094,2371.85,10135.77,2.02,1.9,-44.8,-0.468,19.23,20.29,02a60790o0680o
60790.556836,-21.501,2.026,-9,18,o,0,0.74,282.18089,33.08094,2392.54,10175.51,2.02,1.88,-45.9,-0.465,19.15,20.18,02a60790o0688o
60790.560013,-23.14,6.444,-2,13,o,0,0.84,282.18089,33.08094,2328.39,10095.91,2.0,1.84,-51.1,-0.472,19.23,20.27,02a60790o0695o
60790.565497,-21.723,1.984,-7,15,o,0,0.98,282.18089,33.08094,2306.38,10214.61,2.05,1.91,-50.6,-0.465,19.22,20.3,02a60790o0707o
60791.546851,21.561,1.157,9,10,c,0,0.92,282.18089,33.08094,8249.75,429.05,3.08,2.94,-76.0,-0.367,19.52,21.34,01a60791o0442c
60791.550053,22.778,3.941,3,11,c,0,0.84,282.18089,33.08094,8229.29,389.73,3.06,2.91,-79.8,-0.367,19.54,21.36,01a60791o0449c
60791.552804,24.102,12.0,1,10,c,0,1.09,282.18089,33.08094,8289.16,468.81,3.04,2.93,-75.8,-0.367,19.53,21.37,01a60791o0455c
60791.576979,-22.451,2.5,-4,10,c,0,1.21,282.18089,33.08094,8304.74,350.8,3.13,3.03,79.2,-0.352,19.5,21.4,01a60791o0505c
60792.526189,21.276,0.986,11,11,c,0,0.8,282.18089,33.08094,2902.19,8187.15,3.16,2.87,61.4,-0.33,19.51,21.24,01a60792o0591c
60792.528473,-21.189,0.773,-12,9,c,0,1.14,282.18089,33.08094,2882.34,8148.57,3.14,2.88,62.6,-0.329,19.52,21.26,01a60792o0596c
60792.550224,24.355,14.5,1,10,c,0,1.03,282.18089,33.08094,2938.51,8227.49,3.22,2.89,59.9,-0.325,19.56,21.4,01a60792o0638c
60792.553014,21.636,1.104,8,9,c,0,1.0,282.18089,33.08094,2959.75,8110.87,3.24,2.93,60.7,-0.324,19.54,21.4,01a60792o0644c
60793.532269,-21.112,1.027,-13,13,o,0,0.71,282.18089,33.08094,7710.94,2362.33,2.14,2.02,-42.3,-0.422,19.34,20.64,02a60793o0648o
60793.535434,20.67,0.549,20,11,o,0,1.23,282.18089,33.08094,7730.11,2400.94,2.12,2.0,-34.7,-0.42,19.43,20.65,02a60793o0655o
60793.560069,-23.427,7.133,-2,11,o,0,0.91,282.18089,33.08094,7665.37,2329.72,2.0,1.91,-64.9,-0.429,19.42,20.64,02a60793o0707o
60793.563239,20.765,0.688,18,12,o,0,0.9,282.18089,33.08094,7644.79,2444.98,2.02,1.91,-62.4,-0.43,19.41,20.65,02a60793o0714o
60797.523298,-21.992,2.25,-6,13,o,0,1.0,282.18089,33.08094,7829.79,3914.55,2.22,2.07,34.7,-0.413,19.36,20.64,02a60797o0626o
60797.526028,-21.226,1.19,-12,14,o,0,0.84,282.18089,33.08094,7848.28,3953.19,2.19,2.04,27.3,-0.415,19.42,20.65,02a60797o0632o
60797.529192,21.374,1.229,10,13,o,0,1.03,282.18089,33.08094,7788.63,3876.6,2.25,2.1,34.2,-0.405,19.39,20.67,02a60797o0639o
60797.534814,22.194,2.395,5,12,o,0,0.89,282.18089,33.08094,7769.04,3994.09,2.31,2.1,25.0,-0.408,19.33,20.69,02a60797o0650o
60798.518584,-21.677,1.982,-8,15,o,0,0.96,282.18089,33.08094,10274.48,7740.54,2.42,2.1,-53.3,-0.456,19.35,20.43,02a60798o0601o
60798.523855,-19.953,0.417,-38,16,o,0,0.95,282.18089,33.08094,10296.62,7779.19,2.35,2.15,-41.5,-0.449,19.32,20.46,02a60798o0611o
60798.525663,-20.543,0.587,-22,13,o,0,1.07,282.18089,33.08094,10232.13,7702.77,2.41,2.18,-48.9,-0.442,19.33,20.45,02a60798o0615o
60798.52747,20.977,0.946,15,14,o,0,0.76,282.18089,33.08094,158.9,7751.37,2.17,2.0,-16.5,-0.424,19.31,20.4,02a60798o0619o
60798.529277,21.501,1.897,9,17,o,0,0.66,282.18089,33.08094,177.86,7790.44,2.23,2.04,-11.4,-0.397,19.25,20.4,02a60798o0623o
60798.536994,-20.869,1.304,-16,21,o,0,0.55,282.18089,33.08094,10211.82,7821.9,2.48,2.19,-47.7,-0.443,19.28,20.39,02a60798o0638o
60798.537447,21.448,1.369,10,13,o,0,1.66,282.18089,33.08094,115.4,7710.52,2.17,2.03,-19.1,-0.406,19.26,20.34,02a60798o0639o
60798.54706,22.299,3.923,4,17,o,0,0.66,282.18089,33.08094,89.97,7827.12,2.15,2.04,-36.3,-0.402,19.27,20.37,02a60798o0660o
60799.494866,22.596,3.364,3,11,c,0,0.82,282.18089,33.08094,10465.59,2821.18,2.93,2.83,-38.5,-0.306,19.39,21.1,01a60799o0546c
60799.496693,20.942,0.663,15,10,c,0,1.0,282.18089,33.08094,10444.95,2780.86,2.93,2.83,-40.6,-0.307,19.38,21.14,01a60799o0550c
60799.518921,-21.479,1.226,-9,11,c,0,0.7,282.18089,33.08094,10502.44,2856.98,2.97,2.86,-37.3,-0.298,19.51,21.31,01a60799o0595c
60799.519384,-20.944,0.698,-15,11,c,0,0.73,282.18089,33.08094,345.41,2812.25,3.14,2.9,50.6,-0.293,19.54,21.39,01a60799o0596c
60799.521247,-21.869,1.463,-6,10,c,0,0.95,282.18089,33.08094,325.8,2774.41,3.15,2.89,52.5,-0.291,19.57,21.41,01a60799o0600c
60799.522171,21.464,1.143,9,11,c,0,0.86,282.18089,33.08094,10523.45,2739.75,2.96,2.87,-44.3,-0.3,19.49,21.33,01a60799o0602c
60799.524003,22.508,3.0,4,11,c,0,0.72,282.18089,33.08094,387.49,2851.33,3.21,2.95,48.7,-0.284,19.56,21.44,01a60799o0606c
60799.537312,21.183,0.769,12,9,c,0,0.91,282.18089,33.08094,402.01,2735.12,3.14,2.86,52.9,-0.298,19.61,21.48,01a60799o0633c
60800.507354,20.053,0.616,35,21,c,0,1.1,282.18089,33.08094,5024.63,8555.38,3.14,2.89,59.5,-0.32,18.15,19.88,01a60800o0571c
60800.509181,20.012,1.224,36,44,c,0,1.11,282.18089,33.08094,5004.82,8514.9,3.19,2.9,61.3,-0.306,17.79,19.43,01a60800o0575c
60800.513335,20.51,5.235,23,119,c,0,1.07,282.18089,33.08094,5064.01,8594.25,3.21,2.87,60.5,-0.303,17.18,18.79,01a60800o0584c
60802.602422,23.154,7.769,2,15,o,0,0.55,282.18089,33.08094,8479.7,4429.05,2.45,2.43,38.2,-0.405,19.29,20.67,02a60802o0241o
60802.608208,-20.712,0.793,-19,15,o,0,0.93,282.18089,33.08094,8458.93,4388.54,2.56,2.51,38.4,-0.394,19.25,20.71,02a60802o0252o
60802.61204,-20.377,0.633,-26,16,o,0,0.91,282.18089,33.08094,8519.55,4471.07,2.85,2.77,-61.2,-0.399,19.15,20.65,02a60802o0260o
60802.616868,-20.389,0.524,-25,13,o,0,1.0,282.18089,33.08094,8535.12,4351.35,2.44,2.38,-77.5,-0.403,19.25,20.47,02a60802o0268o
60803.522863,21.682,2.066,8,16,o,0,0.91,282.18089,33.08094,8526.24,4422.52,2.48,2.41,66.8,-0.429,19.17,19.96,01a60803o0616o
60803.524689,23.297,8.429,2,15,o,0,0.88,282.18089,33.08094,8506.12,4383.85,2.46,2.39,85.7,-0.425,19.15,20.0,01a60803o0620o
60803.546658,21.196,1.554,12,19,o,0,0.47,282.18089,33.08094,8560.81,4462.05,2.43,2.34,49.6,-0.424,19.26,20.18,01a60803o0663o
60803.564344,-21.359,1.131,-10,12,o,0,1.24,282.18089,33.08094,8577.23,4344.53,2.49,2.37,34.1,-0.423,19.39,20.55,01a60803o0700o
60804.50693,-20.03,0.43,-35,15,o,0,1.23,282.18089,33.08094,985.67,8330.16,2.62,2.4,76.1,-0.434,19.1,19.92,01a60804o0588o
60804.508763,-22.154,3.316,-5,17,o,0,1.02,282.18089,33.08094,965.58,8292.89,2.61,2.38,74.6,-0.433,19.12,19.93,01a60804o0592o
60804.511508,-19.989,0.522,-37,19,o,0,0.92,282.18089,33.08094,1021.44,8368.78,2.59,2.39,75.8,-0.435,19.12,19.94,01a60804o0598o
60804.5277,21.166,1.438,12,18,o,0,0.82,282.18089,33.08094,1041.41,8255.11,2.62,2.36,68.6,-0.427,19.17,19.99,01a60804o0631o
60805.498952,20.818,1.159,17,20,o,0,0.77,282.18089,33.08094,9629.18,2220.48,2.36,1.86,-50.9,-0.479,18.9,19.5,02a60805o0572o
60805.501682,-20.073,0.604,-34,20,o,0,0.81,282.18089,33.08094,9648.48,2260.17,2.35,1.84,-50.5,-0.475,18.9,19.53,02a60805o0578o
60805.512877,-24.34,29.0,-1,19,o,0,0.85,282.18089,33.08094,9584.61,2185.6,2.17,1.87,-53.9,-0.462,18.96,19.6,02a60805o0601o
60805.517072,21.743,2.7,7,20,o,0,1.06,282.18089,33.08094,9563.41,2304.01,2.32,1.9,-57.4,-0.466,19.0,19.59,02a60805o0610o
60807.517738,22.093,4.316,5,23,o,0,1.18,282.18089,33.08094,4631.11,4588.05,2.67,2.36,46.8,-0.397,18.65,18.99,01a60807o0604o
60807.529937,-23.851,21.0,-1,22,o,0,1.01,282.18089,33.08094,4608.88,4550.77,2.67,2.3,47.2,-0.394,18.74,19.13,01a60807o0630o
60807.53177,-20.801,1.231,-17,21,o,0,1.15,282.18089,33.08094,4666.67,4628.5,2.68,2.28,47.8,-0.396,18.77,19.16,01a60807o0634o
60807.548734,-20.366,0.955,-26,25,o,0,0.74,282.18089,33.08094,4681.89,4513.29,2.68,2.31,45.6,-0.393,18.82,19.28,01a60807o0667o
60808.484579,-23.594,17.1,-1,23,o,0,1.0,282.18089,33.08094,4248.81,602.04,2.53,2.43,65.8,-0.439,18.79,19.33,01a60808o0539o
60808.487333,-20.019,0.656,-36,23,o,0,0.83,282.18089,33.08094,4224.88,562.72,2.44,2.33,53.9,-0.456,18.84,19.29,01a60808o0545o
60808.490084,21.269,2.061,11,23,o,0,1.38,282.18089,33.08094,4284.98,640.86,2.59,2.44,58.4,-0.442,18.75,19.28,01a60808o0551o
60808.497602,25.312,90.0,0,24,o,0,0.83,282.18089,33.08094,4304.43,525.37,2.56,2.44,59.5,-0.447,18.82,19.31,01a60808o0566o
60810.473773,20.315,1.537,27,42,o,0,0.88,282.18089,33.08094,241.09,9713.52,2.8,2.57,-16.2,-0.464,18.08,18.6,02a60810o0342o
60810.477078,20.331,2.26,27,60,o,0,0.99,282.18089,33.08094,260.1,9754.11,2.33,2.09,-23.4,-0.533,17.81,17.98,02a60810o0349o
60810.482551,21.475,12.033,9,112,o,0,0.95,282.18089,33.08094,204.03,9675.12,2.53,2.09,-45.5,-0.504,17.2,17.25,02a60810o0361o
60810.525029,-20.506,3.682,-23,84,o,0,1.21,282.18089,33.08094,178.27,9790.37,2.34,2.11,-35.0,-0.55,17.45,17.61,02a60810o0388o
60810.584445,-22.571,7.4,-3,25,o,0,1.1,282.18089,33.08094,172.96,872.65,2.27,2.02,-62.8,-0.452,18.57,19.07,02a60810o0507o
60810.60784,-20.815,6.952,-17,119,o,0,1.24,282.18089,33.08094,145.81,825.73,2.0,1.79,-73.3,-0.512,16.84,16.66,02a60810o0555o
60810.613994,19.77,1.393,45,62,o,0,1.95,282.18089,33.08094,212.66,910.43,2.04,1.88,-78.3,-0.452,17.22,17.08,02a60810o0568o
60810.619447,-21.117,7.6,-13,99,o,0,1.28,282.18089,33.08094,230.09,788.78,1.98,1.81,-76.2,-0.492,16.78,16.64,02a60810o0579o
60810.620819,18.323,1.33,170,226,o,0,1.48,282.18089,33.08094,10341.99,839.17,2.2,1.47,-64.5,-0.578,16.47,16.24,02a60810o0582o
60810.621724,-19.558,2.217,-54,121,o,0,1.07,282.18089,33.08094,190.97,847.46,2.0,1.83,-69.1,-0.468,16.8,16.52,02a60810o0584o
60811.52027,-20.641,0.856,-20,17,o,0,0.82,282.18089,33.08094,210.9,858.14,2.32,2.22,60.4,-0.45,19.2,19.99,01a60811o0529o
60811.521211,21.281,1.724,11,19,o,0,0.84,282.18089,33.08094,10371.07,847.19,2.51,2.12,-53.6,-0.505,19.15,19.94,01a60811o0531o
60811.523056,20.38,0.644,26,16,o,0,1.08,282.18089,33.08094,10351.13,807.06,2.46,2.09,-59.3,-0.498,19.18,19.95,01a60811o0535o
60811.523552,20.246,0.535,29,16,o,0,1.02,282.18089,33.08094,189.9,819.55,2.4,2.29,62.6,-0.446,19.16,19.98,01a60811o0536o
60811.55615,21.513,2.104,9,19,o,0,0.96,282.18089,33.08094,10397.98,882.25,2.57,2.29,-47.6,-0.465,19.12,19.99,01a60811o0603o
60811.559034,23.316,9.857,2,17,o,0,0.91,282.18089,33.08094,238.96,899.84,2.5,2.34,51.1,-0.423,19.15,20.02,01a60811o0608o
60811.56421,20.994,1.167,14,17,o,0,1.08,282.18089,33.08094,10418.33,767.31,2.46,2.17,-44.2,-0.501,19.14,20.0,01a60811o0618o
60811.586786,-21.129,1.287,-13,16,o,0,0.97,282.18089,33.08094,10327.59,9752.8,2.69,2.39,-59.9,-0.432,19.2,20.02,01a60811o0666o
60812.573238,21.477,1.606,9,15,o,0,0.87,282.18089,33.08094,3928.69,4154.45,2.69,2.39,39.7,-0.389,19.19,20.12,01a60812o0411o
60812.57976,-20.685,0.876,-19,17,o,0,0.83,282.18089,33.08094,3952.43,4191.85,2.88,2.42,44.5,-0.382,19.15,20.11,01a60812o0425o
60812.583436,21.146,1.1,13,14,o,0,1.0,282.18089,33.08094,3893.49,4113.53,2.68,2.32,42.3,-0.388,19.19,20.12,01a60812o0433o
60812.601659,20.937,0.984,15,15,o,0,1.03,282.18089,33.08094,3878.42,4227.43,2.6,2.29,40.8,-0.398,19.19,20.03,01a60812o0467o
60814.476152,21.397,1.467,10,15,o,0,0.69,282.18089,33.08094,2370.6,8180.87,2.07,2.02,38.8,-0.424,19.25,20.2,02a60814o0513o
60814.479341,-22.151,2.696,-5,14,o,0,1.41,282.18089,33.08094,2389.36,8220.22,2.07,1.96,39.1,-0.429,19.24,20.2,02a60814o0520o
60814.506226,-20.871,0.893,-16,14,o,0,1.15,282.18089,33.08094,2324.57,8143.24,2.1,1.95,38.6,-0.433,19.25,20.2,02a60814o0575o
60814.525877,-20.752,0.66,-18,12,o,0,1.38,282.18089,33.08094,2295.47,8262.39,2.18,1.96,40.2,-0.422,19.23,20.22,02a60814o0616o
60815.500727,-21.916,2.34,-6,15,o,0,1.08,282.18089,33.08094,8245.82,2380.86,2.52,2.44,-84.3,-0.451,19.35,20.53,01a60815o0344o
60815.502555,-22.284,2.861,-4,13,o,0,0.89,282.18089,33.08094,8226.21,2341.81,2.42,2.34,-73.5,-0.457,19.4,20.53,01a60815o0348o
60815.532317,-21.072,1.0,-14,14,o,0,0.74,282.18089,33.08094,8277.29,2419.16,2.42,2.38,-50.4,-0.446,19.44,20.56,01a60815o0409o
60815.536663,-22.366,3.258,-4,13,o,0,1.05,282.18089,33.08094,8298.65,2302.75,2.5,2.48,52.4,-0.447,19.35,20.55,01a60815o0418o
60816.450508,-25.381,46.5,0,12,o,0,1.06,282.18089,33.08094,10506.5,6321.88,2.69,2.33,26.7,-0.395,19.22,20.51,01a60816o0394o
60816.45376,-22.506,3.621,-4,13,o,0,0.78,282.18089,33.08094,10483.38,6278.78,2.53,2.28,-61.4,-0.435,19.37,20.51,01a60816o0401o
60816.502534,19.975,0.432,37,16,o,0,1.1,282.18089,33.08094,564.83,6304.94,2.59,2.36,56.0,-0.4,19.2,20.34,01a60816o0500o
60816.504388,21.774,2.467,7,18,o,0,1.06,282.18089,33.08094,544.28,6268.2,2.57,2.38,54.7,-0.402,19.09,20.19,01a60816o0504o
60816.509896,-20.548,1.115,-22,24,o,0,0.64,282.18089,33.08094,602.71,6345.17,2.58,2.33,56.2,-0.403,18.87,19.84,01a60816o0514o
60816.536947,-19.758,0.502,-45,23,o,0,0.96,282.18089,33.08094,616.4,6230.34,2.63,2.39,60.9,-0.399,18.88,19.81,01a60816o0568o
60818.435492,-21.586,1.06,-8,9,c,0,1.75,282.18089,33.08094,8283.5,7875.88,2.68,2.46,30.5,-0.392,19.52,21.37,02a60818o0426c
60818.438698,23.487,7.556,2,11,c,0,1.0,282.18089,33.08094,8307.26,7915.61,2.52,2.5,32.5,-0.4,19.55,21.39,02a60818o0433c
60818.443889,22.015,2.222,6,13,c,0,0.59,282.18089,33.08094,8244.01,7839.16,2.47,2.46,-54.0,-0.408,19.55,21.39,02a60818o0444c
60818.457533,-21.833,1.707,-7,12,c,0,1.18,282.18089,33.08094,8225.74,7955.68,2.59,2.47,36.0,-0.407,19.55,21.4,02a60818o0472c
60819.432173,25.2,50.0,0,15,o,0,0.94,282.18089,33.08094,2340.37,2671.21,2.98,2.51,46.0,-0.381,19.29,20.51,01a60819o0423o
60819.435484,21.084,1.0,13,13,o,0,1.03,282.18089,33.08094,2320.61,2633.12,2.96,2.56,47.1,-0.376,19.29,20.52,01a60819o0430o
60819.43825,22.06,2.068,5,11,o,0,1.17,282.18089,33.08094,2378.78,2709.22,2.49,2.31,48.7,-0.442,19.38,20.56,01a60819o0436o
60819.447637,-20.69,0.64,-19,12,o,0,1.08,282.18089,33.08094,2396.2,2593.77,2.45,2.27,50.9,-0.444,19.43,20.6,01a60819o0456o
60820.439281,-22.748,4.421,-3,13,o,0,0.99,282.18089,33.08094,6934.43,8471.24,3.08,2.51,49.1,-0.36,19.37,20.76,01a60820o0435o
60820.44251,-22.23,2.943,-5,14,o,0,0.73,282.18089,33.08094,6912.45,8431.97,2.57,2.46,74.5,-0.419,19.48,20.79,01a60820o0442o
60820.445811,-21.508,1.448,-9,13,o,0,0.81,282.18089,33.08094,6971.53,8510.82,2.57,2.48,78.7,-0.425,19.49,20.81,01a60820o0449o
60820.47863,21.389,1.127,10,11,o,0,1.15,282.18089,33.08094,6994.15,8391.94,2.93,2.44,51.3,-0.38,19.39,20.77,01a60820o0517o
60821.433821,22.16,2.394,5,12,c,0,0.71,282.18089,33.08094,3677.32,2087.58,2.57,2.27,43.4,-0.407,19.46,21.25,02a60821o0422c
60821.437026,20.283,0.431,28,12,c,0,0.69,282.18089,33.08094,3701.46,2126.87,2.39,2.28,58.7,-0.411,19.51,21.26,02a60821o0429c
60821.469328,21.696,1.623,8,12,c,0,0.71,282.18089,33.08094,3635.14,2050.69,2.42,2.32,53.3,-0.413,19.46,21.22,02a60821o0496c
60821.481627,-23.104,4.067,-2,8,c,0,1.36,282.18089,33.08094,3619.03,2166.9,2.38,2.27,62.3,-0.417,19.47,21.2,02a60821o0522c
60822.487343,24.831,22.667,0,10,c,0,1.11,282.18089,33.08094,1766.53,2154.86,2.35,2.26,55.7,-0.424,19.47,21.34,02a60822o0531c
60822.490054,20.633,0.479,20,10,c,0,1.11,282.18089,33.08094,1786.11,2194.47,2.37,2.27,52.4,-0.424,19.52,21.35,02a60822o0537c
60822.492778,-21.706,1.491,-8,11,c,0,0.61,282.18089,33.08094,1725.53,2114.95,2.35,2.26,70.1,-0.427,19.53,21.37,02a60822o0543c
60822.500948,20.9,0.667,16,11,c,0,0.87,282.18089,33.08094,1706.3,2231.17,2.39,2.28,60.8,-0.422,19.53,21.36,02a60822o0560c
60823.486681,-21.309,1.288,-11,14,o,0,0.95,282.18089,33.08094,8844.39,8405.87,2.48,2.38,85.8,-0.454,19.38,20.56,01a60823o0523o
60823.488964,22.077,2.805,5,15,o,0,0.67,282.18089,33.08094,8824.65,8366.19,2.48,2.4,87.1,-0.455,19.43,20.64,01a60823o0528o
60823.508144,-22.317,11.364,-4,49,o,0,1.08,282.18089,33.08094,8881.8,8444.58,2.45,2.32,47.0,-0.464,18.11,19.16,01a60823o0566o
60823.511891,-21.875,2.295,-6,15,o,0,1.11,282.18089,33.08094,8897.98,8327.79,2.47,2.4,53.8,-0.454,19.28,20.52,01a60823o0574o
60824.493806,-20.076,0.324,-34,11,o,0,1.01,282.18089,33.08094,8558.27,6359.86,2.58,2.53,49.7,-0.423,19.43,20.7,01a60824o0546o
60824.496096,23.432,7.636,2,12,o,0,1.11,282.18089,33.08094,8537.82,6320.92,2.67,2.53,46.4,-0.409,19.42,20.71,01a60824o0551o
60824.498843,-21.997,1.927,-6,11,o,0,1.07,282.18089,33.08094,8592.89,6398.99,2.64,2.55,56.3,-0.419,19.43,20.71,01a60824o0557o
60824.518246,-22.513,3.2,-4,12,o,0,1.14,282.18089,33.08094,8609.92,6283.7,2.7,2.56,33.6,-0.412,19.39,20.68,01a60824o0595o
60825.50216,-24.457,19.75,-1,12,c,0,0.8,282.18089,33.08094,2042.84,4202.64,2.52,2.32,41.9,-0.42,19.52,21.39,02a60825o0555c
60825.505345,-21.418,0.924,-10,9,c,0,1.54,282.18089,33.08094,2061.82,4242.8,2.53,2.31,40.7,-0.417,19.52,21.36,02a60825o0562c
60825.508091,-20.993,0.758,-14,11,c,0,0.99,282.18089,33.08094,2004.64,4164.73,2.6,2.33,42.5,-0.412,19.49,21.35,02a60825o0568c
60825.520251,21.224,1.154,12,14,c,0,0.73,282.18089,33.08094,1984.09,4283.05,2.58,2.32,39.6,-0.409,19.49,21.27,02a60825o0593c
60826.49395,-20.296,0.591,-28,16,c,0,0.73,282.18089,33.08094,4363.41,10051.93,2.68,2.63,88.1,-0.379,19.42,21.34,02a60826o0528c
60826.49576,21.252,1.338,12,15,c,0,0.94,282.18089,33.08094,4386.67,10091.69,2.69,2.65,61.6,-0.38,19.47,21.32,02a60826o0532c
60826.500627,-21.758,2.146,-7,15,c,0,0.73,282.18089,33.08094,4321.95,10013.79,2.63,2.59,61.9,-0.383,19.43,21.25,02a60826o0542c
60826.506087,22.282,3.815,4,17,c,0,0.78,282.18089,33.08094,4301.02,10131.91,2.56,2.53,62.0,-0.389,19.41,21.23,02a60826o0554c
60828.490742,-19.972,2.795,-37,104,o,0,0.78,282.18089,33.08094,6570.61,4491.31,2.54,2.21,41.4,-0.388,17.21,18.38,01a60828o0497o
60828.492575,19.843,1.172,42,49,o,0,0.84,282.18089,33.08094,6550.29,4452.19,2.57,2.27,41.9,-0.383,18.01,19.19,01a60828o0501o
60828.495346,21.394,10.214,10,103,o,0,0.49,282.18089,33.08094,6608.07,4530.24,2.56,2.21,41.4,-0.385,17.49,18.59,01a60828o0507o
60828.510856,-19.653,1.468,-50,73,o,0,0.66,282.18089,33.08094,3934.16,6171.47,2.56,2.24,42.2,-0.379,17.66,18.85,01a60828o0537o
60829.408573,20.83,0.963,17,16,o,0,1.12,282.18089,33.08094,4038.56,6063.06,2.83,2.06,28.6,-0.407,19.1,20.15,02a60829o0360o
60829.411802,-23.578,11.091,-1,15,o,0,1.07,282.18089,33.08094,4062.2,6103.32,2.33,1.93,30.4,-0.43,19.17,20.13,02a60829o0367o
60829.417083,20.323,0.707,27,19,o,0,0.58,282.18089,33.08094,4001.31,6024.04,2.37,1.94,32.5,-0.428,19.2,20.17,02a60829o0378o
60829.427204,-21.149,1.171,-13,15,o,0,0.81,282.18089,33.08094,3977.95,6138.98,2.3,1.92,33.0,-0.431,19.21,20.18,02a60829o0400o
60830.54038,19.393,0.833,64,53,c,0,1.16,282.18089,33.08094,4254.26,2572.51,3.28,3.15,-31.3,-0.34,17.63,19.56,02a60830o0631c
60830.568958,24.212,24.0,1,18,c,0,0.87,282.18089,33.08094,4228.13,2529.93,2.7,2.55,42.6,-0.388,18.96,20.76,02a60830o0691c
60830.597273,21.192,1.186,12,14,c,0,0.82,282.18089,33.08094,4285.46,2605.22,2.78,2.68,52.4,-0.39,19.28,21.24,02a60830o0748c
60830.613697,22.332,5.667,4,24,c,0,1.04,282.18089,33.08094,4308.75,2488.02,2.69,2.6,39.2,-0.386,18.6,19.93,02a60830o0781c
60831.526829,22.371,2.71,4,11,o,0,1.17,282.18089,33.08094,6292.11,8006.77,2.65,2.44,42.7,-0.387,19.43,20.65,01a60831o0599o
60831.555453,-21.038,0.824,-14,12,o,0,1.28,282.18089,33.08094,6314.93,8043.35,2.72,2.49,47.3,-0.379,19.43,20.69,01a60831o0658o
60831.58238,-21.066,0.86,-14,12,o,0,0.98,282.18089,33.08094,6258.46,7961.12,2.63,2.38,48.0,-0.387,19.5,20.78,01a60831o0713o
60831.607384,23.179,6.071,2,12,o,0,0.9,282.18089,33.08094,6238.19,8078.11,2.73,2.51,51.2,-0.379,19.41,20.68,01a60831o0765o
60832.548679,-20.22,0.566,-30,17,o,0,1.22,282.18089,33.08094,4328.94,8114.81,2.59,2.39,49.4,-0.391,18.84,20.04,01a60832o0200o
60832.572982,-19.33,9.071,-67,611,o,0,0.84,282.18089,33.08094,4351.24,8150.75,3.08,2.51,52.3,-0.326,15.48,16.66,01a60832o0251o
60832.611526,-19.505,1.481,-57,85,o,0,0.6,282.18089,33.08094,4291.85,8068.7,2.88,2.58,49.2,-0.366,18.15,19.39,01a60832o0267o
60832.615848,-20.539,0.834,-22,18,o,0,1.01,282.18089,33.08094,4268.95,8185.32,3.0,2.55,55.3,-0.339,18.97,19.82,01a60832o0275o
60833.459387,-22.003,2.702,-6,16,o,0,1.44,282.18089,33.08094,4340.88,8100.03,2.29,1.99,37.2,-0.428,19.13,19.96,02a60833o0470o
60833.461206,-23.871,15.25,-1,16,o,0,1.03,282.18089,33.08094,4362.57,8139.69,2.38,2.04,39.0,-0.416,19.13,19.96,02a60833o0474o
60833.483386,-20.454,0.703,-24,17,o,0,1.21,282.18089,33.08094,4298.58,8065.05,2.41,2.02,40.8,-0.423,19.12,19.99,02a60833o0519o
60833.487454,-20.261,0.561,-28,16,o,0,0.91,282.18089,33.08094,4273.41,8182.29,2.33,1.93,40.1,-0.424,19.18,20.01,02a60833o0528o
60834.465474,-20.859,1.126,-16,18,o,0,0.75,282.18089,33.08094,5891.52,4036.86,2.24,1.91,37.7,-0.432,19.05,19.73,02a60834o0480o
60834.468187,-21.494,2.013,-9,18,o,0,0.75,282.18089,33.08094,5911.33,4075.82,2.24,1.92,39.8,-0.433,19.06,19.72,02a60834o0486o
60834.472689,-21.24,1.58,-12,18,o,0,0.74,282.18089,33.08094,5854.57,3998.15,2.24,1.93,38.9,-0.43,19.04,19.73,02a60834o0495o
60834.492162,-20.597,0.879,-21,18,o,0,1.09,282.18089,33.08094,4727.07,6453.63,2.37,1.87,32.1,-0.428,18.99,19.63,02a60834o0535o
60835.454237,20.419,0.714,25,18,o,0,0.9,282.18089,33.08094,4710.86,6519.8,2.59,2.35,48.1,-0.387,19.02,19.62,01a60835o0463o
60835.475034,-21.294,1.578,-11,17,o,0,1.16,282.18089,33.08094,4688.05,6481.78,2.72,2.43,46.9,-0.376,19.01,19.71,01a60835o0505o
60835.47736,-20.451,0.663,-24,16,o,0,1.3,282.18089,33.08094,4743.27,6559.78,2.71,2.35,45.2,-0.377,19.04,19.72,01a60835o0510o
60835.482498,-21.338,1.398,-11,15,o,0,1.53,282.18089,33.08094,4761.47,6444.21,2.74,2.34,45.1,-0.369,19.02,19.75,01a60835o0521o
60836.467031,-20.149,1.168,-32,37,o,0,1.27,282.18089,33.08094,2228.41,722.33,2.44,2.16,43.3,-0.467,18.22,18.37,01a60836o0483o
60836.491966,21.127,2.44,13,31,o,0,1.46,282.18089,33.08094,8384.03,9863.33,2.5,2.41,74.2,-0.44,18.39,18.66,01a60836o0535o
60836.521029,20.219,2.182,30,65,o,0,0.91,282.18089,33.08094,8329.49,9781.51,2.56,2.46,83.0,-0.439,17.95,18.11,01a60836o0592o
60836.528506,21.664,5.604,8,44,o,0,0.71,282.18089,33.08094,8312.47,9897.83,2.52,2.35,64.9,-0.432,18.41,18.8,01a60836o0604o
60837.500412,-20.942,1.346,-15,20,o,0,1.0,282.18089,33.08094,2194.55,737.21,1.88,1.8,66.5,-0.469,18.93,19.24,02a60837o0556o
60837.527908,20.303,0.82,28,22,o,0,0.7,282.18089,33.08094,2173.05,696.88,1.86,1.78,57.0,-0.472,18.83,19.17,02a60837o0614o
60837.555364,21.256,5.023,11,57,o,0,0.62,282.18089,33.08094,2229.64,771.91,1.92,1.83,79.8,-0.476,17.9,17.79,02a60837o0673o
60837.580163,-20.19,2.872,-30,88,o,0,0.85,282.18089,33.08094,2250.87,652.0,1.91,1.78,72.5,-0.484,17.25,17.01,02a60837o0726o
60838.485947,-20.707,1.287,-19,24,o,0,0.96,282.18089,33.08094,10040.28,6201.79,2.25,2.01,-54.4,-0.477,18.89,19.35,02a60838o0454o
60838.489121,-24.197,29.667,-1,23,o,0,0.83,282.18089,33.08094,10060.79,6241.67,2.28,1.99,-54.9,-0.478,18.92,19.35,02a60838o0459o
60838.494786,-21.213,1.737,-12,21,o,0,1.25,282.18089,33.08094,10001.47,6171.1,2.22,2.02,-55.0,-0.478,18.89,19.33,02a60838o0469o
60838.502336,-21.024,1.472,-14,21,o,0,1.03,282.18089,33.08094,104.36,6200.42,2.04,1.91,16.6,-0.387,18.91,19.39,02a60838o0481o
60838.505451,20.117,0.627,33,20,o,0,0.82,282.18089,33.08094,125.17,6236.66,2.02,1.89,2.0,-0.379,18.89,19.4,02a60838o0486o
60838.506646,21.623,2.537,8,21,o,0,0.84,282.18089,33.08094,564.09,4296.94,2.06,1.81,25.3,-0.429,18.91,19.38,02a60838o0488o
60838.540826,-20.747,1.444,-18,26,o,0,1.28,282.18089,33.08094,10477.83,4419.07,2.33,1.85,-58.2,-0.483,18.74,19.07,02a60838o0543o
60838.569357,-20.746,1.541,-18,28,o,0,1.19,282.18089,33.08094,10492.51,4302.94,2.31,1.84,-55.5,-0.511,18.83,19.27,02a60838o0591o
60839.440472,23.085,20.0,2,42,o,0,1.34,282.18089,33.08094,549.39,4360.23,2.53,2.3,57.3,-0.363,17.91,17.99,01a60839o0427o
60839.443226,-19.355,0.627,-66,41,o,0,0.91,282.18089,33.08094,528.77,4323.42,2.51,2.24,49.5,-0.375,18.09,18.24,01a60839o0433o
60839.445991,21.333,7.735,11,82,o,0,0.98,282.18089,33.08094,587.43,4400.11,2.52,2.26,51.4,-0.389,17.35,17.35,01a60839o0439o
60839.447837,19.004,0.492,91,45,o,0,1.16,282.18089,33.08094,10486.18,4364.33,2.35,2.23,-48.7,-0.378,17.81,17.94,01a60839o0443o
60839.45012,20.585,3.195,21,68,o,0,0.98,282.18089,33.08094,10465.89,4324.53,2.37,2.3,-35.7,-0.364,17.57,17.53,01a60839o0448o
60839.451038,21.118,3.645,13,47,o,0,1.21,282.18089,33.08094,605.63,4282.77,2.52,2.25,50.3,-0.375,17.8,17.82,01a60839o0450o
60839.469941,-20.092,2.58,-33,86,o,0,1.15,282.18089,33.08094,10521.62,4404.08,2.47,2.32,-36.0,-0.381,17.18,17.2,01a60839o0486o
60840.519462,-22.019,3.024,-6,17,o,0,1.0,282.18089,33.08094,2364.39,10167.44,2.7,2.49,71.5,-0.393,19.07,19.9,01a60840o0591o
60840.524798,-20.869,1.045,-16,17,o,0,1.04,282.18089,33.08094,2385.71,10205.8,2.53,2.37,89.1,-0.412,19.11,19.87,01a60840o0602o
60840.560205,-20.206,0.602,-30,18,o,0,1.18,282.18089,33.08094,2327.16,10122.08,2.63,2.35,78.4,-0.412,19.03,19.75,01a60840o0673o
60840.563452,-22.943,8.947,-2,22,o,0,0.62,282.18089,33.08094,2305.95,10238.96,2.62,2.37,78.7,-0.405,18.99,19.74,01a60840o0678o
60841.449212,-19.828,1.018,-43,43,o,0,0.71,282.18089,33.08094,2357.75,10140.35,2.06,1.96,-62.9,-0.468,18.25,18.54,02a60841o0439o
60841.450585,-19.967,0.775,-37,29,o,0,1.48,282.18089,33.08094,2375.58,10179.37,2.14,2.06,-49.1,-0.454,18.27,18.64,02a60841o0442o
60841.45336,-20.129,1.01,-32,32,o,0,0.98,282.18089,33.08094,2314.59,10100.93,2.1,2.08,-27.9,-0.452,18.32,18.59,02a60841o0448o
60841.475869,19.889,0.554,40,22,o,0,1.62,282.18089,33.08094,2286.63,10219.94,2.12,2.04,11.5,-0.453,18.52,18.9,02a60841o0495o
60842.34417,-19.304,16.286,-69,1123,o,0,0.89,282.18089,33.08094,5000.31,8569.81,2.35,2.21,51.7,-0.437,14.81,16.05,01a60842o0187o
60842.351295,-21.104,1.186,-13,16,o,0,0.67,282.18089,33.08094,5636.87,2055.49,2.1,2.04,-10.3,-0.422,19.32,20.69,02a60842o0203o
60842.361769,-21.292,1.248,-11,14,o,0,0.6,282.18089,33.08094,5537.33,1959.88,2.05,1.93,15.0,-0.436,19.49,20.92,02a60842o0221o
60843.321058,-22.466,3.37,-4,13,o,0,0.87,282.18089,33.08094,4995.36,8571.25,2.63,2.49,60.0,-0.388,19.44,20.79,01a60843o0135o
60843.330053,21.014,1.3,14,19,o,0,0.98,282.18089,33.08094,5638.13,2058.4,2.36,2.27,-21.9,-0.407,19.16,20.61,02a60843o0127o
60843.340534,22.835,4.0,3,11,o,0,0.94,282.18089,33.08094,5058.93,8589.38,2.48,2.41,70.2,-0.403,19.52,20.86,01a60843o0169o
60843.34099,24.399,17.8,1,11,o,0,1.19,282.18089,33.08094,5059.05,8589.7,2.5,2.39,64.4,-0.401,19.52,20.87,01a60843o0170o
60844.442167,-23.042,5.882,-2,13,o,0,0.86,282.18089,33.08094,2680.48,4705.81,2.64,2.29,46.1,-0.41,19.48,20.79,01a60844o0421o
60844.443995,23.211,5.933,2,11,o,0,0.89,282.18089,33.08094,2661.48,4668.38,2.64,2.3,43.1,-0.403,19.5,20.84,01a60844o0425o
60844.446753,21.797,1.517,7,10,o,0,1.04,282.18089,33.08094,2718.76,4745.16,2.6,2.22,45.6,-0.414,19.56,20.85,01a60844o0431o
60844.451849,-21.378,0.94,-10,10,o,0,1.49,282.18089,33.08094,2736.42,4628.96,2.63,2.24,45.5,-0.405,19.49,20.77,01a60844o0442o
60845.358222,21.493,1.567,9,14,o,0,0.71,282.18089,33.08094,5659.31,1920.75,2.26,2.15,29.4,-0.412,19.32,20.74,02a60845o0196o
60845.36406,-21.046,0.856,-14,12,o,0,1.27,282.18089,33.08094,5747.53,2117.93,2.37,2.15,27.2,-0.41,19.23,20.69,02a60845o0207o
60845.375877,21.265,1.109,11,13,o,0,0.88,282.18089,33.08094,5144.66,8825.49,2.48,2.36,71.7,-0.406,19.6,20.97,01a60845o0220o
60845.384922,-22.489,3.733,-4,14,o,0,0.67,282.18089,33.08094,5242.18,8241.72,2.53,2.35,57.6,-0.394,19.55,20.88,01a60845o0234o
60846.387633,22.984,5.062,2,12,o,0,0.76,282.18089,33.08094,4969.94,8609.59,2.86,2.56,60.7,-0.369,19.58,21.12,01a60846o0235o
60846.39522,22.065,1.944,5,10,o,0,0.83,282.18089,33.08094,4861.42,8436.77,2.82,2.7,61.8,-0.364,19.55,21.15,01a60846o0247o
60846.402244,-20.691,0.469,-19,9,o,0,1.47,282.18089,33.08094,5466.6,1786.09,2.28,2.2,-0.7,-0.417,19.37,20.94,02a60846o0261o
60846.411825,-20.913,0.767,-16,12,o,0,0.84,282.18089,33.08094,5392.7,2254.47,2.19,2.03,25.1,-0.419,19.5,21.03,02a60846o0277o
60847.462848,21.753,1.433,7,10,c,0,0.8,282.18089,33.08094,7774.07,3918.16,3.9,3.76,32.2,-0.265,19.45,21.91,01a60847o0470c
60847.466046,-21.843,1.63,-7,11,c,0,0.85,282.18089,33.08094,7794.91,3954.9,3.94,3.79,39.0,-0.269,19.43,21.92,01a60847o0477c
60847.472161,20.443,0.387,24,9,c,0,1.04,282.18089,33.08094,7735.83,3879.1,3.79,3.56,28.0,-0.287,19.52,21.93,01a60847o0490c
60847.483072,-20.936,0.623,-15,10,c,0,0.9,282.18089,33.08094,7720.42,3991.69,3.97,3.79,28.1,-0.277,19.46,21.95,01a60847o0512c
60847.521832,21.807,1.596,7,11,o,0,0.95,282.18089,33.08094,7727.0,3985.53,2.83,2.62,31.3,-0.367,19.4,20.81,01a60847o0572o
60848.413942,24.424,20.6,1,13,o,0,0.74,282.18089,33.08094,5626.79,1944.79,2.28,2.07,13.9,-0.412,19.4,20.98,02a60848o0273o
60848.419444,21.709,1.578,8,12,o,0,0.89,282.18089,33.08094,5736.09,2121.11,2.23,1.99,36.7,-0.425,19.43,20.93,02a60848o0283o
60848.420049,-20.59,0.647,-21,14,o,0,0.58,282.18089,33.08094,5772.88,2140.32,2.11,2.04,55.6,-0.422,19.48,20.94,02a60848o0284o
60848.431064,-20.715,0.71,-19,13,o,0,0.74,282.18089,33.08094,5395.03,2259.86,2.18,2.0,26.8,-0.425,19.5,20.92,02a60848o0304o
60849.411607,21.597,1.529,8,13,o,0,0.68,282.18089,33.08094,5663.58,1906.02,2.16,2.08,20.6,-0.425,19.33,20.71,02a60849o0283o
60849.412114,-22.486,2.71,-4,10,o,0,1.18,282.18089,33.08094,5585.59,1984.42,2.17,2.07,65.1,-0.419,19.39,20.71,02a60849o0284o
60849.418434,-22.872,4.625,-3,12,o,0,0.88,282.18089,33.08094,5125.83,8769.68,3.18,2.67,54.0,-0.328,19.4,20.93,01a60849o0290o
60849.426107,21.992,2.46,6,14,o,0,0.69,282.18089,33.08094,5238.89,2494.45,2.18,2.0,35.9,-0.429,19.43,20.79,02a60849o0309o
60851.46804,21.611,1.0,8,8,c,0,1.17,282.18089,33.08094,5520.83,2012.08,3.22,3.01,48.1,-0.337,19.68,21.89,01a60851o0475c
60851.470823,-22.8,2.647,-3,7,c,0,1.24,282.18089,33.08094,5541.9,2051.2,3.12,2.93,50.0,-0.339,19.72,21.89,01a60851o0481c
60851.476412,21.297,0.672,11,7,c,0,1.26,282.18089,33.08094,5484.47,1971.79,3.18,2.92,43.1,-0.338,19.7,21.88,01a60851o0493c
60851.486528,-22.376,2.261,-4,9,c,0,0.95,282.18089,33.08094,5467.78,2087.02,3.26,3.07,44.9,-0.334,19.64,21.87,01a60851o0513c
60851.522321,21.524,0.941,9,8,c,0,1.19,282.18089,33.08094,5471.13,2082.35,3.26,3.06,42.6,-0.322,19.62,21.68,01a60851o0574c
60853.476224,21.674,2.826,8,22,o,0,0.83,282.18089,33.08094,8476.99,4433.56,3.55,3.46,-68.7,-0.42,18.86,20.63,02a60853o0493o
60853.502734,-19.648,1.675,-50,84,o,0,0.59,282.18089,33.08094,8457.8,4396.94,2.82,2.77,55.1,-0.401,17.75,19.09,02a60853o0544o
60853.51749,-20.378,5.333,-26,137,o,0,0.9,282.18089,33.08094,8513.07,4473.71,3.77,3.63,74.4,-0.394,17.21,18.77,02a60853o0571o
60853.526144,-20.087,2.914,-34,98,o,0,0.55,282.18089,33.08094,8527.25,4354.26,3.38,3.29,64.3,-0.375,17.47,19.0,02a60853o0588o
60853.539301,-20.21,0.75,-30,22,o,0,0.99,282.18089,33.08094,8532.39,4353.93,3.5,3.4,87.1,-0.399,18.67,20.37,02a60853o0614o
60857.465297,-22.082,2.021,-5,11,o,0,0.63,282.18089,33.08094,4585.22,4604.02,2.28,1.83,34.2,-0.445,19.6,21.04,02a60857o0460o
60857.46847,-21.551,1.052,-9,9,o,0,1.79,282.18089,33.08094,4566.44,4565.13,2.29,1.85,33.2,-0.446,19.59,21.03,02a60857o0467o
60857.474017,-21.252,0.937,-12,11,o,0,1.1,282.18089,33.08094,4625.01,4642.73,2.33,1.95,44.6,-0.43,19.57,21.01,02a60857o0479o
60857.505613,20.464,0.569,24,14,o,0,0.77,282.18089,33.08094,4639.45,4524.43,2.3,1.89,34.3,-0.445,19.5,20.87,02a60857o0543o
60857.511946,21.547,1.432,9,12,o,0,0.75,282.18089,33.08094,4639.63,4523.71,2.3,1.93,32.3,-0.44,19.53,20.83,02a60857o0553o
60858.446728,-21.64,1.462,-8,12,o,0,0.73,282.18089,33.08094,4197.87,623.89,2.0,1.93,81.2,-0.449,19.58,21.1,02a60858o0434o
60858.453507,-21.419,1.207,-10,12,o,0,0.7,282.18089,33.08094,4176.81,584.62,2.06,1.96,-77.1,-0.446,19.55,21.08,02a60858o0447o
60858.456688,-21.473,1.083,-9,10,o,0,1.26,282.18089,33.08094,4237.96,662.86,2.07,2.03,-89.3,-0.444,19.49,21.06,02a60858o0454o
60858.4687,22.493,3.032,4,11,o,0,1.11,282.18089,33.08094,4258.11,545.52,2.17,2.08,-44.2,-0.433,19.48,21.06,02a60858o0478o
60858.521764,-21.779,1.585,-7,11,o,0,0.89,282.18089,33.08094,4254.53,540.61,2.08,1.96,-76.1,-0.447,19.49,20.89,02a60858o0578o
60859.441855,21.6,1.029,8,9,c,0,1.08,282.18089,33.08094,6343.96,9952.99,3.55,3.43,65.3,-0.299,19.45,21.93,01a60859o0205c
60859.479324,-24.185,11.75,-1,9,c,0,0.81,282.18089,33.08094,6382.73,9985.92,3.43,3.28,79.6,-0.303,19.61,21.92,01a60859o0279c
60859.510035,-22.488,2.529,-4,9,c,0,0.9,282.18089,33.08094,6327.77,9906.36,3.62,3.51,84.5,-0.293,19.51,21.85,01a60859o0339c
60859.52101,-20.936,0.625,-15,10,c,0,0.95,282.18089,33.08094,6309.67,10021.6,3.86,3.72,89.6,-0.271,19.46,21.84,01a60859o0359c
60862.462466,20.75,0.842,18,15,o,0,0.99,282.18089,33.08094,6588.64,6443.07,2.33,1.93,37.3,-0.443,19.28,20.23,02a60862o0462o
60862.466212,-20.472,0.57,-24,13,o,0,1.07,282.18089,33.08094,6571.37,6403.58,2.39,1.94,34.0,-0.426,19.28,20.26,02a60862o0470o
60862.486597,20.739,0.824,18,15,o,0,0.85,282.18089,33.08094,6625.76,6480.03,2.49,2.06,38.4,-0.429,19.25,20.34,02a60862o0512o
60862.493739,-20.866,0.857,-16,14,o,0,1.1,282.18089,33.08094,6648.91,6364.21,2.38,1.93,37.8,-0.445,19.36,20.38,02a60862o0526o
60865.470496,-20.79,0.819,-18,14,o,0,1.63,282.18089,33.08094,8198.79,2387.28,2.05,1.98,-58.7,-0.427,18.9,19.52,02a60865o0484o
60865.473671,20.456,0.82,24,20,o,0,1.01,282.18089,33.08094,8179.95,2350.35,2.09,2.02,-63.6,-0.422,18.84,19.51,02a60865o0491o
60865.479771,22.955,9.15,2,22,o,0,0.71,282.18089,33.08094,8239.38,2429.15,2.24,2.07,-82.6,-0.41,18.81,19.5,02a60865o0504o
60865.515251,-23.741,16.9,-1,20,o,0,1.34,282.18089,33.08094,8256.84,2312.46,2.17,2.04,-56.6,-0.426,18.8,19.45,02a60865o0579o
60866.413273,21.038,1.75,14,24,o,0,1.01,282.18089,33.08094,525.59,6317.39,2.24,1.99,18.0,-0.398,18.72,19.27,02a60866o0372o
60866.416258,-20.39,0.824,-25,21,o,0,1.12,282.18089,33.08094,505.41,6281.35,2.23,1.98,17.6,-0.395,18.65,19.23,02a60866o0378o
60866.422223,-20.962,1.532,-15,23,o,0,1.32,282.18089,33.08094,564.35,6355.79,2.18,1.94,19.9,-0.408,18.69,19.24,02a60866o0391o
60866.457315,-20.014,0.674,-36,24,o,0,1.03,282.18089,33.08094,577.27,6235.38,2.16,2.0,18.4,-0.404,18.64,19.16,02a60866o0464o
60866.461389,-22.056,5.279,-6,29,o,0,0.9,282.18089,33.08094,10456.05,6322.99,2.35,2.02,-56.6,-0.461,18.7,19.19,02a60866o0473o
60866.464562,-20.142,0.932,-32,30,o,0,0.82,282.18089,33.08094,10435.98,6284.46,2.37,2.04,-56.5,-0.456,18.71,19.19,02a60866o0480o
60866.491979,20.216,1.648,30,49,o,0,0.77,282.18089,33.08094,10491.61,6362.89,2.58,2.18,-55.3,-0.477,18.62,19.13,02a60866o0537o
60866.498459,19.029,0.63,89,56,o,0,1.2,282.18089,33.08094,10513.24,6248.12,2.51,2.16,-55.6,-0.476,18.59,19.12,02a60866o0550o
60867.486709,-20.171,0.727,-31,22,o,0,0.81,282.18089,33.08094,10015.02,4223.15,2.59,2.4,-46.2,-0.388,18.78,19.34,01a60867o0432o
60867.487667,21.152,2.072,13,26,o,0,0.69,282.18089,33.08094,75.86,4290.37,2.85,2.68,54.4,-0.353,18.73,19.36,01a60867o0434o
60867.508408,-21.941,3.286,-6,20,o,0,0.97,282.18089,33.08094,10035.79,4261.2,2.54,2.37,-40.5,-0.394,18.75,19.27,01a60867o0477o
60867.509829,21.676,2.923,8,23,o,0,0.64,282.18089,33.08094,99.42,4324.98,2.56,2.33,46.6,-0.364,18.84,19.34,01a60867o0480o
60867.512125,-21.435,1.663,-10,16,o,0,1.97,282.18089,33.08094,9975.51,4185.56,2.46,2.29,-48.8,-0.4,18.83,19.29,01a60867o0485o
60867.525423,-19.572,0.431,-54,23,o,0,1.34,282.18089,33.08094,40.67,4242.29,3.03,2.93,42.2,-0.339,18.54,19.24,01a60867o0512o
60867.525892,22.118,4.552,5,24,o,0,1.34,282.18089,33.08094,9956.29,4303.77,3.12,2.93,-56.6,-0.334,18.51,19.21,01a60867o0513o
60869.414877,20.547,0.896,22,20,o,0,1.28,282.18089,33.08094,2282.57,2681.68,2.24,2.03,29.3,-0.432,18.87,19.58,02a60869o0374o
60869.423925,20.159,0.667,31,21,o,0,0.93,282.18089,33.08094,2260.58,2641.01,2.2,2.02,30.5,-0.439,18.9,19.56,02a60869o0393o
60869.427106,-21.831,3.717,-7,25,o,0,0.71,282.18089,33.08094,2322.98,2721.7,2.28,2.11,31.5,-0.431,18.82,19.57,02a60869o0400o
60869.462485,20.448,0.785,24,19,o,0,0.98,282.18089,33.08094,2334.3,2600.57,2.3,2.16,35.9,-0.441,18.8,19.54,02a60869o0475o
60870.416404,-20.751,1.274,-18,23,o,0,0.76,282.18089,33.08094,6888.17,8477.53,2.91,2.88,-82.7,-0.42,18.9,20.1,02a60870o0378o
60870.41923,20.358,0.893,26,23,o,0,1.02,282.18089,33.08094,6869.29,8441.19,3.15,3.08,-59.7,-0.416,18.8,20.05,02a60870o0384o
60870.424886,22.075,4.045,5,22,o,0,1.24,282.18089,33.08094,6925.94,8516.3,3.07,2.98,-47.2,-0.441,18.81,20.09,02a60870o0396o
60870.434987,-20.18,0.707,-31,22,o,0,0.86,282.18089,33.08094,6944.31,8402.58,2.89,2.85,-82.9,-0.402,18.9,20.08,02a60870o0416o
60871.328949,-22.566,3.346,-3,11,o,0,0.86,282.18089,33.08094,6921.93,8465.4,2.55,2.45,-75.4,-0.424,19.55,20.92,01a60871o0091o
60871.330446,21.303,0.972,11,11,o,0,1.08,282.18089,33.08094,3683.66,2133.59,1.93,1.91,-4.6,-0.453,19.52,20.81,02a60871o0146o
60871.340568,26.388,112.0,0,11,o,0,1.06,282.18089,33.08094,3681.78,2133.32,2.01,1.85,39.5,-0.458,19.48,20.72,02a60871o0166o
60871.342446,-21.932,1.967,-6,12,o,0,0.94,282.18089,33.08094,3625.3,2053.69,1.96,1.92,36.0,-0.455,19.47,20.68,02a60871o0170o
60871.345381,-20.841,0.689,-17,12,o,0,0.91,282.18089,33.08094,3602.58,2172.34,1.96,1.92,49.8,-0.451,19.44,20.61,02a60871o0176o
60872.420992,20.801,0.822,17,14,o,0,0.92,282.18089,33.08094,1695.35,2191.06,2.57,2.4,44.9,-0.422,19.29,20.39,01a60872o0380o
60874.435801,-21.488,1.554,-9,14,o,0,0.73,282.18089,33.08094,8515.07,6370.55,2.2,2.13,50.3,-0.428,19.41,20.66,02a60874o0402o
60874.439441,21.006,0.8,14,12,o,0,1.72,282.18089,33.08094,8495.5,6330.21,2.21,2.11,49.5,-0.434,19.41,20.64,02a60874o0410o
60874.445334,-23.652,9.5,-1,12,o,0,0.72,282.18089,33.08094,8550.07,6409.31,2.24,2.1,40.7,-0.429,19.43,20.61,02a60874o0422o
60874.456767,-21.088,1.119,-13,15,o,0,0.62,282.18089,33.08094,8567.81,6293.43,2.29,2.18,46.3,-0.424,19.35,20.56,02a60874o0445o
60875.517913,-24.832,26.0,0,11,o,0,1.35,282.18089,33.08094,2018.0,4217.99,2.71,2.52,47.5,-0.404,19.35,20.63,01a60875o0134o
60875.521192,21.473,1.286,9,12,o,0,1.24,282.18089,33.08094,2038.48,4257.04,2.85,2.56,44.6,-0.388,19.33,20.63,01a60875o0141o
60875.526384,-23.589,9.5,-1,13,o,0,1.19,282.18089,33.08094,1980.98,4177.36,3.12,2.71,43.9,-0.357,19.27,20.63,01a60875o0152o
60875.53642,22.456,3.4,4,13,o,0,0.82,282.18089,33.08094,1961.08,4293.46,2.48,2.37,49.0,-0.422,19.46,20.65,01a60875o0173o
60878.388481,23.17,7.8,2,15,c,0,0.9,282.18089,33.08094,6537.91,4504.53,2.43,2.24,35.0,-0.396,19.15,20.85,02a60878o0316c
60878.393488,-20.928,1.032,-16,16,c,0,1.61,282.18089,33.08094,6517.74,4468.8,2.44,2.22,33.4,-0.395,18.85,20.49,02a60878o0326c
60878.399196,21.337,1.429,11,15,c,0,1.0,282.18089,33.08094,6575.4,4548.22,2.63,2.48,32.1,-0.385,19.14,20.95,02a60878o0338c
60878.409494,21.028,1.188,14,17,c,0,0.82,282.18089,33.08094,6594.17,4432.15,2.44,2.22,33.0,-0.39,19.08,20.73,02a60878o0360c
60879.257025,20.69,0.577,19,11,o,0,0.83,282.18089,33.08094,6477.72,4590.21,2.45,2.31,56.7,-0.413,19.64,21.08,01a60879o0023o
60879.263658,-20.851,0.54,-17,9,o,0,1.04,282.18089,33.08094,6396.12,4374.33,2.43,2.29,54.6,-0.413,19.63,21.18,01a60879o0035o
60879.269707,24.249,13.333,1,10,o,0,1.02,282.18089,33.08094,6688.81,4764.5,2.35,2.29,68.8,-0.422,19.65,21.19,01a60879o0046o
60879.277917,21.95,1.188,6,7,o,0,2.01,282.18089,33.08094,6788.97,4184.34,2.5,2.32,63.9,-0.404,19.61,21.27,01a60879o0060o
60880.414723,-24.831,37.0,0,16,o,0,0.69,282.18089,33.08094,4133.04,2625.93,2.46,2.17,36.9,-0.432,19.23,20.49,02a60880o0212o
60880.421433,-21.135,1.111,-13,14,o,0,1.12,282.18089,33.08094,4075.08,2450.42,2.51,2.34,38.1,-0.443,19.18,20.49,02a60880o0225o
60880.425664,-21.655,2.191,-8,17,o,0,0.73,282.18089,33.08094,4367.64,2837.69,2.66,2.38,30.9,-0.435,19.14,20.47,02a60880o0233o
60880.431502,21.997,2.442,6,14,o,0,1.14,282.18089,33.08094,4466.15,2256.44,2.38,2.13,41.6,-0.431,19.27,20.46,02a60880o0244o
60882.278725,-21.388,1.156,-10,12,o,0,0.61,282.18089,33.08094,6170.2,2551.63,2.3,2.23,-87.7,-0.44,19.65,21.1,01a60882o0086o
60882.285057,-22.182,2.405,-5,12,o,0,0.79,282.18089,33.08094,6091.29,2337.73,2.34,2.28,57.6,-0.439,19.64,21.11,01a60882o0099o
60882.290635,-22.015,1.688,-6,10,o,0,1.07,282.18089,33.08094,6405.35,2786.63,2.4,2.29,65.0,-0.428,19.65,21.13,01a60882o0111o
60882.297149,-23.131,4.588,-2,9,o,0,1.21,282.18089,33.08094,6561.73,2029.51,2.43,2.27,52.8,-0.436,19.62,21.15,01a60882o0125o
60883.416302,-20.467,0.547,-24,13,o,0,0.85,282.18089,33.08094,6126.97,2567.46,2.05,1.93,39.7,-0.437,19.5,20.74,02a60883o0333o
60883.423924,-20.823,0.568,-17,10,o,0,1.17,282.18089,33.08094,6010.48,2331.8,2.01,1.86,37.9,-0.443,19.5,20.67,02a60883o0348o
60883.427999,20.513,0.584,23,13,o,0,0.73,282.18089,33.08094,6344.45,2742.57,2.05,1.89,39.5,-0.436,19.44,20.62,02a60883o0356o
60883.436236,-22.235,2.936,-5,14,o,0,0.77,282.18089,33.08094,6481.89,2100.25,1.95,1.89,50.4,-0.437,19.45,20.57,02a60883o0372o
60884.395444,23.52,8.846,1,12,o,0,0.67,282.18089,33.08094,4543.89,6648.04,2.27,1.8,31.6,-0.444,19.64,21.15,02a60884o0279o
60884.401897,-20.865,0.838,-16,14,o,0,0.76,282.18089,33.08094,4486.18,6415.91,2.24,1.78,36.3,-0.442,19.59,21.12,02a60884o0290o
60884.406539,-22.033,2.157,-6,12,o,0,0.81,282.18089,33.08094,4772.78,6801.42,2.23,1.83,32.8,-0.449,19.65,21.11,02a60884o0297o
60884.415347,-23.765,9.6,-1,11,o,0,0.8,282.18089,33.08094,4909.07,6163.01,2.34,1.81,36.6,-0.445,19.59,21.08,02a60884o0313o
60887.371512,20.974,0.701,15,10,o,0,1.06,282.18089,33.08094,8351.34,9818.95,2.65,2.53,-71.2,-0.412,19.64,21.1,01a60887o0289o
60887.374716,21.446,1.213,10,12,o,0,0.8,282.18089,33.08094,8375.32,9857.43,2.52,2.44,-56.4,-0.421,19.65,21.11,01a60887o0296o
60887.383734,22.748,4.091,3,12,o,0,0.8,282.18089,33.08094,8317.23,9778.96,2.56,2.47,-81.3,-0.421,19.62,21.14,01a60887o0314o
60887.393963,-22.757,4.0,-3,12,o,0,0.95,282.18089,33.08094,8304.48,9895.11,2.57,2.42,-68.7,-0.422,19.65,21.09,01a60887o0336o
60888.36318,-22.006,2.0,-6,11,o,0,1.29,282.18089,33.08094,10008.24,6166.35,2.75,2.73,-35.9,-0.407,19.44,20.92,01a60888o0273o
60888.366836,-23.73,10.25,-1,12,o,0,0.73,282.18089,33.08094,10030.85,6203.8,2.67,2.59,-29.7,-0.424,19.5,20.9,01a60888o0281o
60888.373778,21.25,1.082,12,12,o,0,0.78,282.18089,33.08094,9972.71,6127.63,2.6,2.46,-51.4,-0.425,19.54,20.89,01a60888o0294o
60888.375179,20.103,0.286,33,9,o,0,1.24,282.18089,33.08094,72.0,6238.21,2.45,2.35,66.9,-0.4,19.51,20.86,01a60888o0297o
60888.377946,22.403,2.657,4,10,o,0,1.04,282.18089,33.08094,94.05,6277.87,2.43,2.3,60.9,-0.404,19.51,20.87,01a60888o0303o
60888.387197,-22.189,2.389,-5,12,o,0,0.98,282.18089,33.08094,9961.83,6241.34,2.58,2.46,-42.2,-0.425,19.55,20.93,01a60888o0323o
60888.388116,-21.43,1.217,-10,12,o,0,0.73,282.18089,33.08094,39.2,6197.74,2.49,2.34,59.1,-0.392,19.54,20.92,01a60888o0325o
60889.47881,21.069,0.862,14,12,c,0,0.67,282.18089,33.08094,508.46,4363.22,2.43,2.32,36.1,-0.39,19.44,21.2,02a60889o0504c
60889.483089,21.311,0.933,11,10,c,0,1.04,282.18089,33.08094,490.81,4325.38,2.39,2.33,31.1,-0.395,19.45,21.19,02a60889o0513c
60889.487823,-21.318,1.364,-11,15,c,0,0.8,282.18089,33.08094,10442.26,4372.96,2.7,2.4,-51.7,-0.425,19.32,20.97,02a60889o0523c
60889.488274,21.93,2.025,6,12,c,0,0.75,282.18089,33.08094,548.22,4398.15,2.39,2.3,34.3,-0.398,19.34,21.08,02a60889o0524c
60889.491099,-22.704,4.412,-3,13,c,0,0.78,282.18089,33.08094,10423.83,4338.53,2.72,2.4,-52.8,-0.436,19.45,21.18,02a60889o0529c
60889.523231,21.639,2.222,8,18,c,0,0.93,282.18089,33.08094,567.99,4277.27,3.24,3.16,-76.6,-0.382,18.91,21.07,02a60889o0598c
60889.523683,-20.776,1.187,-18,21,c,0,0.63,282.18089,33.08094,10478.0,4411.63,3.14,2.81,-51.2,-0.391,19.19,21.06,02a60889o0599c
60889.55207,-21.098,1.7,-13,22,c,0,1.02,282.18089,33.08094,10499.39,4294.47,3.21,2.74,-54.6,-0.417,19.1,20.85,02a60889o0660c
60890.376714,-20.32,0.67,-27,18,o,0,0.92,282.18089,33.08094,8202.91,431.6,2.43,1.94,-59.0,-0.452,19.25,20.46,02a60890o0298o
60890.379911,-21.329,1.4,-11,15,o,0,1.12,282.18089,33.08094,8183.31,392.14,2.51,1.98,-59.5,-0.444,19.24,20.45,02a60890o0305o
60890.394372,21.518,1.907,9,17,o,0,0.97,282.18089,33.08094,8243.98,470.96,2.36,1.89,-63.3,-0.452,19.26,20.44,02a60890o0336o
60890.400334,-21.49,2.491,-9,23,o,0,0.8,282.18089,33.08094,8265.55,353.82,2.83,2.36,-62.4,-0.424,19.07,20.41,02a60890o0349o
60892.372589,21.735,2.161,7,16,o,0,0.72,282.18089,33.08094,7645.87,2353.71,2.36,2.33,45.7,-0.449,19.33,20.25,01a60892o0300o
60892.375801,-21.642,1.716,-8,14,o,0,0.91,282.18089,33.08094,7666.98,2391.49,2.41,2.32,44.7,-0.442,19.29,20.25,01a60892o0307o
60892.382217,-20.668,0.623,-20,12,o,0,1.51,282.18089,33.08094,7612.51,2313.72,2.33,2.32,67.9,-0.453,19.33,20.25,01a60892o0321o
60892.402453,21.165,0.931,12,12,o,0,1.37,282.18089,33.08094,7597.72,2429.48,2.42,2.36,10.2,-0.435,19.29,20.25,01a60892o0363o
60893.385483,-20.209,1.305,-30,39,o,0,0.94,282.18089,33.08094,2860.66,8202.7,2.23,1.93,28.8,-0.412,18.53,19.08,02a60893o0329o
60893.388287,19.132,1.329,81,107,o,0,0.99,282.18089,33.08094,2841.5,8164.3,2.27,1.97,24.3,-0.436,17.84,18.62,02a60893o0335o
60893.393852,17.214,0.997,472,471,o,0,1.03,282.18089,33.08094,2897.81,8239.83,2.28,1.96,25.5,-0.479,16.44,16.7,02a60893o0347o
60893.411382,21.838,8.724,7,58,o,0,0.63,282.18089,33.08094,2918.64,8122.6,2.15,1.9,25.4,-0.418,18.51,19.33,02a60893o0385o
60894.381076,-20.369,0.737,-26,19,o,0,1.09,282.18089,33.08094,2643.9,4715.77,2.24,1.8,31.9,-0.453,18.96,19.61,02a60894o0313o
60894.384271,-22.733,4.778,-3,14,o,0,1.7,282.18089,33.08094,2624.7,4678.39,2.23,1.78,33.2,-0.459,18.97,19.6,02a60894o0320o
60894.38979,-20.879,1.255,-16,20,o,0,1.05,282.18089,33.08094,2684.19,4752.74,2.3,1.79,30.0,-0.453,18.92,19.59,02a60894o0332o
60894.404514,21.333,1.75,11,19,o,0,1.32,282.18089,33.08094,2704.14,4633.55,2.23,1.74,31.9,-0.457,18.96,19.57,02a60894o0364o
60895.37071,-21.173,1.435,-12,18,o,0,1.25,282.18089,33.08094,7885.83,5838.97,2.42,2.31,43.9,-0.405,19.02,19.52,01a60895o0300o
60896.354214,-20.459,0.967,-24,23,o,0,0.71,282.18089,33.08094,7767.68,3905.98,2.43,2.23,29.7,-0.416,18.85,19.22,01a60896o0268o
60896.357433,-21.672,2.5,-8,20,o,0,1.32,282.18089,33.08094,7788.98,3944.76,2.46,2.26,26.5,-0.411,18.85,19.21,01a60896o0275o
60896.377194,-22.368,5.278,-4,22,o,0,0.91,282.18089,33.08094,7737.62,3866.97,2.42,2.28,31.2,-0.415,18.83,19.18,01a60896o0316o
60896.382341,-21.105,1.77,-13,23,o,0,0.89,282.18089,33.08094,7719.5,3981.46,2.48,2.28,27.9,-0.407,18.79,19.13,01a60896o0327o
60897.367861,-16.106,1.121,-1311,1470,o,0,1.17,282.18089,33.08094,2740.41,6648.86,2.25,1.91,24.9,-0.402,14.15,14.32,02a60897o0296o
60897.371085,-16.246,0.995,-1152,1146,o,0,1.65,282.18089,33.08094,2721.23,6610.11,2.29,1.82,29.5,-0.48,14.77,14.86,02a60897o0303o
60897.377044,17.994,2.87,230,661,o,0,1.44,282.18089,33.08094,2780.8,6685.08,2.28,1.8,28.6,-0.451,15.22,15.36,02a60897o0316o
60897.387795,21.056,10.789,14,148,o,0,2.45,282.18089,33.08094,2801.47,6569.48,2.25,1.75,30.9,-0.446,16.38,16.45,02a60897o0339o
60901.418874,26.575,219.667,0,19,o,0,0.81,282.18089,33.08094,926.38,8335.24,2.01,1.82,-45.3,-0.478,19.77,20.25,02a60901o0148o
60901.427153,20.324,0.704,27,19,o,0,1.09,282.18089,33.08094,906.45,8295.96,2.08,1.89,-37.5,-0.46,19.65,20.21,02a60901o0154o
60901.435434,-20.665,0.912,-20,18,o,0,1.02,282.18089,33.08094,960.62,8371.17,2.08,1.93,-38.6,-0.461,19.65,20.19,02a60901o0160o
60901.443723,-21.17,1.296,-12,16,o,0,1.91,282.18089,33.08094,981.62,8252.43,2.01,1.91,-36.5,-0.467,19.6,20.13,02a60901o0166o
60902.352173,-22.092,2.386,-5,13,o,0,1.27,282.18089,33.08094,940.88,8343.33,2.08,1.83,-44.1,-0.482,19.82,20.58,02a60902o0103o
60902.360458,22.502,3.032,4,11,o,0,1.07,282.18089,33.08094,920.62,8305.19,2.09,1.82,-45.5,-0.471,20.1,21.05,02a60902o0109o
60902.368753,-24.31,17.087,-1,12,o,0,0.94,282.18089,33.08094,974.32,8381.23,2.1,1.84,-45.6,-0.469,19.98,20.95,02a60902o0115o
60902.377041,-21.336,0.989,-11,10,o,0,1.13,282.18089,33.08094,994.75,8262.77,2.08,1.86,-41.7,-0.47,20.04,20.91,02a60902o0121o
60909.346241,-22.076,1.212,-5,6,o,0,0.87,282.18089,33.08094,9566.89,2191.28,2.64,2.28,-40.8,-0.429,20.34,21.01,01a60909o0102o
60909.354594,-22.393,1.475,-4,6,o,0,0.87,282.18089,33.08094,9588.87,2229.15,2.6,2.26,-50.1,-0.432,20.35,21.06,01a60909o0108o
60909.362915,-22.671,1.839,-3,6,o,0,0.82,282.18089,33.08094,9536.24,2153.15,2.52,2.26,-49.7,-0.445,20.38,21.11,01a60909o0114o
60909.371272,-22.274,1.364,-4,6,o,0,0.72,282.18089,33.08094,9518.25,2270.82,2.46,2.23,-47.6,-0.44,20.37,21.11,01a60909o0120o
60910.307478,-20.993,0.535,-15,8,o,0,0.52,282.18089,33.08094,9554.6,2196.43,2.65,2.4,-38.4,-0.416,20.16,20.74,01a60910o0051o
60910.315811,-23.511,4.436,-1,6,o,0,1.19,282.18089,33.08094,9578.32,2233.02,2.63,2.44,-39.3,-0.421,20.19,20.73,01a60910o0057o
60910.324126,21.678,0.707,8,6,o,0,1.44,282.18089,33.08094,9527.49,2155.68,2.7,2.46,-40.2,-0.419,20.17,20.75,01a60910o0063o
60910.332756,22.608,2.05,3,7,o,0,0.93,282.18089,33.08094,9510.25,2272.42,2.5,2.28,-50.3,-0.434,20.22,20.73,01a60910o0069o
60916.344826,20.632,0.481,20,10,c,0,0.88,282.18089,33.08094,10004.79,4219.63,2.99,2.85,-11.7,-0.326,19.66,21.66,01a60916o0263c
60916.346705,21.718,1.0,8,8,c,0,1.25,282.18089,33.08094,71.28,4285.39,3.07,2.81,44.3,-0.296,19.68,21.65,01a60916o0267c
60916.34809,22.063,1.861,5,10,c,0,0.79,282.18089,33.08094,10024.94,4256.15,2.95,2.85,-22.5,-0.336,19.66,21.66,01a60916o0269c
60916.35192,21.98,1.703,6,10,c,0,0.61,282.18089,33.08094,91.79,4325.73,3.19,2.87,46.3,-0.296,19.62,21.65,01a60916o0277c
60916.358591,23.245,5.417,2,10,c,0,0.76,282.18089,33.08094,9965.93,4180.38,3.0,2.86,-7.9,-0.328,19.63,21.64,01a60916o0289c
60916.359082,-20.798,0.448,-17,8,c,0,1.15,282.18089,33.08094,33.1,4244.41,3.09,2.78,47.2,-0.304,19.63,21.64,01a60916o0290c
60916.378483,23.529,7.0,1,10,c,0,0.97,282.18089,33.08094,9947.94,4299.23,3.0,2.92,-9.1,-0.322,19.6,21.58,01a60916o0328c
60919.332599,22.879,14.529,3,37,o,0,0.78,282.18089,33.08094,2267.02,2675.46,1.94,1.81,34.3,-0.464,18.3,18.99,02a60919o0202o
60919.335324,21.375,2.711,10,28,o,0,0.75,282.18089,33.08094,2247.77,2636.58,1.92,1.81,36.6,-0.462,18.52,19.22,02a60919o0208o
60919.349556,23.586,12.417,1,17,o,0,0.83,282.18089,33.08094,2309.63,2713.13,2.0,1.88,35.0,-0.453,19.1,20.18,02a60919o0238o
60919.355099,-20.79,0.899,-18,16,o,0,0.9,282.18089,33.08094,2329.82,2594.83,2.06,1.95,40.1,-0.451,19.03,20.13,02a60919o0250o
60922.319282,19.921,0.415,39,16,o,0,0.86,282.18089,33.08094,1708.82,2177.62,2.36,2.16,43.6,-0.45,19.2,19.87,01a60922o0224o
60922.322037,22.135,3.085,5,16,o,0,0.9,282.18089,33.08094,1730.23,2217.4,2.35,2.15,41.6,-0.452,19.18,19.87,01a60922o0230o
60922.337507,23.177,8.125,2,16,o,0,0.99,282.18089,33.08094,1673.41,2136.92,2.47,2.33,39.3,-0.436,19.14,19.86,01a60922o0262o
60922.343115,23.854,16.444,1,17,o,0,0.99,282.18089,33.08094,1657.87,2252.98,2.43,2.26,40.7,-0.438,19.11,19.84,01a60922o0274o
60923.33042,-21.289,2.287,-11,25,o,0,1.04,282.18089,33.08094,8799.43,8412.99,2.31,2.04,-63.8,-0.449,18.9,19.65,02a60923o0244o
60923.333522,21.432,2.757,10,27,o,0,0.87,282.18089,33.08094,8779.8,8373.3,2.34,2.07,-62.1,-0.449,18.93,19.64,02a60923o0250o
60923.340967,-21.422,2.935,-10,29,o,0,0.97,282.18089,33.08094,8838.49,8450.95,2.32,2.01,-61.1,-0.453,18.91,19.62,02a60923o0266o
60923.352502,20.531,1.109,22,25,o,0,1.39,282.18089,33.08094,8856.06,8335.22,2.31,2.04,-60.5,-0.449,18.89,19.58,02a60923o0290o
60924.310163,-21.486,1.975,-9,18,o,0,1.91,282.18089,33.08094,8515.92,6366.11,2.11,2.03,63.6,-0.439,18.8,19.46,02a60924o0205o
60924.325378,22.482,6.937,4,26,o,0,1.25,282.18089,33.08094,8493.61,6323.75,2.11,2.04,67.3,-0.443,18.74,19.44,02a60924o0236o
60924.328102,20.378,0.853,26,22,o,0,1.01,282.18089,33.08094,8551.2,6402.62,2.13,2.06,65.2,-0.439,18.75,19.45,02a60924o0242o
60924.343646,23.552,20.0,1,28,o,0,0.74,282.18089,33.08094,8570.45,6284.91,2.1,2.04,62.8,-0.44,18.8,19.41,02a60924o0273o
60925.343909,-21.286,2.86,-11,32,o,0,0.75,282.18089,33.08094,8513.74,6363.77,2.14,2.07,84.5,-0.443,18.52,19.12,02a60925o0277o
60925.347241,22.267,6.514,4,29,o,0,1.23,282.18089,33.08094,8494.13,6322.79,2.17,2.09,50.4,-0.442,18.53,19.1,02a60925o0284o
60925.352779,20.704,1.682,19,32,o,0,1.06,282.18089,33.08094,8550.77,6401.12,2.21,2.16,61.1,-0.439,18.5,19.06,02a60925o0296o
60925.364611,-21.705,4.279,-8,32,o,0,0.97,282.18089,33.08094,8569.27,6283.46,2.19,2.11,46.5,-0.435,18.48,19.0,02a60925o0321o
60928.336422,-21.282,1.63,-11,18,o,0,0.97,282.18089,33.08094,4029.24,6108.55,2.96,2.52,41.4,-0.38,18.96,19.75,01a60928o0005o
60928.340163,20.789,1.055,18,18,o,0,0.74,282.18089,33.08094,3970.77,6032.09,2.75,2.39,52.0,-0.407,19.0,19.73,01a60928o0013o
60929.324282,-22.981,7.476,-2,17,o,0,0.71,282.18089,33.08094,6526.08,4496.86,2.08,1.97,42.0,-0.438,19.17,20.19,02a60929o0238o
60929.327521,-23.059,7.1,-2,15,o,0,0.95,282.18089,33.08094,6507.72,4457.33,2.07,1.94,38.4,-0.437,19.17,20.17,02a60929o0245o
60929.349145,-21.762,2.031,-7,14,o,0,1.29,282.18089,33.08094,6565.74,4535.22,2.17,1.92,35.4,-0.432,19.11,20.07,02a60929o0292o
60929.355207,-22.27,3.429,-4,15,o,0,1.31,282.18089,33.08094,6585.71,4418.0,2.09,1.89,39.1,-0.435,19.13,20.04,02a60929o0305o
60931.328816,21.577,2.718,8,23,c,0,0.62,282.18089,33.08094,4260.28,2560.32,2.38,2.29,65.4,-0.411,18.87,20.77,02a60931o0242c
60931.331563,22.274,3.682,4,16,c,0,0.85,282.18089,33.08094,4240.74,2520.87,2.4,2.31,63.2,-0.411,18.96,20.89,02a60931o0248c
60931.341312,-21.694,2.455,-8,19,c,0,1.18,282.18089,33.08094,4299.4,2598.92,2.39,2.29,57.1,-0.409,18.78,20.6,02a60931o0269c
60931.34797,0.0,20.854,0,16,c,0,1.68,282.18089,33.08094,4320.22,2480.25,2.39,2.32,61.0,-0.41,18.82,20.61,02a60931o0283c
60934.291552,-20.542,0.535,-22,12,o,0,0.8,282.18089,33.08094,5860.31,4029.15,2.4,2.22,33.7,-0.413,19.57,20.8,01a60934o0182o
60934.294637,-20.29,0.39,-28,11,o,0,0.83,282.18089,33.08094,5880.34,4068.58,2.46,2.25,34.8,-0.41,19.53,20.78,01a60934o0188o
60934.299839,-21.369,1.138,-10,12,o,0,0.91,282.18089,33.08094,5823.91,3991.09,2.5,2.28,39.7,-0.405,19.5,20.77,01a60934o0199o
60934.319976,-22.015,2.34,-6,13,o,0,0.62,282.18089,33.08094,5807.95,4104.69,2.46,2.34,38.2,-0.411,19.52,20.79,01a60934o0241o
60935.291246,-21.522,1.507,-9,14,c,0,0.61,282.18089,33.08094,4666.54,6528.44,2.35,2.21,22.1,-0.417,19.51,21.64,02a60935o0175c
60935.294416,-21.907,2.119,-6,13,c,0,0.82,282.18089,33.08094,4647.89,6491.09,2.53,2.33,79.4,-0.403,19.43,21.62,02a60935o0182c
60935.299891,21.194,1.067,12,13,c,0,0.87,282.18089,33.08094,4703.66,6567.36,2.34,2.22,23.4,-0.416,19.51,21.63,02a60935o0194c
60935.318075,-21.884,1.468,-6,9,c,0,1.14,282.18089,33.08094,4723.8,6450.38,2.36,2.23,24.1,-0.418,19.56,21.7,02a60935o0233c
60936.318754,22.248,2.182,5,10,c,0,1.13,282.18089,33.08094,2198.09,724.56,2.41,2.19,-73.7,-0.433,19.46,21.49,02a60936o0235c
60936.321488,22.593,3.375,3,11,c,0,1.05,282.18089,33.08094,2177.95,686.58,2.41,2.21,-76.9,-0.428,19.46,21.47,02a60936o0241c
60936.327234,-20.528,0.481,-22,11,c,0,1.04,282.18089,33.08094,2238.82,763.36,2.46,2.21,-71.9,-0.433,19.45,21.44,02a60936o0253c
60936.3478,23.549,9.1,1,13,c,0,0.67,282.18089,33.08094,2256.77,641.2,2.39,2.17,-71.1,-0.433,19.39,21.37,02a60936o0297c
60937.331803,-20.9,1.057,-16,17,c,0,1.38,282.18089,33.08094,2188.01,721.0,2.64,2.46,-74.7,-0.409,18.14,20.18,02a60937o0126c
60937.335047,20.603,2.189,21,46,c,0,0.97,282.18089,33.08094,2168.09,681.54,2.93,2.72,-70.0,-0.406,18.37,20.74,02a60937o0133c
60937.369943,23.24,7.333,2,14,c,0,1.12,282.18089,33.08094,2230.13,754.43,2.88,2.71,-79.6,-0.398,19.16,21.3,02a60937o0147c
60937.376292,-22.471,4.769,-4,18,c,0,1.05,282.18089,33.08094,2249.37,635.66,3.41,3.22,-77.1,-0.39,18.97,21.27,02a60937o0161c
60941.308329,-20.354,0.713,-26,19,c,0,0.6,282.18089,33.08094,8200.51,420.46,2.76,2.08,-72.0,-0.414,19.43,21.45,02a60941o0221c
60941.311561,22.057,2.854,6,16,c,0,1.09,282.18089,33.08094,8182.3,381.67,2.52,2.02,-62.6,-0.432,19.47,21.44,02a60941o0228c
60941.320825,-21.728,2.444,-7,18,c,0,0.85,282.18089,33.08094,8243.51,460.33,2.56,2.03,-61.9,-0.428,19.43,21.35,02a60941o0248c
60941.338859,-21.534,2.385,-9,21,c,0,0.53,282.18089,33.08094,8265.32,339.11,2.56,2.02,-61.9,-0.418,19.39,21.23,02a60941o0287c
60942.294877,19.914,0.358,39,14,c,0,1.07,282.18089,33.08094,2849.26,8190.23,2.48,2.36,-44.7,-0.415,19.4,21.36,02a60942o0191c
60942.298078,21.058,1.0,14,14,c,0,1.06,282.18089,33.08094,2829.74,8152.56,2.38,2.25,-39.0,-0.421,19.42,21.34,02a60942o0198c
60942.304053,20.747,0.833,18,15,c,0,0.74,282.18089,33.08094,2885.98,8228.04,2.4,2.28,-37.6,-0.416,19.4,21.29,02a60942o0211c
60942.314052,-21.233,1.313,-12,15,c,0,0.84,282.18089,33.08094,2904.76,8112.75,2.63,2.51,-32.7,-0.409,19.25,21.2,02a60942o0233c
60943.286064,-24.535,29.5,-1,16,c,0,0.61,282.18089,33.08094,2851.21,8192.61,2.33,2.26,-28.0,-0.417,19.46,21.41,02a60943o0173c
60943.304472,-22.459,3.852,-4,14,c,0,0.75,282.18089,33.08094,2833.24,8152.67,2.33,2.26,-25.8,-0.416,19.43,21.47,02a60943o0213c
60943.307748,21.03,1.039,14,15,c,0,0.88,282.18089,33.08094,2890.49,8229.36,2.32,2.23,-28.1,-0.419,19.46,21.46,02a60943o0220c
60943.313251,-21.182,1.011,-12,12,c,0,1.04,282.18089,33.08094,2910.23,8111.68,2.3,2.23,-25.3,-0.421,19.5,21.46,02a60943o0232c
60947.280885,21.983,2.018,6,12,o,0,1.35,282.18089,33.08094,2739.69,6644.85,2.07,1.81,28.4,-0.442,19.35,20.5,02a60947o0172o
60947.284077,-25.184,37.333,0,11,o,0,1.26,282.18089,33.08094,2720.76,6608.36,2.05,1.82,26.8,-0.441,19.32,20.49,02a60947o0179o
60947.290461,-21.66,1.87,-8,15,o,0,0.93,282.18089,33.08094,2780.0,6684.29,2.05,1.82,29.8,-0.441,19.27,20.44,02a60947o0193o
60947.305233,-21.155,1.161,-12,15,o,0,1.14,282.18089,33.08094,2800.74,6564.67,2.09,1.85,33.7,-0.441,19.22,20.34,02a60947o0225o
60948.273075,22.6,4.656,3,15,o,0,0.7,282.18089,33.08094,295.81,2816.59,2.04,1.87,-55.2,-0.436,19.22,20.3,02a60948o0154o
60948.276298,-20.548,0.649,-22,14,o,0,1.14,282.18089,33.08094,276.47,2777.35,1.97,1.82,-57.0,-0.448,19.24,20.31,02a60948o0161o
60948.278598,-20.455,0.705,-24,17,o,0,1.14,282.18089,33.08094,10416.65,2815.35,2.44,1.72,-56.6,-0.48,19.23,20.36,02a60948o0166o
60948.281773,21.409,1.598,10,16,o,0,0.96,282.18089,33.08094,10397.41,2775.82,2.45,1.71,-56.8,-0.481,19.29,20.37,02a60948o0173o
60948.282226,22.464,3.892,4,15,o,0,0.94,282.18089,33.08094,340.55,2852.94,2.03,1.84,-58.9,-0.437,19.26,20.33,02a60948o0174o
60948.300742,-20.461,0.856,-24,20,o,0,1.09,282.18089,33.08094,10459.98,2854.66,2.56,1.83,-57.2,-0.47,19.24,20.36,02a60948o0214o
60948.301194,20.089,0.457,33,15,o,0,1.25,282.18089,33.08094,360.97,2733.02,2.07,1.96,-59.2,-0.443,19.17,20.3,02a60948o0215o
60948.306239,-20.882,1.398,-16,22,o,0,0.79,282.18089,33.08094,10482.5,2737.31,2.49,1.76,-56.3,-0.477,19.27,20.35,02a60948o0226o
60949.279317,-22.295,3.675,-4,16,o,0,0.82,282.18089,33.08094,293.25,2813.23,2.12,1.94,-58.0,-0.419,19.14,20.15,02a60949o0174o
60949.282523,22.306,3.892,4,17,o,0,0.95,282.18089,33.08094,273.37,2774.19,2.18,2.02,-58.8,-0.422,19.08,20.15,02a60949o0181o
60949.302395,20.171,0.728,31,23,o,0,0.38,282.18089,33.08094,337.09,2846.26,2.14,1.98,-60.1,-0.428,19.06,20.05,02a60949o0224o
60949.30514,-21.751,2.804,-7,20,o,0,1.02,282.18089,33.08094,10415.14,2811.53,2.63,1.94,-56.3,-0.458,19.04,20.11,02a60949o0230o
60949.307878,-21.522,2.296,-9,20,o,0,1.09,282.18089,33.08094,355.96,2728.34,2.56,2.4,-57.6,-0.429,18.85,20.04,02a60949o0236o
60949.308331,21.474,2.538,9,24,o,0,0.63,282.18089,33.08094,10394.52,2770.78,2.65,1.95,-56.4,-0.466,18.99,20.11,02a60949o0237o
60949.313842,-19.786,0.519,-44,23,o,0,0.99,282.18089,33.08094,10456.84,2851.48,2.75,2.05,-55.6,-0.45,18.96,20.06,02a60949o0249o
60949.326797,20.841,1.678,17,28,o,0,0.58,282.18089,33.08094,10477.99,2732.15,2.67,1.9,-55.8,-0.473,18.99,19.96,02a60949o0277o
60952.27433,-21.541,2.221,-9,20,o,0,0.71,282.18089,33.08094,2062.03,6156.46,2.41,2.22,49.7,-0.442,19.05,19.59,01a60952o0172o
60952.277695,20.76,1.098,18,20,o,0,0.87,282.18089,33.08094,2081.92,6194.91,2.48,2.23,46.9,-0.439,19.03,19.57,01a60952o0179o
60952.282822,20.745,0.961,18,18,o,0,1.06,282.18089,33.08094,2020.64,6115.84,2.48,2.27,48.0,-0.438,18.99,19.56,01a60952o0190o
60952.293003,-20.511,0.841,-23,19,o,0,0.86,282.18089,33.08094,1999.77,6230.52,2.4,2.25,44.0,-0.445,19.01,19.54,01a60952o0212o
60953.269572,21.052,1.437,14,20,o,0,1.24,282.18089,33.08094,8478.28,4426.37,2.03,1.99,55.0,-0.423,18.77,19.4,02a60953o0158o
60953.283483,-21.239,1.635,-12,19,o,0,1.3,282.18089,33.08094,8459.13,4384.39,2.06,2.05,80.9,-0.419,18.74,19.36,02a60953o0188o
60953.286667,25.457,96.5,0,23,o,0,1.04,282.18089,33.08094,8518.21,4463.9,2.13,2.12,-76.5,-0.418,18.73,19.36,02a60953o0195o
60953.29214,22.11,5.125,5,27,o,0,0.8,282.18089,33.08094,8538.71,4347.19,2.04,2.0,-86.4,-0.421,18.71,19.33,02a60953o0207o
60954.265088,-20.142,1.079,-32,34,o,0,1.08,282.18089,33.08094,932.44,8335.44,2.25,2.04,-39.7,-0.461,18.53,19.23,02a60954o0151o
60954.268727,19.718,0.85,47,40,o,0,0.79,282.18089,33.08094,913.35,8298.04,2.2,2.0,-36.7,-0.468,18.56,19.22,02a60954o0159o
60954.275162,20.121,1.113,32,36,o,0,1.25,282.18089,33.08094,969.68,8372.47,2.27,2.1,-36.9,-0.463,18.51,19.2,02a60954o0173o
60954.285217,21.371,3.062,10,31,o,0,1.67,282.18089,33.08094,990.71,8254.0,2.0,1.89,-29.1,-0.477,18.59,19.16,02a60954o0195o
60959.342381,-22.963,8.478,-2,20,o,0,1.51,282.18089,33.08094,4203.72,602.55,1.98,1.76,-64.7,-0.453,18.82,19.45,02a60959o0065o
60959.345566,-23.285,11.8,-2,21,o,0,1.68,282.18089,33.08094,4181.84,562.62,2.11,1.89,-67.6,-0.44,18.69,19.39,02a60959o0072o
60959.351187,19.508,0.531,57,30,o,0,1.12,282.18089,33.08094,4241.79,643.23,2.01,1.87,-71.7,-0.451,18.09,18.6,02a60959o0084o
60960.267387,20.594,1.835,21,38,o,0,1.51,282.18089,33.08094,173.12,855.93,2.16,1.81,-62.0,-0.466,18.76,19.87,02a60960o0155o
60960.270574,-21.775,5.263,-7,37,o,0,1.19,282.18089,33.08094,153.48,816.21,2.17,1.84,-63.8,-0.46,17.74,18.71,02a60960o0162o
60960.271479,-20.849,25.0,-17,415,o,0,1.03,282.18089,33.08094,10324.43,851.73,2.65,1.64,-58.1,-0.594,16.95,17.8,02a60960o0164o
60960.290318,-20.256,0.727,-29,21,o,0,0.86,282.18089,33.08094,216.67,890.26,2.08,1.71,-61.3,-0.491,19.21,20.33,02a60960o0205o
60960.291232,20.628,1.468,20,30,o,0,1.49,282.18089,33.08094,10307.54,809.27,2.54,1.5,-58.4,-0.539,19.24,20.38,02a60960o0207o
60960.294404,20.852,1.093,17,18,o,0,1.45,282.18089,33.08094,10367.39,889.55,2.49,1.54,-58.1,-0.529,19.33,20.47,02a60960o0214o
60960.295784,-21.653,1.846,-8,15,o,0,0.76,282.18089,33.08094,235.29,771.56,2.05,1.7,-62.1,-0.478,19.32,20.4,02a60960o0217o
60960.299907,-23.532,15.222,-1,21,o,0,1.35,282.18089,33.08094,10388.46,771.17,2.53,1.54,-59.1,-0.555,19.14,20.24,02a60960o0226o
60961.268788,20.784,0.967,18,17,o,0,0.72,282.18089,33.08094,170.7,853.52,2.26,1.83,-61.8,-0.472,19.28,20.44,02a60961o0168o
60961.272919,21.143,1.291,13,16,o,0,0.76,282.18089,33.08094,150.68,814.48,2.33,1.87,-60.0,-0.469,19.22,20.44,02a60961o0177o
60961.275657,20.118,0.702,33,23,o,0,0.88,282.18089,33.08094,10321.6,849.2,2.77,1.68,-57.1,-0.504,19.27,20.49,02a60961o0183o
60961.279288,20.17,0.894,31,28,o,0,0.66,282.18089,33.08094,10302.77,809.24,2.91,1.81,-55.9,-0.488,19.22,20.54,02a60961o0191o
60961.279743,-21.443,1.544,-10,15,o,0,1.12,282.18089,33.08094,212.71,889.55,2.31,1.84,-61.7,-0.474,19.28,20.45,02a60961o0192o
60961.294771,20.733,0.843,18,16,o,0,0.79,282.18089,33.08094,231.43,770.97,2.28,1.83,-61.6,-0.482,19.25,20.42,02a60961o0224o
60961.295223,-20.759,1.28,-18,23,o,0,1.28,282.18089,33.08094,10363.03,888.79,2.88,1.7,-56.6,-0.519,19.24,20.48,02a60961o0225o
60961.310466,20.098,0.762,33,25,o,0,1.07,282.18089,33.08094,10384.73,770.28,2.98,1.76,-56.5,-0.492,19.23,20.41,02a60961o0257o
60967.314243,-20.486,0.872,-23,20,o,0,0.89,282.18089,33.08094,520.35,6296.96,2.73,2.44,-0.3,-0.385,18.85,20.19,02a60967o0096o
60967.317445,21.596,2.115,8,18,o,0,0.9,282.18089,33.08094,502.02,6258.2,2.25,2.12,22.4,-0.407,18.99,20.18,02a60967o0103o
60967.317897,-22.605,6.6,-3,22,o,0,0.69,282.18089,33.08094,10452.67,6313.5,2.53,2.21,-50.9,-0.448,19.06,20.3,02a60967o0104o
60967.321065,21.149,1.681,13,21,o,0,1.02,282.18089,33.08094,10432.84,6272.62,2.55,2.32,-44.8,-0.436,19.03,20.29,02a60967o0111o
60967.32293,-20.637,0.964,-20,20,o,0,0.94,282.18089,33.08094,561.91,6332.68,2.3,2.22,10.7,-0.401,18.91,20.13,02a60967o0115o
60967.327039,23.707,24.429,1,29,o,0,1.03,282.18089,33.08094,10491.78,6353.07,2.55,2.22,-53.7,-0.447,19.01,20.25,02a60967o0124o
60967.332969,21.165,1.615,12,20,o,0,0.95,282.18089,33.08094,583.46,6214.65,2.34,2.32,-10.4,-0.403,18.8,20.01,02a60967o0137o
60967.338946,-20.016,1.143,-36,41,o,0,0.84,282.18089,33.08094,10512.12,6235.06,2.69,2.3,-52.1,-0.441,18.93,20.12,02a60967o0150o
60970.239604,22.395,2.792,4,11,c,0,1.12,282.18089,33.08094,3629.24,2100.36,3.14,2.86,46.0,-0.363,19.44,21.12,01a60970o0112c
60970.242891,-23.692,9.571,-1,12,c,0,0.99,282.18089,33.08094,3649.13,2138.29,3.22,2.91,48.6,-0.355,19.43,21.12,01a60970o0119c
60970.261845,20.993,0.837,14,12,c,0,0.71,282.18089,33.08094,3588.91,2059.94,3.13,2.89,44.2,-0.356,19.43,21.1,01a60970o0160c
60970.267341,21.798,1.535,7,11,c,0,1.08,282.18089,33.08094,3567.65,2175.85,2.92,2.84,44.8,-0.39,19.47,21.08,01a60970o0172c
60971.249434,21.721,2.578,7,19,o,0,0.73,282.18089,33.08094,6880.14,8469.11,2.51,2.47,-85.5,-0.421,19.07,20.35,02a60971o0106o
60971.2523,-21.455,1.85,-10,18,o,0,1.02,282.18089,33.08094,6860.58,8429.76,2.57,2.34,40.8,-0.416,19.14,20.36,02a60971o0112o
60971.258772,20.768,1.019,18,18,o,0,0.82,282.18089,33.08094,6919.89,8507.47,2.53,2.46,44.5,-0.419,19.07,20.33,02a60971o0126o
60971.277223,-20.879,1.337,-16,22,o,0,0.61,282.18089,33.08094,6941.98,8388.71,2.57,2.54,-76.6,-0.419,19.01,20.29,02a60971o0166o
60973.299471,21.108,1.754,13,23,o,0,0.93,282.18089,33.08094,8799.26,8405.31,2.89,2.65,-48.6,-0.421,18.86,20.16,02a60973o0240o
60977.2342,20.963,0.986,15,15,o,0,1.09,282.18089,33.08094,6203.48,509.94,2.11,1.76,-58.6,-0.458,19.05,20.06,02a60977o0108o
60977.237435,20.296,0.612,28,17,o,0,0.95,282.18089,33.08094,6181.81,470.23,2.11,1.66,-60.8,-0.469,19.09,20.05,02a60977o0115o
60977.257138,-21.975,2.397,-6,14,o,0,1.1,282.18089,33.08094,6243.45,546.79,2.07,1.68,-57.5,-0.473,19.07,19.96,02a60977o0158o
60977.263515,20.567,0.845,22,18,o,0,1.06,282.18089,33.08094,6265.03,426.24,2.14,1.66,-56.5,-0.482,19.1,19.93,02a60977o0172o
60978.237376,21.19,1.324,12,16,o,0,0.99,282.18089,33.08094,6530.42,4496.39,2.14,1.91,35.5,-0.433,19.16,20.06,02a60978o0115o
60978.240615,-20.959,1.062,-15,16,o,0,0.98,282.18089,33.08094,6511.23,4456.83,2.18,1.97,33.7,-0.424,19.09,20.05,02a60978o0122o
60978.247079,-20.298,0.633,-28,18,o,0,0.66,282.18089,33.08094,6571.19,4533.86,2.15,1.95,35.0,-0.425,19.12,20.02,02a60978o0136o
60978.26364,20.238,1.444,29,42,o,0,1.08,282.18089,33.08094,6590.65,4417.05,2.23,2.02,33.4,-0.417,18.23,19.13,02a60978o0172o
60979.306877,-21.015,1.511,-14,22,o,0,0.94,282.18089,33.08094,6533.38,4492.4,2.46,2.34,36.7,-0.401,18.67,19.5,02a60979o0040o
60979.31146,-23.17,13.4,-2,26,o,0,1.15,282.18089,33.08094,6513.67,4452.12,2.62,2.62,-73.6,-0.405,18.6,19.44,02a60979o0050o
60979.316581,20.07,0.757,34,26,o,0,1.12,282.18089,33.08094,6572.95,4528.37,2.68,2.57,40.5,-0.383,18.43,19.39,02a60979o0061o
60979.325062,-19.673,0.76,-49,37,o,0,0.89,282.18089,33.08094,6592.17,4414.31,3.27,3.24,36.4,-0.343,18.17,19.29,02a60979o0079o
60983.227213,-16.431,0.65,-972,631,o,0,1.14,282.18089,33.08094,6224.71,2456.13,2.16,2.02,43.2,-0.413,15.01,14.8,02a60983o0098o
60984.255889,16.892,1.483,636,943,o,0,2.32,282.18089,33.08094,4727.77,6439.21,2.31,2.04,26.8,-0.484,14.45,14.27,02a60984o0148o
60988.219114,21.793,2.373,7,16,o,0,0.95,282.18089,33.08094,10024.97,6160.62,2.64,2.34,-61.4,-0.446,19.2,20.1,01a60988o0085o
60988.21957,-20.042,0.412,-35,14,o,0,1.3,282.18089,33.08094,93.82,6218.04,2.46,2.32,67.0,-0.417,19.2,20.18,01a60988o0086o
60988.222793,-20.584,0.75,-21,16,o,0,1.02,282.18089,33.08094,10043.36,6200.47,2.68,2.36,-60.6,-0.448,19.16,20.06,01a60988o0093o
60988.22325,21.505,1.851,9,17,o,0,0.83,282.18089,33.08094,114.31,6257.5,2.46,2.32,62.9,-0.427,19.23,20.19,01a60988o0094o
60988.22787,-22.654,4.565,-3,14,o,0,0.99,282.18089,33.08094,9981.78,6125.57,2.63,2.32,-64.1,-0.454,19.2,20.08,01a60988o0104o
60988.228327,21.382,1.482,10,15,o,0,1.11,282.18089,33.08094,53.33,6178.14,2.44,2.3,61.7,-0.414,19.21,20.15,01a60988o0105o
60988.239326,21.021,0.99,14,14,o,0,1.37,282.18089,33.08094,9956.79,6244.43,2.68,2.35,-62.6,-0.453,19.16,20.08,01a60988o0129o
