MJD,m,dm,uJy,duJy,F,err,chi/N,RA,Dec,x,y,maj,min,phi,apfit,mag5sig,Sky,Obs
57232.480694,-19.604,2.078,-52,109,o,0,1.42,2.87006,35.973,6319.68,6807.12,3.68,3.27,-83.5,-0.464,17.71,18.31,02a57232o0297o
57300.361284,-19.182,0.523,-77,40,o,0,2.73,2.87006,35.973,4869.05,8265.69,3.72,3.12,-74.3,-0.484,19.05,20.81,02a57300o0463o
57300.384084,21.998,18.0,6,104,o,0,1.06,2.87006,35.973,4869.44,8274.3,3.81,3.17,-75.3,-0.502,18.91,20.72,02a57300o0533o
57300.410577,18.136,2.432,202,492,o,0,1.12,2.87006,35.973,4251.96,3796.37,3.43,3.17,-37.5,-0.766,18.89,20.69,02a57300o0609o
57300.421699,17.659,1.677,314,526,o,0,0.93,2.87006,35.973,4247.88,3799.86,3.52,3.25,-47.0,-0.776,18.89,20.72,02a57300o0643o
57302.347068,18.421,0.13,155,20,o,0,8.98,2.87006,35.973,4887.4,8265.85,4.25,3.61,-63.7,-0.47,19.15,21.03,02a57302o0250o
57302.378946,19.578,0.349,54,19,o,0,7.69,2.87006,35.973,4883.38,8277.57,4.13,3.47,-67.1,-0.476,19.18,20.99,02a57302o0298o
57302.391528,-18.987,0.234,-92,22,o,0,3.32,2.87006,35.973,6363.23,6826.78,4.04,3.62,-73.4,-0.463,19.15,20.95,02a57302o0316o
57302.420892,22.583,6.5,3,22,o,0,0.98,2.87006,35.973,4236.01,3797.66,4.03,3.48,-32.9,-0.481,19.15,20.9,02a57302o0361o
57314.358699,20.303,0.6,28,16,c,0,4.78,2.87006,35.973,4947.1,8292.71,4.31,3.64,-69.4,-0.447,19.51,21.57,02a57314o0240c
57314.392109,23.253,9.5,2,17,c,0,1.45,2.87006,35.973,5709.31,2353.1,4.63,3.88,-4.9,-0.442,19.52,21.55,02a57314o0286c
57314.4205,-22.619,5.0,-3,16,c,0,1.11,2.87006,35.973,4222.17,3808.27,4.41,3.74,-25.4,-0.429,19.52,21.55,02a57314o0326c
57314.448341,-20.438,0.69,-24,17,c,0,1.15,2.87006,35.973,4207.98,3808.28,4.37,3.85,-25.1,-0.431,19.49,21.54,02a57314o0364c
57316.350144,-19.848,0.519,-42,22,c,0,3.06,2.87006,35.973,4966.7,8299.86,4.29,3.71,-72.2,-0.448,19.05,20.67,02a57316o0219c
57316.368284,-19.043,0.257,-88,23,c,0,2.61,2.87006,35.973,4964.63,8300.29,4.44,3.93,-72.1,-0.429,19.01,20.7,02a57316o0245c
57316.397204,21.679,2.667,8,21,c,0,1.08,2.87006,35.973,4212.33,3808.01,4.49,3.93,-29.6,-0.424,19.1,20.81,02a57316o0288c
57316.424028,-21.469,2.091,-9,20,c,0,0.99,2.87006,35.973,4211.13,3809.83,4.48,3.87,-27.2,-0.423,19.24,21.07,02a57316o0328c
57320.368876,-22.028,8.8,-6,49,o,0,0.98,2.87006,35.973,5762.84,2359.92,4.59,3.51,-8.4,-0.563,18.23,19.2,02a57320o0292o
57320.421329,-19.83,1.351,-42,57,o,0,0.7,2.87006,35.973,5741.49,2360.98,4.59,3.69,-12.5,-0.567,18.17,19.14,02a57320o0321o
57320.461253,22.203,10.2,5,49,o,0,0.91,2.87006,35.973,4257.25,3816.82,4.09,3.42,-31.5,-0.57,18.17,19.07,02a57320o0383o
57320.48961,22.765,16.667,3,47,o,0,1.23,2.87006,35.973,4262.42,3819.89,4.18,3.48,-26.8,-0.524,18.12,18.98,02a57320o0427o
57324.332015,19.732,0.902,46,42,o,0,2.09,2.87006,35.973,4925.09,8308.93,4.21,3.48,-74.2,-0.45,18.37,19.54,02a57324o0249o
57324.345296,-19.574,0.758,-54,41,o,0,1.79,2.87006,35.973,4929.83,8315.04,4.14,3.48,-75.8,-0.489,18.4,19.56,02a57324o0268o
57324.368934,-21.021,2.571,-14,36,o,0,1.28,2.87006,35.973,4316.36,3821.71,4.34,3.68,-31.7,-0.521,18.39,19.48,02a57324o0303o
57324.396985,-19.461,0.672,-60,40,o,0,1.13,2.87006,35.973,4310.93,3824.5,4.41,3.72,-33.2,-0.514,18.37,19.46,02a57324o0345o
57327.360172,21.599,4.333,8,36,o,0,0.88,2.87006,35.973,5824.37,2376.08,5.27,4.09,-7.9,-0.502,18.72,20.17,02a57327o0270o
57327.403074,-19.623,0.769,-51,40,o,0,0.81,2.87006,35.973,5813.2,2381.37,5.28,4.0,-9.0,-0.488,18.71,20.18,02a57327o0329o
57327.433968,-20.703,1.688,-19,32,o,0,1.0,2.87006,35.973,4331.13,3837.46,4.76,3.92,-31.3,-0.495,18.63,20.07,02a57327o0372o
57327.459906,-20.568,1.722,-22,37,o,0,1.05,2.87006,35.973,4330.06,3836.15,4.77,3.94,-29.9,-0.487,18.57,19.97,02a57327o0410o
57364.268093,21.392,2.417,10,24,o,0,0.78,2.87006,35.973,6250.5,1891.89,3.97,3.54,-3.9,-0.496,19.16,20.75,02a57364o0157o
57364.282409,21.679,2.7,8,21,o,0,0.86,2.87006,35.973,6541.22,2481.42,3.77,3.51,-2.7,-0.472,19.15,20.72,02a57364o0180o
57364.296757,19.865,0.609,41,25,o,0,0.96,2.87006,35.973,5649.79,1312.22,4.25,3.5,-6.6,-0.495,19.12,20.68,02a57364o0203o
57364.311173,20.913,1.286,16,20,o,0,0.91,2.87006,35.973,5344.59,3069.23,3.72,3.5,-18.7,-0.444,19.12,20.65,02a57364o0226o
57365.280614,-21.758,2.75,-7,20,o,0,1.07,2.87006,35.973,6243.79,1896.72,4.16,3.71,-7.1,-0.47,19.18,20.87,02a57365o0178o
57365.29595,20.536,0.963,22,21,o,0,1.0,2.87006,35.973,6537.03,2486.92,3.92,3.63,-3.2,-0.455,19.15,20.75,02a57365o0203o
57365.312561,-23.926,24.0,-1,23,o,0,1.4,2.87006,35.973,5641.07,1319.72,4.49,3.71,-5.9,-0.472,19.11,20.72,02a57365o0230o
57365.329432,21.551,2.364,9,21,o,0,0.96,2.87006,35.973,5335.17,3077.11,3.88,3.59,-18.7,-0.428,19.14,20.77,02a57365o0257o
57384.250879,-19.316,0.317,-68,22,o,0,0.94,2.87006,35.973,6110.96,2103.49,3.74,3.66,-42.4,-0.483,19.24,20.97,02a57384o0080o
57384.261416,-21.185,1.5,-12,18,o,0,1.23,2.87006,35.973,6406.07,2686.72,3.88,3.84,-4.1,-0.451,19.16,20.92,02a57384o0097o
57384.27563,-21.213,2.071,-12,25,o,0,1.04,2.87006,35.973,5514.74,1514.47,3.88,3.6,-19.6,-0.492,18.94,20.41,02a57384o0117o
57384.29049,19.172,0.391,78,30,o,0,0.88,2.87006,35.973,5210.15,3263.95,3.88,3.75,-35.0,-0.439,18.75,20.09,02a57384o0140o
57385.250673,21.131,1.929,13,25,o,0,0.87,2.87006,35.973,6111.8,2103.36,3.93,3.74,-19.4,-0.486,19.08,20.74,02a57385o0120o
57385.259996,-23.411,12.5,-2,20,o,0,1.36,2.87006,35.973,6408.4,2688.76,3.59,3.42,-78.4,-0.484,19.12,20.71,02a57385o0135o
57385.271862,-20.19,0.833,-30,25,o,0,1.09,2.87006,35.973,5517.28,1516.7,3.77,3.47,-23.1,-0.449,19.08,20.66,02a57385o0154o
57385.286477,20.549,1.0,22,22,o,0,1.08,2.87006,35.973,5212.54,3265.59,3.93,3.65,-40.5,-0.486,19.05,20.63,02a57385o0177o
57395.245002,-20.636,0.837,-20,17,c,0,0.78,2.87006,35.973,6094.2,1976.77,4.11,3.78,-3.5,-0.441,19.52,21.45,02a57395o0088c
57395.275586,21.561,2.105,9,18,c,0,1.05,2.87006,35.973,5562.05,1411.55,4.44,3.8,-4.3,-0.439,19.48,21.42,02a57395o0138c
57395.291021,-19.23,0.212,-74,16,c,0,0.88,2.87006,35.973,5286.42,3174.44,4.11,3.89,-15.1,-0.381,19.41,21.35,02a57395o0163c
57402.246704,23.973,24.5,1,23,c,0,0.98,2.87006,35.973,6089.69,2103.27,4.27,3.82,-3.4,-0.494,19.17,20.81,02a57402o0095c
57402.262406,-21.811,3.067,-7,21,c,0,1.13,2.87006,35.973,6383.8,2687.75,4.1,3.84,-5.8,-0.464,19.14,20.75,02a57402o0121c
57402.278741,23.369,16.667,2,27,c,0,0.82,2.87006,35.973,5497.71,1516.78,4.85,3.85,-5.4,-0.497,19.07,20.7,02a57402o0148c
57402.294598,21.059,1.806,14,25,c,0,0.95,2.87006,35.973,5198.49,3266.04,4.06,3.74,-15.6,-0.484,19.05,20.6,02a57402o0174c
57403.244371,-20.9,1.743,-16,28,c,0,0.85,2.87006,35.973,6093.26,2099.91,4.02,3.78,-3.2,-0.468,18.97,20.43,02a57403o0091c
57403.260105,-19.543,0.475,-55,26,c,0,1.02,2.87006,35.973,6388.78,2685.15,4.06,3.79,-1.9,-0.483,18.94,20.37,02a57403o0117c
57403.27657,-19.332,0.5,-67,34,c,0,0.92,2.87006,35.973,5502.76,1513.49,4.71,3.67,-4.7,-0.52,18.88,20.3,02a57403o0144c
57403.292511,-20.636,1.512,-20,31,c,0,1.06,2.87006,35.973,5201.82,3264.79,4.09,3.68,-17.7,-0.509,18.82,20.18,02a57403o0170c
57415.273145,-20.006,0.835,-36,30,o,0,1.11,2.87006,35.973,5231.25,2759.21,3.86,3.59,-22.2,-0.506,18.74,20.06,02a57415o0136o
57415.29158,19.316,0.436,68,30,o,0,1.19,2.87006,35.973,4932.47,2180.51,4.06,3.57,-16.9,-0.522,18.71,20.02,02a57415o0166o
57415.30763,-20.831,2.2,-17,37,o,0,1.03,2.87006,35.973,6124.27,1605.73,4.28,3.77,-8.3,-0.504,18.56,19.82,02a57415o0192o
57430.227659,0.0,20.039,0,35,c,0,0.86,2.87006,35.973,1090.04,6071.08,4.8,4.3,-52.8,-0.447,18.7,20.28,02a57430o0055c
57432.228713,-20.717,1.814,-19,34,c,0,1.19,2.87006,35.973,4778.1,6008.05,3.87,3.53,-82.7,-0.444,18.65,19.85,02a57432o0056c
57433.229121,-20.426,1.569,-24,38,c,0,1.26,2.87006,35.973,6550.89,6020.28,4.11,3.68,80.1,-0.492,18.48,19.61,02a57433o0056c
57434.229097,20.282,1.717,28,48,c,0,1.2,2.87006,35.973,8079.66,6047.66,4.52,4.12,82.5,-0.415,18.32,19.48,02a57434o0074c
57546.614887,-19.484,0.699,-58,41,c,0,1.36,2.87006,35.973,6299.94,9426.62,3.73,3.57,86.1,-0.436,18.67,19.79,02a57546o0586c
57581.547304,19.498,0.307,58,18,c,0,2.6,2.87006,35.973,3769.15,9964.65,4.04,3.83,-36.8,-0.415,19.49,21.56,02a57581o0596c
57581.566416,20.276,0.618,28,17,c,0,2.26,2.87006,35.973,3802.23,10005.85,4.02,3.81,-38.7,-0.415,19.55,21.62,02a57581o0634c
57581.578805,20.417,1.344,25,33,c,0,1.51,2.87006,35.973,3737.76,9928.08,3.93,3.77,-43.0,-0.42,18.79,20.78,02a57581o0658c
57597.513348,-19.445,0.329,-60,20,o,0,3.69,2.87006,35.973,6666.83,8499.88,3.69,3.43,88.8,-0.461,19.25,20.94,02a57597o0464o
57597.531655,-18.911,0.186,-99,18,o,0,4.4,2.87006,35.973,6691.25,8535.04,3.74,3.49,88.1,-0.454,19.23,20.93,02a57597o0501o
57597.540244,-19.183,0.25,-77,19,o,0,4.22,2.87006,35.973,6631.31,8464.62,3.94,3.69,87.1,-0.438,19.18,20.93,02a57597o0518o
57597.549437,-19.409,0.297,-63,19,o,0,4.1,2.87006,35.973,6612.75,8574.98,3.78,3.58,86.4,-0.445,19.2,20.89,02a57597o0537o
57597.561685,-19.329,0.299,-67,20,o,0,4.12,2.87006,35.973,6645.45,8523.15,3.93,3.61,-89.2,-0.44,19.19,20.9,02a57597o0562o
57598.510879,18.827,0.204,107,22,o,0,3.27,2.87006,35.973,3560.05,7984.71,4.18,3.95,-7.0,-0.419,19.2,21.11,02a57598o0558o
57598.517255,18.563,0.154,136,21,o,0,3.47,2.87006,35.973,3569.9,8024.21,4.04,3.83,-61.1,-0.43,19.21,21.07,02a57598o0570o
57598.529819,18.507,0.146,144,21,o,0,3.16,2.87006,35.973,3541.32,7940.81,4.13,3.92,-56.9,-0.421,19.24,21.18,02a57598o0596o
57598.546836,18.586,0.148,134,20,o,0,3.43,2.87006,35.973,3509.83,8057.23,4.03,3.81,-63.0,-0.422,19.31,21.23,02a57598o0631o
57598.55366,18.497,0.125,145,18,o,0,4.25,2.87006,35.973,3544.41,8007.59,4.01,3.84,-60.2,-0.425,19.3,21.22,02a57598o0645o
57605.506275,19.113,0.203,82,17,c,0,3.49,2.87006,35.973,3495.71,9841.94,4.12,4.0,-13.7,-0.398,19.67,21.81,02a57605o0524c
57605.520261,18.898,0.172,100,17,c,0,3.06,2.87006,35.973,3516.01,9877.66,3.91,3.74,-16.3,-0.409,19.73,21.83,02a57605o0551c
57605.528054,19.123,0.212,81,17,c,0,2.59,2.87006,35.973,3447.62,9803.19,3.89,3.75,-16.6,-0.412,19.74,21.85,02a57605o0566c
57605.552393,18.72,0.12,118,14,c,0,4.09,2.87006,35.973,3425.45,9919.25,3.82,3.68,-11.4,-0.41,19.79,21.9,02a57605o0613c
57605.564332,18.863,0.157,104,16,c,0,3.08,2.87006,35.973,3458.91,9862.7,3.92,3.81,-10.3,-0.406,19.76,21.91,02a57605o0636c
57609.499255,-19.053,0.16,-87,14,c,0,2.59,2.87006,35.973,6348.55,6808.35,3.91,3.58,-81.9,-0.431,19.73,21.89,02a57609o0514c
57609.509543,-20.968,1.833,-15,27,c,0,1.54,2.87006,35.973,6361.85,6846.19,3.93,3.59,-81.8,-0.431,19.06,21.13,02a57609o0533c
57609.531424,-20.138,0.541,-32,17,c,0,1.94,2.87006,35.973,6309.92,6768.76,3.89,3.55,-79.3,-0.432,19.5,21.62,02a57609o0573c
57609.545369,23.245,9.0,2,16,c,0,1.15,2.87006,35.973,4255.19,3593.12,4.02,3.59,-13.8,-0.419,19.43,21.56,02a57609o0597c
57609.559912,-21.46,2.222,-10,21,c,0,1.65,2.87006,35.973,6326.18,6828.97,3.93,3.56,-82.7,-0.429,19.18,21.25,02a57609o0621c
57613.486267,20.802,4.667,17,81,o,0,1.3,2.87006,35.973,4781.75,8154.17,3.73,3.49,-72.1,-0.465,17.56,19.4,02a57613o0493o
57617.481622,-19.122,0.571,-82,47,o,0,1.83,2.87006,35.973,6565.9,8444.04,3.87,3.43,-81.2,-0.475,18.53,20.07,02a57617o0496o
57617.497359,-18.445,0.293,-152,44,o,0,1.52,2.87006,35.973,6581.04,8483.52,3.87,3.38,-81.2,-0.489,18.55,20.09,02a57617o0525o
57617.510239,-19.818,1.047,-43,45,o,0,1.58,2.87006,35.973,6535.14,8408.53,3.84,3.33,-79.5,-0.49,18.57,20.11,02a57617o0549o
57617.522644,-19.406,0.689,-63,43,o,0,1.79,2.87006,35.973,6503.62,8517.13,3.86,3.43,-78.4,-0.476,18.57,20.11,02a57617o0571o
57617.535931,-19.716,0.833,-47,39,o,0,1.88,2.87006,35.973,6548.19,8461.52,3.75,3.33,-78.0,-0.498,18.6,20.14,02a57617o0595o
57621.501915,-18.141,0.327,-201,66,o,0,2.41,2.87006,35.973,5702.6,8856.54,3.65,2.74,-68.1,-0.51,18.18,19.52,02a57621o0485o
57621.513945,-18.728,0.461,-117,54,o,0,1.18,2.87006,35.973,4791.87,1552.57,3.55,3.17,0.9,-0.498,18.17,19.58,02a57621o0506o
57621.532727,23.615,41.5,1,54,o,0,1.32,2.87006,35.973,4853.03,1631.67,3.13,2.89,-8.5,-0.491,18.21,19.55,02a57621o0539o
57621.540103,-19.768,1.206,-45,54,o,0,1.28,2.87006,35.973,4869.56,1516.38,3.48,2.99,1.2,-0.505,18.16,19.49,02a57621o0552o
57621.55649,-20.937,3.526,-15,54,o,0,1.41,2.87006,35.973,4835.2,1572.66,4.08,3.14,1.4,-0.467,18.13,19.54,02a57621o0579o
57625.488542,18.112,0.103,207,21,c,0,4.56,2.87006,35.973,2900.88,7024.95,3.9,3.59,-53.7,-0.441,19.37,21.11,02a57625o0414c
57625.518314,18.341,0.144,167,24,c,0,1.55,2.87006,35.973,7571.63,3384.79,3.88,3.66,52.1,-0.438,19.38,21.11,02a57625o0465c
57625.528921,18.281,0.15,177,26,c,0,1.52,2.87006,35.973,7635.3,3465.69,3.9,3.66,63.4,-0.439,19.38,21.12,02a57625o0483c
57625.537631,18.559,0.18,137,25,c,0,1.8,2.87006,35.973,7647.02,3348.27,3.93,3.73,56.9,-0.44,19.37,21.11,02a57625o0498c
57625.548714,18.574,0.189,135,26,c,0,1.92,2.87006,35.973,7615.68,3409.01,3.95,3.73,58.0,-0.442,19.35,21.09,02a57625o0517c
57652.422253,-19.988,0.518,-37,19,o,0,3.51,2.87006,35.973,5201.95,7563.71,3.32,3.17,-38.8,-0.431,19.03,20.37,02a57652o0400o
57652.432646,-22.675,7.111,-3,22,o,0,0.82,2.87006,35.973,5312.81,2846.1,3.51,3.41,-70.2,-0.434,19.03,20.33,02a57652o0420o
57652.446133,-20.989,1.447,-15,21,o,0,1.09,2.87006,35.973,5373.42,2921.86,3.82,3.58,-5.5,-0.403,18.94,20.32,02a57652o0445o
57652.457028,-20.225,0.757,-30,22,o,0,1.1,2.87006,35.973,5391.33,2807.92,4.02,3.53,-2.4,-0.416,18.92,20.3,02a57652o0465o
57652.482143,-22.205,4.857,-5,23,o,0,0.86,2.87006,35.973,5361.52,2867.03,3.52,3.37,-75.6,-0.433,18.98,20.23,02a57652o0510o
57660.472424,-19.052,0.163,-87,14,c,0,0.82,2.87006,35.973,4158.1,3560.56,3.73,3.47,-76.5,-0.458,19.69,21.67,02a57660o0238c
57660.484916,-21.062,1.158,-14,16,c,0,0.89,2.87006,35.973,4174.51,3443.26,3.87,3.64,89.7,-0.4,19.69,21.7,02a57660o0263c
57660.492506,-22.745,5.5,-3,16,c,0,0.74,2.87006,35.973,4128.2,3503.16,3.88,3.66,89.1,-0.397,19.67,21.67,02a57660o0278c
57668.388629,22.109,3.0,5,16,c,0,0.67,2.87006,35.973,6267.38,1211.3,3.71,3.63,-75.2,-0.418,19.62,21.55,02a57668o0369c
57668.39853,-20.613,0.759,-21,16,c,0,0.91,2.87006,35.973,6250.76,1171.86,3.77,3.7,-44.9,-0.41,19.61,21.54,02a57668o0389c
57668.412149,22.781,5.125,3,14,c,0,1.06,2.87006,35.973,6296.8,1253.08,3.76,3.7,-74.6,-0.409,19.6,21.56,02a57668o0416c
57668.430145,-23.849,12.333,-1,13,c,0,1.27,2.87006,35.973,6327.94,1135.98,3.77,3.64,-73.0,-0.417,19.61,21.56,02a57668o0452c
57668.443714,-21.351,1.367,-10,14,c,0,0.97,2.87006,35.973,6284.59,1196.38,3.75,3.6,-74.1,-0.419,19.63,21.56,02a57668o0479c
57674.36053,20.228,1.363,29,40,o,0,1.54,2.87006,35.973,4815.32,8167.71,3.27,3.03,-8.3,-0.424,18.66,19.59,02a57674o0340o
57674.371994,-19.773,0.667,-45,30,o,0,1.28,2.87006,35.973,5700.14,2282.88,3.78,3.58,-30.4,-0.415,18.6,19.62,02a57674o0363o
57674.395809,21.23,3.125,12,36,o,0,1.0,2.87006,35.973,5700.18,2284.68,4.79,3.72,-4.0,-0.382,18.46,19.64,02a57674o0410o
57674.401948,24.761,82.0,0,37,o,0,0.78,2.87006,35.973,5698.56,2278.7,4.44,3.66,-5.1,-0.401,18.51,19.65,02a57674o0422o
57674.417783,-19.293,0.4,-70,28,o,0,1.37,2.87006,35.973,5701.26,2284.16,3.66,3.5,-76.1,-0.429,18.65,19.67,02a57674o0453o
57677.445481,-23.227,28.8,-2,54,o,0,1.17,2.87006,35.973,4970.67,3886.2,3.61,3.38,-73.4,-0.46,18.09,18.58,02a57677o0506o
57677.457115,-18.799,0.468,-110,51,o,0,1.38,2.87006,35.973,4957.43,3845.54,3.59,3.33,-68.7,-0.468,18.09,18.55,02a57677o0529o
57677.47836,19.404,0.903,63,57,o,0,0.91,2.87006,35.973,5023.82,3921.04,3.49,3.19,-65.0,-0.484,18.08,18.49,02a57677o0571o
57677.493323,19.304,0.895,69,62,o,0,0.94,2.87006,35.973,5027.51,3805.83,3.46,3.22,-63.6,-0.495,18.04,18.43,02a57677o0600o
57677.513645,19.177,0.756,78,59,o,0,1.08,2.87006,35.973,4979.22,3864.25,3.44,3.27,-64.0,-0.485,17.99,18.34,02a57677o0638o
57678.353685,-22.824,28.778,-3,78,o,0,1.21,2.87006,35.973,4311.72,8567.8,3.21,2.86,-14.5,-0.486,18.37,19.02,02a57678o0348o
57678.3641,-19.622,0.786,-51,40,o,0,1.03,2.87006,35.973,6187.28,1834.7,3.63,3.44,-66.8,-0.434,18.38,19.06,02a57678o0369o
57678.377331,-19.829,0.991,-42,42,o,0,1.11,2.87006,35.973,6231.33,1911.21,3.75,3.6,-31.2,-0.42,18.3,19.04,02a57678o0395o
57678.395503,-19.861,1.149,-41,47,o,0,1.01,2.87006,35.973,6261.93,1796.01,4.54,3.67,-4.0,-0.42,18.22,19.09,02a57678o0430o
57678.410472,19.117,0.522,82,43,o,0,0.89,2.87006,35.973,6219.61,1856.95,3.62,3.32,-69.5,-0.452,18.38,19.06,02a57678o0459o
57686.353473,-21.219,1.206,-12,14,c,0,1.02,2.87006,35.973,4631.39,3580.18,3.74,3.57,-87.9,-0.411,19.65,21.62,02a57686o0352c
57686.36187,20.319,0.584,27,16,c,0,0.67,2.87006,35.973,4599.53,3541.81,3.74,3.6,-86.6,-0.411,19.66,21.64,02a57686o0369c
57686.371091,23.086,6.833,2,14,c,0,1.08,2.87006,35.973,4661.59,3618.63,3.77,3.6,83.3,-0.403,19.65,21.64,02a57686o0387c
57686.378739,24.308,22.0,1,15,c,0,0.91,2.87006,35.973,4675.66,3497.84,3.73,3.55,-89.1,-0.407,19.66,21.62,02a57686o0402c
57686.393734,-23.829,13.333,-1,14,c,0,1.07,2.87006,35.973,4649.99,3561.38,3.84,3.61,-81.3,-0.401,19.64,21.63,02a57686o0431c
57690.34124,21.606,1.84,8,15,c,0,0.84,2.87006,35.973,5295.44,3946.2,3.96,3.79,-89.6,-0.371,19.57,21.5,02a57690o0314c
57690.353582,-23.206,6.667,-2,13,c,0,1.49,2.87006,35.973,5278.24,3905.95,3.85,3.69,-87.9,-0.379,19.62,21.52,02a57690o0338c
57690.365921,-20.574,0.638,-21,14,c,0,0.9,2.87006,35.973,5339.08,3983.81,3.82,3.65,-88.9,-0.376,19.65,21.57,02a57690o0362c
57690.383615,-19.223,0.182,-74,14,c,0,0.95,2.87006,35.973,5354.36,3873.14,3.84,3.67,-87.3,-0.376,19.66,21.6,02a57690o0396c
57690.399835,-21.026,0.977,-14,14,c,0,1.0,2.87006,35.973,5328.41,3929.79,3.9,3.77,-85.1,-0.375,19.65,21.64,02a57690o0427c
57694.408679,20.72,0.78,19,15,c,0,1.1,2.87006,35.973,4800.19,3381.54,3.81,3.63,-88.3,-0.388,19.62,21.46,02a57694o0417c
57694.413855,20.349,0.568,26,15,c,0,1.22,2.87006,35.973,4754.01,3441.43,3.85,3.71,88.7,-0.384,19.59,21.45,02a57694o0427c
57697.344237,-20.957,1.106,-15,17,c,0,0.99,2.87006,35.973,5694.46,10357.46,3.73,3.36,-6.4,-0.396,19.67,21.66,02a57697o0086c
57697.375562,21.067,1.024,14,14,c,0,1.18,2.87006,35.973,5678.94,10317.53,3.72,3.57,-6.7,-0.394,19.67,21.65,02a57697o0144c
57697.3772,19.81,0.39,43,17,c,0,0.9,2.87006,35.973,5726.17,10396.84,4.15,3.87,6.6,-0.408,19.62,21.67,02a57697o0147c
57697.396264,21.383,1.857,10,19,c,0,0.96,2.87006,35.973,5756.51,10277.53,4.02,3.87,23.4,-0.418,19.63,21.59,02a57697o0181c
57697.401191,-24.151,21.5,-1,17,c,0,0.89,2.87006,35.973,5709.11,10336.68,4.24,4.1,34.1,-0.407,19.55,21.6,02a57697o0190c
57698.338401,21.382,1.625,10,16,c,0,1.03,2.87006,35.973,5759.32,1637.28,3.79,3.64,-79.6,-0.403,19.57,21.36,02a57698o0312c
57698.347236,25.119,45.0,0,15,c,0,1.15,2.87006,35.973,5743.27,1597.46,3.85,3.7,-80.5,-0.395,19.58,21.41,02a57698o0329c
57698.356012,-21.445,1.467,-10,14,c,0,1.37,2.87006,35.973,5807.29,1674.15,3.82,3.65,-82.3,-0.399,19.62,21.48,02a57698o0346c
57698.36445,23.623,11.0,1,14,c,0,1.05,2.87006,35.973,5824.06,1558.89,3.8,3.68,-74.2,-0.399,19.67,21.57,02a57698o0362c
57698.378901,20.603,0.687,21,14,c,0,0.9,2.87006,35.973,5778.42,1614.7,3.83,3.68,-75.0,-0.402,19.71,21.67,02a57698o0390c
57702.316235,-22.41,6.538,-4,26,o,0,1.24,2.87006,35.973,5416.01,3831.07,3.38,3.23,-58.1,-0.468,18.83,19.8,02a57702o0267o
57702.328684,-19.729,0.604,-47,28,o,0,0.94,2.87006,35.973,5383.78,3790.76,3.47,3.32,-71.1,-0.447,18.81,19.8,02a57702o0291o
57702.341418,-20.789,1.607,-18,28,o,0,0.88,2.87006,35.973,5444.91,3868.15,3.47,3.32,-69.2,-0.451,18.82,19.81,02a57702o0315o
57702.353227,-21.394,2.5,-10,25,o,0,1.04,2.87006,35.973,5460.15,3750.71,3.5,3.34,-71.3,-0.438,18.84,19.86,02a57702o0338o
57702.37514,20.068,0.75,34,26,o,0,1.21,2.87006,35.973,5431.28,3808.04,3.47,3.3,-64.4,-0.454,18.87,19.94,02a57702o0380o
57705.328423,-22.14,9.857,-5,50,o,0,1.14,2.87006,35.973,7110.2,10390.28,3.78,3.58,5.8,-0.441,18.31,18.99,02a57705o0283o
57705.33935,-21.258,3.706,-11,42,o,0,1.32,2.87006,35.973,7077.87,10350.12,3.47,3.44,82.5,-0.487,18.38,19.0,02a57705o0303o
57705.361376,-19.125,0.625,-81,51,o,0,1.05,2.87006,35.973,7139.0,10429.78,3.64,3.57,-78.3,-0.457,18.31,18.92,02a57705o0341o
57705.364968,19.506,1.018,57,58,o,0,0.91,2.87006,35.973,7154.74,10312.28,3.58,3.44,-77.0,-0.474,18.32,18.92,02a57705o0347o
57705.384062,19.725,1.043,47,49,o,0,1.06,2.87006,35.973,7124.94,10370.03,3.53,3.4,-73.4,-0.484,18.32,18.89,02a57705o0380o
57706.317352,23.611,36.0,1,47,o,0,0.92,2.87006,35.973,5747.88,2006.2,3.59,3.4,-73.0,-0.448,18.34,18.88,02a57706o0267o
57706.329814,19.57,0.789,54,43,o,0,1.21,2.87006,35.973,5732.4,1966.17,3.6,3.39,-75.9,-0.443,18.35,18.89,02a57706o0291o
57706.341262,-20.504,2.06,-23,47,o,0,0.94,2.87006,35.973,5778.41,2043.19,3.71,3.51,-75.8,-0.433,18.31,18.88,02a57706o0313o
57706.353672,20.012,1.289,36,46,o,0,1.04,2.87006,35.973,5809.75,1925.8,3.88,3.76,-25.4,-0.407,18.23,18.87,02a57706o0337o
57706.359547,20.426,2.031,24,50,o,0,0.87,2.87006,35.973,5763.31,1987.86,3.93,3.77,-14.7,-0.407,18.22,18.84,02a57706o0348o
57710.312148,-20.014,0.64,-36,23,o,0,0.88,2.87006,35.973,3783.91,2293.69,4.1,3.99,-84.0,-0.378,18.99,20.49,02a57710o0238o
57710.319914,21.201,1.938,12,23,o,0,0.98,2.87006,35.973,3768.69,2254.02,3.9,3.78,-79.4,-0.41,18.99,20.38,02a57710o0253o
57710.329727,21.809,3.6,7,25,o,0,0.91,2.87006,35.973,3832.08,2330.71,3.73,3.6,-77.5,-0.412,19.01,20.28,02a57710o0272o
57710.338684,-21.157,1.686,-12,21,o,0,1.4,2.87006,35.973,3847.87,2215.69,3.79,3.68,-67.2,-0.415,18.96,20.22,02a57710o0289o
57710.353585,20.641,1.293,20,26,o,0,0.95,2.87006,35.973,3802.25,2272.06,3.75,3.59,-78.5,-0.422,18.94,20.15,02a57710o0318o
57713.316064,-18.795,1.153,-110,127,c,0,1.35,2.87006,35.973,4074.37,10491.13,4.29,4.11,29.9,-0.398,17.92,19.78,02a57713o0264c
57713.326678,-21.126,11.4,-13,147,c,0,0.94,2.87006,35.973,4057.92,10450.69,4.15,3.91,20.8,-0.391,17.33,19.2,02a57713o0284c
57713.346601,18.7,0.973,120,117,c,0,1.62,2.87006,35.973,4103.96,10529.02,3.55,3.15,-11.1,-0.429,18.64,20.49,02a57713o0321c
57713.349939,21.17,2.824,12,35,c,0,1.33,2.87006,35.973,4136.83,10410.56,3.7,3.45,-2.3,-0.4,18.65,20.49,02a57713o0327c
57713.367465,21.392,4.786,10,48,c,0,0.87,2.87006,35.973,4089.83,10469.36,4.56,4.43,34.8,-0.368,18.91,20.98,02a57713o0359c
57718.300674,-21.069,1.267,-14,17,c,0,0.93,2.87006,35.973,5622.44,1261.15,4.52,4.4,-76.8,-0.359,19.46,21.6,02a57718o0214c
57718.31309,-19.074,0.209,-85,18,c,0,0.99,2.87006,35.973,5606.97,1220.97,4.41,4.28,-74.5,-0.364,19.42,21.51,02a57718o0238c
57718.324035,-19.401,0.285,-63,18,c,0,0.85,2.87006,35.973,5668.85,1298.8,4.74,4.7,-45.7,-0.349,19.42,21.64,02a57718o0259c
57718.336925,-21.703,2.059,-8,16,c,0,1.13,2.87006,35.973,5685.14,1180.97,4.63,4.33,-5.8,-0.358,19.46,21.57,02a57718o0284c
57718.342827,20.695,0.841,19,16,c,0,1.04,2.87006,35.973,5638.26,1241.68,4.62,4.25,-2.7,-0.356,19.46,21.55,02a57718o0295c
57737.287475,-21.348,5.056,-10,53,o,0,0.98,2.87006,35.973,4932.58,10455.56,3.28,3.01,1.6,-0.49,18.66,19.57,02a57737o0198o
57737.296499,-22.395,10.357,-4,41,o,0,0.79,2.87006,35.973,4916.37,10415.8,3.38,3.04,-1.5,-0.454,18.67,19.58,02a57737o0212o
57737.305375,18.778,0.542,112,61,o,0,0.87,2.87006,35.973,4964.17,10493.82,3.39,3.05,-3.5,-0.437,18.67,19.58,02a57737o0227o
57737.311166,-20.158,1.225,-31,38,o,0,1.09,2.87006,35.973,4980.24,10376.27,3.38,3.02,-3.8,-0.452,18.68,19.57,02a57737o0238o
57737.326432,-20.097,1.259,-33,42,o,0,0.97,2.87006,35.973,4950.22,10433.63,3.44,3.15,0.0,-0.454,18.63,19.51,02a57737o0265o
57746.249356,-20.239,0.493,-29,14,c,0,1.13,2.87006,35.973,3757.68,1625.19,4.52,4.11,-0.4,-0.358,19.57,21.66,02a57746o0125c
57746.266378,-18.998,0.159,-91,14,c,0,0.81,2.87006,35.973,3742.87,1584.18,4.08,4.06,-61.5,-0.379,19.63,21.65,02a57746o0158c
57746.276114,-20.6,0.722,-21,15,c,0,0.99,2.87006,35.973,3806.75,1660.06,4.3,4.01,-1.3,-0.368,19.6,21.64,02a57746o0177c
57746.283502,20.188,0.5,30,15,c,0,1.1,2.87006,35.973,3823.88,1542.98,4.22,3.98,-3.2,-0.376,19.6,21.63,02a57746o0191c
57746.299459,-24.195,21.5,-1,16,c,0,0.92,2.87006,35.973,3778.46,1599.7,4.16,4.0,-89.0,-0.376,19.58,21.59,02a57746o0222c
57750.292202,19.544,1.704,55,94,c,0,0.93,2.87006,35.973,5929.36,3390.43,3.87,3.85,-76.6,-0.364,17.22,18.92,02a57750o0027c
57758.229108,21.852,2.8,7,18,c,0,1.28,2.87006,35.973,7392.22,4218.49,3.96,3.79,87.8,-0.358,19.14,20.6,02a57758o0073c
57758.238636,19.864,0.481,41,20,c,0,1.06,2.87006,35.973,7377.2,4178.34,3.9,3.68,86.2,-0.372,19.17,20.62,02a57758o0091c
57758.249308,20.726,1.13,19,21,c,0,0.95,2.87006,35.973,7441.61,4255.47,3.99,3.91,21.5,-0.359,19.11,20.61,02a57758o0112c
57758.263267,-21.542,2.333,-9,20,c,0,1.29,2.87006,35.973,7457.31,4138.07,4.09,3.98,19.6,-0.363,19.07,20.58,02a57758o0140c
57758.267963,-19.203,0.273,-76,21,c,0,1.06,2.87006,35.973,7427.71,4194.97,3.88,3.59,89.2,-0.379,19.14,20.56,02a57758o0149c
57762.198906,20.432,3.857,24,94,o,0,0.89,2.87006,35.973,7578.25,1740.56,3.82,3.48,-80.9,-0.431,17.68,17.69,02a57762o0027o
57762.199902,-19.291,1.269,-70,88,o,0,0.89,2.87006,35.973,7515.32,1662.67,3.89,3.53,-80.7,-0.425,17.8,17.93,02a57762o0029o
57762.200401,-21.627,10.0,-8,81,o,0,0.97,2.87006,35.973,7530.52,1702.08,3.9,3.58,-81.6,-0.42,17.84,18.03,02a57762o0030o
57762.209011,-19.863,0.941,-41,39,o,0,0.98,2.87006,35.973,7591.73,1625.15,3.82,3.42,-82.2,-0.439,18.52,19.4,02a57762o0047o
57762.226324,22.484,8.364,4,31,o,0,0.88,2.87006,35.973,7557.48,1681.61,3.71,3.35,-85.2,-0.455,18.71,19.72,02a57762o0081o
57765.255239,19.71,0.924,47,44,o,0,1.19,2.87006,35.973,4433.95,853.88,3.65,3.5,-48.2,-0.482,18.36,19.0,02a57765o0128o
57765.263354,20.832,5.157,17,87,o,0,0.9,2.87006,35.973,4195.07,10494.26,3.66,3.3,11.4,-0.422,18.31,18.98,02a57765o0143o
57765.266956,21.507,5.12,9,46,o,0,1.08,2.87006,35.973,4401.1,812.85,3.65,3.53,-51.7,-0.483,18.33,18.96,02a57765o0150o
57765.274965,-19.3,0.71,-69,49,o,0,0.98,2.87006,35.973,4464.39,891.03,3.71,3.59,-52.4,-0.471,18.31,18.92,02a57765o0166o
57765.283102,-20.945,3.293,-15,50,o,0,1.08,2.87006,35.973,4479.69,772.92,3.69,3.56,-50.5,-0.474,18.27,18.88,02a57765o0182o
57765.289258,22.724,17.375,3,51,o,0,1.03,2.87006,35.973,4448.57,831.22,3.66,3.57,-46.3,-0.47,18.25,18.84,02a57765o0194o
57766.201911,-21.289,6.429,-11,71,o,0,1.23,2.87006,35.973,5183.04,1759.08,4.07,3.79,-75.4,-0.419,17.8,18.07,02a57766o0003o
57766.210012,19.004,0.44,91,40,o,0,1.03,2.87006,35.973,5227.59,1797.66,4.02,3.85,-66.4,-0.426,18.49,19.45,02a57766o0019o
57766.211002,-20.134,1.037,-32,33,o,0,1.25,2.87006,35.973,5164.98,1719.85,3.97,3.77,-73.9,-0.442,18.53,19.5,02a57766o0021o
57766.216566,-21.653,4.429,-8,35,o,0,0.96,2.87006,35.973,5240.9,1677.5,3.87,3.55,-79.9,-0.47,18.59,19.58,02a57766o0032o
57766.228431,19.325,0.517,68,35,o,0,1.16,2.87006,35.973,5191.67,1734.76,3.87,3.57,-81.5,-0.473,18.57,19.51,02a57766o0055o
57774.226919,21.938,3.733,6,23,o,0,1.01,2.87006,35.973,5554.49,813.48,3.92,3.84,-81.3,-0.436,19.09,20.66,02a57774o0062o
57774.235334,20.604,1.13,21,24,o,0,1.12,2.87006,35.973,5539.67,773.27,4.12,4.09,-65.5,-0.428,19.03,20.63,02a57774o0079o
57774.244906,-22.158,4.667,-5,23,o,0,1.05,2.87006,35.973,5604.02,848.65,3.89,3.87,-75.3,-0.445,19.05,20.59,02a57774o0098o
57774.256353,20.778,1.432,18,25,o,0,1.25,2.87006,35.973,5619.74,730.83,4.28,4.2,-9.5,-0.412,18.97,20.59,02a57774o0120o
57774.268547,-20.491,1.0,-23,23,o,0,0.96,2.87006,35.973,5572.04,788.87,3.76,3.67,-27.4,-0.466,19.06,20.56,02a57774o0144o
57782.22213,-20.146,0.578,-32,18,c,0,1.04,2.87006,35.973,5124.12,2658.54,3.97,3.77,88.1,-0.37,19.36,21.06,02a57782o0045c
57782.229212,21.899,2.556,6,16,c,0,1.16,2.87006,35.973,5093.45,2617.49,3.95,3.76,-89.9,-0.374,19.51,21.34,02a57782o0059c
57782.237786,21.121,1.189,13,15,c,0,1.09,2.87006,35.973,5157.38,2693.15,3.93,3.74,-89.0,-0.376,19.51,21.34,02a57782o0076c
57782.247955,23.073,8.0,2,17,c,0,0.98,2.87006,35.973,5173.66,2576.87,3.94,3.78,-87.6,-0.378,19.48,21.31,02a57782o0096c
57782.259183,-20.33,0.613,-27,16,c,0,0.9,2.87006,35.973,5142.85,2635.05,3.91,3.74,-87.3,-0.38,19.45,21.27,02a57782o0118c
57790.211962,-18.668,0.769,-124,95,o,0,1.29,2.87006,35.973,4769.2,1021.31,3.82,3.73,-51.6,-0.441,17.57,17.63,02a57790o0036o
57790.212441,24.976,257.0,0,95,o,0,1.01,2.87006,35.973,4800.45,1060.82,3.74,3.63,-59.0,-0.449,17.67,17.75,02a57790o0037o
57790.227896,20.439,1.292,24,31,o,0,1.57,2.87006,35.973,4827.89,1099.51,3.7,3.62,-60.8,-0.452,18.64,19.59,02a57790o0069o
57790.230255,21.728,4.611,7,34,o,0,1.1,2.87006,35.973,4844.22,982.78,3.9,3.85,-59.4,-0.436,18.58,19.62,02a57790o0073o
57790.243752,18.764,1.081,113,122,o,0,0.86,2.87006,35.973,4810.37,1040.26,3.84,3.8,-41.4,-0.44,17.87,19.01,02a57790o0101o
57794.247248,18.443,0.848,152,129,o,0,0.96,2.87006,35.973,3903.75,6624.3,3.83,3.72,-48.4,-0.642,18.01,19.08,01a57794o0103o
57794.253064,19.657,2.403,50,120,o,0,1.31,2.87006,35.973,3919.27,6663.07,3.95,3.83,-62.9,-0.63,17.94,19.05,01a57794o0114o
57794.271689,20.602,7.96,21,166,o,0,1.0,2.87006,35.973,3857.49,6584.37,3.93,3.82,-44.8,-0.635,17.82,18.96,01a57794o0149o
57798.247977,18.956,0.48,95,46,o,0,1.3,2.87006,35.973,4274.22,8734.3,4.09,3.81,-34.0,-0.588,18.64,20.26,01a57798o0062o
57798.261602,-20.307,1.897,-27,52,o,0,0.96,2.87006,35.973,4290.51,8772.03,4.14,3.86,-39.7,-0.576,18.58,20.2,01a57798o0088o
57941.580199,-23.309,9.8,-2,17,o,0,1.35,2.87006,35.973,7245.38,4005.55,3.16,2.94,61.5,-0.433,19.04,20.09,01a57941o0669o
57941.590576,-22.596,4.45,-3,15,o,0,1.34,2.87006,35.973,7245.55,3927.52,3.04,2.9,67.0,-0.498,19.12,20.18,01a57941o0687o
57941.601283,-19.076,0.178,-85,15,o,0,1.2,2.87006,35.973,7319.49,3971.43,3.19,3.09,75.1,-0.431,19.16,20.3,01a57941o0706o
57941.611219,-21.077,1.082,-14,15,o,0,1.28,2.87006,35.973,7342.12,3840.56,3.22,3.09,78.3,-0.434,19.16,20.4,01a57941o0724o
57943.60608,17.236,3.638,463,1684,o,0,1.47,2.87006,35.973,5032.0,8260.54,2.23,2.03,12.7,-0.536,15.37,15.55,02a57943o0728o
57943.615106,-18.497,1.572,-145,228,o,0,1.19,2.87006,35.973,5043.99,8301.04,2.14,1.99,1.2,-0.565,17.59,17.77,02a57943o0745o
57943.62407,18.542,2.572,139,358,o,0,0.85,2.87006,35.973,4996.28,8224.17,2.17,2.03,9.7,-0.527,17.1,17.11,02a57943o0762o
57953.607907,-19.552,0.199,-55,11,o,0,1.19,2.87006,35.973,4925.66,8570.31,3.54,2.88,-84.0,-0.435,19.37,21.21,01a57953o0723o
57953.618008,-19.927,0.356,-39,14,o,0,0.87,2.87006,35.973,5083.18,1645.09,3.18,2.66,-89.3,-0.456,19.29,20.8,01a57953o0741o
57953.627668,-20.137,2.387,-32,76,o,0,1.2,2.87006,35.973,4875.43,8611.82,3.51,2.8,-82.3,-0.474,18.16,18.69,01a57953o0760o
57957.586218,-23.087,5.636,-2,12,o,0,1.02,2.87006,35.973,7371.18,2260.78,3.28,2.65,-89.5,-0.457,19.41,21.23,01a57957o0695o
57957.595181,-22.065,2.148,-5,12,o,0,0.97,2.87006,35.973,7350.49,2184.15,3.35,2.73,-86.5,-0.447,19.45,21.32,01a57957o0712o
57957.604905,22.263,2.571,4,12,o,0,1.31,2.87006,35.973,7417.85,2223.05,3.49,2.84,89.1,-0.432,19.42,21.29,01a57957o0730o
57957.613284,-22.418,3.263,-4,13,o,0,0.87,2.87006,35.973,7440.4,2074.73,3.38,2.8,-88.7,-0.458,19.4,21.3,01a57957o0747o
57959.593012,21.438,0.867,10,8,o,0,13.46,2.87006,35.973,6325.7,3512.04,2.39,2.06,-27.6,-0.46,19.75,21.44,02a57959o0680o
57959.604598,-21.196,0.99,-12,12,o,0,6.89,2.87006,35.973,6309.34,3473.84,2.4,2.19,-31.1,-0.464,19.71,21.47,02a57959o0698o
57959.617084,19.959,0.32,38,12,o,0,6.28,2.87006,35.973,6369.66,3548.15,2.62,2.15,-11.5,-0.462,19.59,21.23,02a57959o0717o
57959.629136,-19.116,0.511,-82,42,o,0,0.92,2.87006,35.973,6381.96,3429.88,2.58,2.36,-27.9,-0.459,18.3,18.84,02a57959o0735o
57963.578724,23.067,3.92,2,8,o,0,0.98,2.87006,35.973,6725.9,3841.56,1.95,1.91,63.4,-0.471,19.75,21.0,02a57963o0246o
57963.587583,21.064,0.586,14,8,o,0,1.45,2.87006,35.973,6709.76,3803.26,1.96,1.93,-84.4,-0.465,19.75,20.97,02a57963o0264o
57963.596275,20.602,0.352,21,7,o,0,1.62,2.87006,35.973,6772.28,3886.71,1.96,1.9,68.1,-0.466,19.75,20.97,02a57963o0281o
57963.605938,21.855,1.095,7,7,o,0,1.6,2.87006,35.973,6787.84,3761.89,2.0,1.94,-64.0,-0.457,19.73,20.98,02a57963o0299o
57965.560791,21.889,1.812,6,12,o,0,1.06,2.87006,35.973,6090.37,1040.54,3.07,3.03,-60.3,-0.423,19.44,21.21,01a57965o0638o
57965.570981,-22.199,2.414,-5,12,o,0,1.04,2.87006,35.973,3927.0,9320.17,2.84,2.62,-76.1,-0.46,19.45,21.17,01a57965o0656o
57965.579686,-22.002,2.029,-6,12,o,0,0.99,2.87006,35.973,3878.18,9274.81,2.84,2.69,-61.0,-0.456,19.47,21.2,01a57965o0672o
57965.589377,22.739,3.933,3,12,o,0,1.12,2.87006,35.973,6177.71,848.82,3.06,2.93,-3.3,-0.434,19.46,21.27,01a57965o0689o
57967.556302,-20.223,0.394,-30,12,o,0,0.95,2.87006,35.973,4841.12,8794.56,2.17,2.04,1.2,-0.483,19.53,20.93,02a57967o0628o
57967.566518,22.586,2.167,3,7,o,0,1.3,2.87006,35.973,5620.31,1602.9,2.08,1.96,55.4,-0.446,19.78,21.21,02a57967o0646o
57967.576039,-21.965,1.121,-6,7,o,0,1.48,2.87006,35.973,5679.78,1682.15,2.06,1.92,49.4,-0.448,19.8,21.24,02a57967o0663o
57967.586261,-19.165,0.109,-78,8,o,0,1.4,2.87006,35.973,4780.54,8867.41,2.18,2.03,6.7,-0.477,19.76,21.25,02a57967o0680o
57969.555908,0.0,21.108,0,13,o,0,1.13,2.87006,35.973,8065.41,1733.95,3.54,3.19,-88.0,-0.399,19.23,20.92,01a57969o0546o
57969.566134,-20.642,0.667,-20,13,o,0,1.0,2.87006,35.973,1954.08,8633.84,3.55,3.09,-5.1,-0.407,19.3,21.22,01a57969o0564o
57969.575654,-21.528,1.371,-9,12,o,0,1.08,2.87006,35.973,1890.5,8593.48,4.08,3.0,-2.0,-0.395,19.25,21.34,01a57969o0581o
57969.586097,23.006,5.333,2,12,o,0,0.88,2.87006,35.973,8148.76,1535.54,3.1,2.85,-72.2,-0.434,19.55,21.34,01a57969o0599o
57972.532972,-19.722,0.752,-47,35,o,0,1.4,2.87006,35.973,6205.59,9650.05,2.12,2.02,7.2,-0.503,18.43,18.66,02a57972o0590o
57972.542321,-21.711,4.314,-8,32,o,0,1.06,2.87006,35.973,6239.18,9689.9,2.12,2.02,13.8,-0.494,18.55,18.81,02a57972o0605o
57972.549797,-19.742,0.798,-46,37,o,0,1.07,2.87006,35.973,6177.81,9605.93,2.14,2.06,8.3,-0.48,18.48,18.7,02a57972o0620o
57972.557329,21.634,6.354,8,51,o,0,1.16,2.87006,35.973,6160.04,9723.76,2.18,2.05,6.3,-0.476,18.13,18.31,02a57972o0635o
57974.554086,20.866,1.286,16,21,o,0,1.23,2.87006,35.973,3288.86,7385.1,2.8,2.72,-49.1,-0.46,18.85,19.84,01a57974o0615o
57974.563434,-23.144,11.9,-2,24,o,0,0.86,2.87006,35.973,3302.7,7460.74,3.35,2.82,-3.2,-0.424,18.77,19.85,01a57974o0633o
57974.572244,-20.413,0.952,-25,24,o,0,1.22,2.87006,35.973,3254.98,7418.31,3.93,2.89,-2.6,-0.406,18.69,19.87,01a57974o0650o
57974.581613,19.535,0.391,56,22,o,0,1.05,2.87006,35.973,3224.22,7571.77,2.78,2.69,-31.3,-0.468,18.89,19.89,01a57974o0668o
57976.551767,-24.083,16.778,-1,14,o,0,1.32,2.87006,35.973,4578.15,1114.95,2.09,2.03,-72.4,-0.444,19.19,19.81,02a57976o0297o
57976.560418,-20.827,0.778,-17,13,o,0,1.45,2.87006,35.973,4563.28,1096.25,2.16,2.08,-65.9,-0.44,19.15,19.81,02a57976o0314o
57976.569102,-20.436,0.525,-24,13,o,0,1.16,2.87006,35.973,4626.35,1153.24,2.11,2.01,-59.6,-0.441,19.16,19.81,02a57976o0331o
57976.57777,-23.182,7.905,-2,15,o,0,1.1,2.87006,35.973,4641.01,1035.86,2.12,1.99,-69.7,-0.432,19.15,19.82,02a57976o0348o
57978.550709,-25.851,88.0,0,15,o,0,1.29,2.87006,35.973,2363.38,7757.66,2.83,2.59,-79.0,-0.484,19.21,20.52,01a57978o0586o
57978.559491,-22.52,3.905,-4,14,o,0,1.41,2.87006,35.973,2377.96,7831.75,2.9,2.63,-78.0,-0.468,19.13,20.51,01a57978o0603o
57978.568359,22.248,3.48,5,16,o,0,1.19,2.87006,35.973,2314.1,7789.18,3.03,2.74,-83.8,-0.457,19.13,20.49,01a57978o0620o
57978.577138,-22.51,4.591,-4,16,o,0,1.31,2.87006,35.973,2300.04,7940.14,2.82,2.57,-82.4,-0.474,19.2,20.49,01a57978o0637o
57980.526535,-20.721,0.584,-19,11,o,0,1.04,2.87006,35.973,4833.22,6401.03,2.45,2.12,-39.7,-0.416,19.6,20.82,02a57980o0580o
57980.535293,23.317,5.647,2,10,o,0,1.06,2.87006,35.973,5616.55,3993.81,2.3,1.92,-42.5,-0.46,19.68,20.78,02a57980o0597o
57980.544182,-20.168,0.364,-31,11,o,0,1.05,2.87006,35.973,4803.9,6361.77,2.4,2.13,-46.7,-0.417,19.65,20.79,02a57980o0614o
57980.554644,-22.355,2.216,-4,9,o,0,1.79,2.87006,35.973,4787.34,6477.01,2.43,2.14,-49.6,-0.414,19.6,20.77,02a57980o0631o
57982.531885,-19.394,0.146,-63,9,o,0,1.44,2.87006,35.973,5726.8,8358.54,2.84,2.65,-79.3,-0.458,19.5,21.2,01a57982o0579o
57982.544259,21.379,1.216,10,12,o,0,1.2,2.87006,35.973,5757.06,8446.09,3.22,2.92,-8.0,-0.423,19.36,21.19,01a57982o0603o
57982.553048,21.935,1.703,6,10,o,0,1.42,2.87006,35.973,5693.39,8404.22,2.83,2.66,-73.2,-0.457,19.51,21.23,01a57982o0620o
57982.561839,-22.177,2.379,-5,12,o,0,0.9,2.87006,35.973,5680.48,8556.04,2.87,2.68,-76.7,-0.454,19.52,21.28,01a57982o0637o
57988.514452,21.962,1.146,6,7,c,0,1.5,2.87006,35.973,7397.61,3614.76,2.58,2.46,-40.8,-0.406,19.81,21.67,02a57988o0572c
57988.521578,20.512,0.339,23,8,c,0,1.27,2.87006,35.973,7382.45,3577.16,2.59,2.48,-31.5,-0.404,19.83,21.67,02a57988o0586c
57988.531402,21.202,0.637,12,8,c,0,0.95,2.87006,35.973,7429.51,3657.15,2.49,2.41,-59.8,-0.41,19.83,21.64,02a57988o0606c
57988.540779,23.61,6.091,1,8,c,0,1.07,2.87006,35.973,7458.25,3542.38,2.51,2.41,-63.0,-0.411,19.86,21.64,02a57988o0624c
57990.52513,21.541,1.327,9,12,o,0,1.16,2.87006,35.973,4928.07,8481.33,2.96,2.81,-19.3,-0.433,19.39,21.16,01a57990o0547o
57990.526657,21.996,2.0,6,12,o,0,1.03,2.87006,35.973,4943.13,8526.12,2.93,2.77,-4.3,-0.435,19.41,21.13,01a57990o0550o
57990.533698,20.842,0.681,17,11,o,0,1.34,2.87006,35.973,4880.5,8477.28,3.03,2.84,-4.1,-0.426,19.36,21.11,01a57990o0564o
57990.545197,19.994,0.325,36,12,o,0,1.14,2.87006,35.973,4866.79,8640.0,3.0,2.87,-16.7,-0.429,19.34,21.03,01a57990o0587o
57991.546643,19.948,0.862,38,33,c,0,1.35,2.87006,35.973,5564.81,7913.93,2.6,2.53,-25.5,-0.409,18.34,19.99,02a57991o0464c
57991.557572,-21.515,0.915,-9,8,c,0,1.07,2.87006,35.973,5545.36,7872.52,2.57,2.47,-37.2,-0.414,19.84,21.74,02a57991o0483c
57991.57899,24.028,7.714,1,7,c,0,1.53,2.87006,35.973,5607.86,7950.67,2.56,2.47,-34.2,-0.416,19.84,21.76,02a57991o0520c
57991.582573,23.348,5.077,2,8,c,0,1.15,2.87006,35.973,5623.5,7833.76,2.56,2.47,-18.1,-0.422,19.85,21.77,02a57991o0527c
57993.526196,22.153,2.185,5,11,o,0,1.14,2.87006,35.973,4684.97,4933.06,3.01,2.76,90.0,-0.451,19.39,21.12,01a57993o0210o
57993.536276,22.492,3.421,4,12,o,0,0.99,2.87006,35.973,4718.42,5012.0,3.08,2.84,87.7,-0.441,19.35,21.08,01a57993o0228o
57993.537783,20.479,0.495,23,12,o,0,1.43,2.87006,35.973,4655.73,4941.23,3.23,2.98,-84.1,-0.431,19.32,21.09,01a57993o0231o
57993.555995,-20.225,0.4,-30,12,o,0,1.16,2.87006,35.973,4647.36,5130.98,3.03,2.74,87.4,-0.448,19.4,21.02,01a57993o0265o
57995.541892,22.702,2.793,3,8,o,0,1.59,2.87006,35.973,4902.93,7118.73,2.18,2.03,-43.2,-0.451,19.68,21.01,02a57995o0570o
57995.553906,-21.024,1.585,-14,22,o,0,1.99,2.87006,35.973,4870.14,7078.14,2.13,2.0,-33.8,-0.47,18.57,19.74,02a57995o0591o
57995.555419,-21.22,1.449,-12,17,o,0,1.04,2.87006,35.973,4932.56,7155.73,2.13,2.02,-27.6,-0.458,19.1,20.33,02a57995o0594o
57995.574539,-18.281,0.31,-177,55,o,0,1.02,2.87006,35.973,4947.1,7039.03,2.15,1.99,-35.5,-0.459,17.76,18.87,02a57995o0628o
57997.512605,24.217,14.5,1,11,o,0,1.34,2.87006,35.973,4709.31,2462.27,2.99,2.87,84.4,-0.444,19.37,20.98,01a57997o0550o
57997.532954,20.381,0.436,26,11,o,0,1.44,2.87006,35.973,4729.98,2583.4,3.06,2.9,87.2,-0.441,19.35,21.02,01a57997o0587o
57997.536575,-22.168,2.68,-5,13,o,0,0.76,2.87006,35.973,4683.68,2520.26,3.1,2.94,89.7,-0.435,19.34,21.01,01a57997o0594o
57997.55326,20.168,0.381,31,12,o,0,1.09,2.87006,35.973,4679.33,2703.8,3.1,2.98,84.0,-0.436,19.33,21.02,01a57997o0624o
57999.530788,-21.776,2.0,-7,14,o,0,1.01,2.87006,35.973,5672.84,9003.96,2.15,1.98,2.6,-0.48,19.33,20.19,02a57999o0555o
57999.540852,-21.805,12.733,-7,88,o,0,1.41,2.87006,35.973,5702.54,9044.37,2.19,1.99,3.6,-0.521,18.41,19.05,02a57999o0573o
57999.552567,24.09,17.5,1,15,o,0,0.92,2.87006,35.973,5732.2,9082.53,2.16,1.97,-0.7,-0.492,19.42,20.5,02a57999o0592o
57999.55547,21.355,1.469,10,15,o,0,1.01,2.87006,35.973,5747.9,8965.8,2.15,1.98,5.1,-0.488,19.27,20.23,02a57999o0598o
58001.491662,-23.323,17.0,-2,29,o,0,1.11,2.87006,35.973,4103.76,4997.34,3.84,3.53,-81.6,-0.396,18.32,19.47,01a58001o0202o
58001.493198,19.046,0.573,87,50,o,0,0.9,2.87006,35.973,4134.81,5041.87,4.34,4.2,-60.5,-0.398,17.8,19.12,01a58001o0205o
58001.503124,21.941,4.273,6,26,o,0,0.92,2.87006,35.973,4074.04,5004.41,3.73,3.53,88.4,-0.405,18.44,19.57,01a58001o0224o
58001.5041,-23.025,12.714,-2,28,o,0,0.98,2.87006,35.973,4059.06,5124.63,4.07,3.75,-86.3,-0.394,18.38,19.58,01a58001o0226o
58003.483598,-20.849,1.75,-17,29,o,0,1.15,2.87006,35.973,6217.15,5400.78,3.15,3.01,-73.0,-0.373,18.2,19.02,02a58003o0475o
58003.502649,-23.596,14.467,-1,19,o,0,1.29,2.87006,35.973,6202.31,5365.23,2.08,1.87,-36.9,-0.458,18.74,19.02,02a58003o0512o
58003.511301,-21.47,2.564,-9,24,o,0,1.04,2.87006,35.973,6246.32,5444.06,2.2,2.02,-38.5,-0.448,18.69,18.99,02a58003o0529o
58003.514495,-19.296,1.59,-69,110,o,0,0.9,2.87006,35.973,6281.37,5330.12,2.19,2.01,-38.1,-0.463,16.96,16.98,02a58003o0536o
58005.485081,22.23,4.571,5,21,o,0,1.29,2.87006,35.973,4418.12,2922.83,3.28,3.16,72.0,-0.422,18.61,19.8,01a58005o0205o
58005.495548,-21.004,1.533,-14,22,o,0,1.29,2.87006,35.973,4435.16,3003.74,3.5,3.19,75.3,-0.418,18.61,19.77,01a58005o0226o
58005.496953,20.543,1.07,22,24,o,0,1.17,2.87006,35.973,4371.85,2932.18,3.23,3.15,77.3,-0.431,18.68,19.77,01a58005o0229o
58005.513696,20.163,0.815,31,26,o,0,0.71,2.87006,35.973,4363.32,3116.51,3.17,3.02,-86.7,-0.427,18.69,19.67,01a58005o0262o
58007.506665,20.663,0.68,20,13,o,0,0.82,2.87006,35.973,6973.76,8842.96,2.1,2.06,-10.5,-0.479,19.39,20.26,02a58007o0520o
58007.517812,-21.716,1.616,-8,12,o,0,1.34,2.87006,35.973,6939.44,8802.32,2.12,2.04,-12.5,-0.478,19.43,20.23,02a58007o0540o
58007.519209,-24.579,31.2,0,17,o,0,0.81,2.87006,35.973,7002.63,8881.46,2.17,2.12,35.5,-0.476,19.38,20.23,02a58007o0543o
58007.519681,-20.965,0.75,-15,11,o,0,1.6,2.87006,35.973,7018.23,8764.68,2.12,2.1,22.4,-0.481,19.43,20.23,02a58007o0544o
58009.464182,-20.864,0.714,-16,12,o,0,1.21,2.87006,35.973,3131.55,2901.6,3.1,2.9,-89.4,-0.438,19.37,21.08,01a58009o0384o
58009.47339,-24.509,20.667,-1,12,o,0,1.18,2.87006,35.973,3145.58,2977.48,3.09,2.84,89.2,-0.438,19.37,21.1,01a58009o0403o
58009.492085,-19.738,0.261,-46,12,o,0,1.05,2.87006,35.973,3102.41,2974.86,3.06,2.88,86.2,-0.438,19.38,21.07,01a58009o0440o
58009.49486,-19.609,0.238,-52,12,o,0,1.07,2.87006,35.973,3086.79,3102.02,3.06,2.91,81.1,-0.439,19.37,21.07,01a58009o0446o
58013.457889,-20.021,0.338,-36,12,o,0,1.21,2.87006,35.973,6538.57,4809.04,2.91,2.82,-83.5,-0.449,19.49,21.16,01a58013o0498o
58013.467491,21.426,1.222,10,12,o,0,1.3,2.87006,35.973,6554.42,4846.82,2.9,2.85,-89.4,-0.452,19.5,21.12,01a58013o0518o
58013.468432,-21.158,0.886,-12,11,o,0,1.06,2.87006,35.973,6506.16,4770.51,2.86,2.82,-39.2,-0.458,19.44,21.16,01a58013o0520o
58013.485556,22.286,2.75,4,12,o,0,0.9,2.87006,35.973,6477.48,4885.39,2.93,2.86,-53.3,-0.447,19.43,21.06,01a58013o0554o
58019.465042,-22.35,2.061,-4,9,c,0,1.21,2.87006,35.973,5676.21,8617.87,2.53,2.46,10.4,-0.438,19.82,21.62,02a58019o0498c
58019.474709,21.383,0.769,10,8,c,0,1.34,2.87006,35.973,5720.42,8656.38,2.56,2.52,-6.9,-0.427,19.79,21.6,02a58019o0517c
58019.475623,-20.649,0.338,-20,7,c,0,1.42,2.87006,35.973,5658.42,8578.25,2.61,2.47,0.8,-0.43,19.79,21.6,02a58019o0519c
58019.478616,21.084,0.585,13,8,c,0,1.28,2.87006,35.973,5736.32,8539.74,2.52,2.47,-0.6,-0.437,19.81,21.61,02a58019o0525c
58021.439716,-22.952,4.417,-2,11,o,0,1.3,2.87006,35.973,4616.65,2660.63,3.29,2.84,84.7,-0.427,19.38,21.22,01a58021o0441o
58021.450135,20.789,0.761,18,13,o,0,0.79,2.87006,35.973,4633.09,2741.51,3.24,2.86,89.8,-0.432,19.4,21.23,01a58021o0461o
58021.469203,20.912,0.808,16,13,o,0,0.76,2.87006,35.973,4590.03,2740.86,3.32,2.82,-87.1,-0.43,19.45,21.36,01a58021o0498o
58021.472005,23.67,8.833,1,11,o,0,1.26,2.87006,35.973,4575.66,2868.69,3.28,2.92,87.2,-0.427,19.4,21.34,01a58021o0504o
58023.474032,-22.007,1.918,-6,11,o,0,0.91,2.87006,35.973,5270.82,8404.05,2.35,2.23,-50.4,-0.437,19.6,20.87,02a58023o0386o
58023.475402,-24.567,22.75,0,12,o,0,1.55,2.87006,35.973,5318.11,8481.31,2.26,2.17,-45.4,-0.44,19.42,20.58,02a58023o0389o
58023.491842,-21.211,0.786,-12,9,o,0,1.0,2.87006,35.973,5347.06,8364.28,2.21,2.12,-29.2,-0.45,19.67,20.84,02a58023o0421o
58025.445805,-23.755,13.0,-1,15,o,0,1.1,2.87006,35.973,4238.52,2248.28,3.71,3.64,81.8,-0.409,19.11,20.91,01a58025o0496o
58025.456856,-23.24,7.0,-2,13,o,0,1.07,2.87006,35.973,4257.34,2332.18,3.34,3.25,83.0,-0.414,19.28,21.07,01a58025o0517o
58025.458296,20.473,0.526,24,12,o,0,1.18,2.87006,35.973,4194.3,2260.28,3.43,3.34,81.7,-0.412,19.25,21.08,01a58025o0520o
58025.474918,21.054,1.156,14,16,o,0,0.81,2.87006,35.973,4188.13,2443.42,3.86,3.76,79.8,-0.402,19.12,21.05,01a58025o0553o
58027.439908,-21.848,1.803,-7,12,o,0,1.27,2.87006,35.973,7386.75,7375.63,2.12,2.08,-54.3,-0.473,19.41,20.24,02a58027o0278o
58027.450261,21.739,1.606,7,12,o,0,1.19,2.87006,35.973,7369.97,7333.45,2.13,2.11,-22.7,-0.475,19.36,20.24,02a58027o0298o
58027.469749,-21.662,1.494,-8,12,o,0,1.2,2.87006,35.973,7415.48,7411.06,2.14,2.09,33.9,-0.465,19.41,20.26,02a58027o0335o
58027.472694,-21.57,1.432,-9,12,o,0,1.02,2.87006,35.973,7446.64,7296.15,2.06,2.05,88.7,-0.473,19.41,20.25,02a58027o0341o
58029.452787,-21.701,2.923,-8,22,o,0,1.11,2.87006,35.973,4643.66,4677.53,3.11,2.87,-89.4,-0.429,18.69,19.61,01a58029o0239o
58029.461923,21.628,2.522,8,20,o,0,1.25,2.87006,35.973,4665.07,4753.3,2.88,2.75,82.0,-0.453,18.77,19.61,01a58029o0258o
58029.480465,19.762,0.53,45,24,o,0,1.02,2.87006,35.973,4616.05,4748.75,3.07,2.82,84.6,-0.442,18.7,19.58,01a58029o0295o
58029.483792,19.627,0.469,51,24,o,0,0.93,2.87006,35.973,4603.59,4878.68,3.03,2.81,85.8,-0.454,18.71,19.57,01a58029o0302o
58035.429979,15.362,0.813,2602,2116,o,0,1.45,2.87006,35.973,4238.37,6874.54,2.48,2.08,-41.7,-0.63,14.31,14.11,02a58035o0444o
58045.395968,-21.03,0.957,-14,13,o,0,0.92,2.87006,35.973,4293.21,2305.22,3.14,3.0,83.7,-0.426,19.32,20.97,01a58045o0424o
58045.406024,-21.375,1.208,-10,12,o,0,1.16,2.87006,35.973,4328.04,2385.06,3.0,2.93,63.3,-0.442,19.34,20.92,01a58045o0444o
58045.407482,20.74,0.779,18,14,o,0,0.81,2.87006,35.973,4265.55,2313.19,3.19,3.1,77.2,-0.422,19.28,20.91,01a58045o0447o
58045.426095,-21.698,1.621,-8,12,o,0,1.39,2.87006,35.973,4261.33,2502.61,3.51,3.47,47.7,-0.416,19.19,21.03,01a58045o0481o
58049.414101,24.166,17.0,1,13,o,0,1.5,2.87006,35.973,5852.13,5094.31,3.13,2.87,82.5,-0.425,19.18,20.57,01a58049o0216o
58049.423169,-21.197,1.197,-12,14,o,0,1.22,2.87006,35.973,5827.74,5092.24,3.1,2.89,-89.7,-0.435,19.23,20.66,01a58049o0235o
58049.424084,-22.027,2.714,-6,15,o,0,0.88,2.87006,35.973,5875.8,5172.55,3.15,2.9,85.7,-0.433,19.21,20.68,01a58049o0237o
58049.425945,22.372,3.684,4,15,o,0,0.93,2.87006,35.973,5814.56,5219.36,3.27,3.02,86.2,-0.428,19.18,20.67,01a58049o0241o
58053.386648,-20.87,0.897,-16,15,o,0,1.15,2.87006,35.973,5509.43,3635.37,3.19,3.01,-83.8,-0.428,19.13,20.53,01a58053o0345o
58053.387106,-20.181,0.439,-31,14,o,0,1.44,2.87006,35.973,5525.7,3675.8,3.18,3.0,84.5,-0.43,19.12,20.54,01a58053o0346o
58053.406513,-21.203,1.237,-12,15,o,0,0.92,2.87006,35.973,5475.13,3676.3,3.15,2.94,-89.3,-0.433,19.2,20.74,01a58053o0383o
58053.409833,24.459,25.333,1,15,o,0,0.78,2.87006,35.973,5462.22,3806.44,3.07,2.95,82.1,-0.435,19.3,20.76,01a58053o0390o
58055.381293,20.786,0.608,18,11,o,0,1.32,2.87006,35.973,7142.34,5444.29,2.09,1.94,-48.3,-0.442,19.5,20.36,02a58055o0405o
58055.3923,-21.387,1.189,-10,12,o,0,0.65,2.87006,35.973,7125.75,5403.44,2.11,1.92,-41.7,-0.445,19.52,20.38,02a58055o0426o
58055.393668,-21.883,1.271,-6,8,o,0,2.01,2.87006,35.973,7189.04,5481.87,2.12,1.92,-52.1,-0.445,19.52,20.38,02a58055o0429o
58055.411527,-21.891,1.829,-6,12,o,0,0.89,2.87006,35.973,7203.32,5364.28,2.09,1.92,-46.3,-0.452,19.5,20.35,02a58055o0463o
58057.397484,22.292,5.111,4,22,o,0,1.07,2.87006,35.973,4504.08,3087.24,3.4,3.29,17.7,-0.426,18.81,19.95,01a58057o0051o
58057.410835,21.618,2.833,8,23,o,0,0.99,2.87006,35.973,4532.43,3178.51,3.59,3.55,28.2,-0.405,18.72,19.94,01a58057o0078o
58057.412697,-22.749,8.4,-3,24,o,0,0.84,2.87006,35.973,4471.4,3108.14,3.71,3.65,55.5,-0.394,18.66,19.94,01a58057o0082o
58057.429283,-21.055,1.459,-14,20,o,0,1.15,2.87006,35.973,4475.28,3286.76,3.23,3.21,-35.1,-0.422,18.76,19.87,01a58057o0116o
58059.375907,-19.884,0.929,-40,38,o,0,1.0,2.87006,35.973,6282.78,7967.46,2.08,1.94,-41.3,-0.498,18.75,18.85,02a58059o0249o
58059.393757,19.586,0.749,53,40,o,0,1.63,2.87006,35.973,6331.2,8006.41,2.15,2.03,-30.0,-0.482,18.68,18.79,02a58059o0285o
58059.394703,-24.446,68.5,-1,41,o,0,1.25,2.87006,35.973,6269.04,7928.5,2.14,2.03,-26.0,-0.48,18.71,18.8,02a58059o0287o
58059.397336,-22.293,5.468,-4,24,o,0,1.01,2.87006,35.973,6347.9,7890.05,2.08,1.93,-27.8,-0.479,18.72,18.78,02a58059o0292o
58061.364792,-20.999,1.744,-14,25,o,0,1.4,2.87006,35.973,2334.14,3230.42,2.76,2.71,54.9,-0.475,18.49,19.08,01a58061o0379o
58061.374213,-22.348,7.75,-4,32,o,0,0.8,2.87006,35.973,2354.88,3308.08,2.82,2.73,70.1,-0.468,18.41,19.06,01a58061o0398o
58061.375227,-19.452,0.471,-60,28,o,0,1.4,2.87006,35.973,2307.4,3234.12,2.83,2.75,57.0,-0.458,18.44,19.06,01a58061o0400o
58061.392186,21.07,2.237,14,30,o,0,1.04,2.87006,35.973,2292.01,3415.49,2.77,2.69,39.1,-0.479,18.42,18.89,01a58061o0434o
58063.38651,21.553,2.345,9,20,o,0,1.06,2.87006,35.973,4934.89,8683.36,2.2,1.99,-25.1,-0.445,19.11,19.7,02a58063o0370o
58063.391396,-20.903,1.216,-16,19,o,0,1.23,2.87006,35.973,4920.02,8644.1,2.23,2.08,-37.1,-0.45,19.13,19.7,02a58063o0379o
58063.410007,-19.211,0.281,-75,21,o,0,1.04,2.87006,35.973,4983.76,8720.5,2.24,2.11,-33.6,-0.452,19.04,19.61,02a58063o0415o
58063.412965,-19.539,0.357,-56,20,o,0,1.18,2.87006,35.973,5000.28,8602.94,2.26,2.1,-36.5,-0.452,19.08,19.6,02a58063o0421o
58065.364231,19.022,3.476,89,311,o,0,0.87,2.87006,35.973,4315.1,4442.82,3.05,3.01,-8.0,-0.441,16.08,16.65,01a58065o0375o
58065.36469,-19.037,4.308,-88,380,o,0,0.94,2.87006,35.973,4331.37,4483.31,3.06,3.0,3.5,-0.426,15.82,16.35,01a58065o0376o
58065.365605,-18.854,2.574,-104,268,o,0,1.24,2.87006,35.973,4268.5,4410.14,3.12,3.07,13.8,-0.432,15.91,16.39,01a58065o0378o
58065.383021,18.12,0.755,205,155,o,0,1.18,2.87006,35.973,4266.89,4593.48,3.09,3.06,7.5,-0.442,16.9,17.6,01a58065o0410o
58067.358654,-23.374,9.727,-2,16,o,0,1.15,2.87006,35.973,5396.33,6627.12,2.06,1.98,-31.4,-0.478,19.07,20.1,02a58067o0361o
58067.368064,22.244,7.444,5,34,o,0,0.89,2.87006,35.973,5381.42,6588.14,2.05,2.02,-26.4,-0.465,18.44,19.45,02a58067o0378o
58067.371115,20.329,0.82,27,22,o,0,1.01,2.87006,35.973,5444.16,6665.04,2.09,2.06,-22.6,-0.478,18.74,19.83,02a58067o0383o
58067.388134,24.242,23.8,1,17,o,0,1.32,2.87006,35.973,5459.94,6547.89,2.08,2.02,-29.3,-0.481,19.18,20.36,02a58067o0417o
58071.362539,23.733,8.25,1,10,c,0,1.38,2.87006,35.973,4317.11,8957.77,2.72,2.31,14.4,-0.459,19.71,21.59,02a58071o0279c
58071.381232,-22.599,2.72,-3,9,c,0,1.43,2.87006,35.973,4349.68,8993.83,2.57,2.2,17.5,-0.466,19.77,21.6,02a58071o0316c
58071.38217,21.851,1.353,7,9,c,0,1.15,2.87006,35.973,4287.06,8916.14,2.55,2.2,12.9,-0.47,19.8,21.61,02a58071o0318c
58071.383994,21.863,1.5,6,10,c,0,1.12,2.87006,35.973,4365.95,8876.25,2.58,2.21,14.9,-0.465,19.77,21.6,02a58071o0322c
58073.339797,21.447,1.388,10,13,o,0,0.95,2.87006,35.973,3971.23,2663.85,3.36,2.69,87.0,-0.431,19.36,21.19,01a58073o0331o
58073.349358,20.858,0.712,16,12,o,0,1.1,2.87006,35.973,3993.88,2741.59,3.42,2.79,88.7,-0.427,19.33,21.18,01a58073o0349o
58073.358637,21.963,2.1,6,12,o,0,1.13,2.87006,35.973,3936.65,2701.16,3.42,2.68,87.3,-0.43,19.34,21.18,01a58073o0367o
58073.363476,20.858,0.711,16,12,o,0,1.42,2.87006,35.973,3925.8,2837.74,3.4,2.7,88.2,-0.429,19.32,21.14,01a58073o0377o
58075.362864,24.441,12.0,1,7,c,0,1.73,2.87006,35.973,4321.54,7902.95,2.43,2.19,16.7,-0.464,19.77,21.61,02a58075o0291c
58075.36332,-22.266,1.811,-4,8,c,0,1.05,2.87006,35.973,4306.05,7864.12,2.45,2.17,18.4,-0.466,19.78,21.61,02a58075o0292c
58075.364233,22.837,3.318,3,9,c,0,1.02,2.87006,35.973,4368.69,7941.71,2.45,2.18,16.2,-0.464,19.8,21.61,02a58075o0294c
58075.382185,22.491,2.4,4,9,c,0,1.23,2.87006,35.973,4385.71,7823.57,2.44,2.2,17.5,-0.461,19.8,21.61,02a58075o0328c
58077.333497,-22.479,3.45,-4,13,o,0,1.06,2.87006,35.973,3575.21,3967.13,3.11,2.66,88.9,-0.452,19.34,20.89,01a58077o0312o
58077.342896,-22.18,2.423,-5,12,o,0,1.35,2.87006,35.973,3598.52,4043.2,3.17,2.67,87.5,-0.447,19.32,20.96,01a58077o0330o
58077.351883,-23.907,11.6,-1,12,o,0,1.34,2.87006,35.973,3558.86,4000.51,3.24,2.78,86.3,-0.435,19.35,21.01,01a58077o0347o
58077.36033,21.653,1.7,8,14,o,0,1.19,2.87006,35.973,3536.29,4149.19,3.21,2.77,87.1,-0.442,19.3,21.0,01a58077o0364o
58079.361049,-21.842,1.259,-7,8,c,0,0.92,2.87006,35.973,4010.24,6449.6,2.47,2.29,24.6,-0.464,19.75,21.68,02a58079o0362c
58079.370088,22.152,1.571,5,8,c,0,1.25,2.87006,35.973,3995.66,6410.38,2.42,2.23,25.5,-0.462,19.78,21.63,02a58079o0380c
58079.37274,-21.4,0.683,-10,7,c,0,1.8,2.87006,35.973,4042.86,6487.06,2.45,2.29,39.9,-0.467,19.76,21.62,02a58079o0385c
58079.388434,22.265,1.73,4,8,c,0,1.21,2.87006,35.973,4076.79,6369.55,2.44,2.27,25.5,-0.464,19.78,21.57,02a58079o0418c
58081.328095,-23.433,8.75,-2,14,o,0,1.12,2.87006,35.973,2192.97,3417.46,3.13,2.8,80.0,-0.445,19.31,20.95,01a58081o0315o
58081.336765,22.346,2.955,4,12,o,0,1.18,2.87006,35.973,2216.21,3490.8,3.07,2.81,82.2,-0.449,19.36,20.96,01a58081o0332o
58081.34559,-24.953,32.0,0,12,o,0,1.3,2.87006,35.973,2176.01,3446.2,3.07,2.79,79.7,-0.448,19.39,21.0,01a58081o0349o
58081.349308,-22.839,4.714,-3,12,o,0,1.03,2.87006,35.973,2148.73,3577.39,3.1,2.78,80.1,-0.445,19.37,21.02,01a58081o0356o
58093.321416,16.642,0.687,800,550,o,0,1.25,2.87006,35.973,3540.25,4496.45,3.59,3.14,80.3,-0.418,15.64,16.13,01a58093o0292o
58093.322332,-18.387,0.831,-160,133,o,0,0.91,2.87006,35.973,3604.53,4577.64,3.51,3.12,87.4,-0.419,16.73,17.31,01a58093o0294o
58093.33232,18.886,1.287,101,130,o,0,1.1,2.87006,35.973,3538.83,4653.09,3.6,3.28,-89.0,-0.433,16.73,17.32,01a58093o0311o
58095.341721,-19.137,8.75,-80,703,o,0,0.23,2.87006,35.973,6835.86,6586.62,3.75,3.06,60.1,-0.717,15.82,17.57,02a58095o0261o
58097.30843,-22.85,5.0,-3,13,o,0,0.69,2.87006,35.973,2932.75,4831.51,3.19,2.89,82.0,-0.439,19.43,21.31,01a58097o0226o
58097.316574,-22.992,5.833,-2,14,o,0,0.71,2.87006,35.973,2958.25,4900.84,3.08,2.81,84.4,-0.45,19.4,21.21,01a58097o0243o
58097.324967,20.859,0.729,16,12,o,0,1.16,2.87006,35.973,2904.82,4853.64,3.13,2.78,82.9,-0.45,19.36,21.18,01a58097o0260o
58097.333928,21.421,1.245,10,12,o,0,1.11,2.87006,35.973,2902.31,5001.6,3.18,2.84,83.1,-0.441,19.35,21.0,01a58097o0277o
58099.298348,-21.798,1.701,-7,12,o,0,1.13,2.87006,35.973,6847.59,7058.63,2.11,1.94,27.4,-0.506,19.47,20.64,02a58099o0251o
58099.307135,-22.084,2.3,-5,12,o,0,1.04,2.87006,35.973,6831.26,7018.82,2.14,1.96,28.8,-0.502,19.48,20.65,02a58099o0269o
58099.315787,20.723,0.722,19,14,o,0,0.94,2.87006,35.973,6877.61,7096.23,2.29,2.1,26.2,-0.506,19.37,20.59,02a58099o0286o
58099.32563,20.075,0.353,34,12,o,0,0.78,2.87006,35.973,6909.75,6979.78,2.17,2.03,36.6,-0.505,19.42,20.62,02a58099o0304o
58101.288962,-20.433,0.439,-24,11,o,0,1.21,2.87006,35.973,3963.65,5230.8,3.23,2.78,86.1,-0.437,19.37,21.15,01a58101o0237o
58101.297288,-20.717,0.659,-19,12,o,0,1.14,2.87006,35.973,3988.88,5301.33,3.41,2.95,85.8,-0.428,19.29,21.17,01a58101o0254o
58101.305736,21.936,1.8,6,11,o,0,1.39,2.87006,35.973,3950.79,5255.31,3.27,2.81,87.9,-0.436,19.32,21.13,01a58101o0271o
58101.314874,25.591,53.0,0,11,o,0,1.29,2.87006,35.973,3947.44,5404.51,3.35,2.86,88.6,-0.429,19.34,21.17,01a58101o0288o
58105.279722,23.315,6.444,2,11,o,0,1.05,2.87006,35.973,5574.07,1967.26,3.14,2.77,89.4,-0.438,19.48,21.4,01a58105o0210o
58105.287571,-21.667,1.333,-8,10,o,0,1.22,2.87006,35.973,5598.86,2035.96,3.12,2.71,87.8,-0.445,19.45,21.36,01a58105o0226o
58105.296039,-21.338,1.096,-11,12,o,0,1.17,2.87006,35.973,5561.4,1990.65,3.28,2.85,86.3,-0.427,19.41,21.29,01a58105o0243o
58105.305045,21.186,0.969,12,12,o,0,0.83,2.87006,35.973,5558.05,2139.61,3.16,2.69,80.7,-0.44,19.41,21.19,01a58105o0260o
58111.326144,-21.428,1.163,-10,11,o,0,1.1,2.87006,35.973,3768.38,8162.01,2.12,1.99,-24.4,-0.464,19.48,20.48,02a58111o0017o
58111.3349,-22.106,2.51,-5,13,o,0,1.01,2.87006,35.973,3752.27,8121.5,2.12,1.99,-10.6,-0.488,19.48,20.48,02a58111o0035o
58111.345643,-21.534,1.314,-9,12,o,0,1.33,2.87006,35.973,3813.09,8198.7,2.11,1.96,-1.6,-0.503,19.48,20.48,02a58111o0057o
58111.357777,21.128,0.992,13,13,o,0,0.85,2.87006,35.973,3827.79,8083.07,2.16,1.99,1.5,-0.498,19.42,20.42,02a58111o0082o
58113.279447,19.617,0.455,52,24,o,0,1.02,2.87006,35.973,4856.96,3451.96,4.8,4.55,74.0,-0.383,18.65,20.47,01a58113o0147o
58113.286121,20.438,0.889,24,22,o,0,0.92,2.87006,35.973,4897.51,3515.35,4.48,4.21,83.8,-0.356,18.7,20.46,01a58113o0160o
58113.293774,20.864,1.13,16,18,o,0,1.08,2.87006,35.973,4844.44,3465.81,4.09,3.55,-87.6,-0.379,18.86,20.43,01a58113o0175o
58113.302404,19.67,0.439,49,22,o,0,1.12,2.87006,35.973,4843.31,3611.76,4.48,4.02,78.8,-0.36,18.67,20.34,01a58113o0192o
58114.280473,-19.41,0.978,-62,61,o,0,1.31,2.87006,35.973,5483.36,4722.9,3.22,2.85,89.4,-0.445,17.58,18.25,01a58114o0211o
58114.288371,22.089,3.625,5,19,o,0,1.57,2.87006,35.973,5511.84,4789.39,3.36,2.94,-89.8,-0.422,18.74,19.83,01a58114o0228o
58114.296762,19.996,0.65,36,24,o,0,1.31,2.87006,35.973,5463.78,4742.91,3.22,2.91,-87.7,-0.43,18.47,19.35,01a58114o0246o
58114.305741,-21.431,2.295,-10,22,o,0,1.19,2.87006,35.973,5464.8,4889.18,3.25,2.92,-86.6,-0.429,18.64,19.69,01a58114o0265o
58117.274726,19.793,0.528,44,23,o,0,0.95,2.87006,35.973,5629.1,4996.01,3.08,2.94,-88.9,-0.442,18.71,19.69,01a58117o0113o
58117.28041,-20.201,0.745,-30,22,o,0,1.08,2.87006,35.973,5652.42,5054.8,3.2,2.94,89.1,-0.435,18.68,19.67,01a58117o0125o
58117.287439,-22.574,6.875,-3,23,o,0,1.05,2.87006,35.973,5600.05,5002.53,3.29,2.91,-89.8,-0.433,18.66,19.63,01a58117o0139o
58117.295994,-19.737,0.511,-46,24,o,0,1.14,2.87006,35.973,5598.95,5147.45,3.26,2.93,88.0,-0.432,18.63,19.57,01a58117o0156o
58118.264651,20.004,0.621,36,22,o,0,0.96,2.87006,35.973,2300.34,4397.1,2.9,2.67,84.9,-0.473,18.79,19.66,01a58118o0171o
58118.274376,20.815,1.348,17,23,o,0,1.25,2.87006,35.973,2345.68,4471.19,3.0,2.76,82.7,-0.464,18.75,19.62,01a58118o0192o
58118.283667,-22.706,8.133,-3,24,o,0,0.95,2.87006,35.973,2297.22,4425.95,3.14,2.85,83.3,-0.455,18.64,19.58,01a58118o0212o
58118.293,21.066,1.949,14,26,o,0,0.76,2.87006,35.973,2298.33,4573.84,2.87,2.6,85.8,-0.489,18.74,19.55,01a58118o0232o
58119.293152,-19.518,0.388,-57,22,o,0,0.98,2.87006,35.973,5029.83,7027.9,2.05,1.98,-12.0,-0.493,18.74,19.14,02a58119o0224o
58119.298519,-19.649,0.452,-50,23,o,0,0.98,2.87006,35.973,5014.99,6988.74,2.09,1.98,-24.2,-0.486,18.71,19.12,02a58119o0235o
58119.306064,24.206,32.571,1,25,o,0,1.19,2.87006,35.973,5061.59,7065.74,2.19,2.03,-28.0,-0.484,18.65,19.09,02a58119o0250o
58119.314705,20.103,0.642,33,21,o,0,1.82,2.87006,35.973,5093.51,6950.03,2.13,2.03,-16.2,-0.489,18.63,19.05,02a58119o0267o
58120.240522,-21.788,5.527,-7,39,o,0,0.77,2.87006,35.973,6820.99,7933.71,2.39,2.26,38.2,-0.501,18.69,19.27,02a58120o0023o
58120.248974,22.062,5.167,5,28,o,0,1.26,2.87006,35.973,6804.86,7874.11,2.92,2.77,48.1,-0.44,18.46,19.25,02a58120o0041o
58120.256924,-22.212,8.59,-5,41,o,0,1.23,2.87006,35.973,6866.13,7970.35,2.33,2.2,34.8,-0.491,18.69,19.22,02a58120o0058o
58120.265338,19.622,0.465,51,24,o,0,1.25,2.87006,35.973,6880.68,7853.04,2.45,2.32,44.1,-0.476,18.62,19.19,02a58120o0076o
58121.302601,13.959,0.495,9469,4689,o,0,1.16,2.87006,35.973,5057.31,3799.2,20.57,11.2,0.0,-0.136,14.28,14.48,01a58121o0241o
58121.307421,16.648,0.757,796,603,o,0,0.96,2.87006,35.973,5084.33,3850.97,2.97,2.76,83.4,-0.479,14.98,15.1,01a58121o0251o
58121.313116,19.729,2.758,47,128,o,0,1.29,2.87006,35.973,5028.62,3791.83,3.13,2.92,85.3,-0.425,16.67,17.4,01a58121o0262o
58121.320362,21.41,2.822,10,28,o,0,1.01,2.87006,35.973,5028.66,3928.03,3.23,2.97,88.8,-0.421,18.35,19.17,01a58121o0276o
58123.285992,21.18,1.0,12,12,o,0,1.18,2.87006,35.973,5298.59,6524.52,2.23,2.17,-10.1,-0.472,19.42,20.56,02a58123o0206o
58123.292284,-21.759,1.328,-7,10,o,0,1.64,2.87006,35.973,5280.48,6485.39,2.2,2.13,4.6,-0.47,19.4,20.49,02a58123o0219o
58123.297171,-20.934,0.851,-15,13,o,0,1.0,2.87006,35.973,5342.36,6561.44,2.1,2.06,8.9,-0.477,19.35,20.34,02a58123o0229o
58123.304335,20.635,0.709,20,14,o,0,0.86,2.87006,35.973,5359.48,6445.28,2.02,1.98,0.9,-0.493,19.25,20.07,02a58123o0243o
58124.238853,21.012,0.6,14,9,o,0,1.05,2.87006,35.973,7375.44,6467.2,2.05,2.01,57.6,-0.506,19.61,20.99,02a58124o0036o
58124.250871,21.527,0.946,9,8,o,0,1.89,2.87006,35.973,7357.6,6428.06,2.01,1.96,48.8,-0.496,19.65,20.98,02a58124o0061o
58124.262235,-22.005,1.577,-6,9,o,0,1.21,2.87006,35.973,7415.45,6505.27,2.18,2.07,18.3,-0.492,19.59,20.94,02a58124o0085o
58124.272042,-21.458,1.167,-10,11,o,0,0.93,2.87006,35.973,7432.21,6389.44,2.2,2.11,32.8,-0.485,19.54,20.87,02a58124o0106o
58125.273793,20.984,0.869,15,13,o,0,1.02,2.87006,35.973,3838.19,4448.92,2.87,2.64,84.4,-0.473,19.3,20.84,01a58125o0183o
58125.281546,20.344,0.463,26,12,o,0,1.15,2.87006,35.973,3869.92,4513.24,2.94,2.61,87.5,-0.469,19.27,20.82,01a58125o0199o
58125.288019,21.692,1.786,8,14,o,0,1.13,2.87006,35.973,3835.27,4455.96,2.97,2.66,86.3,-0.464,19.27,20.79,01a58125o0212o
58125.293821,21.265,1.129,11,13,o,0,1.26,2.87006,35.973,3814.73,4589.83,2.94,2.68,86.1,-0.468,19.28,20.78,01a58125o0224o
58126.232439,20.796,0.635,17,11,o,0,1.28,2.87006,35.973,4193.02,3016.06,2.76,2.66,84.4,-0.471,19.37,21.0,01a58126o0085o
58126.244128,21.488,1.192,9,11,o,0,1.32,2.87006,35.973,4225.57,3098.69,2.89,2.72,79.6,-0.46,19.36,21.0,01a58126o0110o
58126.25561,23.328,6.778,2,12,o,0,0.98,2.87006,35.973,4180.65,3062.29,2.99,2.81,-89.7,-0.446,19.32,20.98,01a58126o0134o
58126.265877,21.126,1.123,13,14,o,0,0.87,2.87006,35.973,4181.28,3214.0,3.07,2.9,82.9,-0.438,19.23,20.9,01a58126o0156o
58127.264809,21.602,1.372,8,11,o,0,0.77,2.87006,35.973,5114.42,7166.95,2.14,2.08,-12.0,-0.482,19.58,20.87,02a58127o0165o
58127.27125,-23.554,7.615,-1,10,o,0,1.03,2.87006,35.973,5097.0,7128.86,2.16,2.08,-15.2,-0.471,19.55,20.88,02a58127o0178o
58127.276661,20.605,0.526,21,11,o,0,1.14,2.87006,35.973,5141.99,7205.03,2.16,2.07,-16.5,-0.487,19.58,20.84,02a58127o0189o
58127.282059,21.948,1.483,6,9,o,0,1.32,2.87006,35.973,5172.73,7089.12,2.1,2.04,-23.4,-0.486,19.6,20.82,02a58127o0200o
58129.265699,20.966,0.887,15,13,o,0,0.83,2.87006,35.973,4105.55,3778.26,3.14,2.92,85.2,-0.446,19.3,21.0,01a58129o0067o
58129.274199,20.212,0.681,30,20,o,0,0.96,2.87006,35.973,4139.42,3843.98,3.28,2.92,-89.5,-0.443,18.72,20.43,01a58129o0085o
58129.281802,22.565,3.643,3,12,o,0,1.13,2.87006,35.973,4107.42,3791.24,3.47,3.03,87.7,-0.431,19.17,20.96,01a58129o0101o
58129.287448,-20.318,0.46,-27,12,o,0,1.22,2.87006,35.973,4087.88,3924.92,3.35,2.84,86.6,-0.439,19.2,20.98,01a58129o0113o
58130.239456,-20.876,0.944,-16,15,o,0,1.04,2.87006,35.973,2645.56,1633.91,3.32,3.1,2.3,-0.423,19.2,20.78,01a58130o0026o
58130.250695,-21.543,1.538,-9,14,o,0,1.08,2.87006,35.973,2600.83,1594.44,3.22,3.16,59.5,-0.429,19.16,20.81,01a58130o0050o
58130.262892,20.295,0.508,28,14,o,0,1.35,2.87006,35.973,2607.98,1753.08,3.25,3.22,59.5,-0.435,19.15,20.79,01a58130o0076o
58131.27216,-20.859,0.679,-16,11,o,0,0.86,2.87006,35.973,5453.92,8233.08,2.29,2.21,-36.7,-0.446,19.53,20.84,02a58131o0016o
58131.279916,-20.599,0.508,-21,11,o,0,1.48,2.87006,35.973,5437.33,8194.68,2.26,2.2,-4.7,-0.458,19.51,20.75,02a58131o0032o
58131.287278,-24.332,16.5,-1,11,o,0,1.27,2.87006,35.973,5482.45,8273.32,2.19,2.11,5.9,-0.475,19.5,20.69,02a58131o0047o
58131.29287,21.084,0.984,13,13,o,0,0.78,2.87006,35.973,5512.6,8157.21,2.16,2.04,6.3,-0.494,19.48,20.66,02a58131o0058o
58132.26738,21.35,0.78,10,8,o,0,1.53,2.87006,35.973,4926.12,5227.1,2.05,1.98,42.6,-0.461,19.55,20.87,02a58132o0152o
58132.27792,22.178,2.023,5,10,o,0,1.31,2.87006,35.973,4909.03,5185.6,2.24,2.15,42.9,-0.454,19.5,20.84,02a58132o0173o
58132.288077,-19.993,0.239,-36,9,o,0,1.24,2.87006,35.973,4969.99,5263.9,2.03,1.95,41.5,-0.46,19.54,20.81,02a58132o0194o
58132.298518,21.492,1.295,9,12,o,0,0.66,2.87006,35.973,4984.28,5149.99,2.13,2.06,44.7,-0.454,19.47,20.73,02a58132o0215o
58133.262114,-20.613,0.642,-21,13,o,0,0.98,2.87006,35.973,3251.34,3644.76,3.08,2.79,77.3,-0.45,19.23,20.9,01a58133o0152o
58133.269389,-19.965,0.335,-38,13,o,0,1.02,2.87006,35.973,3282.59,3706.23,3.02,2.75,80.3,-0.457,19.26,20.84,01a58133o0167o
58133.276947,-19.715,0.239,-47,11,o,0,1.67,2.87006,35.973,3251.4,3651.33,3.15,2.8,87.4,-0.453,19.21,20.88,01a58133o0183o
58133.28264,21.405,1.333,10,13,o,0,1.14,2.87006,35.973,3231.36,3784.08,3.08,2.77,84.8,-0.458,19.22,20.85,01a58133o0195o
58134.205742,-20.529,1.313,-22,29,o,0,1.42,2.87006,35.973,4498.65,2278.59,2.72,2.66,80.2,-0.495,18.22,18.63,01a58134o0032o
58134.210997,20.346,0.683,26,18,o,0,1.09,2.87006,35.973,4536.44,2337.45,2.72,2.63,49.7,-0.48,18.97,19.98,01a58134o0043o
58134.22127,-20.663,0.6,-20,12,o,0,0.96,2.87006,35.973,4486.18,2297.34,2.72,2.63,19.9,-0.485,19.38,20.95,01a58134o0065o
58134.23115,21.063,0.79,14,11,o,0,1.18,2.87006,35.973,4486.86,2449.23,2.76,2.68,70.7,-0.472,19.39,20.97,01a58134o0086o
58135.268349,23.172,5.308,2,10,c,0,1.03,2.87006,35.973,5524.52,7665.06,2.67,2.5,15.2,-0.468,19.62,21.47,02a58135o0157c
58135.278354,-21.028,0.717,-14,10,c,0,0.99,2.87006,35.973,5507.95,7626.99,2.7,2.53,14.0,-0.461,19.59,21.48,02a58135o0178c
58135.288283,21.694,1.413,8,11,c,0,1.14,2.87006,35.973,5553.53,7705.86,2.8,2.62,5.9,-0.461,19.56,21.44,02a58135o0199c
58135.298244,-20.601,0.513,-21,11,c,0,1.05,2.87006,35.973,5568.04,7591.44,2.9,2.71,16.2,-0.449,19.45,21.34,02a58135o0220c
58137.271088,-21.976,2.267,-6,13,o,0,1.17,2.87006,35.973,5691.11,2126.06,3.13,2.77,88.0,-0.446,19.25,20.96,01a58137o0168o
58137.277315,20.398,0.493,25,12,o,0,1.06,2.87006,35.973,5720.67,2182.07,3.01,2.66,85.5,-0.46,19.29,20.92,01a58137o0181o
58137.282715,21.753,1.892,7,14,o,0,0.8,2.87006,35.973,5684.75,2118.99,3.11,2.75,88.7,-0.447,19.2,20.88,01a58137o0192o
58137.287488,-22.493,3.667,-4,13,o,0,1.16,2.87006,35.973,5660.73,2251.09,3.18,2.82,87.3,-0.437,19.16,20.8,01a58137o0202o
58138.20939,20.111,0.754,33,25,o,0,0.95,2.87006,35.973,5587.53,2188.4,2.81,2.74,-82.1,-0.471,18.71,19.49,01a58138o0034o
58138.213658,-24.408,25.0,-1,16,o,0,1.17,2.87006,35.973,5609.52,2242.97,3.1,3.07,-81.0,-0.433,19.04,20.31,01a58138o0043o
58138.226212,21.975,2.152,6,13,o,0,1.35,2.87006,35.973,5581.53,2209.18,2.86,2.76,88.8,-0.456,19.29,20.78,01a58138o0070o
58138.23647,-22.618,3.824,-3,12,o,0,1.07,2.87006,35.973,5582.32,2361.87,3.03,2.83,-88.7,-0.441,19.25,20.78,01a58138o0092o
58141.271868,20.639,2.102,20,42,o,0,1.04,2.87006,35.973,4175.41,5057.49,3.89,3.35,-89.3,-0.415,17.99,19.18,01a58141o0164o
58141.278951,20.742,1.221,18,22,o,0,1.06,2.87006,35.973,4207.9,5113.61,3.64,3.04,88.3,-0.418,18.67,20.03,01a58141o0179o
58143.278576,-20.918,1.422,-16,22,o,0,1.29,2.87006,35.973,6902.37,7875.85,2.27,2.11,14.1,-0.51,18.74,19.62,02a58143o0171o
58143.287188,22.132,9.345,5,48,o,0,1.91,2.87006,35.973,6884.74,7838.92,2.18,2.06,6.0,-0.537,18.16,18.76,02a58143o0188o
58143.293876,-19.147,0.621,-80,50,o,0,2.21,2.87006,35.973,6946.75,7922.13,2.21,2.03,13.2,-0.535,17.84,18.46,02a58143o0201o
58143.299875,-20.462,0.738,-24,18,o,0,1.43,2.87006,35.973,6962.68,7803.71,2.24,2.06,0.8,-0.502,18.94,19.75,02a58143o0213o
58144.227374,19.184,0.732,77,56,o,0,1.34,2.87006,35.973,4149.66,8794.35,2.46,2.35,-26.8,-0.47,18.35,19.22,02a58144o0017o
58144.23721,-18.907,1.359,-99,135,o,0,1.35,2.87006,35.973,4194.49,8872.45,2.4,2.28,5.6,-0.485,16.92,17.51,02a58144o0038o
58144.247004,21.078,5.791,14,78,o,0,1.24,2.87006,35.973,4207.4,8756.81,2.47,2.34,6.7,-0.499,17.94,18.66,02a58144o0059o
58147.291843,21.054,1.869,14,26,o,0,1.52,2.87006,35.973,6947.43,7558.66,2.33,2.13,19.5,-0.495,18.43,19.03,02a58147o0199o
58147.298464,20.115,0.889,33,29,o,0,1.84,2.87006,35.973,6929.9,7521.94,2.37,2.14,11.9,-0.497,18.33,18.93,02a58147o0212o
58147.304706,20.28,1.538,28,43,o,0,0.72,2.87006,35.973,6975.72,7603.28,2.46,2.18,16.2,-0.489,18.28,18.84,02a58147o0224o
58147.309742,20.731,2.149,18,40,o,0,1.21,2.87006,35.973,7007.52,7486.17,2.54,2.25,14.1,-0.483,18.18,18.77,02a58147o0234o
58148.21404,-20.216,1.294,-30,38,o,0,1.18,2.87006,35.973,5037.21,6208.52,2.1,2.03,-41.8,-0.476,18.26,18.48,02a58148o0035o
58148.224756,-19.159,0.299,-79,24,o,0,0.83,2.87006,35.973,5022.59,6171.65,2.05,1.99,35.2,-0.484,18.7,19.19,02a58148o0058o
58148.228638,-18.923,0.21,-98,20,o,0,1.31,2.87006,35.973,5067.45,6248.9,2.0,1.98,17.8,-0.486,18.73,19.19,02a58148o0066o
58148.23751,-20.188,0.73,-30,22,o,0,1.23,2.87006,35.973,5099.21,6130.35,2.02,1.91,36.6,-0.504,18.7,19.15,02a58148o0085o
58149.264212,-24.082,79.333,-1,67,o,0,1.19,2.87006,35.973,2561.86,5414.07,3.98,3.18,88.4,-0.415,17.88,18.75,01a58149o0137o
58149.271143,19.84,1.644,42,69,o,0,1.28,2.87006,35.973,2610.39,5468.57,4.02,3.21,-89.6,-0.41,17.84,18.67,01a58149o0151o
58149.277541,-18.604,0.543,-131,71,o,0,1.37,2.87006,35.973,2562.29,5404.3,4.02,3.19,87.9,-0.41,17.77,18.59,01a58149o0164o
58149.284712,18.802,0.763,109,84,o,0,1.47,2.87006,35.973,2563.76,5536.76,4.09,3.26,85.6,-0.406,17.75,18.5,01a58149o0178o
58150.210099,19.333,0.892,67,60,o,0,1.04,2.87006,35.973,4057.87,2080.97,2.92,2.84,66.6,-0.474,17.62,17.99,01a58150o0020o
58150.212861,21.14,3.029,13,38,o,0,1.0,2.87006,35.973,4078.76,2129.81,2.9,2.76,71.1,-0.468,18.15,18.66,01a58150o0026o
58150.217957,21.046,1.861,14,26,o,0,0.97,2.87006,35.973,4023.9,2068.32,2.98,2.83,67.4,-0.454,18.49,19.35,01a58150o0037o
58150.225422,20.763,1.337,18,24,o,0,1.38,2.87006,35.973,4022.49,2208.3,3.03,2.82,72.5,-0.453,18.49,19.36,01a58150o0053o
58152.225635,-22.287,2.732,-4,12,o,0,1.18,2.87006,35.973,4553.77,5445.37,2.11,2.06,57.5,-0.475,19.38,20.51,02a58152o0036o
58152.226091,20.974,0.735,15,11,o,0,1.11,2.87006,35.973,4538.34,5406.59,1.99,1.95,48.1,-0.474,19.46,20.52,02a58152o0037o
58152.237912,-21.474,1.169,-9,11,o,0,1.33,2.87006,35.973,4586.21,5476.38,2.13,1.97,42.2,-0.482,19.43,20.6,02a58152o0062o
58152.247793,-25.051,32.0,0,11,o,0,1.2,2.87006,35.973,4615.92,5360.7,2.25,2.02,39.0,-0.488,19.33,20.57,02a58152o0083o
58153.276465,-21.904,2.909,-6,18,o,0,1.1,2.87006,35.973,6067.13,3923.52,3.88,3.23,-88.8,-0.381,18.78,20.41,01a58153o0143o
58153.282759,20.212,0.656,30,20,o,0,1.03,2.87006,35.973,6098.65,3972.71,4.07,3.43,-88.8,-0.353,18.74,20.38,01a58153o0156o
58154.238714,22.059,3.091,6,17,o,0,0.98,2.87006,35.973,4157.58,4329.01,3.08,2.95,76.0,-0.449,19.04,20.65,01a58154o0021o
58154.247727,20.335,0.512,27,14,o,0,1.14,2.87006,35.973,4147.26,4468.11,3.06,2.84,81.5,-0.459,19.21,20.81,01a58154o0040o
58158.216857,-21.225,4.062,-12,48,o,0,1.62,2.87006,35.973,5883.33,5465.62,3.75,2.89,-88.2,-0.418,18.12,18.86,01a58158o0035o
58167.217092,-22.383,20.96,-4,85,c,0,0.88,2.87006,35.973,6251.88,5921.17,2.64,2.62,10.6,-0.467,17.36,18.34,02a58167o0021c
58167.220819,20.934,2.176,15,33,c,0,1.7,2.87006,35.973,6236.67,5882.34,2.83,2.78,51.1,-0.418,18.14,19.31,02a58167o0029c
58167.226839,20.578,0.77,21,16,c,0,0.89,2.87006,35.973,6298.94,5962.66,2.62,2.54,31.3,-0.434,19.06,20.42,02a58167o0042c
58167.23519,21.166,1.448,12,18,c,0,0.7,2.87006,35.973,6312.7,5849.04,3.06,2.93,30.2,-0.416,19.13,20.78,02a58167o0060c
58170.216408,20.014,2.102,36,75,o,0,1.19,2.87006,35.973,5349.96,3676.9,3.26,2.9,-88.1,-0.41,17.26,17.64,01a58170o0028o
58170.216865,20.42,2.701,25,67,o,0,1.31,2.87006,35.973,5335.56,3639.09,3.24,2.82,87.7,-0.43,17.35,17.77,01a58170o0029o
58170.225273,19.182,0.327,77,25,o,0,1.19,2.87006,35.973,5310.43,3618.18,3.47,3.05,89.1,-0.408,18.4,19.58,01a58170o0047o
58170.231886,20.949,1.316,15,20,o,0,1.21,2.87006,35.973,5312.65,3745.41,3.68,3.18,85.4,-0.385,18.56,19.91,01a58170o0061o
58265.622692,21.283,16.327,11,182,o,0,0.78,2.87006,35.973,6094.78,6622.19,3.23,2.76,-79.8,-0.478,17.59,18.14,01a58265o0738o
58321.632377,-18.393,0.546,-160,87,o,0,1.21,2.87006,35.973,4658.51,2392.15,3.28,3.13,-3.9,-0.459,17.09,17.64,01a58321o0788o
58327.579187,21.564,21.852,9,188,o,0,1.01,2.87006,35.973,3386.05,1927.92,2.12,2.03,38.5,-0.474,15.97,16.47,02a58327o0672o
58327.589584,-19.116,0.832,-82,68,o,0,0.97,2.87006,35.973,3426.14,1962.86,2.1,2.05,67.8,-0.44,17.03,17.52,02a58327o0690o
58329.62154,-19.92,1.549,-39,60,o,0,1.18,2.87006,35.973,5703.37,4733.52,3.01,2.92,-78.0,-0.436,17.53,18.21,01a58329o0773o
58333.614007,20.786,1.712,18,30,o,0,0.65,2.87006,35.973,5873.37,1643.18,2.92,2.79,-14.1,-0.461,18.43,19.58,01a58333o0588o
58333.627684,-21.2,1.967,-12,24,o,0,1.02,2.87006,35.973,5890.85,1680.65,2.92,2.87,-5.6,-0.458,18.57,19.55,01a58333o0608o
58335.625072,21.68,1.607,8,12,c,0,1.52,2.87006,35.973,6608.76,8791.52,2.63,2.56,-21.2,-0.424,19.28,20.61,02a58335o0803c
58335.636044,-19.606,2.368,-52,124,c,0,1.97,2.87006,35.973,6591.47,8753.53,2.75,2.64,-21.2,-0.51,17.37,18.34,02a58335o0825c
58337.612003,21.995,2.097,6,12,o,0,1.26,2.87006,35.973,4941.94,2946.51,2.91,2.72,-4.7,-0.462,19.32,20.97,01a58337o0739o
58337.622725,-21.526,1.765,-9,16,o,0,0.8,2.87006,35.973,4974.3,2981.98,2.76,2.63,-12.5,-0.483,19.23,20.62,01a58337o0761o
58337.636329,20.074,3.5,34,119,o,0,1.02,2.87006,35.973,4911.29,2903.32,2.85,2.75,-8.8,-0.484,16.95,17.37,01a58337o0787o
58339.616979,-21.262,2.909,-11,33,c,0,1.67,2.87006,35.973,6028.14,8512.83,2.63,2.53,-33.2,-0.425,18.24,19.94,02a58339o0803c
58339.617894,-19.413,0.55,-62,34,c,0,1.24,2.87006,35.973,6013.03,8473.88,2.59,2.51,-34.2,-0.428,18.21,19.88,02a58339o0805c
58339.639014,18.055,5.352,218,1166,c,0,0.97,2.87006,35.973,6055.44,8552.61,2.72,2.57,-32.4,-0.511,15.24,16.07,02a58339o0845c
58341.592873,-19.248,0.118,-73,9,o,0,1.51,2.87006,35.973,6170.19,2567.68,3.04,2.93,-81.2,-0.445,19.5,21.55,01a58341o0734o
58341.594444,-19.522,0.164,-56,9,o,0,1.09,2.87006,35.973,6202.01,2606.02,3.08,2.8,-80.4,-0.446,19.51,21.55,01a58341o0737o
58341.611826,21.857,1.472,7,10,o,0,1.24,2.87006,35.973,6139.79,2526.91,2.96,2.78,-80.0,-0.452,19.54,21.63,01a58341o0767o
58341.626699,20.591,0.644,21,14,o,0,1.31,2.87006,35.973,6125.8,2643.1,3.1,2.96,-81.3,-0.448,19.2,20.73,01a58341o0789o
58343.607962,-22.195,1.588,-5,8,c,0,1.32,2.87006,35.973,6911.49,6020.7,2.66,2.59,-76.9,-0.41,19.81,22.08,02a58343o0398c
58343.608877,21.98,1.268,6,7,c,0,1.06,2.87006,35.973,6880.59,5981.29,2.67,2.59,-72.0,-0.41,19.8,22.08,02a58343o0400c
58343.628353,24.795,22.0,0,10,c,0,1.33,2.87006,35.973,6937.48,6059.26,2.7,2.62,-57.4,-0.41,19.41,21.0,02a58343o0435c
58343.633611,-21.521,2.533,-9,23,c,0,0.96,2.87006,35.973,6953.4,5942.82,2.71,2.66,-70.5,-0.408,18.62,19.77,02a58343o0446c
58351.575697,23.037,4.167,2,9,o,0,1.04,2.87006,35.973,3799.8,7017.34,2.46,2.21,-49.5,-0.432,19.68,21.33,02a58351o0703o
58351.576798,21.172,0.806,12,10,o,0,1.19,2.87006,35.973,3784.93,6978.73,2.49,2.17,-37.6,-0.426,19.64,21.38,02a58351o0705o
58351.593964,-22.083,1.892,-5,10,o,0,1.08,2.87006,35.973,3842.94,7053.77,2.66,2.42,-46.6,-0.418,19.63,21.42,02a58351o0739o
58351.59752,-22.804,3.75,-3,10,o,0,0.86,2.87006,35.973,3860.0,6938.24,2.55,2.38,-48.4,-0.431,19.62,21.42,02a58351o0746o
58361.542638,-21.075,1.118,-14,15,o,0,1.49,2.87006,35.973,4693.23,2425.23,2.81,2.76,-77.6,-0.468,19.06,20.29,01a58361o0631o
58361.561559,-20.196,0.662,-30,20,o,0,0.97,2.87006,35.973,4712.5,2462.1,3.06,2.98,-87.5,-0.451,18.88,20.12,01a58361o0669o
58361.56348,-20.452,0.788,-24,19,o,0,1.11,2.87006,35.973,4648.05,2385.3,3.15,3.06,84.6,-0.454,18.88,20.1,01a58361o0673o
58361.580556,-22.611,6.389,-3,21,o,0,0.95,2.87006,35.973,4635.98,2500.67,2.89,2.75,-79.8,-0.467,18.97,20.08,01a58361o0707o
58363.561283,-19.816,0.6,-43,26,o,0,0.94,2.87006,35.973,5012.35,7218.68,2.41,2.03,-68.9,-0.449,18.61,19.72,02a58363o0142o
58363.562655,-20.471,1.217,-24,29,o,0,0.81,2.87006,35.973,4997.87,7178.68,2.43,2.04,-74.5,-0.447,18.54,19.67,02a58363o0145o
58365.539789,20.76,0.721,18,13,o,0,1.23,2.87006,35.973,5316.99,2004.12,3.1,3.06,-88.3,-0.426,19.24,21.0,01a58365o0519o
58365.540827,19.907,0.345,40,14,o,0,1.17,2.87006,35.973,5333.97,2042.82,3.22,3.16,89.9,-0.423,19.22,21.01,01a58365o0521o
58365.558041,20.803,0.765,17,13,o,0,1.15,2.87006,35.973,5271.64,1964.33,3.11,3.06,-82.1,-0.439,19.3,21.04,01a58365o0556o
58365.561383,20.774,0.855,18,15,o,0,0.91,2.87006,35.973,5256.91,2081.9,3.13,3.05,-87.8,-0.441,19.28,21.05,01a58365o0563o
58367.549751,25.374,40.0,0,10,o,0,1.13,2.87006,35.973,6363.04,6992.12,2.52,2.28,-53.0,-0.419,19.6,21.15,02a58367o0663o
58367.550692,-23.067,4.842,-2,10,o,0,0.98,2.87006,35.973,6348.34,6951.78,2.2,2.19,-7.9,-0.466,19.68,21.14,02a58367o0665o
58367.568172,-21.637,1.192,-8,10,o,0,1.06,2.87006,35.973,6393.58,7027.19,2.16,2.16,0.4,-0.466,19.64,21.1,02a58367o0700o
58367.571437,-19.53,0.163,-56,9,o,0,1.07,2.87006,35.973,6425.02,6912.54,2.05,2.01,-24.7,-0.48,19.66,21.1,02a58367o0707o
58369.529417,21.525,1.523,9,14,o,0,1.0,2.87006,35.973,3259.56,3539.5,3.04,2.97,-3.2,-0.45,19.26,20.95,01a58369o0474o
58369.539125,-19.578,0.238,-54,13,o,0,1.12,2.87006,35.973,3276.36,3577.75,3.08,3.03,87.3,-0.45,19.23,20.92,01a58369o0494o
58369.559503,20.556,0.529,22,12,o,0,1.33,2.87006,35.973,3213.53,3498.52,2.84,2.76,-72.6,-0.472,19.36,21.08,01a58369o0534o
58369.562743,-20.86,0.889,-16,15,o,0,1.09,2.87006,35.973,3199.27,3614.94,3.46,3.37,-87.8,-0.438,19.13,21.02,01a58369o0541o
58371.518564,-20.377,0.415,-26,11,o,0,1.22,2.87006,35.973,5128.8,8321.64,2.16,2.08,-44.6,-0.464,19.62,20.81,02a58371o0612o
58371.536989,21.701,1.222,8,9,o,0,1.73,2.87006,35.973,5092.23,8283.03,2.18,2.06,-32.1,-0.465,19.66,20.94,02a58371o0649o
58371.540207,-20.182,0.372,-31,11,o,0,0.82,2.87006,35.973,5154.72,8360.49,2.16,2.01,-32.0,-0.482,19.67,20.87,02a58371o0655o
58371.557262,-20.578,0.505,-21,11,o,0,1.26,2.87006,35.973,5166.99,8243.16,2.24,2.11,-36.9,-0.453,19.63,20.91,02a58371o0688o
58375.528637,20.898,0.591,16,9,c,0,0.89,2.87006,35.973,3771.1,7608.82,2.66,2.61,-17.6,-0.428,19.72,21.66,02a58375o0126c
58375.529552,-22.965,3.294,-2,8,c,0,1.07,2.87006,35.973,3755.75,7570.15,2.65,2.5,7.8,-0.442,19.7,21.67,02a58375o0128c
58375.546612,21.917,1.413,6,9,c,0,1.23,2.87006,35.973,3813.77,7645.44,2.58,2.48,2.0,-0.444,19.75,21.66,02a58375o0163c
58375.549366,23.337,5.75,2,10,c,0,0.96,2.87006,35.973,3830.68,7528.63,2.63,2.52,-3.2,-0.442,19.71,21.64,02a58375o0169c
58377.506432,-22.237,2.625,-5,12,o,0,1.02,2.87006,35.973,5957.87,3757.87,3.09,2.77,-86.7,-0.436,19.36,21.03,01a58377o0573o
58377.507926,21.076,0.824,14,11,o,0,1.3,2.87006,35.973,5974.1,3796.65,3.14,2.82,-85.1,-0.432,19.3,21.03,01a58377o0576o
58377.524944,22.546,3.444,4,12,o,0,1.22,2.87006,35.973,5927.73,3718.81,3.1,2.77,-88.7,-0.437,19.38,21.04,01a58377o0610o
58377.528836,20.249,0.459,29,13,o,0,1.12,2.87006,35.973,5896.92,3836.08,3.14,2.78,-85.1,-0.435,19.28,20.93,01a58377o0618o
58379.493485,20.503,0.43,23,10,o,0,1.02,2.87006,35.973,4519.16,7899.3,2.18,2.06,-36.3,-0.461,19.66,20.96,02a58379o0574o
58379.511718,-21.741,1.339,-7,10,o,0,1.04,2.87006,35.973,4485.29,7859.73,2.3,2.17,-37.0,-0.451,19.64,21.06,02a58379o0612o
58379.531502,-20.582,0.494,-21,10,o,0,1.4,2.87006,35.973,4544.46,7935.35,2.31,2.2,-47.5,-0.451,19.51,20.92,02a58379o0652o
58379.534065,-20.583,0.523,-21,11,o,0,1.06,2.87006,35.973,4560.23,7818.45,2.3,2.18,-28.8,-0.451,19.54,20.94,02a58379o0657o
58383.504699,-19.574,0.327,-54,18,o,0,1.23,2.87006,35.973,4470.09,7145.92,2.74,2.24,-84.6,-0.415,18.97,19.77,02a58383o0590o
58383.519243,-21.28,2.877,-11,32,o,0,1.08,2.87006,35.973,4453.67,7104.66,2.39,2.05,-44.4,-0.443,18.31,18.69,02a58383o0617o
58383.522014,-24.725,94.667,0,44,o,0,1.58,2.87006,35.973,4501.12,7183.38,2.23,1.99,-40.1,-0.463,17.83,18.0,02a58383o0623o
58383.53829,-21.813,12.447,-7,85,o,0,1.27,2.87006,35.973,4528.41,7064.64,2.33,2.06,-41.8,-0.461,18.18,18.81,02a58383o0656o
58385.462604,-20.561,1.076,-22,23,o,0,1.49,2.87006,35.973,5687.39,4406.11,2.97,2.74,-84.9,-0.455,18.55,19.35,01a58385o0361o
58385.463985,-20.038,0.701,-35,25,o,0,1.13,2.87006,35.973,5703.54,4444.88,3.08,2.75,-83.9,-0.438,18.55,19.35,01a58385o0364o
58385.474271,23.963,28.4,1,27,o,0,1.02,2.87006,35.973,5639.48,4366.98,3.0,2.82,-79.8,-0.444,18.55,19.35,01a58385o0385o
58385.474732,-21.7,3.3,-8,25,o,0,1.42,2.87006,35.973,5625.97,4483.3,3.0,2.85,-81.4,-0.437,18.51,19.35,01a58385o0386o
58387.46288,21.393,6.922,10,70,o,0,1.06,2.87006,35.973,4275.41,5870.09,2.2,2.0,-50.4,-0.45,17.54,17.46,02a58387o0445o
58387.473512,19.484,0.865,58,51,o,0,1.11,2.87006,35.973,4257.22,5830.51,2.14,1.85,-54.5,-0.475,17.75,17.64,02a58387o0466o
58389.474328,19.953,0.812,38,31,o,0,1.04,2.87006,35.973,5778.18,4170.39,3.3,3.15,-74.5,-0.411,18.3,19.4,01a58389o0485o
58389.482071,-20.695,2.123,-19,41,o,0,1.08,2.87006,35.973,5796.58,4208.31,3.17,2.9,-85.4,-0.429,18.15,19.11,01a58389o0498o
58389.497877,20.407,1.017,25,25,o,0,0.95,2.87006,35.973,5749.42,4130.65,3.12,2.9,-85.3,-0.428,18.6,19.52,01a58389o0530o
58389.50159,-20.794,1.642,-18,29,o,0,1.11,2.87006,35.973,5719.22,4248.51,3.08,2.86,-86.1,-0.432,18.32,19.13,01a58389o0538o
58391.480418,-22.707,3.621,-3,11,o,0,1.62,2.87006,35.973,6147.27,5350.11,2.3,1.98,-53.8,-0.434,19.36,20.15,02a58391o0545o
58391.492073,-20.354,0.523,-26,14,o,0,1.17,2.87006,35.973,6114.05,5310.48,2.35,2.06,-54.2,-0.437,19.34,20.16,02a58391o0566o
58391.507623,19.722,1.171,47,55,o,0,1.3,2.87006,35.973,6176.12,5385.23,2.61,2.15,-77.2,-0.434,18.17,19.32,02a58391o0594o
58393.472767,21.024,0.866,14,12,o,0,1.29,2.87006,35.973,3098.76,3095.51,2.78,2.69,-4.7,-0.467,19.31,20.85,01a58393o0416o
58393.483111,-22.734,4.375,-3,13,o,0,1.07,2.87006,35.973,3116.5,3133.7,2.89,2.77,-3.2,-0.458,19.3,20.85,01a58393o0435o
58393.489792,22.218,2.96,5,14,o,0,1.2,2.87006,35.973,3068.58,3055.71,2.88,2.86,48.8,-0.461,19.27,20.8,01a58393o0447o
58393.505522,21.449,1.547,10,15,o,0,0.95,2.87006,35.973,3057.03,3169.73,2.81,2.77,-81.9,-0.464,19.22,20.67,01a58393o0479o
58395.490582,-21.936,1.512,-6,9,c,0,0.76,2.87006,35.973,5728.1,7668.07,2.75,2.6,-36.1,-0.412,19.7,21.66,02a58395o0606c
58395.508237,-21.858,1.378,-7,9,c,0,1.3,2.87006,35.973,5696.97,7627.74,2.67,2.55,-32.3,-0.422,19.6,21.43,02a58395o0643c
58395.511185,-18.98,0.102,-93,10,c,0,1.14,2.87006,35.973,5760.11,7705.34,2.63,2.53,-22.1,-0.432,19.59,21.4,02a58395o0649c
58395.526818,21.432,1.098,10,11,c,0,1.05,2.87006,35.973,5773.32,7587.92,2.7,2.59,-32.2,-0.425,19.45,21.14,02a58395o0682c
58397.46034,21.269,1.148,11,13,o,0,0.8,2.87006,35.973,6649.34,4359.12,3.14,2.97,89.8,-0.441,19.34,21.11,01a58397o0343o
58397.471704,-19.91,0.345,-39,14,o,0,0.9,2.87006,35.973,6681.5,4395.87,3.4,3.1,-89.7,-0.43,19.33,21.23,01a58397o0364o
58397.481138,-20.089,0.309,-34,10,o,0,1.36,2.87006,35.973,6618.37,4319.1,3.32,2.99,-84.3,-0.429,19.41,21.3,01a58397o0381o
58397.496355,-23.292,7.375,-2,13,o,0,1.16,2.87006,35.973,6605.48,4435.58,3.34,2.91,-84.8,-0.435,19.38,21.32,01a58397o0412o
58401.469131,24.175,15.25,1,12,o,0,1.09,2.87006,35.973,4944.71,3481.14,2.96,2.88,-69.8,-0.455,19.34,21.07,01a58401o0138o
58401.479835,22.874,4.917,3,13,o,0,1.11,2.87006,35.973,4961.78,3519.47,3.14,3.03,-78.7,-0.441,19.26,20.98,01a58401o0159o
58401.494148,21.269,1.089,11,12,o,0,1.2,2.87006,35.973,4913.87,3441.91,3.04,2.91,-87.2,-0.45,19.27,21.0,01a58401o0187o
58401.498908,20.715,0.638,19,12,o,0,1.04,2.87006,35.973,4899.97,3559.82,3.08,2.86,-85.1,-0.447,19.24,21.0,01a58401o0197o
58403.476235,22.914,3.667,2,9,c,0,0.98,2.87006,35.973,5758.08,6020.26,2.55,2.45,-57.4,-0.423,19.74,21.77,02a58403o0580c
58403.486796,22.739,4.538,3,13,c,0,1.69,2.87006,35.973,5741.79,5981.77,2.6,2.48,-59.3,-0.422,19.14,20.96,02a58403o0601c
58403.502843,-20.877,2.444,-16,40,c,0,0.94,2.87006,35.973,5805.44,6057.69,2.57,2.44,-59.1,-0.42,18.21,19.76,02a58403o0633c
58403.507152,21.969,6.385,6,38,c,0,0.94,2.87006,35.973,5821.94,5940.28,2.53,2.44,-57.8,-0.424,18.21,19.73,02a58403o0642c
58407.436608,21.801,5.722,7,40,o,0,1.21,2.87006,35.973,7262.64,7029.32,2.24,2.04,-58.7,-0.437,18.26,19.38,02a58407o0493o
58407.447966,-24.098,15.667,-1,13,o,0,1.12,2.87006,35.973,7244.36,6990.27,2.26,2.1,-44.2,-0.438,19.33,20.57,02a58407o0514o
58407.460788,-22.401,2.459,-4,10,o,0,0.96,2.87006,35.973,7304.86,7067.77,2.21,2.06,-51.6,-0.444,19.58,20.85,02a58407o0536o
58407.47542,20.902,0.788,16,12,o,0,1.16,2.87006,35.973,7318.17,6950.35,2.26,2.07,-51.4,-0.442,19.43,20.62,02a58407o0565o
58409.431478,20.07,0.43,34,15,o,0,1.01,2.87006,35.973,5199.67,4797.72,3.11,2.82,-84.6,-0.438,19.23,20.73,01a58409o0333o
58409.442757,-21.017,0.959,-14,14,o,0,0.88,2.87006,35.973,5216.67,4835.63,3.08,2.8,-82.7,-0.441,19.25,20.8,01a58409o0354o
58409.454149,-21.209,0.984,-12,12,o,0,1.29,2.87006,35.973,5169.77,4757.74,3.03,2.74,-83.2,-0.445,19.31,20.91,01a58409o0375o
58409.472264,-21.567,1.467,-9,13,o,0,0.89,2.87006,35.973,5140.66,4873.49,3.02,2.76,-80.0,-0.444,19.41,21.15,01a58409o0409o
58413.411167,-19.03,0.306,-89,27,o,0,1.05,2.87006,35.973,4404.64,2505.01,2.9,2.88,-8.1,-0.467,18.56,19.43,01a58413o0414o
58413.429603,-22.35,6.286,-4,26,o,0,1.11,2.87006,35.973,4438.97,2543.33,2.98,2.93,83.1,-0.463,18.48,19.36,01a58413o0448o
58413.432599,21.518,3.089,9,28,o,0,1.27,2.87006,35.973,4375.31,2466.61,3.01,2.92,-88.5,-0.47,18.49,19.35,01a58413o0454o
58413.450727,20.535,1.369,22,30,o,0,0.95,2.87006,35.973,4363.22,2579.65,2.84,2.79,85.0,-0.478,18.55,19.36,01a58413o0490o
58417.40064,0.0,20.472,0,24,o,0,1.18,2.87006,35.973,5948.09,2065.76,2.87,2.76,-75.7,-0.47,18.65,19.55,01a58417o0414o
58417.410513,22.886,9.143,2,23,o,0,1.04,2.87006,35.973,5965.74,2104.0,2.88,2.77,-73.0,-0.469,18.67,19.52,01a58417o0431o
58417.420714,20.079,0.733,34,25,o,0,1.25,2.87006,35.973,5902.21,2026.21,2.92,2.81,-82.7,-0.462,18.59,19.46,01a58417o0448o
58417.431082,-19.681,0.53,-49,26,o,0,0.95,2.87006,35.973,5889.92,2143.24,2.88,2.77,-79.4,-0.471,18.58,19.43,01a58417o0465o
58423.401426,23.273,5.0,2,9,o,0,1.2,2.87006,35.973,6801.97,6768.51,2.21,2.06,-47.7,-0.451,19.54,20.65,02a58423o0442o
58423.411492,-20.857,0.713,-16,12,o,0,1.01,2.87006,35.973,6785.22,6726.81,2.31,2.19,-51.1,-0.435,19.45,20.63,02a58423o0461o
58423.421679,23.642,9.273,1,12,o,0,1.16,2.87006,35.973,6845.79,6803.91,2.33,2.18,-41.0,-0.429,19.49,20.69,02a58423o0480o
58423.432297,-21.246,1.0,-12,12,o,0,0.94,2.87006,35.973,6859.97,6706.66,2.26,2.14,-39.6,-0.442,19.52,20.73,02a58423o0499o
58425.394447,20.113,0.459,33,15,t,0,0.94,2.87006,35.973,3318.87,1514.96,3.1,2.7,-0.4,-0.48,19.25,20.41,01a58425o0213t
58425.40439,20.524,0.771,22,17,t,0,0.73,2.87006,35.973,3336.94,1552.62,3.08,2.67,-3.3,-0.478,19.27,20.41,01a58425o0232t
58425.414461,-25.956,105.0,0,16,t,0,1.02,2.87006,35.973,3289.58,1473.1,2.97,2.63,-5.7,-0.481,19.26,20.38,01a58425o0251t
58425.424887,-20.181,0.443,-31,14,t,0,1.14,2.87006,35.973,3261.36,1590.72,2.84,2.42,-4.6,-0.498,19.35,20.44,01a58425o0270t
58427.414216,22.257,1.886,4,9,c,0,0.93,2.87006,35.973,5093.18,5573.84,2.55,2.46,-55.1,-0.413,19.68,21.44,02a58427o0278c
58427.424688,-23.453,5.818,-2,9,c,0,1.23,2.87006,35.973,5076.1,5533.97,2.61,2.55,-51.7,-0.411,19.64,21.45,02a58427o0299c
58427.435332,-24.335,15.6,-1,10,c,0,0.83,2.87006,35.973,5121.35,5610.58,2.59,2.49,-45.4,-0.416,19.65,21.4,02a58427o0320c
58427.446282,22.38,2.323,4,9,c,0,1.04,2.87006,35.973,5153.12,5492.78,2.55,2.45,-56.8,-0.412,19.63,21.34,02a58427o0341c
58431.411157,-22.732,3.227,-3,10,c,0,0.96,2.87006,35.973,4691.21,9085.45,2.55,2.44,-0.3,-0.449,19.76,21.64,02a58431o0477c
58431.421549,-20.939,0.569,-15,9,c,0,1.27,2.87006,35.973,4674.21,9045.07,2.53,2.38,-0.5,-0.457,19.76,21.63,02a58431o0498c
58431.431925,-22.188,2.0,-5,10,c,0,1.06,2.87006,35.973,4735.59,9121.86,2.55,2.4,3.0,-0.454,19.74,21.57,02a58431o0519c
58431.442577,-23.472,6.273,-2,9,c,0,1.11,2.87006,35.973,4752.22,9003.39,2.55,2.42,-0.5,-0.454,19.7,21.48,02a58431o0540c
58433.370723,18.888,2.132,101,216,o,0,1.07,2.87006,35.973,3837.31,3213.35,2.95,2.74,79.7,-0.46,16.38,17.95,01a58433o0389o
58433.381737,-19.168,0.953,-78,74,o,0,1.21,2.87006,35.973,3864.61,3293.93,2.96,2.68,83.8,-0.466,17.49,19.06,01a58433o0410o
58433.392955,-18.188,0.973,-193,188,o,0,0.98,2.87006,35.973,3813.8,3257.99,3.11,2.82,76.9,-0.457,16.45,18.07,01a58433o0431o
58433.40437,-16.892,0.612,-636,389,o,0,0.94,2.87006,35.973,3814.3,3415.95,2.98,2.72,83.9,-0.471,15.71,17.35,01a58433o0452o
58435.399038,22.472,3.1,4,12,c,0,1.58,2.87006,35.973,4212.49,7431.03,2.74,2.58,-29.8,-0.413,19.38,21.21,02a58435o0454c
58435.409582,-21.036,1.119,-14,16,c,0,1.14,2.87006,35.973,4195.76,7391.16,2.74,2.55,-37.9,-0.412,19.05,20.78,02a58435o0475c
58435.420148,-22.046,4.895,-6,27,c,0,1.19,2.87006,35.973,4257.49,7467.27,2.69,2.56,-35.5,-0.419,18.8,20.52,02a58435o0496c
58435.43081,-21.769,3.895,-7,28,c,0,1.27,2.87006,35.973,4273.84,7349.3,2.69,2.49,-46.9,-0.421,18.49,20.08,02a58435o0517c
58437.364213,19.922,0.836,39,33,o,0,0.96,2.87006,35.973,2832.49,4463.52,2.99,2.87,64.6,-0.45,18.14,19.61,01a58437o0357o
58437.386247,-19.587,0.966,-53,51,o,0,0.93,2.87006,35.973,2808.68,4506.51,3.05,2.83,79.5,-0.458,17.87,19.2,01a58437o0399o
58437.397393,-20.549,4.217,-22,92,o,0,1.12,2.87006,35.973,2809.11,4662.99,3.04,2.86,70.4,-0.461,17.21,18.43,01a58437o0420o
58445.403104,-19.767,5.867,-45,264,o,0,1.55,2.87006,35.973,3527.49,5416.69,4.38,4.09,-83.3,-0.392,16.22,17.03,01a58445o0241o
58445.411801,-16.444,0.534,-961,513,o,0,1.5,2.87006,35.973,3480.56,5365.6,6.09,5.77,74.4,-0.353,15.92,17.03,01a58445o0258o
58445.420591,-15.235,1.058,-2925,3095,o,0,1.43,2.87006,35.973,3481.96,5506.7,36.03,22.34,-81.5,-0.136,15.74,16.73,01a58445o0275o
58449.336804,20.466,0.693,24,16,o,0,0.71,2.87006,35.973,5292.12,2835.75,3.06,2.97,66.7,-0.436,19.07,20.49,01a58449o0333o
58449.346466,-24.887,37.0,0,15,o,0,1.43,2.87006,35.973,5335.26,2910.56,3.0,2.92,70.3,-0.446,19.07,20.38,01a58449o0352o
58449.356121,20.561,0.694,22,15,o,0,1.41,2.87006,35.973,5284.35,2867.89,2.96,2.81,80.4,-0.455,19.05,20.28,01a58449o0371o
58449.366042,20.66,0.861,20,17,o,0,1.07,2.87006,35.973,5283.79,3019.7,2.99,2.8,68.3,-0.453,18.99,20.23,01a58449o0390o
58451.338684,22.871,4.05,3,10,o,0,1.32,2.87006,35.973,4359.57,7853.66,2.42,2.29,-26.3,-0.447,19.57,21.09,02a58451o0332o
58451.348418,22.008,1.76,6,10,o,0,0.78,2.87006,35.973,4343.08,7813.94,2.29,2.13,-36.1,-0.457,19.63,21.15,02a58451o0351o
58451.358065,-20.916,0.744,-16,12,o,0,1.04,2.87006,35.973,4389.07,7890.45,2.35,2.2,-33.3,-0.45,19.55,20.99,02a58451o0370o
58451.367995,21.354,0.957,10,10,o,0,1.0,2.87006,35.973,4420.37,7771.82,2.24,2.11,-30.9,-0.474,19.59,21.03,02a58451o0389o
58453.320113,20.855,0.867,16,14,o,0,1.09,2.87006,35.973,9379.34,1513.86,3.86,3.22,-86.5,-0.42,19.25,21.19,01a58453o0134o
58453.328627,-21.901,2.292,-6,14,o,0,1.41,2.87006,35.973,9404.98,1584.16,3.77,3.1,-84.9,-0.435,19.25,21.14,01a58453o0151o
58453.330266,20.49,0.883,23,20,o,0,0.96,2.87006,35.973,55.56,1611.67,3.41,3.26,70.4,-0.431,19.27,21.16,01a58453o0154o
58453.337285,21.249,1.385,12,16,o,0,1.03,2.87006,35.973,9351.72,1540.58,4.08,3.23,87.5,-0.429,19.19,21.1,01a58453o0168o
58453.338899,20.702,0.732,19,14,o,0,1.03,2.87006,35.973,98.42,1684.84,3.32,3.12,51.6,-0.433,19.29,21.14,01a58453o0171o
58453.346228,21.015,0.875,14,12,o,0,1.64,2.87006,35.973,9347.86,1691.7,3.77,2.98,-88.2,-0.44,19.26,21.06,01a58453o0185o
58453.347612,-24.269,32.333,-1,23,o,0,0.97,2.87006,35.973,43.34,1637.29,3.36,3.09,69.4,-0.449,19.26,21.11,01a58453o0188o
58453.360577,20.641,1.1,20,22,o,0,1.04,2.87006,35.973,46.46,1801.23,3.27,3.06,67.2,-0.432,19.26,21.11,01a58453o0213o
58456.361136,20.725,0.444,19,8,c,0,1.08,2.87006,35.973,2837.94,3716.9,2.53,2.51,72.7,-0.398,19.71,21.6,02a58456o0375c
58456.365109,-21.437,0.934,-10,9,c,0,0.85,2.87006,35.973,2821.6,3679.35,2.47,2.45,-75.6,-0.394,19.7,21.59,02a58456o0383c
58456.380204,20.997,0.56,14,8,c,0,1.24,2.87006,35.973,2884.31,3753.07,2.53,2.51,-3.4,-0.4,19.65,21.56,02a58456o0416c
58456.383731,22.079,1.641,5,9,c,0,0.97,2.87006,35.973,2897.91,3638.29,2.56,2.55,29.5,-0.398,19.66,21.55,02a58456o0423c
58458.339369,21.685,1.486,8,11,o,0,1.23,2.87006,35.973,2961.26,7416.62,3.28,2.98,89.6,-0.441,19.37,21.43,01a58458o0294o
58458.343308,-22.874,4.417,-3,11,o,0,1.11,2.87006,35.973,2983.65,7467.97,3.27,2.91,-85.8,-0.443,19.37,21.42,01a58458o0302o
58458.357178,-21.164,0.914,-12,11,o,0,1.4,2.87006,35.973,2941.33,7437.43,3.21,2.95,86.7,-0.443,19.39,21.38,01a58458o0332o
58458.361608,-21.765,1.906,-7,14,o,0,0.8,2.87006,35.973,2934.68,7567.94,3.29,2.99,86.4,-0.439,19.35,21.42,01a58458o0341o
58460.343414,20.638,0.408,20,8,c,0,1.35,2.87006,35.973,6737.35,1363.96,2.93,2.74,42.6,-0.403,19.65,21.58,02a58460o0339c
58460.356706,-23.294,5.2,-2,9,c,0,1.11,2.87006,35.973,6722.12,1323.41,2.98,2.81,45.7,-0.39,19.63,21.53,02a58460o0368c
58460.361131,21.27,0.877,11,10,c,0,1.28,2.87006,35.973,6783.99,1401.67,2.97,2.75,42.3,-0.403,19.63,21.52,02a58460o0377c
58460.375766,21.123,0.836,13,11,c,0,0.96,2.87006,35.973,6801.94,1284.51,3.12,2.93,36.5,-0.389,19.52,21.46,02a58460o0409c
58461.301723,21.03,0.853,14,12,o,0,0.79,2.87006,35.973,4949.95,3433.02,2.99,2.79,83.7,-0.45,19.36,21.14,01a58461o0261o
58461.310136,22.795,4.357,3,12,o,0,1.36,2.87006,35.973,4976.05,3502.99,3.16,2.83,80.1,-0.434,19.31,21.12,01a58461o0278o
58461.318827,20.74,0.671,18,12,o,0,1.25,2.87006,35.973,4938.28,3457.75,3.29,2.98,87.4,-0.425,19.26,21.06,01a58461o0295o
58461.327909,-23.133,5.4,-2,11,o,0,1.24,2.87006,35.973,4919.52,3606.93,3.1,2.93,82.0,-0.436,19.27,20.99,01a58461o0312o
58466.307286,23.541,10.167,1,14,o,0,1.17,2.87006,35.973,6871.8,7348.86,3.68,2.9,-86.4,-0.412,19.2,20.7,01a58466o0273o
58466.320669,-20.452,0.65,-24,16,o,0,1.11,2.87006,35.973,6908.39,7435.65,3.63,2.91,-85.9,-0.414,19.21,20.61,01a58466o0302o
58466.32366,-23.533,11.0,-1,15,o,0,0.89,2.87006,35.973,6865.17,7368.28,3.27,2.73,-86.6,-0.435,19.19,20.58,01a58466o0308o
58466.338423,21.883,2.704,6,17,o,0,0.92,2.87006,35.973,6859.93,7534.7,3.67,2.92,-85.3,-0.416,19.13,20.51,01a58466o0340o
58470.281248,17.526,1.441,354,511,o,0,1.19,2.87006,35.973,10483.6,9136.16,4.7,3.19,-84.6,-0.336,16.42,17.25,01a58470o0163o
58470.290113,-14.821,9.528,-4282,40795,o,0,0.4,2.87006,35.973,10512.78,9208.97,9.39,6.37,-90.0,-0.136,12.29,13.04,01a58470o0182o
58470.296739,18.61,9.544,131,1247,o,0,0.88,2.87006,35.973,10457.76,9156.62,3.98,3.06,-86.1,-0.369,14.95,15.7,01a58470o0196o
58470.306008,-17.611,1.426,-328,468,o,0,0.94,2.87006,35.973,872.45,9347.54,3.33,3.12,87.1,-0.501,15.46,16.26,01a58470o0216o
58470.307457,16.016,0.487,1424,693,o,0,0.97,2.87006,35.973,10461.27,9313.14,4.67,3.4,-86.3,-0.468,15.48,16.27,01a58470o0219o
58470.313675,14.547,0.761,5512,4196,o,0,0.97,2.87006,35.973,899.72,9413.4,3.53,3.33,67.6,-0.432,14.28,14.87,01a58470o0232o
58470.326623,18.806,0.745,109,81,o,0,1.49,2.87006,35.973,857.17,9378.55,3.36,3.02,-83.8,-0.46,17.34,18.17,01a58470o0260o
58470.331027,19.408,4.579,63,287,o,0,1.48,2.87006,35.973,849.13,9510.37,3.26,3.12,-78.8,-0.541,16.47,17.44,01a58470o0269o
58471.2977,20.114,0.72,33,24,o,0,1.25,2.87006,35.973,8329.3,9160.47,2.26,2.11,44.7,-0.469,18.95,19.5,02a58471o0068o
58471.30615,-20.112,0.821,-33,27,o,0,1.08,2.87006,35.973,8312.39,9119.71,2.27,2.15,13.2,-0.491,18.91,19.46,02a58471o0085o
58471.314601,-20.203,0.946,-30,28,o,0,0.92,2.87006,35.973,8375.48,9200.33,2.27,2.17,7.3,-0.484,18.9,19.44,02a58471o0102o
58471.323534,-22.573,9.679,-3,33,o,0,1.08,2.87006,35.973,8391.03,9082.89,2.23,2.08,12.0,-0.485,18.88,19.39,02a58471o0119o
58473.310209,-20.838,1.685,-17,28,o,0,1.36,2.87006,35.973,4889.7,9395.34,3.47,2.97,-85.9,-0.438,18.44,19.29,01a58473o0264o
58473.319917,-20.924,1.896,-16,29,o,0,1.17,2.87006,35.973,4937.77,9466.27,3.46,2.98,-84.4,-0.441,18.48,19.29,01a58473o0283o
58473.329522,-19.672,0.568,-49,28,o,0,1.76,2.87006,35.973,4891.81,9418.94,3.5,3.06,-83.6,-0.434,18.39,19.24,01a58473o0302o
58473.339052,20.088,0.886,34,30,o,0,1.38,2.87006,35.973,4893.55,9565.96,3.62,3.15,-83.9,-0.427,18.33,19.18,01a58473o0321o
58474.324645,21.351,3.538,10,37,o,0,0.78,2.87006,35.973,4919.8,9453.74,3.09,2.87,-79.2,-0.454,18.3,19.1,01a58474o0299o
58474.332012,-19.3,0.556,-69,38,o,0,1.17,2.87006,35.973,4964.98,9514.4,3.61,3.11,-83.9,-0.435,18.25,19.07,01a58474o0314o
58474.340326,20.815,2.236,17,38,o,0,1.04,2.87006,35.973,4917.45,9461.02,3.5,2.98,-82.0,-0.444,18.23,19.04,01a58474o0331o
58474.348652,19.183,0.477,77,37,o,0,1.14,2.87006,35.973,4918.79,9602.22,3.56,3.1,-87.0,-0.432,18.15,18.99,01a58474o0348o
58478.252772,21.968,2.458,6,15,o,0,0.91,2.87006,35.973,10474.78,5209.89,3.57,2.98,-87.9,-0.462,19.34,21.31,01a58478o0126o
58478.261595,20.746,1.217,18,22,o,0,1.24,2.87006,35.973,10502.14,5281.93,4.47,4.01,78.7,-0.425,19.04,21.22,01a58478o0145o
58478.296395,22.423,4.333,4,17,o,0,1.1,2.87006,35.973,1033.26,5459.71,3.45,3.32,47.7,-0.433,19.09,20.98,01a58478o0165o
58478.305415,20.787,0.782,18,14,o,0,1.48,2.87006,35.973,1034.71,5605.55,3.01,2.89,16.1,-0.456,19.21,20.79,01a58478o0184o
58480.252469,-21.367,0.979,-10,10,o,0,1.31,2.87006,35.973,2775.96,1367.34,2.13,1.97,26.2,-0.481,19.58,20.85,02a58480o0114o
58480.261784,24.017,12.25,1,11,o,0,0.97,2.87006,35.973,2741.2,1327.87,2.14,2.05,43.5,-0.477,19.54,20.88,02a58480o0134o
58480.270637,22.45,2.447,4,9,o,0,1.42,2.87006,35.973,2802.43,1405.42,2.02,1.94,68.0,-0.474,19.54,20.84,02a58480o0153o
58480.279936,20.864,0.573,16,9,o,0,1.1,2.87006,35.973,2816.53,1287.17,2.01,1.93,58.6,-0.478,19.56,20.83,02a58480o0173o
58483.28043,-24.242,17.0,-1,12,o,0,1.41,2.87006,35.973,8424.88,7222.48,2.62,2.4,-57.6,-0.385,19.37,20.77,02a58483o0202o
58483.286949,20.548,0.725,22,16,o,0,0.63,2.87006,35.973,8410.37,7180.95,2.33,2.29,-44.7,-0.438,19.36,20.66,02a58483o0215o
58483.294578,23.759,12.143,1,14,o,0,1.37,2.87006,35.973,8473.47,7260.7,2.34,2.3,-50.0,-0.423,19.15,20.36,02a58483o0230o
58483.303396,0.0,20.875,0,16,o,0,1.43,2.87006,35.973,8489.56,7143.64,2.57,2.51,-54.7,-0.413,18.91,20.22,02a58483o0247o
58485.271251,21.889,2.188,6,14,o,0,1.06,2.87006,35.973,3117.1,1621.21,3.08,2.89,-1.1,-0.437,19.31,20.98,01a58485o0182o
58485.277092,21.465,1.353,9,13,o,0,0.99,2.87006,35.973,3158.16,1680.13,2.93,2.74,18.3,-0.456,19.31,20.95,01a58485o0194o
58485.28365,20.566,0.589,22,13,o,0,1.32,2.87006,35.973,3104.69,1623.43,3.0,2.84,21.5,-0.445,19.26,20.89,01a58485o0207o
58485.29021,21.432,1.306,10,13,o,0,1.35,2.87006,35.973,3100.79,1762.09,3.02,2.89,22.7,-0.444,19.24,20.86,01a58485o0220o
58487.273009,20.32,0.49,27,13,c,0,1.09,2.87006,35.973,737.56,9185.14,2.81,2.64,-22.6,-0.416,19.45,21.36,02a58487o0173c
58487.281172,21.155,0.985,12,12,c,0,1.52,2.87006,35.973,722.89,9144.89,2.86,2.65,-16.9,-0.41,19.4,21.31,02a58487o0190c
58487.282682,20.413,0.52,25,13,c,0,0.81,2.87006,35.973,10041.83,9223.51,3.09,2.8,37.8,-0.402,19.47,21.36,02a58487o0193c
58487.289354,21.945,2.156,6,13,c,0,1.48,2.87006,35.973,770.89,9220.83,2.89,2.69,-13.2,-0.415,19.43,21.28,02a58487o0207c
58487.290838,21.199,1.016,12,12,c,0,1.16,2.87006,35.973,10026.12,9182.6,3.02,2.73,32.8,-0.414,19.49,21.34,02a58487o0210c
58487.297663,-21.798,2.294,-7,16,c,0,1.08,2.87006,35.973,789.07,9101.85,2.98,2.78,-26.6,-0.407,19.35,21.26,02a58487o0224c
58487.299075,20.215,0.367,30,11,c,0,1.23,2.87006,35.973,10074.54,9262.64,2.99,2.71,33.9,-0.424,19.5,21.34,02a58487o0227c
58487.307456,-20.174,0.4,-31,12,c,0,0.95,2.87006,35.973,10106.62,9145.99,3.23,2.98,34.6,-0.4,19.33,21.3,02a58487o0244c
58490.218623,23.032,5.4,2,12,o,0,1.0,2.87006,35.973,4908.59,5356.76,3.24,3.15,19.6,-0.413,19.25,21.15,01a58490o0071o
58490.229026,22.113,2.217,5,12,o,0,1.52,2.87006,35.973,4937.58,5433.96,3.28,3.18,-4.7,-0.408,19.23,21.12,01a58490o0093o
58490.238381,21.628,1.556,8,13,o,0,1.19,2.87006,35.973,4902.22,5391.54,3.23,3.18,11.6,-0.418,19.26,21.11,01a58490o0113o
58490.248263,-20.984,0.794,-15,12,o,0,1.6,2.87006,35.973,4885.68,5543.06,3.33,3.23,53.1,-0.404,19.2,21.06,01a58490o0134o
58492.270684,21.394,0.962,10,10,c,0,1.22,2.87006,35.973,760.27,5287.79,2.38,2.31,-16.0,-0.426,19.56,21.32,02a58492o0161c
58492.281141,23.423,6.25,2,10,c,0,1.07,2.87006,35.973,744.79,5247.93,2.44,2.32,-32.6,-0.407,19.53,21.29,02a58492o0183c
58492.284047,-25.94,59.0,0,9,c,0,1.41,2.87006,35.973,10188.2,5330.01,2.55,2.49,-14.1,-0.446,19.57,21.37,02a58492o0189c
58492.291219,-24.002,8.286,-1,8,c,0,1.68,2.87006,35.973,792.82,5322.98,2.38,2.33,-39.4,-0.426,19.53,21.28,02a58492o0204c
58492.294541,-22.254,1.8,-5,8,c,0,1.88,2.87006,35.973,10172.22,5290.39,2.55,2.45,-24.2,-0.45,19.57,21.35,02a58492o0211c
58492.301973,21.502,0.944,9,9,c,0,1.49,2.87006,35.973,811.04,5205.09,2.36,2.3,-32.8,-0.42,19.52,21.24,02a58492o0226c
58492.304845,-20.537,0.437,-22,10,c,0,1.44,2.87006,35.973,10218.75,5368.36,2.53,2.49,-9.9,-0.456,19.53,21.31,02a58492o0232c
58492.315646,-21.138,0.934,-13,12,c,0,0.85,2.87006,35.973,10234.79,5252.38,2.62,2.58,-11.1,-0.45,19.51,21.27,02a58492o0254c
58493.263745,21.86,1.645,6,11,o,0,1.13,2.87006,35.973,6928.24,3577.23,3.12,3.04,66.8,-0.421,19.29,21.07,01a58493o0160o
58493.27078,22.139,2.4,5,12,o,0,0.95,2.87006,35.973,6957.78,3637.7,3.05,2.97,83.6,-0.431,19.32,21.06,01a58493o0175o
58493.275931,21.829,2.032,7,14,o,0,1.03,2.87006,35.973,6918.36,3577.96,3.3,2.94,86.7,-0.422,19.24,21.01,01a58493o0186o
58493.281798,20.555,0.614,22,13,o,0,1.04,2.87006,35.973,6898.67,3712.84,3.27,2.93,88.1,-0.424,19.3,21.01,01a58493o0198o
58496.207288,21.771,3.082,7,22,o,0,0.85,2.87006,35.973,781.52,3350.7,1.95,1.89,-49.0,-0.466,18.8,19.28,02a58496o0038o
58496.214682,20.143,0.425,32,14,o,0,1.16,2.87006,35.973,746.78,3309.24,2.07,2.0,-32.8,-0.441,19.23,20.21,02a58496o0054o
58496.216099,20.138,0.471,32,15,o,0,1.05,2.87006,35.973,10378.89,3391.44,2.24,1.98,-45.0,-0.476,19.26,20.3,02a58496o0057o
58496.224429,-21.093,0.943,-13,12,o,0,1.27,2.87006,35.973,807.72,3385.38,2.06,1.99,9.4,-0.459,19.33,20.37,02a58496o0075o
58496.225846,21.543,1.167,9,10,o,0,2.43,2.87006,35.973,10358.85,3351.51,2.29,2.04,-43.1,-0.465,19.28,20.41,02a58496o0078o
58496.234314,-20.837,0.687,-17,12,o,0,1.15,2.87006,35.973,839.02,3265.22,1.99,1.92,-48.0,-0.45,19.33,20.34,02a58496o0096o
58496.235711,21.205,1.198,12,14,o,0,0.86,2.87006,35.973,10404.27,3429.93,2.32,2.16,-42.5,-0.46,19.26,20.38,02a58496o0099o
58496.24559,22.561,4.308,3,15,o,0,1.16,2.87006,35.973,10434.85,3313.74,2.38,2.14,-38.4,-0.449,19.2,20.34,02a58496o0120o
58497.26024,19.784,0.441,44,20,o,0,0.88,2.87006,35.973,5057.76,1688.76,3.88,3.19,-1.2,-0.415,18.98,20.25,01a58497o0149o
58497.265971,-20.305,0.593,-27,16,o,0,1.41,2.87006,35.973,5083.95,1745.33,3.04,2.8,6.8,-0.456,19.05,20.23,01a58497o0161o
58497.271582,21.22,1.667,12,20,o,0,1.17,2.87006,35.973,5050.14,1684.73,3.73,3.14,-4.0,-0.419,18.97,20.2,01a58497o0173o
58497.276743,-21.22,1.52,-12,18,o,0,1.31,2.87006,35.973,5030.3,1816.99,3.5,2.96,-4.4,-0.431,19.01,20.18,01a58497o0184o
58500.213713,22.552,4.243,4,15,o,0,1.21,2.87006,35.973,768.64,1395.5,1.88,1.78,70.0,-0.558,18.96,19.61,02a58500o0043o
58500.215152,23.623,14.462,1,19,o,0,1.05,2.87006,35.973,10394.5,1435.59,1.99,1.9,-21.7,-0.509,19.01,19.67,02a58500o0046o
58500.220723,23.143,8.429,2,17,o,0,0.81,2.87006,35.973,734.72,1355.11,1.91,1.76,45.3,-0.572,19.06,19.71,02a58500o0058o
58500.222587,20.142,0.659,32,21,o,0,1.03,2.87006,35.973,10375.42,1394.44,2.28,1.97,29.7,-0.513,19.08,19.74,02a58500o0062o
58500.229207,21.479,2.0,9,19,o,0,0.82,2.87006,35.973,798.63,1430.62,1.93,1.82,46.7,-0.57,19.03,19.72,02a58500o0076o
58500.231048,-20.342,0.619,-26,16,o,0,1.23,2.87006,35.973,10420.38,1475.46,2.31,1.99,33.6,-0.493,19.1,19.72,02a58500o0080o
58500.23813,21.25,1.379,12,16,o,0,3.71,2.87006,35.973,829.3,1311.38,1.97,1.75,34.0,-0.575,19.07,19.69,02a58500o0095o
58500.239535,19.301,0.3,69,21,o,0,0.76,2.87006,35.973,10452.18,1358.25,2.03,1.96,-1.5,-0.503,19.04,19.7,02a58500o0098o
58502.224257,20.375,1.049,26,27,o,0,1.27,2.87006,35.973,2975.13,5460.33,3.42,3.27,16.2,-0.442,18.52,19.72,01a58502o0014o
58502.232199,20.842,1.507,17,25,o,0,1.28,2.87006,35.973,2972.34,5602.82,3.43,3.17,6.9,-0.426,18.57,19.7,01a58502o0031o
58503.271327,20.182,0.958,31,29,o,0,1.35,2.87006,35.973,763.1,7227.83,2.37,2.09,-36.9,-0.418,18.45,18.89,02a58503o0162o
58503.272824,20.781,2.04,18,36,o,0,1.29,2.87006,35.973,10039.27,7269.02,2.37,2.32,7.3,-0.445,18.54,18.98,02a58503o0165o
58503.276112,19.4,0.526,63,33,o,0,1.04,2.87006,35.973,747.15,7191.08,2.26,2.08,-29.5,-0.435,18.47,18.86,02a58503o0172o
58503.277728,19.76,0.842,45,38,o,0,1.03,2.87006,35.973,10024.42,7227.68,2.41,2.27,31.8,-0.481,18.54,18.95,02a58503o0175o
58503.281597,20.618,1.766,21,36,o,0,0.78,2.87006,35.973,795.32,7265.48,2.37,2.14,-40.6,-0.423,18.43,18.81,02a58503o0182o
58503.28277,-21.956,6.341,-6,38,o,0,1.42,2.87006,35.973,10071.91,7307.4,2.38,2.26,30.2,-0.497,18.46,18.91,02a58503o0184o
58503.287662,19.505,0.528,57,30,o,0,1.52,2.87006,35.973,812.8,7148.76,2.42,2.19,-40.1,-0.422,18.32,18.76,02a58503o0193o
58503.289244,-20.703,2.189,-19,42,o,0,1.03,2.87006,35.973,10103.41,7192.41,2.34,2.23,27.2,-0.497,18.55,18.87,02a58503o0196o
58504.228687,21.562,1.494,9,13,o,0,1.06,2.87006,35.973,770.89,7227.95,2.15,1.92,-20.7,-0.453,19.46,20.75,02a58504o0071o
58504.230768,20.488,0.464,23,11,o,0,1.26,2.87006,35.973,10048.99,7266.81,2.13,1.99,28.1,-0.48,19.49,20.74,02a58504o0075o
58504.237142,22.982,5.333,2,12,o,0,1.35,2.87006,35.973,754.78,7188.7,2.17,1.92,-19.2,-0.458,19.44,20.68,02a58504o0088o
58504.239238,19.915,0.271,39,11,o,0,1.39,2.87006,35.973,10032.27,7226.8,2.17,2.02,12.4,-0.499,19.44,20.69,02a58504o0092o
58504.246124,-20.223,0.483,-30,14,o,0,0.99,2.87006,35.973,800.37,7265.29,2.13,1.9,-16.2,-0.473,19.43,20.64,02a58504o0105o
58504.247964,21.312,1.14,11,12,o,0,1.28,2.87006,35.973,10078.97,7306.17,2.13,1.99,19.7,-0.506,19.45,20.69,02a58504o0109o
58504.255496,-21.396,1.659,-10,17,o,0,0.61,2.87006,35.973,816.27,7147.55,2.17,1.92,-29.3,-0.449,19.37,20.5,02a58504o0122o
58504.257608,-21.97,2.417,-6,14,o,0,0.99,2.87006,35.973,10110.03,7190.09,2.2,2.05,23.5,-0.496,19.35,20.48,02a58504o0126o
58506.210922,-22.681,10.688,-3,33,o,0,1.33,2.87006,35.973,6897.99,5458.09,2.98,2.88,78.7,-0.44,18.55,19.39,01a58506o0035o
58506.216993,-20.859,0.854,-16,14,o,0,1.19,2.87006,35.973,6922.97,5517.12,3.26,2.72,-88.6,-0.439,19.16,20.5,01a58506o0048o
58506.224513,22.329,2.545,4,11,o,0,1.56,2.87006,35.973,6872.33,5465.68,3.18,2.67,-88.3,-0.443,19.32,20.93,01a58506o0064o
58506.233429,21.278,1.145,11,13,o,0,1.09,2.87006,35.973,6872.16,5611.16,3.3,2.72,89.0,-0.435,19.32,20.97,01a58506o0083o
58508.207063,20.573,2.453,21,53,o,0,0.82,2.87006,35.973,6666.24,3311.95,2.91,2.28,-58.2,-0.406,17.87,17.81,02a58508o0036o
58508.214183,-21.635,2.071,-8,17,o,0,1.24,2.87006,35.973,6650.23,3271.41,2.91,2.22,-59.0,-0.428,19.03,19.71,02a58508o0051o
58508.223148,-20.341,0.355,-26,9,o,0,1.82,2.87006,35.973,6711.88,3348.11,2.68,2.18,-59.6,-0.433,19.46,20.6,02a58508o0070o
58508.232517,21.83,1.549,7,10,o,0,1.49,2.87006,35.973,6726.87,3231.07,2.66,2.19,-62.5,-0.432,19.46,20.73,02a58508o0090o
58510.210393,-19.659,1.419,-50,70,o,0,1.03,2.87006,35.973,3892.15,9205.9,3.02,2.91,-11.0,-0.461,18.11,18.83,01a58510o0030o
58510.216453,-20.229,0.609,-29,18,o,0,1.18,2.87006,35.973,3908.04,9244.96,3.14,2.95,-82.9,-0.455,18.93,20.24,01a58510o0043o
58510.223876,-19.069,0.158,-86,14,o,0,0.87,2.87006,35.973,3844.42,9167.55,2.95,2.73,-81.7,-0.475,19.27,20.96,01a58510o0059o
58510.231298,-19.433,0.179,-61,11,o,0,1.39,2.87006,35.973,3829.85,9285.05,2.93,2.71,-79.4,-0.478,19.3,21.05,01a58510o0075o
58514.215118,21.053,2.828,14,39,o,0,1.21,2.87006,35.973,5896.06,7232.79,3.26,3.25,-83.3,-0.433,18.43,19.33,01a58514o0015o
58514.221623,20.895,1.229,16,20,o,0,1.37,2.87006,35.973,5912.52,7271.7,3.21,3.11,-87.2,-0.442,18.8,20.04,01a58514o0029o
58514.226946,19.474,0.362,59,21,o,0,0.95,2.87006,35.973,5847.75,7195.83,3.39,3.13,-81.2,-0.433,18.85,20.15,01a58514o0040o
58514.239007,20.748,1.317,18,24,o,0,0.97,2.87006,35.973,5835.74,7313.83,3.89,3.46,-88.9,-0.415,18.68,20.06,01a58514o0066o
58517.267538,20.295,0.509,28,14,o,0,1.31,2.87006,35.973,4019.8,3390.23,3.26,3.1,-2.4,-0.434,19.13,20.78,01a58517o0147o
58517.272225,20.398,0.596,25,15,o,0,1.26,2.87006,35.973,4036.85,3429.54,3.36,3.22,-4.6,-0.421,19.02,20.73,01a58517o0157o
58526.220013,20.509,1.492,23,34,o,0,1.14,2.87006,35.973,1953.31,7266.13,2.9,2.71,-83.2,-0.487,18.53,19.39,01a58526o0037o
58526.228069,20.539,1.031,22,23,o,0,1.13,2.87006,35.973,1982.83,7306.46,3.29,2.91,-87.7,-0.445,18.84,20.06,01a58526o0054o
58526.237465,-21.034,1.569,-14,22,o,0,1.22,2.87006,35.973,1918.79,7228.92,3.52,2.91,-88.1,-0.436,18.84,20.13,01a58526o0074o
58526.246317,21.579,2.71,8,23,o,0,1.12,2.87006,35.973,1903.51,7345.66,3.72,3.12,-87.7,-0.425,18.76,20.09,01a58526o0093o
58530.215287,18.26,1.511,180,272,o,0,1.31,2.87006,35.973,7850.52,9141.27,3.4,2.86,-82.5,-0.543,17.09,17.53,01a58530o0021o
58530.219072,19.908,2.709,40,107,o,0,1.12,2.87006,35.973,7882.31,9181.09,3.67,2.93,-85.9,-0.438,17.8,18.46,01a58530o0029o
58530.225207,-20.037,1.41,-35,50,o,0,1.03,2.87006,35.973,7815.88,9106.53,3.79,2.96,-84.0,-0.418,18.34,19.17,01a58530o0042o
58530.233609,-20.71,2.234,-19,42,o,0,1.06,2.87006,35.973,7801.02,9226.89,3.96,3.17,-83.6,-0.424,18.34,19.31,01a58530o0060o
58621.604976,-19.17,0.567,-78,44,o,0,0.87,2.87006,35.973,6228.97,9944.98,3.04,2.98,-34.8,-0.46,18.02,18.77,01a58621o0006o
58621.610588,-21.086,3.696,-13,49,o,0,0.98,2.87006,35.973,6289.26,10029.36,3.25,3.14,-23.3,-0.426,17.9,18.72,01a58621o0018o
58621.616644,19.904,1.323,40,52,o,0,1.44,2.87006,35.973,6309.49,9910.54,3.03,2.95,-24.0,-0.452,17.68,18.34,01a58621o0031o
58638.529085,19.202,1.417,76,107,o,0,0.91,2.87006,35.973,2575.61,49.34,3.62,3.09,-13.6,-0.36,17.65,18.97,01a58638o0247o
58646.513086,-24.401,32.333,-1,20,o,0,0.97,2.87006,35.973,4237.06,6210.26,3.02,2.88,-20.7,-0.433,18.84,19.96,01a58646o0607o
58647.585787,-21.01,0.575,-14,8,o,0,1.36,2.87006,35.973,4373.58,2514.63,1.98,1.93,15.5,-0.455,19.56,20.77,02a58647o0658o
58647.589097,-22.491,2.6,-4,10,o,0,1.4,2.87006,35.973,4385.46,2554.49,2.17,1.98,39.2,-0.448,19.52,20.78,02a58647o0664o
58654.477485,22.561,10.529,3,36,o,0,1.36,2.87006,35.973,377.03,6512.22,2.93,2.8,89.3,-0.433,18.45,19.28,01a58654o0521o
58654.481911,-19.953,0.93,-38,35,o,0,1.1,2.87006,35.973,359.49,6475.58,2.89,2.79,-83.9,-0.449,18.41,19.3,01a58654o0530o
58654.488346,-20.771,2.375,-18,42,o,0,1.0,2.87006,35.973,407.74,6536.2,3.08,2.97,-60.2,-0.427,18.4,19.33,01a58654o0543o
58654.498546,-20.001,0.918,-36,33,o,0,1.32,2.87006,35.973,426.83,6420.46,3.0,2.94,-37.2,-0.434,18.52,19.43,01a58654o0563o
58654.505291,19.927,0.904,39,35,o,0,0.89,2.87006,35.973,10120.93,6447.57,3.0,2.84,-86.8,-0.457,18.47,19.34,01a58654o0577o
58654.50855,20.299,1.281,28,35,o,0,1.11,2.87006,35.973,10101.58,6407.05,2.94,2.86,-75.3,-0.459,18.44,19.36,01a58654o0584o
58654.515729,-20.139,0.903,-32,29,o,0,1.19,2.87006,35.973,10164.17,6483.44,3.16,2.97,-7.7,-0.444,18.43,19.44,01a58654o0599o
58654.525902,-20.312,1.262,-27,34,o,0,0.79,2.87006,35.973,10184.42,6364.03,3.02,2.92,85.6,-0.453,18.54,19.5,01a58654o0621o
58656.50535,-20.803,1.231,-17,21,o,0,1.54,2.87006,35.973,7903.41,8606.48,2.62,2.52,-25.7,-0.431,18.9,19.66,02a58656o0568o
58656.510896,-20.942,1.39,-15,21,o,0,1.23,2.87006,35.973,7925.12,8644.67,2.27,2.25,-28.1,-0.443,19.04,19.64,02a58656o0579o
58656.514359,-20.453,0.888,-24,21,o,0,1.95,2.87006,35.973,7867.16,8565.04,2.33,2.31,-8.9,-0.43,18.98,19.61,02a58656o0586o
58656.525301,-21.039,1.636,-14,23,o,0,1.25,2.87006,35.973,7849.31,8682.27,2.28,2.17,36.3,-0.435,19.02,19.61,02a58656o0609o
58662.564043,-21.223,1.088,-12,13,o,0,1.07,2.87006,35.973,4602.94,1848.22,3.2,2.84,-14.3,-0.438,19.34,20.88,01a58662o0387o
58662.570305,-20.868,0.937,-16,15,o,0,1.16,2.87006,35.973,4590.39,1814.72,3.64,3.13,-17.8,-0.417,19.26,20.88,01a58662o0397o
58662.574366,21.097,0.887,13,12,o,0,1.67,2.87006,35.973,4646.16,1891.46,2.99,2.69,-11.0,-0.46,19.37,20.86,01a58662o0404o
58662.584667,22.86,5.167,3,14,o,0,1.26,2.87006,35.973,4662.55,1771.17,3.29,2.88,-16.1,-0.434,19.3,20.87,01a58662o0422o
58664.463931,-21.407,0.922,-10,9,c,0,1.43,2.87006,35.973,8245.57,4232.02,2.57,2.55,-71.2,-0.395,19.62,21.44,02a58664o0483c
58664.466882,23.109,4.071,2,8,c,0,1.29,2.87006,35.973,8234.37,4261.14,2.61,2.41,39.3,-0.39,19.6,21.47,02a58664o0489c
58664.472802,-23.744,8.25,-1,10,c,0,1.17,2.87006,35.973,8196.87,4194.41,2.51,2.46,-51.9,-0.399,19.64,21.51,02a58664o0501c
58664.482514,20.89,0.468,16,8,c,0,1.76,2.87006,35.973,8191.25,4311.9,2.57,2.46,32.8,-0.393,19.66,21.57,02a58664o0521c
58665.598817,-21.153,0.971,-13,12,o,0,0.86,2.87006,35.973,8116.59,7949.17,2.9,2.77,-88.0,-0.453,19.44,21.26,01a58665o0736o
58665.609276,23.783,11.5,1,13,o,0,1.1,2.87006,35.973,8100.41,7910.31,2.92,2.83,86.9,-0.447,19.39,21.0,01a58665o0756o
58665.612159,-19.188,0.173,-77,13,o,0,1.21,2.87006,35.973,8155.98,7988.81,2.84,2.72,-88.5,-0.463,19.27,20.72,01a58665o0762o
58665.621939,-20.491,3.09,-23,71,o,0,1.09,2.87006,35.973,8175.22,7872.88,2.79,2.73,74.6,-0.491,18.15,18.79,01a58665o0781o
58675.57058,21.33,1.255,11,13,o,0,1.06,2.87006,35.973,8580.37,1647.43,3.2,2.99,-27.4,-0.427,19.39,21.1,01a58675o0612o
58675.574075,21.36,1.185,10,12,o,0,1.12,2.87006,35.973,8560.75,1607.95,3.06,2.86,-25.9,-0.427,19.42,21.09,01a58675o0619o
58675.582902,21.281,0.948,11,11,o,0,1.45,2.87006,35.973,8616.77,1686.77,3.1,2.86,-21.9,-0.423,19.46,21.14,01a58675o0636o
58675.593136,-24.756,31.0,0,14,o,0,1.0,2.87006,35.973,8635.0,1570.01,3.2,2.9,-20.2,-0.412,19.32,21.04,01a58675o0656o
58678.44375,-22.043,6.533,-6,36,o,0,0.99,2.87006,35.973,8580.66,1659.97,4.22,3.95,-19.1,-0.365,18.24,19.42,01a58678o0360o
58678.446588,-19.435,0.549,-61,34,o,0,0.8,2.87006,35.973,8558.68,1618.85,4.1,3.55,-16.9,-0.354,18.39,19.45,01a58678o0366o
58678.454305,24.401,54.5,1,34,o,0,0.89,2.87006,35.973,8621.51,1696.77,3.96,3.63,-22.9,-0.373,18.34,19.48,01a58678o0382o
58678.464581,20.198,1.019,30,31,o,0,0.92,2.87006,35.973,8640.67,1577.74,3.89,3.4,-16.9,-0.365,18.54,19.59,01a58678o0403o
58678.622166,19.967,0.676,37,25,o,0,0.87,2.87006,35.973,8584.68,1630.61,3.27,2.93,-15.6,-0.409,18.75,19.73,01a58678o0732o
58680.488376,-20.319,0.596,-27,16,o,0,1.81,2.87006,35.973,2478.52,4523.1,2.03,1.85,37.9,-0.472,18.78,19.22,02a58680o0540o
58680.491995,-24.685,35.4,0,17,o,0,0.99,2.87006,35.973,2497.72,4562.12,2.15,1.87,37.9,-0.456,18.83,19.24,02a58680o0547o
58680.498387,-21.576,2.259,-8,19,o,0,1.11,2.87006,35.973,2422.9,4484.28,2.27,1.86,32.8,-0.444,18.86,19.28,02a58680o0560o
58680.511744,20.839,1.277,17,21,o,0,1.1,2.87006,35.973,2419.31,4600.03,2.46,1.88,37.3,-0.436,18.88,19.37,02a58680o0588o
58681.57444,21.728,2.921,7,22,o,0,1.03,2.87006,35.973,2402.36,8304.71,2.99,2.88,-62.5,-0.458,18.74,19.88,01a58681o0706o
58681.578431,-21.078,1.701,-14,23,o,0,1.46,2.87006,35.973,2382.63,8267.95,3.04,2.95,-53.2,-0.453,18.77,19.89,01a58681o0713o
58681.584221,-19.803,0.58,-44,25,o,0,0.88,2.87006,35.973,2442.22,8342.29,3.0,2.89,-50.9,-0.46,18.75,19.89,01a58681o0724o
58681.594871,-21.816,3.921,-7,27,o,0,0.74,2.87006,35.973,2461.27,8225.94,2.85,2.77,-32.5,-0.473,18.82,19.91,01a58681o0745o
58684.513503,20.975,1.293,15,19,o,0,1.35,2.87006,35.973,1965.36,6937.97,2.26,2.12,34.2,-0.427,19.1,19.86,02a58684o0571o
58684.516476,19.884,0.414,40,17,o,0,1.17,2.87006,35.973,1983.34,6973.39,2.25,2.06,40.8,-0.423,19.15,19.87,02a58684o0577o
58684.521714,22.726,6.043,3,18,o,0,1.37,2.87006,35.973,1922.92,6896.82,2.4,2.3,47.8,-0.421,19.02,19.88,02a58684o0588o
58684.533104,19.575,0.312,54,17,o,0,1.6,2.87006,35.973,1905.94,7014.43,2.52,2.42,30.7,-0.409,18.99,19.94,02a58684o0611o
58684.629759,20.859,2.116,16,35,o,0,0.67,2.87006,35.973,8648.29,3623.03,2.11,2.05,-12.4,-0.413,18.29,18.34,02a58684o0810o
58685.573326,21.022,1.291,14,18,o,0,1.02,2.87006,35.973,2405.77,8304.89,2.72,2.64,-44.8,-0.474,19.06,20.26,01a58685o0643o
58685.577556,-20.079,0.386,-34,13,o,0,1.35,2.87006,35.973,2385.58,8268.05,2.71,2.61,-39.7,-0.472,19.15,20.31,01a58685o0651o
58685.594845,20.82,1.0,17,17,o,0,0.96,2.87006,35.973,2441.01,8345.84,2.75,2.64,-51.0,-0.47,19.18,20.38,01a58685o0685o
58685.605357,21.227,1.264,12,15,o,0,1.16,2.87006,35.973,2458.91,8228.66,2.76,2.62,-39.5,-0.465,19.14,20.38,01a58685o0706o
58688.501318,-24.731,23.2,0,11,o,0,1.64,2.87006,35.973,1968.07,6934.42,2.1,1.89,41.6,-0.439,19.53,20.6,02a58688o0567o
58688.504676,19.786,0.273,44,12,o,0,1.21,2.87006,35.973,1986.67,6974.15,2.11,1.91,39.4,-0.437,19.51,20.6,02a58688o0574o
58688.512358,20.487,0.514,23,12,o,0,1.35,2.87006,35.973,1924.7,6888.47,2.09,1.91,39.4,-0.444,19.51,20.65,02a58688o0590o
58688.522443,20.924,0.988,16,15,o,0,0.91,2.87006,35.973,1905.71,7010.7,2.06,1.97,23.7,-0.441,19.52,20.69,02a58688o0611o
58690.515008,21.746,1.771,7,13,o,0,0.93,2.87006,35.973,2716.3,3928.71,3.19,2.99,-5.6,-0.435,19.4,21.23,01a58690o0602o
58690.518234,-24.146,13.5,-1,11,o,0,1.4,2.87006,35.973,2695.93,3889.77,3.15,2.89,-14.2,-0.435,19.43,21.26,01a58690o0609o
58690.524892,22.326,2.722,4,12,o,0,1.32,2.87006,35.973,2754.85,3971.86,3.57,3.13,-16.3,-0.404,19.36,21.28,01a58690o0623o
58690.536089,-24.381,18.667,-1,12,o,0,1.0,2.87006,35.973,2770.81,3856.06,3.34,2.98,-15.9,-0.421,19.41,21.28,01a58690o0645o
58690.633352,-18.096,1.016,-210,213,o,0,1.07,2.87006,35.973,7828.5,6628.37,3.26,2.98,-8.4,-0.508,17.26,17.76,01a58690o0844o
58691.518613,21.362,1.234,10,13,c,0,0.95,2.87006,35.973,10029.37,190.35,3.21,2.38,-54.9,-0.427,19.65,21.64,02a58691o0493c
58691.519078,22.313,1.885,4,8,c,0,1.4,2.87006,35.973,381.5,170.34,3.24,2.43,-54.3,-0.407,19.7,21.57,02a58691o0494c
58691.52192,20.957,0.765,15,12,c,0,1.33,2.87006,35.973,10048.99,229.99,3.05,2.25,-55.7,-0.429,19.7,21.62,02a58691o0500c
58691.522385,22.902,3.5,2,9,c,0,0.98,2.87006,35.973,401.55,210.92,3.14,2.38,-54.3,-0.411,19.7,21.56,02a58691o0501c
58691.527467,23.972,15.0,1,14,c,0,0.84,2.87006,35.973,9993.8,153.75,3.18,2.33,-54.8,-0.422,19.65,21.63,02a58691o0511c
58691.527938,21.14,0.776,13,10,c,0,0.91,2.87006,35.973,343.72,129.32,3.26,2.46,-55.1,-0.406,19.66,21.56,02a58691o0512c
58691.537359,20.537,0.535,22,12,c,0,1.0,2.87006,35.973,9976.35,274.08,3.0,2.19,-53.1,-0.43,19.7,21.62,02a58691o0531c
58691.537816,25.164,27.0,0,8,c,0,1.24,2.87006,35.973,328.02,246.98,3.13,2.37,-54.6,-0.413,19.74,21.56,02a58691o0532c
58692.408387,-21.037,0.758,-14,11,c,0,0.99,2.87006,35.973,8112.94,6392.58,2.62,2.56,24.1,-0.388,19.59,21.48,02a58692o0362c
58692.419781,-21.139,0.747,-13,10,c,0,0.96,2.87006,35.973,7514.78,6982.76,2.66,2.44,32.9,-0.392,19.63,21.55,02a58692o0386c
58692.426089,-22.358,2.185,-4,9,c,0,1.11,2.87006,35.973,8411.73,7260.19,2.74,2.52,36.3,-0.387,19.69,21.59,02a58692o0399c
58692.433474,-20.296,0.383,-28,11,c,0,0.95,2.87006,35.973,7233.92,6113.76,2.54,2.49,43.4,-0.394,19.64,21.63,02a58692o0415c
58692.439972,-21.73,1.0,-7,7,c,0,1.96,2.87006,35.973,8693.59,5799.36,2.76,2.48,38.6,-0.381,19.7,21.66,02a58692o0429c
58692.446,-20.375,0.354,-26,9,c,0,1.41,2.87006,35.973,6933.78,7569.65,2.7,2.45,37.2,-0.393,19.69,21.7,02a58692o0442c
58692.45501,-25.25,29.5,0,8,c,0,1.28,2.87006,35.973,7810.53,6686.97,2.74,2.45,39.6,-0.387,19.69,21.72,02a58692o0454c
58692.462495,-22.619,2.167,-3,7,c,0,2.0,2.87006,35.973,7809.5,6688.06,2.61,2.41,41.8,-0.394,19.78,21.73,02a58692o0465c
58694.483089,-21.016,0.691,-14,10,o,0,1.38,2.87006,35.973,2711.33,3925.96,2.89,2.68,-12.0,-0.459,19.45,21.21,01a58694o0424o
58694.486208,-21.662,1.229,-8,10,o,0,1.22,2.87006,35.973,2691.54,3890.41,2.72,2.59,-14.4,-0.476,19.5,21.2,01a58694o0430o
58694.492813,-21.216,1.053,-12,12,o,0,1.2,2.87006,35.973,2753.13,3968.04,2.84,2.65,-8.6,-0.469,19.26,20.95,01a58694o0443o
58694.507097,-22.168,2.308,-5,11,o,0,0.87,2.87006,35.973,2774.91,3854.96,3.02,2.78,-10.6,-0.447,19.47,21.29,01a58694o0472o
58700.566004,22.161,1.537,5,8,c,0,1.04,2.87006,35.973,674.97,2096.79,2.45,2.32,-56.8,-0.412,19.85,21.91,02a58700o0654c
58700.568866,21.375,0.831,10,8,c,0,0.65,2.87006,35.973,653.6,2057.52,2.57,2.26,-56.7,-0.413,19.88,21.91,02a58700o0660c
58700.575903,21.239,0.6,12,7,c,0,1.46,2.87006,35.973,711.5,2133.26,2.56,2.25,-57.0,-0.414,19.87,21.92,02a58700o0675c
58700.587139,-22.0,1.255,-6,7,c,0,1.16,2.87006,35.973,727.72,2014.19,2.51,2.31,-55.2,-0.409,19.86,21.91,02a58700o0699c
58700.62905,-21.528,1.533,-9,14,c,0,1.34,2.87006,35.973,677.12,2068.76,2.49,2.22,-64.1,-0.416,19.27,20.39,02a58700o0789c
58702.57871,-20.251,0.309,-29,9,o,0,1.74,2.87006,35.973,5888.59,6755.59,3.15,3.04,2.6,-0.419,19.4,21.39,01a58702o0205o
58702.581948,-20.395,0.418,-25,10,o,0,1.37,2.87006,35.973,5908.37,6793.39,2.97,2.84,-3.4,-0.444,19.46,21.37,01a58702o0212o
58702.588456,21.547,1.13,9,10,o,0,1.7,2.87006,35.973,5849.5,6716.56,3.03,2.86,-0.2,-0.436,19.44,21.38,01a58702o0226o
58702.598658,22.404,2.591,4,10,o,0,1.12,2.87006,35.973,5832.92,6832.12,2.94,2.77,-13.7,-0.441,19.51,21.41,01a58702o0248o
58702.629882,-19.146,0.32,-80,26,o,0,1.31,2.87006,35.973,5874.27,6771.16,2.91,2.78,-11.9,-0.447,18.72,19.64,01a58702o0315o
58707.532513,-19.514,0.239,-57,14,c,0,1.08,2.87006,35.973,10134.23,2150.31,2.7,2.32,-55.6,-0.425,19.21,20.32,02a58707o0619c
58707.53297,-19.87,0.307,-41,12,c,0,1.33,2.87006,35.973,355.65,2126.04,2.58,2.32,-57.8,-0.409,19.19,20.3,02a58707o0620c
58707.539421,-22.113,2.302,-5,12,c,0,1.3,2.87006,35.973,369.32,2169.95,2.51,2.3,38.2,-0.395,19.15,20.39,02a58707o0632c
58707.539878,21.105,1.111,13,15,c,0,1.01,2.87006,35.973,10153.03,2194.84,2.66,2.36,-53.9,-0.421,19.24,20.41,02a58707o0633c
58707.542603,20.458,0.426,24,10,c,0,1.88,2.87006,35.973,314.17,2083.87,2.63,2.33,-56.9,-0.411,19.25,20.44,02a58707o0638c
58707.543061,22.562,3.407,3,12,c,0,1.62,2.87006,35.973,10098.48,2113.65,2.64,2.3,-56.2,-0.415,19.27,20.46,02a58707o0639c
58707.556395,-21.694,1.228,-8,9,c,0,1.47,2.87006,35.973,299.26,2200.43,2.69,2.36,-56.6,-0.414,19.45,20.79,02a58707o0666c
58707.557091,20.999,0.725,14,10,c,0,1.12,2.87006,35.973,532.72,8343.33,2.52,2.23,-47.4,-0.424,19.44,20.82,02a58707o0667c
58710.436364,20.152,0.901,32,28,o,0,1.25,2.87006,35.973,6587.84,1746.37,3.67,3.3,-17.3,-0.407,18.4,19.32,01a58710o0423o
58710.439432,20.748,1.814,18,33,o,0,0.99,2.87006,35.973,6566.36,1707.04,3.74,3.29,-20.0,-0.395,18.41,19.33,01a58710o0429o
58710.447634,-19.03,0.352,-89,31,o,0,1.05,2.87006,35.973,6627.34,1786.17,3.84,3.48,-15.5,-0.412,18.36,19.36,01a58710o0446o
58710.457775,20.075,0.9,34,30,o,0,1.0,2.87006,35.973,6645.27,1669.55,3.54,3.2,-19.2,-0.401,18.45,19.4,01a58710o0467o
58711.485982,17.598,1.492,332,495,o,0,0.8,2.87006,35.973,10133.67,2143.25,2.5,2.4,-52.0,-0.396,15.52,15.52,02a58711o0495o
58711.488735,19.95,6.368,38,242,o,0,0.92,2.87006,35.973,350.77,2122.47,2.57,2.22,-62.1,-0.454,16.19,16.14,02a58711o0501o
58711.489192,-18.121,1.279,-205,262,o,0,1.26,2.87006,35.973,10150.55,2182.02,2.64,2.12,-55.6,-0.493,15.93,15.99,02a58711o0502o
58711.496043,18.623,2.873,129,371,o,0,1.21,2.87006,35.973,366.28,2163.14,2.54,2.29,47.0,-0.452,15.8,15.86,02a58711o0515o
58711.497416,-17.025,0.635,-563,358,o,0,1.14,2.87006,35.973,10091.89,2105.37,2.74,2.46,-43.5,-0.334,15.75,15.71,02a58711o0518o
58711.512514,19.008,2.91,90,264,o,0,1.29,2.87006,35.973,308.58,2085.17,2.45,2.04,-61.1,-0.426,15.89,15.8,02a58711o0542o
58711.538062,-17.101,0.45,-524,236,o,0,1.23,2.87006,35.973,10080.41,2239.2,2.29,2.1,-48.8,-0.334,16.09,16.09,02a58711o0543o
58711.538989,17.87,0.721,258,186,o,0,1.5,2.87006,35.973,301.33,2204.93,2.26,2.01,-59.4,-0.506,16.24,16.16,02a58711o0545o
58713.536064,20.556,0.937,22,20,o,0,1.34,2.87006,35.973,4366.04,4464.04,2.89,2.63,-7.6,-0.462,18.65,19.63,01a58713o0645o
58713.539632,-20.792,1.152,-18,20,o,0,1.66,2.87006,35.973,4386.63,4501.88,2.96,2.65,-6.8,-0.462,18.7,19.6,01a58713o0652o
58713.545924,-20.276,0.775,-28,22,o,0,1.15,2.87006,35.973,4328.47,4424.28,2.95,2.64,-2.6,-0.458,18.66,19.57,01a58713o0663o
58713.558268,-21.194,1.881,-12,23,o,0,1.33,2.87006,35.973,4314.33,4539.0,3.14,2.94,-14.4,-0.438,18.58,19.53,01a58713o0687o
58714.432483,19.616,0.696,52,36,o,0,0.67,2.87006,35.973,6162.02,6103.89,3.02,2.78,-8.9,-0.428,18.49,19.37,01a58714o0459o
58714.435568,-20.007,0.77,-36,28,o,0,1.45,2.87006,35.973,6140.85,6065.02,3.09,2.82,-10.4,-0.414,18.55,19.37,01a58714o0465o
58714.443708,22.1,6.037,5,32,o,0,0.96,2.87006,35.973,6199.82,6143.19,3.05,2.89,-13.0,-0.422,18.49,19.35,01a58714o0482o
58714.454452,-20.146,0.974,-32,31,o,0,1.15,2.87006,35.973,6217.95,6026.65,3.14,2.98,-9.5,-0.407,18.44,19.32,01a58714o0504o
58714.636923,-19.446,0.96,-60,58,o,0,0.98,2.87006,35.973,4363.67,4473.04,3.17,2.82,-13.1,-0.434,17.63,18.18,01a58714o0877o
58716.480003,-20.314,0.403,-27,11,o,0,1.62,2.87006,35.973,9822.71,6527.26,2.27,2.15,62.6,-0.447,19.35,20.2,02a58716o0537o
58716.48322,-19.756,0.308,-45,14,o,0,1.12,2.87006,35.973,9844.46,6562.44,2.26,2.16,58.9,-0.443,19.33,20.17,02a58716o0544o
58716.489069,-19.7,0.276,-48,13,o,0,1.09,2.87006,35.973,9783.32,6492.82,2.24,2.1,40.2,-0.442,19.32,20.12,02a58716o0556o
58716.500192,23.316,9.0,2,15,o,0,1.12,2.87006,35.973,9765.19,6611.04,2.27,2.16,49.9,-0.443,19.33,20.1,02a58716o0579o
58720.426212,-20.234,0.301,-29,9,c,0,1.27,2.87006,35.973,9814.77,6520.93,2.98,2.44,35.1,-0.388,19.74,21.88,02a58720o0439c
58720.429247,22.299,2.067,4,9,c,0,0.89,2.87006,35.973,9837.32,6557.16,2.65,2.58,40.5,-0.413,19.82,21.88,02a58720o0445c
58720.435132,-20.89,0.518,-16,8,c,0,1.43,2.87006,35.973,9780.35,6479.03,2.65,2.54,42.4,-0.408,19.82,21.89,02a58720o0457c
58720.445811,-22.888,3.278,-2,8,c,0,1.02,2.87006,35.973,9762.65,6603.45,2.68,2.49,40.4,-0.406,19.81,21.9,02a58720o0479c
58721.572895,-22.185,2.218,-5,11,o,0,0.91,2.87006,35.973,6188.98,440.1,1.95,1.8,-80.8,-0.448,19.46,20.52,01a58721o0729o
58721.57839,-20.782,0.561,-18,10,o,0,1.32,2.87006,35.973,6208.33,479.32,2.05,1.81,-89.0,-0.447,19.54,20.61,01a58721o0739o
58721.582188,20.562,0.467,22,10,o,0,1.36,2.87006,35.973,6152.89,401.22,2.03,1.85,-85.2,-0.448,19.34,20.39,01a58721o0747o
58721.592396,20.886,1.427,16,23,o,0,0.85,2.87006,35.973,6138.05,519.66,1.95,1.83,-81.2,-0.443,18.85,19.72,01a58721o0767o
58723.57254,21.301,0.867,11,10,c,0,0.72,2.87006,35.973,6218.63,10015.37,2.68,2.55,-52.3,-0.418,19.86,22.01,02a58723o0608c
58723.579494,21.11,0.629,13,8,c,0,1.47,2.87006,35.973,6195.82,9974.0,2.62,2.39,-52.0,-0.426,19.88,21.98,02a58723o0621c
58723.582886,22.42,2.069,4,8,c,0,0.97,2.87006,35.973,6251.31,10052.23,2.59,2.41,-50.7,-0.425,19.87,21.98,02a58723o0628c
58723.592862,21.406,1.0,10,10,c,0,0.91,2.87006,35.973,6267.58,9935.18,2.65,2.6,-69.7,-0.423,19.84,21.95,02a58723o0649c
58727.436687,21.023,0.532,14,8,c,0,1.06,2.87006,35.973,4359.51,561.5,2.61,2.36,-64.3,-0.41,19.78,21.8,02a58727o0390c
58727.442846,25.372,35.0,0,9,c,0,1.05,2.87006,35.973,4378.92,600.37,2.58,2.31,-65.8,-0.411,19.77,21.75,02a58727o0403c
58727.457927,-20.651,0.5,-20,10,c,0,1.22,2.87006,35.973,4324.72,521.85,2.43,2.17,-63.4,-0.408,19.39,21.32,02a58727o0432c
58727.467768,-21.59,0.814,-8,7,c,0,1.55,2.87006,35.973,4306.94,641.44,2.44,2.29,-71.3,-0.412,19.78,21.86,02a58727o0449c
58732.482662,-21.177,0.54,-12,7,o,0,1.69,2.87006,35.973,6662.83,3707.77,2.03,1.85,34.8,-0.441,19.84,21.28,02a58732o0494o
58732.485874,-21.795,1.225,-7,8,o,0,1.31,2.87006,35.973,6643.05,3669.49,1.98,1.85,31.5,-0.444,19.8,21.21,02a58732o0501o
58732.491964,-22.426,2.174,-4,8,o,0,0.98,2.87006,35.973,6698.31,3746.25,1.97,1.81,29.8,-0.448,19.81,21.2,02a58732o0514o
58732.502542,-21.274,0.977,-11,11,o,0,0.59,2.87006,35.973,6713.99,3629.96,2.01,1.82,29.0,-0.441,19.76,21.09,02a58732o0537o
58733.464144,23.955,13.0,1,12,o,0,0.84,2.87006,35.973,4299.34,8158.43,2.41,2.15,-87.3,-0.419,19.44,20.96,01a58733o0516o
58733.467398,-22.301,2.235,-4,10,o,0,0.92,2.87006,35.973,4280.25,8119.53,2.38,2.12,88.2,-0.418,19.45,21.01,01a58733o0523o
58733.474829,21.054,0.61,14,8,o,0,1.38,2.87006,35.973,6206.15,2364.66,2.28,2.0,79.1,-0.409,19.6,21.23,01a58733o0538o
58733.4895,-22.441,2.222,-4,8,o,0,1.09,2.87006,35.973,6191.82,2479.21,2.14,2.06,72.6,-0.401,19.57,21.18,01a58733o0567o
58736.430087,-20.129,0.933,-32,30,o,0,1.75,2.87006,35.973,3940.01,6861.12,2.16,2.08,49.0,-0.441,18.23,18.71,02a58736o0281o
58736.433556,20.236,1.083,29,32,o,0,1.23,2.87006,35.973,3957.69,6895.9,2.13,2.05,29.9,-0.45,18.53,19.02,02a58736o0288o
58736.44582,-18.974,0.166,-93,16,o,0,1.0,2.87006,35.973,3903.2,6824.62,2.24,2.1,50.2,-0.433,19.13,19.93,02a58736o0313o
58736.458937,-21.03,1.237,-14,17,o,0,1.44,2.87006,35.973,3886.98,6945.29,2.15,2.05,38.2,-0.439,19.16,19.91,02a58736o0340o
58737.494082,20.631,0.626,20,13,o,0,0.97,2.87006,35.973,4349.11,2510.12,2.41,2.09,84.2,-0.383,19.1,19.91,01a58737o0488o
58737.497753,22.973,5.583,2,13,o,0,1.13,2.87006,35.973,4370.83,2549.13,2.39,2.06,80.9,-0.391,19.14,19.9,01a58737o0495o
58737.503389,23.078,5.045,2,11,o,0,2.0,2.87006,35.973,4313.1,2470.42,2.31,2.08,77.5,-0.399,19.14,19.88,01a58737o0507o
58737.515809,20.368,0.631,26,16,o,0,1.04,2.87006,35.973,4295.67,2585.98,2.13,1.87,78.0,-0.408,19.08,19.68,01a58737o0531o
58739.428234,-19.452,0.67,-60,40,o,0,1.1,2.87006,35.973,8150.93,341.24,2.32,1.7,-53.1,-0.452,18.11,18.27,02a58739o0467o
58739.43347,20.952,2.058,15,31,o,0,1.56,2.87006,35.973,8170.05,383.41,2.27,1.72,-54.6,-0.449,18.4,18.65,02a58739o0477o
58739.447085,-16.521,0.707,-894,632,o,0,0.4,2.87006,35.973,2643.0,45.6,2.13,1.76,-62.1,-0.424,16.78,16.8,02a58739o0504o
58739.454753,19.288,0.753,70,53,o,0,0.5,2.87006,35.973,8114.65,304.09,2.19,1.64,-56.0,-0.476,18.34,18.55,02a58739o0519o
58739.457707,21.528,3.475,9,31,o,0,1.06,2.87006,35.973,8095.78,427.56,2.14,1.62,-56.8,-0.476,18.4,18.63,02a58739o0525o
58740.525773,18.328,8.186,169,1387,o,0,0.0,2.87006,35.973,2608.55,41.63,2.2,1.78,-57.3,-0.409,18.69,18.91,02a58740o0550o
58743.448212,-20.532,0.823,-22,18,o,0,0.97,2.87006,35.973,8154.42,348.79,1.94,1.7,-68.1,-0.483,18.99,19.55,02a58743o0481o
58743.452916,21.844,2.75,7,18,o,0,1.08,2.87006,35.973,2438.43,10190.29,2.06,1.84,-53.8,-0.477,19.07,19.68,02a58743o0490o
58743.456194,20.377,0.733,26,19,o,0,1.2,2.87006,35.973,2639.2,51.64,2.11,1.85,-68.3,-0.407,19.06,19.72,02a58743o0497o
58743.462927,21.464,1.724,9,16,o,0,0.79,2.87006,35.973,2490.32,10272.3,2.05,1.88,-55.0,-0.466,19.07,19.7,02a58743o0509o
58743.469497,-20.682,1.01,-19,20,o,0,0.72,2.87006,35.973,2509.78,10153.3,2.04,1.89,-51.3,-0.466,19.06,19.68,02a58743o0522o
58744.44839,24.531,23.0,1,13,o,0,1.57,2.87006,35.973,2455.42,10236.68,2.2,1.76,-54.6,-0.471,19.2,19.92,02a58744o0510o
58744.451594,21.375,1.602,10,16,o,0,0.75,2.87006,35.973,2436.72,10196.51,2.12,1.71,-53.6,-0.488,19.23,19.9,02a58744o0517o
58744.458047,22.3,3.646,4,16,o,0,0.98,2.87006,35.973,2487.98,10274.39,2.15,1.73,-52.2,-0.478,19.21,19.9,02a58744o0530o
58744.458504,21.905,2.493,6,16,o,0,0.87,2.87006,35.973,2633.19,51.6,2.06,1.8,-69.9,-0.427,19.22,19.9,02a58744o0531o
58744.468164,-21.211,1.389,-12,16,o,0,1.04,2.87006,35.973,2508.9,10156.37,2.1,1.77,-55.8,-0.48,19.2,19.91,02a58744o0552o
58745.471998,-21.584,1.939,-8,16,o,0,0.83,2.87006,35.973,7946.16,8559.32,2.17,1.83,-89.6,-0.397,19.14,19.64,01a58745o0501o
58745.4753,-22.138,2.661,-5,14,o,0,1.47,2.87006,35.973,7966.59,8597.94,2.18,1.85,90.0,-0.393,19.13,19.65,01a58745o0508o
58745.480996,22.606,4.286,3,14,o,0,0.84,2.87006,35.973,7906.6,8520.62,2.05,1.78,-88.3,-0.405,19.17,19.67,01a58745o0520o
58745.493365,-20.305,0.602,-27,16,o,0,1.16,2.87006,35.973,7889.23,8636.82,2.14,1.89,-86.5,-0.412,18.99,19.41,01a58745o0545o
58746.446914,-20.333,2.292,-27,61,o,0,0.77,2.87006,35.973,7948.72,8563.45,2.11,1.94,83.8,-0.402,17.81,17.94,01a58746o0528o
58746.450604,20.411,1.0,25,25,o,0,1.32,2.87006,35.973,7969.28,8601.73,2.11,1.88,-87.6,-0.387,18.34,18.59,01a58746o0536o
58746.457075,19.192,0.605,76,46,o,0,1.21,2.87006,35.973,7909.18,8523.93,2.07,1.9,89.2,-0.401,17.98,18.15,01a58746o0550o
58746.4686,-18.802,0.993,-110,109,o,0,1.0,2.87006,35.973,7891.89,8639.54,2.05,1.9,-86.6,-0.398,17.33,17.39,01a58746o0575o
58748.48465,15.744,0.483,1830,884,o,0,1.72,2.87006,35.973,4232.94,6215.82,2.09,1.77,31.0,-0.442,14.85,15.22,02a58748o0560o
58748.487485,-21.732,5.946,-7,44,o,0,0.77,2.87006,35.973,4213.44,6176.82,1.98,1.75,30.1,-0.441,18.22,19.06,02a58748o0566o
58748.493024,-21.46,1.009,-10,10,o,0,1.19,2.87006,35.973,4270.26,6253.18,1.98,1.77,31.3,-0.436,19.56,20.64,02a58748o0578o
58748.504189,19.224,2.444,74,181,o,0,1.13,2.87006,35.973,4288.44,6135.6,2.0,1.74,35.6,-0.448,16.3,16.79,02a58748o0602o
58750.475831,21.83,1.0,7,7,o,0,1.79,2.87006,35.973,7957.73,8558.18,2.05,1.82,-86.1,-0.41,19.79,21.14,01a58750o0113o
58750.479563,21.445,1.023,10,10,o,0,0.88,2.87006,35.973,7979.01,8596.9,2.05,1.79,-82.7,-0.412,19.77,21.11,01a58750o0121o
58750.485116,-25.301,31.0,0,8,o,0,0.98,2.87006,35.973,7919.45,8520.57,1.89,1.78,-83.1,-0.411,19.87,21.15,01a58750o0133o
58750.494919,20.888,0.44,16,7,o,0,1.28,2.87006,35.973,7901.23,8637.2,1.9,1.84,89.6,-0.409,19.82,21.18,01a58750o0154o
58752.432895,20.733,0.364,18,7,c,0,1.7,2.87006,35.973,4248.38,6217.54,2.33,2.29,19.7,-0.4,19.87,21.87,02a58752o0456c
58752.436214,22.118,1.234,5,6,c,0,1.2,2.87006,35.973,4227.66,6178.71,2.31,2.27,17.7,-0.402,19.85,21.85,02a58752o0463c
58752.442755,21.352,0.677,10,7,c,0,1.48,2.87006,35.973,4283.06,6255.29,2.36,2.28,20.3,-0.397,19.85,21.85,02a58752o0477c
58752.454736,23.557,6.25,1,9,c,0,0.94,2.87006,35.973,4299.13,6140.04,2.46,2.23,27.2,-0.393,19.84,21.85,02a58752o0503c
58754.437303,-24.291,11.857,-1,8,o,0,1.21,2.87006,35.973,8248.75,4190.5,2.28,2.13,-86.7,-0.41,19.78,21.32,01a58754o0517o
58754.444994,20.626,0.413,20,8,o,0,1.46,2.87006,35.973,8269.99,4228.15,2.47,2.26,-12.8,-0.38,19.71,21.35,01a58754o0533o
58754.448218,21.157,0.713,12,9,o,0,0.91,2.87006,35.973,8211.79,4153.0,2.23,2.15,-35.3,-0.397,19.8,21.37,01a58754o0540o
58754.460534,21.176,0.605,12,7,o,0,1.71,2.87006,35.973,8193.56,4268.53,2.36,2.26,-77.0,-0.397,19.65,21.32,01a58754o0566o
58755.43812,20.741,0.431,18,8,c,0,0.97,2.87006,35.973,379.39,6484.81,2.38,2.23,-50.2,-0.389,19.73,21.62,02a58755o0492c
58755.439492,23.384,5.417,2,9,c,0,0.91,2.87006,35.973,10144.42,6502.53,2.58,2.5,-72.5,-0.402,19.75,21.61,02a58755o0495c
58755.441568,21.296,0.673,11,7,c,0,1.02,2.87006,35.973,359.63,6443.98,2.44,2.17,-47.6,-0.381,19.73,21.6,02a58755o0499c
58755.442941,-20.901,0.6,-16,10,c,0,0.87,2.87006,35.973,10124.15,6462.12,2.59,2.54,-84.1,-0.403,19.73,21.6,02a58755o0502c
58755.44778,20.586,0.351,21,7,c,0,1.61,2.87006,35.973,416.33,6521.95,2.44,2.26,-48.4,-0.395,19.73,21.61,02a58755o0512c
58755.450203,-22.194,1.829,-5,9,c,0,1.06,2.87006,35.973,10180.97,6539.82,2.61,2.53,-70.4,-0.4,19.75,21.61,02a58755o0517c
58755.459016,21.374,0.811,10,8,c,0,1.05,2.87006,35.973,432.62,6404.15,2.41,2.29,-53.2,-0.392,19.71,21.59,02a58755o0535c
58755.460219,-21.865,1.478,-6,10,c,0,0.98,2.87006,35.973,10197.29,6427.32,2.64,2.56,-72.6,-0.401,19.72,21.6,02a58755o0537c
58756.561959,21.547,0.844,9,7,c,0,1.55,2.87006,35.973,346.55,6478.69,2.61,2.46,-45.0,-0.358,19.5,21.36,02a58756o0478c
58756.565186,20.924,0.519,16,8,c,0,1.36,2.87006,35.973,328.55,6439.01,2.45,2.24,-43.9,-0.371,19.59,21.38,02a58756o0485c
58756.568481,-22.174,1.967,-5,10,c,0,1.35,2.87006,35.973,10104.27,6507.33,2.76,2.68,25.2,-0.394,19.61,21.46,02a58756o0492c
58756.570789,20.744,0.476,18,9,c,0,1.31,2.87006,35.973,387.85,6515.01,2.54,2.34,-44.2,-0.363,19.58,21.39,02a58756o0497c
58756.571702,-22.184,2.0,-5,10,c,0,1.22,2.87006,35.973,10085.71,6466.87,2.72,2.68,5.7,-0.397,19.6,21.46,02a58756o0499c
58756.577237,-22.049,2.031,-6,11,c,0,0.8,2.87006,35.973,10149.49,6545.02,2.83,2.74,-55.7,-0.392,19.58,21.45,02a58756o0511c
58756.581428,21.857,1.089,7,7,c,0,2.32,2.87006,35.973,412.85,6396.83,2.68,2.48,-43.5,-0.367,19.44,21.29,02a58756o0520c
58756.587526,-20.261,0.352,-28,10,c,0,1.33,2.87006,35.973,10168.69,6429.56,2.77,2.76,18.9,-0.396,19.51,21.35,02a58756o0533c
58757.45996,-22.38,2.244,-4,9,o,0,1.01,2.87006,35.973,8247.52,4188.58,2.48,1.9,-88.3,-0.432,19.72,21.11,01a58757o0535o
58757.465635,22.132,1.517,5,8,o,0,0.88,2.87006,35.973,8272.42,4226.97,2.29,1.78,89.9,-0.434,19.77,21.15,01a58757o0545o
58757.470026,21.287,0.612,11,7,o,0,2.0,2.87006,35.973,8212.09,4149.4,2.29,1.78,-87.5,-0.437,19.71,21.06,01a58757o0553o
58757.485501,21.556,1.011,9,9,o,0,1.08,2.87006,35.973,8196.3,4267.35,2.33,1.89,-87.6,-0.429,19.68,20.99,01a58757o0584o
58758.409915,22.384,1.884,4,8,o,0,1.12,2.87006,35.973,2309.09,6347.53,2.23,2.05,83.9,-0.418,19.76,21.29,01a58758o0469o
58758.415264,-21.398,0.705,-10,7,o,0,1.77,2.87006,35.973,8265.25,4234.31,2.44,2.14,89.6,-0.405,19.7,21.27,01a58758o0480o
58758.418484,20.954,0.685,15,10,o,0,0.72,2.87006,35.973,8208.02,4158.33,2.55,2.31,-88.1,-0.398,19.6,21.15,01a58758o0487o
58758.4314,23.689,7.417,1,9,o,0,1.31,2.87006,35.973,8190.43,4270.22,2.45,2.01,-88.5,-0.418,19.71,21.2,01a58758o0514o
58761.499286,-22.403,2.651,-4,10,o,0,0.87,2.87006,35.973,2434.29,635.31,2.14,1.97,64.9,-0.461,19.59,20.83,01a58761o0607o
58761.502574,20.829,0.531,17,9,o,0,1.36,2.87006,35.973,2452.57,675.0,2.21,1.95,69.1,-0.464,19.58,20.81,01a58761o0614o
58761.507831,-21.899,1.86,-6,12,o,0,0.87,2.87006,35.973,2395.67,595.19,2.35,2.14,69.1,-0.466,19.52,20.82,01a58761o0625o
58761.521576,23.517,7.938,1,11,o,0,0.7,2.87006,35.973,2379.05,712.69,2.12,1.94,68.8,-0.453,19.57,20.7,01a58761o0653o
58762.435078,-21.132,0.806,-13,10,o,0,0.65,2.87006,35.973,2422.28,640.35,2.03,1.84,60.4,-0.461,19.7,21.15,01a58762o0527o
58762.438765,21.845,1.389,7,9,o,0,1.07,2.87006,35.973,2442.25,679.05,2.17,1.94,67.0,-0.456,19.7,21.18,01a58762o0535o
58762.445265,22.405,1.979,4,8,o,0,1.35,2.87006,35.973,2384.6,599.06,2.05,1.82,68.0,-0.463,19.75,21.19,01a58762o0549o
58762.456874,21.429,0.839,10,8,o,0,1.36,2.87006,35.973,2368.48,715.0,2.09,1.79,69.0,-0.463,19.74,21.11,01a58762o0574o
58763.555501,-23.049,3.833,-2,8,c,0,1.15,2.87006,35.973,4630.04,1857.65,2.35,2.27,73.8,-0.395,19.57,21.29,02a58763o0619c
58763.566722,22.77,3.348,3,10,c,0,1.08,2.87006,35.973,4614.89,1813.94,2.31,2.24,-81.6,-0.398,19.5,21.13,02a58763o0641c
58763.569774,-22.135,2.0,-5,10,c,0,0.89,2.87006,35.973,4674.36,1892.04,2.32,2.25,-68.3,-0.398,19.48,21.09,02a58763o0647c
58763.58189,-21.654,1.138,-8,9,c,0,1.07,2.87006,35.973,4697.31,1775.62,2.37,2.31,66.9,-0.398,19.38,21.0,02a58763o0671c
58764.392098,-19.49,0.162,-58,9,o,0,1.12,2.87006,35.973,4661.05,1858.84,1.85,1.84,41.7,-0.448,19.5,20.35,02a58764o0409o
58764.394933,-20.625,0.512,-20,10,o,0,1.14,2.87006,35.973,4640.38,1819.58,1.86,1.84,33.2,-0.45,19.5,20.32,02a58764o0415o
58764.40099,21.882,1.506,6,10,o,0,1.52,2.87006,35.973,4697.42,1896.57,1.86,1.85,15.6,-0.446,19.48,20.32,02a58764o0428o
58764.411665,-20.421,0.414,-25,10,o,0,0.99,2.87006,35.973,4713.15,1778.32,1.87,1.85,25.6,-0.444,19.44,20.31,02a58764o0451o
58764.496834,22.702,3.333,3,10,o,0,1.06,2.87006,35.973,4658.13,1834.93,1.91,1.83,49.5,-0.449,19.56,20.58,02a58764o0632o
58765.392698,20.498,0.532,23,12,o,0,1.4,2.87006,35.973,2413.76,644.57,2.19,1.91,61.7,-0.464,19.26,20.11,01a58765o0395o
58765.399602,20.472,0.561,24,13,o,0,1.13,2.87006,35.973,2433.81,683.24,2.14,1.87,63.0,-0.465,19.28,20.1,01a58765o0409o
58765.410968,20.524,0.453,22,10,o,0,1.67,2.87006,35.973,2376.52,602.55,2.05,1.81,65.4,-0.461,19.35,20.11,01a58765o0431o
58765.41621,-21.329,1.254,-11,13,o,0,1.25,2.87006,35.973,2361.71,720.39,2.19,1.97,65.7,-0.452,19.27,20.08,01a58765o0441o
58768.375382,-18.482,1.255,-147,184,o,0,0.65,2.87006,35.973,5943.09,8718.15,2.4,2.07,44.3,-0.517,17.82,17.87,02a58768o0392o
58768.378808,-18.827,2.822,-107,302,o,0,1.18,2.87006,35.973,5962.61,8757.93,2.44,2.11,45.0,-0.618,17.44,17.46,02a58768o0399o
58768.384959,-19.094,0.667,-84,56,o,0,1.9,2.87006,35.973,4700.66,1899.67,2.18,1.93,36.6,-0.438,17.58,17.71,02a58768o0412o
58768.398351,19.718,1.867,47,88,o,0,0.8,2.87006,35.973,4718.16,1782.82,2.14,1.93,37.9,-0.457,17.32,17.23,02a58768o0440o
58769.41887,20.788,1.63,18,29,o,0,1.21,2.87006,35.973,2480.25,4531.06,2.48,2.4,57.2,-0.402,18.51,18.75,01a58769o0484o
58769.428372,19.649,0.489,50,25,o,0,1.18,2.87006,35.973,2500.46,4569.16,2.31,2.04,82.1,-0.422,18.59,18.71,01a58769o0504o
58769.431933,-20.788,1.291,-18,23,o,0,1.47,2.87006,35.973,2443.68,4490.3,2.3,2.04,81.5,-0.42,18.55,18.67,01a58769o0511o
58769.444714,-19.792,0.563,-44,25,o,0,1.2,2.87006,35.973,2426.89,4605.42,2.24,1.97,81.8,-0.421,18.57,18.62,01a58769o0537o
58770.394009,20.706,0.901,19,17,o,0,2.05,2.87006,35.973,2480.87,4534.05,2.4,2.27,60.3,-0.401,18.61,18.95,01a58770o0450o
58770.397236,-21.175,1.849,-12,23,o,0,0.92,2.87006,35.973,2501.08,4572.63,2.31,2.19,64.6,-0.415,18.65,18.95,01a58770o0457o
58770.403744,-20.321,0.779,-27,21,o,0,1.26,2.87006,35.973,2442.89,4493.72,2.33,2.13,75.5,-0.413,18.65,18.94,01a58770o0471o
58770.415729,19.612,0.402,52,21,o,0,1.07,2.87006,35.973,2426.18,4608.64,2.34,2.04,82.1,-0.422,18.67,18.89,01a58770o0497o
58771.468965,21.871,8.13,6,53,o,0,0.96,2.87006,35.973,8078.37,7994.37,2.29,2.22,74.3,-0.443,18.57,18.91,02a58771o0584o
58771.472294,-19.635,0.945,-51,48,o,0,1.36,2.87006,35.973,8059.2,7954.61,2.25,2.2,81.5,-0.445,18.61,18.9,02a58771o0591o
58771.478799,-20.454,2.251,-24,54,o,0,1.5,2.87006,35.973,8116.61,8034.59,2.29,2.23,86.2,-0.446,18.52,18.87,02a58771o0605o
58771.488576,-18.707,0.371,-120,44,o,0,0.81,2.87006,35.973,8134.69,7917.02,2.19,2.1,57.6,-0.45,18.54,18.83,02a58771o0625o
58773.439992,22.681,4.744,3,15,o,0,1.11,2.87006,35.973,2481.39,4527.81,2.13,1.76,83.1,-0.431,19.22,19.7,01a58773o0520o
58773.450601,-19.834,0.316,-42,13,o,0,1.84,2.87006,35.973,2502.15,4564.95,2.17,1.83,83.6,-0.431,19.18,19.62,01a58773o0542o
58773.45626,-19.215,0.15,-75,11,o,0,1.71,2.87006,35.973,2444.14,4486.46,2.16,1.82,81.7,-0.428,19.18,19.61,01a58773o0553o
58773.459558,-19.989,0.44,-37,16,o,0,0.99,2.87006,35.973,2425.56,4602.18,2.36,1.93,84.2,-0.422,19.07,19.6,01a58773o0560o
58774.372772,22.051,2.265,6,12,o,0,0.9,2.87006,35.973,2478.35,4537.3,2.18,1.79,75.6,-0.427,19.41,20.2,01a58774o0413o
58774.375996,21.781,1.534,7,11,o,0,1.54,2.87006,35.973,2498.56,4575.82,2.15,1.79,78.8,-0.433,19.41,20.21,01a58774o0420o
58774.381984,20.842,0.662,17,11,o,0,1.5,2.87006,35.973,2440.68,4496.88,2.13,1.8,76.4,-0.431,19.45,20.21,01a58774o0433o
58774.395917,21.605,1.287,8,11,o,0,1.85,2.87006,35.973,2424.65,4610.96,2.19,1.81,80.9,-0.43,19.44,20.21,01a58774o0462o
58775.394045,22.786,4.038,3,11,o,0,1.4,2.87006,35.973,8105.49,7994.42,2.2,2.11,-75.0,-0.427,19.41,20.3,02a58775o0421o
58775.39942,20.999,0.977,14,14,o,0,1.19,2.87006,35.973,8084.87,7955.8,2.25,2.14,-79.0,-0.426,19.39,20.28,02a58775o0431o
58775.411949,-19.804,0.281,-44,12,o,0,1.95,2.87006,35.973,8139.36,8038.04,2.39,2.3,-77.0,-0.415,19.34,20.29,02a58775o0456o
58775.41825,-21.937,3.275,-6,20,o,0,0.83,2.87006,35.973,8155.15,7916.81,2.27,2.19,-84.6,-0.429,19.25,20.12,02a58775o0468o
58777.434518,-20.455,0.679,-24,16,o,0,1.45,2.87006,35.973,1990.36,6944.78,2.34,1.94,-89.6,-0.424,19.01,19.72,01a58777o0526o
58777.444366,24.964,45.0,0,17,o,0,0.97,2.87006,35.973,2011.49,6982.53,2.49,2.05,88.9,-0.42,19.15,20.0,01a58777o0546o
58777.448071,-21.302,1.714,-11,19,o,0,0.96,2.87006,35.973,1953.6,6904.27,2.49,2.06,88.0,-0.412,19.08,19.97,01a58777o0554o
58777.458938,20.153,0.398,32,12,o,0,1.4,2.87006,35.973,1934.77,7019.45,2.66,2.09,-88.9,-0.398,19.35,20.32,01a58777o0576o
58778.402516,23.626,7.0,1,9,o,0,1.34,2.87006,35.973,1994.65,6945.74,2.35,1.91,-89.4,-0.42,19.65,20.92,01a58778o0387o
58778.405736,-23.534,5.875,-1,8,o,0,1.41,2.87006,35.973,2015.03,6984.55,2.22,1.91,-86.2,-0.427,19.69,20.93,01a58778o0394o
58778.411265,21.735,1.146,7,8,o,0,1.24,2.87006,35.973,1955.63,6906.32,2.1,1.75,-88.6,-0.433,19.74,20.92,01a58778o0406o
58778.42191,21.173,0.808,12,10,o,0,1.46,2.87006,35.973,1936.69,7021.23,2.46,1.94,86.9,-0.423,19.64,20.86,01a58778o0429o
58780.370788,21.556,0.962,9,8,c,0,0.85,2.87006,35.973,8631.96,1696.6,2.46,2.14,-56.5,-0.418,19.81,21.69,02a58780o0401c
58780.374009,21.316,0.698,11,8,c,0,1.5,2.87006,35.973,8613.32,1657.36,2.47,2.16,-57.6,-0.416,19.79,21.68,02a58780o0408c
58780.379549,22.615,2.276,3,7,c,0,1.13,2.87006,35.973,8669.03,1736.21,2.48,2.16,-59.7,-0.415,19.78,21.68,02a58780o0420c
58780.390264,22.584,2.233,3,8,c,0,1.75,2.87006,35.973,8687.67,1619.24,2.47,2.14,-58.9,-0.418,19.8,21.72,02a58780o0443c
58782.41133,21.022,1.443,14,20,o,0,1.01,2.87006,35.973,1996.03,6939.45,2.42,1.97,89.4,-0.41,18.73,19.85,01a58782o0151o
58782.415053,19.655,0.473,50,24,o,0,1.47,2.87006,35.973,2014.96,6977.39,2.41,1.94,87.0,-0.411,18.62,19.69,01a58782o0159o
58782.420334,-21.382,1.393,-10,14,o,0,1.03,2.87006,35.973,1956.57,6899.61,2.22,1.83,86.2,-0.426,19.26,20.4,01a58782o0170o
58782.430584,-21.96,4.174,-6,25,o,0,1.54,2.87006,35.973,1938.12,7015.23,2.2,1.88,-88.0,-0.426,18.39,19.46,01a58782o0192o
58784.38685,21.622,1.152,8,9,c,0,1.02,2.87006,35.973,8625.06,1698.32,2.53,2.33,-58.8,-0.404,19.74,21.56,02a58784o0334c
58784.390073,-23.995,8.375,-1,8,c,0,1.32,2.87006,35.973,8605.0,1658.83,2.42,2.24,-61.9,-0.409,19.73,21.56,02a58784o0341c
58784.39556,22.189,1.575,5,8,c,0,1.04,2.87006,35.973,8662.24,1737.86,2.51,2.31,-57.9,-0.404,19.74,21.53,02a58784o0353c
58784.406771,22.634,2.607,3,8,c,0,1.03,2.87006,35.973,8680.47,1620.0,2.44,2.22,-59.3,-0.41,19.79,21.52,02a58784o0377c
58785.339324,21.559,1.362,9,12,o,0,1.07,2.87006,35.973,9985.24,121.24,2.82,2.18,85.8,-0.379,19.5,20.83,01a58785o0193o
58785.343386,-22.205,2.209,-5,10,o,0,1.06,2.87006,35.973,10004.82,159.57,2.65,2.04,-84.2,-0.367,19.59,20.82,01a58785o0201o
58785.348541,-20.176,0.426,-31,13,o,0,1.1,2.87006,35.973,9947.43,82.31,2.5,1.99,-89.1,-0.404,19.67,20.81,01a58785o0211o
58785.366248,-22.838,4.467,-3,12,o,0,1.31,2.87006,35.973,9930.37,198.81,3.29,2.65,-82.5,-0.391,19.41,20.86,01a58785o0247o
58785.416701,-21.994,1.764,-6,10,o,0,1.33,2.87006,35.973,345.83,187.89,2.37,1.87,72.0,-0.458,19.62,20.92,01a58785o0350o
58785.419667,20.986,0.812,15,12,o,0,1.05,2.87006,35.973,366.72,227.06,2.38,1.9,68.0,-0.462,19.63,20.94,01a58785o0356o
58785.426004,-22.051,2.031,-6,11,o,0,0.85,2.87006,35.973,310.25,145.33,1.99,1.73,62.5,-0.498,19.75,20.97,01a58785o0368o
58785.43771,-21.722,1.235,-7,9,o,0,1.36,2.87006,35.973,297.03,262.31,2.11,1.85,61.9,-0.473,19.75,21.0,01a58785o0391o
58786.477538,21.081,0.888,13,12,o,0,0.89,2.87006,35.973,10096.66,10365.33,1.96,1.83,46.4,-0.455,19.58,20.58,01a58786o0008o
58786.480759,20.447,0.492,24,12,o,0,0.84,2.87006,35.973,10117.81,10404.48,1.96,1.85,73.6,-0.447,19.54,20.6,01a58786o0015o
58787.406042,-20.984,0.528,-15,8,c,0,1.67,2.87006,35.973,2370.5,8274.79,2.37,2.1,-44.8,-0.444,19.75,21.57,02a58787o0427c
58787.412739,-22.309,2.026,-4,9,c,0,1.34,2.87006,35.973,2352.33,8235.08,2.31,2.1,-43.4,-0.436,19.75,21.53,02a58787o0440c
58787.423434,-19.187,0.16,-77,12,c,0,0.74,2.87006,35.973,2408.48,8309.26,2.32,2.11,-44.7,-0.446,19.73,21.47,02a58787o0461c
58787.426953,-19.116,0.085,-82,7,c,0,1.63,2.87006,35.973,2428.11,8191.49,2.34,2.14,-44.2,-0.436,19.72,21.48,02a58787o0468c
58789.271465,22.429,2.375,4,9,o,0,1.37,2.87006,35.973,10197.93,10392.8,2.42,1.65,-87.7,-0.427,19.65,20.69,01a58789o0151o
58789.277023,22.295,2.423,4,11,o,0,0.87,2.87006,35.973,10179.25,10350.24,2.42,1.68,-85.5,-0.429,19.66,20.72,01a58789o0162o
58789.281245,22.255,2.491,5,11,o,0,0.91,2.87006,35.973,10238.32,10431.29,2.44,1.67,-84.9,-0.422,19.66,20.72,01a58789o0170o
58789.291536,20.828,0.606,17,10,o,0,1.19,2.87006,35.973,10256.62,10312.58,2.57,1.72,-83.3,-0.409,19.63,20.66,01a58789o0191o
58789.32156,20.398,0.509,25,13,o,0,0.94,2.87006,35.973,9980.48,121.54,2.73,2.04,87.8,-0.371,19.54,20.64,01a58789o0250o
58789.324862,-21.417,1.176,-10,12,o,0,0.83,2.87006,35.973,10000.46,159.58,2.68,2.08,89.6,-0.369,19.51,20.68,01a58789o0257o
58789.33481,20.233,0.415,29,12,o,0,1.39,2.87006,35.973,9944.39,82.18,2.46,1.92,-87.0,-0.388,19.62,20.8,01a58789o0276o
58789.342368,23.259,5.75,2,10,o,0,1.19,2.87006,35.973,9926.24,202.15,2.68,2.07,-86.7,-0.383,19.65,20.92,01a58789o0290o
58790.333208,-20.731,0.608,-18,11,o,0,1.09,2.87006,35.973,10200.15,10392.73,2.56,1.91,-85.2,-0.436,19.49,20.56,01a58790o0335o
58790.336201,-25.685,52.0,0,10,o,0,1.2,2.87006,35.973,10180.52,10352.24,2.59,1.85,-86.5,-0.427,19.54,20.57,01a58790o0341o
58790.341628,23.539,8.2,1,11,o,0,1.45,2.87006,35.973,298.35,153.87,2.01,1.93,46.1,-0.504,19.56,20.6,01a58790o0352o
58790.348457,-21.471,1.009,-9,9,o,0,1.61,2.87006,35.973,10093.93,10360.19,2.29,1.83,87.9,-0.428,19.59,20.58,01a58790o0366o
58790.352013,-26.526,124.0,0,11,o,0,1.3,2.87006,35.973,10114.5,10398.94,2.39,1.86,89.4,-0.428,19.55,20.58,01a58790o0373o
58790.352473,-21.121,0.936,-13,12,o,0,1.61,2.87006,35.973,282.54,270.88,2.34,1.85,68.1,-0.474,19.5,20.68,01a58790o0374o
58790.359411,-21.939,1.493,-6,9,o,0,1.86,2.87006,35.973,10051.82,10320.69,2.44,1.83,89.4,-0.429,19.51,20.55,01a58790o0388o
58790.371415,-19.45,0.157,-60,10,o,0,1.61,2.87006,35.973,10036.65,10439.85,2.46,1.85,88.6,-0.435,19.57,20.61,01a58790o0414o
58791.347563,-19.632,0.16,-51,8,o,0,1.19,2.87006,35.973,2390.52,8278.43,2.06,1.78,-53.4,-0.454,19.57,20.59,02a58791o0342o
58791.350389,-19.486,0.19,-58,11,o,0,0.97,2.87006,35.973,2371.37,8236.36,2.05,1.71,-49.4,-0.457,19.58,20.6,02a58791o0348o
58791.36102,20.268,0.429,28,12,o,0,0.86,2.87006,35.973,2423.41,8316.77,2.07,1.78,-54.1,-0.453,19.54,20.63,02a58791o0366o
58791.367078,22.698,3.543,3,11,o,0,0.99,2.87006,35.973,2432.98,8195.92,2.03,1.8,-53.4,-0.449,19.54,20.61,02a58791o0378o
58792.329367,-19.593,0.19,-53,10,o,0,1.19,2.87006,35.973,2388.93,8276.84,2.09,1.74,-53.2,-0.447,19.49,20.39,02a58792o0327o
58792.332645,-19.378,0.196,-64,13,o,0,0.82,2.87006,35.973,2368.19,8238.14,2.1,1.78,-51.9,-0.444,19.47,20.38,02a58792o0334o
58792.339104,-20.603,0.566,-21,12,o,0,0.95,2.87006,35.973,2423.42,8312.92,2.12,1.72,-50.2,-0.45,19.47,20.36,02a58792o0348o
58792.350144,-22.641,3.579,-3,11,o,0,1.29,2.87006,35.973,2439.45,8195.9,1.95,1.83,-41.3,-0.441,19.47,20.33,02a58792o0372o
58794.403562,20.874,0.854,16,14,o,0,1.16,2.87006,35.973,9963.88,8400.26,2.5,1.8,-85.4,-0.391,19.22,19.96,01a58794o0248o
58794.407251,24.444,26.143,1,16,o,0,0.92,2.87006,35.973,9984.89,8438.08,2.34,1.8,-86.1,-0.397,19.28,19.95,01a58794o0256o
58794.414659,-22.729,4.969,-3,15,o,0,1.19,2.87006,35.973,9922.59,8362.98,2.5,1.82,-85.4,-0.387,19.25,19.93,01a58794o0272o
58794.424941,21.916,1.682,6,10,o,0,1.92,2.87006,35.973,9904.34,8482.42,2.38,1.93,89.6,-0.392,19.16,19.87,01a58794o0294o
58796.188808,-19.553,1.143,-55,63,o,0,1.24,2.87006,35.973,7852.95,6688.15,2.45,2.04,44.1,-0.432,17.84,17.85,02a58796o0036o
58796.195914,-21.49,2.671,-9,25,o,0,1.73,2.87006,35.973,7794.19,6606.86,2.31,2.13,55.1,-0.437,18.7,19.09,02a58796o0051o
58796.205818,-20.935,1.351,-15,21,o,0,1.77,2.87006,35.973,7776.61,6726.09,2.26,2.12,-78.8,-0.444,18.89,19.38,02a58796o0072o
58797.344304,-20.647,0.981,-20,20,o,0,0.91,2.87006,35.973,9949.76,8396.76,2.63,1.85,-85.0,-0.385,18.9,19.22,01a58797o0220o
58797.347255,20.172,0.614,31,19,o,0,1.43,2.87006,35.973,9970.96,8436.09,2.72,1.78,-85.8,-0.382,18.87,19.22,01a58797o0226o
58797.353563,-21.097,1.548,-13,20,o,0,1.09,2.87006,35.973,9909.83,8358.14,2.67,1.83,-85.3,-0.391,18.86,19.19,01a58797o0239o
58797.365525,20.824,1.257,17,21,o,0,0.73,2.87006,35.973,9894.34,8476.63,2.6,1.75,-84.1,-0.391,18.93,19.22,01a58797o0263o
58798.352621,-20.161,0.729,-31,23,o,0,0.96,2.87006,35.973,9957.72,8396.7,2.42,1.79,-85.9,-0.399,18.87,19.06,01a58798o0088o
58798.355844,-22.287,3.732,-4,16,o,0,1.74,2.87006,35.973,9978.62,8435.17,2.13,1.84,86.7,-0.401,18.9,19.05,01a58798o0095o
58798.361445,22.571,6.0,3,20,o,0,1.33,2.87006,35.973,9917.52,8359.45,2.34,1.8,-86.8,-0.397,18.85,19.04,01a58798o0107o
58798.371353,-20.02,0.676,-36,24,o,0,0.99,2.87006,35.973,9898.8,8477.05,2.75,2.03,-84.5,-0.388,18.67,18.99,01a58798o0128o
58799.395117,22.04,5.593,6,31,o,0,0.85,2.87006,35.973,2720.75,3905.73,2.21,1.95,85.9,-0.443,18.42,18.68,02a58799o0353o
58799.405567,-20.994,1.703,-14,25,o,0,1.31,2.87006,35.973,2699.59,3865.01,1.94,1.87,29.8,-0.472,18.49,18.65,02a58799o0374o
58799.408906,-20.712,1.587,-19,30,o,0,0.83,2.87006,35.973,2757.99,3941.49,1.94,1.83,34.8,-0.467,18.48,18.63,02a58799o0381o
58799.417878,19.336,0.526,67,35,o,0,0.71,2.87006,35.973,2774.08,3824.75,2.53,1.84,38.8,-0.438,18.41,18.61,02a58799o0398o
58800.187727,-18.611,0.822,-130,107,o,0,1.25,2.87006,35.973,7853.2,6690.29,2.61,1.97,39.7,-0.465,17.27,17.24,02a58800o0031o
58800.193614,22.332,8.795,4,37,o,0,1.14,2.87006,35.973,7794.19,6615.2,2.43,1.9,41.2,-0.425,18.42,18.65,02a58800o0043o
58800.205023,-19.246,0.335,-73,24,o,0,1.64,2.87006,35.973,7773.7,6735.68,2.39,1.95,42.7,-0.431,18.74,19.15,02a58800o0067o
58801.447111,24.018,20.875,1,19,o,0,0.93,2.87006,35.973,10101.46,2082.92,2.49,2.24,-59.0,-0.351,18.83,19.24,01a58801o0553o
58801.450911,-20.769,1.153,-18,21,o,0,1.45,2.87006,35.973,10120.86,2121.51,2.79,2.41,-66.1,-0.351,18.7,19.21,01a58801o0561o
58801.454662,23.702,21.875,1,26,o,0,1.29,2.87006,35.973,325.66,2139.11,2.77,2.5,71.0,-0.422,18.68,19.22,01a58801o0569o
58801.456564,-25.505,74.5,0,17,o,0,1.39,2.87006,35.973,10063.11,2047.81,2.55,2.18,-71.4,-0.356,18.81,19.17,01a58801o0573o
58801.457959,23.19,11.579,2,22,o,0,1.4,2.87006,35.973,346.4,2178.0,2.28,2.04,77.1,-0.43,18.9,19.2,01a58801o0576o
58801.463124,-20.497,1.06,-23,24,o,0,0.86,2.87006,35.973,287.59,2098.57,2.41,2.06,68.8,-0.423,18.82,19.17,01a58801o0587o
58801.466377,20.274,0.786,28,22,o,0,1.18,2.87006,35.973,10043.19,2168.88,2.78,2.46,-75.1,-0.358,18.63,19.08,01a58801o0594o
58801.475654,21.806,3.5,7,24,o,0,1.07,2.87006,35.973,272.01,2214.65,2.5,2.29,72.3,-0.402,18.72,19.08,01a58801o0614o
58802.185931,19.202,0.635,76,48,o,0,1.21,2.87006,35.973,10224.64,8394.81,2.3,1.94,14.1,-0.376,17.77,17.41,01a58802o0027o
58802.186393,21.358,4.095,10,43,o,0,1.06,2.87006,35.973,453.66,8388.61,1.98,1.69,-82.5,-0.46,18.04,17.67,01a58802o0028o
58802.192584,-20.741,0.881,-18,16,o,0,1.12,2.87006,35.973,509.97,8464.17,1.91,1.73,-53.7,-0.436,19.09,19.52,01a58802o0040o
58802.193045,-20.135,0.481,-32,15,o,0,0.94,2.87006,35.973,10282.53,8473.32,2.13,1.78,81.7,-0.402,19.17,19.54,01a58802o0041o
58802.205011,-22.152,1.796,-5,9,o,0,1.74,2.87006,35.973,530.94,8349.14,2.29,1.94,-86.0,-0.416,19.59,20.75,01a58802o0065o
58802.205472,-21.025,0.808,-14,11,o,0,0.88,2.87006,35.973,10302.87,8355.87,2.4,1.86,88.5,-0.393,19.62,20.69,01a58802o0066o
58803.450909,19.308,1.484,69,102,o,0,0.83,2.87006,35.973,4737.45,3713.88,2.59,1.93,39.5,-0.415,17.0,17.77,02a58803o0541o
58804.18366,-18.222,0.594,-187,111,c,0,0.8,2.87006,35.973,5884.16,6770.13,2.54,2.33,44.8,-0.467,17.0,17.73,02a58804o0020c
58804.186984,20.376,1.763,26,45,c,0,1.13,2.87006,35.973,5904.73,6808.59,2.45,2.35,41.4,-0.419,17.91,18.71,02a58804o0027c
58804.192188,-20.8,1.183,-17,21,c,0,1.08,2.87006,35.973,5845.57,6732.1,2.49,2.35,39.4,-0.394,18.85,19.9,02a58804o0038c
58804.204744,-22.093,1.476,-5,8,c,0,2.2,2.87006,35.973,5823.24,6841.2,2.44,2.4,72.7,-0.402,19.65,21.39,02a58804o0064c
58808.184946,18.276,0.365,178,65,c,0,1.12,2.87006,35.973,5876.16,6771.9,2.39,2.36,-73.2,-0.423,17.41,18.27,02a58808o0022c
58808.188452,20.052,0.904,35,31,c,0,0.85,2.87006,35.973,5892.59,6810.52,2.42,2.39,-57.6,-0.409,18.32,19.27,02a58808o0029c
58808.193847,23.418,8.615,2,13,c,0,1.18,2.87006,35.973,5834.34,6731.2,2.39,2.37,-67.6,-0.403,19.32,20.53,02a58808o0040c
58808.206262,-21.295,0.685,-11,8,c,0,2.09,2.87006,35.973,5815.67,6851.64,2.42,2.32,-57.2,-0.41,19.7,21.51,02a58808o0066c
58810.353093,21.479,1.175,9,11,o,0,1.34,2.87006,35.973,9829.0,6453.04,2.49,1.93,-87.0,-0.415,19.45,22.23,01a58810o0321o
58810.358654,-20.545,1.484,-22,33,o,0,1.49,2.87006,35.973,9849.05,6491.14,2.37,1.97,-87.0,-0.412,18.2,20.91,01a58810o0333o
58810.361469,-20.733,0.829,-18,15,o,0,1.12,2.87006,35.973,9789.3,6416.19,2.58,1.97,-88.9,-0.408,19.36,22.16,01a58810o0339o
58810.375003,20.454,1.557,24,37,o,0,0.91,2.87006,35.973,9771.28,6535.12,2.47,1.91,-87.3,-0.406,18.09,20.78,01a58810o0368o
58814.298319,21.765,1.419,7,10,o,0,0.91,2.87006,35.973,9823.39,6453.58,2.65,1.71,-86.5,-0.433,19.68,20.92,01a58814o0226o
58814.301539,20.382,0.319,26,8,o,0,1.35,2.87006,35.973,9843.68,6491.91,2.27,1.75,-89.7,-0.43,19.77,20.94,01a58814o0233o
58814.307076,-20.781,0.473,-18,8,o,0,1.54,2.87006,35.973,9784.58,6415.77,2.61,1.72,-83.5,-0.434,19.68,20.98,01a58814o0245o
58814.317759,21.229,0.744,12,9,o,0,1.54,2.87006,35.973,9766.93,6533.34,2.51,1.83,-87.2,-0.423,19.67,20.94,01a58814o0268o
58816.282345,-21.603,0.8,-8,7,c,0,1.58,2.87006,35.973,6655.84,1767.58,2.55,2.41,-52.3,-0.394,19.77,21.88,02a58816o0212c
58816.285549,22.277,1.765,4,8,c,0,0.84,2.87006,35.973,6635.82,1728.69,2.6,2.46,-57.3,-0.391,19.75,21.88,02a58816o0219c
58816.291506,20.677,0.429,20,8,c,0,0.96,2.87006,35.973,6693.38,1807.51,2.44,2.34,-54.5,-0.398,19.79,21.86,02a58816o0232c
58816.301657,-24.269,9.833,-1,7,c,0,1.13,2.87006,35.973,6712.19,1690.5,2.45,2.34,-62.3,-0.394,19.84,21.87,02a58816o0254c
58817.321527,-20.244,0.475,-29,14,o,0,1.0,2.87006,35.973,4311.19,543.87,1.78,1.7,64.4,-0.445,19.09,20.44,01a58817o0266o
58817.324945,-17.795,0.72,-277,199,o,0,0.59,2.87006,35.973,4331.39,582.7,1.82,1.75,65.0,-0.441,16.3,17.59,01a58817o0273o
58817.331601,-19.301,0.503,-69,35,o,0,1.55,2.87006,35.973,4275.35,504.44,1.79,1.74,65.0,-0.446,17.82,19.13,01a58817o0287o
58817.34274,-19.867,0.398,-41,16,o,0,1.34,2.87006,35.973,4258.85,622.15,1.86,1.76,68.7,-0.433,18.58,19.93,01a58817o0310o
58820.342898,-21.66,1.375,-8,11,o,0,1.2,2.87006,35.973,6158.34,6125.51,2.28,1.99,35.8,-0.434,19.54,20.83,02a58820o0095o
58820.346621,-20.496,0.389,-23,9,o,0,0.97,2.87006,35.973,6139.02,6087.22,2.14,1.96,35.9,-0.443,19.59,20.83,02a58820o0103o
58820.352144,21.476,1.181,9,11,o,0,0.92,2.87006,35.973,6195.07,6163.94,2.05,1.97,39.2,-0.446,19.59,20.81,02a58820o0115o
58820.362485,-20.878,0.494,-16,8,o,0,1.27,2.87006,35.973,6214.95,6046.75,2.07,1.88,35.5,-0.442,19.55,20.81,02a58820o0137o
58821.257261,24.643,16.286,0,8,o,0,1.19,2.87006,35.973,4303.28,546.6,1.87,1.71,64.2,-0.462,19.5,20.54,01a58821o0114o
58821.267064,-21.194,1.478,-12,18,o,0,0.75,2.87006,35.973,4322.78,585.19,1.81,1.66,60.2,-0.469,18.92,19.64,01a58821o0134o
58821.270336,-21.182,0.921,-12,11,o,0,1.14,2.87006,35.973,4266.01,506.52,1.8,1.65,66.5,-0.477,19.29,20.11,01a58821o0141o
58821.287196,-21.306,1.096,-11,12,o,0,1.66,2.87006,35.973,4249.45,622.81,1.83,1.66,66.8,-0.468,19.17,19.94,01a58821o0174o
58824.300945,-20.558,0.728,-22,16,o,0,1.37,2.87006,35.973,6162.2,6119.11,2.01,1.98,46.0,-0.43,19.02,19.67,02a58824o0191o
58824.304683,20.555,0.726,22,16,o,0,1.11,2.87006,35.973,6142.09,6080.77,2.18,2.06,37.9,-0.424,18.99,19.66,02a58824o0199o
58824.31023,-21.639,2.024,-8,16,o,0,1.13,2.87006,35.973,6198.64,6157.84,2.06,2.02,35.4,-0.431,18.94,19.64,02a58824o0211o
58824.320386,19.343,0.265,66,18,o,0,0.88,2.87006,35.973,6216.81,6040.96,2.13,2.12,37.8,-0.422,18.93,19.63,02a58824o0233o
58825.328638,21.757,2.256,7,16,o,0,1.1,2.87006,35.973,3950.2,6845.73,2.32,1.9,-88.0,-0.422,19.08,19.52,01a58825o0273o
58825.331506,20.392,0.683,25,17,o,0,1.0,2.87006,35.973,3969.52,6885.68,2.34,1.9,-88.3,-0.421,19.05,19.51,01a58825o0279o
58825.336954,20.623,0.67,20,14,o,0,1.52,2.87006,35.973,3910.95,6808.18,2.38,1.97,-89.1,-0.416,19.02,19.49,01a58825o0290o
58825.356402,19.716,0.331,47,16,o,0,1.32,2.87006,35.973,3894.1,6928.2,2.23,1.91,-86.3,-0.427,19.01,19.44,01a58825o0328o
58826.31444,21.956,3.333,6,20,o,0,1.22,2.87006,35.973,3954.58,6848.55,2.51,2.2,-81.5,-0.434,18.9,19.46,01a58826o0259o
58826.318157,21.516,1.689,9,15,o,0,1.22,2.87006,35.973,3974.57,6886.85,2.2,1.9,-83.2,-0.419,19.04,19.46,01a58826o0267o
58826.323328,22.247,4.163,5,19,o,0,0.92,2.87006,35.973,3916.13,6809.62,2.25,1.98,-83.0,-0.419,19.0,19.44,01a58826o0278o
58826.333219,21.142,1.242,13,16,o,0,1.36,2.87006,35.973,3896.98,6924.02,2.04,1.88,-77.8,-0.419,19.06,19.41,01a58826o0299o
58827.352243,19.851,0.556,42,23,o,0,3.13,2.87006,35.973,4325.58,10105.77,2.12,2.05,38.1,-0.413,18.62,19.21,02a58827o0359o
58827.35562,21.592,3.429,8,29,o,0,1.09,2.87006,35.973,4305.66,10067.05,2.1,2.05,43.9,-0.403,18.71,19.19,02a58827o0366o
58827.361211,-20.948,1.646,-15,25,o,0,2.02,2.87006,35.973,4362.06,10144.78,2.06,2.04,22.5,-0.404,18.65,19.15,02a58827o0378o
58827.371416,-19.572,0.645,-54,35,o,0,1.1,2.87006,35.973,4380.7,10027.05,2.19,2.04,45.0,-0.407,18.61,19.1,02a58827o0399o
58828.323238,21.52,3.01,9,27,o,0,2.47,2.87006,35.973,4323.79,10101.28,2.14,1.88,-49.8,-0.427,18.7,19.13,02a58828o0295o
58828.326582,-20.163,0.87,-31,27,o,0,2.2,2.87006,35.973,4305.12,10061.95,2.14,1.95,-53.9,-0.407,18.65,19.11,02a58828o0302o
58828.332756,-24.262,46.286,-1,33,o,0,1.28,2.87006,35.973,4360.53,10139.99,2.18,2.09,40.9,-0.399,18.52,19.09,02a58828o0315o
58828.344359,-20.971,2.179,-15,32,o,0,1.07,2.87006,35.973,4381.96,10021.45,2.17,1.91,-49.4,-0.414,18.62,19.05,02a58828o0340o
58829.297982,-22.18,5.237,-5,26,o,0,1.08,2.87006,35.973,3947.19,6844.46,2.62,2.4,-86.2,-0.399,18.66,19.07,01a58829o0221o
58829.301236,20.852,1.182,17,20,o,0,1.34,2.87006,35.973,3967.77,6885.29,2.51,2.18,-87.3,-0.395,18.7,19.06,01a58829o0228o
58829.30767,20.708,0.989,19,19,o,0,1.27,2.87006,35.973,3908.85,6807.39,2.46,2.07,-87.3,-0.412,18.73,19.04,01a58829o0241o
58829.32094,-20.525,1.128,-22,25,o,0,1.19,2.87006,35.973,3890.44,6921.96,2.94,2.54,-88.9,-0.383,18.54,19.0,01a58829o0269o
58830.270632,-20.897,0.904,-16,14,o,0,0.79,2.87006,35.973,3948.09,6850.62,2.02,1.79,-86.4,-0.426,19.17,19.59,01a58830o0199o
58830.27344,20.634,0.733,20,15,o,0,0.82,2.87006,35.973,3968.28,6889.11,2.21,1.8,-86.3,-0.419,19.12,19.58,01a58830o0205o
58830.27948,21.133,1.225,13,16,o,0,1.22,2.87006,35.973,3909.92,6811.46,2.23,1.82,-85.1,-0.417,19.13,19.56,01a58830o0218o
58830.290256,20.716,0.907,19,17,o,0,1.11,2.87006,35.973,3889.91,6927.8,2.42,1.93,-87.2,-0.41,19.05,19.53,01a58830o0241o
58831.311858,-16.65,0.821,-794,652,o,0,1.39,2.87006,35.973,4321.09,10063.8,3.12,2.68,-53.4,-0.43,15.14,16.07,02a58831o0259o
58833.30829,-21.772,1.244,-7,9,o,0,0.99,2.87006,35.973,8091.84,288.08,2.11,1.94,-58.2,-0.412,19.78,21.17,01a58833o0285o
58833.311578,23.673,6.667,1,8,o,0,0.96,2.87006,35.973,8111.57,327.06,2.07,1.88,-67.5,-0.415,19.79,21.08,01a58833o0292o
58833.317155,22.021,1.627,6,9,o,0,1.07,2.87006,35.973,8055.88,250.42,2.08,1.91,-58.1,-0.41,19.71,20.82,01a58833o0304o
58833.327324,21.349,0.817,10,9,o,0,1.64,2.87006,35.973,8039.02,370.07,2.08,1.91,-58.1,-0.403,19.57,20.5,01a58833o0326o
58833.327786,-20.989,0.969,-15,14,o,0,1.12,2.87006,35.973,8055.92,10505.73,2.11,1.71,-82.0,-0.423,19.55,20.5,01a58833o0327o
58833.336784,-20.567,0.55,-22,12,o,0,1.36,2.87006,35.973,8013.2,10467.48,2.27,1.77,-81.8,-0.417,19.41,20.32,01a58833o0346o
58837.289617,-21.654,1.0,-8,8,o,0,1.35,2.87006,35.973,8088.91,282.6,1.98,1.8,-63.8,-0.426,19.77,21.11,01a58837o0046o
58837.29291,-23.835,10.727,-1,11,o,0,1.3,2.87006,35.973,8110.68,322.45,2.0,1.77,-56.5,-0.417,19.53,20.79,01a58837o0053o
58837.298649,21.382,0.738,10,8,o,0,1.32,2.87006,35.973,8053.31,246.78,2.12,1.74,-85.5,-0.443,19.79,21.24,01a58837o0064o
58837.31146,20.247,0.29,29,8,o,0,1.2,2.87006,35.973,8035.68,366.63,2.16,1.84,-86.3,-0.437,19.78,21.2,01a58837o0089o
58838.236521,-19.637,0.584,-51,30,o,0,0.94,2.87006,35.973,8058.23,10509.87,3.05,2.71,-71.9,-0.37,18.92,20.47,01a58838o0117o
58838.245821,-20.526,0.659,-22,15,o,0,1.44,2.87006,35.973,8018.22,10470.58,3.2,2.68,-76.5,-0.365,19.21,20.9,01a58838o0137o
58841.276566,-23.075,3.5,-2,8,o,0,1.31,2.87006,35.973,6330.28,4315.2,2.23,1.89,-83.8,-0.402,19.76,21.29,01a58841o0201o
58841.279591,-22.686,2.4,-3,7,o,0,1.01,2.87006,35.973,6351.2,4354.25,1.95,1.62,-85.1,-0.42,19.84,21.26,01a58841o0207o
58841.286865,20.48,0.315,23,7,o,0,1.17,2.87006,35.973,6294.38,4278.25,1.89,1.63,-83.9,-0.416,19.88,21.25,01a58841o0222o
58841.297034,21.186,0.609,12,7,o,0,1.12,2.87006,35.973,6274.37,4393.84,2.05,1.73,-86.8,-0.41,19.81,21.16,01a58841o0243o
58842.262292,-20.584,1.023,-21,22,o,0,1.4,2.87006,35.973,6333.49,4317.76,1.85,1.71,-70.8,-0.416,18.81,19.87,01a58842o0149o
58842.265139,20.75,0.739,18,13,o,0,1.08,2.87006,35.973,6353.26,4355.86,1.94,1.71,-12.4,-0.408,19.18,20.25,01a58842o0155o
58842.271028,16.408,0.69,993,685,o,0,1.25,2.87006,35.973,6296.76,4278.08,2.13,1.76,-8.2,-0.395,14.67,15.81,01a58842o0167o
58846.233741,21.817,1.237,7,8,o,0,1.38,2.87006,35.973,6326.38,4322.22,1.93,1.7,-81.4,-0.422,19.82,21.06,01a58846o0106o
58846.236514,-23.734,7.312,-1,8,o,0,1.05,2.87006,35.973,6347.11,4360.39,2.02,1.69,-84.5,-0.419,19.78,21.08,01a58846o0112o
58846.242984,-22.38,1.836,-4,7,o,0,1.42,2.87006,35.973,6288.73,4283.77,2.03,1.71,-82.1,-0.414,19.8,21.11,01a58846o0126o
58846.254143,-19.477,0.102,-59,6,o,0,1.54,2.87006,35.973,6271.87,4399.46,2.13,1.76,-84.5,-0.41,19.78,21.06,01a58846o0150o
58850.28364,22.652,3.294,3,10,o,0,1.3,2.87006,35.973,10200.16,4019.29,2.41,1.89,-81.3,-0.384,19.5,20.36,01a58850o0171o
58850.286428,-21.587,1.306,-8,11,o,0,1.01,2.87006,35.973,10220.56,4058.96,2.6,1.86,-83.5,-0.383,19.43,20.35,01a58850o0177o
58850.287347,22.187,2.438,5,12,o,0,1.41,2.87006,35.973,442.19,4093.5,2.5,1.92,81.7,-0.396,19.49,20.42,01a58850o0179o
58850.290583,-21.9,2.0,-6,13,o,0,1.05,2.87006,35.973,463.17,4131.92,2.4,1.85,80.6,-0.4,19.48,20.41,01a58850o0186o
58850.292425,20.657,0.569,20,11,o,0,1.35,2.87006,35.973,10162.61,3984.49,2.59,1.9,-82.6,-0.382,19.41,20.34,01a58850o0190o
58850.295706,-20.627,0.67,-20,14,o,0,1.02,2.87006,35.973,404.46,4052.86,2.68,2.0,81.9,-0.387,19.44,20.37,01a58850o0197o
58850.305114,21.816,1.694,7,12,o,0,1.39,2.87006,35.973,10143.64,4104.98,2.84,1.88,-84.8,-0.378,19.3,20.19,01a58850o0217o
58850.306034,20.905,0.831,16,13,o,0,1.22,2.87006,35.973,388.16,4168.45,2.71,2.14,81.0,-0.389,19.34,20.31,01a58850o0219o
58854.235267,-23.084,6.5,-2,14,o,0,1.28,2.87006,35.973,10191.04,4016.38,2.62,2.0,-83.1,-0.374,19.23,19.89,01a58854o0019o
58854.23574,20.733,0.725,18,13,o,0,1.6,2.87006,35.973,430.43,4097.28,2.41,1.93,81.2,-0.389,19.22,19.86,01a58854o0020o
58854.238548,20.314,0.496,27,14,o,0,1.36,2.87006,35.973,10211.54,4054.74,2.64,1.99,-83.1,-0.382,19.21,19.87,01a58854o0026o
58854.239009,20.038,0.417,35,15,o,0,1.48,2.87006,35.973,451.9,4136.29,2.52,2.03,83.7,-0.378,19.18,19.84,01a58854o0027o
58854.243665,21.162,1.12,12,14,o,0,1.22,2.87006,35.973,10154.34,3979.6,2.69,1.95,-84.4,-0.377,19.21,19.85,01a58854o0037o
58854.246038,20.159,0.446,31,14,o,0,1.49,2.87006,35.973,394.99,4056.1,2.73,2.16,82.5,-0.358,19.1,19.82,01a58854o0042o
58854.25534,-19.676,0.992,-49,48,o,0,0.87,2.87006,35.973,10136.93,4098.91,3.14,2.35,-84.0,-0.379,18.13,18.41,01a58854o0062o
58854.25582,20.609,2.882,21,60,o,0,0.86,2.87006,35.973,378.79,4172.07,3.43,2.88,83.1,-0.347,17.8,18.14,01a58854o0063o
58857.313462,-21.012,1.701,-14,24,o,0,0.85,2.87006,35.973,5962.4,8688.36,2.29,1.95,-78.6,-0.413,18.77,19.08,01a58857o0183o
58857.317189,-20.263,0.772,-28,22,o,0,1.17,2.87006,35.973,5982.52,8727.7,2.45,2.11,-77.5,-0.419,18.68,19.04,01a58857o0191o
58867.271423,-22.644,2.6,-3,8,c,0,1.26,2.87006,35.973,8095.06,9952.84,2.76,2.61,-41.5,-0.393,19.7,21.49,02a58867o0167c
58867.274208,20.507,0.533,23,12,c,0,0.83,2.87006,35.973,8075.96,9912.66,2.88,2.58,-45.7,-0.4,19.67,21.49,02a58867o0173c
58867.28114,-22.652,3.421,-3,11,c,0,0.94,2.87006,35.973,8132.84,9991.25,2.84,2.61,-45.6,-0.397,19.69,21.47,02a58867o0188c
58867.292028,21.42,1.123,10,11,c,0,1.06,2.87006,35.973,8152.51,9873.28,2.86,2.65,-45.2,-0.394,19.64,21.42,02a58867o0211c
58871.207541,-21.125,3.918,-13,50,c,0,1.52,2.87006,35.973,8107.92,9962.55,2.96,2.44,41.5,-0.394,18.05,18.91,02a58871o0026c
58871.210801,-19.515,0.424,-57,24,c,0,1.47,2.87006,35.973,8089.83,9922.08,2.89,2.48,43.2,-0.387,18.75,19.77,02a58871o0033c
58871.215976,21.297,1.25,11,14,c,0,1.01,2.87006,35.973,8146.69,10001.67,2.78,2.54,44.1,-0.394,19.44,20.79,02a58871o0044c
58871.228759,-20.711,0.542,-19,10,c,0,1.42,2.87006,35.973,8163.36,9881.93,2.75,2.65,-56.2,-0.395,19.68,21.35,02a58871o0071c
58874.221702,-21.441,1.023,-10,10,o,0,1.3,2.87006,35.973,1988.24,8879.74,2.04,1.64,-83.8,-0.416,19.56,20.34,01a58874o0056o
58874.224951,-23.883,12.2,-1,12,o,0,0.54,2.87006,35.973,2008.62,8918.73,1.87,1.63,-79.6,-0.424,19.58,20.41,01a58874o0063o
58874.231507,21.948,1.872,6,11,o,0,0.8,2.87006,35.973,1949.03,8840.05,1.79,1.62,-78.4,-0.424,19.61,20.47,01a58874o0077o
58874.241707,-20.893,0.768,-16,12,o,0,0.9,2.87006,35.973,1930.11,8957.25,2.14,1.7,-83.9,-0.417,19.57,20.46,01a58874o0099o
58876.244336,-22.49,3.226,-4,12,o,0,1.08,2.87006,35.973,8079.05,6059.4,2.44,1.94,37.4,-0.418,19.5,20.64,02a58876o0097o
58876.246768,22.23,2.205,5,10,o,0,1.32,2.87006,35.973,8061.36,6016.76,2.17,1.9,38.5,-0.43,19.52,20.66,02a58876o0102o
58876.250935,21.227,0.882,12,10,o,0,1.36,2.87006,35.973,8119.18,6097.76,2.38,1.97,37.7,-0.42,19.52,20.7,02a58876o0111o
58876.261242,-20.278,0.361,-28,10,o,0,1.28,2.87006,35.973,8140.58,5978.46,2.24,1.93,38.1,-0.423,19.58,20.66,02a58876o0133o
58876.283804,-22.69,3.407,-3,10,o,0,1.21,2.87006,35.973,8097.44,6033.43,2.24,1.97,38.0,-0.43,19.49,20.62,02a58876o0180o
58881.236369,-22.47,3.865,-4,14,o,0,1.22,2.87006,35.973,8173.77,2252.53,2.3,1.97,-78.1,-0.402,19.11,19.73,01a58881o0082o
58881.239141,22.514,4.529,4,16,o,0,0.97,2.87006,35.973,8193.06,2293.28,2.39,1.98,-80.8,-0.403,19.05,19.69,01a58881o0088o
58881.245621,-21.721,2.116,-7,16,o,0,1.13,2.87006,35.973,8135.53,2220.08,2.49,1.91,-87.0,-0.418,18.99,19.67,01a58881o0102o
58881.255435,20.67,0.78,20,15,o,0,1.24,2.87006,35.973,8116.81,2339.19,2.39,1.9,-85.9,-0.407,19.01,19.64,01a58881o0123o
58883.254544,19.019,0.326,90,29,o,0,1.25,2.87006,35.973,8599.0,3646.09,3.24,3.1,-60.1,-0.394,18.53,19.56,02a58883o0126o
58883.25788,19.692,0.713,48,34,o,0,1.07,2.87006,35.973,8579.2,3607.0,3.66,3.51,-55.5,-0.412,18.43,19.55,02a58883o0133o
58883.263298,20.322,1.045,27,28,o,0,1.21,2.87006,35.973,8638.59,3685.94,3.32,3.12,-52.4,-0.36,18.44,19.52,02a58883o0144o
58883.273063,20.236,1.018,29,30,o,0,1.04,2.87006,35.973,8659.34,3570.76,3.36,3.23,-52.9,-0.361,18.49,19.43,02a58883o0164o
58884.243337,-20.605,0.762,-21,16,o,0,1.68,2.87006,35.973,8595.04,3647.07,2.07,2.01,18.4,-0.421,19.05,19.6,02a58884o0091o
58884.246637,-20.019,0.49,-36,18,o,0,1.42,2.87006,35.973,8575.41,3608.62,2.02,1.99,-29.5,-0.427,19.05,19.58,02a58884o0098o
58884.25224,21.374,1.586,10,16,o,0,1.46,2.87006,35.973,8633.65,3687.88,2.05,2.02,24.4,-0.424,19.0,19.54,02a58884o0110o
58884.262955,-20.897,1.194,-16,19,o,0,0.87,2.87006,35.973,8652.68,3571.32,2.14,2.06,-46.1,-0.412,18.94,19.48,02a58884o0133o
58990.593197,20.477,0.7,23,16,o,0,1.39,2.87006,35.973,557.93,113.8,2.21,1.92,-6.5,-0.495,19.33,20.36,01a58990o0780o
58990.597351,20.243,0.779,29,23,o,0,1.14,2.87006,35.973,536.7,76.04,2.14,1.86,-13.7,-0.506,19.36,20.37,01a58990o0789o
58990.607526,21.146,1.151,13,14,o,0,1.05,2.87006,35.973,596.93,158.85,2.22,1.9,-9.1,-0.497,19.31,20.25,01a58990o0811o
58990.617689,19.372,0.834,65,54,o,0,1.17,2.87006,35.973,611.94,36.99,2.23,1.95,-13.5,-0.512,18.52,18.68,01a58990o0833o
58998.586531,23.627,8.0,1,10,o,0,1.43,2.87006,35.973,665.34,2074.47,2.51,2.13,-9.6,-0.369,19.44,20.85,01a58998o0758o
58998.59207,20.375,0.478,26,12,o,0,1.38,2.87006,35.973,646.63,2040.79,2.62,2.24,-11.2,-0.361,19.36,20.81,01a58998o0770o
58998.609168,-23.605,11.615,-1,15,o,0,0.91,2.87006,35.973,703.74,2116.77,2.29,2.0,-10.8,-0.388,19.29,20.2,01a58998o0807o
58998.618005,20.8,2.247,17,39,o,0,1.1,2.87006,35.973,722.44,2000.86,2.59,2.2,-14.6,-0.345,18.09,18.22,01a58998o0826o
59014.57565,21.296,1.324,11,15,o,0,1.4,2.87006,35.973,764.74,4023.72,2.94,2.64,-12.9,-0.337,19.04,20.4,01a59014o0724o
59014.583109,21.526,1.433,9,13,o,0,0.83,2.87006,35.973,746.2,3986.55,2.19,2.03,-18.7,-0.4,19.36,20.41,01a59014o0740o
59014.603549,22.335,2.854,4,12,o,0,0.98,2.87006,35.973,802.88,4066.44,2.03,1.94,-18.1,-0.41,19.41,20.36,01a59014o0783o
59014.610958,20.322,0.519,27,14,o,0,0.93,2.87006,35.973,823.26,3952.47,2.18,2.08,-22.8,-0.406,19.2,20.0,01a59014o0799o
59018.587112,23.943,15.143,1,15,o,0,1.09,2.87006,35.973,6226.03,9987.21,2.18,2.16,55.2,-0.384,19.15,20.38,01a59018o0752o
59018.592691,22.261,5.176,4,23,o,0,1.27,2.87006,35.973,6209.81,9949.63,2.57,2.52,-10.4,-0.386,18.61,19.96,01a59018o0764o
59018.617021,25.137,53.0,0,17,o,0,1.09,2.87006,35.973,6265.14,10028.08,2.31,2.23,70.8,-0.381,19.05,19.75,01a59018o0780o
59020.586107,20.158,0.691,31,22,c,0,0.89,2.87006,35.973,4404.04,4453.85,2.56,2.35,44.8,-0.392,18.6,20.31,02a59020o0682c
59020.594543,20.571,0.39,22,8,c,0,1.21,2.87006,35.973,4423.66,4494.36,2.68,2.38,41.7,-0.387,19.67,21.62,02a59020o0700c
59020.609871,20.904,0.646,16,10,c,0,1.35,2.87006,35.973,4365.16,4417.42,2.65,2.45,40.5,-0.384,19.44,21.0,02a59020o0732c
59020.617519,-19.943,0.515,-38,20,c,0,1.21,2.87006,35.973,4343.64,4536.85,2.74,2.51,43.7,-0.375,18.54,19.55,02a59020o0748c
59021.568524,20.881,0.547,16,9,o,0,1.5,2.87006,35.973,6216.51,9990.9,2.12,2.04,-2.2,-0.383,19.46,20.6,01a59021o0681o
59021.572206,21.723,1.253,7,9,o,0,1.06,2.87006,35.973,6199.19,9951.64,2.1,2.04,6.5,-0.382,19.5,20.61,01a59021o0689o
59021.579601,21.548,1.186,9,10,o,0,1.21,2.87006,35.973,6257.0,10028.71,2.03,2.0,-14.6,-0.394,19.54,20.66,01a59021o0704o
59021.602908,-22.069,1.804,-5,10,o,0,1.73,2.87006,35.973,6280.27,9912.45,2.29,2.23,27.4,-0.377,19.48,20.85,01a59021o0753o
59026.594896,20.239,0.309,29,9,o,0,1.4,2.87006,35.973,6640.36,3683.84,2.27,2.25,-16.5,-0.39,19.55,20.85,01a59026o0718o
59026.600038,21.344,0.909,10,10,o,0,1.22,2.87006,35.973,6620.5,3645.51,2.42,2.39,-5.6,-0.384,19.5,20.88,01a59026o0729o
59026.613473,23.523,8.455,1,12,o,0,1.77,2.87006,35.973,6679.06,3723.97,2.52,2.47,1.0,-0.383,19.21,20.17,01a59026o0758o
59026.617159,23.063,6.667,2,14,o,0,1.76,2.87006,35.973,6697.41,3608.85,2.27,2.22,-62.0,-0.374,18.97,19.5,01a59026o0766o
59027.594241,-21.407,0.753,-10,8,c,0,1.68,2.87006,35.973,6237.94,471.94,2.62,2.31,-54.1,-0.411,19.74,21.73,02a59027o0718c
59027.605019,0.0,21.517,0,9,c,0,1.23,2.87006,35.973,6255.3,514.3,2.6,2.3,-57.0,-0.41,19.71,21.61,02a59027o0739c
59027.613111,20.837,0.857,17,14,c,0,1.01,2.87006,35.973,6199.87,436.72,2.72,2.42,-55.1,-0.404,19.4,20.93,02a59027o0756c
59027.614939,-19.915,0.345,-39,14,c,0,0.82,2.87006,35.973,6180.58,553.98,2.7,2.35,-55.1,-0.409,19.3,20.59,02a59027o0760c
59028.588966,-21.13,0.505,-13,6,c,0,1.5,2.87006,35.973,6233.65,468.57,2.37,2.25,-76.9,-0.411,19.79,21.88,02a59028o0744c
59028.592944,-20.88,0.504,-16,8,c,0,0.96,2.87006,35.973,6252.18,511.69,2.38,2.19,-62.5,-0.417,19.82,21.88,02a59028o0752c
59028.602742,-19.236,0.107,-73,8,c,0,1.16,2.87006,35.973,6198.31,430.85,2.42,2.27,-71.0,-0.41,19.78,21.8,02a59028o0773c
59028.620746,-20.507,1.243,-23,28,c,0,0.86,2.87006,35.973,6186.25,551.73,2.51,2.29,68.1,-0.396,18.37,19.35,02a59028o0811c
59030.588783,22.015,1.433,6,8,o,0,0.92,2.87006,35.973,6637.17,3686.17,2.05,1.96,-43.7,-0.404,19.78,21.13,01a59030o0750o
59030.605415,20.445,0.398,24,10,o,0,1.01,2.87006,35.973,6617.35,3648.24,2.34,2.01,-10.0,-0.381,19.67,21.0,01a59030o0786o
59030.615154,-20.98,0.86,-15,13,o,0,1.45,2.87006,35.973,6675.51,3729.56,2.1,1.97,-3.5,-0.393,19.31,19.96,01a59030o0807o
59031.587634,-20.764,0.457,-18,8,c,0,1.26,2.87006,35.973,6240.22,470.99,2.66,2.35,-56.1,-0.407,19.72,21.77,02a59031o0707c
59031.591813,22.309,2.0,4,9,c,0,0.98,2.87006,35.973,6259.89,509.95,2.64,2.33,-56.0,-0.407,19.68,21.76,02a59031o0716c
59031.597605,-20.735,0.5,-18,9,c,0,1.28,2.87006,35.973,6208.35,430.84,2.65,2.32,-58.2,-0.412,19.71,21.79,02a59031o0728c
59031.614724,22.477,2.667,4,10,c,0,1.89,2.87006,35.973,6190.07,551.36,2.84,2.52,-58.4,-0.4,19.29,20.75,02a59031o0762c
59033.567399,21.696,1.822,8,14,o,0,1.46,2.87006,35.973,2446.35,10216.48,1.86,1.78,-44.1,-0.432,19.24,19.91,01a59033o0687o
59033.592986,21.512,1.164,9,10,o,0,1.43,2.87006,35.973,2429.53,10183.32,1.87,1.75,-54.2,-0.437,19.47,20.33,01a59033o0738o
59033.596749,20.872,0.69,16,11,o,0,0.69,2.87006,35.973,2486.0,10260.14,1.89,1.77,-46.5,-0.437,19.48,20.45,01a59033o0746o
59033.608769,-20.786,0.456,-18,8,o,0,1.51,2.87006,35.973,2505.68,10142.14,1.88,1.76,-42.8,-0.434,19.67,20.85,01a59033o0768o
59034.584511,20.662,1.244,20,25,o,0,1.64,2.87006,35.973,2596.09,36.14,2.25,1.92,-12.0,-0.413,19.07,19.56,01a59034o0744o
59034.594212,22.647,4.447,3,14,o,0,1.44,2.87006,35.973,2453.04,10217.84,2.03,1.92,-56.6,-0.437,19.1,19.66,01a59034o0764o
59034.599303,20.548,0.655,22,14,o,0,1.27,2.87006,35.973,2435.23,10179.36,1.95,1.81,-56.8,-0.439,19.13,19.66,01a59034o0775o
59034.607705,20.515,0.734,23,17,o,0,0.84,2.87006,35.973,2492.18,10259.23,1.98,1.89,-36.9,-0.446,19.17,19.71,01a59034o0793o
59034.617857,20.5,0.94,23,22,o,0,1.42,2.87006,35.973,2511.8,10141.48,2.48,2.35,-37.8,-0.359,18.74,19.29,01a59034o0813o
59035.570196,21.209,1.55,12,18,o,0,1.16,2.87006,35.973,6287.51,2422.13,2.07,1.97,-68.5,-0.431,18.92,19.32,02a59035o0646o
59035.573408,21.959,3.119,6,19,o,0,0.82,2.87006,35.973,6306.88,2461.2,2.06,1.99,58.7,-0.429,18.96,19.32,02a59035o0653o
59035.602764,20.874,0.955,16,16,o,0,1.54,2.87006,35.973,6257.68,2386.05,1.97,1.91,88.2,-0.437,19.07,19.56,02a59035o0674o
59035.607539,21.739,2.888,7,21,o,0,0.58,2.87006,35.973,6238.14,2501.76,1.98,1.89,68.4,-0.44,19.04,19.45,02a59035o0683o
59036.575097,21.147,1.147,13,14,o,0,1.24,2.87006,35.973,6290.84,2418.76,2.04,1.97,57.2,-0.434,19.12,19.64,02a59036o0708o
59036.578096,-23.819,13.182,-1,14,o,0,1.28,2.87006,35.973,6305.31,2458.75,2.1,1.92,41.9,-0.434,19.07,19.64,02a59036o0714o
59036.589297,22.926,6.304,2,16,o,0,1.21,2.87006,35.973,6257.87,2382.31,2.23,1.98,46.7,-0.433,19.08,19.64,02a59036o0738o
59036.600213,21.19,1.268,12,15,o,0,1.27,2.87006,35.973,6236.58,2498.34,2.08,1.95,49.0,-0.436,19.13,19.75,02a59036o0761o
59037.563074,-20.956,1.055,-15,16,o,0,1.08,2.87006,35.973,2450.4,10223.47,1.94,1.75,-68.0,-0.461,19.21,19.72,01a59037o0664o
59037.567826,22.056,2.932,6,16,o,0,0.84,2.87006,35.973,2430.1,10185.72,1.94,1.75,-67.1,-0.457,19.23,19.74,01a59037o0673o
59037.57337,-20.467,0.447,-24,11,o,0,1.44,2.87006,35.973,2487.78,10262.66,1.84,1.68,-65.0,-0.457,19.28,19.74,01a59037o0685o
59037.588882,-21.819,2.198,-7,15,o,0,0.69,2.87006,35.973,2509.86,10147.44,1.87,1.73,-62.2,-0.447,19.28,19.77,01a59037o0717o
59038.536727,20.371,0.935,26,24,o,0,1.5,2.87006,35.973,2609.06,39.2,2.81,2.39,-20.2,-0.345,19.01,19.89,01a59038o0639o
59039.540658,-21.525,1.433,-9,13,o,0,1.17,2.87006,35.973,6292.13,2419.76,2.04,1.85,41.5,-0.441,19.2,19.91,02a59039o0622o
59039.543883,20.358,0.517,26,14,o,0,1.07,2.87006,35.973,6311.28,2459.03,2.02,1.84,38.7,-0.444,19.21,19.92,02a59039o0629o
59039.567053,21.531,1.43,9,13,o,0,1.4,2.87006,35.973,6255.14,2383.02,2.06,1.92,41.5,-0.434,19.27,20.04,02a59039o0677o
59039.576877,22.87,5.321,3,14,o,0,0.98,2.87006,35.973,6238.96,2501.1,2.04,1.88,45.7,-0.439,19.31,20.02,02a59039o0697o
59042.547852,-20.63,0.629,-20,13,o,0,0.68,2.87006,35.973,4241.27,6203.36,2.04,1.89,-12.4,-0.394,19.45,20.29,01a59042o0663o
59042.555557,-21.051,0.889,-14,12,o,0,1.02,2.87006,35.973,4221.21,6165.69,2.76,2.38,-3.5,-0.326,19.21,20.33,01a59042o0679o
59042.558787,-20.394,0.403,-25,10,o,0,1.12,2.87006,35.973,4279.83,6242.38,2.14,1.94,-13.0,-0.396,19.41,20.3,01a59042o0686o
59042.569843,-19.749,0.24,-46,11,o,0,1.39,2.87006,35.973,4297.96,6126.61,2.13,2.01,-7.9,-0.416,19.36,20.24,01a59042o0710o
59046.535021,-15.007,0.553,-3609,1997,o,0,0.78,2.87006,35.973,4237.83,6200.98,2.77,2.68,-9.7,-0.387,14.08,15.59,01a59046o0640o
59046.538753,19.105,0.416,83,34,o,0,0.98,2.87006,35.973,4217.53,6161.69,2.54,2.49,-7.4,-0.386,18.04,19.48,01a59046o0648o
59046.545198,-17.591,0.547,-334,183,o,0,1.16,2.87006,35.973,4275.43,6239.08,3.56,3.44,1.3,-0.329,16.25,17.98,01a59046o0662o
59046.557673,16.318,0.823,1078,887,o,0,1.23,2.87006,35.973,4294.75,6123.99,2.73,2.65,2.8,-0.388,14.91,16.26,01a59046o0689o
59048.579265,-22.293,1.844,-4,8,c,0,0.99,2.87006,35.973,4394.63,2518.05,2.71,2.38,45.7,-0.39,19.74,21.99,02a59048o0725c
59048.583417,22.603,1.889,3,6,c,0,1.71,2.87006,35.973,4412.26,2556.44,2.44,2.32,54.9,-0.401,19.77,21.98,02a59048o0734c
59048.604778,20.967,0.477,15,7,c,0,1.5,2.87006,35.973,4362.1,2482.88,2.65,2.43,45.6,-0.388,19.7,21.95,02a59048o0779c
59048.618853,23.139,5.4,2,11,c,0,1.18,2.87006,35.973,6234.19,7971.71,2.58,2.43,39.1,-0.398,19.55,21.12,02a59048o0809c
59050.546343,20.191,0.315,30,10,o,0,1.02,2.87006,35.973,10129.53,6470.61,2.14,2.0,29.3,-0.408,19.83,21.33,01a59050o0664o
59050.546808,21.25,0.839,12,10,o,0,0.6,2.87006,35.973,370.82,6481.99,1.84,1.72,-47.3,-0.43,19.86,21.37,01a59050o0665o
59050.55003,20.508,0.289,23,7,o,0,2.11,2.87006,35.973,350.81,6444.07,1.83,1.71,-65.1,-0.433,19.87,21.4,01a59050o0672o
59050.550497,20.971,0.515,15,8,o,0,1.65,2.87006,35.973,10109.76,6430.45,2.1,1.95,55.5,-0.415,19.86,21.34,01a59050o0673o
59050.556493,20.699,0.375,19,7,o,0,2.01,2.87006,35.973,409.55,6521.93,1.94,1.78,-39.8,-0.423,19.8,21.37,01a59050o0686o
59050.559268,21.905,1.423,6,9,o,0,1.63,2.87006,35.973,10167.89,6510.12,2.15,1.96,28.0,-0.407,19.8,21.32,01a59050o0692o
59050.566672,22.039,1.582,6,9,o,0,1.12,2.87006,35.973,427.57,6405.78,2.13,1.88,-25.2,-0.399,19.69,21.36,01a59050o0708o
59050.57346,26.538,92.0,0,8,o,0,1.32,2.87006,35.973,10185.46,6392.16,2.15,1.95,22.9,-0.419,19.83,21.33,01a59050o0722o
59052.602767,22.381,1.882,4,8,c,0,1.0,2.87006,35.973,2640.04,1957.95,2.48,2.16,-53.0,-0.414,19.82,21.87,02a59052o0124c
59052.608097,-21.544,0.776,-9,7,c,0,1.11,2.87006,35.973,2619.31,1916.92,2.35,2.2,-59.8,-0.416,19.81,21.84,02a59052o0135c
59052.61718,-19.291,0.118,-70,8,c,0,1.12,2.87006,35.973,2679.28,1994.82,2.45,2.18,-53.4,-0.411,19.69,21.44,02a59052o0154c
59052.62001,-19.156,0.098,-79,8,c,0,1.04,2.87006,35.973,2699.09,1879.26,2.44,2.15,-55.3,-0.414,19.59,21.09,02a59052o0160c
59054.566307,21.457,1.028,10,10,o,0,1.23,2.87006,35.973,366.41,6492.93,2.14,1.95,-80.2,-0.428,19.67,21.0,01a59054o0640o
59054.569994,21.149,0.888,13,11,o,0,0.66,2.87006,35.973,346.09,6454.76,2.07,1.89,-78.5,-0.425,19.69,21.02,01a59054o0648o
59054.574137,20.992,0.65,15,10,o,0,1.4,2.87006,35.973,10125.01,6473.39,2.31,2.17,26.1,-0.399,19.71,21.06,01a59054o0657o
59054.575976,-20.472,0.386,-24,9,o,0,1.13,2.87006,35.973,404.05,6531.45,2.05,1.86,-83.8,-0.432,19.75,21.04,01a59054o0661o
59054.576436,-20.467,0.443,-24,10,o,0,1.13,2.87006,35.973,10104.95,6434.34,2.24,2.06,81.5,-0.415,19.75,21.05,01a59054o0662o
59054.586426,-19.512,0.149,-57,8,o,0,1.24,2.87006,35.973,10089.24,4115.84,2.36,2.13,-82.4,-0.407,19.78,21.09,01a59054o0683o
59054.589,-19.513,0.162,-57,9,o,0,1.11,2.87006,35.973,10162.05,6513.31,2.18,2.06,68.7,-0.416,19.77,21.05,01a59054o0688o
59054.599503,21.093,0.643,13,8,o,0,1.24,2.87006,35.973,10180.13,6396.68,2.14,2.06,70.4,-0.416,19.79,21.08,01a59054o0710o
59058.537744,-21.424,0.858,-10,8,o,0,1.27,2.87006,35.973,4626.34,1847.21,2.17,2.0,-10.4,-0.415,19.74,21.19,01a59058o0653o
59058.540964,-20.895,0.439,-16,7,o,0,1.32,2.87006,35.973,4605.22,1808.4,2.16,1.99,-11.6,-0.419,19.76,21.19,01a59058o0660o
59058.543727,21.515,0.885,9,8,o,0,1.39,2.87006,35.973,4664.5,1886.07,2.19,2.01,-8.3,-0.419,19.72,21.17,01a59058o0666o
59058.550179,22.622,2.862,3,9,o,0,1.02,2.87006,35.973,4684.62,1770.36,2.45,2.16,-10.5,-0.409,19.64,21.2,01a59058o0680o
59060.508939,21.499,1.0,9,9,c,0,1.04,2.87006,35.973,8269.34,4236.05,2.63,2.49,40.0,-0.381,19.55,21.31,02a59060o0574c
59060.510773,20.772,0.516,18,9,c,0,1.39,2.87006,35.973,8290.51,4274.17,2.59,2.5,47.6,-0.383,19.61,21.43,02a59060o0578c
59060.51869,22.46,2.407,4,9,c,0,0.98,2.87006,35.973,8237.76,4195.32,2.61,2.5,48.5,-0.383,19.77,21.9,02a59060o0595c
59060.528845,-22.313,1.567,-4,7,c,0,1.41,2.87006,35.973,8218.17,4312.2,2.67,2.53,47.4,-0.383,19.74,22.02,02a59060o0617c
59062.533501,20.41,0.498,25,12,o,0,1.18,2.87006,35.973,4625.26,1846.94,2.18,1.99,-10.9,-0.422,19.34,20.14,01a59062o0601o
59062.53672,-21.769,1.704,-7,12,o,0,1.71,2.87006,35.973,4604.53,1808.22,2.31,2.06,-9.6,-0.413,19.31,20.16,01a59062o0608o
59062.539577,24.559,21.333,0,12,o,0,1.38,2.87006,35.973,4663.71,1885.7,2.17,1.97,-0.9,-0.418,19.37,20.17,01a59062o0614o
59062.54973,22.221,2.65,5,12,o,0,1.73,2.87006,35.973,4682.57,1769.53,2.58,2.2,-6.9,-0.398,19.27,20.22,01a59062o0636o
59064.513113,19.687,0.889,48,43,o,0,0.82,2.87006,35.973,8177.37,4233.08,2.36,2.1,42.9,-0.405,18.06,18.15,02a59064o0593o
59064.515038,-20.638,1.871,-20,38,o,0,1.26,2.87006,35.973,8192.14,4273.42,2.32,1.98,42.1,-0.419,18.18,18.24,02a59064o0597o
59064.521048,20.392,0.842,25,21,o,0,1.19,2.87006,35.973,8133.02,4197.9,2.24,1.95,43.7,-0.424,18.62,18.83,02a59064o0609o
59064.530344,20.72,1.202,19,22,o,0,0.68,2.87006,35.973,8113.77,4315.31,2.26,1.96,44.7,-0.421,18.84,19.29,02a59064o0629o
59065.50196,-20.421,0.66,-25,16,o,0,1.31,2.87006,35.973,8091.28,7970.62,2.17,2.06,39.9,-0.397,19.01,19.5,01a59065o0546o
59065.504732,21.106,1.238,13,16,o,0,1.18,2.87006,35.973,8071.87,7931.28,2.16,2.04,31.8,-0.395,19.05,19.5,01a59065o0552o
59065.51072,20.333,0.694,27,18,o,0,1.09,2.87006,35.973,8129.88,8011.12,2.24,2.13,32.4,-0.384,18.98,19.52,01a59065o0565o
59065.541467,-20.492,0.764,-23,18,o,0,0.92,2.87006,35.973,8146.6,7895.19,2.17,2.0,17.9,-0.401,19.07,19.6,01a59065o0628o
59069.510402,20.875,0.836,16,14,o,0,1.18,2.87006,35.973,8089.15,7973.98,2.16,2.05,32.2,-0.386,19.21,19.87,01a59069o0575o
59069.512715,21.836,2.099,7,14,o,0,1.2,2.87006,35.973,8070.1,7933.67,2.22,2.06,22.9,-0.38,19.22,19.89,01a59069o0580o
59069.534266,-19.42,0.249,-62,15,o,0,1.13,2.87006,35.973,8127.46,8013.22,2.16,2.05,19.5,-0.391,19.22,19.9,01a59069o0625o
59069.547031,-20.371,0.547,-26,14,o,0,0.96,2.87006,35.973,8144.91,7895.23,2.06,1.94,15.6,-0.393,19.3,19.89,01a59069o0652o
59071.50757,23.006,7.3,2,17,o,0,1.1,2.87006,35.973,2478.92,623.3,2.38,1.91,-52.5,-0.455,19.36,20.27,02a59071o0565o
59071.533092,23.45,10.231,2,16,o,0,1.01,2.87006,35.973,2502.18,666.01,2.39,1.96,-52.9,-0.452,19.39,20.28,02a59071o0613o
59071.534921,20.266,0.444,28,13,o,0,1.18,2.87006,35.973,2445.44,587.31,2.38,1.93,-51.6,-0.449,19.34,20.29,02a59071o0617o
59071.538122,-20.761,0.629,-18,11,o,0,1.74,2.87006,35.973,2427.74,704.94,2.33,1.96,-53.8,-0.454,19.37,20.29,02a59071o0624o
59074.509004,23.671,7.846,1,10,o,0,1.09,2.87006,35.973,8600.26,1677.2,2.2,2.03,-78.7,-0.417,19.77,21.08,01a59074o0451o
59074.510848,24.166,12.625,1,10,o,0,0.83,2.87006,35.973,8579.74,1637.11,2.19,2.13,-52.6,-0.403,19.75,21.07,01a59074o0455o
59074.513613,20.727,0.473,19,9,o,0,1.41,2.87006,35.973,8638.92,1715.82,2.11,2.05,-47.7,-0.408,19.76,21.09,01a59074o0461o
59074.518689,21.058,0.657,14,9,o,0,1.2,2.87006,35.973,8658.52,1598.63,2.21,2.04,-70.9,-0.413,19.77,21.07,01a59074o0472o
59074.63226,20.526,0.717,22,16,o,0,1.95,2.87006,35.973,1956.81,8914.48,1.93,1.75,-66.3,-0.414,18.83,19.08,01a59074o0713o
59076.600642,20.48,0.504,23,12,o,0,0.83,2.87006,35.973,8066.61,6057.79,2.14,1.9,41.3,-0.432,19.63,20.75,02a59076o0611o
59076.604373,23.418,5.357,2,8,o,0,1.63,2.87006,35.973,8051.23,6017.16,2.24,2.04,40.2,-0.426,19.54,20.74,02a59076o0619o
59076.622596,-24.425,18.833,-1,12,o,0,0.85,2.87006,35.973,8106.05,6095.19,2.18,1.92,39.3,-0.428,19.56,20.64,02a59076o0658o
59076.629986,-20.993,1.049,-14,15,o,0,1.11,2.87006,35.973,8125.31,5979.27,2.19,1.88,40.1,-0.431,19.21,19.81,02a59076o0674o
59078.47519,20.807,0.533,17,9,o,0,1.0,2.87006,35.973,8605.86,1681.14,2.43,2.07,-9.7,-0.377,19.71,21.16,01a59078o0536o
59078.477976,22.691,3.12,3,10,o,0,1.19,2.87006,35.973,8584.32,1637.12,2.72,2.25,-10.8,-0.353,19.56,21.14,01a59078o0542o
59078.480799,24.389,15.833,1,10,o,0,0.97,2.87006,35.973,8645.4,1720.24,2.44,2.12,-12.9,-0.382,19.68,21.13,01a59078o0548o
59078.493335,20.896,0.458,16,7,o,0,2.08,2.87006,35.973,8661.99,1601.87,2.43,2.08,-13.5,-0.372,19.69,21.14,01a59078o0573o
59078.633524,-22.592,7.436,-3,25,o,0,1.02,2.87006,35.973,1955.4,8909.14,2.09,1.94,-49.4,-0.406,18.6,18.86,01a59078o0868o
59080.470064,22.758,2.25,3,6,c,0,1.65,2.87006,35.973,2493.67,4516.32,2.75,2.41,88.0,-0.381,19.69,21.95,02a59080o0519c
59080.47379,-21.484,0.76,-9,7,c,0,1.27,2.87006,35.973,2513.32,4556.12,2.45,2.27,44.2,-0.408,19.79,21.96,02a59080o0527c
59080.476562,20.824,0.397,17,7,c,0,1.67,2.87006,35.973,2456.19,4478.02,2.41,2.26,50.2,-0.411,19.81,21.97,02a59080o0533c
59080.486488,-22.086,1.465,-5,8,c,0,1.01,2.87006,35.973,2442.64,4592.07,2.46,2.28,52.4,-0.41,19.74,21.94,02a59080o0554c
59084.486719,-19.541,0.121,-55,7,c,0,2.86,2.87006,35.973,1984.63,6926.37,2.47,2.3,47.8,-0.4,19.71,21.95,02a59084o0559c
59084.488549,-19.68,0.172,-49,8,c,0,1.77,2.87006,35.973,2004.89,6967.0,2.4,2.3,53.5,-0.406,19.77,21.95,02a59084o0563c
59084.491328,-21.82,1.255,-7,8,c,0,1.92,2.87006,35.973,1946.6,6888.81,2.44,2.31,53.4,-0.403,19.75,21.97,02a59084o0569c
59084.496397,20.081,0.236,34,8,c,0,2.52,2.87006,35.973,1926.26,7005.09,2.57,2.35,44.6,-0.392,19.73,21.96,02a59084o0580c
59085.461741,-19.463,0.182,-60,11,o,0,1.21,2.87006,35.973,2377.5,8279.8,2.63,2.56,-60.8,-0.385,19.5,21.19,01a59085o0495o
59085.463589,-19.262,0.139,-72,10,o,0,1.19,2.87006,35.973,2357.62,8241.11,2.85,2.78,-76.0,-0.378,19.36,21.2,01a59085o0499o
59085.470078,22.199,2.48,5,12,o,0,1.1,2.87006,35.973,2414.96,8317.6,3.06,2.97,-60.0,-0.392,19.31,21.22,01a59085o0513o
59085.489767,-22.848,4.167,-3,11,o,0,0.93,2.87006,35.973,2434.62,8204.7,2.67,2.59,-60.5,-0.394,19.47,21.24,01a59085o0553o
59088.456638,20.46,0.394,24,9,c,0,2.19,2.87006,35.973,1980.17,6924.77,2.46,2.29,46.0,-0.401,19.64,21.34,02a59088o0496c
59088.461269,20.225,0.316,30,9,c,0,1.91,2.87006,35.973,1999.97,6966.05,2.41,2.29,47.0,-0.405,19.67,21.55,02a59088o0506c
59088.466784,20.368,0.365,26,9,c,0,2.02,2.87006,35.973,1946.31,6886.59,2.54,2.33,45.5,-0.393,19.71,21.76,02a59088o0518c
59088.477798,19.958,0.26,38,10,c,0,1.64,2.87006,35.973,1928.92,7002.56,2.44,2.33,57.4,-0.402,19.73,21.97,02a59088o0542c
59090.41508,-22.329,2.708,-4,12,o,0,1.28,2.87006,35.973,2721.8,3902.17,2.2,1.95,-8.5,-0.386,19.38,20.32,01a59090o0424o
59090.420661,-21.298,0.947,-11,10,o,0,1.68,2.87006,35.973,2700.14,3863.7,2.09,1.92,-10.8,-0.398,19.45,20.34,01a59090o0436o
59090.426735,21.772,1.487,7,11,o,0,1.28,2.87006,35.973,2758.2,3940.62,2.26,2.01,-10.1,-0.382,19.38,20.36,01a59090o0449o
59090.436909,-20.911,0.787,-16,12,o,0,0.76,2.87006,35.973,2775.92,3825.17,2.27,1.99,-7.8,-0.388,19.4,20.39,01a59090o0471o
59090.6336,21.408,1.609,10,16,o,0,1.51,2.87006,35.973,7826.68,6646.32,2.44,2.16,-6.2,-0.366,18.93,19.51,01a59090o0889o
59092.49878,-22.433,4.765,-4,18,o,0,0.82,2.87006,35.973,525.28,140.4,2.51,1.78,-55.6,-0.477,19.11,19.66,02a59092o0604o
59092.502895,20.758,0.967,18,18,o,0,1.03,2.87006,35.973,504.93,99.5,2.63,1.89,-58.1,-0.447,19.06,19.67,02a59092o0613o
59092.538105,-21.722,2.269,-7,17,o,0,1.13,2.87006,35.973,569.85,181.67,2.49,1.84,-55.1,-0.44,19.07,19.67,02a59092o0689o
59092.566486,-20.045,0.558,-35,19,o,0,0.93,2.87006,35.973,586.88,58.85,2.36,1.8,-57.7,-0.465,19.14,19.75,02a59092o0750o
59094.443982,21.603,2.66,8,22,o,0,1.13,2.87006,35.973,2715.24,3907.98,2.02,1.92,-10.3,-0.405,18.77,19.01,01a59094o0492o
59094.445826,-21.573,2.514,-8,21,o,0,0.96,2.87006,35.973,2694.55,3868.99,2.0,1.9,-8.5,-0.406,18.79,19.01,01a59094o0496o
59094.450897,21.598,2.177,8,18,o,0,1.57,2.87006,35.973,2754.12,3945.58,2.11,1.95,-9.8,-0.392,18.75,19.01,01a59094o0507o
59094.45827,-21.829,2.779,-7,19,o,0,1.1,2.87006,35.973,2772.01,3829.3,1.99,1.99,-50.8,-0.421,18.71,18.99,01a59094o0523o
59095.428327,-21.047,1.774,-14,25,o,0,1.14,2.87006,35.973,10055.79,10432.67,3.06,2.01,-52.2,-0.425,18.86,19.21,02a59095o0440o
59095.428785,-20.919,1.94,-16,30,o,0,0.92,2.87006,35.973,10054.47,179.86,2.72,1.63,-53.2,-0.519,18.8,19.13,02a59095o0441o
59095.431072,19.642,0.499,50,25,o,0,1.44,2.87006,35.973,10073.62,217.22,2.61,1.6,-53.7,-0.539,18.79,19.13,02a59095o0446o
59095.432931,-21.601,3.981,-8,33,o,0,0.79,2.87006,35.973,10077.49,10470.63,3.2,2.02,-52.0,-0.431,18.87,19.21,02a59095o0450o
59095.434395,19.965,0.733,38,28,o,0,1.48,2.87006,35.973,10017.38,142.25,2.55,1.63,-51.3,-0.533,18.84,19.13,02a59095o0453o
59095.434853,-19.602,0.379,-52,20,o,0,1.58,2.87006,35.973,403.06,157.47,2.6,1.79,-53.5,-0.5,18.79,19.12,02a59095o0454o
59095.435771,-19.943,0.618,-38,24,o,0,1.15,2.87006,35.973,10015.26,10395.59,3.16,2.0,-51.5,-0.423,18.87,19.2,02a59095o0456o
59095.437157,-21.053,1.667,-14,23,o,0,1.15,2.87006,35.973,423.25,198.09,2.53,1.76,-50.8,-0.485,18.8,19.12,02a59095o0459o
59095.439446,20.332,0.879,27,24,o,0,1.67,2.87006,35.973,9998.12,262.85,2.53,1.66,-51.0,-0.53,18.79,19.13,02a59095o0464o
59095.442317,-21.522,7.491,-9,67,o,0,1.62,2.87006,35.973,9998.46,10513.95,3.21,2.08,-50.2,-0.424,18.87,19.22,02a59095o0470o
59095.442773,22.333,4.971,4,21,o,0,1.35,2.87006,35.973,366.4,116.49,2.56,1.78,-50.5,-0.505,18.83,19.13,02a59095o0471o
59095.468265,-19.705,0.454,-48,22,o,0,1.09,2.87006,35.973,351.37,237.71,2.48,1.81,-52.1,-0.497,18.84,19.18,02a59095o0523o
59096.439348,-20.033,0.704,-35,25,o,0,0.74,2.87006,35.973,10055.32,10428.77,2.6,2.05,-53.3,-0.441,18.97,19.42,02a59096o0477o
59096.441177,21.351,2.641,10,28,o,0,0.89,2.87006,35.973,10076.34,10468.51,2.57,2.1,-54.1,-0.439,18.92,19.43,02a59096o0481o
59096.44392,-20.824,1.312,-17,22,o,0,0.87,2.87006,35.973,10014.14,10392.77,2.54,2.14,-56.9,-0.437,18.96,19.41,02a59096o0487o
59096.450335,18.606,0.375,131,49,o,0,1.34,2.87006,35.973,9995.46,10511.83,2.53,2.08,-55.8,-0.457,18.94,19.39,02a59096o0501o
59097.524578,-19.373,0.508,-65,33,o,0,2.39,2.87006,35.973,5876.18,6752.67,2.06,1.86,4.0,-0.398,17.92,17.91,01a59097o0663o
59097.528002,-19.602,0.889,-52,46,o,0,1.11,2.87006,35.973,5896.34,6790.69,2.11,1.9,0.7,-0.388,17.98,18.05,01a59097o0670o
59097.533633,20.228,1.327,29,39,o,0,1.3,2.87006,35.973,5838.68,6713.22,2.09,1.85,-1.2,-0.38,18.02,18.03,01a59097o0681o
59097.568899,-19.177,0.437,-78,34,o,0,1.64,2.87006,35.973,5829.02,6830.98,2.18,2.02,-11.8,-0.395,17.96,18.13,01a59097o0754o
59098.42206,20.055,0.473,34,16,o,0,1.12,2.87006,35.973,4674.88,3791.03,2.0,1.84,-6.6,-0.405,19.09,19.55,01a59098o0448o
59098.425284,-20.894,1.005,-16,16,o,0,1.16,2.87006,35.973,4654.13,3751.06,2.07,1.9,-19.0,-0.406,18.98,19.39,01a59098o0455o
59098.430815,-20.412,0.538,-25,13,o,0,1.74,2.87006,35.973,4711.59,3827.34,2.04,1.91,-2.7,-0.405,19.04,19.46,01a59098o0467o
59098.4405,-20.619,0.66,-20,14,o,0,1.04,2.87006,35.973,4728.64,3711.73,2.07,1.9,-5.5,-0.41,19.22,19.75,01a59098o0488o
59100.496805,-20.589,0.699,-21,15,o,0,0.75,2.87006,35.973,641.23,2097.21,2.36,2.01,-56.3,-0.431,19.34,20.29,02a59100o0602o
59100.500022,21.744,1.85,7,14,o,0,0.88,2.87006,35.973,622.73,2058.88,2.43,2.08,-56.1,-0.426,19.34,20.29,02a59100o0609o
59100.505548,20.94,0.772,15,12,o,0,1.13,2.87006,35.973,683.2,2134.25,2.43,2.11,-56.6,-0.425,19.33,20.31,02a59100o0621o
59100.540776,22.147,2.583,5,13,o,0,0.91,2.87006,35.973,705.22,2021.83,2.1,2.03,-61.1,-0.444,19.35,20.27,02a59100o0697o
59101.493913,21.345,0.755,10,8,o,0,1.18,2.87006,35.973,5868.55,6754.02,1.84,1.77,-11.7,-0.402,19.74,20.7,01a59101o0570o
59101.500974,21.241,0.638,12,7,o,0,1.64,2.87006,35.973,5890.8,6791.81,1.91,1.78,-7.3,-0.401,19.7,20.71,01a59101o0583o
59101.504524,21.506,0.902,9,8,o,0,1.38,2.87006,35.973,5832.69,6715.49,1.95,1.82,-10.0,-0.4,19.66,20.69,01a59101o0589o
59101.530805,-21.188,0.679,-12,8,o,0,1.08,2.87006,35.973,5821.16,6830.7,1.98,1.75,-7.7,-0.398,19.66,20.67,01a59101o0641o
59102.38797,-22.891,3.0,-2,8,o,0,1.47,2.87006,35.973,4680.52,3791.89,2.02,1.87,3.8,-0.438,19.69,21.11,01a59102o0362o
59102.392126,22.272,1.463,4,7,o,0,1.64,2.87006,35.973,4658.31,3749.29,2.11,1.89,-4.4,-0.393,19.77,21.17,01a59102o0371o
59102.398628,23.717,6.8,1,8,o,0,1.38,2.87006,35.973,4717.81,3826.63,3.2,1.84,-0.7,-0.373,19.51,21.11,01a59102o0385o
59102.407913,-21.786,1.023,-7,7,o,0,1.55,2.87006,35.973,4738.37,3714.47,2.11,1.87,-6.5,-0.396,19.77,21.05,01a59102o0405o
59104.467456,-20.784,0.571,-18,10,o,0,0.88,2.87006,35.973,644.83,2100.13,2.12,1.94,-49.6,-0.445,19.7,21.23,02a59104o0543o
59104.470735,-22.237,1.98,-5,9,o,0,0.86,2.87006,35.973,623.37,2061.04,2.07,1.86,-53.9,-0.449,19.74,21.26,02a59104o0550o
59104.479939,-23.057,3.409,-2,7,o,0,1.93,2.87006,35.973,681.54,2137.28,2.12,1.89,-56.2,-0.448,19.71,21.22,02a59104o0570o
59104.492389,21.123,0.715,13,9,o,0,0.9,2.87006,35.973,701.42,2019.94,2.0,1.9,-63.6,-0.457,19.68,21.2,02a59104o0597o
59106.492086,-22.449,1.981,-4,8,o,0,1.1,2.87006,35.973,3959.57,8801.54,1.96,1.74,-18.5,-0.413,19.84,21.37,01a59106o0611o
59106.495308,22.846,2.639,3,7,o,0,1.33,2.87006,35.973,3980.07,8841.11,1.98,1.75,-16.5,-0.413,19.86,21.37,01a59106o0618o
59106.50085,21.462,0.746,9,7,o,0,1.09,2.87006,35.973,3922.75,8762.8,2.0,1.77,-18.2,-0.416,19.85,21.37,01a59106o0630o
59106.536395,-19.251,0.093,-72,7,o,0,1.04,2.87006,35.973,3910.04,8877.7,1.98,1.78,-17.0,-0.417,19.78,21.29,01a59106o0706o
59107.468458,-23.207,4.067,-2,8,c,0,1.32,2.87006,35.973,446.18,8426.29,2.53,2.13,-51.4,-0.433,19.77,21.82,02a59107o0520c
59107.471661,21.151,0.79,13,10,c,0,0.88,2.87006,35.973,427.71,8388.88,2.5,2.16,-51.7,-0.43,19.74,21.82,02a59107o0527c
59107.47396,-21.789,1.19,-7,8,c,0,1.3,2.87006,35.973,10230.13,8450.27,2.9,2.68,-62.5,-0.387,19.77,21.82,02a59107o0532c
59107.481564,-23.228,4.533,-2,8,c,0,1.43,2.87006,35.973,482.85,8462.91,2.44,2.14,-50.7,-0.441,19.78,21.82,02a59107o0548c
59107.482484,22.046,1.485,6,8,c,0,1.41,2.87006,35.973,10209.41,8411.58,2.89,2.72,-59.5,-0.379,19.74,21.81,02a59107o0550c
59107.493093,-22.056,1.588,-6,9,c,0,1.19,2.87006,35.973,10266.9,8493.29,2.81,2.66,-66.4,-0.384,19.76,21.84,02a59107o0573c
59107.493551,21.301,0.773,11,8,c,0,1.4,2.87006,35.973,504.03,8346.79,2.47,2.17,-49.5,-0.435,19.74,21.84,02a59107o0574c
59107.497058,-22.338,2.077,-4,9,c,0,1.04,2.87006,35.973,10283.8,8373.82,2.83,2.67,-59.9,-0.387,19.77,21.84,02a59107o0581c
59110.374725,-19.914,0.723,-39,28,o,0,1.12,2.87006,35.973,6612.37,1760.82,2.19,1.93,-13.9,-0.397,18.28,19.5,01a59110o0369o
59110.378875,-18.881,1.065,-102,108,o,0,1.16,2.87006,35.973,6590.48,1716.34,2.15,1.9,-17.2,-0.402,16.79,17.98,01a59110o0378o
59110.381636,-20.483,0.736,-23,17,o,0,0.88,2.87006,35.973,6650.24,1795.34,2.3,1.91,-11.2,-0.405,19.26,20.53,01a59110o0384o
59110.411266,-17.636,0.706,-320,226,o,0,1.18,2.87006,35.973,6666.02,1679.22,2.27,1.96,-5.5,-0.4,16.59,17.84,01a59110o0447o
59111.397381,20.619,0.75,20,15,c,0,1.68,2.87006,35.973,10136.62,2141.8,2.75,2.4,-52.7,-0.404,18.85,20.7,02a59111o0394c
59111.399667,-21.964,4.538,-6,27,c,0,1.03,2.87006,35.973,10156.03,2181.13,2.71,2.41,-53.4,-0.406,18.26,20.05,02a59111o0399c
59111.402869,19.627,0.525,51,27,c,0,0.9,2.87006,35.973,10098.22,2104.21,2.91,2.58,-52.4,-0.4,18.5,20.34,02a59111o0406c
59111.403325,-19.785,0.52,-44,23,c,0,1.11,2.87006,35.973,356.34,2119.62,2.85,2.71,-58.0,-0.396,18.4,20.27,02a59111o0407c
59111.440399,-19.575,0.174,-54,9,c,0,0.86,2.87006,35.973,509.8,8344.19,2.87,2.41,-49.8,-0.408,19.59,21.68,02a59111o0477c
59111.444046,-19.235,0.12,-74,9,c,0,0.82,2.87006,35.973,384.22,2168.39,2.59,2.42,-57.0,-0.408,19.6,21.56,02a59111o0483c
59111.469076,20.877,0.737,16,12,c,0,1.22,2.87006,35.973,10269.63,8490.0,2.99,2.97,86.1,-0.366,19.43,21.41,02a59111o0535c
59111.482968,20.268,0.513,28,14,c,0,1.5,2.87006,35.973,10287.21,8374.94,2.99,2.96,22.8,-0.368,19.37,21.31,02a59111o0563c
59113.453245,21.209,0.782,12,9,o,0,2.1,2.87006,35.973,4374.15,4444.69,1.98,1.85,-10.3,-0.405,19.34,20.64,01a59113o0526o
59113.464662,21.542,0.988,9,9,o,0,1.3,2.87006,35.973,4396.93,4481.84,1.99,1.88,-7.7,-0.403,19.47,20.84,01a59113o0550o
59113.473426,21.472,1.101,9,10,o,0,1.27,2.87006,35.973,4340.12,4403.84,2.0,1.79,-7.4,-0.406,19.46,20.88,01a59113o0569o
59113.476671,22.497,2.556,4,9,o,0,1.48,2.87006,35.973,4322.58,4519.7,2.06,1.81,-3.6,-0.404,19.51,20.95,01a59113o0576o
59114.412997,-22.67,2.707,-3,8,o,0,1.2,2.87006,35.973,6146.87,6113.91,1.96,1.85,-5.9,-0.4,19.59,20.49,01a59114o0433o
59114.4167,-23.514,7.5,-1,11,o,0,1.12,2.87006,35.973,6126.89,6074.87,1.93,1.77,-3.5,-0.398,19.63,20.5,01a59114o0441o
59114.424112,-21.593,0.991,-8,8,o,0,1.2,2.87006,35.973,6184.97,6152.21,1.96,1.85,-12.7,-0.4,19.62,20.52,01a59114o0457o
59114.434775,21.492,1.08,9,10,o,0,0.75,2.87006,35.973,6202.99,6035.95,1.94,1.8,-16.7,-0.403,19.64,20.55,01a59114o0480o
59117.429985,-20.969,0.567,-15,8,o,0,2.01,2.87006,35.973,4366.39,4441.43,2.22,2.15,-10.5,-0.407,19.55,20.76,01a59117o0476o
59117.433408,22.671,2.69,3,8,o,0,1.38,2.87006,35.973,4386.83,4480.9,2.32,2.24,-4.3,-0.395,19.5,20.79,01a59117o0483o
59117.467828,-21.433,0.667,-10,6,o,0,1.55,2.87006,35.973,4338.77,4400.44,2.26,2.14,-5.5,-0.399,19.71,21.3,01a59117o0554o
59117.473606,-22.562,2.371,-3,8,o,0,0.92,2.87006,35.973,4320.37,4516.13,2.25,2.06,-2.5,-0.401,19.75,21.4,01a59117o0566o
59118.386535,21.749,1.267,7,9,o,0,18.91,2.87006,35.973,6151.18,6119.25,2.02,1.98,6.9,-0.404,19.55,20.53,01a59118o0402o
59118.388376,20.931,0.556,15,9,o,0,1.02,2.87006,35.973,6131.4,6079.29,2.02,1.95,5.9,-0.4,19.56,20.53,01a59118o0406o
59118.391194,-24.257,12.25,-1,9,o,0,1.72,2.87006,35.973,6189.49,6155.89,2.13,2.03,5.2,-0.394,19.52,20.52,01a59118o0412o
59118.396256,22.303,2.24,4,10,o,0,1.11,2.87006,35.973,6207.52,6038.31,2.12,1.98,0.6,-0.392,19.52,20.47,01a59118o0423o
59119.382206,-20.803,0.775,-17,13,o,0,1.68,2.87006,35.973,9832.14,6524.22,2.25,2.2,85.3,-0.439,19.13,19.92,02a59119o0377o
59119.384038,-19.997,0.46,-36,17,o,0,0.98,2.87006,35.973,9852.08,6562.85,2.26,2.19,58.9,-0.441,19.07,19.85,02a59119o0381o
59119.386782,20.305,0.52,27,14,o,0,1.78,2.87006,35.973,9792.9,6487.22,2.26,2.18,64.4,-0.437,19.21,19.95,02a59119o0387o
59119.410533,-20.474,0.72,-24,17,o,0,0.87,2.87006,35.973,9780.66,6610.26,2.2,2.12,53.6,-0.446,19.21,20.04,02a59119o0434o
59120.445196,-20.584,0.733,-21,16,o,0,1.47,2.87006,35.973,747.87,4040.41,2.41,2.21,-52.6,-0.421,19.09,19.87,02a59120o0238o
59120.448397,21.166,1.333,12,16,o,0,0.93,2.87006,35.973,727.98,4001.88,2.2,2.1,-46.3,-0.42,19.12,19.85,02a59120o0245o
59120.453555,-21.368,1.564,-10,16,o,0,0.87,2.87006,35.973,787.04,4077.73,2.22,2.01,-49.0,-0.438,19.19,19.86,02a59120o0256o
59120.465967,-20.437,0.544,-24,13,o,0,1.65,2.87006,35.973,806.15,3960.1,2.04,1.94,-48.4,-0.443,19.2,19.86,02a59120o0283o
59121.423729,21.782,2.146,7,15,o,0,1.4,2.87006,35.973,6161.04,441.79,1.98,1.86,-21.1,-0.422,19.19,19.55,01a59121o0457o
59121.427069,-20.899,0.944,-16,15,o,0,1.31,2.87006,35.973,6181.14,479.55,2.05,2.01,-24.6,-0.426,19.12,19.55,01a59121o0464o
59121.432227,21.864,2.23,6,14,o,0,1.16,2.87006,35.973,6125.22,400.75,2.11,1.99,-11.6,-0.405,19.12,19.58,01a59121o0475o
59121.464922,-22.143,2.426,-5,12,o,0,1.31,2.87006,35.973,6114.78,516.47,2.04,1.9,-32.0,-0.418,19.14,19.59,01a59121o0545o
59123.445305,-19.569,0.603,-54,33,o,0,0.73,2.87006,35.973,6199.97,10014.38,2.17,1.91,-56.8,-0.464,18.57,18.69,02a59123o0488o
59123.456965,-20.175,1.074,-31,33,o,0,1.13,2.87006,35.973,6181.78,9975.34,2.2,1.88,-56.5,-0.46,18.58,18.69,02a59123o0513o
59123.459745,20.055,1.041,34,36,o,0,0.75,2.87006,35.973,6237.92,10055.15,2.26,1.93,-55.7,-0.457,18.59,18.69,02a59123o0519o
59123.487987,22.019,5.776,6,33,o,0,1.45,2.87006,35.973,6248.38,9940.49,2.19,2.14,-62.5,-0.442,18.53,18.67,02a59123o0579o
59125.426152,22.214,4.018,5,19,o,0,1.01,2.87006,35.973,6161.79,439.97,2.02,1.97,-32.9,-0.416,18.97,19.16,01a59125o0399o
59125.429378,-22.356,5.146,-4,21,o,0,0.87,2.87006,35.973,6182.09,479.23,2.03,1.99,-23.4,-0.423,18.94,19.14,01a59125o0406o
59125.435238,-20.465,0.845,-24,20,o,0,0.85,2.87006,35.973,6126.8,402.78,2.04,1.91,-19.5,-0.423,18.96,19.13,01a59125o0417o
59125.47106,-20.875,1.299,-16,21,o,0,0.95,2.87006,35.973,6120.23,521.46,2.16,2.03,-38.4,-0.421,18.88,19.05,01a59125o0491o
59127.44812,21.438,4.214,10,41,o,0,1.33,2.87006,35.973,6207.55,10018.29,2.42,2.31,-60.9,-0.417,18.18,18.45,02a59127o0522o
59127.463612,-19.412,0.46,-62,29,o,0,1.0,2.87006,35.973,6185.76,9977.57,2.4,2.27,-65.5,-0.429,18.6,19.07,02a59127o0554o
59127.467285,19.883,0.72,40,29,o,0,1.52,2.87006,35.973,6242.47,10059.34,2.43,2.33,-68.9,-0.421,18.61,19.15,02a59127o0562o
59127.473077,20.254,0.775,29,22,o,0,1.51,2.87006,35.973,6260.54,9938.05,2.46,2.4,78.7,-0.423,18.89,19.51,02a59127o0573o
59129.494818,21.901,1.5,6,10,o,0,1.37,2.87006,35.973,6249.61,2390.01,2.07,1.88,-19.8,-0.408,19.46,20.25,01a59129o0652o
59129.517848,22.574,3.581,3,12,o,0,1.3,2.87006,35.973,6272.52,2430.0,2.32,2.19,-28.7,-0.41,19.3,20.16,01a59129o0700o
59129.526585,-24.751,25.0,0,11,o,0,1.13,2.87006,35.973,6215.92,2353.94,2.13,1.99,-21.4,-0.407,19.38,20.11,01a59129o0718o
59129.530727,-21.573,1.651,-8,14,o,0,0.91,2.87006,35.973,6197.71,2471.95,2.32,2.06,-14.3,-0.404,19.32,20.1,01a59129o0727o
59131.476037,22.627,3.448,3,11,o,0,0.77,2.87006,35.973,6627.28,3712.35,2.23,2.02,41.9,-0.437,19.47,20.62,02a59131o0604o
59131.482472,22.217,2.364,5,11,o,0,1.02,2.87006,35.973,6610.5,3673.1,2.17,1.99,37.6,-0.441,19.48,20.58,02a59131o0618o
59131.49503,-22.507,2.875,-4,10,o,0,1.25,2.87006,35.973,6668.05,3749.19,2.28,2.0,40.7,-0.435,19.41,20.5,02a59131o0645o
59131.508175,-23.643,9.1,-1,12,o,0,1.05,2.87006,35.973,6687.01,3632.77,2.36,2.18,43.7,-0.427,19.33,20.41,02a59131o0673o
59132.429893,-23.049,4.81,-2,10,o,0,0.83,2.87006,35.973,6629.0,3711.33,2.21,1.9,31.9,-0.446,19.63,20.94,02a59132o0501o
59132.435443,-20.718,0.53,-19,10,o,0,1.39,2.87006,35.973,6610.38,3674.51,2.2,1.85,32.6,-0.45,19.62,20.89,02a59132o0513o
59132.438652,20.407,0.408,25,10,o,0,1.31,2.87006,35.973,6668.58,3751.21,2.22,1.89,31.9,-0.449,19.6,20.89,02a59132o0520o
59132.450591,20.518,0.495,22,11,o,0,1.08,2.87006,35.973,6686.34,3633.91,2.18,1.88,33.5,-0.449,19.61,20.84,02a59132o0546o
59133.425115,20.857,0.476,16,8,o,0,1.45,2.87006,35.973,6235.48,2385.26,2.37,2.28,-29.5,-0.394,19.65,21.15,01a59133o0484o
59133.428004,21.233,0.932,12,11,o,0,1.08,2.87006,35.973,6256.12,2423.45,2.82,2.73,-26.6,-0.377,19.48,21.14,01a59133o0490o
59133.448619,-22.102,1.458,-5,8,o,0,1.19,2.87006,35.973,6203.3,2347.95,2.36,2.2,-15.0,-0.4,19.67,21.14,01a59133o0532o
59133.463503,-20.932,0.906,-15,14,o,0,1.17,2.87006,35.973,6188.64,2464.2,3.32,3.22,-16.2,-0.383,19.14,20.99,01a59133o0562o
59136.38927,25.032,21.0,0,7,c,0,1.23,2.87006,35.973,6626.71,3713.96,2.34,2.29,53.3,-0.402,19.81,21.78,02a59136o0488c
59136.392488,24.486,12.0,1,7,c,0,1.33,2.87006,35.973,6607.49,3674.95,2.33,2.28,-70.2,-0.403,19.81,21.79,02a59136o0495c
59136.399815,-24.489,13.2,-1,8,c,0,1.13,2.87006,35.973,6665.45,3752.17,2.31,2.3,-43.8,-0.403,19.8,21.79,02a59136o0511c
59136.411735,-22.898,3.286,-2,8,c,0,0.81,2.87006,35.973,6687.08,3636.4,2.37,2.32,34.4,-0.398,19.8,21.78,02a59136o0537c
59137.399882,21.472,1.011,9,10,o,0,1.2,2.87006,35.973,4331.11,2504.18,2.08,2.01,65.4,-0.404,19.53,20.76,01a59137o0429o
59137.412452,-21.467,1.033,-9,10,o,0,1.23,2.87006,35.973,4352.79,2542.51,2.19,2.18,29.8,-0.39,19.57,20.88,01a59137o0454o
59137.415685,-19.793,0.15,-44,7,o,0,1.93,2.87006,35.973,4296.01,2464.37,2.11,1.94,-7.9,-0.408,19.7,20.91,01a59137o0461o
59137.424515,-19.587,0.19,-53,10,o,0,1.4,2.87006,35.973,4280.39,2580.18,2.03,2.0,-17.9,-0.414,19.55,20.73,01a59137o0479o
59139.408884,21.544,0.914,9,8,c,0,1.33,2.87006,35.973,2427.22,10236.49,2.51,2.2,-47.9,-0.425,19.81,21.74,02a59139o0453c
59139.412136,21.451,0.812,10,8,c,0,1.4,2.87006,35.973,2410.09,10196.12,2.56,2.1,-48.5,-0.433,19.82,21.72,02a59139o0460c
59139.426526,21.95,1.135,6,7,c,0,1.78,2.87006,35.973,2466.36,10271.91,2.47,2.07,-50.1,-0.436,19.79,21.68,02a59139o0490c
59139.433415,21.228,0.674,12,8,c,0,1.12,2.87006,35.973,2485.71,10153.47,2.56,2.16,-49.9,-0.431,19.8,21.67,02a59139o0505c
59140.407519,-21.542,1.294,-9,11,c,0,0.91,2.87006,35.973,2603.47,52.52,2.52,2.26,-72.5,-0.38,19.68,21.65,02a59140o0471c
59141.36735,-21.658,0.939,-8,7,o,0,1.01,2.87006,35.973,4323.64,2502.92,1.8,1.77,28.5,-0.425,19.83,21.01,01a59141o0248o
59141.374503,-23.26,4.885,-2,9,o,0,0.85,2.87006,35.973,4346.12,2540.84,1.8,1.79,-7.7,-0.423,19.83,20.96,01a59141o0263o
59141.377536,22.257,1.531,4,7,o,0,1.83,2.87006,35.973,4289.63,2462.99,1.83,1.8,4.2,-0.42,19.84,20.95,01a59141o0269o
59141.411906,-20.681,0.382,-19,7,o,0,1.16,2.87006,35.973,4278.68,2577.6,1.83,1.83,10.9,-0.419,19.75,20.82,01a59141o0340o
59143.360941,21.308,0.753,11,8,c,0,1.42,2.87006,35.973,2432.51,10235.3,2.63,2.32,-48.8,-0.42,19.67,21.58,02a59143o0358c
59143.364671,22.345,2.346,4,10,c,0,1.92,2.87006,35.973,2414.04,10200.77,2.61,2.35,-44.1,-0.417,19.46,21.28,02a59143o0366c
59143.398982,-21.255,1.717,-11,20,c,0,0.81,2.87006,35.973,2464.48,10277.77,2.54,2.3,-52.3,-0.415,18.86,20.58,02a59143o0437c
59143.404547,19.9,0.423,40,17,c,0,1.75,2.87006,35.973,2486.9,10159.09,2.52,2.28,-50.6,-0.424,18.87,20.51,02a59143o0449c
59144.373522,-20.72,0.5,-19,9,c,0,1.29,2.87006,35.973,2603.0,52.66,2.44,2.17,-63.2,-0.382,19.83,21.68,02a59144o0351c
59146.390224,-21.511,1.0,-9,9,o,0,1.62,2.87006,35.973,7930.07,8555.76,2.04,1.99,5.0,-0.389,19.62,20.71,01a59146o0283o
59146.393446,21.919,1.443,6,9,o,0,1.36,2.87006,35.973,7951.32,8594.11,2.16,1.98,4.7,-0.387,19.59,20.71,01a59146o0290o
59146.400853,22.863,3.724,3,10,o,0,0.89,2.87006,35.973,7892.85,8517.32,2.1,2.05,-6.8,-0.389,19.58,20.72,01a59146o0306o
59146.410984,-20.875,0.557,-16,9,o,0,1.31,2.87006,35.973,7877.16,8635.07,2.07,1.97,13.6,-0.385,19.63,20.72,01a59146o0328o
59147.427123,22.452,3.2,4,12,o,0,0.84,2.87006,35.973,4227.03,6217.19,2.19,1.75,32.9,-0.434,19.43,20.32,02a59147o0456o
59147.430635,21.427,1.087,10,11,o,0,1.58,2.87006,35.973,4208.26,6179.22,2.2,1.75,36.4,-0.432,19.48,20.32,02a59147o0463o
59147.457456,-21.719,1.56,-8,12,o,0,1.09,2.87006,35.973,4266.5,6253.78,2.21,1.81,39.5,-0.433,19.45,20.31,02a59147o0520o
59147.47149,-19.806,0.234,-43,10,o,0,1.12,2.87006,35.973,4286.94,6136.55,2.15,1.72,35.3,-0.44,19.47,20.35,02a59147o0548o
59148.353521,-20.256,0.428,-29,12,o,0,1.22,2.87006,35.973,4225.1,6221.3,2.26,1.89,35.1,-0.423,19.33,20.15,02a59148o0363o
59148.356756,21.411,1.286,10,13,o,0,1.33,2.87006,35.973,4205.71,6182.88,2.42,2.02,37.7,-0.414,19.27,20.15,02a59148o0370o
59148.364539,-22.205,3.067,-5,15,o,0,1.11,2.87006,35.973,4261.7,6258.75,2.34,1.82,34.5,-0.421,19.22,19.98,02a59148o0387o
59148.375072,20.655,0.899,20,18,o,0,1.32,2.87006,35.973,4280.06,6142.62,2.4,1.87,32.6,-0.414,18.83,19.38,02a59148o0410o
59153.392433,21.438,2.594,10,25,o,0,0.69,2.87006,35.973,8234.32,4178.99,2.11,2.02,-48.5,-0.414,18.79,18.84,01a59153o0401o
59153.407969,20.43,0.911,24,22,o,0,0.91,2.87006,35.973,8256.99,4219.37,2.09,1.96,-37.3,-0.406,18.8,18.8,01a59153o0434o
59153.411285,20.557,0.835,22,18,o,0,1.93,2.87006,35.973,8199.77,4145.6,2.07,1.97,-39.2,-0.412,18.77,18.79,01a59153o0441o
59153.425821,21.99,3.58,6,21,o,0,1.39,2.87006,35.973,8184.05,4259.41,2.03,1.93,-41.5,-0.416,18.79,18.74,01a59153o0472o
59154.384281,0.0,20.908,0,16,o,0,2.02,2.87006,35.973,8236.1,4182.65,2.29,2.02,-13.6,-0.378,18.91,19.14,01a59154o0436o
59154.387046,21.352,2.055,10,22,o,0,0.9,2.87006,35.973,8256.98,4220.91,2.24,2.07,-14.0,-0.385,18.89,19.12,01a59154o0442o
59154.39444,-24.394,35.571,-1,23,o,0,0.86,2.87006,35.973,8199.12,4145.76,2.17,2.01,-14.4,-0.392,18.9,19.07,01a59154o0458o
59154.407343,-23.939,21.6,-1,21,o,0,1.14,2.87006,35.973,8183.16,4262.94,2.2,2.09,-7.9,-0.393,18.86,19.03,01a59154o0486o
59155.462177,17.274,0.94,447,420,o,0,1.13,2.87006,35.973,352.46,6475.08,2.22,2.02,23.1,-0.422,14.93,14.78,02a59155o0558o
59155.466344,-17.761,1.846,-286,527,o,0,1.09,2.87006,35.973,334.03,6438.51,2.21,2.2,-19.7,-0.325,15.84,15.82,02a59155o0567o
59155.467716,-21.432,45.136,-10,438,o,0,1.78,2.87006,35.973,10112.58,6502.36,2.46,2.31,27.8,-0.468,16.2,15.96,02a59155o0570o
59155.477816,-18.572,3.963,-135,536,o,0,1.73,2.87006,35.973,10091.75,6463.22,2.35,2.19,21.8,-0.512,15.29,15.06,02a59155o0592o
59155.491573,-17.412,0.798,-394,314,o,0,1.56,2.87006,35.973,10167.36,6427.01,2.4,2.19,27.2,-0.413,15.1,15.14,02a59155o0622o
59156.388674,20.649,0.698,20,14,o,0,1.08,2.87006,35.973,350.7,6480.8,2.04,1.89,2.5,-0.396,19.11,19.72,02a59156o0444o
59156.391888,20.094,0.356,33,12,o,0,1.35,2.87006,35.973,331.14,6442.15,2.06,1.88,15.7,-0.385,19.09,19.71,02a59156o0451o
59156.397456,-21.032,0.909,-14,13,o,0,1.5,2.87006,35.973,388.49,6517.41,1.97,1.84,-20.0,-0.412,19.15,19.7,02a59156o0463o
59156.397914,-26.305,125.0,0,14,o,0,1.6,2.87006,35.973,10112.12,6502.96,2.14,2.08,25.8,-0.45,19.15,19.67,02a59156o0464o
59156.401125,-20.378,0.664,-26,17,o,0,1.16,2.87006,35.973,10093.13,6464.05,2.22,2.11,25.5,-0.439,19.08,19.67,02a59156o0471o
59156.407136,-21.97,3.096,-6,18,o,0,0.91,2.87006,35.973,10151.09,6544.27,2.19,2.13,13.4,-0.45,19.11,19.64,02a59156o0484o
59156.412643,21.387,1.415,10,14,o,0,1.6,2.87006,35.973,407.44,6399.54,1.96,1.87,-8.8,-0.397,19.06,19.63,02a59156o0496o
59156.417252,-21.668,2.457,-8,19,o,0,1.38,2.87006,35.973,10170.0,6428.11,2.18,2.1,24.5,-0.442,19.05,19.59,02a59156o0506o
59157.387674,21.198,1.199,12,14,o,0,1.18,2.87006,35.973,8232.62,4181.28,2.03,1.86,-67.6,-0.428,19.42,20.02,01a59157o0344o
59157.402554,22.93,5.172,2,13,o,0,1.15,2.87006,35.973,8255.3,4220.65,2.0,1.86,-53.2,-0.461,19.42,19.97,01a59157o0375o
59157.40536,-23.018,4.69,-2,11,o,0,1.3,2.87006,35.973,8197.16,4145.32,1.96,1.81,-61.3,-0.43,19.44,19.96,01a59157o0381o
59157.424117,21.73,1.947,7,14,o,0,0.8,2.87006,35.973,8181.01,4263.18,1.96,1.84,-56.3,-0.42,19.4,19.87,01a59157o0420o
59159.337806,20.139,1.815,32,58,o,0,1.45,2.87006,35.973,366.17,6485.92,2.33,2.22,-1.6,-0.38,17.46,18.41,02a59159o0324o
59159.341039,-19.279,1.267,-71,89,o,0,0.75,2.87006,35.973,346.68,6447.42,2.27,2.15,-14.1,-0.4,17.22,18.0,02a59159o0331o
59159.346569,19.04,3.4,88,299,o,0,0.92,2.87006,35.973,404.22,6521.09,2.34,2.24,4.4,-0.387,15.89,16.64,02a59159o0343o
59159.34979,-16.186,0.514,-1218,625,o,0,1.36,2.87006,35.973,10129.16,6505.7,2.68,2.51,27.4,-0.506,14.93,15.7,02a59159o0350o
59159.353478,-16.113,0.643,-1302,837,o,0,0.99,2.87006,35.973,10109.01,6463.32,2.91,2.8,31.5,-0.52,15.0,15.82,02a59159o0358o
59159.356686,18.064,2.161,216,467,o,0,1.07,2.87006,35.973,423.92,6404.87,2.63,2.48,20.1,-0.368,15.29,16.05,02a59159o0365o
59159.362481,-18.23,1.496,-185,277,o,0,0.8,2.87006,35.973,10165.96,6545.21,2.53,2.32,29.5,-0.437,16.36,16.92,02a59159o0377o
59159.373089,-15.199,0.701,-3024,2121,o,0,1.08,2.87006,35.973,10184.92,6429.81,2.62,2.43,23.0,-0.504,14.3,14.62,02a59159o0400o
59160.326108,-18.832,2.459,-106,262,c,0,1.19,2.87006,35.973,423.68,6407.78,2.54,2.41,-1.5,-0.385,16.03,17.44,02a59160o0311c
59160.337123,22.274,4.167,4,19,c,0,1.66,2.87006,35.973,10127.11,6505.11,2.93,2.54,30.4,-0.379,18.62,20.25,02a59160o0335c
59160.341265,19.976,0.695,37,26,c,0,0.95,2.87006,35.973,10107.56,6465.94,2.93,2.58,30.5,-0.375,18.62,20.3,02a59160o0344c
59160.348202,-20.089,0.841,-33,28,c,0,0.74,2.87006,35.973,10163.99,6544.52,2.96,2.51,27.6,-0.379,18.56,20.16,02a59160o0359c
59160.359625,-21.076,2.161,-14,29,c,0,1.03,2.87006,35.973,10180.96,6429.57,2.99,2.82,28.9,-0.385,18.54,20.19,02a59160o0383c
59169.362637,21.814,1.253,7,9,o,0,1.3,2.87006,35.973,2458.86,4521.19,2.24,1.86,88.4,-0.438,19.77,21.1,01a59169o0390o
59169.367287,20.567,0.352,22,8,o,0,1.79,2.87006,35.973,2478.71,4560.12,2.29,1.84,-88.7,-0.442,19.7,21.1,01a59169o0400o
59169.384369,20.871,0.587,16,10,o,0,1.1,2.87006,35.973,2423.73,4482.61,2.2,1.77,89.1,-0.443,19.77,21.08,01a59169o0435o
59169.403334,18.361,0.822,164,135,o,0,1.27,2.87006,35.973,2407.21,4598.39,2.14,1.84,85.3,-0.446,16.77,17.98,01a59169o0474o
59170.333972,-21.211,0.614,-12,7,o,0,1.99,2.87006,35.973,2455.2,4521.64,2.26,1.91,89.6,-0.42,19.64,20.89,01a59170o0230o
59170.33768,22.426,2.442,4,10,o,0,0.96,2.87006,35.973,2476.28,4560.74,2.25,1.88,-89.5,-0.423,19.64,20.89,01a59170o0238o
59170.344145,19.934,0.277,39,11,o,0,0.83,2.87006,35.973,2418.8,4482.12,2.26,1.85,-88.9,-0.425,19.68,20.89,01a59170o0252o
59170.357079,22.527,2.27,4,8,o,0,1.37,2.87006,35.973,2404.89,4599.11,2.41,1.88,89.9,-0.412,19.65,20.95,01a59170o0280o
59178.312809,-19.97,1.806,-37,67,o,0,1.12,2.87006,35.973,1963.66,6939.63,2.12,1.92,7.1,-0.416,17.54,18.09,01a59178o0218o
59178.318345,20.69,1.932,19,37,o,0,1.19,2.87006,35.973,1984.17,6978.35,2.18,1.94,11.8,-0.409,17.99,18.45,01a59178o0230o
59178.323425,0.0,20.478,0,23,o,0,1.11,2.87006,35.973,1925.73,6900.16,2.26,1.95,1.7,-0.417,18.62,19.44,01a59178o0241o
59178.335911,20.273,0.835,28,24,o,0,1.43,2.87006,35.973,1911.18,7015.97,2.2,2.03,-81.8,-0.41,18.59,19.31,01a59178o0268o
59179.323154,-21.389,2.394,-10,24,o,0,1.18,2.87006,35.973,8609.89,1707.63,2.03,1.82,-56.4,-0.468,18.42,18.76,02a59179o0310o
59179.337644,-19.501,0.3,-58,17,o,0,1.44,2.87006,35.973,8594.0,1665.76,2.1,1.87,-54.4,-0.456,18.67,19.11,02a59179o0341o
59179.341449,20.222,1.271,30,38,o,0,1.13,2.87006,35.973,8655.29,1748.22,2.16,1.86,-48.9,-0.454,18.12,18.23,02a59179o0349o
59179.356816,-21.55,1.5,-9,13,o,0,2.26,2.87006,35.973,8675.63,1631.37,2.13,1.8,-50.9,-0.458,18.97,19.44,02a59179o0382o
59180.324157,-21.84,2.328,-7,16,o,0,1.68,2.87006,35.973,8604.52,1702.63,2.43,1.9,-55.4,-0.451,18.82,19.34,02a59180o0268o
59180.327839,-21.451,1.768,-10,17,o,0,1.49,2.87006,35.973,8585.4,1663.54,2.19,1.85,-55.4,-0.451,18.9,19.34,02a59180o0276o
59180.334245,-20.383,0.775,-26,20,o,0,0.99,2.87006,35.973,8645.42,1742.51,2.16,1.84,-53.6,-0.462,18.9,19.33,02a59180o0290o
59180.347087,20.279,0.753,28,21,o,0,0.89,2.87006,35.973,8668.35,1625.78,2.23,1.88,-54.3,-0.457,18.88,19.33,02a59180o0318o
59181.306885,-19.48,0.727,-59,43,o,0,0.93,2.87006,35.973,1974.57,6976.3,2.35,2.12,-11.6,-0.415,18.33,18.85,01a59181o0188o
59181.329213,-19.954,0.866,-38,33,o,0,1.21,2.87006,35.973,1921.63,6895.79,2.11,1.93,-66.7,-0.426,17.94,18.53,01a59181o0235o
59181.355179,20.023,0.508,36,18,o,0,1.63,2.87006,35.973,1910.83,7014.63,2.1,1.99,-67.4,-0.425,18.81,19.12,01a59181o0290o
59182.291809,-20.213,0.44,-30,13,o,0,1.66,2.87006,35.973,1957.95,6941.15,2.02,1.9,-65.5,-0.423,19.01,19.34,01a59182o0224o
59182.294574,-21.52,2.09,-9,19,o,0,1.03,2.87006,35.973,1978.76,6980.47,2.0,1.89,-57.6,-0.423,18.99,19.34,01a59182o0230o
59182.299647,19.537,0.326,56,18,o,0,1.15,2.87006,35.973,1920.67,6901.92,2.07,1.93,-71.9,-0.424,18.98,19.34,01a59182o0241o
59182.309794,-23.111,8.095,-2,17,o,0,1.7,2.87006,35.973,1902.74,7017.58,2.2,2.11,-54.0,-0.419,18.92,19.32,01a59182o0263o
59184.293748,20.9,1.055,16,17,o,0,1.12,2.87006,35.973,8611.7,1707.08,2.18,1.76,-54.0,-0.465,19.01,19.45,02a59184o0246o
59184.296947,20.791,1.022,18,18,o,0,0.9,2.87006,35.973,8592.24,1668.85,2.18,1.77,-53.6,-0.47,18.99,19.44,02a59184o0253o
59184.30338,-21.089,1.331,-13,18,o,0,1.29,2.87006,35.973,8649.2,1747.22,2.28,1.74,-57.0,-0.47,19.0,19.45,02a59184o0267o
59184.313474,22.622,5.848,3,19,o,0,0.79,2.87006,35.973,8672.15,1630.52,2.24,1.73,-54.8,-0.469,19.0,19.44,02a59184o0289o
59185.342656,-21.685,2.667,-8,20,o,0,0.8,2.87006,35.973,9976.28,112.44,2.43,2.09,-64.4,-0.398,19.21,19.72,01a59185o0352o
59185.34404,20.943,1.142,15,17,o,0,0.74,2.87006,35.973,10068.27,10355.62,2.16,2.01,72.5,-0.42,19.16,19.68,01a59185o0355o
59185.34496,20.419,0.733,25,18,o,0,1.26,2.87006,35.973,327.56,178.08,2.19,1.9,39.4,-0.481,19.21,19.73,01a59185o0357o
59185.34588,21.912,2.321,6,14,o,0,1.38,2.87006,35.973,9995.77,153.2,2.45,2.15,-54.6,-0.372,19.15,19.71,01a59185o0359o
59185.347729,22.186,4.0,5,19,o,0,0.76,2.87006,35.973,10089.4,10395.73,2.32,2.15,-89.4,-0.418,19.13,19.68,01a59185o0363o
59185.34865,-20.326,0.765,-27,21,o,0,0.84,2.87006,35.973,348.28,218.7,2.18,1.97,34.7,-0.492,19.16,19.73,01a59185o0365o
59185.360211,21.3,1.92,11,21,o,0,1.01,2.87006,35.973,291.11,136.02,2.19,2.02,48.0,-0.507,19.15,19.7,01a59185o0390o
59185.361135,-20.834,1.393,-17,24,o,0,1.0,2.87006,35.973,9941.12,80.49,2.48,2.14,-59.6,-0.379,19.12,19.67,01a59185o0392o
59185.362518,-20.526,0.847,-22,19,o,0,0.76,2.87006,35.973,10024.96,10321.77,2.22,2.08,75.3,-0.431,19.1,19.63,01a59185o0395o
59185.370379,21.825,2.212,7,15,o,0,1.24,2.87006,35.973,276.09,253.58,2.16,1.97,47.5,-0.486,19.13,19.64,01a59185o0412o
59185.371299,21.315,1.896,11,20,o,0,1.06,2.87006,35.973,9922.49,202.14,2.72,2.36,-60.9,-0.41,18.97,19.6,01a59185o0414o
59185.372682,-20.808,1.275,-17,22,o,0,0.98,2.87006,35.973,10005.89,10443.03,2.29,2.11,69.7,-0.437,19.01,19.58,01a59185o0417o
59186.325285,-20.886,1.146,-16,18,o,0,1.17,2.87006,35.973,9975.42,113.43,2.92,2.35,-59.7,-0.427,19.12,20.0,01a59186o0314o
59186.329443,-20.846,1.033,-17,17,o,0,1.37,2.87006,35.973,9995.87,152.99,2.76,2.32,-44.5,-0.38,19.25,19.99,01a59186o0323o
59186.33637,-21.425,1.688,-10,16,o,0,0.96,2.87006,35.973,10070.68,10356.82,2.56,2.28,84.6,-0.392,19.14,19.99,01a59186o0338o
59186.336832,21.15,1.975,13,25,o,0,0.95,2.87006,35.973,9940.72,77.89,2.93,2.67,-60.4,-0.355,19.16,20.0,01a59186o0339o
59186.340518,-24.985,41.333,0,15,o,0,1.08,2.87006,35.973,10091.9,10396.95,2.53,2.3,80.3,-0.405,19.11,19.98,01a59186o0347o
59186.341449,21.645,2.019,8,16,o,0,1.67,2.87006,35.973,329.54,180.16,2.64,2.4,48.6,-0.495,19.18,20.04,01a59186o0349o
59186.34515,-21.607,2.491,-8,21,o,0,0.79,2.87006,35.973,350.06,220.84,2.73,2.38,30.7,-0.471,19.14,20.01,01a59186o0357o
59186.346071,20.561,0.754,22,16,o,0,1.02,2.87006,35.973,10028.58,10320.81,2.5,2.27,78.3,-0.419,19.13,19.94,01a59186o0359o
59186.357651,21.082,1.672,13,22,o,0,0.97,2.87006,35.973,9925.11,202.56,3.3,2.91,-83.1,-0.397,18.95,19.88,01a59186o0384o
59186.358111,-25.046,62.5,0,22,o,0,1.56,2.87006,35.973,294.66,139.71,3.0,2.59,49.8,-0.48,18.98,19.94,01a59186o0385o
59186.359494,21.003,1.553,14,22,o,0,0.93,2.87006,35.973,10009.87,10442.98,2.57,2.31,70.6,-0.399,19.08,19.88,01a59186o0388o
59186.367843,-23.078,8.333,-2,18,o,0,1.07,2.87006,35.973,280.79,257.82,2.35,2.16,52.2,-0.495,19.17,19.92,01a59186o0406o
59187.369729,21.873,2.242,6,14,o,0,1.45,2.87006,35.973,2360.16,8280.47,2.0,1.92,-26.4,-0.455,19.22,19.92,02a59187o0355o
59187.373406,-21.546,1.618,-9,14,o,0,1.21,2.87006,35.973,2342.75,8240.48,2.0,1.94,-28.4,-0.446,19.2,19.89,02a59187o0363o
59187.378917,20.61,0.819,21,17,o,0,1.13,2.87006,35.973,2400.22,8314.59,2.01,1.95,-5.3,-0.439,19.18,19.85,02a59187o0375o
59187.389501,-22.117,3.189,-5,16,o,0,1.43,2.87006,35.973,2420.26,8197.98,1.99,1.93,-21.3,-0.442,19.14,19.79,02a59187o0398o
59189.251856,-22.216,2.283,-5,11,o,0,0.95,2.87006,35.973,301.47,182.86,1.98,1.76,54.4,-0.497,19.8,21.09,01a59189o0152o
59189.255079,21.675,1.424,8,11,o,0,0.8,2.87006,35.973,321.68,223.12,1.99,1.82,42.8,-0.495,19.76,21.07,01a59189o0159o
59189.267682,25.648,61.0,0,12,o,0,0.79,2.87006,35.973,9956.24,110.77,2.34,1.88,-69.5,-0.404,19.82,21.04,01a59189o0184o
59189.268144,-21.307,0.835,-11,9,o,0,1.37,2.87006,35.973,10054.68,10350.9,2.18,1.85,75.6,-0.404,19.78,21.0,01a59189o0185o
59189.269071,21.061,0.94,14,13,o,0,0.99,2.87006,35.973,265.45,141.88,2.01,1.84,45.5,-0.473,19.77,21.09,01a59189o0187o
59189.270453,20.939,0.66,15,10,o,0,1.15,2.87006,35.973,9976.18,149.85,2.34,1.87,-66.4,-0.412,19.81,21.04,01a59189o0190o
59189.270915,20.895,0.591,16,9,o,0,0.96,2.87006,35.973,10076.63,10390.42,2.17,1.85,75.4,-0.408,19.81,21.02,01a59189o0191o
59189.275522,23.4,6.056,2,10,o,0,0.94,2.87006,35.973,251.61,260.35,2.01,1.72,59.5,-0.512,19.81,21.13,01a59189o0201o
59189.275982,20.493,0.618,23,14,o,0,1.05,2.87006,35.973,9919.21,74.13,2.46,2.17,-40.3,-0.406,19.7,21.09,01a59189o0202o
59189.281286,-22.083,1.531,-5,8,o,0,1.54,2.87006,35.973,10015.85,10312.74,2.15,1.82,80.3,-0.405,19.78,21.09,01a59189o0212o
59189.294607,-21.235,0.77,-12,9,o,0,1.48,2.87006,35.973,9904.93,192.89,2.37,1.96,-67.9,-0.406,19.8,21.14,01a59189o0240o
59189.295068,-20.809,0.585,-17,10,o,0,1.09,2.87006,35.973,9999.98,10432.57,2.14,1.81,84.8,-0.42,19.81,21.12,01a59189o0241o
59190.264933,-22.234,2.159,-5,10,o,0,1.15,2.87006,35.973,10058.51,10354.48,2.52,1.99,15.3,-0.409,19.7,21.25,01a59190o0180o
59190.268168,-22.695,2.514,-3,8,o,0,1.48,2.87006,35.973,10082.14,10393.61,2.07,1.84,81.6,-0.425,19.89,21.26,01a59190o0187o
59190.27371,-20.886,0.523,-16,8,o,0,1.42,2.87006,35.973,10020.91,10317.14,2.13,2.07,62.5,-0.41,19.79,21.2,01a59190o0199o
59190.283891,20.453,0.462,24,11,o,0,1.13,2.87006,35.973,10003.31,10436.07,2.27,2.06,35.8,-0.409,19.67,21.09,01a59190o0221o
59191.260596,-22.025,1.333,-6,8,c,0,1.57,2.87006,35.973,2373.56,8287.76,2.43,2.25,-51.1,-0.421,19.76,21.75,02a59191o0152c
59191.263804,-24.67,17.25,0,8,c,0,1.27,2.87006,35.973,2354.1,8249.32,2.44,2.26,-51.6,-0.416,19.79,21.75,02a59191o0159c
59191.275923,21.949,1.275,6,8,c,0,1.27,2.87006,35.973,2407.78,8322.69,2.35,2.26,-45.8,-0.416,19.81,21.72,02a59191o0184c
59191.281919,21.925,1.231,6,8,c,0,1.66,2.87006,35.973,2428.87,8207.01,2.37,2.25,-48.9,-0.42,19.82,21.7,02a59191o0197c
59194.289668,-19.541,0.123,-55,7,c,0,1.4,2.87006,35.973,9925.89,8396.82,2.77,2.68,55.1,-0.329,19.74,23.13,01a59194o0232c
59194.293829,21.408,0.882,10,9,c,0,1.16,2.87006,35.973,9947.44,8435.62,2.71,2.6,73.2,-0.336,19.76,23.13,01a59194o0241c
59194.299828,21.109,0.687,13,9,c,0,0.91,2.87006,35.973,9886.87,8360.2,2.69,2.65,42.4,-0.33,19.76,23.13,01a59194o0254c
59194.312759,-22.23,1.553,-5,7,c,0,1.44,2.87006,35.973,9870.25,8479.79,2.63,2.45,87.3,-0.351,19.79,23.1,01a59194o0282c
59200.245626,24.627,17.75,0,9,c,0,0.82,2.87006,35.973,2715.53,3913.79,2.47,2.31,-52.1,-0.416,19.71,21.7,02a59200o0131c
59200.251119,23.117,3.875,2,8,c,0,1.1,2.87006,35.973,2695.63,3875.42,2.5,2.3,-50.7,-0.415,19.7,21.72,02a59200o0143c
59200.255241,-20.856,0.448,-16,7,c,0,1.27,2.87006,35.973,2753.71,3951.33,2.38,2.23,-53.5,-0.413,19.72,21.67,02a59200o0152c
59200.265348,21.248,0.691,12,8,c,0,0.8,2.87006,35.973,2773.0,3834.74,2.39,2.22,-53.0,-0.412,19.81,21.74,02a59200o0174c
59205.227286,21.238,1.094,12,13,o,0,1.22,2.87006,35.973,10050.32,2068.76,2.21,1.92,-68.3,-0.412,19.65,20.37,01a59205o0068o
59205.242349,22.073,2.164,5,12,o,0,1.18,2.87006,35.973,10073.09,2107.14,2.3,2.0,-68.5,-0.411,19.55,20.33,01a59205o0099o
59205.243748,-21.428,0.992,-10,10,o,0,1.28,2.87006,35.973,272.69,2143.41,1.94,1.81,64.2,-0.437,19.58,20.38,01a59205o0102o
59205.246972,21.668,1.33,8,10,o,0,1.33,2.87006,35.973,293.5,2184.01,1.99,1.78,63.0,-0.428,19.57,20.41,01a59205o0109o
59205.259366,21.746,1.556,7,11,o,0,1.16,2.87006,35.973,10019.8,2034.19,2.35,2.03,-60.7,-0.407,19.56,20.39,01a59205o0135o
59205.271468,20.992,0.699,15,10,o,0,1.51,2.87006,35.973,239.07,2102.81,2.09,1.82,76.6,-0.443,19.59,20.44,01a59205o0160o
59205.271933,20.746,0.784,18,14,o,0,0.71,2.87006,35.973,10000.17,2152.92,2.64,2.22,-46.5,-0.405,19.44,20.42,01a59205o0161o
59205.27923,21.557,1.139,9,10,o,0,1.72,2.87006,35.973,224.69,2218.96,2.03,1.83,77.7,-0.434,19.57,20.47,01a59205o0175o
59207.244445,-23.481,9.125,-2,13,o,0,0.97,2.87006,35.973,4688.16,3809.79,1.93,1.87,-29.2,-0.47,19.27,19.99,02a59207o0102o
59207.247647,-21.989,2.469,-6,14,o,0,0.75,2.87006,35.973,4669.21,3771.21,1.91,1.86,-48.4,-0.474,19.29,19.99,02a59207o0109o
59207.255033,21.07,0.972,14,13,o,0,1.08,2.87006,35.973,4728.6,3846.94,1.96,1.89,-45.3,-0.472,19.27,19.99,02a59207o0123o
59207.290469,-21.961,2.424,-6,14,o,0,1.19,2.87006,35.973,4742.21,3724.83,2.0,1.99,-17.1,-0.459,19.18,19.91,02a59207o0196o
59208.240048,-19.719,0.264,-47,12,o,0,1.18,2.87006,35.973,4681.16,3804.66,2.2,1.83,36.0,-0.447,19.13,19.75,02a59208o0106o
59208.243254,21.496,1.63,9,15,o,0,1.18,2.87006,35.973,4661.44,3766.23,2.15,1.86,35.4,-0.446,19.15,19.75,02a59208o0113o
59208.253334,-19.564,0.28,-54,15,o,0,1.11,2.87006,35.973,4718.94,3841.53,2.18,1.83,38.8,-0.447,19.13,19.73,02a59208o0135o
59208.259794,-19.435,0.24,-61,15,o,0,1.25,2.87006,35.973,4739.74,3725.13,2.1,1.88,43.9,-0.455,19.11,19.71,02a59208o0149o
59210.315636,19.829,0.585,42,25,o,0,0.81,2.87006,35.973,9746.58,6548.79,3.05,2.41,13.4,-0.345,18.63,19.25,01a59210o0002o
59210.319322,19.693,0.554,48,27,o,0,0.77,2.87006,35.973,9826.04,6510.15,2.6,2.52,62.1,-0.372,18.72,19.25,01a59210o0010o
59210.338254,19.727,0.532,47,25,o,0,1.27,2.87006,35.973,9768.42,6440.09,2.68,2.47,-87.8,-0.37,18.65,19.11,01a59210o0051o
59210.344241,20.368,1.072,26,28,o,0,1.01,2.87006,35.973,9749.02,6559.31,2.75,2.46,-87.9,-0.367,18.56,19.06,01a59210o0064o
59212.312585,-20.398,0.92,-25,23,o,0,0.86,2.87006,35.973,6617.26,1766.49,2.01,1.98,37.5,-0.44,18.8,19.12,02a59212o0270o
59212.316257,19.914,0.478,39,19,o,0,1.65,2.87006,35.973,6598.36,1727.37,1.97,1.94,35.6,-0.442,18.74,19.1,02a59212o0278o
59212.323622,21.101,1.728,13,23,o,0,1.05,2.87006,35.973,6658.42,1805.48,1.98,1.93,30.7,-0.439,18.72,19.06,02a59212o0294o
59212.335582,20.683,1.236,19,24,o,0,0.88,2.87006,35.973,6680.18,1688.0,2.0,1.96,32.6,-0.436,18.69,18.98,02a59212o0320o
59214.217946,22.401,3.442,4,14,o,0,0.8,2.87006,35.973,9794.84,6458.12,2.15,1.99,-89.2,-0.42,19.42,20.02,01a59214o0063o
59214.22117,20.264,0.503,28,14,o,0,1.1,2.87006,35.973,9815.27,6496.2,2.21,2.1,77.7,-0.406,19.3,19.98,01a59214o0070o
59214.228174,21.166,1.187,12,15,o,0,1.29,2.87006,35.973,9755.49,6421.16,2.11,2.05,88.5,-0.411,19.33,19.89,01a59214o0085o
59214.240645,-19.924,0.367,-39,14,o,0,1.25,2.87006,35.973,9740.69,6538.71,2.27,2.12,-80.4,-0.404,19.25,19.78,01a59214o0112o
59216.228302,20.826,0.574,17,10,o,0,0.98,2.87006,35.973,6622.87,1769.85,2.02,1.92,-54.4,-0.436,19.65,20.95,02a59216o0082o
59216.231973,21.188,0.774,12,9,o,0,1.25,2.87006,35.973,6602.82,1730.55,2.0,1.98,-68.5,-0.437,19.62,20.95,02a59216o0090o
59216.237481,-21.547,1.054,-9,9,o,0,1.19,2.87006,35.973,6661.87,1808.6,2.22,2.17,-56.7,-0.43,19.54,20.96,02a59216o0102o
59216.248512,-21.4,0.944,-10,9,o,0,1.27,2.87006,35.973,6684.22,1691.22,2.19,2.07,-50.7,-0.432,19.54,20.94,02a59216o0126o
59217.282256,-21.27,0.862,-11,10,o,0,1.08,2.87006,35.973,4298.31,547.1,2.06,2.02,-3.7,-0.431,19.65,20.98,01a59217o0200o
59217.287776,22.273,2.182,4,10,o,0,1.05,2.87006,35.973,4318.32,586.79,1.94,1.9,10.8,-0.431,19.71,20.97,01a59217o0212o
59217.293778,-21.358,0.903,-10,9,o,0,1.09,2.87006,35.973,4261.29,510.03,2.36,2.17,-3.8,-0.421,19.55,20.96,01a59217o0225o
59217.304371,22.175,1.804,5,9,o,0,1.34,2.87006,35.973,4245.92,628.06,2.13,2.06,-17.6,-0.419,19.62,20.95,01a59217o0248o
59220.235016,22.602,2.778,3,9,c,0,1.06,2.87006,35.973,6149.11,6125.58,2.38,2.3,43.5,-0.41,19.77,21.59,02a59220o0093c
59220.238241,21.472,0.76,9,7,c,0,1.17,2.87006,35.973,6129.93,6086.15,2.46,2.28,43.2,-0.406,19.73,21.59,02a59220o0100c
59220.247885,-21.478,0.919,-9,9,c,0,0.96,2.87006,35.973,6187.75,6163.05,2.44,2.3,38.8,-0.404,19.73,21.61,02a59220o0121c
59220.262141,-19.519,0.171,-56,10,c,0,0.88,2.87006,35.973,6207.11,6045.99,2.48,2.33,39.4,-0.405,19.75,21.6,02a59220o0152c
59221.205075,-21.197,1.095,-12,13,c,0,1.04,2.87006,35.973,4283.03,551.34,2.17,2.08,-6.1,-0.425,19.39,20.32,01a59221o0028c
59221.213454,21.318,0.595,11,6,c,0,1.48,2.87006,35.973,4303.34,590.66,2.18,2.06,0.4,-0.421,19.88,21.59,01a59221o0046c
59221.236157,-23.087,3.273,-2,7,c,0,1.26,2.87006,35.973,4249.38,511.27,2.24,2.12,0.6,-0.425,19.88,21.84,01a59221o0094c
59221.251413,-19.038,0.062,-88,6,c,0,1.38,2.87006,35.973,4234.52,628.39,2.23,2.17,11.4,-0.421,19.86,21.82,01a59221o0124c
59226.232468,21.591,0.909,8,8,c,0,1.2,2.87006,35.973,3934.69,6852.1,2.36,2.18,-4.4,-0.363,19.8,21.81,01a59226o0044c
59226.236339,-20.691,0.42,-19,8,c,0,1.53,2.87006,35.973,3953.72,6891.32,2.2,2.16,-53.8,-0.389,19.87,21.81,01a59226o0052c
59226.24417,22.379,1.636,4,7,c,0,1.52,2.87006,35.973,3895.98,6814.5,2.27,2.12,-70.8,-0.39,19.87,21.8,01a59226o0069c
59226.255695,23.534,4.714,1,7,c,0,1.59,2.87006,35.973,3877.2,6930.93,2.36,2.18,-72.7,-0.393,19.84,21.79,01a59226o0094c
59227.266284,21.515,1.387,9,12,c,0,0.78,2.87006,35.973,4317.18,10107.16,2.63,2.45,-46.8,-0.396,19.7,21.61,02a59227o0155c
59227.269948,22.24,2.187,5,10,c,0,1.06,2.87006,35.973,4299.12,10067.74,2.58,2.48,-49.5,-0.388,19.69,21.6,02a59227o0163c
59227.275466,-23.905,10.143,-1,10,c,0,1.49,2.87006,35.973,4355.6,10145.88,2.55,2.44,-41.2,-0.395,19.7,21.59,02a59227o0175c
59227.30134,-22.969,5.812,-2,14,c,0,0.9,2.87006,35.973,4375.25,10026.0,2.52,2.51,54.4,-0.388,19.63,21.57,02a59227o0187c
59230.205043,20.152,0.873,32,28,c,0,1.26,2.87006,35.973,3928.69,6849.06,2.66,2.1,-84.1,-0.419,18.5,19.15,01a59230o0020c
59230.209186,-22.378,3.105,-4,13,c,0,1.42,2.87006,35.973,3948.31,6889.5,2.47,2.24,-83.3,-0.406,19.18,20.27,01a59230o0029c
59230.216115,22.008,1.328,6,8,c,0,1.24,2.87006,35.973,3890.21,6811.81,2.43,2.07,-85.8,-0.419,19.78,21.42,01a59230o0044c
59230.227683,20.606,0.373,21,8,c,0,1.72,2.87006,35.973,3870.64,6928.27,2.64,2.5,-26.4,-0.409,19.71,21.74,01a59230o0069c
59231.208469,21.199,3.0,12,36,c,0,0.79,2.87006,35.973,4330.74,10112.73,3.02,2.71,-53.3,-0.397,18.55,19.73,02a59231o0025c
59231.211672,20.485,0.701,23,16,c,0,1.67,2.87006,35.973,4313.21,10072.9,2.96,2.61,-49.7,-0.391,19.08,20.4,02a59231o0032c
59231.230939,21.752,1.609,7,12,c,0,1.49,2.87006,35.973,4367.18,10147.47,2.79,2.54,-46.1,-0.396,19.52,21.24,02a59231o0074c
59231.238733,20.427,0.455,24,11,c,0,1.43,2.87006,35.973,4385.09,10028.93,2.92,2.67,-46.9,-0.388,19.47,21.23,02a59231o0091c
59235.256828,18.19,17.436,192,3354,o,0,1.28,2.87006,35.973,4261.02,8118.52,2.3,2.08,36.6,-0.433,15.18,15.28,02a59235o0109o
59235.262327,-20.514,0.945,-23,21,o,0,1.12,2.87006,35.973,4317.82,8196.17,2.24,2.04,38.1,-0.417,18.79,19.33,02a59235o0121o
59235.274248,-20.55,0.956,-22,21,o,0,0.99,2.87006,35.973,4339.31,8076.16,2.31,2.23,4.4,-0.425,18.87,19.49,02a59235o0147o
59242.247024,-20.193,0.684,-30,21,o,0,1.0,2.87006,35.973,6313.27,4330.33,2.39,2.2,-55.8,-0.396,18.65,19.01,01a59242o0045o
59242.250247,-21.318,2.302,-11,25,o,0,1.28,2.87006,35.973,6332.94,4369.31,2.43,2.36,-21.2,-0.396,18.59,18.95,01a59242o0052o
59242.263602,20.932,3.119,15,48,o,0,0.99,2.87006,35.973,6275.1,4296.17,2.38,2.18,-77.3,-0.398,17.69,18.0,01a59242o0081o
59242.270508,18.76,0.669,114,76,o,0,1.19,2.87006,35.973,6255.11,4415.21,2.51,2.12,-80.6,-0.406,17.05,17.15,01a59242o0096o
59243.243045,19.148,0.424,80,34,o,0,1.41,2.87006,35.973,6184.27,8064.81,2.54,2.44,37.3,-0.425,18.65,19.07,02a59243o0092o
59243.246267,-20.03,1.096,-35,39,o,0,1.01,2.87006,35.973,6165.14,8025.44,2.55,2.44,42.1,-0.412,18.58,19.03,02a59243o0099o
59243.252213,20.071,1.189,34,40,o,0,0.94,2.87006,35.973,6223.01,8103.02,2.61,2.51,46.7,-0.405,18.51,18.97,02a59243o0112o
59243.262305,20.397,1.975,25,50,o,0,1.19,2.87006,35.973,6242.1,7986.37,2.93,2.89,19.6,-0.399,18.28,18.87,02a59243o0134o
59252.220633,-20.492,0.674,-23,16,c,0,0.91,2.87006,35.973,2666.34,1964.75,2.35,2.26,-72.6,-0.417,19.02,20.16,02a59252o0034c
59252.229338,20.74,0.49,18,9,c,0,1.31,2.87006,35.973,2639.66,1928.82,2.33,2.24,-71.0,-0.417,19.49,21.01,02a59252o0053c
59252.243147,22.072,2.0,5,11,c,0,0.87,2.87006,35.973,2698.13,2002.28,2.33,2.25,-73.0,-0.415,19.49,21.03,02a59252o0083c
59252.249269,24.165,12.333,1,10,c,0,1.11,2.87006,35.973,2717.27,1886.12,2.37,2.21,-63.8,-0.423,19.45,20.99,02a59252o0095c
59267.218801,19.355,1.394,66,92,o,0,1.4,2.87006,35.973,8105.02,9957.38,3.07,2.29,-51.2,-0.414,17.45,17.28,02a59267o0002o
59267.222003,20.86,2.891,16,48,o,0,1.33,2.87006,35.973,8086.67,9912.52,2.53,2.26,-49.8,-0.41,18.03,18.11,02a59267o0009o
59267.227505,21.147,2.272,13,29,o,0,1.12,2.87006,35.973,8142.69,9990.91,2.63,2.28,-49.9,-0.394,18.58,18.99,02a59267o0021o
59267.23757,-20.667,1.565,-20,31,o,0,0.74,2.87006,35.973,8158.68,9874.18,2.57,2.26,-47.0,-0.411,18.68,19.21,02a59267o0043o
59344.615497,-15.265,1.241,-2845,3530,c,0,0.6,2.87006,35.973,7964.46,10527.88,3.01,2.79,-34.0,-0.376,18.86,20.09,02a59344o0805c
59351.590724,-20.703,0.67,-19,13,c,0,1.23,2.87006,35.973,6332.18,4361.12,2.78,2.55,33.5,-0.377,19.14,20.85,02a59351o0743c
59351.596263,-20.849,0.852,-17,14,c,0,0.82,2.87006,35.973,6351.01,4399.44,2.86,2.59,25.0,-0.367,19.16,20.89,02a59351o0755c
59351.608703,-20.361,0.747,-26,20,c,0,0.88,2.87006,35.973,6293.05,4323.11,3.46,3.27,6.7,-0.36,18.87,20.67,02a59351o0782c
59368.585884,-19.833,0.315,-42,13,o,0,1.34,2.87006,35.973,5935.4,8722.63,2.35,2.18,41.3,-0.423,19.22,20.14,02a59368o0741o
59368.603031,-26.062,110.0,0,15,o,0,1.19,2.87006,35.973,5950.94,8760.85,2.52,2.19,40.6,-0.411,19.16,20.12,02a59368o0778o
59368.608253,-21.269,1.648,-11,19,o,0,1.26,2.87006,35.973,5893.21,8682.29,2.39,2.15,40.7,-0.421,19.07,19.9,02a59368o0789o
59368.615831,19.543,1.458,55,81,o,0,0.82,2.87006,35.973,5871.93,8797.97,2.54,2.23,37.5,-0.422,18.29,18.68,02a59368o0805o
59374.589169,21.882,1.153,6,7,c,0,1.14,2.87006,35.973,8080.61,6033.69,2.47,2.33,-84.3,-0.383,19.86,21.73,01a59374o0752c
59374.601705,21.287,0.777,11,9,c,0,0.81,2.87006,35.973,8063.26,5995.85,2.44,2.37,-76.9,-0.376,19.84,21.67,01a59374o0779c
59374.61381,21.585,1.812,8,15,c,0,1.46,2.87006,35.973,8121.68,6071.25,2.67,2.49,-83.8,-0.376,19.06,20.03,01a59374o0805c
59374.618106,-19.806,0.711,-43,31,c,0,0.93,2.87006,35.973,8141.31,5955.7,2.52,2.4,-79.6,-0.369,18.4,18.96,01a59374o0814c
59378.580498,20.253,0.282,29,8,c,0,0.84,2.87006,35.973,8597.52,3623.96,2.54,2.37,-79.2,-0.383,19.8,21.55,01a59378o0732c
59378.599303,-19.361,0.115,-65,8,c,0,1.08,2.87006,35.973,8578.24,3584.45,2.38,2.23,-66.2,-0.391,19.89,21.55,01a59378o0772c
59378.604514,-19.409,0.124,-62,8,c,0,1.11,2.87006,35.973,8637.95,3664.11,2.45,2.32,-70.2,-0.384,19.79,21.35,01a59378o0783c
59378.614406,21.81,2.345,7,16,c,0,1.58,2.87006,35.973,8661.49,3546.0,2.61,2.44,-75.3,-0.38,18.95,19.8,01a59378o0804c
59384.561014,20.98,0.752,15,11,o,0,1.43,2.87006,35.973,1955.69,8887.01,2.03,1.88,-46.3,-0.461,19.57,20.78,02a59384o0665o
59384.564674,20.068,0.351,34,12,o,0,1.05,2.87006,35.973,1974.91,8925.86,2.02,1.86,-47.1,-0.455,19.57,20.79,02a59384o0673o
59384.572469,20.56,0.434,22,9,o,0,1.32,2.87006,35.973,1913.81,8845.73,2.0,1.87,-47.3,-0.459,19.57,20.8,02a59384o0690o
59384.590562,-20.69,0.545,-19,10,o,0,1.37,2.87006,35.973,1888.99,8962.81,2.0,1.82,-49.3,-0.465,19.63,20.83,02a59384o0729o
59388.587481,20.049,0.463,35,16,o,0,0.78,2.87006,35.973,8200.11,2296.04,2.07,1.96,-61.3,-0.442,19.12,19.77,02a59388o0749o
59388.597491,20.04,0.331,35,12,o,0,1.48,2.87006,35.973,8219.59,2340.28,1.98,1.82,-57.4,-0.442,19.29,19.99,02a59388o0770o
59388.604619,22.644,3.647,3,12,o,0,1.41,2.87006,35.973,8164.08,2257.23,2.0,1.86,-57.2,-0.446,19.38,20.17,02a59388o0785o
59388.613685,20.417,0.615,25,15,o,0,0.73,2.87006,35.973,8146.25,2380.26,2.02,1.86,-56.5,-0.442,19.31,20.11,02a59388o0803o
59389.563435,21.57,2.422,9,21,o,0,1.69,2.87006,35.973,536.04,10377.62,1.94,1.62,-73.5,-0.506,18.91,19.05,01a59389o0670o
59389.568986,21.053,1.713,14,24,o,0,0.67,2.87006,35.973,519.19,10340.95,2.06,1.73,-70.8,-0.49,18.88,19.06,01a59389o0682o
59389.593107,-20.349,0.63,-26,17,o,0,1.19,2.87006,35.973,582.94,10421.95,1.85,1.57,-73.2,-0.518,19.07,19.27,01a59389o0734o
59389.600448,19.936,0.408,38,16,o,0,1.07,2.87006,35.973,602.39,10303.0,1.82,1.59,-72.1,-0.514,19.1,19.37,01a59389o0749o
59390.578201,21.201,2.73,12,33,o,0,1.11,2.87006,35.973,531.64,128.19,1.93,1.83,47.5,-0.528,18.57,18.58,01a59390o0732o
59390.583729,-21.199,2.544,-12,31,o,0,1.44,2.87006,35.973,508.54,90.45,1.92,1.79,52.0,-0.528,18.72,18.74,01a59390o0744o
59390.599624,-19.802,0.786,-44,34,o,0,1.29,2.87006,35.973,568.66,170.78,1.93,1.82,63.0,-0.519,18.54,18.55,01a59390o0778o
59390.60251,-22.44,13.132,-4,50,o,0,1.48,2.87006,35.973,587.06,52.52,2.01,1.9,-84.8,-0.523,18.49,18.55,01a59390o0784o
59391.568871,-19.979,0.46,-37,17,o,0,1.19,2.87006,35.973,8197.29,2297.88,1.99,1.9,-51.2,-0.452,19.02,19.52,02a59391o0680o
59391.578764,-21.838,1.817,-7,12,o,0,1.94,2.87006,35.973,8217.55,2338.72,1.97,1.89,-55.3,-0.443,19.05,19.54,02a59391o0701o
59391.582427,21.446,1.441,10,14,o,0,1.33,2.87006,35.973,8160.7,2262.32,1.95,1.92,-45.3,-0.441,18.99,19.55,02a59391o0709o
59391.599609,-21.29,1.204,-11,13,o,0,1.6,2.87006,35.973,8139.18,2378.12,2.01,1.96,-55.1,-0.428,19.03,19.59,02a59391o0745o
59394.588641,-21.825,1.791,-7,12,o,0,1.4,2.87006,35.973,647.55,2095.25,1.95,1.89,72.6,-0.432,19.45,20.15,01a59394o0746o
59394.60628,20.715,0.599,19,11,o,0,1.28,2.87006,35.973,623.95,2058.09,2.01,1.91,87.2,-0.427,19.42,20.12,01a59394o0784o
59394.616821,-20.667,0.893,-20,18,o,0,1.94,2.87006,35.973,683.34,2135.64,2.39,2.32,89.2,-0.383,18.8,19.29,01a59394o0806o
59394.620605,19.645,0.647,50,33,o,0,1.58,2.87006,35.973,703.04,2020.07,2.1,2.02,53.1,-0.426,18.51,18.49,01a59394o0814o
59398.574775,23.345,5.792,2,10,o,0,1.07,2.87006,35.973,648.08,2092.86,1.85,1.75,75.5,-0.434,19.77,20.83,01a59398o0713o
59398.579999,21.989,1.475,6,9,o,0,1.22,2.87006,35.973,627.0,2058.03,1.87,1.83,55.2,-0.431,19.73,20.85,01a59398o0724o
59398.584145,20.629,0.42,20,8,o,0,1.3,2.87006,35.973,687.43,2131.02,1.9,1.77,73.6,-0.431,19.72,20.86,01a59398o0733o
59398.603837,21.921,1.583,6,10,o,0,1.2,2.87006,35.973,705.93,2018.04,2.09,1.96,72.8,-0.43,19.65,20.85,01a59398o0775o
59401.580657,20.841,0.805,17,14,o,0,2.26,2.87006,35.973,455.96,8425.44,1.84,1.62,-75.1,-0.452,19.03,20.05,01a59401o0706o
59401.581578,20.526,0.992,22,22,o,0,1.02,2.87006,35.973,10231.06,8424.36,2.09,1.78,77.7,-0.406,18.89,19.88,01a59401o0708o
59401.584804,19.701,0.37,48,18,o,0,1.19,2.87006,35.973,10212.03,8383.88,2.06,1.82,77.8,-0.406,18.92,19.97,01a59401o0715o
59401.585265,20.54,1.424,22,31,o,0,1.24,2.87006,35.973,437.96,8388.22,1.79,1.6,-73.5,-0.454,18.18,19.13,01a59401o0716o
59401.591703,20.755,1.462,18,26,o,0,0.88,2.87006,35.973,10273.37,8463.76,2.05,1.77,71.1,-0.404,18.61,19.67,01a59401o0728o
59401.594466,22.742,3.27,3,10,o,0,1.65,2.87006,35.973,497.43,8465.2,1.79,1.62,-69.6,-0.443,19.63,20.8,01a59401o0734o
59401.603608,21.073,0.561,14,8,o,0,1.52,2.87006,35.973,516.35,8347.57,1.82,1.63,-69.3,-0.445,19.81,21.13,01a59401o0752o
59401.604081,21.992,1.143,6,7,o,0,1.7,2.87006,35.973,10290.46,8345.39,2.09,1.83,64.0,-0.401,19.78,21.06,01a59401o0753o
59402.581451,-21.232,0.749,-12,9,o,0,0.74,2.87006,35.973,464.29,8422.12,1.95,1.67,-74.3,-0.441,19.82,21.14,01a59402o0732o
59402.583295,20.882,0.565,16,9,o,0,1.09,2.87006,35.973,10238.8,8418.42,2.14,1.92,73.6,-0.392,19.79,21.09,01a59402o0736o
59402.585139,-21.659,0.918,-8,7,o,0,1.57,2.87006,35.973,444.91,8384.46,2.09,1.85,-77.0,-0.433,19.74,21.16,01a59402o0740o
59402.588395,-21.519,0.942,-9,8,o,0,1.14,2.87006,35.973,10219.91,8377.86,2.18,1.95,74.8,-0.395,19.79,21.11,01a59402o0747o
59402.602108,21.906,1.355,6,8,o,0,1.08,2.87006,35.973,502.17,8460.65,2.13,1.83,-71.7,-0.433,19.77,21.16,01a59402o0776o
59402.609353,-20.972,0.517,-15,8,o,0,1.33,2.87006,35.973,10278.04,8455.32,2.13,1.91,69.0,-0.403,19.78,20.95,01a59402o0790o
59402.614422,-19.655,0.201,-50,10,o,0,1.01,2.87006,35.973,521.45,8343.92,2.06,1.8,-72.5,-0.429,19.54,20.51,01a59402o0801o
59402.614883,-19.633,0.229,-51,12,o,0,1.14,2.87006,35.973,10295.12,8338.15,2.28,2.06,67.5,-0.401,19.48,20.37,01a59402o0802o
59404.57013,-22.418,2.536,-4,10,c,0,1.04,2.87006,35.973,5889.42,6782.18,2.65,2.33,47.2,-0.398,19.76,21.78,02a59404o0701c
59404.573331,-19.91,0.248,-39,10,c,0,1.34,2.87006,35.973,5908.29,6820.22,2.69,2.32,42.6,-0.396,19.8,21.79,02a59404o0708c
59404.579297,-19.259,0.112,-72,8,c,0,1.4,2.87006,35.973,5857.36,6741.03,2.69,2.34,44.9,-0.391,19.77,21.79,02a59404o0721c
59404.59965,21.605,0.981,8,8,c,0,1.35,2.87006,35.973,5838.68,6860.17,3.03,2.41,42.8,-0.375,19.74,21.85,02a59404o0765c
59405.54692,21.538,0.894,9,8,o,0,2.08,2.87006,35.973,459.24,8423.74,1.81,1.56,-76.9,-0.448,19.82,21.04,01a59405o0630o
59405.55352,-22.776,2.773,-3,8,o,0,1.17,2.87006,35.973,442.32,8385.97,1.84,1.59,-78.8,-0.447,19.85,21.04,01a59405o0643o
59405.556009,-19.324,0.091,-68,6,o,0,1.64,2.87006,35.973,10234.61,8426.44,2.06,1.75,77.2,-0.402,19.83,20.98,01a59405o0648o
59405.55647,-19.571,0.133,-54,7,o,0,1.72,2.87006,35.973,498.84,8461.46,1.81,1.56,-77.2,-0.448,19.87,21.05,01a59405o0649o
59405.565308,-19.386,0.114,-64,7,o,0,1.29,2.87006,35.973,10216.48,8386.45,2.1,1.79,79.1,-0.4,19.8,20.96,01a59405o0668o
59405.566228,-19.703,0.151,-48,7,o,0,1.52,2.87006,35.973,519.71,8345.5,1.8,1.59,-74.4,-0.451,19.84,21.01,01a59405o0670o
59405.567219,-19.776,0.184,-45,8,o,0,1.39,2.87006,35.973,10274.78,8465.44,2.13,1.78,81.6,-0.397,19.79,20.95,01a59405o0672o
59408.514151,-21.693,1.275,-8,10,c,0,1.07,2.87006,35.973,5883.73,6780.94,2.79,2.35,40.7,-0.386,19.65,21.53,02a59408o0575c
59408.528359,-21.014,0.569,-14,8,c,0,1.9,2.87006,35.973,5907.49,6819.5,2.57,2.37,45.4,-0.397,19.72,21.57,02a59408o0606c
59408.531138,-20.222,0.265,-30,8,c,0,1.5,2.87006,35.973,5847.89,6743.05,2.62,2.35,43.0,-0.394,19.68,21.58,02a59408o0612c
59408.543367,-21.473,0.873,-9,8,c,0,1.31,2.87006,35.973,5828.27,6861.64,2.51,2.3,38.2,-0.4,19.74,21.59,02a59408o0638c
59408.621457,22.165,2.641,5,13,c,0,0.85,2.87006,35.973,4708.16,3760.24,2.5,2.27,38.0,-0.396,19.19,20.42,02a59408o0806c
59410.548864,-24.7,19.667,0,9,o,0,0.93,2.87006,35.973,752.66,4036.85,2.01,1.89,79.0,-0.416,19.77,21.11,01a59410o0663o
59410.552105,20.359,0.444,26,12,o,0,0.88,2.87006,35.973,732.53,3999.65,2.92,2.83,79.5,-0.352,19.36,21.12,01a59410o0670o
59410.557637,24.735,16.333,0,8,o,0,1.24,2.87006,35.973,791.36,4075.44,1.95,1.9,80.6,-0.41,19.78,21.13,01a59410o0682o
59410.567524,-24.028,9.636,-1,9,o,0,0.88,2.87006,35.973,808.67,3958.68,2.0,1.97,-45.2,-0.402,19.72,21.09,01a59410o0703o
59412.579548,21.547,1.046,9,9,c,0,1.16,2.87006,35.973,3959.47,8817.47,2.49,2.4,56.1,-0.397,19.78,21.85,02a59412o0720c
59412.583665,20.99,0.67,15,10,c,0,1.35,2.87006,35.973,3980.2,8857.06,2.47,2.39,58.0,-0.401,19.76,21.81,02a59412o0729c
59412.605013,-20.884,0.824,-16,13,c,0,1.33,2.87006,35.973,3924.41,8779.72,2.49,2.39,51.0,-0.402,19.43,21.37,02a59412o0775c
59412.613733,-21.751,1.558,-7,11,c,0,1.25,2.87006,35.973,3905.01,8897.51,2.49,2.38,47.8,-0.398,19.66,21.52,02a59412o0794c
59414.55586,-21.266,0.761,-11,9,o,0,1.7,2.87006,35.973,749.42,4040.4,1.94,1.87,84.6,-0.41,19.59,20.76,01a59414o0677o
59414.559552,-21.823,1.213,-7,8,o,0,1.51,2.87006,35.973,730.76,4006.08,1.88,1.79,84.4,-0.417,19.72,20.93,01a59414o0685o
59414.567853,-20.27,0.281,-28,8,o,0,1.09,2.87006,35.973,789.37,4080.29,1.92,1.84,-87.2,-0.41,19.71,20.87,01a59414o0703o
59414.57913,-20.639,0.423,-20,8,o,0,1.67,2.87006,35.973,806.96,3963.32,2.02,1.8,-85.5,-0.413,19.7,20.78,01a59414o0727o
59416.430236,14.705,1.527,4765,7277,o,0,0.96,2.87006,35.973,3966.86,8855.03,2.31,2.22,8.9,-0.484,15.23,15.65,02a59416o0400o
59416.44388,14.025,2.584,8911,23028,o,0,0.77,2.87006,35.973,3908.25,8775.4,2.54,2.32,39.9,-0.41,12.9,12.83,02a59416o0429o
59417.582867,21.27,1.023,11,12,o,0,1.12,2.87006,35.973,6218.78,9992.89,2.05,2.04,-78.7,-0.391,19.45,20.35,01a59417o0721o
59417.596914,20.984,0.762,15,11,o,0,1.12,2.87006,35.973,6201.22,9952.23,2.02,1.96,-66.9,-0.395,19.5,20.48,01a59417o0748o
59417.616384,-21.311,1.092,-11,12,o,0,0.68,2.87006,35.973,4242.93,553.71,2.32,2.28,4.3,-0.404,19.56,20.95,01a59417o0786o
59417.622,-20.723,0.811,-19,15,o,0,0.62,2.87006,35.973,4229.49,671.85,2.41,2.39,18.9,-0.395,19.26,20.31,01a59417o0795o
59420.550465,-22.515,5.742,-4,21,o,0,0.85,2.87006,35.973,4425.32,4458.05,2.47,1.9,43.3,-0.424,19.01,19.46,02a59420o0673o
59420.554767,-21.033,1.204,-14,17,o,0,1.21,2.87006,35.973,4442.15,4502.1,2.2,1.87,35.8,-0.431,19.0,19.45,02a59420o0682o
59420.559836,-20.566,0.827,-22,18,o,0,0.93,2.87006,35.973,4390.11,4420.67,2.34,1.89,45.2,-0.428,19.02,19.48,02a59420o0693o
59420.56808,21.217,1.63,12,19,o,0,0.77,2.87006,35.973,4371.24,4536.79,2.34,1.89,45.5,-0.429,19.0,19.5,02a59420o0711o
59421.489444,-19.333,0.252,-67,17,o,0,1.55,2.87006,35.973,6210.89,10000.4,2.3,2.18,-72.4,-0.39,18.73,19.32,01a59421o0138o
59421.491745,-19.498,0.318,-58,18,o,0,1.18,2.87006,35.973,6191.97,9961.08,2.36,2.17,-74.2,-0.387,18.91,19.44,01a59421o0143o
59421.502387,19.987,0.708,37,26,o,0,1.01,2.87006,35.973,6251.74,10039.74,3.07,2.96,86.5,-0.363,18.12,19.09,01a59421o0166o
59421.525495,21.644,1.841,8,15,o,0,1.11,2.87006,35.973,6277.71,9918.83,2.17,2.06,-60.4,-0.387,19.08,19.62,01a59421o0214o
59424.388311,-20.134,0.844,-32,27,o,0,1.16,2.87006,35.973,4419.83,4458.69,2.16,2.06,7.7,-0.429,18.35,18.88,02a59424o0318o
59424.39454,20.311,0.803,27,22,o,0,1.3,2.87006,35.973,4438.28,4497.0,2.12,1.97,26.4,-0.428,18.56,18.97,02a59424o0330o
59424.39735,21.671,5.633,8,44,o,0,1.0,2.87006,35.973,4380.71,4422.55,2.16,2.02,28.7,-0.429,18.2,18.51,02a59424o0336o
59424.432506,-19.566,0.501,-54,27,o,0,0.98,2.87006,35.973,4354.64,4534.37,2.29,1.96,35.6,-0.416,18.55,18.95,02a59424o0410o
59426.518365,20.523,0.413,22,9,o,0,1.47,2.87006,35.973,6630.42,3695.88,1.99,1.94,-43.9,-0.401,19.59,20.51,01a59426o0601o
59426.523893,24.072,9.818,1,8,o,0,1.67,2.87006,35.973,6609.77,3652.8,1.98,1.91,-14.3,-0.395,19.65,20.54,01a59426o0613o
59426.527152,21.929,1.347,6,8,o,0,1.52,2.87006,35.973,6669.4,3731.09,2.14,1.97,-32.2,-0.379,19.58,20.54,01a59426o0620o
59426.53735,-22.043,1.444,-6,8,o,0,1.65,2.87006,35.973,6687.55,3614.43,1.97,1.88,-65.8,-0.408,19.65,20.58,01a59426o0642o
59430.533881,21.597,0.882,8,7,o,0,0.9,2.87006,35.973,6626.47,3686.1,2.01,1.97,-10.3,-0.395,19.84,21.27,01a59430o0636o
59430.535725,20.678,0.392,19,8,o,0,1.13,2.87006,35.973,6606.35,3647.12,2.04,1.98,-38.4,-0.398,19.82,21.26,01a59430o0640o
59430.540328,20.991,0.45,15,7,o,0,1.99,2.87006,35.973,6664.67,3724.74,1.84,1.8,-21.5,-0.411,19.91,21.26,01a59430o0650o
59430.546781,-22.359,1.714,-4,7,o,0,1.2,2.87006,35.973,6684.53,3609.33,1.9,1.86,-27.9,-0.405,19.87,21.27,01a59430o0664o
59431.509234,22.156,2.388,5,12,o,0,1.45,2.87006,35.973,6252.27,475.68,2.15,1.83,-52.1,-0.458,19.58,20.87,02a59431o0574o
59431.544423,-19.247,0.137,-73,10,o,0,1.12,2.87006,35.973,6282.8,521.94,2.32,1.92,-57.2,-0.455,19.56,20.98,02a59431o0648o
59431.546711,-20.733,0.518,-18,10,o,0,1.16,2.87006,35.973,6227.09,438.94,2.25,1.9,-56.0,-0.453,19.62,21.02,02a59431o0653o
59431.56617,22.079,1.737,5,9,o,0,1.13,2.87006,35.973,6214.28,561.11,2.04,1.79,-60.2,-0.459,19.68,21.06,02a59431o0692o
59433.528324,22.999,3.0,2,7,c,0,1.52,2.87006,35.973,2445.06,10223.42,2.64,2.4,-56.1,-0.39,19.82,22.07,01a59433o0621c
59433.541658,21.413,0.733,10,7,c,0,1.29,2.87006,35.973,2426.66,10185.47,2.66,2.41,-58.2,-0.386,19.86,22.11,01a59433o0649c
59433.543501,-21.931,1.018,-6,6,c,0,1.63,2.87006,35.973,2483.81,10262.51,2.56,2.31,-61.2,-0.399,19.87,22.11,01a59433o0653c
59433.546281,22.183,1.217,5,6,c,0,1.48,2.87006,35.973,2502.88,10144.18,2.55,2.31,-58.6,-0.385,19.86,22.13,01a59433o0659c
59434.522733,-21.289,1.352,-11,15,c,0,0.83,2.87006,35.973,2588.98,46.56,2.41,2.33,32.2,-0.406,19.86,21.89,01a59434o0623c
59435.532455,-20.745,0.548,-18,10,o,0,1.0,2.87006,35.973,6309.97,2428.42,2.01,1.94,-61.7,-0.438,19.62,20.88,02a59435o0636o
59435.54026,22.4,2.225,4,9,o,0,1.86,2.87006,35.973,6330.78,2468.25,2.02,1.96,59.4,-0.435,19.59,20.89,02a59435o0653o
59435.543461,22.254,1.933,5,9,o,0,1.43,2.87006,35.973,6275.77,2391.15,2.07,1.95,58.8,-0.436,19.6,20.88,02a59435o0660o
59435.579202,22.176,2.042,5,10,o,0,1.15,2.87006,35.973,4331.22,8061.17,2.09,1.96,42.3,-0.431,19.6,20.88,02a59435o0733o
59436.599546,22.378,2.459,4,10,o,0,1.29,2.87006,35.973,4267.98,8142.01,2.3,1.96,37.4,-0.419,19.68,21.29,02a59436o0789o
59436.624682,-22.387,3.135,-4,13,o,0,0.97,2.87006,35.973,4244.4,8104.25,2.12,2.06,27.0,-0.435,19.52,20.74,02a59436o0842o
59436.627213,21.52,1.326,9,12,o,0,1.07,2.87006,35.973,4305.59,8180.68,2.05,2.01,36.2,-0.439,19.43,20.37,02a59436o0847o
59436.631718,20.487,0.94,23,22,o,0,1.05,2.87006,35.973,4318.51,8065.73,2.12,2.04,42.7,-0.43,18.93,19.3,02a59436o0856o
59437.556553,21.899,1.045,6,7,c,0,1.31,2.87006,35.973,8046.92,333.98,2.26,2.16,40.4,-0.418,20.0,21.81,01a59437o0415c
59437.568892,-23.853,6.0,-1,6,c,0,1.51,2.87006,35.973,8067.15,370.02,2.23,2.16,56.6,-0.416,19.97,21.77,01a59437o0440c
59437.574088,-22.546,1.972,-4,7,c,0,1.56,2.87006,35.973,8012.0,292.54,2.31,2.15,36.1,-0.42,19.98,21.78,01a59437o0451c
59437.580249,20.794,0.412,18,7,c,0,1.29,2.87006,35.973,7994.3,409.97,2.28,2.16,39.6,-0.418,19.99,21.78,01a59437o0464c
59437.630889,-21.414,1.404,-10,14,c,0,1.18,2.87006,35.973,8043.52,343.39,2.28,2.17,41.4,-0.401,19.27,20.06,01a59437o0567c
59438.48266,-23.95,10.2,-1,10,c,0,1.56,2.87006,35.973,2597.6,50.29,2.48,2.2,61.9,-0.379,19.95,22.07,01a59438o0397c
59442.511182,24.152,6.889,1,6,c,0,1.4,2.87006,35.973,4234.82,6205.16,2.24,2.21,77.1,-0.374,20.0,22.18,01a59442o0537c
59442.516742,23.599,4.267,1,6,c,0,1.5,2.87006,35.973,4215.5,6165.67,2.26,2.17,-62.7,-0.377,20.02,22.15,01a59442o0549c
59442.518585,-21.272,0.484,-11,5,c,0,1.34,2.87006,35.973,4273.56,6243.22,2.27,2.2,-63.2,-0.377,19.99,22.14,01a59442o0553c
59442.524609,25.331,23.333,0,6,c,0,0.96,2.87006,35.973,4294.78,6128.67,2.28,2.2,-49.0,-0.376,19.99,22.13,01a59442o0566c
59443.514315,-21.18,0.578,-12,7,o,0,1.99,2.87006,35.973,4408.87,2524.4,1.95,1.8,47.0,-0.455,19.7,20.97,02a59443o0601o
59443.517549,21.765,1.473,7,10,o,0,1.1,2.87006,35.973,4429.11,2564.42,2.02,1.84,46.4,-0.454,19.67,20.98,02a59443o0608o
59443.553015,-19.687,0.185,-48,9,o,0,2.0,2.87006,35.973,6217.63,8083.98,2.15,1.9,40.0,-0.446,19.65,20.9,02a59443o0680o
59443.560138,-23.456,7.643,-2,12,o,0,1.09,2.87006,35.973,6236.75,7973.82,2.2,1.93,44.2,-0.441,19.65,20.93,02a59443o0694o
59446.47824,22.297,2.974,4,13,o,0,1.35,2.87006,35.973,4232.97,6206.44,2.45,2.37,86.2,-0.369,19.11,19.88,01a59446o0549o
59446.480086,20.391,0.603,25,15,o,0,1.33,2.87006,35.973,4212.62,6167.56,2.6,2.53,-25.9,-0.388,19.08,19.87,01a59446o0553o
59446.48377,-20.033,0.469,-35,16,o,0,0.94,2.87006,35.973,4270.29,6243.97,2.54,2.47,22.0,-0.386,19.02,19.88,01a59446o0561o
59446.501503,21.9,1.923,6,12,o,0,1.41,2.87006,35.973,4290.97,6129.53,2.49,2.44,-54.5,-0.376,19.12,19.95,01a59446o0599o
59447.466366,-19.108,0.181,-82,15,o,0,1.12,2.87006,35.973,4401.47,2520.09,1.93,1.86,61.5,-0.451,19.01,19.4,02a59447o0410o
59447.468651,-19.549,0.325,-55,18,o,0,1.09,2.87006,35.973,4420.98,2559.43,1.96,1.88,59.1,-0.445,19.04,19.41,02a59447o0415o
59447.47551,-20.283,0.648,-28,18,o,0,1.33,2.87006,35.973,4363.67,2482.02,1.98,1.89,59.3,-0.446,18.99,19.38,02a59447o0430o
59447.500449,21.542,1.667,9,15,o,0,0.99,2.87006,35.973,4349.68,2601.33,2.0,1.86,46.4,-0.454,19.04,19.48,02a59447o0478o
59449.510787,21.557,2.22,9,19,o,0,0.98,2.87006,35.973,10159.34,4052.25,1.97,1.85,-54.8,-0.457,19.06,19.26,01a59449o0494o
59449.541135,20.652,0.89,20,18,o,0,1.38,2.87006,35.973,10184.9,4084.57,2.0,1.91,-34.4,-0.446,19.07,19.27,01a59449o0556o
59449.546832,-20.97,1.149,-15,17,o,0,1.31,2.87006,35.973,10126.27,4008.04,2.01,1.88,-33.6,-0.447,19.04,19.29,01a59449o0568o
59449.547291,22.601,4.115,3,14,o,0,1.41,2.87006,35.973,404.39,4132.91,1.76,1.71,-43.9,-0.434,19.11,19.31,01a59449o0569o
59449.551975,-20.057,0.629,-34,22,o,0,0.69,2.87006,35.973,10108.4,4124.92,2.06,1.9,-37.4,-0.445,19.03,19.3,01a59449o0579o
59450.600175,-20.924,1.14,-16,18,o,0,1.29,2.87006,35.973,10187.77,4035.13,2.16,1.89,-51.0,-0.46,19.02,19.26,01a59450o0075o
59450.600644,22.868,5.455,3,14,o,0,1.86,2.87006,35.973,426.19,4117.69,1.98,1.86,-41.8,-0.429,19.07,19.31,01a59450o0076o
59450.60374,20.628,0.685,20,14,o,0,1.79,2.87006,35.973,10209.41,4073.97,2.14,1.88,-48.7,-0.447,19.03,19.25,01a59450o0082o
59450.606052,21.539,1.594,9,14,o,0,1.63,2.87006,35.973,446.88,4155.9,2.09,1.87,-44.8,-0.424,19.05,19.3,01a59450o0087o
59450.624784,23.07,10.955,2,24,o,0,0.75,2.87006,35.973,10152.11,3999.21,2.28,1.98,-56.4,-0.44,18.91,19.18,01a59450o0127o
59450.625245,19.688,0.313,48,15,o,0,1.87,2.87006,35.973,391.92,4073.58,2.15,1.98,-44.4,-0.417,18.99,19.26,01a59450o0128o
59450.62808,-20.576,0.878,-21,19,o,0,1.04,2.87006,35.973,373.48,4189.55,2.14,1.9,-41.9,-0.416,18.93,19.17,01a59450o0134o
59450.633637,-22.019,4.355,-6,25,o,0,1.56,2.87006,35.973,10136.67,4117.84,2.16,1.92,-55.0,-0.452,18.64,18.53,01a59450o0145o
59451.516451,-19.595,0.253,-53,13,o,0,2.29,2.87006,35.973,2649.9,1955.8,2.01,1.95,36.5,-0.452,18.95,19.42,02a59451o0607o
59451.519707,-21.085,1.311,-13,18,o,0,1.23,2.87006,35.973,2629.12,1914.67,2.01,1.95,33.2,-0.454,18.97,19.4,02a59451o0614o
59451.536287,24.926,43.25,0,17,o,0,1.16,2.87006,35.973,2684.5,1993.53,1.96,1.95,-63.2,-0.458,18.93,19.31,02a59451o0648o
59451.564959,22.004,3.0,6,17,o,0,1.29,2.87006,35.973,2702.77,1875.15,2.02,1.95,59.0,-0.461,18.84,19.3,02a59451o0707o
59452.388323,21.993,3.0,6,17,o,0,2.01,2.87006,35.973,7926.56,8607.03,2.23,2.1,-55.0,-0.439,19.09,19.65,02a59452o0355o
59452.391098,-20.162,0.665,-31,21,o,0,0.88,2.87006,35.973,7948.45,8647.07,2.27,2.15,-59.2,-0.439,19.08,19.66,02a59452o0361o
59452.401477,-20.835,1.137,-17,19,o,0,1.38,2.87006,35.973,7888.64,8566.61,2.18,2.08,-67.8,-0.445,19.13,19.68,02a59452o0380o
59452.429732,-20.332,0.725,-27,19,o,0,0.73,2.87006,35.973,7865.16,8688.8,2.57,2.09,41.9,-0.424,19.05,19.74,02a59452o0441o
59452.634239,20.48,1.102,23,26,o,0,0.92,2.87006,35.973,2666.61,1930.99,2.08,2.03,-16.4,-0.452,18.65,18.92,02a59452o0880o
59453.485729,21.291,1.278,11,14,o,0,1.01,2.87006,35.973,10119.73,6474.05,2.13,2.01,-46.6,-0.471,19.38,20.0,01a59453o0549o
59453.48857,20.277,0.544,28,15,o,0,1.23,2.87006,35.973,10100.22,6434.89,2.06,1.95,-48.1,-0.477,19.4,20.0,01a59453o0555o
59453.517403,20.946,0.579,15,9,o,0,1.76,2.87006,35.973,359.84,4093.72,1.83,1.79,-62.3,-0.432,19.41,20.01,01a59453o0607o
59453.522729,21.141,0.973,13,12,o,0,1.15,2.87006,35.973,342.61,4208.61,1.87,1.77,-42.6,-0.433,19.4,20.03,01a59453o0617o
59453.542339,-20.724,0.69,-19,13,o,0,1.2,2.87006,35.973,10167.89,4042.48,2.14,1.91,-52.2,-0.444,19.46,20.11,01a59453o0656o
59453.545406,23.907,13.091,1,13,o,0,1.24,2.87006,35.973,10188.72,4079.6,2.14,1.93,-50.8,-0.449,19.44,20.1,01a59453o0662o
59453.574975,23.215,6.895,2,13,o,0,1.3,2.87006,35.973,10137.85,4002.31,2.25,2.06,-48.7,-0.444,19.3,20.02,01a59453o0723o
59453.603394,-21.617,1.78,-8,15,o,0,1.18,2.87006,35.973,10125.56,4118.85,2.27,2.04,-51.1,-0.447,19.25,19.94,01a59453o0782o
59454.382398,-20.331,0.449,-27,12,o,0,1.3,2.87006,35.973,10120.16,6489.87,2.2,1.97,49.2,-0.423,19.38,20.13,01a59454o0316o
59454.388736,-21.762,1.79,-7,13,o,0,0.95,2.87006,35.973,10101.4,6449.86,2.12,1.95,58.8,-0.431,19.37,20.14,01a59454o0328o
59454.389196,20.25,0.334,29,10,o,0,1.31,2.87006,35.973,365.24,6482.08,2.02,1.74,-44.0,-0.448,19.47,20.25,01a59454o0329o
59454.394923,-22.005,2.123,-6,12,o,0,1.04,2.87006,35.973,10160.09,6528.49,2.13,1.95,56.3,-0.429,19.39,20.13,01a59454o0340o
59454.395382,-20.85,0.596,-17,10,o,0,1.4,2.87006,35.973,345.87,6444.99,2.03,1.78,-49.3,-0.44,19.49,20.24,01a59454o0341o
59454.430247,22.753,4.394,3,13,o,0,0.96,2.87006,35.973,10181.98,6404.9,2.05,1.96,48.6,-0.45,19.41,20.13,01a59454o0414o
59454.430709,-20.864,0.657,-16,11,o,0,1.03,2.87006,35.973,405.8,6525.48,1.99,1.78,-50.8,-0.442,19.48,20.22,01a59454o0415o
59454.434443,20.879,0.62,16,10,o,0,0.95,2.87006,35.973,426.19,6405.15,2.03,1.87,-62.1,-0.416,19.42,20.23,01a59454o0423o
59455.452378,21.542,1.589,9,14,o,0,1.02,2.87006,35.973,7940.2,8611.46,2.23,2.14,-88.6,-0.447,19.48,20.55,02a59455o0481o
59455.454223,-21.54,1.365,-9,12,o,0,1.17,2.87006,35.973,7958.98,8650.1,2.23,2.12,-81.0,-0.445,19.5,20.55,02a59455o0485o
59455.456967,20.99,0.888,15,13,o,0,1.12,2.87006,35.973,7899.62,8573.24,2.22,2.1,-87.5,-0.443,19.49,20.53,02a59455o0491o
59455.478986,-21.221,1.36,-12,16,o,0,0.74,2.87006,35.973,7886.35,8694.14,2.24,2.1,72.3,-0.447,19.49,20.54,02a59455o0537o
59456.42544,-21.924,1.906,-6,12,o,0,1.07,2.87006,35.973,7926.93,8611.12,2.19,2.12,61.1,-0.447,19.58,20.76,02a59456o0431o
59456.429116,21.771,1.492,7,11,o,0,1.24,2.87006,35.973,7953.38,8647.6,2.25,2.13,60.7,-0.442,19.58,20.73,02a59456o0439o
59456.434637,-22.489,2.933,-4,11,o,0,1.39,2.87006,35.973,7896.15,8571.9,2.3,2.14,56.9,-0.436,19.54,20.71,02a59456o0451o
59456.445296,-20.65,0.657,-20,13,o,0,0.86,2.87006,35.973,7871.34,8691.77,2.22,2.17,-88.7,-0.441,19.59,20.72,02a59456o0474o
59458.497046,-19.53,0.075,-56,4,o,0,3.98,2.87006,35.973,5940.93,8717.72,2.02,1.89,-46.1,-0.427,19.7,20.94,01a59458o0502o
59458.501053,-19.647,0.19,-50,10,o,0,1.09,2.87006,35.973,5961.35,8755.5,2.45,2.25,-46.5,-0.407,19.6,20.94,01a59458o0510o
59458.507051,23.678,7.067,1,9,o,0,1.24,2.87006,35.973,5903.56,8677.7,2.03,1.94,-43.1,-0.414,19.73,20.92,01a59458o0523o
59458.539815,-20.575,0.393,-21,8,o,0,1.44,2.87006,35.973,5891.62,8788.43,2.21,2.12,-47.3,-0.4,19.24,20.53,01a59458o0593o
59458.638012,20.375,10.184,26,262,o,0,1.47,2.87006,35.973,5938.23,8720.48,2.1,2.02,-62.5,-0.389,16.03,16.01,01a59458o0803o
59462.403035,22.138,1.344,5,7,o,0,1.53,2.87006,35.973,4628.47,1847.13,1.95,1.89,48.6,-0.436,19.83,21.22,01a59462o0401o
59462.416014,-19.627,0.156,-51,8,o,0,0.67,2.87006,35.973,4608.79,1810.77,1.96,1.89,45.2,-0.434,19.86,21.29,01a59462o0429o
59462.420171,-19.628,0.111,-51,6,o,0,1.37,2.87006,35.973,4666.65,1884.09,2.02,1.92,62.7,-0.424,19.83,21.3,01a59462o0438o
59462.423402,-19.576,0.096,-54,5,o,0,1.3,2.87006,35.973,4686.84,1769.34,1.86,1.76,46.6,-0.436,19.96,21.32,01a59462o0445o
59464.383266,-19.366,0.109,-65,7,c,0,1.78,2.87006,35.973,8272.02,4238.86,2.51,2.42,25.8,-0.385,19.72,21.58,02a59464o0313c
59464.388792,21.531,0.952,9,8,c,0,1.37,2.87006,35.973,8291.58,4276.49,2.7,2.35,31.5,-0.376,19.69,21.6,02a59464o0323c
59464.390623,21.468,0.853,9,8,c,0,1.13,2.87006,35.973,8235.61,4201.11,2.54,2.45,36.2,-0.378,19.69,21.61,02a59464o0327c
59464.39605,20.839,0.471,17,8,c,0,1.84,2.87006,35.973,8214.57,4317.78,2.53,2.47,47.7,-0.385,19.68,21.61,02a59464o0337c
59465.441948,22.97,3.621,2,8,o,0,1.28,2.87006,35.973,8089.57,7976.32,1.96,1.93,-71.2,-0.435,19.82,20.97,01a59465o0490o
59465.444721,21.289,0.636,11,7,o,0,1.3,2.87006,35.973,8070.88,7937.1,2.0,1.95,-54.2,-0.435,19.77,20.94,01a59465o0496o
59465.450259,22.12,1.825,5,9,o,0,0.99,2.87006,35.973,8128.57,8015.52,1.98,1.93,-58.2,-0.432,19.8,20.97,01a59465o0508o
59465.480094,22.412,2.135,4,8,o,0,1.04,2.87006,35.973,2366.46,2693.4,1.91,1.86,-49.3,-0.441,19.74,20.88,01a59465o0570o
59467.401525,-22.234,1.75,-5,8,c,0,1.13,2.87006,35.973,2484.17,629.92,2.48,2.22,-59.0,-0.418,19.8,21.69,02a59467o0393c
59467.404738,21.774,1.132,7,8,c,0,1.42,2.87006,35.973,2503.62,669.81,2.53,2.26,-58.5,-0.42,19.79,21.7,02a59467o0400c
59467.430009,21.29,0.718,11,8,c,0,1.13,2.87006,35.973,2452.82,588.72,2.49,2.26,-63.5,-0.418,19.8,21.76,02a59467o0449c
59467.433807,-24.648,15.25,0,8,c,0,0.96,2.87006,35.973,2434.05,708.2,2.41,2.24,-65.2,-0.424,19.77,21.76,02a59467o0457c
59469.429391,22.772,4.067,3,12,o,0,1.15,2.87006,35.973,8076.46,7918.37,3.04,2.71,45.5,-0.433,19.45,21.11,01a59469o0362o
59469.431232,-21.545,1.326,-9,12,o,0,0.96,2.87006,35.973,8056.49,7879.88,3.06,2.72,44.0,-0.433,19.44,21.14,01a59469o0366o
59469.434,20.176,0.422,31,13,o,0,0.88,2.87006,35.973,8115.46,7957.26,3.08,2.73,42.9,-0.429,19.46,21.15,01a59469o0372o
59469.443297,22.08,2.036,5,11,o,0,1.48,2.87006,35.973,8132.71,7841.57,3.08,2.72,40.1,-0.425,19.48,21.19,01a59469o0392o
59475.458273,-19.749,0.935,-46,43,o,0,0.84,2.87006,35.973,8080.74,6054.05,2.34,2.01,36.5,-0.418,18.25,18.38,02a59475o0535o
59475.463655,-20.509,1.921,-23,44,o,0,1.21,2.87006,35.973,8060.46,6015.53,2.38,1.99,34.0,-0.417,18.04,18.14,02a59475o0545o
59475.467248,19.055,0.71,87,62,o,0,0.86,2.87006,35.973,8117.22,6093.95,2.38,2.0,37.0,-0.419,17.87,17.93,02a59475o0551o
59475.498676,18.79,0.733,111,81,o,0,1.55,2.87006,35.973,8132.48,5980.01,2.42,2.12,40.4,-0.421,17.26,17.12,02a59475o0616o
59476.610693,20.361,0.86,26,22,o,0,0.97,2.87006,35.973,8059.3,6052.78,2.41,2.29,42.2,-0.424,18.82,19.35,02a59476o0335o
59478.403123,21.11,2.135,13,28,o,0,1.54,2.87006,35.973,8492.54,1610.69,2.76,2.66,-57.7,-0.492,18.37,18.93,01a59478o0427o
59478.404965,-20.362,1.547,-26,40,o,0,0.54,2.87006,35.973,8471.14,1571.66,2.73,2.66,-73.6,-0.502,18.39,18.93,01a59478o0431o
59478.408192,22.601,10.211,3,34,o,0,1.04,2.87006,35.973,8532.24,1649.37,2.68,2.67,69.4,-0.5,18.36,18.93,01a59478o0438o
59478.430692,-19.176,0.481,-78,37,o,0,0.85,2.87006,35.973,8546.88,1533.68,2.96,2.88,-8.3,-0.468,18.37,18.97,01a59478o0485o
59479.443889,-20.67,1.059,-20,21,o,0,1.39,2.87006,35.973,8076.9,6044.29,2.22,1.94,36.4,-0.427,18.72,19.05,02a59479o0505o
59479.447901,20.155,0.844,32,27,o,0,0.83,2.87006,35.973,8056.63,6005.18,2.17,1.96,38.9,-0.436,18.71,19.02,02a59479o0512o
59479.48001,21.371,2.374,10,24,o,0,1.21,2.87006,35.973,8109.93,6092.17,2.18,1.93,46.6,-0.442,18.58,18.85,02a59479o0578o
59479.506411,20.725,1.41,19,26,o,0,1.39,2.87006,35.973,8128.53,5976.94,2.2,1.93,39.5,-0.433,18.57,18.83,02a59479o0632o
59481.526778,-22.24,4.962,-5,23,o,0,1.07,2.87006,35.973,8060.0,2206.53,2.74,2.66,-48.3,-0.494,18.82,19.68,01a59481o0707o
59481.530561,-19.179,0.289,-77,22,o,0,0.99,2.87006,35.973,8079.43,2244.51,2.75,2.68,-46.1,-0.499,18.77,19.67,01a59481o0715o
59481.536958,-19.616,0.421,-52,22,o,0,1.06,2.87006,35.973,8024.35,2168.33,2.76,2.71,-44.2,-0.485,18.77,19.64,01a59481o0728o
59481.571503,20.185,0.73,31,22,o,0,1.3,2.87006,35.973,8012.34,2289.21,2.87,2.73,-52.4,-0.494,18.64,19.47,01a59481o0800o
59484.442899,-21.579,1.337,-8,11,o,0,1.13,2.87006,35.973,8586.82,3640.11,2.11,1.98,28.3,-0.421,19.47,20.46,02a59484o0530o
59484.445709,21.098,0.604,13,8,o,0,2.19,2.87006,35.973,8566.93,3601.23,2.04,1.89,28.1,-0.429,19.48,20.42,02a59484o0536o
59484.452601,-20.735,0.576,-18,11,o,0,1.16,2.87006,35.973,8624.33,3677.68,2.06,1.98,38.2,-0.423,19.43,20.4,02a59484o0551o
59484.462675,-20.684,0.632,-19,12,o,0,1.13,2.87006,35.973,8645.07,3563.54,2.2,1.98,30.6,-0.418,19.37,20.35,02a59484o0573o
59485.417918,24.592,25.667,0,14,o,0,0.99,2.87006,35.973,8036.71,2221.66,2.74,2.62,-60.8,-0.507,19.41,20.85,01a59485o0468o
59485.421699,0.0,21.136,0,13,o,0,1.0,2.87006,35.973,8057.31,2259.17,2.8,2.69,-56.7,-0.495,19.4,20.86,01a59485o0476o
59485.456779,-19.033,0.159,-88,14,o,0,0.74,2.87006,35.973,8008.03,2174.41,2.86,2.68,-62.9,-0.491,19.36,20.85,01a59485o0548o
59485.485286,21.661,1.524,8,12,o,0,1.44,2.87006,35.973,7996.04,2288.8,2.88,2.72,-57.8,-0.481,19.33,20.78,01a59485o0606o
59487.453978,-20.545,0.469,-22,10,o,0,0.85,2.87006,35.973,8590.05,3642.7,2.18,1.95,35.0,-0.421,19.63,20.87,02a59487o0559o
59487.457201,-23.139,5.263,-2,11,o,0,1.04,2.87006,35.973,8571.6,3603.59,2.2,1.98,38.3,-0.419,19.53,20.87,02a59487o0566o
59487.462704,-21.502,1.092,-9,10,o,0,1.05,2.87006,35.973,8631.07,3683.43,2.21,1.94,34.4,-0.419,19.55,20.85,02a59487o0578o
59487.479807,20.323,0.415,27,11,o,0,0.76,2.87006,35.973,8651.21,3567.85,2.17,1.95,34.5,-0.42,19.54,20.77,02a59487o0614o
59488.59008,-23.619,10.636,-1,14,o,0,1.38,2.87006,35.973,8576.78,3646.0,2.3,1.99,33.4,-0.413,19.3,20.31,02a59488o0339o
59488.593779,-21.6,1.514,-8,13,o,0,1.28,2.87006,35.973,8557.81,3605.31,2.3,1.99,32.8,-0.411,19.28,20.26,02a59488o0347o
59488.600722,-21.05,1.025,-14,14,o,0,0.67,2.87006,35.973,8618.08,3682.4,2.22,2.03,35.8,-0.415,19.29,20.26,02a59488o0362o
59488.617454,-22.631,4.24,-3,14,o,0,1.23,2.87006,35.973,8639.5,3564.15,2.24,2.14,14.1,-0.408,19.16,20.1,02a59488o0398o
59490.427143,21.34,1.071,11,11,o,0,1.8,2.87006,35.973,7857.32,6596.91,2.87,2.79,-65.9,-0.453,19.3,20.74,01a59490o0433o
59490.430365,21.36,1.418,10,15,o,0,1.12,2.87006,35.973,7878.01,6634.44,2.88,2.8,16.0,-0.447,19.33,20.73,01a59490o0440o
59490.435899,21.985,2.094,6,12,o,0,1.48,2.87006,35.973,7818.69,6558.51,2.82,2.76,20.9,-0.45,19.34,20.7,01a59490o0452o
59490.447006,-20.298,0.547,-28,15,o,0,1.18,2.87006,35.973,7803.95,6673.28,3.41,3.34,-55.0,-0.426,19.11,20.68,01a59490o0476o
59491.421146,-23.238,9.0,-2,17,o,0,0.99,2.87006,35.973,518.85,10388.75,2.11,1.63,-60.7,-0.597,19.5,20.71,02a59491o0491o
59491.431228,-21.238,1.239,-12,14,o,0,1.29,2.87006,35.973,498.07,10346.14,1.97,1.6,-58.3,-0.617,19.51,20.7,02a59491o0512o
59491.434584,21.542,2.036,9,18,o,0,0.93,2.87006,35.973,553.67,10423.63,3.07,1.75,-79.1,-0.501,19.31,20.75,02a59491o0519o
59491.43687,21.62,1.423,8,12,o,0,1.23,2.87006,35.973,10169.15,10416.83,2.37,1.94,-56.3,-0.456,19.54,20.72,02a59491o0524o
59491.440536,20.4,0.414,25,10,o,0,1.69,2.87006,35.973,10150.26,10376.51,2.32,1.91,-57.2,-0.449,19.56,20.72,02a59491o0532o
59491.441908,-21.157,1.155,-12,14,o,0,1.08,2.87006,35.973,576.96,10305.86,1.89,1.45,-55.5,-0.608,19.59,20.73,02a59491o0535o
59491.446084,22.42,3.324,4,13,o,0,1.49,2.87006,35.973,10208.39,10457.81,2.44,1.9,-55.0,-0.439,19.57,20.73,02a59491o0544o
59491.467272,-21.707,1.324,-8,10,o,0,1.12,2.87006,35.973,10224.83,10338.58,2.27,1.94,-56.0,-0.457,19.56,20.68,02a59491o0588o
59492.420392,-20.843,0.648,-17,11,o,0,1.19,2.87006,35.973,518.06,133.46,2.18,1.93,-68.4,-0.468,19.48,20.97,02a59492o0495o
59492.423591,20.307,0.348,27,10,o,0,1.86,2.87006,35.973,497.71,94.06,2.12,1.85,-64.6,-0.47,19.51,20.98,02a59492o0502o
59492.429079,21.041,0.656,14,9,o,0,1.4,2.87006,35.973,562.08,170.6,2.04,1.8,-69.5,-0.494,19.54,20.94,02a59492o0514o
59492.441052,-24.543,20.5,-1,11,o,0,1.3,2.87006,35.973,583.62,53.81,2.02,1.71,-69.6,-0.484,19.63,21.03,02a59492o0540o
59494.406309,20.735,0.646,18,12,o,0,1.3,2.87006,35.973,7852.11,6598.05,2.84,2.77,-66.5,-0.468,19.43,20.93,01a59494o0464o
59494.41047,-21.542,1.319,-9,12,o,0,1.25,2.87006,35.973,7874.79,6635.34,2.84,2.76,-67.8,-0.467,19.39,20.96,01a59494o0473o
59494.41692,-20.429,0.415,-24,10,o,0,1.79,2.87006,35.973,7816.64,6559.12,2.83,2.68,-61.0,-0.475,19.41,21.0,01a59494o0487o
59494.452113,-21.57,1.614,-9,14,o,0,0.93,2.87006,35.973,7807.85,6669.34,2.94,2.79,-69.9,-0.461,19.34,20.88,01a59494o0562o
59498.399122,20.988,0.875,15,13,o,0,1.47,2.87006,35.973,5895.24,6771.41,2.83,2.75,-46.8,-0.459,19.34,20.8,01a59498o0455o
59498.401972,-24.981,35.0,0,13,o,0,1.06,2.87006,35.973,5917.41,6809.27,2.84,2.79,-19.3,-0.452,19.32,20.86,01a59498o0461o
59498.407137,-20.649,0.676,-20,14,o,0,0.84,2.87006,35.973,5858.85,6733.52,2.81,2.77,21.9,-0.447,19.36,20.82,01a59498o0472o
59498.418733,21.434,1.296,10,13,o,0,1.12,2.87006,35.973,5845.28,6850.72,2.8,2.73,-33.9,-0.458,19.34,20.86,01a59498o0497o
59500.408655,-19.559,0.187,-54,10,o,0,1.27,2.87006,35.973,640.55,2100.99,2.12,1.85,33.5,-0.451,19.5,20.69,02a59500o0314o
59500.411863,-19.928,0.273,-39,11,o,0,0.79,2.87006,35.973,620.71,2062.05,2.13,1.89,33.7,-0.45,19.47,20.71,02a59500o0321o
59500.41787,-21.172,0.823,-12,10,o,0,0.82,2.87006,35.973,680.48,2137.51,2.05,1.91,31.2,-0.448,19.53,20.77,02a59500o0334o
59500.427972,-21.175,0.893,-12,11,o,0,1.1,2.87006,35.973,700.06,2019.11,2.12,1.88,35.3,-0.449,19.51,20.83,02a59500o0356o
59502.401,24.697,37.333,0,18,o,0,1.04,2.87006,35.973,5895.45,6767.31,2.63,2.5,-41.9,-0.496,19.14,20.12,01a59502o0462o
59502.404224,20.876,1.182,16,19,o,0,1.11,2.87006,35.973,5917.8,6806.19,2.67,2.53,-41.1,-0.494,19.08,20.07,01a59502o0469o
59502.439382,21.447,1.708,10,16,o,0,1.35,2.87006,35.973,5864.81,6731.3,3.27,2.75,40.0,-0.384,18.97,20.02,01a59502o0544o
59502.467674,20.189,0.72,30,22,o,0,0.8,2.87006,35.973,5855.12,6850.09,2.82,2.67,42.4,-0.447,19.05,20.03,01a59502o0604o
59504.370725,-21.179,1.244,-12,15,o,0,1.21,2.87006,35.973,638.03,2101.1,2.01,1.96,-1.1,-0.451,19.01,19.54,02a59504o0341o
59504.374842,-20.258,0.597,-29,17,o,0,0.84,2.87006,35.973,618.08,2064.43,2.02,1.98,-12.7,-0.455,18.96,19.54,02a59504o0350o
59504.380803,23.029,7.091,2,16,o,0,1.58,2.87006,35.973,678.08,2138.6,2.03,1.95,15.9,-0.459,18.99,19.55,02a59504o0363o
59504.394556,-20.6,0.727,-21,15,o,0,1.54,2.87006,35.973,698.6,2021.39,2.02,1.98,12.0,-0.456,19.0,19.59,02a59504o0393o
59505.379294,-20.12,1.221,-32,40,o,0,1.01,2.87006,35.973,3999.4,8846.21,2.77,2.55,-35.9,-0.497,18.61,19.3,01a59505o0420o
59505.389051,-20.419,1.309,-25,32,o,0,0.89,2.87006,35.973,4022.15,8885.66,2.68,2.49,-42.3,-0.498,18.7,19.35,01a59505o0441o
59505.396584,21.267,2.71,11,31,o,0,1.48,2.87006,35.973,3962.54,8808.71,2.69,2.53,-43.1,-0.492,18.67,19.34,01a59505o0456o
59505.399862,21.572,3.904,8,33,o,0,1.3,2.87006,35.973,3947.2,8926.51,2.7,2.47,-39.9,-0.507,18.68,19.31,01a59505o0463o
59506.42171,-21.23,3.818,-12,45,o,0,1.37,2.87006,35.973,4019.21,8848.17,2.83,2.62,-37.2,-0.489,18.43,19.06,01a59506o0352o
59506.424483,20.604,2.035,21,42,o,0,1.35,2.87006,35.973,4040.24,8887.38,2.83,2.72,-35.5,-0.468,18.46,19.06,01a59506o0358o
59506.430946,19.577,0.99,54,53,o,0,0.97,2.87006,35.973,3980.4,8810.86,2.82,2.7,-35.2,-0.469,18.48,19.05,01a59506o0372o
59506.444323,-20.074,1.551,-34,53,o,0,1.09,2.87006,35.973,3965.13,8929.29,2.95,2.77,-46.6,-0.47,18.4,19.01,01a59506o0401o
59507.435823,-19.687,1.038,-48,50,o,0,1.52,2.87006,35.973,432.89,8431.05,1.92,1.78,-36.9,-0.514,18.29,18.55,02a59507o0545o
59507.439691,-19.556,1.03,-55,56,o,0,0.98,2.87006,35.973,415.42,8393.55,1.96,1.83,-34.1,-0.502,18.23,18.54,02a59507o0553o
59507.446208,20.879,4.137,16,67,o,0,1.21,2.87006,35.973,472.57,8468.19,1.92,1.8,-27.8,-0.51,18.27,18.52,02a59507o0567o
59507.477056,-19.511,1.56,-57,89,o,0,0.74,2.87006,35.973,488.57,8349.84,1.91,1.77,-36.6,-0.498,18.23,18.41,02a59507o0631o
59508.49502,-19.32,1.107,-68,75,o,0,1.06,2.87006,35.973,10212.32,8458.84,2.4,2.31,-33.2,-0.443,18.21,18.55,02a59508o0636o
59508.500375,-19.952,1.876,-38,71,o,0,1.39,2.87006,35.973,10193.93,8420.94,2.37,2.17,-50.7,-0.462,18.24,18.53,02a59508o0647o
59508.53471,-20.313,3.645,-27,99,o,0,0.86,2.87006,35.973,10251.28,8502.03,2.33,2.13,-42.0,-0.441,18.1,18.34,02a59508o0721o
59508.542848,18.741,0.947,116,110,o,0,1.14,2.87006,35.973,10270.61,8384.01,2.69,2.23,-50.4,-0.435,18.04,18.29,02a59508o0738o
59509.432896,-20.097,1.178,-33,39,o,0,0.8,2.87006,35.973,4015.96,8850.75,2.83,2.78,-54.0,-0.455,18.62,19.23,01a59509o0526o
59509.436736,20.694,1.568,19,30,o,0,1.59,2.87006,35.973,4038.12,8890.02,2.72,2.66,-50.5,-0.47,18.64,19.23,01a59509o0534o
59509.44293,-19.557,0.668,-55,36,o,0,1.03,2.87006,35.973,3978.18,8813.17,2.84,2.78,-52.4,-0.454,18.57,19.2,01a59509o0546o
59509.478529,-19.797,1.067,-44,47,o,0,0.86,2.87006,35.973,3972.74,8936.38,3.33,3.04,56.0,-0.39,18.41,19.11,01a59509o0621o
59510.379502,21.532,3.0,9,27,o,0,1.09,2.87006,35.973,4010.34,8847.48,3.07,2.94,-35.8,-0.435,18.68,19.56,01a59510o0425o
59510.382738,21.073,1.7,14,23,o,0,1.55,2.87006,35.973,4033.24,8886.8,2.9,2.85,-28.9,-0.454,18.73,19.57,01a59510o0432o
59510.388275,-19.984,0.641,-37,24,o,0,1.76,2.87006,35.973,3973.05,8810.34,2.8,2.67,-35.4,-0.476,18.81,19.6,01a59510o0444o
59510.423839,19.774,0.675,45,30,o,0,1.16,2.87006,35.973,3961.4,8927.34,3.57,3.52,22.0,-0.401,18.48,19.57,01a59510o0520o
59511.39966,21.049,1.0,14,14,o,0,1.66,2.87006,35.973,437.26,8430.17,2.1,1.72,-45.2,-0.463,19.19,19.84,02a59511o0460o
59511.401033,-21.558,1.721,-9,15,o,0,1.31,2.87006,35.973,10220.4,8457.48,2.47,2.09,-52.7,-0.425,19.15,19.82,02a59511o0463o
59511.405182,23.511,11.333,1,16,o,0,1.1,2.87006,35.973,416.98,8390.53,2.08,1.74,-43.3,-0.468,19.19,19.84,02a59511o0472o
59511.406554,20.257,0.57,29,16,o,0,1.5,2.87006,35.973,10199.36,8417.32,2.42,2.12,-51.6,-0.426,19.15,19.82,02a59511o0475o
59511.408856,20.168,0.52,31,16,o,0,1.35,2.87006,35.973,474.42,8468.72,2.05,1.75,-42.1,-0.469,19.18,19.84,02a59511o0480o
59511.431662,-19.165,0.183,-78,14,o,0,1.55,2.87006,35.973,10254.8,8499.32,2.33,2.13,-50.3,-0.432,19.14,19.85,02a59511o0527o
59511.432662,-19.495,0.22,-58,13,o,0,1.56,2.87006,35.973,495.65,8346.82,2.01,1.73,-42.3,-0.467,19.16,19.85,02a59511o0529o
59511.437739,-19.463,0.286,-60,17,o,0,1.13,2.87006,35.973,10274.31,8382.29,2.38,2.16,-50.7,-0.432,19.13,19.82,02a59511o0540o
59513.427132,-23.369,8.2,-2,13,o,0,1.16,2.87006,35.973,4375.27,4483.73,2.62,2.57,-23.1,-0.483,19.28,20.47,01a59513o0527o
59513.430821,21.621,1.54,8,13,o,0,1.44,2.87006,35.973,4396.29,4523.45,2.62,2.57,-27.7,-0.485,19.27,20.44,01a59513o0535o
59513.447823,21.442,1.491,10,14,o,0,1.23,2.87006,35.973,4341.69,4445.64,2.73,2.66,-41.2,-0.472,19.19,20.33,01a59513o0571o
59513.461498,-24.971,38.5,0,14,o,0,1.39,2.87006,35.973,4329.04,4563.89,2.83,2.74,-42.4,-0.465,19.14,20.3,01a59513o0600o
59514.377585,-19.415,0.216,-62,13,o,0,1.32,2.87006,35.973,4364.78,4483.6,2.67,2.6,-24.6,-0.484,19.3,20.5,01a59514o0397o
59514.381271,-19.351,0.208,-66,14,o,0,1.08,2.87006,35.973,4385.95,4521.94,2.67,2.58,-25.7,-0.484,19.29,20.47,01a59514o0405o
59514.387723,21.177,1.0,12,12,o,0,1.21,2.87006,35.973,4327.61,4446.0,2.73,2.6,-34.8,-0.482,19.23,20.42,01a59514o0419o
59514.400646,21.382,1.4,10,14,o,0,1.04,2.87006,35.973,4313.34,4562.73,2.7,2.61,-28.4,-0.482,19.24,20.42,01a59514o0447o
59515.411218,-21.465,1.089,-9,10,o,0,1.45,2.87006,35.973,744.96,4047.14,2.34,2.06,-81.0,-0.415,19.45,20.65,02a59515o0491o
59515.423128,21.54,1.195,9,10,o,0,1.39,2.87006,35.973,727.36,4007.6,2.15,2.12,58.4,-0.432,19.43,20.61,02a59515o0517o
59515.426331,-22.169,2.044,-5,10,o,0,1.64,2.87006,35.973,787.24,4081.45,2.11,2.06,12.8,-0.434,19.44,20.6,02a59515o0524o
59515.43953,-24.869,24.75,0,10,o,0,1.28,2.87006,35.973,807.29,3963.26,2.02,1.99,-4.8,-0.441,19.44,20.57,02a59515o0552o
59516.359344,-22.511,2.103,-4,8,c,0,1.35,2.87006,35.973,743.04,4049.42,2.37,2.24,25.0,-0.405,19.7,21.57,02a59516o0386c
59516.363014,20.235,0.335,29,10,c,0,0.91,2.87006,35.973,726.05,4011.13,2.37,2.27,14.9,-0.407,19.72,21.59,02a59516o0394c
59516.368975,22.03,1.468,6,8,c,0,1.07,2.87006,35.973,784.6,4085.99,2.31,2.23,17.9,-0.413,19.73,21.6,02a59516o0407c
59516.379972,-21.768,1.524,-7,11,c,0,1.61,2.87006,35.973,802.88,3968.57,2.31,2.21,24.1,-0.414,19.27,21.01,02a59516o0431c
59517.385036,-22.153,2.29,-5,11,o,0,1.07,2.87006,35.973,4362.73,4482.4,2.64,2.54,-38.8,-0.482,19.51,21.24,01a59517o0442o
59517.389182,20.435,0.423,24,10,o,0,1.19,2.87006,35.973,4384.27,4521.96,2.66,2.56,-41.3,-0.481,19.49,21.23,01a59517o0451o
59517.408517,20.384,0.367,26,9,o,0,1.49,2.87006,35.973,4330.63,4446.29,2.72,2.63,-38.8,-0.47,19.48,21.26,01a59517o0490o
59517.427405,20.654,0.545,20,11,o,0,1.42,2.87006,35.973,4319.14,4564.66,2.8,2.65,-43.1,-0.468,19.47,21.19,01a59517o0529o
59518.354709,22.27,2.423,4,11,o,0,1.17,2.87006,35.973,4362.2,4480.03,2.73,2.67,-39.8,-0.469,19.43,21.09,01a59518o0380o
59518.357933,21.19,0.829,12,10,o,0,1.37,2.87006,35.973,4383.33,4518.54,2.75,2.65,-34.7,-0.473,19.43,21.07,01a59518o0387o
59518.363471,20.807,0.687,17,12,o,0,1.0,2.87006,35.973,4325.12,4442.58,2.76,2.67,-29.1,-0.469,19.43,21.12,01a59518o0399o
59518.375937,22.293,2.346,4,10,o,0,1.35,2.87006,35.973,4312.0,4559.7,2.69,2.64,-27.7,-0.474,19.45,21.08,01a59518o0426o
59521.360052,21.127,0.947,13,12,o,0,0.92,2.87006,35.973,6087.34,450.28,2.67,2.59,-61.5,-0.499,19.43,20.91,01a59521o0393o
59521.36283,21.526,1.192,9,11,o,0,1.39,2.87006,35.973,6108.61,489.73,2.68,2.6,-54.3,-0.5,19.41,20.93,01a59521o0399o
59521.36928,23.385,7.333,2,12,o,0,1.24,2.87006,35.973,6050.94,413.98,2.77,2.67,-47.8,-0.484,19.37,20.92,01a59521o0413o
59521.382804,-25.783,59.0,0,10,o,0,1.34,2.87006,35.973,6039.29,531.93,2.73,2.68,-53.9,-0.485,19.35,20.83,01a59521o0441o
59523.375071,23.096,6.0,2,13,c,0,1.32,2.87006,35.973,6195.79,10018.09,3.4,3.24,-60.8,-0.38,19.43,21.52,02a59523o0425c
59523.37829,20.104,0.363,33,12,c,0,1.48,2.87006,35.973,6177.73,9979.06,3.48,3.34,-61.9,-0.37,19.38,21.52,02a59523o0432c
59523.384254,19.843,0.276,42,12,c,0,1.21,2.87006,35.973,6233.7,10057.64,3.13,2.96,-64.2,-0.378,19.49,21.5,02a59523o0445c
59523.406364,20.342,0.541,26,14,c,0,0.96,2.87006,35.973,6251.41,9940.42,3.42,3.25,-67.7,-0.38,19.41,21.43,02a59523o0492c
59525.345245,-21.573,1.298,-8,11,o,0,1.6,2.87006,35.973,6085.52,450.8,2.82,2.67,-42.2,-0.488,19.35,20.81,01a59525o0347o
59525.352252,21.467,1.5,9,14,o,0,1.04,2.87006,35.973,6106.92,489.27,2.74,2.61,-44.2,-0.498,19.36,20.78,01a59525o0362o
59525.360164,20.487,0.527,23,12,o,0,1.49,2.87006,35.973,6050.53,413.2,2.8,2.66,-48.8,-0.485,19.35,20.78,01a59525o0379o
59525.383358,22.14,2.8,5,14,o,0,1.34,2.87006,35.973,6041.35,531.99,2.98,2.88,-41.9,-0.463,19.19,20.61,01a59525o0427o
59527.311659,20.863,0.746,16,12,o,0,1.12,2.87006,35.973,6208.47,10017.21,2.32,2.03,-62.6,-0.452,19.54,20.82,02a59527o0283o
59527.314544,-23.418,7.833,-2,12,o,0,1.06,2.87006,35.973,6187.18,9976.43,2.42,2.0,-58.3,-0.448,19.48,20.79,02a59527o0289o
59527.319381,21.887,2.022,6,13,o,0,0.91,2.87006,35.973,6243.91,10056.17,2.33,2.03,-63.2,-0.45,19.42,20.68,02a59527o0299o
59527.323053,21.294,1.286,11,14,o,0,0.87,2.87006,35.973,6261.82,9938.35,2.35,2.06,-60.5,-0.445,19.37,20.74,02a59527o0307o
59529.347998,24.041,13.4,1,12,o,0,1.04,2.87006,35.973,6188.43,2396.81,2.75,2.68,-48.7,-0.474,19.34,20.77,01a59529o0341o
59529.351225,-20.903,0.8,-16,13,o,0,1.14,2.87006,35.973,6209.9,2434.92,2.75,2.68,-29.3,-0.476,19.32,20.77,01a59529o0348o
59529.360972,-22.0,2.062,-6,12,o,0,1.41,2.87006,35.973,6153.49,2359.77,2.8,2.7,-46.0,-0.472,19.29,20.77,01a59529o0368o
59529.376737,-21.434,1.333,-10,13,o,0,1.02,2.87006,35.973,6140.98,2479.02,2.71,2.61,-39.1,-0.481,19.38,20.82,01a59529o0401o
59532.353623,19.254,2.608,72,188,o,0,1.15,2.87006,35.973,6618.36,3708.23,2.19,1.84,34.9,-0.456,16.56,16.34,02a59532o0366o
59532.356829,-20.268,1.139,-28,32,o,0,1.64,2.87006,35.973,6598.98,3669.51,2.27,1.95,33.7,-0.43,18.18,18.55,02a59532o0373o
59532.362345,18.779,0.775,112,87,o,0,0.83,2.87006,35.973,6657.41,3747.5,2.23,1.83,33.5,-0.443,17.35,17.72,02a59532o0385o
59532.376106,20.693,0.891,19,17,o,0,2.4,2.87006,35.973,6677.38,3630.84,2.16,1.83,33.3,-0.435,18.58,19.2,02a59532o0415o
59535.324658,-18.098,0.558,-209,117,o,0,1.05,2.87006,35.973,6630.07,3709.14,2.16,1.8,36.0,-0.423,17.01,16.74,02a59535o0315o
59535.336538,19.772,0.943,45,42,o,0,1.27,2.87006,35.973,6609.18,3673.49,2.19,1.77,41.0,-0.445,17.98,17.88,02a59535o0339o
59535.34267,20.551,1.106,22,24,o,0,1.09,2.87006,35.973,6667.48,3752.89,2.22,1.85,38.5,-0.437,18.52,18.72,02a59535o0351o
59535.367668,18.575,1.097,135,148,o,0,1.32,2.87006,35.973,6683.75,3634.81,2.27,1.84,40.8,-0.436,16.73,16.41,02a59535o0404o
59536.299945,-20.396,1.062,-25,27,o,0,0.4,2.87006,35.973,6627.8,3713.31,1.98,1.73,34.8,-0.45,18.79,19.04,02a59536o0267o
59536.303152,-23.572,14.5,-1,20,o,0,0.93,2.87006,35.973,6608.78,3674.2,1.93,1.73,34.6,-0.451,18.82,19.05,02a59536o0274o
59536.309581,21.536,2.313,9,20,o,0,0.94,2.87006,35.973,6667.64,3752.5,2.03,1.73,33.0,-0.449,18.8,19.06,02a59536o0288o
59536.322433,22.206,4.98,5,24,o,0,0.73,2.87006,35.973,6688.24,3636.71,2.14,1.81,35.7,-0.437,18.73,19.02,02a59536o0316o
59538.444018,19.182,0.458,77,35,o,0,0.94,2.87006,35.973,4325.41,2552.82,3.03,2.95,16.6,-0.445,18.28,18.92,01a59538o0364o
59538.44819,-20.901,1.932,-16,31,o,0,1.22,2.87006,35.973,4347.24,2592.52,3.01,2.96,11.1,-0.448,18.28,18.88,01a59538o0373o
59538.45935,22.278,8.15,4,36,o,0,1.11,2.87006,35.973,4291.14,2517.96,3.09,2.99,26.8,-0.443,18.19,18.79,01a59538o0397o
59538.487762,-21.503,4.757,-9,43,o,0,1.14,2.87006,35.973,4274.62,2641.9,3.15,3.09,31.6,-0.446,17.98,18.47,01a59538o0458o
59539.365933,-20.169,1.306,-31,41,o,0,1.23,2.87006,35.973,2413.51,10230.2,2.21,1.7,-50.0,-0.489,18.4,18.65,02a59539o0410o
59539.376032,-19.436,0.334,-61,20,o,0,0.99,2.87006,35.973,2395.26,10191.34,2.2,1.75,-48.1,-0.477,18.96,19.44,02a59539o0432o
59539.380201,-19.677,0.347,-49,17,o,0,1.61,2.87006,35.973,2451.42,10269.22,2.22,1.77,-47.7,-0.475,18.97,19.41,02a59539o0441o
59539.3857,21.162,4.028,12,50,o,0,0.32,2.87006,35.973,2599.9,45.72,2.05,1.75,-55.0,-0.44,18.92,19.35,02a59539o0453o
59539.386614,-21.264,1.754,-11,20,o,0,0.96,2.87006,35.973,2472.11,10150.87,2.18,1.7,-47.2,-0.491,18.92,19.32,02a59539o0455o
59540.359813,-19.391,0.274,-64,17,o,0,1.0,2.87006,35.973,2413.52,10230.35,2.44,1.8,-51.4,-0.466,19.12,19.8,02a59540o0400o
59540.36533,-19.385,0.271,-64,17,o,0,1.02,2.87006,35.973,2393.73,10188.87,2.3,1.81,-51.8,-0.478,19.09,19.79,02a59540o0412o
59540.368537,-21.434,1.648,-10,16,o,0,1.01,2.87006,35.973,2451.91,10267.69,2.33,1.78,-52.5,-0.47,19.08,19.79,02a59540o0419o
59540.376475,23.358,23.687,2,39,o,0,0.46,2.87006,35.973,2599.66,45.14,2.19,1.91,-57.3,-0.43,19.06,19.74,02a59540o0436o
59540.380263,-20.762,0.993,-18,18,o,0,1.02,2.87006,35.973,2469.77,10150.54,2.36,2.07,-53.9,-0.451,18.96,19.75,02a59540o0444o
59541.322765,20.772,0.786,18,14,o,0,1.28,2.87006,35.973,4282.62,2541.93,2.83,2.68,-43.0,-0.475,19.04,20.12,01a59541o0307o
59541.325997,20.736,0.869,18,16,o,0,1.08,2.87006,35.973,4304.13,2580.65,2.88,2.71,-43.1,-0.472,19.07,20.15,01a59541o0314o
59541.337778,-19.285,0.246,-70,17,o,0,1.17,2.87006,35.973,4248.43,2504.61,2.9,2.79,-40.0,-0.465,19.01,20.08,01a59541o0338o
59541.352481,21.185,1.485,12,18,o,0,1.1,2.87006,35.973,4237.03,2621.94,2.8,2.65,-34.3,-0.48,19.01,20.0,01a59541o0368o
59543.313684,-21.445,1.0,-10,10,o,0,1.28,2.87006,35.973,2425.64,10228.1,2.37,1.66,-49.6,-0.487,19.65,20.93,02a59543o0294o
59543.316886,20.706,0.527,19,10,o,0,1.18,2.87006,35.973,2406.88,10190.11,2.36,1.67,-50.0,-0.488,19.68,20.93,02a59543o0301o
59543.329779,-22.598,3.656,-3,12,o,0,0.94,2.87006,35.973,2460.69,10267.24,2.31,1.67,-48.8,-0.49,19.62,20.89,02a59543o0327o
59543.335523,-23.277,5.471,-2,10,o,0,1.56,2.87006,35.973,2480.04,10147.97,2.31,1.7,-49.8,-0.486,19.63,20.87,02a59543o0339o
59543.357566,21.333,2.33,11,25,o,0,0.56,2.87006,35.973,2608.15,46.32,2.21,1.77,-57.3,-0.448,19.48,20.57,02a59543o0385o
59544.288553,-21.14,1.414,-13,18,o,0,0.93,2.87006,35.973,2601.6,48.48,2.15,1.72,-57.6,-0.441,19.69,20.95,02a59544o0243o
59546.32116,21.943,1.875,6,11,o,0,1.17,2.87006,35.973,7983.27,8537.18,2.97,2.75,49.5,-0.433,19.39,20.91,01a59546o0314o
59546.324383,22.082,2.179,5,12,o,0,1.39,2.87006,35.973,8006.17,8575.45,3.01,2.74,43.7,-0.431,19.39,20.92,01a59546o0321o
59546.330384,21.413,1.269,10,12,o,0,0.98,2.87006,35.973,7945.62,8500.94,3.01,2.74,45.1,-0.428,19.43,20.91,01a59546o0334o
59546.343774,21.17,0.881,12,11,o,0,1.37,2.87006,35.973,7932.1,8620.7,2.83,2.75,54.6,-0.449,19.44,20.99,01a59546o0363o
59550.330221,21.688,1.821,8,14,o,0,1.25,2.87006,35.973,7971.75,8536.05,3.03,2.8,49.1,-0.426,19.29,20.71,01a59550o0023o
59550.334396,21.611,1.7,8,14,o,0,1.3,2.87006,35.973,7996.69,8576.03,3.12,2.85,46.9,-0.423,19.28,20.7,01a59550o0032o
59550.33996,21.861,1.871,6,12,o,0,1.42,2.87006,35.973,7938.08,8502.93,3.11,2.97,56.0,-0.41,19.21,20.66,01a59550o0044o
59550.352475,-21.677,1.725,-8,13,o,0,1.08,2.87006,35.973,7928.36,8622.9,2.91,2.81,65.0,-0.437,19.24,20.6,01a59550o0071o
59551.244234,-22.652,3.5,-3,11,o,0,0.92,2.87006,35.973,4230.54,6216.45,2.01,1.85,37.2,-0.437,19.62,20.73,02a59551o0127o
59551.254363,20.82,0.61,17,10,o,0,1.57,2.87006,35.973,4208.5,6179.62,2.04,1.83,37.1,-0.439,19.64,20.83,02a59551o0148o
59551.267668,-26.453,90.0,0,9,o,0,1.53,2.87006,35.973,4267.03,6257.86,2.07,1.84,43.9,-0.432,19.61,20.83,02a59551o0175o
59551.272991,23.172,4.524,2,9,o,0,1.67,2.87006,35.973,4284.91,6139.32,2.06,1.8,42.2,-0.434,19.61,20.81,02a59551o0186o
59557.261277,-21.85,2.31,-7,15,o,0,1.1,2.87006,35.973,8179.99,4154.38,3.29,2.95,-57.3,-0.446,19.09,20.5,01a59557o0173o
59557.264045,21.223,1.583,12,19,o,0,1.03,2.87006,35.973,8201.39,4192.17,3.42,3.08,-55.4,-0.433,19.02,20.49,01a59557o0179o
59557.287868,21.342,1.545,11,16,o,0,1.05,2.87006,35.973,8150.86,4119.27,3.39,3.05,-62.3,-0.43,19.09,20.56,01a59557o0229o
59557.305903,-22.193,3.05,-5,15,o,0,1.39,2.87006,35.973,8142.11,4240.71,3.38,3.07,-60.5,-0.438,19.07,20.53,01a59557o0267o
59558.264119,-20.057,1.153,-34,40,o,0,1.34,2.87006,35.973,8185.3,4154.78,2.95,2.8,-54.3,-0.469,18.01,18.76,01a59558o0187o
59558.267349,19.293,0.51,70,36,o,0,1.55,2.87006,35.973,8207.43,4193.19,2.94,2.83,-47.5,-0.464,18.09,18.83,01a59558o0194o
59558.274751,19.798,1.017,44,44,o,0,1.26,2.87006,35.973,8151.18,4119.77,2.97,2.79,-53.8,-0.466,17.87,18.64,01a59558o0210o
59558.288596,22.065,10.667,5,58,o,0,1.19,2.87006,35.973,8141.37,4239.36,2.95,2.9,-51.3,-0.452,17.62,18.32,01a59558o0240o
59561.263764,-22.609,5.941,-3,20,o,0,1.24,2.87006,35.973,2290.06,699.52,2.93,2.65,-42.9,-0.524,18.89,19.76,01a59561o0166o
59561.285884,19.422,0.365,62,23,o,0,1.37,2.87006,35.973,2324.27,743.51,2.94,2.68,-41.6,-0.509,18.91,19.69,01a59561o0213o
59561.295398,20.753,1.348,18,24,o,0,0.96,2.87006,35.973,2267.37,665.62,3.01,2.74,-51.0,-0.511,18.82,19.64,01a59561o0233o
59561.308514,20.695,1.257,19,24,o,0,0.97,2.87006,35.973,2263.38,785.63,2.79,2.62,-48.1,-0.518,18.8,19.6,01a59561o0261o
59564.311255,19.488,0.644,58,37,o,0,1.3,2.87006,35.973,4630.59,1859.6,2.27,2.06,45.9,-0.436,17.97,18.43,02a59564o0227o
59564.315401,-20.349,0.756,-26,20,o,0,1.64,2.87006,35.973,4610.08,1818.43,2.03,1.87,45.1,-0.456,18.69,19.04,02a59564o0236o
59564.32136,18.818,0.593,108,64,o,0,1.04,2.87006,35.973,4669.43,1896.34,2.14,1.87,45.5,-0.444,17.66,17.89,02a59564o0249o
59564.332155,-18.964,1.757,-94,166,o,0,0.84,2.87006,35.973,4689.85,1778.8,2.04,1.95,40.8,-0.464,16.81,16.92,02a59564o0271o
59565.282567,-20.623,1.28,-20,26,o,0,1.16,2.87006,35.973,2304.84,700.17,2.87,2.6,-43.5,-0.54,18.72,19.34,01a59565o0162o
59565.285391,-21.795,4.583,-7,32,o,0,0.84,2.87006,35.973,2326.31,740.17,2.89,2.62,-42.5,-0.535,18.68,19.26,01a59565o0168o
59565.296847,-22.828,8.6,-3,23,o,0,1.47,2.87006,35.973,2274.84,664.83,2.75,2.5,-43.8,-0.548,18.67,19.24,01a59565o0191o
59565.305654,-19.736,0.608,-46,28,o,0,1.04,2.87006,35.973,2263.03,785.28,2.82,2.57,-43.7,-0.55,18.64,19.18,01a59565o0210o
59574.243204,20.76,0.708,18,13,o,0,0.78,2.87006,35.973,2420.71,4592.47,2.98,2.62,-45.6,-0.483,19.42,21.06,01a59574o0130o
59574.246435,20.821,0.767,17,13,o,0,0.94,2.87006,35.973,2442.37,4631.93,3.05,2.72,-47.7,-0.477,19.36,21.02,01a59574o0137o
59574.252927,21.982,2.357,6,14,o,0,1.01,2.87006,35.973,2385.58,4556.03,3.21,2.77,-45.3,-0.463,19.35,21.01,01a59574o0151o
59574.274702,20.33,0.497,27,13,o,0,1.1,2.87006,35.973,2378.17,4676.04,2.91,2.61,-48.9,-0.49,19.34,20.86,01a59574o0198o
59574.3662,-20.965,1.111,-15,17,o,0,1.14,2.87006,35.973,4486.75,3453.24,3.36,3.03,-45.0,-0.418,18.84,20.22,01a59574o0396o
59574.36666,-21.21,1.444,-12,17,o,0,1.17,2.87006,35.973,4507.25,3491.72,3.22,3.05,-46.1,-0.439,18.89,20.24,01a59574o0397o
59574.367121,20.365,0.73,26,19,o,0,1.26,2.87006,35.973,4448.54,3415.17,3.09,2.92,-45.3,-0.45,18.86,20.19,01a59574o0398o
59574.367582,-21.848,3.32,-7,22,o,0,0.89,2.87006,35.973,4432.0,3531.54,3.1,2.93,-50.7,-0.442,18.84,20.17,01a59574o0399o
59574.368042,-20.195,0.623,-30,19,o,0,1.29,2.87006,35.973,4469.27,3473.21,3.19,3.0,-46.3,-0.439,18.79,20.13,01a59574o0400o
59587.278467,-21.639,1.526,-8,12,o,0,1.25,2.87006,35.973,2377.84,8282.52,2.0,1.83,-43.9,-0.461,19.41,20.45,02a59587o0197o
59587.28261,20.924,0.691,16,11,o,0,2.18,2.87006,35.973,2359.49,8242.49,2.02,1.82,-45.1,-0.464,19.39,20.44,02a59587o0206o
59587.288575,21.026,0.662,14,9,o,0,2.24,2.87006,35.973,2416.43,8318.93,2.0,1.83,-49.0,-0.461,19.36,20.4,02a59587o0219o
59587.30098,21.329,1.081,11,12,o,0,1.53,2.87006,35.973,2438.6,8197.44,2.03,1.91,-45.6,-0.446,19.32,20.32,02a59587o0246o
59589.209332,20.122,0.778,32,25,o,0,1.0,2.87006,35.973,9865.74,65.94,2.78,2.53,-56.8,-0.57,18.76,19.53,01a59589o0026o
59589.210345,-24.898,60.5,0,24,o,0,1.05,2.87006,35.973,210.57,288.98,2.56,2.42,-63.5,-0.678,18.92,19.64,01a59589o0028o
59589.212231,21.966,3.258,6,19,o,0,1.8,2.87006,35.973,9887.13,104.59,2.72,2.47,-49.3,-0.569,18.92,19.75,01a59589o0032o
59589.219332,-20.077,0.096,-34,3,o,0,17562.95,2.87006,35.973,9833.69,30.35,2.8,2.47,-51.3,-0.587,19.03,19.95,01a59589o0047o
59589.220261,21.968,3.828,6,23,o,0,1.12,2.87006,35.973,237.74,329.19,2.67,2.53,-57.7,-0.652,19.03,19.95,01a59589o0049o
59589.232214,21.094,1.438,13,19,o,0,1.43,2.87006,35.973,9823.53,151.86,2.72,2.44,-46.6,-0.553,19.07,20.07,01a59589o0074o
59589.232675,-20.541,1.018,-22,22,o,0,1.1,2.87006,35.973,184.46,248.95,2.71,2.54,-56.5,-0.648,19.06,20.06,01a59589o0075o
59589.235681,-19.885,0.523,-40,21,o,0,1.02,2.87006,35.973,170.95,367.63,2.71,2.56,-57.4,-0.656,19.06,20.05,01a59589o0081o
59590.204228,-19.819,0.818,-43,35,o,0,1.29,2.87006,35.973,10127.51,10309.09,3.12,2.85,53.7,-0.392,18.27,18.6,01a59590o0014o
59590.208376,-21.877,3.647,-6,24,o,0,1.11,2.87006,35.973,10155.14,10347.93,3.06,2.8,54.2,-0.404,18.75,19.44,01a59590o0023o
59590.215785,-22.575,5.944,-3,20,o,0,1.07,2.87006,35.973,10094.51,10273.56,3.04,2.8,56.4,-0.408,19.01,19.95,01a59590o0039o
59590.227886,-22.336,3.909,-4,16,o,0,1.12,2.87006,35.973,10083.16,10395.84,3.05,2.82,62.6,-0.416,19.01,20.01,01a59590o0065o
59591.209921,23.122,13.118,2,27,o,0,1.09,2.87006,35.973,2381.33,8290.19,2.21,2.0,-50.9,-0.447,18.77,19.29,02a59591o0024o
59591.213128,22.125,4.114,5,21,o,0,1.3,2.87006,35.973,2362.54,8251.07,2.18,1.96,-51.2,-0.441,18.92,19.54,02a59591o0031o
59591.22368,-21.44,1.694,-10,16,o,0,1.29,2.87006,35.973,2418.8,8325.78,2.13,1.93,-46.7,-0.454,19.02,19.71,02a59591o0054o
59591.231016,20.547,0.859,22,19,o,0,1.03,2.87006,35.973,2439.39,8206.48,2.09,1.91,-45.8,-0.459,19.02,19.7,02a59591o0070o
59594.266831,-20.445,1.711,-24,41,o,0,0.94,2.87006,35.973,9984.46,8372.99,3.0,2.81,56.6,-0.398,18.49,19.07,01a59594o0135o
59594.277007,-23.099,20.1,-2,42,o,0,0.9,2.87006,35.973,10009.29,8415.4,3.11,2.9,50.9,-0.386,18.44,19.07,01a59594o0157o
59594.284399,-20.114,1.051,-33,34,o,0,1.04,2.87006,35.973,9946.91,8342.46,2.92,2.76,54.8,-0.405,18.53,19.11,01a59594o0173o
59594.28808,-19.45,0.615,-60,37,o,0,0.96,2.87006,35.973,9931.68,8461.57,2.99,2.79,48.9,-0.396,18.52,19.07,01a59594o0181o
59601.246019,20.3,0.674,28,19,o,0,1.07,2.87006,35.973,10032.69,2045.75,3.1,2.67,-62.2,-0.521,19.11,20.44,01a59601o0114o
59601.249707,20.386,0.683,25,17,o,0,1.05,2.87006,35.973,10053.7,2084.91,3.08,2.74,-57.3,-0.502,19.11,20.43,01a59601o0122o
59601.253857,-21.023,1.228,-14,17,o,0,1.09,2.87006,35.973,253.07,2261.53,3.29,2.95,-53.8,-0.518,19.12,20.51,01a59601o0131o
59601.25524,20.268,0.576,28,16,o,0,1.24,2.87006,35.973,9995.49,2013.2,3.19,2.77,-62.5,-0.509,19.12,20.42,01a59601o0134o
59601.257081,20.242,0.667,29,19,o,0,0.98,2.87006,35.973,273.52,2302.92,3.41,3.05,-52.4,-0.524,19.13,20.5,01a59601o0138o
59601.264444,19.736,0.421,46,20,o,0,1.1,2.87006,35.973,216.49,2223.91,3.44,3.06,-51.7,-0.516,19.12,20.5,01a59601o0154o
59601.267209,-21.65,2.059,-8,16,o,0,1.41,2.87006,35.973,9980.65,2136.22,3.25,2.89,-61.6,-0.483,19.0,20.41,01a59601o0160o
59601.280127,23.301,11.5,2,20,o,0,1.06,2.87006,35.973,205.97,2340.84,3.52,3.2,-55.4,-0.503,19.02,20.42,01a59601o0188o
59610.226849,22.476,4.9,4,18,o,0,1.06,2.87006,35.973,9833.31,6434.02,2.84,2.75,76.7,-0.447,19.08,20.12,01a59610o0064o
59610.230995,-22.515,4.421,-4,16,o,0,1.26,2.87006,35.973,9855.25,6472.87,2.86,2.76,84.6,-0.446,19.09,20.18,01a59610o0073o
59610.236532,-21.09,1.441,-13,19,o,0,0.82,2.87006,35.973,9796.23,6400.24,2.92,2.8,-85.4,-0.443,19.08,20.23,01a59610o0085o
59610.246673,21.628,2.098,8,17,o,0,1.14,2.87006,35.973,9781.01,6521.42,2.93,2.81,86.1,-0.44,19.07,20.23,01a59610o0107o
59611.227627,-20.013,0.54,-36,19,o,0,1.15,2.87006,35.973,9835.25,6440.65,2.83,2.67,-77.0,-0.458,18.9,20.08,01a59611o0063o
59611.230853,20.859,1.627,16,27,o,0,1.16,2.87006,35.973,9857.52,6479.12,2.9,2.67,-74.4,-0.456,18.57,19.75,01a59611o0070o
59611.238234,22.591,7.75,3,26,o,0,1.04,2.87006,35.973,9798.32,6406.92,2.92,2.69,-75.6,-0.453,18.33,19.49,01a59611o0086o
59611.248387,-21.028,1.288,-14,18,o,0,1.15,2.87006,35.973,9781.24,6527.93,3.05,2.79,-70.3,-0.432,18.82,20.06,01a59611o0108o
59613.232964,20.369,0.407,26,10,c,0,1.25,2.87006,35.973,6634.61,1767.06,2.52,2.43,-87.1,-0.399,19.33,20.94,02a59613o0073c
59613.236649,20.417,0.447,25,11,c,0,1.11,2.87006,35.973,6616.77,1725.81,2.59,2.39,-61.4,-0.402,19.35,20.94,02a59613o0081c
59613.242594,21.15,0.964,13,12,c,0,1.24,2.87006,35.973,6674.81,1807.12,2.51,2.4,-67.6,-0.397,19.36,20.93,02a59613o0094c
59613.254966,20.82,0.847,17,14,c,0,0.95,2.87006,35.973,6698.21,1683.69,2.74,2.51,-59.4,-0.397,19.25,20.87,02a59613o0121c
59618.221774,21.807,3.491,7,24,o,0,0.97,2.87006,35.973,6168.24,6123.71,2.36,2.1,37.8,-0.434,18.76,19.23,02a59618o0047o
59618.224975,-20.099,0.651,-33,22,o,0,0.94,2.87006,35.973,6149.59,6084.26,2.38,2.06,38.4,-0.441,18.94,19.53,02a59618o0054o
59618.230462,20.797,0.895,17,16,o,0,1.31,2.87006,35.973,6207.84,6161.04,2.35,2.1,41.4,-0.439,19.03,19.67,02a59618o0066o
59618.242418,21.631,2.052,8,17,o,0,1.29,2.87006,35.973,6224.97,6045.99,2.51,2.09,39.7,-0.426,19.02,19.71,02a59618o0092o
59619.221056,19.444,0.391,61,24,o,0,1.38,2.87006,35.973,4237.08,606.39,2.61,2.54,42.6,-0.509,18.57,19.15,01a59619o0016o
59619.224281,-22.694,7.158,-3,22,o,0,0.95,2.87006,35.973,4260.05,644.03,2.63,2.5,44.9,-0.463,18.7,19.46,01a59619o0023o
59619.229808,22.108,3.438,5,18,o,0,1.39,2.87006,35.973,4204.27,568.86,2.57,2.55,-68.9,-0.476,18.83,19.61,01a59619o0035o
59619.241779,-21.374,1.883,-10,19,o,0,1.24,2.87006,35.973,4191.41,687.87,2.63,2.6,-76.1,-0.475,18.8,19.6,01a59619o0061o
59621.222286,-19.769,0.543,-45,24,o,0,0.78,2.87006,35.973,6168.41,6118.04,2.49,1.93,38.5,-0.425,18.68,19.02,02a59621o0026o
59621.225494,21.932,2.86,6,18,o,0,1.88,2.87006,35.973,6148.23,6079.08,2.41,1.92,40.9,-0.437,18.9,19.33,02a59621o0033o
59621.230987,21.009,1.348,14,19,o,0,1.1,2.87006,35.973,6205.62,6156.25,2.45,1.97,39.9,-0.433,18.96,19.49,02a59621o0045o
59621.24289,-19.719,0.37,-47,17,o,0,1.07,2.87006,35.973,6222.55,6040.67,2.35,1.92,37.9,-0.437,18.99,19.47,02a59621o0071o
59624.222052,20.887,4.829,16,77,o,0,0.92,2.87006,35.973,3963.43,6922.9,2.87,2.75,-53.1,-0.476,18.17,18.7,01a59624o0045o
59624.225273,18.666,0.424,124,53,o,0,0.92,2.87006,35.973,3983.8,6960.95,2.82,2.72,-58.2,-0.473,18.35,18.96,01a59624o0052o
59624.230798,-20.733,2.29,-18,42,o,0,1.37,2.87006,35.973,3924.12,6883.64,2.89,2.74,-55.0,-0.477,18.38,19.08,01a59624o0064o
59624.24278,19.422,0.691,62,43,o,0,1.45,2.87006,35.973,3906.58,7002.85,2.91,2.58,-49.1,-0.496,18.4,19.04,01a59624o0090o
59626.219199,18.188,0.391,193,75,o,0,2.1,2.87006,35.973,4335.05,10103.65,2.57,2.54,68.5,-0.382,17.63,17.7,02a59626o0004o
59626.222398,19.206,0.752,76,57,o,0,1.07,2.87006,35.973,4316.4,10064.14,2.63,2.55,72.8,-0.375,17.97,18.22,02a59626o0011o
59626.228798,20.311,1.471,27,40,o,0,1.63,2.87006,35.973,4371.74,10141.02,2.53,2.45,-49.1,-0.401,18.2,18.55,02a59626o0025o
59626.239336,-19.397,0.76,-63,48,o,0,1.12,2.87006,35.973,4388.58,10027.83,2.47,2.4,58.0,-0.388,18.14,18.5,02a59626o0048o
59627.229533,19.811,1.429,43,62,o,0,1.23,2.87006,35.973,3958.49,6922.24,2.87,2.75,44.8,-0.445,18.23,18.76,01a59627o0003o
59627.232738,-19.373,1.259,-65,82,o,0,1.03,2.87006,35.973,3980.69,6961.22,3.27,3.19,46.8,-0.417,18.03,18.73,01a59627o0010o
59729.582323,18.277,2.514,177,446,c,0,0.89,2.87006,35.973,4352.44,583.52,2.46,2.3,-79.0,-0.42,16.2,17.66,02a59729o0717c
59729.601094,21.059,0.734,14,10,c,0,1.29,2.87006,35.973,4368.62,620.89,2.47,2.31,73.5,-0.418,19.4,20.96,02a59729o0758c
59729.609396,21.018,0.875,14,12,c,0,1.39,2.87006,35.973,4313.0,540.88,2.46,2.25,70.4,-0.409,19.15,20.46,02a59729o0776c
59731.594267,20.712,0.833,19,16,o,0,1.03,2.87006,35.973,4317.9,8176.09,3.02,2.9,50.1,-0.428,19.17,20.52,01a59731o0745o
59731.599616,-20.219,0.541,-30,16,o,0,0.87,2.87006,35.973,4298.56,8134.28,2.96,2.82,51.6,-0.433,19.19,20.46,01a59731o0755o
59731.603766,-22.211,3.826,-5,18,o,0,0.85,2.87006,35.973,4358.2,8212.14,2.99,2.88,54.9,-0.434,19.06,20.3,01a59731o0764o
59731.609348,-21.608,2.841,-8,24,o,0,1.0,2.87006,35.973,4378.3,8094.22,2.78,2.76,-24.3,-0.466,18.8,19.64,01a59731o0776o
59733.582942,22.611,4.158,3,14,c,0,1.14,2.87006,35.973,3934.97,6886.01,2.87,2.46,33.4,-0.374,19.33,20.84,02a59733o0726c
59733.587061,-21.146,1.026,-13,13,c,0,1.23,2.87006,35.973,3953.06,6924.82,2.79,2.43,30.7,-0.38,19.34,20.85,02a59733o0735c
59733.605319,-20.769,0.818,-18,15,c,0,1.44,2.87006,35.973,3894.06,6845.98,2.8,2.4,33.4,-0.378,19.31,20.65,02a59733o0773c
59733.610815,-20.678,0.893,-19,17,c,0,1.37,2.87006,35.973,3874.19,6962.2,2.76,2.41,30.7,-0.375,18.9,20.06,02a59733o0785c
59734.576211,20.885,0.768,16,12,c,0,1.68,2.87006,35.973,3939.15,6885.17,2.76,2.34,30.7,-0.385,19.36,20.73,02a59734o0688c
59734.579434,-20.82,0.686,-17,12,c,0,1.61,2.87006,35.973,3958.25,6924.68,2.77,2.34,32.7,-0.382,19.34,20.76,02a59734o0695c
59734.599677,22.181,2.69,5,13,c,0,1.28,2.87006,35.973,3894.18,6846.49,2.9,2.38,31.9,-0.372,19.35,20.85,02a59734o0737c
59734.612591,21.583,2.922,8,25,c,0,0.95,2.87006,35.973,3872.93,6961.03,2.87,2.43,33.9,-0.364,18.67,19.73,02a59734o0765c
59735.587555,22.32,2.75,4,12,c,0,1.21,2.87006,35.973,3932.16,6884.63,3.04,2.46,32.0,-0.363,19.35,20.96,02a59735o0752c
59735.601747,-20.964,0.739,-15,11,c,0,1.92,2.87006,35.973,3950.85,6922.85,2.84,2.38,34.3,-0.379,19.42,20.9,02a59735o0783c
59735.607315,21.865,2.22,6,14,c,0,1.54,2.87006,35.973,3892.55,6846.08,2.82,2.37,31.7,-0.376,19.26,20.56,02a59735o0795c
59735.614495,-20.852,1.712,-17,28,c,0,1.25,2.87006,35.973,3874.05,6961.12,2.85,2.39,33.1,-0.368,18.4,19.39,02a59735o0810c
59736.568828,-21.97,2.536,-6,15,o,0,0.93,2.87006,35.973,6212.72,8054.67,2.94,2.91,14.6,-0.451,19.15,20.49,01a59736o0695o
59736.578959,21.404,1.314,10,13,o,0,1.29,2.87006,35.973,6196.96,8015.1,2.91,2.75,50.3,-0.449,19.28,20.59,01a59736o0717o
59736.591942,21.178,1.062,12,13,o,0,1.0,2.87006,35.973,6260.59,8089.31,2.85,2.71,54.5,-0.456,19.28,20.55,01a59736o0745o
59736.605049,-20.909,1.278,-16,20,o,0,0.76,2.87006,35.973,6284.46,7973.83,3.34,2.88,48.9,-0.394,19.02,20.21,01a59736o0772o
59737.510243,-22.806,6.154,-3,17,c,0,1.45,2.87006,35.973,3932.13,6884.32,2.73,2.63,11.2,-0.391,19.06,20.59,02a59737o0574c
59737.515773,22.029,3.042,6,17,c,0,1.1,2.87006,35.973,3953.52,6928.84,3.13,2.72,18.3,-0.357,18.99,20.63,02a59737o0586c
59737.522673,20.806,0.872,17,15,c,0,1.32,2.87006,35.973,3894.17,6850.67,2.9,2.77,23.8,-0.379,19.09,20.7,02a59737o0601c
59737.535522,21.238,1.044,12,12,c,0,1.71,2.87006,35.973,3873.17,6965.75,2.66,2.39,22.8,-0.389,19.26,20.72,02a59737o0629c
59740.55831,21.313,1.511,11,16,o,0,1.07,2.87006,35.973,6209.05,8053.23,3.34,3.12,46.0,-0.398,19.07,20.46,01a59740o0678o
59740.565224,21.323,1.583,11,17,o,0,0.86,2.87006,35.973,6193.15,8014.6,3.08,3.02,-58.2,-0.442,19.09,20.49,01a59740o0693o
59740.57587,20.257,0.504,29,14,o,0,1.22,2.87006,35.973,6256.09,8089.98,2.96,2.88,-61.2,-0.454,19.17,20.52,01a59740o0716o
59740.582431,20.558,0.744,22,16,o,0,1.06,2.87006,35.973,6275.76,7973.29,3.45,3.22,52.9,-0.394,19.06,20.54,01a59740o0729o
59748.583566,20.188,0.589,30,18,o,0,1.0,2.87006,35.973,2599.26,2010.76,2.66,2.63,62.0,-0.503,19.02,20.01,01a59748o0717o
59748.606697,-21.65,2.643,-8,21,o,0,1.29,2.87006,35.973,2580.57,1970.28,3.61,3.52,84.7,-0.396,18.63,19.85,01a59748o0767o
59748.616505,-20.211,1.403,-30,42,o,0,0.99,2.87006,35.973,2642.99,2045.56,3.2,3.09,-68.4,-0.459,17.99,18.4,01a59748o0788o
59748.618468,18.439,0.384,153,59,o,0,1.25,2.87006,35.973,2660.41,1927.5,3.44,3.38,-80.8,-0.446,17.63,17.89,01a59748o0792o
59750.566462,-21.549,1.635,-9,14,o,0,0.97,2.87006,35.973,6341.06,4376.67,2.44,1.84,34.4,-0.438,19.28,20.04,02a59750o0672o
59750.569684,20.816,0.811,17,14,o,0,1.23,2.87006,35.973,6359.03,4414.62,2.58,1.94,34.9,-0.431,19.28,20.05,02a59750o0679o
59750.576591,22.059,2.738,6,15,o,0,1.36,2.87006,35.973,6300.67,4338.36,2.56,1.93,34.3,-0.428,19.17,19.93,02a59750o0693o
59750.595389,22.056,2.474,6,14,o,0,1.46,2.87006,35.973,6281.97,4454.89,2.67,2.12,31.9,-0.42,19.15,20.08,02a59750o0734o
59751.58613,20.46,0.607,24,14,o,0,1.11,2.87006,35.973,6338.17,4375.31,3.04,2.21,30.1,-0.418,19.21,20.21,02a59751o0739o
59751.590287,22.913,5.353,2,13,o,0,1.51,2.87006,35.973,6358.83,4413.32,2.78,2.07,32.9,-0.423,19.26,20.23,02a59751o0748o
59751.606213,21.081,0.935,13,12,o,0,1.41,2.87006,35.973,6306.96,4337.89,2.48,1.96,33.7,-0.43,19.2,19.97,02a59751o0782o
59751.615002,-19.915,0.761,-39,30,o,0,1.24,2.87006,35.973,6287.45,4455.52,2.58,1.96,34.6,-0.427,18.43,18.64,02a59751o0801o
59752.594702,22.277,3.125,4,14,o,0,1.14,2.87006,35.973,2324.8,6381.13,2.76,2.66,-56.8,-0.477,19.16,20.46,01a59752o0754o
59752.59961,21.027,1.065,14,15,o,0,1.07,2.87006,35.973,2305.98,6342.63,2.79,2.68,-54.8,-0.472,19.23,20.55,01a59752o0763o
59752.604269,21.589,1.894,8,16,o,0,0.9,2.87006,35.973,2364.4,6416.37,2.74,2.63,-52.4,-0.482,19.19,20.42,01a59752o0773o
59752.612913,-18.822,0.372,-108,40,o,0,1.28,2.87006,35.973,2383.61,6299.45,2.76,2.66,-46.8,-0.482,18.47,19.04,01a59752o0790o
59753.566629,21.61,1.563,8,13,o,0,0.84,2.87006,35.973,6339.46,4366.63,2.33,1.9,32.9,-0.439,19.44,20.42,02a59753o0687o
59753.571664,-21.441,1.325,-10,13,o,0,0.97,2.87006,35.973,6358.19,4405.4,2.35,1.89,32.7,-0.438,19.42,20.43,02a59753o0698o
59753.57686,20.747,0.926,18,17,o,0,0.9,2.87006,35.973,2326.71,6379.0,2.74,2.67,-71.9,-0.474,19.1,20.33,01a59753o0730o
59753.57766,-22.27,2.641,-4,12,o,0,1.28,2.87006,35.973,6298.67,4329.74,2.35,1.87,33.8,-0.442,19.42,20.44,02a59753o0711o
59753.587,-22.968,5.385,-2,13,o,0,1.52,2.87006,35.973,2310.09,6340.9,2.8,2.66,-49.9,-0.481,19.19,20.52,01a59753o0752o
59753.590881,-19.377,0.18,-64,12,o,0,1.39,2.87006,35.973,6280.7,4443.76,2.3,1.87,33.1,-0.434,19.44,20.38,02a59753o0739o
59753.592071,-19.948,0.342,-38,13,o,0,1.28,2.87006,35.973,2370.42,6416.85,2.79,2.72,-65.7,-0.466,19.16,20.41,01a59753o0763o
59753.600386,-19.509,0.277,-57,16,o,0,1.29,2.87006,35.973,2388.05,6297.61,2.78,2.69,-60.5,-0.469,19.06,20.24,01a59753o0780o
59754.56738,-20.985,0.885,-15,13,o,0,1.22,2.87006,35.973,10206.83,4095.58,2.11,1.99,-35.3,-0.461,19.53,20.59,02a59754o0694o
59754.600428,-21.419,1.247,-10,12,o,0,1.19,2.87006,35.973,10236.25,4136.98,2.1,1.99,-32.5,-0.465,19.53,20.54,02a59754o0758o
59754.614151,-24.164,21.571,-1,17,o,0,1.44,2.87006,35.973,10177.19,4061.29,2.14,1.98,-46.0,-0.46,19.01,19.53,02a59754o0784o
59754.617779,-20.806,1.911,-17,33,o,0,1.02,2.87006,35.973,10150.65,4179.76,2.12,1.98,-44.3,-0.461,18.5,18.7,02a59754o0790o
59756.582218,21.086,0.851,13,11,o,0,1.34,2.87006,35.973,2324.4,6383.83,2.84,2.6,-50.9,-0.481,19.47,21.09,01a59756o0645o
59756.606501,20.726,0.67,19,12,o,0,1.14,2.87006,35.973,2307.29,6343.37,2.79,2.57,-46.9,-0.489,19.39,20.85,01a59756o0693o
59756.614726,-20.346,0.911,-26,24,o,0,1.09,2.87006,35.973,2367.29,6419.28,2.67,2.55,-50.1,-0.498,18.86,19.63,01a59756o0710o
59756.61757,21.621,5.083,8,42,o,0,1.46,2.87006,35.973,2385.12,6301.11,2.71,2.56,-48.4,-0.5,18.52,18.92,01a59756o0716o
59757.585093,-21.666,1.271,-8,10,c,0,1.3,2.87006,35.973,10211.53,4100.2,2.63,2.49,-46.2,-0.427,19.62,21.35,02a59757o0596c
59757.588296,21.609,1.173,8,10,c,0,1.19,2.87006,35.973,10230.85,4137.95,2.56,2.41,-46.3,-0.425,19.61,21.32,02a59757o0603c
59757.591958,21.264,0.75,11,8,c,0,1.23,2.87006,35.973,447.85,4088.74,2.34,2.24,-66.0,-0.422,19.62,21.33,02a59757o0611c
59757.609773,20.672,1.391,20,27,c,0,0.84,2.87006,35.973,467.14,4128.26,2.32,2.21,-63.1,-0.414,18.52,19.78,02a59757o0644c
59757.610704,-21.338,2.439,-11,26,c,0,1.61,2.87006,35.973,10172.85,4063.42,2.57,2.34,-56.6,-0.424,18.76,20.09,02a59757o0646c
59757.612533,23.203,6.308,2,12,c,0,1.11,2.87006,35.973,411.03,4047.84,2.33,2.21,-65.6,-0.397,19.17,20.38,02a59757o0650c
59757.613446,-21.56,2.078,-9,18,c,0,0.68,2.87006,35.973,10153.43,4180.59,2.69,2.49,-51.0,-0.421,19.27,20.52,02a59757o0652c
59757.617043,20.508,0.843,23,19,c,0,1.2,2.87006,35.973,392.11,4164.13,2.51,2.4,-67.2,-0.379,18.76,19.81,02a59757o0659c
59758.544928,23.818,11.333,1,12,c,0,1.63,2.87006,35.973,446.63,4089.16,2.45,2.38,-56.7,-0.401,19.31,21.03,02a59758o0618c
59758.547199,-25.475,62.0,0,14,c,0,1.17,2.87006,35.973,10205.6,4095.17,2.67,2.54,-42.1,-0.418,19.22,20.96,02a59758o0623c
59758.548555,-20.909,0.763,-16,12,c,0,1.23,2.87006,35.973,466.2,4128.25,2.45,2.41,-25.2,-0.404,19.15,20.88,02a59758o0626c
59758.553657,-20.997,0.836,-14,12,c,0,1.19,2.87006,35.973,10224.55,4134.02,2.62,2.52,-33.4,-0.417,19.41,21.16,02a59758o0637c
59758.554109,21.246,0.875,12,10,c,0,1.02,2.87006,35.973,407.26,4048.06,2.42,2.37,-57.5,-0.397,19.39,21.18,02a59758o0638c
59758.560001,20.801,0.724,17,13,c,0,1.01,2.87006,35.973,10166.68,4058.7,2.66,2.55,-39.2,-0.413,19.43,21.2,02a59758o0651c
59758.57498,-22.628,2.727,-3,9,c,0,1.32,2.87006,35.973,385.26,4164.51,2.41,2.37,-63.8,-0.402,19.5,21.36,02a59758o0682c
59758.575432,21.286,0.939,11,10,c,0,1.24,2.87006,35.973,10148.08,4178.84,2.63,2.5,-45.6,-0.423,19.64,21.48,02a59758o0683c
59759.548083,21.342,1.489,10,16,o,0,0.88,2.87006,35.973,2318.19,6381.8,3.16,3.05,75.4,-0.421,19.14,20.6,01a59759o0649o
59759.553611,20.114,0.39,33,13,o,0,1.65,2.87006,35.973,2301.73,6344.49,2.94,2.81,-54.1,-0.459,19.24,20.63,01a59759o0660o
59759.562674,-21.578,1.5,-8,13,o,0,1.31,2.87006,35.973,2361.3,6418.32,3.06,2.91,-50.2,-0.453,19.18,20.66,01a59759o0679o
59759.571835,-21.781,2.189,-7,15,o,0,0.82,2.87006,35.973,2381.61,6302.88,2.87,2.8,75.0,-0.45,19.24,20.66,01a59759o0699o
59763.556255,-22.42,4.7,-4,18,o,0,1.2,2.87006,35.973,8175.06,9899.51,4.44,4.15,47.7,-0.332,18.88,20.69,01a59763o0654o
59763.56082,-20.529,0.625,-22,14,o,0,1.32,2.87006,35.973,8157.25,9859.24,3.37,3.26,53.7,-0.413,19.17,20.71,01a59763o0664o
59763.567653,20.907,1.231,16,19,o,0,1.06,2.87006,35.973,8220.06,9939.21,4.4,4.19,47.9,-0.371,18.85,20.7,01a59763o0679o
59763.574254,21.464,1.719,9,16,o,0,1.1,2.87006,35.973,8236.95,9816.86,3.89,3.57,51.5,-0.342,19.02,20.71,01a59763o0693o
59764.551126,-21.823,2.704,-7,18,o,0,1.14,2.87006,35.973,8174.0,9901.35,2.95,2.83,77.4,-0.462,19.05,20.38,01a59764o0644o
59764.556603,20.012,0.414,36,15,o,0,1.14,2.87006,35.973,8156.87,9861.47,2.98,2.78,57.7,-0.457,19.26,20.57,01a59764o0656o
59764.558424,-21.25,1.34,-12,15,o,0,1.09,2.87006,35.973,8215.84,9939.3,2.94,2.78,64.4,-0.463,19.27,20.61,01a59764o0660o
59764.582099,20.455,0.517,24,12,o,0,1.49,2.87006,35.973,8239.01,9815.04,2.99,2.79,61.2,-0.453,19.39,20.82,01a59764o0709o
59766.531095,21.103,0.924,13,12,c,0,1.14,2.87006,35.973,5938.55,8727.58,2.77,2.55,26.7,-0.399,19.42,21.19,02a59766o0605c
59766.535182,22.117,1.935,5,10,c,0,1.26,2.87006,35.973,5955.12,8769.1,2.62,2.49,22.7,-0.407,19.57,21.35,02a59766o0612c
59766.54154,-20.114,0.444,-33,14,c,0,1.37,2.87006,35.973,5897.38,8691.39,2.62,2.44,30.2,-0.406,19.32,21.01,02a59766o0626c
59766.54881,-21.873,1.625,-6,10,c,0,1.3,2.87006,35.973,5878.3,8808.45,2.64,2.45,31.9,-0.404,19.57,21.39,02a59766o0642c
59767.547061,17.838,1.358,266,361,c,0,1.11,2.87006,35.973,5934.25,8728.77,2.64,2.41,29.0,-0.397,16.45,17.82,02a59767o0636c
59767.553417,18.624,1.217,129,157,c,0,1.45,2.87006,35.973,5956.52,8768.45,2.8,2.53,33.9,-0.385,16.27,17.66,02a59767o0650c
59767.557735,21.365,1.431,10,15,o,0,0.98,2.87006,35.973,8179.7,9895.64,3.16,2.7,50.5,-0.443,19.32,20.66,01a59767o0668o
59767.557979,-20.22,1.229,-30,36,c,0,1.66,2.87006,35.973,5897.95,8690.69,2.68,2.41,32.9,-0.398,17.97,19.35,02a59767o0660c
59767.568849,-18.624,0.558,-129,72,c,0,1.47,2.87006,35.973,5878.71,8809.36,2.79,2.57,34.1,-0.392,17.09,18.54,02a59767o0684c
59767.569601,-19.453,0.231,-60,14,o,0,1.09,2.87006,35.973,8163.82,9853.81,3.3,2.77,47.6,-0.425,19.29,20.65,01a59767o0694o
59767.573103,-20.491,0.664,-23,15,o,0,0.98,2.87006,35.973,8223.9,9929.2,3.17,2.67,-47.9,-0.471,19.27,20.63,01a59767o0700o
59767.591449,-21.994,2.267,-6,13,o,0,1.11,2.87006,35.973,8243.05,9810.78,3.04,2.68,50.6,-0.453,19.36,20.67,01a59767o0739o
59768.528701,20.629,0.67,20,14,o,0,1.04,2.87006,35.973,8085.93,6005.22,2.74,2.69,-75.1,-0.471,19.33,20.7,01a59768o0464o
59768.531906,20.799,0.714,17,12,o,0,1.07,2.87006,35.973,8066.25,5967.91,2.84,2.73,53.2,-0.454,19.35,20.71,01a59768o0471o
59768.546574,-19.71,0.226,-47,11,o,0,1.39,2.87006,35.973,8129.06,6042.39,2.75,2.67,59.9,-0.465,19.38,20.76,01a59768o0502o
59768.572711,-22.314,2.458,-4,11,o,0,1.28,2.87006,35.973,8152.37,5921.63,2.78,2.69,52.4,-0.462,19.46,20.89,01a59768o0555o
59768.621431,-20.402,2.303,-25,58,o,0,0.92,2.87006,35.973,8118.12,5967.79,2.9,2.75,42.7,-0.464,18.25,18.6,01a59768o0657o
59769.579064,-21.25,1.033,-12,12,o,0,1.03,2.87006,35.973,8100.28,5992.14,2.95,2.78,46.6,-0.438,19.46,21.01,01a59769o0738o
59769.584594,0.0,21.401,0,10,o,0,1.53,2.87006,35.973,8080.28,5950.57,3.25,2.88,42.0,-0.397,19.39,21.02,01a59769o0750o
59769.603175,20.699,0.586,19,11,o,0,1.15,2.87006,35.973,8141.2,6023.72,2.9,2.82,44.9,-0.451,19.41,20.96,01a59769o0789o
59769.612984,20.073,0.417,34,14,o,0,1.21,2.87006,35.973,8158.55,5905.88,2.78,2.72,49.8,-0.47,19.29,20.48,01a59769o0810o
59770.550414,-23.879,9.778,-1,10,o,0,1.05,2.87006,35.973,2491.44,2592.01,2.25,1.94,34.5,-0.445,19.55,20.87,02a59770o0669o
59770.575626,-21.057,0.613,-14,8,o,0,1.64,2.87006,35.973,2513.44,2631.29,2.24,1.9,36.0,-0.445,19.58,20.97,02a59770o0718o
59770.578816,24.82,21.0,0,9,o,0,1.58,2.87006,35.973,2454.5,2551.88,2.17,1.9,38.1,-0.445,19.61,20.95,02a59770o0725o
59770.597727,21.478,1.12,9,10,o,0,1.16,2.87006,35.973,2435.57,2667.77,2.22,1.97,36.3,-0.442,19.55,20.94,02a59770o0766o
59771.584162,21.919,6.687,6,42,o,0,1.35,2.87006,35.973,2495.66,2595.8,2.21,2.02,39.2,-0.438,18.11,19.12,02a59771o0745o
59771.587701,-22.539,3.667,-4,13,o,0,1.45,2.87006,35.973,8093.26,5989.2,2.81,2.68,51.3,-0.463,19.33,20.68,01a59771o0734o
59771.587798,21.553,3.111,9,27,o,0,0.74,2.87006,35.973,2513.46,2635.11,2.19,2.03,38.7,-0.436,18.58,19.72,02a59771o0753o
59771.595538,-21.383,1.811,-10,18,o,0,1.18,2.87006,35.973,2456.06,2555.13,2.39,2.18,37.6,-0.423,18.93,20.12,02a59771o0770o
59771.611769,-22.308,3.652,-4,16,o,0,0.73,2.87006,35.973,8075.56,5945.93,2.97,2.68,39.0,-0.44,19.27,20.5,01a59771o0784o
59771.612187,20.976,1.0,15,15,o,0,1.15,2.87006,35.973,2441.6,2671.47,2.24,1.98,35.2,-0.434,19.08,20.06,02a59771o0805o
59771.613599,-23.003,6.083,-2,14,o,0,1.44,2.87006,35.973,8134.8,6022.65,2.89,2.7,39.9,-0.45,19.16,20.28,01a59771o0788o
59771.616338,20.503,0.792,23,18,o,0,1.06,2.87006,35.973,8152.16,5906.3,2.76,2.69,43.2,-0.473,18.99,19.98,01a59771o0794o
59772.548553,20.229,0.761,29,22,o,0,1.17,2.87006,35.973,8091.58,5999.31,2.77,2.68,70.1,-0.473,18.83,19.63,01a59772o0642o
59772.560396,-19.822,0.575,-43,25,o,0,1.0,2.87006,35.973,8074.62,5957.53,2.86,2.76,62.0,-0.467,18.84,19.68,01a59772o0667o
59772.567731,20.239,0.753,29,22,o,0,1.03,2.87006,35.973,8135.01,6034.93,2.85,2.77,73.6,-0.466,18.84,19.72,01a59772o0683o
59772.578368,20.262,0.675,28,19,o,0,1.11,2.87006,35.973,8152.87,5916.0,2.85,2.67,48.9,-0.461,18.93,19.83,01a59772o0706o
59775.55271,-21.234,2.058,-12,24,o,0,1.24,2.87006,35.973,8095.52,5996.65,3.22,3.04,49.2,-0.422,18.74,19.71,01a59775o0649o
59775.57661,-20.413,1.008,-25,25,o,0,0.84,2.87006,35.973,8077.75,5952.56,2.86,2.78,-75.1,-0.468,18.89,19.81,01a59775o0700o
59775.581382,20.066,0.667,34,23,o,0,1.15,2.87006,35.973,8136.62,6029.22,3.09,2.91,47.1,-0.433,18.86,19.82,01a59775o0709o
59775.600014,20.917,1.41,16,22,o,0,0.93,2.87006,35.973,8154.71,5908.85,2.94,2.73,35.5,-0.445,18.92,19.84,01a59775o0749o
59776.564563,21.116,1.692,13,22,o,0,1.03,2.87006,35.973,8566.85,3574.35,2.9,2.78,-64.8,-0.468,18.86,19.79,01a59776o0685o
59776.570061,-20.361,1.078,-26,28,o,0,0.81,2.87006,35.973,8546.59,3534.12,2.98,2.87,-60.3,-0.45,18.55,19.53,01a59776o0697o
59776.581286,0.0,20.434,0,24,o,0,0.8,2.87006,35.973,8606.96,3609.22,3.2,3.12,-60.4,-0.431,18.73,19.84,01a59776o0720o
59776.584392,21.028,1.348,14,19,o,0,1.36,2.87006,35.973,8625.41,3492.47,2.94,2.87,-54.5,-0.463,18.84,19.84,01a59776o0726o
59779.543283,-20.218,0.468,-30,14,o,0,1.39,2.87006,35.973,1960.9,8886.86,2.0,1.92,14.0,-0.448,19.21,19.92,02a59779o0425o
59779.547367,21.717,2.0,8,15,o,0,1.13,2.87006,35.973,1988.44,8930.28,2.1,2.02,20.9,-0.444,19.2,19.94,02a59779o0434o
59779.552804,20.239,0.509,29,15,o,0,1.23,2.87006,35.973,1930.08,8852.01,2.09,2.0,22.0,-0.442,19.15,19.91,02a59779o0446o
59779.563237,20.762,0.767,18,14,o,0,1.89,2.87006,35.973,1909.35,8969.42,2.05,1.96,29.5,-0.455,19.17,19.9,02a59779o0469o
59779.623351,-21.125,1.911,-13,25,o,0,0.99,2.87006,35.973,8630.75,1669.98,1.96,1.87,-47.1,-0.468,18.68,18.85,02a59779o0599o
59780.531817,-21.105,1.162,-13,15,o,0,1.26,2.87006,35.973,8569.51,3583.94,2.87,2.75,-63.4,-0.474,19.11,20.29,01a59780o0618o
59780.537767,20.196,0.47,30,14,o,0,1.19,2.87006,35.973,8550.97,3545.1,2.77,2.74,-80.9,-0.469,19.15,20.28,01a59780o0631o
59780.539588,-24.55,24.0,0,13,o,0,1.87,2.87006,35.973,8610.59,3621.18,2.8,2.7,-71.3,-0.474,19.17,20.28,01a59780o0635o
59780.550089,-19.602,0.344,-52,18,o,0,0.84,2.87006,35.973,8629.76,3503.22,2.78,2.69,-72.8,-0.477,19.14,20.24,01a59780o0658o
59783.545904,20.319,0.452,27,12,o,0,1.06,2.87006,35.973,1968.3,8894.4,1.99,1.92,-31.6,-0.46,19.53,20.69,02a59783o0665o
59783.54772,22.052,2.167,6,12,o,0,1.19,2.87006,35.973,1986.79,8933.75,2.0,1.96,-17.4,-0.455,19.52,20.68,02a59783o0669o
59783.550885,20.233,0.409,29,12,o,0,1.4,2.87006,35.973,1928.8,8853.12,2.0,1.92,-58.1,-0.46,19.54,20.68,02a59783o0676o
59783.557248,-21.437,1.511,-10,15,o,0,0.89,2.87006,35.973,1906.89,8971.46,2.06,1.93,-54.4,-0.464,19.5,20.66,02a59783o0690o
59783.563535,20.588,0.615,21,13,o,0,1.24,2.87006,35.973,8572.26,3572.05,2.99,2.85,-64.2,-0.457,19.32,20.83,01a59783o0698o
59783.566375,21.429,1.37,10,13,o,0,1.07,2.87006,35.973,8552.27,3532.39,3.05,2.91,-70.1,-0.46,19.3,20.83,01a59783o0704o
59783.574472,20.618,0.634,21,13,o,0,1.3,2.87006,35.973,8613.63,3608.78,2.99,2.83,-62.6,-0.46,19.29,20.8,01a59783o0721o
59783.599463,21.969,2.4,6,14,o,0,0.96,2.87006,35.973,8629.17,3485.35,2.92,2.83,-61.5,-0.461,19.39,20.87,01a59783o0774o
59785.592132,-20.997,0.932,-14,14,o,0,1.2,2.87006,35.973,10122.98,10311.75,3.52,3.18,45.0,-0.375,19.37,21.12,01a59785o0585o
59785.600745,20.673,0.584,20,11,o,0,1.23,2.87006,35.973,10147.37,10348.86,3.45,2.84,38.1,-0.398,19.44,21.14,01a59785o0603o
59785.615853,-20.829,0.789,-17,13,o,0,1.36,2.87006,35.973,10087.43,10273.84,3.44,2.91,38.9,-0.392,19.32,20.81,01a59785o0635o
59785.618876,22.61,4.188,3,14,o,0,1.29,2.87006,35.973,10072.58,10394.58,3.22,2.85,44.2,-0.395,19.25,20.46,01a59785o0641o
59786.514856,23.59,6.3,1,8,c,0,0.95,2.87006,35.973,8202.37,2306.38,2.42,2.31,-66.8,-0.409,19.69,21.48,02a59786o0596c
59786.529059,-23.674,6.556,-1,8,c,0,1.14,2.87006,35.973,8229.95,2347.93,2.47,2.36,-62.5,-0.402,19.67,21.42,02a59786o0624c
59786.552089,20.756,0.523,18,10,c,0,0.93,2.87006,35.973,8168.05,2273.45,2.53,2.4,-65.8,-0.402,19.67,21.39,02a59786o0671c
59786.556642,21.139,0.598,13,8,c,0,1.16,2.87006,35.973,8157.22,2390.81,2.41,2.32,-75.9,-0.404,19.67,21.42,02a59786o0680c
59787.508531,-23.848,12.6,-1,13,o,0,1.1,2.87006,35.973,10263.9,10330.1,3.14,2.94,77.8,-0.409,19.35,20.88,01a59787o0584o
59787.515602,19.792,0.296,44,13,o,0,1.33,2.87006,35.973,623.96,10470.18,2.89,2.43,-47.4,-0.536,19.43,20.88,01a59787o0599o
59787.516057,20.878,0.798,16,13,o,0,0.98,2.87006,35.973,10246.85,10286.37,3.01,2.82,86.0,-0.414,19.43,20.83,01a59787o0600o
59787.518334,20.85,0.853,17,14,o,0,0.95,2.87006,35.973,604.34,10432.34,2.8,2.35,-45.7,-0.56,19.41,20.88,01a59787o0605o
59787.541854,20.242,0.446,29,13,o,0,1.12,2.87006,35.973,10311.99,10357.06,3.42,3.22,71.1,-0.368,19.31,20.94,01a59787o0652o
59787.54281,-23.841,13.4,-1,14,o,0,1.07,2.87006,35.973,665.52,10503.05,3.11,2.71,-45.7,-0.52,19.3,20.98,01a59787o0654o
59787.549074,-21.107,0.974,-13,13,o,0,1.27,2.87006,35.973,685.81,10383.87,2.72,2.36,-46.4,-0.564,19.47,20.94,01a59787o0667o
59787.551872,-23.408,8.5,-2,13,o,0,0.74,2.87006,35.973,10329.55,10237.29,3.04,2.85,73.2,-0.413,19.45,20.91,01a59787o0673o
59788.503055,20.515,0.809,23,18,o,0,1.18,2.87006,35.973,444.87,222.1,2.93,2.69,-45.8,-0.621,19.43,20.88,01a59788o0560o
59788.503512,21.444,1.554,10,15,o,0,1.09,2.87006,35.973,621.0,10468.77,2.79,2.29,-44.8,-0.563,19.48,20.89,01a59788o0561o
59788.504879,-19.975,0.429,-37,16,o,0,1.09,2.87006,35.973,423.45,182.41,2.92,2.7,-45.4,-0.607,19.45,20.88,01a59788o0564o
59788.506247,23.171,7.545,2,15,o,0,0.92,2.87006,35.973,602.53,10430.35,2.9,2.35,-42.6,-0.547,19.46,20.88,01a59788o0567o
59788.507615,21.71,2.375,8,18,o,0,0.87,2.87006,35.973,486.22,258.95,2.95,2.73,-46.4,-0.61,19.43,20.85,01a59788o0570o
59788.508982,20.808,0.812,17,14,o,0,1.17,2.87006,35.973,660.76,10505.57,2.89,2.36,-42.7,-0.555,19.45,20.88,01a59788o0573o
59788.51217,20.826,0.724,17,12,o,0,1.25,2.87006,35.973,10267.0,10326.27,3.01,2.82,-84.4,-0.421,19.44,20.84,01a59788o0580o
59788.514447,20.455,0.582,24,14,o,0,0.85,2.87006,35.973,681.13,10386.64,2.88,2.38,-44.1,-0.541,19.47,20.92,01a59788o0585o
59788.514904,19.674,0.325,49,16,o,0,1.2,2.87006,35.973,503.53,140.14,2.95,2.75,-46.2,-0.601,19.42,20.9,01a59788o0586o
59788.51536,21.51,1.34,9,12,o,0,1.21,2.87006,35.973,10247.05,10283.83,2.99,2.79,-78.8,-0.426,19.44,20.88,01a59788o0587o
59788.518545,21.494,1.413,9,13,o,0,1.14,2.87006,35.973,10308.28,10363.84,3.06,2.88,89.3,-0.408,19.46,20.9,01a59788o0594o
59788.542579,-24.92,32.5,0,13,o,0,1.02,2.87006,35.973,10330.89,10241.83,3.04,2.84,66.7,-0.413,19.49,21.0,01a59788o0646o
59789.39989,-22.347,4.188,-4,18,o,0,1.5,2.87006,35.973,446.9,219.24,3.09,2.94,-61.8,-0.582,19.1,20.48,01a59789o0172o
59789.42446,20.704,0.969,19,18,o,0,1.13,2.87006,35.973,428.14,181.61,3.35,3.23,-60.6,-0.557,19.14,20.65,01a59789o0224o
59789.426285,-20.276,0.742,-28,21,o,0,0.97,2.87006,35.973,491.98,259.64,3.41,3.28,-45.7,-0.565,19.1,20.65,01a59789o0228o
59789.454915,-21.715,2.133,-8,16,o,0,1.01,2.87006,35.973,506.54,137.78,3.11,2.87,-40.1,-0.587,19.34,20.85,01a59789o0288o
59789.555648,-22.987,3.444,-2,8,c,0,1.26,2.87006,35.973,8204.59,2311.19,2.37,2.3,-76.2,-0.41,19.76,21.61,02a59789o0442c
59789.557458,-21.905,1.25,-6,8,c,0,1.14,2.87006,35.973,8225.82,2349.15,2.4,2.31,-70.6,-0.404,19.7,21.59,02a59789o0446c
59789.567782,0.0,21.808,0,7,c,0,1.56,2.87006,35.973,8172.85,2276.09,2.39,2.35,-52.7,-0.407,19.74,21.66,02a59789o0467c
59789.570946,21.653,1.049,8,8,c,0,1.01,2.87006,35.973,8156.34,2392.7,2.37,2.33,-78.6,-0.404,19.77,21.67,02a59789o0474c
59790.510363,20.657,0.409,20,8,c,0,1.4,2.87006,35.973,8207.74,2304.95,2.55,2.41,-64.4,-0.402,19.62,21.44,02a59790o0575c
59790.513075,22.072,1.615,5,9,c,0,1.15,2.87006,35.973,8227.74,2344.44,2.47,2.33,-66.4,-0.401,19.64,21.44,02a59790o0581c
59790.520589,-22.708,3.0,-3,9,c,0,0.75,2.87006,35.973,8171.73,2268.39,2.52,2.4,-65.9,-0.403,19.67,21.47,02a59790o0595c
59790.525695,22.908,3.588,2,9,c,0,1.06,2.87006,35.973,8152.51,2386.62,2.52,2.44,-73.4,-0.398,19.63,21.56,02a59790o0606c
59791.355082,-21.75,2.963,-7,22,o,0,1.21,2.87006,35.973,565.21,10474.06,3.47,2.82,-42.5,-0.471,18.93,20.24,01a59791o0245o
59791.358346,21.709,2.966,8,22,o,0,1.27,2.87006,35.973,547.15,10435.89,3.51,2.83,-40.2,-0.459,18.98,20.27,01a59791o0252o
59791.364818,-21.669,2.75,-8,22,o,0,0.74,2.87006,35.973,606.38,10511.25,3.27,2.74,-46.8,-0.483,19.05,20.38,01a59791o0266o
59791.374873,-21.418,1.921,-10,19,o,0,1.04,2.87006,35.973,630.11,10390.93,3.44,2.88,-44.9,-0.462,19.09,20.48,01a59791o0288o
59791.504202,23.239,7.25,2,13,o,0,0.93,2.87006,35.973,10265.99,10327.81,3.33,3.07,66.8,-0.4,19.36,20.94,01a59791o0552o
59791.50648,21.67,1.939,8,15,o,0,0.88,2.87006,35.973,10247.16,10287.32,3.44,3.16,59.4,-0.369,19.32,20.95,01a59791o0557o
59791.509213,20.805,0.737,17,13,o,0,1.39,2.87006,35.973,10307.43,10366.91,3.33,3.06,60.8,-0.396,19.36,20.96,01a59791o0563o
59791.513923,-21.899,2.538,-6,16,o,0,1.09,2.87006,35.973,443.02,223.83,3.09,2.99,-58.0,-0.571,19.33,21.01,01a59791o0573o
59791.514379,21.363,1.341,10,14,o,0,1.03,2.87006,35.973,10324.74,10246.91,3.39,3.16,62.6,-0.379,19.35,20.99,01a59791o0574o
59791.53811,20.386,0.549,25,14,o,0,1.39,2.87006,35.973,420.23,185.46,2.93,2.83,-61.5,-0.589,19.45,21.16,01a59791o0623o
59791.555527,-20.634,0.677,-20,14,o,0,1.14,2.87006,35.973,481.57,256.3,2.85,2.76,-33.7,-0.581,19.44,21.18,01a59791o0660o
59791.570612,-22.895,7.182,-2,18,o,0,0.69,2.87006,35.973,496.16,138.0,3.05,2.94,-69.8,-0.554,19.31,21.07,01a59791o0692o
59792.488371,20.307,0.556,27,15,o,0,1.27,2.87006,35.973,595.86,2182.56,2.8,2.63,-52.2,-0.554,19.37,20.74,01a59792o0517o
59792.491558,-23.296,8.333,-2,14,o,0,1.1,2.87006,35.973,574.49,2144.04,2.8,2.65,-49.9,-0.554,19.35,20.74,01a59792o0524o
59792.494289,21.379,1.491,10,15,o,0,0.86,2.87006,35.973,637.29,2219.58,2.79,2.67,-55.3,-0.546,19.35,20.75,01a59792o0530o
59792.518523,-22.634,4.5,-3,14,o,0,1.27,2.87006,35.973,656.16,2101.85,2.86,2.74,-46.9,-0.543,19.3,20.71,01a59792o0581o
59793.482924,23.603,7.125,1,9,c,0,1.05,2.87006,35.973,8202.7,2303.96,2.69,2.57,-62.3,-0.399,19.62,21.51,02a59793o0514c
59793.485685,-20.476,0.515,-23,12,c,0,0.92,2.87006,35.973,8221.37,2342.57,3.21,3.16,-36.1,-0.388,19.42,21.5,02a59793o0520c
59793.503134,21.58,0.982,8,8,c,0,1.44,2.87006,35.973,8166.34,2267.77,2.59,2.53,-62.6,-0.398,19.64,21.52,02a59793o0554c
59793.503356,-21.102,0.986,-13,13,o,0,1.58,2.87006,35.973,602.6,2179.16,2.8,2.56,-47.5,-0.558,19.35,20.75,01a59793o0587o
59793.505178,21.562,1.687,9,14,o,0,1.0,2.87006,35.973,580.86,2140.97,2.69,2.55,-54.6,-0.561,19.35,20.73,01a59793o0591o
59793.506297,21.043,0.622,14,9,c,0,1.33,2.87006,35.973,8145.92,2385.0,2.59,2.57,-56.8,-0.388,19.62,21.51,02a59793o0561c
59793.514835,20.072,0.439,34,15,o,0,1.06,2.87006,35.973,643.63,2215.91,2.6,2.55,-43.7,-0.553,19.39,20.75,01a59793o0612o
59793.525864,23.075,6.417,2,14,o,0,1.55,2.87006,35.973,659.46,2098.57,2.66,2.52,-47.1,-0.571,19.39,20.81,01a59793o0636o
59796.488231,-19.698,0.269,-48,13,o,0,1.06,2.87006,35.973,597.95,2183.39,3.2,3.0,-54.0,-0.51,19.4,21.16,01a59796o0486o
59796.490055,-19.555,0.272,-55,15,o,0,0.92,2.87006,35.973,576.01,2145.04,3.37,3.17,-52.4,-0.482,19.37,21.18,01a59796o0490o
59796.501236,20.613,0.635,21,13,o,0,1.27,2.87006,35.973,638.85,2222.1,3.22,3.06,-48.2,-0.502,19.38,21.23,01a59796o0514o
59796.519264,21.367,1.282,10,13,o,0,1.09,2.87006,35.973,657.48,2103.11,3.37,3.2,-39.0,-0.495,19.39,21.2,01a59796o0550o
59797.55955,-21.492,1.543,-9,14,o,0,0.88,2.87006,35.973,9951.75,8350.28,3.06,2.9,-66.1,-0.397,19.35,20.94,01a59797o0268o
59797.594965,-22.421,3.263,-4,13,o,0,0.91,2.87006,35.973,9982.52,8389.44,3.12,2.95,-64.2,-0.388,19.37,20.97,01a59797o0344o
59797.623227,23.668,13.833,1,17,o,0,0.99,2.87006,35.973,9927.73,8320.07,3.11,2.95,-68.3,-0.393,19.08,20.25,01a59797o0405o
59799.361066,19.816,0.654,43,28,o,0,1.08,2.87006,35.973,589.49,2185.08,2.75,2.62,-56.0,-0.562,18.64,19.58,01a59799o0265o
59799.364296,19.544,0.54,55,30,o,0,1.19,2.87006,35.973,566.76,2144.62,3.09,2.81,-49.0,-0.57,18.7,19.6,01a59799o0272o
59799.399854,20.075,0.723,34,24,o,0,1.12,2.87006,35.973,633.21,2218.91,3.03,2.77,-44.0,-0.559,18.84,19.84,01a59799o0347o
59799.405343,-20.274,0.833,-28,24,o,0,1.2,2.87006,35.973,651.25,2103.39,2.93,2.69,-46.7,-0.566,18.87,19.87,01a59799o0359o
59800.500301,-21.445,1.852,-10,18,o,0,0.94,2.87006,35.973,515.37,8513.53,2.73,2.37,-48.0,-0.483,19.08,20.13,01a59800o0566o
59800.531732,23.018,7.786,2,18,o,0,0.93,2.87006,35.973,497.57,8471.8,2.75,2.41,-46.9,-0.47,19.15,20.32,01a59800o0630o
59800.534017,23.747,13.286,1,15,o,0,1.13,2.87006,35.973,556.52,8546.88,2.8,2.45,-46.4,-0.466,19.15,20.37,01a59800o0635o
59800.537663,20.992,1.043,15,15,o,0,1.03,2.87006,35.973,574.38,8428.5,2.7,2.38,-50.5,-0.475,19.29,20.52,01a59800o0643o
59800.538574,-21.602,1.956,-8,16,o,0,0.78,2.87006,35.973,10295.69,8348.8,2.91,2.84,68.9,-0.392,19.28,20.52,01a59800o0645o
59800.540404,20.787,0.853,18,15,o,0,0.91,2.87006,35.973,10275.03,8309.5,2.93,2.84,71.3,-0.39,19.28,20.55,01a59800o0649o
59800.543154,20.564,0.661,22,14,o,0,1.01,2.87006,35.973,10334.86,8386.83,2.94,2.88,70.6,-0.384,19.27,20.57,01a59800o0655o
59800.563695,21.084,1.0,13,13,o,0,0.82,2.87006,35.973,10350.98,8265.3,2.94,2.88,75.6,-0.387,19.5,21.19,01a59800o0695o
59801.473569,-20.242,0.887,-29,26,o,0,0.94,2.87006,35.973,7852.49,6672.13,2.29,2.08,32.0,-0.44,18.89,19.53,02a59801o0508o
59801.475378,-19.936,0.629,-38,24,o,0,0.99,2.87006,35.973,7870.55,6710.89,2.41,2.08,33.9,-0.426,18.61,19.36,02a59801o0512o
59801.478549,-20.246,0.652,-29,19,o,0,1.31,2.87006,35.973,7813.3,6634.53,2.33,2.07,39.6,-0.436,18.88,19.56,02a59801o0519o
59801.491027,-21.23,1.419,-12,17,o,0,1.51,2.87006,35.973,7795.01,6751.32,2.33,2.11,35.6,-0.432,19.03,19.71,02a59801o0543o
59801.586221,20.924,1.139,16,18,o,0,1.26,2.87006,35.973,9994.63,2026.91,2.98,2.63,-55.9,-0.508,19.13,20.26,01a59801o0776o
59801.596796,21.334,1.543,11,16,o,0,1.15,2.87006,35.973,10016.9,2063.87,3.29,3.1,-30.4,-0.428,19.05,20.47,01a59801o0798o
59801.620425,21.874,2.32,6,15,o,0,1.41,2.87006,35.973,9965.07,1993.49,3.46,3.17,-52.7,-0.452,19.18,20.89,01a59801o0848o
59801.62613,-19.369,0.341,-65,22,o,0,0.97,2.87006,35.973,9949.55,2110.51,3.36,3.0,-56.6,-0.467,18.84,20.0,01a59801o0859o
59803.514406,19.562,0.763,54,41,o,0,1.27,2.87006,35.973,517.28,8511.48,2.84,2.47,-46.3,-0.466,18.47,18.93,01a59803o0541o
59803.516234,20.42,1.673,25,41,o,0,1.01,2.87006,35.973,497.35,8472.22,2.8,2.49,-49.0,-0.462,18.47,18.97,01a59803o0545o
59803.518993,-21.16,3.194,-12,40,o,0,1.1,2.87006,35.973,556.21,8547.64,2.86,2.55,-51.0,-0.45,18.44,18.94,01a59803o0551o
59803.522645,19.881,0.934,40,38,o,0,0.87,2.87006,35.973,10295.59,8350.93,2.96,2.85,57.7,-0.388,18.56,19.06,01a59803o0559o
59803.524467,-22.609,10.85,-3,36,o,0,1.06,2.87006,35.973,574.23,8427.84,2.76,2.47,-51.3,-0.46,18.53,19.03,01a59803o0563o
59803.525378,-20.21,1.163,-30,35,o,0,1.2,2.87006,35.973,10274.93,8310.73,3.03,2.89,51.1,-0.378,18.53,19.08,01a59803o0565o
59803.549593,-21.341,2.945,-11,31,o,0,1.71,2.87006,35.973,10335.89,8384.22,3.0,2.88,48.4,-0.376,18.58,19.11,01a59803o0615o
59803.557109,19.497,0.622,58,36,o,0,1.02,2.87006,35.973,10351.93,8265.67,2.92,2.8,57.0,-0.381,18.65,19.14,01a59803o0631o
59803.59289,-19.378,0.418,-64,27,o,0,1.01,2.87006,35.973,4668.14,3788.27,2.94,2.15,30.2,-0.435,18.66,19.14,02a59803o0789o
59803.617929,-20.804,1.49,-17,26,o,0,1.03,2.87006,35.973,4646.92,3749.48,3.15,2.23,35.3,-0.43,18.62,19.13,02a59803o0843o
59803.623678,-22.176,4.784,-5,23,o,0,1.02,2.87006,35.973,4707.35,3829.02,2.54,1.97,30.7,-0.45,18.69,19.02,02a59803o0855o
59803.626689,22.685,9.0,3,28,o,0,0.91,2.87006,35.973,4726.75,3712.88,2.61,2.05,32.3,-0.442,18.55,18.91,02a59803o0861o
59804.470911,20.531,1.185,22,26,o,0,1.26,2.87006,35.973,511.62,8513.78,2.93,2.6,-49.3,-0.448,18.64,19.31,01a59804o0509o
59804.474386,20.341,1.006,26,27,o,0,1.46,2.87006,35.973,493.37,8476.64,2.84,2.52,-51.7,-0.456,18.67,19.32,01a59804o0516o
59804.477571,-21.098,2.055,-13,27,o,0,0.85,2.87006,35.973,551.16,8549.89,2.93,2.63,-50.6,-0.452,18.64,19.32,01a59804o0523o
59804.478935,20.854,1.534,16,25,o,0,1.25,2.87006,35.973,10288.75,8362.54,2.97,2.82,61.0,-0.388,18.67,19.32,01a59804o0526o
59804.490508,-19.597,0.474,-53,25,o,0,1.16,2.87006,35.973,570.69,8431.36,2.83,2.54,-54.0,-0.457,18.67,19.31,01a59804o0551o
59804.49142,20.803,1.506,17,26,o,0,1.39,2.87006,35.973,10270.4,8321.28,3.08,2.92,58.1,-0.375,18.67,19.34,01a59804o0553o
59804.510181,-20.782,1.545,-18,27,o,0,0.93,2.87006,35.973,10332.47,8395.93,3.2,2.86,39.8,-0.371,18.66,19.39,01a59804o0592o
59804.516639,21.093,2.029,13,27,o,0,1.18,2.87006,35.973,10350.07,8275.07,2.98,2.86,57.2,-0.386,18.76,19.4,01a59804o0606o
59805.55388,-19.086,0.251,-84,21,o,0,0.91,2.87006,35.973,4677.06,3788.57,2.39,1.84,33.5,-0.454,18.9,19.31,02a59805o0704o
59805.557451,-19.379,0.302,-64,19,o,0,0.94,2.87006,35.973,4658.08,3752.22,2.42,1.86,31.4,-0.451,18.88,19.32,02a59805o0710o
59805.592993,21.399,2.179,10,22,o,0,1.14,2.87006,35.973,4710.56,3827.8,2.41,1.9,35.0,-0.451,18.9,19.32,02a59805o0784o
59805.620562,19.513,0.352,57,20,o,0,1.4,2.87006,35.973,4729.81,3712.74,2.43,1.93,34.3,-0.452,18.85,19.26,02a59805o0841o
59806.489764,-20.147,0.634,-32,20,o,0,0.97,2.87006,35.973,5908.24,6786.09,2.45,1.92,36.4,-0.438,18.96,19.42,02a59806o0525o
59806.492116,-21.526,2.042,-9,18,o,0,1.36,2.87006,35.973,5926.9,6825.21,2.48,1.94,34.3,-0.436,18.96,19.43,02a59806o0530o
59806.495287,-20.229,0.65,-29,19,o,0,0.97,2.87006,35.973,5868.66,6748.86,2.55,2.01,35.8,-0.427,18.93,19.43,02a59806o0537o
59806.508779,-24.225,27.833,-1,21,o,0,1.04,2.87006,35.973,5850.54,6866.76,2.52,1.93,37.8,-0.434,18.97,19.43,02a59806o0563o
59806.634991,19.963,1.4,38,53,o,0,0.87,2.87006,35.973,4693.87,3770.95,2.48,1.92,34.6,-0.459,18.03,17.81,02a59806o0828o
59807.478156,22.332,5.222,4,22,o,0,1.06,2.87006,35.973,514.18,8509.78,2.71,2.37,-49.9,-0.482,18.89,19.63,01a59807o0530o
59807.479975,21.355,2.194,10,23,o,0,0.92,2.87006,35.973,494.53,8471.48,2.68,2.37,-51.2,-0.485,18.9,19.62,01a59807o0534o
59807.487687,-21.25,2.0,-12,23,o,0,1.07,2.87006,35.973,554.65,8546.81,2.71,2.42,-48.1,-0.482,18.85,19.62,01a59807o0550o
59807.489072,-20.889,1.435,-16,23,o,0,0.96,2.87006,35.973,10292.56,8355.23,2.95,2.83,63.6,-0.388,18.82,19.53,01a59807o0553o
59807.49144,23.224,13.6,2,25,o,0,1.02,2.87006,35.973,10271.85,8314.88,2.92,2.8,75.4,-0.397,18.83,19.53,01a59807o0558o
59807.513017,-19.401,0.318,-63,20,o,0,1.26,2.87006,35.973,575.19,8425.54,2.69,2.5,-66.0,-0.462,18.86,19.63,01a59807o0601o
59807.514388,-20.641,1.123,-20,23,o,0,1.08,2.87006,35.973,10335.59,8388.24,3.01,2.84,48.9,-0.377,18.84,19.53,01a59807o0604o
59807.519401,-21.53,2.646,-9,24,o,0,1.12,2.87006,35.973,10352.11,8269.54,2.93,2.82,50.1,-0.388,18.85,19.53,01a59807o0615o
59808.54554,21.549,1.977,9,17,o,0,1.28,2.87006,35.973,9793.61,6412.0,2.92,2.83,-71.9,-0.458,19.08,20.14,01a59808o0599o
59808.54873,23.018,8.5,2,19,o,0,1.1,2.87006,35.973,9815.85,6449.99,2.83,2.75,-58.6,-0.463,19.11,20.13,01a59808o0606o
59808.554379,20.771,1.085,18,19,o,0,0.99,2.87006,35.973,9756.61,6375.0,2.87,2.75,-60.8,-0.462,19.08,20.09,01a59808o0618o
59808.564708,20.804,1.056,17,18,o,0,1.11,2.87006,35.973,9742.74,6492.09,2.86,2.79,-54.6,-0.467,19.1,20.15,01a59808o0640o
59809.444475,-20.405,0.442,-25,11,o,0,1.44,2.87006,35.973,5900.68,6785.1,2.34,1.9,38.5,-0.442,19.46,20.47,02a59809o0454o
59809.446284,-20.786,0.682,-18,12,o,0,1.48,2.87006,35.973,5920.28,6823.57,2.32,1.89,35.9,-0.447,19.44,20.47,02a59809o0458o
59809.449517,-20.695,0.727,-19,14,o,0,1.02,2.87006,35.973,5861.11,6745.91,2.39,1.92,39.0,-0.444,19.4,20.39,02a59809o0465o
59809.455395,-20.343,0.5,-26,13,o,0,1.28,2.87006,35.973,5841.54,6862.79,2.33,1.91,39.5,-0.446,19.42,20.37,02a59809o0478o
59810.540003,23.317,6.4,2,11,o,0,1.03,2.87006,35.973,6616.43,1759.39,2.29,1.98,32.9,-0.427,19.43,20.7,02a59810o0668o
59810.546296,-21.401,1.071,-10,11,o,0,1.27,2.87006,35.973,6595.66,1721.26,2.34,2.01,32.9,-0.419,19.43,20.69,02a59810o0681o
59810.568938,24.601,20.4,0,11,o,0,1.01,2.87006,35.973,6657.74,1801.02,2.17,1.91,39.7,-0.431,19.46,20.69,02a59810o0727o
59810.574959,24.843,26.0,0,11,o,0,0.97,2.87006,35.973,6678.02,1684.17,2.19,1.89,32.9,-0.435,19.47,20.68,02a59810o0740o
59811.447674,-20.591,0.555,-21,12,o,0,1.83,2.87006,35.973,3953.96,8814.73,2.5,2.22,21.8,-0.397,19.41,20.79,02a59811o0475o
59811.449489,-20.951,0.878,-15,13,o,0,1.08,2.87006,35.973,3973.3,8854.7,2.43,2.19,30.8,-0.403,19.48,20.79,02a59811o0479o
59811.470045,22.145,2.068,5,10,o,0,1.81,2.87006,35.973,3920.09,8780.85,2.25,2.04,39.2,-0.417,19.5,20.72,02a59811o0524o
59811.475494,22.351,2.879,4,12,o,0,1.68,2.87006,35.973,3900.52,8898.27,2.34,2.18,36.8,-0.411,19.44,20.7,02a59811o0536o
59811.525109,20.937,0.985,15,15,o,0,1.25,2.87006,35.973,9790.71,6408.64,3.39,3.09,29.4,-0.405,19.18,20.64,01a59811o0642o
59811.528454,20.941,1.013,15,16,o,0,0.92,2.87006,35.973,9812.63,6446.81,3.14,2.79,26.2,-0.423,19.25,20.66,01a59811o0649o
59811.558578,-21.415,1.383,-10,14,o,0,1.21,2.87006,35.973,9760.39,6372.75,3.21,2.87,25.9,-0.415,19.25,20.66,01a59811o0712o
59811.570634,-21.952,2.667,-6,16,o,0,0.91,2.87006,35.973,9746.06,6491.52,3.15,2.8,25.4,-0.419,19.24,20.61,01a59811o0738o
59812.540383,-22.297,2.909,-4,13,o,0,1.4,2.87006,35.973,9798.26,6409.85,3.08,2.81,30.1,-0.426,19.36,20.92,01a59812o0677o
59812.544097,-21.108,1.138,-13,15,o,0,1.11,2.87006,35.973,9820.49,6447.42,3.11,2.83,27.2,-0.424,19.3,20.93,01a59812o0685o
59812.55239,-21.106,1.03,-13,14,o,0,0.9,2.87006,35.973,9761.07,6371.92,3.07,2.76,23.9,-0.428,19.39,20.95,01a59812o0703o
59812.578358,21.181,1.119,12,14,o,0,0.98,2.87006,35.973,9751.73,6493.05,3.19,2.84,27.8,-0.416,19.37,20.99,01a59812o0756o
59813.526182,22.227,2.206,5,10,o,0,1.34,2.87006,35.973,6624.9,1755.41,2.37,2.34,-42.3,-0.41,19.4,20.89,02a59813o0612o
59813.529148,23.22,6.9,2,13,o,0,1.06,2.87006,35.973,6606.04,1718.97,2.79,2.74,-24.2,-0.406,19.24,20.88,02a59813o0618o
59813.535234,21.026,0.716,14,10,o,0,1.55,2.87006,35.973,6665.39,1796.11,2.59,2.53,2.3,-0.401,19.29,20.89,02a59813o0631o
59813.564783,-24.667,32.5,0,16,o,0,0.97,2.87006,35.973,6679.92,1680.93,3.25,3.07,-65.6,-0.414,19.11,20.89,02a59813o0693o
59815.528197,-20.862,0.868,-16,14,o,0,1.14,2.87006,35.973,9797.6,6409.9,3.23,2.93,24.2,-0.413,19.23,20.71,01a59815o0709o
59815.534286,20.178,0.497,31,15,o,0,1.22,2.87006,35.973,9820.42,6447.25,3.19,2.96,26.7,-0.416,19.25,20.74,01a59815o0722o
59815.570065,-22.588,3.875,-3,13,o,0,1.17,2.87006,35.973,9768.33,6376.03,3.19,2.9,28.5,-0.406,19.32,20.82,01a59815o0798o
59815.594859,-19.469,0.213,-59,13,o,0,1.37,2.87006,35.973,9758.12,6500.23,3.19,2.95,32.0,-0.407,19.25,20.72,01a59815o0851o
59816.523425,25.726,72.0,0,13,o,0,0.92,2.87006,35.973,4183.99,591.92,2.93,2.75,49.3,-0.434,19.32,20.86,01a59816o0625o
59816.527112,-22.403,3.19,-4,13,o,0,1.16,2.87006,35.973,4205.39,630.27,2.93,2.79,48.1,-0.437,19.32,20.81,01a59816o0633o
59816.561758,-23.904,12.0,-1,12,o,0,1.16,2.87006,35.973,4156.38,554.49,3.03,2.89,47.3,-0.424,19.22,20.72,01a59816o0707o
59816.568586,-22.369,3.0,-4,12,o,0,1.31,2.87006,35.973,4143.01,671.15,2.91,2.76,45.9,-0.436,19.32,20.81,01a59816o0721o
59817.483836,22.858,4.235,3,11,c,0,1.19,2.87006,35.973,3964.83,8817.21,2.68,2.46,35.9,-0.399,19.59,21.55,02a59817o0524c
59817.504752,22.444,2.731,4,10,c,0,1.58,2.87006,35.973,3985.56,8861.01,2.63,2.39,29.7,-0.4,19.61,21.52,02a59817o0567c
59817.517423,-21.788,1.396,-7,10,c,0,1.04,2.87006,35.973,6650.27,1794.96,2.42,2.34,38.8,-0.404,19.59,21.52,02a59817o0594c
59817.541763,23.374,6.909,2,11,c,0,0.7,2.87006,35.973,6667.91,1676.83,2.56,2.47,33.5,-0.404,19.53,21.47,02a59817o0644c
59818.579043,21.197,0.946,12,11,c,0,0.59,2.87006,35.973,6142.45,6118.54,2.8,2.49,35.0,-0.393,19.56,21.65,02a59818o0223c
59818.582223,-21.031,0.75,-14,10,c,0,0.93,2.87006,35.973,6123.46,6079.85,2.7,2.4,33.3,-0.399,19.61,21.67,02a59818o0230c
59818.590494,24.09,11.0,1,9,c,0,1.11,2.87006,35.973,6180.75,6158.18,2.88,2.5,34.4,-0.387,19.57,21.69,02a59818o0248c
59818.609983,-22.462,2.217,-4,8,c,0,1.46,2.87006,35.973,6199.61,6040.95,2.79,2.48,32.3,-0.392,19.6,21.69,02a59818o0290c
59819.508195,-22.85,4.267,-3,11,o,0,1.02,2.87006,35.973,4182.38,587.49,2.82,2.67,45.4,-0.445,19.46,21.12,01a59819o0620o
59819.533041,-24.919,28.0,0,11,o,0,1.51,2.87006,35.973,4207.45,627.71,3.01,2.84,43.8,-0.425,19.36,21.13,01a59819o0671o
59819.545541,-22.065,2.259,-5,12,o,0,1.04,2.87006,35.973,4153.53,551.4,3.04,2.9,35.3,-0.421,19.37,21.14,01a59819o0698o
59819.549353,22.973,4.231,2,10,o,0,1.36,2.87006,35.973,4137.95,668.22,2.9,2.69,39.8,-0.436,19.39,21.12,01a59819o0706o
59820.41212,20.796,0.868,17,15,o,0,1.09,2.87006,35.973,6297.67,9996.44,3.27,2.96,56.6,-0.437,19.28,20.83,01a59820o0374o
59820.413943,-21.72,2.138,-7,16,o,0,1.12,2.87006,35.973,6278.06,9957.43,3.37,3.24,63.1,-0.43,19.21,20.81,01a59820o0378o
59820.417131,25.496,61.0,0,14,o,0,1.28,2.87006,35.973,6337.57,10035.29,3.33,2.95,50.8,-0.431,19.29,20.81,01a59820o0385o
59820.443632,21.533,1.548,9,14,o,0,1.35,2.87006,35.973,6362.02,9911.63,3.15,2.82,51.9,-0.447,19.33,20.84,01a59820o0436o
59821.523512,-20.822,0.67,-17,11,c,0,79.61,2.87006,35.973,6144.72,6114.49,2.76,2.35,30.6,-0.392,19.64,21.76,02a59821o0654c
59821.527176,-23.82,10.0,-1,11,c,0,0.83,2.87006,35.973,6126.55,6077.83,2.98,2.54,34.2,-0.399,19.59,21.77,02a59821o0662c
59821.559734,20.326,0.306,27,8,c,0,1.19,2.87006,35.973,6178.15,6155.96,2.72,2.32,32.6,-0.403,19.69,21.78,02a59821o0731c
59821.573525,20.537,0.365,22,8,c,0,1.55,2.87006,35.973,6199.92,6037.9,2.65,2.24,34.6,-0.404,19.71,21.75,02a59821o0757c
59822.462681,-19.456,0.146,-60,9,c,0,1.42,2.87006,35.973,4436.6,4459.37,2.65,2.28,36.6,-0.406,19.64,21.62,02a59822o0513c
59822.464489,-19.127,0.099,-81,8,c,0,1.0,2.87006,35.973,4456.52,4498.82,2.67,2.29,36.2,-0.404,19.66,21.62,02a59822o0517c
59822.467651,-19.418,0.136,-62,8,c,0,1.03,2.87006,35.973,4399.16,4421.01,2.62,2.28,37.0,-0.407,19.64,21.61,02a59822o0524c
59822.480031,-21.521,1.164,-9,10,c,0,0.91,2.87006,35.973,4383.67,4537.18,2.66,2.34,37.2,-0.404,19.62,21.53,02a59822o0550c
59823.496611,-22.85,4.571,-3,12,o,0,1.16,2.87006,35.973,4178.13,586.67,2.9,2.76,46.0,-0.438,19.39,21.05,01a59823o0586o
59823.50005,-24.898,33.0,0,13,o,0,1.12,2.87006,35.973,4199.34,624.84,2.99,2.85,45.6,-0.433,19.3,21.05,01a59823o0593o
59823.534668,-21.526,1.34,-9,12,o,0,1.08,2.87006,35.973,4147.17,550.56,2.92,2.79,49.2,-0.432,19.34,21.07,01a59823o0666o
59823.54029,-23.106,5.273,-2,11,o,0,1.14,2.87006,35.973,4134.36,670.14,2.92,2.75,52.0,-0.437,19.39,21.08,01a59823o0677o
59824.496211,22.14,2.192,5,11,o,0,1.47,2.87006,35.973,3917.46,6899.36,3.03,2.79,46.1,-0.42,19.35,20.91,01a59824o0595o
59824.502239,20.497,0.516,23,12,o,0,0.97,2.87006,35.973,3939.62,6940.77,2.87,2.66,37.0,-0.437,19.39,20.9,01a59824o0607o
59824.505228,21.402,1.0,10,10,o,0,1.55,2.87006,35.973,3879.64,6862.45,2.96,2.74,39.9,-0.428,19.34,20.91,01a59824o0613o
59824.540041,-22.272,3.261,-4,15,o,0,0.84,2.87006,35.973,3873.95,6983.95,3.0,2.78,39.0,-0.426,19.34,20.89,01a59824o0686o
59827.586636,-21.124,1.25,-13,16,o,0,0.94,2.87006,35.973,3938.52,6907.95,3.85,3.74,63.5,-0.38,19.08,20.93,01a59827o0795o
59827.589905,22.747,5.889,3,17,o,0,0.92,2.87006,35.973,3960.24,6946.78,3.92,3.81,53.2,-0.344,19.03,20.91,01a59827o0802o
59827.611185,-19.312,0.222,-68,15,o,0,0.88,2.87006,35.973,3902.55,6872.72,3.68,3.58,53.5,-0.37,19.03,20.88,01a59827o0845o
59827.616659,-19.959,0.435,-38,16,o,0,1.1,2.87006,35.973,3888.05,6989.26,4.09,3.97,51.7,-0.336,18.92,20.81,01a59827o0855o
59828.446506,20.288,0.643,28,18,o,0,0.98,2.87006,35.973,6624.74,3675.2,3.47,3.19,39.7,-0.401,18.96,20.31,01a59828o0394o
59828.450641,-21.646,2.241,-8,18,o,0,1.02,2.87006,35.973,6604.45,3636.21,3.63,3.39,35.6,-0.391,18.93,20.32,01a59828o0403o
59828.454756,20.085,0.63,34,21,o,0,0.87,2.87006,35.973,6664.05,3711.72,4.02,3.83,29.3,-0.368,18.75,20.32,01a59828o0412o
59828.47578,-20.122,0.659,-32,21,o,0,1.02,2.87006,35.973,3852.19,6977.51,4.31,4.17,27.9,-0.344,18.69,20.37,01a59828o0453o
59829.41659,-20.882,1.528,-16,25,o,0,0.88,2.87006,35.973,6630.22,3679.37,3.82,3.6,42.0,-0.372,18.68,19.9,01a59829o0443o
59829.418413,-20.988,1.462,-15,21,o,0,1.08,2.87006,35.973,6610.46,3640.08,3.63,3.44,42.2,-0.39,18.73,19.92,01a59829o0447o
59829.421689,-19.896,0.611,-40,24,o,0,1.03,2.87006,35.973,6671.18,3716.57,4.23,4.01,47.2,-0.36,18.51,19.89,01a59829o0454o
59829.430878,-21.149,2.25,-13,28,o,0,1.03,2.87006,35.973,6688.88,3598.66,4.68,4.5,42.0,-0.333,18.41,19.89,01a59829o0474o
59831.443399,20.722,1.21,19,23,o,0,1.0,2.87006,35.973,6667.21,3783.32,3.24,2.72,-60.9,-0.404,18.64,19.38,01a59831o0356o
59831.445284,-20.309,0.778,-27,21,o,0,1.39,2.87006,35.973,6647.77,3744.04,3.55,2.97,-55.4,-0.363,18.58,19.38,01a59831o0360o
59831.448583,-21.027,1.196,-14,17,o,0,1.26,2.87006,35.973,6706.6,3821.57,2.75,2.25,-54.6,-0.458,18.83,19.39,01a59831o0367o
59831.474468,21.585,2.122,8,18,o,0,1.2,2.87006,35.973,6724.69,3701.76,2.52,2.07,-52.6,-0.487,18.93,19.38,01a59831o0418o
59832.486402,-20.548,1.026,-22,22,o,0,1.9,2.87006,35.973,8050.34,399.04,2.33,2.12,-48.7,-0.495,18.77,18.86,01a59832o0296o
59832.489638,19.599,0.397,52,21,o,0,2.13,2.87006,35.973,8069.48,437.98,2.32,2.08,-51.3,-0.491,18.77,18.85,01a59832o0303o
59832.502842,20.313,1.004,27,27,o,0,0.74,2.87006,35.973,8014.82,361.42,2.41,2.12,-48.8,-0.478,18.8,18.91,01a59832o0330o
59832.50845,-19.652,0.59,-50,30,o,0,0.77,2.87006,35.973,7997.23,480.11,2.29,2.08,-49.1,-0.495,18.77,18.86,01a59832o0342o
59833.489069,18.236,1.568,184,289,o,0,0.76,2.87006,35.973,4311.68,10099.18,2.06,2.05,-25.9,-0.425,16.55,16.07,02a59833o0592o
59833.492272,19.136,1.556,80,125,o,0,0.71,2.87006,35.973,4292.0,10059.0,2.05,1.97,-65.7,-0.455,17.37,17.06,02a59833o0599o
59834.578979,-20.253,3.44,-29,99,o,0,1.1,2.87006,35.973,4241.57,8113.18,2.73,2.24,30.0,-0.404,17.66,18.06,02a59834o0519o
59834.610055,19.496,10.199,58,589,o,0,0.73,2.87006,35.973,4316.85,8074.87,2.55,2.05,35.2,-0.472,16.83,17.74,02a59834o0585o
59835.505367,24.45,31.333,1,19,o,0,1.1,2.87006,35.973,8051.08,398.12,2.19,1.98,-42.4,-0.489,19.07,19.41,01a59835o0636o
59835.508138,20.011,0.598,36,22,o,0,0.86,2.87006,35.973,8070.5,438.07,2.19,1.99,-51.1,-0.492,19.07,19.4,01a59835o0642o
59835.518707,22.583,4.818,3,16,o,0,1.73,2.87006,35.973,8016.83,360.96,2.24,2.01,-50.1,-0.482,19.05,19.38,01a59835o0664o
59835.527944,20.56,0.845,22,18,o,0,0.93,2.87006,35.973,8000.16,479.95,2.26,2.05,-50.7,-0.489,19.02,19.36,01a59835o0683o
59836.466628,-20.353,0.63,-26,16,o,0,1.01,2.87006,35.973,8161.71,392.53,2.28,2.1,-52.6,-0.468,19.28,19.98,01a59836o0541o
59836.482054,-21.539,2.224,-9,20,o,0,0.68,2.87006,35.973,8192.37,431.99,2.38,2.18,-50.7,-0.468,19.2,19.87,01a59836o0573o
59836.493319,-24.138,22.167,-1,18,o,0,1.32,2.87006,35.973,8142.04,354.54,2.66,2.36,-54.3,-0.453,19.11,19.79,01a59836o0596o
59836.496573,21.396,1.626,10,16,o,0,1.55,2.87006,35.973,8125.69,474.47,2.32,2.13,-44.5,-0.469,19.2,19.79,01a59836o0603o
59837.541675,22.92,7.3,2,18,o,0,1.13,2.87006,35.973,4262.36,8155.45,2.5,1.99,31.1,-0.399,19.11,19.82,02a59837o0698o
59837.544856,20.668,1.132,20,22,o,0,1.38,2.87006,35.973,4243.16,8116.38,2.51,1.99,32.5,-0.397,19.1,19.77,02a59837o0705o
59837.553845,-20.014,0.646,-36,23,o,0,0.82,2.87006,35.973,4299.24,8192.25,2.58,2.02,34.5,-0.403,19.08,19.75,02a59837o0724o
59837.567782,20.825,1.147,17,20,o,0,1.33,2.87006,35.973,4321.32,8075.49,2.61,2.03,34.8,-0.391,19.06,19.7,02a59837o0754o
59838.455265,-21.783,2.344,-7,16,o,0,1.09,2.87006,35.973,4270.98,8159.26,2.24,2.02,30.1,-0.428,19.34,20.35,02a59838o0501o
59838.462233,-21.802,2.556,-7,18,o,0,1.03,2.87006,35.973,4251.66,8121.92,2.39,2.12,32.4,-0.42,19.27,20.32,02a59838o0514o
59838.472006,-21.374,1.542,-10,16,o,0,1.19,2.87006,35.973,4306.1,8199.35,2.35,2.08,30.4,-0.42,19.33,20.39,02a59838o0534o
59838.477601,-23.661,13.0,-1,16,o,0,1.03,2.87006,35.973,4322.16,8076.16,2.34,2.11,35.8,-0.424,19.3,20.38,02a59838o0545o
59839.473881,-20.929,0.606,-15,9,o,0,1.05,2.87006,35.973,9340.03,349.6,2.28,1.93,-54.9,-0.466,19.66,20.78,01a59839o0545o
59839.482727,20.716,0.549,19,10,o,0,1.25,2.87006,35.973,9361.39,390.27,2.29,2.04,-49.4,-0.457,19.61,20.76,01a59839o0564o
59839.505756,-21.427,1.327,-10,13,o,0,0.99,2.87006,35.973,9311.55,316.78,2.29,2.01,-51.3,-0.461,19.64,20.77,01a59839o0611o
59839.509082,-22.593,3.065,-3,10,o,0,1.92,2.87006,35.973,9291.6,436.14,2.41,2.15,-52.2,-0.449,19.55,20.75,01a59839o0618o
59840.421544,-22.905,3.333,-2,8,o,0,1.02,2.87006,35.973,2980.04,6307.24,2.43,2.11,44.6,-0.414,19.73,21.05,01a59840o0434o
59840.424327,21.526,1.14,9,10,o,0,0.73,2.87006,35.973,2960.82,6266.62,2.41,2.11,41.4,-0.412,19.72,21.05,01a59840o0440o
59840.427099,-22.516,2.057,-4,7,o,0,1.76,2.87006,35.973,3018.38,6342.53,2.39,2.11,44.6,-0.415,19.75,21.06,01a59840o0446o
59840.432174,21.748,1.286,7,9,o,0,0.93,2.87006,35.973,3038.22,6227.35,2.4,2.11,40.7,-0.416,19.71,21.02,01a59840o0457o
59841.451417,21.462,1.337,9,13,o,0,0.87,2.87006,35.973,4271.99,8153.39,2.25,2.01,27.9,-0.425,19.57,20.99,02a59841o0528o
59841.454581,-24.387,20.833,-1,13,o,0,0.99,2.87006,35.973,4252.53,8114.21,2.15,1.95,27.4,-0.429,19.61,20.97,02a59841o0535o
59841.462978,20.899,0.662,16,10,o,0,1.76,2.87006,35.973,4306.06,8188.13,2.26,2.01,30.6,-0.423,19.58,20.94,02a59841o0553o
59841.473374,21.684,1.691,8,13,o,0,0.99,2.87006,35.973,4326.2,8074.95,2.28,1.97,28.8,-0.422,19.56,20.91,02a59841o0576o
59841.604199,-19.98,0.308,-37,11,o,0,1.53,2.87006,35.973,8045.16,5798.26,2.83,2.44,31.3,-0.401,19.25,20.62,02a59841o0838o
59841.6045,-23.759,8.667,-1,10,o,0,1.26,2.87006,35.973,3765.17,4896.05,2.54,2.35,37.1,-0.411,19.48,20.69,01a59841o0849o
59841.604962,-21.3,1.042,-11,11,o,0,1.34,2.87006,35.973,3784.97,4934.92,2.98,2.53,39.1,-0.37,19.4,20.69,01a59841o0850o
59841.605423,-18.01,0.044,-227,10,o,0,869.23,2.87006,35.973,3727.1,4857.4,2.75,2.41,36.9,-0.39,19.44,20.68,01a59841o0851o
59841.605886,-21.595,1.333,-8,11,o,0,1.34,2.87006,35.973,3708.51,4973.23,2.78,2.43,36.8,-0.39,19.43,20.68,01a59841o0852o
59841.606349,22.417,2.964,4,12,o,0,1.18,2.87006,35.973,3747.08,4915.69,2.79,2.44,37.2,-0.388,19.44,20.68,01a59841o0853o
59841.611463,-22.374,3.778,-4,15,o,0,1.21,2.87006,35.973,8032.63,5760.97,3.1,2.86,30.6,-0.396,19.09,20.57,02a59841o0850o
59841.611915,-20.961,1.25,-15,19,o,0,1.03,2.87006,35.973,8090.5,5840.14,3.28,3.03,26.9,-0.384,19.02,20.57,02a59841o0851o
59841.612367,-21.274,1.774,-11,20,o,0,1.18,2.87006,35.973,8109.84,5724.42,3.9,3.64,14.3,-0.399,18.8,20.57,02a59841o0852o
59841.612819,19.721,0.425,47,20,o,0,0.89,2.87006,35.973,8070.97,5781.91,3.33,3.08,21.8,-0.393,19.0,20.57,02a59841o0853o
59841.637343,19.102,0.333,83,28,o,0,1.25,2.87006,35.973,3626.6,4979.24,2.78,2.5,32.5,-0.394,18.48,18.75,01a59841o0917o
59841.640171,19.689,0.824,48,40,o,0,1.02,2.87006,35.973,8195.56,5722.69,2.88,2.66,25.1,-0.387,18.12,18.39,02a59841o0904o
59842.448987,-20.544,0.511,-22,11,o,0,1.37,2.87006,35.973,6177.95,8061.86,2.4,1.98,33.2,-0.431,19.53,20.82,02a59842o0522o
59842.452324,21.864,1.981,6,13,o,0,1.03,2.87006,35.973,6158.33,8021.49,2.39,1.99,35.1,-0.434,19.51,20.82,02a59842o0529o
59842.462543,22.563,4.0,3,14,o,0,0.9,2.87006,35.973,6214.77,8102.88,2.44,2.06,34.6,-0.427,19.51,20.81,02a59842o0551o
59842.47239,-24.429,20.8,-1,13,o,0,1.17,2.87006,35.973,6232.34,7983.44,2.41,2.01,31.0,-0.428,19.52,20.83,02a59842o0572o
59843.443146,-21.713,1.184,-8,9,c,0,1.0,2.87006,35.973,7560.45,4400.54,3.1,2.88,33.5,-0.337,19.68,21.51,01a59843o0501c
59843.445916,-22.72,2.65,-3,8,c,0,1.22,2.87006,35.973,7581.26,4438.68,3.06,2.84,37.1,-0.333,19.7,21.52,01a59843o0507c
59843.456161,-21.053,0.535,-14,7,c,0,1.21,2.87006,35.973,7524.28,4364.04,3.17,2.95,34.1,-0.331,19.67,21.53,01a59843o0528c
59843.469743,-22.857,3.353,-3,9,c,0,1.05,2.87006,35.973,7508.63,4482.89,3.12,2.88,26.1,-0.331,19.64,21.48,01a59843o0543c
59844.410966,21.785,0.98,7,7,c,0,1.44,2.87006,35.973,2968.81,6303.24,2.97,2.75,49.7,-0.338,19.79,21.75,01a59844o0436c
59844.413741,20.75,0.382,18,7,c,0,1.21,2.87006,35.973,2949.79,6264.82,2.94,2.75,52.5,-0.341,19.8,21.76,01a59844o0442c
59844.427806,21.474,0.806,9,8,c,0,0.74,2.87006,35.973,3006.86,6340.12,2.97,2.75,51.4,-0.336,19.77,21.72,01a59844o0468c
59844.43058,22.356,1.9,4,8,c,0,0.94,2.87006,35.973,3026.02,6221.59,2.96,2.73,50.8,-0.336,19.77,21.73,01a59844o0474c
59845.440445,22.955,6.938,2,17,o,0,1.02,2.87006,35.973,6179.08,8065.02,2.31,1.95,32.7,-0.437,19.28,20.67,02a59845o0513o
59845.443609,-20.425,0.588,-25,14,o,0,1.29,2.87006,35.973,6159.37,8025.9,2.35,1.94,35.6,-0.435,19.27,20.7,02a59845o0520o
59845.450721,21.736,2.659,7,20,o,0,0.91,2.87006,35.973,6214.87,8103.5,2.49,1.99,32.0,-0.425,19.17,20.52,02a59845o0535o
59845.462201,-20.847,1.01,-17,17,o,0,1.29,2.87006,35.973,6232.61,7987.62,2.36,1.98,35.0,-0.437,19.2,20.58,02a59845o0560o
59846.399247,-21.914,1.75,-6,11,o,0,0.86,2.87006,35.973,4397.46,2510.78,2.18,1.97,37.4,-0.445,19.52,20.86,02a59846o0385o
59846.401055,-23.263,5.667,-2,10,o,0,1.43,2.87006,35.973,4417.57,2551.3,2.26,2.03,38.3,-0.441,19.5,20.84,02a59846o0389o
59846.40422,-21.515,1.134,-9,10,o,0,1.15,2.87006,35.973,4361.41,2472.54,2.16,1.97,39.5,-0.444,19.5,20.85,02a59846o0396o
59846.429747,20.982,0.719,15,11,o,0,1.16,2.87006,35.973,4350.69,2594.73,2.16,1.97,34.6,-0.447,19.42,20.66,02a59846o0449o
59847.434187,-23.414,4.636,-2,7,c,0,1.27,2.87006,35.973,7569.73,4402.43,2.93,2.76,28.9,-0.351,19.75,21.65,01a59847o0409c
59847.457856,-19.57,0.141,-54,8,c,0,1.23,2.87006,35.973,7594.14,4440.42,2.94,2.73,27.3,-0.343,19.65,21.53,01a59847o0457c
59847.460629,-19.443,0.146,-61,9,c,0,0.9,2.87006,35.973,7536.97,4365.35,2.94,2.73,30.6,-0.345,19.66,21.5,01a59847o0463c
59847.489444,22.358,1.931,4,8,c,0,1.3,2.87006,35.973,7525.7,4485.95,2.92,2.79,31.3,-0.342,19.67,21.49,01a59847o0523c
59848.489794,21.509,0.949,9,9,c,0,1.13,2.87006,35.973,1704.91,4216.31,3.1,2.82,44.8,-0.333,19.64,21.58,01a59848o0567c
59848.525794,23.636,7.25,1,9,c,0,1.05,2.87006,35.973,1735.73,4258.93,3.18,2.89,41.6,-0.331,19.61,21.38,01a59848o0637c
59848.532406,20.677,0.529,20,10,c,0,0.86,2.87006,35.973,1679.95,4181.44,3.22,2.92,44.8,-0.331,19.61,21.38,01a59848o0651c
59848.536263,21.581,1.143,8,10,c,0,0.99,2.87006,35.973,1661.91,4297.75,3.36,3.02,42.7,-0.308,19.52,21.36,01a59848o0659c
59849.465575,-22.969,4.333,-2,10,o,0,1.43,2.87006,35.973,6169.39,8062.71,2.45,2.1,31.1,-0.424,19.57,21.03,02a59849o0552o
59849.49708,-21.666,1.517,-8,12,o,0,0.87,2.87006,35.973,6151.61,8023.7,2.45,2.06,34.3,-0.427,19.58,20.99,02a59849o0615o
59849.525284,-20.363,0.765,-26,20,o,0,1.28,2.87006,35.973,6200.15,8102.33,2.36,2.08,34.4,-0.426,18.96,20.18,02a59849o0673o
59849.550395,22.392,5.368,4,22,o,0,1.08,2.87006,35.973,6219.84,7984.76,2.44,2.08,32.2,-0.43,18.92,20.11,02a59849o0726o
59850.419556,-21.408,1.13,-10,11,o,0,1.15,2.87006,35.973,2650.68,1972.31,2.16,1.93,33.2,-0.446,19.59,20.92,02a59850o0468o
59850.431037,-21.378,1.03,-10,10,o,0,0.74,2.87006,35.973,2630.53,1932.62,2.1,1.86,32.3,-0.452,19.61,20.93,02a59850o0491o
59850.434354,-21.146,0.687,-13,9,o,0,1.65,2.87006,35.973,2689.73,2005.68,2.21,1.93,35.2,-0.445,19.58,20.92,02a59850o0498o
59850.459135,-20.876,0.634,-16,10,o,0,1.15,2.87006,35.973,2701.71,1887.68,2.26,1.95,36.2,-0.447,19.51,20.88,02a59850o0550o
59851.428668,-21.139,0.683,-13,9,o,0,1.13,2.87006,35.973,2642.78,1965.62,2.08,1.91,32.7,-0.452,19.69,21.12,02a59851o0490o
59851.431861,-22.062,1.5,-5,8,o,0,1.39,2.87006,35.973,2622.86,1926.69,2.12,1.9,34.6,-0.449,19.66,21.14,02a59851o0497o
59851.433711,21.247,0.619,12,7,c,0,1.21,2.87006,35.973,1703.4,4217.38,2.94,2.69,51.1,-0.348,19.77,21.72,01a59851o0492c
59851.436958,23.032,3.187,2,7,c,0,1.12,2.87006,35.973,1723.11,4256.11,2.96,2.71,48.7,-0.345,19.8,21.72,01a59851o0499c
59851.43729,23.017,3.591,2,8,o,0,1.45,2.87006,35.973,2682.46,2003.59,2.11,1.86,35.2,-0.453,19.68,21.15,02a59851o0509o
59851.44753,22.204,1.588,5,8,c,0,1.02,2.87006,35.973,1667.15,4177.03,2.98,2.73,46.8,-0.339,19.77,21.75,01a59851o0520c
59851.447741,20.674,0.459,20,9,o,0,1.53,2.87006,35.973,2702.8,1887.69,2.12,1.93,28.9,-0.452,19.67,21.14,02a59851o0532o
59851.452644,21.87,1.064,6,7,c,0,1.4,2.87006,35.973,1650.56,4293.59,2.92,2.71,42.6,-0.346,19.77,21.75,01a59851o0531c
59852.460972,21.494,0.836,9,8,c,0,1.34,2.87006,35.973,1712.92,4220.18,3.1,2.84,42.5,-0.335,19.74,21.71,01a59852o0482c
59852.489473,21.705,1.184,8,9,c,0,1.28,2.87006,35.973,1737.61,4260.17,3.35,3.12,40.8,-0.41,19.68,21.66,01a59852o0540c
59852.49445,20.858,0.524,16,9,c,0,1.12,2.87006,35.973,1681.02,4181.08,3.19,2.93,46.8,-0.326,19.69,21.65,01a59852o0549c
59852.49773,20.749,0.504,18,9,c,0,0.89,2.87006,35.973,1663.11,4297.62,3.15,2.88,42.4,-0.327,19.69,21.62,01a59852o0555c
59853.413854,21.02,0.636,14,9,o,0,1.25,2.87006,35.973,2644.41,1965.01,2.2,1.94,36.2,-0.447,19.63,21.04,02a59853o0470o
59853.417022,-21.904,1.177,-6,7,o,0,2.08,2.87006,35.973,2625.9,1928.31,2.08,1.87,32.2,-0.452,19.61,21.02,02a59853o0477o
59853.433688,21.986,1.655,6,10,o,0,0.99,2.87006,35.973,2688.13,2008.54,2.16,1.9,28.4,-0.448,19.59,21.03,02a59853o0512o
59853.439754,-20.795,0.506,-18,9,o,0,1.31,2.87006,35.973,2706.82,1888.52,2.11,1.84,32.1,-0.454,19.62,21.0,02a59853o0525o
59854.409256,25.153,36.667,0,12,o,0,0.92,2.87006,35.973,2648.51,1971.21,2.14,1.88,34.0,-0.452,19.62,20.94,02a59854o0446o
59854.440358,-20.384,0.362,-26,9,o,0,1.7,2.87006,35.973,2622.33,1933.52,2.05,1.87,33.1,-0.459,19.6,20.92,02a59854o0509o
59854.45695,21.403,1.064,10,11,o,0,1.08,2.87006,35.973,2681.58,2007.44,2.15,1.88,38.2,-0.456,19.57,20.88,02a59854o0543o
59854.460936,-22.443,2.632,-4,10,o,0,1.5,2.87006,35.973,2704.31,1891.46,2.07,1.85,31.1,-0.455,19.56,20.87,02a59854o0551o
59855.373359,-21.155,0.741,-12,9,o,0,1.74,2.87006,35.973,8820.84,6541.48,2.37,2.3,-70.4,-0.455,19.55,20.68,01a59855o0369o
59855.394572,23.386,7.286,2,12,o,0,0.68,2.87006,35.973,8803.25,6497.97,2.35,2.31,29.0,-0.451,19.62,20.86,01a59855o0410o
59855.413484,21.352,0.93,10,10,o,0,1.04,2.87006,35.973,8861.04,6572.96,2.41,2.4,-77.0,-0.444,19.68,20.99,01a59855o0448o
59855.418709,23.322,5.312,2,9,o,0,1.22,2.87006,35.973,1650.75,4290.79,2.37,2.18,46.9,-0.423,19.69,21.02,01a59855o0458o
59856.414364,-20.978,0.763,-15,11,o,0,1.07,2.87006,35.973,7219.11,8768.6,2.37,2.27,59.3,-0.445,19.52,20.53,01a59856o0421o
59856.418063,20.807,0.719,17,12,o,0,0.83,2.87006,35.973,7240.36,8807.7,2.34,2.27,63.2,-0.45,19.52,20.53,01a59856o0429o
59856.435413,21.151,0.813,13,10,o,0,1.54,2.87006,35.973,7184.82,8732.28,2.42,2.29,48.5,-0.439,19.53,20.64,01a59856o0465o
59856.446162,-22.496,2.312,-4,8,o,0,1.68,2.87006,35.973,7168.18,8850.35,2.35,2.29,55.3,-0.447,19.59,20.65,01a59856o0488o
59857.488336,21.988,2.14,6,12,o,0,0.9,2.87006,35.973,7247.92,8774.2,2.35,2.3,-72.5,-0.451,19.47,20.35,01a59857o0192o
59857.492035,-21.535,1.299,-9,12,o,0,1.25,2.87006,35.973,7268.96,8813.99,2.33,2.28,-58.1,-0.454,19.44,20.37,01a59857o0200o
59857.494806,22.547,3.0,4,10,o,0,1.45,2.87006,35.973,7209.22,8737.71,2.34,2.3,-81.2,-0.45,19.44,20.4,01a59857o0206o
59857.499422,-25.483,52.0,0,12,o,0,1.28,2.87006,35.973,7191.77,8855.44,2.36,2.29,-75.6,-0.449,19.46,20.43,01a59857o0216o
59858.417124,20.422,0.624,25,15,o,0,1.25,2.87006,35.973,2292.73,6339.32,2.22,1.87,22.9,-0.436,19.14,19.81,02a59858o0479o
59858.443844,-24.793,29.75,0,13,o,0,2.0,2.87006,35.973,2268.46,6302.63,2.28,1.87,30.3,-0.435,19.13,19.82,02a59858o0535o
59858.447027,21.734,2.061,7,15,o,0,1.18,2.87006,35.973,2326.32,6378.61,2.33,1.89,28.5,-0.422,19.09,19.82,02a59858o0542o
59858.454263,-21.102,1.16,-13,15,o,0,1.13,2.87006,35.973,2346.92,6261.53,2.31,1.88,33.2,-0.423,19.11,19.81,02a59858o0558o
59859.400959,21.611,2.382,8,20,o,0,0.92,2.87006,35.973,7226.11,8760.75,2.45,2.34,-48.1,-0.449,19.09,19.56,01a59859o0282o
59859.411172,-20.705,1.034,-19,20,o,0,0.95,2.87006,35.973,7248.64,8800.49,2.56,2.42,-43.2,-0.442,19.02,19.57,01a59859o0303o
59859.413944,20.978,1.378,15,20,o,0,1.03,2.87006,35.973,7190.56,8724.69,2.56,2.47,-47.7,-0.445,19.03,19.58,01a59859o0309o
59859.419499,20.214,0.554,30,16,o,0,1.29,2.87006,35.973,7173.23,8842.66,2.51,2.42,-42.0,-0.452,19.06,19.6,01a59859o0321o
59859.439671,-21.661,8.745,-8,69,o,0,1.19,2.87006,35.973,2291.05,6341.81,2.36,1.91,24.7,-0.415,17.42,17.53,02a59859o0534o
59859.442835,21.26,5.342,11,61,o,0,0.86,2.87006,35.973,2271.59,6303.54,2.38,1.94,22.6,-0.424,17.72,17.86,02a59859o0541o
59859.450523,20.267,1.495,28,42,o,0,1.29,2.87006,35.973,2327.91,6375.66,2.31,1.92,25.6,-0.432,17.99,18.22,02a59859o0558o
59859.473727,-19.39,0.83,-64,53,o,0,1.3,2.87006,35.973,2347.4,6256.39,2.45,1.93,28.6,-0.401,17.61,17.82,02a59859o0609o
59860.417816,20.661,1.168,20,23,o,0,1.39,2.87006,35.973,7231.45,8767.61,2.44,2.39,62.6,-0.446,18.7,18.79,01a59860o0449o
59860.420638,-20.99,1.973,-15,29,o,0,1.05,2.87006,35.973,7253.95,8806.57,2.47,2.41,16.3,-0.447,18.59,18.72,01a59860o0455o
59860.427603,-21.627,3.016,-8,24,o,0,0.91,2.87006,35.973,7194.69,8729.25,2.41,2.38,33.7,-0.448,18.65,18.73,01a59860o0470o
59860.463127,-20.231,0.81,-29,24,o,0,1.42,2.87006,35.973,7184.1,8852.47,2.56,2.43,55.8,-0.436,18.61,18.76,01a59860o0544o
59861.365293,-17.613,0.757,-327,248,o,0,0.69,2.87006,35.973,3337.85,1941.53,2.47,2.13,40.9,-0.506,16.57,15.81,01a59861o0329o
59861.371313,-18.478,0.781,-147,115,o,0,1.71,2.87006,35.973,3319.83,1903.41,2.49,2.2,42.4,-0.504,16.76,16.13,01a59861o0342o
59861.373168,18.635,1.005,128,128,o,0,1.06,2.87006,35.973,3379.27,1980.51,2.44,2.19,45.3,-0.502,16.91,16.16,01a59861o0346o
59861.407551,20.572,4.962,21,106,o,0,1.02,2.87006,35.973,7176.54,8840.32,2.49,2.42,46.6,-0.468,17.21,16.54,01a59861o0419o
59861.427926,-18.475,1.084,-148,160,o,0,1.17,2.87006,35.973,2289.48,6341.71,2.44,1.85,29.7,-0.416,16.62,16.7,02a59861o0496o
59861.431626,-18.863,0.969,-104,100,o,0,1.41,2.87006,35.973,2269.93,6302.33,2.31,1.77,28.3,-0.431,17.15,17.14,02a59861o0504o
59861.437473,19.684,1.65,49,80,o,0,1.01,2.87006,35.973,2328.35,6377.53,2.37,1.78,29.2,-0.421,17.27,17.39,02a59861o0516o
59861.472881,-17.788,0.762,-279,212,o,0,0.92,2.87006,35.973,2343.76,6262.01,2.35,1.85,28.4,-0.427,16.38,16.3,02a59861o0593o
59863.353263,20.813,1.411,17,24,o,0,1.2,2.87006,35.973,8284.75,4230.66,2.3,1.96,33.0,-0.415,18.56,18.95,02a59863o0340o
59863.360664,-21.464,2.617,-9,25,o,0,1.19,2.87006,35.973,8248.97,4193.57,2.36,1.97,34.9,-0.409,18.52,18.93,02a59863o0356o
59863.382221,20.336,2.525,27,67,o,0,1.22,2.87006,35.973,2347.29,6265.03,2.42,1.83,25.2,-0.42,17.59,18.3,02a59863o0403o
59863.41812,-19.748,0.801,-46,37,o,0,1.1,2.87006,35.973,7239.49,8765.71,2.41,2.32,50.4,-0.453,18.56,18.66,01a59863o0277o
59863.420889,19.409,0.363,63,23,o,0,1.91,2.87006,35.973,7261.51,8804.03,2.46,2.37,51.3,-0.449,18.71,18.91,01a59863o0283o
59863.429078,20.342,0.845,26,22,o,0,1.12,2.87006,35.973,7201.62,8727.4,2.48,2.36,47.1,-0.442,18.74,18.88,01a59863o0299o
59863.439557,19.791,0.544,44,24,o,0,1.04,2.87006,35.973,7185.56,8845.84,2.45,2.33,49.4,-0.444,18.77,18.94,01a59863o0319o
59864.449924,20.726,0.916,19,17,o,0,0.93,2.87006,35.973,4159.15,2689.7,2.31,2.11,36.4,-0.457,19.06,19.51,01a59864o0534o
59864.474235,20.71,1.14,19,22,o,0,0.78,2.87006,35.973,4186.18,2731.76,2.4,2.15,39.5,-0.446,18.98,19.35,01a59864o0586o
59864.477476,22.269,4.833,4,22,o,0,1.01,2.87006,35.973,4130.17,2653.94,2.35,2.11,39.2,-0.456,18.98,19.34,01a59864o0593o
59864.482577,20.854,1.096,16,18,o,0,0.93,2.87006,35.973,4113.95,2772.43,2.33,2.11,37.5,-0.456,18.98,19.33,01a59864o0604o
59866.496635,20.911,1.178,16,18,o,0,1.01,2.87006,35.973,8085.09,9959.14,2.1,2.08,57.4,-0.46,19.19,19.99,02a59866o0666o
59866.506417,-22.203,3.974,-5,19,o,0,1.05,2.87006,35.973,8067.24,9918.84,2.23,2.15,45.7,-0.445,19.13,19.95,02a59866o0687o
59866.509596,22.484,4.419,4,16,o,0,1.3,2.87006,35.973,8123.25,9998.88,2.12,2.11,72.9,-0.457,19.18,19.93,02a59866o0694o
59866.521213,22.023,3.022,6,17,o,0,1.2,2.87006,35.973,8143.03,9880.34,2.21,2.15,45.9,-0.442,19.1,19.87,02a59866o0719o
59867.424067,-21.437,1.226,-10,12,o,0,1.08,2.87006,35.973,4157.9,2687.63,2.32,2.12,37.7,-0.448,19.41,20.23,01a59867o0503o
59867.427328,22.192,2.894,5,14,o,0,0.67,2.87006,35.973,4179.0,2727.95,2.31,2.11,34.7,-0.45,19.42,20.22,01a59867o0510o
59867.436279,-23.488,7.846,-2,12,o,0,1.06,2.87006,35.973,4123.74,2652.9,2.44,2.2,37.0,-0.441,19.35,20.23,01a59867o0529o
59867.458577,-22.26,3.167,-4,14,o,0,0.92,2.87006,35.973,4111.8,2772.51,2.35,2.18,35.3,-0.447,19.34,20.16,01a59867o0576o
59868.383588,-22.8,4.038,-3,11,o,0,1.11,2.87006,35.973,4152.39,2686.02,2.36,2.15,36.5,-0.444,19.46,20.46,01a59868o0406o
59868.387298,20.67,0.489,20,10,o,0,1.53,2.87006,35.973,4173.17,2725.71,2.34,2.12,36.2,-0.447,19.52,20.46,01a59868o0414o
59868.397464,21.661,1.435,8,11,o,0,1.18,2.87006,35.973,4117.35,2648.21,2.49,2.21,40.8,-0.436,19.46,20.45,01a59868o0434o
59868.405599,20.772,0.681,18,12,o,0,0.87,2.87006,35.973,4101.0,2765.9,2.39,2.14,32.8,-0.441,19.5,20.53,01a59868o0451o
59869.351171,21.262,0.788,11,9,c,0,1.15,2.87006,35.973,2489.84,619.01,2.48,2.23,-73.7,-0.435,19.7,21.52,02a59869o0345c
59869.35434,-22.487,2.333,-4,9,c,0,1.58,2.87006,35.973,2510.6,660.94,2.49,2.26,-77.0,-0.437,19.67,21.52,02a59869o0352c
59869.357502,-22.472,2.357,-4,9,c,0,1.52,2.87006,35.973,2454.34,581.47,2.47,2.24,-73.2,-0.437,19.67,21.52,02a59869o0359c
59869.381537,22.799,3.647,3,10,c,0,1.15,2.87006,35.973,8153.68,9885.12,2.63,2.6,42.2,-0.403,19.64,21.57,02a59869o0409c
59870.288578,-23.283,5.538,-2,10,c,0,1.0,2.87006,35.973,2473.71,617.43,2.53,2.19,-68.7,-0.44,19.67,21.36,02a59870o0212c
59870.290386,-22.618,3.0,-3,10,c,0,1.03,2.87006,35.973,2493.09,657.5,2.54,2.18,-67.0,-0.438,19.63,21.37,02a59870o0216c
59870.295758,-21.894,1.458,-6,9,c,0,1.03,2.87006,35.973,2440.66,577.91,2.5,2.15,-67.3,-0.448,19.66,21.39,02a59870o0227c
59870.30101,-21.514,1.0,-9,9,c,0,0.98,2.87006,35.973,2421.95,696.35,2.48,2.16,-66.8,-0.45,19.64,21.4,02a59870o0238c
59871.316223,-21.016,0.653,-14,9,o,0,1.48,2.87006,35.973,8097.9,8081.29,2.46,2.29,-59.2,-0.458,19.67,20.83,01a59871o0270o
59871.318071,-20.848,0.634,-17,10,o,0,13.5,2.87006,35.973,8079.39,8041.49,2.47,2.36,-62.5,-0.45,19.62,20.84,01a59871o0274o
59871.323497,20.731,0.561,18,10,o,0,1.08,2.87006,35.973,8137.0,8119.11,2.43,2.29,-59.6,-0.461,19.71,20.87,01a59871o0285o
59871.357676,-20.856,0.515,-16,8,o,0,1.56,2.87006,35.973,8161.45,7996.71,2.41,2.39,56.2,-0.446,19.69,21.01,01a59871o0356o
59872.38275,20.121,0.287,32,9,o,0,0.97,2.87006,35.973,1938.97,8978.73,2.29,2.2,-33.3,-0.46,19.74,21.04,01a59872o0288o
59872.385985,-21.709,1.5,-8,11,o,0,1.01,2.87006,35.973,1960.21,9019.41,2.36,2.28,-46.4,-0.449,19.68,21.05,01a59872o0295o
59872.397531,22.149,1.978,5,10,o,0,1.37,2.87006,35.973,1902.07,8941.59,2.31,2.22,-56.0,-0.452,19.73,21.04,01a59872o0319o
59872.404001,-23.161,4.778,-2,9,o,0,1.0,2.87006,35.973,1884.47,9060.04,2.32,2.22,-45.0,-0.453,19.7,21.04,01a59872o0333o
59873.408643,-22.527,3.412,-4,12,o,0,1.04,2.87006,35.973,1949.88,8983.75,3.35,3.17,57.9,-0.373,19.27,20.97,01a59873o0478o
59873.411424,-20.605,0.534,-21,11,o,0,1.39,2.87006,35.973,1969.51,9021.81,3.02,2.93,-80.8,-0.407,19.45,20.99,01a59873o0484o
59873.416965,22.647,5.3,3,17,o,0,0.89,2.87006,35.973,1911.36,8942.7,4.21,4.09,-88.5,-0.31,19.05,20.98,01a59873o0496o
59873.428051,24.168,16.25,1,13,o,0,1.09,2.87006,35.973,1894.03,9059.58,3.28,3.05,68.1,-0.37,19.34,20.95,01a59873o0520o
59873.532863,22.211,2.444,5,12,c,0,1.03,2.87006,35.973,8083.61,9954.93,2.74,2.58,22.5,-0.393,19.5,21.12,02a59873o0124c
59873.536861,-21.499,1.365,-9,12,c,0,1.06,2.87006,35.973,8063.27,9916.96,2.73,2.57,19.5,-0.393,19.46,21.09,02a59873o0131c
59873.542351,20.36,0.504,26,13,c,0,0.88,2.87006,35.973,8120.7,9995.65,2.8,2.65,24.3,-0.388,19.43,21.07,02a59873o0143c
59873.545574,-21.419,1.32,-10,13,c,0,1.36,2.87006,35.973,8139.61,9877.42,2.87,2.72,27.3,-0.381,19.41,21.04,02a59873o0150c
59875.391425,-20.899,0.606,-16,10,c,0,1.09,2.87006,35.973,8068.73,6059.34,2.73,2.43,29.7,-0.394,19.58,21.31,02a59875o0438c
59875.394599,21.83,1.378,7,9,c,0,1.37,2.87006,35.973,8050.13,6019.91,2.75,2.38,28.1,-0.392,19.61,21.31,02a59875o0445c
59875.40011,-19.598,0.191,-53,10,c,0,0.89,2.87006,35.973,8107.97,6098.67,2.72,2.4,28.7,-0.395,19.61,21.32,02a59875o0457c
59875.409457,-19.784,0.212,-44,9,o,0,1.04,2.87006,35.973,1950.56,8983.85,2.38,2.29,-89.8,-0.438,19.66,20.92,01a59875o0465o
59875.410521,-21.107,0.67,-13,9,c,0,1.55,2.87006,35.973,8128.16,5982.43,2.73,2.37,27.4,-0.394,19.6,21.33,02a59875o0480c
59875.423704,-21.667,1.412,-8,11,o,0,0.98,2.87006,35.973,1975.6,9023.25,2.38,2.31,80.1,-0.439,19.66,20.87,01a59875o0494o
59875.428848,20.095,0.323,33,11,o,0,1.19,2.87006,35.973,1915.3,8943.5,2.48,2.43,-68.6,-0.438,19.6,20.88,01a59875o0505o
59875.442823,21.961,1.88,6,11,o,0,0.99,2.87006,35.973,1898.88,9061.56,2.42,2.34,-86.8,-0.439,19.63,20.94,01a59875o0534o
59876.381262,-19.435,0.144,-61,9,o,0,1.42,2.87006,35.973,1945.15,8983.73,2.34,2.27,-56.2,-0.444,19.69,21.0,01a59876o0399o
59876.414622,-22.038,1.46,-6,8,o,0,1.48,2.87006,35.973,1974.87,9023.92,2.35,2.25,-83.0,-0.44,19.73,21.06,01a59876o0463o
59876.438772,-20.631,0.512,-20,10,o,0,0.93,2.87006,35.973,1923.81,8945.75,2.4,2.33,-82.9,-0.437,19.7,21.08,01a59876o0512o
59876.445709,-24.446,12.4,-1,8,o,0,1.61,2.87006,35.973,1902.36,9063.3,2.43,2.36,-76.0,-0.434,19.67,21.1,01a59876o0526o
59877.381811,22.442,2.833,4,11,o,0,0.77,2.87006,35.973,1945.09,8974.82,2.26,2.24,83.8,-0.444,19.63,20.78,01a59877o0419o
59877.414543,23.801,11.375,1,12,o,0,1.11,2.87006,35.973,1972.16,9017.89,2.6,2.55,-75.0,-0.422,19.51,20.78,01a59877o0489o
59877.417323,-21.98,2.163,-6,13,o,0,0.9,2.87006,35.973,1911.57,8938.58,2.68,2.5,60.5,-0.408,19.48,20.79,01a59877o0495o
59877.445782,20.859,0.733,16,12,o,0,1.24,2.87006,35.973,1896.37,9059.32,2.67,2.57,-58.2,-0.418,19.48,20.77,01a59877o0555o
59879.360426,21.653,1.607,8,13,o,0,1.12,2.87006,35.973,1938.36,8972.81,2.35,2.29,69.0,-0.448,19.4,20.5,01a59879o0326o
59879.365142,-22.616,4.579,-3,15,o,0,1.17,2.87006,35.973,1959.58,9012.06,2.39,2.32,68.5,-0.44,19.1,20.17,01a59879o0336o
59879.370258,-19.923,1.244,-39,48,o,0,1.25,2.87006,35.973,1900.82,8934.13,2.4,2.3,71.0,-0.437,17.87,18.91,01a59879o0347o
59879.438636,-19.191,0.669,-76,51,o,0,1.4,2.87006,35.973,1894.0,9058.4,2.64,2.41,68.2,-0.425,17.91,18.99,01a59879o0359o
59880.381925,-19.931,1.525,-39,59,o,0,1.2,2.87006,35.973,8144.91,2347.98,2.64,2.54,-57.7,-0.454,17.49,18.8,01a59880o0244o
59880.385153,-19.57,1.439,-54,78,o,0,1.05,2.87006,35.973,8164.43,2387.32,2.7,2.6,-62.4,-0.458,17.13,18.42,01a59880o0251o
59880.39517,-17.798,1.719,-276,474,o,0,1.55,2.87006,35.973,8110.01,2313.73,2.61,2.6,-49.4,-0.433,18.07,19.38,01a59880o0272o
59880.407592,-21.753,2.884,-7,21,o,0,0.91,2.87006,35.973,8094.45,2431.11,2.42,2.4,-64.5,-0.469,19.23,20.49,01a59880o0298o
59881.357214,23.08,4.214,2,9,c,0,0.89,2.87006,35.973,8072.46,6063.17,2.77,2.36,31.8,-0.392,19.64,21.53,02a59881o0325c
59881.360382,23.512,6.556,1,9,c,0,1.24,2.87006,35.973,8053.28,6024.42,2.84,2.41,30.3,-0.39,19.6,21.53,02a59881o0332c
59881.365625,-22.504,2.667,-4,10,c,0,0.87,2.87006,35.973,8109.9,6102.76,2.73,2.36,31.8,-0.393,19.64,21.5,02a59881o0342c
59881.391256,21.547,1.036,9,9,c,0,1.29,2.87006,35.973,8130.51,5987.15,2.82,2.42,33.5,-0.39,19.58,21.48,02a59881o0357c
59882.391987,20.331,0.356,27,10,c,0,0.94,2.87006,35.973,8589.66,3653.05,2.51,2.44,22.5,-0.39,19.59,21.36,02a59882o0450c
59882.395152,21.25,0.849,12,10,c,0,0.94,2.87006,35.973,8570.89,3613.23,2.64,2.6,32.5,-0.385,19.51,21.36,02a59882o0457c
59882.401028,-22.011,1.703,-6,10,c,0,1.29,2.87006,35.973,8629.7,3691.24,2.65,2.55,25.9,-0.383,19.49,21.36,02a59882o0470c
59882.435866,22.189,2.226,5,11,c,0,0.92,2.87006,35.973,8651.88,3575.19,2.62,2.57,19.4,-0.385,19.5,21.27,02a59882o0509c
59883.347701,21.039,0.786,14,11,o,0,1.21,2.87006,35.973,8132.2,2346.25,2.57,2.53,21.2,-0.439,19.43,20.63,01a59883o0352o
59883.35093,-21.591,1.3,-8,11,o,0,1.11,2.87006,35.973,8152.39,2384.96,2.41,2.35,8.7,-0.458,19.51,20.62,01a59883o0359o
59883.36421,-22.19,2.512,-5,12,o,0,0.94,2.87006,35.973,8097.05,2309.12,2.3,2.27,-33.9,-0.473,19.57,20.68,01a59883o0386o
59883.371144,-26.217,98.0,0,12,o,0,0.94,2.87006,35.973,8080.01,2427.74,2.39,2.32,16.8,-0.463,19.52,20.67,01a59883o0401o
59883.379747,-21.789,1.569,-7,11,c,0,0.89,2.87006,35.973,8581.33,3652.57,2.55,2.33,25.3,-0.395,19.59,21.31,02a59883o0423c
59883.382931,23.042,4.187,2,9,c,0,1.3,2.87006,35.973,8561.94,3612.27,2.55,2.36,24.3,-0.392,19.59,21.33,02a59883o0430c
59883.388371,21.81,1.24,7,8,c,0,1.49,2.87006,35.973,8620.52,3690.62,2.54,2.35,23.1,-0.396,19.6,21.33,02a59883o0442c
59883.40016,22.284,2.226,4,10,c,0,1.01,2.87006,35.973,8641.8,3574.87,2.56,2.41,30.2,-0.395,19.6,21.3,02a59883o0468c
59884.33178,21.804,1.638,7,11,o,0,1.24,2.87006,35.973,8132.03,2340.64,2.36,2.32,54.2,-0.477,19.49,20.49,01a59884o0239o
59884.334561,-21.095,0.922,-13,12,o,0,1.03,2.87006,35.973,8151.1,2378.84,2.47,2.45,-8.7,-0.466,19.41,20.48,01a59884o0245o
59884.345697,20.238,0.375,29,11,o,0,1.21,2.87006,35.973,8096.4,2303.86,2.39,2.36,5.4,-0.473,19.46,20.47,01a59884o0268o
59884.352659,21.228,1.136,12,13,o,0,0.95,2.87006,35.973,8079.13,2422.99,2.5,2.44,-52.9,-0.479,19.43,20.48,01a59884o0283o
59885.379142,21.558,1.487,9,13,o,0,0.89,2.87006,35.973,8586.75,3655.15,2.26,1.97,29.0,-0.418,19.28,20.13,02a59885o0422o
59885.382306,-25.123,44.667,0,14,o,0,0.98,2.87006,35.973,8567.98,3617.14,2.21,1.96,24.3,-0.421,19.3,20.13,02a59885o0429o
59885.397564,-21.12,0.911,-13,12,o,0,1.62,2.87006,35.973,8629.8,3692.7,2.15,1.92,32.8,-0.433,19.32,20.17,02a59885o0462o
59885.410395,-22.097,2.6,-5,14,o,0,1.09,2.87006,35.973,8651.24,3579.15,2.15,1.93,23.4,-0.431,19.29,20.15,02a59885o0490o
59886.372016,-21.102,1.167,-13,15,o,0,1.5,2.87006,35.973,8588.08,3655.09,2.2,1.99,25.3,-0.416,19.11,19.95,02a59886o0396o
59886.374803,20.579,0.661,21,14,o,0,1.06,2.87006,35.973,8568.87,3615.21,2.27,2.06,30.5,-0.411,19.13,19.95,02a59886o0402o
59886.397756,-20.098,0.372,-33,12,o,0,1.69,2.87006,35.973,8624.7,3694.6,2.23,2.05,29.3,-0.415,19.15,19.94,02a59886o0451o
59886.426783,-19.758,0.281,-45,13,o,0,1.24,2.87006,35.973,8647.1,3577.34,2.2,2.05,25.1,-0.418,19.13,19.93,02a59886o0511o
59887.342011,20.134,0.594,32,19,o,0,1.09,2.87006,35.973,8078.21,2424.09,2.54,2.49,-49.9,-0.461,19.0,19.56,01a59887o0293o
59890.411203,20.038,1.143,35,40,o,0,0.92,2.87006,35.973,512.0,10395.66,2.08,1.79,-52.6,-0.636,18.39,18.69,02a59890o0398o
59890.414386,20.385,1.344,26,34,o,0,1.69,2.87006,35.973,494.21,10354.71,2.1,1.79,-52.0,-0.655,18.41,18.68,02a59890o0405o
59890.419398,22.462,6.744,4,25,o,0,1.02,2.87006,35.973,528.27,141.87,1.95,1.75,-88.7,-0.525,18.46,18.71,02a59890o0416o
59890.41985,-20.35,1.24,-26,33,o,0,1.74,2.87006,35.973,550.48,10432.58,2.04,1.73,-49.1,-0.68,18.4,18.66,02a59890o0417o
59890.422569,-21.19,2.055,-12,25,o,0,1.33,2.87006,35.973,508.42,101.78,1.97,1.72,-88.0,-0.529,18.44,18.69,02a59890o0423o
59890.428193,-21.634,3.057,-8,25,o,0,1.3,2.87006,35.973,571.32,179.35,1.89,1.68,87.0,-0.549,18.45,18.66,02a59890o0435o
59890.430453,-21.124,3.445,-13,44,o,0,0.7,2.87006,35.973,573.75,10311.4,2.01,1.68,-51.3,-0.667,18.41,18.59,02a59890o0440o
59890.462153,20.14,1.255,32,40,o,0,0.99,2.87006,35.973,589.07,57.27,1.95,1.72,-82.9,-0.566,18.29,18.51,02a59890o0509o
59891.396042,-20.773,1.366,-18,24,o,0,1.01,2.87006,35.973,7783.58,6686.33,2.39,2.29,36.6,-0.417,18.7,18.96,01a59891o0449o
59891.418722,-22.341,2.938,-4,12,o,0,1.0,2.87006,35.973,7769.69,6809.74,2.42,2.36,37.0,-0.416,19.41,20.5,01a59891o0497o
59893.348844,20.517,0.749,23,17,o,0,1.06,2.87006,35.973,7821.91,6720.25,2.5,2.28,35.6,-0.409,19.1,19.63,01a59893o0290o
59893.351642,21.282,1.753,11,20,o,0,1.01,2.87006,35.973,7841.7,6758.74,2.51,2.35,32.1,-0.41,19.04,19.62,01a59893o0296o
59893.35678,19.993,0.379,36,14,o,0,1.68,2.87006,35.973,7785.15,6683.26,2.53,2.39,31.5,-0.406,19.06,19.6,01a59893o0307o
59893.366549,21.127,1.288,13,17,o,0,1.18,2.87006,35.973,7768.55,6801.42,2.48,2.45,7.4,-0.413,19.04,19.59,01a59893o0328o
59893.447316,-22.17,3.617,-5,18,o,0,1.73,2.87006,35.973,530.27,135.57,2.09,1.81,-72.8,-0.505,18.68,19.13,02a59893o0574o
59893.449125,19.103,0.243,83,20,o,0,1.39,2.87006,35.973,10161.54,10427.9,2.35,2.06,-52.1,-0.467,18.74,19.17,02a59893o0578o
59893.450482,19.74,0.459,46,21,o,0,1.09,2.87006,35.973,510.02,96.15,2.01,1.72,-72.8,-0.504,18.73,19.11,02a59893o0581o
59893.452297,22.56,6.4,3,22,o,0,1.06,2.87006,35.973,10141.98,10387.24,2.43,2.06,-52.9,-0.472,18.77,19.15,02a59893o0585o
59893.456392,-21.883,3.088,-6,20,o,0,1.15,2.87006,35.973,571.26,174.73,2.12,1.89,-73.5,-0.512,18.6,19.07,02a59893o0594o
59893.458962,19.412,0.551,62,34,o,0,1.03,2.87006,35.973,10201.17,10469.57,2.68,2.25,-53.2,-0.43,18.65,19.12,02a59893o0599o
59893.46809,21.944,5.255,6,32,o,0,0.96,2.87006,35.973,592.43,54.42,2.27,2.04,-73.6,-0.491,18.55,18.99,02a59893o0619o
59893.469897,-20.025,0.689,-36,24,o,0,1.37,2.87006,35.973,10217.97,10351.25,2.67,2.23,-53.3,-0.458,18.57,19.05,02a59893o0623o
59893.473807,22.141,6.548,5,33,o,0,1.14,2.87006,35.973,552.5,10426.35,2.45,2.11,-56.1,-0.502,18.44,18.96,02a59893o0631o
59893.485841,-21.58,3.382,-8,29,o,0,1.5,2.87006,35.973,577.03,10304.05,2.54,2.04,-52.3,-0.503,18.45,18.86,02a59893o0657o
59895.312183,20.204,0.392,30,12,o,0,1.29,2.87006,35.973,7804.76,6713.88,2.49,2.43,16.5,-0.41,19.32,20.14,01a59895o0280o
59895.315878,20.232,0.443,29,13,o,0,1.17,2.87006,35.973,7825.37,6753.26,2.44,2.41,21.0,-0.417,19.28,20.14,01a59895o0288o
59895.341691,20.211,0.5,30,15,o,0,0.92,2.87006,35.973,7770.28,6680.41,2.41,2.39,60.3,-0.415,19.32,20.12,01a59895o0342o
59895.347786,22.364,3.294,4,14,o,0,1.26,2.87006,35.973,7752.89,6796.64,2.45,2.41,61.2,-0.416,19.3,20.1,01a59895o0355o
59896.324536,24.764,24.25,0,11,o,0,1.42,2.87006,35.973,5855.46,6841.73,2.46,2.31,39.6,-0.384,19.43,20.38,01a59896o0311o
59896.327769,23.599,8.25,1,11,o,0,1.13,2.87006,35.973,5876.33,6882.11,2.43,2.28,32.5,-0.388,19.45,20.38,01a59896o0318o
59896.342886,20.944,0.693,15,10,o,0,1.27,2.87006,35.973,5819.77,6804.88,2.41,2.29,43.6,-0.381,19.39,20.32,01a59896o0350o
59896.349831,21.205,1.009,12,12,o,0,1.03,2.87006,35.973,5803.16,6923.97,2.39,2.28,31.7,-0.392,19.43,20.3,01a59896o0365o
59897.234859,21.12,0.988,13,13,o,0,1.19,2.87006,35.973,10057.81,10421.12,2.94,2.05,-58.4,-0.437,19.42,20.62,02a59897o0117o
59897.235312,-22.11,2.635,-5,14,o,0,1.24,2.87006,35.973,10056.87,168.92,2.35,1.51,-63.9,-0.534,19.46,20.63,02a59897o0118o
59897.236668,20.5,0.676,23,16,o,0,1.28,2.87006,35.973,10077.99,10460.38,2.99,2.03,-55.9,-0.442,19.44,20.63,02a59897o0121o
59897.237121,-21.336,1.468,-11,16,o,0,0.79,2.87006,35.973,10074.86,207.61,2.27,1.45,-64.3,-0.541,19.49,20.64,02a59897o0122o
59897.239392,21.42,1.284,10,13,o,0,1.02,2.87006,35.973,407.52,147.15,2.45,1.65,-61.6,-0.498,19.46,20.64,02a59897o0127o
59897.239844,-20.407,0.485,-25,12,o,0,1.35,2.87006,35.973,10015.87,10384.19,2.89,2.05,-54.2,-0.44,19.44,20.63,02a59897o0128o
59897.240748,21.356,1.422,10,15,o,0,1.1,2.87006,35.973,10018.96,132.2,2.35,1.5,-62.5,-0.538,19.46,20.65,02a59897o0130o
59897.242103,21.778,1.783,7,13,o,0,0.97,2.87006,35.973,428.22,187.08,2.51,1.71,-62.8,-0.502,19.44,20.65,02a59897o0133o
59897.245266,-20.988,1.708,-15,25,o,0,0.93,2.87006,35.973,9997.6,10502.0,3.06,2.16,-56.5,-0.426,19.42,20.66,02a59897o0140o
59897.246171,-22.068,2.617,-5,14,o,0,0.95,2.87006,35.973,10000.13,251.66,2.48,1.68,-62.0,-0.525,19.38,20.67,02a59897o0142o
59897.247527,-22.381,3.031,-4,12,o,0,0.93,2.87006,35.973,370.11,106.35,2.61,1.77,-61.2,-0.493,19.45,20.67,02a59897o0145o
59897.252951,21.822,1.528,7,10,o,0,1.12,2.87006,35.973,353.07,224.37,2.61,1.82,-60.3,-0.491,19.45,20.72,02a59897o0157o
59899.316778,-23.741,6.125,-1,7,c,0,1.16,2.87006,35.973,5853.7,6841.48,2.99,2.85,35.5,-0.317,19.75,21.64,01a59899o0288c
59899.327097,-20.952,0.529,-15,8,o,0,1.55,2.87006,35.973,636.76,2107.7,2.07,2.02,20.1,-0.442,19.51,20.77,02a59899o0316o
59899.328816,21.232,0.642,12,8,c,0,0.93,2.87006,35.973,5874.61,6880.64,2.99,2.84,41.6,-0.318,19.72,21.66,01a59899o0313c
59899.330279,21.029,0.588,14,8,o,0,1.91,2.87006,35.973,616.86,2068.84,2.07,1.99,35.2,-0.451,19.51,20.81,02a59899o0323o
59899.33206,21.152,0.567,13,7,c,0,1.17,2.87006,35.973,5818.04,6805.28,2.95,2.79,36.9,-0.318,19.74,21.66,01a59899o0320c
59899.336165,22.415,2.639,4,10,o,0,1.32,2.87006,35.973,678.27,2144.91,2.09,2.01,34.7,-0.444,19.55,20.8,02a59899o0336o
59899.338271,21.384,0.662,10,7,c,0,1.24,2.87006,35.973,5799.65,6923.42,3.01,2.8,37.2,-0.316,19.72,21.64,01a59899o0333c
59899.347524,-22.393,2.325,-4,9,o,0,0.97,2.87006,35.973,699.67,2025.12,1.96,1.95,71.9,-0.452,19.54,20.77,02a59899o0361o
59900.342381,22.527,2.25,4,8,c,0,1.07,2.87006,35.973,5861.23,6843.47,2.93,2.82,51.0,-0.321,19.67,21.47,01a59900o0254c
59900.345155,-22.183,1.576,-5,8,c,0,1.2,2.87006,35.973,5882.12,6882.31,2.93,2.81,45.4,-0.324,19.68,21.44,01a59900o0260c
59900.361554,-21.837,1.234,-7,8,c,0,1.21,2.87006,35.973,5827.08,6808.33,2.88,2.78,42.9,-0.321,19.66,21.41,01a59900o0295c
59900.36671,21.475,0.828,9,8,c,0,1.05,2.87006,35.973,5808.92,6925.62,2.92,2.82,41.2,-0.319,19.63,21.4,01a59900o0306c
59901.292088,-22.655,2.348,-3,7,c,0,1.05,2.87006,35.973,5847.54,6838.91,2.92,2.73,38.9,-0.327,19.75,21.64,01a59901o0210c
59901.294928,-23.049,3.5,-2,8,c,0,0.96,2.87006,35.973,5869.19,6877.73,2.94,2.71,37.2,-0.324,19.75,21.65,01a59901o0216c
59901.301473,-21.551,0.815,-9,7,c,0,1.05,2.87006,35.973,5811.75,6802.55,2.87,2.72,37.6,-0.329,19.79,21.62,01a59901o0230c
59901.311696,22.146,1.486,5,8,c,0,1.28,2.87006,35.973,5794.36,6919.31,2.98,2.83,30.8,-0.321,19.73,21.58,01a59901o0252c
59902.370078,-19.697,0.217,-48,10,o,0,1.21,2.87006,35.973,647.08,2106.72,1.93,1.9,48.4,-0.468,19.55,20.87,02a59902o0404o
59902.379399,22.341,2.455,4,10,o,0,0.89,2.87006,35.973,628.08,2068.26,1.94,1.84,37.4,-0.467,19.53,20.85,02a59902o0423o
59902.395623,20.416,0.502,25,12,o,0,0.75,2.87006,35.973,688.1,2141.17,1.96,1.86,36.6,-0.471,19.51,20.79,02a59902o0455o
59902.403969,20.551,0.507,22,11,o,0,1.07,2.87006,35.973,710.53,2023.22,1.98,1.9,42.7,-0.465,19.48,20.73,02a59902o0473o
59903.349021,-19.419,0.094,-62,6,c,0,1.2,2.87006,35.973,5862.54,6846.37,2.98,2.82,42.3,-0.314,19.71,21.64,01a59903o0182c
59903.352775,21.297,0.639,11,7,c,0,1.72,2.87006,35.973,5882.35,6885.11,2.93,2.78,42.4,-0.318,19.63,21.48,01a59903o0190c
59903.363728,-21.532,0.912,-9,8,c,0,1.37,2.87006,35.973,5825.99,6810.44,3.02,2.86,42.7,-0.307,19.61,21.46,01a59903o0213c
59903.369489,21.476,0.948,9,9,c,0,0.88,2.87006,35.973,5807.98,6928.01,2.97,2.8,43.7,-0.311,19.59,21.39,01a59903o0225c
59904.386976,22.826,3.417,3,9,c,0,1.19,2.87006,35.973,3944.83,8899.0,3.71,3.59,61.3,-0.284,19.51,21.66,01a59904o0242c
59904.393963,-20.952,0.62,-15,9,c,0,1.09,2.87006,35.973,3967.56,8938.83,3.55,3.49,72.6,-0.3,19.52,21.63,01a59904o0257c
59904.397197,21.599,1.073,8,9,c,0,1.31,2.87006,35.973,3907.66,8860.85,3.5,3.39,78.3,-0.294,19.51,21.62,01a59904o0264c
59904.417659,21.799,1.433,7,10,c,0,1.0,2.87006,35.973,3892.6,8980.27,3.73,3.62,79.9,-0.276,19.46,21.61,01a59904o0308c
59905.353863,21.829,1.256,7,8,c,0,0.88,2.87006,35.973,3940.33,8896.26,3.11,2.94,58.8,-0.315,19.71,21.72,01a59905o0318c
59905.359014,21.485,0.93,9,9,c,0,1.01,2.87006,35.973,3959.76,8934.98,3.17,2.99,61.9,-0.313,19.68,21.68,01a59905o0329c
59905.371178,-22.279,1.926,-4,9,c,0,1.15,2.87006,35.973,3902.92,8857.77,3.26,2.98,58.7,-0.305,19.68,21.65,01a59905o0355c
59905.378603,-21.91,1.792,-6,11,c,0,1.22,2.87006,35.973,3886.04,8977.69,3.54,3.44,69.7,-0.285,19.23,21.28,01a59905o0371c
59906.34265,-21.093,0.945,-13,12,o,0,1.01,2.87006,35.973,448.68,8439.73,2.32,1.95,-46.4,-0.472,19.52,20.91,02a59906o0360o
59906.345369,-21.069,0.905,-14,12,o,0,1.09,2.87006,35.973,10227.94,8468.08,2.57,2.17,-55.2,-0.445,19.54,20.94,02a59906o0366o
59906.345821,20.732,0.618,18,11,o,0,1.2,2.87006,35.973,429.92,8398.91,2.26,1.87,-46.2,-0.47,19.54,20.92,02a59906o0367o
59906.348539,-21.32,1.143,-11,12,o,0,0.99,2.87006,35.973,10208.72,8427.87,2.66,2.26,-54.2,-0.44,19.51,20.95,02a59906o0373o
59906.355665,20.912,0.746,16,12,o,0,1.29,2.87006,35.973,486.24,8476.76,2.25,1.89,-46.2,-0.473,19.54,20.94,02a59906o0388o
59906.359317,-21.049,0.913,-14,13,o,0,1.13,2.87006,35.973,10268.02,8508.9,2.59,2.27,-56.6,-0.439,19.53,20.99,02a59906o0396o
59906.361131,21.896,1.837,6,12,o,0,1.44,2.87006,35.973,507.16,8358.43,2.36,2.04,-47.7,-0.487,19.48,20.96,02a59906o0400o
59906.364768,-20.858,0.687,-16,11,o,0,1.18,2.87006,35.973,10286.74,8392.32,2.57,2.18,-55.3,-0.443,19.58,20.98,02a59906o0408o
59907.328691,21.478,0.81,9,8,c,0,1.3,2.87006,35.973,3934.62,8888.2,3.11,2.99,74.6,-0.327,19.67,21.69,01a59907o0311c
59907.343062,20.89,0.535,16,9,c,0,1.04,2.87006,35.973,3957.79,8930.13,3.1,2.95,67.1,-0.327,19.71,21.72,01a59907o0341c
59907.35299,-24.445,13.25,-1,8,c,0,1.06,2.87006,35.973,3900.82,8852.36,3.01,2.88,69.2,-0.332,19.75,21.72,01a59907o0362c
59907.36879,-21.357,0.716,-10,8,c,0,1.23,2.87006,35.973,3884.32,8971.85,3.08,2.9,61.2,-0.322,19.72,21.66,01a59907o0395c
59908.28084,22.815,3.0,3,8,c,0,1.21,2.87006,35.973,3923.26,8881.94,2.96,2.92,-43.7,-0.348,19.71,21.61,01a59908o0153c
59908.284087,21.096,0.593,13,8,c,0,0.88,2.87006,35.973,3944.12,8921.67,3.03,2.94,66.8,-0.337,19.72,21.65,01a59908o0160c
59908.297357,21.851,1.14,7,8,c,0,1.36,2.87006,35.973,3885.02,8845.42,3.0,2.95,71.0,-0.337,19.69,21.55,01a59908o0186c
59908.314753,21.158,0.699,12,9,c,0,0.97,2.87006,35.973,3870.21,8965.43,3.04,2.87,75.0,-0.33,19.71,21.53,01a59908o0222c
59909.218204,22.16,1.686,5,8,c,0,1.22,2.87006,35.973,6647.14,1850.12,2.82,2.73,65.7,-0.394,19.77,21.58,01a59909o0074c
59909.220973,-20.123,0.255,-32,8,c,0,0.94,2.87006,35.973,6627.06,1810.36,2.97,2.76,47.9,-0.368,19.73,21.58,01a59909o0080c
59909.224703,-19.738,0.159,-46,7,c,0,1.44,2.87006,35.973,6686.82,1888.72,2.94,2.76,49.2,-0.377,19.73,21.56,01a59909o0088c
59909.260209,-21.974,1.195,-6,7,c,0,1.21,2.87006,35.973,3860.61,8958.47,2.92,2.82,69.1,-0.345,19.75,21.59,01a59909o0164c
59909.265218,-22.467,3.486,-4,13,o,0,1.26,2.87006,35.973,456.01,8451.88,2.27,1.81,-55.7,-0.473,19.43,20.5,02a59909o0048o
59909.26838,21.915,2.095,6,13,o,0,0.75,2.87006,35.973,436.95,8411.79,2.31,1.65,-53.7,-0.47,19.44,20.5,02a59909o0055o
59909.291367,21.883,1.984,6,13,o,0,1.21,2.87006,35.973,485.85,8479.36,2.31,1.74,-53.4,-0.475,19.47,20.54,02a59909o0104o
59909.309386,20.743,0.567,18,10,o,0,1.17,2.87006,35.973,505.24,8359.76,2.2,1.78,-46.5,-0.472,19.44,20.56,02a59909o0142o
59909.365289,23.812,14.5,1,16,o,0,1.14,2.87006,35.973,10226.85,8468.43,3.27,2.3,-80.6,-0.389,19.25,20.59,02a59909o0263o
59909.371296,23.033,6.25,2,14,o,0,0.91,2.87006,35.973,10207.91,8427.64,2.56,2.12,-55.6,-0.438,19.49,20.58,02a59909o0276o
59909.37514,22.001,2.302,6,13,o,0,0.92,2.87006,35.973,10265.82,8507.65,2.54,2.05,-53.6,-0.436,19.48,20.55,02a59909o0284o
59909.39834,21.318,1.175,11,13,o,0,1.34,2.87006,35.973,10286.89,8391.88,2.67,1.94,-55.7,-0.449,19.5,20.55,02a59909o0332o
59914.350023,-21.585,1.402,-8,12,o,0,1.18,2.87006,35.973,756.84,4051.61,2.04,1.81,24.0,-0.45,19.32,20.23,02a59914o0374o
59914.353227,21.578,1.609,8,14,o,0,1.16,2.87006,35.973,737.43,4015.12,2.06,1.8,25.5,-0.449,19.33,20.2,02a59914o0381o
59914.358809,21.894,2.109,6,13,o,0,1.09,2.87006,35.973,797.17,4090.33,2.09,1.8,26.4,-0.447,19.28,20.19,02a59914o0393o
59914.373423,-20.199,0.339,-30,10,o,0,1.92,2.87006,35.973,819.11,3972.34,2.07,1.86,27.7,-0.443,19.29,20.15,02a59914o0425o
59915.311253,21.346,1.454,10,15,o,0,1.02,2.87006,35.973,754.58,4053.21,2.07,1.82,23.9,-0.444,19.08,19.71,02a59915o0285o
59915.314442,20.52,0.548,22,12,o,0,2.31,2.87006,35.973,735.53,4015.86,2.09,1.81,25.9,-0.443,19.07,19.71,02a59915o0292o
59915.320337,-21.355,1.51,-10,16,o,0,1.1,2.87006,35.973,795.33,4090.83,2.17,1.8,24.9,-0.436,19.05,19.7,02a59915o0305o
59915.337145,20.714,0.912,19,17,o,0,1.26,2.87006,35.973,816.69,3970.91,2.09,1.8,26.4,-0.445,19.09,19.72,02a59915o0342o
59917.33583,19.321,0.432,68,29,o,0,1.09,2.87006,35.973,751.49,4056.19,3.36,2.09,89.5,-0.35,18.39,19.09,02a59917o0284o
59917.339445,21.177,1.783,12,22,o,0,1.14,2.87006,35.973,732.8,4017.53,1.99,1.94,-0.1,-0.445,18.75,19.22,02a59917o0292o
59917.345868,22.859,11.522,3,30,o,0,1.22,2.87006,35.973,791.52,4093.48,2.0,1.93,-3.2,-0.453,18.29,18.58,02a59917o0306o
59917.359347,-24.416,40.667,-1,25,o,0,0.9,2.87006,35.973,815.88,3968.63,1.99,1.97,8.3,-0.447,18.68,19.18,02a59917o0335o
59958.21782,22.207,2.444,5,12,o,0,1.2,2.87006,35.973,378.02,6496.48,2.1,1.95,-14.7,-0.405,19.26,20.16,02a59958o0052o
59958.221009,21.76,1.676,7,12,o,0,1.28,2.87006,35.973,359.15,6457.42,2.11,1.91,-33.5,-0.417,19.31,20.23,02a59958o0059o
59958.226935,-20.777,0.786,-18,14,o,0,1.24,2.87006,35.973,417.46,6532.59,2.1,1.9,-32.7,-0.428,19.32,20.26,02a59958o0072o
59958.239256,-21.409,1.227,-10,12,o,0,1.22,2.87006,35.973,437.94,6413.7,2.17,1.99,-28.5,-0.409,19.27,20.25,02a59958o0099o
59970.303052,-19.441,0.377,-61,23,o,0,1.38,2.87006,35.973,8068.75,7949.19,2.87,2.49,32.3,-0.399,18.75,19.79,02a59970o0123o
60093.598454,19.968,0.403,37,15,o,0,1.39,2.87006,35.973,1932.83,6931.83,2.09,1.87,31.3,-0.431,19.2,20.04,02a60093o0716o
60093.602485,19.982,0.396,37,15,o,0,1.68,2.87006,35.973,1953.02,6970.93,2.05,1.87,27.0,-0.431,19.2,20.03,02a60093o0724o
60093.609316,20.586,0.69,21,15,o,0,1.52,2.87006,35.973,1894.58,6891.93,2.09,1.85,25.4,-0.429,19.13,19.91,02a60093o0738o
60093.614309,19.838,0.482,42,20,o,0,1.21,2.87006,35.973,1875.95,7008.96,2.09,1.91,27.1,-0.432,18.8,19.36,02a60093o0749o
60094.584218,-21.145,1.453,-13,18,o,0,1.05,2.87006,35.973,10001.88,10432.73,2.64,2.27,-44.9,-0.429,19.05,20.07,02a60094o0464o
60094.58693,-20.878,9.591,-16,155,o,0,1.46,2.87006,35.973,10022.21,10471.34,2.6,2.19,-43.2,-0.423,17.13,18.09,02a60094o0470o
60094.592182,20.429,0.641,24,16,o,0,1.78,2.87006,35.973,9962.72,10392.64,2.51,2.11,-46.9,-0.436,18.89,19.9,02a60094o0481o
60094.602686,-20.023,0.921,-36,33,o,0,1.74,2.87006,35.973,9946.47,10512.73,2.41,2.05,-48.3,-0.45,18.99,20.0,02a60094o0503o
60095.589186,21.301,0.986,11,11,o,0,1.34,2.87006,35.973,349.61,162.81,1.64,1.42,87.1,-0.597,19.27,20.26,02a60095o0555o
60095.59249,-21.655,1.713,-8,14,o,0,1.47,2.87006,35.973,369.96,203.77,1.82,1.56,-79.9,-0.58,19.24,20.37,02a60095o0562o
60095.59816,-25.748,73.5,0,13,o,0,1.15,2.87006,35.973,313.19,122.31,1.88,1.56,-63.8,-0.555,19.36,20.36,02a60095o0573o
60095.609108,20.49,0.586,23,14,o,0,0.89,2.87006,35.973,296.85,238.31,1.76,1.56,-70.6,-0.566,19.21,20.08,02a60095o0595o
60095.61094,22.114,3.134,5,16,o,0,1.13,2.87006,35.973,10007.4,178.19,1.79,1.32,-66.9,-0.568,19.18,20.07,02a60095o0599o
60095.613867,20.487,0.857,23,20,o,0,1.55,2.87006,35.973,10024.6,217.98,1.7,1.32,-68.5,-0.663,18.95,19.64,02a60095o0605o
60095.618195,-20.468,1.343,-24,32,o,0,1.12,2.87006,35.973,9971.5,140.64,1.77,1.29,-68.8,-0.646,18.38,18.7,02a60095o0613o
60095.620457,19.777,1.435,45,64,o,0,0.67,2.87006,35.973,9951.46,259.75,1.72,1.3,-68.9,-0.715,18.05,18.1,02a60095o0618o
60096.590191,20.851,1.836,17,30,o,0,1.39,2.87006,35.973,9885.4,8470.97,2.18,2.09,-2.1,-0.449,18.37,19.23,02a60096o0729o
60096.594517,-19.474,0.544,-59,32,o,0,1.24,2.87006,35.973,9905.66,8507.95,2.26,2.09,16.9,-0.449,18.65,19.63,02a60096o0737o
60096.599683,22.134,10.632,5,54,o,0,0.84,2.87006,35.973,9845.15,8434.39,2.24,2.1,8.8,-0.438,18.48,19.41,02a60096o0748o
60096.615729,19.732,1.204,46,56,o,0,1.07,2.87006,35.973,9830.99,8550.6,2.2,2.08,10.8,-0.452,18.18,18.62,02a60096o0781o
60105.57491,20.183,0.565,31,17,o,0,1.68,2.87006,35.973,3910.47,6867.94,2.75,2.31,29.7,-0.413,18.99,20.0,02a60105o0687o
60105.580234,20.748,0.857,18,16,o,0,1.71,2.87006,35.973,3930.57,6906.32,2.63,2.07,26.3,-0.408,19.07,20.02,02a60105o0698o
60105.586465,-21.696,1.868,-8,14,o,0,1.45,2.87006,35.973,3873.77,6828.36,2.62,2.13,29.3,-0.41,19.16,20.17,02a60105o0711o
60105.598252,-20.384,0.606,-26,16,o,0,1.64,2.87006,35.973,3854.9,6943.57,2.59,2.05,29.6,-0.41,19.17,20.12,02a60105o0736o
60106.591899,-18.06,0.369,-217,80,o,0,1.4,2.87006,35.973,7939.8,10525.53,2.62,2.42,-23.0,-0.41,19.12,20.17,02a60106o0733o
60107.500371,-19.249,0.582,-72,42,o,0,0.96,2.87006,35.973,8081.8,339.38,5.07,4.13,-11.7,-0.37,18.24,19.9,02a60107o0540o
60107.504516,-19.134,0.432,-81,35,o,0,1.15,2.87006,35.973,8101.56,377.82,4.46,3.74,-24.8,-0.374,18.44,19.96,02a60107o0548o
60107.515186,-19.848,0.764,-42,32,o,0,0.96,2.87006,35.973,8050.98,302.92,3.93,2.98,-10.2,-0.375,18.63,20.02,02a60107o0569o
60107.540966,20.189,0.91,30,28,o,0,1.15,2.87006,35.973,8037.89,413.67,4.07,3.46,-18.6,-0.359,18.62,20.15,02a60107o0623o
60109.585049,21.371,1.2,10,12,c,0,0.97,2.87006,35.973,6309.47,4356.16,2.81,2.67,40.2,-0.388,19.32,20.98,02a60109o0534c
60109.588212,-22.391,2.435,-4,10,c,0,1.29,2.87006,35.973,6329.41,4394.56,2.72,2.6,39.5,-0.383,19.31,20.99,02a60109o0541c
60109.60699,-21.209,0.963,-12,12,c,0,1.36,2.87006,35.973,6272.45,4317.8,2.56,2.35,40.4,-0.397,19.31,20.78,02a60109o0581c
60109.61054,20.235,0.475,29,14,c,0,1.19,2.87006,35.973,6255.85,4433.82,2.54,2.32,40.0,-0.392,19.15,20.44,02a60109o0588c
60110.405425,-20.568,0.8,-22,17,c,0,1.16,2.87006,35.973,383.17,6563.88,2.72,2.29,-85.8,-0.348,18.92,20.52,04a60110o0997c
60110.423614,22.184,3.435,5,17,c,0,0.96,2.87006,35.973,440.66,6640.01,2.69,2.19,87.0,-0.363,18.97,20.56,04a60110o1035c
60110.424967,21.259,1.545,11,18,c,0,1.11,2.87006,35.973,10150.29,6586.37,2.92,2.44,-24.1,-0.366,18.94,20.49,04a60110o1038c
60110.427718,-21.284,1.775,-11,20,c,0,1.17,2.87006,35.973,10131.07,6547.65,2.98,2.59,-28.1,-0.354,18.88,20.46,04a60110o1044c
60110.428169,21.765,2.375,7,17,c,0,0.81,2.87006,35.973,460.58,6522.66,2.75,2.3,89.2,-0.348,18.93,20.56,04a60110o1045c
60110.431798,23.508,15.4,1,22,c,0,1.16,2.87006,35.973,10189.85,6627.32,3.1,2.6,-29.9,-0.352,18.85,20.35,04a60110o1052c
60110.43352,-22.548,6.846,-4,24,c,0,0.9,2.87006,35.973,10209.46,6511.79,3.05,2.44,-28.4,-0.359,18.79,20.24,04a60110o1055c
60111.576149,19.958,0.355,38,13,c,0,0.87,2.87006,35.973,10180.32,4086.56,2.64,2.37,-49.2,-0.429,19.59,21.34,02a60111o0694c
60111.600939,-22.9,3.438,-2,9,c,0,1.69,2.87006,35.973,10203.04,4127.71,2.59,2.4,-50.4,-0.425,19.57,21.35,02a60111o0746c
60111.613783,-21.806,2.327,-7,16,c,0,1.14,2.87006,35.973,423.09,4077.86,2.32,2.21,39.3,-0.393,18.88,19.97,02a60111o0773c
60111.614235,-20.93,1.363,-15,21,c,0,1.04,2.87006,35.973,10146.98,4053.39,2.55,2.35,-50.4,-0.43,18.9,20.02,02a60111o0774c
60111.618284,-19.299,0.491,-69,34,c,0,1.1,2.87006,35.973,443.12,4117.1,2.42,2.29,34.7,-0.376,18.06,18.99,02a60111o0782c
60111.620545,-19.297,0.769,-69,53,c,0,1.32,2.87006,35.973,385.26,4037.38,2.4,2.24,36.9,-0.383,17.58,18.43,02a60111o0787c
60111.620996,19.661,1.514,50,75,c,0,1.04,2.87006,35.973,10129.52,4171.27,2.61,2.43,-46.8,-0.456,17.53,18.46,02a60111o0788c
60112.579211,-21.542,1.208,-9,11,c,0,1.56,2.87006,35.973,5906.41,8719.2,2.65,2.51,29.8,-0.402,19.53,21.28,02a60112o0708c
60112.582156,-20.301,0.403,-28,11,c,0,1.05,2.87006,35.973,5927.39,8758.12,2.57,2.43,29.8,-0.407,19.56,21.29,02a60112o0714c
60112.589634,-20.396,0.41,-25,10,c,0,1.34,2.87006,35.973,5868.56,8680.37,2.65,2.46,33.4,-0.401,19.52,21.33,02a60112o0730c
60112.599989,-22.832,4.0,-3,11,c,0,1.32,2.87006,35.973,5849.55,8797.09,2.61,2.45,30.8,-0.402,19.54,21.28,02a60112o0751c
60115.582325,21.155,0.628,12,8,c,0,2.09,2.87006,35.973,2451.45,2579.0,2.37,2.25,53.2,-0.417,19.57,21.35,02a60115o0694c
60115.587567,-22.049,1.634,-6,9,c,0,1.29,2.87006,35.973,2471.97,2618.96,2.41,2.23,48.7,-0.414,19.63,21.37,02a60115o0705c
60115.590278,-20.659,0.523,-20,10,c,0,0.91,2.87006,35.973,2415.28,2539.67,2.37,2.24,52.6,-0.418,19.61,21.38,02a60115o0711c
60115.606656,-19.345,0.125,-66,8,c,0,1.17,2.87006,35.973,2400.19,2657.95,2.41,2.24,52.1,-0.413,19.51,21.15,02a60115o0745c
60123.528185,21.16,1.091,12,14,c,0,1.01,2.87006,35.973,10108.79,3743.85,2.85,2.6,-54.9,-0.404,19.4,21.16,02a60123o0582c
60123.530925,-23.557,9.429,-1,13,c,0,1.52,2.87006,35.973,10127.02,3782.77,2.86,2.68,-52.0,-0.401,19.36,21.17,02a60123o0588c
60123.533658,-21.39,1.296,-10,13,c,0,1.34,2.87006,35.973,10067.12,3708.24,2.82,2.58,-52.1,-0.411,19.41,21.19,02a60123o0594c
60123.538964,-22.085,2.414,-5,13,c,0,0.92,2.87006,35.973,10046.55,3823.6,2.79,2.59,-49.1,-0.409,19.46,21.22,02a60123o0605c
60123.555222,21.161,0.795,12,10,c,0,1.06,2.87006,35.973,171.71,3723.61,2.5,2.47,23.0,-0.383,19.45,21.21,02a60123o0640c
60123.557943,20.889,0.552,16,9,c,0,1.51,2.87006,35.973,190.96,3763.25,2.54,2.45,32.9,-0.39,19.46,21.21,02a60123o0646c
60123.56295,19.911,0.222,39,9,c,0,1.45,2.87006,35.973,130.19,3682.0,2.76,2.56,69.5,-0.37,19.37,21.23,02a60123o0657c
60123.57902,-21.935,1.238,-6,8,c,0,1.24,2.87006,35.973,108.04,3796.5,2.49,2.44,41.2,-0.383,19.55,21.34,02a60123o0691c
60124.587841,20.981,0.882,15,13,c,0,1.09,2.87006,35.973,3659.25,8786.69,2.73,2.64,23.4,-0.386,19.51,21.41,02a60124o0720c
60124.594032,-21.976,1.946,-6,12,c,0,1.19,2.87006,35.973,3677.42,8825.94,2.62,2.53,27.8,-0.388,19.55,21.41,02a60124o0733c
60124.597895,23.169,6.083,2,12,c,0,1.4,2.87006,35.973,3617.21,8747.66,2.69,2.54,36.1,-0.384,19.5,21.4,02a60124o0741c
60124.616421,20.894,1.081,16,17,c,0,1.36,2.87006,35.973,3594.43,8864.54,2.68,2.54,42.4,-0.377,18.91,20.13,02a60124o0780c
60128.371591,-18.971,0.893,-94,84,o,0,0.81,2.87006,35.973,4376.15,10199.1,4.23,3.37,-77.9,-0.296,17.47,18.13,04a60128o0922o
60128.374303,-19.342,1.216,-67,81,o,0,1.43,2.87006,35.973,4357.19,10160.67,3.84,2.9,-73.4,-0.338,17.48,18.23,04a60128o0928o
60128.380206,-18.562,0.504,-137,69,o,0,1.24,2.87006,35.973,4413.59,10238.15,3.77,2.89,-72.3,-0.388,17.46,18.25,04a60128o0941o
60128.381108,20.87,5.391,16,88,o,0,1.05,2.87006,35.973,4639.04,71.81,3.51,3.26,46.9,-0.323,17.36,17.99,04a60128o0943o
60128.402407,20.751,3.545,18,64,o,0,1.19,2.87006,35.973,4435.62,10120.8,3.83,2.86,-74.0,-0.338,17.66,18.3,04a60128o0987o
60129.566705,-19.555,0.512,-55,28,o,0,1.07,2.87006,35.973,10196.39,7631.95,2.41,2.08,-55.1,-0.451,18.79,19.23,02a60129o0656o
60129.572521,-20.211,0.764,-30,23,o,0,1.0,2.87006,35.973,10215.67,7671.1,2.34,2.02,-53.6,-0.458,18.88,19.31,02a60129o0668o
60129.576486,-20.269,0.894,-28,25,o,0,1.04,2.87006,35.973,10156.78,7596.05,2.35,2.11,-53.5,-0.452,18.89,19.33,02a60129o0676o
60129.588229,-20.318,0.861,-27,23,o,0,1.12,2.87006,35.973,10133.3,7715.83,2.31,2.05,-55.7,-0.457,18.92,19.37,02a60129o0699o
60130.545632,19.139,0.478,80,38,o,0,1.61,2.87006,35.973,10259.21,9587.41,2.5,2.06,-53.3,-0.432,18.24,18.74,02a60130o0629o
60130.548347,-20.28,0.663,-28,19,o,0,1.17,2.87006,35.973,10280.03,9626.86,2.53,2.08,-54.2,-0.425,18.68,19.38,02a60130o0635o
60130.563685,23.035,9.25,2,20,o,0,1.02,2.87006,35.973,10216.14,9551.11,2.54,2.12,-53.6,-0.436,18.98,19.64,02a60130o0667o
60130.570047,-20.881,1.049,-16,17,o,0,0.88,2.87006,35.973,10194.16,9669.4,2.46,2.07,-55.6,-0.443,19.05,19.67,02a60130o0680o
60131.560537,21.607,3.172,8,26,o,0,1.66,2.87006,35.973,10524.38,9563.66,2.46,1.98,-54.4,-0.465,19.07,19.74,02a60131o0456o
60131.577569,21.798,3.66,7,25,o,0,1.06,2.87006,35.973,10501.45,9682.06,2.67,1.98,-52.5,-0.457,19.09,19.78,02a60131o0491o
60132.555202,-24.034,18.0,-1,16,o,0,1.08,2.87006,35.973,8488.43,9739.88,2.26,2.15,-50.2,-0.443,19.11,19.83,02a60132o0655o
60132.577365,-21.779,2.154,-7,15,o,0,1.13,2.87006,35.973,8512.89,9781.16,2.38,2.22,-59.6,-0.433,19.09,19.87,02a60132o0701o
60132.580851,20.009,0.485,36,18,o,0,1.17,2.87006,35.973,8449.48,9703.84,2.36,2.21,47.4,-0.432,19.1,19.88,02a60132o0708o
60132.587428,-20.405,0.638,-25,16,o,0,1.19,2.87006,35.973,8429.39,9822.59,2.31,2.25,74.3,-0.433,19.12,19.9,02a60132o0722o
60134.345962,17.697,1.368,303,414,o,0,1.16,2.87006,35.973,2667.5,2099.46,2.33,2.11,51.3,-0.424,15.3,15.38,04a60134o0863o
60134.359571,16.624,1.518,813,1234,o,0,0.87,2.87006,35.973,2649.01,2060.12,2.24,2.03,52.7,-0.418,14.21,14.2,04a60134o0892o
60134.367751,19.479,6.32,59,371,o,0,1.53,2.87006,35.973,2710.1,2136.96,2.09,1.98,53.3,-0.383,15.34,15.32,04a60134o0910o
60134.370961,-13.708,1.507,-11935,17984,o,0,0.96,2.87006,35.973,2729.64,2020.72,2.16,1.96,58.6,-0.417,11.58,11.49,04a60134o0917o
60137.562207,22.006,1.904,6,11,o,0,1.29,2.87006,35.973,3021.91,1293.46,2.09,1.98,71.0,-0.467,19.48,20.83,02a60137o0615o
60137.565371,22.59,3.857,3,13,o,0,0.67,2.87006,35.973,3042.1,1333.1,2.17,2.07,71.9,-0.46,19.47,20.83,02a60137o0622o
60137.571409,21.622,1.667,8,14,o,0,0.95,2.87006,35.973,2983.67,1254.19,2.25,2.18,65.7,-0.456,19.43,20.79,02a60137o0635o
60137.589855,-22.469,2.943,-4,11,o,0,0.71,2.87006,35.973,2967.09,1370.05,2.06,1.96,58.0,-0.462,19.55,20.89,02a60137o0672o
60138.525372,-22.584,6.133,-3,21,o,0,1.54,2.87006,35.973,6440.21,7904.52,2.76,2.33,34.3,-0.399,18.76,19.81,02a60138o0583o
60138.52718,-20.797,1.163,-17,20,o,0,1.44,2.87006,35.973,6461.38,7944.61,2.55,2.21,34.4,-0.417,18.79,19.81,02a60138o0587o
60138.530347,-21.974,4.143,-6,24,o,0,0.99,2.87006,35.973,6401.37,7868.12,2.6,2.27,35.2,-0.413,18.78,19.78,02a60138o0594o
60138.554622,-20.608,0.904,-21,19,o,0,1.17,2.87006,35.973,6385.21,7984.82,2.74,2.37,38.5,-0.41,19.06,20.14,02a60138o0645o
60140.370967,21.849,2.559,7,17,o,0,1.37,2.87006,35.973,8112.54,6152.7,2.65,2.38,-54.7,-0.397,18.97,20.24,04a60140o0923o
60140.372777,-22.263,3.545,-4,16,o,0,1.29,2.87006,35.973,8093.03,6113.59,2.76,2.47,-56.1,-0.373,18.96,20.24,04a60140o0927o
60140.378689,-20.493,0.669,-23,15,o,0,1.5,2.87006,35.973,8151.81,6191.44,2.53,2.3,-46.5,-0.41,19.02,20.27,04a60140o0940o
60140.395824,20.954,1.123,15,17,o,0,0.98,2.87006,35.973,8173.99,6073.9,2.53,2.31,-43.5,-0.411,19.04,20.34,04a60140o0977o
60141.539932,-22.698,3.3,-3,10,c,0,1.22,2.87006,35.973,2391.79,4516.46,2.57,2.39,40.5,-0.414,19.53,21.35,02a60141o0627c
60141.543503,20.831,0.56,17,10,c,0,1.22,2.87006,35.973,2405.08,4556.6,2.54,2.33,39.5,-0.415,19.55,21.38,02a60141o0632c
60141.550398,22.21,2.107,5,10,c,0,1.12,2.87006,35.973,2353.49,4479.22,2.71,2.56,47.8,-0.413,19.5,21.42,02a60141o0645c
60141.556287,24.072,11.333,1,10,c,0,1.12,2.87006,35.973,2338.34,4594.7,2.49,2.32,38.5,-0.42,19.57,21.45,02a60141o0658c
60145.563281,20.989,0.889,15,13,c,0,0.97,2.87006,35.973,9972.69,185.93,2.69,1.98,-63.7,-0.458,19.61,21.5,02a60145o0250c
60145.565088,-21.761,1.667,-7,12,c,0,1.0,2.87006,35.973,9992.78,224.37,2.66,1.98,-63.8,-0.451,19.63,21.5,02a60145o0254c
60145.568255,21.23,1.224,12,14,c,0,0.97,2.87006,35.973,9939.68,145.47,2.68,2.02,-64.2,-0.451,19.64,21.53,02a60145o0261c
60145.572967,20.857,0.595,16,10,c,0,1.03,2.87006,35.973,317.04,154.1,2.53,2.25,-74.0,-0.437,19.59,21.5,02a60145o0270c
60145.594316,21.097,0.833,13,11,c,0,1.28,2.87006,35.973,9948.58,273.76,2.74,2.08,-62.8,-0.641,19.63,21.61,02a60145o0314c
60145.594769,-21.533,0.918,-9,8,c,0,1.3,2.87006,35.973,357.63,200.41,2.55,2.32,-75.8,-0.431,19.62,21.59,02a60145o0315c
60145.598383,20.746,0.453,18,8,c,0,1.14,2.87006,35.973,303.22,117.4,2.5,2.28,-76.3,-0.446,19.64,21.58,02a60145o0323c
60145.610472,23.029,4.688,2,10,c,0,0.52,2.87006,35.973,300.41,240.68,2.47,2.26,-70.6,-0.443,19.62,21.49,02a60145o0348c
60147.519483,-20.899,0.869,-16,14,c,0,0.72,2.87006,35.973,9825.78,8468.25,2.79,2.74,-17.2,-0.394,19.51,21.29,02a60147o0572c
60147.522647,-21.064,0.987,-14,13,c,0,1.1,2.87006,35.973,9848.06,8507.03,2.73,2.68,-16.6,-0.398,19.52,21.29,02a60147o0579c
60147.52581,-23.829,9.833,-1,10,c,0,1.68,2.87006,35.973,9788.99,8431.33,2.68,2.66,-5.2,-0.403,19.54,21.3,02a60147o0586c
60147.533801,-20.894,0.719,-16,12,c,0,1.17,2.87006,35.973,9771.56,8549.52,2.71,2.66,-12.4,-0.399,19.57,21.37,02a60147o0601c
60149.533874,-22.124,1.933,-5,10,c,0,1.49,2.87006,35.973,10034.77,2143.01,2.82,2.39,-58.1,-0.419,19.55,21.6,02a60149o0618c
60149.535682,23.235,4.364,2,8,c,0,1.7,2.87006,35.973,10054.67,2182.27,2.79,2.37,-57.6,-0.422,19.59,21.61,02a60149o0622c
60149.538848,-22.708,3.579,-3,11,c,0,1.03,2.87006,35.973,10000.04,2105.65,2.71,2.3,-56.7,-0.421,19.63,21.63,02a60149o0629c
60149.541161,20.475,0.346,23,8,c,0,1.75,2.87006,35.973,248.68,2113.93,2.41,2.33,-86.1,-0.438,19.62,21.59,02a60149o0633c
60149.542967,22.684,2.8,3,9,c,0,1.28,2.87006,35.973,269.35,2155.4,2.5,2.4,-89.6,-0.431,19.58,21.59,02a60149o0637c
60149.544323,-22.537,2.174,-4,8,c,0,1.71,2.87006,35.973,9983.9,2225.25,2.66,2.25,-58.0,-0.428,19.61,21.65,02a60149o0640c
60149.546585,20.939,0.532,15,8,c,0,1.06,2.87006,35.973,213.06,2075.02,2.38,2.3,-76.0,-0.438,19.62,21.61,02a60149o0645c
60149.562362,20.81,0.475,17,8,c,0,1.1,2.87006,35.973,202.13,2192.78,2.4,2.32,-90.0,-0.436,19.64,21.64,02a60149o0677c
60151.540919,-20.859,0.52,-16,9,c,0,1.52,2.87006,35.973,9743.91,6524.7,2.61,2.61,-78.4,-0.416,19.59,21.51,02a60151o0613c
60151.542727,-21.005,0.702,-14,10,c,0,1.13,2.87006,35.973,9765.13,6564.67,2.65,2.62,-18.2,-0.418,19.62,21.52,02a60151o0617c
60151.545889,-21.439,0.895,-10,9,c,0,1.3,2.87006,35.973,9708.16,6489.4,2.64,2.61,16.8,-0.412,19.62,21.53,02a60151o0624c
60151.558186,-21.322,0.891,-11,10,c,0,1.08,2.87006,35.973,9698.42,6608.67,2.62,2.59,-69.8,-0.421,19.64,21.56,02a60151o0646c
60153.515619,22.259,2.0,4,9,c,0,1.37,2.87006,35.973,4263.51,551.74,2.67,2.48,-77.3,-0.407,19.51,21.42,02a60153o0583c
60153.518784,-21.08,0.797,-13,11,c,0,0.85,2.87006,35.973,4284.01,591.43,2.81,2.64,-78.1,-0.403,19.47,21.44,02a60153o0590c
60153.522132,22.487,2.818,4,10,c,0,0.95,2.87006,35.973,4227.89,513.23,2.72,2.53,-70.8,-0.403,19.49,21.46,02a60153o0597c
60153.545821,20.726,0.492,19,9,c,0,1.21,2.87006,35.973,4227.63,634.29,2.58,2.38,-77.3,-0.417,19.57,21.57,02a60153o0640c
60155.532051,-20.064,0.436,-34,15,o,0,1.17,2.87006,35.973,3857.13,6853.62,2.33,1.92,41.0,-0.432,19.2,20.03,02a60155o0616o
60155.53386,-20.263,0.461,-28,13,o,0,1.67,2.87006,35.973,3878.4,6894.68,2.37,1.93,37.0,-0.43,19.24,20.05,02a60155o0620o
60155.552255,-19.499,0.269,-58,16,o,0,1.19,2.87006,35.973,3836.96,6817.06,2.54,1.99,39.6,-0.418,19.29,20.29,02a60155o0656o
60155.555882,-19.866,0.35,-41,14,o,0,1.16,2.87006,35.973,3820.76,6935.25,2.56,1.93,36.8,-0.416,19.39,20.4,02a60155o0664o
60156.49486,-21.479,5.538,-9,52,o,0,0.78,2.87006,35.973,7868.6,10517.75,2.55,2.04,-53.9,-0.442,18.73,19.14,02a60156o0544o
60157.51182,-19.452,0.419,-60,25,o,0,1.15,2.87006,35.973,8051.29,334.43,2.23,1.73,-60.9,-0.472,18.78,19.24,02a60157o0577o
60157.513629,-19.778,0.522,-44,23,o,0,1.29,2.87006,35.973,8070.99,373.94,2.37,1.84,-59.2,-0.483,18.75,19.25,02a60157o0581o
60157.514533,17.933,0.214,244,52,o,0,2.03,2.87006,35.973,7884.62,10518.3,2.45,2.14,-59.0,-0.438,18.8,19.24,02a60157o0583o
60157.517258,-19.349,0.365,-66,24,o,0,1.26,2.87006,35.973,8017.04,295.66,2.35,1.81,-59.9,-0.493,18.79,19.25,02a60157o0589o
60157.536263,22.374,4.659,4,19,o,0,1.83,2.87006,35.973,8009.06,419.45,2.11,1.68,-66.2,-0.512,18.84,19.31,02a60157o0626o
60159.519353,21.841,2.93,7,20,o,0,1.15,2.87006,35.973,6261.93,4353.18,2.29,1.96,40.9,-0.436,18.94,19.5,02a60159o0601o
60159.521162,22.203,3.35,5,16,o,0,1.91,2.87006,35.973,6282.34,4392.01,2.34,1.98,41.3,-0.429,18.95,19.51,02a60159o0605o
60159.524325,-20.922,1.184,-16,18,o,0,0.86,2.87006,35.973,6226.75,4315.18,2.29,1.92,39.5,-0.433,19.01,19.52,02a60159o0612o
60159.529759,-22.417,4.441,-4,17,o,0,1.3,2.87006,35.973,6211.53,4431.68,2.3,1.94,42.4,-0.429,19.0,19.53,02a60159o0624o
60161.503879,20.422,0.846,25,21,o,0,0.99,2.87006,35.973,10131.23,4085.17,2.2,1.95,-52.8,-0.474,18.98,19.54,02a60161o0577o
60161.507042,20.577,0.791,21,17,o,0,1.4,2.87006,35.973,10153.04,4123.99,2.16,1.89,-50.9,-0.487,18.99,19.55,02a60161o0584o
60161.5084,-20.352,0.604,-26,16,o,0,1.46,2.87006,35.973,360.45,4063.7,2.02,1.88,30.1,-0.421,18.98,19.51,02a60161o0587o
60161.510329,-21.584,2.013,-8,17,o,0,1.34,2.87006,35.973,10097.66,4048.35,2.18,1.93,-52.1,-0.469,19.0,19.56,02a60161o0591o
60161.512276,21.825,2.657,7,18,o,0,0.84,2.87006,35.973,381.96,4104.51,2.02,1.86,32.7,-0.421,19.0,19.53,02a60161o0595o
60161.515002,-22.039,3.356,-6,19,o,0,1.03,2.87006,35.973,325.85,4024.5,1.99,1.83,33.2,-0.429,18.99,19.54,02a60161o0601o
60161.535846,21.21,1.542,12,18,o,0,1.0,2.87006,35.973,10101.28,4171.71,2.2,1.9,-54.4,-0.468,19.08,19.61,02a60161o0640o
60161.53777,20.356,0.515,26,14,o,0,1.76,2.87006,35.973,323.93,4144.11,1.99,1.87,24.0,-0.437,19.03,19.59,02a60161o0644o
60162.52786,-22.425,4.267,-4,17,o,0,1.08,2.87006,35.973,5875.55,8715.38,2.51,2.03,40.7,-0.419,19.13,19.86,02a60162o0518o
60162.531034,-20.177,0.506,-31,16,o,0,1.23,2.87006,35.973,5898.63,8756.59,2.41,2.0,41.4,-0.428,19.18,19.87,02a60162o0525o
60162.548494,-20.216,0.538,-30,16,o,0,1.06,2.87006,35.973,5856.15,8680.39,2.39,2.04,41.8,-0.429,19.14,19.88,02a60162o0561o
60170.426304,-20.386,0.385,-25,10,c,0,1.61,2.87006,35.973,7739.54,6653.03,2.55,2.48,49.3,-0.413,19.58,21.29,02a60170o0413c
60170.447839,-20.957,0.67,-15,10,c,0,1.26,2.87006,35.973,7764.42,6693.41,2.5,2.49,78.4,-0.42,19.59,21.37,02a60170o0459c
60170.464967,-20.973,0.747,-15,11,c,0,1.3,2.87006,35.973,7714.15,6620.83,2.57,2.47,52.0,-0.41,19.6,21.37,02a60170o0494c
60170.466775,-21.358,1.0,-10,10,c,0,1.0,2.87006,35.973,7695.54,6737.23,2.56,2.44,42.4,-0.412,19.61,21.38,02a60170o0498c
60171.488647,21.666,1.17,8,9,c,0,1.5,2.87006,35.973,7776.62,6659.1,2.51,2.42,49.2,-0.414,19.69,21.52,02a60171o0544c
60171.490456,-21.368,0.901,-10,9,c,0,1.27,2.87006,35.973,7798.0,6699.26,2.5,2.39,44.1,-0.415,19.69,21.52,02a60171o0548c
60171.493758,-20.991,0.61,-15,9,c,0,1.52,2.87006,35.973,7742.46,6620.97,2.54,2.37,43.0,-0.411,19.68,21.52,02a60171o0555c
60171.518346,-21.424,0.821,-10,8,c,0,1.31,2.87006,35.973,7749.22,6741.52,2.53,2.39,43.9,-0.412,19.66,21.57,02a60171o0598c
60173.488735,-21.46,1.316,-10,12,c,0,0.84,2.87006,35.973,5818.9,6770.46,2.72,2.38,39.2,-0.399,19.49,21.28,02a60173o0545c
60173.490544,-19.252,0.342,-72,25,c,0,1.46,2.87006,35.973,5840.01,6809.56,2.7,2.37,40.5,-0.4,18.61,20.29,02a60173o0549c
60173.505392,21.247,1.479,12,17,c,0,1.03,2.87006,35.973,5796.7,6734.95,2.7,2.37,38.4,-0.402,19.05,20.8,02a60173o0578c
60173.513579,18.9,2.062,100,206,c,0,1.24,2.87006,35.973,5787.65,6850.68,2.68,2.34,34.9,-0.408,16.28,17.79,02a60173o0595c
60174.423081,-19.398,0.176,-63,11,c,0,1.42,2.87006,35.973,3845.06,8795.02,2.56,2.38,31.2,-0.399,19.61,21.43,02a60174o0412c
60174.425881,-18.944,0.097,-96,9,c,0,1.33,2.87006,35.973,3864.53,8835.79,2.58,2.38,33.5,-0.395,19.58,21.44,02a60174o0418c
60174.43094,-21.818,1.609,-7,11,c,0,1.13,2.87006,35.973,3803.75,8757.18,2.57,2.37,34.0,-0.397,19.58,21.46,02a60174o0429c
60174.436933,25.212,36.0,0,11,c,0,1.62,2.87006,35.973,3789.64,8875.9,2.55,2.38,32.4,-0.396,19.56,21.44,02a60174o0442c
60175.489996,22.088,1.861,5,10,c,0,1.82,2.87006,35.973,3886.76,8799.93,2.65,2.34,38.4,-0.392,19.5,21.13,02a60175o0545c
60175.510669,-20.579,0.493,-21,10,c,0,1.27,2.87006,35.973,3930.78,8841.75,2.69,2.36,33.3,-0.389,19.52,21.18,02a60175o0587c
60175.512478,20.484,0.445,23,10,c,0,1.85,2.87006,35.973,3873.12,8764.26,2.71,2.35,34.5,-0.386,19.5,21.18,02a60175o0591c
60175.528722,-21.062,0.744,-14,10,c,0,1.53,2.87006,35.973,3873.24,8884.82,2.7,2.39,31.7,-0.384,19.54,21.22,02a60175o0624c
60177.497419,21.614,1.2,8,10,c,0,1.15,2.87006,35.973,4359.37,4446.7,2.57,2.41,40.5,-0.407,19.57,21.4,02a60177o0536c
60177.499227,21.105,0.667,13,9,c,0,1.52,2.87006,35.973,4380.22,4485.23,2.59,2.42,41.2,-0.403,19.59,21.41,02a60177o0540c
60177.502051,22.053,1.879,6,10,c,0,1.04,2.87006,35.973,4326.26,4409.32,2.71,2.57,43.1,-0.394,19.51,21.4,02a60177o0546c
60177.519192,21.067,0.758,14,10,c,0,0.99,2.87006,35.973,4330.31,4530.07,2.59,2.41,40.4,-0.402,19.56,21.37,02a60177o0583c
60179.531319,21.294,1.0,11,11,c,0,1.3,2.87006,35.973,4340.88,10090.52,2.61,2.49,-43.8,-0.401,19.57,21.48,02a60179o0637c
60181.529374,-19.611,0.155,-52,8,c,0,1.3,2.87006,35.973,4297.64,8143.23,2.65,2.43,32.1,-0.395,19.6,21.5,02a60181o0499c
60181.573487,-20.822,0.611,-17,10,c,0,1.22,2.87006,35.973,4279.34,8104.97,2.69,2.47,35.4,-0.39,19.59,21.54,02a60181o0532c
60181.600442,23.215,4.75,2,9,c,0,1.19,2.87006,35.973,4337.36,8180.25,2.57,2.5,20.8,-0.4,19.59,21.46,02a60181o0587c
60187.508822,19.313,0.467,68,32,o,0,1.41,2.87006,35.973,2324.45,6321.63,3.04,2.76,11.5,-0.391,18.22,18.77,02a60187o0623o
60187.536538,-20.806,1.699,-17,29,o,0,1.52,2.87006,35.973,2305.97,6283.27,2.73,2.47,33.5,-0.396,18.35,18.81,02a60187o0678o
60187.539616,-21.129,2.917,-13,37,o,0,1.24,2.87006,35.973,2364.71,6358.47,3.34,3.21,28.4,-0.412,18.09,18.79,02a60187o0683o
60187.568117,21.724,3.895,7,29,o,0,1.14,2.87006,35.973,2383.62,6242.25,2.96,2.67,29.0,-0.391,18.27,18.84,02a60187o0740o
60191.515006,21.203,1.341,12,16,o,0,1.03,2.87006,35.973,8115.15,6050.25,2.86,1.82,-61.7,-0.451,19.09,19.96,02a60191o0634o
60191.518637,-22.911,6.167,-2,15,o,0,1.42,2.87006,35.973,8094.85,6011.14,2.87,1.84,-62.0,-0.447,19.08,19.95,02a60191o0642o
60191.524061,22.194,3.647,5,18,o,0,1.09,2.87006,35.973,8153.33,6090.17,2.92,1.84,-64.0,-0.452,19.05,19.9,02a60191o0654o
60191.559181,20.233,0.498,29,15,o,0,1.88,2.87006,35.973,8170.65,5972.68,2.74,1.81,-63.0,-0.47,19.02,19.79,02a60191o0723o
60193.627548,-19.111,0.648,-82,53,o,0,1.43,2.87006,35.973,8646.26,3636.76,2.6,1.89,-59.2,-0.485,17.83,18.26,02a60193o0602o
60193.63073,19.239,0.35,73,26,o,0,1.12,2.87006,35.973,8625.01,3596.86,2.54,1.9,-60.1,-0.442,18.55,19.09,02a60193o0609o
60193.633914,19.632,1.883,51,96,o,0,1.1,2.87006,35.973,8683.13,3676.1,2.32,1.82,-58.1,-0.442,16.85,17.04,02a60193o0616o
60193.637119,-19.266,1.018,-71,73,o,0,0.94,2.87006,35.973,8707.7,3558.87,2.56,1.88,-60.3,-0.439,17.63,17.89,02a60193o0623o
60194.522554,-19.544,0.197,-55,11,o,0,1.07,2.87006,35.973,565.11,129.95,1.9,1.63,-78.5,-0.495,19.46,20.43,02a60194o0531o
60194.557237,-21.424,1.349,-10,13,o,0,1.01,2.87006,35.973,544.02,87.43,1.87,1.68,-77.9,-0.501,19.28,20.27,02a60194o0602o
60194.56935,20.048,0.711,35,25,o,0,1.06,2.87006,35.973,608.75,160.17,2.01,1.67,-66.1,-0.491,18.35,19.06,02a60194o0625o
60194.591454,20.196,0.765,30,23,o,0,1.32,2.87006,35.973,629.14,40.91,1.87,1.67,-86.1,-0.505,19.2,20.11,02a60194o0670o
60195.500963,-19.606,0.256,-52,13,o,0,1.42,2.87006,35.973,543.93,10380.97,2.02,1.61,-54.0,-0.597,19.51,20.67,02a60195o0605o
60195.501415,-19.892,0.315,-40,13,o,0,0.94,2.87006,35.973,10193.45,10409.7,2.73,1.83,-55.7,-0.458,19.52,20.67,02a60195o0606o
60195.50503,-19.287,0.18,-70,13,o,0,1.03,2.87006,35.973,526.07,10341.47,2.13,1.62,-54.7,-0.52,19.5,20.65,02a60195o0614o
60195.506386,-20.35,0.438,-26,12,o,0,1.18,2.87006,35.973,10174.09,10370.05,2.67,1.83,-53.3,-0.457,19.51,20.65,02a60195o0617o
60195.50955,20.381,0.594,26,15,o,0,1.32,2.87006,35.973,10235.42,10451.77,2.68,1.76,-59.2,-0.466,19.52,20.65,02a60195o0624o
60195.511359,-19.884,0.38,-40,15,o,0,0.77,2.87006,35.973,584.97,10418.89,2.03,1.56,-55.0,-0.541,19.53,20.64,02a60195o0628o
60195.512881,20.567,0.389,22,8,o,0,1.76,2.87006,35.973,568.47,132.89,1.96,1.69,-66.9,-0.498,19.51,20.61,02a60195o0631o
60195.515881,22.164,2.161,5,11,o,0,1.62,2.87006,35.973,547.48,90.92,1.92,1.61,-67.1,-0.523,19.51,20.61,02a60195o0636o
60195.544973,20.889,0.722,16,12,o,0,1.62,2.87006,35.973,10250.11,10335.19,2.78,1.89,-57.7,-0.461,19.49,20.6,02a60195o0695o
60195.546482,21.014,1.176,14,17,o,0,1.05,2.87006,35.973,604.35,10296.14,1.89,1.56,-44.2,-0.61,19.54,20.6,02a60195o0698o
60195.547049,-20.629,0.468,-20,10,o,0,1.87,2.87006,35.973,606.95,166.7,1.85,1.63,-68.4,-0.528,19.5,20.59,02a60195o0699o
60195.575475,20.909,1.722,16,27,o,0,0.81,2.87006,35.973,629.65,41.03,1.92,1.58,-69.2,-0.522,19.48,20.56,02a60195o0758o
60196.492938,21.394,1.243,10,12,o,0,1.07,2.87006,35.973,679.61,2091.14,1.99,1.85,33.1,-0.458,19.45,20.48,02a60196o0581o
60196.496111,-21.997,2.268,-6,13,o,0,0.71,2.87006,35.973,660.68,2052.13,1.99,1.94,23.2,-0.455,19.45,20.5,02a60196o0588o
60196.501564,-23.129,5.684,-2,12,o,0,1.22,2.87006,35.973,722.14,2129.14,2.03,1.99,-63.0,-0.455,19.45,20.51,02a60196o0600o
60196.511571,-21.504,1.125,-9,10,o,0,1.11,2.87006,35.973,741.86,2009.14,1.92,1.83,34.2,-0.472,19.47,20.47,02a60196o0622o
60197.575423,21.5,1.183,9,11,o,0,1.29,2.87006,35.973,690.3,2081.7,2.22,2.19,52.3,-0.443,19.39,20.74,02a60197o0749o
60197.602126,23.218,6.154,2,12,o,0,1.19,2.87006,35.973,672.79,2040.31,2.35,2.26,46.3,-0.459,19.3,20.69,02a60197o0804o
60197.630901,-20.83,0.742,-17,12,o,0,1.56,2.87006,35.973,740.35,2115.25,2.21,2.18,-73.8,-0.454,19.15,20.19,02a60197o0863o
60197.640229,-20.359,1.43,-26,37,o,0,1.04,2.87006,35.973,759.66,1996.52,2.35,2.19,-58.3,-0.445,18.01,18.09,02a60197o0881o
60199.451655,20.999,0.773,14,11,c,0,1.24,2.87006,35.973,300.1,2120.94,2.47,2.37,-67.3,-0.425,19.34,20.96,02a60199o0499c
60199.454818,-20.375,0.406,-26,10,c,0,1.45,2.87006,35.973,323.39,2159.42,2.55,2.48,-39.4,-0.408,19.3,20.92,02a60199o0506c
60199.460245,20.278,0.517,28,14,c,0,0.75,2.87006,35.973,272.69,2081.12,2.49,2.45,-60.5,-0.418,19.22,20.84,02a60199o0518c
60199.46568,19.435,0.303,61,18,c,0,1.08,2.87006,35.973,261.35,2198.75,2.5,2.48,-63.5,-0.42,18.91,20.49,02a60199o0530c
60199.480997,21.215,0.806,12,10,c,0,1.56,2.87006,35.973,471.91,8422.82,2.38,2.29,-30.0,-0.436,19.31,20.92,02a60199o0560c
60199.48804,21.076,0.875,14,12,c,0,1.47,2.87006,35.973,453.19,8384.38,2.41,2.31,-18.1,-0.431,19.14,20.75,02a60199o0575c
60199.493591,20.163,0.418,31,13,c,0,1.37,2.87006,35.973,512.2,8459.97,2.45,2.34,-13.4,-0.432,19.18,20.79,02a60199o0586c
60199.525486,20.682,0.892,19,17,c,0,0.69,2.87006,35.973,532.8,8337.76,2.4,2.26,-17.1,-0.443,19.0,20.53,02a60199o0649c
60200.174584,-20.514,0.694,-23,16,o,0,1.6,2.87006,35.973,787.94,4178.53,2.8,2.32,63.4,-0.362,18.89,20.29,04a60200o0450o
60200.17686,-23.091,7.0,-2,15,o,0,1.34,2.87006,35.973,768.53,4140.55,2.64,2.32,63.0,-0.355,18.88,20.29,04a60200o0455o
60200.199925,-20.492,0.718,-23,17,o,0,1.24,2.87006,35.973,830.87,4215.65,2.62,2.15,59.1,-0.364,18.93,20.25,04a60200o0505o
60200.206324,20.581,0.81,21,17,o,0,0.91,2.87006,35.973,850.87,4098.47,2.56,2.2,54.8,-0.368,18.92,20.19,04a60200o0519o
60201.462574,-23.569,7.125,-1,10,c,0,1.27,2.87006,35.973,797.98,4042.26,3.09,2.25,-62.7,-0.423,19.51,21.33,02a60201o0529c
60201.46823,-21.499,1.179,-9,11,c,0,0.96,2.87006,35.973,775.86,4001.05,3.0,2.21,-61.3,-0.43,19.54,21.31,02a60201o0539c
60201.497641,22.682,3.684,3,11,c,0,0.85,2.87006,35.973,833.31,4075.38,2.9,2.2,-58.1,-0.443,19.52,21.32,02a60201o0584c
60201.504668,22.618,3.4,3,11,c,0,0.96,2.87006,35.973,856.45,3960.5,2.92,2.19,-59.2,-0.443,19.52,21.29,02a60201o0591c
60203.464491,-19.717,0.374,-47,18,c,0,1.18,2.87006,35.973,6227.42,10002.64,2.76,2.59,-50.9,-0.401,18.92,20.7,02a60203o0503c
60203.468229,21.365,1.735,10,18,c,0,1.09,2.87006,35.973,6208.01,9964.76,3.03,2.8,-54.1,-0.384,18.99,20.81,02a60203o0510c
60203.52024,-21.742,1.333,-7,10,c,0,2.2,2.87006,35.973,6267.03,10044.24,2.72,2.6,39.9,-0.402,19.51,21.32,02a60203o0537c
60203.527804,23.409,7.222,2,11,c,0,1.16,2.87006,35.973,6288.53,9925.96,2.79,2.61,40.9,-0.393,19.52,21.32,02a60203o0552c
60205.498731,-22.301,1.867,-4,8,c,0,1.4,2.87006,35.973,6665.29,3701.84,2.55,2.38,48.6,-0.399,19.58,21.34,02a60205o0609c
60205.502792,-21.196,0.67,-12,8,c,0,1.47,2.87006,35.973,6646.9,3661.48,2.47,2.29,45.7,-0.402,19.57,21.32,02a60205o0617c
60205.508618,21.705,1.17,8,9,c,0,1.33,2.87006,35.973,6706.76,3742.39,2.52,2.34,47.1,-0.4,19.57,21.31,02a60205o0626c
60205.539669,-20.915,0.633,-16,10,c,0,0.92,2.87006,35.973,6724.88,3622.93,2.5,2.36,55.8,-0.399,19.54,21.27,02a60205o0686c
60207.462826,21.94,1.717,6,10,c,0,0.78,2.87006,35.973,2456.38,10223.99,2.4,2.22,-44.7,-0.441,19.65,21.41,02a60207o0545c
60207.465993,22.365,2.6,4,11,c,0,0.96,2.87006,35.973,2438.18,10184.18,2.48,2.24,-48.1,-0.44,19.6,21.41,02a60207o0552c
60207.498952,21.208,0.696,12,8,c,0,1.57,2.87006,35.973,2490.93,10257.07,2.4,2.17,-47.5,-0.441,19.58,21.31,02a60207o0618c
60207.50014,19.446,0.826,60,50,c,0,3.44,2.87006,35.973,2644.02,37.78,2.52,2.27,-69.9,-0.393,19.58,21.28,02a60207o0620c
60207.50811,-19.284,0.123,-70,9,c,0,1.35,2.87006,35.973,2514.02,10138.07,2.4,2.21,-49.9,-0.447,19.6,21.33,02a60207o0637c
60209.460884,21.129,0.947,13,12,c,0,1.25,2.87006,35.973,4252.56,6208.94,3.14,2.9,35.1,-0.38,19.3,21.25,02a60209o0395c
60209.464509,-19.62,0.246,-52,13,c,0,1.3,2.87006,35.973,4234.64,6167.99,2.98,2.68,32.6,-0.38,19.29,21.16,02a60209o0403c
60209.471281,-19.021,0.127,-90,11,c,0,1.05,2.87006,35.973,4292.51,6247.49,2.93,2.63,33.7,-0.382,19.39,21.26,02a60209o0417c
60209.486442,21.846,1.718,7,11,c,0,1.2,2.87006,35.973,4313.04,6128.21,2.77,2.48,34.7,-0.393,19.41,21.19,02a60209o0449c
60211.547302,-22.336,2.633,-4,11,c,0,1.24,2.87006,35.973,393.95,6464.32,2.45,2.39,11.4,-0.385,19.47,21.17,02a60211o0550c
60211.547754,-22.6,3.833,-3,13,c,0,0.75,2.87006,35.973,10151.82,6492.32,2.75,2.72,-41.8,-0.41,19.47,21.22,02a60211o0551c
60211.560035,24.95,34.5,0,13,c,0,0.98,2.87006,35.973,10137.74,6457.33,2.97,2.49,-59.9,-0.435,19.47,21.17,02a60211o0576c
60211.561843,20.363,0.416,26,11,c,0,1.21,2.87006,35.973,379.92,6428.65,2.61,2.58,-54.8,-0.379,19.38,21.11,02a60211o0580c
60211.562836,21.062,0.899,14,12,c,0,1.08,2.87006,35.973,10195.18,6535.88,2.86,2.78,-52.6,-0.408,19.4,21.17,02a60211o0582c
60211.56895,-20.817,0.66,-17,11,c,0,1.22,2.87006,35.973,439.86,6504.86,2.6,2.58,27.6,-0.388,19.36,21.09,02a60211o0593c
60211.570307,20.518,0.512,22,12,c,0,0.99,2.87006,35.973,10216.27,6420.89,2.7,2.64,-46.6,-0.419,19.45,21.17,02a60211o0596c
60211.574223,-21.642,1.241,-8,10,c,0,1.43,2.87006,35.973,462.9,6386.26,2.55,2.29,-56.7,-0.414,19.37,21.07,02a60211o0603c
60212.168798,-19.129,0.405,-81,33,o,0,1.15,2.87006,35.973,4663.91,1989.83,2.12,2.1,-72.1,-0.441,18.19,18.76,04a60212o0412o
60212.171971,-20.256,0.995,-29,28,o,0,1.38,2.87006,35.973,4642.27,1950.83,2.08,2.04,55.2,-0.434,18.3,18.86,04a60212o0419o
60212.175136,-19.623,0.621,-51,32,o,0,1.89,2.87006,35.973,4704.45,2027.57,2.28,2.21,-22.8,-0.462,18.18,18.75,04a60212o0426o
60212.180565,19.596,0.457,53,24,o,0,1.62,2.87006,35.973,4723.4,1910.6,2.09,2.01,7.2,-0.433,18.2,18.88,04a60212o0438o
60213.457156,21.781,2.552,7,18,o,0,1.03,2.87006,35.973,4674.0,1850.42,2.16,1.86,41.7,-0.442,19.1,19.75,02a60213o0539o
60213.46032,22.36,3.45,4,14,o,0,1.17,2.87006,35.973,4654.94,1811.28,2.08,1.88,38.7,-0.448,19.05,19.76,02a60213o0546o
60213.475424,20.211,0.55,30,16,o,0,0.95,2.87006,35.973,4717.1,1887.87,2.08,1.89,38.7,-0.448,19.11,19.76,02a60213o0577o
60213.481122,20.255,0.563,29,16,o,0,0.87,2.87006,35.973,4737.88,1769.14,2.02,1.88,42.0,-0.45,19.14,19.75,02a60213o0588o
60215.451739,-19.549,0.807,-55,44,o,0,1.02,2.87006,35.973,8108.9,7984.16,2.14,2.05,64.5,-0.456,18.66,18.86,02a60215o0528o
60215.454902,19.975,1.135,37,42,o,0,1.06,2.87006,35.973,8090.22,7945.29,2.17,2.06,50.9,-0.447,18.63,18.87,02a60215o0535o
60215.490764,20.067,1.237,34,42,o,0,1.12,2.87006,35.973,8148.6,8023.96,2.14,2.03,57.0,-0.452,18.7,18.87,02a60215o0609o
60215.51966,20.09,0.996,33,33,o,0,0.75,2.87006,35.973,8169.55,7906.98,2.28,2.19,47.1,-0.446,18.59,18.87,02a60215o0667o
60216.469814,19.424,0.542,62,34,o,0,1.19,2.87006,35.973,8638.45,1679.17,2.3,1.97,-57.0,-0.455,18.21,18.26,02a60216o0389o
60216.473518,-20.733,1.644,-18,30,o,0,1.37,2.87006,35.973,8619.3,1638.56,2.26,1.87,-58.9,-0.476,18.26,18.25,02a60216o0397o
60216.479064,-19.751,0.805,-46,37,o,0,1.01,2.87006,35.973,8679.85,1718.56,2.33,1.92,-59.7,-0.459,18.13,18.24,02a60216o0409o
60216.489213,20.56,1.562,22,34,o,0,1.95,2.87006,35.973,8701.55,1600.33,2.3,1.9,-59.3,-0.477,18.2,18.22,02a60216o0431o
60218.190325,18.788,0.486,111,54,o,0,1.33,2.87006,35.973,8122.16,2240.08,2.67,2.62,-32.5,-0.348,17.75,17.71,04a60218o0469o
60218.193512,-19.807,1.261,-43,55,o,0,1.07,2.87006,35.973,8145.95,2275.88,2.82,2.34,-21.8,-0.359,17.74,17.7,04a60218o0476o
60218.20105,19.744,1.299,46,60,o,0,1.09,2.87006,35.973,8095.36,2193.89,3.02,2.93,-20.4,-0.326,17.62,17.68,04a60218o0492o
60218.212122,20.366,2.345,26,61,o,0,1.06,2.87006,35.973,8083.72,2301.76,3.04,2.51,-21.7,-0.348,17.62,17.66,04a60218o0516o
60218.416516,-20.896,2.336,-16,37,o,0,1.05,2.87006,35.973,2392.29,8263.24,2.24,1.96,12.4,-0.407,18.61,18.9,02a60218o0454o
60218.41968,-19.22,0.568,-74,42,o,0,1.11,2.87006,35.973,2373.02,8224.33,2.47,2.07,13.5,-0.392,18.53,18.91,02a60218o0461o
60218.425799,-19.954,0.985,-38,37,o,0,1.47,2.87006,35.973,2429.4,8300.76,2.24,1.96,12.3,-0.406,18.58,18.87,02a60218o0474o
60218.437604,18.657,0.796,125,100,o,0,1.24,2.87006,35.973,2448.8,8182.25,2.17,2.02,17.6,-0.435,18.21,18.72,02a60218o0500o
60219.489537,-17.442,0.887,-383,340,o,0,1.88,2.87006,35.973,2396.93,8259.77,2.15,1.92,27.2,-0.527,16.83,17.13,02a60219o0558o
60219.492349,0.0,0.0,0,0,o,0,-0.0,2.87006,35.973,2377.69,8220.67,2.29,2.02,29.7,-0.443,17.04,17.64,02a60219o0564o
60219.499511,17.531,0.76,353,268,o,0,1.11,2.87006,35.973,2435.98,8300.26,2.27,2.03,25.5,-0.413,17.11,17.11,02a60219o0579o
60219.511105,-20.027,3.034,-35,108,o,0,1.57,2.87006,35.973,2459.32,8179.68,2.08,1.93,24.3,-0.446,17.98,18.38,02a60219o0602o
60221.476721,-19.641,0.252,-50,13,o,0,1.07,2.87006,35.973,2752.89,3890.4,2.25,1.82,35.7,-0.464,19.29,20.23,02a60221o0454o
60221.480346,-19.046,0.128,-87,11,o,0,1.32,2.87006,35.973,2735.37,3854.38,2.23,1.84,34.1,-0.461,19.3,20.22,02a60221o0462o
60221.485909,-21.969,2.4,-6,14,o,0,0.69,2.87006,35.973,2794.95,3930.97,2.31,1.92,36.8,-0.452,19.27,20.19,02a60221o0474o
60221.49691,20.447,0.632,24,15,o,0,1.25,2.87006,35.973,2815.98,3813.53,2.39,2.03,34.2,-0.446,19.2,20.12,02a60221o0498o
60223.413971,21.396,1.281,10,13,o,0,0.89,2.87006,35.973,4713.89,3786.93,2.28,1.84,32.5,-0.452,19.42,20.56,02a60223o0464o
60223.423763,-22.18,2.273,-5,11,o,0,0.74,2.87006,35.973,4694.05,3749.89,2.22,1.85,30.8,-0.453,19.42,20.53,02a60223o0485o
60223.427381,22.183,2.357,5,12,o,0,1.13,2.87006,35.973,4752.46,3824.05,2.27,1.91,32.6,-0.444,19.42,20.52,02a60223o0493o
60223.443206,-19.426,0.292,-62,18,o,0,0.91,2.87006,35.973,4771.16,3706.51,2.17,1.85,30.5,-0.457,19.17,20.23,02a60223o0526o
60224.177265,-19.273,0.229,-71,16,o,0,1.77,2.87006,35.973,3872.66,8737.89,2.91,2.35,-79.6,-0.368,18.66,19.94,04a60224o0206o
60224.180509,-19.299,0.274,-69,19,o,0,1.19,2.87006,35.973,3896.5,8774.22,2.87,2.32,-79.8,-0.384,18.66,19.9,04a60224o0213o
60224.192437,-20.25,0.889,-29,26,o,0,0.96,2.87006,35.973,3846.38,8686.36,3.27,2.79,-84.9,-0.46,18.63,20.02,04a60224o0239o
60224.198358,-20.923,1.224,-16,19,o,0,1.06,2.87006,35.973,3832.46,8799.01,2.88,2.32,-80.6,-0.351,18.68,20.06,04a60224o0252o
60225.422688,-21.381,1.171,-10,12,c,0,0.76,2.87006,35.973,6654.59,1754.27,2.5,2.42,-83.9,-0.398,19.46,21.12,02a60225o0483c
60225.425955,-20.455,0.416,-24,10,c,0,1.06,2.87006,35.973,6635.58,1718.31,2.58,2.52,-77.9,-0.392,19.41,21.13,02a60225o0490c
60225.432249,-21.614,1.294,-8,11,c,0,1.28,2.87006,35.973,6693.96,1794.23,2.65,2.54,-75.6,-0.392,19.42,21.12,02a60225o0503c
60225.442311,-22.357,2.667,-4,11,c,0,0.96,2.87006,35.973,6714.61,1680.26,2.44,2.35,-86.1,-0.403,19.47,21.14,02a60225o0524c
60227.400072,21.913,1.814,6,11,c,0,0.91,2.87006,35.973,6180.05,6111.37,2.58,2.33,35.3,-0.401,19.56,21.21,02a60227o0438c
60227.407241,-21.032,0.962,-14,14,c,0,1.1,2.87006,35.973,6161.68,6072.35,2.53,2.32,35.7,-0.403,19.26,20.85,02a60227o0453c
60227.41086,-21.596,1.136,-8,10,c,0,1.29,2.87006,35.973,6218.92,6149.57,2.52,2.31,37.8,-0.404,19.59,21.25,02a60227o0461c
60227.445946,21.487,1.016,9,9,c,0,1.27,2.87006,35.973,6233.09,6032.51,2.58,2.34,34.1,-0.402,19.6,21.3,02a60227o0534c
60229.394228,21.581,1.724,8,15,c,0,1.17,2.87006,35.973,4344.27,10096.14,2.54,2.4,-49.7,-0.4,19.55,21.17,02a60229o0421c
60229.397401,-22.139,2.583,-5,13,c,0,0.99,2.87006,35.973,4326.63,10057.76,2.48,2.38,-54.4,-0.397,19.57,21.16,02a60229o0428c
60229.404093,-20.957,0.743,-15,11,c,0,1.51,2.87006,35.973,4385.24,10136.52,2.47,2.33,-41.5,-0.398,19.55,21.17,02a60229o0442c
60229.43867,-20.712,0.622,-19,12,c,0,1.13,2.87006,35.973,4399.16,10014.66,2.53,2.42,-44.9,-0.4,19.51,21.15,02a60229o0512c
60230.14464,19.603,0.399,52,21,o,0,1.07,2.87006,35.973,6207.49,2383.4,2.29,2.11,-25.7,-0.408,18.98,19.99,04a60230o0361o
60230.147812,20.687,0.833,19,16,o,0,1.25,2.87006,35.973,6229.77,2419.23,2.22,2.05,-31.4,-0.405,18.98,20.02,04a60230o0368o
60230.153331,21.041,1.182,14,16,o,0,1.51,2.87006,35.973,6177.25,2337.27,2.19,2.06,-25.5,-0.423,19.01,20.04,04a60230o0380o
60230.186212,20.361,0.63,26,16,o,0,1.24,2.87006,35.973,6190.81,2425.78,2.26,2.12,-20.2,-0.421,19.02,20.15,04a60230o0451o
60231.384638,-21.263,0.926,-11,10,c,0,0.72,2.87006,35.973,4297.58,8129.23,2.51,2.32,27.1,-0.4,19.59,21.29,02a60231o0409c
60231.388266,22.154,1.75,5,9,c,0,1.29,2.87006,35.973,4279.06,8092.93,2.5,2.3,29.1,-0.4,19.63,21.32,02a60231o0416c
60231.393691,22.405,2.586,4,10,c,0,1.0,2.87006,35.973,4335.51,8167.68,2.46,2.3,29.9,-0.406,19.61,21.34,02a60231o0428c
60231.404348,22.602,2.625,3,9,c,0,1.25,2.87006,35.973,4356.61,8055.58,2.51,2.27,32.1,-0.404,19.62,21.38,02a60231o0451c
60233.382761,20.855,0.687,16,11,c,0,0.87,2.87006,35.973,6203.75,8039.65,2.51,2.35,40.5,-0.409,19.58,21.3,02a60233o0411c
60233.386831,21.188,0.8,12,10,c,0,1.13,2.87006,35.973,6184.13,7996.79,2.49,2.35,41.1,-0.413,19.6,21.3,02a60233o0420c
60233.394447,-22.965,3.438,-2,8,c,0,2.02,2.87006,35.973,6240.94,8079.16,2.53,2.4,40.2,-0.411,19.6,21.33,02a60233o0436c
60233.407252,22.361,2.741,4,11,c,0,0.92,2.87006,35.973,6261.23,7966.08,2.59,2.44,41.2,-0.405,19.6,21.34,02a60233o0463c
60234.276003,-20.868,0.644,-16,10,c,0,1.02,2.87006,35.973,7813.65,8603.19,2.57,2.51,-58.7,-0.412,19.6,21.41,02a60234o0169c
60234.277812,-21.248,0.972,-12,11,c,0,0.98,2.87006,35.973,7834.94,8642.95,2.55,2.53,-57.4,-0.412,19.62,21.44,02a60234o0173c
60234.301149,-21.93,1.657,-6,10,c,0,1.58,2.87006,35.973,7791.85,8572.9,2.94,2.5,38.6,-0.387,19.53,21.4,02a60234o0217c
60234.324101,-20.326,0.401,-27,11,c,0,1.39,2.87006,35.973,7797.71,8697.46,2.58,2.49,46.5,-0.411,19.63,21.38,02a60234o0263c
60235.382013,21.913,1.604,6,10,c,0,1.04,2.87006,35.973,2680.35,1954.69,2.33,2.25,43.4,-0.428,19.61,21.3,02a60235o0407c
60235.385628,-21.393,1.069,-10,11,c,0,0.77,2.87006,35.973,2660.29,1916.73,2.43,2.36,42.4,-0.417,19.54,21.29,02a60235o0415c
60235.396935,21.496,0.833,9,8,c,0,1.84,2.87006,35.973,2720.2,1993.7,2.55,2.45,62.0,-0.416,19.52,21.26,02a60235o0439c
60235.402812,20.876,0.548,16,9,c,0,1.15,2.87006,35.973,2740.62,1875.42,2.44,2.35,60.6,-0.419,19.55,21.27,02a60235o0452c
60236.128627,20.506,4.5,23,102,o,0,1.08,2.87006,35.973,8182.12,4188.56,2.55,2.31,-24.8,-0.385,16.81,18.03,04a60236o0312o
60236.131792,18.356,0.568,165,94,o,0,1.52,2.87006,35.973,8203.77,4223.97,2.56,2.37,-31.0,-0.377,16.66,17.91,04a60236o0319o
60237.38423,22.303,2.581,4,11,c,0,0.94,2.87006,35.973,2323.36,6320.11,2.54,2.25,32.3,-0.411,19.53,21.24,02a60237o0417c
60237.387039,22.418,2.857,4,11,c,0,1.09,2.87006,35.973,2305.66,6281.09,2.5,2.27,31.6,-0.412,19.55,21.23,02a60237o0423c
60237.394273,25.266,39.5,0,11,c,0,0.87,2.87006,35.973,2364.51,6359.24,2.55,2.26,29.7,-0.41,19.53,21.21,02a60237o0439c
60237.405537,-19.229,0.145,-74,11,c,0,0.86,2.87006,35.973,2385.31,6237.73,2.49,2.27,34.4,-0.413,19.53,21.22,02a60237o0463c
60239.387285,-22.314,3.0,-4,13,o,0,1.43,2.87006,35.973,8121.02,9937.38,2.24,2.0,-64.4,-0.461,19.39,20.34,02a60239o0369o
60239.390902,23.461,8.077,2,12,o,0,1.25,2.87006,35.973,8102.68,9895.25,2.21,1.96,-64.4,-0.455,19.41,20.38,02a60239o0377o
60239.394357,21.863,1.776,6,12,o,0,1.27,2.87006,35.973,8160.08,9972.21,2.19,1.93,-61.8,-0.455,19.45,20.4,02a60239o0384o
60239.404303,20.208,0.385,30,12,o,0,1.07,2.87006,35.973,8179.66,9860.15,2.15,1.97,-65.3,-0.454,19.46,20.46,02a60239o0406o
60241.389643,-20.737,0.865,-18,16,o,0,0.86,2.87006,35.973,8102.05,6033.51,2.25,1.96,33.7,-0.421,19.19,19.88,02a60241o0434o
60241.393258,20.148,0.458,32,14,o,0,1.73,2.87006,35.973,8082.65,5994.96,2.31,1.98,31.4,-0.417,19.13,19.88,02a60241o0442o
60241.408879,-20.584,0.609,-21,13,o,0,1.28,2.87006,35.973,8140.12,6077.46,2.31,2.01,33.3,-0.417,19.16,19.87,02a60241o0476o
60241.417724,-22.561,4.357,-3,15,o,0,1.65,2.87006,35.973,8160.8,5961.19,2.36,2.04,33.3,-0.414,19.16,19.88,02a60241o0495o
60242.144641,19.637,0.615,51,31,o,0,1.27,2.87006,35.973,1916.13,6859.15,2.5,2.11,-87.3,-0.361,18.19,18.62,04a60242o0336o
60242.147806,-22.532,9.955,-4,35,o,0,1.01,2.87006,35.973,1939.53,6896.35,2.54,2.17,-88.2,-0.347,18.16,18.61,04a60242o0343o
60242.172415,-21.792,5.119,-7,36,o,0,0.88,2.87006,35.973,1903.32,6802.45,2.56,2.18,89.0,-0.354,18.03,18.58,04a60242o0396o
60242.177899,20.801,2.324,17,40,o,0,0.97,2.87006,35.973,1883.51,6916.22,2.59,2.16,-88.2,-0.34,18.08,18.57,04a60242o0408o
60244.361719,19.897,0.606,40,24,o,0,1.12,2.87006,35.973,3977.65,1903.11,1.93,1.76,36.1,-0.463,18.62,18.8,02a60244o0370o
60244.364881,21.008,1.471,14,21,o,0,1.33,2.87006,35.973,3956.61,1863.89,1.93,1.76,34.1,-0.473,18.57,18.77,02a60244o0377o
60244.370791,-24.397,33.571,-1,21,o,0,1.06,2.87006,35.973,4017.3,1940.25,1.91,1.74,35.6,-0.473,18.57,18.73,02a60244o0390o
60244.3824,19.677,0.653,49,32,o,0,0.95,2.87006,35.973,4039.59,1823.03,1.95,1.8,32.2,-0.472,18.34,18.36,02a60244o0415o
60245.410651,19.689,0.578,48,28,o,0,1.0,2.87006,35.973,3975.82,1896.51,2.02,1.81,43.7,-0.472,18.32,18.42,02a60245o0485o
60245.417943,19.94,0.79,38,30,o,0,1.39,2.87006,35.973,3956.21,1860.32,2.01,1.81,40.9,-0.461,18.31,18.4,02a60245o0500o
60245.420761,-20.744,1.703,-18,31,o,0,1.0,2.87006,35.973,4019.08,1933.54,2.06,1.81,44.0,-0.457,18.28,18.4,02a60245o0506o
60245.45615,21.982,6.5,6,38,o,0,0.73,2.87006,35.973,4043.4,1816.83,2.07,1.88,43.5,-0.456,18.17,18.28,02a60245o0580o
60246.37833,-19.984,0.725,-37,27,o,0,0.79,2.87006,35.973,4073.11,3839.22,2.38,1.76,33.8,-0.465,18.58,18.77,02a60246o0403o
60246.38195,-22.737,10.423,-3,30,o,0,0.79,2.87006,35.973,4054.28,3799.72,2.33,1.76,32.3,-0.478,18.52,18.76,02a60246o0411o
60246.387377,22.244,6.561,5,30,o,0,0.67,2.87006,35.973,4112.56,3876.0,2.36,1.77,32.1,-0.468,18.49,18.67,02a60246o0423o
60246.398161,19.65,0.525,50,26,o,0,1.23,2.87006,35.973,4134.46,3758.63,2.39,1.78,33.9,-0.477,18.42,18.63,02a60246o0446o
60247.412035,-20.758,1.127,-18,20,o,0,1.4,2.87006,35.973,4077.0,3838.36,2.22,1.81,37.4,-0.46,18.75,19.1,02a60247o0490o
60247.433256,-21.915,3.638,-6,23,o,0,1.05,2.87006,35.973,4062.36,3798.51,2.17,1.81,35.3,-0.466,18.71,19.04,02a60247o0536o
60247.436423,-19.471,0.452,-59,27,o,0,0.66,2.87006,35.973,4121.6,3874.67,2.19,1.84,37.7,-0.46,18.71,19.03,02a60247o0543o
60247.441865,23.165,14.389,2,28,o,0,0.74,2.87006,35.973,4143.92,3757.23,2.19,1.82,37.4,-0.471,18.69,19.01,02a60247o0555o
60248.103856,12.998,0.957,22945,21967,o,0,1.11,2.87006,35.973,10042.38,2090.28,2.67,2.46,-23.4,-0.381,11.42,11.49,04a60248o0239o
60248.120904,-18.856,7.019,-104,731,o,0,1.48,2.87006,35.973,295.2,2117.59,2.8,2.08,50.4,-0.399,14.88,14.93,04a60248o0275o
60248.124722,-16.651,0.935,-793,742,o,0,1.36,2.87006,35.973,239.11,2034.09,2.77,2.01,47.6,-0.419,16.97,17.7,04a60248o0283o
60248.125629,16.936,2.062,611,1259,o,0,1.09,2.87006,35.973,10006.17,2154.49,3.18,2.42,-20.9,-0.331,15.02,15.09,04a60248o0285o
60248.13521,-17.206,0.611,-476,291,o,0,0.94,2.87006,35.973,231.8,2143.25,2.67,2.1,47.1,-0.405,15.78,15.68,04a60248o0305o
60249.420037,-19.485,0.252,-58,15,o,0,1.5,2.87006,35.973,2415.5,4718.03,2.24,1.76,35.7,-0.461,19.2,19.83,02a60249o0394o
60249.423206,-19.468,0.173,-59,10,o,0,1.88,2.87006,35.973,2398.06,4680.22,2.22,1.78,35.8,-0.461,19.16,19.82,02a60249o0401o
60249.428646,-20.694,0.758,-19,14,o,0,1.03,2.87006,35.973,2456.24,4755.4,2.22,1.79,35.5,-0.461,19.16,19.8,02a60249o0413o
60249.449861,-21.921,2.068,-6,13,o,0,1.54,2.87006,35.973,2476.02,4640.0,2.13,1.79,35.2,-0.469,19.12,19.73,02a60249o0458o
60251.403197,-20.662,0.809,-20,16,o,0,0.82,2.87006,35.973,916.75,4043.01,2.06,1.8,32.5,-0.457,19.25,20.0,02a60251o0466o
60251.406523,-21.602,1.855,-8,15,o,0,1.14,2.87006,35.973,896.04,4003.63,2.05,1.81,28.5,-0.46,19.27,19.99,02a60251o0473o
60251.417532,-20.712,0.718,-19,14,o,0,1.08,2.87006,35.973,956.95,4078.41,2.06,1.89,33.5,-0.454,19.23,19.97,02a60251o0496o
60251.423459,25.171,37.0,0,12,o,0,1.96,2.87006,35.973,981.45,3962.56,2.09,1.84,32.8,-0.456,19.22,19.95,02a60251o0509o
60253.390244,-20.358,0.423,-26,11,c,0,1.56,2.87006,35.973,6362.58,10022.14,2.63,2.61,-10.2,-0.401,19.41,20.93,02a60253o0436c
60253.40013,24.565,26.667,0,14,c,0,1.01,2.87006,35.973,6343.6,9981.28,2.72,2.72,50.2,-0.4,19.38,20.9,02a60253o0456c
60253.403371,21.321,1.3,11,14,c,0,1.12,2.87006,35.973,6401.15,10059.98,2.72,2.71,-77.9,-0.398,19.36,20.88,02a60253o0463c
60253.414326,20.644,0.649,20,13,c,0,1.1,2.87006,35.973,6421.36,9943.48,2.69,2.65,38.0,-0.4,19.36,20.88,02a60253o0486c
60255.443948,-23.463,8.625,-2,13,c,0,0.91,2.87006,35.973,6796.63,3719.78,2.81,2.7,43.6,-0.382,19.32,21.05,02a60255o0320c
60255.447114,20.696,0.558,19,11,c,0,1.45,2.87006,35.973,6776.37,3680.72,2.66,2.56,42.2,-0.389,19.39,21.05,02a60255o0327c
60255.457302,20.901,1.019,16,16,c,0,0.89,2.87006,35.973,6834.6,3760.68,3.53,3.46,59.8,-0.373,19.09,20.99,02a60255o0349c
60255.481611,22.064,2.609,5,14,c,0,0.94,2.87006,35.973,6860.7,3643.8,3.07,3.05,68.6,-0.369,19.1,20.94,02a60255o0360c
60256.353032,20.883,1.159,16,19,c,0,0.76,2.87006,35.973,2769.54,46.08,2.57,2.33,-76.0,-0.393,19.5,21.24,02a60256o0356c
60257.362974,23.237,6.091,2,11,c,0,0.76,2.87006,35.973,8829.72,8466.19,2.64,2.6,46.4,-0.406,19.56,21.36,02a60257o0379c
60257.366137,-21.176,0.767,-12,9,c,0,1.25,2.87006,35.973,8810.08,8428.44,2.64,2.63,45.6,-0.403,19.59,21.37,02a60257o0386c
60257.371657,22.276,2.154,4,10,c,0,1.19,2.87006,35.973,8865.94,8508.99,2.67,2.64,-61.4,-0.403,19.57,21.38,02a60257o0398c
60257.381567,-22.285,2.741,-4,12,c,0,0.77,2.87006,35.973,8883.53,8390.97,2.6,2.59,62.9,-0.4,19.57,21.37,02a60257o0419c
60259.382121,20.991,0.84,15,12,c,0,0.86,2.87006,35.973,7339.37,7831.77,2.9,2.75,39.2,-0.395,19.43,21.3,02a60259o0353c
60259.385293,22.427,2.955,4,12,c,0,1.2,2.87006,35.973,7321.23,7792.05,2.73,2.63,46.2,-0.403,19.51,21.29,02a60259o0360c
60259.412322,-20.921,0.857,-16,13,c,0,1.26,2.87006,35.973,7376.93,7870.72,2.89,2.84,35.6,-0.395,19.36,21.18,02a60259o0412c
60259.422677,20.308,0.487,27,13,c,0,1.18,2.87006,35.973,7401.01,7754.54,3.11,3.08,49.7,-0.38,19.27,21.14,02a60259o0434c
60260.091788,-21.395,1.872,-10,19,o,0,1.36,2.87006,35.973,10150.33,4012.78,3.03,2.41,-19.8,-0.35,18.93,20.24,04a60260o0147o
60260.094962,-24.41,25.333,-1,16,o,0,2.1,2.87006,35.973,10171.85,4048.72,2.97,2.4,-18.5,-0.352,18.92,20.15,04a60260o0154o
60260.095413,20.794,0.908,18,16,o,0,1.42,2.87006,35.973,389.19,4017.08,2.68,2.22,56.6,-0.353,18.95,20.21,04a60260o0155o
60260.09948,20.315,0.83,27,22,o,0,0.96,2.87006,35.973,411.49,4053.65,3.04,2.51,64.6,-0.399,18.92,20.16,04a60260o0164o
60260.100831,22.436,5.118,4,20,o,0,1.03,2.87006,35.973,10121.3,3970.0,3.13,2.48,-18.1,-0.343,18.84,20.11,04a60260o0167o
60260.104939,-22.195,3.808,-5,18,o,0,0.68,2.87006,35.973,359.77,3970.39,2.74,2.25,62.4,-0.349,18.89,20.12,04a60260o0176o
60260.114177,-23.443,11.429,-2,17,o,0,1.66,2.87006,35.973,10109.29,4080.45,3.04,2.44,-15.4,-0.337,18.81,20.08,04a60260o0196o
60260.115529,20.437,0.7,24,17,o,0,1.46,2.87006,35.973,349.92,4079.76,2.84,2.39,55.7,-0.345,18.82,20.12,04a60260o0199o
60261.238941,-21.327,0.967,-11,10,c,0,1.37,2.87006,35.973,7022.48,5776.83,2.78,2.62,34.3,-0.388,19.49,21.36,02a60261o0119c
60261.271742,-21.942,2.0,-6,12,c,0,1.0,2.87006,35.973,7081.34,5823.52,3.08,2.96,38.4,-0.381,19.28,21.34,02a60261o0185c
60261.289334,22.341,2.842,4,12,c,0,1.25,2.87006,35.973,3521.0,8050.34,3.14,2.89,-9.4,-0.375,19.35,21.44,02a60261o0220c
60261.306026,-21.823,1.781,-7,12,c,0,1.57,2.87006,35.973,3540.63,7933.26,2.83,2.68,-4.2,-0.389,19.28,21.28,02a60261o0252c
60263.358821,-21.3,0.965,-11,11,c,0,1.29,2.87006,35.973,7749.85,3481.35,2.79,2.73,75.6,-0.39,19.38,21.35,02a60263o0382c
60263.362459,20.34,0.449,27,12,c,0,0.85,2.87006,35.973,7729.05,3442.05,2.76,2.69,75.7,-0.374,19.4,21.28,02a60263o0390c
60263.368856,22.971,4.071,2,10,c,0,1.46,2.87006,35.973,7790.65,3520.75,2.65,2.57,77.3,-0.389,19.46,21.38,02a60263o0404c
60263.378783,-21.643,1.583,-8,13,c,0,1.01,2.87006,35.973,7812.86,3404.6,2.75,2.7,81.2,-0.383,19.22,21.04,02a60263o0425c
60265.336782,25.888,67.0,0,11,c,0,1.09,2.87006,35.973,7877.84,7810.84,2.62,2.5,36.7,-0.411,19.58,21.39,02a60265o0331c
60265.35507,-19.229,0.14,-74,10,c,0,1.13,2.87006,35.973,7839.49,7768.44,2.77,2.6,38.3,-0.404,19.55,21.36,02a60265o0370c
60265.35826,-20.422,0.417,-25,10,c,0,1.08,2.87006,35.973,7893.82,7847.22,2.71,2.57,41.9,-0.407,19.56,21.36,02a60265o0377c
60265.371843,23.446,6.889,2,10,c,0,0.99,2.87006,35.973,7905.34,7732.75,2.7,2.53,34.4,-0.409,19.53,21.33,02a60265o0406c
60266.333529,-19.628,0.166,-51,8,c,0,1.47,2.87006,35.973,8412.56,1511.67,2.55,2.25,-59.1,-0.42,19.56,21.27,02a60266o0317c
60266.336704,-19.401,0.123,-63,8,c,0,1.74,2.87006,35.973,8390.39,1470.68,2.54,2.21,-62.4,-0.419,19.57,21.3,02a60266o0324c
60266.343992,21.381,0.886,10,9,c,0,1.47,2.87006,35.973,8441.39,1548.42,2.63,2.24,-62.9,-0.42,19.56,21.32,02a60266o0340c
60266.354074,-21.589,0.984,-8,8,c,0,1.81,2.87006,35.973,8453.28,1430.29,2.54,2.17,-63.1,-0.425,19.62,21.35,02a60266o0362c
60267.359006,-20.978,0.807,-15,12,o,0,1.54,2.87006,35.973,8390.67,1512.56,2.05,1.73,-59.7,-0.483,19.32,20.19,02a60267o0380o
60267.361865,24.33,18.5,1,12,o,0,1.63,2.87006,35.973,8370.18,1472.55,2.11,1.81,-60.6,-0.48,19.16,20.02,02a60267o0386o
60267.365171,20.535,0.824,22,18,o,0,1.35,2.87006,35.973,8426.7,1551.15,2.19,1.87,-60.4,-0.469,18.98,19.91,02a60267o0393o
60267.374939,19.277,0.74,71,52,o,0,0.66,2.87006,35.973,8439.84,1432.4,2.17,1.81,-58.4,-0.492,18.11,18.94,02a60267o0412o
60269.469197,21.551,1.848,9,16,c,0,0.89,2.87006,35.973,2119.5,8096.36,2.73,2.56,-49.0,-0.403,19.08,20.59,02a60269o0127c
60269.472065,20.596,0.676,21,14,c,0,1.11,2.87006,35.973,2101.47,8055.35,2.41,2.34,-40.6,-0.408,19.21,20.61,02a60269o0133c
60269.476756,21.643,2.235,8,18,c,0,0.92,2.87006,35.973,2161.83,8132.29,3.03,2.84,-61.7,-0.39,18.97,20.58,02a60269o0143c
60269.488334,-21.483,1.556,-9,14,c,0,1.33,2.87006,35.973,2183.51,8022.89,2.46,2.42,33.4,-0.391,19.03,20.4,02a60269o0167c
60273.357668,-20.687,1.286,-19,25,o,0,0.81,2.87006,35.973,4437.75,3612.83,2.28,2.03,30.7,-0.457,18.55,18.87,02a60273o0379o
60273.360468,20.25,1.022,29,30,o,0,0.63,2.87006,35.973,4415.27,3572.98,2.26,2.03,37.4,-0.46,18.55,18.86,02a60273o0385o
60273.367394,-20.245,0.824,-29,24,o,0,1.17,2.87006,35.973,4471.6,3650.23,2.31,2.04,37.0,-0.461,18.52,18.83,02a60273o0399o
60273.439633,-19.571,0.672,-54,36,o,0,0.92,2.87006,35.973,4489.27,3533.63,2.61,2.23,40.3,-0.439,18.19,18.47,02a60273o0466o
60274.332283,-19.799,1.765,-44,77,o,0,1.7,2.87006,35.973,6392.97,1576.72,2.16,2.06,-65.7,-0.44,17.07,16.88,02a60274o0316o
60274.343904,-19.474,0.531,-59,31,o,0,1.14,2.87006,35.973,6364.92,1538.38,2.04,1.92,-67.6,-0.456,18.19,18.22,02a60274o0341o
60274.358976,20.043,0.804,35,28,o,0,1.04,2.87006,35.973,6417.63,1615.8,1.99,1.94,87.8,-0.448,18.44,18.56,02a60274o0373o
60274.362279,20.073,0.724,34,25,o,0,1.26,2.87006,35.973,6435.87,1499.41,2.06,1.95,-73.5,-0.448,18.56,18.73,02a60274o0380o
60274.385993,21.624,3.4,8,28,o,0,1.02,2.87006,35.973,5730.26,4700.73,2.8,2.43,47.0,-0.397,18.47,18.71,01a60274o0415o
60274.389475,19.854,0.628,42,26,o,0,1.1,2.87006,35.973,5750.69,4754.09,2.67,2.38,46.4,-0.402,18.54,18.72,01a60274o0422o
60274.395952,-19.376,0.452,-64,29,o,0,1.04,2.87006,35.973,5705.61,4701.17,2.82,2.46,47.1,-0.387,18.4,18.64,01a60274o0435o
60274.431797,-20.263,1.235,-28,35,o,0,1.08,2.87006,35.973,5733.29,4954.86,2.96,2.51,41.0,-0.37,18.19,18.34,01a60274o0507o
60278.072975,-20.523,0.706,-22,16,o,0,1.7,2.87006,35.973,6213.21,391.24,2.45,2.4,4.1,-0.394,18.94,20.17,04a60278o0074o
60278.091422,-18.919,0.249,-98,24,o,0,1.32,2.87006,35.973,6245.49,423.94,2.53,2.47,14.1,-0.389,18.63,19.52,04a60278o0112o
60278.094171,-19.129,0.312,-81,25,o,0,1.15,2.87006,35.973,6191.37,345.57,2.62,2.55,37.6,-0.384,18.6,19.43,04a60278o0118o
60278.100681,-20.0,0.742,-36,27,o,0,1.39,2.87006,35.973,6176.39,462.01,2.66,2.61,13.1,-0.378,18.47,19.34,04a60278o0131o
60281.37286,-21.653,1.75,-8,14,o,0,0.93,2.87006,35.973,4025.86,7974.74,2.21,1.95,30.9,-0.432,19.32,20.28,02a60281o0406o
60281.376069,21.192,1.184,12,14,o,0,1.13,2.87006,35.973,4007.05,7935.98,2.23,1.95,31.0,-0.432,19.26,20.24,02a60281o0413o
60281.382925,-20.625,0.644,-20,13,o,0,1.3,2.87006,35.973,4066.14,8011.58,2.21,1.96,33.8,-0.429,19.28,20.18,02a60281o0428o
60281.394272,-21.034,1.103,-14,16,o,0,1.13,2.87006,35.973,4086.67,7891.67,2.27,1.96,33.4,-0.426,19.18,20.04,02a60281o0452o
60283.311738,22.544,2.955,4,10,c,0,1.13,2.87006,35.973,5952.32,7883.12,2.59,2.47,34.0,-0.408,19.55,21.36,02a60283o0282c
60283.315047,20.228,0.363,29,11,c,0,1.09,2.87006,35.973,5931.54,7842.7,2.72,2.61,24.6,-0.404,19.52,21.36,02a60283o0289c
60283.320473,21.521,1.053,9,9,c,0,1.35,2.87006,35.973,5987.13,7920.52,2.58,2.44,26.3,-0.413,19.58,21.35,02a60283o0301c
60283.332079,22.28,2.556,4,11,c,0,0.87,2.87006,35.973,6000.93,7800.28,2.63,2.52,26.7,-0.407,19.55,21.34,02a60283o0325c
60283.338324,20.497,0.474,23,11,o,0,0.99,2.87006,35.973,5884.3,5551.32,2.81,2.63,82.1,-0.394,19.47,20.92,01a60283o0083o
60284.244085,-21.382,1.139,-10,12,o,0,0.86,2.87006,35.973,10057.19,5127.81,2.82,2.42,-71.0,-0.419,19.51,20.8,01a60284o0133o
60284.246855,-20.29,0.372,-28,10,o,0,1.16,2.87006,35.973,10075.76,5178.33,2.88,2.46,-71.1,-0.428,19.48,20.78,01a60284o0139o
60284.248705,21.624,1.125,8,9,o,0,1.93,2.87006,35.973,794.68,5142.18,2.6,2.39,69.6,-0.41,19.5,20.78,01a60284o0143o
60284.251474,-21.122,0.736,-13,10,o,0,1.14,2.87006,35.973,810.49,5192.54,2.55,2.33,72.8,-0.419,19.49,20.76,01a60284o0149o
60284.253782,21.82,1.467,7,10,o,0,1.56,2.87006,35.973,10019.56,5132.81,2.87,2.5,-63.8,-0.422,19.5,20.8,01a60284o0154o
60284.261697,20.946,0.632,15,10,o,0,1.52,2.87006,35.973,751.33,5155.78,2.54,2.33,66.3,-0.414,19.51,20.8,01a60284o0170o
60284.264007,20.308,0.387,27,11,o,0,1.64,2.87006,35.973,9998.17,5295.07,2.91,2.43,-67.2,-0.419,19.48,20.8,01a60284o0175o
60284.266775,21.826,1.537,7,10,o,0,1.27,2.87006,35.973,732.82,5294.18,2.54,2.41,73.3,-0.414,19.49,20.79,01a60284o0181o
60284.274508,-21.232,0.75,-12,9,c,0,1.14,2.87006,35.973,2448.99,1791.64,2.7,2.57,-71.1,-0.413,19.48,21.33,02a60284o0196c
60284.277672,21.605,1.224,8,10,c,0,0.98,2.87006,35.973,2424.67,1753.97,2.66,2.58,-79.2,-0.413,19.49,21.32,02a60284o0203c
60284.284503,20.634,0.558,20,11,c,0,1.21,2.87006,35.973,2476.93,1831.2,2.89,2.79,-84.7,-0.394,19.42,21.28,02a60284o0217c
60284.297261,21.237,1.034,12,12,c,0,0.74,2.87006,35.973,2486.52,1712.74,2.92,2.82,-88.7,-0.4,19.36,21.23,02a60284o0244c
60285.335973,20.93,0.7,15,11,c,0,1.0,2.87006,35.973,2429.61,1791.76,2.61,2.3,-54.8,-0.434,19.52,21.21,02a60285o0333c
60285.339178,22.275,2.31,4,10,c,0,0.96,2.87006,35.973,2405.54,1752.76,2.57,2.34,-58.4,-0.43,19.46,21.17,02a60285o0340c
60285.350889,19.596,0.212,53,11,c,0,1.13,2.87006,35.973,2460.51,1828.48,2.73,2.45,-53.3,-0.426,19.39,21.07,02a60285o0364c
60285.359919,22.878,4.267,3,11,c,0,1.05,2.87006,35.973,2476.33,1708.63,2.7,2.46,-56.0,-0.425,19.37,21.01,02a60285o0382c
60287.366169,-20.772,0.659,-18,12,c,0,1.31,2.87006,35.973,2065.29,6153.65,2.3,2.17,-46.3,-0.445,19.43,21.01,02a60287o0385c
60287.369344,-20.573,0.56,-21,12,c,0,0.65,2.87006,35.973,2044.83,6114.47,2.26,2.14,-49.2,-0.444,19.49,21.1,02a60287o0392c
60287.404216,-19.353,0.157,-66,10,c,0,1.48,2.87006,35.973,2084.19,6186.11,2.39,2.16,-48.0,-0.434,19.37,20.94,02a60287o0460c
60287.419328,-21.44,0.985,-10,10,c,0,2.1,2.87006,35.973,2097.03,6067.34,2.36,2.16,-47.3,-0.45,19.26,20.87,02a60287o0491c
60288.330416,20.586,0.448,21,10,o,0,0.92,2.87006,35.973,7765.83,6678.69,2.51,2.33,-57.3,-0.429,19.64,20.96,01a60288o0233o
60288.333188,22.743,3.421,3,10,o,0,1.07,2.87006,35.973,7786.62,6717.28,2.77,2.74,75.1,-0.388,19.47,20.94,01a60288o0239o
60288.349603,25.866,76.0,0,12,o,0,0.8,2.87006,35.973,7724.08,6641.03,2.92,2.73,-57.9,-0.4,19.41,20.89,01a60288o0273o
60288.370459,20.538,0.458,22,10,o,0,1.78,2.87006,35.973,7693.3,6762.14,2.75,2.43,-55.1,-0.442,19.47,20.78,01a60288o0314o
60289.410043,21.452,1.63,10,16,c,0,0.82,2.87006,35.973,7833.24,9755.36,2.81,2.71,-22.1,-0.395,19.32,20.95,02a60289o0258c
60289.414294,23.236,7.875,2,14,c,0,1.13,2.87006,35.973,7811.06,9714.7,3.01,2.73,-36.6,-0.417,19.29,20.92,02a60289o0267c
60289.420191,21.766,2.0,7,14,c,0,1.04,2.87006,35.973,7864.5,9793.83,2.93,2.48,-43.7,-0.411,19.36,20.88,02a60289o0279c
60289.431492,-19.893,0.463,-40,18,c,0,0.7,2.87006,35.973,7873.94,9674.37,3.03,2.47,-40.5,-0.413,19.09,20.53,02a60289o0303c
60290.283118,-20.734,0.608,-18,11,c,0,0.85,2.87006,35.973,7873.56,5883.44,2.73,2.7,88.1,-0.399,19.48,21.34,02a60290o0211c
60290.302356,-21.819,1.805,-7,12,c,0,0.8,2.87006,35.973,7847.81,5841.71,2.61,2.56,-74.3,-0.404,19.51,21.27,02a60290o0251c
60290.30552,21.755,1.488,7,11,c,0,1.08,2.87006,35.973,7905.77,5919.23,2.62,2.58,89.7,-0.405,19.51,21.26,02a60290o0258c
60290.320798,21.495,1.296,9,12,c,0,1.16,2.87006,35.973,7920.98,5802.44,2.65,2.57,-63.6,-0.405,19.49,21.24,02a60290o0290c
60292.247005,20.351,0.489,26,13,o,0,1.12,2.87006,35.973,8988.43,6339.53,2.79,2.46,-59.9,-0.452,19.47,20.74,01a60292o0121o
60292.250103,-23.18,5.429,-2,10,o,0,2.01,2.87006,35.973,9012.68,6377.5,2.66,2.34,-59.2,-0.475,19.5,20.71,01a60292o0127o
60292.262092,-21.058,0.782,-14,11,o,0,1.64,2.87006,35.973,8955.22,6299.95,2.64,2.36,-58.3,-0.468,19.53,20.72,01a60292o0151o
60292.279554,21.396,1.294,10,13,o,0,1.01,2.87006,35.973,8937.96,6415.55,2.79,2.45,-62.1,-0.46,19.44,20.67,01a60292o0186o
60293.291135,-19.459,0.167,-60,10,c,0,1.23,2.87006,35.973,8386.88,3468.25,2.64,2.55,-72.0,-0.386,19.49,21.21,02a60293o0227c
60293.299369,-19.208,0.13,-75,10,c,0,1.17,2.87006,35.973,8363.59,3429.28,2.62,2.51,-68.8,-0.389,19.49,21.19,02a60293o0244c
60293.302533,-20.629,0.52,-20,11,c,0,1.12,2.87006,35.973,8421.8,3507.0,2.66,2.56,-74.1,-0.385,19.43,21.17,02a60293o0251c
60293.317331,-21.578,1.229,-8,10,c,0,1.6,2.87006,35.973,8438.84,3389.03,2.75,2.65,-70.3,-0.384,19.38,21.11,02a60293o0282c
60294.394908,22.147,3.148,5,16,c,0,0.84,2.87006,35.973,260.35,10201.84,2.47,2.33,-64.6,-0.518,19.23,20.89,02a60294o0410c
60294.396405,21.015,0.859,14,12,c,0,1.42,2.87006,35.973,9908.57,10221.34,3.02,2.76,-41.9,-0.386,19.33,21.01,02a60294o0413c
60294.399089,20.632,0.8,20,16,c,0,1.25,2.87006,35.973,238.22,10161.98,2.56,2.33,-52.4,-0.478,19.19,20.84,02a60294o0418c
60294.399994,20.675,0.717,20,14,c,0,0.95,2.87006,35.973,9886.15,10181.09,2.91,2.73,-31.9,-0.389,19.3,20.95,02a60294o0420c
60294.406962,23.435,11.375,2,18,c,0,0.85,2.87006,35.973,285.55,10243.18,2.58,2.25,-51.6,-0.479,19.17,20.75,02a60294o0432c
60294.414819,21.736,2.618,7,19,c,0,1.04,2.87006,35.973,303.96,10120.61,2.68,2.38,-50.5,-0.483,19.05,20.63,02a60294o0447c
60294.416176,20.9,1.0,16,16,c,0,1.18,2.87006,35.973,9931.22,10261.63,2.99,2.78,-33.1,-0.389,19.19,20.8,02a60294o0450c
60294.422052,22.009,2.864,6,16,c,0,0.99,2.87006,35.973,9946.25,10137.48,3.22,2.87,-42.7,-0.373,19.07,20.7,02a60294o0463c
60297.260928,19.502,0.509,58,29,o,0,1.16,2.87006,35.973,439.1,1934.4,2.23,2.03,-55.2,-0.44,18.31,18.85,02a60297o0154o
60297.264096,-23.446,58.333,-2,89,o,0,0.95,2.87006,35.973,419.34,1894.81,2.34,2.15,-58.5,-0.428,16.97,17.21,02a60297o0161o
60297.275893,19.769,3.012,45,135,o,0,1.09,2.87006,35.973,477.18,1969.8,2.06,1.93,-51.2,-0.456,16.66,16.73,02a60297o0185o
60297.286055,-17.223,0.842,-469,395,o,0,1.03,2.87006,35.973,495.8,1849.56,2.18,1.95,-56.5,-0.433,15.53,15.59,02a60297o0206o
60298.285231,-15.362,1.451,-2600,3774,o,0,1.22,2.87006,35.973,231.2,8258.62,2.17,1.98,-35.9,-0.475,14.09,13.84,02a60298o0097o
60298.287492,18.437,6.678,153,1023,o,0,1.26,2.87006,35.973,10013.09,8274.52,2.48,2.18,-58.1,-0.469,16.33,16.55,02a60298o0102o
60298.288395,-20.15,4.267,-32,135,o,0,0.94,2.87006,35.973,213.08,8219.37,2.09,1.91,-22.6,-0.413,16.77,16.99,02a60298o0104o
60298.290655,-18.186,4.463,-193,862,o,0,0.8,2.87006,35.973,9991.36,8234.01,2.38,2.14,-56.8,-0.487,16.5,16.31,02a60298o0109o
60298.309362,-15.638,1.43,-2018,2886,o,0,1.59,2.87006,35.973,281.56,8174.73,2.09,1.95,-28.0,-0.44,14.22,14.04,02a60298o0149o
60298.309814,-16.865,10.15,-652,6617,o,0,1.01,2.87006,35.973,10063.8,8196.78,2.34,2.14,-57.2,-0.555,14.07,13.72,02a60298o0150o
60302.290276,-21.445,2.836,-10,27,o,0,0.6,2.87006,35.973,5994.3,9839.04,2.39,2.24,-44.5,-0.435,18.73,19.18,02a60302o0209o
60302.293936,-22.243,4.471,-5,21,o,0,1.91,2.87006,35.973,5973.91,9798.05,2.3,2.18,-45.6,-0.444,18.75,19.16,02a60302o0217o
60302.316559,-20.344,1.178,-26,31,o,0,1.11,2.87006,35.973,6018.52,9874.0,2.63,2.61,23.0,-0.418,18.48,19.03,02a60302o0266o
60302.322004,-19.152,0.326,-79,26,o,0,1.19,2.87006,35.973,6036.13,9756.67,2.46,2.3,-49.4,-0.434,18.59,19.01,02a60302o0278o
60305.333046,-20.115,0.722,-33,24,o,0,1.06,2.87006,35.973,6396.35,3525.01,2.21,2.0,41.4,-0.425,18.53,18.83,02a60305o0316o
60305.336679,20.64,1.257,20,25,o,0,1.1,2.87006,35.973,6373.77,3485.28,2.19,2.03,40.2,-0.426,18.54,18.81,02a60305o0324o
60305.342678,20.108,0.707,33,23,o,0,1.54,2.87006,35.973,6429.49,3562.21,2.39,2.09,29.2,-0.404,18.48,18.76,02a60305o0337o
60305.354922,-21.825,3.404,-7,23,o,0,1.83,2.87006,35.973,6443.49,3444.19,2.26,2.12,27.3,-0.42,18.42,18.67,02a60305o0363o
60306.284191,-19.099,0.238,-83,20,o,0,0.7,2.87006,35.973,2208.5,10055.46,2.23,1.91,-47.8,-0.475,18.88,19.37,02a60306o0211o
60306.287373,-20.007,0.482,-36,17,o,0,1.96,2.87006,35.973,2189.26,10015.74,2.2,1.87,-45.3,-0.475,18.88,19.35,02a60306o0218o
60306.292823,-21.263,1.703,-11,19,o,0,0.99,2.87006,35.973,2243.91,10092.29,2.17,1.85,-47.2,-0.474,18.85,19.32,02a60306o0230o
60306.302771,19.929,0.532,39,21,o,0,0.93,2.87006,35.973,2260.45,9972.6,2.08,1.83,-45.4,-0.476,18.84,19.26,02a60306o0252o
60308.329724,-21.433,1.681,-10,16,o,0,1.19,2.87006,35.973,7467.03,4051.43,2.73,2.54,40.3,-0.368,18.88,19.58,01a60308o0103o
60308.332614,20.386,0.761,25,19,o,0,1.02,2.87006,35.973,7485.16,4090.55,2.68,2.45,37.2,-0.379,18.94,19.56,01a60308o0109o
60308.338752,20.224,0.653,30,19,o,0,1.04,2.87006,35.973,7424.97,4015.07,2.7,2.66,71.8,-0.375,18.8,19.51,01a60308o0122o
60308.348596,19.487,0.335,58,20,o,0,1.46,2.87006,35.973,7401.98,4132.55,3.06,2.77,38.9,-0.34,18.7,19.42,01a60308o0143o
60310.258525,20.783,0.76,18,13,o,0,0.92,2.87006,35.973,143.11,6315.86,2.11,1.83,-51.0,-0.4,19.41,20.44,02a60310o0137o
60310.261695,-23.327,5.706,-2,10,o,0,1.72,2.87006,35.973,123.41,6276.52,2.12,1.83,-47.3,-0.404,19.39,20.43,02a60310o0144o
60310.266667,-20.975,1.064,-15,16,o,0,1.0,2.87006,35.973,9906.55,6324.33,2.35,2.04,-55.7,-0.484,19.4,20.45,02a60310o0155o
60310.267119,21.892,1.531,6,10,o,0,2.03,2.87006,35.973,179.87,6350.04,2.08,1.85,-45.1,-0.41,19.4,20.41,02a60310o0156o
60310.269831,-20.803,0.717,-17,12,o,0,1.5,2.87006,35.973,9887.51,6284.97,2.38,2.04,-55.3,-0.48,19.42,20.44,02a60310o0162o
60310.275729,-20.621,0.703,-20,14,o,0,0.9,2.87006,35.973,9944.16,6363.55,2.42,2.04,-56.5,-0.478,19.41,20.44,02a60310o0175o
60310.277096,21.545,1.46,9,13,o,0,0.96,2.87006,35.973,201.28,6230.76,2.05,1.83,-50.1,-0.409,19.37,20.37,02a60310o0178o
60310.287078,19.7,0.286,48,14,o,0,1.44,2.87006,35.973,9960.74,6246.05,2.4,2.02,-55.6,-0.476,19.41,20.39,02a60310o0200o
60311.332884,0.0,21.088,0,13,o,0,1.12,2.87006,35.973,1585.5,3844.08,2.81,2.56,47.3,-0.394,19.27,20.43,01a60311o0188o
60311.33616,20.89,0.858,16,14,o,0,1.16,2.87006,35.973,1603.19,3882.94,2.82,2.53,45.5,-0.396,19.24,20.41,01a60311o0195o
60311.342548,-20.779,0.746,-18,13,o,0,1.32,2.87006,35.973,1543.0,3802.7,2.84,2.53,41.8,-0.38,19.24,20.39,01a60311o0208o
60311.352397,-20.438,0.577,-24,14,o,0,1.27,2.87006,35.973,1519.46,3917.67,2.93,2.64,38.8,-0.377,19.19,20.24,01a60311o0229o
60312.288721,20.6,0.586,21,12,o,0,1.03,2.87006,35.973,7094.72,8415.85,2.69,2.63,-85.5,-0.421,19.41,20.65,01a60312o0212o
60312.291954,-22.55,3.625,-4,13,o,0,0.9,2.87006,35.973,7115.11,8454.9,2.69,2.57,48.5,-0.413,19.39,20.63,01a60312o0219o
60312.298445,25.236,37.5,0,11,o,0,1.43,2.87006,35.973,7048.44,8378.3,2.71,2.55,-64.9,-0.418,19.41,20.62,01a60312o0233o
60312.310753,-21.049,0.903,-14,12,o,0,1.02,2.87006,35.973,7027.46,8495.57,2.81,2.57,52.8,-0.389,19.35,20.65,01a60312o0259o
60313.325901,20.471,0.871,24,20,o,0,1.14,2.87006,35.973,4393.56,1666.72,2.04,1.9,-51.4,-0.444,18.73,19.65,02a60313o0299o
60313.328725,20.154,0.662,32,21,o,0,2.31,2.87006,35.973,4369.92,1626.52,2.05,1.91,-50.2,-0.448,18.4,19.21,02a60313o0305o
60313.333865,-20.638,1.172,-20,24,o,0,1.04,2.87006,35.973,4427.81,1705.6,2.03,1.95,-45.0,-0.45,18.51,19.36,02a60313o0316o
60313.346145,21.519,2.453,9,22,o,0,0.71,2.87006,35.973,4437.55,1586.38,2.1,2.0,-44.1,-0.441,18.78,19.72,02a60313o0342o
60314.293177,22.054,2.6,6,14,o,0,0.76,2.87006,35.973,8112.75,7996.52,2.28,2.21,38.8,-0.44,19.46,20.7,02a60314o0190o
60314.29839,20.651,0.616,20,12,o,0,1.07,2.87006,35.973,8094.2,7957.37,2.28,2.21,34.2,-0.438,19.44,20.69,02a60314o0201o
60314.301564,20.239,0.448,29,13,o,0,1.43,2.87006,35.973,8151.06,8036.22,2.27,2.25,89.4,-0.438,19.44,20.64,02a60314o0208o
60314.312004,21.46,1.243,10,12,o,0,1.57,2.87006,35.973,8172.44,7919.72,2.24,2.21,49.5,-0.441,19.39,20.6,02a60314o0231o
60315.316853,-21.62,1.927,-8,16,o,0,1.85,2.87006,35.973,1997.61,2734.96,2.76,2.56,40.1,-0.402,19.01,20.28,01a60315o0104o
60315.320084,23.019,8.154,2,18,o,0,0.83,2.87006,35.973,2015.83,2773.59,2.94,2.63,42.3,-0.39,19.28,20.61,01a60315o0111o
60315.327157,21.649,2.857,8,23,o,0,1.18,2.87006,35.973,1954.1,2693.42,2.81,2.6,40.6,-0.399,18.63,19.9,01a60315o0126o
60315.338091,23.646,10.625,1,13,o,0,0.88,2.87006,35.973,1928.25,2809.52,2.8,2.62,39.2,-0.399,19.34,20.66,01a60315o0149o
60316.292235,21.616,1.509,8,12,o,0,1.16,2.87006,35.973,1506.31,9040.26,2.69,2.54,77.4,-0.424,19.37,20.56,01a60316o0193o
60316.296697,20.491,0.627,23,14,o,0,1.05,2.87006,35.973,1524.05,9078.2,2.93,2.54,63.7,-0.381,19.31,20.53,01a60316o0202o
60316.30184,-20.992,0.81,-15,12,o,0,1.24,2.87006,35.973,1462.74,8999.4,2.77,2.55,65.3,-0.398,19.33,20.51,01a60316o0213o
60316.312031,-23.322,7.75,-2,13,o,0,1.3,2.87006,35.973,1437.07,9116.76,2.68,2.51,74.4,-0.413,19.3,20.4,01a60316o0235o
60319.32397,-20.374,0.582,-26,15,o,0,1.2,2.87006,35.973,7681.88,2449.25,2.85,2.82,-81.6,-0.393,19.08,20.16,01a60319o0020o
60319.327856,-22.747,6.133,-3,18,o,0,1.06,2.87006,35.973,7699.96,2488.84,3.23,2.96,15.5,-0.353,18.94,20.16,01a60319o0028o
60319.334324,20.488,0.628,23,14,o,0,1.23,2.87006,35.973,7637.06,2414.84,2.78,2.7,-5.1,-0.397,19.07,20.13,01a60319o0042o
60319.344187,20.391,0.667,25,17,o,0,0.76,2.87006,35.973,7612.09,2535.14,2.98,2.82,-18.8,-0.385,18.96,20.09,01a60319o0063o
60320.267735,-22.162,1.778,-5,9,o,0,2.32,2.87006,35.973,7805.74,6628.94,2.62,2.57,4.5,-0.402,19.44,20.56,01a60320o0107o
60320.273057,22.387,2.852,4,12,o,0,0.96,2.87006,35.973,7827.5,6668.72,2.72,2.68,-53.0,-0.399,19.33,20.53,01a60320o0118o
60320.276895,-20.28,0.456,-28,13,o,0,1.0,2.87006,35.973,7768.07,6592.77,2.81,2.73,75.0,-0.377,19.35,20.52,01a60320o0126o
60320.291511,22.269,2.867,4,13,o,0,1.46,2.87006,35.973,7744.07,6712.05,2.78,2.67,34.6,-0.376,19.25,20.37,01a60320o0157o
60323.293956,20.27,0.407,28,12,o,0,1.22,2.87006,35.973,5845.49,6753.96,2.69,2.38,41.5,-0.369,19.4,20.55,01a60323o0213o
60323.297188,20.271,0.398,28,11,o,0,0.91,2.87006,35.973,5862.64,6794.28,2.43,2.3,40.0,-0.39,19.47,20.55,01a60323o0220o
60323.30813,20.687,0.633,19,12,o,0,1.06,2.87006,35.973,5800.35,6718.04,2.59,2.38,40.8,-0.376,19.41,20.53,01a60323o0243o
60323.314605,-22.217,1.972,-5,9,o,0,1.68,2.87006,35.973,5777.88,6835.6,2.62,2.38,44.3,-0.37,19.37,20.49,01a60323o0257o
60324.30294,-21.339,1.346,-11,14,o,0,0.88,2.87006,35.973,3915.0,8794.13,2.67,2.35,54.0,-0.384,19.34,20.39,01a60324o0232o
60324.30573,-20.796,0.738,-17,13,o,0,0.67,2.87006,35.973,3931.85,8834.64,2.39,2.28,-50.7,-0.432,19.37,20.36,01a60324o0238o
60324.315645,20.759,0.664,18,12,o,0,1.56,2.87006,35.973,3866.43,8756.97,2.53,2.36,56.2,-0.406,19.3,20.29,01a60324o0259o
60324.321832,22.278,3.2,4,14,o,0,1.06,2.87006,35.973,3845.21,8875.28,2.43,2.34,-57.1,-0.428,19.31,20.27,01a60324o0272o
60325.321047,20.752,0.872,18,16,o,0,1.11,2.87006,35.973,6657.44,1768.31,2.42,2.14,-55.1,-0.424,19.07,20.12,02a60325o0276o
60325.324719,-20.505,0.792,-23,18,o,0,12.21,2.87006,35.973,6634.99,1726.14,2.45,2.16,-55.3,-0.421,19.06,20.09,02a60325o0284o
60325.329825,23.422,11.0,2,17,o,0,0.92,2.87006,35.973,6694.38,1804.38,2.64,2.36,-55.3,-0.404,18.95,20.05,02a60325o0295o
60325.345288,21.661,2.929,8,23,o,0,1.03,2.87006,35.973,6708.22,1695.15,2.72,2.42,-43.7,-0.398,18.91,19.95,02a60325o0328o
60327.267307,-22.016,3.0,-6,17,o,0,1.29,2.87006,35.973,4360.51,4436.22,2.99,2.66,26.1,-0.384,18.97,19.91,01a60327o0152o
60327.271014,23.584,11.556,1,16,o,0,1.16,2.87006,35.973,4379.75,4475.55,2.74,2.6,33.9,-0.404,19.01,19.89,01a60327o0160o
60327.276119,21.47,1.947,9,18,o,0,1.2,2.87006,35.973,4319.81,4398.65,2.92,2.74,12.0,-0.392,18.95,19.86,01a60327o0171o
60327.295147,21.78,2.5,7,18,o,0,1.42,2.87006,35.973,4299.54,4516.07,2.84,2.69,4.6,-0.393,18.95,19.75,01a60327o0211o
60328.26687,-20.669,0.936,-20,18,o,0,0.85,2.87006,35.973,6172.56,439.41,2.56,2.52,73.1,-0.438,18.99,19.67,01a60328o0106o
60328.270103,22.635,4.739,3,15,o,0,1.66,2.87006,35.973,6189.23,480.14,2.55,2.49,-54.0,-0.454,18.97,19.65,01a60328o0113o
60328.275486,21.105,1.449,13,19,o,0,0.86,2.87006,35.973,6131.41,402.33,2.47,2.44,-61.0,-0.462,19.01,19.62,01a60328o0124o
60328.291691,20.226,0.71,30,21,o,0,1.12,2.87006,35.973,6110.56,523.1,2.5,2.46,-52.9,-0.458,18.87,19.49,01a60328o0157o
60329.237286,-20.695,0.884,-19,17,o,0,1.58,2.87006,35.973,4368.34,10118.24,2.08,2.03,4.0,-0.417,19.06,19.66,02a60329o0068o
60329.24045,19.412,0.277,62,17,o,0,1.21,2.87006,35.973,4349.37,10078.06,2.08,2.03,5.6,-0.485,19.0,19.65,02a60329o0075o
60329.247931,20.329,0.74,27,20,o,0,1.09,2.87006,35.973,4402.46,10158.97,2.08,2.03,6.6,-0.412,18.97,19.62,02a60329o0091o
60329.257885,20.07,0.528,34,18,o,0,1.71,2.87006,35.973,4423.0,10037.25,2.05,1.91,-37.0,-0.435,19.02,19.58,02a60329o0113o
60330.242963,-20.778,1.063,-18,19,o,0,1.47,2.87006,35.973,4317.38,8163.73,2.03,1.99,0.9,-0.456,18.94,19.47,02a60330o0079o
60330.246138,20.527,0.938,22,21,o,0,1.68,2.87006,35.973,4299.1,8123.93,2.11,1.98,31.0,-0.439,18.89,19.45,02a60330o0086o
60330.265855,-19.564,0.45,-54,24,o,0,0.91,2.87006,35.973,4354.27,8200.4,2.04,2.03,3.8,-0.447,18.85,19.33,02a60330o0129o
60330.273123,-21.611,2.942,-8,24,o,0,1.27,2.87006,35.973,4373.33,8080.46,2.09,2.04,25.5,-0.448,18.73,19.28,02a60330o0145o
60331.273411,-21.243,1.536,-12,18,o,0,1.29,2.87006,35.973,6230.78,2394.36,2.63,2.47,40.7,-0.408,18.84,19.46,01a60331o0161o
60331.295608,22.129,4.543,5,23,o,0,0.99,2.87006,35.973,6244.84,2436.32,2.67,2.52,40.1,-0.416,18.69,19.25,01a60331o0206o
60331.298837,-19.814,0.606,-43,26,o,0,0.8,2.87006,35.973,6184.57,2362.32,2.55,2.47,36.9,-0.429,18.75,19.22,01a60331o0213o
60331.304381,22.095,4.324,5,23,o,0,0.97,2.87006,35.973,6163.98,2480.34,2.55,2.5,9.9,-0.434,18.73,19.17,01a60331o0225o
60332.243222,-20.486,0.832,-23,19,o,0,1.07,2.87006,35.973,4332.14,2497.78,2.64,2.37,42.2,-0.429,18.91,19.44,01a60332o0097o
60332.247081,-23.224,10.769,-2,20,o,0,1.17,2.87006,35.973,4351.42,2536.13,2.74,2.49,42.8,-0.411,18.83,19.4,01a60332o0105o
60332.252626,20.786,1.271,18,22,o,0,0.91,2.87006,35.973,4289.93,2458.48,2.55,2.38,46.6,-0.441,18.87,19.38,01a60332o0117o
60332.264512,-19.64,0.431,-51,22,o,0,1.31,2.87006,35.973,4273.89,2575.35,2.69,2.46,44.5,-0.425,18.78,19.3,01a60332o0142o
60333.244724,-19.504,0.526,-57,30,o,0,1.0,2.87006,35.973,6215.32,8067.28,2.24,2.15,31.2,-0.443,18.73,19.24,02a60333o0100o
60333.259257,23.172,18.0,2,35,o,0,1.13,2.87006,35.973,6194.25,8026.92,2.31,2.19,33.6,-0.434,18.69,19.17,02a60333o0131o
60333.265429,20.225,1.078,30,32,o,0,1.41,2.87006,35.973,6251.17,8107.38,2.35,2.24,29.4,-0.434,18.68,19.16,02a60333o0144o
60333.26824,21.386,3.394,10,34,o,0,0.97,2.87006,35.973,6270.29,7986.97,2.32,2.21,36.4,-0.443,18.61,19.14,02a60333o0150o
60334.25753,-19.969,0.631,-37,24,o,0,1.4,2.87006,35.973,2692.18,1964.85,2.83,2.35,-3.9,-0.421,18.35,18.99,02a60334o0129o
60334.270453,-19.956,0.819,-38,31,o,0,1.16,2.87006,35.973,2668.08,1924.73,3.02,2.46,-7.0,-0.406,18.21,18.9,02a60334o0157o
60334.283363,21.12,2.289,13,30,o,0,1.36,2.87006,35.973,2723.83,2004.21,2.38,2.16,5.2,-0.42,18.31,18.77,02a60334o0185o
60334.286536,19.292,0.427,70,30,o,0,0.94,2.87006,35.973,2746.1,1884.11,2.34,2.18,-35.3,-0.425,18.31,18.74,02a60334o0192o
60335.249027,19.424,0.365,62,22,o,0,1.04,2.87006,35.973,2683.68,1965.37,2.02,2.01,-66.0,-0.463,18.54,18.95,02a60335o0095o
60335.252221,-20.207,0.817,-30,24,o,0,1.24,2.87006,35.973,2662.04,1925.66,2.08,2.01,-61.7,-0.462,18.57,18.92,02a60335o0102o
60335.257686,20.857,1.465,16,24,o,0,0.73,2.87006,35.973,2722.02,2002.65,2.05,1.99,-57.6,-0.466,18.54,18.89,02a60335o0114o
60335.279403,-19.318,0.439,-68,30,o,0,1.0,2.87006,35.973,2736.22,1885.47,2.12,2.06,-36.6,-0.457,18.35,18.68,02a60335o0155o
60337.228744,20.43,0.547,24,13,o,0,0.91,2.87006,35.973,2333.83,6335.24,2.48,2.13,9.3,-0.42,19.19,20.33,02a60337o0063o
60337.231913,20.069,0.402,34,14,o,0,1.46,2.87006,35.973,2315.02,6296.76,2.48,2.13,5.6,-0.425,19.19,20.38,02a60337o0070o
60337.238007,-21.242,1.259,-12,15,o,0,1.15,2.87006,35.973,2371.0,6373.87,2.44,2.06,5.8,-0.429,19.21,20.39,02a60337o0083o
60337.253192,-24.843,35.333,0,15,o,0,0.98,2.87006,35.973,2392.37,6253.65,2.46,2.07,1.4,-0.433,19.14,20.18,02a60337o0116o
60338.243538,-21.216,1.821,-12,22,o,0,1.04,2.87006,35.973,8131.68,9956.47,3.85,3.11,-11.1,-0.383,18.83,20.31,02a60338o0095o
60338.246703,-20.033,0.52,-35,18,o,0,1.48,2.87006,35.973,8112.4,9916.84,3.66,3.03,-20.0,-0.384,18.86,20.29,02a60338o0102o
60338.252129,22.837,8.125,3,22,o,0,1.14,2.87006,35.973,8169.81,9996.78,4.39,3.06,-7.3,-0.359,18.76,20.29,02a60338o0114o
60338.262522,21.59,2.52,8,21,o,0,1.33,2.87006,35.973,8187.84,9878.83,4.19,3.28,-17.7,-0.34,18.69,20.23,02a60338o0137o
60339.243141,-21.824,1.828,-7,12,o,0,1.69,2.87006,35.973,2416.53,621.2,2.37,2.24,41.9,-0.453,19.27,20.18,01a60339o0088o
60339.253196,-20.697,0.796,-19,15,o,0,0.99,2.87006,35.973,2438.34,658.19,2.35,2.27,19.7,-0.48,19.29,20.15,01a60339o0109o
60339.26512,21.69,1.833,8,14,o,0,1.5,2.87006,35.973,2377.5,578.77,2.38,2.31,2.4,-0.483,19.26,20.11,01a60339o0134o
60339.2748,20.936,0.908,15,14,o,0,1.36,2.87006,35.973,2361.77,692.64,2.47,2.31,34.1,-0.447,19.17,20.08,01a60339o0154o
60340.256331,21.538,1.5,9,13,o,0,1.37,2.87006,35.973,2459.42,4512.85,2.63,2.37,39.0,-0.431,19.19,20.21,01a60340o0015o
60340.259241,21.64,2.186,8,18,o,0,0.82,2.87006,35.973,2481.19,4551.1,2.63,2.34,44.4,-0.432,19.2,20.18,01a60340o0021o
60340.264457,20.132,0.46,32,15,o,0,1.32,2.87006,35.973,2421.13,4472.33,2.47,2.27,44.6,-0.451,19.25,20.14,01a60340o0032o
60340.274935,21.375,1.392,10,14,o,0,1.23,2.87006,35.973,2402.42,4587.72,2.59,2.36,40.7,-0.44,19.17,20.06,01a60340o0054o
60341.221919,19.776,0.318,45,14,c,0,1.31,2.87006,35.973,8123.31,6065.93,2.54,2.46,21.3,-0.407,19.22,20.43,02a60341o0040c
60341.225993,-22.771,4.611,-3,13,c,0,1.41,2.87006,35.973,8100.95,6027.22,2.54,2.43,29.0,-0.41,19.3,20.61,02a60341o0049c
60341.23187,21.969,2.444,6,14,c,0,0.99,2.87006,35.973,8159.21,6105.24,2.52,2.49,-25.3,-0.413,19.31,20.69,02a60341o0062c
60341.244035,20.882,0.66,16,11,c,0,1.97,2.87006,35.973,8175.7,5989.69,2.48,2.45,-30.8,-0.417,19.31,20.72,02a60341o0088c
60343.246148,-22.621,4.375,-3,14,o,0,1.46,2.87006,35.973,1956.66,6928.19,2.56,2.39,47.2,-0.44,19.22,20.12,01a60343o0095o
60343.249997,-20.429,0.555,-24,14,o,0,1.13,2.87006,35.973,1978.16,6966.46,2.62,2.35,46.1,-0.427,19.2,20.12,01a60343o0103o
60343.257399,-20.814,0.788,-17,14,o,0,1.24,2.87006,35.973,1915.84,6888.96,2.39,2.38,69.4,-0.465,19.24,20.1,01a60343o0119o
60343.267375,-21.038,1.111,-14,16,o,0,0.92,2.87006,35.973,1892.9,7004.58,2.37,2.35,-52.0,-0.469,19.22,20.12,01a60343o0140o
60344.221927,21.724,2.017,7,15,o,0,1.59,2.87006,35.973,9989.17,143.16,2.46,2.17,-52.4,-0.482,18.98,19.74,01a60344o0043o
60344.226084,21.242,1.319,12,15,o,0,1.18,2.87006,35.973,10008.99,182.01,2.43,2.15,-51.1,-0.489,19.12,20.03,01a60344o0052o
60344.23132,-22.89,5.0,-2,13,o,0,1.31,2.87006,35.973,9953.17,106.09,2.43,2.1,-55.1,-0.484,19.19,20.14,01a60344o0063o
60344.231783,20.988,0.915,15,13,o,0,1.21,2.87006,35.973,340.53,165.49,2.38,2.37,52.2,-0.464,19.23,20.24,01a60344o0064o
60344.235016,21.357,1.329,10,14,o,0,1.1,2.87006,35.973,360.41,205.63,2.35,2.34,-49.7,-0.462,19.26,20.24,01a60344o0071o
60344.241216,22.27,3.361,4,15,o,0,1.0,2.87006,35.973,302.79,122.58,2.38,2.34,-5.8,-0.464,19.26,20.27,01a60344o0084o
60344.243527,20.504,0.574,23,13,o,0,1.41,2.87006,35.973,9932.89,227.95,2.59,2.2,-57.3,-0.473,19.19,20.17,01a60344o0089o
60344.251381,-21.624,1.78,-8,14,o,0,1.32,2.87006,35.973,285.56,239.25,2.53,2.43,-35.1,-0.459,19.22,20.26,01a60344o0106o
60345.221613,21.425,2.0,10,20,c,0,1.38,2.87006,35.973,556.0,10389.11,2.83,2.33,-54.6,-0.443,18.9,20.05,02a60345o0036c
60345.22342,21.44,1.974,10,19,c,0,0.88,2.87006,35.973,10208.99,10427.87,3.39,2.96,-51.2,-0.355,19.04,20.33,02a60345o0040c
60345.224781,25.634,94.0,0,19,c,0,0.99,2.87006,35.973,536.72,10351.45,2.94,2.42,-53.7,-0.43,18.99,20.29,02a60345o0043c
60345.227497,-22.425,4.375,-4,17,c,0,1.04,2.87006,35.973,10187.73,10387.82,3.3,2.92,-51.5,-0.36,19.12,20.48,02a60345o0049c
60345.230212,22.943,7.538,2,18,c,0,1.31,2.87006,35.973,593.27,10425.95,2.77,2.29,-56.2,-0.428,19.1,20.41,02a60345o0055c
60345.233375,21.734,3.172,7,23,c,0,0.93,2.87006,35.973,10244.53,10468.94,3.4,2.98,-49.8,-0.362,19.11,20.52,02a60345o0062c
60345.242513,20.773,0.988,18,18,c,0,1.02,2.87006,35.973,612.39,10306.05,2.95,2.45,-56.9,-0.439,19.0,20.43,02a60345o0082c
60345.244771,20.435,0.717,24,17,c,0,1.09,2.87006,35.973,10259.6,10350.28,3.31,2.87,-51.3,-0.363,19.13,20.54,02a60345o0087c
60349.218935,20.149,1.204,32,38,c,0,1.02,2.87006,35.973,491.55,8428.37,2.58,2.36,-54.2,-0.432,18.35,19.25,02a60349o0026c
60349.2221,-21.362,1.853,-10,19,c,0,1.13,2.87006,35.973,472.38,8389.25,2.48,2.24,-53.7,-0.431,18.86,19.83,02a60349o0033c
60349.224359,-23.606,16.333,-1,21,c,0,0.95,2.87006,35.973,10270.36,8465.4,3.01,2.77,-47.8,-0.388,19.03,20.24,02a60349o0038c
60349.22798,-20.976,1.118,-15,16,c,0,1.17,2.87006,35.973,10248.06,8424.9,2.96,2.77,-33.5,-0.391,19.16,20.44,02a60349o0046c
60349.22979,-21.363,1.56,-10,16,c,0,1.38,2.87006,35.973,527.15,8464.8,2.95,2.56,-53.8,-0.42,18.97,20.34,02a60349o0050c
60349.23341,20.992,1.086,15,16,c,0,1.07,2.87006,35.973,10306.78,8504.87,2.91,2.68,-39.5,-0.394,19.19,20.5,02a60349o0058c
60349.242996,-21.022,1.011,-14,14,c,0,1.04,2.87006,35.973,544.77,8342.76,2.53,2.26,-47.8,-0.434,19.04,20.32,02a60349o0079c
60349.245257,-23.615,11.0,-1,14,c,0,1.45,2.87006,35.973,10320.83,8388.3,2.95,2.71,-37.8,-0.391,19.14,20.45,02a60349o0084c
60350.217031,-19.864,0.825,-41,34,c,0,1.32,2.87006,35.973,800.79,4040.81,2.45,2.25,-63.7,-0.42,17.99,18.66,02a60350o0021c
60350.220194,-19.671,0.455,-49,22,c,0,1.02,2.87006,35.973,778.58,4001.57,2.41,2.25,-57.9,-0.425,18.57,19.38,02a60350o0028c
60350.225623,-22.19,2.935,-5,14,c,0,1.47,2.87006,35.973,836.41,4077.29,2.48,2.28,-57.4,-0.426,18.99,20.11,02a60350o0040c
60350.235787,20.979,0.989,15,15,c,0,1.14,2.87006,35.973,854.46,3961.01,2.51,2.31,-60.6,-0.421,19.12,20.38,02a60350o0062c
60358.219279,21.126,6.076,13,78,o,0,1.26,2.87006,35.973,4264.74,6217.39,2.5,1.99,37.6,-0.428,17.42,17.29,02a60358o0011o
60358.222442,21.574,5.348,8,46,o,0,1.1,2.87006,35.973,4246.49,6177.25,2.29,1.98,38.2,-0.437,17.99,18.1,02a60358o0018o
60358.227871,21.912,4.34,6,27,o,0,1.03,2.87006,35.973,4301.28,6253.56,2.17,1.98,38.5,-0.448,18.6,18.91,02a60358o0030o
60358.237822,19.405,0.365,63,23,o,0,0.86,2.87006,35.973,4316.71,6137.77,2.15,2.08,23.2,-0.444,18.65,19.1,02a60358o0052o
60361.218724,19.112,1.663,82,137,o,0,1.01,2.87006,35.973,10165.7,6511.02,2.33,2.07,-47.9,-0.481,17.15,16.99,02a60361o0019o
60361.221888,-19.786,1.588,-44,70,o,0,1.28,2.87006,35.973,10146.49,6471.47,2.36,2.06,-51.2,-0.51,17.83,17.82,02a60361o0026o
60361.227315,-19.421,0.541,-62,34,o,0,1.34,2.87006,35.973,10200.92,6551.37,2.46,1.97,-53.6,-0.479,18.43,18.66,02a60361o0038o
60457.571684,21.914,3.966,6,25,o,0,1.49,2.87006,35.973,8072.22,322.47,2.22,1.58,-53.9,-0.499,18.83,19.38,02a60457o0707o
60457.57488,-21.051,2.171,-14,30,o,0,0.92,2.87006,35.973,8092.07,361.13,2.19,1.58,-56.9,-0.51,18.84,19.39,02a60457o0714o
60457.585633,20.261,0.734,28,21,o,0,1.43,2.87006,35.973,8037.83,282.38,2.19,1.57,-56.3,-0.524,18.85,19.44,02a60457o0735o
60457.597824,-22.531,7.0,-4,25,o,0,1.07,2.87006,35.973,8021.0,402.34,1.99,1.52,-61.7,-0.515,18.96,19.51,02a60457o0761o
60458.5336,-21.637,3.194,-8,26,o,0,0.88,2.87006,35.973,6266.76,4334.63,2.06,1.86,30.5,-0.437,18.6,18.95,02a60458o0615o
60458.53684,-22.549,8.217,-4,28,o,0,1.66,2.87006,35.973,6289.82,4381.06,2.13,1.88,25.9,-0.451,18.32,18.86,02a60458o0622o
60458.542333,21.358,2.333,10,24,o,0,1.19,2.87006,35.973,6234.55,4303.99,2.11,1.89,26.6,-0.449,18.73,19.24,02a60458o0634o
60458.555227,20.225,0.726,30,21,o,0,1.15,2.87006,35.973,6220.24,4419.35,2.28,1.98,36.7,-0.416,18.78,19.33,02a60458o0660o
60460.556654,19.287,2.538,70,178,o,0,1.09,2.87006,35.973,10214.51,6533.66,2.72,2.35,-61.6,-0.443,16.1,16.55,01a60460o0659o
60460.560843,-18.058,0.963,-217,209,o,0,1.04,2.87006,35.973,10194.85,6484.36,2.75,2.45,-59.9,-0.433,16.05,16.48,01a60460o0668o
60460.567346,19.354,0.931,66,61,o,0,1.2,2.87006,35.973,10254.1,6563.21,2.5,2.27,-50.3,-0.454,17.67,18.15,01a60460o0682o
60460.577412,-20.447,4.475,-24,108,o,0,0.88,2.87006,35.973,10277.29,6444.51,2.47,2.33,-50.4,-0.446,17.06,17.62,01a60460o0703o
60461.544022,-24.294,72.667,-1,51,o,0,0.84,2.87006,35.973,10136.28,4066.07,2.51,2.01,-58.2,-0.462,18.23,18.86,02a60461o0653o
60461.549352,-20.917,1.897,-16,30,o,0,1.14,2.87006,35.973,10160.69,4110.09,2.57,2.14,-51.1,-0.443,18.53,19.12,02a60461o0664o
60461.55257,19.648,1.215,50,61,o,0,1.21,2.87006,35.973,10104.64,4034.18,2.53,2.13,-48.7,-0.445,17.65,18.09,02a60461o0671o
60461.571077,19.842,0.976,42,41,o,0,1.6,2.87006,35.973,10090.67,4149.45,2.44,2.05,-45.3,-0.463,18.05,18.7,02a60461o0710o
60463.591004,-20.101,0.456,-33,15,o,0,0.9,2.87006,35.973,5883.41,8698.08,2.14,1.91,31.3,-0.441,19.31,20.21,02a60463o0750o
60463.608682,21.089,1.311,13,17,o,0,1.46,2.87006,35.973,5909.84,8737.02,2.39,2.03,38.5,-0.427,19.05,19.84,02a60463o0786o
60463.611393,-20.158,0.843,-31,26,o,0,0.89,2.87006,35.973,5849.08,8658.29,2.4,2.04,37.9,-0.422,18.92,19.51,02a60463o0792o
60463.61607,-21.761,10.941,-7,78,o,0,1.03,2.87006,35.973,5834.71,8777.4,2.51,2.14,39.5,-0.423,18.28,18.56,02a60463o0801o
60467.578651,20.617,0.589,21,12,o,0,1.59,2.87006,35.973,1905.72,8862.94,2.06,1.97,6.7,-0.442,19.34,20.45,02a60467o0723o
60467.601081,-22.167,2.651,-5,13,o,0,1.44,2.87006,35.973,1935.22,8902.27,2.1,1.98,26.5,-0.44,19.35,20.47,02a60467o0771o
60467.612213,26.319,176.0,0,19,o,0,0.87,2.87006,35.973,1879.83,8822.06,2.03,1.92,26.1,-0.446,18.95,19.66,02a60467o0794o
60467.614086,19.663,0.594,50,29,o,0,0.96,2.87006,35.973,1860.35,8936.89,2.06,1.96,23.4,-0.447,18.8,19.29,02a60467o0797o
60468.575357,-21.211,1.045,-12,12,o,0,1.26,2.87006,35.973,2470.83,8258.15,2.59,2.4,57.5,-0.417,19.34,20.48,01a60468o0686o
60468.578604,-21.45,1.439,-10,14,o,0,1.11,2.87006,35.973,2450.05,8219.48,2.67,2.49,63.7,-0.413,19.3,20.49,01a60468o0693o
60468.584814,20.041,0.411,35,14,o,0,1.08,2.87006,35.973,2508.4,8297.2,2.52,2.34,58.3,-0.422,19.3,20.41,01a60468o0704o
60468.602138,-22.861,4.105,-3,11,o,0,1.53,2.87006,35.973,2524.81,8182.6,2.65,2.42,61.7,-0.414,19.34,20.51,01a60468o0741o
60470.551942,-19.654,0.361,-50,18,o,0,1.14,2.87006,35.973,7791.65,6645.54,3.38,2.94,12.2,-0.382,18.97,20.47,02a60470o0656o
60470.555125,-22.046,2.938,-6,16,o,0,1.13,2.87006,35.973,7813.31,6685.53,2.74,2.39,17.1,-0.399,19.17,20.48,02a60470o0663o
60470.5611,-20.94,0.89,-15,14,o,0,1.05,2.87006,35.973,7757.18,6608.72,2.71,2.37,17.4,-0.397,19.22,20.53,02a60470o0676o
60470.571247,21.237,1.23,12,14,o,0,1.21,2.87006,35.973,7737.89,6725.19,2.91,2.55,18.7,-0.388,19.15,20.62,02a60470o0698o
60471.549954,0.0,21.127,0,13,o,0,1.32,2.87006,35.973,2839.06,3888.65,2.78,2.51,38.0,-0.393,19.23,20.46,01a60471o0644o
60471.555353,-21.025,0.854,-14,12,o,0,1.13,2.87006,35.973,2817.55,3849.84,2.77,2.5,40.3,-0.401,19.3,20.5,01a60471o0654o
60471.558586,20.383,0.512,26,13,o,0,0.96,2.87006,35.973,2876.12,3926.35,2.73,2.55,39.9,-0.405,19.31,20.54,01a60471o0661o
60471.568777,19.967,0.369,37,14,o,0,0.98,2.87006,35.973,2896.46,3811.01,2.85,2.61,44.0,-0.384,19.28,20.59,01a60471o0683o
60471.612404,-21.832,4.045,-7,27,o,0,0.78,2.87006,35.973,7748.77,6722.48,2.63,2.29,34.8,-0.394,18.76,19.42,02a60471o0785o
60473.553733,21.412,1.694,10,17,o,0,0.87,2.87006,35.973,5837.12,6757.89,2.52,2.03,18.1,-0.418,19.2,20.24,02a60473o0668o
60473.5569,20.851,0.795,17,13,o,0,1.43,2.87006,35.973,5859.08,6796.81,2.53,2.01,22.2,-0.416,19.21,20.24,02a60473o0675o
60473.577902,-20.623,0.741,-20,15,o,0,1.13,2.87006,35.973,5807.33,6718.72,2.37,1.99,31.3,-0.428,19.32,20.36,02a60473o0719o
60473.583878,-21.161,0.99,-12,12,o,0,1.32,2.87006,35.973,5786.65,6834.69,2.33,1.96,30.0,-0.433,19.31,20.37,02a60473o0732o
60475.572167,21.661,1.767,8,14,o,0,1.95,2.87006,35.973,3905.16,8792.59,2.28,2.06,32.3,-0.406,19.25,20.34,02a60475o0707o
60475.584268,19.747,0.498,46,23,o,0,0.84,2.87006,35.973,6733.92,1759.94,2.44,2.31,53.4,-0.438,18.74,19.94,01a60475o0718o
60475.592567,-21.772,2.362,-7,17,o,0,1.08,2.87006,35.973,3925.91,8829.72,2.44,2.11,37.9,-0.394,19.09,20.2,02a60475o0749o
60475.599466,-20.56,0.669,-22,14,o,0,1.24,2.87006,35.973,3867.8,8751.52,2.31,2.02,34.1,-0.404,19.22,20.22,02a60475o0764o
60475.602035,20.568,0.809,22,17,o,0,1.59,2.87006,35.973,6702.97,1718.7,2.44,2.3,42.7,-0.443,18.73,19.73,01a60475o0756o
60475.607304,-21.103,1.808,-13,24,o,0,0.99,2.87006,35.973,3857.99,8871.35,2.33,2.04,40.8,-0.404,18.94,19.72,02a60475o0780o
60475.615241,20.656,5.8,20,115,o,0,1.87,2.87006,35.973,6755.39,1797.98,2.62,2.42,44.5,-0.431,16.56,16.91,01a60475o0784o
60475.618239,18.305,2.048,173,354,o,0,35.98,2.87006,35.973,6771.68,1680.05,2.68,2.49,54.7,-0.484,15.41,15.72,01a60475o0790o
60476.501183,22.251,2.515,5,12,o,0,1.65,2.87006,35.973,6247.88,6128.57,2.52,2.46,-70.1,-0.398,19.2,20.35,01a60476o0547o
60476.505381,21.65,1.811,8,14,o,0,1.02,2.87006,35.973,6226.35,6082.56,2.61,2.55,-1.1,-0.413,19.2,20.38,01a60476o0556o
60476.528991,-21.589,1.222,-8,10,o,0,1.78,2.87006,35.973,6294.89,6163.01,2.52,2.47,71.5,-0.395,19.37,20.54,01a60476o0601o
60476.544557,21.104,0.824,13,11,o,0,1.22,2.87006,35.973,6313.24,6039.74,2.55,2.42,48.3,-0.386,19.41,20.62,01a60476o0634o
60480.56566,-20.215,0.879,-30,26,o,0,1.3,2.87006,35.973,4349.78,8098.26,2.77,2.46,57.7,-0.38,18.16,19.33,01a60480o0674o
60480.571223,22.14,41.762,5,211,o,0,0.93,2.87006,35.973,4407.42,8176.64,2.8,2.52,55.8,-0.368,18.76,20.07,01a60480o0686o
60480.584342,-17.318,0.895,-429,384,o,0,0.94,2.87006,35.973,4422.8,8060.47,2.77,2.49,53.8,-0.398,17.35,18.72,01a60480o0712o
60481.560184,-23.316,14.625,-2,25,o,0,1.28,2.87006,35.973,6248.3,2402.09,3.15,2.71,-0.7,-0.375,18.53,19.44,02a60481o0675o
60481.563349,-21.517,2.37,-9,21,o,0,1.0,2.87006,35.973,6266.91,2441.02,2.79,2.37,2.5,-0.381,18.67,19.49,02a60481o0682o
60481.568994,-20.833,1.333,-17,22,o,0,1.04,2.87006,35.973,6206.52,2364.62,3.0,2.54,-2.5,-0.4,18.63,19.58,02a60481o0693o
60481.580079,-22.795,12.6,-3,35,o,0,0.94,2.87006,35.973,6190.24,2483.55,3.14,2.78,-3.5,-0.434,18.43,19.51,02a60481o0717o
60482.56103,-23.458,20.0,-2,30,o,0,0.99,2.87006,35.973,4345.5,2498.58,3.49,2.43,5.9,-0.388,18.37,19.16,02a60482o0642o
60482.564203,-20.138,0.963,-32,31,o,0,1.08,2.87006,35.973,4365.62,2538.1,3.47,2.69,7.9,-0.391,18.32,19.18,02a60482o0649o
60482.571742,19.837,0.621,42,26,o,0,1.49,2.87006,35.973,4310.84,2460.24,3.29,2.53,6.4,-0.399,18.41,19.24,02a60482o0664o
60482.577615,19.224,0.403,74,30,o,0,0.93,2.87006,35.973,4290.23,2576.29,3.24,2.42,9.6,-0.392,18.4,19.58,02a60482o0675o
60483.563224,-20.053,0.751,-35,26,o,0,0.96,2.87006,35.973,6309.16,8090.99,3.31,3.09,54.5,-0.364,18.55,19.31,01a60483o0669o
60483.573474,19.952,0.628,38,24,o,0,1.14,2.87006,35.973,6327.43,7974.98,3.4,3.15,53.6,-0.356,18.57,19.35,01a60483o0688o
60485.576851,-19.912,0.54,-39,21,o,0,1.06,2.87006,35.973,7886.96,8591.66,2.39,2.32,44.7,-0.429,18.86,19.54,02a60485o0716o
60485.580103,21.375,2.266,10,23,o,0,1.03,2.87006,35.973,7909.95,8631.11,2.51,2.39,-0.5,-0.416,18.85,19.54,02a60485o0723o
60485.587762,-21.548,1.696,-9,15,o,0,1.52,2.87006,35.973,2739.03,1945.57,2.57,2.31,43.8,-0.437,19.06,19.77,01a60485o0716o
60485.601488,-21.41,1.618,-10,16,o,0,1.14,2.87006,35.973,2708.46,1912.16,2.65,2.34,47.2,-0.425,19.03,19.78,01a60485o0745o
60485.604621,-21.536,2.3,-9,20,o,0,1.03,2.87006,35.973,7861.74,8556.79,2.41,2.32,34.1,-0.43,18.9,19.58,02a60485o0775o
60485.611945,-21.083,1.657,-13,22,o,0,1.04,2.87006,35.973,2756.91,1988.77,2.68,2.34,45.6,-0.427,18.78,19.29,01a60485o0766o
60485.616044,19.436,0.521,61,32,o,0,1.11,2.87006,35.973,2773.58,1873.48,2.64,2.3,48.9,-0.437,18.41,18.6,01a60485o0774o
60486.55728,20.199,0.636,30,19,o,0,1.26,2.87006,35.973,8226.4,4221.89,2.9,2.35,2.5,-0.383,18.75,19.56,02a60486o0668o
60486.560443,-21.553,2.273,-9,20,o,0,1.16,2.87006,35.973,8246.51,4260.16,2.71,2.31,3.5,-0.379,18.79,19.58,02a60486o0675o
60486.565904,22.072,4.4,5,24,o,0,0.99,2.87006,35.973,8191.04,4183.95,3.06,2.77,11.0,-0.388,18.65,19.61,02a60486o0687o
60486.587941,20.298,0.656,28,18,o,0,1.05,2.87006,35.973,8178.91,4301.85,2.8,2.4,15.3,-0.389,18.85,19.73,02a60486o0731o
60487.558106,21.171,1.238,12,15,o,0,0.98,2.87006,35.973,2395.92,6314.56,2.52,2.29,50.9,-0.418,19.19,20.01,01a60487o0661o
60487.561004,20.974,1.078,15,16,o,0,0.87,2.87006,35.973,2375.69,6277.29,2.63,2.34,56.4,-0.411,19.19,20.02,01a60487o0667o
60487.566548,23.115,6.5,2,13,o,0,1.34,2.87006,35.973,2428.9,6354.12,2.67,2.33,57.6,-0.405,19.2,20.04,01a60487o0679o
60487.576707,19.925,0.381,39,15,o,0,1.27,2.87006,35.973,2445.83,6240.22,2.91,2.54,52.8,-0.382,19.11,20.06,01a60487o0701o
60487.586552,-20.364,0.482,-26,12,o,0,1.12,2.87006,35.973,8236.96,4222.71,2.21,2.03,30.4,-0.409,19.09,19.92,02a60487o0736o
60487.596743,-20.35,0.471,-26,12,o,0,1.37,2.87006,35.973,8258.29,4261.77,2.22,2.04,24.6,-0.409,19.14,19.93,02a60487o0757o
60487.605785,-23.914,18.375,-1,18,o,0,0.78,2.87006,35.973,8208.86,4187.64,2.35,2.07,23.6,-0.403,19.01,19.82,02a60487o0776o
60487.614096,-20.332,0.785,-27,21,o,0,1.25,2.87006,35.973,8196.09,4307.27,2.22,2.04,32.4,-0.401,18.73,19.13,02a60487o0793o
60488.553184,20.544,0.741,22,16,o,0,1.04,2.87006,35.973,8184.05,9942.16,2.56,2.4,-70.7,-0.436,19.17,20.0,01a60488o0638o
60488.555954,-19.966,0.401,-38,15,o,0,1.24,2.87006,35.973,8164.62,9903.27,2.57,2.42,-74.5,-0.436,19.16,20.0,01a60488o0644o
60488.560574,-21.415,1.558,-10,15,o,0,1.06,2.87006,35.973,8221.06,9983.01,2.51,2.35,-83.7,-0.44,19.18,20.0,01a60488o0654o
60488.572439,19.694,0.364,48,18,o,0,0.95,2.87006,35.973,8237.45,9864.47,2.64,2.5,81.4,-0.429,19.13,19.98,01a60488o0676o
60489.559245,21.79,2.049,7,14,o,0,1.04,2.87006,35.973,2425.58,615.87,2.07,2.02,-66.0,-0.46,19.14,20.0,02a60489o0675o
60489.563318,-22.477,4.657,-4,17,o,0,0.77,2.87006,35.973,2446.34,655.58,1.99,1.93,-61.3,-0.465,19.18,20.0,02a60489o0684o
60489.570834,-21.534,1.663,-9,15,o,0,1.16,2.87006,35.973,2390.76,573.55,2.05,1.89,-77.0,-0.472,19.18,19.99,02a60489o0699o
60489.57721,-20.416,0.522,-25,13,o,0,1.21,2.87006,35.973,2373.62,691.63,2.05,1.92,-66.3,-0.475,19.16,19.99,02a60489o0713o
60492.450901,-22.066,2.472,-5,13,o,0,0.96,2.87006,35.973,8703.04,3670.14,2.62,2.44,-68.2,-0.44,19.17,20.33,01a60492o0442o
60492.514685,-22.103,2.5,-5,13,o,0,1.34,2.87006,35.973,8751.66,3692.99,3.2,3.05,-69.0,-0.391,19.17,20.64,01a60492o0572o
60492.529572,19.671,0.273,49,13,o,0,1.06,2.87006,35.973,8767.48,3571.92,3.08,2.94,-50.9,-0.4,19.22,20.66,01a60492o0602o
60493.476279,20.148,0.375,32,12,o,0,2.15,2.87006,35.973,1917.38,6923.96,2.3,1.97,33.4,-0.427,19.27,20.4,02a60493o0500o
60493.479479,19.687,0.43,48,21,o,0,0.92,2.87006,35.973,1939.85,6962.59,2.3,1.94,32.4,-0.424,19.16,20.08,02a60493o0507o
60493.494438,20.154,0.426,32,13,o,0,1.56,2.87006,35.973,1887.35,6881.58,2.38,1.97,35.8,-0.419,19.35,20.57,02a60493o0538o
60493.50822,20.033,0.544,35,19,o,0,2.01,2.87006,35.973,1867.06,6995.8,2.43,1.91,34.2,-0.416,18.65,19.86,02a60493o0568o
60494.550309,-21.476,1.412,-9,13,o,0,1.18,2.87006,35.973,10012.78,170.78,2.19,1.4,-66.1,-0.544,19.56,20.89,02a60494o0638o
60494.556047,-20.71,0.676,-19,13,o,0,1.07,2.87006,35.973,10036.76,208.29,2.03,1.38,-66.4,-0.592,19.55,20.93,02a60494o0649o
60494.559215,-20.83,0.78,-17,13,o,0,0.88,2.87006,35.973,9980.39,132.23,2.12,1.44,-62.6,-0.564,19.58,20.93,02a60494o0656o
60494.561477,20.844,0.686,17,11,o,0,0.58,2.87006,35.973,367.07,149.63,2.08,1.85,-66.4,-0.504,19.5,20.9,02a60494o0661o
60494.563298,-21.61,1.291,-8,11,o,0,1.32,2.87006,35.973,386.09,189.76,1.94,1.69,-68.9,-0.527,19.55,20.92,02a60494o0665o
60494.570103,-20.722,0.491,-19,9,o,0,1.48,2.87006,35.973,323.82,106.68,2.1,1.86,-73.6,-0.519,19.47,20.94,02a60494o0678o
60494.571007,-21.625,1.616,-8,13,o,0,0.98,2.87006,35.973,9960.03,253.36,2.35,1.8,-61.0,-0.311,19.45,20.97,02a60494o0680o
60494.575547,-23.248,5.944,-2,11,o,0,0.95,2.87006,35.973,309.6,226.61,1.98,1.75,-74.5,-0.523,19.5,20.92,02a60494o0690o
60495.518563,22.658,6.231,3,20,o,0,0.92,2.87006,35.973,9996.31,10419.06,3.49,2.76,-31.1,-0.385,19.05,20.45,02a60495o0583o
60495.536712,21.081,1.364,13,18,o,0,1.14,2.87006,35.973,9969.2,10383.76,3.43,2.77,-54.1,-0.398,19.08,20.51,02a60495o0620o
60495.546817,20.954,0.765,15,12,o,0,1.4,2.87006,35.973,610.26,10363.36,2.76,2.48,-73.1,-0.493,19.4,20.69,01a60495o0635o
60495.549992,-25.354,123.0,0,32,o,0,0.94,2.87006,35.973,9953.86,10504.04,3.49,2.95,-38.1,-0.404,19.06,20.54,02a60495o0648o
60495.556938,20.422,0.52,25,13,o,0,1.57,2.87006,35.973,587.34,10326.17,2.91,2.61,-74.8,-0.477,19.42,20.83,01a60495o0653o
60495.559712,21.572,1.375,8,12,o,0,1.39,2.87006,35.973,640.84,10403.16,2.74,2.48,-75.6,-0.489,19.46,20.8,01a60495o0659o
60495.560638,22.543,3.524,4,12,o,0,1.61,2.87006,35.973,10254.91,10413.18,2.94,2.62,-59.1,-0.443,19.38,20.75,01a60495o0661o
60495.563873,20.482,0.535,23,12,o,0,0.91,2.87006,35.973,10233.54,10372.04,2.74,2.52,-65.6,-0.462,19.42,20.75,01a60495o0668o
60495.56526,24.264,16.8,1,12,o,0,1.38,2.87006,35.973,659.87,10285.46,2.68,2.4,-81.6,-0.489,19.47,20.82,01a60495o0671o
60495.566645,-21.362,1.268,-10,13,o,0,1.24,2.87006,35.973,10290.99,10453.28,2.74,2.43,-60.9,-0.465,19.46,20.77,01a60495o0674o
60495.577358,21.314,1.257,11,14,o,0,0.86,2.87006,35.973,10304.57,10335.43,2.83,2.52,-58.3,-0.448,19.46,20.82,01a60495o0697o
60497.580821,21.521,1.073,9,10,o,0,1.57,2.87006,35.973,714.91,2084.09,3.07,2.74,51.8,-0.345,19.38,20.97,01a60497o0703o
60497.584514,-21.189,0.969,-12,12,o,0,1.17,2.87006,35.973,691.61,2045.65,3.33,3.01,52.3,-0.325,19.33,20.98,01a60497o0711o
60497.590213,23.003,4.75,2,11,o,0,1.04,2.87006,35.973,746.23,2124.4,2.78,2.58,54.1,-0.377,19.49,20.98,01a60497o0723o
60497.600451,21.893,1.687,6,11,o,0,0.83,2.87006,35.973,753.21,2008.93,2.65,2.47,51.7,-0.395,19.54,20.98,01a60497o0743o
60498.549103,21.041,0.8,14,11,o,0,1.15,2.87006,35.973,10093.75,2132.39,2.24,1.74,-54.2,-0.509,19.51,20.79,02a60498o0642o
60498.551911,21.563,1.321,9,11,o,0,1.17,2.87006,35.973,10115.38,2169.2,2.18,1.69,-55.7,-0.519,19.52,20.8,02a60498o0646o
60498.555538,-24.234,15.286,-1,11,o,0,0.85,2.87006,35.973,313.55,2111.59,2.03,1.91,34.6,-0.464,19.46,20.74,02a60498o0654o
60498.557344,21.665,1.514,8,12,o,0,0.91,2.87006,35.973,10059.91,2094.65,2.2,1.71,-58.4,-0.507,19.51,20.8,02a60498o0658o
60498.558699,24.924,27.75,0,11,o,0,1.2,2.87006,35.973,336.2,2151.59,1.92,1.86,50.5,-0.476,19.54,20.74,02a60498o0661o
60498.565472,20.674,0.677,20,13,o,0,0.83,2.87006,35.973,273.06,2071.66,1.93,1.86,49.8,-0.474,19.54,20.76,02a60498o0674o
60498.567733,-21.179,0.983,-12,12,o,0,0.95,2.87006,35.973,10040.61,2214.78,2.16,1.7,-56.6,-0.51,19.56,20.84,02a60498o0679o
60498.57652,-22.611,3.059,-3,10,o,0,1.26,2.87006,35.973,258.93,2191.9,1.98,1.81,42.4,-0.467,19.55,20.81,02a60498o0698o
60499.539144,21.022,1.034,14,15,o,0,1.18,2.87006,35.973,534.79,8405.42,2.55,2.33,77.2,-0.448,19.26,20.58,01a60499o0601o
60499.549199,-20.481,0.6,-23,14,o,0,1.97,2.87006,35.973,511.01,8368.91,2.56,2.35,80.2,-0.448,19.09,20.41,01a60499o0621o
60499.55197,21.769,2.0,7,14,o,0,1.32,2.87006,35.973,564.85,8444.65,2.6,2.4,73.6,-0.443,19.27,20.61,01a60499o0627o
60499.552434,-22.304,2.92,-4,13,o,0,1.49,2.87006,35.973,10311.24,8451.44,2.52,2.37,-56.0,-0.461,19.24,20.54,01a60499o0628o
60499.555748,20.621,0.712,20,15,o,0,0.82,2.87006,35.973,10291.72,8411.38,2.53,2.41,-60.6,-0.453,19.29,20.64,01a60499o0634o
60499.558519,-22.024,2.559,-6,14,o,0,1.13,2.87006,35.973,581.93,8328.0,2.55,2.33,73.4,-0.443,19.3,20.61,01a60499o0640o
60499.561294,20.585,0.568,21,12,o,0,1.21,2.87006,35.973,10347.28,8490.68,2.52,2.36,-60.9,-0.458,19.35,20.71,01a60499o0646o
60499.571123,20.777,0.552,18,10,o,0,1.4,2.87006,35.973,10358.88,8372.75,2.47,2.37,-58.1,-0.459,19.54,20.9,01a60499o0666o
60500.529395,21.505,1.382,9,12,o,0,0.75,2.87006,35.973,852.44,4021.93,2.54,2.31,51.8,-0.387,19.45,20.57,01a60500o0596o
60500.532624,20.943,0.806,15,12,o,0,0.84,2.87006,35.973,829.49,3984.02,2.57,2.36,54.0,-0.385,19.43,20.59,01a60500o0603o
60500.539245,21.008,0.973,14,14,o,0,0.75,2.87006,35.973,884.68,4061.33,2.63,2.4,53.9,-0.379,19.43,20.64,01a60500o0615o
60500.561649,20.258,0.332,29,10,o,0,1.55,2.87006,35.973,888.85,3949.68,2.7,2.39,50.8,-0.405,19.48,20.85,01a60500o0663o
60503.53972,-21.622,1.492,-8,12,o,0,1.5,2.87006,35.973,6285.28,10002.15,2.67,2.51,70.7,-0.4,19.39,20.57,01a60503o0598o
60503.556924,22.0,1.884,6,11,o,0,1.55,2.87006,35.973,6258.16,9962.04,2.65,2.45,66.8,-0.401,19.45,20.62,01a60503o0631o
60503.560156,-23.551,7.4,-1,10,o,0,1.43,2.87006,35.973,6312.12,10041.02,2.73,2.48,67.0,-0.397,19.42,20.63,01a60503o0638o
60503.577169,21.043,0.957,14,13,o,0,0.74,2.87006,35.973,6321.02,9924.64,2.89,2.57,58.3,-0.378,19.35,20.66,01a60503o0674o
60504.559411,-21.371,0.772,-10,8,o,0,1.89,2.87006,35.973,6707.62,3699.48,2.66,2.44,41.8,-0.38,19.58,21.05,01a60504o0663o
60504.579608,21.714,1.017,8,8,o,0,1.34,2.87006,35.973,6665.82,3659.29,2.75,2.38,43.2,-0.369,19.61,21.15,01a60504o0704o
60504.582381,-23.16,4.733,-2,9,o,0,1.02,2.87006,35.973,6721.7,3738.11,2.74,2.44,40.2,-0.372,19.62,21.16,01a60504o0710o
60504.601231,21.631,1.048,8,8,o,0,1.11,2.87006,35.973,6723.31,3624.21,2.72,2.43,41.3,-0.372,19.62,21.23,01a60504o0749o
60505.552393,-19.392,0.175,-64,11,o,0,1.83,2.87006,35.973,3916.32,6857.44,2.52,2.14,38.4,-0.42,19.43,20.98,02a60505o0569o
60505.555559,-21.216,0.875,-12,10,o,0,1.67,2.87006,35.973,3938.42,6896.55,2.49,2.1,38.8,-0.416,19.49,20.98,02a60505o0576o
60505.560674,-21.247,1.038,-12,12,o,0,1.56,2.87006,35.973,3881.62,6818.94,2.55,2.17,39.9,-0.42,19.47,21.01,02a60505o0587o
60505.568573,-22.494,2.667,-4,10,o,0,1.79,2.87006,35.973,3858.93,6936.48,2.35,1.98,35.8,-0.428,19.53,21.04,02a60505o0602o
60506.542297,21.321,1.085,11,12,o,0,1.53,2.87006,35.973,8110.61,330.26,2.2,1.63,-60.4,-0.486,19.64,21.06,02a60506o0618o
60506.544559,-20.624,0.557,-20,11,o,0,1.7,2.87006,35.973,8129.96,369.29,2.28,1.67,-59.5,-0.476,19.63,21.09,02a60506o0623o
60506.547724,21.103,0.811,13,11,o,0,1.15,2.87006,35.973,8074.58,292.38,2.25,1.65,-58.3,-0.476,19.66,21.12,02a60506o0630o
60506.556332,-20.321,0.414,-27,11,o,0,1.07,2.87006,35.973,8059.11,414.9,2.16,1.67,-59.9,-0.493,19.62,21.14,02a60506o0644o
60507.525707,22.997,4.158,2,10,o,0,1.34,2.87006,35.973,2508.59,10214.22,2.56,2.29,82.6,-0.412,19.58,20.84,01a60507o0597o
60507.528017,21.738,1.481,7,11,o,0,0.97,2.87006,35.973,2489.0,10175.23,2.71,2.46,81.8,-0.398,19.52,20.85,01a60507o0602o
60507.534078,21.35,1.05,10,11,o,0,0.86,2.87006,35.973,2543.0,10253.95,2.66,2.43,85.6,-0.396,19.54,20.86,01a60507o0613o
60507.538684,-19.251,0.731,-72,53,o,0,1.25,2.87006,35.973,7938.65,10516.69,4.8,4.61,-32.7,-0.375,18.71,20.76,02a60507o0603o
60507.552677,20.764,0.58,18,10,o,0,1.12,2.87006,35.973,2553.4,10138.21,2.6,2.38,79.1,-0.401,19.58,20.97,01a60507o0649o
60508.552226,21.754,1.469,7,11,o,0,1.04,2.87006,35.973,4290.97,6204.54,3.56,3.3,54.8,-0.332,19.3,21.12,01a60508o0647o
60508.554775,-21.861,1.436,-6,9,o,0,1.38,2.87006,35.973,4270.23,6166.61,3.08,2.74,50.2,-0.359,19.49,21.15,01a60508o0652o
60508.557546,23.421,6.1,2,10,o,0,1.24,2.87006,35.973,4323.43,6242.66,2.99,2.62,48.7,-0.366,19.54,21.17,01a60508o0658o
60508.570858,22.817,3.533,3,10,o,0,1.13,2.87006,35.973,4331.09,6125.88,3.24,2.88,51.8,-0.345,19.48,21.21,01a60508o0684o
60509.541555,20.249,0.416,29,12,o,0,0.93,2.87006,35.973,6321.21,4347.81,2.27,1.97,40.9,-0.431,19.43,20.54,02a60509o0642o
60509.544611,-20.966,0.672,-15,10,o,0,1.25,2.87006,35.973,6342.14,4387.61,2.28,1.95,42.3,-0.43,19.46,20.65,02a60509o0648o
60509.547775,20.819,0.624,17,11,o,0,1.13,2.87006,35.973,6287.31,4310.19,2.25,1.92,41.7,-0.434,19.53,20.76,02a60509o0655o
60509.55365,-21.479,1.024,-9,10,o,0,1.08,2.87006,35.973,6270.49,4428.63,2.22,1.91,42.7,-0.435,19.6,20.92,02a60509o0668o
60510.526429,-22.105,3.075,-5,16,o,0,1.44,2.87006,35.973,10187.23,4078.59,2.37,1.99,-54.3,-0.471,19.14,19.87,02a60510o0605o
60510.542663,21.346,1.477,10,16,o,0,1.21,2.87006,35.973,10214.17,4119.62,2.32,1.9,-53.0,-0.476,19.22,19.98,02a60510o0634o
60510.545828,23.429,11.333,2,18,o,0,0.83,2.87006,35.973,10158.64,4044.26,2.36,2.0,-53.1,-0.468,19.19,20.0,02a60510o0641o
60510.546421,-20.887,0.892,-16,14,o,0,0.9,2.87006,35.973,429.3,4065.64,2.14,1.93,38.3,-0.425,19.17,19.95,02a60510o0642o
60510.548683,22.304,3.024,4,13,o,0,1.0,2.87006,35.973,448.96,4106.18,2.04,1.92,47.5,-0.432,19.18,19.97,02a60510o0647o
60510.550942,-21.482,1.855,-9,17,o,0,0.91,2.87006,35.973,10137.72,4162.72,2.33,1.91,-56.0,-0.475,19.19,20.05,02a60510o0652o
60510.551846,20.616,0.65,21,13,o,0,1.14,2.87006,35.973,392.96,4026.34,2.03,1.89,47.2,-0.43,19.25,20.0,02a60510o0654o
60510.557268,20.963,0.849,15,13,o,0,1.06,2.87006,35.973,374.33,4143.55,2.06,1.92,45.3,-0.418,19.21,20.07,02a60510o0666o
60513.504648,20.776,1.561,18,28,o,0,1.12,2.87006,35.973,5902.78,8708.92,2.27,2.23,66.3,-0.432,18.78,19.29,02a60513o0506o
60513.507812,24.022,28.571,1,26,o,0,1.3,2.87006,35.973,5925.38,8748.54,2.2,2.17,-66.5,-0.44,18.82,19.3,02a60513o0513o
60513.513667,-23.627,19.3,-1,25,o,0,1.23,2.87006,35.973,5866.27,8671.46,2.21,2.18,75.0,-0.439,18.84,19.32,02a60513o0525o
60513.533921,-20.775,1.436,-18,26,o,0,1.2,2.87006,35.973,5850.0,8791.49,2.29,2.22,39.3,-0.432,18.8,19.36,02a60513o0565o
60513.547927,-22.29,4.387,-4,19,o,0,1.02,2.87006,35.973,4700.16,1847.12,2.79,2.5,48.9,-0.41,18.9,19.56,01a60513o0639o
60513.549773,21.38,1.92,10,20,o,0,1.01,2.87006,35.973,4677.68,1808.49,2.71,2.44,48.2,-0.42,18.89,19.56,01a60513o0643o
60513.552545,20.505,0.741,23,17,o,0,1.22,2.87006,35.973,4735.38,1886.28,2.77,2.47,48.7,-0.418,18.88,19.57,01a60513o0649o
60513.563825,22.842,6.579,3,17,o,0,1.19,2.87006,35.973,4741.38,1769.48,2.73,2.49,47.1,-0.422,18.89,19.58,01a60513o0672o
60515.511628,19.661,0.496,50,25,o,0,1.0,2.87006,35.973,8170.34,7997.27,3.52,2.98,42.6,-0.349,18.59,19.48,01a60515o0571o
60515.537508,-21.11,1.571,-13,20,o,0,1.15,2.87006,35.973,8133.53,7950.63,2.75,2.54,44.8,-0.413,18.91,19.58,01a60515o0621o
60515.540279,20.11,0.582,33,19,o,0,0.81,2.87006,35.973,8187.03,8029.33,2.74,2.49,45.4,-0.422,18.94,19.59,01a60515o0627o
60515.544676,20.012,0.471,36,17,o,0,1.42,2.87006,35.973,8205.05,7912.05,2.8,2.62,48.4,-0.409,18.92,19.57,01a60515o0636o
60517.543639,20.728,0.947,19,18,o,0,1.23,2.87006,35.973,8675.39,1690.52,2.61,2.58,57.1,-0.438,18.94,19.79,01a60517o0631o
60517.546872,-26.001,132.0,0,19,o,0,0.92,2.87006,35.973,8653.3,1649.99,2.74,2.6,29.4,-0.413,18.92,19.8,01a60517o0638o
60517.549644,-20.79,0.801,-18,14,o,0,1.67,2.87006,35.973,8708.09,1729.41,2.45,2.36,35.2,-0.465,19.04,19.8,01a60517o0644o
60517.55519,-19.742,0.309,-46,14,o,0,1.51,2.87006,35.973,8721.6,1612.01,2.44,2.33,31.4,-0.454,19.03,19.81,01a60517o0656o
60518.544759,-20.919,0.871,-16,14,o,0,1.29,2.87006,35.973,8196.36,2295.67,2.19,2.08,-59.6,-0.43,19.17,20.16,02a60518o0632o
60518.546568,-21.183,1.019,-12,12,o,0,1.12,2.87006,35.973,8218.06,2334.57,2.16,2.08,-71.0,-0.433,19.22,20.15,02a60518o0636o
60518.550182,-21.835,2.0,-7,13,o,0,1.25,2.87006,35.973,8162.02,2258.11,2.25,2.19,-75.2,-0.421,19.17,20.15,02a60518o0644o
60518.556865,22.627,4.464,3,14,o,0,1.2,2.87006,35.973,8147.36,2377.89,2.15,2.09,-83.0,-0.429,19.23,20.17,02a60518o0658o
60519.54277,20.163,0.378,31,12,o,0,1.26,2.87006,35.973,2417.48,8264.0,2.66,2.47,60.9,-0.42,19.41,20.6,01a60519o0636o
60519.574062,20.607,0.52,21,11,o,0,1.59,2.87006,35.973,8123.62,2325.98,2.39,2.31,33.0,-0.462,19.45,20.57,01a60519o0695o
60519.580082,20.828,0.667,17,11,o,0,1.5,2.87006,35.973,2412.5,8306.81,2.66,2.36,56.4,-0.412,19.43,20.57,01a60519o0707o
60519.6002,21.281,1.089,11,12,o,0,0.96,2.87006,35.973,8053.03,2359.0,2.48,2.38,28.9,-0.44,19.41,20.58,01a60519o0746o
60520.471745,21.168,1.082,12,13,o,0,1.38,2.87006,35.973,2828.21,3894.89,3.23,2.69,34.3,-0.345,19.22,20.44,01a60520o0496o
60520.474519,20.565,0.544,22,12,o,0,1.16,2.87006,35.973,2802.51,3852.22,2.59,2.32,54.0,-0.416,19.38,20.47,01a60520o0502o
60520.479634,20.833,0.702,17,12,o,0,1.02,2.87006,35.973,2858.24,3929.76,2.52,2.24,54.0,-0.426,19.41,20.52,01a60520o0513o
60520.489828,20.519,0.467,22,10,o,0,1.65,2.87006,35.973,2871.86,3815.16,2.56,2.28,54.6,-0.422,19.43,20.57,01a60520o0535o
60521.519776,-22.798,5.0,-3,14,o,0,0.91,2.87006,35.973,7831.5,6660.55,2.2,2.04,53.5,-0.441,19.41,20.59,02a60521o0603o
60521.524219,-20.806,0.762,-17,13,o,0,1.24,2.87006,35.973,7855.8,6699.25,2.26,2.02,48.4,-0.436,19.32,20.5,02a60521o0612o
60521.527383,23.801,13.25,1,14,o,0,0.87,2.87006,35.973,7797.79,6624.04,2.27,2.04,44.9,-0.436,19.35,20.56,02a60521o0619o
60521.53316,-21.172,1.106,-12,14,o,0,1.08,2.87006,35.973,7779.47,6740.97,2.27,2.01,45.7,-0.437,19.4,20.66,02a60521o0630o
60522.535777,-21.14,0.842,-13,11,o,0,1.8,2.87006,35.973,5883.17,6773.4,2.37,2.01,43.8,-0.434,19.5,20.8,02a60522o0632o
60522.537586,-21.726,1.644,-7,12,o,0,0.94,2.87006,35.973,5904.25,6813.49,2.36,2.02,41.0,-0.433,19.48,20.79,02a60522o0636o
60522.540484,-19.995,0.344,-36,12,o,0,1.17,2.87006,35.973,5846.29,6738.76,2.39,1.96,40.2,-0.439,19.5,20.79,02a60522o0642o
60522.562569,17.026,3.387,562,1903,o,0,0.94,2.87006,35.973,5843.59,6861.73,2.27,1.93,35.5,-0.458,16.91,18.0,02a60522o0688o
60523.536981,20.683,0.491,19,10,o,0,0.78,2.87006,35.973,4722.7,3784.9,2.55,2.23,42.3,-0.404,19.73,21.22,01a60523o0460o
60523.55753,22.609,2.48,3,8,o,0,1.52,2.87006,35.973,4677.87,3746.56,2.72,2.36,38.7,-0.397,19.66,21.29,01a60523o0501o
60523.559378,-20.892,0.568,-16,9,o,0,1.1,2.87006,35.973,4734.19,3824.81,2.84,2.49,42.7,-0.39,19.62,21.29,01a60523o0505o
60523.562146,21.321,0.817,11,9,o,0,1.14,2.87006,35.973,4751.82,3709.23,2.91,2.58,34.4,-0.384,19.59,21.31,01a60523o0511o
60525.510741,-25.109,23.667,0,8,o,0,1.52,2.87006,35.973,6691.56,1750.36,2.34,2.17,42.5,-0.444,19.69,21.11,01a60525o0574o
60525.513051,21.046,0.709,14,10,o,0,1.12,2.87006,35.973,6668.36,1711.08,2.74,2.4,43.5,-0.396,19.54,21.12,01a60525o0579o
60525.515822,-21.96,1.234,-6,7,o,0,2.2,2.87006,35.973,6725.95,1789.78,2.56,2.35,43.3,-0.425,19.62,21.13,01a60525o0585o
60525.528388,-20.15,0.368,-32,12,o,0,1.19,2.87006,35.973,3945.36,8805.73,2.25,1.99,41.4,-0.424,19.58,21.04,02a60525o0620o
60525.530198,21.683,1.463,8,11,o,0,1.52,2.87006,35.973,3967.08,8844.64,2.24,1.99,46.5,-0.426,19.6,21.03,02a60525o0624o
60525.533813,-20.865,0.66,-16,11,o,0,1.65,2.87006,35.973,3908.46,8766.76,2.25,1.98,45.3,-0.426,19.62,21.03,02a60525o0632o
60525.541149,20.347,0.404,26,11,o,0,1.06,2.87006,35.973,6713.52,1673.22,2.57,2.27,40.6,-0.424,19.64,21.16,01a60525o0636o
60525.558313,-25.517,47.0,0,11,o,0,1.37,2.87006,35.973,3905.56,8891.78,2.23,1.96,38.2,-0.425,19.6,21.05,02a60525o0682o
60526.536369,-20.435,0.375,-24,9,o,0,1.68,2.87006,35.973,4414.9,4452.44,2.35,1.88,37.8,-0.442,19.5,20.73,02a60526o0637o
60526.538177,22.217,2.385,5,11,o,0,1.09,2.87006,35.973,4437.19,4491.99,2.39,1.93,37.4,-0.433,19.47,20.73,02a60526o0641o
60526.541341,21.769,1.542,7,11,o,0,1.01,2.87006,35.973,4380.07,4414.9,2.39,1.94,38.5,-0.435,19.44,20.72,02a60526o0648o
60526.55575,-21.51,1.04,-9,9,o,0,1.78,2.87006,35.973,4369.44,4535.58,2.4,1.93,37.5,-0.433,19.48,20.74,02a60526o0675o
60527.459141,-20.402,0.778,-25,20,o,0,1.48,2.87006,35.973,6247.4,6118.74,3.26,2.62,35.2,-0.309,18.66,20.14,01a60527o0475o
60527.461913,21.172,1.362,12,17,o,0,1.09,2.87006,35.973,6222.74,6075.36,2.54,2.32,45.7,-0.386,18.96,20.24,01a60527o0481o
60527.465645,-21.956,2.833,-6,17,o,0,0.94,2.87006,35.973,6281.72,6157.47,3.3,2.59,36.1,-0.31,18.92,20.42,01a60527o0489o
60527.475842,21.512,1.667,9,15,o,0,1.25,2.87006,35.973,6295.03,6040.54,3.12,2.5,36.5,-0.332,19.08,20.6,01a60527o0511o
60528.516663,21.032,0.646,14,9,o,0,1.78,2.87006,35.973,4368.77,10091.13,2.75,2.58,71.8,-0.383,19.45,20.75,01a60528o0587o
60528.520654,21.61,1.23,8,10,o,0,1.38,2.87006,35.973,4347.05,10052.17,2.67,2.53,70.7,-0.385,19.46,20.77,01a60528o0595o
60528.542377,20.66,0.595,20,12,o,0,0.84,2.87006,35.973,4380.0,10132.27,2.85,2.67,64.0,-0.373,19.44,20.82,01a60528o0637o
60528.560678,21.791,1.438,7,10,o,0,1.33,2.87006,35.973,4379.11,10014.9,2.81,2.6,70.1,-0.378,19.45,20.85,01a60528o0675o
60529.503242,-21.27,0.918,-11,10,o,0,1.27,2.87006,35.973,6229.49,466.21,2.37,2.12,-55.9,-0.431,19.48,21.0,02a60529o0567o
60529.50505,22.096,2.483,5,13,o,0,1.24,2.87006,35.973,6249.68,505.6,2.76,2.54,-57.3,-0.418,19.31,21.02,02a60529o0571o
60529.508216,-22.206,2.897,-5,14,o,0,1.16,2.87006,35.973,6195.19,428.19,2.69,2.32,-65.1,-0.428,19.38,21.05,02a60529o0578o
60529.514545,23.383,6.6,2,11,o,0,1.02,2.87006,35.973,6179.1,546.4,2.57,2.38,-53.3,-0.437,19.39,21.09,02a60529o0592o
60530.515995,-21.45,0.873,-10,8,c,0,1.16,2.87006,35.973,6288.51,2417.57,2.38,2.32,74.6,-0.401,19.61,21.36,02a60530o0584c
60530.517803,-22.757,3.0,-3,9,c,0,1.19,2.87006,35.973,6308.47,2455.84,2.4,2.34,78.4,-0.399,19.6,21.37,02a60530o0588c
60530.520968,21.771,1.294,7,9,c,0,1.04,2.87006,35.973,6251.99,2380.15,2.42,2.36,60.6,-0.399,19.61,21.38,02a60530o0595c
60530.542139,-19.558,0.151,-55,8,c,0,1.43,2.87006,35.973,6246.87,2501.02,2.43,2.37,86.5,-0.399,19.61,21.46,02a60530o0636c
60531.448679,22.182,2.143,5,10,o,0,0.99,2.87006,35.973,4365.16,8143.18,3.32,2.78,41.4,-0.311,19.42,21.0,01a60531o0458o
60531.451911,21.398,0.803,10,8,o,0,1.87,2.87006,35.973,4343.38,8100.66,2.7,2.56,57.9,-0.39,19.59,21.02,01a60531o0465o
60531.454721,22.353,2.583,4,11,o,0,0.92,2.87006,35.973,4402.48,8182.32,3.41,2.73,45.5,-0.305,19.41,21.03,01a60531o0471o
60531.490387,26.004,60.0,0,9,o,0,1.97,2.87006,35.973,4399.15,8062.87,3.01,2.48,53.5,-0.346,19.58,21.07,01a60531o0543o
60532.566949,-20.756,0.48,-18,9,o,0,1.18,2.87006,35.973,4306.6,2523.59,2.57,2.29,42.0,-0.424,19.67,21.13,01a60532o0678o
60532.594529,21.614,1.281,8,10,o,0,1.13,2.87006,35.973,4331.72,2556.81,2.61,2.36,45.1,-0.421,19.64,21.09,01a60532o0734o
60532.606625,-23.858,9.5,-1,10,o,0,1.18,2.87006,35.973,4279.04,2475.77,2.68,2.36,41.2,-0.411,19.64,21.09,01a60532o0759o
60532.62755,20.23,0.507,29,15,o,0,1.24,2.87006,35.973,4265.92,2587.77,2.61,2.37,40.6,-0.415,19.11,19.81,01a60532o0795o
60533.566998,21.219,1.111,12,13,c,0,0.84,2.87006,35.973,6215.01,8051.93,2.7,2.47,23.9,-0.399,19.53,21.43,02a60533o0580c
60533.570721,-22.239,2.433,-5,11,c,0,0.66,2.87006,35.973,6197.44,8013.93,2.6,2.41,41.2,-0.403,19.61,21.38,02a60533o0587c
60533.578333,20.235,0.347,29,10,c,0,1.39,2.87006,35.973,6253.94,8088.6,2.69,2.56,38.8,-0.401,19.56,21.4,02a60533o0602c
60533.612448,-23.843,9.143,-1,10,c,0,1.16,2.87006,35.973,6267.29,7973.4,2.5,2.42,31.0,-0.41,19.59,21.4,02a60533o0670c
60535.473022,20.818,0.804,17,14,c,0,1.17,2.87006,35.973,7895.82,8602.46,3.52,3.16,12.6,-0.375,19.18,21.39,02a60535o0484c
60535.47483,-21.004,0.813,-14,12,c,0,1.22,2.87006,35.973,7917.99,8642.06,2.85,2.75,24.2,-0.393,19.48,21.38,02a60535o0488c
60535.480164,-21.345,0.981,-10,10,c,0,1.51,2.87006,35.973,7871.3,8567.28,2.9,2.76,28.2,-0.387,19.46,21.41,02a60535o0499c
60535.490161,-20.92,0.644,-16,10,c,0,1.35,2.87006,35.973,7856.01,8691.13,2.77,2.61,37.1,-0.395,19.54,21.43,02a60535o0521c
60535.496511,-20.779,0.513,-18,9,o,0,1.14,2.87006,35.973,2692.62,1954.17,2.49,2.23,47.2,-0.448,19.62,20.97,01a60535o0537o
60535.517034,21.652,1.262,8,10,o,0,1.82,2.87006,35.973,2644.54,1918.45,2.64,2.34,47.8,-0.437,19.59,21.0,01a60535o0580o
60535.540878,20.88,0.648,16,10,o,0,0.95,2.87006,35.973,7828.43,8554.93,2.55,2.41,40.3,-0.437,19.64,21.02,01a60535o0627o
60535.565782,21.522,1.06,9,10,o,0,1.05,2.87006,35.973,7817.83,8667.43,2.66,2.42,41.9,-0.425,19.62,21.0,01a60535o0676o
60536.540683,-20.973,0.689,-15,10,o,0,1.01,2.87006,35.973,8188.19,4223.61,2.5,2.34,32.1,-0.421,19.55,20.75,01a60536o0646o
60536.543618,20.561,0.464,22,10,o,0,0.84,2.87006,35.973,8208.48,4260.77,2.46,2.35,36.1,-0.423,19.55,20.78,01a60536o0650o
60536.57874,21.047,0.748,14,10,o,0,1.0,2.87006,35.973,8162.55,4178.27,2.64,2.41,6.5,-0.428,19.55,20.91,01a60536o0722o
60536.607379,-22.813,3.0,-3,8,o,0,1.81,2.87006,35.973,8151.8,4288.05,2.56,2.36,24.4,-0.404,19.6,20.99,01a60536o0778o
60537.421446,24.702,35.0,0,17,o,0,0.87,2.87006,35.973,8225.65,4222.7,2.29,1.99,26.0,-0.422,19.11,19.97,02a60537o0416o
60537.424637,-21.208,1.333,-12,16,o,0,0.9,2.87006,35.973,8252.84,4263.41,2.09,1.98,18.9,-0.441,19.19,19.99,02a60537o0423o
60537.430159,-22.448,3.118,-4,12,o,0,2.14,2.87006,35.973,8198.59,4186.17,2.1,2.05,13.0,-0.418,19.18,20.01,02a60537o0435o
60537.44017,-21.621,1.514,-8,12,o,0,1.74,2.87006,35.973,8182.06,4304.8,2.17,2.07,28.3,-0.413,19.18,20.05,02a60537o0457o
60538.548083,20.081,0.336,34,11,o,0,0.97,2.87006,35.973,8134.73,9929.11,2.4,1.99,-58.9,-0.439,19.64,21.05,02a60538o0664o
60538.577423,21.413,1.087,10,11,o,0,1.0,2.87006,35.973,8110.43,9895.45,2.32,2.0,-61.3,-0.453,19.63,21.02,02a60538o0724o
60538.606006,-21.629,1.448,-8,12,o,0,1.02,2.87006,35.973,8165.98,9979.42,2.28,1.95,-62.2,-0.46,19.63,20.99,02a60538o0781o
60538.631378,-20.969,1.653,-15,25,o,0,0.98,2.87006,35.973,8181.5,9865.14,2.23,2.03,-59.9,-0.458,18.86,19.36,02a60538o0830o
60540.496781,21.517,2.19,9,20,o,0,1.06,2.87006,35.973,8118.75,6042.46,2.76,2.55,38.9,-0.391,18.97,19.66,01a60540o0381o
60540.499091,21.081,1.131,13,15,o,0,1.15,2.87006,35.973,8095.05,6003.2,2.72,2.45,40.6,-0.395,18.98,19.66,01a60540o0386o
60540.501863,-23.391,11.417,-2,18,o,0,1.09,2.87006,35.973,8150.83,6082.46,2.69,2.43,39.9,-0.402,19.01,19.67,01a60540o0392o
60540.506941,19.464,0.327,60,20,o,0,1.02,2.87006,35.973,8164.39,5967.15,2.91,2.67,36.2,-0.384,18.9,19.67,01a60540o0403o
60541.508419,21.511,3.244,9,29,o,0,1.25,2.87006,35.973,2500.86,4526.99,2.33,1.81,36.9,-0.452,18.3,18.69,02a60541o0571o
60541.510225,20.007,0.971,36,35,o,0,0.61,2.87006,35.973,2520.26,4563.84,2.34,1.81,35.0,-0.455,18.33,18.71,02a60541o0575o
60541.526572,20.899,1.83,16,29,o,0,1.44,2.87006,35.973,2472.91,4494.05,2.35,1.83,34.3,-0.452,18.41,18.77,02a60541o0609o
60541.529742,21.728,4.767,7,35,o,0,0.92,2.87006,35.973,2456.24,4610.2,2.41,1.88,32.7,-0.449,18.34,18.76,02a60541o0616o
60542.499984,19.941,2.368,38,91,o,0,1.63,2.87006,35.973,1980.95,6932.97,2.3,1.88,35.1,-0.422,17.16,17.34,02a60542o0580o
60542.501794,24.199,107.6,1,82,o,0,1.35,2.87006,35.973,2001.48,6971.73,2.33,1.85,35.5,-0.419,17.28,17.46,02a60542o0584o
60542.518397,18.207,0.439,189,83,o,0,1.36,2.87006,35.973,1953.36,6899.44,2.31,1.87,33.2,-0.434,17.51,17.74,02a60542o0619o
60542.547041,19.558,0.545,55,30,o,0,1.58,2.87006,35.973,8694.89,3549.62,2.01,1.95,-30.0,-0.418,18.35,18.75,02a60542o0678o
60543.543695,-19.633,0.432,-51,22,o,0,1.2,2.87006,35.973,9757.96,6493.46,2.64,2.46,12.9,-0.439,18.69,19.04,01a60543o0464o
60543.547184,-20.008,0.604,-36,22,o,0,1.29,2.87006,35.973,9779.73,6529.88,2.64,2.42,19.1,-0.434,18.69,19.05,01a60543o0470o
60543.582259,19.449,0.375,60,23,o,0,1.33,2.87006,35.973,9732.25,6448.31,2.6,2.38,20.7,-0.43,18.7,19.07,01a60543o0542o
60543.610886,-19.844,0.47,-42,20,o,0,1.73,2.87006,35.973,9719.46,6562.03,2.58,2.52,-3.3,-0.44,18.7,19.12,01a60543o0598o
60544.396888,-19.975,0.958,-37,36,o,0,1.08,2.87006,35.973,9787.35,6513.61,2.92,2.6,-31.6,-0.408,18.38,19.09,02a60544o0328o
60544.400061,-22.44,11.125,-4,43,o,0,0.9,2.87006,35.973,9809.64,6553.46,3.18,2.94,-28.7,-0.408,18.24,19.1,02a60544o0335o
60544.427158,-21.171,2.493,-12,31,o,0,1.24,2.87006,35.973,9761.17,6478.03,2.72,2.56,-54.9,-0.419,18.46,19.15,02a60544o0378o
60544.430337,21.806,6.03,7,42,o,0,0.64,2.87006,35.973,9738.26,6595.43,2.92,2.8,-49.4,-0.414,18.39,19.12,02a60544o0385o
60545.432985,21.206,1.971,12,24,o,0,1.21,2.87006,35.973,610.81,117.73,2.97,2.87,67.0,-0.408,18.69,19.43,01a60545o0439o
60545.43582,20.289,0.861,28,24,o,0,1.18,2.87006,35.973,587.26,79.53,3.3,3.19,64.4,-0.347,18.65,19.43,01a60545o0445o
60545.451826,20.899,1.396,16,22,o,0,1.34,2.87006,35.973,633.28,159.66,2.88,2.8,65.8,-0.409,18.74,19.43,01a60545o0479o
60545.480209,24.728,50.333,0,24,o,0,1.0,2.87006,35.973,613.37,48.11,2.9,2.67,57.6,-0.396,18.74,19.45,01a60545o0538o
60546.414653,20.215,0.549,30,16,o,0,1.25,2.87006,35.973,848.96,4026.36,2.6,2.35,47.9,-0.375,19.04,19.74,01a60546o0382o
60546.416504,19.984,0.47,37,17,o,0,0.89,2.87006,35.973,825.67,3987.71,2.69,2.46,43.7,-0.362,19.03,19.74,01a60546o0386o
60546.419292,20.848,1.046,17,17,o,0,1.12,2.87006,35.973,883.68,4064.83,2.66,2.38,48.2,-0.374,19.03,19.74,01a60546o0392o
60546.428327,-21.02,1.05,-14,15,o,0,1.13,2.87006,35.973,901.78,3949.77,2.56,2.32,46.9,-0.38,19.12,19.9,01a60546o0410o
60546.632246,-21.0,1.495,-14,22,o,0,1.37,2.87006,35.973,9764.77,6500.48,2.68,2.5,18.1,-0.415,18.71,19.18,01a60546o0746o
60552.423872,21.859,1.604,7,10,o,0,1.26,2.87006,35.973,831.96,4025.73,2.88,2.45,45.4,-0.351,19.46,20.73,01a60552o0405o
60552.425724,20.331,0.383,27,10,o,0,1.21,2.87006,35.973,807.48,3987.7,2.44,2.22,52.9,-0.397,19.57,20.76,01a60552o0409o
60552.428497,21.2,0.959,12,12,o,0,0.91,2.87006,35.973,865.08,4064.69,2.62,2.35,48.5,-0.378,19.51,20.75,01a60552o0415o
60552.453992,22.015,1.763,6,10,o,0,1.21,2.87006,35.973,856.39,3951.22,3.08,2.59,46.1,-0.319,19.43,20.84,01a60552o0464o
60554.450177,21.248,1.029,12,12,o,0,1.24,2.87006,35.973,3934.98,6855.13,2.24,1.87,35.3,-0.435,19.54,20.83,02a60554o0500o
60554.451984,-19.968,0.307,-37,12,o,0,1.27,2.87006,35.973,3956.73,6894.57,2.28,1.87,37.4,-0.435,19.56,20.82,02a60554o0504o
60554.456017,-21.579,1.269,-8,11,o,0,1.36,2.87006,35.973,3901.84,6816.28,2.25,1.84,37.7,-0.437,19.56,20.82,02a60554o0512o
60554.479341,-21.781,1.531,-7,11,o,0,1.54,2.87006,35.973,3893.97,6939.7,2.31,1.82,38.0,-0.433,19.53,20.81,02a60554o0561o
60555.494261,22.238,2.094,5,10,o,0,1.67,2.87006,35.973,3879.39,6869.5,2.86,2.56,41.7,-0.367,19.35,20.54,01a60555o0358o
60555.499607,20.954,0.857,15,13,o,0,1.12,2.87006,35.973,3902.17,6907.28,2.82,2.58,40.4,-0.368,19.38,20.55,01a60555o0369o
60555.503303,20.593,0.487,21,10,o,0,1.34,2.87006,35.973,3844.17,6828.96,2.74,2.48,38.7,-0.374,19.42,20.59,01a60555o0377o
60555.538358,-19.566,0.183,-54,10,o,0,1.18,2.87006,35.973,3835.09,6941.58,2.89,2.56,47.2,-0.366,19.43,20.67,01a60555o0447o
60556.520917,-19.685,0.275,-48,13,o,0,0.96,2.87006,35.973,8049.88,314.33,2.52,2.37,-56.8,-0.455,19.38,20.55,01a60556o0624o
60556.524152,-19.56,0.193,-54,10,o,0,1.44,2.87006,35.973,8069.65,351.82,2.39,2.26,-63.1,-0.469,19.45,20.56,01a60556o0631o
60556.529497,-20.393,0.464,-25,12,o,0,1.13,2.87006,35.973,8014.09,273.85,2.5,2.4,-57.9,-0.457,19.37,20.57,01a60556o0642o
60556.565367,21.38,1.122,10,11,o,0,1.04,2.87006,35.973,8002.14,390.1,2.42,2.34,-49.7,-0.47,19.45,20.69,01a60556o0716o
60556.565932,-22.431,2.964,-4,12,o,0,1.01,2.87006,35.973,7954.96,10490.01,2.67,2.54,-78.9,-0.401,19.42,20.68,01a60556o0717o
60557.405938,-20.473,0.344,-24,8,o,0,1.78,2.87006,35.973,2651.37,39.98,2.43,2.34,54.5,-0.444,19.49,20.73,01a60557o0394o
60557.43367,-22.024,2.067,-6,12,o,0,1.54,2.87006,35.973,8137.44,332.74,2.16,1.55,-60.3,-0.505,19.52,20.7,02a60557o0465o
60557.436041,22.789,4.759,3,13,o,0,0.8,2.87006,35.973,8157.69,372.39,2.17,1.59,-59.8,-0.501,19.49,20.69,02a60557o0470o
60557.458617,20.372,0.489,26,13,o,0,1.0,2.87006,35.973,8112.28,301.49,2.12,1.56,-60.0,-0.512,19.5,20.65,02a60557o0512o
60557.461474,-21.322,1.261,-11,14,o,0,1.06,2.87006,35.973,8094.0,419.38,2.03,1.58,-63.4,-0.516,19.49,20.67,02a60557o0518o
60557.465239,-17.949,0.497,-240,119,o,0,1.73,2.87006,35.973,7983.84,10526.35,2.32,2.11,-61.1,-0.447,19.44,20.6,02a60557o0526o
60558.52714,20.904,0.746,16,12,o,0,1.06,2.87006,35.973,4267.98,6210.74,2.38,1.79,37.9,-0.434,19.56,20.87,02a60558o0655o
60558.530633,23.296,5.5,2,10,o,0,1.55,2.87006,35.973,4252.23,6174.44,2.31,1.79,34.4,-0.44,19.57,20.86,02a60558o0661o
60558.566175,-22.803,2.958,-3,8,o,0,2.12,2.87006,35.973,4300.76,6248.41,2.38,1.83,36.2,-0.438,19.57,20.9,02a60558o0731o
60558.594747,21.173,0.771,12,10,o,0,1.62,2.87006,35.973,4316.66,6131.84,2.33,1.84,34.3,-0.438,19.56,20.77,02a60558o0791o
60560.49442,20.711,0.538,19,10,o,0,1.35,2.87006,35.973,10144.22,4047.77,2.47,2.38,-35.2,-0.396,19.53,20.75,01a60560o0550o
60560.494881,23.828,10.556,1,11,o,0,0.77,2.87006,35.973,378.05,4106.7,2.53,2.35,48.6,-0.381,19.51,20.73,01a60560o0551o
60560.497721,21.858,1.404,7,9,o,0,1.25,2.87006,35.973,10164.12,4084.87,2.4,2.36,-14.3,-0.396,19.53,20.74,01a60560o0557o
60560.498182,-26.24,99.0,0,12,o,0,1.01,2.87006,35.973,398.65,4145.25,2.51,2.31,45.5,-0.382,19.52,20.75,01a60560o0558o
60560.53276,20.214,0.332,30,10,o,0,1.66,2.87006,35.973,10116.16,4006.73,2.36,2.24,-35.3,-0.403,19.55,20.69,01a60560o0626o
60560.53322,21.983,1.784,6,10,o,0,1.04,2.87006,35.973,350.95,4062.38,2.52,2.27,46.4,-0.378,19.52,20.7,01a60560o0627o
60560.538346,23.115,4.111,2,8,o,0,1.78,2.87006,35.973,334.97,4176.47,2.51,2.26,45.9,-0.384,19.5,20.69,01a60560o0635o
60560.540788,-26.284,95.0,0,11,o,0,1.09,2.87006,35.973,10094.33,4122.44,2.4,2.26,-30.1,-0.409,19.51,20.67,01a60560o0640o
60561.472882,-21.592,1.42,-8,12,o,0,1.03,2.87006,35.973,410.02,6479.03,2.17,1.91,14.0,-0.401,19.46,20.56,02a60561o0559o
60561.476047,23.466,7.8,2,12,o,0,1.39,2.87006,35.973,391.34,6441.43,2.07,1.9,19.4,-0.415,19.48,20.58,02a60561o0566o
60561.509803,-20.698,0.516,-19,10,o,0,1.52,2.87006,35.973,440.6,6513.52,2.12,1.89,23.5,-0.421,19.43,20.57,02a60561o0637o
60561.511857,-20.422,0.49,-25,12,o,0,1.07,2.87006,35.973,10164.69,6494.36,2.28,1.99,-58.3,-0.466,19.46,20.56,02a60561o0641o
60561.514684,22.818,4.045,3,11,o,0,1.92,2.87006,35.973,10147.2,6457.65,2.31,1.99,-61.0,-0.462,19.47,20.56,02a60561o0647o
60561.515136,20.557,0.522,22,11,o,0,1.24,2.87006,35.973,463.96,6396.61,2.16,1.93,17.5,-0.411,19.45,20.56,02a60561o0648o
60561.519855,20.745,0.758,18,14,o,0,1.15,2.87006,35.973,10204.98,6536.97,2.28,2.01,-59.3,-0.464,19.48,20.55,02a60561o0657o
60561.555187,20.344,0.517,26,14,o,0,1.0,2.87006,35.973,10215.54,6423.93,2.3,2.04,-52.6,-0.472,19.4,20.53,02a60561o0731o
60562.488791,22.54,2.73,4,10,o,0,1.39,2.87006,35.973,4687.76,1854.23,1.97,1.79,33.1,-0.457,19.45,20.55,02a60562o0550o
60562.492412,23.222,5.65,2,11,o,0,1.27,2.87006,35.973,4666.76,1814.96,1.97,1.77,29.1,-0.457,19.5,20.56,02a60562o0558o
60562.498655,20.901,0.636,16,10,o,0,1.11,2.87006,35.973,4728.57,1891.37,1.92,1.78,30.9,-0.457,19.52,20.59,02a60562o0569o
60562.530606,20.921,0.77,16,12,o,0,0.76,2.87006,35.973,4738.73,1773.68,1.95,1.8,42.1,-0.459,19.48,20.59,02a60562o0630o
60563.498318,21.936,1.227,6,8,o,0,1.43,2.87006,35.973,4676.9,1845.1,1.94,1.78,30.3,-0.456,19.53,20.68,02a60563o0616o
60563.505089,22.921,5.056,2,12,o,0,0.88,2.87006,35.973,5905.32,8706.98,2.64,2.52,38.1,-0.402,19.46,20.74,01a60563o0605o
60563.531053,23.661,8.462,1,10,o,0,0.95,2.87006,35.973,4649.34,1804.5,1.99,1.79,35.7,-0.458,19.5,20.67,02a60563o0685o
60563.533548,-22.031,1.659,-6,9,o,0,1.45,2.87006,35.973,5933.62,8742.31,2.65,2.53,55.2,-0.395,19.45,20.66,01a60563o0662o
60563.53502,-22.799,3.724,-3,10,o,0,1.01,2.87006,35.973,4712.88,1884.78,1.97,1.8,35.0,-0.455,19.48,20.66,02a60563o0693o
60563.536989,0.0,21.322,0,11,o,0,1.57,2.87006,35.973,5871.75,8663.97,2.63,2.47,59.1,-0.397,19.47,20.63,01a60563o0669o
60563.540623,21.696,1.494,8,11,o,0,0.94,2.87006,35.973,4729.63,1766.45,2.02,1.79,36.7,-0.45,19.5,20.67,02a60563o0704o
60563.560026,26.111,87.0,0,11,o,0,1.25,2.87006,35.973,5857.31,8780.26,2.59,2.46,58.6,-0.401,19.47,20.63,01a60563o0714o
60564.483628,-24.617,19.25,0,10,o,0,1.33,2.87006,35.973,2407.08,2598.94,2.64,2.34,38.2,-0.431,19.47,20.74,01a60564o0277o
60564.486864,-21.39,1.084,-10,11,o,0,1.31,2.87006,35.973,2427.97,2637.63,2.59,2.23,43.1,-0.44,19.52,20.74,01a60564o0284o
60564.492852,-21.835,1.635,-7,11,o,0,1.09,2.87006,35.973,2370.35,2558.86,2.64,2.35,42.5,-0.423,19.48,20.71,01a60564o0295o
60564.503417,20.663,0.617,20,12,o,0,1.4,2.87006,35.973,2353.61,2671.77,2.83,2.53,39.6,-0.421,19.38,20.66,01a60564o0316o
60565.476057,21.545,1.3,9,11,o,0,1.03,2.87006,35.973,8130.35,7991.16,2.08,2.0,51.8,-0.444,19.6,20.81,02a60565o0528o
60565.481326,22.225,2.262,5,11,o,0,1.03,2.87006,35.973,8110.94,7948.93,2.1,2.02,51.3,-0.442,19.56,20.8,02a60565o0538o
60565.510059,-20.529,0.462,-22,10,o,0,1.29,2.87006,35.973,8161.25,8029.31,2.1,2.04,63.8,-0.444,19.54,20.74,02a60565o0596o
60565.513221,20.635,0.61,20,12,o,0,1.04,2.87006,35.973,8184.09,7913.82,2.1,2.06,46.5,-0.444,19.53,20.73,02a60565o0603o
60566.468646,21.175,0.763,12,9,o,0,2.08,2.87006,35.973,8664.29,1694.01,2.05,1.67,-61.3,-0.484,19.46,20.48,02a60566o0418o
60566.471507,-21.392,1.019,-10,10,o,0,1.16,2.87006,35.973,8645.56,1656.5,2.05,1.71,-61.2,-0.473,19.45,20.56,02a60566o0424o
60566.506812,-21.436,1.0,-10,10,o,0,1.52,2.87006,35.973,8699.11,1735.81,2.01,1.68,-61.4,-0.479,19.51,20.68,02a60566o0499o
60566.523877,22.477,2.897,4,11,o,0,1.01,2.87006,35.973,8722.43,1622.51,2.05,1.69,-59.3,-0.485,19.53,20.71,02a60566o0534o
60567.423462,20.626,0.77,20,16,o,0,1.21,2.87006,35.973,1966.44,8872.4,2.12,2.09,24.5,-0.436,19.16,20.0,02a60567o0458o
60567.42527,-21.127,1.188,-13,15,o,0,1.54,2.87006,35.973,1985.82,8913.96,2.07,2.04,12.4,-0.442,19.15,20.0,02a60567o0462o
60567.428437,20.259,0.551,29,16,o,0,3.07,2.87006,35.973,1928.3,8835.07,2.21,2.15,30.4,-0.433,19.12,20.01,02a60567o0469o
60567.433867,20.918,0.908,16,14,o,0,2.41,2.87006,35.973,1909.78,8953.01,2.29,2.25,49.1,-0.419,19.09,20.0,02a60567o0481o
60567.493161,20.43,0.574,24,14,o,0,1.21,2.87006,35.973,1927.63,8900.21,2.52,2.4,68.3,-0.426,19.32,20.29,01a60567o0588o
60567.523438,21.465,1.362,9,13,o,0,1.22,2.87006,35.973,1955.64,8934.06,2.64,2.5,69.5,-0.42,19.37,20.49,01a60567o0648o
60567.529246,21.037,0.733,14,10,o,0,1.27,2.87006,35.973,1896.17,8853.55,2.58,2.47,71.8,-0.429,19.46,20.61,01a60567o0660o
60567.532387,21.009,0.77,14,11,o,0,1.14,2.87006,35.973,1876.48,8970.35,2.55,2.39,67.7,-0.427,19.46,20.65,01a60567o0666o
60568.525304,-24.628,31.5,0,16,o,0,1.46,2.87006,35.973,8132.32,2267.21,2.47,2.41,16.7,-0.459,19.11,19.87,01a60568o0649o
60568.530169,-19.008,0.164,-90,15,o,0,1.23,2.87006,35.973,8153.66,2304.54,2.5,2.44,8.3,-0.456,19.09,19.87,01a60568o0659o
60568.535498,-19.705,0.381,-48,18,o,0,0.9,2.87006,35.973,8094.02,2228.45,2.56,2.5,-6.0,-0.465,19.06,19.88,01a60568o0669o
60568.564956,20.161,0.556,31,17,o,0,1.1,2.87006,35.973,8077.99,2346.32,2.54,2.51,-9.3,-0.456,19.2,20.17,01a60568o0725o
60573.452196,-20.781,1.297,-18,23,o,0,1.19,2.87006,35.973,4730.49,3786.37,2.22,1.73,30.3,-0.46,18.76,19.17,02a60573o0537o
60573.455812,20.77,1.183,18,21,o,0,1.63,2.87006,35.973,4709.04,3746.94,2.18,1.73,31.0,-0.464,18.78,19.17,02a60573o0545o
60573.461243,19.632,0.39,51,20,o,0,1.46,2.87006,35.973,4767.44,3825.67,2.21,1.7,32.1,-0.467,18.77,19.17,02a60573o0557o
60573.472239,-20.448,0.752,-24,18,o,0,1.9,2.87006,35.973,4788.79,3710.99,2.13,1.69,31.2,-0.474,18.68,19.03,02a60573o0579o
60575.496063,24.185,12.875,1,10,o,0,2.89,2.87006,35.973,6660.22,1755.91,2.01,1.79,-65.2,-0.45,19.19,19.9,02a60575o0098o
60575.499325,-20.293,0.513,-28,14,o,0,1.14,2.87006,35.973,6636.52,1715.76,2.08,1.8,-62.2,-0.452,19.19,19.91,02a60575o0105o
60575.504869,22.123,2.739,5,14,o,0,1.53,2.87006,35.973,6696.85,1795.21,2.02,1.95,-24.2,-0.471,19.1,19.88,02a60575o0117o
60575.520392,21.545,2.677,9,23,o,0,1.0,2.87006,35.973,3931.03,8807.97,2.6,2.35,49.7,-0.403,18.7,19.93,01a60575o0617o
60575.534396,-22.338,3.838,-4,16,o,0,1.07,2.87006,35.973,6712.07,1680.12,2.11,2.06,19.3,-0.433,18.99,19.76,02a60575o0138o
60575.543469,22.562,6.917,3,24,o,0,1.23,2.87006,35.973,3951.07,8843.58,2.58,2.36,48.5,-0.417,18.68,19.84,01a60575o0662o
60575.55724,22.646,8.182,3,26,o,0,1.16,2.87006,35.973,3887.65,8764.9,2.54,2.46,56.0,-0.403,18.62,19.78,01a60575o0689o
60575.560196,-21.102,2.118,-13,28,o,0,1.03,2.87006,35.973,3868.94,8881.39,3.09,2.83,58.7,-0.353,18.4,19.76,01a60575o0695o
60576.482579,-20.735,1.086,-18,20,o,0,0.81,2.87006,35.973,4357.47,4453.73,2.56,2.25,54.2,-0.403,18.85,20.28,01a60576o0515o
60576.489119,-21.683,2.25,-8,17,o,0,1.59,2.87006,35.973,4380.3,4492.39,2.59,2.33,55.5,-0.399,18.84,20.26,01a60576o0528o
60576.492,-23.203,7.857,-2,15,o,0,1.77,2.87006,35.973,4323.4,4413.92,2.56,2.33,54.4,-0.397,18.81,20.25,01a60576o0534o
60576.517164,-22.293,4.059,-4,18,o,0,1.29,2.87006,35.973,4309.0,4526.24,2.47,2.25,56.6,-0.412,18.84,20.24,01a60576o0583o
60577.442371,-22.145,3.4,-5,17,o,0,1.54,2.87006,35.973,6196.45,6111.48,2.48,2.03,32.9,-0.418,18.78,19.69,02a60577o0513o
60577.445985,-20.215,2.033,-30,60,o,0,1.14,2.87006,35.973,6175.76,6073.84,2.53,2.01,32.4,-0.414,17.7,18.23,02a60577o0521o
60577.452531,23.563,14.875,1,20,o,0,1.34,2.87006,35.973,6233.34,6151.08,2.55,1.98,34.0,-0.415,18.75,19.5,02a60577o0535o
60577.487978,20.127,0.713,32,23,o,0,1.29,2.87006,35.973,6245.51,6036.01,2.53,2.0,37.7,-0.414,18.63,19.35,02a60577o0611o
60578.437534,21.154,1.03,12,13,o,0,1.84,2.87006,35.973,4371.9,10102.39,2.04,2.02,-36.8,-0.435,19.3,20.35,02a60578o0500o
60578.449059,21.354,1.495,10,16,o,0,1.15,2.87006,35.973,4353.57,10063.52,1.99,1.91,-65.4,-0.432,19.28,20.25,02a60578o0525o
60578.452673,20.755,0.835,18,15,o,0,1.08,2.87006,35.973,4408.4,10140.64,2.0,1.93,-58.6,-0.431,19.24,20.22,02a60578o0533o
60578.458181,22.407,3.059,4,12,o,0,1.58,2.87006,35.973,4427.48,10023.17,1.99,1.93,-49.2,-0.432,19.27,20.2,02a60578o0545o
60581.458098,21.015,0.71,14,10,c,0,1.15,2.87006,35.973,4316.44,8145.06,2.39,2.28,25.6,-0.41,19.59,21.17,02a60581o0556c
60581.461294,21.915,1.63,6,10,c,0,1.33,2.87006,35.973,4297.6,8106.29,2.41,2.3,27.9,-0.404,19.56,21.18,02a60581o0563c
60581.493973,-21.675,1.382,-8,11,c,0,1.1,2.87006,35.973,4345.8,8180.76,2.45,2.34,20.2,-0.41,19.52,21.16,02a60581o0631c
60581.522624,-19.394,0.176,-63,11,c,0,0.97,2.87006,35.973,4360.17,8064.92,2.6,2.36,30.0,-0.398,19.46,21.03,02a60581o0692c
60582.4234,20.475,0.488,23,11,c,0,0.83,2.87006,35.973,6225.19,8050.7,2.48,2.39,18.2,-0.408,19.6,21.35,02a60582o0478c
60582.4262,23.32,5.909,2,10,c,0,1.39,2.87006,35.973,6206.5,8015.57,2.58,2.47,8.1,-0.401,19.54,21.4,02a60582o0484c
60582.431692,-21.761,1.347,-7,10,c,0,1.47,2.87006,35.973,6265.98,8094.48,2.5,2.41,25.1,-0.406,19.59,21.36,02a60582o0496c
60582.467066,22.069,1.629,5,9,c,0,2.06,2.87006,35.973,6274.57,7975.37,2.58,2.45,35.9,-0.408,19.61,21.4,02a60582o0571c
60583.495007,-24.954,34.333,0,13,o,0,0.76,2.87006,35.973,4326.65,2512.84,2.58,2.32,38.2,-0.425,19.44,20.52,01a60583o0626o
60583.49882,-20.854,0.735,-16,12,o,0,0.95,2.87006,35.973,4346.73,2550.97,2.57,2.31,42.4,-0.421,19.41,20.5,01a60583o0633o
60584.409337,21.188,1.034,12,13,o,0,1.09,2.87006,35.973,7878.3,8590.05,2.61,2.48,35.6,-0.435,19.42,20.54,01a60584o0450o
60584.412137,-20.817,0.638,-17,11,o,0,1.52,2.87006,35.973,7901.59,8627.6,2.55,2.47,40.5,-0.445,19.4,20.55,01a60584o0456o
60584.418042,-21.756,1.569,-7,11,o,0,1.45,2.87006,35.973,7843.66,8549.35,2.69,2.51,45.7,-0.427,19.39,20.55,01a60584o0467o
60584.4285,22.625,4.0,3,13,o,0,1.12,2.87006,35.973,7828.02,8664.97,2.67,2.61,22.2,-0.435,19.41,20.63,01a60584o0487o
60585.43943,-19.577,0.202,-54,11,o,0,1.19,2.87006,35.973,7893.14,8583.88,2.74,2.54,40.8,-0.425,19.42,20.72,01a60585o0524o
60585.442671,-19.561,0.22,-54,12,o,0,1.14,2.87006,35.973,7915.67,8622.13,2.74,2.53,33.1,-0.427,19.43,20.71,01a60585o0531o
60585.478122,21.092,0.757,13,10,o,0,1.49,2.87006,35.973,7865.99,8540.92,2.53,2.41,56.1,-0.44,19.5,20.69,01a60585o0607o
60585.487966,-21.219,0.989,-12,12,o,0,1.1,2.87006,35.973,7842.98,8655.21,2.55,2.5,61.2,-0.44,19.46,20.64,01a60585o0628o
60586.404215,21.071,0.794,14,11,c,0,1.2,2.87006,35.973,2350.89,6329.77,2.5,2.3,17.4,-0.403,19.52,21.19,02a60586o0444c
60586.410403,-21.808,1.396,-7,10,c,0,1.37,2.87006,35.973,2330.15,6290.05,2.58,2.29,21.4,-0.403,19.5,21.17,02a60586o0456c
60586.417444,-25.314,41.5,0,11,c,0,1.09,2.87006,35.973,2386.19,6365.42,2.46,2.27,29.7,-0.412,19.55,21.19,02a60586o0470c
60586.420606,-19.494,0.167,-58,10,c,0,1.26,2.87006,35.973,2409.4,6249.77,2.58,2.28,27.7,-0.405,19.53,21.2,02a60586o0477c
60587.39981,-20.117,0.365,-33,12,o,0,1.07,2.87006,35.973,8193.98,4221.08,2.52,2.33,35.2,-0.425,19.53,20.69,01a60587o0433o
60587.404085,-19.712,0.254,-47,12,o,0,0.89,2.87006,35.973,8214.49,4258.0,2.47,2.32,26.6,-0.429,19.53,20.69,01a60587o0442o
60587.409802,-19.686,0.193,-48,9,o,0,1.1,2.87006,35.973,8161.13,4181.47,2.48,2.32,25.1,-0.432,19.54,20.7,01a60587o0454o
60587.420606,-21.313,0.933,-11,10,o,0,1.2,2.87006,35.973,8144.52,4294.14,2.48,2.31,22.6,-0.427,19.53,20.72,01a60587o0477o
60588.564475,-16.322,1.051,-1074,1128,o,0,1.15,2.87006,35.973,2404.59,626.98,2.66,2.46,48.5,-0.395,15.08,16.22,01a60588o0339o
60588.568175,-19.463,2.595,-60,154,o,0,1.2,2.87006,35.973,2423.89,666.08,2.53,2.31,49.4,-0.43,16.8,17.87,01a60588o0347o
60589.418655,20.269,0.406,28,12,c,0,1.2,2.87006,35.973,8142.0,9937.87,2.76,2.55,-58.8,-0.402,19.58,21.29,02a60589o0432c
60589.429802,-21.023,0.768,-14,11,c,0,0.98,2.87006,35.973,8120.25,9894.58,2.78,2.53,-57.3,-0.406,19.53,21.3,02a60589o0456c
60589.432965,20.714,0.564,19,11,c,0,1.25,2.87006,35.973,8177.93,9976.46,2.76,2.52,-57.8,-0.406,19.57,21.31,02a60589o0463c
60589.438389,21.27,0.934,11,10,c,0,1.36,2.87006,35.973,8196.98,9860.69,2.86,2.65,-56.4,-0.399,19.49,21.29,02a60589o0475c
60590.465311,21.49,1.062,9,10,c,0,1.48,2.87006,35.973,8121.94,6045.89,2.46,2.37,39.2,-0.402,19.56,21.21,02a60590o0576c
60590.468338,-20.8,0.554,-17,10,c,0,1.31,2.87006,35.973,8101.65,6006.1,2.43,2.39,28.4,-0.405,19.56,21.2,02a60590o0582c
60590.502198,-22.034,1.914,-6,11,c,0,1.12,2.87006,35.973,8154.66,6086.34,2.57,2.49,44.4,-0.399,19.48,21.14,02a60590o0654c
60590.529492,20.937,0.771,15,12,c,0,0.96,2.87006,35.973,8164.77,5969.71,2.54,2.48,49.2,-0.4,19.45,21.07,02a60590o0712c
60591.405471,20.712,0.555,19,10,o,0,1.19,2.87006,35.973,2424.36,4545.85,2.52,2.3,37.0,-0.426,19.53,20.82,01a60591o0452o
60591.408748,23.695,7.0,1,8,o,0,1.94,2.87006,35.973,2447.13,4583.01,2.53,2.29,43.7,-0.422,19.58,20.83,01a60591o0459o
60591.415854,21.524,1.232,9,11,o,0,0.98,2.87006,35.973,2390.11,4503.52,2.62,2.38,48.3,-0.418,19.53,20.84,01a60591o0474o
60591.448052,-22.12,2.325,-5,12,o,0,0.78,2.87006,35.973,2380.86,4613.97,2.64,2.35,41.7,-0.418,19.5,20.79,01a60591o0542o
60592.395512,-21.127,0.98,-13,13,o,0,1.1,2.87006,35.973,1921.11,6958.81,2.59,2.38,41.7,-0.422,19.4,20.47,01a60592o0412o
60592.401551,-22.316,2.933,-4,13,o,0,1.14,2.87006,35.973,1946.4,6996.92,2.71,2.54,48.6,-0.427,19.38,20.52,01a60592o0425o
60592.406293,21.017,1.034,14,15,o,0,1.04,2.87006,35.973,1889.05,6918.0,2.5,2.28,44.2,-0.435,19.45,20.5,01a60592o0435o
60592.441275,21.166,0.991,12,12,o,0,1.04,2.87006,35.973,1878.44,7029.76,2.47,2.24,52.2,-0.437,19.46,20.49,01a60592o0506o
60593.397106,26.085,64.0,0,9,c,0,1.47,2.87006,35.973,8648.59,3637.03,2.43,2.26,-60.3,-0.401,19.56,21.16,02a60593o0440c
60593.401175,23.831,8.75,1,9,c,0,1.46,2.87006,35.973,8626.77,3597.47,2.42,2.26,-62.5,-0.4,19.55,21.18,02a60593o0449c
60593.436393,-20.884,0.614,-16,10,c,0,1.44,2.87006,35.973,8679.04,3672.62,2.48,2.34,-62.5,-0.394,19.51,21.13,02a60593o0523c
60593.442884,20.729,0.556,18,10,c,0,1.08,2.87006,35.973,8701.88,3558.59,2.48,2.31,-66.8,-0.396,19.48,21.14,02a60593o0536c
60594.567282,17.087,0.791,531,420,c,0,1.11,2.87006,35.973,545.13,10379.0,2.66,2.3,-51.1,-0.385,15.69,16.73,02a60594o0199c
60594.569594,18.159,1.33,198,263,c,0,0.9,2.87006,35.973,10194.87,10417.3,3.22,2.58,-50.3,-0.383,17.5,18.85,02a60594o0204c
60594.57095,22.128,23.0,5,118,c,0,1.02,2.87006,35.973,527.5,10338.28,2.51,2.19,-44.3,-0.478,16.58,17.94,02a60594o0207c
60594.573661,20.965,2.269,15,34,c,0,0.84,2.87006,35.973,10172.91,10378.57,3.16,2.64,-46.5,-0.371,18.76,20.13,02a60594o0213c
60594.576374,-22.749,10.333,-3,30,c,0,1.91,2.87006,35.973,583.63,10413.99,2.62,2.24,-48.1,-0.454,17.73,18.97,02a60594o0219c
60594.608615,-18.678,1.333,-123,164,c,0,83.64,2.87006,35.973,10230.31,10474.12,3.92,2.58,-50.1,-0.499,12.99,14.1,02a60594o0289c
60595.383446,22.198,2.444,5,12,o,0,1.54,2.87006,35.973,583.17,123.43,2.22,1.77,-62.9,-0.468,19.3,20.18,02a60595o0404o
60595.38661,-21.079,1.083,-13,15,o,0,1.67,2.87006,35.973,561.28,83.7,2.24,1.79,-61.9,-0.461,19.24,20.08,02a60595o0411o
60595.392489,-24.573,24.8,0,13,o,0,1.19,2.87006,35.973,622.77,158.93,2.21,1.76,-61.1,-0.461,19.28,20.11,02a60595o0424o
60595.427571,18.912,3.75,99,371,o,0,0.01,2.87006,35.973,636.41,38.98,2.26,1.75,-64.9,-0.456,19.3,20.24,02a60595o0499o
60597.381885,20.695,0.894,19,17,o,0,1.11,2.87006,35.973,9886.29,8437.97,2.51,2.45,1.5,-0.478,19.07,19.71,01a60597o0415o
60597.386969,21.257,1.379,11,16,o,0,1.28,2.87006,35.973,9907.46,8475.89,2.48,2.42,17.8,-0.472,19.07,19.72,01a60597o0426o
60597.397141,-20.239,0.75,-29,22,o,0,0.73,2.87006,35.973,9850.87,8397.07,2.5,2.42,-35.3,-0.475,19.13,19.74,01a60597o0448o
60597.400375,19.993,0.458,36,17,o,0,1.21,2.87006,35.973,9831.8,8514.25,2.46,2.37,-13.3,-0.48,19.1,19.75,01a60597o0455o
60598.460726,20.123,1.592,32,52,o,0,2.49,2.87006,35.973,480.59,8411.27,2.26,2.08,-28.4,-0.455,18.39,18.84,02a60598o0084o
60598.463893,-21.571,5.421,-8,46,o,0,1.18,2.87006,35.973,461.96,8372.47,2.17,1.95,-40.1,-0.46,18.45,18.83,02a60598o0091o
60598.46752,20.432,2.744,24,67,o,0,1.14,2.87006,35.973,10264.16,8446.34,2.63,2.16,-53.2,-0.454,18.51,18.9,02a60598o0099o
60598.471147,19.503,0.921,57,53,o,0,0.83,2.87006,35.973,521.74,8449.8,2.22,1.99,-37.7,-0.468,18.44,18.79,02a60598o0107o
60598.4716,18.886,0.584,101,59,o,0,1.5,2.87006,35.973,10241.4,8407.3,2.8,2.21,-54.0,-0.46,18.47,18.88,02a60598o0108o
60598.47706,19.052,0.646,87,56,o,0,1.15,2.87006,35.973,10301.84,8486.98,2.92,2.29,-54.8,-0.435,18.38,18.86,02a60598o0120o
60598.481229,-20.191,1.376,-30,42,o,0,1.06,2.87006,35.973,541.17,8329.37,2.16,1.95,-38.2,-0.472,18.55,18.96,02a60598o0129o
60598.488482,-19.303,0.604,-69,42,o,0,1.86,2.87006,35.973,10320.81,8372.24,2.9,2.32,-51.8,-0.456,18.51,19.01,02a60598o0145o
60601.416959,20.337,0.974,27,26,o,0,0.98,2.87006,35.973,802.19,4026.97,2.07,1.78,26.9,-0.443,18.56,18.69,02a60601o0498o
60601.426896,-21.8,4.224,-7,29,o,0,0.95,2.87006,35.973,780.03,3988.66,2.11,1.81,23.1,-0.459,18.49,18.65,02a60601o0519o
60601.430511,21.841,3.652,7,24,o,0,1.05,2.87006,35.973,839.29,4065.31,2.02,1.79,26.3,-0.454,18.56,18.65,02a60601o0527o
60601.438808,-21.734,3.908,-7,29,o,0,1.23,2.87006,35.973,860.17,3950.5,2.02,1.78,27.4,-0.456,18.49,18.64,02a60601o0544o
60602.44885,-20.771,1.456,-18,26,o,0,1.07,2.87006,35.973,6241.68,9999.33,2.19,2.08,-50.7,-0.447,18.73,19.04,02a60602o0521o
60602.452018,19.323,0.331,68,22,o,0,1.5,2.87006,35.973,6222.75,9960.24,2.22,2.12,-66.3,-0.438,18.72,19.02,02a60602o0528o
60602.468393,20.268,0.9,28,26,o,0,1.63,2.87006,35.973,6275.53,10039.03,2.3,2.22,-63.5,-0.428,18.64,18.98,02a60602o0564o
60602.474735,-19.542,0.455,-55,25,o,0,1.23,2.87006,35.973,6296.41,9923.13,2.26,2.15,-58.4,-0.442,18.65,18.95,02a60602o0578o
60603.430978,22.444,4.143,4,16,o,0,1.35,2.87006,35.973,4286.09,560.24,2.59,2.48,46.7,-0.442,19.01,19.73,01a60603o0520o
60603.434213,-22.461,4.152,-4,16,o,0,1.28,2.87006,35.973,4306.34,599.51,2.37,2.22,32.6,-0.465,19.1,19.72,01a60603o0527o
60603.449386,-20.106,0.51,-33,17,o,0,1.33,2.87006,35.973,4251.13,518.75,2.52,2.41,45.6,-0.446,19.03,19.65,01a60603o0559o
60603.46003,22.119,4.026,5,21,o,0,0.86,2.87006,35.973,4234.19,635.43,2.52,2.44,44.3,-0.449,19.0,19.61,01a60603o0582o
60605.512448,-20.951,0.949,-15,14,o,0,1.37,2.87006,35.973,6673.1,3695.44,2.28,2.13,34.0,-0.42,19.11,19.95,02a60605o0692o
60605.52467,20.268,0.655,28,19,o,0,1.0,2.87006,35.973,6648.7,3660.1,2.57,2.4,41.2,-0.409,18.92,19.86,02a60605o0717o
60605.533021,-21.331,1.646,-11,18,o,0,1.17,2.87006,35.973,6705.3,3739.36,2.56,2.42,8.3,-0.401,18.91,19.79,02a60605o0734o
60605.54054,-19.807,0.361,-43,16,o,0,1.45,2.87006,35.973,6726.04,3623.93,2.33,2.26,10.9,-0.412,18.94,19.74,02a60605o0749o
60606.4016,20.984,1.239,15,18,o,0,1.09,2.87006,35.973,2478.71,10216.75,2.08,1.84,-40.8,-0.461,18.95,19.75,02a60606o0458o
60606.40477,20.5,0.773,23,18,o,0,1.26,2.87006,35.973,2460.9,10180.2,2.06,1.84,-44.6,-0.471,19.04,19.89,02a60606o0465o
60606.411136,20.842,1.185,17,20,o,0,0.91,2.87006,35.973,2518.12,10256.34,2.12,1.92,-45.6,-0.46,19.1,19.92,02a60606o0479o
60606.423571,-19.542,1.157,-55,64,o,0,1.67,2.87006,35.973,2537.43,10138.03,2.06,1.87,-32.2,-0.46,17.31,17.7,02a60606o0505o
60606.429074,-18.933,6.892,-97,669,o,0,2.12,2.87006,35.973,2665.92,36.03,2.02,1.76,-67.0,-0.434,17.84,18.27,02a60606o0517o
60607.37218,21.575,1.059,8,9,c,0,1.13,2.87006,35.973,8048.32,321.8,3.08,3.01,47.2,-0.361,19.55,21.36,01a60607o0377c
60607.382036,21.321,0.985,11,11,c,0,0.91,2.87006,35.973,8068.56,360.18,3.0,2.97,-79.1,-0.36,19.56,21.34,01a60607o0397c
60607.382709,22.399,0.676,4,3,o,0,83.53,2.87006,35.973,2659.04,29.65,2.17,1.9,-72.3,-0.438,19.39,20.49,02a60607o0424o
60607.384823,23.827,8.667,1,9,c,0,1.43,2.87006,35.973,8015.22,282.45,3.19,3.14,-0.4,-0.344,19.52,21.32,01a60607o0403c
60607.385286,21.142,0.789,13,10,c,0,0.98,2.87006,35.973,7950.01,10495.36,3.23,3.17,79.3,-0.305,19.49,21.37,01a60607o0404c
60607.390364,22.37,2.609,4,11,c,0,0.88,2.87006,35.973,7996.43,399.34,3.2,3.12,-9.3,-0.35,19.5,21.3,01a60607o0415c
60608.396522,21.774,1.444,7,10,c,0,0.87,2.87006,35.973,6283.11,4346.42,3.09,2.89,32.8,-0.319,19.54,21.27,01a60608o0371c
60608.403905,21.406,0.852,10,8,c,0,1.16,2.87006,35.973,6304.83,4383.61,3.17,2.92,32.4,-0.308,19.5,21.3,01a60608o0386c
60608.407135,21.315,0.967,11,10,c,0,0.93,2.87006,35.973,6250.06,4306.14,3.17,2.87,29.7,-0.306,19.4,21.15,01a60608o0393c
60608.425714,-19.778,1.055,-45,47,c,0,1.18,2.87006,35.973,6234.64,4421.07,3.16,2.89,38.3,-0.31,17.77,19.4,01a60608o0432c
60613.363143,21.479,0.935,9,9,c,0,1.27,2.87006,35.973,5903.61,8705.12,3.6,3.33,48.4,-0.288,19.43,21.38,01a60613o0383c
60613.366375,22.992,4.091,2,9,c,0,1.13,2.87006,35.973,5925.75,8743.25,3.68,3.37,46.5,-0.291,19.42,21.36,01a60613o0390c
60613.369001,-20.475,0.458,-23,11,o,0,0.89,2.87006,35.973,4684.11,1840.27,2.26,2.08,41.1,-0.431,19.32,20.58,02a60613o0406o
60613.373307,23.793,9.2,1,10,c,0,1.03,2.87006,35.973,5865.91,8664.54,3.68,3.51,50.8,-0.298,19.42,21.36,01a60613o0405c
60613.374097,25.238,50.0,0,15,o,0,0.92,2.87006,35.973,4664.02,1801.67,2.46,2.29,50.0,-0.421,19.26,20.58,02a60613o0417o
60613.377262,21.31,1.307,11,14,o,0,0.79,2.87006,35.973,4724.55,1879.81,2.46,2.28,41.9,-0.423,19.25,20.57,02a60613o0424o
60613.383468,-19.517,0.173,-57,10,c,0,0.94,2.87006,35.973,5849.43,8779.62,3.52,3.37,49.0,-0.303,19.42,21.38,01a60613o0427c
60613.395153,21.197,1.041,12,12,o,0,1.24,2.87006,35.973,4743.19,1764.0,2.26,2.07,34.5,-0.431,19.34,20.58,02a60613o0463o
60615.365257,-20.496,0.592,-23,14,c,0,0.84,2.87006,35.973,2412.56,2598.52,4.37,4.17,46.7,-0.28,19.23,21.36,01a60615o0313c
60615.368953,21.534,1.515,9,13,c,0,0.91,2.87006,35.973,2432.99,2636.75,4.1,3.84,41.4,-0.303,19.28,21.35,01a60615o0321c
60615.374495,20.671,0.672,20,13,c,0,1.02,2.87006,35.973,2377.79,2557.8,4.69,4.44,42.7,-0.257,19.14,21.36,01a60615o0333c
60615.384565,20.458,0.633,24,15,c,0,0.76,2.87006,35.973,2359.29,2672.08,5.12,4.9,35.4,-0.226,19.01,21.34,01a60615o0353c
60616.35389,-21.231,0.863,-12,10,c,0,1.26,2.87006,35.973,1926.77,8896.62,3.08,2.93,73.6,-0.349,19.51,21.14,01a60616o0310c
60616.357581,21.401,1.15,10,12,c,0,0.86,2.87006,35.973,1948.37,8935.43,3.16,2.99,72.3,-0.341,19.49,21.14,01a60616o0318c
60616.364509,-20.579,0.445,-21,10,c,0,1.19,2.87006,35.973,1892.18,8855.51,3.11,3.01,78.1,-0.35,19.49,21.17,01a60616o0333c
60616.382128,-20.593,0.458,-21,10,c,0,1.14,2.87006,35.973,1875.61,8970.12,3.3,3.03,69.8,-0.33,19.52,21.28,01a60616o0369c
60617.371261,-20.969,2.18,-15,32,o,0,0.79,2.87006,35.973,8665.84,1689.26,1.97,1.69,-60.3,-0.485,18.22,19.08,02a60617o0413o
60617.374498,18.718,0.684,118,81,o,0,0.83,2.87006,35.973,8646.87,1648.72,2.03,1.73,-57.0,-0.487,17.27,18.06,02a60617o0420o
60617.390575,16.996,2.106,578,1217,o,0,0.98,2.87006,35.973,8703.69,1728.0,2.01,1.69,-58.0,-0.459,15.37,16.08,02a60617o0455o
60617.404802,-18.755,0.448,-114,51,o,0,0.91,2.87006,35.973,8724.96,1613.23,2.13,1.74,-59.5,-0.482,17.75,18.65,02a60617o0486o
60618.347506,17.993,0.851,230,196,o,0,1.42,2.87006,35.973,2418.7,8260.69,2.28,2.11,32.9,-0.418,16.41,17.27,02a60618o0356o
60618.351122,22.078,13.0,5,70,o,0,1.61,2.87006,35.973,2398.09,8225.42,2.14,2.02,20.0,-0.427,17.29,18.14,02a60618o0364o
60618.357933,-18.424,0.528,-155,82,o,0,1.36,2.87006,35.973,2456.86,8302.72,2.05,1.93,22.8,-0.426,17.48,18.37,02a60618o0379o
60620.462657,-25.33,45.0,0,12,o,0,1.13,2.87006,35.973,7807.66,6636.78,2.55,2.47,55.0,-0.405,19.32,20.33,01a60620o0133o
60620.465887,20.42,0.511,25,13,o,0,1.35,2.87006,35.973,7828.76,6676.07,2.51,2.45,-79.7,-0.415,19.31,20.31,01a60620o0140o
60620.471925,21.627,1.528,8,12,o,0,1.35,2.87006,35.973,7767.56,6599.7,2.91,2.57,43.5,-0.364,19.19,20.26,01a60620o0153o
60620.483981,20.145,0.481,32,15,o,0,1.12,2.87006,35.973,7740.21,6719.07,2.7,2.5,-62.3,-0.415,19.17,20.2,01a60620o0179o
60625.355612,21.808,2.448,7,17,o,0,0.99,2.87006,35.973,6670.77,1756.59,2.18,2.1,-72.8,-0.429,18.97,19.65,02a60625o0378o
60625.358778,21.076,1.197,14,16,o,0,0.94,2.87006,35.973,6650.23,1717.79,2.1,2.04,-87.1,-0.429,18.98,19.65,02a60625o0385o
60625.365663,21.805,1.955,7,14,o,0,1.43,2.87006,35.973,6709.57,1795.51,2.03,1.98,-87.1,-0.433,19.01,19.64,02a60625o0400o
60625.387271,-21.483,1.808,-9,17,o,0,1.23,2.87006,35.973,6727.45,1680.24,2.19,2.09,-71.3,-0.427,18.92,19.62,02a60625o0447o
60626.323496,19.801,0.513,44,22,o,0,1.03,2.87006,35.973,6201.24,6109.65,2.38,1.98,32.6,-0.421,18.79,19.2,02a60626o0309o
60626.3267,-20.379,0.929,-26,24,o,0,1.33,2.87006,35.973,6181.17,6071.01,2.7,2.21,15.7,-0.402,18.63,19.19,02a60626o0316o
60626.335974,21.319,1.964,11,21,o,0,0.95,2.87006,35.973,6240.15,6149.18,2.44,2.07,33.0,-0.422,18.76,19.19,02a60626o0336o
60626.345929,-20.42,0.922,-25,23,o,0,1.19,2.87006,35.973,6259.55,6033.39,2.48,2.14,33.8,-0.425,18.71,19.2,02a60626o0357o
60629.3712,-21.567,4.921,-9,42,o,0,1.34,2.87006,35.973,4345.37,10089.39,2.35,2.32,51.3,-0.398,18.25,18.49,02a60629o0403o
60629.375354,20.311,1.49,27,41,o,0,1.17,2.87006,35.973,4326.92,10049.54,2.33,2.31,33.5,-0.395,18.24,18.48,02a60629o0412o
60629.380441,21.044,2.698,14,38,o,0,1.1,2.87006,35.973,4383.36,10129.65,2.41,2.32,-56.2,-0.407,18.23,18.46,02a60629o0423o
60629.390322,20.39,1.972,25,50,o,0,0.94,2.87006,35.973,4401.95,10012.22,2.38,2.34,-39.5,-0.386,18.22,18.43,02a60629o0444o
60630.409077,-20.172,2.252,-31,70,o,0,0.96,2.87006,35.973,4305.21,8140.97,2.85,2.63,32.0,-0.402,18.14,18.55,02a60630o0453o
60630.412289,-21.016,5.647,-14,80,o,0,0.93,2.87006,35.973,4286.27,8101.8,2.95,2.81,30.2,-0.396,18.04,18.53,02a60630o0460o
60630.452678,18.687,0.777,122,95,o,0,1.32,2.87006,35.973,4337.51,8182.61,3.42,3.26,32.9,-0.379,17.82,18.33,02a60630o0482o
60630.459057,-18.951,1.352,-95,129,o,0,1.01,2.87006,35.973,4358.04,8065.25,3.91,3.82,68.3,-0.348,17.61,18.29,02a60630o0496o
60631.348611,-21.448,2.712,-10,26,o,0,1.18,2.87006,35.973,4307.8,8136.6,2.62,2.45,24.4,-0.413,18.67,19.31,02a60631o0328o
60631.352857,23.304,15.75,2,27,o,0,1.18,2.87006,35.973,4287.83,8101.01,2.47,2.28,21.9,-0.414,18.72,19.32,02a60631o0337o
60631.364753,-23.685,21.0,-1,26,o,0,1.27,2.87006,35.973,4345.56,8175.08,2.5,2.37,26.8,-0.415,18.67,19.25,02a60631o0363o
60631.37989,-20.876,1.761,-16,28,o,0,1.36,2.87006,35.973,4363.3,8060.4,2.73,2.62,9.5,-0.411,18.55,19.21,02a60631o0396o
60632.457386,20.085,0.655,34,22,o,0,1.26,2.87006,35.973,4330.63,2507.4,2.69,2.62,24.7,-0.409,18.74,19.23,01a60632o0442o
60632.460232,-20.305,0.873,-27,24,o,0,1.14,2.87006,35.973,4348.56,2547.51,2.66,2.47,41.6,-0.429,18.73,19.2,01a60632o0448o
60632.467252,-24.666,47.333,0,23,o,0,1.32,2.87006,35.973,4288.67,2468.56,2.87,2.66,36.9,-0.4,18.64,19.12,01a60632o0463o
60632.47732,19.218,0.386,75,29,o,0,1.09,2.87006,35.973,4267.94,2585.97,3.41,3.15,32.2,-0.354,18.37,19.04,01a60632o0484o
60633.379822,-20.297,3.615,-28,100,o,0,1.18,2.87006,35.973,6251.35,8087.95,2.23,2.08,35.7,-0.446,16.32,17.9,02a60633o0434o
60633.395047,19.74,8.938,46,412,o,0,1.16,2.87006,35.973,6271.67,7969.5,2.64,2.46,39.2,-0.444,16.26,17.38,02a60633o0467o
60634.397489,21.946,2.113,6,13,o,0,1.29,2.87006,35.973,2693.51,1950.59,2.12,2.01,37.6,-0.449,19.11,19.98,02a60634o0457o
60634.407677,22.433,3.636,4,14,o,0,1.15,2.87006,35.973,2671.02,1912.92,2.11,2.07,38.8,-0.447,19.1,19.95,02a60634o0479o
60634.411413,21.393,1.563,10,16,o,0,1.07,2.87006,35.973,2730.43,1989.58,2.12,2.03,28.3,-0.444,19.1,19.92,02a60634o0487o
60634.417069,21.624,1.681,8,14,o,0,1.48,2.87006,35.973,2749.91,1871.43,2.13,2.05,39.7,-0.448,19.09,19.91,02a60634o0499o
60635.315057,21.661,1.232,8,10,c,0,1.36,2.87006,35.973,2695.93,1948.52,2.41,2.34,-77.2,-0.421,19.55,21.23,02a60635o0290c
60635.318307,21.319,0.84,11,9,c,0,1.27,2.87006,35.973,2675.19,1909.49,2.44,2.37,59.9,-0.418,19.55,21.25,02a60635o0297c
60635.324678,-20.551,0.436,-22,10,c,0,0.85,2.87006,35.973,2734.5,1986.09,2.41,2.35,59.6,-0.416,19.55,21.29,02a60635o0311c
60635.34712,22.786,3.15,3,9,c,0,1.28,2.87006,35.973,2754.18,1868.63,2.4,2.32,67.8,-0.421,19.59,21.34,02a60635o0360c
60635.391735,-20.586,0.626,-21,13,o,0,1.37,2.87006,35.973,7901.95,8574.59,2.55,2.49,-75.9,-0.443,19.35,20.35,01a60635o0413o
60635.394532,20.052,0.368,35,13,o,0,1.46,2.87006,35.973,7922.44,8613.28,2.54,2.43,-52.2,-0.451,19.34,20.32,01a60635o0419o
60635.403668,-24.149,16.667,-1,13,o,0,1.23,2.87006,35.973,7861.08,8537.26,2.5,2.43,-61.5,-0.452,19.36,20.29,01a60635o0438o
60635.413977,-21.45,1.375,-10,13,o,0,1.54,2.87006,35.973,7838.67,8654.68,2.52,2.39,-54.6,-0.456,19.34,20.26,01a60635o0460o
60636.334353,-21.674,1.119,-8,9,o,0,1.24,2.87006,35.973,8218.16,4206.67,2.36,2.32,0.7,-0.436,19.61,20.88,01a60636o0295o
60636.337589,-21.532,1.04,-9,9,o,0,1.16,2.87006,35.973,8238.22,4244.7,2.41,2.31,4.3,-0.434,19.63,20.9,01a60636o0302o
60636.344683,21.977,1.549,6,9,o,0,1.03,2.87006,35.973,8182.14,4168.05,2.36,2.3,1.9,-0.436,19.66,20.96,01a60636o0317o
60636.366907,20.48,0.41,23,10,o,0,1.81,2.87006,35.973,8163.0,4284.39,2.46,2.4,25.8,-0.42,19.58,20.86,01a60636o0354o
60638.349657,21.377,1.138,10,12,c,0,1.47,2.87006,35.973,8140.21,9940.38,2.79,2.55,-42.7,-0.401,19.54,21.32,02a60638o0198c
60638.352855,20.841,0.675,17,11,c,0,1.24,2.87006,35.973,8121.51,9900.89,3.16,2.67,-75.5,-0.378,19.45,21.29,02a60638o0205c
60638.358379,-22.407,3.136,-4,12,c,0,0.99,2.87006,35.973,8178.16,9981.39,2.86,2.5,-49.1,-0.41,19.57,21.28,02a60638o0217c
60638.369271,20.845,0.677,17,11,c,0,0.94,2.87006,35.973,8197.12,9864.43,2.84,2.52,-51.1,-0.412,19.55,21.2,02a60638o0241c
60641.332905,-19.117,0.13,-82,11,c,0,1.3,2.87006,35.973,8125.18,6043.1,2.49,2.41,39.1,-0.404,19.47,21.1,02a60641o0331c
60641.336135,20.891,0.697,16,11,c,0,1.33,2.87006,35.973,8103.6,6002.64,2.51,2.38,33.3,-0.402,19.49,21.1,02a60641o0338c
60641.34162,-21.879,1.773,-6,11,c,0,1.08,2.87006,35.973,8162.87,6083.04,2.49,2.37,32.6,-0.406,19.49,21.11,02a60641o0350c
60641.360375,21.492,1.0,9,9,c,0,1.2,2.87006,35.973,8179.35,5965.57,2.48,2.4,29.0,-0.404,19.51,21.14,02a60641o0391c
60642.343385,-22.352,2.207,-4,9,c,0,1.15,2.87006,35.973,8647.92,3632.14,2.47,2.37,-65.0,-0.396,19.5,21.1,02a60642o0352c
60642.346583,-20.782,0.545,-18,10,c,0,1.22,2.87006,35.973,8626.73,3594.71,2.5,2.38,-61.8,-0.394,19.51,21.1,02a60642o0359c
60642.352301,21.824,1.467,7,10,c,0,1.34,2.87006,35.973,8684.01,3672.71,2.53,2.42,-62.2,-0.393,19.5,21.13,02a60642o0371c
60642.363351,22.917,4.647,2,12,c,0,0.92,2.87006,35.973,8704.75,3558.73,2.5,2.36,-60.6,-0.393,19.47,21.12,02a60642o0395c
60645.370704,-22.291,2.414,-4,11,c,0,1.15,2.87006,35.973,577.76,119.22,2.6,2.25,-67.6,-0.424,19.42,21.08,02a60645o0404c
60645.371675,20.269,0.404,28,12,c,0,1.06,2.87006,35.973,10212.72,10407.06,3.26,2.56,-51.3,-0.379,19.48,21.14,02a60645o0406c
60645.373532,20.658,0.689,20,14,c,0,0.85,2.87006,35.973,556.84,75.32,2.98,2.59,-64.6,-0.36,19.38,21.07,02a60645o0410c
60645.397724,21.001,0.829,14,12,c,0,1.25,2.87006,35.973,10186.8,10366.33,3.16,2.49,-48.4,-0.398,19.45,21.06,02a60645o0461c
60645.399129,22.772,3.632,3,10,c,0,0.94,2.87006,35.973,610.66,153.52,2.53,2.21,-65.0,-0.422,19.38,20.97,02a60645o0464c
60645.40367,-20.989,1.069,-15,16,c,0,0.77,2.87006,35.973,10239.64,10450.11,2.97,2.61,-42.7,-0.391,19.44,21.05,02a60645o0474c
60645.409839,22.23,4.839,5,22,c,0,3.01,2.87006,35.973,630.3,38.62,2.56,2.2,-63.4,-0.418,19.36,20.94,02a60645o0486c
60645.410776,21.326,1.019,11,11,c,0,1.57,2.87006,35.973,10257.91,10335.59,2.88,2.68,-34.3,-0.388,19.34,21.04,02a60645o0488c
60645.411719,-21.54,1.396,-9,12,c,0,1.51,2.87006,35.973,549.57,10371.09,2.43,2.3,-63.2,-0.507,19.28,20.91,02a60645o0490c
60645.415085,-21.741,1.778,-7,13,c,0,1.78,2.87006,35.973,534.48,10330.27,2.5,2.21,-51.8,-0.491,19.31,20.89,02a60645o0496c
60645.420856,-20.264,0.448,-28,13,c,0,1.1,2.87006,35.973,585.77,10417.12,2.43,2.25,-54.3,-0.504,19.31,20.84,02a60645o0507c
60645.447788,-20.824,1.079,-17,18,c,0,0.85,2.87006,35.973,608.39,10290.95,2.45,2.2,-47.3,-0.484,19.16,20.59,02a60645o0563c
60646.408423,20.816,0.775,17,13,c,0,1.04,2.87006,35.973,687.26,2082.21,2.4,2.21,-71.8,-0.426,19.37,20.83,02a60646o0466c
60646.412522,20.644,0.613,20,12,c,0,1.0,2.87006,35.973,666.37,2042.69,2.35,2.19,-75.2,-0.436,19.35,20.8,02a60646o0472c
60646.419027,-22.622,4.048,-3,13,c,0,0.95,2.87006,35.973,724.19,2124.78,2.5,2.27,-69.6,-0.425,19.3,20.78,02a60646o0484c
60646.452124,20.951,0.963,15,14,c,0,1.08,2.87006,35.973,736.44,2005.29,2.68,2.34,-62.2,-0.427,19.09,20.53,02a60646o0552c
60647.286314,22.062,1.6,5,9,c,0,1.13,2.87006,35.973,692.59,2078.92,2.37,2.28,-76.0,-0.416,19.6,21.4,02a60647o0216c
60647.289509,20.947,0.593,15,9,c,0,1.1,2.87006,35.973,673.58,2039.98,2.37,2.25,-70.7,-0.419,19.65,21.4,02a60647o0223c
60647.297908,21.667,1.085,8,8,c,0,1.08,2.87006,35.973,734.06,2115.52,2.35,2.24,-71.0,-0.419,19.63,21.36,02a60647o0241c
60647.310425,21.9,1.574,6,10,c,0,0.99,2.87006,35.973,753.91,1998.02,2.32,2.25,89.4,-0.422,19.59,21.33,02a60647o0268c
60647.412026,-21.318,1.191,-11,13,o,0,0.96,2.87006,35.973,9883.5,8438.89,2.83,2.5,-58.4,-0.447,19.41,20.61,01a60647o0479o
60647.415516,20.307,0.485,27,13,o,0,1.16,2.87006,35.973,9900.31,8477.89,2.83,2.54,-64.4,-0.461,19.34,20.6,01a60647o0486o
60647.427256,-21.487,1.393,-9,13,o,0,1.27,2.87006,35.973,9835.06,8405.52,2.62,2.54,-68.9,-0.451,19.29,20.47,01a60647o0510o
60647.434337,-22.337,3.154,-4,13,o,0,1.34,2.87006,35.973,9811.88,8525.34,2.74,2.56,-70.8,-0.457,19.25,20.42,01a60647o0524o
60648.303938,20.631,0.571,20,12,o,0,1.53,2.87006,35.973,10059.85,2100.36,2.45,2.26,-50.5,-0.444,19.46,20.77,01a60648o0234o
60648.306858,21.798,1.525,7,11,o,0,1.12,2.87006,35.973,10077.58,2138.9,2.38,2.16,-41.6,-0.436,19.6,20.86,01a60648o0240o
60648.308728,-23.497,7.154,-1,10,o,0,1.04,2.87006,35.973,277.55,2148.97,2.4,2.25,43.5,-0.394,19.55,20.86,01a60648o0244o
60648.311942,-22.026,2.444,-6,14,o,0,1.39,2.87006,35.973,299.61,2187.34,2.42,2.28,50.2,-0.393,19.45,20.75,01a60648o0251o
60648.312448,-21.441,1.784,-10,17,o,0,0.99,2.87006,35.973,10020.09,2062.29,2.61,2.35,-49.2,-0.447,19.09,20.41,01a60648o0252o
60648.321073,-20.901,0.5,-16,8,o,0,2.14,2.87006,35.973,239.28,2105.61,2.48,2.34,43.8,-0.389,19.55,20.89,01a60648o0270o
60648.335843,-22.293,2.528,-4,11,o,0,0.81,2.87006,35.973,10002.74,2180.62,2.51,2.26,-51.9,-0.439,19.56,20.87,01a60648o0301o
60648.337695,22.726,2.96,3,9,o,0,1.19,2.87006,35.973,224.02,2219.25,2.48,2.32,42.0,-0.389,19.55,20.92,01a60648o0305o
60651.296778,23.242,7.846,2,14,o,0,0.99,2.87006,35.973,9784.1,6484.42,2.64,2.47,-59.5,-0.452,19.41,20.53,01a60651o0228o
60651.328404,20.878,0.781,16,13,o,0,1.32,2.87006,35.973,9804.06,6525.83,2.65,2.47,-48.8,-0.448,19.38,20.54,01a60651o0294o
60651.335637,-22.396,2.567,-4,10,o,0,1.41,2.87006,35.973,9745.63,6448.81,2.54,2.45,-45.1,-0.436,19.4,20.51,01a60651o0309o
60651.355587,-21.003,0.976,-14,14,o,0,1.24,2.87006,35.973,9722.73,6568.58,3.02,2.76,29.0,-0.386,19.17,20.48,01a60651o0348o
60652.296073,-23.38,7.857,-2,13,o,0,1.06,2.87006,35.973,4289.71,557.2,2.32,2.24,35.2,-0.477,19.43,20.44,01a60652o0234o
60652.31762,21.863,2.0,6,13,o,0,1.06,2.87006,35.973,4309.45,594.73,2.47,2.38,32.8,-0.457,19.33,20.41,01a60652o0280o
60652.320852,-21.99,2.087,-6,12,o,0,1.14,2.87006,35.973,4251.81,514.86,2.45,2.37,40.8,-0.46,19.35,20.4,01a60652o0287o
60652.336264,21.878,2.267,6,15,o,0,1.25,2.87006,35.973,4233.45,631.18,2.57,2.54,42.8,-0.461,19.27,20.35,01a60652o0318o
60653.303772,-21.31,1.96,-11,21,o,0,1.12,2.87006,35.973,6245.92,10001.29,2.47,2.18,-53.9,-0.436,19.0,19.69,02a60653o0268o
60653.306971,-25.987,126.0,0,18,o,0,1.37,2.87006,35.973,6227.29,9961.75,2.57,2.11,-56.6,-0.44,19.02,19.74,02a60653o0275o
60653.322778,-20.031,0.617,-35,22,o,0,0.96,2.87006,35.973,6282.54,10039.21,2.44,2.24,-46.2,-0.427,19.03,19.71,02a60653o0309o
60653.328255,20.817,1.056,17,18,o,0,1.18,2.87006,35.973,6301.97,9923.02,2.39,2.11,-50.7,-0.442,19.07,19.79,02a60653o0321o
60654.311411,20.008,0.647,36,23,o,0,1.0,2.87006,35.973,6678.78,3692.21,2.52,2.35,33.2,-0.413,18.73,19.42,02a60654o0268o
60654.314228,-18.959,0.195,-95,18,o,0,1.32,2.87006,35.973,6658.34,3652.38,2.48,2.31,30.3,-0.427,18.76,19.44,02a60654o0274o
60654.320163,21.701,2.741,8,21,o,0,0.99,2.87006,35.973,6714.22,3731.36,2.4,2.25,29.0,-0.418,18.71,19.42,02a60654o0287o
60654.396129,-20.758,2.091,-18,38,o,0,1.05,2.87006,35.973,6721.46,3618.3,3.54,3.43,20.9,-0.418,18.21,19.24,02a60654o0347o
60655.30208,-19.331,0.352,-67,24,o,0,0.88,2.87006,35.973,3906.53,6869.92,2.66,2.46,38.3,-0.385,18.74,19.11,01a60655o0240o
60655.305991,-19.652,0.477,-50,24,o,0,0.82,2.87006,35.973,3927.92,6908.12,2.62,2.44,43.4,-0.381,18.76,19.11,01a60655o0248o
60655.313865,-20.246,0.71,-29,20,o,0,1.53,2.87006,35.973,3868.6,6829.18,2.74,2.43,43.8,-0.368,18.75,19.11,01a60655o0264o
60655.346126,20.139,0.61,32,20,o,0,1.58,2.87006,35.973,3847.47,6942.29,2.73,2.44,42.3,-0.366,18.7,19.06,01a60655o0332o
60656.301547,20.248,1.63,29,47,o,0,1.29,2.87006,35.973,8064.9,316.82,2.5,2.36,-50.2,-0.46,16.95,17.91,01a60656o0237o
60656.304828,-19.534,3.227,-56,180,o,0,1.16,2.87006,35.973,8083.3,354.97,2.57,2.44,-57.6,-0.459,15.77,15.43,01a60656o0244o
60656.310864,-21.362,2.395,-10,25,o,0,0.96,2.87006,35.973,8027.55,277.61,2.38,2.3,-50.6,-0.455,18.51,18.86,01a60656o0257o
60657.335367,20.727,1.359,19,25,o,0,0.94,2.87006,35.973,7958.67,10493.9,2.58,2.43,-72.7,-0.397,18.68,18.97,01a60657o0284o
60658.328033,20.692,1.414,19,27,o,0,1.93,2.87006,35.973,4275.0,6203.4,2.53,1.99,31.8,-0.419,18.48,18.89,02a60658o0317o
60658.331213,-19.936,0.738,-38,28,o,0,1.08,2.87006,35.973,4257.47,6164.03,2.49,2.0,31.4,-0.41,18.45,18.88,02a60658o0324o
60658.349098,20.609,1.256,21,26,o,0,1.42,2.87006,35.973,4312.79,6238.37,2.48,1.99,31.0,-0.416,18.41,18.8,02a60658o0363o
60658.355,-23.056,13.533,-2,29,o,0,1.25,2.87006,35.973,4333.21,6122.73,2.57,2.13,30.2,-0.415,18.36,18.76,02a60658o0376o
60659.287439,18.979,1.779,93,165,o,0,1.07,2.87006,35.973,4274.88,6201.78,2.51,1.81,34.4,-0.446,16.86,17.03,02a60659o0215o
60659.2916,17.859,0.472,261,123,o,0,1.06,2.87006,35.973,4255.88,6162.18,2.62,1.81,34.5,-0.418,17.01,17.04,02a60659o0224o
60659.296742,19.725,3.732,47,174,o,0,1.02,2.87006,35.973,4312.56,6239.13,2.57,1.82,33.1,-0.415,16.55,16.47,02a60659o0235o
60659.316469,-20.798,1.783,-17,31,o,0,1.17,2.87006,35.973,4329.06,6120.93,2.39,1.79,33.2,-0.423,18.41,18.74,02a60659o0278o
60659.337197,-24.154,35.833,-1,28,o,0,1.15,2.87006,35.973,6293.43,4335.67,2.61,2.43,35.3,-0.391,18.58,18.81,01a60659o0318o
60659.357577,-19.941,1.47,-38,56,o,0,1.34,2.87006,35.973,6310.18,4373.64,2.66,2.44,37.8,-0.39,17.09,17.2,01a60659o0362o
60659.360392,17.913,0.616,248,153,o,0,1.06,2.87006,35.973,6251.03,4297.78,2.52,2.46,38.0,-0.419,16.69,16.85,01a60659o0368o
60659.366871,19.739,0.841,46,39,o,0,1.04,2.87006,35.973,6231.12,4414.51,2.49,2.43,45.3,-0.408,18.16,18.18,01a60659o0382o
60660.301401,20.44,0.768,24,19,o,0,1.22,2.87006,35.973,10162.13,4044.46,2.61,2.43,-44.0,-0.392,18.82,19.33,01a60660o0239o
60660.303228,20.085,0.548,34,18,o,0,1.31,2.87006,35.973,400.18,4095.94,2.61,2.44,45.7,-0.374,18.84,19.35,01a60660o0243o
60660.304629,20.743,1.099,18,20,o,0,1.18,2.87006,35.973,10180.08,4082.98,2.61,2.48,-28.7,-0.364,18.79,19.32,01a60660o0246o
60660.320567,20.666,1.051,20,21,o,0,1.0,2.87006,35.973,421.25,4131.76,2.59,2.36,45.3,-0.367,18.82,19.29,01a60660o0280o
60660.321981,20.834,1.169,17,20,o,0,1.03,2.87006,35.973,10122.87,4007.82,2.46,2.37,-17.7,-0.37,18.8,19.24,01a60660o0283o
60660.323351,-21.606,2.239,-8,18,o,0,0.99,2.87006,35.973,361.98,4051.96,2.53,2.39,46.7,-0.376,18.82,19.28,01a60660o0286o
60660.32716,20.577,1.132,21,24,o,0,0.93,2.87006,35.973,10099.49,4125.85,2.98,2.43,-63.2,-0.425,18.72,19.2,01a60660o0294o
60660.329483,19.398,0.289,63,18,o,0,1.15,2.87006,35.973,344.93,4166.65,2.58,2.41,44.3,-0.374,18.78,19.25,01a60660o0299o
60661.320499,21.158,1.54,12,19,o,0,0.93,2.87006,35.973,404.66,6463.28,2.06,1.93,10.7,-0.395,18.82,19.41,02a60661o0286o
60661.335228,-20.598,0.865,-21,18,o,0,1.75,2.87006,35.973,386.75,6423.59,2.11,1.99,14.3,-0.39,18.79,19.32,02a60661o0318o
60661.340761,22.0,3.434,6,20,o,0,1.24,2.87006,35.973,444.93,6497.7,2.1,2.02,2.4,-0.389,18.74,19.29,02a60661o0330o
60661.345009,-21.943,4.036,-6,24,o,0,0.73,2.87006,35.973,466.67,6381.0,2.13,1.98,18.4,-0.396,18.69,19.27,02a60661o0339o
60661.35345,20.688,1.285,19,25,o,0,1.46,2.87006,35.973,10165.49,6491.6,2.38,2.08,-50.0,-0.488,18.77,19.32,02a60661o0357o
60661.356825,23.593,15.111,1,20,o,0,2.2,2.87006,35.973,10144.39,6453.81,2.39,2.24,-23.7,-0.46,18.71,19.3,02a60661o0364o
60661.363947,-19.923,0.693,-39,27,o,0,0.92,2.87006,35.973,10203.89,6532.02,2.52,2.15,-50.7,-0.454,18.7,19.25,02a60661o0379o
60661.376192,-22.151,5.485,-5,28,o,0,1.4,2.87006,35.973,10223.52,6415.92,2.52,2.12,-52.2,-0.472,18.63,19.17,02a60661o0405o
60662.313377,20.462,0.702,24,17,o,0,0.88,2.87006,35.973,4689.19,1839.99,2.01,1.98,58.9,-0.434,19.13,19.91,02a60662o0270o
60662.316597,21.208,1.282,12,15,o,0,0.84,2.87006,35.973,4667.95,1800.85,1.97,1.93,-61.5,-0.44,19.15,19.9,02a60662o0277o
60662.336215,20.913,0.765,16,12,o,0,1.57,2.87006,35.973,4727.26,1879.33,2.01,1.94,45.0,-0.438,19.09,19.78,02a60662o0320o
60662.352825,20.129,0.565,32,18,o,0,1.02,2.87006,35.973,4744.55,1762.88,2.06,1.95,35.7,-0.427,19.01,19.62,02a60662o0356o
60663.290264,22.059,1.632,5,9,o,0,1.68,2.87006,35.973,4652.29,1853.17,1.93,1.85,36.3,-0.449,19.56,20.8,02a60663o0218o
60663.305501,20.05,0.324,35,11,o,0,1.28,2.87006,35.973,4631.35,1812.17,1.9,1.84,38.7,-0.452,19.51,20.62,02a60663o0251o
60663.308701,21.167,0.814,12,10,o,0,1.38,2.87006,35.973,4693.23,1890.02,1.93,1.84,44.7,-0.449,19.47,20.52,02a60663o0258o
60663.323473,22.647,3.441,3,11,o,0,1.75,2.87006,35.973,4712.13,1770.99,1.89,1.82,36.6,-0.45,19.37,20.16,02a60663o0290o
60664.330148,-21.717,1.436,-8,11,o,0,1.27,2.87006,35.973,2427.2,2580.12,2.65,2.39,43.3,-0.424,19.46,20.67,01a60664o0199o
60664.332983,-21.823,1.644,-7,11,o,0,1.29,2.87006,35.973,2446.45,2618.08,2.88,2.48,41.5,-0.403,19.36,20.63,01a60664o0205o
60664.340428,-21.038,1.02,-14,14,o,0,0.93,2.87006,35.973,2389.95,2538.91,2.71,2.46,45.2,-0.417,19.37,20.56,01a60664o0221o
60664.354777,-21.013,1.032,-14,15,o,0,1.0,2.87006,35.973,2368.5,2654.45,2.86,2.52,41.5,-0.398,19.21,20.24,01a60664o0251o
60665.327396,21.298,1.145,11,13,o,0,1.37,2.87006,35.973,8098.11,7993.66,2.24,2.16,17.9,-0.443,19.43,20.53,02a60665o0298o
60665.330578,20.993,0.982,15,14,o,0,1.07,2.87006,35.973,8078.88,7955.76,2.18,2.13,36.7,-0.446,19.43,20.5,02a60665o0305o
60665.336053,20.983,0.819,15,12,o,0,1.45,2.87006,35.973,8134.72,8034.67,2.15,2.14,-56.6,-0.444,19.4,20.47,02a60665o0317o
60665.347072,-19.284,0.163,-70,11,o,0,1.82,2.87006,35.973,8155.78,7916.53,2.14,2.13,-42.2,-0.447,19.4,20.41,02a60665o0341o
60667.262775,20.119,0.31,32,10,o,0,1.68,2.87006,35.973,8626.32,1695.66,2.12,1.64,-61.7,-0.484,19.53,20.65,02a60667o0156o
60667.270535,-21.421,1.275,-10,12,o,0,0.92,2.87006,35.973,8606.98,1654.45,2.08,1.67,-62.1,-0.477,19.53,20.64,02a60667o0173o
60667.274247,-21.509,1.239,-9,11,o,0,1.45,2.87006,35.973,8665.58,1734.32,2.14,1.66,-62.9,-0.477,19.55,20.64,02a60667o0181o
60667.28957,21.43,1.133,10,11,o,0,1.05,2.87006,35.973,8685.19,1616.52,2.0,1.66,-61.1,-0.484,19.49,20.59,02a60667o0214o
60668.281895,-23.276,6.923,-2,12,o,0,1.11,2.87006,35.973,8139.44,2261.8,2.52,2.47,-43.5,-0.454,19.41,20.62,01a60668o0195o
60668.284686,-19.537,0.223,-56,12,o,0,0.97,2.87006,35.973,8161.06,2300.69,2.53,2.45,-49.1,-0.46,19.41,20.59,01a60668o0201o
60668.29084,-19.776,0.293,-45,13,o,0,1.04,2.87006,35.973,8101.85,2224.36,2.52,2.39,-53.7,-0.46,19.39,20.52,01a60668o0214o
60668.301669,20.96,0.843,15,13,o,0,1.09,2.87006,35.973,8080.92,2341.81,2.51,2.32,-56.8,-0.473,19.39,20.48,01a60668o0237o
60669.270828,-19.598,0.191,-53,10,o,0,1.32,2.87006,35.973,2382.7,8270.74,2.14,1.92,23.1,-0.428,19.5,20.72,02a60669o0173o
60669.274034,-19.429,0.171,-62,10,o,0,1.11,2.87006,35.973,2363.11,8232.4,2.16,1.93,23.7,-0.429,19.47,20.72,02a60669o0180o
60669.279526,-21.608,1.61,-8,13,o,0,0.95,2.87006,35.973,2421.34,8308.38,2.11,1.93,16.7,-0.429,19.49,20.64,02a60669o0192o
60669.29369,-20.875,0.796,-16,13,o,0,1.25,2.87006,35.973,2442.98,8189.41,2.15,1.95,18.7,-0.426,19.36,20.53,02a60669o0223o
60670.283895,20.928,0.723,15,11,o,0,1.1,2.87006,35.973,2740.76,3903.85,2.2,1.9,30.7,-0.453,19.41,20.51,02a60670o0200o
60670.287074,20.646,0.554,20,11,o,0,1.43,2.87006,35.973,2720.63,3864.25,2.14,1.87,30.0,-0.454,19.42,20.49,02a60670o0207o
60670.304909,-21.051,0.9,-14,12,o,0,1.22,2.87006,35.973,2779.59,3939.23,2.24,1.89,31.1,-0.452,19.37,20.4,02a60670o0246o
60670.310857,24.138,14.0,1,11,o,0,1.48,2.87006,35.973,2801.74,3821.42,2.19,1.92,30.9,-0.452,19.34,20.37,02a60670o0259o
60673.293338,20.701,0.58,19,11,o,0,1.31,2.87006,35.973,4691.45,3788.01,2.18,1.91,31.0,-0.444,19.39,20.53,02a60673o0217o
60673.306619,-20.423,0.435,-25,11,o,0,1.3,2.87006,35.973,4669.43,3748.75,2.2,1.97,30.8,-0.444,19.4,20.48,02a60673o0246o
60673.310288,22.486,2.517,4,9,o,0,2.12,2.87006,35.973,4728.17,3824.66,2.27,2.09,32.2,-0.43,19.3,20.45,02a60673o0254o
60673.316677,23.684,9.0,1,11,o,0,1.64,2.87006,35.973,4748.91,3709.63,2.23,2.02,31.0,-0.437,19.32,20.44,02a60673o0268o
60674.343957,-22.887,5.526,-2,14,o,0,1.07,2.87006,35.973,6632.27,1756.34,2.38,2.07,-50.9,-0.422,19.2,20.31,02a60674o0325o
60674.347293,22.796,4.556,3,13,o,0,1.49,2.87006,35.973,6611.29,1715.31,2.53,2.25,-47.3,-0.409,19.14,20.31,02a60674o0332o
60674.353367,21.4,1.661,10,17,o,0,1.25,2.87006,35.973,6671.61,1796.73,2.73,2.44,-51.7,-0.399,19.05,20.31,02a60674o0345o
60674.364421,21.223,1.231,12,14,o,0,1.01,2.87006,35.973,6690.65,1678.37,2.32,2.01,-52.0,-0.422,19.19,20.26,02a60674o0368o
60675.24873,-20.678,0.661,-20,13,o,0,1.24,2.87006,35.973,6635.93,1766.38,2.65,2.57,-72.4,-0.405,19.22,20.65,02a60675o0053o
60675.251989,21.775,1.851,7,13,o,0,1.35,2.87006,35.973,6614.38,1726.62,2.44,2.4,-69.4,-0.413,19.29,20.65,02a60675o0060o
60675.264596,22.417,3.793,4,15,o,0,0.77,2.87006,35.973,6673.01,1803.47,2.34,2.24,-71.0,-0.413,19.28,20.59,02a60675o0087o
60675.276225,21.57,1.889,9,16,o,0,0.64,2.87006,35.973,6692.31,1684.8,2.52,2.42,-66.5,-0.414,19.23,20.54,02a60675o0112o
60676.300192,21.117,0.862,13,11,o,0,1.09,2.87006,35.973,4370.69,4443.16,2.77,2.44,38.8,-0.381,19.47,20.69,01a60676o0226o
60676.310158,-21.521,1.316,-9,12,o,0,1.23,2.87006,35.973,4391.17,4481.8,2.97,2.61,40.2,-0.364,19.35,20.62,01a60676o0247o
60676.313449,-25.991,71.0,0,10,o,0,1.6,2.87006,35.973,4331.48,4403.92,2.87,2.49,37.7,-0.375,19.36,20.58,01a60676o0254o
60676.320517,21.513,1.208,9,11,o,0,1.2,2.87006,35.973,4309.89,4520.13,2.43,2.26,33.7,-0.413,19.45,20.51,01a60676o0269o
60677.267526,-21.92,1.792,-6,11,o,0,1.16,2.87006,35.973,6165.71,6122.9,2.3,1.91,34.6,-0.439,19.4,20.52,02a60677o0157o
60677.270709,-21.366,1.173,-10,12,o,0,1.24,2.87006,35.973,6145.32,6083.47,2.38,2.02,34.4,-0.435,19.37,20.51,02a60677o0164o
60677.282148,22.055,2.486,6,14,o,0,1.4,2.87006,35.973,6204.32,6160.15,2.58,2.28,29.9,-0.428,19.26,20.48,02a60677o0189o
60677.288527,23.37,7.923,2,13,o,0,0.96,2.87006,35.973,6225.17,6043.55,2.33,2.01,35.2,-0.433,19.36,20.45,02a60677o0203o
60678.263399,-20.602,0.62,-21,13,o,0,1.05,2.87006,35.973,4330.1,10103.41,2.26,2.15,-53.0,-0.418,19.37,20.57,02a60678o0147o
60678.267091,-20.478,0.585,-23,14,o,0,1.23,2.87006,35.973,4311.36,10064.36,2.32,2.23,-52.5,-0.407,19.32,20.57,02a60678o0155o
60678.274464,21.765,2.145,7,15,o,0,0.9,2.87006,35.973,4369.9,10140.69,2.29,2.19,-50.1,-0.415,19.34,20.55,02a60678o0171o
60678.292813,21.583,1.712,8,14,o,0,1.08,2.87006,35.973,4388.09,10023.23,2.29,2.16,-47.2,-0.408,19.33,20.49,02a60678o0211o
60679.256029,23.565,7.909,1,11,o,0,1.48,2.87006,35.973,6175.02,442.78,2.4,2.33,-34.6,-0.462,19.44,20.56,01a60679o0129o
60679.259255,-21.881,1.816,-6,12,o,0,1.07,2.87006,35.973,6194.32,481.85,2.48,2.39,-36.2,-0.458,19.4,20.53,01a60679o0136o
60679.271344,-21.509,1.153,-9,10,o,0,1.28,2.87006,35.973,6138.5,403.74,2.4,2.36,-31.0,-0.457,19.4,20.5,01a60679o0162o
60679.28342,20.961,0.868,15,13,o,0,0.95,2.87006,35.973,6117.06,521.64,2.38,2.31,-34.7,-0.469,19.43,20.49,01a60679o0188o
60680.269132,21.104,0.791,13,10,o,0,1.74,2.87006,35.973,6234.88,2394.37,2.66,2.58,35.6,-0.409,19.32,20.49,01a60680o0097o
60680.27282,20.913,0.795,16,12,o,0,1.29,2.87006,35.973,6256.12,2433.13,2.55,2.47,34.8,-0.416,19.37,20.49,01a60680o0105o
60680.290937,20.25,0.457,29,13,o,0,1.06,2.87006,35.973,6194.93,2355.95,2.51,2.43,37.7,-0.42,19.27,20.29,01a60680o0144o
60680.30487,-19.541,0.224,-55,12,o,0,1.24,2.87006,35.973,6172.68,2473.37,2.61,2.48,35.1,-0.411,19.22,20.21,01a60680o0174o
60681.262919,-21.827,2.516,-7,17,o,0,1.11,2.87006,35.973,4291.22,8151.51,2.13,1.91,28.3,-0.432,19.23,19.96,02a60681o0144o
60681.266096,-21.713,2.265,-8,17,o,0,0.79,2.87006,35.973,4274.05,8111.79,2.12,1.93,25.4,-0.434,19.2,19.96,02a60681o0151o
60681.271612,-21.004,1.135,-14,16,o,0,1.69,2.87006,35.973,4332.84,8189.11,2.18,1.95,28.6,-0.431,19.18,19.93,02a60681o0163o
60681.282547,-19.744,0.338,-46,16,o,0,1.22,2.87006,35.973,4352.58,8069.86,2.15,1.89,29.9,-0.433,19.16,19.88,02a60681o0187o
60682.263545,-20.421,0.807,-25,20,o,0,0.77,2.87006,35.973,6193.59,8061.93,2.24,1.96,31.7,-0.444,19.11,19.68,02a60682o0144o
60682.266736,-19.433,0.272,-61,17,o,0,1.22,2.87006,35.973,6176.09,8021.58,2.21,1.97,33.0,-0.442,19.08,19.68,02a60682o0151o
60682.272277,20.617,0.928,21,19,o,0,1.36,2.87006,35.973,6234.91,8099.6,2.28,2.03,30.2,-0.428,19.05,19.66,02a60682o0163o
60682.28288,-24.177,27.0,-1,21,o,0,1.49,2.87006,35.973,6254.47,7982.6,2.26,2.11,28.1,-0.434,19.0,19.6,02a60682o0186o
60684.286007,20.739,1.305,18,24,o,0,1.19,2.87006,35.973,7894.74,8573.9,2.71,2.64,87.8,-0.431,18.74,19.25,01a60684o0182o
60684.294429,-23.698,19.75,-1,24,o,0,1.23,2.87006,35.973,7910.47,8614.14,2.68,2.55,-63.7,-0.446,18.76,19.19,01a60684o0200o
60684.297198,21.635,3.096,8,25,o,0,0.98,2.87006,35.973,7849.28,8538.76,2.7,2.58,-67.1,-0.445,18.72,19.16,01a60684o0206o
60684.3073,-22.253,5.161,-5,24,o,0,1.39,2.87006,35.973,7825.24,8657.27,2.64,2.5,-57.7,-0.443,18.72,19.09,01a60684o0227o
60685.246179,-18.953,0.508,-95,48,o,0,1.07,2.87006,35.973,7900.84,8575.31,2.54,2.42,50.7,-0.457,18.0,18.14,01a60685o0094o
60685.249939,17.066,0.641,542,347,o,0,1.54,2.87006,35.973,7921.82,8613.79,2.64,2.54,68.1,-0.455,15.77,15.23,01a60685o0102o
60685.267206,20.37,2.023,26,52,o,0,0.93,2.87006,35.973,7860.73,8538.04,2.64,2.52,65.5,-0.438,17.96,18.4,01a60685o0139o
60685.274973,20.83,1.368,17,23,o,0,1.07,2.87006,35.973,2657.24,1959.11,2.1,2.04,21.0,-0.451,18.68,19.1,02a60685o0116o
60685.278171,-20.133,0.716,-32,23,o,0,1.41,2.87006,35.973,2636.68,1919.4,2.05,1.98,21.1,-0.456,18.65,18.96,02a60685o0123o
60685.28346,-21.529,2.22,-9,20,o,0,1.7,2.87006,35.973,7837.1,8656.56,2.67,2.59,74.7,-0.436,18.71,19.06,01a60685o0174o
60685.289254,20.711,2.008,19,38,o,0,1.11,2.87006,35.973,2695.99,1993.73,2.08,2.04,8.6,-0.448,18.08,18.17,02a60685o0147o
60686.247616,19.07,2.378,86,203,o,0,0.72,2.87006,35.973,2311.19,6331.44,2.89,2.79,21.3,-0.435,16.93,18.35,02a60686o0106o
60688.28286,-18.083,0.801,-212,170,o,0,1.35,2.87006,35.973,2416.7,666.61,2.98,2.82,48.0,-0.396,15.83,16.06,01a60688o0179o
60690.245041,-19.536,0.375,-56,21,o,0,0.95,2.87006,35.973,8087.06,6056.72,2.27,2.19,32.1,-0.43,18.93,19.54,02a60690o0096o
60690.24871,20.709,0.966,19,18,o,0,1.29,2.87006,35.973,8066.08,6017.13,2.23,2.18,38.5,-0.435,18.92,19.5,02a60690o0104o
60690.254179,-20.156,0.582,-32,18,o,0,1.44,2.87006,35.973,8125.19,6095.25,2.31,2.22,30.5,-0.419,18.88,19.46,02a60690o0116o
60690.265647,21.97,4.091,6,24,o,0,1.0,2.87006,35.973,8144.25,5977.97,2.29,2.22,21.1,-0.419,18.83,19.37,02a60690o0141o
60691.313226,-20.512,1.212,-23,27,o,0,0.89,2.87006,35.973,2427.92,4515.62,2.62,2.44,40.9,-0.436,18.69,19.15,01a60691o0014o
60691.316471,22.714,8.45,3,25,o,0,1.2,2.87006,35.973,2448.5,4554.49,2.62,2.49,45.1,-0.439,18.69,19.11,01a60691o0021o
60691.323843,20.01,0.816,36,29,o,0,0.82,2.87006,35.973,2387.21,4475.63,2.73,2.47,43.1,-0.428,18.59,19.0,01a60691o0037o
60691.337739,-21.051,2.33,-14,32,o,0,0.95,2.87006,35.973,2366.64,4591.31,2.65,2.5,43.8,-0.431,18.47,18.84,01a60691o0067o
60692.258302,20.406,0.621,25,16,o,0,1.0,2.87006,35.973,1937.3,6933.6,2.4,2.23,49.6,-0.451,19.26,20.3,01a60692o0123o
60692.271881,-15.268,2.333,-2837,6621,o,0,0.82,2.87006,35.973,1957.69,6971.42,2.48,2.3,45.0,-0.427,14.76,15.92,01a60692o0152o
60692.304409,-19.824,1.496,-43,64,o,0,1.23,2.87006,35.973,1867.74,7005.15,2.38,2.25,46.9,-0.453,17.96,18.62,01a60692o0221o
60693.318203,20.988,1.342,15,20,o,0,1.22,2.87006,35.973,8604.22,3638.22,2.88,2.52,-56.3,-0.393,18.88,19.93,02a60693o0242o
60693.324912,-20.01,0.51,-36,18,o,0,1.22,2.87006,35.973,8581.14,3604.53,2.7,2.51,-57.2,-0.37,18.83,19.71,02a60693o0255o
60693.338379,19.383,0.417,64,27,o,0,1.18,2.87006,35.973,8639.51,3683.03,2.67,2.44,-51.5,-0.378,18.51,19.25,02a60693o0282o
60693.342258,19.755,0.708,46,32,o,0,1.01,2.87006,35.973,8659.9,3564.77,2.97,2.51,-58.2,-0.37,18.44,19.15,02a60693o0290o
60694.246038,21.572,1.712,8,15,c,0,0.93,2.87006,35.973,530.76,10385.26,2.71,2.22,-53.6,-0.438,19.31,20.83,02a60694o0094c
60694.251123,21.891,2.139,6,14,c,0,1.18,2.87006,35.973,511.95,10346.56,2.86,2.33,-54.5,-0.43,19.27,20.83,02a60694o0105c
60694.25248,21.205,1.24,12,15,c,0,0.84,2.87006,35.973,10179.66,10423.27,3.32,2.83,-50.9,-0.373,19.32,20.91,02a60694o0108c
60694.254311,22.338,3.583,4,15,c,0,1.11,2.87006,35.973,568.73,10422.05,2.83,2.27,-55.3,-0.443,19.29,20.85,02a60694o0112c
60694.255685,21.518,1.684,9,15,c,0,0.91,2.87006,35.973,10160.92,10381.94,3.31,2.81,-51.8,-0.376,19.34,20.93,02a60694o0115c
60694.261169,20.882,1.115,16,18,c,0,1.2,2.87006,35.973,10219.48,10462.82,3.49,2.95,-51.9,-0.363,19.27,20.94,02a60694o0127c
60694.265753,23.105,7.909,2,16,c,0,0.79,2.87006,35.973,589.45,10300.9,2.95,2.41,-54.8,-0.441,19.22,20.85,02a60694o0137c
60694.28146,24.618,28.0,0,14,c,0,1.38,2.87006,35.973,10236.86,10343.47,3.45,2.89,-50.3,-0.362,19.26,20.88,02a60694o0171c
60695.241353,21.98,1.921,6,11,c,0,1.3,2.87006,35.973,549.07,131.63,2.75,2.18,-62.0,-0.418,19.36,20.79,02a60695o0081c
60695.244628,21.61,1.574,8,13,c,0,1.04,2.87006,35.973,527.77,93.6,2.71,2.17,-63.4,-0.417,19.37,20.78,02a60695o0088c
60695.245243,20.812,0.932,17,16,o,0,0.79,2.87006,35.973,9967.0,138.49,2.41,2.3,-15.9,-0.52,19.1,20.22,01a60695o0091o
60695.250487,-19.178,0.187,-77,14,o,0,1.16,2.87006,35.973,9985.26,178.12,2.43,2.3,-42.8,-0.491,19.15,20.22,01a60695o0102o
60695.251411,-19.478,0.217,-59,13,o,0,1.13,2.87006,35.973,10020.16,10386.23,2.7,2.33,-57.1,-0.445,19.27,20.22,01a60695o0104o
60695.252325,-19.378,0.233,-64,15,o,0,0.79,2.87006,35.973,316.36,167.7,2.33,2.33,-39.0,-0.476,19.31,20.3,01a60695o0106o
60695.253715,-19.297,0.204,-69,14,o,0,1.19,2.87006,35.973,9927.8,102.93,2.49,2.14,-54.9,-0.476,19.27,20.21,01a60695o0109o
60695.254708,-19.569,0.298,-54,16,o,0,1.08,2.87006,35.973,10038.54,10426.57,3.33,2.34,-52.5,-0.446,19.24,20.21,01a60695o0111o
60695.255622,-20.357,0.447,-26,12,o,0,1.56,2.87006,35.973,337.61,207.38,2.4,2.38,-15.0,-0.458,19.29,20.3,01a60695o0113o
60695.260733,23.088,7.235,2,15,o,0,0.82,2.87006,35.973,279.62,124.76,2.38,2.37,-40.8,-0.46,19.3,20.27,01a60695o0124o
60695.26119,20.552,0.685,22,15,o,0,0.97,2.87006,35.973,9974.87,10350.1,2.87,2.32,-57.9,-0.452,19.26,20.2,01a60695o0125o
60695.26183,21.901,1.857,6,12,c,0,1.09,2.87006,35.973,588.27,167.05,2.63,2.1,-62.0,-0.438,19.29,20.76,02a60695o0125c
60695.265371,-21.053,0.98,-14,14,o,0,1.13,2.87006,35.973,9904.32,225.34,2.56,2.22,-53.8,-0.469,19.2,20.16,01a60695o0134o
60695.27273,-21.148,1.072,-13,14,o,0,1.56,2.87006,35.973,260.51,241.15,2.44,2.39,-24.6,-0.467,19.25,20.25,01a60695o0150o
60695.274105,-22.354,3.214,-4,13,o,0,1.41,2.87006,35.973,9947.7,10473.04,2.83,2.36,-58.1,-0.456,19.2,20.17,01a60695o0153o
60695.27797,-21.467,2.591,-9,24,c,0,0.91,2.87006,35.973,607.77,47.5,2.52,2.05,-65.0,-0.44,19.32,20.74,02a60695o0160c
60697.209663,-19.81,0.728,-43,32,o,0,0.88,2.87006,35.973,9894.94,8425.43,2.61,2.56,52.4,-0.481,18.42,18.63,01a60697o0013o
60697.212914,-20.043,0.599,-35,21,o,0,0.91,2.87006,35.973,9916.62,8464.33,2.62,2.45,-67.1,-0.484,18.86,19.42,01a60697o0020o
60697.213838,-19.434,0.333,-61,20,o,0,0.99,2.87006,35.973,9916.87,8463.92,2.59,2.44,-59.4,-0.485,18.94,19.59,01a60697o0022o
60697.214294,-19.517,0.386,-57,22,o,0,0.82,2.87006,35.973,9916.9,8463.94,2.57,2.42,-55.0,-0.49,18.99,19.67,01a60697o0023o
60697.225801,26.015,104.0,0,15,o,0,0.85,2.87006,35.973,9857.57,8388.29,2.64,2.39,-62.8,-0.478,19.35,20.4,01a60697o0048o
60697.23273,21.395,1.452,10,15,o,0,0.79,2.87006,35.973,9836.7,8506.75,2.63,2.32,-59.7,-0.476,19.39,20.42,01a60697o0063o
60697.243506,-20.899,0.822,-16,13,c,0,0.93,2.87006,35.973,667.81,2094.59,2.64,2.26,-61.7,-0.423,19.28,20.76,02a60697o0082c
60697.253133,20.563,0.588,22,13,c,0,0.98,2.87006,35.973,648.05,2053.91,2.72,2.28,-63.2,-0.429,19.28,20.77,02a60697o0103c
60697.256339,22.442,3.64,4,14,c,0,0.89,2.87006,35.973,707.7,2129.94,2.6,2.21,-62.4,-0.427,19.34,20.79,02a60697o0110c
60697.270048,21.082,0.81,13,11,c,0,1.35,2.87006,35.973,729.72,2009.39,2.65,2.22,-60.2,-0.426,19.28,20.78,02a60697o0140c
60699.265476,20.824,0.933,17,16,o,0,0.84,2.87006,35.973,10050.21,2106.75,2.65,2.49,-55.0,-0.409,19.19,20.34,01a60699o0123o
60699.268327,20.058,0.404,34,14,o,0,1.16,2.87006,35.973,10068.37,2146.23,2.76,2.63,-48.3,-0.382,19.12,20.33,01a60699o0129o
60699.270238,19.933,0.407,39,16,o,0,0.69,2.87006,35.973,273.12,2128.16,2.59,2.55,63.9,-0.38,19.27,20.42,01a60699o0133o
60699.273565,20.552,0.565,22,12,o,0,1.27,2.87006,35.973,294.65,2168.67,2.75,2.6,49.8,-0.372,19.23,20.4,01a60699o0140o
60699.274947,-20.634,0.752,-20,15,o,0,0.78,2.87006,35.973,10010.05,2072.89,2.66,2.51,-57.0,-0.398,19.18,20.28,01a60699o0143o
60699.279988,21.813,2.257,7,15,o,0,1.19,2.87006,35.973,233.87,2087.43,3.12,3.04,70.6,-0.358,19.06,20.34,01a60699o0154o
60699.289359,20.815,0.929,17,16,o,0,1.41,2.87006,35.973,9986.7,2194.9,3.15,3.05,-19.4,-0.367,18.89,20.15,01a60699o0174o
60699.293109,-20.989,1.179,-15,17,o,0,1.16,2.87006,35.973,214.72,2200.85,3.1,2.94,41.1,-0.339,19.05,20.24,01a60699o0182o
60704.244511,20.918,0.833,16,13,o,0,2.06,2.87006,35.973,3890.62,6853.95,2.67,2.38,46.8,-0.394,19.1,20.13,01a60704o0100o
60704.248201,19.965,0.436,38,16,o,0,0.97,2.87006,35.973,3911.03,6893.13,2.74,2.4,49.1,-0.385,19.15,20.17,01a60704o0108o
60704.254733,21.017,1.151,14,16,o,0,1.54,2.87006,35.973,3850.89,6816.05,2.59,2.42,42.1,-0.4,19.08,20.08,01a60704o0122o
60704.271452,20.476,1.0,23,23,o,0,0.68,2.87006,35.973,3826.05,6931.41,2.84,2.55,44.7,-0.383,18.84,19.9,01a60704o0158o
60714.234815,-20.013,0.974,-36,35,o,0,1.46,2.87006,35.973,8104.52,8002.71,2.36,2.28,25.2,-0.431,18.57,18.99,02a60714o0046o
60714.238066,20.27,1.371,28,39,o,0,1.0,2.87006,35.973,8085.87,7961.29,2.33,2.22,30.7,-0.43,18.55,18.98,02a60714o0053o
60714.24538,-20.062,1.057,-34,36,o,0,1.94,2.87006,35.973,8142.84,8037.82,2.27,2.2,-44.7,-0.438,18.57,18.95,02a60714o0069o
60714.256793,19.74,0.968,46,45,o,0,0.84,2.87006,35.973,8163.85,7919.09,2.36,2.28,-41.9,-0.431,18.43,18.86,02a60714o0094o
60715.220986,-20.696,1.566,-19,30,o,0,0.92,2.87006,35.973,2415.02,2573.47,2.8,2.46,44.0,-0.416,18.45,18.74,01a60715o0034o
60715.22421,19.817,0.614,43,26,o,0,1.26,2.87006,35.973,2435.11,2612.21,2.94,2.55,46.3,-0.393,18.49,18.89,01a60715o0041o
60715.231594,-21.495,3.288,-9,30,o,0,1.22,2.87006,35.973,2376.14,2532.54,2.64,2.45,37.9,-0.436,18.52,18.88,01a60715o0057o
60715.242695,19.388,11.829,64,755,o,0,1.01,2.87006,35.973,2353.86,2648.83,2.72,2.52,45.1,-0.452,15.81,15.59,01a60715o0081o
60717.217198,18.839,0.372,106,39,o,0,1.27,2.87006,35.973,1922.14,8877.13,2.77,2.42,61.5,-0.417,18.11,18.04,01a60717o0029o
60717.220414,0.0,19.849,0,42,o,0,0.83,2.87006,35.973,1943.03,8915.71,2.63,2.39,66.8,-0.419,18.41,18.56,01a60717o0036o
60717.227796,-21.314,2.88,-11,31,o,0,0.96,2.87006,35.973,1881.14,8836.52,2.62,2.45,67.4,-0.425,18.58,18.91,01a60717o0052o
60717.240771,-21.655,3.944,-8,31,o,0,1.24,2.87006,35.973,1859.32,8951.93,2.69,2.42,69.5,-0.414,18.51,18.84,01a60717o0080o
60718.219539,19.573,2.505,54,135,o,0,0.95,2.87006,35.973,2398.22,8276.47,2.18,2.01,23.3,-0.446,17.78,17.89,02a60718o0029o
60718.222713,19.601,1.48,52,78,o,0,1.34,2.87006,35.973,2376.8,8237.69,2.13,2.03,21.3,-0.43,18.11,18.25,02a60718o0036o
60718.230461,-20.081,1.762,-34,59,o,0,1.26,2.87006,35.973,2435.31,8313.13,2.05,1.94,18.7,-0.436,18.24,18.46,02a60718o0053o
60718.240506,-21.099,6.098,-13,80,o,0,1.06,2.87006,35.973,2453.39,8194.71,2.23,2.05,25.2,-0.426,18.15,18.39,02a60718o0075o
60719.229985,20.947,1.829,15,28,o,0,1.22,2.87006,35.973,8117.02,2269.64,2.46,2.37,40.9,-0.465,18.5,18.72,01a60719o0055o
60719.235174,-20.984,2.055,-15,30,o,0,1.03,2.87006,35.973,8135.33,2309.53,2.4,2.32,-74.9,-0.485,18.5,18.66,01a60719o0066o
60719.238908,19.741,0.595,46,27,o,0,1.84,2.87006,35.973,8077.08,2233.64,2.57,2.51,63.5,-0.442,18.35,18.61,01a60719o0074o
60719.249098,19.298,0.419,69,29,o,0,1.65,2.87006,35.973,8054.48,2355.74,2.52,2.35,-62.8,-0.48,18.34,18.46,01a60719o0096o
60721.219727,19.958,0.908,38,34,o,0,1.42,2.87006,35.973,2752.86,3906.84,2.39,1.99,34.0,-0.44,18.04,18.24,02a60721o0027o
60721.222985,19.766,0.55,45,25,o,0,1.23,2.87006,35.973,2732.36,3868.64,2.21,1.98,34.8,-0.447,18.61,18.97,02a60721o0034o
60721.228448,21.395,1.712,10,17,o,0,1.44,2.87006,35.973,2790.19,3945.48,2.17,2.01,37.1,-0.444,18.88,19.53,02a60721o0046o
60721.238909,-19.729,0.337,-47,16,o,0,1.56,2.87006,35.973,2810.24,3830.2,2.14,2.02,36.7,-0.446,18.92,19.61,02a60721o0069o
60722.218899,19.871,1.474,41,60,o,0,0.82,2.87006,35.973,4715.33,3797.98,2.56,1.99,34.8,-0.436,17.81,17.88,02a60722o0024o
60722.222981,22.014,4.455,6,25,o,0,1.15,2.87006,35.973,4694.58,3757.82,2.32,1.95,34.6,-0.435,18.51,18.9,02a60722o0033o
60722.228433,-19.783,0.429,-44,19,o,0,1.0,2.87006,35.973,4752.04,3836.34,2.3,1.95,35.9,-0.435,18.92,19.58,02a60722o0045o
60722.239405,20.188,0.482,30,15,o,0,1.73,2.87006,35.973,4772.12,3718.9,2.17,1.96,30.2,-0.439,19.03,19.76,02a60722o0069o
60726.220131,18.718,0.456,118,54,o,0,0.98,2.87006,35.973,6175.93,6125.97,2.45,2.29,38.0,-0.424,17.74,17.85,02a60726o0023o
60726.22332,19.948,0.899,38,34,o,0,1.38,2.87006,35.973,6156.25,6082.86,2.41,2.24,37.3,-0.417,18.22,18.62,02a60726o0030o
60726.229685,21.932,3.395,6,21,o,0,1.29,2.87006,35.973,6213.56,6161.15,2.41,2.34,39.7,-0.416,18.68,19.41,02a60726o0044o
60726.239792,20.91,1.184,16,19,o,0,1.4,2.87006,35.973,6229.78,6047.11,2.82,2.25,35.4,-0.391,18.79,19.59,02a60726o0066o
60818.576025,21.965,2.936,6,18,o,0,0.8,2.87006,35.973,8194.71,2281.53,2.15,2.0,-59.5,-0.432,19.08,19.96,02a60818o0711o
60818.590665,20.235,0.525,29,15,o,0,0.99,2.87006,35.973,8212.71,2316.27,2.09,1.91,-51.5,-0.44,19.18,20.05,02a60818o0739o
60818.603409,22.208,2.927,5,14,o,0,1.33,2.87006,35.973,8150.07,2237.57,2.09,1.87,-54.3,-0.446,19.08,19.82,02a60818o0766o
60818.612123,21.986,3.519,6,20,o,0,1.27,2.87006,35.973,8129.25,2355.46,2.05,1.87,-53.7,-0.439,18.89,19.38,02a60818o0783o
60819.583933,-21.617,1.933,-8,16,o,0,0.97,2.87006,35.973,2411.62,8261.8,2.49,2.43,54.6,-0.433,19.25,20.25,01a60819o0732o
60819.586734,-20.425,0.642,-24,16,o,0,0.96,2.87006,35.973,2391.71,8224.66,2.5,2.42,53.2,-0.436,19.27,20.24,01a60819o0738o
60819.592357,20.728,0.806,19,15,o,0,0.97,2.87006,35.973,2451.98,8302.06,2.52,2.45,61.9,-0.436,19.27,20.27,01a60819o0750o
60819.606978,20.369,0.605,26,16,o,0,0.93,2.87006,35.973,2475.08,8187.55,2.49,2.4,64.0,-0.434,19.23,20.15,01a60819o0779o
60823.534623,20.114,0.536,33,18,o,0,0.99,2.87006,35.973,4738.77,3806.37,2.32,2.19,20.5,-0.422,18.97,19.76,01a60823o0622o
60823.53745,21.16,1.759,12,22,o,0,0.86,2.87006,35.973,4715.62,3758.49,2.36,2.25,19.6,-0.416,18.84,19.68,01a60823o0628o
60823.542594,23.229,12.667,2,24,o,0,0.9,2.87006,35.973,4773.71,3834.66,2.46,2.27,24.9,-0.408,18.63,19.49,01a60823o0639o
60823.555126,-21.389,1.873,-10,19,o,0,1.02,2.87006,35.973,4797.34,3717.52,2.41,2.27,25.5,-0.411,18.94,19.85,01a60823o0664o
60825.575195,21.114,1.041,13,14,c,0,1.42,2.87006,35.973,3957.25,8796.55,2.63,2.42,27.8,-0.395,19.28,20.87,02a60825o0709c
60825.578497,21.627,1.705,8,14,c,0,1.37,2.87006,35.973,3977.49,8834.88,2.7,2.49,26.5,-0.385,19.24,20.86,02a60825o0716c
60825.593344,21.435,1.26,10,12,o,0,1.05,2.87006,35.973,6692.75,1771.88,2.46,2.33,38.4,-0.433,19.35,20.47,01a60825o0770o
60825.597586,20.806,0.714,17,12,o,0,1.15,2.87006,35.973,6671.81,1731.97,2.51,2.35,39.5,-0.432,19.33,20.48,01a60825o0779o
60825.597667,-20.786,0.685,-18,12,c,0,1.6,2.87006,35.973,3910.54,8753.21,2.55,2.38,30.8,-0.393,19.36,21.0,02a60825o0757c
60825.603913,21.942,3.929,6,24,o,0,1.27,2.87006,35.973,6731.37,1812.55,2.58,2.42,47.3,-0.42,18.6,19.6,01a60825o0792o
60825.612684,-20.737,1.267,-18,23,c,0,1.35,2.87006,35.973,3886.64,8867.78,2.56,2.35,28.0,-0.387,18.8,19.91,02a60825o0789c
60825.618856,-20.216,2.659,-30,79,o,0,1.34,2.87006,35.973,6752.76,1693.6,2.63,2.49,48.0,-0.432,17.09,16.96,01a60825o0824o
60828.589758,-20.123,0.385,-32,12,o,0,1.38,2.87006,35.973,4361.17,10097.1,2.66,2.4,68.6,-0.383,19.19,20.41,01a60828o0699o
60828.606029,-17.433,1.125,-386,434,o,0,0.95,2.87006,35.973,4347.61,10059.38,2.56,2.32,69.3,-0.403,17.03,17.9,01a60828o0732o
60828.60883,-18.86,17.8,-104,1847,o,0,1.37,2.87006,35.973,4404.43,10137.2,2.52,2.32,70.9,-0.415,14.95,15.68,01a60828o0738o
60828.612084,19.347,1.651,66,110,o,0,0.95,2.87006,35.973,4425.33,10018.98,2.59,2.38,70.6,-0.39,17.16,17.63,01a60828o0745o
60829.582695,-22.106,2.308,-5,12,c,0,1.72,2.87006,35.973,6234.65,452.93,2.84,2.58,-63.2,-0.398,19.21,20.86,02a60829o0725c
60829.585939,-20.357,0.535,-26,14,c,0,1.35,2.87006,35.973,6252.56,491.36,2.83,2.63,-59.0,-0.392,19.21,20.87,02a60829o0732c
60829.607553,-22.306,4.308,-4,19,c,0,0.68,2.87006,35.973,6190.64,411.71,2.62,2.36,-61.2,-0.399,19.13,20.55,02a60829o0777c
60829.610771,21.113,1.253,13,16,c,0,1.56,2.87006,35.973,6172.04,529.32,2.56,2.29,-64.0,-0.41,18.98,20.17,02a60829o0784c
60831.527934,-19.843,0.358,-42,15,o,0,1.29,2.87006,35.973,4309.58,8153.3,2.41,2.37,-52.0,-0.431,19.01,19.74,01a60831o0601o
60831.530784,-19.482,0.266,-58,16,o,0,1.32,2.87006,35.973,4289.3,8107.23,2.41,2.37,62.1,-0.416,19.0,19.74,01a60831o0607o
60831.535979,22.728,11.467,3,34,o,0,0.78,2.87006,35.973,4348.81,8184.58,2.45,2.4,-61.5,-0.417,18.32,19.21,01a60831o0618o
60831.554374,21.873,2.767,6,18,o,0,0.95,2.87006,35.973,4373.22,8067.72,2.61,2.49,48.7,-0.394,18.89,19.69,01a60831o0656o
60834.582213,21.246,1.45,12,17,o,0,0.81,2.87006,35.973,7914.75,8588.02,2.18,2.14,-80.5,-0.448,19.3,20.52,02a60834o0721o
60834.600012,-20.705,0.731,-19,14,o,0,1.42,2.87006,35.973,7930.53,8624.15,2.3,2.15,41.5,-0.438,19.41,20.69,02a60834o0759o
60834.606575,-22.193,3.194,-5,15,o,0,1.22,2.87006,35.973,7872.35,8547.1,2.22,2.08,42.1,-0.444,19.38,20.55,02a60834o0773o
60835.579398,-20.932,1.304,-15,20,o,0,0.91,2.87006,35.973,7913.78,8587.89,2.2,2.15,42.7,-0.439,18.95,19.56,02a60835o0733o
60835.598995,-22.023,2.643,-6,15,o,0,0.94,2.87006,35.973,7928.71,8624.48,2.23,2.13,37.6,-0.444,19.29,20.29,02a60835o0775o
60835.603332,-20.428,0.639,-24,16,o,0,0.92,2.87006,35.973,7867.0,8547.36,2.25,2.17,45.1,-0.436,19.29,20.39,02a60835o0784o
60835.614504,-22.353,6.258,-4,26,o,0,1.33,2.87006,35.973,7849.89,8667.27,2.27,2.13,35.3,-0.439,18.82,19.25,02a60835o0808o
60835.617336,-20.599,2.681,-21,56,o,0,1.17,2.87006,35.973,7885.45,8606.7,2.19,2.07,40.4,-0.464,18.44,18.56,02a60835o0814o
60836.582918,19.121,0.871,82,71,o,0,1.24,2.87006,35.973,2356.79,6326.12,2.61,2.31,48.3,-0.409,17.59,17.67,01a60836o0716o
60836.585707,21.282,5.477,11,61,o,0,1.18,2.87006,35.973,2339.59,6288.5,2.58,2.3,50.4,-0.422,17.61,17.66,01a60836o0722o
60836.590864,19.862,1.351,41,56,o,0,1.15,2.87006,35.973,2396.39,6365.02,2.61,2.29,51.2,-0.422,17.81,17.99,01a60836o0733o
60836.600812,-23.801,22.286,-1,24,o,0,1.02,2.87006,35.973,2418.82,6249.88,2.66,2.32,54.7,-0.412,18.64,19.2,01a60836o0754o
60836.612729,-19.103,0.368,-83,30,o,0,1.41,2.87006,35.973,2378.22,6309.91,2.59,2.27,51.0,-0.419,18.31,18.75,01a60836o0778o
60837.501433,-19.67,0.727,-49,36,o,0,1.08,2.87006,35.973,8266.14,4215.39,2.13,2.06,-86.4,-0.408,18.27,18.34,02a60837o0558o
60837.504729,21.44,3.473,10,34,o,0,1.22,2.87006,35.973,8287.94,4261.31,2.12,2.03,-84.7,-0.416,18.31,18.42,02a60837o0565o
60837.522916,19.989,0.76,37,28,o,0,1.21,2.87006,35.973,8230.83,4182.93,2.04,2.0,26.2,-0.415,18.44,18.6,02a60837o0604o
60837.528474,19.943,0.601,38,23,o,0,1.28,2.87006,35.973,8204.05,4294.92,1.95,1.9,80.2,-0.43,18.57,18.66,02a60837o0615o
60839.571028,19.141,0.378,80,30,o,0,1.08,2.87006,35.973,8137.9,9955.22,2.51,2.39,79.1,-0.433,18.35,18.82,01a60839o0689o
60839.573878,21.568,2.349,9,20,o,0,1.22,2.87006,35.973,8117.17,9913.1,2.53,2.35,-63.6,-0.442,18.87,19.4,01a60839o0695o
60839.579016,20.628,0.924,20,19,o,0,1.06,2.87006,35.973,8175.81,9993.73,2.47,2.33,-79.9,-0.44,18.89,19.47,01a60839o0706o
60839.596732,-22.265,5.094,-4,23,o,0,1.29,2.87006,35.973,8200.3,9875.17,2.5,2.36,-78.2,-0.444,18.75,19.2,01a60839o0744o
60840.551027,24.127,23.333,1,19,o,0,1.17,2.87006,35.973,8127.27,6062.7,2.53,2.47,59.9,-0.415,18.89,19.52,01a60840o0655o
60840.554325,22.284,4.343,4,19,o,0,0.83,2.87006,35.973,8106.38,6022.76,2.45,2.39,63.0,-0.42,18.88,19.49,01a60840o0662o
60840.573412,-20.743,0.873,-18,16,o,0,1.55,2.87006,35.973,8168.14,6098.35,2.43,2.34,48.2,-0.422,18.99,19.56,01a60840o0697o
60840.581425,21.844,2.906,7,19,o,0,0.86,2.87006,35.973,8188.25,5982.74,2.52,2.35,47.5,-0.41,18.96,19.62,01a60840o0714o
60841.50311,21.226,8.438,12,99,o,0,1.13,2.87006,35.973,2490.53,4510.58,2.25,2.03,17.8,-0.465,17.67,17.93,02a60841o0552o
60841.528208,19.42,0.573,62,36,o,0,1.27,2.87006,35.973,2509.31,4549.21,2.29,2.07,29.3,-0.452,18.31,18.69,02a60841o0605o
60841.531015,-19.283,0.714,-70,50,o,0,1.24,2.87006,35.973,2450.94,4472.68,2.31,2.06,29.9,-0.446,18.02,18.37,02a60841o0611o
60841.546774,22.534,13.312,4,47,o,0,1.3,2.87006,35.973,2429.1,4586.47,2.27,1.91,29.5,-0.466,17.74,18.17,02a60841o0643o
60844.561819,21.286,3.222,11,36,o,0,1.89,2.87006,35.973,570.69,10368.87,2.53,2.24,-81.3,-0.533,18.24,18.88,01a60844o0669o
60844.564636,-22.482,4.852,-4,18,o,0,1.19,2.87006,35.973,552.63,10330.96,2.55,2.24,-79.7,-0.516,19.17,20.02,01a60844o0675o
60844.565093,22.29,3.606,4,16,o,0,1.1,2.87006,35.973,10210.33,10427.42,2.55,2.25,-54.9,-0.472,19.1,19.88,01a60844o0676o
60844.570682,22.441,4.138,4,16,o,0,0.91,2.87006,35.973,610.34,10408.3,2.54,2.25,-80.1,-0.507,19.21,20.13,01a60844o0686o
60844.572091,21.799,2.327,7,16,o,0,1.1,2.87006,35.973,10192.78,10385.69,2.73,2.34,-57.0,-0.46,19.13,20.02,01a60844o0689o
60844.574893,20.38,0.655,26,17,o,0,1.26,2.87006,35.973,10251.99,10467.29,2.68,2.29,-56.3,-0.46,19.02,19.81,01a60844o0695o
60844.591651,-22.087,3.275,-5,17,o,0,1.19,2.87006,35.973,637.57,10295.17,2.46,2.19,-81.4,-0.516,19.0,19.74,01a60844o0729o
60844.592604,21.438,1.905,10,18,o,0,1.36,2.87006,35.973,10276.35,10347.3,2.68,2.24,-56.1,-0.468,18.87,19.53,01a60844o0731o
60845.538023,21.485,1.606,9,15,o,0,1.42,2.87006,35.973,743.23,4104.41,2.66,2.37,46.4,-0.362,19.19,20.14,01a60845o0485o
60845.543387,-25.252,56.5,0,16,o,0,1.12,2.87006,35.973,643.27,3914.8,2.76,2.54,54.4,-0.359,19.14,20.16,01a60845o0495o
60845.548964,-19.944,0.483,-38,18,o,0,1.02,2.87006,35.973,9680.83,6240.51,2.36,2.16,-51.4,-0.443,19.11,19.97,02a60845o0517o
60845.55404,-22.305,3.235,-4,14,o,0,0.94,2.87006,35.973,1038.47,3712.74,2.63,2.34,47.1,-0.377,19.23,20.16,01a60845o0515o
60846.481245,-20.562,0.541,-22,12,o,0,1.51,2.87006,35.973,740.56,4097.31,2.75,2.49,43.5,-0.35,19.23,20.35,01a60846o0403o
60846.486284,25.919,103.0,0,16,o,0,0.97,2.87006,35.973,677.96,3923.38,2.77,2.57,41.0,-0.362,19.18,20.26,01a60846o0412o
60846.490933,-20.31,0.69,-27,19,o,0,0.97,2.87006,35.973,9689.1,6243.21,2.63,2.42,-44.0,-0.435,19.06,20.18,02a60846o0420o
60846.498481,-21.832,2.69,-7,18,o,0,1.18,2.87006,35.973,1040.64,3704.89,2.89,2.61,41.9,-0.354,18.95,19.85,01a60846o0434o
60846.501175,18.874,0.197,102,20,o,0,2.12,2.87006,35.973,59.75,6607.44,2.44,2.3,-42.3,-0.353,18.96,19.99,02a60846o0438o
60848.472681,-21.062,1.319,-14,18,o,0,1.36,2.87006,35.973,9869.69,6455.85,2.66,2.27,-57.1,-0.452,19.11,20.33,02a60848o0381o
60848.477279,-21.384,1.619,-10,16,o,0,1.22,2.87006,35.973,9953.58,6607.08,2.36,2.21,-38.2,-0.456,19.2,20.39,02a60848o0389o
60848.487177,21.487,1.948,9,18,o,0,0.71,2.87006,35.973,9676.88,6184.0,2.44,2.14,-62.6,-0.451,19.26,20.47,02a60848o0408o
60848.48949,-20.933,1.064,-15,16,o,0,0.97,2.87006,35.973,9651.83,6648.5,2.51,2.16,-58.4,-0.445,19.3,20.49,02a60848o0412o
60849.389258,-19.246,0.444,-73,32,o,0,1.39,2.87006,35.973,717.49,4134.14,4.08,3.63,67.6,-0.278,18.15,19.71,04a60849o0817o
60849.397008,-19.698,0.678,-48,32,o,0,0.78,2.87006,35.973,616.19,4001.76,3.32,3.0,54.9,-0.323,18.33,19.74,04a60849o0831o
60849.399465,-22.181,6.2,-5,30,o,0,0.94,2.87006,35.973,793.0,4229.27,3.32,2.94,61.4,-0.323,18.35,19.76,04a60849o0835o
60849.399916,19.34,0.412,67,28,o,0,1.1,2.87006,35.973,831.84,4344.16,3.07,2.82,73.4,-0.333,18.36,19.72,04a60849o0836o
60849.538633,-20.398,0.549,-25,14,o,0,1.23,2.87006,35.973,9774.92,6529.61,2.65,2.39,-29.8,-0.428,19.24,20.49,02a60849o0521o
60849.540807,23.03,6.917,2,15,o,0,0.99,2.87006,35.973,9395.46,6718.73,2.75,2.48,-19.6,-0.418,19.21,20.5,02a60849o0525o
60853.575023,-20.654,0.936,-20,19,o,0,0.97,2.87006,35.973,4338.71,547.34,2.9,2.71,-70.8,-0.414,18.89,20.48,02a60853o0682o
60853.578261,-19.438,0.459,-61,28,o,0,1.04,2.87006,35.973,4356.57,587.53,2.9,2.75,87.8,-0.401,18.74,20.33,02a60853o0689o
60853.589488,-19.182,0.431,-77,33,o,0,0.97,2.87006,35.973,4295.05,507.42,2.6,2.48,-61.0,-0.424,18.35,19.81,02a60853o0711o
60853.60831,21.142,3.091,13,39,o,0,0.78,2.87006,35.973,4276.5,626.37,2.65,2.5,-56.9,-0.44,18.25,19.56,02a60853o0750o
60853.617663,-19.964,0.611,-38,23,o,0,0.88,2.87006,35.973,4313.12,567.77,2.31,2.15,-71.9,-0.43,18.73,19.58,02a60853o0770o
60855.591042,-21.411,1.538,-10,15,o,0,1.02,2.87006,35.973,3910.42,6853.47,2.46,2.3,30.6,-0.434,19.3,20.67,02a60855o0724o
60855.596607,-20.406,0.5,-25,12,o,0,1.67,2.87006,35.973,3926.79,6892.06,2.55,2.06,38.1,-0.418,19.43,20.7,02a60855o0736o
60855.610475,23.762,13.375,1,15,o,0,1.2,2.87006,35.973,3870.2,6814.02,2.54,2.14,38.6,-0.413,19.27,20.44,02a60855o0765o
60855.614388,-21.331,1.808,-11,19,o,0,0.98,2.87006,35.973,3851.27,6929.86,2.51,2.07,37.4,-0.417,19.08,20.01,02a60855o0773o
60857.58136,-20.425,0.608,-25,15,o,0,1.09,2.87006,35.973,8109.87,325.21,2.28,1.67,-55.2,-0.474,19.55,20.91,02a60857o0682o
60857.58455,20.354,0.582,26,15,o,0,0.78,2.87006,35.973,8128.3,364.28,2.3,1.7,-54.6,-0.478,19.53,20.9,02a60857o0689o
60857.587751,20.82,0.804,17,14,o,0,0.83,2.87006,35.973,8070.39,286.36,2.25,1.63,-56.1,-0.482,19.56,20.91,02a60857o0696o
60857.612159,-21.977,2.509,-6,15,o,0,0.96,2.87006,35.973,8043.74,410.73,2.27,1.68,-58.6,-0.471,19.4,20.48,02a60857o0748o
60858.578491,20.738,0.5,18,9,o,0,1.53,2.87006,35.973,6313.51,4343.27,2.37,1.98,34.2,-0.428,19.54,20.93,02a60858o0684o
60858.596729,22.408,2.933,4,12,o,0,0.72,2.87006,35.973,6333.52,4382.12,2.44,2.03,34.3,-0.422,19.54,21.04,02a60858o0721o
60858.60005,-21.517,0.923,-9,8,o,0,1.45,2.87006,35.973,6275.14,4305.66,2.5,2.08,29.5,-0.417,19.48,21.05,02a60858o0728o
60858.606088,-22.585,2.679,-3,9,o,0,1.28,2.87006,35.973,6253.11,4422.89,2.3,1.95,39.1,-0.431,19.53,20.88,02a60858o0741o
60858.619436,19.842,0.533,42,22,o,0,1.32,2.87006,35.973,6298.06,4361.51,2.45,1.98,33.7,-0.416,18.54,19.04,02a60858o0769o
60859.490129,0.0,20.79,0,18,c,0,1.66,2.87006,35.973,4315.95,6249.96,4.06,3.73,-71.2,-0.295,18.61,21.4,01a60859o0301c
60859.50367,0.0,20.741,0,18,c,0,1.06,2.87006,35.973,4332.49,6131.55,4.04,3.83,89.9,-0.276,18.76,21.53,01a60859o0328c
60863.569201,-20.672,1.349,-20,26,o,0,1.16,2.87006,35.973,5905.2,8706.24,3.53,3.1,27.2,-0.394,18.56,20.45,02a60863o0698o
60863.572407,21.024,1.844,14,26,o,0,1.07,2.87006,35.973,5925.06,8745.72,3.51,3.02,27.4,-0.408,18.63,20.46,02a60863o0705o
60863.577938,22.108,3.867,5,20,o,0,1.2,2.87006,35.973,5860.37,8666.9,3.1,2.76,18.6,-0.404,18.71,20.5,02a60863o0717o
60863.587824,22.245,4.417,5,20,o,0,1.85,2.87006,35.973,5846.84,8789.0,3.08,2.9,40.2,-0.406,18.63,20.41,02a60863o0738o
60865.556737,-21.346,1.602,-10,17,o,0,0.96,2.87006,35.973,2460.57,2567.27,2.09,1.89,27.7,-0.449,19.01,19.68,02a60865o0667o
60865.570339,20.971,1.113,15,16,o,0,1.42,2.87006,35.973,2478.64,2607.25,2.27,1.99,22.3,-0.429,19.0,19.75,02a60865o0696o
60865.574682,-20.813,1.06,-17,18,o,0,1.01,2.87006,35.973,2417.54,2527.18,2.25,2.05,22.7,-0.546,18.98,19.79,02a60865o0705o
60865.577848,21.025,1.069,14,15,o,0,1.2,2.87006,35.973,2396.87,2645.29,2.09,1.92,37.3,-0.447,19.06,19.82,02a60865o0712o
60869.527947,0.0,20.583,0,21,o,0,1.12,2.87006,35.973,8170.22,2279.8,2.29,2.12,-42.8,-0.415,18.75,19.37,02a60869o0614o
60869.531113,22.21,4.281,5,20,o,0,1.13,2.87006,35.973,8190.77,2318.28,2.5,2.3,-72.0,-0.391,18.62,19.38,02a60869o0621o
60869.536275,20.397,0.842,25,21,o,0,1.33,2.87006,35.973,8132.85,2243.07,2.55,2.4,-33.6,-0.4,18.65,19.41,02a60869o0631o
60869.543077,-20.512,1.069,-23,24,o,0,0.89,2.87006,35.973,8111.24,2362.07,2.51,2.4,-42.2,-0.4,18.69,19.45,02a60869o0645o
60870.526218,-24.893,68.5,0,28,o,0,1.07,2.87006,35.973,7819.89,6647.81,2.91,2.66,34.8,-0.393,18.68,19.6,02a60870o0607o
60870.529421,21.505,2.462,9,22,o,0,1.25,2.87006,35.973,7839.54,6686.94,2.76,2.43,20.6,-0.395,18.75,19.61,02a60870o0614o
60870.532706,21.095,1.556,13,21,o,0,1.19,2.87006,35.973,7774.77,6608.04,2.71,2.34,26.4,-0.393,18.78,19.61,02a60870o0621o
60870.542692,-21.159,1.571,-12,20,o,0,1.48,2.87006,35.973,7754.28,6727.49,2.59,2.38,20.6,-0.403,18.77,19.58,02a60870o0643o
60871.491332,-20.321,0.71,-27,19,o,0,0.77,2.87006,35.973,2781.74,3898.2,2.56,2.36,42.3,-0.424,18.96,19.59,01a60871o0382o
60871.494389,-20.53,0.741,-22,16,o,0,1.46,2.87006,35.973,2818.8,3935.32,2.57,2.38,42.0,-0.419,18.97,19.6,01a60871o0388o
60871.53097,20.796,1.231,17,22,o,0,1.19,2.87006,35.973,7783.86,6612.1,2.48,2.05,35.6,-0.416,18.89,19.49,02a60871o0326o
60878.534386,20.074,0.664,34,22,c,0,1.48,2.87006,35.973,6220.44,456.66,2.78,2.5,-57.6,-0.4,18.89,20.91,02a60878o0615c
60878.537559,-21.94,2.565,-6,16,c,0,1.28,2.87006,35.973,6238.47,495.57,2.48,2.19,-63.4,-0.421,18.82,20.78,02a60878o0622c
60878.541632,19.727,1.243,47,58,c,0,1.1,2.87006,35.973,6181.93,417.51,2.54,2.23,-60.2,-0.405,17.22,18.99,02a60878o0631c
60878.550783,-19.672,0.741,-49,36,c,0,1.25,2.87006,35.973,6158.49,536.88,2.51,2.22,-67.0,-0.425,18.53,20.36,02a60878o0648c
60879.397428,-19.364,0.819,-65,53,o,0,1.39,2.87006,35.973,5878.85,10448.76,3.9,3.69,80.7,-0.419,17.82,19.55,02a60879o0297o
60882.450902,-21.224,0.847,-12,10,o,0,1.25,2.87006,35.973,6128.87,8160.45,2.83,2.41,48.2,-0.363,19.47,20.84,01a60882o0437o
60882.453709,23.852,9.5,1,10,o,0,1.28,2.87006,35.973,6017.26,7924.92,2.61,2.39,51.3,-0.387,19.53,20.86,01a60882o0443o
60882.459281,-21.371,0.845,-10,9,o,0,1.88,2.87006,35.973,6336.24,8338.65,2.91,2.46,47.8,-0.363,19.44,20.89,01a60882o0455o
60882.464398,-21.679,1.132,-8,9,o,0,1.17,2.87006,35.973,6472.99,7696.6,2.95,2.45,47.7,-0.349,19.5,20.95,01a60882o0466o
60883.419842,22.291,2.829,4,12,o,0,1.54,2.87006,35.973,4475.95,2408.86,1.94,1.92,-3.0,-0.448,19.34,20.3,02a60883o0340o
60883.43092,23.046,5.364,2,12,o,0,1.98,2.87006,35.973,4545.08,2621.11,1.92,1.79,27.1,-0.464,19.38,20.32,02a60883o0361o
60883.439799,-21.218,1.266,-12,15,o,0,0.91,2.87006,35.973,4266.27,2231.28,2.0,1.92,31.2,-0.443,19.3,20.31,02a60883o0379o
60883.445326,-22.317,2.525,-4,11,o,0,1.25,2.87006,35.973,4093.24,2928.64,2.04,1.85,33.3,-0.46,19.37,20.34,02a60883o0391o
60884.38331,-20.42,0.557,-25,14,o,0,0.99,2.87006,35.973,8024.02,8497.8,2.28,2.03,-55.1,-0.458,19.4,20.64,02a60884o0256o
60884.389791,21.119,0.923,13,12,o,0,1.51,2.87006,35.973,8137.74,8729.44,2.36,2.02,-55.0,-0.458,19.44,20.64,02a60884o0269o
60884.399368,24.926,30.667,0,12,o,0,1.48,2.87006,35.973,7791.44,8319.81,2.21,1.98,-57.6,-0.454,19.48,20.62,02a60884o0285o
60884.405945,-21.615,1.5,-8,12,o,0,0.97,2.87006,35.973,7695.99,8905.22,2.31,1.97,-56.6,-0.443,19.5,20.64,02a60884o0296o
60885.42266,21.757,2.018,7,14,o,0,0.82,2.87006,35.973,8020.91,8493.28,2.17,2.1,-56.2,-0.453,19.52,20.75,02a60885o0330o
60885.435314,-21.611,1.403,-8,12,o,0,1.04,2.87006,35.973,8094.39,8706.96,2.22,2.09,-62.6,-0.45,19.48,20.8,02a60885o0352o
60885.44205,-19.466,0.236,-59,14,o,0,0.83,2.87006,35.973,7791.41,8319.44,2.16,2.09,40.2,-0.449,19.52,20.83,02a60885o0364o
60885.458392,-20.638,0.509,-20,10,o,0,1.46,2.87006,35.973,7650.82,8966.2,2.14,2.09,-82.1,-0.447,19.53,20.78,02a60885o0391o
60887.531429,-20.901,1.279,-16,20,o,0,0.92,2.87006,35.973,2345.74,6336.37,2.64,2.28,50.8,-0.409,18.76,20.0,01a60887o0614o
60887.535874,-20.33,1.218,-27,33,o,0,0.96,2.87006,35.973,2325.99,6298.09,2.64,2.25,48.6,-0.407,18.43,19.66,01a60887o0623o
60887.540296,20.823,1.942,17,33,o,0,0.69,2.87006,35.973,2383.45,6374.51,2.63,2.26,48.9,-0.408,18.47,19.7,01a60887o0632o
60887.547233,-20.288,0.586,-28,16,o,0,1.37,2.87006,35.973,2403.32,6259.25,2.69,2.27,50.0,-0.402,19.06,20.36,01a60887o0647o
60888.498548,-22.064,1.854,-5,10,o,0,1.09,2.87006,35.973,8140.02,9948.44,2.56,2.43,-86.5,-0.428,19.56,20.89,01a60888o0554o
60888.501289,23.386,6.583,2,11,o,0,1.21,2.87006,35.973,8121.39,9908.69,2.59,2.43,82.7,-0.427,19.55,20.89,01a60888o0560o
60888.504068,22.027,1.854,6,10,o,0,1.31,2.87006,35.973,8179.19,9989.17,2.6,2.48,84.3,-0.421,19.59,20.93,01a60888o0566o
60888.534458,21.261,1.023,11,12,o,0,1.06,2.87006,35.973,8196.36,9870.81,2.54,2.43,79.7,-0.434,19.65,21.07,01a60888o0623o
60889.517948,23.663,8.556,1,11,c,0,0.84,2.87006,35.973,2443.19,618.75,2.37,2.25,-83.4,-0.426,19.56,21.4,02a60889o0587c
60889.52944,22.558,2.667,3,9,c,0,1.22,2.87006,35.973,2462.18,661.11,2.43,2.27,-82.2,-0.427,19.57,21.46,02a60889o0611c
60889.531769,-24.106,9.333,-1,8,c,0,1.35,2.87006,35.973,2402.16,580.54,2.39,2.22,-81.6,-0.43,19.58,21.45,02a60889o0616c
60889.534934,-23.644,7.667,-1,10,c,0,1.07,2.87006,35.973,2382.39,698.43,2.4,2.25,-83.8,-0.43,19.55,21.47,02a60889o0623c
60890.527729,20.934,0.739,15,11,c,0,1.53,2.87006,35.973,2462.29,4509.87,3.16,2.84,21.3,-0.383,19.27,21.32,02a60890o0602c
60890.529551,21.403,1.462,10,15,c,0,0.73,2.87006,35.973,2484.23,4549.52,3.4,3.07,26.9,-0.371,19.23,21.33,02a60890o0606c
60890.532718,21.23,1.106,12,13,c,0,1.07,2.87006,35.973,2423.84,4470.92,3.31,3.05,35.1,-0.381,19.26,21.33,02a60890o0613c
60890.538171,20.314,0.529,27,14,c,0,0.9,2.87006,35.973,2404.01,4587.18,3.47,3.14,30.8,-0.372,19.23,21.32,02a60890o0625c
60892.519234,23.007,5.316,2,12,o,0,0.74,2.87006,35.973,8640.4,3647.21,2.44,2.29,41.7,-0.439,19.57,20.83,01a60892o0598o
60892.521062,-20.623,0.452,-20,9,o,0,1.25,2.87006,35.973,8616.87,3607.08,2.35,2.26,57.6,-0.448,19.6,20.89,01a60892o0602o
60892.523808,22.619,2.556,3,8,o,0,1.59,2.87006,35.973,8676.13,3685.59,2.42,2.32,54.4,-0.44,19.65,21.02,01a60892o0608o
60892.541362,23.167,4.438,2,9,o,0,0.93,2.87006,35.973,8694.7,3569.3,2.46,2.32,31.1,-0.439,19.65,21.07,01a60892o0639o
60893.49033,22.201,2.714,5,13,o,0,2.86,2.87006,35.973,1955.44,6920.63,2.21,1.91,31.2,-0.429,18.98,19.69,02a60893o0553o
60893.49214,21.155,1.509,12,19,o,0,1.15,2.87006,35.973,1974.65,6959.87,2.22,1.89,28.0,-0.437,19.02,19.71,02a60893o0557o
60893.501957,20.285,0.652,28,18,o,0,1.21,2.87006,35.973,1915.91,6880.17,2.31,2.0,31.6,-0.419,18.97,19.76,02a60893o0576o
60893.507399,-21.506,2.065,-9,19,o,0,1.26,2.87006,35.973,1892.52,6997.58,2.29,1.92,32.6,-0.428,19.02,19.75,02a60893o0588o
60894.500355,-20.098,0.651,-33,22,o,0,1.66,2.87006,35.973,10016.28,176.45,2.28,1.52,-57.6,-0.609,18.99,19.8,02a60894o0561o
60894.502255,20.253,0.769,29,22,o,0,1.18,2.87006,35.973,10033.86,214.98,2.24,1.49,-57.7,-0.463,19.01,19.79,02a60894o0565o
60894.505427,-20.447,1.058,-24,25,o,0,1.3,2.87006,35.973,9977.91,138.34,2.23,1.48,-60.1,-0.545,19.04,19.79,02a60894o0572o
60894.505879,-26.096,152.0,0,20,o,0,0.79,2.87006,35.973,10014.52,10427.11,2.48,1.95,-55.2,-0.465,19.02,19.77,02a60894o0573o
60894.507699,-19.225,0.33,-74,24,o,0,1.24,2.87006,35.973,10035.99,10466.62,2.52,1.96,-55.8,-0.468,19.07,19.78,02a60894o0577o
60894.521858,20.046,0.508,35,18,o,0,0.92,2.87006,35.973,9957.83,259.12,2.01,1.36,-65.8,-0.466,19.03,19.82,02a60894o0604o
60894.527324,20.977,1.207,15,18,o,0,0.89,2.87006,35.973,9970.75,10392.29,2.43,2.0,-55.9,-0.465,19.06,19.83,02a60894o0616o
60894.527776,21.208,1.297,12,16,o,0,0.91,2.87006,35.973,368.35,153.51,1.87,1.69,-70.9,-0.535,19.04,19.84,02a60894o0617o
60894.529588,22.571,4.763,3,16,o,0,1.0,2.87006,35.973,387.22,193.58,1.83,1.63,-73.2,-0.537,19.11,19.85,02a60894o0621o
60894.530494,19.002,6.764,91,616,o,0,0.01,2.87006,35.973,9950.31,10512.03,2.35,1.97,-59.6,-0.479,19.06,19.84,02a60894o0623o
60894.532766,22.482,3.976,4,15,o,0,1.19,2.87006,35.973,328.51,113.33,1.84,1.59,-75.0,-0.541,19.11,19.86,02a60894o0628o
60894.558148,19.686,0.322,48,16,o,0,1.02,2.87006,35.973,310.27,234.3,1.83,1.67,-78.8,-0.544,19.12,19.98,02a60894o0682o
60895.518796,-20.891,1.477,-16,24,o,0,1.23,2.87006,35.973,10009.85,10435.77,2.63,2.07,-54.3,-0.456,18.78,19.4,02a60895o0617o
60895.521191,-20.862,1.679,-16,28,o,0,1.49,2.87006,35.973,10029.78,10474.21,2.63,2.04,-54.2,-0.454,18.71,19.41,02a60895o0622o
60895.524371,-21.115,1.868,-13,24,o,0,1.32,2.87006,35.973,9966.31,10397.85,2.61,2.01,-50.5,-0.442,18.81,19.43,02a60895o0629o
60895.546574,-15.886,0.45,-1605,723,o,0,0.56,2.87006,35.973,9944.44,10519.56,2.45,1.99,-57.2,-0.47,18.84,19.5,02a60895o0676o
60897.465731,-20.587,0.825,-21,17,o,0,1.38,2.87006,35.973,704.79,2087.93,2.52,2.33,54.8,-0.388,18.8,19.24,01a60897o0436o
60897.481832,-21.085,57.714,-13,772,o,0,0.82,2.87006,35.973,9902.79,8464.5,2.34,2.02,-54.4,-0.574,16.33,16.44,02a60897o0538o
60897.483641,21.661,91.296,8,718,o,0,0.95,2.87006,35.973,9920.8,8504.03,2.3,2.08,-60.6,-0.56,16.51,16.66,02a60897o0542o
60897.483899,-20.348,0.704,-26,19,o,0,1.57,2.87006,35.973,684.52,2058.42,2.47,2.29,45.4,-0.389,18.83,19.27,01a60897o0475o
60897.485733,21.954,3.259,6,20,o,0,1.02,2.87006,35.973,742.23,2134.93,2.44,2.22,54.8,-0.398,18.85,19.27,01a60897o0479o
60897.505654,17.137,1.366,507,693,o,0,1.66,2.87006,35.973,9854.04,8430.72,2.2,2.03,-62.2,-0.611,16.17,16.27,02a60897o0584o
60897.509174,17.228,2.12,467,989,o,0,1.21,2.87006,35.973,9832.65,8547.95,2.25,2.04,-71.8,-0.589,15.83,15.94,02a60897o0591o
60897.512908,-20.125,0.584,-32,19,o,0,1.26,2.87006,35.973,753.67,2018.22,2.49,2.25,49.4,-0.397,18.8,19.23,01a60897o0537o
60903.40032,-20.96,0.532,-15,8,o,0,1.97,2.87006,35.973,3924.39,6853.98,2.35,2.14,33.8,-0.426,19.84,20.75,02a60903o0132o
60903.407231,22.655,3.192,3,10,o,0,1.49,2.87006,35.973,3944.23,6891.46,2.56,2.25,31.2,-0.421,19.8,20.69,02a60903o0137o
60903.414133,-20.383,0.377,-26,10,o,0,1.48,2.87006,35.973,3881.78,6813.21,2.5,2.19,33.0,-0.42,19.78,20.7,02a60903o0142o
60903.421044,21.294,0.843,11,9,o,0,1.56,2.87006,35.973,3861.41,6929.05,2.45,2.13,33.4,-0.416,19.83,20.68,02a60903o0147o
60910.409947,-20.39,0.39,-25,10,o,0,1.15,2.87006,35.973,3922.09,6851.74,2.35,1.92,31.4,-0.429,20.04,20.84,02a60910o0144o
60910.416858,21.772,1.096,7,8,o,0,1.74,2.87006,35.973,3937.88,6891.06,2.33,1.9,35.9,-0.424,20.08,20.84,02a60910o0149o
60910.423768,-21.972,1.43,-6,8,o,0,1.2,2.87006,35.973,3874.96,6813.32,2.43,1.92,31.5,-0.424,20.02,20.89,02a60910o0154o
60910.430684,-21.672,1.17,-8,9,o,0,0.88,2.87006,35.973,3853.85,6929.59,2.4,1.93,33.1,-0.421,20.07,20.94,02a60910o0159o
60915.516764,24.376,10.609,1,7,o,0,0.94,2.87006,35.973,6645.57,3716.09,2.12,1.79,35.8,-0.435,20.22,21.1,02a60915o0222o
60915.523672,21.543,0.713,9,6,o,0,0.96,2.87006,35.973,6627.31,3677.72,2.08,1.79,33.6,-0.437,20.15,21.04,02a60915o0227o
60915.530582,21.928,0.937,6,6,o,0,1.19,2.87006,35.973,6687.68,3755.52,2.08,1.81,34.2,-0.435,20.18,20.99,02a60915o0232o
60915.53749,22.138,1.339,5,7,o,0,0.9,2.87006,35.973,6705.95,3639.53,2.07,1.81,32.3,-0.437,20.13,20.92,02a60915o0237o
60916.488231,-24.055,10.6,-1,9,c,0,0.95,2.87006,35.973,8649.81,1700.08,3.15,2.97,21.2,-0.378,19.64,21.7,01a60916o0543c
60916.489619,21.602,1.146,8,10,c,0,0.9,2.87006,35.973,8630.22,1660.61,3.14,2.99,14.3,-0.372,19.64,21.69,01a60916o0546c
60916.510845,23.093,4.0,2,8,c,0,0.94,2.87006,35.973,8683.03,1741.3,3.14,3.03,-1.0,-0.371,19.62,21.72,01a60916o0588c
60916.519617,20.78,0.52,18,9,c,0,1.11,2.87006,35.973,1847.45,8969.86,3.2,3.08,73.5,-0.342,19.65,21.73,01a60916o0603c
60917.452951,21.784,1.3,7,9,c,0,1.05,2.87006,35.973,8643.97,1659.53,3.05,3.0,59.6,-0.39,19.65,21.76,01a60917o0056c
60917.456825,20.187,0.312,31,10,c,0,1.12,2.87006,35.973,8702.48,1737.91,3.19,3.06,30.9,-0.358,19.61,21.76,01a60917o0064c
60917.467048,-22.319,2.16,-4,9,c,0,0.93,2.87006,35.973,8719.23,1621.12,3.06,2.95,44.5,-0.388,19.66,21.8,01a60917o0086c
60917.514601,-21.086,0.976,-13,13,o,0,1.59,2.87006,35.973,8625.16,1706.85,2.5,1.96,-66.7,-0.459,19.23,20.83,02a60917o0062o
60917.544299,-19.728,0.285,-47,13,o,0,1.91,2.87006,35.973,8603.11,1664.97,2.39,1.84,-61.7,-0.477,19.2,20.8,02a60917o0123o
60917.570131,-22.402,2.968,-4,12,o,0,0.9,2.87006,35.973,8658.71,1743.19,2.4,1.85,-59.5,-0.464,19.52,21.2,02a60917o0176o
60917.595414,-21.59,1.3,-8,11,o,0,1.13,2.87006,35.973,8676.8,1623.45,2.29,1.81,-62.8,-0.479,19.53,21.17,02a60917o0230o
60919.506249,-19.714,1.089,-47,52,o,0,1.21,2.87006,35.973,2381.99,8277.84,2.22,1.88,21.6,-0.432,16.91,18.43,02a60919o0561o
60919.535389,-18.902,0.831,-100,83,o,0,1.5,2.87006,35.973,2351.57,8240.61,2.11,1.86,28.4,-0.441,17.27,18.69,02a60919o0620o
60919.565644,-19.31,0.602,-68,41,o,0,1.01,2.87006,35.973,2408.89,8315.74,2.11,1.87,26.4,-0.438,18.64,20.12,02a60919o0681o
60919.591731,-21.721,1.648,-7,12,o,0,0.93,2.87006,35.973,2428.32,8198.53,2.03,1.86,28.7,-0.441,19.55,21.21,02a60919o0735o
60923.443253,-21.349,1.837,-10,19,o,0,1.48,2.87006,35.973,5856.88,6770.62,2.34,1.91,38.8,-0.446,18.93,19.72,02a60923o0477o
60923.464516,-21.481,2.079,-9,19,o,0,0.98,2.87006,35.973,5871.36,6812.89,2.37,1.9,38.1,-0.439,18.95,19.73,02a60923o0519o
60923.487461,22.269,4.361,4,20,o,0,1.16,2.87006,35.973,5814.37,6749.41,2.4,1.91,36.5,-0.445,18.95,19.77,02a60923o0563o
60923.512262,22.468,3.906,4,15,o,0,1.79,2.87006,35.973,4747.87,3719.87,2.29,1.83,33.0,-0.462,18.97,19.8,02a60923o0616o
60924.406366,-19.46,0.317,-60,19,o,0,1.18,2.87006,35.973,6675.0,1764.46,2.41,2.21,56.4,-0.458,18.93,19.37,01a60924o0418o
60924.412812,-20.265,0.559,-28,16,o,0,1.17,2.87006,35.973,6652.05,1726.54,2.46,2.2,53.0,-0.451,18.91,19.4,01a60924o0432o
60924.419369,-20.541,0.861,-22,19,o,0,1.04,2.87006,35.973,6714.8,1805.99,2.41,2.2,50.9,-0.449,18.93,19.42,01a60924o0446o
60924.441838,21.463,3.54,9,33,o,0,1.08,2.87006,35.973,3914.76,8799.98,2.12,1.9,34.6,-0.432,18.76,19.38,02a60924o0465o
60924.444553,-20.409,1.104,-25,28,o,0,1.25,2.87006,35.973,3933.77,8839.8,2.19,1.93,36.0,-0.426,18.78,19.39,02a60924o0471o
60924.449847,20.246,0.606,29,18,o,0,1.74,2.87006,35.973,6727.12,1691.72,2.91,2.48,40.2,-0.374,18.79,19.44,01a60924o0511o
60924.470645,-20.975,2.199,-15,32,o,0,0.84,2.87006,35.973,3870.7,8767.58,2.14,1.91,36.0,-0.43,18.8,19.4,02a60924o0524o
60924.489177,-21.135,1.159,-13,15,o,0,1.67,2.87006,35.973,6693.36,1693.31,1.87,1.83,-81.5,-0.453,18.85,19.45,02a60924o0561o
60925.4325,19.133,0.727,81,59,o,0,1.13,2.87006,35.973,3916.91,8802.37,2.23,2.01,37.6,-0.423,18.37,18.86,02a60925o0465o
60925.435241,19.803,1.199,44,52,o,0,1.27,2.87006,35.973,3937.6,8842.11,2.22,2.0,35.6,-0.434,18.41,18.87,02a60925o0471o
60925.440009,-21.44,4.917,-10,47,o,0,1.04,2.87006,35.973,3876.46,8764.34,2.21,1.95,35.0,-0.435,18.39,18.89,02a60925o0481o
60925.447322,19.512,0.869,57,50,o,0,1.12,2.87006,35.973,3853.47,8882.67,2.2,1.96,39.6,-0.428,18.43,18.91,02a60925o0497o
60929.483184,21.36,2.287,10,24,o,0,1.88,2.87006,35.973,4332.95,10112.53,2.02,1.91,-55.2,-0.421,18.75,19.4,02a60929o0578o
60929.485914,22.85,7.96,3,21,o,0,2.06,2.87006,35.973,4313.0,10072.08,2.04,1.92,-58.8,-0.424,18.75,19.4,02a60929o0584o
60929.505475,19.851,0.456,42,19,o,0,2.27,2.87006,35.973,4364.42,10145.0,2.05,1.94,-47.2,-0.43,18.81,19.52,02a60929o0624o
60929.511174,19.953,0.823,38,31,o,0,0.67,2.87006,35.973,4382.36,10027.54,2.06,1.98,-43.3,-0.414,18.7,19.37,02a60929o0636o
60931.466551,-15.993,0.497,-1454,722,o,0,1.71,2.87006,35.973,4293.43,8158.58,2.11,1.83,29.7,-0.473,15.61,15.9,02a60931o0533o
60931.469766,17.026,1.427,562,802,o,0,1.23,2.87006,35.973,4274.22,8118.26,2.11,1.83,28.3,-0.497,15.55,15.85,02a60931o0540o
60931.502926,-19.959,4.289,-38,162,o,0,0.95,2.87006,35.973,4325.37,8194.37,2.12,1.86,30.8,-0.433,17.19,17.57,02a60931o0609o
60931.508717,-23.828,92.4,-1,99,o,0,0.78,2.87006,35.973,4345.15,8080.87,2.19,1.84,34.2,-0.428,17.67,18.16,02a60931o0621o
60934.464328,-19.718,0.198,-47,9,o,0,1.0,2.87006,35.973,7871.21,8577.46,2.5,2.38,46.6,-0.446,19.63,21.06,01a60934o0530o
60934.46824,22.119,1.707,5,9,o,0,1.68,2.87006,35.973,7894.75,8615.44,2.49,2.35,42.9,-0.447,19.66,21.06,01a60934o0538o
60934.474419,21.711,1.237,8,9,o,0,1.36,2.87006,35.973,7838.18,8536.79,2.47,2.4,44.6,-0.445,19.62,21.03,01a60934o0551o
60934.508748,20.383,0.442,26,11,o,0,0.81,2.87006,35.973,7830.47,8650.24,2.5,2.42,54.9,-0.44,19.57,20.87,01a60934o0619o
60935.388884,21.248,0.876,12,10,o,0,0.92,2.87006,35.973,2696.83,1962.14,2.52,2.19,51.6,-0.445,19.62,20.98,01a60935o0396o
60935.392136,21.885,1.679,6,11,o,0,1.05,2.87006,35.973,2679.34,1926.87,2.53,2.22,47.7,-0.445,19.63,20.95,01a60935o0403o
60935.397353,20.373,0.356,26,9,o,0,1.23,2.87006,35.973,2738.12,2005.13,2.46,2.19,46.1,-0.449,19.61,20.95,01a60935o0414o
60935.407059,20.957,0.638,15,10,o,0,1.45,2.87006,35.973,2757.62,1889.55,2.89,2.44,48.0,-0.393,19.5,21.0,01a60935o0435o
60935.449457,-20.838,0.573,-17,10,c,0,1.07,2.87006,35.973,2666.71,1975.48,2.34,2.25,46.1,-0.423,19.53,21.74,02a60935o0501c
60935.45893,21.176,0.717,12,9,c,0,1.0,2.87006,35.973,2645.55,1937.75,2.32,2.24,52.2,-0.426,19.56,21.75,02a60935o0519c
60935.46195,23.11,5.067,2,10,c,0,0.99,2.87006,35.973,2705.09,2015.61,2.39,2.26,44.0,-0.422,19.56,21.73,02a60935o0525c
60935.474593,-23.308,4.615,-2,8,c,0,1.43,2.87006,35.973,2725.47,1898.2,2.31,2.25,51.4,-0.423,19.55,21.75,02a60935o0549c
60936.507236,22.302,2.607,4,11,c,0,1.18,2.87006,35.973,2311.98,6339.42,2.56,2.32,33.4,-0.411,19.51,21.83,02a60936o0600c
60936.512887,21.032,0.941,14,13,c,0,1.03,2.87006,35.973,2294.76,6300.37,2.57,2.38,34.1,-0.408,19.44,21.78,02a60936o0610c
60936.516667,21.313,0.971,11,10,c,0,1.15,2.87006,35.973,2350.21,6375.88,2.59,2.37,33.4,-0.406,19.47,21.81,02a60936o0617c
60936.552969,23.174,5.0,2,10,c,0,1.26,2.87006,35.973,2366.46,6253.91,2.6,2.39,28.6,-0.411,19.44,21.75,02a60936o0690c
60937.461271,-20.389,0.5,-25,13,c,0,1.15,2.87006,35.973,2303.21,6332.67,3.23,2.98,-21.9,-0.389,19.25,21.78,02a60937o0345c
60937.464457,23.293,7.625,2,13,c,0,1.14,2.87006,35.973,2288.78,6299.72,3.07,2.83,-41.0,-0.388,19.29,21.75,02a60937o0352c
60937.470831,-20.242,0.491,-29,14,c,0,1.11,2.87006,35.973,2342.9,6374.52,3.44,3.16,-39.6,-0.373,19.17,21.76,02a60937o0366c
60937.481716,22.928,5.167,2,13,c,0,0.9,2.87006,35.973,2359.02,6252.62,2.85,2.77,-13.9,-0.406,19.31,21.78,02a60937o0389c
60940.497528,-21.54,1.412,-9,12,o,0,1.02,2.87006,35.973,2394.0,4485.61,2.7,2.31,43.9,-0.41,19.45,20.64,01a60940o0101o
60940.526477,-22.061,2.244,-5,12,o,0,1.06,2.87006,35.973,2381.6,4601.42,2.65,2.38,43.3,-0.411,19.39,20.52,01a60940o0159o
60941.460937,-21.495,1.224,-9,11,c,0,0.99,2.87006,35.973,8093.67,6061.75,2.58,2.42,35.0,-0.401,19.44,21.46,02a60941o0540c
60941.496677,23.409,7.2,2,11,c,0,1.02,2.87006,35.973,8061.62,6016.09,2.54,2.44,29.0,-0.402,19.48,21.5,02a60941o0612c
60941.510266,22.023,1.632,6,9,c,0,1.32,2.87006,35.973,8125.01,6097.89,2.46,2.36,47.0,-0.405,19.49,21.51,02a60941o0637c
60941.516182,21.098,0.888,13,12,c,0,0.97,2.87006,35.973,8144.38,5980.84,2.47,2.35,48.0,-0.403,19.5,21.51,02a60941o0648c
60943.456861,21.503,1.125,9,10,c,0,1.42,2.87006,35.973,8609.43,3647.5,2.4,2.33,-62.4,-0.4,19.45,21.45,02a60943o0537c
60943.460028,21.445,1.015,10,10,c,0,1.86,2.87006,35.973,8588.5,3610.37,2.38,2.34,-54.6,-0.396,19.46,21.48,02a60943o0544c
60943.477098,-21.639,1.211,-8,10,c,0,1.22,2.87006,35.973,8645.53,3688.75,2.4,2.29,-68.4,-0.403,19.52,21.54,02a60943o0579c
60943.484149,-22.227,2.562,-5,12,c,0,1.06,2.87006,35.973,8666.99,3571.65,2.45,2.33,-64.3,-0.398,19.49,21.55,02a60943o0593c
60944.552567,-22.597,3.091,-3,10,c,0,0.91,2.87006,35.973,536.26,126.6,2.57,2.2,-72.3,-0.417,19.47,21.61,02a60944o0180c
60944.555796,20.846,0.648,17,11,c,0,1.46,2.87006,35.973,515.11,86.39,2.65,2.23,-65.3,-0.418,19.49,21.59,02a60944o0187c
60944.567902,21.737,1.574,7,12,c,0,0.86,2.87006,35.973,579.92,161.72,2.63,2.19,-66.8,-0.419,19.48,21.55,02a60944o0213c
60944.574474,20.9,10.949,16,174,c,0,0.02,2.87006,35.973,600.91,41.42,2.69,2.21,-67.2,-0.415,19.45,21.51,02a60944o0227c
60947.423891,22.202,2.091,5,10,c,0,1.41,2.87006,35.973,663.43,2110.8,2.42,2.33,43.5,-0.418,19.46,21.49,02a60947o0471c
60947.429303,-20.544,0.442,-22,10,c,0,1.17,2.87006,35.973,644.08,2072.16,2.39,2.32,54.3,-0.419,19.46,21.49,02a60947o0482c
60947.432222,-21.463,1.03,-9,10,c,0,1.23,2.87006,35.973,704.17,2149.32,2.37,2.3,54.9,-0.42,19.45,21.48,02a60947o0488c
60947.463564,-21.425,1.014,-10,10,c,0,1.09,2.87006,35.973,721.41,2025.6,2.35,2.26,58.9,-0.427,19.45,21.47,02a60947o0554c
60948.419356,22.372,2.414,4,10,c,0,1.32,2.87006,35.973,464.75,8437.2,2.38,2.28,-25.4,-0.434,19.5,21.56,02a60948o0457c
60948.422376,-23.009,4.312,-2,10,c,0,1.45,2.87006,35.973,445.9,8398.29,2.39,2.28,-33.9,-0.429,19.48,21.58,02a60948o0463c
60948.428784,-19.57,0.193,-54,10,c,0,1.31,2.87006,35.973,501.67,8474.76,2.4,2.27,-30.2,-0.437,19.48,21.6,02a60948o0475c
60948.430141,-19.143,0.115,-80,9,c,0,1.47,2.87006,35.973,10246.4,8463.49,2.7,2.53,-61.9,-0.408,19.5,21.62,02a60948o0478c
60948.461295,22.029,1.829,6,10,c,0,0.95,2.87006,35.973,515.47,8352.01,2.32,2.22,-31.1,-0.44,19.49,21.63,02a60948o0544c
60948.462652,-22.296,2.48,-4,11,c,0,1.07,2.87006,35.973,10217.36,8421.56,2.7,2.53,-60.8,-0.413,19.55,21.65,02a60948o0547c
60948.465943,22.173,2.393,5,12,c,0,0.94,2.87006,35.973,10279.26,8502.64,2.7,2.53,-53.7,-0.413,19.53,21.65,02a60948o0554c
60948.476427,-20.721,0.481,-19,9,c,0,1.88,2.87006,35.973,10296.95,8388.27,2.74,2.58,-54.2,-0.411,19.51,21.73,02a60948o0576c
60949.458649,-21.84,1.756,-7,12,c,0,1.18,2.87006,35.973,454.41,8428.26,2.43,2.34,-11.4,-0.431,19.37,21.34,02a60949o0554c
60949.461822,-22.123,2.286,-5,12,c,0,0.66,2.87006,35.973,438.53,8392.2,2.41,2.33,-19.6,-0.429,19.43,21.37,02a60949o0561c
60949.465038,20.883,0.716,16,12,c,0,1.06,2.87006,35.973,10237.83,8458.12,2.76,2.62,-58.5,-0.404,19.4,21.41,02a60949o0568c
60949.467859,20.924,0.776,16,12,c,0,0.96,2.87006,35.973,10216.88,8419.53,2.75,2.63,-62.8,-0.399,19.42,21.4,02a60949o0574c
60949.472491,21.497,1.125,9,10,c,0,1.42,2.87006,35.973,494.49,8464.75,2.41,2.27,-33.3,-0.435,19.42,21.35,02a60949o0584c
60949.473858,22.72,3.937,3,12,c,0,1.36,2.87006,35.973,10276.76,8499.23,2.77,2.62,-59.1,-0.399,19.45,21.39,02a60949o0587c
60949.480632,21.134,0.843,13,11,c,0,1.16,2.87006,35.973,513.6,8346.75,2.39,2.29,-25.8,-0.43,19.41,21.34,02a60949o0601c
60949.509576,21.106,0.899,13,12,c,0,1.26,2.87006,35.973,10286.61,8384.81,2.85,2.57,-57.1,-0.409,19.39,21.25,02a60949o0662c
60952.406746,-21.004,1.185,-14,17,o,0,0.81,2.87006,35.973,4268.49,560.88,2.43,2.28,52.3,-0.474,19.08,19.7,01a60952o0446o
60952.409488,21.374,1.558,10,16,o,0,1.04,2.87006,35.973,4287.91,600.35,2.43,2.24,34.6,-0.477,19.1,19.71,01a60952o0452o
60952.414625,20.703,0.778,19,15,o,0,1.66,2.87006,35.973,4232.21,519.97,2.45,2.25,41.7,-0.47,19.07,19.72,01a60952o0463o
60952.453462,22.537,5.185,4,18,o,0,1.17,2.87006,35.973,4219.31,631.58,2.51,2.38,45.4,-0.465,19.01,19.75,01a60952o0538o
60953.417994,20.402,1.612,25,40,o,0,1.28,2.87006,35.973,6221.22,10018.93,2.16,2.06,-63.4,-0.435,18.3,18.74,02a60953o0477o
60953.446345,19.526,0.844,56,47,o,0,0.64,2.87006,35.973,6195.79,9976.89,2.14,2.03,-66.0,-0.441,18.32,18.77,02a60953o0536o
60953.44952,20.944,2.78,15,42,o,0,0.92,2.87006,35.973,6253.67,10055.87,2.13,2.02,-71.0,-0.432,18.3,18.77,02a60953o0543o
60953.456874,-22.455,8.812,-4,33,o,0,1.35,2.87006,35.973,6275.75,9939.99,2.13,2.07,-79.7,-0.434,18.43,18.99,02a60953o0558o
60954.435181,19.595,0.715,53,38,o,0,1.31,2.87006,35.973,6640.59,3708.86,2.31,1.92,33.1,-0.435,18.11,18.55,02a60954o0517o
60957.413722,0.0,20.637,0,20,o,0,1.19,2.87006,35.973,7948.0,10491.07,2.68,2.56,-68.8,-0.4,18.79,19.26,01a60957o0215o
60960.477458,-20.685,1.097,-19,21,o,0,1.29,2.87006,35.973,366.21,6477.47,2.07,1.84,20.2,-0.405,18.61,19.18,02a60960o0602o
60960.47791,-22.497,6.217,-4,23,o,0,1.05,2.87006,35.973,10126.7,6503.51,2.19,2.02,-54.9,-0.473,18.66,19.33,02a60960o0603o
60960.481197,19.662,0.389,50,19,o,0,1.47,2.87006,35.973,348.43,6438.04,2.16,1.94,19.7,-0.403,18.75,19.49,02a60960o0610o
60960.48165,21.651,2.867,8,23,o,0,1.62,2.87006,35.973,10107.97,6463.99,2.41,2.23,-56.2,-0.454,18.74,19.53,02a60960o0611o
60960.502457,22.199,3.25,5,16,o,0,1.47,2.87006,35.973,405.63,6514.22,2.07,1.86,16.8,-0.405,18.97,19.73,02a60960o0655o
60960.50291,22.565,5.833,3,20,o,0,1.16,2.87006,35.973,10163.81,6545.3,2.27,2.02,-56.6,-0.468,18.93,19.72,02a60960o0656o
60960.508926,21.053,1.455,14,20,o,0,0.85,2.87006,35.973,428.07,6394.39,2.01,1.83,15.7,-0.411,18.89,19.6,02a60960o0669o
60960.509833,20.399,0.907,25,23,o,0,1.17,2.87006,35.973,10183.77,6425.8,2.21,1.98,-53.3,-0.477,18.82,19.53,02a60960o0671o
60961.407458,-24.507,20.333,-1,12,o,0,0.92,2.87006,35.973,365.29,6484.09,1.99,1.82,8.1,-0.417,19.5,20.76,02a60961o0465o
60961.410661,20.605,0.498,21,10,o,0,0.97,2.87006,35.973,345.17,6442.98,1.99,1.81,14.1,-0.415,19.44,20.73,02a60961o0472o
60961.419112,-20.344,0.428,-26,11,o,0,1.39,2.87006,35.973,401.48,6519.11,2.07,1.94,6.4,-0.408,19.38,20.69,02a60961o0490o
60961.421374,-19.438,0.181,-61,11,o,0,1.5,2.87006,35.973,10126.7,6506.24,2.33,1.96,-60.7,-0.465,19.42,20.69,02a60961o0495o
60961.424603,-19.269,0.202,-71,14,o,0,0.76,2.87006,35.973,10108.12,6467.23,2.44,2.11,-61.5,-0.452,19.34,20.67,02a60961o0502o
60961.430069,20.604,0.542,21,11,o,0,2.04,2.87006,35.973,10163.92,6546.53,2.44,2.13,-57.5,-0.458,19.36,20.65,02a60961o0514o
60961.45354,21.162,0.884,12,11,o,0,1.54,2.87006,35.973,422.73,6396.66,1.99,1.82,12.7,-0.414,19.34,20.49,02a60961o0523o
60961.473265,-19.958,0.413,-38,16,o,0,0.72,2.87006,35.973,10182.47,6427.02,2.23,2.01,-56.9,-0.467,19.33,20.49,02a60961o0530o
60963.416811,20.381,0.341,26,9,c,0,1.1,2.87006,35.973,5848.34,8775.39,3.4,3.16,55.7,-0.308,19.57,21.59,01a60963o0070c
60964.402532,-23.123,4.417,-2,9,c,0,1.26,2.87006,35.973,2410.67,2591.93,3.25,2.89,48.2,-0.352,19.61,21.58,01a60964o0273c
60964.40533,21.08,0.662,13,9,c,0,1.23,2.87006,35.973,2430.79,2631.34,3.27,2.93,48.3,-0.354,19.6,21.59,01a60964o0279c
60964.418211,-22.103,1.333,-5,7,c,0,2.13,2.87006,35.973,2375.8,2549.68,3.26,2.93,48.6,-0.354,19.62,21.63,01a60964o0306c
60964.42497,21.514,0.849,9,8,c,0,1.47,2.87006,35.973,2355.37,2664.97,3.21,2.91,47.5,-0.346,19.65,21.7,01a60964o0320c
60965.567456,19.692,0.775,48,37,o,0,1.45,2.87006,35.973,8090.27,7995.42,2.69,2.66,47.7,-0.406,18.39,19.58,02a60965o0074o
60965.57203,-20.602,0.99,-21,21,o,0,1.33,2.87006,35.973,8071.07,7956.04,2.67,2.6,42.4,-0.414,18.85,20.13,02a60965o0084o
60965.577063,24.407,59.0,1,37,o,0,1.34,2.87006,35.973,8127.17,8035.8,2.96,2.86,37.9,-0.412,18.53,19.85,02a60965o0095o
60965.589048,-18.471,1.577,-148,234,o,0,0.93,2.87006,35.973,8148.14,7917.16,2.99,2.86,-62.2,-0.392,16.76,17.89,02a60965o0121o
60967.426816,22.325,3.143,4,13,o,0,1.11,2.87006,35.973,8624.01,1705.15,2.14,1.82,-56.4,-0.461,19.27,20.57,02a60967o0341o
60967.430444,-21.383,3.449,-10,35,o,0,0.9,2.87006,35.973,8606.49,1664.98,2.03,1.73,-60.9,-0.476,18.57,19.81,02a60967o0349o
60967.436306,-21.69,1.958,-8,15,o,0,0.74,2.87006,35.973,8666.1,1743.67,2.08,1.8,-59.6,-0.46,19.35,20.69,02a60967o0361o
60967.453455,22.64,3.926,3,12,o,0,1.39,2.87006,35.973,8688.46,1627.39,2.2,1.88,-58.0,-0.456,19.29,20.7,02a60967o0398o
60970.368455,20.933,0.646,15,10,c,0,0.95,2.87006,35.973,7799.22,6638.29,3.11,2.88,31.8,-0.336,19.61,21.32,01a60970o0383c
60970.382583,-22.96,4.071,-2,10,c,0,1.06,2.87006,35.973,7823.42,6674.04,3.2,2.98,26.4,-0.325,19.57,21.31,01a60970o0412c
60970.386338,21.81,1.286,7,9,c,0,1.13,2.87006,35.973,7765.07,6597.15,3.11,2.91,26.9,-0.333,19.54,21.31,01a60970o0420c
60970.391683,-21.745,1.372,-7,10,c,0,0.92,2.87006,35.973,7743.55,6712.91,3.19,2.98,40.5,-0.327,19.55,21.31,01a60970o0430c
60977.395034,-21.26,1.082,-11,12,o,0,1.11,2.87006,35.973,6162.15,6129.24,2.31,1.85,36.3,-0.44,19.31,20.49,02a60977o0403o
60977.410994,-22.483,3.323,-4,12,o,0,1.43,2.87006,35.973,6141.65,6087.64,2.32,1.86,37.1,-0.444,19.31,20.5,02a60977o0437o
60977.414639,21.263,1.124,11,13,o,0,1.41,2.87006,35.973,6201.24,6167.05,2.29,1.84,37.4,-0.444,19.31,20.53,02a60977o0445o
60977.420888,22.453,3.625,4,14,o,0,1.31,2.87006,35.973,6220.39,6050.45,2.32,1.84,38.1,-0.447,19.34,20.53,02a60977o0458o
60978.37342,-22.223,3.375,-5,16,o,0,1.46,2.87006,35.973,4330.73,10112.78,2.0,1.93,-50.0,-0.434,19.1,20.2,02a60978o0406o
60978.376217,-21.409,1.67,-10,17,o,0,0.92,2.87006,35.973,4311.97,10075.37,2.02,1.96,-50.5,-0.432,19.26,20.29,02a60978o0412o
60978.410082,20.776,0.759,18,14,o,0,1.25,2.87006,35.973,4364.51,10149.4,2.09,1.99,-52.2,-0.425,19.32,20.51,02a60978o0483o
60978.417972,-24.524,25.2,-1,14,o,0,1.25,2.87006,35.973,4384.0,10030.47,2.08,2.01,-60.5,-0.424,19.34,20.58,02a60978o0500o
60979.526778,22.322,4.967,4,21,o,0,0.91,2.87006,35.973,4327.42,10099.37,2.32,2.17,-44.6,-0.417,19.04,20.23,02a60979o0337o
60979.530062,-21.983,2.756,-6,16,o,0,1.59,2.87006,35.973,4308.92,10061.59,2.29,2.2,-38.9,-0.408,19.05,20.2,02a60979o0344o
60979.535264,20.282,0.751,28,21,o,0,0.86,2.87006,35.973,4364.78,10138.62,2.38,2.22,-44.6,-0.399,18.96,20.13,02a60979o0355o
