obsmjd,mag_autocorr,magerr_auto,oid,ra,dec,fid,transient_flag,astrometricrms,nobs,ngoodobs,nbestobs,referencemag,referencemagerr,medianmag,bestmedianmag,meanmag,bestmeanmag,magrms,bestmagrms,sid,s_ra,s_dec,ptffield,ccdid,hmjd,nid,mag_auto,limitmag,absphotzp,fwhmsex,fwhm_image,qaflags,flags,photcalflag,goodflag,htm20,cntr,bestastrometricrms,bestchisq,bestcon,bestlineartrend,bestmaxmag,bestmaxslope,bestmedianabsdev,bestminmag,bestnabovemeanbystd_1,bestnabovemeanbystd_3,bestnabovemeanbystd_5,bestnbelowmeanbystd_1,bestnbelowmeanbystd_3,bestnbelowmeanbystd_5,bestnconsecabovemeanbystd_1,bestnconsecabovemeanbystd_3,bestnconsecabovemeanbystd_5,bestnconsecbelowmeanbystd_1,bestnconsecbelowmeanbystd_3,bestnconsecbelowmeanbystd_5,bestnconsecfrommeanbystd_1,bestnconsecfrommeanbystd_3,bestnconsecfrommeanbystd_5,bestnmedianbufferrange,bestnpairposslope,bestpercentiles_05,bestpercentiles_10,bestpercentiles_175,bestpercentiles_25,bestpercentiles_325,bestpercentiles_40,bestpercentiles_60,bestpercentiles_675,bestpercentiles_75,bestpercentiles_825,bestpercentiles_90,bestpercentiles_95,bestskewness,bestsmallkurtosis,beststetsonj,beststetsonk,bestvonneumannratio,bestweightedmagrms,bestweightedmeanmag,chisq,con,lineartrend,maxmag,maxslope,medianabsdev,minmag,nabovemeanbystd_1,nabovemeanbystd_3,nabovemeanbystd_5,nbelowmeanbystd_1,nbelowmeanbystd_3,nbelowmeanbystd_5,nconsecabovemeanbystd_1,nconsecabovemeanbystd_3,nconsecabovemeanbystd_5,nconsecbelowmeanbystd_1,nconsecbelowmeanbystd_3,nconsecbelowmeanbystd_5,nconsecfrommeanbystd_1,nconsecfrommeanbystd_3,nconsecfrommeanbystd_5,nmedianbufferrange,npairposslope,percentiles_05,percentiles_10,percentiles_175,percentiles_25,percentiles_325,percentiles_40,percentiles_60,percentiles_675,percentiles_75,percentiles_825,percentiles_90,percentiles_95,referencemumax,skewness,smallkurtosis,stetsonj,stetsonk,uncalibmeanmag,vonneumannratio,weightedmagrms,weightedmeanmag,x,y,z,zone,s_x,s_y,s_z,pid,s_fid,sextractor,flux_auto,fluxerr_auto,mag_iso,magerr_iso,mag_aper_1,magerr_aper_1,mag_aper_2,magerr_aper_2,mag_aper_3,magerr_aper_3,mag_aper_4,magerr_aper_4,mag_aper_5,magerr_aper_5,mag_petro,magerr_petro,relphotzp,mu_threshold,mu_max,background,threshold,xpeak_image,ypeak_image,x_image,y_image,s_cntr,ismerged,x2_image,y2_image,xy_image,a_world,b_world,theta_j2000,isoarea_world,kron_radius,petro_radius,class_star,errx2_image,erry2_image,errxy_image,flux_radius_1,flux_radius_2,flux_radius_3,flux_radius_4,flux_radius_5,exptime,airmass,colorterm,airmasscolorterm,bsrms,medianskymag,moonphas,moonesb,spt_ind,s_htm20,ipac_gid,ipac_pub_date
56951.3598172,19.11257,0.07661617,42771105001343,2.870062,35.973013,1,1,4.120647e-07,85,19,17,0.0,0.0,19.15097,19.15097,19.1769,19.17464,0.1155885,0.114678,21906478002929,2.870038,35.972975,4277,10,56951.3646072,2013,19.081127,21.80015,27.805243,2.55,2.940613,0,131072,0,1,17188279791113,446287361,4.120647e-07,3.664948,1.0,0.001282676,19.52443,2.715182,0.06800461,19.03426,0,0,0,3,1,0,0,0,0,0,0,0,0,0,0,5,8,19.08906,19.07339,19.0597,19.05207,19.04796,19.04539,19.04168,19.04086,19.0402,19.03966,19.03921,19.03895,1.523657,31.50323,0.38137,0.7939905,1.807181,0.0756269,19.13832,3.410669,1.0,0.001267726,19.52443,2.715182,0.07005119,19.03426,0,0,0,4,1,0,0,0,0,0,0,0,0,0,0,5,9,19.08215,19.07258,19.06246,19.0543,19.04967,19.04679,19.04261,19.04168,19.04094,19.04033,19.03983,19.03954,0.0,1.340623,26.50228,0.3755078,0.7902884,19.56585,2.006579,0.07664673,19.1392,0.8082786221394,0.04052221635304,0.58740413598669,4316,0.808279,0.0405219,0.5874036,21906478,1,2929,3087.7822,97.92181,19.08925,0.07672074,20.49595,0.08847975,19.451147,0.07638428,19.255373,0.07613243,19.024704,0.07923187,18.984854,0.08300836,18.99928,0.092838444,99.99,-3.392989,-6.330653,363.6918,23.43332,10.0,3960.0,9.997624,3959.7751,8758719847,0,0.770158,0.771527,-0.025729,0.9036,0.8712,45.224483,2e-06,2.5,5.28,0.899622,0.000561,0.000556,1e-06,0.955842,1.47372,2.489174,2.994975,3.295177,60.0,1.1793,-0.0591342,0.142682,0.0684392,21.409092,209.254,0.0,232201331,17188279791113,101,2015-12-31 23:59:59
56958.3671272,19.046618,0.047161207,42771105001343,2.870062,35.973013,1,1,4.120647e-07,85,19,17,0.0,0.0,19.15097,19.15097,19.1769,19.17464,0.1155885,0.114678,22024805002813,2.87004,35.973003,4277,10,56958.3717972,2020,19.051382,21.682804,27.828814,2.45,3.13018,0,131088,0,1,17188279791113,446287361,4.120647e-07,3.664948,1.0,0.001282676,19.52443,2.715182,0.06800461,19.03426,0,0,0,3,1,0,0,0,0,0,0,0,0,0,0,5,8,19.08906,19.07339,19.0597,19.05207,19.04796,19.04539,19.04168,19.04086,19.0402,19.03966,19.03921,19.03895,1.523657,31.50323,0.38137,0.7939905,1.807181,0.0756269,19.13832,3.410669,1.0,0.001267726,19.52443,2.715182,0.07005119,19.03426,0,0,0,4,1,0,0,0,0,0,0,0,0,0,0,5,9,19.08215,19.07258,19.06246,19.0543,19.04967,19.04679,19.04261,19.04168,19.04094,19.04033,19.03983,19.03954,0.0,1.340623,26.50228,0.3755078,0.7902884,19.56585,2.006579,0.07664673,19.1392,0.8082786221394,0.04052221635304,0.58740413598669,4316,0.8082787,0.0405219,0.587404,22024805,1,2813,3243.1875,113.325386,19.051382,0.047161207,20.473316,0.06345935,19.41418,0.045496427,19.224718,0.046010464,18.956537,0.05105871,18.93385,0.058516994,18.959387,0.07601936,99.99,-3.576815,-6.195312,541.2167,27.708645,7.0,3958.0,7.347563,3957.5925,8760453419,0,0.832093,0.815574,0.006874,0.9252,0.9108,-73.05891,2e-06,2.5,5.28,0.103245,0.000706,0.000704,1e-06,0.937854,1.515017,2.49518,2.967615,3.206116,60.0,1.2975,0.0535822,0.0307801,0.0280023,21.029253,125.369,0.0,232201331,17188279791113,101,2015-12-31 23:59:59
56914.4983772,19.146646,0.0840377,42771105001343,2.870062,35.973013,1,1,4.120647e-07,85,19,17,0.0,0.0,19.15097,19.15097,19.1769,19.17464,0.1155885,0.114678,21363999002075,2.870056,35.973021,4277,10,56914.5026972,1979,19.152979,20.82087,27.767372,2.55,3.638495,0,12714000,0,1,17188279791113,446287361,4.120647e-07,3.664948,1.0,0.001282676,19.52443,2.715182,0.06800461,19.03426,0,0,0,3,1,0,0,0,0,0,0,0,0,0,0,5,8,19.08906,19.07339,19.0597,19.05207,19.04796,19.04539,19.04168,19.04086,19.0402,19.03966,19.03921,19.03895,1.523657,31.50323,0.38137,0.7939905,1.807181,0.0756269,19.13832,3.410669,1.0,0.001267726,19.52443,2.715182,0.07005119,19.03426,0,0,0,4,1,0,0,0,0,0,0,0,0,0,0,5,9,19.08215,19.07258,19.06246,19.0543,19.04967,19.04679,19.04261,19.04168,19.04094,19.04033,19.03983,19.03954,0.0,1.340623,26.50228,0.3755078,0.7902884,19.56585,2.006579,0.07664673,19.1392,0.8082786221394,0.04052221635304,0.58740413598669,4316,0.8082785,0.0405221,0.5874042,21363999,1,2075,2790.9844,199.32332,19.256697,0.07576375,20.63961,0.1134231,19.517504,0.079259306,19.276392,0.07803706,19.114632,0.10008267,19.080359,0.114963286,19.068089,0.12624681,99.99,-4.28581,-6.143915,2163.8425,50.931107,4.0,3948.0,4.433795,3948.283,8751101318,0,0.803126,0.796795,0.047205,0.9324,0.8784,-47.660465,1e-06,2.838255,5.28,0.281595,0.00288,0.002905,5e-06,0.988049,1.495309,2.369452,2.749825,3.038352,60.0,1.3616,0.0150876,0.071561,0.0323564,19.450636,288.54,-2.00549,232201331,17188279791117,101,2015-12-31 23:59:59
56942.4467172,19.138596,0.07716956,42771105001343,2.870062,35.973013,1,1,4.120647e-07,85,19,17,0.0,0.0,19.15097,19.15097,19.1769,19.17464,0.1155885,0.114678,21770731002085,2.870016,35.973022,4277,10,56942.4515672,2006,19.127533,20.762405,27.761087,2.25,2.836559,0,131072,0,1,17188279791113,446287361,4.120647e-07,3.664948,1.0,0.001282676,19.52443,2.715182,0.06800461,19.03426,0,0,0,3,1,0,0,0,0,0,0,0,0,0,0,5,8,19.08906,19.07339,19.0597,19.05207,19.04796,19.04539,19.04168,19.04086,19.0402,19.03966,19.03921,19.03895,1.523657,31.50323,0.38137,0.7939905,1.807181,0.0756269,19.13832,3.410669,1.0,0.001267726,19.52443,2.715182,0.07005119,19.03426,0,0,0,4,1,0,0,0,0,0,0,0,0,0,0,5,9,19.08215,19.07258,19.06246,19.0543,19.04967,19.04679,19.04261,19.04168,19.04094,19.04033,19.03983,19.03954,0.0,1.340623,26.50228,0.3755078,0.7902884,19.56585,2.006579,0.07664673,19.1392,0.8082786221394,0.04052221635304,0.58740413598669,4316,0.8082786,0.0405216,0.5874043,21770731,1,2085,2840.674,182.8563,19.13667,0.074421406,20.165684,0.08590495,19.282724,0.07390705,19.109386,0.07755024,18.93303,0.09957534,18.99688,0.12831405,19.035347,0.17473766,99.99,-4.431774,-6.398797,3086.905,61.305176,7.0,3937.0,7.343798,3937.4644,8754705223,0,0.537349,0.556136,0.006872,0.756,0.7416,-17.776001,1e-06,2.5,6.599999,0.866081,0.001611,0.00161,2e-06,0.799214,1.19212,1.962373,2.249944,2.393004,60.0,1.5464,0.0488339,0.0412114,0.0326826,19.062052,308.629,-2.47566,232201331,17188279791117,101,2015-12-31 23:59:59
56920.5234472,19.240788,0.085494116,42771105001343,2.870062,35.973013,1,1,4.120647e-07,85,19,17,0.0,0.0,19.15097,19.15097,19.1769,19.17464,0.1155885,0.114678,21436322002102,2.870025,35.973029,4277,10,56920.5279672,1983,19.233969,20.79734,27.752268,2.75,3.705763,0,131088,0,1,17188279791113,446287361,4.120647e-07,3.664948,1.0,0.001282676,19.52443,2.715182,0.06800461,19.03426,0,0,0,3,1,0,0,0,0,0,0,0,0,0,0,5,8,19.08906,19.07339,19.0597,19.05207,19.04796,19.04539,19.04168,19.04086,19.0402,19.03966,19.03921,19.03895,1.523657,31.50323,0.38137,0.7939905,1.807181,0.0756269,19.13832,3.410669,1.0,0.001267726,19.52443,2.715182,0.07005119,19.03426,0,0,0,4,1,0,0,0,0,0,0,0,0,0,0,5,9,19.08215,19.07258,19.06246,19.0543,19.04967,19.04679,19.04261,19.04168,19.04094,19.04033,19.03983,19.03954,0.0,1.340623,26.50228,0.3755078,0.7902884,19.56585,2.006579,0.07664673,19.1392,0.8082786221394,0.04052221635304,0.58740413598669,4316,0.8082785,0.0405217,0.5874044,21436322,1,2102,2554.5793,187.77959,19.336866,0.07897282,20.773756,0.12367717,19.563124,0.080113664,19.344269,0.08086653,19.195107,0.107046835,19.184101,0.1296944,19.07056,0.15651022,99.99,-4.260773,-5.897542,1927.4834,52.051693,6.0,3947.0,5.913027,3946.8665,8752613850,0,0.909964,0.734229,0.11904,0.9972,0.8316,-63.261787,1e-06,2.733069,6.599999,0.486409,0.003205,0.003165,1e-05,1.005652,1.479576,2.32512,2.762297,3.186756,60.0,1.7148,0.0945518,-0.00635828,0.0306035,19.568918,221.088,-0.234771,232201331,17188279791117,101,2015-12-31 23:59:59
56925.4915972,19.179068,0.05067299,42771105001343,2.870062,35.973013,1,1,4.120647e-07,85,19,17,0.0,0.0,19.15097,19.15097,19.1769,19.17464,0.1155885,0.114678,21524531002804,2.870054,35.973011,4277,10,56925.4962572,1988,19.178871,21.724466,27.76134,2.15,2.53127,0,131088,0,1,17188279791113,446287361,4.120647e-07,3.664948,1.0,0.001282676,19.52443,2.715182,0.06800461,19.03426,0,0,0,3,1,0,0,0,0,0,0,0,0,0,0,5,8,19.08906,19.07339,19.0597,19.05207,19.04796,19.04539,19.04168,19.04086,19.0402,19.03966,19.03921,19.03895,1.523657,31.50323,0.38137,0.7939905,1.807181,0.0756269,19.13832,3.410669,1.0,0.001267726,19.52443,2.715182,0.07005119,19.03426,0,0,0,4,1,0,0,0,0,0,0,0,0,0,0,5,9,19.08215,19.07258,19.06246,19.0543,19.04967,19.04679,19.04261,19.04168,19.04094,19.04033,19.03983,19.03954,0.0,1.340623,26.50228,0.3755078,0.7902884,19.56585,2.006579,0.07664673,19.1392,0.8082786221394,0.04052221635304,0.58740413598669,4316,0.8082787,0.0405221,0.5874041,21524531,1,2804,2710.114,106.308815,19.178871,0.05067299,20.38634,0.065351255,19.419353,0.049069893,19.25574,0.050080925,19.079388,0.061083585,19.071918,0.07219251,19.115732,0.08610743,99.99,-3.670172,-6.431264,581.66595,30.131308,6.0,3949.0,6.207527,3949.1008,8753518050,0,0.661716,0.59902,0.031845,0.8316,0.774,-67.73309,2e-06,2.5,5.28,0.075578,0.000717,0.000706,5e-06,0.839278,1.329248,2.156369,2.56782,2.810952,60.0,1.5328,0.0768549,0.0153593,0.0274407,20.890295,165.95,0.0,232201331,17188279791113,101,2015-12-31 23:59:59
56955.3703472,19.072996,0.05243405,42771105001343,2.870062,35.973013,1,1,4.120647e-07,85,19,17,0.0,0.0,19.15097,19.15097,19.1769,19.17464,0.1155885,0.114678,21983605002859,2.870028,35.972997,4277,10,56955.3750772,2017,19.111887,21.73871,27.768478,2.15,2.19472,0,131088,0,1,17188279791113,446287361,4.120647e-07,3.664948,1.0,0.001282676,19.52443,2.715182,0.06800461,19.03426,0,0,0,3,1,0,0,0,0,0,0,0,0,0,0,5,8,19.08906,19.07339,19.0597,19.05207,19.04796,19.04539,19.04168,19.04086,19.0402,19.03966,19.03921,19.03895,1.523657,31.50323,0.38137,0.7939905,1.807181,0.0756269,19.13832,3.410669,1.0,0.001267726,19.52443,2.715182,0.07005119,19.03426,0,0,0,4,1,0,0,0,0,0,0,0,0,0,0,5,9,19.08215,19.07258,19.06246,19.0543,19.04967,19.04679,19.04261,19.04168,19.04094,19.04033,19.03983,19.03954,0.0,1.340623,26.50228,0.3755078,0.7902884,19.56585,2.006579,0.07664673,19.1392,0.8082786221394,0.04052221635304,0.58740413598669,4316,0.8082788,0.0405217,0.5874039,21983605,1,2859,2901.5923,96.894844,19.107302,0.052805495,20.180883,0.062275376,19.269136,0.05077035,19.14321,0.052149937,19.090487,0.06391012,19.124165,0.07553052,19.114378,0.07563351,99.99,-3.589329,-6.711402,566.2311,28.098026,7.0,3953.0,6.819657,3953.1062,8759931018,0,0.522199,0.505487,0.00078,0.7308,0.72,-89.0429,1e-06,2.5,4.62,0.942172,0.000413,0.000407,-1e-06,0.762592,1.225806,1.948716,2.379148,2.600102,60.0,1.2719,0.0343426,0.0550882,0.0378696,20.920763,162.491,0.0,232201331,17188279791113,101,2015-12-31 23:59:59
56912.4353172,19.244902,0.08786976,42771105001343,2.870062,35.973013,1,1,4.120647e-07,85,19,17,0.0,0.0,19.15097,19.15097,19.1769,19.17464,0.1155885,0.114678,21319085002055,2.870032,35.972995,4277,10,56912.4395472,1976,19.246498,20.840929,27.87016,2.05,3.943146,0,131088,0,1,17188279791113,446287361,4.120647e-07,3.664948,1.0,0.001282676,19.52443,2.715182,0.06800461,19.03426,0,0,0,3,1,0,0,0,0,0,0,0,0,0,0,5,8,19.08906,19.07339,19.0597,19.05207,19.04796,19.04539,19.04168,19.04086,19.0402,19.03966,19.03921,19.03895,1.523657,31.50323,0.38137,0.7939905,1.807181,0.0756269,19.13832,3.410669,1.0,0.001267726,19.52443,2.715182,0.07005119,19.03426,0,0,0,4,1,0,0,0,0,0,0,0,0,0,0,5,9,19.08215,19.07258,19.06246,19.0543,19.04967,19.04679,19.04261,19.04168,19.04094,19.04033,19.03983,19.03954,0.0,1.340623,26.50228,0.3755078,0.7902884,19.56585,2.006579,0.07664673,19.1392,0.8082786221394,0.04052221635304,0.58740413598669,4316,0.8082788,0.0405218,0.5874039,21319085,1,2055,2814.9092,213.44336,19.205523,0.07984175,20.430151,0.105423994,19.446554,0.08337804,19.234644,0.08485585,19.053223,0.110198244,19.050196,0.13510598,19.026276,0.12946497,99.99,-4.554486,-6.516961,3926.5461,68.51955,7.0,3950.0,7.343693,3949.846,8750364701,0,0.637615,0.666708,0.031341,0.8388,0.7956,-32.663033,1e-06,2.5,4.62,0.191809,0.002656,0.002646,-5e-06,0.832365,1.323186,2.034653,2.301651,2.436596,60.0,1.0867,0.176181,-0.0749124,0.0306605,18.908623,314.387,-2.95127,232201331,17188279791113,101,2015-12-31 23:59:59
56946.3976572,19.036161,0.051998023,42771105001343,2.870062,35.973013,1,1,4.120647e-07,85,19,17,0.0,0.0,19.15097,19.15097,19.1769,19.17464,0.1155885,0.114678,21826542002570,2.870046,35.97304,4277,10,56946.4025072,2008,19.034988,21.385551,27.828636,2.55,2.780994,0,131072,0,1,17188279791113,446287361,4.120647e-07,3.664948,1.0,0.001282676,19.52443,2.715182,0.06800461,19.03426,0,0,0,3,1,0,0,0,0,0,0,0,0,0,0,5,8,19.08906,19.07339,19.0597,19.05207,19.04796,19.04539,19.04168,19.04086,19.0402,19.03966,19.03921,19.03895,1.523657,31.50323,0.38137,0.7939905,1.807181,0.0756269,19.13832,3.410669,1.0,0.001267726,19.52443,2.715182,0.07005119,19.03426,0,0,0,4,1,0,0,0,0,0,0,0,0,0,0,5,9,19.08215,19.07258,19.06246,19.0543,19.04967,19.04679,19.04261,19.04168,19.04094,19.04033,19.03983,19.03954,0.0,1.340623,26.50228,0.3755078,0.7902884,19.56585,2.006579,0.07664673,19.1392,0.8082786221394,0.04052221635304,0.58740413598669,4316,0.8082784,0.040522,0.5874045,21826542,1,2570,3291.9978,130.62468,19.018045,0.051483735,20.36081,0.06500747,19.39361,0.050536804,19.17748,0.05030325,18.971354,0.05930146,18.920462,0.06754724,19.000034,0.09243446,99.99,-3.783944,-6.362209,862.5327,33.68832,9.0,3958.0,9.379598,3958.2798,8756935094,0,0.754511,0.749225,-0.016713,0.8856,0.8676,50.51558,2e-06,2.5,5.28,0.368519,0.000833,0.00083,-2e-06,0.889999,1.454406,2.409237,2.829791,3.059583,60.0,1.2858,0.0637283,0.0239866,0.0291011,20.519571,263.495,-1.01058,232201331,17188279791117,101,2015-12-31 23:59:59
56932.4330572,19.21882,0.05767476,42771105001343,2.870062,35.973013,1,1,4.120647e-07,85,19,17,0.0,0.0,19.15097,19.15097,19.1769,19.17464,0.1155885,0.114678,21607619002445,2.870038,35.97301,4277,10,56932.4378372,1995,19.214144,21.42522,27.813944,3.35,4.004602,0,131088,0,1,17188279791113,446287361,4.120647e-07,3.664948,1.0,0.001282676,19.52443,2.715182,0.06800461,19.03426,0,0,0,3,1,0,0,0,0,0,0,0,0,0,0,5,8,19.08906,19.07339,19.0597,19.05207,19.04796,19.04539,19.04168,19.04086,19.0402,19.03966,19.03921,19.03895,1.523657,31.50323,0.38137,0.7939905,1.807181,0.0756269,19.13832,3.410669,1.0,0.001267726,19.52443,2.715182,0.07005119,19.03426,0,0,0,4,1,0,0,0,0,0,0,0,0,0,0,5,9,19.08215,19.07258,19.06246,19.0543,19.04967,19.04679,19.04261,19.04168,19.04094,19.04033,19.03983,19.03954,0.0,1.340623,26.50228,0.3755078,0.7902884,19.56585,2.006579,0.07664673,19.1392,0.8082786221394,0.04052221635304,0.58740413598669,4316,0.8082787,0.0405219,0.5874041,21607619,1,2445,2753.7202,120.546745,19.257524,0.056645546,21.051716,0.098214015,19.761469,0.058967277,19.496473,0.057128668,19.18146,0.06248054,19.11107,0.06973263,19.091362,0.09227091,99.99,-3.586765,-5.713803,454.14233,28.007372,8.0,3946.0,7.967287,3945.7498,8755072597,0,1.007956,1.22118,0.056994,1.1232,1.008,-13.817978,2e-06,2.5,5.28,0.902177,0.001592,0.001603,6e-06,1.143652,1.718539,2.811818,3.373703,3.693422,60.0,1.2715,0.166967,-0.0710448,0.0326532,21.2044,81.7699,0.0,232201331,17188279791113,101,2015-12-31 23:59:59
56950.3761372,19.037394,0.045457315,42771105001343,2.870062,35.973013,1,1,4.120647e-07,85,19,17,0.0,0.0,19.15097,19.15097,19.1769,19.17464,0.1155885,0.114678,21885662003037,2.870045,35.973007,4277,10,56950.3809372,2012,19.03293,21.870333,27.81629,2.25,2.636864,0,131088,0,1,17188279791113,446287361,4.120647e-07,3.664948,1.0,0.001282676,19.52443,2.715182,0.06800461,19.03426,0,0,0,3,1,0,0,0,0,0,0,0,0,0,0,5,8,19.08906,19.07339,19.0597,19.05207,19.04796,19.04539,19.04168,19.04086,19.0402,19.03966,19.03921,19.03895,1.523657,31.50323,0.38137,0.7939905,1.807181,0.0756269,19.13832,3.410669,1.0,0.001267726,19.52443,2.715182,0.07005119,19.03426,0,0,0,4,1,0,0,0,0,0,0,0,0,0,0,5,9,19.08215,19.07258,19.06246,19.0543,19.04967,19.04679,19.04261,19.04168,19.04094,19.04033,19.03983,19.03954,0.0,1.340623,26.50228,0.3755078,0.7902884,19.56585,2.006579,0.07664673,19.1392,0.8082786221394,0.04052221635304,0.58740413598669,4316,0.8082787,0.040522,0.587404,21885662,1,3037,3260.9426,104.13671,19.020271,0.04551227,20.338045,0.0571821,19.350887,0.043615412,19.182335,0.04403307,18.991392,0.050245058,18.998491,0.058246717,19.028824,0.0745835,99.99,-3.466344,-6.431276,441.0038,25.098326,8.0,3958.0,7.49233,3957.8481,8758450317,0,0.730747,0.708213,0.027496,0.8748,0.8388,-56.862457,2e-06,2.5,5.28,0.071569,0.000515,0.000505,2e-06,0.91052,1.447495,2.380739,2.927457,3.224801,60.0,1.2347,0.0641518,0.0220305,0.029387,21.237171,220.208,0.0,232201331,17188279791113,101,2015-12-31 23:59:59
56931.4630472,19.131002,0.05289145,42771105001343,2.870062,35.973013,1,1,4.120647e-07,85,19,17,0.0,0.0,19.15097,19.15097,19.1769,19.17464,0.1155885,0.114678,22270752002600,2.870091,35.973014,4277,10,56931.4678172,1994,19.13008,21.574877,27.799288,2.85,3.390028,0,131088,0,1,17188279791113,446287361,4.120647e-07,3.664948,1.0,0.001282676,19.52443,2.715182,0.06800461,19.03426,0,0,0,3,1,0,0,0,0,0,0,0,0,0,0,5,8,19.08906,19.07339,19.0597,19.05207,19.04796,19.04539,19.04168,19.04086,19.0402,19.03966,19.03921,19.03895,1.523657,31.50323,0.38137,0.7939905,1.807181,0.0756269,19.13832,3.410669,1.0,0.001267726,19.52443,2.715182,0.07005119,19.03426,0,0,0,4,1,0,0,0,0,0,0,0,0,0,0,5,9,19.08215,19.07258,19.06246,19.0543,19.04967,19.04679,19.04261,19.04168,19.04094,19.04033,19.03983,19.03954,0.0,1.340623,26.50228,0.3755078,0.7902884,19.56585,2.006579,0.07664673,19.1392,0.8082786221394,0.04052221635304,0.58740413598669,4316,0.8082786,0.0405226,0.5874041,22270752,1,2600,2935.508,119.401855,19.124847,0.052745383,20.702969,0.07605898,19.58807,0.052527033,19.348623,0.051248573,19.094774,0.058366183,19.035694,0.06587963,19.032019,0.0882023,99.99,-3.603793,-6.074189,469.2244,28.396118,8.0,3947.0,7.710691,3946.3713,8755146247,0,0.914774,0.943546,0.080011,1.0152,0.9324,-40.012806,2e-06,2.5,5.28,0.67673,0.001115,0.001114,1.1e-05,1.036161,1.614542,2.636433,3.175475,3.503726,60.0,1.4362,0.0973631,-0.00468077,0.0290904,21.161488,94.2808,0.0,232201331,17188279787782,101,2015-12-31 23:59:59
56950.3437972,19.127699,0.04521517,42771105001343,2.870062,35.973013,1,1,4.120647e-07,85,19,17,0.0,0.0,19.15097,19.15097,19.1769,19.17464,0.1155885,0.114678,21885636003013,2.870056,35.973009,4277,10,56950.3485972,2012,19.128647,21.932964,27.840265,2.25,2.519814,0,131072,0,1,17188279791113,446287361,4.120647e-07,3.664948,1.0,0.001282676,19.52443,2.715182,0.06800461,19.03426,0,0,0,3,1,0,0,0,0,0,0,0,0,0,0,5,8,19.08906,19.07339,19.0597,19.05207,19.04796,19.04539,19.04168,19.04086,19.0402,19.03966,19.03921,19.03895,1.523657,31.50323,0.38137,0.7939905,1.807181,0.0756269,19.13832,3.410669,1.0,0.001267726,19.52443,2.715182,0.07005119,19.03426,0,0,0,4,1,0,0,0,0,0,0,0,0,0,0,5,9,19.08215,19.07258,19.06246,19.0543,19.04967,19.04679,19.04261,19.04168,19.04094,19.04033,19.03983,19.03954,0.0,1.340623,26.50228,0.3755078,0.7902884,19.56585,2.006579,0.07664673,19.1392,0.8082786221394,0.04052221635304,0.58740413598669,4316,0.8082787,0.0405221,0.5874041,21885636,1,3013,3052.4456,96.58379,19.11246,0.045236453,20.347576,0.055650774,19.402859,0.0439646,19.235474,0.04414638,19.095716,0.052251138,19.07497,0.059641447,19.086578,0.072005674,99.99,-3.447449,-6.498145,411.56644,24.647058,9.0,3961.0,8.950129,3960.5913,8758381317,0,0.669812,0.616946,-0.026731,0.8352,0.7884,67.595566,2e-06,2.5,5.28,0.212389,0.000462,0.000463,-4e-06,0.869191,1.36184,2.271277,2.729399,3.042139,60.0,1.1183,0.0641518,0.0220305,0.029387,21.33932,220.565,0.0,232201331,17188279791113,101,2015-12-31 23:59:59
56956.3404672,19.329462,0.29845423,42771105001343,2.870062,35.973013,1,1,4.120647e-07,85,19,17,0.0,0.0,19.15097,19.15097,19.1769,19.17464,0.1155885,0.114678,22003146001471,2.870104,35.972909,4277,10,56956.3451672,2018,19.922728,20.431358,27.266417,3.55,4.420946,0,131072,0,1,17188279791113,446287361,4.120647e-07,3.664948,1.0,0.001282676,19.52443,2.715182,0.06800461,19.03426,0,0,0,3,1,0,0,0,0,0,0,0,0,0,0,5,8,19.08906,19.07339,19.0597,19.05207,19.04796,19.04539,19.04168,19.04086,19.0402,19.03966,19.03921,19.03895,1.523657,31.50323,0.38137,0.7939905,1.807181,0.0756269,19.13832,3.410669,1.0,0.001267726,19.52443,2.715182,0.07005119,19.03426,0,0,0,4,1,0,0,0,0,0,0,0,0,0,0,5,9,19.08215,19.07258,19.06246,19.0543,19.04967,19.04679,19.04261,19.04168,19.04094,19.04033,19.03983,19.03954,0.0,1.340623,26.50228,0.3755078,0.7902884,19.56585,2.006579,0.07664673,19.1392,0.8082786221394,0.04052221635304,0.58740413598669,4316,0.8082797,0.0405229,0.5874027,22003146,1,1471,865.9151,107.31961,20.209436,0.29204294,21.349867,0.33539227,20.214619,0.29892513,19.991365,0.2993259,19.703588,0.31349528,19.646479,0.33022332,19.665318,0.33314028,99.99,-3.781635,-5.190881,863.5111,33.50006,9.0,3960.0,8.982886,3960.0774,8759598539,0,0.765123,0.808257,0.047119,0.9252,0.8676,-32.55304,1e-06,3.201055,5.94,0.501189,0.009476,0.009501,-2.4e-05,0.942156,1.437367,2.240312,2.564625,2.747961,60.0,1.1589,-1.90872,1.96427,0.266381,19.924316,150.665,0.0,232201331,17188279787780,101,2015-12-31 23:59:59
56922.4343772,19.135132,0.048110187,42771105001343,2.870062,35.973013,1,1,4.120647e-07,85,19,17,0.0,0.0,19.15097,19.15097,19.1769,19.17464,0.1155885,0.114678,21473419002854,2.870039,35.972999,4277,10,56922.4389572,1985,19.133024,21.954744,27.855871,2.35,2.828837,0,131088,0,1,17188279791113,446287361,4.120647e-07,3.664948,1.0,0.001282676,19.52443,2.715182,0.06800461,19.03426,0,0,0,3,1,0,0,0,0,0,0,0,0,0,0,5,8,19.08906,19.07339,19.0597,19.05207,19.04796,19.04539,19.04168,19.04086,19.0402,19.03966,19.03921,19.03895,1.523657,31.50323,0.38137,0.7939905,1.807181,0.0756269,19.13832,3.410669,1.0,0.001267726,19.52443,2.715182,0.07005119,19.03426,0,0,0,4,1,0,0,0,0,0,0,0,0,0,0,5,9,19.08215,19.07258,19.06246,19.0543,19.04967,19.04679,19.04261,19.04168,19.04094,19.04033,19.03983,19.03954,0.0,1.340623,26.50228,0.3755078,0.7902884,19.56585,2.006579,0.07664673,19.1392,0.8082786221394,0.04052221635304,0.58740413598669,4316,0.8082788,0.0405219,0.5874039,21473419,1,2854,3084.1719,108.895996,19.116152,0.047272045,20.473536,0.062184736,19.484192,0.04659355,19.28245,0.04616176,19.05943,0.052888412,19.035595,0.060427222,19.084665,0.07885721,99.99,-3.531865,-6.391858,375.7159,26.604868,8.0,3949.0,7.850351,3948.5156,8753351471,0,0.71572,0.745125,-0.023515,0.882,0.846,30.15699,2e-06,2.5,5.28,0.115228,0.000631,0.000634,0.0,0.909455,1.458154,2.406352,2.952485,3.234439,60.0,1.1627,0.113014,-0.0194832,0.029056,21.456928,200.213,0.0,232201331,17188279791113,101,2015-12-31 23:59:59
56925.5207972,19.068863,0.05839505,42771105001343,2.870062,35.973013,1,1,4.120647e-07,85,19,17,0.0,0.0,19.15097,19.15097,19.1769,19.17464,0.1155885,0.114678,21524553002465,2.870058,35.973067,4277,10,56925.5254572,1988,19.064783,21.378653,27.694466,2.05,2.703482,0,131088,0,1,17188279791113,446287361,4.120647e-07,3.664948,1.0,0.001282676,19.52443,2.715182,0.06800461,19.03426,0,0,0,3,1,0,0,0,0,0,0,0,0,0,0,5,8,19.08906,19.07339,19.0597,19.05207,19.04796,19.04539,19.04168,19.04086,19.0402,19.03966,19.03921,19.03895,1.523657,31.50323,0.38137,0.7939905,1.807181,0.0756269,19.13832,3.410669,1.0,0.001267726,19.52443,2.715182,0.07005119,19.03426,0,0,0,4,1,0,0,0,0,0,0,0,0,0,0,5,9,19.08215,19.07258,19.06246,19.0543,19.04967,19.04679,19.04261,19.04168,19.04094,19.04033,19.03983,19.03954,0.0,1.340623,26.50228,0.3755078,0.7902884,19.56585,2.006579,0.07664673,19.1392,0.8082786221394,0.04052221635304,0.58740413598669,4316,0.8082781,0.0405221,0.5874049,21524553,1,2465,2830.5625,134.35095,19.06491,0.055862267,20.215878,0.06759544,19.289062,0.05432059,19.129305,0.056359455,18.966236,0.07106467,18.973042,0.086188,18.997026,0.077679254,99.99,-3.931718,-6.349132,1070.6547,38.322468,8.0,3948.0,7.504825,3948.303,8753608769,0,0.598614,0.578198,-0.013233,0.7884,0.7632,64.40735,1e-06,2.5,3.96,0.699303,0.000895,0.000896,1e-06,0.832452,1.277725,2.115124,2.55698,2.836823,60.0,1.8528,0.0768549,0.0153593,0.0274407,20.157019,165.617,0.0,232201331,17188279791106,101,2015-12-31 23:59:59
56905.4045872,19.233915,0.042852,42771105001343,2.870062,35.973013,1,1,4.120647e-07,85,19,17,0.0,0.0,19.15097,19.15097,19.1769,19.17464,0.1155885,0.114678,21296306003131,2.870066,35.973034,4277,10,56905.4085072,1970,19.23321,22.133448,27.9189,2.25,2.636518,0,12714008,0,1,17188279791113,446287361,4.120647e-07,3.664948,1.0,0.001282676,19.52443,2.715182,0.06800461,19.03426,0,0,0,3,1,0,0,0,0,0,0,0,0,0,0,5,8,19.08906,19.07339,19.0597,19.05207,19.04796,19.04539,19.04168,19.04086,19.0402,19.03966,19.03921,19.03895,1.523657,31.50323,0.38137,0.7939905,1.807181,0.0756269,19.13832,3.410669,1.0,0.001267726,19.52443,2.715182,0.07005119,19.03426,0,0,0,4,1,0,0,0,0,0,0,0,0,0,0,5,9,19.08215,19.07258,19.06246,19.0543,19.04967,19.04679,19.04261,19.04168,19.04094,19.04033,19.03983,19.03954,0.0,1.340623,26.50228,0.3755078,0.7902884,19.56585,2.006579,0.07664673,19.1392,0.8082786221394,0.04052221635304,0.58740413598669,4316,0.8082784,0.0405223,0.5874044,21296306,1,3131,2980.4133,94.572136,19.204222,0.04248617,20.513203,0.058881506,19.512968,0.041637894,19.341908,0.04164106,19.19482,0.047300983,19.174818,0.05283265,19.130814,0.06077619,99.99,-3.464055,-6.39643,325.55246,19.12031,3.0,3952.0,2.662271,3952.0486,8749932751,0,0.589783,0.671893,0.042002,0.8388,0.7668,-22.590881,2e-06,2.5,5.28,0.657501,0.00044,0.000478,5e-06,0.872732,1.352894,2.263697,2.746314,3.124685,60.0,1.0118,0.0394506,0.0427701,0.0254716,21.667192,51.4627,0.0,232201331,17188279791106,101,2015-12-31 23:59:59
56915.4956872,19.192543,0.065014996,42771105001343,2.870062,35.973013,1,1,4.120647e-07,85,19,17,0.0,0.0,19.15097,19.15097,19.1769,19.17464,0.1155885,0.114678,21345838002367,2.87001,35.973055,4277,10,56915.5000372,1978,19.19191,21.270773,27.811869,2.25,3.290957,0,12714000,0,1,17188279791113,446287361,4.120647e-07,3.664948,1.0,0.001282676,19.52443,2.715182,0.06800461,19.03426,0,0,0,3,1,0,0,0,0,0,0,0,0,0,0,5,8,19.08906,19.07339,19.0597,19.05207,19.04796,19.04539,19.04168,19.04086,19.0402,19.03966,19.03921,19.03895,1.523657,31.50323,0.38137,0.7939905,1.807181,0.0756269,19.13832,3.410669,1.0,0.001267726,19.52443,2.715182,0.07005119,19.03426,0,0,0,4,1,0,0,0,0,0,0,0,0,0,0,5,9,19.08215,19.07258,19.06246,19.0543,19.04967,19.04679,19.04261,19.04168,19.04094,19.04033,19.03983,19.03954,0.0,1.340623,26.50228,0.3755078,0.7902884,19.56585,2.006579,0.07664673,19.1392,0.8082786221394,0.04052221635304,0.58740413598669,4316,0.8082782,0.0405215,0.5874047,21345838,1,2367,2805.3252,147.67058,19.199596,0.064346895,20.405975,0.08069838,19.431723,0.06267416,19.271917,0.06526397,19.04981,0.07755041,19.07423,0.09251299,19.18255,0.1365226,99.99,-4.088213,-6.539942,1321.0189,42.265327,4.0,3946.0,4.102604,3946.1548,8751203752,0,0.580285,0.658102,0.074189,0.846,0.7416,-31.122454,1e-06,2.5,6.599999,0.263522,0.001244,0.001264,8e-06,0.815744,1.328343,2.195653,2.586104,2.745013,60.0,1.3618,0.0585241,0.0304564,0.0309677,20.034071,276.727,-1.53117,232201331,17188279791117,101,2015-12-31 23:59:59
56922.4621272,19.090511,0.04879759,42771105001343,2.870062,35.973013,1,1,4.120647e-07,85,19,17,0.0,0.0,19.15097,19.15097,19.1769,19.17464,0.1155885,0.114678,21473446002887,2.870046,35.97305,4277,10,56922.4667072,1985,19.090092,21.922451,27.840443,2.25,2.786955,0,131088,0,1,17188279791113,446287361,4.120647e-07,3.664948,1.0,0.001282676,19.52443,2.715182,0.06800461,19.03426,0,0,0,3,1,0,0,0,0,0,0,0,0,0,0,5,8,19.08906,19.07339,19.0597,19.05207,19.04796,19.04539,19.04168,19.04086,19.0402,19.03966,19.03921,19.03895,1.523657,31.50323,0.38137,0.7939905,1.807181,0.0756269,19.13832,3.410669,1.0,0.001267726,19.52443,2.715182,0.07005119,19.03426,0,0,0,4,1,0,0,0,0,0,0,0,0,0,0,5,9,19.08215,19.07258,19.06246,19.0543,19.04967,19.04679,19.04261,19.04168,19.04094,19.04033,19.03983,19.03954,0.0,1.340623,26.50228,0.3755078,0.7902884,19.56585,2.006579,0.07664673,19.1392,0.8082786221394,0.04052221635304,0.58740413598669,4316,0.8082783,0.040522,0.5874047,21473446,1,2887,3163.3032,114.193924,19.079239,0.047249172,20.427898,0.06121524,19.42894,0.046460774,19.235498,0.04641319,19.056896,0.054402273,19.037777,0.06270875,18.94291,0.07173314,99.99,-3.570605,-6.407826,421.0997,27.533367,7.0,3949.0,7.50936,3948.8076,8753531404,0,0.698839,0.818585,0.004581,0.9144,0.846,-1.540962,2e-06,2.553885,5.28,0.156832,0.00066,0.00067,-1e-06,0.91646,1.465548,2.399804,2.907976,3.23509,60.0,1.2803,0.113014,-0.0194832,0.029056,21.312925,199.907,0.0,232201331,17188279791106,101,2015-12-31 23:59:59
56940.3755472,19.291069,0.10515066,42771105001343,2.870062,35.973013,1,1,4.120647e-07,85,19,17,0.0,0.0,19.15097,19.15097,19.1769,19.17464,0.1155885,0.114678,21741881001876,2.870045,35.973004,4277,10,56940.3803972,2004,19.289267,20.530891,27.85526,2.15,2.432633,0,131072,0,1,17188279791113,446287361,4.120647e-07,3.664948,1.0,0.001282676,19.52443,2.715182,0.06800461,19.03426,0,0,0,3,1,0,0,0,0,0,0,0,0,0,0,5,8,19.08906,19.07339,19.0597,19.05207,19.04796,19.04539,19.04168,19.04086,19.0402,19.03966,19.03921,19.03895,1.523657,31.50323,0.38137,0.7939905,1.807181,0.0756269,19.13832,3.410669,1.0,0.001267726,19.52443,2.715182,0.07005119,19.03426,0,0,0,4,1,0,0,0,0,0,0,0,0,0,0,5,9,19.08215,19.07258,19.06246,19.0543,19.04967,19.04679,19.04261,19.04168,19.04094,19.04033,19.03983,19.03954,0.0,1.340623,26.50228,0.3755078,0.7902884,19.56585,2.006579,0.07664673,19.1392,0.8082786221394,0.04052221635304,0.58740413598669,4316,0.8082787,0.040522,0.587404,21741881,1,1876,2669.2993,243.27745,19.418207,0.1046444,20.241377,0.108962,19.480568,0.105163835,19.258514,0.10682501,19.088612,0.14105323,19.11646,0.17847905,19.26329,0.24842945,99.99,-4.783559,-6.731369,6092.6167,84.776695,7.0,3943.0,7.165844,3942.663,8754948078,0,0.520045,0.46413,-0.00809,0.7308,0.6876,81.99679,1e-06,2.5,6.599999,0.8839,0.003024,0.003032,2e-06,0.737493,1.166336,2.013209,2.282254,2.390725,60.0,1.1312,-0.0888051,0.168901,0.0354995,18.409983,334.609,-3.39067,232201331,17188279791113,101,2015-12-31 23:59:59
56944.3563972,19.18276,0.0560746,42771105001343,2.870062,35.973013,1,1,4.120647e-07,85,19,17,0.0,0.0,19.15097,19.15097,19.1769,19.17464,0.1155885,0.114678,21807263002552,2.870021,35.973016,4277,10,56944.3612472,2003,19.188782,21.4039,27.878231,2.35,3.133851,0,131072,0,1,17188279791113,446287361,4.120647e-07,3.664948,1.0,0.001282676,19.52443,2.715182,0.06800461,19.03426,0,0,0,3,1,0,0,0,0,0,0,0,0,0,0,5,8,19.08906,19.07339,19.0597,19.05207,19.04796,19.04539,19.04168,19.04086,19.0402,19.03966,19.03921,19.03895,1.523657,31.50323,0.38137,0.7939905,1.807181,0.0756269,19.13832,3.410669,1.0,0.001267726,19.52443,2.715182,0.07005119,19.03426,0,0,0,4,1,0,0,0,0,0,0,0,0,0,0,5,9,19.08215,19.07258,19.06246,19.0543,19.04967,19.04679,19.04261,19.04168,19.04094,19.04033,19.03983,19.03954,0.0,1.340623,26.50228,0.3755078,0.7902884,19.56585,2.006579,0.07664673,19.1392,0.8082786221394,0.04052221635304,0.58740413598669,4316,0.8082786,0.0405216,0.5874042,21807263,1,2552,2990.749,132.35197,19.20192,0.055070017,20.481852,0.07030117,19.520664,0.05528898,19.32033,0.055989776,19.138678,0.06889466,19.112005,0.08094022,19.160954,0.1012835,99.99,-3.883752,-6.23749,1070.8147,36.91992,9.0,3960.0,9.391382,3959.558,8756993930,0,0.751744,0.667631,-0.014585,0.8784,0.8244,80.48341,2e-06,2.5,5.28,0.604165,0.001065,0.001058,-1e-06,0.900438,1.406,2.356643,2.796052,3.007399,60.0,1.1079,0.0608969,0.0248702,0.0288894,20.329576,286.208,-1.52732,232201331,17188279791117,101,2015-12-31 23:59:59
56933.4186472,19.239511,0.061301224,42771105001343,2.870062,35.973013,1,1,4.120647e-07,85,19,17,0.0,0.0,19.15097,19.15097,19.1769,19.17464,0.1155885,0.114678,21622046002467,2.870039,35.972987,4277,10,56933.4234472,1996,19.205915,21.485634,27.790743,3.05,3.934618,0,131088,0,1,17188279791113,446287361,4.120647e-07,3.664948,1.0,0.001282676,19.52443,2.715182,0.06800461,19.03426,0,0,0,3,1,0,0,0,0,0,0,0,0,0,0,5,8,19.08906,19.07339,19.0597,19.05207,19.04796,19.04539,19.04168,19.04086,19.0402,19.03966,19.03921,19.03895,1.523657,31.50323,0.38137,0.7939905,1.807181,0.0756269,19.13832,3.410669,1.0,0.001267726,19.52443,2.715182,0.07005119,19.03426,0,0,0,4,1,0,0,0,0,0,0,0,0,0,0,5,9,19.08215,19.07258,19.06246,19.0543,19.04967,19.04679,19.04261,19.04168,19.04094,19.04033,19.03983,19.03954,0.0,1.340623,26.50228,0.3755078,0.7902884,19.56585,2.006579,0.07664673,19.1392,0.8082786221394,0.04052221635304,0.58740413598669,4316,0.8082789,0.0405219,0.5874038,21622046,1,2467,2716.0095,124.621864,19.251455,0.059305295,20.899605,0.09036851,19.727411,0.06118585,19.481485,0.05986329,19.169899,0.06560399,19.090107,0.07250814,18.972576,0.09343684,99.99,-3.613744,-5.776386,468.75845,28.720837,7.0,3944.0,6.883487,3943.6472,8754176367,0,1.030288,1.152047,0.015712,1.0872,1.026,-6.519196,2e-06,2.551533,5.94,0.509248,0.001643,0.001655,0.0,1.121172,1.722075,2.760708,3.208668,3.581946,60.0,1.2177,0.124885,-0.0335729,0.0357045,21.143606,68.781,0.0,232201331,17188279791113,101,2015-12-31 23:59:59
56932.4054972,19.072704,0.052800573,42771105001343,2.870062,35.973013,1,1,4.120647e-07,85,19,17,0.0,0.0,19.15097,19.15097,19.1769,19.17464,0.1155885,0.114678,21607594002614,2.870054,35.973049,4277,10,56932.4102872,1995,19.058289,21.600376,27.829384,3.05,3.633247,0,131088,0,1,17188279791113,446287361,4.120647e-07,3.664948,1.0,0.001282676,19.52443,2.715182,0.06800461,19.03426,0,0,0,3,1,0,0,0,0,0,0,0,0,0,0,5,8,19.08906,19.07339,19.0597,19.05207,19.04796,19.04539,19.04168,19.04086,19.0402,19.03966,19.03921,19.03895,1.523657,31.50323,0.38137,0.7939905,1.807181,0.0756269,19.13832,3.410669,1.0,0.001267726,19.52443,2.715182,0.07005119,19.03426,0,0,0,4,1,0,0,0,0,0,0,0,0,0,0,5,9,19.08215,19.07258,19.06246,19.0543,19.04967,19.04679,19.04261,19.04168,19.04094,19.04033,19.03983,19.03954,0.0,1.340623,26.50228,0.3755078,0.7902884,19.56585,2.006579,0.07664673,19.1392,0.8082786221394,0.04052221635304,0.58740413598669,4316,0.8082783,0.0405221,0.5874046,21607594,1,2614,3224.323,123.19097,19.08224,0.052401524,20.734816,0.074683584,19.658049,0.054157883,19.39669,0.05271182,19.014975,0.054685876,18.927738,0.059563123,18.912453,0.09366973,99.99,-3.546385,-5.98175,406.2882,26.999657,8.0,3946.0,7.617992,3945.6338,8755060363,0,1.136958,1.204933,-0.063299,1.1268,1.0584,31.651083,3e-06,2.5,6.599999,0.312248,0.001233,0.001237,-8e-06,1.095346,1.79391,2.925323,3.39137,3.650432,60.0,1.1573,0.166967,-0.0710448,0.0326532,21.338144,82.1292,0.0,232201331,17188279791106,101,2015-12-31 23:59:59
56940.4001372,19.249994,0.0993853,42771105001343,2.870062,35.973013,1,1,4.120647e-07,85,19,17,0.0,0.0,19.15097,19.15097,19.1769,19.17464,0.1155885,0.114678,21741859001853,2.870129,35.97302,4277,10,56940.4049872,2004,19.23898,20.53824,27.831728,2.05,3.009443,0,131072,0,1,17188279791113,446287361,4.120647e-07,3.664948,1.0,0.001282676,19.52443,2.715182,0.06800461,19.03426,0,0,0,3,1,0,0,0,0,0,0,0,0,0,0,5,8,19.08906,19.07339,19.0597,19.05207,19.04796,19.04539,19.04168,19.04086,19.0402,19.03966,19.03921,19.03895,1.523657,31.50323,0.38137,0.7939905,1.807181,0.0756269,19.13832,3.410669,1.0,0.001267726,19.52443,2.715182,0.07005119,19.03426,0,0,0,4,1,0,0,0,0,0,0,0,0,0,0,5,9,19.08215,19.07258,19.06246,19.0543,19.04967,19.04679,19.04261,19.04168,19.04094,19.04033,19.03983,19.03954,0.0,1.340623,26.50228,0.3755078,0.7902884,19.56585,2.006579,0.07664673,19.1392,0.8082786221394,0.04052221635304,0.58740413598669,4316,0.8082785,0.0405232,0.5874042,21741859,1,1853,2735.8984,233.85956,19.235529,0.09369731,20.329296,0.122700535,19.367992,0.100002035,19.22758,0.107612915,19.01121,0.13701664,18.96086,0.16155745,18.948006,0.1583154,99.99,-4.802601,-6.3717,6337.9937,86.28708,8.0,3943.0,7.683127,3943.3835,8754920938,0,0.523957,0.618652,0.046781,0.8064,0.72,-22.145302,1e-06,2.5,5.28,0.024004,0.003459,0.003478,6e-06,0.82182,1.218085,1.899387,2.205877,2.365061,60.0,1.2202,-0.0888051,0.168901,0.0354995,18.344997,334.29,-3.42283,232201331,17188279787790,101,2015-12-31 23:59:59
56924.4323372,19.180162,0.048602335,42771105001343,2.870062,35.973013,1,1,4.120647e-07,85,19,17,0.0,0.0,19.15097,19.15097,19.1769,19.17464,0.1155885,0.114678,21509166002875,2.870066,35.972995,4277,10,56924.4369672,1987,19.175808,21.897648,27.860136,2.35,2.614102,0,131088,0,1,17188279791113,446287361,4.120647e-07,3.664948,1.0,0.001282676,19.52443,2.715182,0.06800461,19.03426,0,0,0,3,1,0,0,0,0,0,0,0,0,0,0,5,8,19.08906,19.07339,19.0597,19.05207,19.04796,19.04539,19.04168,19.04086,19.0402,19.03966,19.03921,19.03895,1.523657,31.50323,0.38137,0.7939905,1.807181,0.0756269,19.13832,3.410669,1.0,0.001267726,19.52443,2.715182,0.07005119,19.03426,0,0,0,4,1,0,0,0,0,0,0,0,0,0,0,5,9,19.08215,19.07258,19.06246,19.0543,19.04967,19.04679,19.04261,19.04168,19.04094,19.04033,19.03983,19.03954,0.0,1.340623,26.50228,0.3755078,0.7902884,19.56585,2.006579,0.07664673,19.1392,0.8082786221394,0.04052221635304,0.58740413598669,4316,0.8082788,0.0405223,0.5874039,21509166,1,2875,2976.6726,107.87655,19.141785,0.048138704,20.469536,0.06318074,19.504242,0.04743819,19.32125,0.047667053,19.117706,0.055732317,19.119644,0.065596886,19.122145,0.08240176,99.99,-3.577556,-6.485394,425.27045,27.697609,8.0,3951.0,8.190161,3950.8582,8753700965,0,0.700266,0.681511,-0.026232,0.8568,0.8244,55.340443,2e-06,2.5,5.28,0.22422,0.000663,0.000657,-3e-06,0.887414,1.418851,2.383482,2.857836,3.127135,60.0,1.1749,0.113118,-0.0186884,0.0285169,21.333393,177.963,0.0,232201331,17188279791113,101,2015-12-31 23:59:59
56949.3447472,19.179186,0.049255677,42771105001343,2.870062,35.973013,1,1,4.120647e-07,85,19,17,0.0,0.0,19.15097,19.15097,19.1769,19.17464,0.1155885,0.114678,21862793002874,2.870039,35.972997,4277,10,56949.3495572,2011,19.18231,21.796381,27.83394,2.45,2.909621,0,131072,0,1,17188279791113,446287361,4.120647e-07,3.664948,1.0,0.001282676,19.52443,2.715182,0.06800461,19.03426,0,0,0,3,1,0,0,0,0,0,0,0,0,0,0,5,8,19.08906,19.07339,19.0597,19.05207,19.04796,19.04539,19.04168,19.04086,19.0402,19.03966,19.03921,19.03895,1.523657,31.50323,0.38137,0.7939905,1.807181,0.0756269,19.13832,3.410669,1.0,0.001267726,19.52443,2.715182,0.07005119,19.03426,0,0,0,4,1,0,0,0,0,0,0,0,0,0,0,5,9,19.08215,19.07258,19.06246,19.0543,19.04967,19.04679,19.04261,19.04168,19.04094,19.04033,19.03983,19.03954,0.0,1.340623,26.50228,0.3755078,0.7902884,19.56585,2.006579,0.07664673,19.1392,0.8082786221394,0.04052221635304,0.58740413598669,4316,0.8082788,0.0405219,0.5874039,21862793,1,2874,2888.3623,100.70792,19.181015,0.049214944,20.53019,0.06448693,19.545198,0.049290277,19.335875,0.048801284,19.126354,0.055812944,19.1123,0.064111196,19.130228,0.08012169,99.99,-3.488869,-6.200902,443.2459,25.618715,9.0,3964.0,9.469434,3963.9585,8758113048,0,0.738579,0.778252,0.008758,0.8928,0.8676,-11.075035,2e-06,2.5,5.28,0.405223,0.000679,0.00069,3e-06,0.922007,1.452929,2.42988,2.838538,3.066582,60.0,1.1133,0.0281205,0.0503065,0.0315018,21.252745,231.523,0.0,232201331,17188279791113,101,2015-12-31 23:59:59
56927.5262472,19.461218,0.119625784,42771105001343,2.870062,35.973013,1,1,4.120647e-07,85,19,17,0.0,0.0,19.15097,19.15097,19.1769,19.17464,0.1155885,0.114678,21549927001521,2.870037,35.973075,4277,10,56927.5309472,1990,19.45377,20.044367,27.640726,4.95,4.667488,0,131088,0,1,17188279791113,446287361,4.120647e-07,3.664948,1.0,0.001282676,19.52443,2.715182,0.06800461,19.03426,0,0,0,3,1,0,0,0,0,0,0,0,0,0,0,5,8,19.08906,19.07339,19.0597,19.05207,19.04796,19.04539,19.04168,19.04086,19.0402,19.03966,19.03921,19.03895,1.523657,31.50323,0.38137,0.7939905,1.807181,0.0756269,19.13832,3.410669,1.0,0.001267726,19.52443,2.715182,0.07005119,19.03426,0,0,0,4,1,0,0,0,0,0,0,0,0,0,0,5,9,19.08215,19.07258,19.06246,19.0543,19.04967,19.04679,19.04261,19.04168,19.04094,19.04033,19.03983,19.03954,0.0,1.340623,26.50228,0.3755078,0.7902884,19.56585,2.006579,0.07664673,19.1392,0.8082786221394,0.04052221635304,0.58740413598669,4316,0.808278,0.0405218,0.587405,21549927,1,1521,1882.7065,199.31694,19.872229,0.13019074,21.56509,0.27654403,20.077368,0.14044514,19.731865,0.12719853,19.295334,0.13505141,19.162043,0.14795569,19.210173,0.21338375,99.99,-4.314055,-5.365263,1946.9478,54.63379,8.0,3946.0,8.019461,3945.3696,8753960542,0,1.602195,1.431599,0.099798,1.2996,1.1916,-65.952835,1e-06,2.839641,6.599999,0.45368,0.013609,0.013555,1.2e-05,1.276057,1.858807,2.675063,2.944086,3.051072,60.0,2.0176,0.0768714,0.00690952,0.0330419,19.44735,142.387,0.0,232201331,17188279791106,101,2015-12-31 23:59:59
56946.3683772,19.15278,0.050945576,42771105001343,2.870062,35.973013,1,1,4.120647e-07,85,19,17,0.0,0.0,19.15097,19.15097,19.1769,19.17464,0.1155885,0.114678,21826624002607,2.870025,35.97299,4277,10,56946.3732172,2008,19.160862,21.48817,27.849073,2.55,2.942217,0,131072,0,1,17188279791113,446287361,4.120647e-07,3.664948,1.0,0.001282676,19.52443,2.715182,0.06800461,19.03426,0,0,0,3,1,0,0,0,0,0,0,0,0,0,0,5,8,19.08906,19.07339,19.0597,19.05207,19.04796,19.04539,19.04168,19.04086,19.0402,19.03966,19.03921,19.03895,1.523657,31.50323,0.38137,0.7939905,1.807181,0.0756269,19.13832,3.410669,1.0,0.001267726,19.52443,2.715182,0.07005119,19.03426,0,0,0,4,1,0,0,0,0,0,0,0,0,0,0,5,9,19.08215,19.07258,19.06246,19.0543,19.04967,19.04679,19.04261,19.04168,19.04094,19.04033,19.03983,19.03954,0.0,1.340623,26.50228,0.3755078,0.7902884,19.56585,2.006579,0.07664673,19.1392,0.8082786221394,0.04052221635304,0.58740413598669,4316,0.8082789,0.0405217,0.5874038,21826624,1,2607,2987.3394,115.026,19.160862,0.050945576,20.540634,0.07112948,19.469309,0.050103612,19.268248,0.05034078,19.092798,0.0605401,19.07582,0.070833966,19.09941,0.087445356,99.99,-3.711863,-6.241102,740.19507,31.49789,10.0,3962.0,10.002733,3962.237,8757068012,0,0.727053,0.697986,-0.029316,0.8748,0.8316,58.57689,2e-06,2.5,5.28,0.809898,0.000786,0.00078,-1e-06,0.935639,1.389978,2.307939,2.739322,2.998646,60.0,1.161,0.0637283,0.0239866,0.0291011,20.705606,263.815,-0.984314,232201331,17188279791113,101,2015-12-31 23:59:59
56943.3949072,19.251795,0.07591026,42771105001343,2.870062,35.973013,1,1,4.120647e-07,85,19,17,0.0,0.0,19.15097,19.15097,19.1769,19.17464,0.1155885,0.114678,21786163002150,2.870071,35.973024,4277,10,56943.3997572,2002,19.248865,20.915926,27.819952,2.75,3.206969,0,131088,0,1,17188279791113,446287361,4.120647e-07,3.664948,1.0,0.001282676,19.52443,2.715182,0.06800461,19.03426,0,0,0,3,1,0,0,0,0,0,0,0,0,0,0,5,8,19.08906,19.07339,19.0597,19.05207,19.04796,19.04539,19.04168,19.04086,19.0402,19.03966,19.03921,19.03895,1.523657,31.50323,0.38137,0.7939905,1.807181,0.0756269,19.13832,3.410669,1.0,0.001267726,19.52443,2.715182,0.07005119,19.03426,0,0,0,4,1,0,0,0,0,0,0,0,0,0,0,5,9,19.08215,19.07258,19.06246,19.0543,19.04967,19.04679,19.04261,19.04168,19.04094,19.04033,19.03983,19.03954,0.0,1.340623,26.50228,0.3755078,0.7902884,19.56585,2.006579,0.07664673,19.1392,0.8082786221394,0.04052221635304,0.58740413598669,4316,0.8082785,0.0405223,0.5874043,21786163,1,2150,2681.8528,169.32048,19.284235,0.07326203,20.663492,0.09965103,19.589426,0.07319754,19.355957,0.07306683,19.13017,0.089216076,19.107206,0.1063577,19.056288,0.1380506,99.99,-4.15637,-6.145515,1721.69,47.486824,8.0,3937.0,7.789211,3936.6626,8755306471,0,0.840089,0.839334,0.00796,0.9324,0.9216,-49.161423,1e-06,2.5,5.94,0.321737,0.002389,0.002398,4e-06,0.948061,1.501058,2.314479,2.668979,2.858023,60.0,1.2332,0.0403647,0.0431076,0.0325762,19.749523,297.324,-1.94618,232201331,17188279791117,101,2015-12-31 23:59:59
56921.4426772,19.15007,0.048306443,42771105001343,2.870062,35.973013,1,1,4.120647e-07,85,19,17,0.0,0.0,19.15097,19.15097,19.1769,19.17464,0.1155885,0.114678,21454191002967,2.870018,35.972971,4277,10,56921.4472272,1984,19.150509,22.097286,27.866865,2.45,3.013451,0,131088,0,1,17188279791113,446287361,4.120647e-07,3.664948,1.0,0.001282676,19.52443,2.715182,0.06800461,19.03426,0,0,0,3,1,0,0,0,0,0,0,0,0,0,0,5,8,19.08906,19.07339,19.0597,19.05207,19.04796,19.04539,19.04168,19.04086,19.0402,19.03966,19.03921,19.03895,1.523657,31.50323,0.38137,0.7939905,1.807181,0.0756269,19.13832,3.410669,1.0,0.001267726,19.52443,2.715182,0.07005119,19.03426,0,0,0,4,1,0,0,0,0,0,0,0,0,0,0,5,9,19.08215,19.07258,19.06246,19.0543,19.04967,19.04679,19.04261,19.04168,19.04094,19.04033,19.03983,19.03954,0.0,1.340623,26.50228,0.3755078,0.7902884,19.56585,2.006579,0.07664673,19.1392,0.8082786221394,0.04052221635304,0.58740413598669,4316,0.8082791,0.0405216,0.5874035,21454191,1,2967,3065.794,107.28478,19.135857,0.048292283,20.57165,0.06396679,19.562325,0.04729439,19.366434,0.047150165,19.108643,0.05238872,19.089113,0.059767365,19.09164,0.08390659,99.99,-3.463138,-6.179816,268.96936,24.98652,7.0,3946.0,7.446532,3945.8987,8753121639,0,0.86218,0.714435,-0.03954,0.9468,0.8496,76.006805,2e-06,2.5,5.94,0.123549,0.000686,0.000674,-4e-06,0.959075,1.497837,2.635254,3.205201,3.482575,60.0,1.1828,0.0986041,-0.00906389,0.0298196,21.82677,211.084,0.0,232201331,17188279791115,101,2015-12-31 23:59:59
56954.3861872,19.085428,0.04312662,42771105001343,2.870062,35.973013,1,1,4.120647e-07,85,19,17,0.0,0.0,19.15097,19.15097,19.1769,19.17464,0.1155885,0.114678,21962332002955,2.870025,35.973027,4277,10,56954.3909372,2016,19.090637,21.840822,27.814749,2.05,2.463582,0,131088,0,1,17188279791113,446287361,4.120647e-07,3.664948,1.0,0.001282676,19.52443,2.715182,0.06800461,19.03426,0,0,0,3,1,0,0,0,0,0,0,0,0,0,0,5,8,19.08906,19.07339,19.0597,19.05207,19.04796,19.04539,19.04168,19.04086,19.0402,19.03966,19.03921,19.03895,1.523657,31.50323,0.38137,0.7939905,1.807181,0.0756269,19.13832,3.410669,1.0,0.001267726,19.52443,2.715182,0.07005119,19.03426,0,0,0,4,1,0,0,0,0,0,0,0,0,0,0,5,9,19.08215,19.07258,19.06246,19.0543,19.04967,19.04679,19.04261,19.04168,19.04094,19.04033,19.03983,19.03954,0.0,1.340623,26.50228,0.3755078,0.7902884,19.56585,2.006579,0.07664673,19.1392,0.8082786221394,0.04052221635304,0.58740413598669,4316,0.8082785,0.0405217,0.5874043,21962332,1,2955,3087.7632,100.97849,19.090637,0.04312662,20.22876,0.0552423,19.304056,0.041664112,19.149454,0.04234037,19.068888,0.053896185,19.0514,0.062286343,19.048363,0.069430545,99.99,-3.587381,-6.600399,562.87396,27.973053,5.0,3953.0,5.084503,3953.2393,8759554486,0,0.5676,0.560941,0.046002,0.7884,0.7272,-47.418465,2e-06,2.5,5.28,0.151509,0.00044,0.000436,6e-06,0.812134,1.269495,2.103152,2.511292,2.774208,60.0,1.3434,0.0689023,0.0210857,0.0244661,20.974005,174.29,0.0,232201331,17188279791117,101,2015-12-31 23:59:59
56917.4951772,18.822878,0.20133366,42771105001343,2.870062,35.973013,1,1,4.120647e-07,85,19,17,0.0,0.0,19.15097,19.15097,19.1769,19.17464,0.1155885,0.114678,21393193001531,2.869994,35.972996,4277,10,56917.4995972,1981,19.33488,20.855618,27.378832,2.45,2.741605,0,12714000,0,1,17188279791113,446287361,4.120647e-07,3.664948,1.0,0.001282676,19.52443,2.715182,0.06800461,19.03426,0,0,0,3,1,0,0,0,0,0,0,0,0,0,0,5,8,19.08906,19.07339,19.0597,19.05207,19.04796,19.04539,19.04168,19.04086,19.0402,19.03966,19.03921,19.03895,1.523657,31.50323,0.38137,0.7939905,1.807181,0.0756269,19.13832,3.410669,1.0,0.001267726,19.52443,2.715182,0.07005119,19.03426,0,0,0,4,1,0,0,0,0,0,0,0,0,0,0,5,9,19.08215,19.07258,19.06246,19.0543,19.04967,19.04679,19.04261,19.04168,19.04094,19.04033,19.03983,19.03954,0.0,1.340623,26.50228,0.3755078,0.7902884,19.56585,2.006579,0.07664673,19.1392,0.8082786221394,0.04052221635304,0.58740413598669,4316,0.8082788,0.0405213,0.5874039,21393193,1,1531,1650.3645,111.06961,19.387424,0.19991425,20.509491,0.21113952,19.513067,0.20019315,19.346083,0.20154384,19.26655,0.21533866,19.264734,0.2266729,19.226381,0.23474964,99.99,-3.850044,-5.905083,835.702,34.005867,5.0,3951.0,4.629879,3950.422,8752078527,0,0.625949,0.629895,-0.000801,0.8028,0.7992,20.984268,1e-06,2.5,5.94,0.828349,0.002149,0.002165,6e-06,0.867632,1.281802,2.003119,2.32305,2.500464,60.0,1.3931,-0.124086,0.23199,0.187599,19.974924,254.087,-0.801559,232201331,17188279791113,101,2015-12-31 23:59:59
56952.3456172,19.040691,0.04579762,42771105001343,2.870062,35.973013,1,1,4.120647e-07,85,19,17,0.0,0.0,19.15097,19.15097,19.1769,19.17464,0.1155885,0.114678,21925625003015,2.870049,35.973011,4277,10,56952.3503872,2014,19.040327,21.916765,27.86338,2.25,2.714587,0,131088,0,1,17188279791113,446287361,4.120647e-07,3.664948,1.0,0.001282676,19.52443,2.715182,0.06800461,19.03426,0,0,0,3,1,0,0,0,0,0,0,0,0,0,0,5,8,19.08906,19.07339,19.0597,19.05207,19.04796,19.04539,19.04168,19.04086,19.0402,19.03966,19.03921,19.03895,1.523657,31.50323,0.38137,0.7939905,1.807181,0.0756269,19.13832,3.410669,1.0,0.001267726,19.52443,2.715182,0.07005119,19.03426,0,0,0,4,1,0,0,0,0,0,0,0,0,0,0,5,9,19.08215,19.07258,19.06246,19.0543,19.04967,19.04679,19.04261,19.04168,19.04094,19.04033,19.03983,19.03954,0.0,1.340623,26.50228,0.3755078,0.7902884,19.56585,2.006579,0.07664673,19.1392,0.8082786221394,0.04052221635304,0.58740413598669,4316,0.8082787,0.040522,0.5874041,21925625,1,3015,3382.371,108.81597,19.03779,0.04508461,20.376846,0.05770082,19.385948,0.043979295,19.19314,0.043833833,18.976469,0.04916865,18.944973,0.055356823,18.949135,0.07534975,99.99,-3.488195,-6.33999,442.88077,25.564825,8.0,3961.0,8.490142,3961.3455,8760462751,0,0.690525,0.739591,0.010847,0.8712,0.8388,-11.123299,2e-06,2.5,5.94,0.672012,0.000489,0.000495,1e-06,0.916685,1.430312,2.423207,2.941517,3.210772,60.0,1.14,0.0506658,0.032598,0.0296101,21.280796,198.084,0.0,232201331,17188279791113,101,2015-12-31 23:59:59
56956.3694372,19.109451,0.31670952,42771105001343,2.870062,35.973013,1,1,4.120647e-07,85,19,17,0.0,0.0,19.15097,19.15097,19.1769,19.17464,0.1155885,0.114678,22003170001310,2.870007,35.973086,4277,10,56956.3741372,2018,19.78355,20.059393,26.992785,3.55,4.530986,0,0,0,1,17188279791113,446287361,4.120647e-07,3.664948,1.0,0.001282676,19.52443,2.715182,0.06800461,19.03426,0,0,0,3,1,0,0,0,0,0,0,0,0,0,0,5,8,19.08906,19.07339,19.0597,19.05207,19.04796,19.04539,19.04168,19.04086,19.0402,19.03966,19.03921,19.03895,1.523657,31.50323,0.38137,0.7939905,1.807181,0.0756269,19.13832,3.410669,1.0,0.001267726,19.52443,2.715182,0.07005119,19.03426,0,0,0,4,1,0,0,0,0,0,0,0,0,0,0,5,9,19.08215,19.07258,19.06246,19.0543,19.04967,19.04679,19.04261,19.04168,19.04094,19.04033,19.03983,19.03954,0.0,1.340623,26.50228,0.3755078,0.7902884,19.56585,2.006579,0.07664673,19.1392,0.8082786221394,0.04052221635304,0.58740413598669,4316,0.8082779,0.0405214,0.5874052,22003170,1,1310,765.0578,120.68093,20.56411,0.32798073,21.400227,0.38962483,20.169868,0.3205482,19.93603,0.32121837,19.791363,0.3640478,19.72385,0.3947217,19.490726,0.3729327,99.99,-3.869774,-4.857927,1036.8481,36.31857,8.0,3956.0,8.346705,3955.8875,8759704261,0,0.983656,0.920916,0.234752,1.1016,0.8568,-48.73026,0.0,3.499293,7.259999,0.433452,0.022252,0.022227,9.5e-05,1.043653,1.611403,2.420798,3.019386,3.199327,60.0,1.2809,-1.90872,1.96427,0.266381,19.453054,150.309,0.0,232201331,17188279791106,101,2015-12-31 23:59:59
56915.4571772,19.082352,0.057696085,42771105001343,2.870062,35.973013,1,1,4.120647e-07,85,19,17,0.0,0.0,19.15097,19.15097,19.1769,19.17464,0.1155885,0.114678,21345817002460,2.870014,35.972988,4277,10,56915.4615272,1978,19.081612,21.337154,27.847061,2.35,3.024804,0,131072,0,1,17188279791113,446287361,4.120647e-07,3.664948,1.0,0.001282676,19.52443,2.715182,0.06800461,19.03426,0,0,0,3,1,0,0,0,0,0,0,0,0,0,0,5,8,19.08906,19.07339,19.0597,19.05207,19.04796,19.04539,19.04168,19.04086,19.0402,19.03966,19.03921,19.03895,1.523657,31.50323,0.38137,0.7939905,1.807181,0.0756269,19.13832,3.410669,1.0,0.001267726,19.52443,2.715182,0.07005119,19.03426,0,0,0,4,1,0,0,0,0,0,0,0,0,0,0,5,9,19.08215,19.07258,19.06246,19.0543,19.04967,19.04679,19.04261,19.04168,19.04094,19.04033,19.03983,19.03954,0.0,1.340623,26.50228,0.3755078,0.7902884,19.56585,2.006579,0.07664673,19.1392,0.8082786221394,0.04052221635304,0.58740413598669,4316,0.8082789,0.0405216,0.5874038,21345817,1,2460,3207.599,143.78476,19.077185,0.056807075,20.358505,0.071320936,19.390669,0.056337595,19.19389,0.056715727,19.025068,0.070394516,19.019402,0.083826855,19.032728,0.101269096,99.99,-3.979459,-6.362803,1141.972,40.293266,9.0,3947.0,8.843235,3947.487,8751131553,0,0.697616,0.715792,-0.006643,0.8568,0.8424,20.871841,2e-06,2.5,5.28,0.11558,0.001049,0.001049,-4e-06,0.907074,1.390453,2.304719,2.714675,2.947393,60.0,1.1758,0.0585241,0.0304564,0.0309677,20.226572,277.176,-1.48609,232201331,17188279791113,101,2015-12-31 23:59:59
56912.4665472,19.190619,0.08416348,42771105001343,2.870062,35.973013,1,1,4.120647e-07,85,19,17,0.0,0.0,19.15097,19.15097,19.1769,19.17464,0.1155885,0.114678,21319114002050,2.870117,35.973011,4277,10,56912.4707872,1976,19.199791,20.851791,27.858212,1.95,3.122052,0,131088,0,1,17188279791113,446287361,4.120647e-07,3.664948,1.0,0.001282676,19.52443,2.715182,0.06800461,19.03426,0,0,0,3,1,0,0,0,0,0,0,0,0,0,0,5,8,19.08906,19.07339,19.0597,19.05207,19.04796,19.04539,19.04168,19.04086,19.0402,19.03966,19.03921,19.03895,1.523657,31.50323,0.38137,0.7939905,1.807181,0.0756269,19.13832,3.410669,1.0,0.001267726,19.52443,2.715182,0.07005119,19.03426,0,0,0,4,1,0,0,0,0,0,0,0,0,0,0,5,9,19.08215,19.07258,19.06246,19.0543,19.04967,19.04679,19.04261,19.04168,19.04094,19.04033,19.03983,19.03954,0.0,1.340623,26.50228,0.3755078,0.7902884,19.56585,2.006579,0.07664673,19.1392,0.8082786221394,0.04052221635304,0.58740413598669,4316,0.8082786,0.040523,0.5874041,21319114,1,2050,2906.4849,209.7701,19.243538,0.08321254,20.36239,0.103595175,19.40445,0.08395863,19.211163,0.086086124,19.208254,0.13108514,19.38913,0.19027947,19.484756,0.22223815,99.99,-4.5895,-6.451614,4164.108,70.73644,7.0,3950.0,7.449552,3950.0996,8750410725,0,0.570462,0.664181,0.00844,0.8244,0.7632,-4.562263,1e-06,2.5,5.28,0.014494,0.002568,0.002578,-6e-06,0.846546,1.287601,2.065033,2.353056,2.4803,60.0,1.1802,0.176181,-0.0749124,0.0306605,18.83389,313.982,-2.9861,232201331,17188279787790,101,2015-12-31 23:59:59
56951.3935672,19.157328,0.07815276,42771105001343,2.870062,35.973013,1,1,4.120647e-07,85,19,17,0.0,0.0,19.15097,19.15097,19.1769,19.17464,0.1155885,0.114678,21906499002777,2.870034,35.973012,4277,10,56951.3983572,2013,19.170275,21.717537,27.73256,2.45,2.686496,0,131088,0,1,17188279791113,446287361,4.120647e-07,3.664948,1.0,0.001282676,19.52443,2.715182,0.06800461,19.03426,0,0,0,3,1,0,0,0,0,0,0,0,0,0,0,5,8,19.08906,19.07339,19.0597,19.05207,19.04796,19.04539,19.04168,19.04086,19.0402,19.03966,19.03921,19.03895,1.523657,31.50323,0.38137,0.7939905,1.807181,0.0756269,19.13832,3.410669,1.0,0.001267726,19.52443,2.715182,0.07005119,19.03426,0,0,0,4,1,0,0,0,0,0,0,0,0,0,0,5,9,19.08215,19.07258,19.06246,19.0543,19.04967,19.04679,19.04261,19.04168,19.04094,19.04033,19.03983,19.03954,0.0,1.340623,26.50228,0.3755078,0.7902884,19.56585,2.006579,0.07664673,19.1392,0.8082786221394,0.04052221635304,0.58740413598669,4316,0.8082787,0.0405218,0.5874041,21906499,1,2777,2660.2021,92.434135,19.170275,0.07815276,20.47253,0.0901494,19.459518,0.07782814,19.25081,0.07754989,19.131937,0.08400002,19.118341,0.09041092,19.108017,0.09316412,99.99,-3.445172,-6.374282,401.58044,24.602346,8.0,3958.0,8.016228,3958.1035,8758802377,0,0.687353,0.654856,-0.003074,0.8388,0.8172,83.878815,2e-06,2.5,4.62,0.497394,0.000608,0.000596,0.0,0.880032,1.379218,2.2542,2.590915,2.878826,60.0,1.3386,-0.0591342,0.142682,0.0684392,21.229443,208.875,0.0,232201331,17188279791113,101,2015-12-31 23:59:59
56942.4234572,19.095825,0.073699035,42771105001343,2.870062,35.973013,1,1,4.120647e-07,85,19,17,0.0,0.0,19.15097,19.15097,19.1769,19.17464,0.1155885,0.114678,21771002002168,2.870005,35.973044,4277,10,56942.4283172,2006,19.098255,20.945805,27.79885,2.05,3.101599,0,131088,0,1,17188279791113,446287361,4.120647e-07,3.664948,1.0,0.001282676,19.52443,2.715182,0.06800461,19.03426,0,0,0,3,1,0,0,0,0,0,0,0,0,0,0,5,8,19.08906,19.07339,19.0597,19.05207,19.04796,19.04539,19.04168,19.04086,19.0402,19.03966,19.03921,19.03895,1.523657,31.50323,0.38137,0.7939905,1.807181,0.0756269,19.13832,3.410669,1.0,0.001267726,19.52443,2.715182,0.07005119,19.03426,0,0,0,4,1,0,0,0,0,0,0,0,0,0,0,5,9,19.08215,19.07258,19.06246,19.0543,19.04967,19.04679,19.04261,19.04168,19.04094,19.04033,19.03983,19.03954,0.0,1.340623,26.50228,0.3755078,0.7902884,19.56585,2.006579,0.07664673,19.1392,0.8082786221394,0.04052221635304,0.58740413598669,4316,0.8082783,0.0405214,0.5874046,21771002,1,2168,3021.6008,183.78769,19.096455,0.07223634,20.418385,0.09807009,19.335999,0.07229967,19.139698,0.074204065,19.009735,0.09810781,18.977694,0.114576206,18.948238,0.11037665,99.99,-4.383038,-6.451275,2834.2234,58.296555,5.0,3937.0,4.956014,3937.114,8755315535,0,0.684456,0.624679,0.038652,0.8496,0.7884,-64.17897,1e-06,2.5,4.62,0.316358,0.001932,0.001923,7e-06,0.851985,1.356947,2.150662,2.449739,2.614401,60.0,1.3712,0.0488339,0.0412114,0.0326826,19.190218,308.911,-2.43696,232201331,17188279791117,101,2015-12-31 23:59:59
56911.4336372,19.177925,0.10832107,42771105001343,2.870062,35.973013,1,1,4.120647e-07,85,19,17,0.0,0.0,19.15097,19.15097,19.1769,19.17464,0.1155885,0.114678,21285627001875,2.869993,35.973046,4277,10,56911.4378272,1975,19.168957,20.544334,27.864876,2.25,2.784114,0,131088,0,1,17188279791113,446287361,4.120647e-07,3.664948,1.0,0.001282676,19.52443,2.715182,0.06800461,19.03426,0,0,0,3,1,0,0,0,0,0,0,0,0,0,0,5,8,19.08906,19.07339,19.0597,19.05207,19.04796,19.04539,19.04168,19.04086,19.0402,19.03966,19.03921,19.03895,1.523657,31.50323,0.38137,0.7939905,1.807181,0.0756269,19.13832,3.410669,1.0,0.001267726,19.52443,2.715182,0.07005119,19.03426,0,0,0,4,1,0,0,0,0,0,0,0,0,0,0,5,9,19.08215,19.07258,19.06246,19.0543,19.04967,19.04679,19.04261,19.04168,19.04094,19.04033,19.03983,19.03954,0.0,1.340623,26.50228,0.3755078,0.7902884,19.56585,2.006579,0.07664673,19.1392,0.8082786221394,0.04052221635304,0.58740413598669,4316,0.8082783,0.0405212,0.5874046,21285627,1,1875,3008.6235,285.14478,19.389553,0.09737335,20.391575,0.11747729,19.480015,0.10036221,19.294727,0.10473972,18.948938,0.119404875,18.919357,0.14289732,18.748627,0.20565629,99.99,-4.740569,-6.520134,5565.754,81.3567,8.0,3947.0,7.966443,3947.4187,8749756808,0,0.658304,0.700018,-0.093757,0.8892,0.7704,39.17693,1e-06,3.099013,9.24,0.876976,0.004051,0.004058,-2e-05,0.857092,1.376628,2.331529,2.7614,2.909419,60.0,1.0768,0.0244571,0.0670011,0.0337563,18.523521,327.633,-3.40612,232201331,17188279791117,101,2015-12-31 23:59:59
56921.4750472,19.096205,0.047092095,42771105001343,2.870062,35.973013,1,1,4.120647e-07,85,19,17,0.0,0.0,19.15097,19.15097,19.1769,19.17464,0.1155885,0.114678,21454217002944,2.87002,35.973002,4277,10,56921.4795972,1984,19.10178,22.020452,27.842875,2.45,2.546896,0,12714000,0,1,17188279791113,446287361,4.120647e-07,3.664948,1.0,0.001282676,19.52443,2.715182,0.06800461,19.03426,0,0,0,3,1,0,0,0,0,0,0,0,0,0,0,5,8,19.08906,19.07339,19.0597,19.05207,19.04796,19.04539,19.04168,19.04086,19.0402,19.03966,19.03921,19.03895,1.523657,31.50323,0.38137,0.7939905,1.807181,0.0756269,19.13832,3.410669,1.0,0.001267726,19.52443,2.715182,0.07005119,19.03426,0,0,0,4,1,0,0,0,0,0,0,0,0,0,0,5,9,19.08215,19.07258,19.06246,19.0543,19.04967,19.04679,19.04261,19.04168,19.04094,19.04033,19.03983,19.03954,0.0,1.340623,26.50228,0.3755078,0.7902884,19.56585,2.006579,0.07664673,19.1392,0.8082786221394,0.04052221635304,0.58740413598669,4316,0.8082788,0.0405216,0.587404,21454217,1,2944,3136.4475,105.26579,19.089489,0.04680708,20.393394,0.05848423,19.470934,0.046055928,19.280731,0.046176452,19.031073,0.05107239,18.977392,0.05567591,18.990276,0.06723001,99.99,-3.48776,-6.255979,295.60352,24.309908,4.0,3947.0,4.515366,3947.3606,8753283400,0,0.775446,0.751089,0.014763,0.8964,0.8712,-66.377716,2e-06,2.5,5.28,0.759929,0.000608,0.000606,5e-06,0.912171,1.473699,2.50117,2.938967,3.159312,60.0,1.336,0.0986041,-0.00906389,0.0298196,21.69562,210.731,-0.122129,232201331,17188279791113,101,2015-12-31 23:59:59
56931.4907072,19.084867,0.05238141,42771105001343,2.870062,35.973013,1,1,4.120647e-07,85,19,17,0.0,0.0,19.15097,19.15097,19.1769,19.17464,0.1155885,0.114678,22270776002672,2.870051,35.973027,4277,10,56931.4954772,1994,19.0791,21.592384,27.754961,2.45,2.93193,0,131072,0,1,17188279791113,446287361,4.120647e-07,3.664948,1.0,0.001282676,19.52443,2.715182,0.06800461,19.03426,0,0,0,3,1,0,0,0,0,0,0,0,0,0,0,5,8,19.08906,19.07339,19.0597,19.05207,19.04796,19.04539,19.04168,19.04086,19.0402,19.03966,19.03921,19.03895,1.523657,31.50323,0.38137,0.7939905,1.807181,0.0756269,19.13832,3.410669,1.0,0.001267726,19.52443,2.715182,0.07005119,19.03426,0,0,0,4,1,0,0,0,0,0,0,0,0,0,0,5,9,19.08215,19.07258,19.06246,19.0543,19.04967,19.04679,19.04261,19.04168,19.04094,19.04033,19.03983,19.03954,0.0,1.340623,26.50228,0.3755078,0.7902884,19.56585,2.006579,0.07664673,19.1392,0.8082786221394,0.04052221635304,0.58740413598669,4316,0.8082785,0.0405221,0.5874043,22270776,1,2672,2953.5525,118.47157,19.085138,0.052033484,20.420324,0.06723324,19.422045,0.050515108,19.22792,0.050891865,19.028702,0.060258027,18.991577,0.069313034,19.00996,0.08732299,99.99,-3.677514,-6.201787,565.575,30.326687,9.0,3946.0,9.279364,3946.475,8755243001,0,0.720284,0.73764,-0.007097,0.8712,0.8568,23.32017,2e-06,2.5,5.28,0.476464,0.000829,0.00083,1e-06,0.92251,1.432223,2.414921,2.874389,3.134233,60.0,1.6843,0.0973631,-0.00468077,0.0290904,20.913588,93.9279,0.0,232201331,17188279791117,101,2015-12-31 23:59:59
56934.4482772,19.155573,0.32361135,42771105001343,2.870062,35.973013,1,1,4.120647e-07,85,19,17,0.0,0.0,19.15097,19.15097,19.1769,19.17464,0.1155885,0.114678,21642339002523,2.870058,35.973019,4277,10,56934.4530872,1997,18.50275,20.82946,27.140781,2.85,3.457713,0,131088,0,1,17188279791113,446287361,4.120647e-07,3.664948,1.0,0.001282676,19.52443,2.715182,0.06800461,19.03426,0,0,0,3,1,0,0,0,0,0,0,0,0,0,0,5,8,19.08906,19.07339,19.0597,19.05207,19.04796,19.04539,19.04168,19.04086,19.0402,19.03966,19.03921,19.03895,1.523657,31.50323,0.38137,0.7939905,1.807181,0.0756269,19.13832,3.410669,1.0,0.001267726,19.52443,2.715182,0.07005119,19.03426,0,0,0,4,1,0,0,0,0,0,0,0,0,0,0,5,9,19.08215,19.07258,19.06246,19.0543,19.04967,19.04679,19.04261,19.04168,19.04094,19.04033,19.03983,19.03954,0.0,1.340623,26.50228,0.3755078,0.7902884,19.56585,2.006579,0.07664673,19.1392,0.8082786221394,0.04052221635304,0.58740413598669,4316,0.8082786,0.0405222,0.5874042,21642339,1,2523,2852.412,121.73649,18.526535,0.3233768,20.06409,0.32866982,18.93918,0.32354552,18.705067,0.32336605,18.450455,0.32475546,18.405054,0.32648367,18.456821,0.33164737,99.99,-3.6615,-5.942393,567.1252,29.841328,6.0,3946.0,5.99608,3945.6436,8754429999,0,1.007647,0.871664,-0.024366,1.0188,0.9432,80.2328,2e-06,2.5,5.28,0.440818,0.001245,0.00122,-2e-06,1.032546,1.586172,2.572493,3.004876,3.237976,60.0,1.3905,-2.39644,2.33362,0.320275,20.311695,54.9474,0.0,232201331,17188279791113,101,2015-12-31 23:59:59
56923.4399372,19.182241,0.052314583,42771105001343,2.870062,35.973013,1,1,4.120647e-07,85,19,17,0.0,0.0,19.15097,19.15097,19.1769,19.17464,0.1155885,0.114678,21491454002686,2.870069,35.972974,4277,10,56923.4445472,1986,19.17814,21.691137,27.852867,2.75,3.603296,0,131088,0,1,17188279791113,446287361,4.120647e-07,3.664948,1.0,0.001282676,19.52443,2.715182,0.06800461,19.03426,0,0,0,3,1,0,0,0,0,0,0,0,0,0,0,5,8,19.08906,19.07339,19.0597,19.05207,19.04796,19.04539,19.04168,19.04086,19.0402,19.03966,19.03921,19.03895,1.523657,31.50323,0.38137,0.7939905,1.807181,0.0756269,19.13832,3.410669,1.0,0.001267726,19.52443,2.715182,0.07005119,19.03426,0,0,0,4,1,0,0,0,0,0,0,0,0,0,0,5,9,19.08215,19.07258,19.06246,19.0543,19.04967,19.04679,19.04261,19.04168,19.04094,19.04033,19.03983,19.03954,0.0,1.340623,26.50228,0.3755078,0.7902884,19.56585,2.006579,0.07664673,19.1392,0.8082786221394,0.04052221635304,0.58740413598669,4316,0.808279,0.0405223,0.5874036,21491454,1,2686,2950.4683,117.21209,19.197016,0.051511012,20.70333,0.071803875,19.651499,0.05241524,19.410686,0.05122899,19.155212,0.05795193,19.098526,0.06539128,19.166754,0.09089198,99.99,-3.582415,-6.041626,451.29428,27.796894,8.0,3951.0,8.123595,3950.677,8752953856,0,0.984182,0.874964,0.007831,1.0044,0.9468,-86.18347,2e-06,2.5,5.28,0.354435,0.001082,0.001071,3e-06,0.996979,1.621181,2.662091,3.139069,3.41469,60.0,1.1932,0.120322,-0.0261303,0.0295888,21.262613,189.078,0.0,232201331,17188279791113,101,2015-12-31 23:59:59
56913.5183572,19.233032,0.09059657,42771105001343,2.870062,35.973013,1,1,4.120647e-07,85,19,17,0.0,0.0,19.15097,19.15097,19.1769,19.17464,0.1155885,0.114678,21328884001939,2.87002,35.972993,4277,10,56913.5226372,1977,19.231363,20.612804,27.76269,2.15,2.716726,0,131088,0,1,17188279791113,446287361,4.120647e-07,3.664948,1.0,0.001282676,19.52443,2.715182,0.06800461,19.03426,0,0,0,3,1,0,0,0,0,0,0,0,0,0,0,5,8,19.08906,19.07339,19.0597,19.05207,19.04796,19.04539,19.04168,19.04086,19.0402,19.03966,19.03921,19.03895,1.523657,31.50323,0.38137,0.7939905,1.807181,0.0756269,19.13832,3.410669,1.0,0.001267726,19.52443,2.715182,0.07005119,19.03426,0,0,0,4,1,0,0,0,0,0,0,0,0,0,0,5,9,19.08215,19.07258,19.06246,19.0543,19.04967,19.04679,19.04261,19.04168,19.04094,19.04033,19.03983,19.03954,0.0,1.340623,26.50228,0.3755078,0.7902884,19.56585,2.006579,0.07664673,19.1392,0.8082786221394,0.04052221635304,0.58740413598669,4316,0.8082789,0.0405216,0.5874038,21328884,1,1939,2585.417,209.79222,19.350239,0.08947156,20.335873,0.1079033,19.408041,0.089810826,19.2542,0.09641548,19.227219,0.1468866,19.315884,0.19791202,19.31298,0.21880057,99.99,-4.621591,-6.533898,4398.3364,72.834595,7.0,3954.0,6.81766,3954.1812,8749841168,0,0.51155,0.535025,0.05175,0.7668,0.6948,-38.759556,1e-06,2.5,5.94,0.418708,0.002811,0.002809,5e-06,0.769125,1.221059,1.999976,2.369611,2.593561,60.0,1.4831,0.0568587,0.0266994,0.0210256,18.670387,300.573,-2.54947,232201331,17188279791113,101,2015-12-31 23:59:59
56914.4597072,19.151035,0.07492388,42771105001343,2.870062,35.973013,1,1,4.120647e-07,85,19,17,0.0,0.0,19.15097,19.15097,19.1769,19.17464,0.1155885,0.114678,21363867002299,2.870021,35.973044,4277,10,56914.4640272,1979,19.147202,21.127121,27.809483,2.15,2.529524,0,131088,0,1,17188279791113,446287361,4.120647e-07,3.664948,1.0,0.001282676,19.52443,2.715182,0.06800461,19.03426,0,0,0,3,1,0,0,0,0,0,0,0,0,0,0,5,8,19.08906,19.07339,19.0597,19.05207,19.04796,19.04539,19.04168,19.04086,19.0402,19.03966,19.03921,19.03895,1.523657,31.50323,0.38137,0.7939905,1.807181,0.0756269,19.13832,3.410669,1.0,0.001267726,19.52443,2.715182,0.07005119,19.03426,0,0,0,4,1,0,0,0,0,0,0,0,0,0,0,5,9,19.08215,19.07258,19.06246,19.0543,19.04967,19.04679,19.04261,19.04168,19.04094,19.04033,19.03983,19.03954,0.0,1.340623,26.50228,0.3755078,0.7902884,19.56585,2.006579,0.07664673,19.1392,0.8082786221394,0.04052221635304,0.58740413598669,4316,0.8082783,0.0405216,0.5874046,21363867,1,2299,2916.838,181.50273,19.245232,0.06980583,20.453629,0.08846648,19.465214,0.06926501,19.28038,0.071501955,19.085453,0.0893271,19.043322,0.104806654,18.969854,0.123606116,99.99,-4.19242,-6.437652,1863.1931,49.13925,8.0,3950.0,7.828584,3950.0469,8750978165,0,0.674481,0.617512,-0.066889,0.8568,0.7668,56.90391,1e-06,2.837156,5.94,0.356231,0.001713,0.001694,-7e-06,0.861712,1.375446,2.385075,2.957157,3.289869,60.0,1.1751,0.0150876,0.071561,0.0323564,19.65324,289.007,-1.95456,232201331,17188279791117,101,2015-12-31 23:59:59
56949.3741472,19.260036,0.053026527,42771105001343,2.870062,35.973013,1,1,4.120647e-07,85,19,17,0.0,0.0,19.15097,19.15097,19.1769,19.17464,0.1155885,0.114678,21862818002842,2.870024,35.972981,4277,10,56949.3789572,2011,19.256758,21.73063,27.80897,2.45,2.800608,0,131072,0,1,17188279791113,446287361,4.120647e-07,3.664948,1.0,0.001282676,19.52443,2.715182,0.06800461,19.03426,0,0,0,3,1,0,0,0,0,0,0,0,0,0,0,5,8,19.08906,19.07339,19.0597,19.05207,19.04796,19.04539,19.04168,19.04086,19.0402,19.03966,19.03921,19.03895,1.523657,31.50323,0.38137,0.7939905,1.807181,0.0756269,19.13832,3.410669,1.0,0.001267726,19.52443,2.715182,0.07005119,19.03426,0,0,0,4,1,0,0,0,0,0,0,0,0,0,0,5,9,19.08215,19.07258,19.06246,19.0543,19.04967,19.04679,19.04261,19.04168,19.04094,19.04033,19.03983,19.03954,0.0,1.340623,26.50228,0.3755078,0.7902884,19.56585,2.006579,0.07664673,19.1392,0.8082786221394,0.04052221635304,0.58740413598669,4316,0.808279,0.0405217,0.5874037,21862818,1,2842,2635.6301,103.52015,19.241497,0.051100083,20.507952,0.06500938,19.48128,0.04831425,19.334684,0.049692106,19.168772,0.05883417,19.198902,0.07023041,19.163969,0.06603615,99.99,-3.515867,-6.232213,479.4037,26.221054,8.0,3961.0,8.338573,3960.6062,8758140992,0,0.67232,0.650772,0.014916,0.8352,0.81,-64.04901,2e-06,2.5,3.96,0.754968,0.000641,0.000639,1e-06,0.910794,1.344866,2.106966,2.637643,2.974844,60.0,1.2142,0.0281205,0.0503065,0.0315018,21.145433,231.203,0.0,232201331,17188279791113,101,2015-12-31 23:59:59
56920.4932272,19.21744,0.05252547,42771105001343,2.870062,35.973013,1,1,4.120647e-07,85,19,17,0.0,0.0,19.15097,19.15097,19.1769,19.17464,0.1155885,0.114678,21436302002818,2.870033,35.973028,4277,10,56920.4977472,1983,19.220476,21.662214,27.797592,2.85,3.015125,0,131088,0,1,17188279791113,446287361,4.120647e-07,3.664948,1.0,0.001282676,19.52443,2.715182,0.06800461,19.03426,0,0,0,3,1,0,0,0,0,0,0,0,0,0,0,5,8,19.08906,19.07339,19.0597,19.05207,19.04796,19.04539,19.04168,19.04086,19.0402,19.03966,19.03921,19.03895,1.523657,31.50323,0.38137,0.7939905,1.807181,0.0756269,19.13832,3.410669,1.0,0.001267726,19.52443,2.715182,0.07005119,19.03426,0,0,0,4,1,0,0,0,0,0,0,0,0,0,0,5,9,19.08215,19.07258,19.06246,19.0543,19.04967,19.04679,19.04261,19.04168,19.04094,19.04033,19.03983,19.03954,0.0,1.340623,26.50228,0.3755078,0.7902884,19.56585,2.006579,0.07664673,19.1392,0.8082786221394,0.04052221635304,0.58740413598669,4316,0.8082785,0.0405218,0.5874043,21436302,1,2818,2696.7842,106.00547,19.221048,0.05202202,20.531895,0.06713772,19.522453,0.050321538,19.342606,0.0508151,19.128384,0.05886728,19.103228,0.067130595,19.117321,0.0870733,99.99,-3.564349,-6.12359,396.96442,27.332327,5.0,3946.0,5.217081,3946.5046,8752554896,0,0.733691,0.744394,0.015406,0.8784,0.8604,-35.97066,2e-06,2.5,5.94,0.936567,0.000795,0.000798,2e-06,0.897929,1.428488,2.318514,2.780381,3.04395,60.0,1.437,0.0945518,-0.00635828,0.0306035,21.34172,221.417,-0.225366,232201331,17188279791117,101,2015-12-31 23:59:59
56952.3742972,19.047836,0.045266625,42771105001343,2.870062,35.973013,1,1,4.120647e-07,85,19,17,0.0,0.0,19.15097,19.15097,19.1769,19.17464,0.1155885,0.114678,21925648003007,2.870043,35.973005,4277,10,56952.3790672,2014,19.043612,21.899372,27.845436,2.15,2.541435,0,131088,0,1,17188279791113,446287361,4.120647e-07,3.664948,1.0,0.001282676,19.52443,2.715182,0.06800461,19.03426,0,0,0,3,1,0,0,0,0,0,0,0,0,0,0,5,8,19.08906,19.07339,19.0597,19.05207,19.04796,19.04539,19.04168,19.04086,19.0402,19.03966,19.03921,19.03895,1.523657,31.50323,0.38137,0.7939905,1.807181,0.0756269,19.13832,3.410669,1.0,0.001267726,19.52443,2.715182,0.07005119,19.03426,0,0,0,4,1,0,0,0,0,0,0,0,0,0,0,5,9,19.08215,19.07258,19.06246,19.0543,19.04967,19.04679,19.04261,19.04168,19.04094,19.04033,19.03983,19.03954,0.0,1.340623,26.50228,0.3755078,0.7902884,19.56585,2.006579,0.07664673,19.1392,0.8082786221394,0.04052221635304,0.58740413598669,4316,0.8082787,0.040522,0.587404,21925648,1,3007,3316.8774,104.572136,19.010931,0.045266625,20.25318,0.056568526,19.311352,0.04340428,19.157846,0.043979295,18.967379,0.050409045,18.946608,0.057256844,18.885006,0.06633527,99.99,-3.524546,-6.569067,486.15036,26.434593,7.0,3959.0,6.948061,3958.7537,8760793493,0,0.630621,0.600012,0.014661,0.8064,0.7812,-69.09049,2e-06,2.5,5.28,0.167625,0.000417,0.000415,0.0,0.85629,1.328883,2.269146,2.765805,3.048292,60.0,1.2513,0.0506658,0.032598,0.0296101,21.165268,197.756,0.0,232201331,17188279791113,101,2015-12-31 23:59:59
56943.4182072,19.22427,0.0721722,42771105001343,2.870062,35.973013,1,1,4.120647e-07,85,19,17,0.0,0.0,19.15097,19.15097,19.1769,19.17464,0.1155885,0.114678,21786106002170,2.870043,35.97302,4277,10,56943.4230572,2002,19.20344,20.877441,27.788885,2.65,3.093859,0,131088,0,1,17188279791113,446287361,4.120647e-07,3.664948,1.0,0.001282676,19.52443,2.715182,0.06800461,19.03426,0,0,0,3,1,0,0,0,0,0,0,0,0,0,0,5,8,19.08906,19.07339,19.0597,19.05207,19.04796,19.04539,19.04168,19.04086,19.0402,19.03966,19.03921,19.03895,1.523657,31.50323,0.38137,0.7939905,1.807181,0.0756269,19.13832,3.410669,1.0,0.001267726,19.52443,2.715182,0.07005119,19.03426,0,0,0,4,1,0,0,0,0,0,0,0,0,0,0,5,9,19.08215,19.07258,19.06246,19.0543,19.04967,19.04679,19.04261,19.04168,19.04094,19.04033,19.03983,19.03954,0.0,1.340623,26.50228,0.3755078,0.7902884,19.56585,2.006579,0.07664673,19.1392,0.8082786221394,0.04052221635304,0.58740413598669,4316,0.8082786,0.0405219,0.5874042,21786106,1,2170,2717.5552,161.15659,19.249266,0.07079165,20.489622,0.09221376,19.493628,0.07166848,19.292677,0.0726652,19.09998,0.09167325,19.104115,0.11160704,19.17884,0.14674549,99.99,-4.18685,-6.402002,1884.0083,48.80369,6.0,3937.0,6.434045,3936.8733,8755197093,0,0.849687,0.625731,-0.026876,0.936,0.7992,83.4251,1e-06,2.5,5.94,0.585566,0.002115,0.00209,-6e-06,0.905576,1.439948,2.251113,2.619943,2.772692,60.0,1.3555,0.0403647,0.0431076,0.0325762,19.623089,297.051,-1.97883,232201331,17188279791117,101,2015-12-31 23:59:59
56931.4641872,19.132416,0.044724073,41901040004224,2.870052,35.973011,1,0,4.10359e-07,156,156,147,19.09757,0.03918105,19.06836,19.07314,19.09768,19.10794,0.2216008,0.2188217,22271518000067,2.870078,35.973011,4190,4,56931.4690872,1994,19.138636,21.798439,28.273504,2.35,2.730996,0,131072,0,1,17188279791113,433286192,4.10359e-07,5.946111,1.0,-2.830889e-05,21.41822,20.35583,0.04377174,18.90717,0,0,0,6,2,1,0,0,0,0,0,0,0,0,0,130,13,19.02484,19.00028,18.98177,18.97449,18.96973,18.96549,18.95918,18.95851,18.95751,18.95554,18.95391,18.95296,8.278753,503.2769,0.4547431,0.6438974,1.946226,0.08685247,19.06802,5.378628,1.0,-2.819252e-06,21.41822,20.35583,0.04358768,18.565,2,0,0,6,2,1,0,0,0,0,0,0,0,0,0,138,13,19.01879,18.99326,18.97456,18.9621,18.95554,18.94626,18.927,18.91724,18.90943,18.86749,18.81624,18.78657,21.50066,7.463588,474.9585,0.4471633,0.6501645,19.2061,1.910917,0.08666132,19.06657,0.80827865674462,0.04052208228522,0.58740409761797,4316,0.8082786,0.0405224,0.5874041,22271518,1,67,4507.617,152.85286,19.127302,0.044843543,20.476479,0.058622323,19.494307,0.043649305,19.302208,0.043689992,19.061764,0.049679592,19.03919,0.057196777,19.021114,0.072318405,99.99,-3.860547,-6.751479,728.5554,37.66948,239.0,61.0,239.3326,61.260826,8759126829,0,0.776782,0.748772,-0.013732,0.8928,0.8712,70.00155,2e-06,2.5,5.28,0.192331,0.000614,0.000603,1e-06,0.92417,1.453321,2.421515,2.853834,3.076759,60.0,1.4537,0.0933466,0.008051,0.0253789,21.113417,94.2661,0.0,232201331,17188279791113,101,2015-12-31 23:59:59
56951.3586672,19.023144,0.09745583,41901040004224,2.870052,35.973011,1,0,4.10359e-07,156,156,147,19.09757,0.03918105,19.06836,19.07314,19.09768,19.10794,0.2216008,0.2188217,21905769000087,2.870065,35.973003,4190,4,56951.3635472,2013,19.01094,21.935163,28.23876,2.15,2.143652,0,131072,0,1,17188279791113,433286192,4.10359e-07,5.946111,1.0,-2.830889e-05,21.41822,20.35583,0.04377174,18.90717,0,0,0,6,2,1,0,0,0,0,0,0,0,0,0,130,13,19.02484,19.00028,18.98177,18.97449,18.96973,18.96549,18.95918,18.95851,18.95751,18.95554,18.95391,18.95296,8.278753,503.2769,0.4547431,0.6438974,1.946226,0.08685247,19.06802,5.378628,1.0,-2.819252e-06,21.41822,20.35583,0.04358768,18.565,2,0,0,6,2,1,0,0,0,0,0,0,0,0,0,138,13,19.01879,18.99326,18.97456,18.9621,18.95554,18.94626,18.927,18.91724,18.90943,18.86749,18.81624,18.78657,21.50066,7.463588,474.9585,0.4471633,0.6501645,19.2061,1.910917,0.08666132,19.06657,0.80827865674462,0.04052208228522,0.58740409761797,4316,0.8082787,0.0405223,0.587404,21905769,1,87,4910.5225,129.2449,18.982977,0.09770008,20.132282,0.1018165,19.248266,0.09697527,19.093988,0.09704659,18.94788,0.0993254,18.952381,0.10220989,18.966583,0.10447555,99.99,-3.66476,-7.211514,557.82166,31.861683,243.0,73.0,242.79869,73.05178,8764271357,0,0.568635,0.54534,-0.015545,0.7668,0.7416,65.08862,2e-06,2.5,4.62,0.882026,0.000267,0.00026,-1e-06,0.776623,1.279806,2.151196,2.596119,2.847716,60.0,1.1776,-0.0395941,0.146368,0.0931697,21.305668,209.267,0.0,232201331,17188279791113,101,2015-12-31 23:59:59
56922.4632872,19.055817,0.0445148,41901040004224,2.870052,35.973011,1,0,4.10359e-07,156,156,147,19.09757,0.03918105,19.06836,19.07314,19.09768,19.10794,0.2216008,0.2188217,21471710000077,2.870063,35.972992,4190,4,56922.4679972,1985,19.061441,22.0989,28.307884,1.95,2.44605,0,131072,0,1,17188279791113,433286192,4.10359e-07,5.946111,1.0,-2.830889e-05,21.41822,20.35583,0.04377174,18.90717,0,0,0,6,2,1,0,0,0,0,0,0,0,0,0,130,13,19.02484,19.00028,18.98177,18.97449,18.96973,18.96549,18.95918,18.95851,18.95751,18.95554,18.95391,18.95296,8.278753,503.2769,0.4547431,0.6438974,1.946226,0.08685247,19.06802,5.378628,1.0,-2.819252e-06,21.41822,20.35583,0.04358768,18.565,2,0,0,6,2,1,0,0,0,0,0,0,0,0,0,138,13,19.01879,18.99326,18.97456,18.9621,18.95554,18.94626,18.927,18.91724,18.90943,18.86749,18.81624,18.78657,21.50066,7.463588,474.9585,0.4471633,0.6501645,19.2061,1.910917,0.08666132,19.06657,0.80827865674462,0.04052208228522,0.58740409761797,4316,0.8082788,0.0405222,0.5874038,21471710,1,77,4995.4785,143.84209,19.05837,0.04477691,20.314932,0.053932853,19.40537,0.04457948,19.203533,0.044414464,19.003674,0.049714196,18.948198,0.054660507,18.938929,0.06515062,99.99,-3.867295,-6.992391,646.6613,36.47927,239.0,64.0,238.95248,63.538845,8756329551,0,0.648322,0.729805,-0.041511,0.8748,0.8028,22.90748,2e-06,2.5,5.28,0.043173,0.000429,0.000438,-6e-06,0.85832,1.419197,2.403136,2.850492,3.085146,60.0,1.2914,0.0777287,0.0222601,0.0316811,21.279356,199.894,0.0,232201331,17188279791113,101,2015-12-31 23:59:59
56243.3122272,19.108488,0.049933482,41901040004224,2.870052,35.973011,1,0,4.10359e-07,156,156,147,19.09757,0.03918105,19.06836,19.07314,19.09768,19.10794,0.2216008,0.2188217,14607412000037,2.869978,35.973018,4190,4,56243.3163872,1329,19.092573,21.308792,28.2918,3.75,4.312609,0,131072,0,1,17188279791113,433286192,4.10359e-07,5.946111,1.0,-2.830889e-05,21.41822,20.35583,0.04377174,18.90717,0,0,0,6,2,1,0,0,0,0,0,0,0,0,0,130,13,19.02484,19.00028,18.98177,18.97449,18.96973,18.96549,18.95918,18.95851,18.95751,18.95554,18.95391,18.95296,8.278753,503.2769,0.4547431,0.6438974,1.946226,0.08685247,19.06802,5.378628,1.0,-2.819252e-06,21.41822,20.35583,0.04358768,18.565,2,0,0,6,2,1,0,0,0,0,0,0,0,0,0,138,13,19.01879,18.99326,18.97456,18.9621,18.95554,18.94626,18.927,18.91724,18.90943,18.86749,18.81624,18.78657,21.50066,7.463588,474.9585,0.4471633,0.6501645,19.2061,1.910917,0.08666132,19.06657,0.80827865674462,0.04052208228522,0.58740409761797,4316,0.8082786,0.040521,0.5874042,14607412,1,37,4782.8945,187.71118,19.108927,0.04842553,20.972212,0.08115147,19.785433,0.05150521,19.497864,0.048716877,19.090605,0.05015474,18.971828,0.05387994,18.982834,0.09915428,99.99,-3.881342,-6.218072,748.2803,37.38894,232.0,42.0,232.2276,42.232327,8739041598,0,1.359397,1.418451,0.031652,1.2096,1.1736,-25.542938,3e-06,2.5,6.599999,0.795304,0.001411,0.001427,5e-06,1.231848,1.91934,3.136058,3.649247,3.895322,60.0,1.2396,0.0770856,0.0169372,0.0260138,21.115593,202.868,0.0,232201331,17188279791117,101,2015-12-31 23:59:59
56953.3391472,19.079916,0.067604706,41901040004224,2.870052,35.973011,1,0,4.10359e-07,156,156,147,19.09757,0.03918105,19.06836,19.07314,19.09768,19.10794,0.2216008,0.2188217,21946975000082,2.870036,35.973003,4190,4,56953.3439872,2015,19.088259,22.027576,28.303812,1.95,2.490819,0,131072,0,1,17188279791113,433286192,4.10359e-07,5.946111,1.0,-2.830889e-05,21.41822,20.35583,0.04377174,18.90717,0,0,0,6,2,1,0,0,0,0,0,0,0,0,0,130,13,19.02484,19.00028,18.98177,18.97449,18.96973,18.96549,18.95918,18.95851,18.95751,18.95554,18.95391,18.95296,8.278753,503.2769,0.4547431,0.6438974,1.946226,0.08685247,19.06802,5.378628,1.0,-2.819252e-06,21.41822,20.35583,0.04358768,18.565,2,0,0,6,2,1,0,0,0,0,0,0,0,0,0,138,13,19.01879,18.99326,18.97456,18.9621,18.95554,18.94626,18.927,18.91724,18.90943,18.86749,18.81624,18.78657,21.50066,7.463588,474.9585,0.4471633,0.6501645,19.2061,1.910917,0.08666132,19.06657,0.80827865674462,0.04052208228522,0.58740409761797,4316,0.8082787,0.0405219,0.587404,21946975,1,82,4855.3584,147.54466,19.060862,0.06787241,20.220192,0.071999185,19.340641,0.06607328,19.173952,0.06633544,19.019247,0.07067922,18.96809,0.07449855,18.953602,0.078204185,99.99,-3.870222,-6.877954,746.4354,36.547207,240.0,75.0,239.53865,75.51166,8763548173,0,0.56556,0.57555,-0.028455,0.7812,0.7452,40.43502,2e-06,2.5,4.62,0.667395,0.000338,0.000341,-1e-06,0.825393,1.270409,2.145218,2.681497,2.972521,60.0,1.1302,0.0938998,0.0146808,0.0590028,21.128431,186.613,0.0,232201331,17188279791113,101,2015-12-31 23:59:59
56931.4918472,19.132875,0.04738448,41901040004224,2.870052,35.973011,1,0,4.10359e-07,156,156,147,19.09757,0.03918105,19.06836,19.07314,19.09768,19.10794,0.2216008,0.2188217,22271540000068,2.870097,35.972985,4190,4,56931.4967472,1994,19.129969,21.686787,28.22059,2.25,2.245328,0,131072,0,1,17188279791113,433286192,4.10359e-07,5.946111,1.0,-2.830889e-05,21.41822,20.35583,0.04377174,18.90717,0,0,0,6,2,1,0,0,0,0,0,0,0,0,0,130,13,19.02484,19.00028,18.98177,18.97449,18.96973,18.96549,18.95918,18.95851,18.95751,18.95554,18.95391,18.95296,8.278753,503.2769,0.4547431,0.6438974,1.946226,0.08685247,19.06802,5.378628,1.0,-2.819252e-06,21.41822,20.35583,0.04358768,18.565,2,0,0,6,2,1,0,0,0,0,0,0,0,0,0,138,13,19.01879,18.99326,18.97456,18.9621,18.95554,18.94626,18.927,18.91724,18.90943,18.86749,18.81624,18.78657,21.50066,7.463588,474.9585,0.4471633,0.6501645,19.2061,1.910917,0.08666132,19.06657,0.80827865674462,0.04052208228522,0.58740409761797,4316,0.8082789,0.0405227,0.5874037,22271540,1,68,4327.6177,159.45535,19.129969,0.04738448,20.24993,0.053503204,19.41193,0.044219058,19.255468,0.04540248,19.038284,0.053031072,19.04555,0.06305213,18.988016,0.090304546,99.99,-3.987265,-6.918348,886.91144,40.405647,240.0,62.0,240.40396,61.698982,8759374574,0,0.598698,0.568098,-0.004697,0.7848,0.7632,83.54866,2e-06,2.5,6.599999,0.854029,0.000528,0.00052,3e-06,0.823483,1.304206,2.296221,2.847138,3.107239,60.0,1.714,0.0933466,0.008051,0.0253789,20.846989,93.9133,0.0,232201331,17188279787782,101,2015-12-31 23:59:59
56933.4198172,19.015013,0.049767062,41901040004224,2.870052,35.973011,1,0,4.10359e-07,156,156,147,19.09757,0.03918105,19.06836,19.07314,19.09768,19.10794,0.2216008,0.2188217,21622254000063,2.870061,35.973021,4190,4,56933.4247272,1996,18.99938,21.678719,28.26858,2.65,3.337222,0,131072,0,1,17188279791113,433286192,4.10359e-07,5.946111,1.0,-2.830889e-05,21.41822,20.35583,0.04377174,18.90717,0,0,0,6,2,1,0,0,0,0,0,0,0,0,0,130,13,19.02484,19.00028,18.98177,18.97449,18.96973,18.96549,18.95918,18.95851,18.95751,18.95554,18.95391,18.95296,8.278753,503.2769,0.4547431,0.6438974,1.946226,0.08685247,19.06802,5.378628,1.0,-2.819252e-06,21.41822,20.35583,0.04358768,18.565,2,0,0,6,2,1,0,0,0,0,0,0,0,0,0,138,13,19.01879,18.99326,18.97456,18.9621,18.95554,18.94626,18.927,18.91724,18.90943,18.86749,18.81624,18.78657,21.50066,7.463588,474.9585,0.4471633,0.6501645,19.2061,1.910917,0.08666132,19.06657,0.80827865674462,0.04052208228522,0.58740409761797,4316,0.8082785,0.0405222,0.5874042,21622254,1,63,5101.286,175.48302,18.99938,0.049767062,20.640533,0.07031897,19.557974,0.050474226,19.305613,0.048890464,18.977371,0.051969226,18.923838,0.05732943,18.874378,0.07442876,99.99,-3.878827,-6.611991,724.063,38.08247,239.0,58.0,238.8808,58.222916,8755725223,0,1.013766,1.080513,-0.050294,1.062,1.0044,28.292774,3e-06,2.530176,5.28,0.110607,0.000856,0.000862,-2e-06,1.081706,1.699652,2.833405,3.311699,3.536442,60.0,1.2263,0.0730263,0.0215793,0.0328807,21.127281,68.7654,0.0,232201331,17188279791117,101,2015-12-31 23:59:59
56904.3095472,19.013891,0.05130644,41901040004224,2.870052,35.973011,1,0,4.10359e-07,156,156,147,19.09757,0.03918105,19.06836,19.07314,19.09768,19.10794,0.2216008,0.2188217,21300503000042,2.870032,35.972973,4190,4,56904.3135772,1969,19.01504,21.613705,28.36023,2.05,2.536548,0,131072,0,1,17188279791113,433286192,4.10359e-07,5.946111,1.0,-2.830889e-05,21.41822,20.35583,0.04377174,18.90717,0,0,0,6,2,1,0,0,0,0,0,0,0,0,0,130,13,19.02484,19.00028,18.98177,18.97449,18.96973,18.96549,18.95918,18.95851,18.95751,18.95554,18.95391,18.95296,8.278753,503.2769,0.4547431,0.6438974,1.946226,0.08685247,19.06802,5.378628,1.0,-2.819252e-06,21.41822,20.35583,0.04358768,18.565,2,0,0,6,2,1,0,0,0,0,0,0,0,0,0,138,13,19.01879,18.99326,18.97456,18.9621,18.95554,18.94626,18.927,18.91724,18.90943,18.86749,18.81624,18.78657,21.50066,7.463588,474.9585,0.4471633,0.6501645,19.2061,1.910917,0.08666132,19.06657,0.80827865674462,0.04052208228522,0.58740409761797,4316,0.8082791,0.0405218,0.5874036,21300503,1,42,5471.12,215.04507,19.037653,0.04902513,20.292257,0.05931713,19.343597,0.047095716,19.161934,0.04784234,18.952534,0.05615598,18.920778,0.06467851,18.810312,0.080002256,99.99,-4.266621,-7.027232,1628.7974,52.312733,231.0,46.0,231.47401,45.764977,8751179436,0,0.629827,0.696439,0.020068,0.846,0.7992,-16.150612,2e-06,2.65987,5.94,0.295902,0.000628,0.000637,0.0,0.896003,1.382291,2.402927,2.928188,3.215475,60.0,1.0701,0.0927246,0.0123896,0.028465,20.341457,66.1372,-1.66731,232201331,17188279791113,101,2015-12-31 23:59:59
56943.4193772,19.149946,0.06460855,41901040004224,2.870052,35.973011,1,0,4.10359e-07,156,156,147,19.09757,0.03918105,19.06836,19.07314,19.09768,19.10794,0.2216008,0.2188217,21785218000037,2.870108,35.973028,4190,4,56943.4243272,2002,19.13451,20.994587,28.238913,2.45,2.841796,0,131072,0,1,17188279791113,433286192,4.10359e-07,5.946111,1.0,-2.830889e-05,21.41822,20.35583,0.04377174,18.90717,0,0,0,6,2,1,0,0,0,0,0,0,0,0,0,130,13,19.02484,19.00028,18.98177,18.97449,18.96973,18.96549,18.95918,18.95851,18.95751,18.95554,18.95391,18.95296,8.278753,503.2769,0.4547431,0.6438974,1.946226,0.08685247,19.06802,5.378628,1.0,-2.819252e-06,21.41822,20.35583,0.04358768,18.565,2,0,0,6,2,1,0,0,0,0,0,0,0,0,0,138,13,19.01879,18.99326,18.97456,18.9621,18.95554,18.94626,18.927,18.91724,18.90943,18.86749,18.81624,18.78657,21.50066,7.463588,474.9585,0.4471633,0.6501645,19.2061,1.910917,0.08666132,19.06657,0.80827865674462,0.04052208228522,0.58740409761797,4316,0.8082784,0.0405229,0.5874043,21785218,1,37,4382.8896,227.75005,19.139915,0.06382569,20.266365,0.073309295,19.350145,0.061085783,19.182276,0.063226245,18.967072,0.076997995,18.919676,0.08941691,18.87399,0.099410124,99.99,-4.542706,-6.802721,2864.7117,68.4839,239.0,51.0,238.52905,51.537212,8757689861,0,0.640256,0.59017,-0.031361,0.8172,0.7668,65.34806,1e-06,2.5,5.28,0.959711,0.00115,0.001148,-4e-06,0.849405,1.287648,2.072457,2.45561,2.648211,60.0,1.3698,0.100572,0.00010026,0.0314594,19.605207,297.037,-1.979,232201331,17188279787777,101,2015-12-31 23:59:59
56954.3561572,21.418919,0.15101027,41901040004224,2.870052,35.973011,1,0,4.10359e-07,156,156,147,19.09757,0.03918105,19.06836,19.07314,19.09768,19.10794,0.2216008,0.2188217,21960822000096,2.870186,35.973081,4190,4,56954.3609772,2016,21.424953,22.125515,28.3043,1.75,3.125408,0,0,0,1,17188279791113,433286192,4.10359e-07,5.946111,1.0,-2.830889e-05,21.41822,20.35583,0.04377174,18.90717,0,0,0,6,2,1,0,0,0,0,0,0,0,0,0,130,13,19.02484,19.00028,18.98177,18.97449,18.96973,18.96549,18.95918,18.95851,18.95751,18.95554,18.95391,18.95296,8.278753,503.2769,0.4547431,0.6438974,1.946226,0.08685247,19.06802,5.378628,1.0,-2.819252e-06,21.41822,20.35583,0.04358768,18.565,2,0,0,6,2,1,0,0,0,0,0,0,0,0,0,138,13,19.01879,18.99326,18.97456,18.9621,18.95554,18.94626,18.927,18.91724,18.90943,18.86749,18.81624,18.78657,21.50066,7.463588,474.9585,0.4471633,0.6501645,19.2061,1.910917,0.08666132,19.06657,0.80827865674462,0.04052208228522,0.58740409761797,4316,0.8082778,0.0405239,0.5874051,21960822,1,96,564.5976,77.50348,21.675238,0.14374042,22.127926,0.17888598,21.439348,0.17917632,21.314352,0.19737022,21.289314,0.3033986,21.414831,0.42402166,21.477335,0.26544604,99.99,-3.869685,-5.151607,765.4102,37.040012,242.0,70.0,241.59027,70.497116,8763778875,0,0.395563,0.294563,-0.042276,0.648,0.5364,70.5627,0.0,2.95678,5.28,0.043397,0.006655,0.006635,-4.3e-05,0.679184,0.967039,1.617846,1.887066,1.959089,60.0,1.1997,0.0722121,0.0323215,0.0240863,21.098444,174.647,0.0,232201331,17188279787779,101,2015-12-31 23:59:59
56903.2837472,19.002573,0.04418763,41901040004224,2.870052,35.973011,1,0,4.10359e-07,156,156,147,19.09757,0.03918105,19.06836,19.07314,19.09768,19.10794,0.2216008,0.2188217,21304741000046,2.870005,35.973028,4190,4,56903.2877272,1968,19.010345,21.935144,28.355623,1.75,2.043679,0,131072,0,1,17188279791113,433286192,4.10359e-07,5.946111,1.0,-2.830889e-05,21.41822,20.35583,0.04377174,18.90717,0,0,0,6,2,1,0,0,0,0,0,0,0,0,0,130,13,19.02484,19.00028,18.98177,18.97449,18.96973,18.96549,18.95918,18.95851,18.95751,18.95554,18.95391,18.95296,8.278753,503.2769,0.4547431,0.6438974,1.946226,0.08685247,19.06802,5.378628,1.0,-2.819252e-06,21.41822,20.35583,0.04358768,18.565,2,0,0,6,2,1,0,0,0,0,0,0,0,0,0,138,13,19.01879,18.99326,18.97456,18.9621,18.95554,18.94626,18.927,18.91724,18.90943,18.86749,18.81624,18.78657,21.50066,7.463588,474.9585,0.4471633,0.6501645,19.2061,1.910917,0.08666132,19.06657,0.80827865674462,0.04052208228522,0.58740409761797,4316,0.8082785,0.0405214,0.5874043,21304741,1,46,5471.5557,174.95372,19.000063,0.044376485,20.00334,0.047123954,19.231216,0.041502666,19.09575,0.042816825,18.95771,0.05166593,18.944223,0.059982114,18.949408,0.06997428,99.99,-4.119254,-7.242888,1213.6531,46.563656,225.0,47.0,225.4785,47.289417,8751489475,0,0.459112,0.480745,-0.020234,0.7092,0.6768,31.148804,2e-06,2.5,5.28,0.965805,0.000313,0.00031,-4e-06,0.756608,1.169041,2.116122,2.632329,2.907706,60.0,1.1457,0.0650455,0.0378516,0.0273262,20.655125,79.4607,-1.43464,232201331,17188279791117,101,2015-12-31 23:59:59
56950.3426172,19.081263,0.05532725,41901040004224,2.870052,35.973011,1,0,4.10359e-07,156,156,147,19.09757,0.03918105,19.06836,19.07314,19.09768,19.10794,0.2216008,0.2188217,21885255000078,2.870076,35.97301,4190,4,56950.3475072,2012,19.107653,22.13972,28.320724,1.85,2.327416,0,131072,0,1,17188279791113,433286192,4.10359e-07,5.946111,1.0,-2.830889e-05,21.41822,20.35583,0.04377174,18.90717,0,0,0,6,2,1,0,0,0,0,0,0,0,0,0,130,13,19.02484,19.00028,18.98177,18.97449,18.96973,18.96549,18.95918,18.95851,18.95751,18.95554,18.95391,18.95296,8.278753,503.2769,0.4547431,0.6438974,1.946226,0.08685247,19.06802,5.378628,1.0,-2.819252e-06,21.41822,20.35583,0.04358768,18.565,2,0,0,6,2,1,0,0,0,0,0,0,0,0,0,138,13,19.01879,18.99326,18.97456,18.9621,18.95554,18.94626,18.927,18.91724,18.90943,18.86749,18.81624,18.78657,21.50066,7.463588,474.9585,0.4471633,0.6501645,19.2061,1.910917,0.08666132,19.06657,0.80827865674462,0.04052208228522,0.58740409761797,4316,0.8082786,0.0405224,0.5874041,21885255,1,78,4844.2764,140.21637,19.082083,0.05540406,20.273933,0.061586134,19.40475,0.05427683,19.239292,0.05442811,19.003841,0.057654534,18.95328,0.061401963,18.918514,0.07915454,99.99,-3.798437,-7.039384,630.9802,33.779762,241.0,74.0,241.03064,73.49646,8763332389,0,0.61484,0.625759,-0.039018,0.8208,0.7704,41.40555,2e-06,2.5,6.599999,0.073707,0.000353,0.000358,-6e-06,0.821793,1.355892,2.333858,2.864568,3.107177,60.0,1.1164,0.0484693,0.0545796,0.0455303,21.278397,220.578,0.0,232201331,17188279791113,101,2015-12-31 23:59:59
56951.3924172,18.937634,0.09809325,41901040004224,2.870052,35.973011,1,0,4.10359e-07,156,156,147,19.09757,0.03918105,19.06836,19.07314,19.09768,19.10794,0.2216008,0.2188217,21905784000081,2.870076,35.973012,4190,4,56951.3972972,2013,18.975124,21.814426,28.169117,2.15,2.091719,0,131072,0,1,17188279791113,433286192,4.10359e-07,5.946111,1.0,-2.830889e-05,21.41822,20.35583,0.04377174,18.90717,0,0,0,6,2,1,0,0,0,0,0,0,0,0,0,130,13,19.02484,19.00028,18.98177,18.97449,18.96973,18.96549,18.95918,18.95851,18.95751,18.95554,18.95391,18.95296,8.278753,503.2769,0.4547431,0.6438974,1.946226,0.08685247,19.06802,5.378628,1.0,-2.819252e-06,21.41822,20.35583,0.04358768,18.565,2,0,0,6,2,1,0,0,0,0,0,0,0,0,0,138,13,19.01879,18.99326,18.97456,18.9621,18.95554,18.94626,18.927,18.91724,18.90943,18.86749,18.81624,18.78657,21.50066,7.463588,474.9585,0.4471633,0.6501645,19.2061,1.910917,0.08666132,19.06657,0.80827865674462,0.04052208228522,0.58740409761797,4316,0.8082786,0.0405224,0.5874041,21905784,1,81,4759.8926,134.4982,18.946693,0.09824605,20.141378,0.10257445,19.272762,0.09780995,19.096478,0.09774352,18.909414,0.10010584,18.906637,0.10326558,18.882925,0.10876499,99.99,-3.72108,-7.125686,623.56573,33.053036,241.0,72.0,240.8661,71.639496,8764339489,0,0.600982,0.60602,0.017624,0.7992,0.774,-41.656044,2e-06,2.5,5.28,0.612407,0.000334,0.000339,5e-06,0.814536,1.328603,2.293598,2.726665,2.972192,60.0,1.3379,-0.0395941,0.146368,0.0931697,21.132137,208.888,0.0,232201331,17188279791113,101,2015-12-31 23:59:59
56934.4494572,19.230007,0.22854136,41901040004224,2.870052,35.973011,1,0,4.10359e-07,156,156,147,19.09757,0.03918105,19.06836,19.07314,19.09768,19.10794,0.2216008,0.2188217,21642906000063,2.870073,35.973011,4190,4,56934.4543872,1997,19.144178,21.493465,28.187824,2.65,2.905001,0,131072,0,1,17188279791113,433286192,4.10359e-07,5.946111,1.0,-2.830889e-05,21.41822,20.35583,0.04377174,18.90717,0,0,0,6,2,1,0,0,0,0,0,0,0,0,0,130,13,19.02484,19.00028,18.98177,18.97449,18.96973,18.96549,18.95918,18.95851,18.95751,18.95554,18.95391,18.95296,8.278753,503.2769,0.4547431,0.6438974,1.946226,0.08685247,19.06802,5.378628,1.0,-2.819252e-06,21.41822,20.35583,0.04358768,18.565,2,0,0,6,2,1,0,0,0,0,0,0,0,0,0,138,13,19.01879,18.99326,18.97456,18.9621,18.95554,18.94626,18.927,18.91724,18.90943,18.86749,18.81624,18.78657,21.50066,7.463588,474.9585,0.4471633,0.6501645,19.2061,1.910917,0.08666132,19.06657,0.80827865674462,0.04052208228522,0.58740409761797,4316,0.8082786,0.0405224,0.5874041,21642906,1,63,4144.3716,157.72527,19.132431,0.22846685,20.44935,0.23190269,19.404182,0.22774328,19.235924,0.2279145,19.063618,0.22999036,19.02785,0.23213828,19.02841,0.23208314,99.99,-3.953271,-6.684695,873.7583,40.016544,238.0,60.0,238.09415,60.44119,8755991187,0,0.729401,0.692204,-0.029999,0.8748,0.8316,62.00431,2e-06,2.5,3.96,0.688981,0.000665,0.000663,-7e-06,0.901973,1.40834,2.17993,2.676877,2.96342,60.0,1.4062,0.329578,-0.148889,0.224773,20.836794,54.9314,0.0,232201331,17188279791113,101,2015-12-31 23:59:59
56946.3671972,19.029827,0.048786562,41901040004224,2.870052,35.973011,1,0,4.10359e-07,156,156,147,19.09757,0.03918105,19.06836,19.07314,19.09768,19.10794,0.2216008,0.2188217,21826114000077,2.870056,35.973002,4190,4,56946.3721372,2008,19.055725,21.605629,28.296692,2.35,2.556814,0,131072,0,1,17188279791113,433286192,4.10359e-07,5.946111,1.0,-2.830889e-05,21.41822,20.35583,0.04377174,18.90717,0,0,0,6,2,1,0,0,0,0,0,0,0,0,0,130,13,19.02484,19.00028,18.98177,18.97449,18.96973,18.96549,18.95918,18.95851,18.95751,18.95554,18.95391,18.95296,8.278753,503.2769,0.4547431,0.6438974,1.946226,0.08685247,19.06802,5.378628,1.0,-2.819252e-06,21.41822,20.35583,0.04358768,18.565,2,0,0,6,2,1,0,0,0,0,0,0,0,0,0,138,13,19.01879,18.99326,18.97456,18.9621,18.95554,18.94626,18.927,18.91724,18.90943,18.86749,18.81624,18.78657,21.50066,7.463588,474.9585,0.4471633,0.6501645,19.2061,1.910917,0.08666132,19.06657,0.80827865674462,0.04052208228522,0.58740409761797,4316,0.8082787,0.0405221,0.587404,21826114,1,77,4970.3457,174.51727,19.034683,0.04825539,20.290066,0.05721332,19.344587,0.045919724,19.162277,0.04618842,18.983517,0.054022573,18.9795,0.06266231,18.932611,0.0664273,99.99,-4.048265,-6.983173,1116.9965,43.758877,243.0,76.0,242.52095,75.95632,8760424600,0,0.637566,0.689307,-0.022087,0.8424,0.8028,20.114655,2e-06,2.5,4.62,0.499384,0.000524,0.000523,-4e-06,0.855904,1.377844,2.267213,2.722006,3.001454,60.0,1.1592,0.082523,0.0203567,0.0304328,20.68616,263.828,-0.989048,232201331,17188279791113,101,2015-12-31 23:59:59
56944.3843872,19.056286,0.049575303,41901040004224,2.870052,35.973011,1,0,4.10359e-07,156,156,147,19.09757,0.03918105,19.06836,19.07314,19.09768,19.10794,0.2216008,0.2188217,21806919000067,2.870053,35.973012,4190,4,56944.3893372,2003,19.064615,21.693575,28.310028,1.75,1.909034,0,131072,0,1,17188279791113,433286192,4.10359e-07,5.946111,1.0,-2.830889e-05,21.41822,20.35583,0.04377174,18.90717,0,0,0,6,2,1,0,0,0,0,0,0,0,0,0,130,13,19.02484,19.00028,18.98177,18.97449,18.96973,18.96549,18.95918,18.95851,18.95751,18.95554,18.95391,18.95296,8.278753,503.2769,0.4547431,0.6438974,1.946226,0.08685247,19.06802,5.378628,1.0,-2.819252e-06,21.41822,20.35583,0.04358768,18.565,2,0,0,6,2,1,0,0,0,0,0,0,0,0,0,138,13,19.01879,18.99326,18.97456,18.9621,18.95554,18.94626,18.927,18.91724,18.90943,18.86749,18.81624,18.78657,21.50066,7.463588,474.9585,0.4471633,0.6501645,19.2061,1.910917,0.08666132,19.06657,0.80827865674462,0.04052208228522,0.58740409761797,4316,0.8082786,0.0405221,0.5874041,21806919,1,67,4990.7437,183.89214,19.047876,0.049715046,20.05298,0.054466747,19.25847,0.047202773,19.124775,0.049115572,18.989737,0.061158933,19.032976,0.07508356,19.01562,0.06692073,99.99,-4.320151,-7.383665,1757.8707,53.837845,239.0,71.0,238.69164,71.08634,8761272940,0,0.465553,0.462154,-0.010564,0.6948,0.6804,51.23948,2e-06,2.5,3.96,0.287769,0.000439,0.000434,-1e-06,0.717192,1.172849,2.072026,2.539554,2.753076,60.0,1.2034,0.0888863,0.0143808,0.0292662,20.209164,285.889,-1.55191,232201331,17188279791113,101,2015-12-31 23:59:59
56925.5219572,19.035074,0.051120996,41901040004224,2.870052,35.973011,1,0,4.10359e-07,156,156,147,19.09757,0.03918105,19.06836,19.07314,19.09768,19.10794,0.2216008,0.2188217,21523600000064,2.870044,35.973003,4190,4,56925.5267472,1988,19.033466,21.32325,28.1527,2.05,2.058598,0,131072,0,1,17188279791113,433286192,4.10359e-07,5.946111,1.0,-2.830889e-05,21.41822,20.35583,0.04377174,18.90717,0,0,0,6,2,1,0,0,0,0,0,0,0,0,0,130,13,19.02484,19.00028,18.98177,18.97449,18.96973,18.96549,18.95918,18.95851,18.95751,18.95554,18.95391,18.95296,8.278753,503.2769,0.4547431,0.6438974,1.946226,0.08685247,19.06802,5.378628,1.0,-2.819252e-06,21.41822,20.35583,0.04358768,18.565,2,0,0,6,2,1,0,0,0,0,0,0,0,0,0,138,13,19.01879,18.99326,18.97456,18.9621,18.95554,18.94626,18.927,18.91724,18.90943,18.86749,18.81624,18.78657,21.50066,7.463588,474.9585,0.4471633,0.6501645,19.2061,1.910917,0.08666132,19.06657,0.80827865674462,0.04052208228522,0.58740409761797,4316,0.8082787,0.040522,0.587404,21523600,1,64,4443.1772,188.62854,19.031185,0.050226364,20.091063,0.057667017,19.233988,0.04791989,19.102177,0.051022716,18.944868,0.065349445,18.908804,0.07696238,18.88834,0.07584233,99.99,-4.381961,-7.140393,1890.9971,55.938084,238.0,64.0,238.3244,63.782505,8755683270,0,0.510627,0.459006,0.009888,0.7236,0.684,-78.91263,1e-06,2.5,4.62,0.888694,0.000625,0.000615,2e-06,0.76357,1.197744,2.07513,2.649022,2.992704,60.0,1.8922,0.0795419,0.0242799,0.0220836,19.97165,165.603,0.0,232201331,17188279791113,101,2015-12-31 23:59:59
56922.4355172,19.080545,0.044960313,41901040004224,2.870052,35.973011,1,0,4.10359e-07,156,156,147,19.09757,0.03918105,19.06836,19.07314,19.09768,19.10794,0.2216008,0.2188217,21471724000076,2.870076,35.973009,4190,4,56922.4402372,1985,19.085524,22.239775,28.328411,1.85,2.240743,0,131072,0,1,17188279791113,433286192,4.10359e-07,5.946111,1.0,-2.830889e-05,21.41822,20.35583,0.04377174,18.90717,0,0,0,6,2,1,0,0,0,0,0,0,0,0,0,130,13,19.02484,19.00028,18.98177,18.97449,18.96973,18.96549,18.95918,18.95851,18.95751,18.95554,18.95391,18.95296,8.278753,503.2769,0.4547431,0.6438974,1.946226,0.08685247,19.06802,5.378628,1.0,-2.819252e-06,21.41822,20.35583,0.04358768,18.565,2,0,0,6,2,1,0,0,0,0,0,0,0,0,0,138,13,19.01879,18.99326,18.97456,18.9621,18.95554,18.94626,18.927,18.91724,18.90943,18.86749,18.81624,18.78657,21.50066,7.463588,474.9585,0.4471633,0.6501645,19.2061,1.910917,0.08666132,19.06657,0.80827865674462,0.04052208228522,0.58740409761797,4316,0.8082787,0.0405224,0.5874041,21471724,1,76,4979.158,146.26653,19.062973,0.044559784,20.378588,0.056100708,19.42955,0.0434126,19.251963,0.043396194,19.041006,0.047946095,19.024443,0.053633053,18.982105,0.057728875,99.99,-3.758785,-7.152161,577.0274,33.333584,240.0,63.0,239.9808,63.031548,8756440011,0,0.662704,0.659218,-0.05291,0.8532,0.7884,46.435047,2e-06,2.5,4.62,0.037628,0.000375,0.000373,-6e-06,0.872939,1.405533,2.456914,2.968554,3.262356,60.0,1.1691,0.0777287,0.0222601,0.0316811,21.431433,200.2,0.0,232201331,17188279791113,101,2015-12-31 23:59:59
56932.4066472,19.116415,0.050758686,41901040004224,2.870052,35.973011,1,0,4.10359e-07,156,156,147,19.09757,0.03918105,19.06836,19.07314,19.09768,19.10794,0.2216008,0.2188217,21605547000063,2.870031,35.973009,4190,4,56932.4115472,1995,19.108044,21.63005,28.294317,3.05,4.27058,0,131072,0,1,17188279791113,433286192,4.10359e-07,5.946111,1.0,-2.830889e-05,21.41822,20.35583,0.04377174,18.90717,0,0,0,6,2,1,0,0,0,0,0,0,0,0,0,130,13,19.02484,19.00028,18.98177,18.97449,18.96973,18.96549,18.95918,18.95851,18.95751,18.95554,18.95391,18.95296,8.278753,503.2769,0.4547431,0.6438974,1.946226,0.08685247,19.06802,5.378628,1.0,-2.819252e-06,21.41822,20.35583,0.04358768,18.565,2,0,0,6,2,1,0,0,0,0,0,0,0,0,0,138,13,19.01879,18.99326,18.97456,18.9621,18.95554,18.94626,18.927,18.91724,18.90943,18.86749,18.81624,18.78657,21.50066,7.463588,474.9585,0.4471633,0.6501645,19.2061,1.910917,0.08666132,19.06657,0.80827865674462,0.04052208228522,0.58740409761797,4316,0.8082787,0.0405218,0.5874041,21605547,1,63,4726.1797,166.38356,19.09708,0.049604647,20.77651,0.07126779,19.646397,0.050266434,19.407228,0.049336053,19.076073,0.05208569,19.00402,0.056625515,18.965586,0.08168057,99.99,-3.852357,-6.365371,620.483,35.16625,240.0,60.0,239.68147,60.46362,8757514009,0,1.175452,1.037296,-0.071057,1.1088,1.0152,68.03949,3e-06,2.5,5.94,0.480287,0.000959,0.000942,-3e-06,1.094926,1.74782,2.900714,3.465757,3.768339,60.0,1.1635,0.128357,-0.0269669,0.033388,21.311554,82.1143,0.0,232201331,17188279791113,101,2015-12-31 23:59:59
56907.2773072,19.193115,0.07930445,41901040004224,2.870052,35.973011,1,0,4.10359e-07,156,156,147,19.09757,0.03918105,19.06836,19.07314,19.09768,19.10794,0.2216008,0.2188217,21270467000037,2.870063,35.973021,4190,4,56907.2814672,1972,19.205473,20.80887,28.28435,1.95,2.415875,0,131072,0,1,17188279791113,433286192,4.10359e-07,5.946111,1.0,-2.830889e-05,21.41822,20.35583,0.04377174,18.90717,0,0,0,6,2,1,0,0,0,0,0,0,0,0,0,130,13,19.02484,19.00028,18.98177,18.97449,18.96973,18.96549,18.95918,18.95851,18.95751,18.95554,18.95391,18.95296,8.278753,503.2769,0.4547431,0.6438974,1.946226,0.08685247,19.06802,5.378628,1.0,-2.819252e-06,21.41822,20.35583,0.04358768,18.565,2,0,0,6,2,1,0,0,0,0,0,0,0,0,0,138,13,19.01879,18.99326,18.97456,18.9621,18.95554,18.94626,18.927,18.91724,18.90943,18.86749,18.81624,18.78657,21.50066,7.463588,474.9585,0.4471633,0.6501645,19.2061,1.910917,0.08666132,19.06657,0.80827865674462,0.04052208228522,0.58740409761797,4316,0.8082785,0.0405222,0.5874042,21270467,1,37,4281.049,291.39313,19.228922,0.076669775,20.148668,0.08595324,19.3285,0.0772691,19.189766,0.08317777,19.25473,0.1341614,19.270798,0.16832328,19.275467,0.19014934,99.99,-5.01322,-7.154475,7028.2856,103.618324,229.0,55.0,229.01039,54.70291,8749910077,0,0.469908,0.458413,-0.009071,0.6948,0.6804,63.761383,1e-06,2.5,5.94,0.519679,0.001636,0.00166,-5e-06,0.737089,1.15001,1.886503,2.217299,2.379253,60.0,1.1315,0.0721563,0.0306152,0.0287259,18.683279,25.5189,-2.96874,232201331,17188279791117,101,2015-12-31 23:59:59
56917.4963472,18.521116,0.65279144,41901040004224,2.870052,35.973011,1,0,4.10359e-07,156,156,147,19.09757,0.03918105,19.06836,19.07314,19.09768,19.10794,0.2216008,0.2188217,21392273000065,2.870067,35.973007,4190,4,56917.5009072,1981,18.812029,20.389069,27.612902,2.15,2.951151,0,131072,0,1,17188279791113,433286192,4.10359e-07,5.946111,1.0,-2.830889e-05,21.41822,20.35583,0.04377174,18.90717,0,0,0,6,2,1,0,0,0,0,0,0,0,0,0,130,13,19.02484,19.00028,18.98177,18.97449,18.96973,18.96549,18.95918,18.95851,18.95751,18.95554,18.95391,18.95296,8.278753,503.2769,0.4547431,0.6438974,1.946226,0.08685247,19.06802,5.378628,1.0,-2.819252e-06,21.41822,20.35583,0.04358768,18.565,2,0,0,6,2,1,0,0,0,0,0,0,0,0,0,138,13,19.01879,18.99326,18.97456,18.9621,18.95554,18.94626,18.927,18.91724,18.90943,18.86749,18.81624,18.78657,21.50066,7.463588,474.9585,0.4471633,0.6501645,19.2061,1.910917,0.08666132,19.06657,0.80827865674462,0.04052208228522,0.58740409761797,4316,0.8082787,0.0405223,0.587404,21392273,1,65,3313.9775,172.29965,18.828249,0.65269274,20.162895,0.65525264,19.092882,0.65243405,18.918756,0.6525982,18.72676,0.65412915,18.731136,0.6561793,18.756369,0.65953815,99.99,-4.115647,-6.503916,1310.0563,47.282375,238.0,65.0,237.82478,64.93148,8753326764,0,0.657209,0.719238,0.050494,0.8748,0.8028,-29.439274,1e-06,2.5,5.28,0.017682,0.001268,0.001287,1e-05,0.927154,1.382846,2.249643,2.667305,2.893219,60.0,1.4077,1.70509,-0.97676,0.650345,19.305082,254.074,-0.803307,232201331,17188279791113,101,2015-12-31 23:59:59
56209.1207172,19.063454,0.039330002,41901040004224,2.870052,35.973011,1,0,4.10359e-07,156,156,147,19.09757,0.03918105,19.06836,19.07314,19.09768,19.10794,0.2216008,0.2188217,14368021000073,2.870057,35.973033,4190,4,56209.1256772,1306,19.067558,21.821608,28.311075,2.15,2.161978,0,131072,0,1,17188279791113,433286192,4.10359e-07,5.946111,1.0,-2.830889e-05,21.41822,20.35583,0.04377174,18.90717,0,0,0,6,2,1,0,0,0,0,0,0,0,0,0,130,13,19.02484,19.00028,18.98177,18.97449,18.96973,18.96549,18.95918,18.95851,18.95751,18.95554,18.95391,18.95296,8.278753,503.2769,0.4547431,0.6438974,1.946226,0.08685247,19.06802,5.378628,1.0,-2.819252e-06,21.41822,20.35583,0.04358768,18.565,2,0,0,6,2,1,0,0,0,0,0,0,0,0,0,138,13,19.01879,18.99326,18.97456,18.9621,18.95554,18.94626,18.927,18.91724,18.90943,18.86749,18.81624,18.78657,21.50066,7.463588,474.9585,0.4471633,0.6501645,19.2061,1.910917,0.08666132,19.06657,0.80827865674462,0.04052208228522,0.58740409761797,4316,0.8082784,0.0405221,0.5874044,14368021,1,73,4982.0327,150.6443,19.068483,0.03934837,20.093506,0.04526648,19.255098,0.03658349,19.123247,0.037690945,19.03914,0.0480477,19.052366,0.057685897,19.035372,0.057514455,99.99,-3.961764,-7.308462,898.5424,40.039112,224.0,66.0,223.69792,66.22856,8733897699,0,0.496449,0.473307,-0.027576,0.7236,0.684,57.04122,2e-06,2.5,4.62,0.960289,0.000294,0.00029,-1e-06,0.741632,1.185206,2.03756,2.486336,2.868814,60.0,1.4796,0.0865133,0.0182552,0.0216452,20.923422,261.067,0.0,232201331,17188279791117,101,2015-12-31 23:59:59
56907.2510372,19.264822,0.08521284,41901040004224,2.870052,35.973011,1,0,4.10359e-07,156,156,147,19.09757,0.03918105,19.06836,19.07314,19.09768,19.10794,0.2216008,0.2188217,21270441000039,2.870067,35.973018,4190,4,56907.2552072,1972,19.267036,20.742292,28.25719,1.95,2.424558,0,131072,0,1,17188279791113,433286192,4.10359e-07,5.946111,1.0,-2.830889e-05,21.41822,20.35583,0.04377174,18.90717,0,0,0,6,2,1,0,0,0,0,0,0,0,0,0,130,13,19.02484,19.00028,18.98177,18.97449,18.96973,18.96549,18.95918,18.95851,18.95751,18.95554,18.95391,18.95296,8.278753,503.2769,0.4547431,0.6438974,1.946226,0.08685247,19.06802,5.378628,1.0,-2.819252e-06,21.41822,20.35583,0.04358768,18.565,2,0,0,6,2,1,0,0,0,0,0,0,0,0,0,138,13,19.01879,18.99326,18.97456,18.9621,18.95554,18.94626,18.927,18.91724,18.90943,18.86749,18.81624,18.78657,21.50066,7.463588,474.9585,0.4471633,0.6501645,19.2061,1.910917,0.08666132,19.06657,0.80827865674462,0.04052208228522,0.58740409761797,4316,0.8082786,0.0405223,0.5874042,21270441,1,39,3945.1367,291.4344,19.265457,0.080392376,20.123598,0.08850543,19.3406,0.0821304,19.180014,0.08696717,19.177885,0.13290843,19.165533,0.16253264,19.275864,0.19562656,99.99,-5.04885,-7.175147,7552.4634,106.901886,227.0,58.0,226.91537,57.66638,8749860692,0,0.428609,0.415678,-0.022903,0.6732,0.6372,53.823387,1e-06,2.5,5.94,0.910575,0.00162,0.001649,-8e-06,0.677774,1.088746,1.775157,2.065486,2.184886,60.0,1.229,0.0721563,0.0306152,0.0287259,18.576868,25.8878,-2.99994,232201331,17188279791113,101,2015-12-31 23:59:59
56949.3435772,19.08169,0.056145776,41901040004224,2.870052,35.973011,1,0,4.10359e-07,156,156,147,19.09757,0.03918105,19.06836,19.07314,19.09768,19.10794,0.2216008,0.2188217,21861274000087,2.87003,35.973028,4190,4,56949.3484772,2011,19.088278,21.893505,28.296295,2.25,2.788133,0,131072,0,1,17188279791113,433286192,4.10359e-07,5.946111,1.0,-2.830889e-05,21.41822,20.35583,0.04377174,18.90717,0,0,0,6,2,1,0,0,0,0,0,0,0,0,0,130,13,19.02484,19.00028,18.98177,18.97449,18.96973,18.96549,18.95918,18.95851,18.95751,18.95554,18.95391,18.95296,8.278753,503.2769,0.4547431,0.6438974,1.946226,0.08685247,19.06802,5.378628,1.0,-2.819252e-06,21.41822,20.35583,0.04358768,18.565,2,0,0,6,2,1,0,0,0,0,0,0,0,0,0,138,13,19.01879,18.99326,18.97456,18.9621,18.95554,18.94626,18.927,18.91724,18.90943,18.86749,18.81624,18.78657,21.50066,7.463588,474.9585,0.4471633,0.6501645,19.2061,1.910917,0.08666132,19.06657,0.80827865674462,0.04052208228522,0.58740409761797,4316,0.8082785,0.0405218,0.5874043,21861274,1,87,4821.771,154.56334,19.05396,0.055781268,20.494331,0.06775671,19.490234,0.055344902,19.274231,0.05483807,19.004696,0.058146186,18.988607,0.06354111,18.995556,0.08432387,99.99,-3.86396,-6.806722,673.9923,35.842297,242.0,77.0,241.7023,76.730095,8762218364,0,0.790768,0.795081,-0.071006,0.9396,0.8604,44.58712,3e-06,2.5,5.94,0.18601,0.000552,0.000554,-7e-06,0.938808,1.503359,2.539645,3.065583,3.30888,60.0,1.1114,-0.00123221,0.0932233,0.0440508,21.20572,231.536,0.0,232201331,17188279791117,101,2015-12-31 23:59:59
56958.3659472,18.971529,0.04170722,41901040004224,2.870052,35.973011,1,0,4.10359e-07,156,156,147,19.09757,0.03918105,19.06836,19.07314,19.09768,19.10794,0.2216008,0.2188217,22023640000080,2.870074,35.973018,4190,4,56958.3706772,2020,18.977448,21.849966,28.2847,2.15,2.33459,0,131072,0,1,17188279791113,433286192,4.10359e-07,5.946111,1.0,-2.830889e-05,21.41822,20.35583,0.04377174,18.90717,0,0,0,6,2,1,0,0,0,0,0,0,0,0,0,130,13,19.02484,19.00028,18.98177,18.97449,18.96973,18.96549,18.95918,18.95851,18.95751,18.95554,18.95391,18.95296,8.278753,503.2769,0.4547431,0.6438974,1.946226,0.08685247,19.06802,5.378628,1.0,-2.819252e-06,21.41822,20.35583,0.04358768,18.565,2,0,0,6,2,1,0,0,0,0,0,0,0,0,0,138,13,19.01879,18.99326,18.97456,18.9621,18.95554,18.94626,18.927,18.91724,18.90943,18.86749,18.81624,18.78657,21.50066,7.463588,474.9585,0.4471633,0.6501645,19.2061,1.910917,0.08666132,19.06657,0.80827865674462,0.04052208228522,0.58740409761797,4316,0.8082786,0.0405224,0.5874042,22023640,1,80,5283.2544,150.99466,18.980417,0.041755617,20.227139,0.053502556,19.262667,0.04052989,19.085878,0.04053062,18.96002,0.047855232,18.945799,0.054605424,18.955196,0.058433708,99.99,-3.899924,-7.098459,824.0812,37.788548,240.0,71.0,239.8702,71.16133,8764306796,0,0.624748,0.625599,-0.014794,0.81,0.792,45.315037,2e-06,2.5,4.62,0.363491,0.000364,0.000358,0.0,0.861626,1.352109,2.304109,2.731504,3.167297,60.0,1.2965,0.0704066,0.0308613,0.0278592,21.003017,125.384,0.0,232201331,17188279791113,101,2015-12-31 23:59:59
56953.3677772,19.132017,0.06906257,41901040004224,2.870052,35.973011,1,0,4.10359e-07,156,156,147,19.09757,0.03918105,19.06836,19.07314,19.09768,19.10794,0.2216008,0.2188217,21946998000084,2.870047,35.973004,4190,4,56953.3726172,2015,19.179672,21.904964,28.287704,2.05,2.515239,0,131072,0,1,17188279791113,433286192,4.10359e-07,5.946111,1.0,-2.830889e-05,21.41822,20.35583,0.04377174,18.90717,0,0,0,6,2,1,0,0,0,0,0,0,0,0,0,130,13,19.02484,19.00028,18.98177,18.97449,18.96973,18.96549,18.95918,18.95851,18.95751,18.95554,18.95391,18.95296,8.278753,503.2769,0.4547431,0.6438974,1.946226,0.08685247,19.06802,5.378628,1.0,-2.819252e-06,21.41822,20.35583,0.04358768,18.565,2,0,0,6,2,1,0,0,0,0,0,0,0,0,0,138,13,19.01879,18.99326,18.97456,18.9621,18.95554,18.94626,18.927,18.91724,18.90943,18.86749,18.81624,18.78657,21.50066,7.463588,474.9585,0.4471633,0.6501645,19.2061,1.910917,0.08666132,19.06657,0.80827865674462,0.04052208228522,0.58740409761797,4316,0.8082787,0.040522,0.587404,21946998,1,84,4397.576,145.3424,19.157164,0.068721354,20.367573,0.0774899,19.415543,0.06760861,19.260635,0.06803413,19.12254,0.07417313,19.142635,0.08151514,19.16187,0.08525912,99.99,-3.927158,-6.979421,827.2218,38.17753,238.0,73.0,237.97983,73.014435,8763620797,0,0.613098,0.585151,-0.032166,0.8064,0.7596,57.649445,2e-06,2.5,4.62,0.041735,0.000445,0.000451,-3e-06,0.838386,1.314799,2.183735,2.588995,2.911934,60.0,1.2378,0.0938998,0.0146808,0.0590028,21.004496,186.279,0.0,232201331,17188279791113,101,2015-12-31 23:59:59
56915.4583172,19.010042,0.05228985,41901040004224,2.870052,35.973011,1,0,4.10359e-07,156,156,147,19.09757,0.03918105,19.06836,19.07314,19.09768,19.10794,0.2216008,0.2188217,21345078000055,2.870024,35.973024,4190,4,56915.4628172,1978,19.00925,21.570147,28.295769,1.95,2.638533,0,131072,0,1,17188279791113,433286192,4.10359e-07,5.946111,1.0,-2.830889e-05,21.41822,20.35583,0.04377174,18.90717,0,0,0,6,2,1,0,0,0,0,0,0,0,0,0,130,13,19.02484,19.00028,18.98177,18.97449,18.96973,18.96549,18.95918,18.95851,18.95751,18.95554,18.95391,18.95296,8.278753,503.2769,0.4547431,0.6438974,1.946226,0.08685247,19.06802,5.378628,1.0,-2.819252e-06,21.41822,20.35583,0.04358768,18.565,2,0,0,6,2,1,0,0,0,0,0,0,0,0,0,138,13,19.01879,18.99326,18.97456,18.9621,18.95554,18.94626,18.927,18.91724,18.90943,18.86749,18.81624,18.78657,21.50066,7.463588,474.9585,0.4471633,0.6501645,19.2061,1.910917,0.08666132,19.06657,0.80827865674462,0.04052208228522,0.58740409761797,4316,0.8082785,0.0405217,0.5874043,21345078,1,55,5183.311,202.28307,19.00925,0.05228985,20.271172,0.06335198,19.31223,0.049988765,19.12103,0.050593954,18.96975,0.061913613,18.93053,0.071173534,18.904938,0.08429649,99.99,-4.33684,-7.081965,1725.3206,54.153492,241.0,62.0,240.76013,61.800312,8752964229,0,0.596753,0.679762,-0.03863,0.8424,0.7704,21.514328,2e-06,2.5,5.28,0.111438,0.000691,0.0007,-2e-06,0.84281,1.366935,2.321686,2.864461,3.359859,60.0,1.1827,0.0748767,0.0290072,0.0306267,20.210747,277.162,-1.48538,232201331,17188279791117,101,2015-12-31 23:59:59
56920.4943872,19.016619,0.04493028,41901040004224,2.870052,35.973011,1,0,4.10359e-07,156,156,147,19.09757,0.03918105,19.06836,19.07314,19.09768,19.10794,0.2216008,0.2188217,21435829000069,2.870038,35.973006,4190,4,56920.4990472,1983,19.019482,21.801233,28.253046,2.55,2.907335,0,131072,0,1,17188279791113,433286192,4.10359e-07,5.946111,1.0,-2.830889e-05,21.41822,20.35583,0.04377174,18.90717,0,0,0,6,2,1,0,0,0,0,0,0,0,0,0,130,13,19.02484,19.00028,18.98177,18.97449,18.96973,18.96549,18.95918,18.95851,18.95751,18.95554,18.95391,18.95296,8.278753,503.2769,0.4547431,0.6438974,1.946226,0.08685247,19.06802,5.378628,1.0,-2.819252e-06,21.41822,20.35583,0.04358768,18.565,2,0,0,6,2,1,0,0,0,0,0,0,0,0,0,138,13,19.01879,18.99326,18.97456,18.9621,18.95554,18.94626,18.927,18.91724,18.90943,18.86749,18.81624,18.78657,21.50066,7.463588,474.9585,0.4471633,0.6501645,19.2061,1.910917,0.08666132,19.06657,0.80827865674462,0.04052208228522,0.58740409761797,4316,0.8082787,0.0405219,0.587404,21435829,1,69,4936.5806,150.20932,19.000223,0.04507315,20.438456,0.058020063,19.441664,0.04431541,19.223045,0.043797135,18.965416,0.047570504,18.873234,0.0510333,18.910172,0.067147456,99.99,-3.742969,-6.630346,605.0982,33.91617,237.0,62.0,236.55501,61.582275,8754736357,0,0.842034,0.83483,-0.031063,0.9432,0.9108,49.44523,3e-06,2.5,5.28,0.211004,0.000525,0.000523,-2e-06,0.954151,1.532651,2.577287,3.033791,3.284173,60.0,1.455,0.0642591,0.0321708,0.0304427,21.307358,221.404,-0.229941,232201331,17188279791113,101,2015-12-31 23:59:59
56911.4348172,19.514845,0.10215146,41901040004224,2.870052,35.973011,1,0,4.10359e-07,156,156,147,19.09757,0.03918105,19.06836,19.07314,19.09768,19.10794,0.2216008,0.2188217,21285814000041,2.870014,35.973002,4190,4,56911.4391572,1975,19.508358,20.897875,28.299936,1.65,2.229426,0,131072,0,1,17188279791113,433286192,4.10359e-07,5.946111,1.0,-2.830889e-05,21.41822,20.35583,0.04377174,18.90717,0,0,0,6,2,1,0,0,0,0,0,0,0,0,0,130,13,19.02484,19.00028,18.98177,18.97449,18.96973,18.96549,18.95918,18.95851,18.95751,18.95554,18.95391,18.95296,8.278753,503.2769,0.4547431,0.6438974,1.946226,0.08685247,19.06802,5.378628,1.0,-2.819252e-06,21.41822,20.35583,0.04358768,18.565,2,0,0,6,2,1,0,0,0,0,0,0,0,0,0,138,13,19.01879,18.99326,18.97456,18.9621,18.95554,18.94626,18.927,18.91724,18.90943,18.86749,18.81624,18.78657,21.50066,7.463588,474.9585,0.4471633,0.6501645,19.2061,1.910917,0.08666132,19.06657,0.80827865674462,0.04052208228522,0.58740409761797,4316,0.8082788,0.0405215,0.587404,21285814,1,41,3285.73,289.07843,19.508358,0.10215146,20.215933,0.098070644,19.536648,0.10014337,19.420225,0.110231675,19.298365,0.15251596,19.312195,0.19081216,19.138205,0.1952994,99.99,-5.087854,-7.038872,8508.403,113.485245,241.0,61.0,240.54283,61.445374,8750521070,0,0.381438,0.336872,-0.040884,0.6444,0.5652,59.850777,1e-06,2.566714,6.599999,0.040608,0.001977,0.001976,-6e-06,0.71281,0.965201,1.679765,1.918753,2.017607,60.0,1.0801,0.246807,-0.128834,0.036137,18.484915,327.617,-3.45761,232201331,17188279791113,101,2015-12-31 23:59:59
56243.2822572,19.09501,0.046204027,41901040004224,2.870052,35.973011,1,0,4.10359e-07,156,156,147,19.09757,0.03918105,19.06836,19.07314,19.09768,19.10794,0.2216008,0.2188217,14607542000039,2.870044,35.972981,4190,4,56243.2864172,1329,19.077572,21.485907,28.316036,3.45,3.864223,0,131072,0,1,17188279791113,433286192,4.10359e-07,5.946111,1.0,-2.830889e-05,21.41822,20.35583,0.04377174,18.90717,0,0,0,6,2,1,0,0,0,0,0,0,0,0,0,130,13,19.02484,19.00028,18.98177,18.97449,18.96973,18.96549,18.95918,18.95851,18.95751,18.95554,18.95391,18.95296,8.278753,503.2769,0.4547431,0.6438974,1.946226,0.08685247,19.06802,5.378628,1.0,-2.819252e-06,21.41822,20.35583,0.04358768,18.565,2,0,0,6,2,1,0,0,0,0,0,0,0,0,0,138,13,19.01879,18.99326,18.97456,18.9621,18.95554,18.94626,18.927,18.91724,18.90943,18.86749,18.81624,18.78657,21.50066,7.463588,474.9585,0.4471633,0.6501645,19.2061,1.910917,0.08666132,19.06657,0.80827865674462,0.04052208228522,0.58740409761797,4316,0.808279,0.040522,0.5874037,14607542,1,39,4958.905,174.36292,19.094234,0.046363655,20.854671,0.07159056,19.71764,0.047875196,19.451117,0.045767806,19.068245,0.04735507,18.998438,0.052348163,18.982414,0.07520823,99.99,-3.80148,-6.321681,665.44495,35.685223,231.0,40.0,231.19926,39.742825,8739402352,0,1.290001,1.21162,0.025842,1.152,1.1088,-72.9826,3e-06,2.5,5.28,0.504477,0.00107,0.001056,2e-06,1.15871,1.837154,2.989176,3.512184,3.760991,60.0,1.1274,0.0770856,0.0169372,0.0260138,21.267168,203.283,0.0,232201331,17188279791113,101,2015-12-31 23:59:59
56949.3729772,19.077654,0.056433395,41901040004224,2.870052,35.973011,1,0,4.10359e-07,156,156,147,19.09757,0.03918105,19.06836,19.07314,19.09768,19.10794,0.2216008,0.2188217,21861301000073,2.870075,35.973038,4190,4,56949.3778772,2011,19.104355,21.869677,28.264149,2.15,2.516866,0,131072,0,1,17188279791113,433286192,4.10359e-07,5.946111,1.0,-2.830889e-05,21.41822,20.35583,0.04377174,18.90717,0,0,0,6,2,1,0,0,0,0,0,0,0,0,0,130,13,19.02484,19.00028,18.98177,18.97449,18.96973,18.96549,18.95918,18.95851,18.95751,18.95554,18.95391,18.95296,8.278753,503.2769,0.4547431,0.6438974,1.946226,0.08685247,19.06802,5.378628,1.0,-2.819252e-06,21.41822,20.35583,0.04358768,18.565,2,0,0,6,2,1,0,0,0,0,0,0,0,0,0,138,13,19.01879,18.99326,18.97456,18.9621,18.95554,18.94626,18.927,18.91724,18.90943,18.86749,18.81624,18.78657,21.50066,7.463588,474.9585,0.4471633,0.6501645,19.2061,1.910917,0.08666132,19.06657,0.80827865674462,0.04052208228522,0.58740409761797,4316,0.8082784,0.0405224,0.5874045,21861301,1,73,4612.3,149.81091,19.062437,0.05596335,20.292276,0.0639959,19.383785,0.054675914,19.211592,0.054978956,19.042261,0.06083058,19.025507,0.06714936,19.07429,0.07498923,99.99,-3.867143,-6.972004,730.49304,37.384583,240.0,74.0,240.37213,74.02614,8762273468,0,0.608245,0.60281,-0.029988,0.8064,0.7668,48.34323,2e-06,2.5,4.62,0.18909,0.00042,0.000417,-4e-06,0.841291,1.321962,2.260952,2.717951,3.004215,60.0,1.2127,-0.00123221,0.0932233,0.0440508,21.091925,231.215,0.0,232201331,17188279791106,101,2015-12-31 23:59:59
56944.3552472,19.082787,0.0495285,41901040004224,2.870052,35.973011,1,0,4.10359e-07,156,156,147,19.09757,0.03918105,19.06836,19.07314,19.09768,19.10794,0.2216008,0.2188217,21806895000073,2.870054,35.973003,4190,4,56944.3601872,2003,19.089699,21.642097,28.327013,1.95,2.53279,0,131072,0,1,17188279791113,433286192,4.10359e-07,5.946111,1.0,-2.830889e-05,21.41822,20.35583,0.04377174,18.90717,0,0,0,6,2,1,0,0,0,0,0,0,0,0,0,130,13,19.02484,19.00028,18.98177,18.97449,18.96973,18.96549,18.95918,18.95851,18.95751,18.95554,18.95391,18.95296,8.278753,503.2769,0.4547431,0.6438974,1.946226,0.08685247,19.06802,5.378628,1.0,-2.819252e-06,21.41822,20.35583,0.04358768,18.565,2,0,0,6,2,1,0,0,0,0,0,0,0,0,0,138,13,19.01879,18.99326,18.97456,18.9621,18.95554,18.94626,18.927,18.91724,18.90943,18.86749,18.81624,18.78657,21.50066,7.463588,474.9585,0.4471633,0.6501645,19.2061,1.910917,0.08666132,19.06657,0.80827865674462,0.04052208228522,0.58740409761797,4316,0.8082787,0.0405221,0.587404,21806895,1,73,4953.6543,182.26114,19.089699,0.0495285,20.252356,0.058512878,19.337236,0.047921658,19.167027,0.049120393,19.008865,0.059764154,18.99192,0.06991604,19.014132,0.08235271,99.99,-4.276251,-6.923076,1608.8535,52.173355,241.0,73.0,241.42905,72.58125,8761202487,0,0.580646,0.544499,-0.031865,0.7812,0.7344,60.655663,2e-06,2.5,5.28,0.462764,0.000555,0.000549,-1e-06,0.829459,1.256968,2.156194,2.63769,2.851429,60.0,1.1061,0.0888863,0.0143808,0.0292662,20.322662,286.221,-1.52325,232201331,17188279791113,101,2015-12-31 23:59:59
56958.3366972,19.00663,0.041974325,41901040004224,2.870052,35.973011,1,0,4.10359e-07,156,156,147,19.09757,0.03918105,19.06836,19.07314,19.09768,19.10794,0.2216008,0.2188217,22023615000083,2.870052,35.973032,4190,4,56958.3414372,2020,19.016445,21.986755,28.310162,2.05,2.230542,0,131072,0,1,17188279791113,433286192,4.10359e-07,5.946111,1.0,-2.830889e-05,21.41822,20.35583,0.04377174,18.90717,0,0,0,6,2,1,0,0,0,0,0,0,0,0,0,130,13,19.02484,19.00028,18.98177,18.97449,18.96973,18.96549,18.95918,18.95851,18.95751,18.95554,18.95391,18.95296,8.278753,503.2769,0.4547431,0.6438974,1.946226,0.08685247,19.06802,5.378628,1.0,-2.819252e-06,21.41822,20.35583,0.04358768,18.565,2,0,0,6,2,1,0,0,0,0,0,0,0,0,0,138,13,19.01879,18.99326,18.97456,18.9621,18.95554,18.94626,18.927,18.91724,18.90943,18.86749,18.81624,18.78657,21.50066,7.463588,474.9585,0.4471633,0.6501645,19.2061,1.910917,0.08666132,19.06657,0.80827865674462,0.04052208228522,0.58740409761797,4316,0.8082784,0.0405221,0.5874044,22023615,1,83,5217.795,150.84743,18.989431,0.04233907,20.218443,0.051235233,19.320484,0.040492862,19.150553,0.040751953,18.95819,0.046173528,18.968334,0.05325263,19.024872,0.07629342,99.99,-3.828237,-7.132417,737.94806,36.567616,241.0,74.0,240.7021,74.18719,8764235057,0,0.594771,0.603843,-0.000851,0.7848,0.7812,-0.990891,2e-06,2.5,5.94,0.462493,0.000337,0.000333,1e-06,0.82259,1.328954,2.316196,2.807766,3.082929,60.0,1.1672,0.0704066,0.0308613,0.0278592,21.151037,125.754,0.0,232201331,17188279791117,101,2015-12-31 23:59:59
56942.4246172,19.073837,0.07098612,41901040004224,2.870052,35.973011,1,0,4.10359e-07,156,156,147,19.09757,0.03918105,19.06836,19.07314,19.09768,19.10794,0.2216008,0.2188217,21769803000036,2.870062,35.973017,4190,4,56942.4295772,2006,19.085512,21.033539,28.244394,1.95,2.580516,0,131072,0,1,17188279791113,433286192,4.10359e-07,5.946111,1.0,-2.830889e-05,21.41822,20.35583,0.04377174,18.90717,0,0,0,6,2,1,0,0,0,0,0,0,0,0,0,130,13,19.02484,19.00028,18.98177,18.97449,18.96973,18.96549,18.95918,18.95851,18.95751,18.95554,18.95391,18.95296,8.278753,503.2769,0.4547431,0.6438974,1.946226,0.08685247,19.06802,5.378628,1.0,-2.819252e-06,21.41822,20.35583,0.04358768,18.565,2,0,0,6,2,1,0,0,0,0,0,0,0,0,0,138,13,19.01879,18.99326,18.97456,18.9621,18.95554,18.94626,18.927,18.91724,18.90943,18.86749,18.81624,18.78657,21.50066,7.463588,474.9585,0.4471633,0.6501645,19.2061,1.910917,0.08666132,19.06657,0.80827865674462,0.04052208228522,0.58740409761797,4316,0.8082786,0.0405222,0.5874042,21769803,1,36,4608.4253,277.51108,19.165884,0.06578772,20.189919,0.075997435,19.332224,0.06635736,19.15738,0.06949837,19.010548,0.09162944,18.94825,0.106414944,18.871769,0.11739573,99.99,-4.77139,-6.987825,4298.5205,82.599434,238.0,52.0,237.5755,51.807335,8757711353,0,0.489721,0.596665,-0.049555,0.792,0.6948,21.547127,1e-06,2.773089,5.94,0.059689,0.00136,0.001354,-3e-06,0.790525,1.247132,2.170871,2.59862,2.822105,60.0,1.3861,0.0941638,0.0126919,0.0276091,19.175919,308.897,-2.44057,232201331,17188279791113,101,2015-12-31 23:59:59
56956.3682772,18.594118,0.33774394,41901040004224,2.870052,35.973011,1,0,4.10359e-07,156,156,147,19.09757,0.03918105,19.06836,19.07314,19.09768,19.10794,0.2216008,0.2188217,21999340000034,2.87017,35.973032,4190,4,56956.3730572,2018,19.704533,20.173634,27.58751,3.15,5.016099,0,131072,0,1,17188279791113,433286192,4.10359e-07,5.946111,1.0,-2.830889e-05,21.41822,20.35583,0.04377174,18.90717,0,0,0,6,2,1,0,0,0,0,0,0,0,0,0,130,13,19.02484,19.00028,18.98177,18.97449,18.96973,18.96549,18.95918,18.95851,18.95751,18.95554,18.95391,18.95296,8.278753,503.2769,0.4547431,0.6438974,1.946226,0.08685247,19.06802,5.378628,1.0,-2.819252e-06,21.41822,20.35583,0.04358768,18.565,2,0,0,6,2,1,0,0,0,0,0,0,0,0,0,138,13,19.01879,18.99326,18.97456,18.9621,18.95554,18.94626,18.927,18.91724,18.90943,18.86749,18.81624,18.78657,21.50066,7.463588,474.9585,0.4471633,0.6501645,19.2061,1.910917,0.08666132,19.06657,0.80827865674462,0.04052208228522,0.58740409761797,4316,0.8082784,0.0405237,0.5874044,21999340,1,34,1422.9546,212.5876,20.33477,0.3332281,21.279226,0.36310783,20.403538,0.34786713,20.073812,0.34047198,19.606821,0.34310275,19.52424,0.3574679,19.479626,0.4055351,99.99,-4.24286,-5.449288,1609.6776,51.428528,240.0,70.0,239.93626,69.74155,8762451745,0,1.508125,1.190692,0.16853,1.2744,1.0692,-66.31046,0.0,4.082157,8.579999,0.495114,0.022641,0.022424,7.1e-05,1.057429,1.917333,2.885707,3.200732,3.303863,60.0,1.2796,-1.25478,1.34772,0.296221,19.377493,150.323,0.0,232201331,17188279787790,101,2015-12-31 23:59:59
56903.3132672,19.072369,0.038987968,41901040004224,2.870052,35.973011,1,0,4.10359e-07,156,156,147,19.09757,0.03918105,19.06836,19.07314,19.09768,19.10794,0.2216008,0.2188217,21304761000064,2.870061,35.972995,4190,4,56903.3172372,1968,19.079523,22.35109,28.369139,1.75,2.161177,0,131072,0,1,17188279791113,433286192,4.10359e-07,5.946111,1.0,-2.830889e-05,21.41822,20.35583,0.04377174,18.90717,0,0,0,6,2,1,0,0,0,0,0,0,0,0,0,130,13,19.02484,19.00028,18.98177,18.97449,18.96973,18.96549,18.95918,18.95851,18.95751,18.95554,18.95391,18.95296,8.278753,503.2769,0.4547431,0.6438974,1.946226,0.08685247,19.06802,5.378628,1.0,-2.819252e-06,21.41822,20.35583,0.04358768,18.565,2,0,0,6,2,1,0,0,0,0,0,0,0,0,0,138,13,19.01879,18.99326,18.97456,18.9621,18.95554,18.94626,18.927,18.91724,18.90943,18.86749,18.81624,18.78657,21.50066,7.463588,474.9585,0.4471633,0.6501645,19.2061,1.910917,0.08666132,19.06657,0.80827865674462,0.04052208228522,0.58740409761797,4316,0.8082788,0.0405222,0.5874039,21304761,1,64,5198.1167,133.1092,19.074505,0.03919391,20.169453,0.046784036,19.331638,0.03831264,19.174412,0.038471386,19.030813,0.044006333,19.003454,0.049288556,18.956144,0.05447724,99.99,-3.755801,-7.246813,566.2077,33.46597,231.0,48.0,230.84479,47.647503,8751623290,0,0.50353,0.565708,-0.02925,0.7668,0.7092,21.710884,2e-06,2.530237,5.28,0.043204,0.00025,0.000258,-2e-06,0.770434,1.265742,2.195351,2.677633,2.95198,60.0,1.068,0.0650455,0.0378516,0.0273262,21.489174,79.0834,0.0,232201331,17188279791113,101,2015-12-31 23:59:59
56209.1953672,19.045443,0.037057534,41901040004224,2.870052,35.973011,1,0,4.10359e-07,156,156,147,19.09757,0.03918105,19.06836,19.07314,19.09768,19.10794,0.2216008,0.2188217,14368074000117,2.870065,35.973023,4190,4,56209.2003272,1306,19.04666,22.024797,28.369234,2.05,2.281585,0,131072,0,1,17188279791113,433286192,4.10359e-07,5.946111,1.0,-2.830889e-05,21.41822,20.35583,0.04377174,18.90717,0,0,0,6,2,1,0,0,0,0,0,0,0,0,0,130,13,19.02484,19.00028,18.98177,18.97449,18.96973,18.96549,18.95918,18.95851,18.95751,18.95554,18.95391,18.95296,8.278753,503.2769,0.4547431,0.6438974,1.946226,0.08685247,19.06802,5.378628,1.0,-2.819252e-06,21.41822,20.35583,0.04358768,18.565,2,0,0,6,2,1,0,0,0,0,0,0,0,0,0,138,13,19.01879,18.99326,18.97456,18.9621,18.95554,18.94626,18.927,18.91724,18.90943,18.86749,18.81624,18.78657,21.50066,7.463588,474.9585,0.4471633,0.6501645,19.2061,1.910917,0.08666132,19.06657,0.80827865674462,0.04052208228522,0.58740409761797,4316,0.8082785,0.0405223,0.5874043,14368074,1,117,5358.334,148.40932,19.04666,0.037057534,20.255281,0.04888247,19.310854,0.03558662,19.150204,0.036130343,19.021557,0.043633286,19.007086,0.0506057,18.992588,0.05904455,99.99,-3.875334,-7.238716,746.7093,37.57316,226.0,93.0,226.00058,92.99999,8734072949,0,0.535467,0.626272,0.004074,0.7992,0.738,-2.710556,2e-06,2.5,5.28,0.056098,0.000306,0.000321,0.0,0.835291,1.308634,2.261904,2.727383,3.055597,60.0,1.1118,0.0865133,0.0182552,0.0216452,21.171103,260.219,0.0,232201331,17188279791117,101,2015-12-31 23:59:59
56915.4968272,19.10214,0.05400513,41901040004224,2.870052,35.973011,1,0,4.10359e-07,156,156,147,19.09757,0.03918105,19.06836,19.07314,19.09768,19.10794,0.2216008,0.2188217,21345051000055,2.870054,35.973011,4190,4,56915.5013272,1978,19.098194,21.510199,28.260569,1.85,2.078767,0,131072,0,1,17188279791113,433286192,4.10359e-07,5.946111,1.0,-2.830889e-05,21.41822,20.35583,0.04377174,18.90717,0,0,0,6,2,1,0,0,0,0,0,0,0,0,0,130,13,19.02484,19.00028,18.98177,18.97449,18.96973,18.96549,18.95918,18.95851,18.95751,18.95554,18.95391,18.95296,8.278753,503.2769,0.4547431,0.6438974,1.946226,0.08685247,19.06802,5.378628,1.0,-2.819252e-06,21.41822,20.35583,0.04358768,18.565,2,0,0,6,2,1,0,0,0,0,0,0,0,0,0,138,13,19.01879,18.99326,18.97456,18.9621,18.95554,18.94626,18.927,18.91724,18.90943,18.86749,18.81624,18.78657,21.50066,7.463588,474.9585,0.4471633,0.6501645,19.2061,1.910917,0.08666132,19.06657,0.80827865674462,0.04052208228522,0.58740409761797,4316,0.8082787,0.0405221,0.5874041,21345051,1,55,4623.268,189.36357,19.098064,0.05324748,20.135513,0.06036876,19.285566,0.051415972,19.14104,0.053658906,19.008013,0.067528576,18.972395,0.0784558,18.97679,0.08564342,99.99,-4.392025,-7.25866,2011.478,57.18351,236.0,60.0,236.28316,60.01976,8752883125,0,0.466437,0.483774,-0.021358,0.7128,0.6804,34.37199,1e-06,2.507057,5.28,0.590354,0.000568,0.000561,-2e-06,0.742,1.183139,2.045841,2.467625,2.788509,60.0,1.3761,0.0748767,0.0290072,0.0306267,20.01127,276.714,-1.53239,232201331,17188279791113,101,2015-12-31 23:59:59
56912.4677072,19.028854,0.0719827,41901040004224,2.870052,35.973011,1,0,4.10359e-07,156,156,147,19.09757,0.03918105,19.06836,19.07314,19.09768,19.10794,0.2216008,0.2188217,21318188000044,2.870065,35.973001,4190,4,56912.4720972,1976,19.040154,20.933798,28.29407,1.85,2.92197,0,131072,0,1,17188279791113,433286192,4.10359e-07,5.946111,1.0,-2.830889e-05,21.41822,20.35583,0.04377174,18.90717,0,0,0,6,2,1,0,0,0,0,0,0,0,0,0,130,13,19.02484,19.00028,18.98177,18.97449,18.96973,18.96549,18.95918,18.95851,18.95751,18.95554,18.95391,18.95296,8.278753,503.2769,0.4547431,0.6438974,1.946226,0.08685247,19.06802,5.378628,1.0,-2.819252e-06,21.41822,20.35583,0.04358768,18.565,2,0,0,6,2,1,0,0,0,0,0,0,0,0,0,138,13,19.01879,18.99326,18.97456,18.9621,18.95554,18.94626,18.927,18.91724,18.90943,18.86749,18.81624,18.78657,21.50066,7.463588,474.9585,0.4471633,0.6501645,19.2061,1.910917,0.08666132,19.06657,0.80827865674462,0.04052208228522,0.58740409761797,4316,0.8082787,0.0405223,0.587404,21318188,1,44,5029.9785,301.8511,19.065237,0.07185869,20.121223,0.08123281,19.246752,0.070359886,19.087362,0.0742683,18.933208,0.09756068,18.948582,0.12091502,18.958563,0.13262326,99.99,-4.974957,-7.269727,6308.06,98.56044,240.0,65.0,239.86993,64.76382,8751047777,0,0.53822,0.511706,-0.049929,0.7668,0.6948,52.935047,1e-06,2.5,5.28,0.132097,0.001479,0.00147,-2e-06,0.792608,1.23861,2.100065,2.502198,2.724624,60.0,1.1874,0.170872,-0.0550621,0.0305655,18.80834,313.966,-3.01796,232201331,17188279791113,101,2015-12-31 23:59:59
56950.3749572,19.11066,0.05642308,41901040004224,2.870052,35.973011,1,0,4.10359e-07,156,156,147,19.09757,0.03918105,19.06836,19.07314,19.09768,19.10794,0.2216008,0.2188217,21885277000080,2.870077,35.973014,4190,4,56950.3798472,2012,19.1212,21.945662,28.28888,1.95,2.431795,0,131072,0,1,17188279791113,433286192,4.10359e-07,5.946111,1.0,-2.830889e-05,21.41822,20.35583,0.04377174,18.90717,0,0,0,6,2,1,0,0,0,0,0,0,0,0,0,130,13,19.02484,19.00028,18.98177,18.97449,18.96973,18.96549,18.95918,18.95851,18.95751,18.95554,18.95391,18.95296,8.278753,503.2769,0.4547431,0.6438974,1.946226,0.08685247,19.06802,5.378628,1.0,-2.819252e-06,21.41822,20.35583,0.04358768,18.565,2,0,0,6,2,1,0,0,0,0,0,0,0,0,0,138,13,19.01879,18.99326,18.97456,18.9621,18.95554,18.94626,18.927,18.91724,18.90943,18.86749,18.81624,18.78657,21.50066,7.463588,474.9585,0.4471633,0.6501645,19.2061,1.910917,0.08666132,19.06657,0.80827865674462,0.04052208228522,0.58740409761797,4316,0.8082786,0.0405224,0.5874041,21885277,1,80,4645.923,142.56618,19.080542,0.055739466,20.28112,0.06487197,19.363722,0.055272765,19.19772,0.05538014,19.079882,0.062064417,19.054502,0.06799974,19.052261,0.0711257,99.99,-3.861497,-7.109834,760.23444,36.98134,240.0,71.0,239.93118,71.35528,8763364587,0,0.596159,0.556717,-0.021399,0.7884,0.7488,67.52005,2e-06,2.5,4.62,0.154133,0.000379,0.000374,-1e-06,0.814556,1.305588,2.17734,2.565475,2.833805,60.0,1.2332,0.0484693,0.0545796,0.0455303,21.030308,220.221,0.0,232201331,17188279791113,101,2015-12-31 23:59:59
56925.4927572,18.981625,0.04079094,41901040004224,2.870052,35.973011,1,0,4.10359e-07,156,156,147,19.09757,0.03918105,19.06836,19.07314,19.09768,19.10794,0.2216008,0.2188217,21523574000070,2.870065,35.973015,4190,4,56925.4975372,1988,18.989346,21.961761,28.226458,1.75,2.209139,0,131072,0,1,17188279791113,433286192,4.10359e-07,5.946111,1.0,-2.830889e-05,21.41822,20.35583,0.04377174,18.90717,0,0,0,6,2,1,0,0,0,0,0,0,0,0,0,130,13,19.02484,19.00028,18.98177,18.97449,18.96973,18.96549,18.95918,18.95851,18.95751,18.95554,18.95391,18.95296,8.278753,503.2769,0.4547431,0.6438974,1.946226,0.08685247,19.06802,5.378628,1.0,-2.819252e-06,21.41822,20.35583,0.04358768,18.565,2,0,0,6,2,1,0,0,0,0,0,0,0,0,0,138,13,19.01879,18.99326,18.97456,18.9621,18.95554,18.94626,18.927,18.91724,18.90943,18.86749,18.81624,18.78657,21.50066,7.463588,474.9585,0.4471633,0.6501645,19.2061,1.910917,0.08666132,19.06657,0.80827865674462,0.04052208228522,0.58740409761797,4316,0.8082786,0.0405223,0.5874042,21523574,1,70,4952.731,156.4091,18.970976,0.04074807,20.056135,0.046548016,19.227612,0.037745446,19.081692,0.0388409,18.908503,0.04641251,18.854374,0.052460585,18.923689,0.06688394,99.99,-3.932386,-7.155692,904.4694,39.750263,238.0,64.0,238.46657,64.17295,8755543539,0,0.560261,0.52792,-0.01928,0.7632,0.7272,66.34012,2e-06,2.5,5.28,0.036256,0.000354,0.000344,-1e-06,0.782879,1.262476,2.146465,2.66478,2.941333,60.0,1.555,0.0795419,0.0242799,0.0220836,20.846037,165.937,0.0,232201331,17188279791113,101,2015-12-31 23:59:59
56927.4998972,19.121552,0.057594303,41901040004224,2.870052,35.973011,1,0,4.10359e-07,156,156,147,19.09757,0.03918105,19.06836,19.07314,19.09768,19.10794,0.2216008,0.2188217,21549208000051,2.870082,35.973041,4190,4,56927.5047272,1990,19.111347,21.045597,28.181446,3.95,4.57444,0,131072,0,1,17188279791113,433286192,4.10359e-07,5.946111,1.0,-2.830889e-05,21.41822,20.35583,0.04377174,18.90717,0,0,0,6,2,1,0,0,0,0,0,0,0,0,0,130,13,19.02484,19.00028,18.98177,18.97449,18.96973,18.96549,18.95918,18.95851,18.95751,18.95554,18.95391,18.95296,8.278753,503.2769,0.4547431,0.6438974,1.946226,0.08685247,19.06802,5.378628,1.0,-2.819252e-06,21.41822,20.35583,0.04358768,18.565,2,0,0,6,2,1,0,0,0,0,0,0,0,0,0,138,13,19.01879,18.99326,18.97456,18.9621,18.95554,18.94626,18.927,18.91724,18.90943,18.86749,18.81624,18.78657,21.50066,7.463588,474.9585,0.4471633,0.6501645,19.2061,1.910917,0.08666132,19.06657,0.80827865674462,0.04052208228522,0.58740409761797,4316,0.8082783,0.0405225,0.5874045,21549208,1,51,4246.579,185.1656,19.122732,0.056726,20.851465,0.08594269,19.717606,0.058845397,19.432737,0.05608072,19.0416,0.05850951,19.00332,0.0663859,19.029003,0.10860344,99.99,-3.929536,-6.331971,887.3209,40.463184,239.0,62.0,238.88312,62.284103,8755657885,0,1.199121,1.199397,0.005259,1.1124,1.1052,-49.42971,3e-06,2.5,5.94,0.941659,0.001512,0.001528,-1e-06,1.123252,1.777956,2.868063,3.365016,3.541767,60.0,1.6815,0.0861819,0.0102423,0.0327841,20.811674,142.697,0.0,232201331,17188279787777,101,2015-12-31 23:59:59
56956.3393172,19.087711,0.31667215,41901040004224,2.870052,35.973011,1,0,4.10359e-07,156,156,147,19.09757,0.03918105,19.06836,19.07314,19.09768,19.10794,0.2216008,0.2188217,21999313000045,2.870068,35.973044,4190,4,56956.3440972,2018,19.600218,20.757074,27.858131,2.75,3.393241,0,131072,0,1,17188279791113,433286192,4.10359e-07,5.946111,1.0,-2.830889e-05,21.41822,20.35583,0.04377174,18.90717,0,0,0,6,2,1,0,0,0,0,0,0,0,0,0,130,13,19.02484,19.00028,18.98177,18.97449,18.96973,18.96549,18.95918,18.95851,18.95751,18.95554,18.95391,18.95296,8.278753,503.2769,0.4547431,0.6438974,1.946226,0.08685247,19.06802,5.378628,1.0,-2.819252e-06,21.41822,20.35583,0.04358768,18.565,2,0,0,6,2,1,0,0,0,0,0,0,0,0,0,138,13,19.01879,18.99326,18.97456,18.9621,18.95554,18.94626,18.927,18.91724,18.90943,18.86749,18.81624,18.78657,21.50066,7.463588,474.9585,0.4471633,0.6501645,19.2061,1.910917,0.08666132,19.06657,0.80827865674462,0.04052208228522,0.58740409761797,4316,0.8082783,0.0405223,0.5874046,21999313,1,45,2009.8552,207.19766,19.817173,0.30810374,21.02171,0.3215749,19.958733,0.3081566,19.783892,0.309135,19.582535,0.3178727,19.626673,0.33179265,19.372953,0.33697683,99.99,-4.023878,-5.82155,1197.8022,44.592854,241.0,73.0,240.97986,73.2453,8762315026,0,0.69989,0.872516,0.017716,0.9468,0.846,-5.973242,1e-06,3.696304,6.599999,0.699371,0.003662,0.003743,-7e-06,0.960389,1.464691,2.407605,2.776108,2.968242,60.0,1.1571,-1.25478,1.34772,0.296221,19.982344,150.679,0.0,232201331,17188279791106,101,2015-12-31 23:59:59
56920.5246372,19.231258,0.07618376,41901040004224,2.870052,35.973011,1,0,4.10359e-07,156,156,147,19.09757,0.03918105,19.06836,19.07314,19.09768,19.10794,0.2216008,0.2188217,21435851000042,2.870092,35.973005,4190,4,56920.5292972,1983,19.217627,20.748138,28.195341,2.55,3.057629,0,131072,0,1,17188279791113,433286192,4.10359e-07,5.946111,1.0,-2.830889e-05,21.41822,20.35583,0.04377174,18.90717,0,0,0,6,2,1,0,0,0,0,0,0,0,0,0,130,13,19.02484,19.00028,18.98177,18.97449,18.96973,18.96549,18.95918,18.95851,18.95751,18.95554,18.95391,18.95296,8.278753,503.2769,0.4547431,0.6438974,1.946226,0.08685247,19.06802,5.378628,1.0,-2.819252e-06,21.41822,20.35583,0.04358768,18.565,2,0,0,6,2,1,0,0,0,0,0,0,0,0,0,138,13,19.01879,18.99326,18.97456,18.9621,18.95554,18.94626,18.927,18.91724,18.90943,18.86749,18.81624,18.78657,21.50066,7.463588,474.9585,0.4471633,0.6501645,19.2061,1.910917,0.08666132,19.06657,0.80827865674462,0.04052208228522,0.58740409761797,4316,0.8082787,0.0405226,0.587404,21435851,1,42,3900.1956,250.807,19.256027,0.07353266,20.339285,0.09015341,19.426863,0.07468965,19.261236,0.07832057,19.13573,0.10603885,19.203642,0.13814601,19.175352,0.14508675,99.99,-4.793323,-6.855031,3858.2437,81.74335,238.0,62.0,237.61136,62.157814,8754925019,0,0.558145,0.6007,-0.016963,0.7884,0.7524,19.332703,1e-06,2.5,5.28,0.916029,0.001948,0.001954,-1.1e-05,0.804048,1.285125,2.114051,2.51944,2.756196,60.0,1.7468,0.0642591,0.0321708,0.0304427,19.242146,221.076,-0.23978,232201331,17188279787782,101,2015-12-31 23:59:59
56905.4391472,18.999338,0.03877136,41901040004224,2.870052,35.973011,1,0,4.10359e-07,156,156,147,19.09757,0.03918105,19.06836,19.07314,19.09768,19.10794,0.2216008,0.2188217,21294086000089,2.870053,35.973012,4190,4,56905.4432172,1970,19.004513,22.376347,28.369202,1.95,2.293181,0,131072,0,1,17188279791113,433286192,4.10359e-07,5.946111,1.0,-2.830889e-05,21.41822,20.35583,0.04377174,18.90717,0,0,0,6,2,1,0,0,0,0,0,0,0,0,0,130,13,19.02484,19.00028,18.98177,18.97449,18.96973,18.96549,18.95918,18.95851,18.95751,18.95554,18.95391,18.95296,8.278753,503.2769,0.4547431,0.6438974,1.946226,0.08685247,19.06802,5.378628,1.0,-2.819252e-06,21.41822,20.35583,0.04358768,18.565,2,0,0,6,2,1,0,0,0,0,0,0,0,0,0,138,13,19.01879,18.99326,18.97456,18.9621,18.95554,18.94626,18.927,18.91724,18.90943,18.86749,18.81624,18.78657,21.50066,7.463588,474.9585,0.4471633,0.6501645,19.2061,1.910917,0.08666132,19.06657,0.80827865674462,0.04052208228522,0.58740409761797,4316,0.8082786,0.0405221,0.5874041,21294086,1,89,5570.26,129.4362,18.98704,0.039482813,20.181864,0.047625277,19.3098,0.038376488,19.139523,0.038187236,18.957184,0.04160186,18.908466,0.044999987,18.851168,0.051375214,99.99,-3.64434,-7.265822,430.29913,29.80464,241.0,68.0,240.83337,68.26606,8751454932,0,0.548401,0.66874,-0.032473,0.8316,0.7452,14.214509,2e-06,2.5,5.28,0.309976,0.000231,0.000244,-3e-06,0.827444,1.358878,2.356587,2.895666,3.255419,60.0,1.0555,0.106975,-0.00078349,0.0294349,21.777948,50.9927,0.0,232201331,17188279791113,101,2015-12-31 23:59:59
56921.4762072,19.027214,0.0423387,41901040004224,2.870052,35.973011,1,0,4.10359e-07,156,156,147,19.09757,0.03918105,19.06836,19.07314,19.09768,19.10794,0.2216008,0.2188217,21453436000075,2.870089,35.973006,4190,4,56921.4808872,1984,19.032413,22.234718,28.306034,2.05,2.309129,0,131072,0,1,17188279791113,433286192,4.10359e-07,5.946111,1.0,-2.830889e-05,21.41822,20.35583,0.04377174,18.90717,0,0,0,6,2,1,0,0,0,0,0,0,0,0,0,130,13,19.02484,19.00028,18.98177,18.97449,18.96973,18.96549,18.95918,18.95851,18.95751,18.95554,18.95391,18.95296,8.278753,503.2769,0.4547431,0.6438974,1.946226,0.08685247,19.06802,5.378628,1.0,-2.819252e-06,21.41822,20.35583,0.04358768,18.565,2,0,0,6,2,1,0,0,0,0,0,0,0,0,0,138,13,19.01879,18.99326,18.97456,18.9621,18.95554,18.94626,18.927,18.91724,18.90943,18.86749,18.81624,18.78657,21.50066,7.463588,474.9585,0.4471633,0.6501645,19.2061,1.910917,0.08666132,19.06657,0.80827865674462,0.04052208228522,0.58740409761797,4316,0.8082787,0.0405226,0.587404,21453436,1,75,5122.098,130.88048,19.006737,0.04263103,20.210318,0.051620707,19.312016,0.04148615,19.148329,0.041518025,18.987955,0.0459748,18.993597,0.051418416,18.962137,0.059082188,99.99,-3.695906,-7.098478,452.99405,31.092691,237.0,60.0,237.10994,60.37803,8756295147,0,0.570294,0.60108,-0.019805,0.7884,0.7596,26.240902,2e-06,2.5,5.28,0.218877,0.000268,0.000274,0.0,0.820872,1.318122,2.28192,2.857959,3.195591,60.0,1.3493,0.0582903,0.0394295,0.0319766,21.666862,210.718,-0.125052,232201331,17188279787782,101,2015-12-31 23:59:59
56923.4410872,19.039265,0.046545662,41901040004224,2.870052,35.973011,1,0,4.10359e-07,156,156,147,19.09757,0.03918105,19.06836,19.07314,19.09768,19.10794,0.2216008,0.2188217,21490363000071,2.870102,35.972992,4190,4,56923.4458272,1986,19.04156,21.831497,28.335617,2.45,2.595032,0,131072,0,1,17188279791113,433286192,4.10359e-07,5.946111,1.0,-2.830889e-05,21.41822,20.35583,0.04377174,18.90717,0,0,0,6,2,1,0,0,0,0,0,0,0,0,0,130,13,19.02484,19.00028,18.98177,18.97449,18.96973,18.96549,18.95918,18.95851,18.95751,18.95554,18.95391,18.95296,8.278753,503.2769,0.4547431,0.6438974,1.946226,0.08685247,19.06802,5.378628,1.0,-2.819252e-06,21.41822,20.35583,0.04358768,18.565,2,0,0,6,2,1,0,0,0,0,0,0,0,0,0,138,13,19.01879,18.99326,18.97456,18.9621,18.95554,18.94626,18.927,18.91724,18.90943,18.86749,18.81624,18.78657,21.50066,7.463588,474.9585,0.4471633,0.6501645,19.2061,1.910917,0.08666132,19.06657,0.80827865674462,0.04052208228522,0.58740409761797,4316,0.8082788,0.0405228,0.5874038,21490363,1,71,5219.429,165.1622,19.029234,0.046270225,20.486109,0.060890656,19.477152,0.0454285,19.279703,0.045291357,18.988438,0.04861217,18.963322,0.054370902,18.83134,0.070439555,99.99,-3.900581,-6.970613,698.0861,36.839268,241.0,65.0,240.88771,65.02448,8755511983,0,0.798495,0.810059,-0.061646,0.9396,0.8712,42.91934,3e-06,2.5,5.94,0.400934,0.000549,0.000554,-7e-06,0.968935,1.531245,2.721909,3.252455,3.479701,60.0,1.2008,0.0769324,0.0211622,0.0313934,21.211306,189.065,0.0,232201331,17188279787782,101,2015-12-31 23:59:59
56954.3850372,19.047964,0.040518347,41901040004224,2.870052,35.973011,1,0,4.10359e-07,156,156,147,19.09757,0.03918105,19.06836,19.07314,19.09768,19.10794,0.2216008,0.2188217,21960845000086,2.870094,35.973029,4190,4,56954.3898572,2016,19.056477,22.037018,28.273928,1.75,1.995241,0,131072,0,1,17188279791113,433286192,4.10359e-07,5.946111,1.0,-2.830889e-05,21.41822,20.35583,0.04377174,18.90717,0,0,0,6,2,1,0,0,0,0,0,0,0,0,0,130,13,19.02484,19.00028,18.98177,18.97449,18.96973,18.96549,18.95918,18.95851,18.95751,18.95554,18.95391,18.95296,8.278753,503.2769,0.4547431,0.6438974,1.946226,0.08685247,19.06802,5.378628,1.0,-2.819252e-06,21.41822,20.35583,0.04358768,18.565,2,0,0,6,2,1,0,0,0,0,0,0,0,0,0,138,13,19.01879,18.99326,18.97456,18.9621,18.95554,18.94626,18.927,18.91724,18.90943,18.86749,18.81624,18.78657,21.50066,7.463588,474.9585,0.4471633,0.6501645,19.2061,1.910917,0.08666132,19.06657,0.80827865674462,0.04052208228522,0.58740409761797,4316,0.8082784,0.0405227,0.5874044,21960845,1,86,4863.8496,145.92227,19.035128,0.04045726,20.02502,0.045232374,19.25164,0.038112007,19.124725,0.039414022,18.991583,0.047597256,18.978634,0.055256873,18.98497,0.05083008,99.99,-3.91382,-7.308401,855.15753,38.61966,237.0,67.0,236.72237,66.663124,8763932005,0,0.444918,0.465689,-0.033577,0.7092,0.6552,36.841732,2e-06,2.5,3.96,0.494,0.000271,0.000273,-4e-06,0.728858,1.15759,2.058321,2.556369,2.82759,60.0,1.3429,0.0722121,0.0323215,0.0240863,20.949717,174.304,0.0,232201331,17188279787777,101,2015-12-31 23:59:59
56914.4995272,19.011192,0.068158954,41901040004224,2.870052,35.973011,1,0,4.10359e-07,156,156,147,19.09757,0.03918105,19.06836,19.07314,19.09768,19.10794,0.2216008,0.2188217,21363747000044,2.870033,35.973032,4190,4,56914.5039872,1979,19.025068,21.039007,28.212101,2.15,2.976411,0,131072,0,1,17188279791113,433286192,4.10359e-07,5.946111,1.0,-2.830889e-05,21.41822,20.35583,0.04377174,18.90717,0,0,0,6,2,1,0,0,0,0,0,0,0,0,0,130,13,19.02484,19.00028,18.98177,18.97449,18.96973,18.96549,18.95918,18.95851,18.95751,18.95554,18.95391,18.95296,8.278753,503.2769,0.4547431,0.6438974,1.946226,0.08685247,19.06802,5.378628,1.0,-2.819252e-06,21.41822,20.35583,0.04358768,18.565,2,0,0,6,2,1,0,0,0,0,0,0,0,0,0,138,13,19.01879,18.99326,18.97456,18.9621,18.95554,18.94626,18.927,18.91724,18.90943,18.86749,18.81624,18.78657,21.50066,7.463588,474.9585,0.4471633,0.6501645,19.2061,1.910917,0.08666132,19.06657,0.80827865674462,0.04052208228522,0.58740409761797,4316,0.8082785,0.0405218,0.5874044,21363747,1,44,4729.477,263.47086,19.045149,0.06528084,20.299692,0.07939686,19.37851,0.065944694,19.157854,0.06601945,18.905495,0.07854717,18.822111,0.08875623,18.764133,0.12548138,99.99,-4.630808,-6.959191,3319.4546,72.28771,236.0,62.0,236.47815,62.045486,8752658393,0,0.658713,0.712813,0.014378,0.8568,0.8172,-14.74099,2e-06,2.5,6.599999,0.535574,0.001518,0.001517,1e-06,0.866957,1.411224,2.400011,2.793493,2.961238,60.0,1.3758,0.0798675,0.0268169,0.0313929,19.429337,288.527,-2.01196,232201331,17188279791117,101,2015-12-31 23:59:59
56927.5273872,19.29127,0.112044595,41901040004224,2.870052,35.973011,1,0,4.10359e-07,156,156,147,19.09757,0.03918105,19.06836,19.07314,19.09768,19.10794,0.2216008,0.2188217,21549231000034,2.870051,35.973,4190,4,56927.5322172,1990,19.29154,19.934446,28.09406,4.95,5.679734,0,131072,0,1,17188279791113,433286192,4.10359e-07,5.946111,1.0,-2.830889e-05,21.41822,20.35583,0.04377174,18.90717,0,0,0,6,2,1,0,0,0,0,0,0,0,0,0,130,13,19.02484,19.00028,18.98177,18.97449,18.96973,18.96549,18.95918,18.95851,18.95751,18.95554,18.95391,18.95296,8.278753,503.2769,0.4547431,0.6438974,1.946226,0.08685247,19.06802,5.378628,1.0,-2.819252e-06,21.41822,20.35583,0.04358768,18.565,2,0,0,6,2,1,0,0,0,0,0,0,0,0,0,138,13,19.01879,18.99326,18.97456,18.9621,18.95554,18.94626,18.927,18.91724,18.90943,18.86749,18.81624,18.78657,21.50066,7.463588,474.9585,0.4471633,0.6501645,19.2061,1.910917,0.08666132,19.06657,0.80827865674462,0.04052208228522,0.58740409761797,4316,0.8082788,0.0405221,0.5874039,21549231,1,34,3319.008,327.44046,19.586063,0.108944796,21.200756,0.19486362,20.030025,0.13256384,19.637535,0.116207354,19.147087,0.117104664,19.083406,0.13629466,19.10097,0.19139668,99.99,-4.767856,-6.064184,3779.9695,81.55389,238.0,62.0,237.97787,62.498466,8755749493,0,1.475188,1.741948,0.076213,1.3428,1.2204,-15.267136,1e-06,2.952551,5.94,0.47524,0.012516,0.012645,-2.1e-05,1.31477,2.004694,2.847675,3.141407,3.290534,60.0,2.0676,0.0861819,0.0102423,0.0327841,19.158766,142.374,0.0,232201331,17188279791113,101,2015-12-31 23:59:59
56955.3691872,18.98237,0.07324424,41901040004224,2.870052,35.973011,1,0,4.10359e-07,156,156,147,19.09757,0.03918105,19.06836,19.07314,19.09768,19.10794,0.2216008,0.2188217,21980941000084,2.8701,35.973006,4190,4,56955.3739872,2017,19.041195,21.87497,28.224054,1.85,1.709365,0,131072,0,1,17188279791113,433286192,4.10359e-07,5.946111,1.0,-2.830889e-05,21.41822,20.35583,0.04377174,18.90717,0,0,0,6,2,1,0,0,0,0,0,0,0,0,0,130,13,19.02484,19.00028,18.98177,18.97449,18.96973,18.96549,18.95918,18.95851,18.95751,18.95554,18.95391,18.95296,8.278753,503.2769,0.4547431,0.6438974,1.946226,0.08685247,19.06802,5.378628,1.0,-2.819252e-06,21.41822,20.35583,0.04358768,18.565,2,0,0,6,2,1,0,0,0,0,0,0,0,0,0,138,13,19.01879,18.99326,18.97456,18.9621,18.95554,18.94626,18.927,18.91724,18.90943,18.86749,18.81624,18.78657,21.50066,7.463588,474.9585,0.4471633,0.6501645,19.2061,1.910917,0.08666132,19.06657,0.80827865674462,0.04052208228522,0.58740409761797,4316,0.8082787,0.0405228,0.587404,21980941,1,84,4711.3345,136.03806,19.041195,0.07324424,19.938276,0.07627105,19.178844,0.07218571,19.070719,0.073061176,19.008024,0.0792003,18.983158,0.084336266,18.988564,0.08294453,99.99,-3.946196,-7.52654,863.8222,38.670494,238.0,67.0,238.21248,66.797264,8763586309,0,0.370893,0.387591,0.001235,0.63,0.6156,-5.758331,1e-06,2.5,4.62,0.972131,0.00022,0.000221,1e-06,0.636805,1.090103,1.869895,2.339458,2.675674,60.0,1.2706,0.0536594,0.0565832,0.0661921,20.843529,162.505,0.0,232201331,17188279787782,101,2015-12-31 23:59:59
56914.4608572,19.079771,0.06324527,41901040004224,2.870052,35.973011,1,0,4.10359e-07,156,156,147,19.09757,0.03918105,19.06836,19.07314,19.09768,19.10794,0.2216008,0.2188217,21363562000061,2.870047,35.973004,4190,4,56914.4653172,1979,19.075253,21.44963,28.250214,1.65,2.072133,0,131072,0,1,17188279791113,433286192,4.10359e-07,5.946111,1.0,-2.830889e-05,21.41822,20.35583,0.04377174,18.90717,0,0,0,6,2,1,0,0,0,0,0,0,0,0,0,130,13,19.02484,19.00028,18.98177,18.97449,18.96973,18.96549,18.95918,18.95851,18.95751,18.95554,18.95391,18.95296,8.278753,503.2769,0.4547431,0.6438974,1.946226,0.08685247,19.06802,5.378628,1.0,-2.819252e-06,21.41822,20.35583,0.04358768,18.565,2,0,0,6,2,1,0,0,0,0,0,0,0,0,0,138,13,19.01879,18.99326,18.97456,18.9621,18.95554,18.94626,18.927,18.91724,18.90943,18.86749,18.81624,18.78657,21.50066,7.463588,474.9585,0.4471633,0.6501645,19.2061,1.910917,0.08666132,19.06657,0.80827865674462,0.04052208228522,0.58740409761797,4316,0.8082787,0.040522,0.587404,21363562,1,61,4677.186,236.46213,19.099972,0.060649794,20.164345,0.066445634,19.326273,0.05846346,19.159552,0.06093496,18.977388,0.07551734,18.995855,0.092345774,18.971956,0.103799045,99.99,-4.513195,-7.246402,2818.6467,66.82084,240.0,64.0,239.81012,64.49722,8752206663,0,0.460117,0.538115,-0.023727,0.7452,0.6804,15.605767,1e-06,2.578217,5.28,0.291138,0.000811,0.000824,-4e-06,0.770086,1.213156,2.156463,2.613909,2.862024,60.0,1.182,0.0798675,0.0268169,0.0313929,19.64327,288.993,-1.95894,232201331,17188279791113,101,2015-12-31 23:59:59
56209.1570572,18.974989,0.039555714,41901040004224,2.870052,35.973011,1,0,4.10359e-07,156,156,147,19.09757,0.03918105,19.06836,19.07314,19.09768,19.10794,0.2216008,0.2188217,14368052000073,2.870066,35.97302,4190,4,56209.1620172,1306,18.993723,21.810347,28.348238,2.45,2.718868,0,131072,0,1,17188279791113,433286192,4.10359e-07,5.946111,1.0,-2.830889e-05,21.41822,20.35583,0.04377174,18.90717,0,0,0,6,2,1,0,0,0,0,0,0,0,0,0,130,13,19.02484,19.00028,18.98177,18.97449,18.96973,18.96549,18.95918,18.95851,18.95751,18.95554,18.95391,18.95296,8.278753,503.2769,0.4547431,0.6438974,1.946226,0.08685247,19.06802,5.378628,1.0,-2.819252e-06,21.41822,20.35583,0.04358768,18.565,2,0,0,6,2,1,0,0,0,0,0,0,0,0,0,138,13,19.01879,18.99326,18.97456,18.9621,18.95554,18.94626,18.927,18.91724,18.90943,18.86749,18.81624,18.78657,21.50066,7.463588,474.9585,0.4471633,0.6501645,19.2061,1.910917,0.08666132,19.06657,0.80827865674462,0.04052208228522,0.58740409761797,4316,0.8082786,0.0405223,0.5874042,14368052,1,73,5518.3105,168.2307,18.999012,0.039686374,20.456472,0.055599336,19.436132,0.038468406,19.243778,0.038332943,18.972559,0.04287142,18.945074,0.049307916,18.864975,0.06823699,99.99,-3.856419,-6.82518,757.85443,37.181553,223.0,64.0,222.99979,64.32897,8733984140,0,0.779486,0.84001,-0.022044,0.9288,0.8892,17.78984,3e-06,2.5,5.94,0.236895,0.000513,0.00051,-1e-06,0.963018,1.524037,2.720582,3.218525,3.495033,60.0,1.2534,0.0865133,0.0182552,0.0216452,21.146189,260.654,0.0,232201331,17188279791113,101,2015-12-31 23:59:59
56905.4057272,19.060919,0.04176613,41901040004224,2.870052,35.973011,1,0,4.10359e-07,156,156,147,19.09757,0.03918105,19.06836,19.07314,19.09768,19.10794,0.2216008,0.2188217,21294059000083,2.870034,35.973031,4190,4,56905.4098072,1970,19.06584,22.322224,28.372961,1.95,2.313861,0,131072,0,1,17188279791113,433286192,4.10359e-07,5.946111,1.0,-2.830889e-05,21.41822,20.35583,0.04377174,18.90717,0,0,0,6,2,1,0,0,0,0,0,0,0,0,0,130,13,19.02484,19.00028,18.98177,18.97449,18.96973,18.96549,18.95918,18.95851,18.95751,18.95554,18.95391,18.95296,8.278753,503.2769,0.4547431,0.6438974,1.946226,0.08685247,19.06802,5.378628,1.0,-2.819252e-06,21.41822,20.35583,0.04358768,18.565,2,0,0,6,2,1,0,0,0,0,0,0,0,0,0,138,13,19.01879,18.99326,18.97456,18.9621,18.95554,18.94626,18.927,18.91724,18.90943,18.86749,18.81624,18.78657,21.50066,7.463588,474.9585,0.4471633,0.6501645,19.2061,1.910917,0.08666132,19.06657,0.80827865674462,0.04052208228522,0.58740409761797,4316,0.8082785,0.0405218,0.5874044,21294059,1,83,5282.615,144.13235,19.000834,0.04169241,20.328182,0.05133998,19.424278,0.040497307,19.224585,0.039941274,19.000324,0.04342298,18.962086,0.047635496,18.944815,0.05415321,99.99,-3.702993,-7.210075,479.8485,31.558329,235.0,66.0,234.9992,66.19099,8751230253,0,0.594752,0.699212,-0.042037,0.8532,0.7704,19.486237,3e-06,2.5,4.62,0.091262,0.000304,0.000313,-5e-06,0.845386,1.389861,2.446829,3.00008,3.336544,60.0,1.0121,0.106975,-0.00078349,0.0294349,21.663,51.4471,0.0,232201331,17188279791117,101,2015-12-31 23:59:59
56942.4478672,19.103039,0.07678439,41901040004224,2.870052,35.973011,1,0,4.10359e-07,156,156,147,19.09757,0.03918105,19.06836,19.07314,19.09768,19.10794,0.2216008,0.2188217,21769647000032,2.87006,35.973006,4190,4,56942.4528272,2006,19.100552,20.950102,28.20787,1.95,2.220098,0,131072,0,1,17188279791113,433286192,4.10359e-07,5.946111,1.0,-2.830889e-05,21.41822,20.35583,0.04377174,18.90717,0,0,0,6,2,1,0,0,0,0,0,0,0,0,0,130,13,19.02484,19.00028,18.98177,18.97449,18.96973,18.96549,18.95918,18.95851,18.95751,18.95554,18.95391,18.95296,8.278753,503.2769,0.4547431,0.6438974,1.946226,0.08685247,19.06802,5.378628,1.0,-2.819252e-06,21.41822,20.35583,0.04358768,18.565,2,0,0,6,2,1,0,0,0,0,0,0,0,0,0,138,13,19.01879,18.99326,18.97456,18.9621,18.95554,18.94626,18.927,18.91724,18.90943,18.86749,18.81624,18.78657,21.50066,7.463588,474.9585,0.4471633,0.6501645,19.2061,1.910917,0.08666132,19.06657,0.80827865674462,0.04052208228522,0.58740409761797,4316,0.8082787,0.0405222,0.587404,21769647,1,32,4394.6836,289.9403,19.118,0.069172725,20.112604,0.0764924,19.263638,0.06701457,19.133749,0.07281153,18.934923,0.09256246,18.857674,0.10627685,18.877073,0.11562465,99.99,-4.836531,-7.28882,4685.44,86.65907,239.0,53.0,239.22429,52.806545,8757321734,0,0.453502,0.482934,0.018315,0.7092,0.6732,-26.337328,1e-06,2.659853,5.28,0.582119,0.001236,0.001241,1e-06,0.731177,1.171204,1.967669,2.40919,2.77872,60.0,1.5693,0.0941638,0.0126919,0.0276091,19.04503,308.615,-2.48037,232201331,17188279791113,101,2015-12-31 23:59:59
56924.4334972,19.04005,0.04332115,41901040004224,2.870052,35.973011,1,0,4.10359e-07,156,156,147,19.09757,0.03918105,19.06836,19.07314,19.09768,19.10794,0.2216008,0.2188217,21507201000076,2.870053,35.972994,4190,4,56924.4382572,1987,19.045168,22.176655,28.337006,1.85,2.663014,0,131072,0,1,17188279791113,433286192,4.10359e-07,5.946111,1.0,-2.830889e-05,21.41822,20.35583,0.04377174,18.90717,0,0,0,6,2,1,0,0,0,0,0,0,0,0,0,130,13,19.02484,19.00028,18.98177,18.97449,18.96973,18.96549,18.95918,18.95851,18.95751,18.95554,18.95391,18.95296,8.278753,503.2769,0.4547431,0.6438974,1.946226,0.08685247,19.06802,5.378628,1.0,-2.819252e-06,21.41822,20.35583,0.04358768,18.565,2,0,0,6,2,1,0,0,0,0,0,0,0,0,0,138,13,19.01879,18.99326,18.97456,18.9621,18.95554,18.94626,18.927,18.91724,18.90943,18.86749,18.81624,18.78657,21.50066,7.463588,474.9585,0.4471633,0.6501645,19.2061,1.910917,0.08666132,19.06657,0.80827865674462,0.04052208228522,0.58740409761797,4316,0.8082788,0.0405221,0.5874039,21507201,1,76,5208.7627,151.78923,19.025272,0.043477725,20.34152,0.0533514,19.400497,0.042170037,19.207485,0.041837104,18.985258,0.04625923,18.957687,0.051663674,18.878557,0.06673008,99.99,-3.831821,-6.967533,653.45776,35.146168,240.0,65.0,240.01414,65.388245,8756752441,0,0.711416,0.737059,-0.002136,0.8676,0.8532,2.669464,2e-06,2.5,5.94,0.029743,0.000417,0.000417,0.0,0.902453,1.44247,2.453101,2.966648,3.250695,60.0,1.1818,0.0716241,0.0285439,0.0295836,21.294998,177.95,0.0,232201331,17188279791113,101,2015-12-31 23:59:59
56921.4438172,19.190025,0.044196177,41901040004224,2.870052,35.973011,1,0,4.10359e-07,156,156,147,19.09757,0.03918105,19.06836,19.07314,19.09768,19.10794,0.2216008,0.2188217,21453414000077,2.870071,35.973015,4190,4,56921.4485072,1984,19.196728,22.317945,28.335693,2.05,2.315649,0,131072,0,1,17188279791113,433286192,4.10359e-07,5.946111,1.0,-2.830889e-05,21.41822,20.35583,0.04377174,18.90717,0,0,0,6,2,1,0,0,0,0,0,0,0,0,0,130,13,19.02484,19.00028,18.98177,18.97449,18.96973,18.96549,18.95918,18.95851,18.95751,18.95554,18.95391,18.95296,8.278753,503.2769,0.4547431,0.6438974,1.946226,0.08685247,19.06802,5.378628,1.0,-2.819252e-06,21.41822,20.35583,0.04358768,18.565,2,0,0,6,2,1,0,0,0,0,0,0,0,0,0,138,13,19.01879,18.99326,18.97456,18.9621,18.95554,18.94626,18.927,18.91724,18.90943,18.86749,18.81624,18.78657,21.50066,7.463588,474.9585,0.4471633,0.6501645,19.2061,1.910917,0.08666132,19.06657,0.80827865674462,0.04052208228522,0.58740409761797,4316,0.8082786,0.0405223,0.5874042,21453414,1,77,4524.661,127.110306,19.172783,0.044277716,20.372278,0.052602142,19.47077,0.04249573,19.311474,0.04276688,19.111778,0.046839323,19.078041,0.05148109,19.051325,0.055364896,99.99,-3.612245,-6.944574,410.24716,29.511097,239.0,61.0,239.27846,60.53022,8756172038,0,0.579663,0.607439,-0.014685,0.792,0.7668,23.31183,2e-06,2.5,4.62,0.245135,0.000308,0.000312,-2e-06,0.827242,1.30969,2.229289,2.79809,3.077467,60.0,1.19,0.0582903,0.0394295,0.0319766,21.806282,211.072,0.0,232201331,17188279791113,101,2015-12-31 23:59:59
56904.2814572,19.144022,0.05409488,41901040004224,2.870052,35.973011,1,0,4.10359e-07,156,156,147,19.09757,0.03918105,19.06836,19.07314,19.09768,19.10794,0.2216008,0.2188217,21300482000041,2.870054,35.973026,4190,4,56904.2854772,1969,19.149546,21.599958,28.348475,1.85,2.309877,0,131072,0,1,17188279791113,433286192,4.10359e-07,5.946111,1.0,-2.830889e-05,21.41822,20.35583,0.04377174,18.90717,0,0,0,6,2,1,0,0,0,0,0,0,0,0,0,130,13,19.02484,19.00028,18.98177,18.97449,18.96973,18.96549,18.95918,18.95851,18.95751,18.95554,18.95391,18.95296,8.278753,503.2769,0.4547431,0.6438974,1.946226,0.08685247,19.06802,5.378628,1.0,-2.819252e-06,21.41822,20.35583,0.04358768,18.565,2,0,0,6,2,1,0,0,0,0,0,0,0,0,0,138,13,19.01879,18.99326,18.97456,18.9621,18.95554,18.94626,18.927,18.91724,18.90943,18.86749,18.81624,18.78657,21.50066,7.463588,474.9585,0.4471633,0.6501645,19.2061,1.910917,0.08666132,19.06657,0.80827865674462,0.04052208228522,0.58740409761797,4316,0.8082785,0.0405221,0.5874043,21300482,1,41,4781.58,202.53299,19.149546,0.05409488,20.2373,0.060399137,19.359678,0.050089244,19.218666,0.05256016,19.0659,0.06552209,19.070127,0.078750454,19.034338,0.100084215,99.99,-4.354042,-7.104837,2006.5511,57.63251,227.0,45.0,226.75853,45.245792,8751108217,0,0.492889,0.58011,-0.007613,0.7704,0.7092,4.764,1e-06,2.5,5.94,0.086314,0.000622,0.000635,0.0,0.777565,1.235145,2.098359,2.545597,2.764702,60.0,1.1443,0.0927246,0.0123896,0.028465,20.102646,66.5077,-1.69048,232201331,17188279791117,101,2015-12-31 23:59:59
56946.3964772,19.103924,0.049772028,41901040004224,2.870052,35.973011,1,0,4.10359e-07,156,156,147,19.09757,0.03918105,19.06836,19.07314,19.09768,19.10794,0.2216008,0.2188217,21826093000067,2.870056,35.973002,4190,4,56946.4014172,2008,19.109398,21.460007,28.274595,2.45,2.480607,0,131072,0,1,17188279791113,433286192,4.10359e-07,5.946111,1.0,-2.830889e-05,21.41822,20.35583,0.04377174,18.90717,0,0,0,6,2,1,0,0,0,0,0,0,0,0,0,130,13,19.02484,19.00028,18.98177,18.97449,18.96973,18.96549,18.95918,18.95851,18.95751,18.95554,18.95391,18.95296,8.278753,503.2769,0.4547431,0.6438974,1.946226,0.08685247,19.06802,5.378628,1.0,-2.819252e-06,21.41822,20.35583,0.04358768,18.565,2,0,0,6,2,1,0,0,0,0,0,0,0,0,0,138,13,19.01879,18.99326,18.97456,18.9621,18.95554,18.94626,18.927,18.91724,18.90943,18.86749,18.81624,18.78657,21.50066,7.463588,474.9585,0.4471633,0.6501645,19.2061,1.910917,0.08666132,19.06657,0.80827865674462,0.04052208228522,0.58740409761797,4316,0.8082787,0.0405221,0.587404,21826093,1,67,4635.3105,168.10225,19.093851,0.049360797,20.36105,0.06325935,19.396204,0.049068447,19.200062,0.049297046,19.031162,0.058986746,18.973707,0.06653576,18.960775,0.07724737,99.99,-4.140729,-6.946692,1291.5651,46.7878,242.0,72.0,242.05763,72.27687,8760327803,0,0.635063,0.670506,0.005598,0.828,0.8064,-10.225113,2e-06,2.5,5.28,0.910655,0.000634,0.000639,3e-06,0.854683,1.358159,2.254638,2.636163,2.860545,60.0,1.2847,0.082523,0.0203567,0.0304328,20.505201,263.508,-1.01622,232201331,17188279791113,101,2015-12-31 23:59:59
56952.3731472,19.027306,0.044357963,41901040004224,2.870052,35.973011,1,0,4.10359e-07,156,156,147,19.09757,0.03918105,19.06836,19.07314,19.09768,19.10794,0.2216008,0.2188217,21924115000077,2.870053,35.973012,4190,4,56952.3780072,2014,19.025185,22.024942,28.301271,1.95,2.204068,0,131072,0,1,17188279791113,433286192,4.10359e-07,5.946111,1.0,-2.830889e-05,21.41822,20.35583,0.04377174,18.90717,0,0,0,6,2,1,0,0,0,0,0,0,0,0,0,130,13,19.02484,19.00028,18.98177,18.97449,18.96973,18.96549,18.95918,18.95851,18.95751,18.95554,18.95391,18.95296,8.278753,503.2769,0.4547431,0.6438974,1.946226,0.08685247,19.06802,5.378628,1.0,-2.819252e-06,21.41822,20.35583,0.04358768,18.565,2,0,0,6,2,1,0,0,0,0,0,0,0,0,0,138,13,19.01879,18.99326,18.97456,18.9621,18.95554,18.94626,18.927,18.91724,18.90943,18.86749,18.81624,18.78657,21.50066,7.463588,474.9585,0.4471633,0.6501645,19.2061,1.910917,0.08666132,19.06657,0.80827865674462,0.04052208228522,0.58740409761797,4316,0.8082786,0.0405221,0.5874041,21924115,1,77,5133.748,149.626,18.975983,0.044289514,20.12718,0.049978755,19.28707,0.042239085,19.131048,0.04268336,18.95616,0.04808107,18.920324,0.05342963,18.885471,0.05820902,99.99,-3.855733,-7.214386,741.93695,36.250183,239.0,72.0,239.43857,72.24881,8765026845,0,0.51215,0.514866,0.017493,0.738,0.7128,-43.419113,2e-06,2.5,4.62,0.753312,0.000281,0.000278,3e-06,0.791327,1.229682,2.21726,2.747867,3.06172,60.0,1.2501,0.0626916,0.0366135,0.031077,21.129913,197.769,0.0,232201331,17188279791113,101,2015-12-31 23:59:59
56940.4013072,19.373575,0.09819529,41901040004224,2.870052,35.973011,1,0,4.10359e-07,156,156,147,19.09757,0.03918105,19.06836,19.07314,19.09768,19.10794,0.2216008,0.2188217,21740323000036,2.870033,35.972991,4190,4,56940.4062672,2004,19.372896,20.679348,28.26502,1.85,2.20402,0,131072,0,1,17188279791113,433286192,4.10359e-07,5.946111,1.0,-2.830889e-05,21.41822,20.35583,0.04377174,18.90717,0,0,0,6,2,1,0,0,0,0,0,0,0,0,0,130,13,19.02484,19.00028,18.98177,18.97449,18.96973,18.96549,18.95918,18.95851,18.95751,18.95554,18.95391,18.95296,8.278753,503.2769,0.4547431,0.6438974,1.946226,0.08685247,19.06802,5.378628,1.0,-2.819252e-06,21.41822,20.35583,0.04358768,18.565,2,0,0,6,2,1,0,0,0,0,0,0,0,0,0,138,13,19.01879,18.99326,18.97456,18.9621,18.95554,18.94626,18.927,18.91724,18.90943,18.86749,18.81624,18.78657,21.50066,7.463588,474.9585,0.4471633,0.6501645,19.2061,1.910917,0.08666132,19.06657,0.80827865674462,0.04052208228522,0.58740409761797,4316,0.8082789,0.0405218,0.5874038,21740323,1,36,3604.542,306.0778,19.412153,0.094943106,20.215857,0.10405004,19.423672,0.0976508,19.283785,0.106072895,19.110523,0.13985667,19.053907,0.16438468,19.440094,0.29000232,99.99,-5.172389,-7.130419,9557.142,120.51688,239.0,58.0,239.1797,58.311443,8756152848,0,0.4021,0.432049,-0.03992,0.684,0.6192,34.924755,1e-06,2.5,7.259999,0.862488,0.002323,0.002354,-3e-06,0.677173,1.069794,1.740039,1.989259,2.116131,60.0,1.229,0.0233013,0.0739795,0.0337393,18.32757,334.275,-3.44678,232201331,17188279791113,101,2015-12-31 23:59:59
56943.3960772,19.165787,0.06740831,41901040004224,2.870052,35.973011,1,0,4.10359e-07,156,156,147,19.09757,0.03918105,19.06836,19.07314,19.09768,19.10794,0.2216008,0.2188217,21785327000041,2.870077,35.972973,4190,4,56943.4010272,2002,19.16201,20.989853,28.268574,2.65,3.409759,0,131072,0,1,17188279791113,433286192,4.10359e-07,5.946111,1.0,-2.830889e-05,21.41822,20.35583,0.04377174,18.90717,0,0,0,6,2,1,0,0,0,0,0,0,0,0,0,130,13,19.02484,19.00028,18.98177,18.97449,18.96973,18.96549,18.95918,18.95851,18.95751,18.95554,18.95391,18.95296,8.278753,503.2769,0.4547431,0.6438974,1.946226,0.08685247,19.06802,5.378628,1.0,-2.819252e-06,21.41822,20.35583,0.04358768,18.565,2,0,0,6,2,1,0,0,0,0,0,0,0,0,0,138,13,19.01879,18.99326,18.97456,18.9621,18.95554,18.94626,18.927,18.91724,18.90943,18.86749,18.81624,18.78657,21.50066,7.463588,474.9585,0.4471633,0.6501645,19.2061,1.910917,0.08666132,19.06657,0.80827865674462,0.04052208228522,0.58740409761797,4316,0.808279,0.0405224,0.5874036,21785327,1,41,4391.622,241.08072,19.18026,0.064586714,20.546156,0.086001486,19.494942,0.064130455,19.287914,0.06523487,19.060684,0.07877634,19.021467,0.09199993,18.973808,0.1204856,99.99,-4.50893,-6.726746,2610.279,66.10079,240.0,52.0,240.07373,51.64732,8757927692,0,0.788373,0.750111,-0.05098,0.918,0.8568,56.060074,2e-06,2.53981,5.94,0.259134,0.0016,0.001598,-1e-05,0.935574,1.440377,2.356592,2.749987,2.929268,60.0,1.2424,0.100572,0.00010026,0.0314594,19.73611,297.31,-1.94502,232201331,17188279791113,101,2015-12-31 23:59:59
56924.4613172,19.046875,0.04370099,41901040004224,2.870052,35.973011,1,0,4.10359e-07,156,156,147,19.09757,0.03918105,19.06836,19.07314,19.09768,19.10794,0.2216008,0.2188217,21507220000079,2.870053,35.972998,4190,4,56924.4660772,1987,19.047626,22.036331,28.306896,1.95,2.322068,0,131072,0,1,17188279791113,433286192,4.10359e-07,5.946111,1.0,-2.830889e-05,21.41822,20.35583,0.04377174,18.90717,0,0,0,6,2,1,0,0,0,0,0,0,0,0,0,130,13,19.02484,19.00028,18.98177,18.97449,18.96973,18.96549,18.95918,18.95851,18.95751,18.95554,18.95391,18.95296,8.278753,503.2769,0.4547431,0.6438974,1.946226,0.08685247,19.06802,5.378628,1.0,-2.819252e-06,21.41822,20.35583,0.04358768,18.565,2,0,0,6,2,1,0,0,0,0,0,0,0,0,0,138,13,19.01879,18.99326,18.97456,18.9621,18.95554,18.94626,18.927,18.91724,18.90943,18.86749,18.81624,18.78657,21.50066,7.463588,474.9585,0.4471633,0.6501645,19.2061,1.910917,0.08666132,19.06657,0.80827865674462,0.04052208228522,0.58740409761797,4316,0.8082788,0.0405221,0.5874039,21507220,1,79,5054.8447,149.71407,19.03093,0.043697312,20.27614,0.054134484,19.356197,0.04262993,19.179766,0.042683244,18.989222,0.048372086,18.955603,0.05424843,18.905396,0.06329947,99.99,-3.864855,-7.101272,724.0395,36.946697,238.0,66.0,238.21294,65.72149,8756804130,0,0.624705,0.658356,-0.02513,0.828,0.792,28.201159,2e-06,2.540188,5.28,0.070384,0.00039,0.000394,-3e-06,0.831731,1.366538,2.338836,2.808385,3.116606,60.0,1.3103,0.0716241,0.0285439,0.0295836,21.15442,177.637,0.0,232201331,17188279791113,101,2015-12-31 23:59:59
56952.3444672,19.038164,0.044876724,41901040004224,2.870052,35.973011,1,0,4.10359e-07,156,156,147,19.09757,0.03918105,19.06836,19.07314,19.09768,19.10794,0.2216008,0.2188217,21924090000083,2.87007,35.972988,4190,4,56952.3493272,2014,19.042665,22.043537,28.320375,2.05,2.347687,0,131072,0,1,17188279791113,433286192,4.10359e-07,5.946111,1.0,-2.830889e-05,21.41822,20.35583,0.04377174,18.90717,0,0,0,6,2,1,0,0,0,0,0,0,0,0,0,130,13,19.02484,19.00028,18.98177,18.97449,18.96973,18.96549,18.95918,18.95851,18.95751,18.95554,18.95391,18.95296,8.278753,503.2769,0.4547431,0.6438974,1.946226,0.08685247,19.06802,5.378628,1.0,-2.819252e-06,21.41822,20.35583,0.04358768,18.565,2,0,0,6,2,1,0,0,0,0,0,0,0,0,0,138,13,19.01879,18.99326,18.97456,18.9621,18.95554,18.94626,18.927,18.91724,18.90943,18.86749,18.81624,18.78657,21.50066,7.463588,474.9585,0.4471633,0.6501645,19.2061,1.910917,0.08666132,19.06657,0.80827865674462,0.04052208228522,0.58740409761797,4316,0.8082789,0.0405223,0.5874038,21924090,1,83,5141.434,153.27315,19.029823,0.04489693,20.352018,0.0560544,19.37732,0.04310726,19.200615,0.04326071,18.993746,0.048116177,18.994299,0.054651823,18.92271,0.069714874,99.99,-3.852121,-7.098527,671.96625,35.71626,240.0,75.0,240.1208,74.73956,8764906299,0,0.628354,0.673638,-0.04706,0.846,0.7848,32.403313,2e-06,2.5,5.94,0.082259,0.000381,0.000389,-5e-06,0.851686,1.398493,2.434551,2.993423,3.262328,60.0,1.1383,0.0626916,0.0366135,0.031077,21.25643,198.097,0.0,232201331,17188279791113,101,2015-12-31 23:59:59
56229.1275972,19.005907,0.07283182,41902040006521,2.870094,35.973032,2,0,3.947176e-07,55,52,45,18.93465,0.02897783,18.94286,18.95733,18.93564,18.95061,0.09266341,0.08567078,14559549000089,2.870068,35.973056,4190,4,56229.1322872,1316,19.024721,20.519371,28.204458,1.95,2.364245,0,131072,0,1,17188279787777,433831753,3.947176e-07,2.397301,1.0,-1.678525e-05,19.16249,3.53712,0.05570984,18.73937,6,0,0,8,0,0,0,0,0,0,0,0,0,0,0,8,14,18.89359,18.83334,18.81024,18.79093,18.76809,18.75381,18.74584,18.74512,18.74455,18.74408,18.74368,18.74346,-0.3559169,11.73214,0.5573645,0.837754,1.880761,0.06856143,18.94736,2.379328,1.0,-1.317408e-06,19.16249,5.595333,0.05669117,18.7346,10,0,0,7,0,0,0,0,0,0,0,0,0,0,0,10,15,18.88202,18.80555,18.75948,18.74869,18.74439,18.7418,18.73866,18.73821,18.73785,18.73755,18.73731,18.73716,20.81407,-0.3189577,10.55803,0.5795352,0.838315,19.03772,1.46877,0.07086992,18.94209,0.80827840879588,0.04052266153335,0.58740439884006,4316,0.8082782,0.0405223,0.5874047,14559549,2,89,4697.802,302.38983,19.02358,0.07031046,19.916346,0.08444187,19.081287,0.07556378,18.95127,0.08258804,18.991821,0.13340065,19.061256,0.17643331,18.956072,0.1439648,99.99,-5.216258,-7.574887,9919.219,122.87671,219.0,75.0,218.86923,75.07399,8735283394,0,0.338841,0.483706,0.055687,0.7164,0.5724,-18.61869,1e-06,2.5,5.28,0.72409,0.001603,0.001596,6e-06,0.666713,1.131015,1.748991,2.026218,2.151621,60.0,1.152,0.226227,0.00367597,0.0204427,18.196823,7.84042,-4.12281,232201331,17188279791106,101,2015-12-31 23:59:59
56273.2578272,18.968327,0.05777913,41902040006521,2.870094,35.973032,2,0,3.947176e-07,55,52,45,18.93465,0.02897783,18.94286,18.95733,18.93564,18.95061,0.09266341,0.08567078,14828045000116,2.870104,35.973062,4190,4,56273.2600572,1360,18.961086,21.640255,28.195202,1.85,2.109485,0,131072,0,1,17188279787777,433831753,3.947176e-07,2.397301,1.0,-1.678525e-05,19.16249,3.53712,0.05570984,18.73937,6,0,0,8,0,0,0,0,0,0,0,0,0,0,0,8,14,18.89359,18.83334,18.81024,18.79093,18.76809,18.75381,18.74584,18.74512,18.74455,18.74408,18.74368,18.74346,-0.3559169,11.73214,0.5573645,0.837754,1.880761,0.06856143,18.94736,2.379328,1.0,-1.317408e-06,19.16249,5.595333,0.05669117,18.7346,10,0,0,7,0,0,0,0,0,0,0,0,0,0,0,10,15,18.88202,18.80555,18.75948,18.74869,18.74439,18.7418,18.73866,18.73821,18.73785,18.73755,18.73731,18.73716,20.81407,-0.3189577,10.55803,0.5795352,0.838315,19.03772,1.46877,0.07086992,18.94209,0.80827840879588,0.04052266153335,0.58740439884006,4316,0.8082781,0.0405228,0.5874048,14828045,2,116,4939.085,165.61746,18.931671,0.058065705,19.934223,0.062572114,19.107218,0.05585155,18.991594,0.05744594,18.884602,0.0667979,18.868372,0.07508761,18.855654,0.0691909,99.99,-4.16746,-7.366922,1343.793,48.80097,221.0,59.0,220.69186,59.138496,8746763536,0,0.46234,0.43734,-0.019453,0.6948,0.6624,61.982147,2e-06,2.5,3.96,0.853895,0.000343,0.00034,-1e-06,0.721054,1.155502,1.887398,2.365645,2.617751,60.0,1.3931,0.200315,0.0110646,0.0448587,20.363846,195.647,0.0,232201331,17188279787777,101,2015-12-31 23:59:59
56233.4072372,19.054352,0.17192483,41902040006521,2.870094,35.973032,2,0,3.947176e-07,55,52,45,18.93465,0.02897783,18.94286,18.95733,18.93564,18.95061,0.09266341,0.08567078,14469352000083,2.87005,35.973049,4190,4,56233.4117972,1320,19.127943,20.70096,28.260517,2.45,2.403077,0,131072,0,1,17188279787777,433831753,3.947176e-07,2.397301,1.0,-1.678525e-05,19.16249,3.53712,0.05570984,18.73937,6,0,0,8,0,0,0,0,0,0,0,0,0,0,0,8,14,18.89359,18.83334,18.81024,18.79093,18.76809,18.75381,18.74584,18.74512,18.74455,18.74408,18.74368,18.74346,-0.3559169,11.73214,0.5573645,0.837754,1.880761,0.06856143,18.94736,2.379328,1.0,-1.317408e-06,19.16249,5.595333,0.05669117,18.7346,10,0,0,7,0,0,0,0,0,0,0,0,0,0,0,10,15,18.88202,18.80555,18.75948,18.74869,18.74439,18.7418,18.73866,18.73821,18.73785,18.73755,18.73731,18.73716,20.81407,-0.3189577,10.55803,0.5795352,0.838315,19.03772,1.46877,0.07086992,18.94209,0.80827840879588,0.04052266153335,0.58740439884006,4316,0.8082783,0.040522,0.5874046,14469352,2,83,4498.1074,237.90681,19.127943,0.17192483,20.031836,0.17436543,19.190357,0.17089155,19.113146,0.17370856,18.993067,0.18461442,18.936623,0.19283849,18.99295,0.18855509,99.99,-4.817122,-7.279839,4692.173,86.16649,231.0,63.0,231.06133,62.725212,8736503163,0,0.414422,0.440425,-0.019595,0.6804,0.6444,28.687607,1e-06,2.5,4.62,0.928287,0.000854,0.000867,0.0,0.708843,1.091434,1.665558,2.032046,2.288432,60.0,1.7627,0.350042,-0.0652447,0.162046,19.04332,321.153,-2.73731,232201331,17188279791106,101,2015-12-31 23:59:59
56202.2099872,19.06259,0.076413356,41902040006521,2.870094,35.973032,2,0,3.947176e-07,55,52,45,18.93465,0.02897783,18.94286,18.95733,18.93564,18.95061,0.09266341,0.08567078,14271749000110,2.870111,35.973042,4190,4,56202.2148972,1299,19.076525,20.826664,28.188263,1.65,1.896842,0,131072,0,1,17188279787777,433831753,3.947176e-07,2.397301,1.0,-1.678525e-05,19.16249,3.53712,0.05570984,18.73937,6,0,0,8,0,0,0,0,0,0,0,0,0,0,0,8,14,18.89359,18.83334,18.81024,18.79093,18.76809,18.75381,18.74584,18.74512,18.74455,18.74408,18.74368,18.74346,-0.3559169,11.73214,0.5573645,0.837754,1.880761,0.06856143,18.94736,2.379328,1.0,-1.317408e-06,19.16249,5.595333,0.05669117,18.7346,10,0,0,7,0,0,0,0,0,0,0,0,0,0,0,10,15,18.88202,18.80555,18.75948,18.74869,18.74439,18.7418,18.73866,18.73821,18.73785,18.73755,18.73731,18.73716,20.81407,-0.3189577,10.55803,0.5795352,0.838315,19.03772,1.46877,0.07086992,18.94209,0.80827840879588,0.04052266153335,0.58740439884006,4316,0.8082783,0.0405229,0.5874045,14271749,2,110,4412.6064,288.67725,19.047295,0.07260315,19.74275,0.07036651,19.09651,0.0725543,19.018898,0.08217017,18.848146,0.10789368,18.787771,0.12600712,18.805082,0.10915698,99.99,-5.082505,-7.572534,7661.2817,109.20404,225.0,92.0,225.3519,91.9331,8732389975,0,0.292608,0.319977,-0.011918,0.576,0.5436,20.539566,1e-06,2.5,4.62,0.975212,0.000853,0.000792,1e-06,0.626754,0.942766,1.533628,1.815431,2.109086,60.0,1.1247,0.220441,0.00630004,0.0281305,18.467827,336.761,-3.63623,232201331,17188279787777,101,2015-12-31 23:59:59
56202.2395572,18.907816,0.06889012,41902040006521,2.870094,35.973032,2,0,3.947176e-07,55,52,45,18.93465,0.02897783,18.94286,18.95733,18.93564,18.95061,0.09266341,0.08567078,14271771000118,2.870086,35.973085,4190,4,56202.2444672,1299,18.922276,20.670286,28.198658,2.05,2.589447,0,131072,0,1,17188279787777,433831753,3.947176e-07,2.397301,1.0,-1.678525e-05,19.16249,3.53712,0.05570984,18.73937,6,0,0,8,0,0,0,0,0,0,0,0,0,0,0,8,14,18.89359,18.83334,18.81024,18.79093,18.76809,18.75381,18.74584,18.74512,18.74455,18.74408,18.74368,18.74346,-0.3559169,11.73214,0.5573645,0.837754,1.880761,0.06856143,18.94736,2.379328,1.0,-1.317408e-06,19.16249,5.595333,0.05669117,18.7346,10,0,0,7,0,0,0,0,0,0,0,0,0,0,0,10,15,18.88202,18.80555,18.75948,18.74869,18.74439,18.7418,18.73866,18.73821,18.73785,18.73755,18.73731,18.73716,20.81407,-0.3189577,10.55803,0.5795352,0.838315,19.03772,1.46877,0.07086992,18.94209,0.80827840879588,0.04052266153335,0.58740439884006,4316,0.8082779,0.0405225,0.5874051,14271771,2,118,5135.152,297.35352,18.918043,0.067140244,19.862494,0.07238565,19.0522,0.06614125,18.915207,0.07113451,18.794209,0.09681394,18.860811,0.12587261,18.870773,0.11759615,99.99,-4.978017,-7.300198,6773.357,102.42028,229.0,94.0,229.41812,94.02904,8732507978,0,0.39187,0.524001,0.028279,0.7344,0.63,-11.412902,1e-06,2.5,4.62,0.452883,0.001079,0.001075,7e-06,0.736059,1.122231,1.882473,2.214356,2.390599,60.0,1.0548,0.220441,0.00630004,0.0281305,18.61443,336.432,-3.59184,232201331,17188279787777,101,2015-12-31 23:59:59
56233.4374872,18.888428,0.17505842,41902040006521,2.870094,35.973032,2,0,3.947176e-07,55,52,45,18.93465,0.02897783,18.94286,18.95733,18.93564,18.95061,0.09266341,0.08567078,14469370000050,2.87004,35.973028,4190,4,56233.4420572,1320,18.98327,20.436514,28.236696,2.75,3.14144,0,131072,0,1,17188279787777,433831753,3.947176e-07,2.397301,1.0,-1.678525e-05,19.16249,3.53712,0.05570984,18.73937,6,0,0,8,0,0,0,0,0,0,0,0,0,0,0,8,14,18.89359,18.83334,18.81024,18.79093,18.76809,18.75381,18.74584,18.74512,18.74455,18.74408,18.74368,18.74346,-0.3559169,11.73214,0.5573645,0.837754,1.880761,0.06856143,18.94736,2.379328,1.0,-1.317408e-06,19.16249,5.595333,0.05669117,18.7346,10,0,0,7,0,0,0,0,0,0,0,0,0,0,0,10,15,18.88202,18.80555,18.75948,18.74869,18.74439,18.7418,18.73866,18.73821,18.73785,18.73755,18.73731,18.73716,20.81407,-0.3189577,10.55803,0.5795352,0.838315,19.03772,1.46877,0.07086992,18.94209,0.80827840879588,0.04052266153335,0.58740439884006,4316,0.8082785,0.0405219,0.5874043,14469370,2,50,5027.709,306.62204,18.984074,0.17287834,20.093313,0.1788393,19.177965,0.17311573,19.031189,0.1748079,18.9178,0.18693471,19.007254,0.20520222,18.986185,0.20156379,99.99,-4.911163,-7.154645,5732.651,95.47801,231.0,41.0,230.80898,40.483273,8736614152,0,0.54161,0.54831,0.064087,0.7884,0.702,-43.618584,1e-06,2.5,4.62,0.95192,0.001414,0.001413,8e-06,0.812837,1.244326,2.036213,2.433514,2.69905,60.0,2.2558,0.350042,-0.0652447,0.162046,18.79211,320.826,-2.77853,232201331,17188279791117,101,2015-12-31 23:59:59
56256.3344772,18.997276,0.07227411,41902040006521,2.870094,35.973032,2,0,3.947176e-07,55,52,45,18.93465,0.02897783,18.94286,18.95733,18.93564,18.95061,0.09266341,0.08567078,14705637000065,2.870084,35.973019,4190,4,56256.3379172,1343,19.013756,20.694347,28.160746,1.75,1.571115,0,131072,0,1,17188279787777,433831753,3.947176e-07,2.397301,1.0,-1.678525e-05,19.16249,3.53712,0.05570984,18.73937,6,0,0,8,0,0,0,0,0,0,0,0,0,0,0,8,14,18.89359,18.83334,18.81024,18.79093,18.76809,18.75381,18.74584,18.74512,18.74455,18.74408,18.74368,18.74346,-0.3559169,11.73214,0.5573645,0.837754,1.880761,0.06856143,18.94736,2.379328,1.0,-1.317408e-06,19.16249,5.595333,0.05669117,18.7346,10,0,0,7,0,0,0,0,0,0,0,0,0,0,0,10,15,18.88202,18.80555,18.75948,18.74869,18.74439,18.7418,18.73866,18.73821,18.73785,18.73755,18.73731,18.73716,20.81407,-0.3189577,10.55803,0.5795352,0.838315,19.03772,1.46877,0.07086992,18.94209,0.80827840879588,0.04052266153335,0.58740439884006,4316,0.8082785,0.0405225,0.5874042,14705637,2,65,4558.2217,288.1558,19.042149,0.06923977,19.785336,0.07347965,19.073027,0.07248502,18.961397,0.08044974,18.956097,0.12379556,19.132431,0.17991285,19.051191,0.15244406,99.99,-5.08237,-7.741052,8220.707,112.65617,222.0,53.0,221.81577,53.02045,8745586126,0,0.321842,0.319927,-0.033938,0.6012,0.5436,45.991756,1e-06,2.5,5.28,0.871493,0.001008,0.000996,-2e-06,0.582518,1.007746,1.683589,1.995921,2.163731,60.0,1.649,0.219957,0.00454327,0.0225901,18.36441,35.6252,-3.58754,232201331,17188279787782,101,2015-12-31 23:59:59
56254.1439772,18.963396,0.06498722,41902040006521,2.870094,35.973032,2,0,3.947176e-07,55,52,45,18.93465,0.02897783,18.94286,18.95733,18.93564,18.95061,0.09266341,0.08567078,14685804000050,2.870111,35.972984,4190,4,56254.1475572,1341,18.963037,20.825233,28.22641,2.65,3.953305,0,131072,0,1,17188279787777,433831753,3.947176e-07,2.397301,1.0,-1.678525e-05,19.16249,3.53712,0.05570984,18.73937,6,0,0,8,0,0,0,0,0,0,0,0,0,0,0,8,14,18.89359,18.83334,18.81024,18.79093,18.76809,18.75381,18.74584,18.74512,18.74455,18.74408,18.74368,18.74346,-0.3559169,11.73214,0.5573645,0.837754,1.880761,0.06856143,18.94736,2.379328,1.0,-1.317408e-06,19.16249,5.595333,0.05669117,18.7346,10,0,0,7,0,0,0,0,0,0,0,0,0,0,0,10,15,18.88202,18.80555,18.75948,18.74869,18.74439,18.7418,18.73866,18.73821,18.73785,18.73755,18.73731,18.73716,20.81407,-0.3189577,10.55803,0.5795352,0.838315,19.03772,1.46877,0.07086992,18.94209,0.80827840879588,0.04052266153335,0.58740439884006,4316,0.8082789,0.0405229,0.5874037,14685804,2,50,5073.987,278.99097,19.000208,0.06340953,20.695667,0.10386006,19.488564,0.06758845,19.19856,0.06435288,18.924982,0.076111734,18.875977,0.08893966,18.85272,0.116736844,99.99,-4.602587,-6.508791,3132.9878,71.75737,216.0,36.0,216.28148,36.503376,8745180108,0,1.098018,1.152074,-0.021428,1.0872,1.0548,18.922615,2e-06,2.5,5.28,0.041368,0.002724,0.002718,6e-06,1.100186,1.73516,2.630834,3.035762,3.312895,60.0,1.004,0.210374,0.00519306,0.0256456,19.471415,60.005,-2.6967,232201331,17188279787782,101,2015-12-31 23:59:59
56202.2766172,18.908525,0.069202445,41902040006521,2.870094,35.973032,2,0,3.947176e-07,55,52,45,18.93465,0.02897783,18.94286,18.95733,18.93564,18.95061,0.09266341,0.08567078,14271799000088,2.870115,35.973032,4190,4,56202.2815272,1299,18.925917,20.868309,28.208689,1.75,1.936995,0,131072,0,1,17188279787777,433831753,3.947176e-07,2.397301,1.0,-1.678525e-05,19.16249,3.53712,0.05570984,18.73937,6,0,0,8,0,0,0,0,0,0,0,0,0,0,0,8,14,18.89359,18.83334,18.81024,18.79093,18.76809,18.75381,18.74584,18.74512,18.74455,18.74408,18.74368,18.74346,-0.3559169,11.73214,0.5573645,0.837754,1.880761,0.06856143,18.94736,2.379328,1.0,-1.317408e-06,19.16249,5.595333,0.05669117,18.7346,10,0,0,7,0,0,0,0,0,0,0,0,0,0,0,10,15,18.88202,18.80555,18.75948,18.74869,18.74439,18.7418,18.73866,18.73821,18.73785,18.73755,18.73731,18.73716,20.81407,-0.3189577,10.55803,0.5795352,0.838315,19.03772,1.46877,0.07086992,18.94209,0.80827840879588,0.04052266153335,0.58740439884006,4316,0.8082784,0.040523,0.5874044,14271799,2,88,5165.457,300.7334,18.957888,0.066187404,19.816408,0.07015575,19.029408,0.063847974,18.92143,0.06990941,18.824392,0.09675844,18.759218,0.112156086,18.816195,0.09132254,99.99,-5.013139,-7.570175,6536.99,100.857506,227.0,69.0,227.03891,68.78681,8732701793,0,0.403219,0.429931,-0.030315,0.6768,0.6264,33.34801,1e-06,2.5,3.96,0.373013,0.000961,0.000969,0.0,0.666969,1.125024,1.813463,2.251982,2.494014,60.0,1.0092,0.220441,0.00630004,0.0281305,18.66071,336.02,-3.55653,232201331,17188279787777,101,2015-12-31 23:59:59
56273.2277772,19.02534,0.05821074,41902040006521,2.870094,35.973032,2,0,3.947176e-07,55,52,45,18.93465,0.02897783,18.94286,18.95733,18.93564,18.95061,0.09266341,0.08567078,14828037000079,2.870053,35.973033,4190,4,56273.2300172,1360,19.024382,21.700983,28.215014,1.85,1.966852,0,131072,0,1,17188279787777,433831753,3.947176e-07,2.397301,1.0,-1.678525e-05,19.16249,3.53712,0.05570984,18.73937,6,0,0,8,0,0,0,0,0,0,0,0,0,0,0,8,14,18.89359,18.83334,18.81024,18.79093,18.76809,18.75381,18.74584,18.74512,18.74455,18.74408,18.74368,18.74346,-0.3559169,11.73214,0.5573645,0.837754,1.880761,0.06856143,18.94736,2.379328,1.0,-1.317408e-06,19.16249,5.595333,0.05669117,18.7346,10,0,0,7,0,0,0,0,0,0,0,0,0,0,0,10,15,18.88202,18.80555,18.75948,18.74869,18.74439,18.7418,18.73866,18.73821,18.73785,18.73755,18.73731,18.73716,20.81407,-0.3189577,10.55803,0.5795352,0.838315,19.03772,1.46877,0.07086992,18.94209,0.80827840879588,0.04052266153335,0.58740439884006,4316,0.8082784,0.0405221,0.5874044,14828037,2,79,4745.178,162.09344,19.023699,0.058191627,19.994362,0.061414737,19.203495,0.056314874,19.069157,0.057709865,18.953882,0.06692989,18.934658,0.07507718,18.927181,0.07485365,99.99,-4.138933,-7.212994,1241.0431,46.606125,222.0,42.0,221.97852,41.513966,8746713303,0,0.472134,0.435605,0.0277,0.7056,0.6552,-61.361572,1e-06,2.5,4.62,0.162922,0.000356,0.000365,3e-06,0.742134,1.1543,2.000107,2.455509,2.763213,60.0,1.228,0.200315,0.0110646,0.0448587,20.469545,196.073,0.0,232201331,17188279791117,101,2015-12-31 23:59:59
56225.3558572,18.95134,0.06571724,41902040006521,2.870094,35.973032,2,0,3.947176e-07,55,52,45,18.93465,0.02897783,18.94286,18.95733,18.93564,18.95061,0.09266341,0.08567078,14413245000067,2.870053,35.97304,4190,4,56225.3606472,1312,18.950747,20.919624,28.206013,2.35,2.615538,0,131072,0,1,17188279787777,433831753,3.947176e-07,2.397301,1.0,-1.678525e-05,19.16249,3.53712,0.05570984,18.73937,6,0,0,8,0,0,0,0,0,0,0,0,0,0,0,8,14,18.89359,18.83334,18.81024,18.79093,18.76809,18.75381,18.74584,18.74512,18.74455,18.74408,18.74368,18.74346,-0.3559169,11.73214,0.5573645,0.837754,1.880761,0.06856143,18.94736,2.379328,1.0,-1.317408e-06,19.16249,5.595333,0.05669117,18.7346,10,0,0,7,0,0,0,0,0,0,0,0,0,0,0,10,15,18.88202,18.80555,18.75948,18.74869,18.74439,18.7418,18.73866,18.73821,18.73785,18.73755,18.73731,18.73716,20.81407,-0.3189577,10.55803,0.5795352,0.838315,19.03772,1.46877,0.07086992,18.94209,0.80827840879588,0.04052266153335,0.58740439884006,4316,0.8082784,0.0405221,0.5874045,14413245,2,67,5036.241,283.39432,18.994005,0.056313105,20.052454,0.06406724,19.197033,0.055211008,19.027494,0.057354793,18.85859,0.07411105,18.737255,0.08164261,18.735043,0.080993354,99.99,-4.628522,-7.084219,3293.0945,72.803505,235.0,43.0,234.52545,43.194843,8734454524,0,0.550228,0.607107,-0.003332,0.7884,0.7488,3.102684,1e-06,2.984137,4.62,0.909423,0.001004,0.001001,1e-06,0.805703,1.300605,2.17495,2.590518,2.907826,60.0,1.2152,0.212549,-0.00172988,0.0241728,19.410194,50.6491,-2.73373,232201331,17188279791117,101,2015-12-31 23:59:59
56256.3639572,18.824696,0.07612695,41902040006521,2.870094,35.973032,2,0,3.947176e-07,55,52,45,18.93465,0.02897783,18.94286,18.95733,18.93564,18.95061,0.09266341,0.08567078,14705659000046,2.870133,35.973036,4190,4,56256.3673972,1343,18.839561,20.440693,28.121386,1.95,2.126533,0,131072,0,1,17188279787777,433831753,3.947176e-07,2.397301,1.0,-1.678525e-05,19.16249,3.53712,0.05570984,18.73937,6,0,0,8,0,0,0,0,0,0,0,0,0,0,0,8,14,18.89359,18.83334,18.81024,18.79093,18.76809,18.75381,18.74584,18.74512,18.74455,18.74408,18.74368,18.74346,-0.3559169,11.73214,0.5573645,0.837754,1.880761,0.06856143,18.94736,2.379328,1.0,-1.317408e-06,19.16249,5.595333,0.05669117,18.7346,10,0,0,7,0,0,0,0,0,0,0,0,0,0,0,10,15,18.88202,18.80555,18.75948,18.74869,18.74439,18.7418,18.73866,18.73821,18.73785,18.73755,18.73731,18.73716,20.81407,-0.3189577,10.55803,0.5795352,0.838315,19.03772,1.46877,0.07086992,18.94209,0.80827840879588,0.04052266153335,0.58740439884006,4316,0.8082783,0.0405232,0.5874045,14705659,2,46,5160.948,345.4815,18.887835,0.07285,19.767565,0.08152624,18.94803,0.0731267,18.839872,0.081329286,18.80577,0.12190535,18.828835,0.1543639,18.834982,0.14892825,99.99,-5.179957,-7.56488,9835.347,122.86681,221.0,40.0,221.05327,39.902737,8745698393,0,0.377788,0.464688,-0.003533,0.6876,0.6228,2.595681,1e-06,2.5,5.28,0.464279,0.00144,0.001439,0.0,0.676983,1.138126,1.792011,2.182291,2.388175,60.0,2.0491,0.219957,0.00454327,0.0225901,18.131039,35.302,-3.6476,232201331,17188279787777,101,2015-12-31 23:59:59
56271.1749372,18.816137,0.054096155,41902040006521,2.870094,35.973032,2,0,3.947176e-07,55,52,45,18.93465,0.02897783,18.94286,18.95733,18.93564,18.95061,0.09266341,0.08567078,14806721000079,2.870078,35.973062,4190,4,56271.1773372,1358,18.786404,21.439995,28.189463,2.55,3.264705,0,131072,0,1,17188279787777,433831753,3.947176e-07,2.397301,1.0,-1.678525e-05,19.16249,3.53712,0.05570984,18.73937,6,0,0,8,0,0,0,0,0,0,0,0,0,0,0,8,14,18.89359,18.83334,18.81024,18.79093,18.76809,18.75381,18.74584,18.74512,18.74455,18.74408,18.74368,18.74346,-0.3559169,11.73214,0.5573645,0.837754,1.880761,0.06856143,18.94736,2.379328,1.0,-1.317408e-06,19.16249,5.595333,0.05669117,18.7346,10,0,0,7,0,0,0,0,0,0,0,0,0,0,0,10,15,18.88202,18.80555,18.75948,18.74869,18.74439,18.7418,18.73866,18.73821,18.73785,18.73755,18.73731,18.73716,20.81407,-0.3189577,10.55803,0.5795352,0.838315,19.03772,1.46877,0.07086992,18.94209,0.80827840879588,0.04052266153335,0.58740439884006,4316,0.8082781,0.0405224,0.5874048,14806721,2,79,5770.628,210.87921,18.844278,0.05142646,20.38842,0.06740085,19.331734,0.05190284,19.083677,0.050835695,18.791166,0.05461102,18.76923,0.060923114,18.722214,0.076124705,99.99,-4.014219,-6.740381,1016.2051,42.574627,224.0,47.0,223.72505,46.700714,8746183876,0,1.047602,1.017181,-0.011058,1.0368,1.0188,73.79767,2e-06,2.821059,5.28,0.159737,0.000855,0.000852,0.0,1.043874,1.732771,2.886702,3.458129,3.813395,60.0,1.0541,0.194748,0.00736045,0.0367616,20.661146,224.725,0.0,232201331,17188279791106,101,2015-12-31 23:59:59
56204.2758172,18.735384,0.33873996,41902040006521,2.870094,35.973032,2,0,3.947176e-07,55,52,45,18.93465,0.02897783,18.94286,18.95733,18.93564,18.95061,0.09266341,0.08567078,14314572000057,2.870072,35.973021,4190,4,56204.2807572,1301,19.468782,19.832102,27.780891,2.25,1.776798,0,0,0,1,17188279787777,433831753,3.947176e-07,2.397301,1.0,-1.678525e-05,19.16249,3.53712,0.05570984,18.73937,6,0,0,8,0,0,0,0,0,0,0,0,0,0,0,8,14,18.89359,18.83334,18.81024,18.79093,18.76809,18.75381,18.74584,18.74512,18.74455,18.74408,18.74368,18.74346,-0.3559169,11.73214,0.5573645,0.837754,1.880761,0.06856143,18.94736,2.379328,1.0,-1.317408e-06,19.16249,5.595333,0.05669117,18.7346,10,0,0,7,0,0,0,0,0,0,0,0,0,0,0,10,15,18.88202,18.80555,18.75948,18.74869,18.74439,18.7418,18.73866,18.73821,18.73785,18.73755,18.73731,18.73716,20.81407,-0.3189577,10.55803,0.5795352,0.838315,19.03772,1.46877,0.07086992,18.94209,0.80827840879588,0.04052266153335,0.58740439884006,4316,0.8082785,0.0405224,0.5874042,14314572,2,57,2112.7295,400.36826,20.394611,0.37091014,20.738474,0.38476437,19.85022,0.36367828,19.661873,0.37220323,19.636406,0.48209783,19.656551,0.5765046,19.744997,0.4263257,99.99,-5.223663,-6.273728,13030.074,140.17464,224.0,97.0,224.00687,96.57934,8732305024,0,0.758176,0.723171,0.16582,0.9648,0.7668,-47.844215,0.0,3.954724,5.28,0.473228,0.022758,0.02291,-5.4e-05,0.812029,1.406167,2.145799,2.418168,2.561186,60.0,1.0063,0.854625,-0.500642,0.269056,17.505083,314.065,-2.61307,232201331,17188279791113,101,2015-12-31 23:59:59
56235.3466172,19.038305,0.054646596,41902040006521,2.870094,35.973032,2,0,3.947176e-07,55,52,45,18.93465,0.02897783,18.94286,18.95733,18.93564,18.95061,0.09266341,0.08567078,14517664000107,2.870036,35.97303,4190,4,56235.3511172,1322,19.023563,21.003334,28.179691,2.65,3.315118,0,131072,0,1,17188279787777,433831753,3.947176e-07,2.397301,1.0,-1.678525e-05,19.16249,3.53712,0.05570984,18.73937,6,0,0,8,0,0,0,0,0,0,0,0,0,0,0,8,14,18.89359,18.83334,18.81024,18.79093,18.76809,18.75381,18.74584,18.74512,18.74455,18.74408,18.74368,18.74346,-0.3559169,11.73214,0.5573645,0.837754,1.880761,0.06856143,18.94736,2.379328,1.0,-1.317408e-06,19.16249,5.595333,0.05669117,18.7346,10,0,0,7,0,0,0,0,0,0,0,0,0,0,0,10,15,18.88202,18.80555,18.75948,18.74869,18.74439,18.7418,18.73866,18.73821,18.73785,18.73755,18.73731,18.73716,20.81407,-0.3189577,10.55803,0.5795352,0.838315,19.03772,1.46877,0.07086992,18.94209,0.80827840879588,0.04052266153335,0.58740439884006,4316,0.8082785,0.0405218,0.5874044,14517664,2,107,4596.7524,197.79825,18.996597,0.052924488,20.200396,0.06792222,19.23109,0.05261485,19.067093,0.05435613,18.928448,0.06933125,18.912136,0.08235059,18.925385,0.08427561,99.99,-4.441725,-7.112062,2108.908,60.10511,230.0,72.0,230.11908,72.01982,8739220909,0,0.54907,0.646143,0.00526,0.8136,0.7488,-3.161469,1e-06,2.5,4.62,0.956349,0.000831,0.000833,0.0,0.813934,1.307986,2.096884,2.48176,2.721952,60.0,1.3024,0.211868,0.00249593,0.0283278,19.86699,300.148,-1.91568,232201331,17188279791117,101,2015-12-31 23:59:59
56239.3559572,18.934168,0.04018643,41902040006521,2.870094,35.973032,2,0,3.947176e-07,55,52,45,18.93465,0.02897783,18.94286,18.95733,18.93564,18.95061,0.09266341,0.08567078,14580244000076,2.870102,35.973044,4190,4,56239.3602972,1326,18.936861,21.6466,28.203482,2.05,2.020231,0,131072,0,1,17188279787777,433831753,3.947176e-07,2.397301,1.0,-1.678525e-05,19.16249,3.53712,0.05570984,18.73937,6,0,0,8,0,0,0,0,0,0,0,0,0,0,0,8,14,18.89359,18.83334,18.81024,18.79093,18.76809,18.75381,18.74584,18.74512,18.74455,18.74408,18.74368,18.74346,-0.3559169,11.73214,0.5573645,0.837754,1.880761,0.06856143,18.94736,2.379328,1.0,-1.317408e-06,19.16249,5.595333,0.05669117,18.7346,10,0,0,7,0,0,0,0,0,0,0,0,0,0,0,10,15,18.88202,18.80555,18.75948,18.74869,18.74439,18.7418,18.73866,18.73821,18.73785,18.73755,18.73731,18.73716,20.81407,-0.3189577,10.55803,0.5795352,0.838315,19.03772,1.46877,0.07086992,18.94209,0.80827840879588,0.04052266153335,0.58740439884006,4316,0.8082783,0.0405228,0.5874046,14580244,2,76,5089.187,149.51077,18.911434,0.04062287,19.77026,0.042796716,19.056631,0.038023047,18.957186,0.04007696,18.921593,0.052359752,18.932499,0.06254795,18.943424,0.062519416,99.99,-4.068064,-7.292084,1103.7917,44.076134,227.0,42.0,226.4913,41.636524,8744614323,0,0.389682,0.404944,0.032846,0.6624,0.6084,-38.510754,1e-06,2.5,4.62,0.981529,0.000239,0.000238,6e-06,0.732491,1.056144,1.887346,2.249631,2.595078,60.0,1.4301,0.211006,0.00544433,0.024434,20.590027,254.449,0.0,232201331,17188279787777,101,2015-12-31 23:59:59
56235.3773172,18.893986,0.064285904,41902040006521,2.870094,35.973032,2,0,3.947176e-07,55,52,45,18.93465,0.02897783,18.94286,18.95733,18.93564,18.95061,0.09266341,0.08567078,14517689000092,2.870073,35.973031,4190,4,56235.3818072,1322,18.882586,20.796217,28.157145,2.85,3.24187,0,131072,0,1,17188279787777,433831753,3.947176e-07,2.397301,1.0,-1.678525e-05,19.16249,3.53712,0.05570984,18.73937,6,0,0,8,0,0,0,0,0,0,0,0,0,0,0,8,14,18.89359,18.83334,18.81024,18.79093,18.76809,18.75381,18.74584,18.74512,18.74455,18.74408,18.74368,18.74346,-0.3559169,11.73214,0.5573645,0.837754,1.880761,0.06856143,18.94736,2.379328,1.0,-1.317408e-06,19.16249,5.595333,0.05669117,18.7346,10,0,0,7,0,0,0,0,0,0,0,0,0,0,0,10,15,18.88202,18.80555,18.75948,18.74869,18.74439,18.7418,18.73866,18.73821,18.73785,18.73755,18.73731,18.73716,20.81407,-0.3189577,10.55803,0.5795352,0.838315,19.03772,1.46877,0.07086992,18.94209,0.80827840879588,0.04052266153335,0.58740439884006,4316,0.8082784,0.0405224,0.5874044,14517689,2,92,5126.537,272.41394,18.993042,0.059228577,20.373247,0.081750885,19.306173,0.059133753,19.08328,0.05881888,18.836788,0.07006219,18.798296,0.08191131,18.602024,0.10402246,99.99,-4.514809,-6.703565,2569.621,65.10907,229.0,67.0,229.24928,67.102,8739263753,0,0.837444,0.854889,-0.052128,0.9576,0.9,40.55752,2e-06,2.822204,6.599999,0.783839,0.001555,0.001563,-9e-06,1.003816,1.543892,2.591113,3.223145,3.530206,60.0,1.5119,0.211868,0.00249593,0.0283278,19.631794,299.813,-1.96522,232201331,17188279791106,101,2015-12-31 23:59:59
56204.3116872,18.93508,0.27967593,41902040006521,2.870094,35.973032,2,0,3.947176e-07,55,52,45,18.93465,0.02897783,18.94286,18.95733,18.93564,18.95061,0.09266341,0.08567078,14314593000113,2.870073,35.973037,4190,4,56204.3166172,1301,18.832773,20.279566,27.741623,2.05,2.049999,0,131072,0,1,17188279787777,433831753,3.947176e-07,2.397301,1.0,-1.678525e-05,19.16249,3.53712,0.05570984,18.73937,6,0,0,8,0,0,0,0,0,0,0,0,0,0,0,8,14,18.89359,18.83334,18.81024,18.79093,18.76809,18.75381,18.74584,18.74512,18.74455,18.74408,18.74368,18.74346,-0.3559169,11.73214,0.5573645,0.837754,1.880761,0.06856143,18.94736,2.379328,1.0,-1.317408e-06,19.16249,5.595333,0.05669117,18.7346,10,0,0,7,0,0,0,0,0,0,0,0,0,0,0,10,15,18.88202,18.80555,18.75948,18.74869,18.74439,18.7418,18.73866,18.73821,18.73785,18.73755,18.73731,18.73716,20.81407,-0.3189577,10.55803,0.5795352,0.838315,19.03772,1.46877,0.07086992,18.94209,0.80827840879588,0.04052266153335,0.58740439884006,4316,0.8082784,0.0405224,0.5874045,14314593,2,113,3660.4927,257.30756,18.860209,0.27945727,19.735537,0.28306845,18.895855,0.2799729,18.77618,0.28225926,18.656754,0.29504246,18.867521,0.32549974,18.971643,0.34345204,99.99,-4.96187,-7.164235,6331.705,100.56439,221.0,98.0,221.2665,98.08469,8732423937,0,0.449206,0.432805,-0.003183,0.6768,0.666,81.17377,1e-06,2.5,5.94,0.74095,0.00179,0.001787,-4e-06,0.706869,1.110427,1.755596,2.027323,2.148971,60.0,1.0039,0.854625,-0.500642,0.269056,18.240122,313.676,-2.60092,232201331,17188279791106,101,2015-12-31 23:59:59
56266.1965272,18.899303,0.16977555,41902040006521,2.870094,35.973032,2,0,3.947176e-07,55,52,45,18.93465,0.02897783,18.94286,18.95733,18.93564,18.95061,0.09266341,0.08567078,14748085000153,2.870105,35.973039,4190,4,56266.1992972,1353,18.634317,21.777016,27.968012,1.65,1.877249,0,131072,0,1,17188279787777,433831753,3.947176e-07,2.397301,1.0,-1.678525e-05,19.16249,3.53712,0.05570984,18.73937,6,0,0,8,0,0,0,0,0,0,0,0,0,0,0,8,14,18.89359,18.83334,18.81024,18.79093,18.76809,18.75381,18.74584,18.74512,18.74455,18.74408,18.74368,18.74346,-0.3559169,11.73214,0.5573645,0.837754,1.880761,0.06856143,18.94736,2.379328,1.0,-1.317408e-06,19.16249,5.595333,0.05669117,18.7346,10,0,0,7,0,0,0,0,0,0,0,0,0,0,0,10,15,18.88202,18.80555,18.75948,18.74869,18.74439,18.7418,18.73866,18.73821,18.73785,18.73755,18.73731,18.73716,20.81407,-0.3189577,10.55803,0.5795352,0.838315,19.03772,1.46877,0.07086992,18.94209,0.80827840879588,0.04052266153335,0.58740439884006,4316,0.8082783,0.0405228,0.5874045,14748085,2,153,5413.501,139.80283,18.622559,0.16998306,19.613304,0.17158186,18.798908,0.16961992,18.667013,0.16980238,18.580212,0.1718796,18.572083,0.17395917,18.5503,0.17539516,99.99,-3.982964,-7.573546,868.90924,40.243576,225.0,74.0,224.82791,74.01418,8745804740,0,0.439519,0.473979,0.002358,0.6948,0.6696,-4.13443,2e-06,2.5,5.28,0.036402,0.000232,0.000234,1e-06,0.684157,1.192078,1.964241,2.393958,2.629238,60.0,1.0695,0.22732,0.0238429,0.167443,20.61554,287.416,0.0,232201331,17188279787777,101,2015-12-31 23:59:59
56229.1717872,19.16287,0.08114718,41902040006521,2.870094,35.973032,2,0,3.947176e-07,55,52,45,18.93465,0.02897783,18.94286,18.95733,18.93564,18.95061,0.09266341,0.08567078,14559788000088,2.870071,35.973011,4190,4,56229.1764772,1316,19.16438,20.371515,28.200703,2.35,2.6702,0,131072,0,1,17188279787777,433831753,3.947176e-07,2.397301,1.0,-1.678525e-05,19.16249,3.53712,0.05570984,18.73937,6,0,0,8,0,0,0,0,0,0,0,0,0,0,0,8,14,18.89359,18.83334,18.81024,18.79093,18.76809,18.75381,18.74584,18.74512,18.74455,18.74408,18.74368,18.74346,-0.3559169,11.73214,0.5573645,0.837754,1.880761,0.06856143,18.94736,2.379328,1.0,-1.317408e-06,19.16249,5.595333,0.05669117,18.7346,10,0,0,7,0,0,0,0,0,0,0,0,0,0,0,10,15,18.88202,18.80555,18.75948,18.74869,18.74439,18.7418,18.73866,18.73821,18.73785,18.73755,18.73731,18.73716,20.81407,-0.3189577,10.55803,0.5795352,0.838315,19.03772,1.46877,0.07086992,18.94209,0.80827840879588,0.04052266153335,0.58740439884006,4316,0.8082786,0.0405223,0.5874041,14559788,2,88,4116.5034,297.66974,19.192656,0.080394514,20.098455,0.09475838,19.24689,0.083272256,19.121647,0.09144138,19.08415,0.13859494,19.123491,0.17849748,19.06482,0.15503271,99.99,-5.150373,-7.187357,8963.664,116.95582,225.0,79.0,224.79709,79.217,8735878690,0,0.393993,0.507038,0.06685,0.7416,0.6084,-24.75177,1e-06,2.5,5.28,0.902875,0.002015,0.002022,4e-06,0.721099,1.132313,1.751895,2.113423,2.288651,60.0,1.0446,0.226227,0.00367597,0.0204427,18.308887,7.35082,-4.07542,232201331,17188279791113,101,2015-12-31 23:59:59
56266.1632872,18.934422,0.17625427,41902040006521,2.870094,35.973032,2,0,3.947176e-07,55,52,45,18.93465,0.02897783,18.94286,18.95733,18.93564,18.95061,0.09266341,0.08567078,14748066000110,2.870088,35.973066,4190,4,56266.1660572,1353,19.054081,21.480047,27.966158,1.55,2.158586,0,131072,0,1,17188279787777,433831753,3.947176e-07,2.397301,1.0,-1.678525e-05,19.16249,3.53712,0.05570984,18.73937,6,0,0,8,0,0,0,0,0,0,0,0,0,0,0,8,14,18.89359,18.83334,18.81024,18.79093,18.76809,18.75381,18.74584,18.74512,18.74455,18.74408,18.74368,18.74346,-0.3559169,11.73214,0.5573645,0.837754,1.880761,0.06856143,18.94736,2.379328,1.0,-1.317408e-06,19.16249,5.595333,0.05669117,18.7346,10,0,0,7,0,0,0,0,0,0,0,0,0,0,0,10,15,18.88202,18.80555,18.75948,18.74869,18.74439,18.7418,18.73866,18.73821,18.73785,18.73755,18.73731,18.73716,20.81407,-0.3189577,10.55803,0.5795352,0.838315,19.03772,1.46877,0.07086992,18.94209,0.80827840879588,0.04052266153335,0.58740439884006,4316,0.8082781,0.0405226,0.5874049,14748066,2,110,3671.39,186.04063,19.102274,0.17521335,20.006002,0.17662308,19.241499,0.1744471,19.119,0.17577071,19.030685,0.1841569,18.98416,0.19072002,19.00829,0.18835591,99.99,-4.243121,-7.070899,1677.9838,54.29611,220.0,74.0,219.64027,74.08859,8745695368,0,0.473341,0.417924,-0.041376,0.7128,0.6372,62.320007,1e-06,2.73474,4.62,0.487521,0.000737,0.000716,-3e-06,0.71614,1.153088,1.989314,2.44175,2.779031,60.0,1.0188,0.22732,0.0238429,0.167443,19.877565,287.8,0.0,232201331,17188279787777,101,2015-12-31 23:59:59
56206.4577572,18.760412,0.16361585,41902040006521,2.870094,35.973032,2,0,3.947176e-07,55,52,45,18.93465,0.02897783,18.94286,18.95733,18.93564,18.95061,0.09266341,0.08567078,14339685000080,2.870086,35.973075,4190,4,56206.4626972,1303,18.660877,20.061623,27.561422,2.25,3.641347,0,131072,0,1,17188279787777,433831753,3.947176e-07,2.397301,1.0,-1.678525e-05,19.16249,3.53712,0.05570984,18.73937,6,0,0,8,0,0,0,0,0,0,0,0,0,0,0,8,14,18.89359,18.83334,18.81024,18.79093,18.76809,18.75381,18.74584,18.74512,18.74455,18.74408,18.74368,18.74346,-0.3559169,11.73214,0.5573645,0.837754,1.880761,0.06856143,18.94736,2.379328,1.0,-1.317408e-06,19.16249,5.595333,0.05669117,18.7346,10,0,0,7,0,0,0,0,0,0,0,0,0,0,0,10,15,18.88202,18.80555,18.75948,18.74869,18.74439,18.7418,18.73866,18.73821,18.73785,18.73755,18.73731,18.73716,20.81407,-0.3189577,10.55803,0.5795352,0.838315,19.03772,1.46877,0.07086992,18.94209,0.80827840879588,0.04052266153335,0.58740439884006,4316,0.808278,0.0405225,0.587405,14339685,2,80,3632.6038,346.6822,18.772242,0.15273581,20.07376,0.18017505,18.96913,0.15450968,18.766432,0.15628336,18.61958,0.178944,18.603794,0.20051624,18.533403,0.20419352,99.99,-4.851287,-6.514708,5676.4424,91.98249,229.0,88.0,229.54794,87.57596,8734860416,0,0.733122,0.865747,-0.039004,0.9468,0.8604,15.388696,1e-06,2.915568,5.28,0.059858,0.00442,0.004445,-9e-06,0.933917,1.465841,2.243594,2.673833,2.901523,60.0,1.5227,0.263885,-0.021922,0.126602,18.23344,290.459,-1.86841,232201331,17188279787777,101,2015-12-31 23:59:59
56252.2499572,18.9567,0.1070483,41902040006521,2.870094,35.973032,2,0,3.947176e-07,55,52,45,18.93465,0.02897783,18.94286,18.95733,18.93564,18.95061,0.09266341,0.08567078,14664602000065,2.87011,35.97305,4190,4,56252.2536472,1339,18.99378,21.490713,28.25153,1.85,2.385316,0,131072,0,1,17188279787777,433831753,3.947176e-07,2.397301,1.0,-1.678525e-05,19.16249,3.53712,0.05570984,18.73937,6,0,0,8,0,0,0,0,0,0,0,0,0,0,0,8,14,18.89359,18.83334,18.81024,18.79093,18.76809,18.75381,18.74584,18.74512,18.74455,18.74408,18.74368,18.74346,-0.3559169,11.73214,0.5573645,0.837754,1.880761,0.06856143,18.94736,2.379328,1.0,-1.317408e-06,19.16249,5.595333,0.05669117,18.7346,10,0,0,7,0,0,0,0,0,0,0,0,0,0,0,10,15,18.88202,18.80555,18.75948,18.74869,18.74439,18.7418,18.73866,18.73821,18.73785,18.73755,18.73731,18.73716,20.81407,-0.3189577,10.55803,0.5795352,0.838315,19.03772,1.46877,0.07086992,18.94209,0.80827840879588,0.04052266153335,0.58740439884006,4316,0.8082782,0.0405229,0.5874047,14664602,2,65,5047.7744,190.33542,18.99378,0.1070483,20.02216,0.11046798,19.14831,0.10561368,19.02672,0.10676967,18.980185,0.11537655,18.931107,0.12135972,18.982183,0.11676421,99.99,-4.356697,-7.242971,1974.1993,57.202198,228.0,37.0,227.65077,37.18941,8743356154,0,0.426224,0.531174,-0.034577,0.7452,0.6516,16.921198,1e-06,2.5,3.96,0.25146,0.000456,0.000468,-2e-06,0.758004,1.171718,1.919117,2.369115,2.699197,60.0,1.1055,0.237628,0.00042514,0.0989062,20.00437,82.0487,-1.77349,232201331,17188279787777,101,2015-12-31 23:59:59
56237.3697072,18.913858,0.046415456,41902040006521,2.870094,35.973032,2,0,3.947176e-07,55,52,45,18.93465,0.02897783,18.94286,18.95733,18.93564,18.95061,0.09266341,0.08567078,14549634000075,2.870083,35.973053,4190,4,56237.3741272,1324,18.916948,21.140743,28.183413,2.35,2.432716,0,131072,0,1,17188279787777,433831753,3.947176e-07,2.397301,1.0,-1.678525e-05,19.16249,3.53712,0.05570984,18.73937,6,0,0,8,0,0,0,0,0,0,0,0,0,0,0,8,14,18.89359,18.83334,18.81024,18.79093,18.76809,18.75381,18.74584,18.74512,18.74455,18.74408,18.74368,18.74346,-0.3559169,11.73214,0.5573645,0.837754,1.880761,0.06856143,18.94736,2.379328,1.0,-1.317408e-06,19.16249,5.595333,0.05669117,18.7346,10,0,0,7,0,0,0,0,0,0,0,0,0,0,0,10,15,18.88202,18.80555,18.75948,18.74869,18.74439,18.7418,18.73866,18.73821,18.73785,18.73755,18.73731,18.73716,20.81407,-0.3189577,10.55803,0.5795352,0.838315,19.03772,1.46877,0.07086992,18.94209,0.80827840879588,0.04052266153335,0.58740439884006,4316,0.8082782,0.0405225,0.5874047,14549634,2,75,5088.4463,190.90988,18.902294,0.045949157,19.90723,0.052049644,19.08547,0.044307996,18.953318,0.04654104,18.886131,0.06366941,18.84363,0.07454426,18.8287,0.07280339,99.99,-4.398063,-7.151747,2092.1067,58.714943,226.0,44.0,226.46672,43.69528,8741562113,0,0.486203,0.532036,-0.037099,0.7524,0.6912,29.370955,2e-06,2.5,4.62,0.977294,0.000525,0.000525,-4e-06,0.787461,1.196226,1.999117,2.383496,2.69536,60.0,1.4941,0.209568,0.00834526,0.0222315,19.88247,277.705,-1.46066,232201331,17188279787777,101,2015-12-31 23:59:59
56204.2459972,18.786486,0.28155226,41902040006521,2.870094,35.973032,2,0,3.947176e-07,55,52,45,18.93465,0.02897783,18.94286,18.95733,18.93564,18.95061,0.09266341,0.08567078,14314556000095,2.870132,35.972995,4190,4,56204.2509272,1301,18.748056,20.08537,27.780392,2.55,3.581275,0,131072,0,1,17188279787777,433831753,3.947176e-07,2.397301,1.0,-1.678525e-05,19.16249,3.53712,0.05570984,18.73937,6,0,0,8,0,0,0,0,0,0,0,0,0,0,0,8,14,18.89359,18.83334,18.81024,18.79093,18.76809,18.75381,18.74584,18.74512,18.74455,18.74408,18.74368,18.74346,-0.3559169,11.73214,0.5573645,0.837754,1.880761,0.06856143,18.94736,2.379328,1.0,-1.317408e-06,19.16249,5.595333,0.05669117,18.7346,10,0,0,7,0,0,0,0,0,0,0,0,0,0,0,10,15,18.88202,18.80555,18.75948,18.74869,18.74439,18.7418,18.73866,18.73821,18.73785,18.73755,18.73731,18.73716,20.81407,-0.3189577,10.55803,0.5795352,0.838315,19.03772,1.46877,0.07086992,18.94209,0.80827840879588,0.04052266153335,0.58740439884006,4316,0.8082788,0.0405232,0.5874039,14314556,2,95,4101.4194,313.26593,18.832277,0.2802539,20.103071,0.29312047,19.009304,0.28138134,18.789692,0.28169876,18.65257,0.29337102,18.57211,0.30119213,18.593048,0.32489425,99.99,-4.971159,-6.714643,6450.748,100.44257,228.0,94.0,228.19237,94.338486,8732279424,0,0.657655,0.88288,-0.007218,0.9504,0.8208,1.958031,1e-06,2.5,6.599999,0.30053,0.003508,0.003539,1e-06,0.915104,1.41049,2.138144,2.437488,2.56634,60.0,1.0356,0.854625,-0.500642,0.269056,18.285814,314.39,-2.63911,232201331,17188279787790,101,2015-12-31 23:59:59
56231.4170972,18.748571,0.06379114,41902040006521,2.870094,35.973032,2,0,3.947176e-07,55,52,45,18.93465,0.02897783,18.94286,18.95733,18.93564,18.95061,0.09266341,0.08567078,14483615000044,2.87009,35.97304,4190,4,56231.4217272,1318,18.75538,20.645454,28.132687,1.75,2.068477,0,131072,0,1,17188279787777,433831753,3.947176e-07,2.397301,1.0,-1.678525e-05,19.16249,3.53712,0.05570984,18.73937,6,0,0,8,0,0,0,0,0,0,0,0,0,0,0,8,14,18.89359,18.83334,18.81024,18.79093,18.76809,18.75381,18.74584,18.74512,18.74455,18.74408,18.74368,18.74346,-0.3559169,11.73214,0.5573645,0.837754,1.880761,0.06856143,18.94736,2.379328,1.0,-1.317408e-06,19.16249,5.595333,0.05669117,18.7346,10,0,0,7,0,0,0,0,0,0,0,0,0,0,0,10,15,18.88202,18.80555,18.75948,18.74869,18.74439,18.7418,18.73866,18.73821,18.73785,18.73755,18.73731,18.73716,20.81407,-0.3189577,10.55803,0.5795352,0.838315,19.03772,1.46877,0.07086992,18.94209,0.80827840879588,0.04052266153335,0.58740439884006,4316,0.8082783,0.0405226,0.5874045,14483615,2,44,5635.3745,313.40057,18.75538,0.06379114,19.543182,0.062680766,18.885475,0.06433959,18.798222,0.07227905,18.799227,0.11228154,18.776827,0.1362116,18.93143,0.15464728,99.99,-5.12002,-7.681646,8643.1875,114.39622,227.0,40.0,227.29124,40.37629,8735847154,0,0.310583,0.406848,0.051472,0.6624,0.5436,-23.315512,1e-06,2.5,5.28,0.604222,0.00086,0.000868,4e-06,0.675918,1.041715,1.857942,2.36572,7.82011,60.0,1.8192,0.222352,0.00307245,0.0205337,18.288593,342.707,-3.66425,232201331,17188279787777,101,2015-12-31 23:59:59
56237.3406272,18.890347,0.042721223,41902040006521,2.870094,35.973032,2,0,3.947176e-07,55,52,45,18.93465,0.02897783,18.94286,18.95733,18.93564,18.95061,0.09266341,0.08567078,14549614000072,2.870134,35.973034,4190,4,56237.3450472,1324,18.883978,21.443466,28.201693,1.95,1.956713,0,131072,0,1,17188279787777,433831753,3.947176e-07,2.397301,1.0,-1.678525e-05,19.16249,3.53712,0.05570984,18.73937,6,0,0,8,0,0,0,0,0,0,0,0,0,0,0,8,14,18.89359,18.83334,18.81024,18.79093,18.76809,18.75381,18.74584,18.74512,18.74455,18.74408,18.74368,18.74346,-0.3559169,11.73214,0.5573645,0.837754,1.880761,0.06856143,18.94736,2.379328,1.0,-1.317408e-06,19.16249,5.595333,0.05669117,18.7346,10,0,0,7,0,0,0,0,0,0,0,0,0,0,0,10,15,18.88202,18.80555,18.75948,18.74869,18.74439,18.7418,18.73866,18.73821,18.73785,18.73755,18.73731,18.73716,20.81407,-0.3189577,10.55803,0.5795352,0.838315,19.03772,1.46877,0.07086992,18.94209,0.80827840879588,0.04052266153335,0.58740439884006,4316,0.8082784,0.0405232,0.5874044,14549614,2,72,5334.401,179.19588,18.864325,0.042821176,19.87418,0.049543064,19.029121,0.040306468,18.906164,0.04261709,18.825043,0.056164283,18.870289,0.07026376,18.843302,0.075652264,99.99,-4.309582,-7.545362,1788.6979,54.49657,227.0,43.0,226.98532,42.86076,8741454521,0,0.42508,0.4939,-0.005456,0.7092,0.6588,4.754755,1e-06,2.5,5.28,0.839019,0.000357,0.000368,0.0,0.688397,1.175969,1.908743,2.351357,2.563439,60.0,1.2994,0.209568,0.00834526,0.0222315,20.069431,278.035,-1.4195,232201331,17188279787777,101,2015-12-31 23:59:59
56271.1449172,18.845114,0.051485233,41902040006521,2.870094,35.973032,2,0,3.947176e-07,55,52,45,18.93465,0.02897783,18.94286,18.95733,18.93564,18.95061,0.09266341,0.08567078,14806703000082,2.870101,35.973043,4190,4,56271.1473172,1358,18.81746,21.410448,28.19407,2.65,3.638426,0,131072,0,1,17188279787777,433831753,3.947176e-07,2.397301,1.0,-1.678525e-05,19.16249,3.53712,0.05570984,18.73937,6,0,0,8,0,0,0,0,0,0,0,0,0,0,0,8,14,18.89359,18.83334,18.81024,18.79093,18.76809,18.75381,18.74584,18.74512,18.74455,18.74408,18.74368,18.74346,-0.3559169,11.73214,0.5573645,0.837754,1.880761,0.06856143,18.94736,2.379328,1.0,-1.317408e-06,19.16249,5.595333,0.05669117,18.7346,10,0,0,7,0,0,0,0,0,0,0,0,0,0,0,10,15,18.88202,18.80555,18.75948,18.74869,18.74439,18.7418,18.73866,18.73821,18.73785,18.73755,18.73731,18.73716,20.81407,-0.3189577,10.55803,0.5795352,0.838315,19.03772,1.46877,0.07086992,18.94209,0.80827840879588,0.04052266153335,0.58740439884006,4316,0.8082783,0.0405228,0.5874046,14806703,2,82,5631.7656,186.92516,18.808916,0.051599484,20.416403,0.06882521,19.332352,0.051987622,19.093897,0.05119554,18.767368,0.054052886,18.702003,0.058743477,18.707079,0.07652959,99.99,-4.037921,-6.62471,1003.07935,42.840996,219.0,48.0,218.801,47.577877,8746116130,0,1.04117,1.009062,-0.081638,1.062,0.9828,50.91951,3e-06,2.5,5.28,0.063823,0.000825,0.000815,-8e-06,1.052871,1.675653,2.793903,3.229712,3.466961,60.0,1.0143,0.194748,0.00736045,0.0367616,20.680014,225.135,0.0,232201331,17188279787777,101,2015-12-31 23:59:59
56206.4962072,18.739155,0.18729748,41902040006521,2.870094,35.973032,2,0,3.947176e-07,55,52,45,18.93465,0.02897783,18.94286,18.95733,18.93564,18.95061,0.09266341,0.08567078,14339709000070,2.870017,35.973072,4190,4,56206.5011472,1303,18.70978,19.692331,27.348024,2.05,2.882652,0,131072,0,1,17188279787777,433831753,3.947176e-07,2.397301,1.0,-1.678525e-05,19.16249,3.53712,0.05570984,18.73937,6,0,0,8,0,0,0,0,0,0,0,0,0,0,0,8,14,18.89359,18.83334,18.81024,18.79093,18.76809,18.75381,18.74584,18.74512,18.74455,18.74408,18.74368,18.74346,-0.3559169,11.73214,0.5573645,0.837754,1.880761,0.06856143,18.94736,2.379328,1.0,-1.317408e-06,19.16249,5.595333,0.05669117,18.7346,10,0,0,7,0,0,0,0,0,0,0,0,0,0,0,10,15,18.88202,18.80555,18.75948,18.74869,18.74439,18.7418,18.73866,18.73821,18.73785,18.73755,18.73731,18.73716,20.81407,-0.3189577,10.55803,0.5795352,0.838315,19.03772,1.46877,0.07086992,18.94209,0.80827840879588,0.04052266153335,0.58740439884006,4316,0.8082781,0.0405216,0.587405,14339709,2,70,2852.9739,362.61066,19.019388,0.17733443,19.896566,0.20436852,18.910614,0.1788896,18.746672,0.18533349,18.523542,0.21632634,18.583757,0.26399964,18.596174,0.2614673,99.99,-5.108902,-6.519845,8716.755,114.58401,229.0,84.0,228.56558,83.65507,8734997796,0,0.686996,0.665366,0.051448,0.864,0.7992,-51.021717,1e-06,3.10429,5.94,0.11439,0.007473,0.00749,3.9e-05,0.869555,1.332417,2.04647,2.354491,2.617708,60.0,1.9779,0.263885,-0.021922,0.126602,17.5054,290.042,-1.92635,232201331,17188279791106,101,2015-12-31 23:59:59
56225.3888172,18.987597,0.059152585,41902040006521,2.870094,35.973032,2,0,3.947176e-07,55,52,45,18.93465,0.02897783,18.94286,18.95733,18.93564,18.95061,0.09266341,0.08567078,14413275000065,2.870082,35.973039,4190,4,56225.3936072,1312,18.982765,20.865364,28.186193,2.35,2.33185,0,131072,0,1,17188279787777,433831753,3.947176e-07,2.397301,1.0,-1.678525e-05,19.16249,3.53712,0.05570984,18.73937,6,0,0,8,0,0,0,0,0,0,0,0,0,0,0,8,14,18.89359,18.83334,18.81024,18.79093,18.76809,18.75381,18.74584,18.74512,18.74455,18.74408,18.74368,18.74346,-0.3559169,11.73214,0.5573645,0.837754,1.880761,0.06856143,18.94736,2.379328,1.0,-1.317408e-06,19.16249,5.595333,0.05669117,18.7346,10,0,0,7,0,0,0,0,0,0,0,0,0,0,0,10,15,18.88202,18.80555,18.75948,18.74869,18.74439,18.7418,18.73866,18.73821,18.73785,18.73755,18.73731,18.73716,20.81407,-0.3189577,10.55803,0.5795352,0.838315,19.03772,1.46877,0.07086992,18.94209,0.80827840879588,0.04052266153335,0.58740439884006,4316,0.8082783,0.0405225,0.5874045,14413275,2,65,4801.4316,238.69019,18.989697,0.058332324,20.060923,0.06750914,19.17083,0.056076583,19.005213,0.058863405,18.895786,0.07941246,18.948137,0.10171413,18.982168,0.10306289,99.99,-4.611056,-7.205373,3510.8367,75.02006,232.0,46.0,232.09943,45.64927,8734637868,0,0.534321,0.507972,0.022059,0.7488,0.7128,-60.39633,1e-06,2.5,4.62,0.937652,0.00089,0.000899,-4e-06,0.775734,1.213913,1.98755,2.325152,2.501881,60.0,1.3928,0.212549,-0.00172988,0.0241728,19.320833,50.2632,-2.81144,232201331,17188279787777,101,2015-12-31 23:59:59
56254.1732972,18.957647,0.057478435,41902040006521,2.870094,35.973032,2,0,3.947176e-07,55,52,45,18.93465,0.02897783,18.94286,18.95733,18.93564,18.95061,0.09266341,0.08567078,14685823000114,2.870116,35.973032,4190,4,56254.1768772,1341,18.945316,21.113781,28.22633,2.15,2.997322,0,131072,0,1,17188279787777,433831753,3.947176e-07,2.397301,1.0,-1.678525e-05,19.16249,3.53712,0.05570984,18.73937,6,0,0,8,0,0,0,0,0,0,0,0,0,0,0,8,14,18.89359,18.83334,18.81024,18.79093,18.76809,18.75381,18.74584,18.74512,18.74455,18.74408,18.74368,18.74346,-0.3559169,11.73214,0.5573645,0.837754,1.880761,0.06856143,18.94736,2.379328,1.0,-1.317408e-06,19.16249,5.595333,0.05669117,18.7346,10,0,0,7,0,0,0,0,0,0,0,0,0,0,0,10,15,18.88202,18.80555,18.75948,18.74869,18.74439,18.7418,18.73866,18.73821,18.73785,18.73755,18.73731,18.73716,20.81407,-0.3189577,10.55803,0.5795352,0.838315,19.03772,1.46877,0.07086992,18.94209,0.80827840879588,0.04052266153335,0.58740439884006,4316,0.8082784,0.040523,0.5874044,14685823,2,114,5157.104,244.27264,18.970657,0.05605996,20.277857,0.07194879,19.300379,0.056397244,19.068224,0.056144454,18.823397,0.06708822,18.761604,0.07702382,18.840313,0.11100606,99.99,-4.553607,-6.962085,2833.6692,67.87629,214.0,75.0,214.32079,75.107574,8745250395,0,0.7133,0.796373,-0.092231,0.936,0.8172,33.027737,2e-06,2.5,5.94,0.108636,0.001228,0.001238,-9e-06,0.90184,1.4401,2.376634,2.749591,2.91713,60.0,1.0032,0.210374,0.00519306,0.0256456,19.592485,59.6723,-2.70668,232201331,17188279787777,101,2015-12-31 23:59:59
56239.3920972,18.991974,0.04681778,41902040006521,2.870094,35.973032,2,0,3.947176e-07,55,52,45,18.93465,0.02897783,18.94286,18.95733,18.93564,18.95061,0.09266341,0.08567078,14580274000066,2.870126,35.973048,4190,4,56239.3964372,1326,18.982994,21.276678,28.161179,2.35,2.244618,0,131072,0,1,17188279787777,433831753,3.947176e-07,2.397301,1.0,-1.678525e-05,19.16249,3.53712,0.05570984,18.73937,6,0,0,8,0,0,0,0,0,0,0,0,0,0,0,8,14,18.89359,18.83334,18.81024,18.79093,18.76809,18.75381,18.74584,18.74512,18.74455,18.74408,18.74368,18.74346,-0.3559169,11.73214,0.5573645,0.837754,1.880761,0.06856143,18.94736,2.379328,1.0,-1.317408e-06,19.16249,5.595333,0.05669117,18.7346,10,0,0,7,0,0,0,0,0,0,0,0,0,0,0,10,15,18.88202,18.80555,18.75948,18.74869,18.74439,18.7418,18.73866,18.73821,18.73785,18.73755,18.73731,18.73716,20.81407,-0.3189577,10.55803,0.5795352,0.838315,19.03772,1.46877,0.07086992,18.94209,0.80827840879588,0.04052266153335,0.58740439884006,4316,0.8082782,0.0405231,0.5874046,14580274,2,66,4691.0884,172.50618,18.982994,0.04681778,19.97376,0.05272538,19.144081,0.044067327,19.032839,0.046656664,18.933958,0.060965575,18.954216,0.07451022,18.937662,0.08189593,99.99,-4.238442,-7.123041,1541.584,51.261784,228.0,41.0,227.62962,40.74111,8744925948,0,0.442817,0.497644,-0.021646,0.72,0.666,19.326683,1e-06,2.5,5.28,0.980665,0.000439,0.000439,-3e-06,0.740487,1.15425,1.964262,2.454006,2.766469,60.0,1.7783,0.211006,0.00544433,0.024434,20.182278,254.011,-1.031,232201331,17188279787777,101,2015-12-31 23:59:59
56231.3824072,18.80455,0.06315433,41902040006521,2.870094,35.973032,2,0,3.947176e-07,55,52,45,18.93465,0.02897783,18.94286,18.95733,18.93564,18.95061,0.09266341,0.08567078,14483590000080,2.870065,35.973025,4190,4,56231.3870372,1318,18.81913,20.701387,28.168934,1.85,2.259038,0,131072,0,1,17188279787777,433831753,3.947176e-07,2.397301,1.0,-1.678525e-05,19.16249,3.53712,0.05570984,18.73937,6,0,0,8,0,0,0,0,0,0,0,0,0,0,0,8,14,18.89359,18.83334,18.81024,18.79093,18.76809,18.75381,18.74584,18.74512,18.74455,18.74408,18.74368,18.74346,-0.3559169,11.73214,0.5573645,0.837754,1.880761,0.06856143,18.94736,2.379328,1.0,-1.317408e-06,19.16249,5.595333,0.05669117,18.7346,10,0,0,7,0,0,0,0,0,0,0,0,0,0,0,10,15,18.88202,18.80555,18.75948,18.74869,18.74439,18.7418,18.73866,18.73821,18.73785,18.73755,18.73731,18.73716,20.81407,-0.3189577,10.55803,0.5795352,0.838315,19.03772,1.46877,0.07086992,18.94209,0.80827840879588,0.04052266153335,0.58740439884006,4316,0.8082785,0.0405223,0.5874043,14483590,2,80,5494.4165,302.1562,18.81913,0.06315433,19.769371,0.06890752,18.95334,0.061939616,18.84143,0.06878535,18.76351,0.09854992,18.712858,0.11629217,18.686,0.1185912,99.99,-5.051685,-7.421419,7485.7173,107.0596,227.0,66.0,227.34178,65.79006,8735645519,0,0.411644,0.461172,0.069843,0.7236,0.6084,-35.16948,1e-06,2.5,5.28,0.956637,0.001042,0.001037,2e-06,0.71644,1.125346,1.897428,2.297428,2.629206,60.0,1.4648,0.222352,0.00307245,0.0205337,18.482944,343.085,-3.60051,232201331,17188279791117,101,2015-12-31 23:59:59
56258.3458672,18.882475,0.14182524,41902040006521,2.870094,35.973032,2,0,3.947176e-07,55,52,45,18.93465,0.02897783,18.94286,18.95733,18.93564,18.95061,0.09266341,0.08567078,14725326000041,2.870075,35.973079,4190,4,56258.3491772,1345,18.887514,20.34117,28.140993,2.15,2.498899,0,131072,0,1,17188279787777,433831753,3.947176e-07,2.397301,1.0,-1.678525e-05,19.16249,3.53712,0.05570984,18.73937,6,0,0,8,0,0,0,0,0,0,0,0,0,0,0,8,14,18.89359,18.83334,18.81024,18.79093,18.76809,18.75381,18.74584,18.74512,18.74455,18.74408,18.74368,18.74346,-0.3559169,11.73214,0.5573645,0.837754,1.880761,0.06856143,18.94736,2.379328,1.0,-1.317408e-06,19.16249,5.595333,0.05669117,18.7346,10,0,0,7,0,0,0,0,0,0,0,0,0,0,0,10,15,18.88202,18.80555,18.75948,18.74869,18.74439,18.7418,18.73866,18.73821,18.73785,18.73755,18.73731,18.73716,20.81407,-0.3189577,10.55803,0.5795352,0.838315,19.03772,1.46877,0.07086992,18.94209,0.80827840879588,0.04052266153335,0.58740439884006,4316,0.8082779,0.0405224,0.5874051,14725326,2,41,5027.9556,336.26434,18.915398,0.14160858,19.82358,0.14622699,19.026157,0.14231978,18.902748,0.14651583,18.805138,0.16954899,18.82886,0.19343062,18.811296,0.18983041,99.99,-5.203375,-7.419174,10013.516,123.42785,225.0,39.0,225.32788,38.932472,8745087292,0,0.407942,0.473632,-0.035675,0.7056,0.6336,23.891068,1e-06,2.5,5.28,0.881721,0.001661,0.001643,0.0,0.721767,1.12963,1.910287,2.282141,2.518325,60.0,1.8531,0.302507,-0.036147,0.121816,18.126833,13.7114,-3.81564,232201331,17188279791106,101,2015-12-31 23:59:59
56252.2183072,18.950903,0.10614103,41902040006521,2.870094,35.973032,2,0,3.947176e-07,55,52,45,18.93465,0.02897783,18.94286,18.95733,18.93564,18.95061,0.09266341,0.08567078,14664578000074,2.870118,35.973056,4190,4,56252.2219972,1339,18.956497,21.51004,28.240591,1.95,2.093684,0,131072,0,1,17188279787777,433831753,3.947176e-07,2.397301,1.0,-1.678525e-05,19.16249,3.53712,0.05570984,18.73937,6,0,0,8,0,0,0,0,0,0,0,0,0,0,0,8,14,18.89359,18.83334,18.81024,18.79093,18.76809,18.75381,18.74584,18.74512,18.74455,18.74408,18.74368,18.74346,-0.3559169,11.73214,0.5573645,0.837754,1.880761,0.06856143,18.94736,2.379328,1.0,-1.317408e-06,19.16249,5.595333,0.05669117,18.7346,10,0,0,7,0,0,0,0,0,0,0,0,0,0,0,10,15,18.88202,18.80555,18.75948,18.74869,18.74439,18.7418,18.73866,18.73821,18.73785,18.73755,18.73731,18.73716,20.81407,-0.3189577,10.55803,0.5795352,0.838315,19.03772,1.46877,0.07086992,18.94209,0.80827840879588,0.04052266153335,0.58740439884006,4316,0.8082781,0.040523,0.5874047,14664578,2,74,5171.7446,183.4192,18.94634,0.106291965,19.987818,0.10949683,19.101427,0.104813986,18.983742,0.1058851,18.87454,0.11192147,18.832737,0.11686797,18.85176,0.11729769,99.99,-4.308329,-7.403812,1672.2411,54.7146,227.0,38.0,227.23851,37.92726,8743216262,0,0.457135,0.5194,-0.007127,0.7308,0.684,6.596458,1e-06,2.5,4.62,0.194028,0.000418,0.00042,-1e-06,0.744942,1.195421,1.922272,2.326935,2.609003,60.0,1.04,0.237628,0.00042514,0.0989062,20.168772,82.4278,-1.73012,232201331,17188279787777,101,2015-12-31 23:59:59
