MJD,m,dm,uJy,duJy,F,err,chi/N,RA,Dec,x,y,maj,min,phi,apfit,mag5sig,Sky,Obs
59666.12574,20.548,0.842,22,18,o,0,0.67,346.01523,-67.83287,623.54,5796.86,2.45,2.19,-33.1,-0.431,19.09,20.07,03a59666o0808o
59666.128607,20.85,1.047,17,17,o,0,1.21,346.01523,-67.83287,604.44,5755.03,2.51,2.24,-33.7,-0.417,19.06,20.03,03a59666o0814o
59666.133944,-20.961,1.146,-15,17,o,0,1.18,346.01523,-67.83287,661.81,5839.49,2.52,2.25,-36.0,-0.419,19.06,20.03,03a59666o0825o
59666.149156,-21.807,2.705,-7,19,o,0,1.13,346.01523,-67.83287,684.36,5719.33,2.5,2.28,-34.4,-0.416,18.96,19.82,03a59666o0857o
59682.123649,-21.283,1.181,-11,13,o,0,1.39,346.01523,-67.83287,1762.15,8236.59,2.46,2.11,-39.0,-0.402,19.19,20.22,03a59682o0863o
59682.126438,-20.124,0.44,-32,14,o,0,1.0,346.01523,-67.83287,1742.86,8191.35,2.33,2.05,-33.7,-0.418,19.26,20.2,03a59682o0869o
59682.131585,21.01,1.026,14,15,o,0,1.2,346.01523,-67.83287,1801.72,8274.26,2.32,2.07,-30.3,-0.414,19.23,20.2,03a59682o0880o
59682.141387,-21.436,1.289,-10,12,o,0,1.3,346.01523,-67.83287,1821.75,8158.06,2.39,2.06,-30.5,-0.407,19.22,20.25,03a59682o0901o
59690.124737,20.812,1.119,17,19,o,0,1.63,346.01523,-67.83287,1430.22,2004.0,2.45,2.3,-29.3,-0.407,18.79,19.39,03a59690o0757o
59690.127492,-20.84,1.269,-17,21,o,0,1.16,346.01523,-67.83287,1413.2,1961.5,2.39,2.28,-31.4,-0.41,18.82,19.41,03a59690o0763o
59690.133619,-19.872,0.502,-41,20,o,0,0.96,346.01523,-67.83287,1466.55,2043.53,2.33,2.21,-32.2,-0.418,18.86,19.42,03a59690o0775o
59690.14004,-20.777,1.266,-18,22,o,0,1.37,346.01523,-67.83287,10182.06,2077.04,2.79,2.1,-48.6,-0.371,18.81,19.42,03a59690o0788o
59690.151603,-21.25,1.744,-12,20,o,0,1.4,346.01523,-67.83287,1490.1,1919.71,2.46,2.34,-29.3,-0.408,18.78,19.45,03a59690o0812o
59690.159038,-19.646,0.528,-50,27,o,0,0.91,346.01523,-67.83287,10168.82,2042.28,2.99,2.22,-49.5,-0.365,18.75,19.36,03a59690o0827o
59690.163163,-20.842,1.529,-17,26,o,0,1.0,346.01523,-67.83287,10224.54,2112.95,2.78,2.12,-48.0,-0.361,18.71,19.2,03a59690o0836o
59690.170499,-21.655,4.241,-8,34,o,0,1.31,346.01523,-67.83287,10244.72,1999.34,2.95,2.15,-50.1,-0.352,18.23,18.24,03a59690o0851o
59698.142201,-20.977,1.306,-15,19,o,0,1.21,346.01523,-67.83287,9258.41,10392.33,2.67,2.37,-52.5,-0.505,19.14,20.12,03a59698o0633o
59698.143126,20.488,0.636,23,15,o,0,1.35,346.01523,-67.83287,2340.42,144.29,2.55,2.32,-46.5,-0.384,19.2,20.18,03a59698o0635o
59698.160321,19.675,0.341,49,17,o,0,1.56,346.01523,-67.83287,9228.64,10355.14,2.69,2.3,-57.4,-0.482,19.05,19.95,03a59698o0668o
59698.160776,20.552,0.744,22,16,o,0,1.17,346.01523,-67.83287,2323.79,101.0,2.63,2.33,-52.0,-0.379,19.11,20.02,03a59698o0669o
59698.164344,-20.315,0.891,-27,24,o,0,0.87,346.01523,-67.83287,9290.63,10433.26,2.84,2.43,-59.2,-0.491,18.91,19.75,03a59698o0676o
59698.164799,20.321,0.784,27,21,o,0,0.94,346.01523,-67.83287,2374.84,185.86,2.64,2.34,-53.2,-0.385,19.04,19.79,03a59698o0677o
59698.174216,20.891,4.024,16,64,o,0,1.11,346.01523,-67.83287,9310.82,10312.29,2.86,2.55,-54.9,-0.498,17.87,17.79,03a59698o0697o
59698.175686,23.681,59.444,1,73,o,0,0.69,346.01523,-67.83287,2395.16,65.08,2.68,2.4,-52.5,-0.348,17.79,17.46,03a59698o0700o
59716.256089,20.562,1.495,22,32,o,0,0.88,346.01523,-67.83287,4629.45,5930.8,1.98,1.9,-87.1,-0.378,18.34,18.57,04a59716o0633o
59716.260104,-19.828,0.614,-42,26,o,0,0.92,346.01523,-67.83287,4609.02,5894.15,2.1,1.95,-80.9,-0.372,18.32,18.59,04a59716o0640o
59716.265693,21.237,2.472,12,29,o,0,1.0,346.01523,-67.83287,4666.93,5973.35,1.95,1.82,-82.9,-0.392,18.38,18.64,04a59716o0650o
59716.279704,25.139,70.667,0,23,o,0,0.99,346.01523,-67.83287,4682.51,5859.45,1.91,1.81,-79.2,-0.391,18.45,18.71,04a59716o0676o
59726.14343,20.705,0.519,19,10,o,0,1.21,346.01523,-67.83287,7237.08,8640.95,2.23,2.13,-55.1,-0.448,19.56,20.86,03a59726o0913o
59726.148729,21.006,0.93,14,13,o,0,0.92,346.01523,-67.83287,7214.43,8605.1,2.22,2.19,-24.5,-0.458,19.52,20.86,03a59726o0924o
59726.16697,22.392,2.879,4,12,o,0,0.96,346.01523,-67.83287,7265.34,8682.38,2.21,2.16,-53.2,-0.453,19.52,20.78,03a59726o0963o
59726.175414,22.874,4.81,3,12,o,0,1.39,346.01523,-67.83287,7287.49,8564.42,2.22,2.16,-13.9,-0.458,19.31,20.26,03a59726o0979o
59738.123222,-20.768,0.451,-18,8,o,0,1.3,346.01523,-67.83287,3760.26,8282.67,2.28,2.25,-84.1,-0.433,19.59,21.1,03a59738o0871o
59738.126024,-22.456,2.724,-4,10,o,0,1.14,346.01523,-67.83287,3739.89,8242.86,2.24,2.21,-17.2,-0.441,19.61,21.11,03a59738o0877o
59740.313292,-19.556,0.331,-55,18,o,0,1.42,346.01523,-67.83287,7031.04,483.12,2.31,2.0,-22.8,-0.41,18.83,20.07,04a59740o0375o
59740.318385,-20.773,0.663,-18,12,o,0,0.87,346.01523,-67.83287,7017.93,443.47,2.14,1.87,-27.0,-0.438,19.48,20.69,04a59740o0386o
59740.321087,-21.162,1.0,-12,12,o,0,1.25,346.01523,-67.83287,7073.9,520.92,2.31,1.87,-28.5,-0.423,19.21,20.37,04a59740o0392o
59740.333782,-23.672,8.9,-1,11,o,0,1.11,346.01523,-67.83287,7098.78,406.71,2.35,2.06,-24.7,-0.405,19.44,20.72,04a59740o0420o
59742.108277,-20.212,2.262,-30,68,o,0,1.15,346.01523,-67.83287,3712.79,8235.69,2.6,2.54,0.9,-0.396,17.41,18.0,03a59742o0102o
59742.111009,-19.462,1.23,-60,73,o,0,0.82,346.01523,-67.83287,3692.78,8194.35,2.74,2.57,10.6,-0.394,17.62,18.41,03a59742o0108o
59742.116025,19.715,0.672,47,32,o,0,1.39,346.01523,-67.83287,3749.98,8275.6,2.69,2.62,-2.0,-0.39,18.34,19.25,03a59742o0119o
59742.126527,21.071,1.167,14,16,o,0,0.98,346.01523,-67.83287,3770.37,8158.88,3.08,2.94,9.3,-0.384,19.02,20.57,03a59742o0142o
59746.071227,-19.225,0.871,-74,65,o,0,1.0,346.01523,-67.83287,4464.9,5867.29,3.25,2.87,55.2,-0.42,17.81,18.33,03a59746o0422o
59746.073071,-18.7,0.575,-120,69,o,0,0.92,346.01523,-67.83287,4446.39,5827.67,3.24,2.77,54.9,-0.403,17.67,18.05,03a59746o0426o
59746.076773,-20.056,1.195,-34,41,o,0,0.99,346.01523,-67.83287,4502.23,5906.65,3.41,3.1,59.7,-0.413,18.18,18.76,03a59746o0434o
59746.083891,-21.103,3.271,-13,43,o,0,0.95,346.01523,-67.83287,4523.81,5789.32,3.47,3.08,50.1,-0.4,18.27,18.9,03a59746o0449o
59748.241863,-19.985,1.575,-37,58,o,0,1.05,346.01523,-67.83287,6234.2,6273.89,2.15,1.74,-25.5,-0.417,17.55,18.45,04a59748o0642o
59755.140876,-21.632,1.071,-8,9,c,0,1.01,346.01523,-67.83287,8742.15,2350.27,2.62,2.37,10.8,-0.406,19.76,21.69,03a59755o0149c
59755.143656,-22.389,1.889,-4,8,c,0,1.35,346.01523,-67.83287,8762.09,2390.86,2.65,2.42,7.7,-0.407,19.71,21.67,03a59755o0155c
59755.149593,22.036,1.622,6,9,c,0,1.06,346.01523,-67.83287,8701.96,2307.59,2.7,2.41,10.6,-0.409,19.71,21.65,03a59755o0168c
59755.160171,20.579,0.475,21,10,c,0,0.87,346.01523,-67.83287,8679.46,2422.46,3.02,2.52,22.5,-0.411,19.63,21.74,03a59755o0191c
59755.195038,21.81,3.978,7,27,c,0,0.75,346.01523,-67.83287,8722.81,2371.22,2.66,2.51,16.7,-0.39,18.66,19.12,03a59755o0257c
59756.16633,-19.415,0.487,-62,30,c,0,1.23,346.01523,-67.83287,4010.89,206.29,4.17,3.85,41.3,-0.267,18.23,20.5,04a59756o0335c
59756.176622,20.643,2.867,20,58,c,0,1.14,346.01523,-67.83287,3991.12,161.48,3.79,3.58,37.7,-0.303,17.72,19.96,04a59756o0356c
59756.180325,-20.128,1.355,-32,44,c,0,1.08,346.01523,-67.83287,4046.38,247.11,3.98,3.84,29.9,-0.225,17.69,20.06,04a59756o0363c
59756.194663,-20.756,1.84,-18,33,c,0,0.86,346.01523,-67.83287,4062.95,125.97,3.69,3.49,51.1,-0.267,18.12,20.39,04a59756o0393c
59756.349552,-21.049,1.643,-14,23,c,0,1.16,346.01523,-67.83287,1637.81,10342.35,3.55,2.92,-88.7,-0.315,18.52,20.63,04a59756o0694c
59756.352304,18.908,0.765,99,76,c,0,0.85,346.01523,-67.83287,1618.42,10303.56,3.5,2.81,89.3,-0.305,17.35,19.28,04a59756o0700c
59756.355808,20.693,4.143,19,80,c,0,0.95,346.01523,-67.83287,1686.51,10387.95,3.48,2.86,84.4,-0.317,17.35,19.28,04a59756o0707c
59756.360859,18.244,0.387,183,71,c,0,1.84,346.01523,-67.83287,1714.05,10272.88,4.01,3.31,86.8,-0.293,17.39,19.46,04a59756o0718c
59757.094551,21.496,0.833,9,8,c,0,1.32,346.01523,-67.83287,8097.07,4236.73,2.55,2.45,-45.9,-0.419,19.79,21.95,03a59757o0879c
59757.097284,-25.162,24.0,0,8,c,0,1.35,346.01523,-67.83287,8078.34,4199.83,2.58,2.5,-50.4,-0.42,19.79,21.97,03a59757o0885c
59757.121405,24.182,9.8,1,8,c,0,1.37,346.01523,-67.83287,8127.9,4273.45,2.59,2.47,-50.2,-0.412,19.81,21.97,03a59757o0936c
59757.126415,-21.825,1.125,-7,8,c,0,1.15,346.01523,-67.83287,8146.54,4160.93,2.72,2.6,-43.5,-0.405,19.75,21.98,03a59757o0947c
59758.061418,-22.79,3.5,-3,10,c,0,0.92,346.01523,-67.83287,4988.88,2025.45,2.73,2.68,2.1,-0.399,19.72,21.76,03a59758o0813c
59758.092782,-22.758,3.294,-3,9,c,0,0.69,346.01523,-67.83287,4968.57,1983.69,2.71,2.62,-20.7,-0.403,19.73,21.76,03a59758o0881c
59758.095679,-21.264,0.736,-11,8,c,0,1.24,346.01523,-67.83287,5019.36,2064.78,2.64,2.51,-18.6,-0.403,19.78,21.77,03a59758o0887c
59758.10069,-21.247,0.725,-12,8,c,0,1.2,346.01523,-67.83287,5039.6,1950.86,2.72,2.59,8.8,-0.399,19.73,21.77,03a59758o0898c
59758.355169,-21.656,1.135,-8,9,c,0,0.89,346.01523,-67.83287,4083.6,8406.69,2.71,2.38,88.5,-0.362,19.6,21.67,04a59758o0662c
59758.359083,22.085,1.576,5,8,c,0,1.38,346.01523,-67.83287,4066.44,8369.1,2.76,2.49,-86.8,-0.356,19.57,21.69,04a59758o0669c
59758.363649,21.155,0.655,12,8,c,0,1.03,346.01523,-67.83287,4136.45,8449.79,2.66,2.39,90.0,-0.357,19.61,21.7,04a59758o0679c
59758.368763,21.75,1.02,7,7,c,0,1.55,346.01523,-67.83287,4161.55,8336.24,2.61,2.32,-81.4,-0.36,19.61,21.7,04a59758o0690c
59759.392914,-21.893,1.259,-6,8,c,0,0.79,346.01523,-67.83287,4169.45,8191.07,2.61,1.85,-76.2,-0.395,19.76,21.75,04a59759o0810c
59759.396141,22.745,2.462,3,7,c,0,1.08,346.01523,-67.83287,4185.07,8226.62,2.45,1.85,-78.0,-0.4,19.78,21.74,04a59759o0816c
59759.402913,22.568,1.871,3,6,c,0,1.39,346.01523,-67.83287,4127.44,8145.35,2.49,1.83,-76.0,-0.397,19.8,21.72,04a59759o0830c
59759.416774,23.977,8.0,1,7,c,0,1.36,346.01523,-67.83287,4101.22,8250.75,2.58,1.84,-74.7,-0.405,19.76,21.71,04a59759o0857c
59760.31382,21.522,0.846,9,8,c,0,1.41,346.01523,-67.83287,7072.24,504.8,2.54,2.22,-14.4,-0.376,19.77,21.78,04a59760o0779c
59760.345318,22.651,2.591,3,8,c,0,0.97,346.01523,-67.83287,7086.09,476.95,2.67,2.18,-20.4,-0.394,19.7,21.78,04a59760o0845c
59760.348019,-21.574,0.86,-8,7,c,0,1.2,346.01523,-67.83287,7142.18,553.15,2.72,2.28,-19.4,-0.367,19.71,21.77,04a59760o0851c
59760.352975,22.42,2.077,4,8,c,0,0.97,346.01523,-67.83287,7164.46,435.9,2.69,2.32,-16.4,-0.37,19.74,21.75,04a59760o0862c
59761.325219,22.549,2.138,4,7,c,0,1.08,346.01523,-67.83287,6200.96,6362.07,2.33,2.12,-39.8,-0.386,19.69,21.91,04a59761o0780c
59761.327473,-22.502,1.7,-4,6,c,0,1.57,346.01523,-67.83287,6183.17,6324.56,2.32,2.15,-32.0,-0.382,19.7,21.87,04a59761o0785c
59761.330625,20.781,0.416,18,7,c,0,1.21,346.01523,-67.83287,6246.09,6400.92,2.42,2.2,-28.1,-0.384,19.66,21.86,04a59761o0792c
59761.335591,21.579,0.821,8,7,c,0,1.06,346.01523,-67.83287,6270.35,6286.1,2.38,2.19,-29.4,-0.387,19.63,21.85,04a59761o0803c
59763.293325,-20.843,0.397,-17,7,c,0,1.47,346.01523,-67.83287,2714.59,6015.59,2.34,2.18,76.6,-0.359,19.59,21.65,04a59763o0751c
59763.297379,-20.978,0.523,-15,8,c,0,1.46,346.01523,-67.83287,2698.95,5977.23,2.49,2.28,75.1,-0.355,19.56,21.66,04a59763o0760c
59763.303734,-21.586,0.956,-8,8,c,0,1.02,346.01523,-67.83287,2763.82,6060.06,2.39,2.16,84.9,-0.364,19.6,21.68,04a59763o0774c
59763.319218,-21.763,1.167,-7,8,c,0,1.13,346.01523,-67.83287,2798.82,5950.07,2.46,2.27,81.6,-0.356,19.57,21.68,04a59763o0807c
59766.08767,-20.744,0.626,-18,12,o,0,0.7,346.01523,-67.83287,6210.05,4361.99,2.18,2.09,-15.3,-0.458,19.63,21.05,03a59766o0745o
59766.090373,-20.91,0.617,-16,10,o,0,1.4,346.01523,-67.83287,6190.92,4323.67,2.2,2.12,-14.9,-0.466,19.61,21.09,03a59766o0751o
59766.093097,-23.226,5.286,-2,10,o,0,1.19,346.01523,-67.83287,6245.69,4400.5,2.31,2.22,16.7,-0.454,19.6,21.06,03a59766o0757o
59766.110061,-22.43,2.314,-4,9,o,0,0.84,346.01523,-67.83287,6262.06,4285.92,2.09,2.02,-17.1,-0.471,19.69,21.1,03a59766o0794o
59777.991864,21.519,2.817,9,25,o,0,1.04,346.01523,-67.83287,5940.48,6277.6,2.43,2.29,-40.4,-0.414,18.72,19.31,03a59778o0635o
59778.016997,-19.728,0.531,-47,25,o,0,1.28,346.01523,-67.83287,5916.47,6238.97,2.52,2.39,-39.9,-0.411,18.7,19.34,03a59778o0688o
59778.020184,20.35,1.04,26,27,o,0,1.03,346.01523,-67.83287,5972.54,6316.15,2.89,2.79,-45.7,-0.398,18.56,19.34,03a59778o0694o
59778.037036,-21.216,2.0,-12,24,o,0,1.04,346.01523,-67.83287,5989.52,6200.36,2.6,2.47,-49.4,-0.408,18.68,19.34,03a59778o0729o
59780.315997,23.06,7.0,2,15,o,0,0.9,346.01523,-67.83287,9653.52,8401.93,2.89,2.46,-9.5,-0.36,19.32,20.64,04a59780o0494o
59780.318851,-21.01,1.024,-14,15,o,0,0.99,346.01523,-67.83287,9635.14,8365.92,2.78,2.39,-8.0,-0.368,19.37,20.62,04a59780o0499o
59780.322512,22.722,4.647,3,14,o,0,1.39,346.01523,-67.83287,9704.19,8439.15,2.82,2.39,-7.1,-0.37,19.33,20.62,04a59780o0507o
59780.335155,-22.0,2.367,-6,14,o,0,0.77,346.01523,-67.83287,1193.51,2340.52,2.43,1.89,43.9,-0.424,19.38,20.61,04a59780o0533o
59784.308328,-20.671,0.676,-20,13,o,0,1.02,346.01523,-67.83287,9660.62,8402.79,2.9,2.44,-9.1,-0.365,19.45,21.12,04a59784o0747o
59784.320639,-21.406,1.066,-10,11,o,0,1.43,346.01523,-67.83287,9655.13,8370.22,2.76,2.32,-8.8,-0.389,19.5,21.14,04a59784o0771o
59784.324838,22.62,4.0,3,13,o,0,0.91,346.01523,-67.83287,9721.18,8443.25,2.88,2.53,-6.6,-0.36,19.5,21.13,04a59784o0778o
59784.329846,21.431,1.16,10,11,o,0,1.12,346.01523,-67.83287,9746.19,8326.06,3.02,2.63,-7.1,-0.349,19.43,21.12,04a59784o0788o
59786.013287,22.567,1.957,3,7,c,0,1.5,346.01523,-67.83287,3173.74,2012.1,2.51,2.44,-32.3,-0.395,19.81,22.08,03a59786o0635c
59786.015139,20.867,0.467,16,8,c,0,1.47,346.01523,-67.83287,3156.17,1971.73,2.55,2.46,-35.4,-0.397,19.8,22.05,03a59786o0639c
59786.023428,20.69,0.388,19,8,c,0,1.27,346.01523,-67.83287,3207.63,2049.38,2.65,2.57,4.8,-0.4,19.76,21.97,03a59786o0655c
59786.02876,25.244,24.0,0,7,c,0,1.24,346.01523,-67.83287,3226.84,1936.67,2.48,2.42,-49.8,-0.397,19.8,21.97,03a59786o0665c
59788.346302,22.722,5.5,3,16,o,0,0.97,346.01523,-67.83287,5407.0,1866.15,2.65,2.55,5.9,-0.381,19.0,20.6,04a59788o0443o
59788.349493,-20.711,1.66,-19,31,o,0,1.0,346.01523,-67.83287,5426.37,1903.11,2.62,2.54,18.0,-0.369,18.07,19.61,04a59788o0450o
59788.35496,20.57,0.578,22,12,o,0,1.12,346.01523,-67.83287,5358.82,1821.63,2.32,2.2,-10.9,-0.39,19.22,20.65,04a59788o0461o
59788.365097,-22.27,2.806,-4,13,o,0,1.19,346.01523,-67.83287,5329.85,1931.22,2.36,2.28,-12.3,-0.386,19.16,20.59,04a59788o0483o
59796.189811,-20.68,0.652,-19,13,o,0,0.87,346.01523,-67.83287,1102.26,4052.38,2.38,1.94,63.0,-0.401,19.43,20.79,04a59796o0508o
59796.192143,-21.368,1.207,-10,12,o,0,0.86,346.01523,-67.83287,1084.18,4012.24,2.39,1.93,60.4,-0.401,19.42,20.85,04a59796o0513o
59796.194041,-20.532,0.518,-22,12,o,0,0.92,346.01523,-67.83287,1143.31,4095.31,2.33,1.89,56.4,-0.405,19.46,20.87,04a59796o0517o
59796.195403,-21.262,1.096,-11,12,o,0,0.87,346.01523,-67.83287,1163.02,3981.14,2.24,1.88,60.3,-0.41,19.44,20.88,04a59796o0520o
59796.313712,23.025,3.474,2,8,c,0,1.18,346.01523,-67.83287,617.35,6667.65,2.45,2.0,83.0,-0.377,19.81,21.76,04a59796o0586c
59796.317095,-23.626,6.0,-1,8,c,0,1.32,346.01523,-67.83287,633.41,6701.72,2.45,1.99,84.1,-0.376,19.78,21.76,04a59796o0593c
59796.322307,22.317,1.935,4,8,c,0,1.45,346.01523,-67.83287,571.2,6626.86,2.67,2.16,76.3,-0.377,19.75,21.76,04a59796o0604c
59796.355206,-21.94,1.204,-6,7,c,0,1.34,346.01523,-67.83287,530.33,6723.54,2.48,2.06,80.0,-0.376,19.83,21.82,04a59796o0674c
59798.03365,21.116,0.676,13,9,c,0,1.12,346.01523,-67.83287,7915.31,4690.56,2.74,2.71,-45.3,-0.426,19.67,21.85,03a59798o0679c
59798.037675,-25.114,26.5,0,9,c,0,0.76,346.01523,-67.83287,7934.82,4734.06,2.65,2.55,-55.6,-0.398,19.74,21.94,03a59798o0687c
59798.042928,20.488,0.365,23,8,c,0,1.1,346.01523,-67.83287,7878.08,4652.7,2.8,2.69,26.8,-0.405,19.69,22.03,03a59798o0697c
59798.054208,-23.004,3.5,-2,8,c,0,1.0,346.01523,-67.83287,7854.54,4768.18,2.45,2.39,-59.8,-0.404,19.83,22.01,03a59798o0719c
59800.222861,-19.916,0.546,-39,21,o,0,1.13,346.01523,-67.83287,1143.12,4063.72,2.42,1.97,57.0,-0.388,18.72,19.41,04a59800o0575o
59800.224684,-21.271,1.792,-11,20,o,0,1.23,346.01523,-67.83287,1128.3,4023.41,2.42,1.95,57.3,-0.381,18.75,19.44,04a59800o0579o
59800.229319,-20.217,0.611,-30,18,o,0,1.63,346.01523,-67.83287,1188.85,4108.38,2.38,1.94,55.1,-0.381,18.78,19.4,04a59800o0588o
59800.250416,-20.094,0.555,-33,18,o,0,1.12,346.01523,-67.83287,1232.84,4000.59,2.36,1.89,54.1,-0.394,18.76,19.33,04a59800o0630o
59800.260461,22.414,5.444,4,21,o,0,3.79,346.01523,-67.83287,10228.36,3967.14,2.91,1.98,-16.4,-0.387,18.84,19.48,04a59800o0651o
59800.263171,20.319,0.891,27,24,o,0,1.14,346.01523,-67.83287,10213.04,3932.29,2.89,2.04,-14.4,-0.384,18.85,19.46,04a59800o0655o
59800.284979,21.908,3.381,6,21,o,0,1.59,346.01523,-67.83287,10291.84,4008.84,2.95,1.96,-16.6,-0.382,18.89,19.52,04a59800o0701o
59800.288128,-20.317,0.812,-27,22,o,0,0.7,346.01523,-67.83287,569.04,6768.47,2.36,1.92,82.3,-0.384,18.91,19.7,04a59800o0707o
59804.200174,19.371,0.483,65,31,o,0,1.27,346.01523,-67.83287,3804.28,10337.15,3.1,2.49,-78.5,-0.343,18.44,19.02,04a59804o0528o
59804.202891,19.961,0.85,38,32,o,0,0.99,346.01523,-67.83287,3785.36,10298.32,2.97,2.37,-80.0,-0.355,18.45,18.99,04a59804o0534o
59804.203793,20.647,1.5,20,30,o,0,0.91,346.01523,-67.83287,5840.21,148.27,2.62,2.38,-15.7,-0.358,18.43,18.97,04a59804o0536o
59804.205165,-19.814,0.868,-43,37,o,0,0.93,346.01523,-67.83287,5821.95,110.18,2.55,2.39,-9.3,-0.348,18.44,18.97,04a59804o0539o
59804.205619,-20.281,1.261,-28,35,o,0,0.81,346.01523,-67.83287,3851.78,10380.35,3.02,2.37,-79.2,-0.346,18.44,18.98,04a59804o0540o
59804.208812,20.855,1.496,16,25,o,0,1.44,346.01523,-67.83287,5880.09,188.75,2.5,2.25,-11.8,-0.353,18.44,18.96,04a59804o0547o
59804.210624,-19.329,0.399,-67,27,o,0,1.4,346.01523,-67.83287,3877.67,10264.75,2.83,2.16,-78.3,-0.373,18.46,19.03,04a59804o0551o
59804.215685,19.404,0.511,63,32,o,0,1.06,346.01523,-67.83287,5902.65,73.29,2.36,2.17,-0.2,-0.37,18.52,18.94,04a59804o0562o
59812.228974,19.896,0.615,40,25,c,0,0.71,346.01523,-67.83287,4944.6,4058.11,1.95,1.84,-7.3,-0.398,18.22,20.24,04a59812o0489c
59812.232136,-21.184,1.393,-12,17,c,0,1.03,346.01523,-67.83287,4929.36,4020.61,1.95,1.84,-7.7,-0.397,18.9,20.99,04a59812o0496c
59812.237565,22.29,1.842,4,8,c,0,1.02,346.01523,-67.83287,4992.72,4100.46,2.0,1.89,-14.8,-0.395,19.55,21.74,04a59812o0508c
59812.255131,-21.098,4.923,-13,65,c,0,0.91,346.01523,-67.83287,5846.86,6705.4,2.31,1.96,-62.6,-0.398,17.29,19.25,04a59812o0546c
59813.965076,-20.65,0.519,-20,10,o,0,0.78,346.01523,-67.83287,9263.47,8416.66,2.44,1.99,-48.7,-0.414,19.61,21.0,03a59814o0547o
59813.966897,-21.741,1.5,-7,11,o,0,1.89,346.01523,-67.83287,9242.63,8379.36,2.48,2.02,-50.7,-0.41,19.58,20.99,03a59814o0551o
59813.970069,22.002,1.698,6,10,o,0,1.27,346.01523,-67.83287,9302.75,8453.92,2.51,2.06,-48.5,-0.407,19.62,21.01,03a59814o0558o
59813.975504,-25.372,36.5,0,9,o,0,1.67,346.01523,-67.83287,9324.42,8336.79,2.48,2.04,-51.4,-0.411,19.63,21.03,03a59814o0570o
59820.167727,22.0,1.786,6,10,c,0,0.91,346.01523,-67.83287,590.08,199.85,4.31,1.96,47.8,-0.35,19.78,21.93,04a59820o0445c
59820.169534,21.183,0.839,12,10,c,0,1.01,346.01523,-67.83287,572.13,158.88,4.53,1.95,47.3,-0.358,19.78,21.94,04a59820o0449c
59820.173168,-21.792,1.424,-7,10,c,0,1.1,346.01523,-67.83287,631.28,245.64,4.26,2.01,47.6,-0.352,19.76,21.91,04a59820o0457c
59820.180412,-21.976,1.643,-6,10,c,0,1.14,346.01523,-67.83287,655.36,131.05,4.47,1.98,47.2,-0.353,19.75,21.89,04a59820o0473c
59820.205261,-20.962,0.608,-15,9,c,0,1.3,346.01523,-67.83287,8869.31,294.35,3.25,2.42,-23.8,-0.338,19.78,21.82,04a59820o0526c
59820.207518,22.159,1.846,5,9,c,0,1.05,346.01523,-67.83287,8854.76,257.14,3.23,2.46,-21.0,-0.339,19.75,21.84,04a59820o0531c
59820.210688,-22.206,1.75,-5,8,c,0,1.26,346.01523,-67.83287,8911.27,331.78,3.36,2.49,-22.4,-0.328,19.73,21.85,04a59820o0538c
59820.216167,-22.545,2.5,-4,9,c,0,1.22,346.01523,-67.83287,8934.95,214.42,3.29,2.48,-24.7,-0.325,19.78,21.81,04a59820o0550c
59824.213319,21.63,2.471,8,20,c,0,1.12,346.01523,-67.83287,10201.25,10511.86,3.2,2.82,73.6,-0.388,19.76,21.81,04a59824o0370c
59824.221484,-19.892,0.372,-40,15,c,0,1.0,346.01523,-67.83287,10159.04,10463.09,2.98,2.81,74.0,-0.393,19.78,21.8,04a59824o0388c
59824.224196,-24.956,35.0,0,13,c,0,1.15,346.01523,-67.83287,3536.53,59.24,2.54,1.99,40.4,-0.395,19.79,21.79,04a59824o0394c
59824.226993,-22.009,1.587,-6,9,c,0,1.3,346.01523,-67.83287,3555.56,95.72,2.49,1.98,40.8,-0.4,19.78,21.79,04a59824o0400c
59824.235621,21.887,1.513,6,10,c,0,0.82,346.01523,-67.83287,1931.62,10349.9,3.18,2.07,-79.4,-0.378,19.77,21.79,04a59824o0419c
59824.238781,-20.365,0.325,-26,8,c,0,1.11,346.01523,-67.83287,1946.64,10385.62,3.26,2.15,-78.9,-0.365,19.78,21.8,04a59824o0426c
59825.889291,21.601,1.387,8,12,o,0,1.22,346.01523,-67.83287,9984.1,3962.78,2.5,2.24,-55.6,-0.378,19.36,20.65,03a59826o0382o
59825.892023,-21.221,1.032,-12,12,o,0,0.91,346.01523,-67.83287,10037.3,4037.62,2.44,2.11,-58.8,-0.379,19.41,20.65,03a59826o0388o
59825.917044,-20.172,0.365,-31,11,o,0,1.04,346.01523,-67.83287,10055.44,3923.09,2.46,2.06,-59.7,-0.381,19.5,20.78,03a59826o0442o
59825.9189,-23.183,6.467,-2,12,o,0,0.79,346.01523,-67.83287,992.11,3737.27,2.46,2.15,-71.2,-0.394,19.49,20.78,03a59826o0446o
59828.181559,-22.176,3.262,-5,16,o,0,1.57,346.01523,-67.83287,8190.79,6178.13,2.37,1.83,-15.2,-0.441,19.05,19.89,04a59828o0460o
59828.184744,-20.115,0.332,-33,11,o,0,2.29,346.01523,-67.83287,8172.79,6141.68,2.29,1.84,-13.9,-0.437,19.03,19.89,04a59828o0467o
59828.187487,-21.472,1.886,-9,18,o,0,0.92,346.01523,-67.83287,8236.53,6216.33,2.42,1.86,-14.7,-0.426,19.04,19.9,04a59828o0473o
59828.195741,-21.517,1.732,-9,16,o,0,1.0,346.01523,-67.83287,8265.08,6101.42,2.29,1.73,-14.7,-0.436,19.09,19.92,04a59828o0490o
59829.926898,21.953,4.302,6,26,o,0,0.95,346.01523,-67.83287,9438.35,6690.9,2.55,2.23,-52.3,-0.384,18.61,18.97,03a59830o0457o
59829.929699,-19.975,0.657,-37,24,o,0,1.11,346.01523,-67.83287,9455.54,6732.45,2.45,2.15,-51.2,-0.395,18.62,18.96,03a59830o0463o
59829.934917,-21.221,2.233,-12,26,o,0,0.95,346.01523,-67.83287,9400.97,6648.64,2.45,2.17,-53.3,-0.39,18.64,18.95,03a59830o0474o
59829.970393,22.109,4.927,5,26,o,0,0.66,346.01523,-67.83287,9380.16,6766.47,2.41,2.12,-52.3,-0.385,18.62,18.93,03a59830o0548o
59829.974926,-19.923,0.526,-39,20,o,0,1.43,346.01523,-67.83287,387.33,6481.42,2.46,2.09,-60.6,-0.4,18.69,19.05,03a59830o0558o
59829.978543,20.585,1.206,21,26,o,0,1.0,346.01523,-67.83287,404.24,6518.23,2.41,2.09,-63.3,-0.406,18.73,19.05,03a59830o0566o
59830.003202,-19.027,0.311,-89,28,o,0,1.12,346.01523,-67.83287,349.63,6446.03,2.36,2.07,-63.4,-0.405,18.7,19.02,03a59830o0618o
59830.010474,-19.817,0.623,-43,27,o,0,0.8,346.01523,-67.83287,325.92,6563.28,2.36,2.07,-67.9,-0.408,18.68,19.01,03a59830o0634o
59832.20662,-19.995,0.659,-36,24,o,0,1.49,346.01523,-67.83287,2677.43,4475.46,2.11,1.9,78.3,-0.391,18.4,18.59,04a59832o0527o
59832.210261,-21.441,3.265,-10,31,o,0,0.87,346.01523,-67.83287,2695.76,4509.8,2.05,1.85,79.9,-0.406,18.41,18.58,04a59832o0535o
59832.216582,22.375,5.975,4,24,o,0,1.64,346.01523,-67.83287,2631.48,4431.32,2.09,1.89,78.1,-0.396,18.41,18.58,04a59832o0549o
59832.2518,-21.168,2.234,-12,28,o,0,1.02,346.01523,-67.83287,2587.64,4527.26,2.23,1.98,74.9,-0.381,18.31,18.6,04a59832o0624o
59837.966906,-22.514,3.097,-4,11,o,0,1.39,346.01523,-67.83287,6987.39,350.55,2.08,1.97,-30.4,-0.438,19.26,20.27,03a59838o0506o
59837.967811,-22.39,4.414,-4,18,o,0,0.54,346.01523,-67.83287,4602.13,10426.46,2.43,2.09,-42.9,-0.405,19.34,20.33,03a59838o0508o
59837.970193,-22.109,2.864,-5,15,o,0,0.96,346.01523,-67.83287,7008.53,392.3,2.1,2.0,-32.0,-0.433,19.25,20.26,03a59838o0513o
59837.971559,-21.581,1.721,-8,15,o,0,1.21,346.01523,-67.83287,4618.44,10465.65,2.43,2.1,-42.5,-0.398,19.32,20.32,03a59838o0516o
59837.988588,-22.138,2.818,-5,14,o,0,0.68,346.01523,-67.83287,6943.15,308.24,2.13,1.96,-45.0,-0.416,19.25,20.19,03a59838o0552o
59837.989996,-20.898,0.822,-16,13,o,0,1.48,346.01523,-67.83287,4567.97,10387.06,2.52,2.16,-45.6,-0.398,19.27,20.25,03a59838o0555o
59837.993735,-22.502,3.655,-4,13,o,0,1.32,346.01523,-67.83287,6919.36,425.02,2.19,2.04,-40.0,-0.426,19.18,20.18,03a59838o0563o
59837.996075,22.848,6.5,3,17,o,0,0.93,346.01523,-67.83287,4548.45,10503.31,2.5,2.15,-48.6,-0.392,19.25,20.21,03a59838o0568o
59844.110596,-20.982,0.849,-15,12,o,0,0.66,346.01523,-67.83287,3038.84,4092.37,2.07,1.95,69.7,-0.407,19.36,20.75,04a59844o0305o
59844.112402,23.181,5.833,2,11,o,0,0.97,346.01523,-67.83287,3022.71,4052.79,2.09,1.99,58.1,-0.394,19.38,20.71,04a59844o0309o
59844.115306,-20.812,0.691,-17,12,o,0,0.82,346.01523,-67.83287,3082.2,4134.35,2.06,1.97,68.4,-0.399,19.37,20.77,04a59844o0315o
59844.136219,-21.293,0.899,-11,10,o,0,0.99,346.01523,-67.83287,3124.05,4025.61,1.93,1.83,49.5,-0.409,19.45,20.83,04a59844o0359o
59845.860376,-21.305,0.617,-11,7,c,0,1.15,346.01523,-67.83287,4716.35,3920.22,2.49,2.31,-53.3,-0.383,19.81,21.86,03a59846o0111c
59845.870553,21.6,1.071,8,9,c,0,1.07,346.01523,-67.83287,4695.14,3880.17,2.59,2.45,-57.7,-0.383,19.72,21.88,03a59846o0133c
59845.877146,-22.167,1.484,-5,7,c,0,1.52,346.01523,-67.83287,4745.9,3960.42,2.71,2.55,-68.0,-0.374,19.68,21.86,03a59846o0146c
59845.883742,21.317,0.769,11,8,c,0,1.01,346.01523,-67.83287,4768.67,3846.12,2.77,2.6,-57.4,-0.371,19.67,21.84,03a59846o0160c
59848.187475,-22.34,2.687,-4,11,o,0,0.91,346.01523,-67.83287,7770.4,6579.08,2.33,2.05,-28.9,-0.427,19.53,21.13,04a59848o0115o
59848.190188,23.41,6.833,2,11,o,0,1.58,346.01523,-67.83287,7786.03,6617.97,2.23,2.01,-40.5,-0.447,19.53,21.12,04a59848o0121o
59848.195188,24.051,11.833,1,10,o,0,1.23,346.01523,-67.83287,7727.35,6533.79,2.48,2.18,-31.6,-0.41,19.47,21.08,04a59848o0132o
59848.204993,-25.289,34.0,0,10,o,0,1.43,346.01523,-67.83287,7701.03,6642.56,2.38,2.16,-39.6,-0.417,19.43,20.99,04a59848o0153o
59849.909256,21.067,0.846,14,12,c,0,0.99,346.01523,-67.83287,9825.08,10519.7,2.67,2.39,-67.7,-0.397,19.52,21.59,03a59850o0254c
59849.918809,-22.998,5.1,-2,12,c,0,1.34,346.01523,-67.83287,1616.67,10196.54,2.77,2.41,-45.5,-0.392,19.38,21.47,03a59850o0275c
59849.921995,-20.8,0.691,-17,12,c,0,1.63,346.01523,-67.83287,1632.1,10234.92,2.76,2.41,-47.1,-0.393,19.33,21.42,03a59850o0282c
59849.935665,23.724,13.25,1,16,c,0,1.36,346.01523,-67.83287,1581.1,10159.65,2.59,2.3,-46.9,-0.397,19.13,21.15,03a59850o0312c
59849.93884,24.187,14.5,1,11,c,0,1.35,346.01523,-67.83287,3377.88,45.86,2.43,2.31,-49.5,-0.365,19.38,21.49,03a59850o0319c
59849.941557,22.178,1.742,5,8,c,0,1.04,346.01523,-67.83287,1559.35,10278.28,2.65,2.37,-46.7,-0.398,19.86,21.96,03a59850o0325c
59852.119963,24.022,14.333,1,13,o,0,1.16,346.01523,-67.83287,8913.14,2334.61,2.52,1.82,-24.3,-0.429,19.54,21.0,04a59852o0317o
59852.122752,-24.097,14.167,-1,12,o,0,0.9,346.01523,-67.83287,8933.23,2372.96,2.5,2.11,-22.0,-0.401,19.51,20.98,04a59852o0323o
59852.153695,-21.52,1.429,-9,13,o,0,1.05,346.01523,-67.83287,8850.68,2268.48,2.33,1.82,-24.8,-0.454,19.55,20.99,04a59852o0390o
59852.163269,-19.767,0.301,-45,14,o,0,0.87,346.01523,-67.83287,8820.45,2378.13,2.34,1.82,-22.4,-0.462,19.61,21.09,04a59852o0411o
59853.896242,-20.558,0.604,-22,13,o,0,1.05,346.01523,-67.83287,9824.04,10520.39,2.7,2.11,-48.7,-0.463,19.44,20.63,03a59854o0370o
59853.901221,21.224,1.195,12,14,o,0,0.85,346.01523,-67.83287,1616.11,10195.14,2.43,2.07,-49.1,-0.447,19.52,20.68,03a59854o0381o
59853.904843,-22.495,3.04,-4,11,o,0,2.2,346.01523,-67.83287,1631.36,10233.36,2.49,2.12,-47.5,-0.435,19.46,20.61,03a59854o0389o
59853.928478,22.27,2.536,4,11,o,0,1.71,346.01523,-67.83287,1578.73,10159.16,2.6,2.22,-40.2,-0.445,19.49,20.75,03a59854o0439o
59853.934355,-22.976,4.455,-2,10,o,0,1.14,346.01523,-67.83287,3374.52,44.8,2.11,1.99,-37.9,-0.377,19.53,20.81,03a59854o0452o
59853.935728,20.617,0.49,21,10,o,0,1.72,346.01523,-67.83287,1556.08,10277.57,2.49,2.17,-42.6,-0.439,19.56,20.86,03a59854o0455o
59856.140844,20.325,0.765,27,21,o,0,0.87,346.01523,-67.83287,8896.54,2311.49,2.89,2.25,-19.0,-0.388,18.89,19.91,04a59856o0339o
59856.143996,21.731,2.298,7,17,o,0,1.55,346.01523,-67.83287,8914.24,2350.15,2.85,2.14,-20.3,-0.39,18.91,19.91,04a59856o0346o
59856.150317,22.271,4.25,4,19,o,0,1.11,346.01523,-67.83287,8847.45,2262.8,2.86,2.17,-21.1,-0.391,18.89,19.95,04a59856o0360o
59856.160311,20.095,0.523,33,17,o,0,1.05,346.01523,-67.83287,8817.72,2371.32,2.79,2.11,-19.9,-0.388,18.92,19.95,04a59856o0382o
59857.83679,-21.703,3.0,-8,23,o,0,0.9,346.01523,-67.83287,7888.3,6142.36,2.51,2.12,-58.0,-0.407,18.92,19.57,03a59858o0228o
59857.838613,21.029,0.991,14,14,o,0,1.85,346.01523,-67.83287,7869.38,6104.61,2.53,2.12,-55.0,-0.399,18.9,19.58,03a59858o0232o
59857.842235,23.548,14.0,1,19,o,0,0.98,346.01523,-67.83287,7926.45,6180.81,2.45,2.08,-52.1,-0.401,18.94,19.59,03a59858o0240o
59857.868123,-20.633,0.857,-20,17,o,0,1.06,346.01523,-67.83287,7940.37,6064.11,2.46,2.07,-56.7,-0.402,18.93,19.62,03a59858o0294o
59860.097775,19.574,0.52,54,28,o,0,1.14,346.01523,-67.83287,9324.94,8576.26,2.89,2.68,-46.4,-0.344,18.49,19.07,04a59860o0266o
59860.101067,-20.477,1.145,-23,27,o,0,1.62,346.01523,-67.83287,9341.09,8614.22,2.95,2.76,-42.1,-0.328,18.52,19.06,04a59860o0273o
59860.106313,-20.151,0.948,-32,30,o,0,0.96,346.01523,-67.83287,9283.68,8527.2,2.86,2.6,-39.2,-0.338,18.58,19.12,04a59860o0284o
59860.140393,20.308,0.903,27,25,o,0,1.49,346.01523,-67.83287,9247.44,8618.2,2.88,2.64,-28.2,-0.357,18.53,19.11,04a59860o0358o
59860.149013,-20.235,1.012,-29,30,o,0,1.18,346.01523,-67.83287,524.11,8620.71,3.08,2.35,88.8,-0.342,18.59,19.12,04a59860o0377o
59860.152191,20.958,1.9,15,28,o,0,0.67,346.01523,-67.83287,539.59,8655.23,3.0,2.27,-88.9,-0.339,18.57,19.12,04a59860o0384o
59860.176187,-20.884,1.722,-16,28,o,0,1.0,346.01523,-67.83287,470.03,8566.53,2.98,2.23,-87.4,-0.348,18.63,19.13,04a59860o0435o
59860.202487,-22.052,4.562,-6,25,o,0,1.39,346.01523,-67.83287,436.29,8671.79,2.97,2.35,-84.9,-0.338,18.59,19.08,04a59860o0492o
59861.911068,22.171,16.75,5,82,o,0,0.95,346.01523,-67.83287,2491.31,4354.35,2.85,2.67,-71.4,-0.394,17.34,17.2,03a59862o0391o
59861.914281,-22.612,25.5,-3,84,o,0,1.12,346.01523,-67.83287,2509.39,4392.25,3.02,2.79,-73.0,-0.379,17.27,17.18,03a59862o0398o
59861.919488,-20.712,4.377,-19,82,o,0,1.08,346.01523,-67.83287,2452.75,4317.49,3.22,2.98,-76.0,-0.373,17.18,17.16,03a59862o0409o
59861.930093,19.281,1.684,70,119,o,0,1.01,346.01523,-67.83287,2427.75,4430.23,3.71,3.49,87.9,-0.437,17.05,17.12,03a59862o0432o
59864.136328,23.282,59.4,2,105,o,0,1.0,346.01523,-67.83287,9296.63,8542.15,2.43,2.12,-13.5,-0.434,17.73,18.02,04a59864o0345o
59864.139514,18.378,0.414,162,67,o,0,0.82,346.01523,-67.83287,9312.34,8580.48,2.52,1.98,-3.1,-0.407,17.41,18.14,04a59864o0352o
59864.145403,17.724,1.066,296,315,o,0,1.03,346.01523,-67.83287,9253.76,8493.67,2.6,2.44,-32.1,-0.379,16.61,16.99,04a59864o0365o
59864.155835,-19.524,1.179,-56,66,o,0,0.91,346.01523,-67.83287,9228.26,8602.63,2.5,2.19,-11.1,-0.387,17.55,17.99,04a59864o0388o
59864.157185,20.122,1.584,32,51,o,0,1.29,346.01523,-67.83287,512.47,8607.54,2.89,2.08,-86.9,-0.344,18.06,18.4,04a59864o0391o
59864.160804,18.669,0.606,124,75,o,0,0.83,346.01523,-67.83287,527.57,8642.19,2.93,2.15,-87.7,-0.331,17.84,18.27,04a59864o0399o
59864.167128,20.793,1.154,18,20,o,0,1.12,346.01523,-67.83287,467.86,8566.07,2.84,2.05,-85.2,-0.356,18.76,19.4,04a59864o0413o
59864.211455,20.638,1.116,20,22,o,0,1.17,346.01523,-67.83287,422.98,8662.18,2.57,1.86,-84.1,-0.365,18.93,19.44,04a59864o0427o
59865.830729,21.583,1.286,8,11,o,0,1.21,346.01523,-67.83287,9875.82,4819.22,2.59,2.16,-60.0,-0.383,19.4,20.84,03a59866o0214o
59865.836248,23.694,9.625,1,12,o,0,0.82,346.01523,-67.83287,9894.28,4860.9,2.63,2.16,-63.7,-0.372,19.4,20.87,03a59866o0226o
59865.842383,-20.355,0.431,-26,11,o,0,1.03,346.01523,-67.83287,9837.53,4776.85,2.6,2.19,-62.1,-0.371,19.37,20.87,03a59866o0239o
59865.870599,21.57,1.61,8,14,o,0,1.07,346.01523,-67.83287,9816.85,4893.8,2.53,2.15,-63.2,-0.374,19.2,20.41,03a59866o0299o
59865.873781,-22.556,4.08,-3,14,o,0,1.08,346.01523,-67.83287,510.05,4550.27,2.42,2.09,-60.2,-0.398,19.24,20.34,03a59866o0306o
59865.87694,21.018,1.033,14,15,o,0,1.29,346.01523,-67.83287,527.59,4587.24,2.61,2.27,-63.5,-0.382,19.18,20.29,03a59866o0313o
59865.912341,-21.146,1.268,-13,16,o,0,1.31,346.01523,-67.83287,470.29,4523.8,2.56,2.26,-71.9,-0.387,19.07,19.98,03a59866o0389o
59865.919208,22.088,3.361,5,18,o,0,1.04,346.01523,-67.83287,445.13,4634.06,2.53,2.19,-67.6,-0.389,19.08,19.95,03a59866o0404o
59868.094652,22.368,3.1,4,13,c,0,0.93,346.01523,-67.83287,8430.36,10444.49,3.16,2.61,-83.6,-0.359,19.7,21.59,04a59868o0196c
59868.098273,21.42,1.625,10,16,c,0,0.94,346.01523,-67.83287,8445.75,10482.48,3.11,2.66,-81.2,-0.357,19.71,21.61,04a59868o0204c
59868.104611,22.181,2.042,5,10,c,0,1.24,346.01523,-67.83287,8389.52,10395.58,3.11,2.64,-79.2,-0.347,19.68,21.61,04a59868o0218c
59868.1146,19.93,0.462,39,18,c,0,1.23,346.01523,-67.83287,8366.64,10505.07,3.05,2.59,-78.3,-0.356,19.71,21.63,04a59868o0240c
59868.115051,23.319,4.909,2,8,c,0,1.18,346.01523,-67.83287,1327.34,280.34,3.43,1.86,41.8,-0.376,19.7,21.61,04a59868o0241c
59868.118205,-22.717,2.842,-3,8,c,0,1.39,346.01523,-67.83287,1346.03,316.35,3.44,1.86,44.3,-0.381,19.71,21.6,04a59868o0248c
59868.125053,22.574,2.95,3,10,c,0,1.08,346.01523,-67.83287,1275.27,237.91,3.72,1.89,44.7,-0.364,19.67,21.6,04a59868o0263c
59868.156891,20.783,0.573,18,10,c,0,0.94,346.01523,-67.83287,1233.4,337.21,3.81,1.91,45.3,-0.358,19.64,21.57,04a59868o0331c
59869.888856,-22.311,2.676,-4,12,o,0,1.12,346.01523,-67.83287,9878.43,4825.82,2.5,2.04,-57.6,-0.367,19.45,20.83,03a59870o0331o
59869.891629,20.86,0.68,16,11,o,0,0.95,346.01523,-67.83287,9896.33,4867.65,2.48,2.06,-60.7,-0.369,19.47,20.83,03a59870o0337o
59869.89713,-21.311,0.941,-11,10,o,0,1.35,346.01523,-67.83287,9840.11,4781.25,2.48,2.03,-55.7,-0.38,19.49,20.84,03a59870o0349o
59869.909314,23.435,8.0,2,12,o,0,0.81,346.01523,-67.83287,9815.8,4890.88,2.45,2.01,-55.8,-0.377,19.44,20.8,03a59870o0375o
59869.913432,-21.406,1.132,-10,11,o,0,1.06,346.01523,-67.83287,509.52,4556.02,2.38,2.12,-70.8,-0.398,19.5,20.85,03a59870o0384o
59869.916663,-20.664,0.627,-20,12,o,0,1.16,346.01523,-67.83287,528.04,4592.98,2.39,2.11,-71.6,-0.397,19.47,20.84,03a59870o0391o
59869.922649,-21.149,0.961,-13,12,o,0,1.26,346.01523,-67.83287,470.45,4520.16,2.59,2.3,-74.8,-0.389,19.41,20.79,03a59870o0404o
59869.942249,-20.859,0.631,-16,10,o,0,1.39,346.01523,-67.83287,446.98,4637.46,2.47,2.14,-75.0,-0.387,19.48,20.88,03a59870o0447o
59872.131545,21.369,1.137,10,12,c,0,1.05,346.01523,-67.83287,8406.57,10416.5,3.02,2.79,-85.1,-0.333,19.58,21.44,04a59872o0238c
59872.134708,-21.577,1.357,-8,12,c,0,1.45,346.01523,-67.83287,8422.46,10455.35,3.04,2.79,79.7,-0.327,19.6,21.47,04a59872o0245c
59872.140144,20.544,0.465,22,10,c,0,1.36,346.01523,-67.83287,8366.61,10368.95,2.93,2.74,-87.2,-0.336,19.62,21.43,04a59872o0257c
59872.145588,-23.866,10.333,-1,11,c,0,0.98,346.01523,-67.83287,1304.32,255.43,3.45,2.01,44.5,-0.366,19.57,21.46,04a59872o0269c
59872.149195,20.549,0.485,22,11,c,0,1.06,346.01523,-67.83287,1323.26,290.7,3.33,2.03,45.1,-0.365,19.56,21.43,04a59872o0277c
59872.151908,-20.296,0.595,-28,16,c,0,0.91,346.01523,-67.83287,8341.82,10479.8,3.15,2.8,81.5,-0.324,19.55,21.41,04a59872o0283c
59872.15461,21.429,0.965,10,9,c,0,1.39,346.01523,-67.83287,1252.93,214.03,3.32,2.06,43.0,-0.369,19.53,21.36,04a59872o0289c
59872.165481,22.674,3.437,3,11,c,0,1.02,346.01523,-67.83287,1220.94,328.97,3.56,2.26,47.1,-0.329,19.46,21.33,04a59872o0313c
59873.831883,20.21,0.452,30,14,o,0,0.97,346.01523,-67.83287,7547.28,6606.77,2.68,2.28,-53.5,-0.396,19.29,20.67,03a59874o0203o
59873.834705,20.379,0.571,26,15,o,0,0.91,346.01523,-67.83287,7565.12,6648.02,2.72,2.28,-53.0,-0.394,19.25,20.64,03a59874o0209o
59873.844303,22.103,2.212,5,12,o,0,1.62,346.01523,-67.83287,7509.59,6567.07,2.59,2.29,-54.8,-0.403,19.29,20.65,03a59874o0230o
59873.854373,-21.328,1.215,-11,13,o,0,1.41,346.01523,-67.83287,7489.1,6681.32,2.68,2.32,-51.2,-0.398,19.24,20.63,03a59874o0251o
59876.084938,22.216,2.333,5,11,c,0,0.9,346.01523,-67.83287,9270.08,385.37,3.5,2.29,-25.6,-0.358,19.57,21.58,04a59876o0216c
59876.087195,-21.506,1.089,-9,10,c,0,1.57,346.01523,-67.83287,6669.8,10439.4,3.28,2.57,-82.6,-0.336,19.62,21.65,04a59876o0221c
59876.088096,-21.149,0.647,-13,8,c,0,1.41,346.01523,-67.83287,9288.1,424.85,3.42,2.18,-25.0,-0.369,19.62,21.58,04a59876o0223c
59876.090367,-22.057,2.462,-6,13,c,0,1.13,346.01523,-67.83287,6685.14,10476.62,3.41,2.64,-77.4,-0.311,19.61,21.67,04a59876o0228c
59876.093537,23.958,9.8,1,9,c,0,1.25,346.01523,-67.83287,9220.15,337.97,3.39,2.23,-24.4,-0.377,19.61,21.61,04a59876o0235c
59876.095798,-23.286,5.333,-2,9,c,0,1.08,346.01523,-67.83287,6629.39,10393.0,3.29,2.5,-77.3,-0.336,19.64,21.64,04a59876o0240c
59876.104915,21.563,1.064,9,9,c,0,1.06,346.01523,-67.83287,9187.49,447.36,3.25,2.26,-21.4,-0.366,19.64,21.62,04a59876o0260c
59876.106722,-21.197,1.41,-12,17,c,0,1.37,346.01523,-67.83287,6605.17,10503.66,3.29,2.55,-79.5,-0.327,19.66,21.67,04a59876o0264c
59877.88162,-19.878,0.792,-41,32,o,0,1.18,346.01523,-67.83287,7549.03,6609.67,2.69,2.32,-48.5,-0.411,18.54,20.03,03a59878o0301o
59877.884351,20.676,0.895,20,17,o,0,0.97,346.01523,-67.83287,7566.9,6648.64,2.46,2.2,-54.1,-0.425,19.01,20.43,03a59878o0307o
59877.889879,20.351,1.149,26,30,o,0,0.92,346.01523,-67.83287,7513.08,6567.1,2.69,2.31,-53.2,-0.41,18.48,19.94,03a59878o0319o
59877.899434,-21.463,1.895,-9,18,o,0,1.09,346.01523,-67.83287,7490.18,6678.5,2.64,2.27,-51.2,-0.418,18.79,20.28,03a59878o0340o
59880.07203,-20.829,0.716,-17,12,c,0,0.79,346.01523,-67.83287,9271.94,387.61,3.69,2.47,-23.1,-0.347,19.41,21.43,04a59880o0179c
59880.075181,21.597,1.351,8,11,c,0,1.0,346.01523,-67.83287,9290.48,426.88,3.57,2.52,-22.3,-0.347,19.42,21.45,04a59880o0186c
59880.077911,21.352,1.135,10,12,c,0,1.26,346.01523,-67.83287,6670.19,10438.53,3.33,2.51,-74.5,-0.328,19.52,21.55,04a59880o0192c
59880.081089,-22.096,2.583,-5,14,c,0,1.11,346.01523,-67.83287,6685.74,10475.54,3.44,2.72,-74.9,-0.305,19.48,21.55,04a59880o0199c
59880.081539,20.636,0.598,20,12,c,0,0.91,346.01523,-67.83287,9221.87,338.14,3.42,2.42,-23.8,-0.354,19.48,21.47,04a59880o0200c
59880.08743,-22.449,2.588,-4,10,c,0,1.0,346.01523,-67.83287,6628.55,10392.45,3.38,2.77,-81.7,-0.311,19.53,21.57,04a59880o0213c
59880.091952,20.166,0.391,31,12,c,0,0.83,346.01523,-67.83287,9191.12,447.69,3.12,2.21,-21.1,-0.381,19.57,21.51,04a59880o0223c
59880.097369,-21.912,2.613,-6,16,c,0,0.99,346.01523,-67.83287,6604.26,10502.15,3.23,2.53,-74.3,-0.342,19.58,21.6,04a59880o0235c
59881.822751,-22.824,4.25,-3,12,o,0,1.1,346.01523,-67.83287,8749.44,2371.71,2.57,2.05,-65.3,-0.408,19.34,20.66,03a59882o0174o
59881.825923,-21.634,1.485,-8,12,o,0,0.92,346.01523,-67.83287,8768.4,2412.61,2.33,2.0,-61.2,-0.418,19.42,20.63,03a59882o0181o
59881.832308,-20.279,0.445,-28,12,o,0,1.12,346.01523,-67.83287,8708.78,2328.4,2.36,2.03,-63.2,-0.411,19.26,20.46,03a59882o0195o
59881.842325,21.891,1.926,6,12,o,0,1.1,346.01523,-67.83287,8683.23,2441.11,2.2,2.05,-49.7,-0.43,19.46,20.7,03a59882o0217o
59884.086141,-22.265,3.581,-4,16,o,0,1.28,346.01523,-67.83287,2499.68,6409.14,2.61,2.19,89.2,-0.363,18.94,19.99,04a59884o0210o
59884.096121,-22.482,4.111,-4,15,o,0,1.33,346.01523,-67.83287,2509.17,6441.32,2.56,2.09,-88.1,-0.371,18.97,19.99,04a59884o0232o
59884.102429,21.262,1.205,11,14,o,0,1.98,346.01523,-67.83287,2448.77,6363.37,2.51,2.11,-89.7,-0.37,18.95,19.97,04a59884o0246o
59884.105586,22.426,4.5,4,18,o,0,1.22,346.01523,-67.83287,2428.01,6478.1,2.55,2.14,89.7,-0.366,18.95,19.95,04a59884o0253o
59888.109926,19.767,0.669,45,30,o,0,1.43,346.01523,-67.83287,2477.85,6386.9,2.65,2.22,83.6,-0.354,17.91,19.12,04a59888o0254o
59888.125634,-21.417,2.551,-10,25,o,0,1.12,346.01523,-67.83287,2429.53,6343.39,2.45,2.08,87.0,-0.37,18.59,19.49,04a59888o0288o
59888.129704,24.169,48.25,1,38,o,0,1.45,346.01523,-67.83287,2407.01,6459.71,2.45,2.09,84.7,-0.363,17.8,18.8,04a59888o0297o
59889.807498,-19.412,1.215,-62,76,o,0,1.19,346.01523,-67.83287,9016.04,8609.64,2.62,2.16,-54.7,-0.38,17.48,17.46,03a59890o0141o
59889.810665,14.097,0.684,8341,5703,o,0,1.06,346.01523,-67.83287,9033.36,8650.24,2.5,2.14,-56.1,-0.546,13.41,12.73,03a59890o0148o
59889.817024,-16.863,0.797,-653,520,o,0,1.43,346.01523,-67.83287,8980.44,8565.78,2.97,2.26,-54.9,-0.48,15.08,14.65,03a59890o0162o
59889.846018,19.334,0.364,67,24,o,0,1.01,346.01523,-67.83287,188.96,8535.04,2.66,2.33,-61.7,-0.38,18.79,19.29,03a59890o0226o
59892.074653,-17.693,0.837,-304,254,o,0,1.15,346.01523,-67.83287,3313.48,2001.87,2.32,2.09,46.5,-0.411,16.1,16.04,04a59892o0174o
59892.077851,15.898,1.247,1588,1979,o,0,1.37,346.01523,-67.83287,3333.5,2037.62,2.34,2.27,39.0,-0.453,14.32,14.64,04a59892o0181o
59892.082845,-16.156,1.042,-1252,1304,o,0,0.85,346.01523,-67.83287,3265.37,1959.8,2.44,2.16,40.6,-0.4,14.69,14.3,04a59892o0192o
59892.093712,18.193,0.789,192,151,o,0,1.23,346.01523,-67.83287,3235.34,2071.62,2.22,1.96,48.1,-0.423,16.01,16.0,04a59892o0216o
59893.823908,-24.991,43.5,0,16,o,0,1.21,346.01523,-67.83287,9013.78,8609.13,2.99,2.39,-52.2,-0.392,19.11,20.26,03a59894o0171o
59893.82952,-21.918,2.706,-6,17,o,0,1.1,346.01523,-67.83287,9031.32,8650.11,2.92,2.39,-52.1,-0.405,19.09,20.15,03a59894o0182o
59893.840912,-20.028,0.515,-35,18,o,0,1.25,346.01523,-67.83287,8978.2,8566.65,2.89,2.34,-49.9,-0.394,18.98,19.91,03a59894o0206o
59893.844081,22.562,5.882,3,20,o,0,1.01,346.01523,-67.83287,8957.56,8680.72,3.15,2.55,-50.1,-0.38,18.85,19.84,03a59894o0213o
59893.855609,-20.951,1.41,-15,21,o,0,0.86,346.01523,-67.83287,246.33,8455.97,2.92,2.63,-59.0,-0.375,18.95,19.93,03a59894o0237o
59893.858328,22.972,9.636,2,23,o,0,1.07,346.01523,-67.83287,263.02,8491.71,3.06,2.76,-55.3,-0.37,18.89,19.9,03a59894o0243o
59893.863297,21.445,2.489,10,24,o,0,0.93,346.01523,-67.83287,210.92,8416.91,3.03,2.69,-58.6,-0.366,18.88,19.8,03a59894o0254o
59893.873281,21.057,1.774,14,24,o,0,0.92,346.01523,-67.83287,188.19,8534.41,3.09,2.8,-59.8,-0.378,18.8,19.7,03a59894o0276o
59897.801698,21.681,1.122,8,9,c,0,1.0,346.01523,-67.83287,8092.62,10463.62,2.66,2.34,-63.4,-0.393,19.74,21.61,03a59898o0109c
59897.80442,22.174,1.857,5,9,c,0,1.36,346.01523,-67.83287,8109.89,10504.26,2.79,2.48,-60.9,-0.386,19.7,21.61,03a59898o0115c
59897.809422,21.281,0.809,11,9,c,0,1.21,346.01523,-67.83287,8058.57,10420.78,2.67,2.34,-59.6,-0.391,19.7,21.6,03a59898o0126c
59897.814871,-22.105,1.657,-5,9,c,0,1.33,346.01523,-67.83287,1235.69,147.35,2.4,2.26,-76.2,-0.403,19.69,21.62,03a59898o0138c
59897.817589,21.119,0.594,13,8,c,0,1.6,346.01523,-67.83287,1256.65,185.59,2.36,2.21,-76.3,-0.407,19.68,21.58,03a59898o0144c
59897.823027,21.269,0.679,11,8,c,0,1.53,346.01523,-67.83287,1191.62,109.95,2.41,2.3,-68.9,-0.404,19.7,21.64,03a59898o0156c
59897.835818,22.089,1.462,5,8,c,0,1.35,346.01523,-67.83287,1165.8,228.73,2.39,2.26,-75.3,-0.406,19.77,21.68,03a59898o0182c
59900.062091,20.214,0.428,30,13,o,0,1.08,346.01523,-67.83287,5642.97,8535.89,2.83,2.29,-76.3,-0.375,19.34,20.85,04a59900o0135o
59900.064796,21.816,1.878,7,13,o,0,1.0,346.01523,-67.83287,5658.73,8573.76,2.72,2.32,-73.6,-0.401,19.29,20.82,04a59900o0141o
59900.070206,22.447,3.2,4,12,o,0,1.22,346.01523,-67.83287,5602.07,8492.6,2.62,2.2,-73.2,-0.413,19.35,20.77,04a59900o0153o
59900.079964,20.047,0.389,35,14,o,0,1.02,346.01523,-67.83287,5577.11,8604.34,2.54,2.19,-77.8,-0.402,19.37,20.72,04a59900o0173o
59901.804104,20.203,13.5,30,407,c,0,1.08,346.01523,-67.83287,8093.63,10466.22,3.21,2.67,-51.9,-0.383,17.33,19.29,03a59902o0114c
59901.80775,-20.584,1.371,-21,29,c,0,1.3,346.01523,-67.83287,8109.87,10505.38,3.21,2.65,-46.5,-0.394,18.38,20.36,03a59902o0122c
59901.814093,-19.297,1.316,-69,91,c,0,1.11,346.01523,-67.83287,8059.42,10420.47,3.13,2.58,-48.2,-0.383,17.02,19.0,03a59902o0136c
59901.816347,19.318,0.862,68,59,c,0,1.39,346.01523,-67.83287,1236.23,148.02,2.52,2.4,-83.6,-0.412,17.18,19.14,03a59902o0141c
59901.820584,-20.378,1.245,-26,32,c,0,0.99,346.01523,-67.83287,1258.01,186.93,2.49,2.36,-78.9,-0.409,18.21,20.18,03a59902o0150c
59901.826055,19.822,1.047,43,45,c,0,0.91,346.01523,-67.83287,1192.41,110.9,2.55,2.4,-84.8,-0.407,17.97,19.97,03a59902o0162c
59901.840083,21.131,12.6,13,161,c,0,1.13,346.01523,-67.83287,1165.48,227.32,2.44,2.36,-42.0,-0.405,16.54,18.52,03a59902o0193c
59904.08019,21.824,2.024,7,14,o,0,1.07,346.01523,-67.83287,5624.33,8526.27,2.69,2.26,-81.5,-0.391,19.23,20.69,04a59904o0168o
59904.083863,-20.607,0.667,-21,14,o,0,1.11,346.01523,-67.83287,5640.46,8562.73,2.73,2.37,-80.2,-0.377,19.24,20.69,04a59904o0176o
59904.089292,-22.918,5.375,-2,13,o,0,1.03,346.01523,-67.83287,5584.3,8481.61,2.57,2.2,-75.6,-0.398,19.3,20.72,04a59904o0188o
59904.102302,20.504,0.54,23,12,o,0,1.06,346.01523,-67.83287,5558.52,8593.49,2.59,2.17,-81.6,-0.392,19.32,20.65,04a59904o0216o
59905.786391,20.627,0.468,20,10,c,0,0.71,346.01523,-67.83287,9167.24,466.97,2.37,2.08,-53.7,-0.443,19.73,21.56,03a59906o0068c
59905.786842,21.392,0.923,10,9,c,0,1.12,346.01523,-67.83287,6340.06,10423.55,2.69,2.37,-46.4,-0.375,19.76,21.63,03a59906o0069c
59905.78956,22.098,1.811,5,10,c,0,0.84,346.01523,-67.83287,9186.82,507.15,2.54,2.18,-55.8,-0.432,19.69,21.6,03a59906o0075c
59905.790011,20.317,0.359,27,10,c,0,0.98,346.01523,-67.83287,6356.19,10463.14,2.78,2.4,-45.1,-0.372,19.73,21.66,03a59906o0076c
59905.79591,20.437,0.343,24,8,c,0,1.21,346.01523,-67.83287,9124.41,420.97,2.54,2.16,-54.7,-0.434,19.71,21.62,03a59906o0089c
59905.79636,20.247,0.278,29,8,c,0,1.77,346.01523,-67.83287,6305.73,10381.28,2.79,2.42,-45.1,-0.378,19.75,21.68,03a59906o0090c
59905.807417,20.422,0.346,25,8,c,0,1.19,346.01523,-67.83287,9096.2,532.85,2.42,2.18,-52.2,-0.436,19.72,21.63,03a59906o0113c
59905.811031,20.701,0.508,19,10,c,0,1.18,346.01523,-67.83287,6286.07,10494.74,2.7,2.42,-60.1,-0.377,19.74,21.68,03a59906o0121c
59908.051326,-21.146,1.011,-13,13,o,0,1.13,346.01523,-67.83287,6762.57,2265.21,2.34,2.1,-20.0,-0.415,19.23,20.59,04a59908o0099o
59908.05449,-22.67,4.05,-3,13,o,0,1.13,346.01523,-67.83287,6780.34,2303.46,2.44,2.21,-20.6,-0.407,19.22,20.61,04a59908o0106o
59908.059914,-21.549,1.241,-9,11,o,0,1.74,346.01523,-67.83287,6716.11,2221.17,2.35,2.19,-20.1,-0.417,19.23,20.65,04a59908o0118o
59908.07034,-21.212,1.156,-12,14,o,0,0.81,346.01523,-67.83287,6685.35,2333.53,2.15,1.93,-17.9,-0.433,19.25,20.6,04a59908o0140o
59909.785634,21.446,1.186,10,11,c,0,0.56,346.01523,-67.83287,9166.29,465.56,2.74,2.36,-59.3,-0.425,19.53,21.37,03a59910o0061c
59909.788816,22.436,2.318,4,9,c,0,1.42,346.01523,-67.83287,9186.72,505.72,2.86,2.45,-59.0,-0.411,19.54,21.47,03a59910o0068c
59909.789266,-20.318,0.328,-27,9,c,0,1.74,346.01523,-67.83287,6339.83,10422.35,3.23,2.87,-43.8,-0.353,19.52,21.53,03a59910o0069c
59909.792428,-22.979,4.167,-2,10,c,0,0.94,346.01523,-67.83287,6356.29,10461.66,3.07,2.64,-40.6,-0.371,19.59,21.57,03a59910o0076c
59909.795145,-21.153,0.733,-13,9,c,0,1.29,346.01523,-67.83287,9122.15,419.38,2.76,2.36,-61.1,-0.434,19.57,21.53,03a59910o0082c
59909.804892,23.562,7.333,1,10,c,0,1.22,346.01523,-67.83287,6306.99,10380.72,3.35,2.87,-38.9,-0.363,19.55,21.64,03a59910o0102c
59909.805792,23.35,5.1,2,8,c,0,1.46,346.01523,-67.83287,9093.85,533.75,2.77,2.34,-59.7,-0.43,19.57,21.59,03a59910o0104c
59909.811222,-21.683,1.243,-8,10,c,0,1.25,346.01523,-67.83287,6285.87,10494.3,3.21,2.76,-45.4,-0.36,19.61,21.69,03a59910o0116c
59912.036202,-20.59,0.981,-21,21,o,0,0.77,346.01523,-67.83287,6766.65,2267.32,2.86,2.58,-9.4,-0.397,18.74,19.95,04a59912o0060o
59912.039814,21.516,2.217,9,20,o,0,1.02,346.01523,-67.83287,6785.2,2304.8,2.8,2.6,6.9,-0.4,18.8,20.04,04a59912o0068o
59912.051418,22.788,6.706,3,19,o,0,0.78,346.01523,-67.83287,6714.28,2221.66,2.61,2.31,-8.4,-0.408,18.93,20.16,04a59912o0093o
59912.057765,20.846,1.129,17,19,o,0,0.91,346.01523,-67.83287,6688.21,2335.4,2.89,2.54,-15.4,-0.391,18.89,20.17,04a59912o0107o
59913.792868,20.845,1.13,17,19,o,0,0.93,346.01523,-67.83287,2267.99,6313.18,2.62,2.31,-63.7,-0.381,18.97,19.94,03a59914o0071o
59913.796064,20.394,0.69,25,17,o,0,1.01,346.01523,-67.83287,2285.34,6350.05,2.67,2.38,-58.4,-0.383,18.97,19.95,03a59914o0078o
59913.802381,-21.123,1.301,-13,17,o,0,0.95,346.01523,-67.83287,2229.65,6274.73,2.61,2.31,-61.8,-0.383,19.01,19.93,03a59914o0092o
59913.81405,20.469,0.864,24,20,o,0,0.77,346.01523,-67.83287,2206.46,6389.36,2.78,2.46,-60.3,-0.382,18.93,19.92,03a59914o0117o
59916.039751,-19.936,0.505,-38,20,o,0,1.57,346.01523,-67.83287,6085.99,4664.38,2.29,2.18,-45.4,-0.401,18.54,19.28,04a59916o0062o
59916.042456,22.318,5.516,4,24,o,0,1.04,346.01523,-67.83287,6103.56,4701.36,2.28,2.16,-39.7,-0.412,18.65,19.38,04a59916o0068o
59916.0513,20.568,0.94,22,20,o,0,1.05,346.01523,-67.83287,6039.65,4620.62,2.2,2.08,-38.0,-0.406,18.7,19.47,04a59916o0087o
59916.064041,-19.927,0.486,-39,19,o,0,1.45,346.01523,-67.83287,6013.1,4731.43,2.15,2.02,-25.0,-0.407,18.73,19.46,04a59916o0115o
59917.833226,-21.1,1.894,-13,25,o,0,0.96,346.01523,-67.83287,2267.91,6305.11,2.99,2.57,-60.9,-0.377,18.66,19.54,03a59918o0154o
59917.836002,19.767,0.746,45,34,o,0,0.92,346.01523,-67.83287,2286.52,6346.44,2.98,2.55,-58.7,-0.381,18.12,19.09,03a59918o0160o
59917.84259,25.1,161.0,0,53,o,0,0.88,346.01523,-67.83287,2230.35,6266.19,3.04,2.55,-58.6,-0.379,18.47,19.33,03a59918o0174o
59917.854098,19.795,0.555,44,24,o,0,1.11,346.01523,-67.83287,2207.38,6380.86,3.23,2.84,-56.2,-0.375,18.57,19.49,03a59918o0199o
59920.057183,-22.963,9.647,-2,23,o,0,1.33,346.01523,-67.83287,6068.51,4651.18,2.34,2.2,-58.1,-0.404,18.48,19.16,04a59920o0086o
59920.060378,-22.791,8.409,-3,23,o,0,0.78,346.01523,-67.83287,6084.89,4688.88,2.22,2.1,-54.7,-0.4,18.52,19.15,04a59920o0093o
59920.066267,-23.627,19.3,-1,25,o,0,1.27,346.01523,-67.83287,6023.91,4609.75,2.26,2.08,-57.6,-0.399,18.5,19.12,04a59920o0106o
59920.083197,-20.805,1.254,-17,22,o,0,1.22,346.01523,-67.83287,5990.82,4723.44,2.14,2.08,-17.8,-0.399,18.45,19.29,04a59920o0143o
59921.785125,-20.058,2.349,-34,81,o,0,1.57,346.01523,-67.83287,3186.38,1947.06,2.55,2.27,-65.1,-0.37,17.52,17.96,03a59922o0044o
59921.791396,-19.631,0.53,-51,27,o,0,0.91,346.01523,-67.83287,3204.57,1984.17,2.43,2.2,-61.7,-0.4,18.6,19.19,03a59922o0057o
59921.794567,-20.104,1.255,-33,41,o,0,1.04,346.01523,-67.83287,3142.8,1906.9,2.37,2.13,-61.7,-0.381,18.2,18.78,03a59922o0064o
59921.804562,18.693,10.68,121,1293,o,0,1.12,346.01523,-67.83287,3116.74,2021.81,2.69,2.52,-63.1,-0.382,15.7,16.14,03a59922o0086o
59924.035069,20.579,1.663,21,35,o,0,0.99,346.01523,-67.83287,4111.52,8139.55,3.26,2.74,-62.0,-0.384,18.19,19.09,04a59924o0042o
59924.038236,23.33,15.1,2,26,o,0,0.97,346.01523,-67.83287,4127.17,8176.22,2.71,2.28,-76.6,-0.403,18.67,19.6,04a59924o0049o
59924.043978,21.636,2.7,8,22,o,0,0.82,346.01523,-67.83287,4068.73,8097.97,2.87,2.57,-81.8,-0.397,18.85,20.14,04a59924o0061o
59924.059375,-21.787,2.667,-7,19,o,0,0.97,346.01523,-67.83287,4039.8,8213.51,3.03,2.89,79.7,-0.36,19.03,20.6,04a59924o0094o
59928.032108,19.431,0.437,61,27,c,0,1.07,346.01523,-67.83287,4114.84,8132.8,2.88,2.31,-76.0,-0.37,18.43,19.26,04a59928o0031c
59928.035331,19.975,0.585,37,22,c,0,1.08,346.01523,-67.83287,4131.21,8169.77,3.2,2.58,-78.0,-0.38,18.71,19.91,04a59928o0038c
59928.056955,21.217,0.794,12,9,c,0,1.26,346.01523,-67.83287,4063.55,8090.5,2.82,2.35,-80.8,-0.374,19.47,21.5,04a59928o0085c
59928.063789,-20.948,0.692,-15,10,c,0,1.03,346.01523,-67.83287,4038.59,8206.7,2.98,2.49,-73.8,-0.365,19.4,21.5,04a59928o0100c
59936.034345,-21.346,3.173,-10,33,c,0,1.37,346.01523,-67.83287,4319.79,6189.45,2.96,2.61,-66.3,-0.377,18.07,18.96,04a59936o0029c
59936.037518,20.498,0.86,23,20,c,0,1.57,346.01523,-67.83287,4337.09,6226.3,2.87,2.53,-62.4,-0.371,18.5,19.63,04a59936o0036c
59936.043859,21.015,1.108,14,16,c,0,0.86,346.01523,-67.83287,4275.28,6149.34,2.67,2.44,-61.0,-0.38,19.08,20.67,04a59936o0050c
59936.053853,25.027,26.5,0,9,c,0,1.36,346.01523,-67.83287,4247.94,6266.04,2.69,2.48,-77.4,-0.38,19.32,21.35,04a59936o0072c
60035.383323,-20.719,0.887,-19,17,o,0,1.15,346.01523,-67.83287,726.12,5928.95,2.22,1.99,67.7,-0.378,19.04,20.04,04a60035o0873o
60035.400236,20.203,0.576,30,17,o,0,1.0,346.01523,-67.83287,702.82,5891.85,2.3,2.04,62.9,-0.376,19.01,20.01,04a60035o0908o
60035.403553,-21.573,2.435,-8,21,o,0,1.07,346.01523,-67.83287,762.09,5974.95,2.3,2.03,66.9,-0.377,18.92,19.83,04a60035o0915o
60040.14095,19.791,0.652,44,29,o,0,1.07,346.01523,-67.83287,3854.64,8307.82,2.58,2.21,-41.2,-0.363,18.48,18.8,03a60040o0754o
60047.396697,21.01,1.619,14,23,o,0,0.77,346.01523,-67.83287,6384.28,4374.09,1.99,1.85,-27.9,-0.475,18.86,19.6,04a60047o0883o
60047.403563,-22.423,4.771,-4,19,o,0,0.89,346.01523,-67.83287,6365.12,4342.38,1.97,1.82,-35.0,-0.424,18.87,19.68,04a60047o0897o
60047.415872,-21.541,2.421,-9,21,o,0,1.04,346.01523,-67.83287,6422.81,4421.54,1.95,1.85,-30.8,-0.462,18.83,19.49,04a60047o0922o
60047.419313,20.988,1.756,15,26,o,0,0.89,346.01523,-67.83287,6440.89,4307.05,1.99,1.92,-28.9,-0.431,18.65,19.29,04a60047o0929o
60064.111601,21.837,2.694,7,18,o,0,0.95,346.01523,-67.83287,3556.08,10240.84,2.99,2.42,-31.6,-0.368,19.11,20.14,03a60064o0865o
60064.132807,-20.41,0.707,-25,18,o,0,1.06,346.01523,-67.83287,3528.66,10197.47,3.08,2.58,-31.0,-0.363,19.02,20.13,03a60064o0907o
60064.143454,-19.968,0.554,-37,21,o,0,0.88,346.01523,-67.83287,3590.91,10273.91,2.95,2.43,-24.9,-0.382,19.06,20.08,03a60064o0928o
60064.146202,-20.408,0.653,-25,16,o,0,1.21,346.01523,-67.83287,5839.58,131.68,2.43,2.24,-19.5,-0.413,19.08,20.02,03a60064o0933o
60064.14768,-24.7,34.0,0,16,o,0,1.1,346.01523,-67.83287,3617.1,10154.07,2.71,2.28,-29.1,-0.374,19.09,20.03,03a60064o0936o
60064.159158,20.451,0.759,24,18,o,0,0.96,346.01523,-67.83287,5829.89,85.73,2.61,2.4,-1.8,-0.4,18.95,20.0,03a60064o0960o
60064.164492,-22.219,3.613,-5,17,o,0,1.27,346.01523,-67.83287,5880.46,168.31,2.52,2.36,-15.9,-0.378,18.9,19.82,03a60064o0971o
60064.16934,21.148,1.714,13,22,o,0,1.14,346.01523,-67.83287,5903.01,46.07,2.63,2.47,-13.0,-0.376,18.68,19.37,03a60064o0981o
60067.144239,-21.46,1.468,-10,14,o,0,0.86,346.01523,-67.83287,4805.26,3987.14,2.21,2.05,-52.3,-0.434,19.2,20.14,03a60067o0945o
60067.159271,-20.416,0.534,-25,13,o,0,1.27,346.01523,-67.83287,4790.24,3952.85,2.12,1.93,-48.9,-0.437,19.31,20.16,03a60067o0976o
60067.171924,-22.247,4.081,-5,19,o,0,0.95,346.01523,-67.83287,4847.57,4027.18,2.24,2.07,-49.4,-0.435,18.95,19.62,03a60067o1001o
60067.176115,22.189,5.098,5,25,o,0,1.21,346.01523,-67.83287,4870.0,3912.54,2.13,2.04,-50.3,-0.45,18.64,18.87,03a60067o1009o
60070.085006,20.529,1.398,22,31,o,0,0.99,346.01523,-67.83287,7998.32,6189.21,2.37,2.07,-45.9,-0.421,18.28,18.41,03a60070o0833o
60070.088255,19.614,0.495,52,26,o,0,1.49,346.01523,-67.83287,7978.9,6151.12,2.3,1.99,-46.0,-0.423,18.36,18.52,03a60070o0840o
60070.095712,-18.031,0.492,-222,110,o,0,1.81,346.01523,-67.83287,8038.53,6223.76,2.46,2.09,-46.2,-0.405,16.53,16.36,03a60070o0855o
60070.102405,-21.731,4.088,-7,30,o,0,1.12,346.01523,-67.83287,8060.13,6106.7,2.34,2.04,-44.4,-0.423,18.33,18.54,03a60070o0869o
60071.371395,-23.987,29.167,-1,27,o,0,1.06,346.01523,-67.83287,8136.04,6148.92,2.43,2.08,-24.6,-0.407,18.37,18.92,04a60071o0803o
60071.383656,-20.83,1.717,-17,29,o,0,1.22,346.01523,-67.83287,8118.2,6118.44,2.3,2.1,-29.6,-0.421,18.42,18.93,04a60071o0829o
60071.399055,-20.477,1.211,-23,28,o,0,1.17,346.01523,-67.83287,8181.48,6199.8,2.46,2.15,-19.1,-0.413,18.46,19.02,04a60071o0859o
60071.402332,20.34,0.934,26,25,o,0,0.95,346.01523,-67.83287,8203.26,6079.46,2.27,2.01,-18.1,-0.416,18.53,18.99,04a60071o0866o
60073.080801,20.084,0.782,34,26,o,0,1.45,346.01523,-67.83287,601.4,5810.94,2.43,2.17,-59.8,-0.417,18.63,19.05,03a60073o0798o
60073.084059,20.519,1.207,22,27,o,0,1.1,346.01523,-67.83287,582.79,5767.72,2.66,2.41,-67.4,-0.38,18.59,19.13,03a60073o0805o
60073.084982,-21.277,1.932,-11,22,o,0,1.66,346.01523,-67.83287,9974.28,5967.07,2.33,2.07,-43.4,-0.383,18.68,19.09,03a60073o0807o
60073.08781,21.155,2.021,12,25,o,0,0.88,346.01523,-67.83287,9955.85,5929.69,2.4,2.11,-46.7,-0.373,18.66,19.09,03a60073o0813o
60073.088785,20.341,1.016,26,27,o,0,0.99,346.01523,-67.83287,643.15,5845.88,2.42,2.19,-60.2,-0.406,18.68,19.14,03a60073o0815o
60073.11048,20.099,0.788,33,26,o,0,1.12,346.01523,-67.83287,664.83,5726.27,2.31,2.06,-59.8,-0.42,18.72,19.05,03a60073o0856o
60073.110955,-21.537,2.216,-9,20,o,0,1.93,346.01523,-67.83287,10013.84,6005.6,2.29,2.0,-49.3,-0.38,18.68,19.06,03a60073o0857o
60073.117951,-20.38,0.834,-26,21,o,0,1.29,346.01523,-67.83287,10033.66,5889.68,2.31,1.97,-55.7,-0.369,18.67,18.99,03a60073o0872o
60077.37056,-25.988,130.0,0,19,o,0,1.22,346.01523,-67.83287,1938.54,8390.47,2.38,1.79,-81.2,-0.631,19.0,19.95,04a60077o0882o
60077.374801,21.835,2.444,7,16,o,0,0.86,346.01523,-67.83287,1918.23,8353.76,2.34,1.79,-88.1,-0.383,18.95,19.99,04a60077o0891o
60077.377614,21.743,2.228,7,16,o,0,1.02,346.01523,-67.83287,1981.41,8436.32,2.36,1.8,-83.3,-0.39,18.96,20.01,04a60077o0897o
60077.396112,22.232,4.375,5,20,o,0,1.65,346.01523,-67.83287,2013.39,8323.42,2.1,1.73,88.6,-0.403,18.49,19.69,04a60077o0936o
60083.341217,19.733,0.919,46,43,o,0,1.39,346.01523,-67.83287,4058.0,227.83,2.23,1.95,42.4,-0.4,16.65,17.75,04a60083o0721o
60083.344511,-21.669,4.652,-8,36,o,0,1.26,346.01523,-67.83287,4041.46,189.09,2.12,1.91,46.9,-0.393,18.34,19.46,04a60083o0728o
60083.35837,20.782,3.371,18,60,o,0,0.9,346.01523,-67.83287,4101.69,277.33,2.23,1.96,41.4,-0.408,17.68,18.75,04a60083o0757o
60083.361177,21.123,1.814,13,23,o,0,1.02,346.01523,-67.83287,4120.27,160.48,1.91,1.88,-63.4,-0.436,18.4,19.36,04a60083o0763o
60083.363538,-20.047,0.812,-35,28,o,0,0.68,346.01523,-67.83287,1591.08,10328.94,2.78,1.91,-73.9,-0.395,18.74,19.79,04a60083o0768o
60083.390391,21.772,8.909,7,63,o,0,1.28,346.01523,-67.83287,1583.54,10300.06,2.55,1.88,-73.9,-0.44,18.15,19.15,04a60083o0824o
60083.393692,19.515,1.2,57,68,o,0,1.25,346.01523,-67.83287,1651.18,10384.22,2.55,1.86,-75.1,-0.44,17.67,18.69,04a60083o0831o
60083.405098,18.876,0.533,102,54,o,0,1.02,346.01523,-67.83287,1679.59,10274.86,2.84,1.85,-76.2,-0.403,17.96,18.95,04a60083o0855o
60088.057512,-23.772,9.0,-1,10,c,0,1.42,346.01523,-67.83287,5038.36,2071.21,2.45,2.33,-40.4,-0.396,19.31,21.18,03a60088o0775c
60088.078685,21.495,2.042,9,19,c,0,1.96,346.01523,-67.83287,5025.48,2029.83,2.45,2.31,-48.8,-0.4,18.48,20.25,03a60088o0819c
60088.08157,-19.303,0.681,-69,47,c,0,1.5,346.01523,-67.83287,5078.27,2110.1,2.41,2.26,-50.5,-0.397,17.75,19.46,03a60088o0825c
60088.092912,21.267,0.945,11,11,c,0,1.73,346.01523,-67.83287,5101.45,1992.33,2.43,2.32,-41.3,-0.395,19.17,20.95,03a60088o0849c
60091.032498,22.609,3.278,3,11,c,0,1.12,346.01523,-67.83287,3837.8,8312.85,2.87,2.56,-33.8,-0.355,19.45,21.25,03a60091o0632c
60091.035922,0.0,21.555,0,9,c,0,1.43,346.01523,-67.83287,3816.47,8272.79,2.7,2.38,-29.2,-0.364,19.52,21.25,03a60091o0639c
60091.060664,20.979,0.75,15,11,c,0,0.78,346.01523,-67.83287,3873.98,8346.92,2.75,2.46,-35.5,-0.368,19.52,21.23,03a60091o0689c
60091.069798,21.903,1.667,6,10,c,0,1.25,346.01523,-67.83287,3896.7,8229.86,2.68,2.44,-32.3,-0.37,19.49,21.23,03a60091o0708c
60106.10519,24.216,19.4,1,14,o,0,1.12,346.01523,-67.83287,8378.03,2323.78,2.41,2.32,-37.6,-0.434,19.18,20.33,03a60106o0899o
60106.108575,-21.177,0.938,-12,12,o,0,1.68,346.01523,-67.83287,8361.65,2285.98,2.44,2.34,-42.9,-0.43,19.17,20.33,03a60106o0906o
60106.132178,-24.173,17.6,-1,14,o,0,1.1,346.01523,-67.83287,8422.69,2360.49,2.5,2.37,-43.3,-0.416,19.2,20.4,03a60106o0954o
60106.138366,21.607,1.893,8,16,o,0,1.04,346.01523,-67.83287,8446.41,2243.03,2.43,2.31,-44.5,-0.424,19.19,20.38,03a60106o0967o
60107.34089,-23.302,8.667,-2,15,o,0,0.8,346.01523,-67.83287,8436.65,2286.59,2.31,1.96,-24.1,-0.411,19.28,20.52,04a60107o0696o
60107.344262,20.801,0.8,17,14,o,0,1.2,346.01523,-67.83287,8420.08,2251.06,2.41,2.01,-22.9,-0.397,19.25,20.54,04a60107o0703o
60107.36013,22.308,3.542,4,15,o,0,0.99,346.01523,-67.83287,8485.32,2334.65,2.67,2.22,-21.0,-0.371,19.16,20.55,04a60107o0735o
60107.366147,20.902,0.83,16,13,o,0,1.16,346.01523,-67.83287,8507.7,2220.09,2.61,2.11,-21.7,-0.379,19.24,20.59,04a60107o0748o
60117.996636,19.523,0.323,56,18,o,0,9.9,346.01523,-67.83287,566.96,31.62,2.58,2.38,-59.4,-0.447,19.35,20.74,03a60118o0458o
60118.022869,21.677,1.918,8,15,o,0,1.04,346.01523,-67.83287,611.95,72.48,2.5,2.3,-58.4,-0.443,19.39,20.73,03a60118o0513o
60118.085622,-22.044,2.526,-6,14,o,0,1.14,346.01523,-67.83287,8847.17,338.95,2.36,2.24,-30.3,-0.447,19.36,20.63,03a60118o0641o
60118.088905,-22.388,3.36,-4,14,o,0,0.83,346.01523,-67.83287,8832.4,301.2,2.48,2.37,-23.1,-0.438,19.32,20.6,03a60118o0648o
60118.093653,22.049,2.424,6,13,o,0,1.23,346.01523,-67.83287,8885.3,376.54,2.53,2.41,-21.1,-0.44,19.28,20.57,03a60118o0658o
60118.106586,17.59,0.048,334,16,o,0,50.6,346.01523,-67.83287,7141.54,10496.13,2.82,2.42,-40.3,-0.391,19.27,20.56,03a60118o0685o
60118.107036,-22.074,2.485,-5,13,o,0,1.12,346.01523,-67.83287,8912.82,257.34,2.48,2.33,-27.2,-0.446,19.31,20.61,03a60118o0686o
60125.275624,-20.998,1.225,-14,18,o,0,0.98,346.01523,-67.83287,3003.04,4104.75,1.9,1.76,69.0,-0.41,18.89,19.65,04a60125o0707o
60125.295441,-21.306,1.615,-11,18,o,0,1.05,346.01523,-67.83287,3000.18,4075.41,1.88,1.78,54.4,-0.41,18.89,19.63,04a60125o0748o
60125.298227,-20.637,0.894,-20,18,o,0,1.19,346.01523,-67.83287,3059.42,4156.6,1.9,1.8,58.5,-0.406,18.88,19.66,04a60125o0754o
60125.304387,20.492,0.868,23,20,o,0,1.03,346.01523,-67.83287,3080.32,4044.24,1.86,1.72,64.4,-0.424,18.94,19.65,04a60125o0767o
60127.002187,-20.228,0.721,-29,21,o,0,1.34,346.01523,-67.83287,1744.44,8231.25,2.45,2.17,-46.1,-0.385,18.79,19.24,03a60127o0663o
60127.005004,20.779,1.341,18,24,o,0,1.1,346.01523,-67.83287,1725.0,8189.4,2.49,2.18,-52.6,-0.389,18.79,19.24,03a60127o0669o
60127.026986,-22.059,4.658,-6,25,o,0,0.66,346.01523,-67.83287,1786.83,8263.6,2.53,2.22,-54.4,-0.385,18.75,19.26,03a60127o0714o
60127.032056,-21.444,2.273,-10,22,o,0,1.49,346.01523,-67.83287,1812.74,8150.79,2.56,2.23,-52.9,-0.379,18.71,19.15,03a60127o0725o
60130.069408,-19.584,0.722,-53,38,o,0,0.78,346.01523,-67.83287,2415.73,156.44,2.25,2.14,76.0,-0.388,18.27,19.02,03a60130o0354o
60130.08989,-21.134,3.02,-13,39,o,0,0.66,346.01523,-67.83287,2444.27,40.82,2.29,2.12,74.2,-0.38,18.24,19.06,03a60130o0392o
60131.236436,-17.989,0.584,-231,135,o,0,0.91,346.01523,-67.83287,2313.66,259.47,3.44,2.76,47.0,-0.357,17.36,17.89,04a60131o0439o
60131.237387,-21.495,12.0,-9,110,o,0,1.0,346.01523,-67.83287,9539.85,10339.18,3.38,3.11,-89.6,-0.343,17.05,17.56,04a60131o0441o
60131.240199,-17.67,0.451,-311,140,o,0,1.12,346.01523,-67.83287,2297.01,220.93,3.37,2.67,42.7,-0.351,16.66,16.86,04a60131o0447o
60131.240657,18.071,0.6,215,129,o,0,1.23,346.01523,-67.83287,9518.38,10303.64,3.34,3.09,-83.7,-0.349,16.82,17.26,04a60131o0448o
60131.266322,-19.561,1.103,-54,60,o,0,1.16,346.01523,-67.83287,2367.29,313.86,3.66,2.93,46.4,-0.301,17.56,18.07,04a60131o0503o
60131.266781,20.757,6.324,18,114,o,0,1.07,346.01523,-67.83287,9595.93,10391.4,3.59,3.35,-70.7,-0.388,16.99,17.46,04a60131o0504o
60131.271147,18.564,0.986,136,134,o,0,0.89,346.01523,-67.83287,2386.11,202.87,3.34,2.69,45.2,-0.369,16.86,17.05,04a60131o0513o
60131.271605,18.346,0.989,167,165,o,0,1.06,346.01523,-67.83287,9616.4,10278.27,3.38,3.27,87.8,-0.375,16.84,17.26,04a60131o0514o
60136.118401,-21.779,1.524,-7,11,o,0,1.63,346.01523,-67.83287,3281.16,1933.91,2.13,1.98,-40.1,-0.433,19.51,20.76,03a60136o0769o
60136.121309,22.111,2.234,5,12,o,0,0.7,346.01523,-67.83287,3300.3,1971.51,2.11,1.97,-38.1,-0.432,19.53,20.75,03a60136o0775o
60136.149643,21.611,1.487,8,12,o,0,1.36,346.01523,-67.83287,3233.53,1895.21,2.05,1.94,-42.7,-0.432,19.49,20.69,03a60136o0834o
60136.178094,-20.727,0.651,-19,12,o,0,0.83,346.01523,-67.83287,3204.49,2015.32,2.05,1.94,-54.9,-0.429,19.48,20.61,03a60136o0892o
60139.031607,21.123,0.634,13,8,c,0,1.19,346.01523,-67.83287,5079.37,2056.39,2.58,2.44,-57.0,-0.391,19.71,21.91,03a60139o0723c
60139.034347,20.898,0.543,16,9,c,0,0.92,346.01523,-67.83287,5062.99,2017.6,2.66,2.53,-55.2,-0.392,19.67,21.93,03a60139o0729c
60139.063769,21.066,0.591,14,8,c,0,1.42,346.01523,-67.83287,5129.6,2091.5,2.47,2.29,-41.0,-0.417,19.76,21.9,03a60139o0790c
60139.082254,-23.473,6.556,-2,10,c,0,0.88,346.01523,-67.83287,5157.44,1976.88,2.63,2.5,-54.3,-0.395,19.7,21.91,03a60139o0828c
60139.18996,20.979,2.019,15,30,c,0,1.5,346.01523,-67.83287,5422.8,8540.52,2.64,2.38,-51.6,-0.362,18.22,19.18,03a60139o1048c
60142.083113,21.22,1.306,12,15,c,0,1.2,346.01523,-67.83287,6015.03,4680.38,2.29,2.12,-52.4,-0.397,18.99,20.81,03a60142o0781c
60142.086804,-22.567,3.5,-3,12,c,0,1.08,346.01523,-67.83287,6032.51,4720.39,2.31,2.16,-23.6,-0.4,19.3,21.13,03a60142o0789c
60142.120823,20.351,0.388,26,10,c,0,0.73,346.01523,-67.83287,5970.58,4643.54,2.21,2.1,-51.2,-0.394,19.5,21.23,03a60142o0858c
60142.125997,20.694,0.631,19,12,c,0,0.78,346.01523,-67.83287,5945.39,4756.54,2.25,2.15,-44.1,-0.394,19.11,20.84,03a60142o0868c
60148.04877,20.624,0.389,20,8,c,0,1.44,346.01523,-67.83287,7115.7,509.37,2.43,2.28,-48.1,-0.39,19.71,21.58,03a60148o0736c
60148.050666,21.16,0.711,12,9,c,0,1.18,346.01523,-67.83287,7100.43,471.44,2.44,2.29,-34.8,-0.39,19.7,21.57,03a60148o0740c
60148.053926,20.354,0.29,26,8,c,0,1.82,346.01523,-67.83287,7154.31,551.24,2.48,2.34,-36.1,-0.388,19.7,21.57,03a60148o0747c
60148.059008,-22.075,1.711,-5,9,c,0,1.21,346.01523,-67.83287,7178.75,434.45,2.46,2.32,-38.2,-0.389,19.72,21.57,03a60148o0758c
60149.293497,21.27,1.412,11,16,o,0,1.28,346.01523,-67.83287,7163.63,578.49,2.6,2.37,-20.1,-0.384,19.11,20.64,04a60149o0250o
60149.312743,-21.811,2.379,-7,16,o,0,1.09,346.01523,-67.83287,7199.93,466.13,2.63,2.49,-15.1,-0.388,19.05,20.62,04a60149o0289o
60155.2492,21.076,1.683,14,23,o,0,1.05,346.01523,-67.83287,2748.43,6047.37,2.15,1.91,-87.9,-0.38,18.76,19.4,04a60155o0636o
60155.251033,21.583,2.39,8,20,o,0,1.26,346.01523,-67.83287,2730.48,6008.5,2.1,1.9,-88.8,-0.389,18.77,19.4,04a60155o0640o
60155.254203,21.678,3.014,8,23,o,0,0.81,346.01523,-67.83287,2792.31,6090.31,2.13,1.86,-85.7,-0.395,18.78,19.44,04a60155o0647o
60155.280163,22.966,7.792,2,18,o,0,1.3,346.01523,-67.83287,2836.98,5982.99,1.98,1.79,84.2,-0.399,18.86,19.51,04a60155o0702o
60157.101986,-23.131,16.333,-2,33,o,0,0.69,346.01523,-67.83287,2135.21,8240.26,2.45,2.17,-43.7,-0.395,18.57,18.9,03a60157o0209o
60157.105307,-21.464,2.696,-9,25,o,0,1.11,346.01523,-67.83287,2150.83,8278.07,2.36,2.22,-59.9,-0.409,18.54,18.9,03a60157o0216o
60157.11054,-21.631,2.937,-8,24,o,0,1.61,346.01523,-67.83287,2097.63,8201.23,2.36,2.13,-53.1,-0.395,18.57,18.91,03a60157o0227o
60157.122046,-19.851,0.673,-42,28,o,0,0.77,346.01523,-67.83287,2073.96,8318.74,2.5,2.18,-51.5,-0.389,18.58,18.92,03a60157o0252o
60160.042936,18.63,1.124,128,144,o,0,1.0,346.01523,-67.83287,5360.64,1852.28,2.3,2.18,-45.6,-0.433,16.93,16.88,03a60160o0662o
60160.046115,13.279,0.379,17721,6716,o,0,1.04,346.01523,-67.83287,5378.64,1890.59,2.36,2.27,-25.4,-0.454,13.17,12.62,03a60160o0669o
60160.081456,-18.32,3.45,-171,589,o,0,1.33,346.01523,-67.83287,5313.96,1817.19,2.35,2.26,-5.9,-0.486,15.4,14.92,03a60160o0744o
60160.08716,18.284,0.824,176,145,o,0,1.24,346.01523,-67.83287,5286.76,1927.07,2.25,2.11,-49.5,-0.435,16.4,16.02,03a60160o0756o
60161.253299,-21.55,2.086,-9,18,o,0,1.08,346.01523,-67.83287,5481.82,8829.61,2.32,1.95,-68.1,-0.417,19.0,19.95,04a60161o0647o
60161.25604,22.291,3.909,4,17,o,0,1.05,346.01523,-67.83287,5463.44,8792.35,2.42,2.02,-69.5,-0.41,18.93,19.95,04a60161o0653o
60161.259254,23.441,10.833,2,16,o,0,1.29,346.01523,-67.83287,5529.51,8871.35,2.35,1.99,-72.1,-0.405,18.99,19.96,04a60161o0660o
60161.279635,-20.459,0.762,-24,18,o,0,1.27,346.01523,-67.83287,5569.91,8759.12,2.35,2.03,-71.3,-0.413,18.97,19.92,04a60161o0703o
60163.067809,-20.753,0.796,-18,14,o,0,1.15,346.01523,-67.83287,9488.74,6722.21,2.38,2.13,-52.8,-0.394,19.25,20.22,03a60163o0354o
60163.089541,-22.06,2.636,-5,14,o,0,0.74,346.01523,-67.83287,9503.07,6762.72,2.34,2.03,-53.0,-0.397,19.25,20.14,03a60163o0399o
60163.092307,-20.549,0.756,-22,17,o,0,0.81,346.01523,-67.83287,9447.53,6677.01,2.44,2.06,-52.8,-0.393,19.19,20.16,03a60163o0405o
60163.09893,-22.602,4.5,-3,15,o,0,1.1,346.01523,-67.83287,9423.52,6785.93,2.36,2.07,-53.8,-0.4,19.2,20.14,03a60163o0419o
60163.158582,-20.356,0.562,-26,15,o,0,1.19,346.01523,-67.83287,427.5,6493.64,2.56,2.2,-67.3,-0.409,19.16,20.09,03a60163o0544o
60163.162757,23.529,11.6,1,16,o,0,1.01,346.01523,-67.83287,444.72,6531.23,2.49,2.11,-66.5,-0.407,19.13,20.04,03a60163o0553o
60163.168738,20.966,1.019,15,15,o,0,1.23,346.01523,-67.83287,389.5,6457.42,2.48,2.12,-64.8,-0.407,19.14,19.99,03a60163o0566o
60163.175309,20.233,0.681,29,20,o,0,1.05,346.01523,-67.83287,365.82,6577.42,2.46,2.06,-64.4,-0.41,19.03,19.76,03a60163o0579o
60163.181487,-22.255,5.235,-4,24,o,0,0.92,346.01523,-67.83287,9458.07,6715.43,2.53,2.04,-48.7,-0.376,18.58,18.89,03a60163o0592o
60163.183411,-20.956,2.267,-15,34,o,0,0.94,346.01523,-67.83287,407.05,6517.98,2.51,2.15,-65.1,-0.4,18.42,18.56,03a60163o0596o
60166.103708,20.699,0.775,19,15,o,0,1.65,346.01523,-67.83287,5713.31,6596.14,2.29,2.1,-57.0,-0.429,19.2,20.22,03a60166o0632o
60166.106916,-20.773,0.929,-18,16,o,0,0.69,346.01523,-67.83287,5730.48,6634.84,2.37,2.15,-53.6,-0.421,19.16,20.2,03a60166o0639o
60166.119603,22.768,5.6,3,16,o,0,1.11,346.01523,-67.83287,5674.49,6554.81,2.41,2.14,-49.4,-0.413,19.09,20.07,03a60166o0666o
60166.125996,20.648,0.799,20,16,o,0,0.82,346.01523,-67.83287,5651.76,6668.82,2.41,2.23,-54.9,-0.421,19.09,20.07,03a60166o0680o
60167.242288,22.258,2.077,4,9,c,0,1.37,346.01523,-67.83287,4951.26,4088.7,2.54,2.51,-19.8,-0.351,19.43,21.73,04a60167o0601c
60167.244128,-20.948,0.615,-15,9,c,0,1.27,346.01523,-67.83287,4936.33,4052.14,2.71,2.66,-46.7,-0.344,19.44,21.74,04a60167o0605c
60167.279349,-25.221,32.0,0,10,c,0,0.92,346.01523,-67.83287,5029.08,4140.69,2.34,2.26,-33.8,-0.376,19.51,21.63,04a60167o0680c
60167.301593,22.208,2.6,5,12,c,0,0.98,346.01523,-67.83287,5854.96,6673.67,2.75,2.36,-65.4,-0.368,19.4,21.56,04a60167o0728c
60171.991466,20.645,0.677,20,14,o,0,0.97,346.01523,-67.83287,9944.56,4843.3,2.88,2.69,-60.0,-0.371,19.32,21.05,03a60172o0595o
60172.025679,-22.514,3.038,-4,11,o,0,1.04,346.01523,-67.83287,9956.03,4886.88,2.44,2.17,-55.3,-0.385,19.48,20.9,03a60172o0666o
60172.029293,-22.422,2.897,-4,11,o,0,0.95,346.01523,-67.83287,9898.03,4801.34,2.45,2.12,-56.4,-0.383,19.47,20.93,03a60172o0674o
60172.033493,20.436,0.565,24,14,o,0,1.4,346.01523,-67.83287,572.49,4561.63,2.56,2.24,-66.9,-0.387,19.19,20.63,03a60172o0683o
60172.035345,21.42,2.531,10,25,o,0,0.97,346.01523,-67.83287,9874.19,4914.04,2.51,2.19,-53.2,-0.378,18.58,19.97,03a60172o0687o
60172.036257,22.658,11.25,3,35,o,0,0.73,346.01523,-67.83287,589.38,4598.54,2.59,2.25,-70.2,-0.39,18.41,19.8,03a60172o0689o
60172.071959,19.931,0.341,39,13,o,0,2.07,346.01523,-67.83287,526.13,4526.66,2.52,2.2,-67.3,-0.392,19.19,20.57,03a60172o0763o
60172.100917,21.008,1.014,14,14,o,0,1.15,346.01523,-67.83287,499.18,4645.73,2.67,2.32,-67.6,-0.388,19.16,20.6,03a60172o0824o
60175.118352,21.761,1.889,7,14,o,0,1.0,346.01523,-67.83287,7590.21,6616.27,2.44,2.05,-46.5,-0.408,19.38,20.59,03a60175o0575o
60175.122004,21.474,1.274,9,12,o,0,1.46,346.01523,-67.83287,7607.87,6657.17,2.63,2.19,-45.7,-0.395,19.3,20.59,03a60175o0583o
60175.143993,-22.045,2.583,-6,14,o,0,0.75,346.01523,-67.83287,7553.11,6567.52,2.63,2.2,-47.2,-0.403,19.33,20.67,03a60175o0628o
60175.158061,-21.763,1.915,-7,14,o,0,0.8,346.01523,-67.83287,7533.51,6682.06,2.66,2.16,-43.3,-0.397,19.28,20.66,03a60175o0657o
60179.226605,20.82,0.505,17,9,c,0,1.38,346.01523,-67.83287,9339.77,8552.01,2.84,2.49,-57.3,-0.388,19.67,21.74,04a60179o0523c
60179.229834,21.281,0.847,11,10,c,0,1.06,346.01523,-67.83287,9357.27,8590.28,2.89,2.54,-57.4,-0.374,19.64,21.72,04a60179o0530c
60179.235473,22.258,2.083,4,10,c,0,1.04,346.01523,-67.83287,9299.45,8502.44,2.87,2.55,-59.7,-0.375,19.66,21.76,04a60179o0541c
60179.247005,24.478,14.667,1,9,c,0,1.49,346.01523,-67.83287,9274.88,8609.62,2.95,2.59,-54.2,-0.367,19.64,21.73,04a60179o0566c
60179.288493,-24.288,20.667,-1,14,c,0,0.99,346.01523,-67.83287,535.57,8587.17,3.02,2.26,-80.5,-0.332,19.24,21.26,04a60179o0654c
60179.291685,-20.829,1.324,-17,22,c,0,1.31,346.01523,-67.83287,551.26,8621.91,3.15,2.47,-79.7,-0.313,18.66,20.67,04a60179o0661c
60179.319489,21.248,0.831,12,10,c,0,1.22,346.01523,-67.83287,484.39,8534.35,2.88,2.42,-79.1,-0.329,19.57,21.65,04a60179o0719c
60179.325349,20.609,0.45,21,9,c,0,1.46,346.01523,-67.83287,459.75,8650.57,2.93,2.3,-77.2,-0.333,19.63,21.67,04a60179o0731c
60180.932768,-21.398,1.484,-10,15,o,0,1.07,346.01523,-67.83287,2382.16,112.62,2.65,2.35,-74.3,-0.367,19.15,20.27,03a60181o0446o
60180.934579,20.574,0.754,21,16,o,0,0.81,346.01523,-67.83287,2366.52,72.41,2.68,2.32,-78.4,-0.356,19.15,20.28,03a60181o0450o
60180.937759,21.062,1.104,14,15,o,0,0.99,346.01523,-67.83287,2421.16,157.53,2.5,2.25,-68.6,-0.38,19.2,20.25,03a60181o0457o
60181.011559,-20.436,0.528,-24,13,o,0,1.27,346.01523,-67.83287,1317.4,144.39,2.39,2.16,-68.4,-0.422,19.32,20.53,03a60181o0613o
60181.016602,24.07,16.0,1,14,o,0,0.91,346.01523,-67.83287,1339.08,182.6,2.46,2.21,-68.2,-0.421,19.3,20.53,03a60181o0624o
60181.019511,-21.537,1.468,-9,13,o,0,0.93,346.01523,-67.83287,1273.68,106.74,2.45,2.2,-63.7,-0.42,19.27,20.52,03a60181o0630o
60181.05408,20.459,0.582,24,14,o,0,1.36,346.01523,-67.83287,1242.38,225.17,2.6,2.31,-76.3,-0.405,19.23,20.45,03a60181o0703o
60183.930433,22.21,3.923,5,19,o,0,1.02,346.01523,-67.83287,8212.61,4253.0,2.28,2.0,-60.3,-0.429,18.91,19.5,03a60184o0457o
60183.952251,22.298,4.257,4,19,o,0,1.25,346.01523,-67.83287,8203.05,4217.64,2.33,2.01,-56.8,-0.429,18.9,19.56,03a60184o0502o
60183.956816,20.76,1.014,18,18,o,0,0.95,346.01523,-67.83287,8259.3,4294.0,2.31,2.04,-52.2,-0.43,18.93,19.57,03a60184o0512o
60183.970282,20.474,0.884,24,21,o,0,0.74,346.01523,-67.83287,8286.75,4176.61,2.36,1.92,-56.9,-0.411,18.91,19.55,03a60184o0540o
60187.008355,-19.632,2.47,-51,126,o,0,1.07,346.01523,-67.83287,3292.48,1970.62,2.4,2.21,-56.2,-0.425,17.03,16.43,03a60187o0453o
60187.011524,-19.443,1.565,-61,95,o,0,1.39,346.01523,-67.83287,3232.69,1893.01,2.35,2.18,-61.4,-0.426,17.19,16.64,03a60187o0460o
60187.039773,-18.982,0.856,-93,79,o,0,1.33,346.01523,-67.83287,3201.57,2012.64,2.37,2.2,-62.9,-0.413,17.2,16.75,03a60187o0518o
60190.001806,-16.091,0.949,-1329,1261,o,0,1.18,346.01523,-67.83287,6669.32,2386.64,2.38,2.11,-55.1,-0.409,14.12,13.71,03a60190o0611o
60191.234639,21.596,2.403,8,20,o,0,1.13,346.01523,-67.83287,6828.56,2267.68,2.1,1.92,-19.0,-0.449,18.9,19.63,04a60191o0581o
60191.26908,19.578,0.452,54,24,o,0,1.45,346.01523,-67.83287,6830.22,2287.92,2.17,2.09,-34.5,-0.436,18.58,19.21,04a60191o0654o
60191.272388,20.176,0.588,31,18,o,0,1.14,346.01523,-67.83287,6766.32,2205.72,2.09,2.0,-34.9,-0.441,18.91,19.82,04a60191o0661o
60191.300728,21.112,1.323,13,17,o,0,1.15,346.01523,-67.83287,6730.46,2313.27,2.23,2.15,-44.6,-0.406,18.89,19.86,04a60191o0722o
60199.125339,20.65,0.509,20,10,c,0,1.43,346.01523,-67.83287,3424.69,10054.13,2.93,2.44,-33.2,-0.371,19.54,21.49,03a60199o0376c
60199.129155,-20.778,0.656,-18,12,c,0,0.98,346.01523,-67.83287,3443.09,10092.67,2.91,2.41,-33.9,-0.37,19.55,21.47,03a60199o0384c
60199.136775,22.252,2.68,5,12,c,0,0.76,346.01523,-67.83287,3394.53,10016.56,2.89,2.41,-28.9,-0.371,19.55,21.45,03a60199o0399c
60199.147584,19.604,0.271,52,14,c,0,1.02,346.01523,-67.83287,3375.65,10133.42,3.01,2.5,-31.0,-0.361,19.36,21.09,03a60199o0420c
60199.155698,22.354,6.739,4,28,c,0,0.87,346.01523,-67.83287,3416.67,10076.11,2.85,2.41,-30.9,-0.365,18.69,19.64,03a60199o0435c
60201.923469,-21.904,1.857,-6,12,c,0,1.38,346.01523,-67.83287,7246.04,8546.63,3.74,3.11,-46.1,-0.345,19.31,21.61,03a60202o0441c
60201.926338,0.0,21.181,0,12,c,0,0.93,346.01523,-67.83287,7264.2,8587.45,3.55,2.94,-46.2,-0.357,19.44,21.69,03a60202o0447c
60201.958708,21.708,1.562,8,12,c,0,1.3,346.01523,-67.83287,7204.49,8504.79,3.15,2.63,-44.9,-0.374,19.39,21.4,03a60202o0515c
60201.964184,21.151,1.333,13,17,c,0,1.35,346.01523,-67.83287,7183.51,8618.71,3.32,2.84,-46.0,-0.364,18.81,20.88,03a60202o0527c
60203.171481,-20.642,0.599,-20,12,o,0,0.8,346.01523,-67.83287,7501.77,8513.45,2.16,1.98,-51.7,-0.405,19.49,20.95,04a60203o0441o
60203.174683,-20.606,0.482,-21,10,o,0,1.42,346.01523,-67.83287,7518.56,8551.27,2.06,1.88,-18.7,-0.428,19.48,20.95,04a60203o0448o
60203.206349,-20.897,0.778,-16,12,o,0,0.88,346.01523,-67.83287,7450.18,8448.78,2.12,1.91,-20.8,-0.417,19.5,21.09,04a60203o0516o
60203.213684,21.562,1.507,9,13,o,0,0.57,346.01523,-67.83287,7427.14,8558.72,2.02,1.82,-10.7,-0.433,19.54,21.01,04a60203o0532o
60204.912687,21.222,0.696,12,8,c,0,1.04,346.01523,-67.83287,7950.01,4735.31,2.31,2.16,-46.3,-0.413,19.79,21.7,03a60205o0412c
60204.915504,19.934,0.203,39,8,c,0,1.29,346.01523,-67.83287,7967.62,4776.05,2.29,2.15,-43.2,-0.414,19.79,21.68,03a60205o0418c
60204.947852,20.394,0.313,25,8,c,0,1.07,346.01523,-67.83287,7904.04,4693.52,2.26,2.16,-48.4,-0.414,19.77,21.65,03a60205o0487c
60204.976568,20.523,0.367,22,8,c,0,1.26,346.01523,-67.83287,7874.31,4805.78,2.41,2.21,-56.9,-0.404,19.71,21.61,03a60205o0546c
60207.929899,20.725,0.484,19,9,c,0,1.1,346.01523,-67.83287,1160.07,2119.42,2.58,2.36,-67.7,-0.393,19.64,21.66,03a60208o0210c
60207.933596,21.482,0.905,9,8,c,0,1.43,346.01523,-67.83287,1180.33,2156.93,2.54,2.32,-64.7,-0.391,19.66,21.69,03a60208o0218c
60207.940093,21.191,0.63,12,8,c,0,1.65,346.01523,-67.83287,1117.06,2081.36,2.5,2.37,-57.4,-0.397,19.65,21.67,03a60208o0232c
60207.975005,20.139,0.264,32,8,c,0,1.5,346.01523,-67.83287,1085.48,2199.8,2.82,2.64,-79.0,-0.378,19.54,21.66,03a60208o0306c
60209.198884,-19.103,0.91,-83,76,o,0,0.93,346.01523,-67.83287,1234.19,2223.91,2.09,1.87,54.3,-0.417,17.5,18.71,04a60209o0490o
60209.222704,16.821,1.156,679,784,o,0,0.94,346.01523,-67.83287,1241.68,2247.69,2.09,1.88,51.0,-0.432,15.14,16.62,04a60209o0540o
60209.225914,17.248,1.406,458,644,o,0,0.86,346.01523,-67.83287,1179.34,2171.29,2.05,2.02,9.6,-0.41,14.64,16.09,04a60209o0547o
60209.248557,17.371,0.823,409,336,o,0,1.46,346.01523,-67.83287,1144.16,2280.69,2.19,1.89,45.1,-0.417,15.72,17.16,04a60209o0595o
60215.150143,22.162,5.727,5,28,o,0,1.06,346.01523,-67.83287,7083.89,343.18,2.53,2.16,-21.1,-0.385,18.46,18.96,04a60215o0381o
60215.153789,19.503,0.473,57,27,o,0,1.14,346.01523,-67.83287,7103.25,380.74,2.48,2.22,-16.3,-0.401,18.49,18.97,04a60215o0389o
60215.154708,19.018,0.512,90,46,o,0,0.77,346.01523,-67.83287,4933.57,10505.55,2.97,2.01,-76.9,-0.387,18.46,18.97,04a60215o0391o
60215.161148,19.762,0.615,45,28,o,0,1.1,346.01523,-67.83287,7033.48,294.6,2.54,2.35,-12.6,-0.384,18.4,18.97,04a60215o0405o
60215.163948,19.851,0.74,42,31,o,0,1.22,346.01523,-67.83287,4893.27,10458.88,2.9,1.99,-76.7,-0.409,18.48,18.98,04a60215o0411o
60215.19471,18.868,0.28,103,29,o,0,0.92,346.01523,-67.83287,6992.32,392.44,2.47,2.38,6.1,-0.406,18.42,18.99,04a60215o0477o
60216.899835,18.137,0.826,202,167,o,0,1.1,346.01523,-67.83287,5663.72,6570.4,2.57,2.33,-52.5,-0.402,16.66,16.57,03a60217o0376o
60219.898323,-20.745,0.823,-18,15,o,0,0.77,346.01523,-67.83287,2521.63,4375.98,2.26,2.02,-58.7,-0.437,19.2,20.13,03a60220o0372o
60219.901112,-23.079,6.765,-2,14,o,0,1.11,346.01523,-67.83287,2540.06,4414.27,2.24,2.04,-62.1,-0.443,19.19,20.12,03a60220o0378o
60219.907613,20.793,0.836,18,15,o,0,1.16,346.01523,-67.83287,2483.5,4338.5,2.23,2.06,-62.3,-0.43,19.19,20.1,03a60220o0392o
60219.942799,22.706,5.826,3,18,o,0,0.74,346.01523,-67.83287,2451.33,4454.41,2.32,2.09,-64.6,-0.424,19.12,20.02,03a60220o0466o
60221.142417,20.123,0.323,32,10,c,0,1.15,346.01523,-67.83287,2676.33,4468.41,2.43,2.26,72.4,-0.357,19.48,21.5,04a60221o0353c
60221.145653,21.513,1.286,9,12,c,0,1.0,346.01523,-67.83287,2694.13,4503.27,2.56,2.39,72.1,-0.349,19.42,21.5,04a60221o0360c
60221.149803,-22.909,4.235,-2,11,c,0,0.8,346.01523,-67.83287,2633.27,4426.12,2.45,2.25,70.5,-0.358,19.44,21.45,04a60221o0369c
60221.153958,21.279,0.929,11,10,c,0,1.18,346.01523,-67.83287,2610.23,4540.32,2.33,2.12,72.6,-0.362,19.44,21.37,04a60221o0378c
60227.130147,20.508,0.614,23,14,o,0,0.98,346.01523,-67.83287,8892.56,2289.47,2.63,2.17,-18.6,-0.399,19.29,20.64,04a60227o0327o
60227.133392,20.211,0.516,30,15,o,0,0.76,346.01523,-67.83287,8910.03,2327.34,2.62,2.18,-20.1,-0.403,19.27,20.72,04a60227o0334o
60227.139378,23.59,9.625,1,13,o,0,1.26,346.01523,-67.83287,8844.38,2241.64,2.69,2.28,-18.4,-0.384,19.25,20.71,04a60227o0347o
60227.149977,22.654,4.25,3,13,o,0,0.91,346.01523,-67.83287,8815.63,2350.78,2.6,2.23,-18.2,-0.389,19.27,20.67,04a60227o0370o
60234.848897,19.025,0.14,89,12,o,0,1.25,346.01523,-67.83287,2313.78,6312.44,2.22,1.92,-55.3,-0.409,19.53,20.71,03a60235o0202o
60234.852109,19.251,0.163,72,12,o,0,1.0,346.01523,-67.83287,2331.83,6350.3,2.17,1.89,-59.1,-0.422,19.53,20.73,03a60235o0209o
60234.858537,19.713,0.235,47,11,o,0,1.26,346.01523,-67.83287,2276.2,6274.2,2.19,1.91,-58.8,-0.417,19.52,20.72,03a60235o0223o
60234.868311,19.925,0.302,39,12,o,0,0.88,346.01523,-67.83287,2252.27,6390.94,2.15,1.93,-62.1,-0.419,19.54,20.74,03a60235o0244o
60237.913296,-21.719,2.562,-8,19,o,0,1.25,346.01523,-67.83287,5411.02,8525.41,2.58,2.27,-53.6,-0.38,18.74,20.03,03a60238o0112o
60239.276304,20.29,0.569,28,16,o,0,1.05,346.01523,-67.83287,5602.14,8510.33,2.27,2.03,-54.9,-0.403,19.19,20.56,04a60239o0195o
60239.279508,20.353,0.619,26,16,o,0,1.12,346.01523,-67.83287,5618.21,8550.07,2.48,2.08,-73.9,-0.42,19.2,20.56,04a60239o0202o
60239.285846,20.828,1.054,17,18,o,0,0.82,346.01523,-67.83287,5561.42,8473.49,2.54,2.08,-74.6,-0.433,19.15,20.55,04a60239o0215o
60239.29649,19.987,0.444,37,16,o,0,0.87,346.01523,-67.83287,5541.2,8594.88,2.25,2.03,-53.4,-0.397,19.16,20.5,04a60239o0237o
60240.873045,19.292,0.274,70,19,o,0,1.19,346.01523,-67.83287,6700.92,2311.35,2.24,2.04,-54.5,-0.444,18.97,19.71,03a60241o0248o
60240.876265,18.954,0.21,95,20,o,0,0.86,346.01523,-67.83287,6720.12,2350.47,2.24,2.03,-53.5,-0.444,18.94,19.72,03a60241o0255o
60240.884126,19.026,0.186,89,16,o,0,1.29,346.01523,-67.83287,6660.91,2268.25,2.3,2.09,-55.9,-0.439,18.93,19.73,03a60241o0271o
60240.895173,19.151,0.234,79,19,o,0,0.77,346.01523,-67.83287,6635.84,2380.82,2.33,2.11,-57.8,-0.437,18.92,19.74,03a60241o0295o
60243.859915,20.196,0.736,30,22,o,0,1.09,346.01523,-67.83287,3917.07,8117.26,2.39,2.15,-45.6,-0.375,18.73,19.19,03a60244o0212o
60243.86314,20.839,1.23,17,21,o,0,1.41,346.01523,-67.83287,3934.19,8155.22,2.43,2.18,-42.0,-0.368,18.72,19.17,03a60244o0219o
60243.868659,21.412,2.493,10,25,o,0,0.72,346.01523,-67.83287,3882.07,8077.13,2.57,2.24,-43.2,-0.356,18.67,19.17,03a60244o0231o
60243.880356,19.551,0.392,55,22,o,0,1.14,346.01523,-67.83287,3859.89,8192.36,2.42,2.13,-48.3,-0.368,18.69,19.12,03a60244o0255o
60245.112331,20.129,0.857,32,28,o,0,1.37,346.01523,-67.83287,4164.51,8155.49,2.54,2.03,-74.0,-0.434,18.51,19.12,04a60245o0266o
60245.115524,-21.482,3.231,-9,30,o,0,0.85,346.01523,-67.83287,4179.1,8191.91,2.55,1.96,-76.5,-0.421,18.54,19.12,04a60245o0273o
60245.121084,-20.052,0.89,-35,31,o,0,0.84,346.01523,-67.83287,4122.47,8112.17,2.6,1.99,-78.5,-0.404,18.49,19.11,04a60245o0285o
60245.132555,-23.263,15.417,-2,28,o,0,1.24,346.01523,-67.83287,4096.63,8222.75,2.62,2.07,-76.3,-0.411,18.5,19.09,04a60245o0310o
60246.856014,19.92,0.597,39,23,o,0,1.23,346.01523,-67.83287,4200.91,6189.36,2.79,2.5,-51.0,-0.376,18.59,19.29,03a60247o0199o
60246.859655,20.628,1.309,20,27,o,0,0.79,346.01523,-67.83287,4218.67,6227.97,2.66,2.38,-51.0,-0.384,18.63,19.28,03a60247o0207o
60246.870535,19.235,0.409,73,30,o,0,1.27,346.01523,-67.83287,4163.61,6150.0,3.21,2.99,-53.9,-0.367,18.42,19.27,03a60247o0229o
60246.876548,21.498,3.636,9,33,o,0,1.01,346.01523,-67.83287,4140.58,6263.37,3.36,3.11,-45.0,-0.386,18.3,19.24,03a60247o0242o
60249.85579,19.304,0.19,69,13,o,0,0.89,346.01523,-67.83287,4479.23,4262.33,2.29,2.12,-64.4,-0.407,19.38,20.82,03a60250o0196o
60249.86404,-19.058,0.768,-86,66,o,0,1.05,346.01523,-67.83287,4499.12,4301.56,2.25,2.07,-66.1,-0.416,17.4,18.76,03a60250o0213o
60249.867245,-21.738,22.25,-7,163,o,0,1.12,346.01523,-67.83287,4441.28,4223.57,2.2,2.05,-67.4,-0.425,17.01,18.44,03a60250o0220o
60249.878368,21.473,97.0,9,907,o,0,1.29,346.01523,-67.83287,4417.17,4336.6,2.24,2.09,-65.4,-0.407,14.89,16.15,03a60250o0244o
60251.107139,20.275,0.846,28,24,c,0,0.96,346.01523,-67.83287,4618.13,4270.44,6.04,5.97,73.9,-0.215,18.39,21.22,04a60251o0184c
60251.110677,19.169,0.203,78,16,c,0,1.17,346.01523,-67.83287,4636.68,4307.81,4.05,3.96,78.9,-0.304,18.87,21.29,04a60251o0191c
60251.117033,20.11,0.396,33,13,c,0,1.38,346.01523,-67.83287,4573.18,4228.58,3.78,3.72,71.3,-0.27,18.93,21.29,04a60251o0205c
60251.128614,19.424,0.22,62,14,c,0,0.88,346.01523,-67.83287,4548.04,4341.65,3.06,2.9,82.9,-0.342,19.15,21.24,04a60251o0229c
60255.866285,20.961,0.671,15,10,c,0,1.06,346.01523,-67.83287,2049.34,8326.62,2.89,2.54,-39.4,-0.38,19.62,21.61,03a60256o0205c
60257.099505,-20.216,0.526,-30,16,o,0,1.05,346.01523,-67.83287,2334.85,8322.19,2.24,1.95,-63.7,-0.465,19.33,20.62,04a60257o0155o
60258.844104,21.336,0.924,11,10,c,0,0.93,346.01523,-67.83287,1138.08,2107.55,2.36,2.21,-67.7,-0.393,19.63,21.43,03a60259o0152c
60258.847361,20.541,0.407,22,9,c,0,1.1,346.01523,-67.83287,1157.69,2144.7,2.3,2.15,-61.4,-0.398,19.66,21.43,03a60259o0159c
60258.85744,-22.248,1.6,-5,7,c,0,1.51,346.01523,-67.83287,1094.37,2070.68,2.32,2.19,-69.9,-0.396,19.65,21.41,03a60259o0180c
60258.862936,-22.192,1.694,-5,8,c,0,1.36,346.01523,-67.83287,1071.41,2188.28,2.38,2.21,-80.0,-0.386,19.64,21.42,03a60259o0192c
60261.822232,20.681,0.462,19,9,c,0,1.52,346.01523,-67.83287,9451.85,6727.75,2.78,2.3,-61.3,-0.385,19.59,21.36,03a60262o0104c
60261.835476,21.787,1.152,7,8,c,0,1.45,346.01523,-67.83287,9468.87,6768.87,2.7,2.21,-60.3,-0.386,19.6,21.36,03a60262o0131c
60261.83868,21.237,0.883,12,10,c,0,1.18,346.01523,-67.83287,9414.77,6683.11,2.67,2.21,-60.3,-0.381,19.62,21.36,03a60262o0138c
60261.841933,20.835,0.655,17,11,c,0,0.88,346.01523,-67.83287,403.73,6512.66,2.53,2.37,-56.7,-0.392,19.61,21.41,03a60262o0145c
60261.844661,20.724,0.548,19,10,c,0,1.08,346.01523,-67.83287,9392.73,6795.17,2.67,2.22,-59.8,-0.378,19.59,21.37,03a60262o0151c
60261.845575,-21.255,0.782,-11,9,c,0,1.29,346.01523,-67.83287,421.67,6549.65,2.5,2.32,-55.9,-0.387,19.64,21.43,03a60262o0153c
60261.852057,-21.685,1.224,-8,9,c,0,1.37,346.01523,-67.83287,368.11,6476.31,2.6,2.37,-57.3,-0.389,19.58,21.46,03a60262o0167c
60261.86221,22.214,2.033,5,10,c,0,0.93,346.01523,-67.83287,344.68,6594.77,2.58,2.41,-54.9,-0.384,19.61,21.46,03a60262o0188c
60263.049106,20.647,0.855,20,17,o,0,0.97,346.01523,-67.83287,9670.5,6611.32,2.76,2.35,-20.9,-0.401,19.22,20.64,04a60263o0064o
60263.052769,-22.451,3.708,-4,14,o,0,1.26,346.01523,-67.83287,9689.98,6649.23,2.61,2.1,-2.3,-0.427,19.26,20.66,04a60263o0072o
60263.061379,20.614,0.824,21,17,o,0,0.68,346.01523,-67.83287,9627.76,6561.88,2.71,2.24,-14.9,-0.415,19.27,20.7,04a60263o0090o
60263.066908,-20.998,0.854,-14,12,o,0,1.39,346.01523,-67.83287,607.95,6642.44,2.61,2.06,86.5,-0.38,19.31,20.73,04a60263o0102o
60263.070636,23.542,11.0,1,15,o,0,1.05,346.01523,-67.83287,625.27,6676.47,2.61,2.09,-89.9,-0.381,19.32,20.67,04a60263o0110o
60263.07296,21.108,1.244,13,16,o,0,1.12,346.01523,-67.83287,9602.21,6671.22,2.58,2.22,-7.5,-0.44,19.27,20.65,04a60263o0115o
60263.076171,-25.21,44.0,0,13,o,0,1.45,346.01523,-67.83287,567.01,6600.59,2.53,2.08,89.1,-0.383,19.28,20.69,04a60263o0122o
60263.088136,-23.099,6.786,-2,14,o,0,1.09,346.01523,-67.83287,539.28,6713.62,2.57,2.06,89.4,-0.376,19.35,20.72,04a60263o0148o
60264.813899,21.936,2.429,6,15,c,0,1.45,346.01523,-67.83287,7010.66,384.32,2.39,2.14,-76.3,-0.408,19.06,21.36,03a60265o0071c
60264.814391,20.035,0.468,35,16,c,0,1.04,346.01523,-67.83287,4611.5,10460.08,2.66,2.22,-69.9,-0.383,19.09,21.41,03a60265o0072c
60264.816908,21.386,1.588,10,16,c,0,0.93,346.01523,-67.83287,7031.53,424.19,2.46,2.14,-79.7,-0.406,19.0,21.36,03a60265o0077c
60264.8174,20.129,0.455,32,15,c,0,1.39,346.01523,-67.83287,4627.78,10499.29,2.68,2.23,-70.1,-0.384,19.08,21.45,03a60265o0078c
60264.822514,19.56,0.332,54,18,c,0,0.82,346.01523,-67.83287,6969.23,341.71,2.42,2.15,-75.8,-0.412,19.05,21.35,03a60265o0088c
60264.823548,20.266,0.455,28,13,c,0,1.84,346.01523,-67.83287,4578.32,10420.75,2.67,2.25,-67.9,-0.386,19.05,21.43,03a60265o0090c
60264.832717,20.121,0.486,32,16,c,0,1.31,346.01523,-67.83287,6941.31,457.7,2.48,2.19,-72.7,-0.414,19.04,21.39,03a60265o0108c
60267.836968,19.669,0.772,49,38,o,0,1.14,346.01523,-67.83287,1624.87,10220.06,2.82,2.15,-67.0,-0.428,18.52,19.7,03a60268o0101o
60267.840481,18.492,0.411,146,60,o,0,1.03,346.01523,-67.83287,1641.02,10257.62,2.94,2.17,-68.5,-0.414,18.07,19.11,03a60268o0108o
60267.863686,-18.244,1.056,-183,193,o,0,1.04,346.01523,-67.83287,1588.73,10183.39,2.94,2.13,-65.2,-0.411,16.78,17.52,03a60268o0152o
60267.871366,-17.466,0.784,-375,294,o,0,1.46,346.01523,-67.83287,1569.95,10299.03,3.12,2.18,-65.8,-0.374,16.58,17.27,03a60268o0167o
60269.049492,-21.312,3.333,-11,36,o,0,1.02,346.01523,-67.83287,10179.72,10459.25,2.76,2.27,26.2,-0.503,19.01,19.98,04a60269o0035o
60269.052676,19.494,0.506,58,29,o,0,1.55,346.01523,-67.83287,10196.31,10499.53,2.73,1.97,17.3,-0.574,19.0,19.97,04a60269o0042o
60269.057908,19.811,0.553,43,24,o,0,1.01,346.01523,-67.83287,10139.32,10413.21,2.91,2.24,21.2,-0.518,19.0,19.97,04a60269o0053o
60269.069709,18.814,0.421,108,46,o,0,1.15,346.01523,-67.83287,10118.9,10523.49,2.95,2.21,26.4,-0.526,19.0,19.99,04a60269o0078o
60269.071535,18.835,0.232,106,25,o,0,0.94,346.01523,-67.83287,1914.71,10305.61,2.99,2.06,-72.7,-0.417,19.05,20.02,04a60269o0082o
60269.074296,22.147,5.529,5,28,o,0,1.27,346.01523,-67.83287,3514.18,46.16,2.36,2.01,44.3,-0.426,18.99,20.02,04a60269o0088o
60269.074746,20.164,0.758,31,24,o,0,0.79,346.01523,-67.83287,1930.72,10341.87,3.02,2.05,-72.7,-0.408,19.06,20.05,04a60269o0089o
60269.098192,20.521,0.902,22,20,o,0,1.13,346.01523,-67.83287,1867.91,10261.22,2.8,2.05,-72.8,-0.413,19.03,20.04,04a60269o0139o
60269.110754,21.866,2.744,6,18,o,0,1.18,346.01523,-67.83287,1842.77,10376.32,2.89,2.03,-73.1,-0.395,19.09,20.02,04a60269o0166o
60269.111204,20.093,0.722,33,24,o,0,0.87,346.01523,-67.83287,3401.88,78.79,2.23,1.82,48.8,-0.448,19.04,20.0,04a60269o0167o
60273.796824,-20.265,0.745,-28,21,o,0,1.18,346.01523,-67.83287,7560.2,6631.95,2.41,2.05,-57.5,-0.41,18.77,19.35,03a60274o0026o
60273.800062,-20.058,0.647,-34,22,o,0,0.85,346.01523,-67.83287,7577.96,6671.14,2.55,2.09,-54.8,-0.395,18.68,19.34,03a60274o0033o
60273.805194,20.626,1.448,20,30,o,0,0.7,346.01523,-67.83287,7524.51,6588.41,2.53,2.06,-54.6,-0.4,18.69,19.33,03a60274o0044o
60273.822279,-19.491,0.426,-58,25,o,0,0.84,346.01523,-67.83287,7501.09,6700.3,2.63,2.15,-54.7,-0.385,18.69,19.31,03a60274o0080o
60275.046391,22.671,9.174,3,28,o,0,0.93,346.01523,-67.83287,7763.45,6546.08,2.28,2.01,-16.7,-0.41,18.51,19.09,04a60275o0019o
60275.05155,-19.995,0.767,-36,28,o,0,1.24,346.01523,-67.83287,7779.73,6584.08,2.29,1.99,-5.2,-0.42,18.52,19.08,04a60275o0030o
60275.054374,-20.404,1.099,-25,28,o,0,0.92,346.01523,-67.83287,7722.15,6502.16,2.31,2.02,-14.2,-0.41,18.51,19.06,04a60275o0036o
60275.064228,-22.941,13.667,-2,33,o,0,0.77,346.01523,-67.83287,7698.79,6613.64,2.28,1.98,-8.0,-0.41,18.53,19.02,04a60275o0057o
60276.806496,20.712,0.93,19,18,o,0,1.04,346.01523,-67.83287,8772.85,2390.5,2.55,2.18,-61.0,-0.407,18.82,19.78,03a60277o0032o
60276.812024,-19.937,0.748,-38,29,o,0,1.58,346.01523,-67.83287,8791.11,2429.28,2.9,2.39,-58.1,-0.386,18.33,19.33,03a60277o0041o
60276.815416,21.263,1.746,11,20,o,0,1.16,346.01523,-67.83287,8728.0,2343.39,2.74,2.27,-61.0,-0.413,18.71,19.74,03a60277o0048o
60276.825454,-21.021,2.564,-14,36,o,0,1.31,346.01523,-67.83287,8701.62,2452.7,3.0,2.47,-60.2,-0.406,18.02,18.87,03a60277o0069o
60279.853643,-21.298,1.811,-11,20,o,0,1.1,346.01523,-67.83287,1247.81,157.19,2.28,2.06,-58.5,-0.426,18.34,19.55,03a60280o0005o
60279.856523,-19.922,0.36,-39,14,o,0,1.31,346.01523,-67.83287,1268.21,195.26,2.3,2.08,-66.8,-0.427,19.12,20.34,03a60280o0011o
60279.863102,-18.078,1.284,-213,274,o,0,1.52,346.01523,-67.83287,1203.67,118.0,2.27,2.05,-72.5,-0.448,16.51,17.71,03a60280o0025o
60279.895949,19.147,3.0,80,239,o,0,1.17,346.01523,-67.83287,1172.18,236.87,2.51,2.28,-73.4,-0.442,16.73,18.04,03a60280o0091o
60281.03816,-21.41,2.05,-10,20,o,0,0.73,346.01523,-67.83287,8408.42,10379.53,2.4,1.93,4.8,-0.488,19.24,20.5,04a60281o0059o
60281.041814,20.705,1.058,19,20,o,0,0.73,346.01523,-67.83287,8424.51,10418.73,2.39,1.83,7.1,-0.502,19.26,20.58,04a60281o0067o
60281.04712,19.978,0.49,37,18,o,0,1.57,346.01523,-67.83287,8367.9,10333.87,2.48,2.34,21.2,-0.457,19.31,20.66,04a60281o0078o
60281.0573,-17.2,0.029,-479,14,o,0,10.93,346.01523,-67.83287,8345.29,10448.12,2.43,2.11,19.0,-0.43,19.31,20.6,04a60281o0100o
60281.058676,21.221,1.28,12,15,o,0,0.82,346.01523,-67.83287,1284.46,225.63,2.68,1.81,45.8,-0.482,19.32,20.62,04a60281o0103o
60281.079949,-21.074,1.383,-14,19,o,0,0.67,346.01523,-67.83287,1294.19,259.02,2.62,1.77,44.0,-0.489,19.33,20.65,04a60281o0148o
60281.082739,-20.818,0.85,-17,14,o,0,1.14,346.01523,-67.83287,1225.85,184.65,2.69,1.79,42.4,-0.482,19.28,20.64,04a60281o0154o
60281.088296,20.814,0.775,17,13,o,0,1.39,346.01523,-67.83287,1200.42,303.88,2.7,1.77,44.5,-0.475,19.34,20.66,04a60281o0166o
60282.789033,20.179,0.5,31,15,o,0,1.36,346.01523,-67.83287,9200.77,480.71,2.77,2.56,-55.8,-0.41,19.08,20.41,03a60283o0002o
60282.791877,20.487,0.775,23,18,o,0,1.02,346.01523,-67.83287,9218.58,519.67,3.33,2.97,-75.8,-0.379,18.9,20.44,03a60283o0008o
60282.79605,20.737,1.0,18,18,o,0,0.85,346.01523,-67.83287,6361.91,10434.06,3.46,2.96,-38.9,-0.36,19.08,20.57,03a60283o0017o
60282.797421,19.484,0.337,58,20,o,0,0.78,346.01523,-67.83287,9156.15,431.58,3.02,2.68,-58.2,-0.573,19.03,20.49,03a60283o0020o
60282.799905,-25.315,64.0,0,17,o,0,1.32,346.01523,-67.83287,6378.44,10475.23,3.48,2.88,-37.3,-0.374,19.06,20.53,03a60283o0025o
60282.805493,19.943,0.504,38,19,o,0,0.91,346.01523,-67.83287,6328.59,10391.41,3.53,3.06,-41.5,-0.371,19.04,20.57,03a60283o0037o
60282.808262,19.672,0.348,49,17,o,0,1.13,346.01523,-67.83287,9125.86,543.21,3.11,2.81,-60.3,-0.415,18.98,20.52,03a60283o0043o
60282.815427,19.509,0.302,57,17,o,0,1.43,346.01523,-67.83287,6306.63,10506.57,3.77,3.19,-42.8,-0.356,18.98,20.64,03a60283o0058o
60285.796842,20.38,0.629,26,16,o,0,0.75,346.01523,-67.83287,3224.85,1953.74,2.7,2.52,-68.6,-0.388,19.19,20.7,03a60286o0017o
60285.80009,20.936,0.795,15,12,o,0,1.9,346.01523,-67.83287,3244.86,1992.73,2.62,2.46,-65.3,-0.392,19.22,20.74,03a60286o0024o
60285.805281,22.206,2.759,5,13,o,0,1.08,346.01523,-67.83287,3183.55,1914.95,2.56,2.38,-68.6,-0.396,19.26,20.79,03a60286o0035o
60285.824937,20.123,0.503,32,16,o,0,1.08,346.01523,-67.83287,3154.54,2030.69,2.89,2.7,-66.7,-0.387,19.07,20.67,03a60286o0076o
60288.044045,-21.819,2.26,-7,15,o,0,1.07,346.01523,-67.83287,5640.02,8498.82,2.19,1.95,-14.3,-0.444,19.19,20.51,04a60288o0005o
60288.046855,20.588,0.687,21,14,o,0,1.06,346.01523,-67.83287,5656.42,8537.2,2.15,1.91,-13.9,-0.459,19.2,20.55,04a60288o0011o
60288.054284,20.42,0.628,25,16,o,0,0.71,346.01523,-67.83287,5599.86,8457.98,2.08,1.9,-13.5,-0.449,19.23,20.64,04a60288o0027o
60288.064398,-20.665,0.768,-20,15,o,0,0.87,346.01523,-67.83287,5574.05,8573.43,2.08,1.98,-48.5,-0.413,19.29,20.63,04a60288o0049o
60296.032473,-19.123,0.597,-81,49,o,0,1.3,346.01523,-67.83287,4354.72,6180.77,2.42,2.22,-49.6,-0.418,18.02,18.49,04a60296o0029o
60296.035727,19.284,0.429,70,30,o,0,1.27,346.01523,-67.83287,4372.66,6218.25,2.31,2.13,-41.8,-0.422,18.42,19.11,04a60296o0036o
60296.04534,21.987,2.744,6,16,o,0,1.3,346.01523,-67.83287,4309.65,6140.57,2.15,1.9,-53.1,-0.422,18.99,20.14,04a60296o0057o
60296.056967,-20.297,0.451,-28,12,o,0,1.79,346.01523,-67.83287,4286.27,6257.38,2.24,2.05,-33.6,-0.409,19.13,20.41,04a60296o0082o
60300.060013,-22.607,6.364,-3,21,o,0,1.02,346.01523,-67.83287,4568.68,4242.54,2.24,2.14,-63.5,-0.462,18.81,19.74,04a60300o0049o
60300.063328,-22.224,4.0,-5,19,o,0,1.15,346.01523,-67.83287,4587.95,4281.15,2.19,2.1,-69.5,-0.453,18.8,19.75,04a60300o0056o
60300.068874,-19.777,0.504,-45,22,o,0,0.78,346.01523,-67.83287,4525.98,4204.32,2.43,2.27,-74.5,-0.424,18.73,19.75,04a60300o0068o
60300.080111,-22.378,5.667,-4,23,o,0,1.02,346.01523,-67.83287,4499.65,4322.55,2.5,2.29,-78.5,-0.405,18.72,19.75,04a60300o0092o
60405.357953,-22.866,3.554,-3,9,o,0,1.41,346.01523,-67.83287,1626.97,10274.84,2.6,2.04,-61.2,-0.454,19.75,20.21,04a60405o0300o
60405.364883,-22.111,1.904,-5,10,o,0,1.34,346.01523,-67.83287,1603.75,10236.52,2.8,2.13,-64.9,-0.429,19.69,20.26,04a60405o0305o
60405.367637,21.548,1.015,9,9,o,0,0.94,346.01523,-67.83287,4077.33,184.89,2.32,2.22,35.0,-0.414,19.66,20.14,04a60405o0307o
60405.401478,20.953,0.654,15,10,o,0,1.3,346.01523,-67.83287,1655.7,10328.47,2.52,1.97,-64.7,-0.473,19.78,20.36,04a60405o0331o
60405.402856,21.659,1.022,8,8,o,0,1.12,346.01523,-67.83287,4053.37,154.41,2.29,2.19,9.5,-0.418,19.75,20.2,04a60405o0332o
60405.415701,21.155,1.187,12,15,o,0,1.38,346.01523,-67.83287,4106.87,238.64,2.2,2.14,-6.9,-0.408,19.1,19.03,04a60405o0341o
60408.392066,-22.135,1.514,-5,8,o,0,0.84,346.01523,-67.83287,8291.53,4160.73,2.49,2.27,-65.9,-0.398,19.87,20.4,04a60408o0325o
60408.399,-26.434,93.0,0,9,o,0,1.09,346.01523,-67.83287,8270.79,4126.39,2.57,2.32,-74.6,-0.393,19.83,20.38,04a60408o0330o
60408.408958,22.022,1.108,6,6,o,0,3.09,346.01523,-67.83287,8327.41,4204.9,2.38,2.2,-55.5,-0.49,19.76,20.13,04a60408o0337o
60420.395158,18.962,0.177,94,17,o,0,1.29,346.01523,-67.83287,8157.09,6121.51,2.43,2.23,-44.2,-0.398,19.13,20.35,04a60420o0931o
60420.400605,19.128,0.226,81,18,o,0,0.92,346.01523,-67.83287,8135.91,6087.05,2.43,2.14,-30.5,-0.412,19.15,20.39,04a60420o0942o
60420.417962,19.225,0.272,74,20,o,0,1.3,346.01523,-67.83287,8198.04,6167.22,2.4,2.12,-26.3,-0.416,18.91,19.85,04a60420o0977o
60420.421747,19.425,0.438,62,27,o,0,1.32,346.01523,-67.83287,8216.57,6052.29,2.36,2.12,-35.5,-0.419,18.65,19.26,04a60420o0985o
60422.143519,19.938,0.51,38,20,o,0,1.13,346.01523,-67.83287,629.63,5820.47,2.87,2.49,-62.1,-0.384,18.98,20.1,03a60422o0240o
60422.161492,21.257,1.219,11,14,o,0,0.96,346.01523,-67.83287,611.57,5768.04,2.58,2.21,-62.5,-0.403,19.33,20.61,03a60422o0275o
60422.163888,22.377,3.077,4,12,o,0,1.72,346.01523,-67.83287,669.31,5852.98,2.56,2.22,-61.5,-0.402,19.29,20.61,03a60422o0280o
60422.166773,20.957,0.939,15,14,o,0,1.03,346.01523,-67.83287,691.22,5738.14,2.52,2.18,-61.7,-0.41,19.27,20.51,03a60422o0286o
60424.347244,20.403,1.895,25,48,o,0,1.25,346.01523,-67.83287,3009.5,4052.25,2.44,2.38,-71.0,-0.399,17.81,18.13,04a60424o0823o
60424.350434,-22.893,23.273,-2,59,o,0,1.28,346.01523,-67.83287,2990.66,4013.26,2.56,2.39,-54.5,-0.395,17.63,17.8,04a60424o0830o
60424.353604,19.637,0.769,51,39,o,0,1.2,346.01523,-67.83287,3047.39,4093.9,2.56,2.39,-41.8,-0.409,18.12,18.43,04a60424o0837o
60424.375288,-19.812,0.77,-43,33,o,0,1.09,346.01523,-67.83287,3065.16,3985.85,2.65,2.54,-88.1,-0.369,18.27,18.8,04a60424o0883o
60428.34672,23.126,10.733,2,22,o,0,1.25,346.01523,-67.83287,1465.7,2118.29,2.33,2.0,39.5,-0.402,18.68,19.44,04a60428o0839o
60428.349919,19.683,0.434,49,21,o,0,1.62,346.01523,-67.83287,1446.58,2078.31,2.49,2.18,39.4,-0.376,18.62,19.42,04a60428o0846o
60428.36521,19.864,0.537,41,22,o,0,1.18,346.01523,-67.83287,1503.56,2165.22,2.36,2.03,41.6,-0.39,18.72,19.4,04a60428o0876o
60428.37213,20.922,1.672,16,26,o,0,0.63,346.01523,-67.83287,1520.7,2051.28,2.33,2.0,40.6,-0.401,18.74,19.49,04a60428o0891o
60428.373991,21.19,2.032,12,25,o,0,1.28,346.01523,-67.83287,10250.54,1945.44,2.75,2.46,-31.6,-0.346,18.71,19.43,04a60428o0895o
60428.376837,20.008,0.841,36,30,o,0,0.65,346.01523,-67.83287,10232.52,1909.87,2.86,2.56,-30.8,-0.352,18.65,19.4,04a60428o0901o
60428.383386,19.502,0.443,57,25,o,0,0.97,346.01523,-67.83287,10287.91,1982.56,2.66,2.56,-55.7,-0.359,18.67,19.45,04a60428o0915o
60428.400288,21.025,1.609,14,23,o,0,1.71,346.01523,-67.83287,10309.18,1871.89,3.12,2.32,-32.3,-0.353,18.77,19.5,04a60428o0950o
60432.360768,-20.169,0.66,-31,20,o,0,1.1,346.01523,-67.83287,1614.03,10302.09,2.61,1.87,-74.5,-0.434,18.87,19.73,04a60432o0877o
60432.361218,-20.429,0.802,-24,20,o,0,1.25,346.01523,-67.83287,4078.23,208.86,2.18,1.96,42.3,-0.426,18.86,19.71,04a60432o0878o
60432.385678,22.358,5.444,4,22,o,0,0.89,346.01523,-67.83287,1596.3,10271.71,2.58,2.0,-71.8,-0.426,18.85,19.71,04a60432o0929o
60432.386161,-21.162,1.522,-12,19,o,0,1.12,346.01523,-67.83287,4066.79,179.39,2.29,2.05,46.3,-0.405,18.88,19.66,04a60432o0930o
60432.396342,-19.851,0.492,-42,20,o,0,1.42,346.01523,-67.83287,1666.49,10361.31,2.55,1.92,-71.6,-0.445,18.85,19.73,04a60432o0952o
60432.40017,-22.646,5.409,-3,17,o,0,1.69,346.01523,-67.83287,1689.84,10245.51,2.5,1.91,-73.6,-0.447,18.95,19.76,04a60432o0960o
60432.401107,24.333,31.6,1,21,o,0,0.68,346.01523,-67.83287,4126.4,267.21,2.18,1.97,38.4,-0.389,18.91,19.72,04a60432o0962o
60432.412002,21.477,1.89,9,18,o,0,0.99,346.01523,-67.83287,4149.58,150.46,2.04,1.99,66.2,-0.418,18.9,19.72,04a60432o0984o
60434.129257,-20.801,1.405,-17,24,o,0,1.13,346.01523,-67.83287,8201.97,4257.28,2.41,2.16,-51.1,-0.424,17.98,18.84,03a60434o0893o
60434.147569,19.505,1.088,57,62,o,0,1.39,346.01523,-67.83287,8185.72,4227.43,2.37,2.1,-51.5,-0.425,17.18,18.25,03a60434o0931o
60434.163247,20.418,1.333,25,33,o,0,1.03,346.01523,-67.83287,8244.74,4303.11,2.57,2.34,-56.5,-0.397,18.15,19.01,03a60434o0961o
60434.168148,17.768,1.632,284,463,o,0,1.59,346.01523,-67.83287,8267.22,4181.71,2.61,2.47,-49.5,-0.41,15.81,16.64,03a60434o0971o
60436.377569,21.022,1.25,14,18,o,0,1.34,346.01523,-67.83287,7535.05,8597.61,2.64,2.3,-66.3,-0.404,19.04,20.24,04a60436o0925o
60436.380815,20.036,0.529,35,19,o,0,0.89,346.01523,-67.83287,7513.68,8561.17,2.45,2.24,-48.3,-0.373,19.01,20.31,04a60436o0932o
60436.387346,20.733,1.121,18,21,o,0,1.19,346.01523,-67.83287,7578.24,8638.14,2.75,2.66,-42.2,-0.351,18.88,20.24,04a60436o0946o
60436.405341,20.017,0.535,36,19,o,0,0.96,346.01523,-67.83287,7604.12,8530.23,2.3,2.06,-33.2,-0.403,19.08,20.22,04a60436o0984o
60440.32433,20.177,0.653,31,20,o,0,0.87,346.01523,-67.83287,4050.03,8349.52,2.48,2.1,-72.1,-0.429,18.96,20.13,04a60440o0811o
60440.327579,22.509,5.591,4,20,o,0,0.8,346.01523,-67.83287,4028.49,8311.1,2.48,2.16,-68.8,-0.396,18.95,20.06,04a60440o0818o
60440.348779,24.13,20.2,1,16,o,0,1.01,346.01523,-67.83287,4093.14,8399.89,2.73,2.15,-76.6,-0.387,18.97,20.23,04a60440o0861o
60440.353933,20.468,0.807,24,19,o,0,1.02,346.01523,-67.83287,4114.32,8284.84,2.7,2.23,-75.8,-0.425,18.94,20.22,04a60440o0872o
60442.072493,-20.764,0.844,-18,15,c,0,0.77,346.01523,-67.83287,4568.29,5932.96,2.83,2.5,-40.6,-0.354,19.18,20.72,03a60442o0816c
60442.093914,-21.914,2.355,-6,15,c,0,0.85,346.01523,-67.83287,4545.06,5892.89,2.9,2.64,-35.6,-0.354,19.21,20.8,03a60442o0860c
60442.09765,-23.038,5.636,-2,12,c,0,1.2,346.01523,-67.83287,4601.54,5970.55,2.86,2.67,-41.1,-0.356,19.18,20.83,03a60442o0868c
60442.102854,-23.093,5.333,-2,11,c,0,1.39,346.01523,-67.83287,4625.18,5851.79,2.74,2.44,-36.6,-0.357,19.28,20.82,03a60442o0879c
60442.180429,-23.431,17.4,-2,27,c,0,0.71,346.01523,-67.83287,4587.42,5897.61,2.63,2.31,-50.5,-0.34,18.61,19.29,03a60442o1037c
60446.13736,19.223,0.171,74,13,c,0,0.85,346.01523,-67.83287,6318.38,4406.44,2.48,2.29,-54.4,-0.394,19.4,21.01,03a60446o0922c
60446.140175,19.223,0.16,74,12,c,0,0.98,346.01523,-67.83287,6299.37,4367.71,2.59,2.36,-56.3,-0.39,19.39,21.03,03a60446o0928c
60446.150068,19.602,0.252,52,13,c,0,0.72,346.01523,-67.83287,6355.85,4444.23,2.63,2.47,-52.3,-0.396,19.35,21.08,03a60446o0948c
60446.166793,19.283,0.172,70,12,c,0,1.01,346.01523,-67.83287,6379.95,4325.14,2.54,2.37,-59.5,-0.395,19.39,21.05,03a60446o0981c
60448.380791,-22.249,3.704,-5,17,o,0,0.74,346.01523,-67.83287,7095.06,487.22,2.48,2.4,-11.4,-0.385,19.12,20.33,04a60448o0938o
60448.384022,-21.639,1.646,-8,13,o,0,1.46,346.01523,-67.83287,7079.28,450.11,2.42,2.34,-9.3,-0.407,19.16,20.35,04a60448o0945o
60448.407275,21.549,1.412,9,12,o,0,1.35,346.01523,-67.83287,7146.53,541.0,2.6,2.37,-20.6,-0.373,19.23,20.55,04a60448o0994o
60448.418813,-20.01,0.37,-36,13,o,0,1.28,346.01523,-67.83287,7173.27,424.73,2.43,2.24,-27.5,-0.396,19.26,20.58,04a60448o1018o
60450.109091,20.435,1.176,24,29,o,0,1.42,346.01523,-67.83287,6048.1,6336.18,2.26,2.03,-45.9,-0.417,18.22,19.17,03a60450o0880o
60450.112487,19.237,1.528,73,112,o,0,1.5,346.01523,-67.83287,6028.03,6296.72,2.26,1.98,-46.5,-0.419,16.89,17.82,03a60450o0887o
60450.117887,-21.774,4.963,-7,35,o,0,0.77,346.01523,-67.83287,6086.33,6372.21,2.29,2.05,-46.0,-0.421,18.34,19.22,03a60450o0898o
60450.136677,-19.721,0.366,-47,17,o,0,0.98,346.01523,-67.83287,6109.54,6254.31,2.19,1.93,-47.3,-0.435,19.17,20.07,03a60450o0937o
60456.35319,-20.885,1.473,-16,24,o,0,1.51,346.01523,-67.83287,8440.93,2251.33,2.56,2.41,-25.8,-0.368,18.58,19.19,04a60456o0857o
60456.356006,20.185,0.791,31,24,o,0,1.18,346.01523,-67.83287,8424.7,2214.55,2.56,2.29,-30.7,-0.374,18.57,19.19,04a60456o0863o
60456.363374,-20.274,0.849,-28,24,o,0,1.66,346.01523,-67.83287,8482.15,2291.99,2.6,2.47,-36.1,-0.379,18.52,19.19,04a60456o0877o
60456.380899,-19.814,0.664,-43,29,o,0,1.12,346.01523,-67.83287,8511.16,2181.82,2.73,2.62,-26.5,-0.345,18.55,19.17,04a60456o0914o
60458.12297,-23.212,12.0,-2,23,o,0,1.21,346.01523,-67.83287,9407.35,8448.08,2.67,2.16,-46.1,-0.398,18.83,19.45,03a60458o0917o
60458.128146,-20.477,0.89,-23,21,o,0,1.29,346.01523,-67.83287,9387.53,8405.69,2.57,2.17,-48.4,-0.398,18.84,19.44,03a60458o0927o
60458.131163,-21.795,3.044,-7,21,o,0,1.07,346.01523,-67.83287,9447.62,8483.0,2.61,2.18,-50.5,-0.4,18.86,19.47,03a60458o0933o
60458.138088,-20.936,1.381,-15,21,o,0,1.06,346.01523,-67.83287,9471.52,8365.28,2.54,2.12,-47.5,-0.397,18.88,19.47,03a60458o0947o
60464.400034,-20.653,1.217,-20,24,c,0,0.83,346.01523,-67.83287,3862.27,10359.09,2.88,1.86,-67.5,-0.389,18.4,20.13,04a60464o0767c
60464.405581,21.877,2.143,6,14,c,0,0.69,346.01523,-67.83287,3844.32,10322.23,2.92,1.9,-66.5,-0.387,19.21,21.03,04a60464o0779c
60464.409453,-21.331,2.028,-11,22,c,0,0.93,346.01523,-67.83287,3914.15,10403.64,3.05,1.92,-68.4,-0.366,18.64,20.43,04a60464o0787c
60464.432823,-19.021,2.316,-90,207,c,0,1.07,346.01523,-67.83287,3956.24,10294.2,2.97,1.95,-71.5,-0.371,15.37,16.9,04a60464o0836c
60468.287836,-22.885,4.933,-2,13,c,0,0.86,346.01523,-67.83287,564.96,192.36,3.31,1.9,38.5,-0.445,19.46,21.35,04a60468o0751c
60468.289649,22.038,2.235,6,12,c,0,1.07,346.01523,-67.83287,548.43,149.0,3.04,1.81,37.1,-0.477,19.47,21.33,04a60468o0755c
60468.291451,-21.433,1.17,-10,11,c,0,1.28,346.01523,-67.83287,8823.99,249.39,2.94,2.63,-17.1,-0.329,19.39,21.26,04a60468o0759c
60468.301632,-20.625,0.05,-20,1,c,0,2.55,346.01523,-67.83287,7345.39,10527.74,3.0,2.03,-70.8,-0.399,19.46,21.27,04a60468o0780c
60468.302095,21.865,1.921,6,12,c,0,1.07,346.01523,-67.83287,608.5,236.44,3.03,1.8,36.9,-0.473,19.49,21.35,04a60468o0781c
60468.312307,-21.329,1.019,-11,11,c,0,1.15,346.01523,-67.83287,8813.71,222.13,2.97,2.62,-20.9,-0.324,19.5,21.29,04a60468o0803c
60468.312777,21.032,1.11,14,16,c,0,1.32,346.01523,-67.83287,629.44,125.6,3.07,1.8,39.4,-0.473,19.5,21.34,04a60468o0804c
60468.313233,-21.325,1.164,-11,12,c,0,1.37,346.01523,-67.83287,7435.93,10492.22,2.97,2.0,-67.5,-0.393,19.45,21.28,04a60468o0805c
60468.315092,-22.914,4.417,-2,11,c,0,1.18,346.01523,-67.83287,8867.72,297.18,3.0,2.65,-24.1,-0.327,19.51,21.28,04a60468o0809c
60468.328988,-20.59,0.594,-21,12,c,0,0.87,346.01523,-67.83287,8892.01,180.01,2.85,2.56,-13.7,-0.349,19.4,21.23,04a60468o0838c
60477.937137,17.433,0.685,386,265,o,0,2.06,346.01523,-67.83287,10197.89,2061.82,2.7,2.42,-50.1,-0.383,17.24,17.88,03a60478o0537o
60477.940054,18.93,1.025,97,100,o,0,1.3,346.01523,-67.83287,10177.09,2035.62,2.57,2.37,-47.5,-0.397,17.14,17.97,03a60478o0543o
60477.945292,18.619,0.351,130,46,o,0,0.92,346.01523,-67.83287,10231.08,2110.25,2.6,2.28,-56.3,-0.387,18.32,19.2,03a60478o0554o
60477.955158,-21.222,3.448,-12,41,o,0,1.15,346.01523,-67.83287,10252.43,1995.08,2.54,2.23,-56.9,-0.401,18.56,19.46,03a60478o0575o
60478.062968,21.179,1.129,12,14,o,0,1.05,346.01523,-67.83287,1456.35,2011.69,2.56,2.32,-70.8,-0.401,19.21,20.69,03a60478o0804o
60478.065266,20.653,0.638,20,13,o,0,1.04,346.01523,-67.83287,1438.97,1969.86,2.6,2.25,-76.7,-0.401,19.24,20.69,03a60478o0809o
60478.070751,22.281,2.933,4,13,o,0,1.09,346.01523,-67.83287,1495.97,2052.27,2.38,2.08,-65.4,-0.418,19.33,20.7,03a60478o0821o
60478.076262,20.401,0.433,25,11,o,0,1.61,346.01523,-67.83287,1517.21,1935.98,2.4,2.08,-66.5,-0.411,19.26,20.59,03a60478o0833o
60482.01687,18.946,0.473,96,45,o,0,1.06,346.01523,-67.83287,1365.8,10175.76,3.12,2.78,-43.0,-0.391,18.29,18.67,03a60482o0712o
60482.019162,-23.199,19.778,-2,38,o,0,1.46,346.01523,-67.83287,1345.31,10133.61,2.92,2.55,-41.9,-0.396,18.32,18.65,03a60482o0717o
60482.020145,-20.379,1.081,-26,28,o,0,1.97,346.01523,-67.83287,4100.47,186.43,2.6,2.42,-16.3,-0.352,18.3,18.69,03a60482o0719o
60482.022013,20.501,2.054,23,47,o,0,0.78,346.01523,-67.83287,1407.73,10217.45,3.1,2.78,-36.0,-0.397,18.25,18.63,03a60482o0723o
60482.022988,20.721,1.729,19,32,o,0,1.31,346.01523,-67.83287,4084.4,145.97,2.63,2.51,-58.4,-0.312,18.26,18.68,03a60482o0725o
60482.034894,21.998,6.441,6,37,o,0,0.81,346.01523,-67.83287,4142.7,224.4,2.57,2.42,-55.5,-0.335,18.29,18.68,03a60482o0750o
60482.03676,23.064,18.667,2,40,o,0,1.42,346.01523,-67.83287,1429.4,10096.97,3.08,2.69,-33.5,-0.398,18.22,18.53,03a60482o0754o
60482.039601,22.784,11.294,3,32,o,0,0.97,346.01523,-67.83287,4163.64,106.59,2.55,2.36,-67.2,-0.341,18.31,18.66,03a60482o0760o
60484.363538,-21.495,3.24,-9,30,o,0,1.15,346.01523,-67.83287,8364.96,4240.75,2.74,2.36,-17.3,-0.397,18.37,18.9,04a60484o0105o
60484.390051,-19.325,0.454,-68,31,o,0,1.1,346.01523,-67.83287,8371.34,4213.27,2.66,2.36,-19.1,-0.395,18.45,18.94,04a60484o0161o
60484.414093,-19.691,0.53,-48,26,o,0,0.82,346.01523,-67.83287,2489.47,6386.35,2.41,2.18,-61.1,-0.412,18.52,19.01,04a60484o0211o
60484.43193,-20.116,0.812,-33,26,o,0,1.42,346.01523,-67.83287,2459.95,6490.9,2.66,2.32,-73.9,-0.367,18.43,19.08,04a60484o0248o
60486.067529,20.557,1.027,22,22,o,0,1.19,346.01523,-67.83287,7320.17,8636.36,2.47,2.1,-47.8,-0.411,18.7,19.17,03a60486o0817o
60486.069845,19.716,0.505,47,24,o,0,1.11,346.01523,-67.83287,7299.2,8599.36,2.5,2.14,-43.3,-0.408,18.69,19.18,03a60486o0822o
60486.072659,-20.924,1.454,-16,22,o,0,1.43,346.01523,-67.83287,7360.28,8675.53,2.62,2.2,-45.9,-0.399,18.68,19.17,03a60486o0828o
60486.079119,-20.868,1.704,-16,28,o,0,1.12,346.01523,-67.83287,7383.98,8559.89,2.84,2.56,-42.8,-0.391,18.6,19.21,03a60486o0842o
60492.341727,-21.086,0.916,-13,12,o,0,1.12,346.01523,-67.83287,4763.33,6001.3,2.0,1.84,-45.7,-0.449,19.35,20.6,04a60492o0862o
60492.3672,-20.158,0.391,-31,12,o,0,0.96,346.01523,-67.83287,4767.56,5970.05,2.04,1.92,-31.7,-0.457,19.37,20.64,04a60492o0916o
60492.390289,-20.541,0.794,-22,18,o,0,0.66,346.01523,-67.83287,6107.99,4656.6,2.31,2.07,-27.4,-0.483,19.25,20.56,04a60492o0965o
60492.402802,21.54,2.111,9,19,o,0,1.06,346.01523,-67.83287,6081.39,4763.63,2.38,2.19,-5.7,-0.62,19.21,20.53,04a60492o0991o
60496.334596,-21.662,1.891,-8,15,o,0,0.79,346.01523,-67.83287,6485.82,4436.6,2.21,1.92,-20.4,-0.439,19.24,20.37,04a60496o0846o
60496.336411,21.122,1.085,13,14,o,0,1.0,346.01523,-67.83287,6467.78,4399.36,2.16,1.95,-28.3,-0.437,19.22,20.35,04a60496o0850o
60496.339603,-20.572,0.511,-21,11,o,0,2.04,346.01523,-67.83287,6528.41,4476.52,2.16,1.93,-24.7,-0.454,19.26,20.36,04a60496o0857o
60496.348628,-20.549,0.594,-22,13,o,0,1.24,346.01523,-67.83287,6557.74,4363.75,2.16,1.97,-27.7,-0.458,19.23,20.41,04a60496o0876o
60498.044363,-22.336,2.75,-4,12,c,0,0.99,346.01523,-67.83287,7102.9,520.85,2.68,2.47,-52.2,-0.365,19.42,21.27,03a60498o0772c
60498.047524,21.266,0.937,11,11,c,0,1.4,346.01523,-67.83287,7087.98,481.93,2.72,2.47,-57.2,-0.37,19.37,21.22,03a60498o0779c
60498.061817,21.839,1.559,7,10,c,0,1.23,346.01523,-67.83287,7146.01,555.29,2.85,2.59,-57.5,-0.364,19.39,21.3,03a60498o0810c
60498.065424,-21.073,0.757,-14,10,c,0,1.13,346.01523,-67.83287,7166.9,439.05,2.76,2.5,-54.6,-0.365,19.42,21.33,03a60498o0818c
60500.289496,21.473,1.329,9,12,o,0,1.08,346.01523,-67.83287,6241.63,6362.66,2.2,1.87,-56.8,-0.436,19.43,20.93,04a60500o0747o
60500.291317,-21.557,1.528,-9,13,o,0,0.67,346.01523,-67.83287,6221.82,6325.83,2.17,1.89,-41.8,-0.432,19.44,20.91,04a60500o0751o
60500.294517,-21.177,0.953,-12,12,o,0,0.89,346.01523,-67.83287,6284.92,6403.54,2.12,1.85,-32.5,-0.439,19.44,20.88,04a60500o0758o
60500.299627,-20.514,0.588,-23,13,o,0,0.71,346.01523,-67.83287,6308.03,6289.06,2.08,1.83,-31.6,-0.438,19.42,20.87,04a60500o0769o
60504.298576,-21.896,1.755,-6,11,o,0,0.98,346.01523,-67.83287,2796.38,6037.96,2.31,2.0,89.0,-0.385,19.43,21.05,04a60504o0773o
60504.30039,-20.659,0.459,-20,9,o,0,1.26,346.01523,-67.83287,2780.53,6000.16,2.13,1.91,-83.8,-0.399,19.48,21.07,04a60504o0777o
60504.323219,22.869,2.955,3,8,o,0,1.44,346.01523,-67.83287,2859.97,6087.87,2.13,1.91,-73.5,-0.416,19.5,21.13,04a60504o0826o
60504.35212,-20.72,0.738,-19,14,o,0,0.55,346.01523,-67.83287,8056.23,4751.36,2.33,2.07,-24.2,-0.454,19.51,21.14,04a60504o0887o
60508.290263,-22.942,7.533,-2,18,o,0,1.14,346.01523,-67.83287,9670.62,8395.64,2.51,2.08,-9.1,-0.439,19.08,20.09,04a60508o0733o
60508.293425,-20.782,0.796,-18,14,o,0,2.49,346.01523,-67.83287,9652.29,8360.31,2.52,2.11,-6.5,-0.419,19.01,20.09,04a60508o0740o
60508.296605,-20.102,0.565,-33,19,o,0,0.96,346.01523,-67.83287,9718.86,8433.93,2.56,1.96,-2.1,-0.422,19.05,20.05,04a60508o0747o
60508.309463,19.804,0.393,44,17,o,0,0.96,346.01523,-67.83287,9751.1,8319.4,2.45,1.92,-5.4,-0.446,19.09,20.11,04a60508o0775o
60514.002891,-16.535,0.313,-883,277,o,0,1.21,346.01523,-67.83287,3575.2,10236.72,2.88,2.42,-33.5,-0.449,16.55,16.43,03a60514o0669o
60514.005628,-17.791,0.85,-278,236,o,0,1.77,346.01523,-67.83287,5900.5,142.79,2.33,2.12,-50.6,-0.492,16.59,16.57,03a60514o0675o
60514.007925,-16.995,0.402,-578,232,o,0,1.8,346.01523,-67.83287,3617.33,10277.6,2.8,2.31,-37.2,-0.371,16.58,16.36,03a60514o0680o
60514.013031,18.337,0.755,168,127,o,0,1.32,346.01523,-67.83287,3642.62,10159.71,2.66,2.24,-40.7,-0.378,17.42,17.63,03a60514o0691o
60516.232689,-20.016,0.495,-36,18,o,0,0.96,346.01523,-67.83287,4934.46,4050.0,2.07,2.02,-2.4,-0.461,18.97,19.86,04a60516o0615o
60516.237812,20.003,0.545,36,20,o,0,0.63,346.01523,-67.83287,4921.88,4015.13,2.33,2.11,-54.9,-0.438,18.87,19.85,04a60516o0626o
60516.257276,-21.915,2.659,-6,16,o,0,1.86,346.01523,-67.83287,4992.27,4098.91,2.41,2.19,-53.7,-0.434,18.9,19.88,04a60516o0666o
60516.260473,-20.994,1.411,-14,20,o,0,0.94,346.01523,-67.83287,5014.17,3984.31,2.47,2.12,-26.1,-0.449,18.92,19.88,04a60516o0673o
60520.283352,22.983,7.467,2,17,o,0,0.88,346.01523,-67.83287,8241.99,6193.61,2.34,1.9,-14.0,-0.435,19.24,20.36,04a60520o0706o
60520.285204,21.996,2.146,6,12,o,0,1.83,346.01523,-67.83287,8223.58,6157.85,2.36,1.95,-9.7,-0.434,19.22,20.35,04a60520o0710o
60520.287983,-20.406,0.533,-25,13,o,0,1.24,346.01523,-67.83287,8285.94,6232.51,2.39,1.92,-11.3,-0.439,19.22,20.34,04a60520o0716o
60520.293084,-20.438,0.644,-24,16,o,0,1.01,346.01523,-67.83287,8309.54,6117.2,2.32,1.96,-12.4,-0.434,19.21,20.38,04a60520o0727o
60521.990689,-21.071,0.895,-14,12,o,0,0.79,346.01523,-67.83287,661.14,5794.55,2.41,2.08,-68.0,-0.42,19.49,20.9,03a60522o0635o
60521.99253,-22.008,2.189,-6,12,o,0,0.98,346.01523,-67.83287,642.35,5753.38,2.43,2.2,-56.7,-0.429,19.44,20.9,03a60522o0639o
60521.995265,-20.573,0.581,-21,12,o,0,0.75,346.01523,-67.83287,701.2,5837.9,2.43,2.08,-64.9,-0.425,19.48,20.88,03a60522o0645o
60522.00031,-21.355,1.182,-10,12,o,0,0.94,346.01523,-67.83287,725.02,5724.3,2.36,2.01,-67.0,-0.422,19.5,20.87,03a60522o0656o
60522.024206,-21.626,1.778,-8,14,o,0,0.77,346.01523,-67.83287,10033.86,6005.07,2.37,1.98,-52.0,-0.39,19.48,20.84,03a60522o0707o
60522.026977,-26.077,87.0,0,12,o,0,1.34,346.01523,-67.83287,10013.73,5969.03,2.46,1.99,-52.6,-0.385,19.44,20.84,03a60522o0713o
60522.029712,-20.168,0.295,-31,9,o,0,2.06,346.01523,-67.83287,10072.35,6042.06,2.43,2.0,-53.4,-0.386,19.45,20.88,03a60522o0719o
60522.035175,22.018,1.902,6,11,o,0,1.18,346.01523,-67.83287,10096.79,5924.94,2.34,2.13,-47.9,-0.392,19.45,20.86,03a60522o0731o
60526.033645,-22.981,7.25,-2,17,o,0,1.15,346.01523,-67.83287,8793.72,2362.18,2.71,2.33,-62.3,-0.39,19.06,20.38,03a60526o0725o
60526.036432,-21.976,3.0,-6,18,o,0,0.97,346.01523,-67.83287,8813.45,2403.29,2.7,2.29,-61.5,-0.394,19.03,20.4,03a60526o0731o
60528.259734,21.176,1.282,12,16,c,0,0.81,346.01523,-67.83287,10337.07,2018.27,4.09,3.06,-24.3,-0.291,19.22,21.36,04a60528o0523c
60528.262482,20.241,0.461,29,13,c,0,1.15,346.01523,-67.83287,10320.56,1982.66,3.86,2.98,-22.0,-0.28,19.27,21.35,04a60528o0529c
60528.284302,21.02,1.06,14,15,c,0,1.02,346.01523,-67.83287,9325.72,8545.46,3.53,3.22,-66.5,-0.307,19.24,21.29,04a60528o0574c
60528.291335,20.499,0.6,23,14,c,0,1.13,346.01523,-67.83287,10405.83,2063.74,3.89,3.01,-21.8,-0.264,19.27,21.33,04a60528o0589c
60528.29544,20.225,0.505,30,15,c,0,0.78,346.01523,-67.83287,10426.45,1944.9,3.97,3.07,-22.0,-0.261,19.27,21.33,04a60528o0598c
60528.308421,-23.352,7.571,-2,12,c,0,1.12,346.01523,-67.83287,9332.37,8570.57,3.22,2.91,-55.8,-0.322,19.35,21.29,04a60528o0626c
60528.316788,-22.468,3.235,-4,12,c,0,1.21,346.01523,-67.83287,9273.0,8482.12,3.0,2.72,-58.0,-0.371,19.42,21.32,04a60528o0644c
60528.341839,-21.819,1.828,-7,12,c,0,1.12,346.01523,-67.83287,9244.19,8582.68,3.09,2.82,-58.8,-0.356,19.35,21.24,04a60528o0698c
60529.978141,23.271,5.462,2,10,o,0,1.43,346.01523,-67.83287,2412.09,150.69,2.3,2.08,-55.2,-0.408,19.47,20.9,03a60530o0601o
60529.980925,-20.707,0.518,-19,10,o,0,1.59,346.01523,-67.83287,2397.18,110.02,2.26,2.1,-57.1,-0.404,19.48,20.91,03a60530o0607o
60529.983803,-22.385,2.967,-4,12,o,0,0.95,346.01523,-67.83287,2449.25,193.41,2.31,2.07,-62.1,-0.396,19.46,20.92,03a60530o0613o
60529.988885,20.924,0.78,16,12,o,0,1.22,346.01523,-67.83287,2470.37,76.62,2.23,2.06,-56.2,-0.41,19.49,20.94,03a60530o0624o
60529.992616,-20.226,0.481,-30,14,o,0,1.36,346.01523,-67.83287,9323.31,10423.19,2.81,2.16,-45.5,-0.463,19.45,20.89,03a60530o0632o
60529.994418,-21.639,1.652,-8,13,o,0,1.12,346.01523,-67.83287,9301.38,10386.21,2.75,2.11,-44.4,-0.465,19.48,20.92,03a60530o0636o
60529.998048,-21.806,1.65,-7,11,o,0,1.64,346.01523,-67.83287,9366.41,10460.45,2.7,2.07,-44.3,-0.47,19.46,20.89,03a60530o0644o
60530.020215,21.964,2.697,6,16,o,0,0.78,346.01523,-67.83287,9388.53,10343.25,2.81,2.13,-45.6,-0.459,19.43,20.88,03a60530o0691o
60532.272659,-23.182,6.333,-2,12,c,0,1.39,346.01523,-67.83287,9285.56,378.94,3.12,2.63,-10.1,-0.351,19.39,21.22,04a60532o0364c
60532.275426,22.115,2.636,5,14,c,0,0.92,346.01523,-67.83287,9303.67,418.29,3.4,2.68,-20.4,-0.335,19.35,21.22,04a60532o0370c
60532.285501,22.159,2.409,5,12,c,0,1.29,346.01523,-67.83287,9233.61,327.48,3.34,2.65,-16.5,-0.326,19.35,21.22,04a60532o0392c
60532.291071,20.03,0.335,35,12,c,0,1.13,346.01523,-67.83287,9206.61,439.66,3.29,2.66,-23.2,-0.333,19.39,21.35,04a60532o0404c
60532.294767,-22.394,2.75,-4,11,c,0,1.04,346.01523,-67.83287,6683.07,10422.11,3.32,2.32,-71.4,-0.338,19.48,21.38,04a60532o0412c
60532.29795,24.513,25.333,1,14,c,0,0.87,346.01523,-67.83287,6698.13,10459.64,3.25,2.22,-70.6,-0.34,19.53,21.37,04a60532o0419c
60532.303472,21.89,1.543,6,10,c,0,0.92,346.01523,-67.83287,6642.05,10375.08,3.14,2.19,-72.0,-0.354,19.5,21.37,04a60532o0431c
60532.313311,-24.536,22.333,-1,12,c,0,1.49,346.01523,-67.83287,6619.42,10486.3,3.14,2.19,-68.6,-0.366,19.48,21.37,04a60532o0452c
60536.23758,-20.267,0.916,-28,26,o,0,1.09,346.01523,-67.83287,7610.18,8656.39,2.27,1.96,-10.7,-0.38,18.57,19.55,04a60536o0593o
60536.239388,20.947,1.049,15,16,o,0,1.19,346.01523,-67.83287,7590.72,8619.55,2.22,1.91,-23.8,-0.394,19.26,20.36,04a60536o0597o
60536.242589,-20.996,1.23,-14,18,o,0,1.0,346.01523,-67.83287,7657.55,8695.15,2.3,2.04,-30.6,-0.426,19.21,20.33,04a60536o0604o
60536.265147,-20.501,0.742,-23,17,o,0,0.74,346.01523,-67.83287,7700.27,8585.5,2.19,1.91,-19.8,-0.417,19.19,20.35,04a60536o0652o
60537.948991,21.787,5.075,7,36,o,0,1.06,346.01523,-67.83287,5124.47,2079.45,2.27,2.16,-47.5,-0.429,18.34,18.88,03a60538o0508o
60537.974341,-19.511,1.051,-57,60,o,0,1.36,346.01523,-67.83287,5113.51,2039.54,2.43,2.25,-53.0,-0.413,17.56,17.87,03a60538o0563o
60537.982486,19.912,1.281,39,50,o,0,0.72,346.01523,-67.83287,5167.08,2118.17,2.36,2.22,-53.1,-0.42,17.97,18.4,03a60538o0581o
60537.985641,21.721,6.129,7,46,o,0,1.2,346.01523,-67.83287,5188.85,2001.91,2.37,2.23,-51.6,-0.415,17.83,18.26,03a60538o0588o
60542.004247,-19.932,1.102,-39,43,o,0,1.53,346.01523,-67.83287,5971.89,4666.23,2.25,2.11,-55.4,-0.452,18.01,17.97,03a60542o0555o
60542.007406,-21.22,3.562,-12,42,o,0,1.21,346.01523,-67.83287,5990.88,4706.17,2.38,2.21,-61.2,-0.445,17.92,18.0,03a60542o0562o
60542.035648,22.076,7.939,5,43,o,0,1.47,346.01523,-67.83287,5934.75,4630.71,2.36,2.21,-59.8,-0.438,17.87,17.88,03a60542o0622o
60542.042414,20.23,1.789,29,53,o,0,0.71,346.01523,-67.83287,5912.66,4745.22,2.46,2.31,-63.5,-0.442,17.84,17.91,03a60542o0637o
60545.945582,-19.297,0.845,-69,59,o,0,0.85,346.01523,-67.83287,6362.15,4417.25,2.47,2.27,-52.3,-0.425,17.74,18.49,03a60546o0519o
60545.948295,-20.264,1.133,-28,32,o,0,1.29,346.01523,-67.83287,6343.67,4378.73,2.57,2.33,-55.2,-0.411,18.23,18.93,03a60546o0525o
60545.951455,-20.509,1.299,-23,30,o,0,1.23,346.01523,-67.83287,6398.85,4455.8,2.44,2.24,-55.9,-0.419,18.33,18.99,03a60546o0532o
60545.956865,19.514,0.546,57,31,o,0,1.45,346.01523,-67.83287,6422.08,4340.14,2.47,2.29,-51.0,-0.415,18.29,18.99,03a60546o0544o
60547.991048,24.638,30.333,0,15,o,0,1.19,346.01523,-67.83287,4487.72,4237.98,2.5,2.26,-57.9,-0.399,19.06,20.4,03a60548o0550o
60548.010683,21.952,2.882,6,17,o,0,0.92,346.01523,-67.83287,4506.52,4278.01,2.49,2.38,-51.1,-0.392,18.96,20.26,03a60548o0586o
60548.013708,-20.281,0.651,-28,18,o,0,1.16,346.01523,-67.83287,4450.05,4200.65,2.8,2.62,-63.4,-0.387,18.87,20.25,03a60548o0592o
60548.033648,-22.772,5.222,-3,15,o,0,1.43,346.01523,-67.83287,4429.38,4319.77,2.4,2.16,-62.3,-0.394,19.0,20.19,03a60548o0631o
60552.930557,20.924,0.647,16,10,o,0,1.09,346.01523,-67.83287,6093.26,6350.24,2.48,2.16,-53.3,-0.4,19.41,20.96,03a60553o0472o
60552.93236,-20.949,0.8,-15,12,o,0,0.82,346.01523,-67.83287,6074.42,6312.24,2.38,2.11,-52.1,-0.412,19.45,20.98,03a60553o0476o
60552.935516,24.229,16.6,1,12,o,0,0.71,346.01523,-67.83287,6131.39,6390.41,2.4,2.15,-54.1,-0.412,19.45,21.01,03a60553o0483o
60552.940925,21.445,1.101,10,11,o,0,1.07,346.01523,-67.83287,6153.76,6275.61,2.3,2.08,-52.8,-0.424,19.48,21.02,03a60553o0495o
60554.051684,22.953,4.588,2,11,c,0,0.91,346.01523,-67.83287,7941.96,4702.48,2.33,2.11,-54.0,-0.415,19.52,21.16,03a60554o0737c
60554.0798,-21.677,1.34,-8,10,c,0,1.39,346.01523,-67.83287,7959.7,4745.64,2.45,2.19,-56.5,-0.41,19.4,21.05,03a60554o0798c
60554.109129,-24.716,23.333,0,11,c,0,1.04,346.01523,-67.83287,7904.04,4667.01,2.48,2.19,-53.1,-0.405,19.38,21.01,03a60554o0862c
60554.133922,22.968,4.714,2,11,c,0,1.34,346.01523,-67.83287,7881.42,4780.84,2.55,2.26,-53.1,-0.403,19.3,20.99,03a60554o0916c
60556.227297,-20.637,0.629,-20,13,o,0,1.26,346.01523,-67.83287,2366.15,8362.32,3.0,2.36,-79.2,-0.355,19.2,20.9,04a60556o0577o
60556.230911,-21.368,1.08,-10,11,o,0,1.66,346.01523,-67.83287,2381.79,8397.24,3.13,2.41,-77.6,-0.358,19.17,20.92,04a60556o0585o
60556.236394,20.088,0.465,34,16,o,0,1.05,346.01523,-67.83287,2325.03,8318.32,3.1,2.44,-77.3,-0.354,19.14,20.86,04a60556o0597o
60556.270636,21.812,2.114,7,14,o,0,1.25,346.01523,-67.83287,2288.78,8414.69,3.01,2.35,-75.1,-0.358,19.21,20.94,04a60556o0670o
60560.204271,21.003,0.758,14,11,o,0,1.18,346.01523,-67.83287,5427.82,1879.01,2.29,2.13,-5.9,-0.441,19.29,20.82,04a60560o0506o
60560.207658,-22.833,5.235,-3,14,o,0,0.95,346.01523,-67.83287,5445.53,1915.21,2.37,2.32,15.1,-0.419,19.21,20.76,04a60560o0513o
60560.240451,20.842,0.847,17,14,o,0,0.64,346.01523,-67.83287,5365.19,1817.54,2.08,1.94,-11.2,-0.455,19.39,20.77,04a60560o0582o
60560.246817,21.614,1.804,8,15,o,0,0.57,346.01523,-67.83287,5340.22,1926.93,2.19,2.16,3.4,-0.462,19.29,20.72,04a60560o0596o
60564.18699,-19.413,0.353,-62,22,o,0,1.33,346.01523,-67.83287,7092.63,349.12,2.49,2.32,-11.7,-0.394,18.61,19.64,04a60564o0457o
60564.187441,20.097,0.964,33,32,o,0,1.59,346.01523,-67.83287,4950.45,10516.64,2.33,1.95,-68.9,-0.442,18.83,20.01,04a60564o0458o
60564.19019,20.877,1.149,16,19,o,0,1.68,346.01523,-67.83287,7111.86,387.1,2.45,2.19,-18.5,-0.378,18.56,19.66,04a60564o0464o
60564.195723,-21.683,2.618,-8,20,o,0,1.91,346.01523,-67.83287,7043.2,302.52,2.44,2.19,-10.5,-0.39,18.55,19.76,04a60564o0476o
60564.196624,20.119,0.96,32,31,o,0,1.13,346.01523,-67.83287,4909.76,10470.38,2.69,1.88,-75.6,-0.431,18.83,20.01,04a60564o0478o
60564.231064,-20.77,1.411,-18,25,o,0,1.05,346.01523,-67.83287,7000.42,400.46,2.48,2.31,-16.6,-0.38,18.41,19.77,04a60564o0550o
60565.95132,-21.981,3.81,-6,22,o,0,0.92,346.01523,-67.83287,5689.37,6572.89,2.24,2.03,-46.6,-0.411,18.78,19.42,03a60566o0495o
60565.955124,-21.738,3.0,-7,22,o,0,1.14,346.01523,-67.83287,5707.75,6612.57,2.2,2.12,-56.8,-0.438,18.77,19.43,03a60566o0502o
60565.984389,20.259,0.895,29,26,o,0,0.75,346.01523,-67.83287,5655.96,6537.93,2.37,2.19,-60.4,-0.41,18.7,19.44,03a60566o0565o
60565.991742,21.208,1.728,12,21,o,0,1.36,346.01523,-67.83287,5636.8,6651.84,2.31,2.08,-56.8,-0.41,18.72,19.43,03a60566o0581o
60568.181654,-19.026,0.666,-89,59,o,0,1.07,346.01523,-67.83287,10210.02,10492.09,1.63,1.35,-79.9,-0.622,18.57,19.07,04a60568o0450o
60568.18301,19.812,0.837,43,36,o,0,0.64,346.01523,-67.83287,3536.68,57.26,1.81,1.76,-12.4,-0.444,18.74,19.26,04a60568o0453o
60568.186657,21.032,2.273,14,32,o,0,0.65,346.01523,-67.83287,3556.73,92.7,1.81,1.76,8.3,-0.433,18.76,19.3,04a60568o0461o
60568.189409,-19.756,0.556,-46,25,o,0,1.16,346.01523,-67.83287,1948.39,10354.64,2.65,1.71,-74.0,-0.436,18.75,19.28,04a60568o0467o
60568.190321,-19.466,0.499,-59,30,o,0,1.62,346.01523,-67.83287,10166.97,10441.72,2.31,1.73,3.6,-0.593,18.7,19.14,04a60568o0469o
60568.193084,-21.955,4.767,-6,29,o,0,0.95,346.01523,-67.83287,1963.85,10389.47,2.39,1.68,-72.3,-0.502,18.76,19.28,04a60568o0473o
60568.198667,-20.033,0.542,-35,19,o,0,1.81,346.01523,-67.83287,1908.96,10310.4,2.82,1.76,-73.0,-0.4,18.74,19.34,04a60568o0485o
60568.204092,20.439,0.996,24,24,o,0,0.89,346.01523,-67.83287,3458.79,122.89,1.85,1.79,3.6,-0.454,18.73,19.29,04a60568o0494o
60568.234071,-21.528,3.207,-9,28,o,0,0.9,346.01523,-67.83287,1871.83,10406.6,2.45,1.84,-70.0,-0.478,18.75,19.35,04a60568o0557o
60569.955716,19.132,1.424,81,115,o,0,0.98,346.01523,-67.83287,2513.69,4341.53,3.07,3.02,-74.1,-0.369,16.97,17.08,03a60570o0514o
60569.959519,-24.095,105.333,-1,88,o,0,1.4,346.01523,-67.83287,2532.49,4379.02,2.75,2.64,-74.9,-0.408,17.07,17.05,03a60570o0521o
60569.966091,18.562,0.99,137,135,o,0,0.86,346.01523,-67.83287,2476.9,4303.72,3.4,3.23,-82.8,-0.414,16.85,17.01,03a60570o0534o
60569.999579,21.553,11.667,9,101,o,0,1.8,346.01523,-67.83287,2456.39,4423.09,2.91,2.67,-75.1,-0.407,16.91,16.84,03a60570o0604o
60577.889851,20.891,0.811,16,13,o,0,0.96,346.01523,-67.83287,9040.09,8578.43,2.6,2.27,-47.0,-0.406,19.39,20.98,03a60578o0362o
60577.893076,21.017,0.69,14,10,o,0,1.74,346.01523,-67.83287,9058.03,8619.73,2.54,2.23,-51.2,-0.403,19.43,20.97,03a60578o0369o
60577.898609,21.856,2.05,7,14,o,0,1.03,346.01523,-67.83287,9005.65,8536.35,2.56,2.13,-50.2,-0.406,19.44,20.97,03a60578o0381o
60577.909238,-21.182,1.027,-12,13,o,0,0.94,346.01523,-67.83287,8988.04,8653.21,2.52,2.18,-46.4,-0.416,19.43,21.02,03a60578o0404o
60577.914777,25.141,37.5,0,12,o,0,1.16,346.01523,-67.83287,271.36,8426.09,2.51,2.1,-54.2,-0.403,19.53,21.03,03a60578o0416o
60577.917991,-19.877,0.3,-41,12,o,0,1.22,346.01523,-67.83287,289.72,8463.51,2.69,2.25,-55.3,-0.4,19.46,21.02,03a60578o0423o
60577.925365,-21.084,0.937,-13,12,o,0,1.2,346.01523,-67.83287,238.14,8390.59,2.54,2.18,-56.9,-0.408,19.46,21.01,03a60578o0439o
60577.957986,-20.184,0.651,-31,20,o,0,1.43,346.01523,-67.83287,213.82,8513.15,2.57,2.31,-54.9,-0.415,18.91,20.44,03a60578o0508o
60580.297707,-21.74,1.703,-7,12,c,0,1.07,346.01523,-67.83287,8374.46,10372.63,3.0,2.25,-78.5,-0.377,19.38,20.99,04a60580o0108c
60580.300589,-21.766,1.711,-7,12,c,0,1.24,346.01523,-67.83287,8391.45,10413.5,2.93,2.18,-75.5,-0.38,19.4,20.96,04a60580o0114c
60580.306468,21.062,1.028,14,14,c,0,0.93,346.01523,-67.83287,8335.5,10331.44,2.92,2.28,-75.8,-0.362,19.34,20.96,04a60580o0126c
60580.320615,20.245,0.546,29,16,c,0,0.95,346.01523,-67.83287,8312.2,10449.57,3.0,2.34,-80.6,-0.361,19.31,20.89,04a60580o0156c
60580.333392,-22.887,5.917,-2,15,c,0,0.91,346.01523,-67.83287,8345.2,10396.74,3.09,2.28,-72.5,-0.371,19.21,20.79,04a60580o0182c
60580.373274,-20.357,0.711,-26,19,o,0,1.06,346.01523,-67.83287,1205.58,241.97,2.78,1.88,37.4,-0.441,18.98,20.15,04a60580o0254o
60580.378423,20.695,1.117,19,21,o,0,1.2,346.01523,-67.83287,1226.43,282.13,2.9,2.25,37.4,-0.426,18.89,20.15,04a60580o0264o
60580.384005,20.732,1.317,18,24,o,0,0.83,346.01523,-67.83287,1157.03,212.13,2.8,2.0,35.8,-0.442,18.9,20.07,04a60580o0275o
60580.389731,-21.337,2.082,-11,22,o,0,1.62,346.01523,-67.83287,1133.98,335.83,2.79,1.94,38.9,-0.45,18.88,19.88,04a60580o0286o
60584.258713,22.943,3.765,2,9,c,0,1.33,346.01523,-67.83287,2465.1,6361.39,2.43,2.11,-75.3,-0.364,19.47,21.37,04a60584o0019c
60584.261965,21.005,0.578,14,8,c,0,1.28,346.01523,-67.83287,2481.39,6396.89,2.44,2.1,-79.2,-0.359,19.48,21.38,04a60584o0026c
60584.267273,23.172,4.929,2,10,c,0,1.02,346.01523,-67.83287,2421.82,6322.49,2.41,2.09,-76.5,-0.364,19.48,21.35,04a60584o0036c
60584.282912,21.364,1.481,10,15,c,0,1.35,346.01523,-67.83287,2395.09,6440.01,2.44,2.17,-81.0,-0.354,19.0,20.87,04a60584o0069c
60585.88332,-22.781,5.462,-3,15,o,0,0.85,346.01523,-67.83287,3231.33,1904.04,2.68,2.51,-59.7,-0.4,19.06,20.61,03a60586o0341o
60585.88696,21.291,1.264,11,14,o,0,1.32,346.01523,-67.83287,3252.27,1943.14,2.72,2.54,-62.6,-0.394,19.1,20.66,03a60586o0349o
60585.892983,-21.756,2.226,-7,16,o,0,1.06,346.01523,-67.83287,3192.42,1866.2,2.64,2.5,-66.1,-0.401,18.94,20.48,03a60586o0362o
60585.905808,21.836,2.536,7,17,o,0,1.15,346.01523,-67.83287,3170.95,1984.81,2.56,2.42,-62.4,-0.401,18.9,20.36,03a60586o0390o
60588.19745,22.225,2.0,5,9,c,0,1.19,346.01523,-67.83287,5654.83,8513.99,2.68,1.98,-67.2,-0.411,19.53,21.34,04a60588o0349c
60588.20066,20.568,0.383,22,8,c,0,1.58,346.01523,-67.83287,5670.42,8551.11,2.59,1.88,-70.4,-0.415,19.56,21.35,04a60588o0356c
60588.206215,23.938,10.333,1,10,c,0,1.17,346.01523,-67.83287,5614.09,8470.3,2.54,2.0,-59.5,-0.443,19.5,21.34,04a60588o0368c
60588.216502,24.427,18.5,1,11,c,0,0.87,346.01523,-67.83287,5590.65,8583.01,2.45,1.87,-64.6,-0.454,19.55,21.36,04a60588o0389c
60589.865146,-19.893,2.346,-40,94,o,0,0.73,346.01523,-67.83287,6689.89,2275.1,2.42,2.26,-48.9,-0.435,17.59,19.06,03a60590o0304o
60589.867927,-19.232,0.882,-74,65,o,0,0.63,346.01523,-67.83287,6711.05,2315.45,2.29,2.1,-48.8,-0.438,17.79,19.16,03a60590o0310o
60589.874454,19.275,0.459,71,32,o,0,1.17,346.01523,-67.83287,6652.96,2234.88,2.25,2.07,-47.6,-0.444,18.23,19.61,03a60590o0324o
60589.907568,19.663,0.325,50,16,o,0,0.88,346.01523,-67.83287,6627.72,2353.77,2.1,1.95,-52.7,-0.455,19.16,20.56,03a60590o0394o
60592.11214,19.408,0.682,63,43,o,0,1.22,346.01523,-67.83287,6154.18,4698.01,2.54,2.42,-56.5,-0.39,17.97,19.15,04a60592o0217o
60593.871582,-18.996,0.882,-92,81,o,0,0.77,346.01523,-67.83287,3929.94,8081.76,2.35,2.12,-47.3,-0.382,16.92,17.24,03a60594o0308o
60593.874796,19.853,0.95,42,40,o,0,1.36,346.01523,-67.83287,3947.66,8120.45,2.5,2.28,-43.4,-0.378,18.19,18.95,03a60594o0315o
60593.882607,-18.716,0.733,-118,87,o,0,0.95,346.01523,-67.83287,3897.12,8044.45,2.45,2.2,-40.1,-0.373,17.28,17.89,03a60594o0332o
60593.892715,20.588,1.631,21,34,o,0,0.77,346.01523,-67.83287,3875.99,8161.08,2.48,2.3,-59.2,-0.385,18.39,19.04,03a60594o0354o
60597.867765,19.344,0.458,66,30,o,0,1.51,346.01523,-67.83287,3400.15,10028.01,3.21,2.85,-26.9,-0.355,18.4,19.18,03a60598o0295o
60597.87099,19.423,0.502,62,31,o,0,1.0,346.01523,-67.83287,3417.18,10067.25,3.09,2.64,-32.3,-0.367,18.48,19.18,03a60598o0302o
60597.877434,-21.28,2.913,-11,32,o,0,0.91,346.01523,-67.83287,3366.93,9990.23,3.17,2.72,-26.9,-0.356,18.47,19.17,03a60598o0316o
60597.888066,21.878,4.0,6,26,o,0,1.34,346.01523,-67.83287,3347.41,10109.06,2.92,2.57,-33.1,-0.369,18.51,19.17,03a60598o0339o
60601.85889,-23.526,18.571,-1,26,o,0,1.17,346.01523,-67.83287,7236.7,8500.77,2.77,2.43,-42.9,-0.406,18.57,19.35,03a60602o0277o
60601.86216,21.625,3.279,8,27,o,0,1.02,346.01523,-67.83287,7253.92,8540.78,2.74,2.3,-45.4,-0.403,18.64,19.34,03a60602o0284o
60601.868582,22.2,5.32,5,26,o,0,1.05,346.01523,-67.83287,7203.49,8459.71,2.71,2.35,-44.2,-0.411,18.63,19.31,03a60602o0298o
60601.878686,19.411,0.357,62,22,o,0,1.29,346.01523,-67.83287,7182.89,8575.77,2.82,2.4,-44.2,-0.397,18.57,19.26,03a60602o0320o
60604.116274,-20.984,1.08,-15,16,o,0,0.71,346.01523,-67.83287,8103.05,4647.73,2.59,2.28,-35.6,-0.394,19.22,20.75,04a60604o0282o
60604.119523,25.117,39.5,0,13,o,0,0.85,346.01523,-67.83287,8119.58,4685.61,2.54,2.27,-24.5,-0.389,19.23,20.71,04a60604o0289o
60604.124689,17.393,0.038,401,15,o,0,57.25,346.01523,-67.83287,8058.26,4601.5,2.61,2.35,-25.1,-0.388,19.15,20.59,04a60604o0299o
60604.137733,-20.807,0.98,-17,17,o,0,0.89,346.01523,-67.83287,8029.62,4709.69,2.63,2.32,-31.9,-0.386,19.03,20.31,04a60604o0326o
60605.863758,21.264,0.862,11,10,c,0,1.15,346.01523,-67.83287,2110.49,8216.08,2.58,2.39,-46.1,-0.386,19.55,21.35,03a60606o0269c
60605.867024,20.79,0.662,18,12,c,0,1.21,346.01523,-67.83287,2127.44,8253.69,2.94,2.68,-48.9,-0.37,19.37,21.36,03a60606o0276c
60605.872509,21.861,1.415,6,9,c,0,1.13,346.01523,-67.83287,2076.9,8178.23,2.47,2.25,-45.6,-0.394,19.58,21.37,03a60606o0288c
60605.883451,20.131,0.303,32,10,c,0,1.38,346.01523,-67.83287,2053.82,8296.2,2.55,2.34,-43.5,-0.391,19.58,21.39,03a60606o0312c
60608.129856,-22.298,3.219,-4,14,o,0,0.94,346.01523,-67.83287,1064.66,2215.05,2.33,1.85,47.4,-0.428,19.25,20.52,04a60608o0310o
60608.133116,20.605,0.644,21,13,o,0,1.17,346.01523,-67.83287,1085.63,2251.99,2.43,1.88,49.3,-0.412,19.25,20.55,04a60608o0317o
60608.139071,-21.207,1.114,-12,13,o,0,1.31,346.01523,-67.83287,1022.75,2179.01,2.36,1.86,48.6,-0.423,19.23,20.56,04a60608o0330o
60608.149876,21.364,1.212,10,12,o,0,1.03,346.01523,-67.83287,1000.78,2297.43,2.26,1.81,49.0,-0.429,19.26,20.53,04a60608o0353o
60609.849365,21.767,1.579,7,11,c,0,1.03,346.01523,-67.83287,5326.88,1828.16,2.66,2.46,-55.4,-0.388,19.33,21.11,03a60610o0233c
60609.852192,-24.24,12.25,-1,9,c,0,1.85,346.01523,-67.83287,5349.37,1867.56,2.6,2.41,-55.1,-0.388,19.34,21.08,03a60610o0239c
60609.857735,-23.497,7.286,-1,11,c,0,1.75,346.01523,-67.83287,5288.67,1788.17,2.69,2.48,-57.0,-0.386,19.24,20.97,03a60610o0251c
60609.868696,20.68,0.722,19,14,c,0,0.58,346.01523,-67.83287,5267.39,1905.21,2.69,2.55,-55.1,-0.383,19.13,20.88,03a60610o0275c
60612.099466,20.727,1.161,19,22,o,0,0.79,346.01523,-67.83287,9534.09,6580.74,2.39,1.96,-6.5,-0.408,19.34,20.56,04a60612o0237o
60612.102663,21.577,2.116,8,18,o,0,1.14,346.01523,-67.83287,9553.49,6620.61,2.41,1.93,-5.7,-0.429,19.32,20.61,04a60612o0244o
60612.108138,22.479,3.6,4,13,o,0,1.42,346.01523,-67.83287,9494.43,6538.46,2.34,1.92,-8.1,-0.429,19.35,20.65,04a60612o0256o
60612.115171,-24.801,31.0,0,14,o,0,0.96,346.01523,-67.83287,463.18,6629.61,2.34,1.89,-73.5,-0.405,19.31,20.67,04a60612o0270o
60612.119441,-21.562,2.195,-9,19,o,0,1.26,346.01523,-67.83287,9479.52,6653.9,2.42,2.16,-34.7,-0.504,19.27,20.86,04a60612o0278o
60612.120862,26.001,89.0,0,13,o,0,0.97,346.01523,-67.83287,481.25,6667.35,2.28,1.87,-76.8,-0.413,19.36,20.7,04a60612o0281o
60612.12454,-24.537,23.5,-1,13,o,0,0.92,346.01523,-67.83287,424.11,6595.72,2.33,1.93,-88.0,-0.383,19.38,20.72,04a60612o0289o
60612.135622,22.326,3.241,4,14,o,0,1.14,346.01523,-67.83287,402.93,6714.19,2.34,1.95,-81.4,-0.395,19.36,20.73,04a60612o0312o
60613.850314,22.071,2.333,5,13,c,0,0.71,346.01523,-67.83287,7024.75,347.71,2.72,2.36,-59.6,-0.381,19.38,21.34,03a60614o0233c
60613.851694,21.035,0.758,14,11,c,0,1.33,346.01523,-67.83287,4622.72,10423.67,2.93,2.66,-47.9,-0.361,19.49,21.39,03a60614o0236c
60613.853546,20.746,0.653,18,12,c,0,0.84,346.01523,-67.83287,7046.77,388.93,2.65,2.43,-50.2,-0.379,19.43,21.33,03a60614o0240c
60613.854909,-17.898,0.009,-252,2,c,0,100.19,346.01523,-67.83287,4639.72,10462.8,2.99,2.7,-42.4,-0.343,19.42,21.38,03a60614o0243c
60613.859022,20.867,0.642,16,10,c,0,0.98,346.01523,-67.83287,6986.32,307.23,2.6,2.38,-52.2,-0.373,19.43,21.31,03a60614o0252c
60613.8613,24.489,21.333,1,12,c,0,0.87,346.01523,-67.83287,4591.83,10384.37,2.84,2.5,-40.8,-0.36,19.52,21.35,03a60614o0257c
60613.891748,20.956,0.653,15,10,c,0,1.26,346.01523,-67.83287,6959.52,431.94,2.42,2.22,-51.7,-0.391,19.48,21.21,03a60614o0321c
60613.8922,22.696,3.647,3,11,c,0,1.03,346.01523,-67.83287,4573.42,10511.17,2.76,2.35,-46.3,-0.361,19.55,21.26,03a60614o0322c
60616.146297,20.053,0.475,35,16,o,0,0.88,346.01523,-67.83287,5760.1,6576.48,2.49,2.2,-67.7,-0.421,19.06,20.41,04a60616o0083o
60616.14947,-22.541,4.318,-4,15,o,0,0.97,346.01523,-67.83287,5777.33,6614.64,2.44,2.12,-78.0,-0.418,19.09,20.4,04a60616o0090o
60616.155,20.036,0.443,35,16,o,0,1.22,346.01523,-67.83287,5720.87,6536.6,2.44,2.14,-72.5,-0.411,19.1,20.39,04a60616o0102o
60616.176004,-21.455,1.46,-10,14,o,0,1.37,346.01523,-67.83287,5702.31,6654.94,2.35,2.06,-73.3,-0.42,19.1,20.38,04a60616o0147o
60617.861071,19.849,0.926,42,39,c,0,1.0,346.01523,-67.83287,1636.81,10200.79,2.91,2.58,-34.3,-0.386,18.32,20.16,03a60618o0050c
60617.864715,20.215,0.724,30,22,c,0,1.31,346.01523,-67.83287,1654.02,10237.55,2.92,2.59,-35.6,-0.39,18.83,20.68,03a60618o0058c
60617.866989,-21.821,3.067,-7,21,c,0,1.5,346.01523,-67.83287,9854.13,10523.11,3.2,2.53,-51.4,-0.438,18.76,20.6,03a60618o0063c
60617.870228,22.477,5.222,4,19,c,0,1.19,346.01523,-67.83287,1606.47,10160.86,3.41,2.99,-30.5,-0.377,18.98,20.96,03a60618o0070c
60617.880398,-20.753,3.355,-18,61,c,0,0.82,346.01523,-67.83287,3414.92,50.21,2.57,2.45,-51.9,-0.361,18.09,19.98,03a60618o0092c
60617.882729,19.872,2.706,41,110,c,0,0.95,346.01523,-67.83287,1589.64,10282.86,3.14,2.75,-37.9,-0.39,17.7,19.59,03a60618o0097c
60620.06766,-22.509,3.867,-4,14,o,0,0.62,346.01523,-67.83287,2508.34,4426.64,2.03,1.9,88.2,-0.417,19.32,20.65,04a60620o0162o
60620.070869,20.801,0.725,17,13,o,0,1.09,346.01523,-67.83287,2528.14,4464.29,2.1,1.94,-83.7,-0.408,19.33,20.67,04a60620o0169o
60620.076884,21.818,1.566,7,11,o,0,1.71,346.01523,-67.83287,2469.21,4390.18,2.11,1.98,-86.2,-0.41,19.34,20.67,04a60620o0182o
60620.087349,-21.194,1.0,-12,12,o,0,1.15,346.01523,-67.83287,2449.62,4507.43,2.04,1.86,89.0,-0.412,19.33,20.62,04a60620o0205o
60621.802591,-20.661,1.754,-20,35,o,0,0.89,346.01523,-67.83287,9902.48,4826.33,3.21,2.88,-65.4,-0.365,18.33,19.6,03a60622o0123o
60621.805507,20.719,1.07,19,20,o,0,1.04,346.01523,-67.83287,9921.38,4867.52,3.2,2.85,-64.5,-0.375,18.81,20.18,03a60622o0128o
60621.811165,19.802,0.381,44,17,o,0,1.15,346.01523,-67.83287,9865.33,4782.67,2.76,2.58,-73.1,-0.376,18.91,20.17,03a60622o0139o
60621.821282,19.809,1.481,43,64,o,0,1.17,346.01523,-67.83287,9845.34,4896.49,2.87,2.49,-65.6,-0.361,17.45,18.28,03a60622o0161o
60621.825591,20.075,0.846,34,29,o,0,1.06,346.01523,-67.83287,530.34,4552.91,2.93,2.61,-83.9,-0.377,18.48,19.59,03a60622o0169o
60621.828775,20.595,1.441,21,30,o,0,1.09,346.01523,-67.83287,549.87,4589.21,3.03,2.77,-77.8,-0.381,18.47,19.7,03a60622o0176o
60621.835137,-21.806,3.893,-7,27,o,0,0.98,346.01523,-67.83287,495.04,4515.52,2.76,2.42,-80.8,-0.372,18.62,19.7,03a60622o0190o
60621.845237,18.904,0.317,100,32,o,0,0.82,346.01523,-67.83287,474.15,4632.48,3.08,2.78,-82.1,-0.391,18.49,19.67,03a60622o0212o
60624.089223,20.163,0.609,31,19,o,0,1.07,346.01523,-67.83287,7646.59,6536.32,2.23,1.94,-16.4,-0.427,18.92,19.76,04a60624o0200o
60624.092415,21.256,1.732,11,20,o,0,0.94,346.01523,-67.83287,7664.22,6576.55,2.22,1.96,-23.7,-0.413,18.95,19.77,04a60624o0207o
60624.098381,21.575,2.259,8,19,o,0,1.15,346.01523,-67.83287,7608.16,6494.96,2.24,2.01,-24.6,-0.424,18.88,19.73,04a60624o0220o
60624.110848,-22.983,8.5,-2,20,o,0,0.95,346.01523,-67.83287,7588.88,6612.23,2.12,1.89,-18.5,-0.428,18.91,19.76,04a60624o0247o
60625.810802,-23.184,11.462,-2,22,o,0,1.06,346.01523,-67.83287,8779.45,2363.52,2.43,2.11,-57.8,-0.408,18.81,19.59,03a60626o0139o
60625.813967,21.675,2.566,8,20,o,0,1.08,346.01523,-67.83287,8800.07,2404.94,2.37,2.11,-57.5,-0.421,18.86,19.6,03a60626o0146o
60625.819418,-20.885,1.525,-16,24,o,0,1.02,346.01523,-67.83287,8743.28,2321.19,2.8,2.52,-59.2,-0.391,18.7,19.57,03a60626o0158o
60625.829345,22.363,5.0,4,21,o,0,1.1,346.01523,-67.83287,8720.14,2436.1,2.58,2.21,-59.3,-0.399,18.76,19.54,03a60626o0179o
60628.055021,19.654,0.69,50,34,o,0,1.2,346.01523,-67.83287,9177.94,8485.03,2.17,1.92,-4.1,-0.459,18.52,19.1,04a60628o0122o
60628.069003,20.64,1.689,20,34,o,0,1.05,346.01523,-67.83287,9195.77,8528.03,2.4,1.86,3.3,-0.42,18.58,19.19,04a60628o0152o
60628.072688,21.198,2.714,12,33,o,0,1.08,346.01523,-67.83287,9139.54,8444.86,2.39,2.07,-8.8,-0.407,18.59,19.14,04a60628o0160o
60628.078228,-20.127,0.915,-32,30,o,0,1.12,346.01523,-67.83287,9122.8,8560.2,2.28,1.86,1.5,-0.409,18.62,19.14,04a60628o0172o
60628.089502,21.134,2.091,13,27,o,0,1.16,346.01523,-67.83287,387.42,8581.47,2.71,1.96,-74.9,-0.361,18.56,19.11,04a60628o0196o
60628.092689,-20.396,1.094,-25,28,o,0,1.17,346.01523,-67.83287,403.82,8618.17,2.79,2.0,-76.8,-0.347,18.61,19.1,04a60628o0203o
60628.098613,-20.3,0.833,-28,23,o,0,1.3,346.01523,-67.83287,349.47,8546.57,2.67,2.0,-74.4,-0.37,18.62,19.09,04a60628o0216o
60628.108432,21.002,1.719,14,25,o,0,1.67,346.01523,-67.83287,332.28,8666.45,2.59,1.94,-75.9,-0.38,18.6,19.07,04a60628o0237o
60629.811102,20.768,1.49,18,27,o,0,1.48,346.01523,-67.83287,8117.68,10452.78,2.76,2.22,-50.6,-0.407,18.55,18.98,03a60630o0135o
60629.814292,-23.484,18.125,-2,27,o,0,1.67,346.01523,-67.83287,8135.36,10493.54,2.82,2.23,-50.0,-0.411,18.57,18.98,03a60630o0142o
60629.815235,20.281,1.059,28,30,o,0,0.82,346.01523,-67.83287,1264.6,130.79,2.39,2.1,-64.2,-0.458,18.54,18.94,03a60630o0144o
60629.818417,-19.821,0.666,-43,28,o,0,1.18,346.01523,-67.83287,1287.85,168.78,2.31,2.09,-67.2,-0.456,18.57,18.93,03a60630o0151o
60629.821188,20.77,1.79,18,32,o,0,1.08,346.01523,-67.83287,8086.8,10408.81,2.68,2.13,-51.4,-0.42,18.56,18.96,03a60630o0157o
60629.83146,22.331,6.967,4,30,o,0,1.28,346.01523,-67.83287,1224.74,93.46,2.28,2.04,-57.6,-0.455,18.56,18.91,03a60630o0179o
60629.835116,-20.449,1.21,-24,29,o,0,1.24,346.01523,-67.83287,8069.72,10524.38,2.73,2.2,-50.7,-0.397,18.52,18.93,03a60630o0187o
60629.836995,21.212,2.6,12,31,o,0,1.17,346.01523,-67.83287,1200.94,212.18,2.26,2.01,-49.6,-0.471,18.55,18.91,03a60630o0191o
60632.057206,21.935,3.04,6,19,o,0,1.45,346.01523,-67.83287,9101.92,315.91,2.66,2.24,-30.6,-0.407,19.24,20.56,04a60632o0121o
60632.070207,-21.343,1.8,-10,19,o,0,0.96,346.01523,-67.83287,9124.19,359.22,2.58,2.22,-31.3,-0.387,19.19,20.42,04a60632o0149o
60632.072506,-20.007,0.476,-36,17,o,0,0.83,346.01523,-67.83287,6550.49,10378.41,2.04,1.84,-44.7,-0.459,19.24,20.41,04a60632o0154o
60632.073411,20.855,1.183,16,20,o,0,1.03,346.01523,-67.83287,9058.34,274.66,2.53,2.19,-34.1,-0.397,19.17,20.32,04a60632o0156o
60632.075699,21.39,1.628,10,16,o,0,1.11,346.01523,-67.83287,6569.48,10418.84,2.01,1.85,-39.2,-0.455,19.16,20.3,04a60632o0161o
60632.08553,20.274,0.684,28,19,o,0,0.93,346.01523,-67.83287,9035.44,392.44,2.62,2.21,-33.6,-0.377,18.99,19.95,04a60632o0182o
60632.085981,-19.856,0.419,-42,17,o,0,1.21,346.01523,-67.83287,6517.12,10339.91,1.94,1.83,-26.1,-0.448,19.03,20.01,04a60632o0183o
60632.091917,19.242,0.295,73,22,o,0,1.43,346.01523,-67.83287,6497.78,10457.48,1.96,1.85,-26.2,-0.463,19.01,19.92,04a60632o0196o
60636.086909,20.812,0.647,17,11,c,0,0.9,346.01523,-67.83287,3161.7,1968.65,2.58,2.25,51.1,-0.367,19.26,21.12,04a60636o0176c
60636.09015,20.163,0.364,31,11,c,0,0.9,346.01523,-67.83287,3185.09,2006.91,2.41,2.14,49.0,-0.373,19.3,21.12,04a60636o0183c
60636.096525,20.499,0.494,23,11,c,0,0.82,346.01523,-67.83287,3120.19,1931.73,2.33,2.0,48.3,-0.396,19.35,21.1,04a60636o0197c
60636.108008,21.489,1.222,9,11,c,0,1.15,346.01523,-67.83287,3101.06,2049.84,2.2,1.93,47.2,-0.394,19.42,21.09,04a60636o0222c
60637.810717,-22.871,5.118,-3,13,o,0,0.98,346.01523,-67.83287,5417.99,8510.48,2.46,2.12,-47.9,-0.393,19.29,20.54,03a60638o0121o
60637.813889,22.083,2.771,5,15,o,0,0.8,346.01523,-67.83287,5434.37,8549.53,2.46,2.14,-51.3,-0.393,19.27,20.55,03a60638o0128o
60637.8239,-20.067,0.364,-34,12,o,0,1.27,346.01523,-67.83287,5386.03,8472.21,2.43,2.07,-50.5,-0.398,19.3,20.5,03a60638o0149o
60637.830252,20.889,0.824,16,13,o,0,0.95,346.01523,-67.83287,5364.89,8586.18,2.41,2.1,-48.4,-0.394,19.26,20.5,03a60638o0163o
60640.061838,21.072,0.653,14,9,c,0,1.31,346.01523,-67.83287,6641.92,2235.82,2.34,2.11,-12.6,-0.384,19.42,21.25,04a60640o0116c
60640.064606,22.094,2.031,5,11,c,0,1.15,346.01523,-67.83287,6665.64,2275.81,2.45,2.34,-44.2,-0.372,19.43,21.23,04a60640o0122c
60640.074446,21.179,0.783,12,10,c,0,1.1,346.01523,-67.83287,6601.15,2197.36,2.33,2.15,-18.0,-0.379,19.4,21.39,04a60640o0143c
60640.07989,-21.093,0.819,-13,11,c,0,0.74,346.01523,-67.83287,6580.16,2313.89,2.3,2.11,-20.5,-0.379,19.42,21.3,04a60640o0155c
60641.800356,20.726,0.874,19,16,o,0,1.38,346.01523,-67.83287,5974.12,4666.26,2.64,2.21,-58.7,-0.444,19.05,20.35,03a60642o0086o
60641.817658,19.945,0.5,38,19,o,0,0.64,346.01523,-67.83287,5995.12,4706.58,2.52,2.16,-55.6,-0.447,19.09,20.34,03a60642o0123o
60641.820857,20.084,0.49,34,16,o,0,0.9,346.01523,-67.83287,5942.13,4626.85,2.55,2.17,-57.0,-0.442,19.02,20.27,03a60642o0130o
60641.82731,20.627,0.764,20,16,o,0,1.33,346.01523,-67.83287,5919.91,4741.18,2.66,2.27,-56.9,-0.426,18.98,20.25,03a60642o0144o
60644.052165,21.295,0.969,11,11,c,0,1.18,346.01523,-67.83287,4032.22,8128.84,2.76,2.11,-73.7,-0.384,19.39,21.34,04a60644o0091c
60644.055336,22.12,1.719,5,9,c,0,1.13,346.01523,-67.83287,4050.44,8167.18,2.72,2.05,-75.3,-0.379,19.45,21.37,04a60644o0098c
60644.067326,22.509,2.609,4,9,c,0,1.34,346.01523,-67.83287,3995.25,8092.92,2.66,2.04,-75.6,-0.373,19.45,21.36,04a60644o0124c
60644.073728,-22.113,1.914,-5,10,c,0,0.87,346.01523,-67.83287,3976.52,8210.31,2.58,1.95,-76.3,-0.391,19.49,21.37,04a60644o0138c
60645.789371,-18.475,0.457,-148,68,o,0,0.75,346.01523,-67.83287,4191.49,6164.93,2.49,2.18,-55.9,-0.401,17.47,18.75,03a60646o0060o
60645.792563,-21.884,16.125,-6,103,o,0,0.72,346.01523,-67.83287,4210.87,6202.78,2.56,2.19,-55.1,-0.394,17.43,18.77,03a60646o0067o
60645.798643,-20.773,1.867,-18,33,o,0,0.83,346.01523,-67.83287,4158.23,6125.32,2.51,2.14,-55.5,-0.4,18.23,19.56,03a60646o0080o
60645.808703,22.674,10.222,3,32,o,0,1.31,346.01523,-67.83287,4138.39,6241.16,2.55,2.19,-56.3,-0.399,18.43,19.8,03a60646o0102o
60648.032948,-23.884,15.2,-1,15,c,0,1.19,346.01523,-67.83287,3555.92,10093.56,3.26,2.17,-72.8,-0.351,19.17,20.72,04a60648o0043c
60648.036584,20.285,0.443,28,12,c,0,1.11,346.01523,-67.83287,3573.96,10132.67,3.38,2.22,-73.1,-0.345,19.28,21.02,04a60648o0051c
60648.043005,21.217,0.966,12,11,c,0,1.27,346.01523,-67.83287,3520.34,10055.93,3.26,2.14,-72.8,-0.349,19.39,21.27,04a60648o0065c
60648.057823,22.062,2.2,5,12,c,0,1.03,346.01523,-67.83287,3502.29,10176.09,3.09,2.01,-74.0,-0.366,19.49,21.35,04a60648o0097c
60649.779278,22.332,9.929,4,42,o,0,1.38,346.01523,-67.83287,4485.47,4241.38,2.35,2.14,-57.8,-0.408,17.98,18.76,03a60650o0029o
60649.782464,-20.92,2.185,-16,34,o,0,1.5,346.01523,-67.83287,4506.38,4280.01,2.32,2.09,-58.4,-0.412,18.12,18.94,03a60650o0036o
60649.788411,21.395,2.419,10,24,o,0,1.49,346.01523,-67.83287,4449.98,4202.15,2.34,2.08,-60.8,-0.409,18.51,19.45,03a60650o0049o
60649.80061,-21.207,2.744,-12,33,o,0,0.67,346.01523,-67.83287,4428.89,4319.74,2.46,2.21,-65.6,-0.406,18.41,19.49,03a60650o0075o
60653.781493,-20.31,2.034,-27,56,o,0,1.11,346.01523,-67.83287,7932.2,4706.98,2.3,1.91,-60.2,-0.425,17.73,17.93,03a60654o0032o
60653.784455,19.014,0.658,90,59,o,0,1.21,346.01523,-67.83287,7950.13,4746.48,2.47,1.98,-60.4,-0.401,17.35,17.79,03a60654o0037o
60653.791061,-19.638,0.931,-51,47,o,0,2.33,346.01523,-67.83287,7895.47,4663.93,2.29,2.01,-57.3,-0.451,17.56,17.83,03a60654o0050o
60653.802766,-22.051,24.889,-6,137,o,0,1.09,346.01523,-67.83287,7875.33,4776.21,2.4,2.03,-59.5,-0.428,16.6,16.87,03a60654o0074o
60656.034799,20.338,1.459,27,39,o,0,0.89,346.01523,-67.83287,2217.05,8309.73,2.74,2.02,-76.7,-0.364,18.4,18.92,04a60656o0040o
60656.038066,-20.945,2.049,-15,31,o,0,1.41,346.01523,-67.83287,2235.5,8348.26,2.39,2.0,-62.0,-0.437,18.47,19.11,04a60656o0047o
60656.043565,-20.447,1.071,-24,26,o,0,1.04,346.01523,-67.83287,2179.97,8274.24,2.44,1.94,-72.4,-0.418,18.64,19.36,04a60656o0059o
60656.054225,21.742,3.375,7,25,o,0,1.16,346.01523,-67.83287,2161.7,8394.16,2.39,1.92,-71.8,-0.432,18.73,19.4,04a60656o0082o
60661.783468,18.984,0.441,92,41,o,0,0.96,346.01523,-67.83287,410.09,6494.78,2.58,2.21,-69.5,-0.399,18.32,18.65,03a60662o0030o
60661.786724,20.458,1.45,24,34,o,0,0.54,346.01523,-67.83287,429.33,6531.65,2.64,2.27,-68.6,-0.42,18.61,19.26,03a60662o0037o
60661.794186,20.229,0.75,29,22,o,0,1.05,346.01523,-67.83287,377.94,6458.81,2.93,2.6,-67.4,-0.379,18.93,20.04,03a60662o0053o
60661.804363,21.595,2.415,8,20,o,0,0.86,346.01523,-67.83287,357.37,6577.17,2.85,2.49,-68.4,-0.382,19.01,20.28,03a60662o0075o
60672.036476,19.439,0.758,61,46,o,0,1.63,346.01523,-67.83287,538.94,4678.76,2.44,2.28,-89.3,-0.357,17.64,17.88,04a60672o0015o
60672.039926,20.464,1.211,24,29,o,0,1.25,346.01523,-67.83287,559.12,4715.76,2.32,2.19,86.4,-0.371,18.48,19.25,04a60672o0021o
60672.06009,-21.774,1.682,-7,12,o,0,1.23,346.01523,-67.83287,500.27,4646.84,2.39,2.1,59.7,-0.373,19.24,20.74,04a60672o0061o
60672.065253,-21.529,1.914,-9,17,o,0,0.64,346.01523,-67.83287,480.36,4766.52,2.37,2.03,58.2,-0.368,19.26,20.74,04a60672o0072o
60764.3871,20.589,0.89,21,19,c,0,1.19,346.01523,-67.83287,3730.18,10264.49,3.1,2.2,-74.8,-0.387,18.92,20.45,04a60764o0880c
60764.391356,20.665,1.184,20,23,c,0,1.28,346.01523,-67.83287,5752.69,81.35,2.52,2.39,39.3,-0.372,18.88,20.4,04a60764o0889c
60764.395708,-19.773,8.417,-45,376,c,0,0.0,346.01523,-67.83287,5735.47,42.86,2.51,2.38,42.4,-0.392,18.87,20.4,04a60764o0898c
60764.403601,-20.585,0.863,-21,18,c,0,1.49,346.01523,-67.83287,5789.86,122.44,2.54,2.4,14.0,-0.387,18.87,20.33,04a60764o0914c
60764.407518,20.787,1.107,18,20,c,0,1.28,346.01523,-67.83287,3705.69,10227.61,3.09,2.05,-77.1,-0.39,18.85,20.23,04a60764o0922c
60764.410465,19.641,0.589,51,30,c,0,0.75,346.01523,-67.83287,3770.55,10308.32,3.11,2.13,-78.5,-0.376,18.69,19.94,04a60764o0928c
60764.415805,-19.799,0.978,-44,43,c,0,1.09,346.01523,-67.83287,3791.94,10191.35,3.12,2.06,-76.3,-0.388,18.11,18.87,04a60764o0939c
60766.136565,-19.708,0.413,-48,20,o,0,0.96,346.01523,-67.83287,4819.55,3978.41,2.29,2.05,-47.7,-0.416,18.91,19.86,03a60766o0901o
60766.145205,-20.571,0.9,-22,19,o,0,0.88,346.01523,-67.83287,4803.81,3939.55,2.33,2.01,-48.0,-0.403,18.93,19.96,03a60766o0919o
60766.149443,-20.193,0.557,-30,17,o,0,1.09,346.01523,-67.83287,4859.6,4017.7,2.25,1.94,-45.2,-0.407,18.93,19.97,03a60766o0928o
60766.15933,20.969,1.526,15,23,o,0,0.87,346.01523,-67.83287,4881.43,3901.62,2.34,2.06,-54.2,-0.422,18.74,19.56,03a60766o0949o
60770.135701,21.135,1.279,13,16,o,0,0.88,346.01523,-67.83287,8026.52,6157.45,2.3,1.95,-47.8,-0.419,19.08,20.16,03a60770o0905o
60770.145598,23.545,9.889,1,14,o,0,1.37,346.01523,-67.83287,8007.79,6123.62,2.35,2.0,-47.5,-0.421,19.1,20.15,03a60770o0926o
60770.154317,21.539,2.034,9,18,o,0,0.88,346.01523,-67.83287,8067.74,6194.29,2.33,1.99,-48.3,-0.408,19.04,20.05,03a60770o0944o
60770.15803,21.893,2.905,6,18,o,0,1.09,346.01523,-67.83287,8088.42,6079.54,2.35,2.03,-51.0,-0.402,18.93,19.84,03a60770o0952o
60772.389424,20.563,0.752,22,16,c,0,1.14,346.01523,-67.83287,666.21,5901.59,2.56,2.32,58.5,-0.356,18.97,20.47,04a60772o0888c
60772.390339,20.462,0.871,24,21,c,0,0.94,346.01523,-67.83287,10052.64,5825.4,2.83,2.53,-31.4,-0.368,18.9,20.3,04a60772o0890c
60772.397094,20.127,0.452,32,15,c,0,1.83,346.01523,-67.83287,646.79,5860.64,2.56,2.34,63.3,-0.359,18.95,20.48,04a60772o0904c
60772.408261,21.32,1.907,11,20,c,0,1.19,346.01523,-67.83287,10033.81,5795.06,2.94,2.59,-35.1,-0.35,18.89,20.45,04a60772o0927c
60772.412671,20.923,1.219,16,19,c,0,1.39,346.01523,-67.83287,10093.75,5867.37,2.95,2.52,-29.8,-0.356,18.78,20.13,04a60772o0936c
60772.414135,20.236,0.693,29,20,c,0,0.96,346.01523,-67.83287,706.19,5945.26,2.61,2.33,61.3,-0.357,18.8,20.1,04a60772o0939c
60772.418952,24.279,50.333,1,36,c,0,1.0,346.01523,-67.83287,10113.46,5749.94,2.94,2.45,-26.4,-0.361,18.3,19.13,04a60772o0949c
60772.420426,20.211,1.032,30,31,c,0,1.45,346.01523,-67.83287,725.1,5832.19,2.65,2.34,61.0,-0.353,18.21,18.93,04a60772o0952c
60780.336713,18.975,0.345,93,32,o,0,1.29,346.01523,-67.83287,2250.82,189.14,2.49,2.03,35.3,-0.429,18.28,18.98,04a60780o0800o
60780.356786,22.442,8.636,4,33,o,0,1.06,346.01523,-67.83287,2234.57,151.73,2.48,1.98,34.5,-0.439,18.33,19.04,04a60780o0841o
60780.3724,-20.697,1.884,-19,36,o,0,0.95,346.01523,-67.83287,2291.74,235.11,2.19,1.94,28.4,-0.436,18.38,19.05,04a60780o0875o
60780.381759,20.898,2.321,16,37,o,0,0.82,346.01523,-67.83287,2308.72,119.41,2.62,2.14,34.8,-0.427,18.35,19.13,04a60780o0892o
60780.383587,21.709,5.714,8,43,o,0,1.08,346.01523,-67.83287,9487.17,10275.44,2.44,2.31,-62.7,-0.461,18.3,19.05,04a60780o0896o
60780.385395,21.346,3.455,10,36,o,0,1.27,346.01523,-67.83287,9464.27,10238.39,2.29,2.24,-36.6,-0.475,18.32,19.01,04a60780o0900o
60780.407994,-19.28,0.582,-70,41,o,0,1.23,346.01523,-67.83287,9530.28,10316.02,2.45,2.22,-19.7,-0.534,18.32,19.09,04a60780o0948o
60780.420806,20.415,2.023,25,50,o,0,1.25,346.01523,-67.83287,9548.75,10199.67,2.22,2.04,-24.3,-0.545,18.13,18.56,04a60780o0975o
60784.358092,-17.337,0.703,-422,297,o,0,1.14,346.01523,-67.83287,8214.73,4152.43,2.49,2.29,-43.0,-0.401,17.44,18.43,04a60784o0836o
60784.360929,20.667,2.672,20,52,o,0,1.31,346.01523,-67.83287,8195.31,4115.92,2.42,2.16,-31.2,-0.397,17.62,18.08,04a60784o0842o
60784.366614,-19.654,0.614,-50,31,o,0,1.15,346.01523,-67.83287,8252.88,4190.55,2.45,2.28,-37.1,-0.4,18.3,19.1,04a60784o0854o
60784.377022,-19.571,5.118,-54,276,o,0,0.91,346.01523,-67.83287,8271.64,4075.6,2.47,2.18,-35.5,-0.394,16.02,16.07,04a60784o0876o
60788.387262,-20.976,1.207,-15,18,o,0,1.44,346.01523,-67.83287,5028.41,2050.19,2.2,2.15,-44.6,-0.445,18.88,20.05,04a60788o0923o
60788.391057,20.597,1.008,21,21,o,0,0.75,346.01523,-67.83287,5010.57,2009.87,2.19,2.17,87.7,-0.454,18.9,19.96,04a60788o0931o
60788.397408,-19.475,0.359,-59,21,o,0,1.28,346.01523,-67.83287,5065.77,2088.2,2.26,2.16,5.8,-0.491,18.81,19.93,04a60788o0944o
60788.414678,21.002,1.679,14,24,o,0,0.81,346.01523,-67.83287,5084.16,1978.25,2.17,2.11,0.3,-0.468,18.81,19.89,04a60788o0981o
60790.147096,20.856,0.81,16,13,c,0,0.9,346.01523,-67.83287,3887.53,8287.2,2.67,2.36,-35.9,-0.367,19.32,21.01,03a60790o0924c
60790.162482,22.162,3.0,5,15,c,0,0.97,346.01523,-67.83287,3866.05,8241.45,2.77,2.43,-33.2,-0.362,19.24,20.91,03a60790o0956c
60790.165289,20.702,0.72,19,14,c,0,0.95,346.01523,-67.83287,3927.63,8318.77,2.59,2.37,-33.5,-0.365,19.2,20.71,03a60790o0962c
60790.168587,22.641,5.059,3,16,c,0,1.05,346.01523,-67.83287,3950.58,8204.29,2.57,2.34,-39.2,-0.366,19.02,20.28,03a60790o0969c
60792.380814,-20.686,0.815,-19,16,o,0,1.39,346.01523,-67.83287,4610.69,5917.69,2.19,1.97,-76.2,-0.435,18.95,20.2,04a60792o0914o
60792.383683,-21.259,1.56,-11,18,o,0,1.1,346.01523,-67.83287,4590.79,5879.27,2.15,1.97,-70.6,-0.436,19.01,20.21,04a60792o0920o
60792.389539,-20.414,0.616,-25,15,o,0,1.2,346.01523,-67.83287,4648.76,5957.71,2.2,2.01,-65.1,-0.432,19.0,20.23,04a60792o0932o
60792.408018,-20.389,0.688,-25,17,o,0,1.17,346.01523,-67.83287,4666.62,5845.57,2.31,2.01,-69.1,-0.422,19.0,20.31,04a60792o0970o
60794.140126,20.282,0.331,28,9,c,0,1.44,346.01523,-67.83287,6589.84,2446.45,2.43,2.29,-51.0,-0.408,19.36,21.13,03a60794o0953c
60794.145489,21.717,1.564,8,12,c,0,1.07,346.01523,-67.83287,6573.97,2407.96,2.53,2.39,-56.3,-0.407,19.36,21.14,03a60794o0964c
60794.159743,23.132,5.636,2,11,c,0,1.21,346.01523,-67.83287,6630.8,2486.04,2.49,2.35,-59.8,-0.408,19.35,21.1,03a60794o0994c
60794.164468,21.424,1.196,10,12,c,0,1.41,346.01523,-67.83287,6652.82,2369.23,2.56,2.4,-61.7,-0.402,19.25,20.92,03a60794o1004c
60794.175276,22.543,6.85,4,24,c,0,1.48,346.01523,-67.83287,6616.84,2429.67,2.45,2.3,-58.2,-0.408,18.5,19.14,03a60794o1027c
60802.147616,20.0,0.366,36,13,c,0,0.88,346.01523,-67.83287,3288.59,2060.05,2.52,2.37,-59.7,-0.396,19.4,21.19,03a60802o0969c
60802.151331,24.586,21.667,0,12,c,0,1.19,346.01523,-67.83287,3271.55,2019.43,2.51,2.36,-65.4,-0.39,19.38,21.2,03a60802o0977c
60802.162257,22.74,3.75,3,11,c,0,1.59,346.01523,-67.83287,3329.18,2097.69,2.5,2.43,-45.6,-0.394,19.4,21.19,03a60802o1000c
60802.173518,-21.521,1.702,-9,15,c,0,1.06,346.01523,-67.83287,3351.95,1983.09,2.59,2.49,-62.4,-0.389,19.05,20.39,03a60802o1024c
60804.268771,20.588,1.562,21,33,o,0,1.03,346.01523,-67.83287,2645.06,5942.36,2.57,2.45,88.7,-0.373,18.27,19.18,04a60804o0559o
60804.271696,25.71,150.0,0,28,o,0,1.24,346.01523,-67.83287,2625.42,5906.65,2.51,2.3,-88.3,-0.35,18.31,19.23,04a60804o0565o
60804.276914,19.636,0.583,51,30,o,0,1.0,346.01523,-67.83287,2684.04,5986.5,2.67,2.45,87.4,-0.346,18.31,19.23,04a60804o0576o
60804.311255,-20.424,1.228,-25,30,o,0,0.85,346.01523,-67.83287,2703.35,5876.98,2.93,2.72,-89.2,-0.317,18.31,19.41,04a60804o0649o
60810.012369,-20.434,1.16,-24,28,o,0,1.23,346.01523,-67.83287,5277.38,8708.03,2.94,2.4,-34.0,-0.362,18.44,18.84,03a60810o0697o
60810.01559,22.314,6.308,4,27,o,0,1.21,346.01523,-67.83287,5255.07,8675.7,2.77,2.29,-40.2,-0.356,18.46,18.84,03a60810o0704o
60810.020808,19.189,0.359,77,28,o,0,0.98,346.01523,-67.83287,5316.55,8753.8,2.72,2.26,-39.5,-0.369,18.48,18.86,03a60810o0715o
60810.044744,20.038,0.795,35,28,o,0,0.99,346.01523,-67.83287,5337.18,8631.79,2.74,2.27,-40.3,-0.353,18.51,18.92,03a60810o0766o
60812.327521,20.085,0.747,34,25,o,0,1.45,346.01523,-67.83287,1047.57,4007.73,2.5,2.16,48.5,-0.373,18.46,19.21,04a60812o0806o
60812.330744,20.439,1.023,24,25,o,0,1.41,346.01523,-67.83287,1027.15,3967.33,2.61,2.24,45.4,-0.371,18.45,19.27,04a60812o0813o
60812.334609,20.859,1.887,16,31,o,0,0.94,346.01523,-67.83287,10118.43,3892.72,2.87,2.49,-22.6,-0.369,18.45,19.24,04a60812o0821o
60812.336495,20.016,0.823,36,29,o,0,0.91,346.01523,-67.83287,1085.28,4048.02,2.64,2.29,50.9,-0.361,18.46,19.28,04a60812o0825o
60812.348743,-19.687,0.559,-48,27,o,0,1.15,346.01523,-67.83287,10096.04,3861.09,2.91,2.31,-19.5,-0.366,18.52,19.27,04a60812o0847o
60812.350134,-19.573,0.54,-54,29,o,0,1.04,346.01523,-67.83287,1100.5,3933.87,2.53,2.24,52.8,-0.367,18.48,19.3,04a60812o0850o
60812.351548,-21.497,3.068,-9,28,o,0,1.06,346.01523,-67.83287,10153.35,3932.47,2.83,2.25,-19.5,-0.385,18.5,19.32,04a60812o0853o
60812.357211,-20.172,0.983,-31,30,o,0,1.18,346.01523,-67.83287,10172.54,3814.28,2.74,2.66,75.2,-0.398,18.44,19.32,04a60812o0865o
60816.340107,-21.423,5.061,-10,50,o,0,0.93,346.01523,-67.83287,4822.89,3991.48,2.2,2.11,-52.4,-0.438,17.93,18.77,04a60816o0829o
60816.343321,21.093,1.891,13,25,o,0,1.1,346.01523,-67.83287,4803.89,3953.11,2.29,2.17,-38.9,-0.451,18.6,19.58,04a60816o0836o
60816.366507,-19.597,0.385,-53,20,o,0,1.09,346.01523,-67.83287,4857.79,4039.68,2.09,2.03,-31.5,-0.446,18.81,19.85,04a60816o0885o
60816.372696,-18.416,0.528,-156,82,o,0,1.5,346.01523,-67.83287,4875.73,3923.33,2.15,2.11,-48.7,-0.49,17.25,17.94,04a60816o0898o
60818.101144,19.476,0.266,59,16,o,0,15.65,346.01523,-67.83287,624.96,32.66,2.38,2.15,-63.8,-0.453,19.26,20.31,03a60818o0896o
60818.112257,21.683,2.018,8,16,o,0,1.24,346.01523,-67.83287,666.39,75.79,2.47,2.11,-65.6,-0.455,19.27,20.34,03a60818o0920o
60818.127256,-21.015,1.111,-14,16,o,0,1.3,346.01523,-67.83287,8871.83,329.57,2.31,2.13,-51.6,-0.45,19.23,20.29,03a60818o0952o
60818.130949,-21.182,0.969,-12,12,o,0,1.43,346.01523,-67.83287,8856.0,292.75,2.26,2.06,-47.1,-0.453,19.27,20.3,03a60818o0960o
60818.13613,-20.57,0.772,-22,17,o,0,0.92,346.01523,-67.83287,8910.41,367.64,2.25,2.11,-45.2,-0.463,19.28,20.29,03a60818o0971o
60818.143607,19.378,0.274,64,18,o,0,1.14,346.01523,-67.83287,7190.12,10495.96,3.0,2.42,-38.4,-0.384,19.15,20.29,03a60818o0987o
60818.146454,-20.164,0.487,-31,15,o,0,1.35,346.01523,-67.83287,8935.58,249.27,2.29,2.15,-38.2,-0.467,19.25,20.31,03a60818o0993o
60824.33379,22.445,2.565,4,10,c,0,0.89,346.01523,-67.83287,2931.84,4047.91,2.41,2.23,65.4,-0.369,19.34,21.47,04a60824o0793c
60824.337467,21.289,0.85,11,9,c,0,1.25,346.01523,-67.83287,2913.71,4006.77,2.54,2.4,66.6,-0.357,19.32,21.48,04a60824o0801c
60824.340763,20.95,0.541,15,8,c,0,2.21,346.01523,-67.83287,2969.65,4088.68,2.49,2.35,59.6,-0.357,19.35,21.44,04a60824o0808c
60824.3461,-22.656,2.833,-3,9,c,0,1.66,346.01523,-67.83287,2990.02,3970.88,2.49,2.32,65.5,-0.362,19.33,21.47,04a60824o0819c
60826.148345,22.793,4.556,3,13,o,0,1.22,346.01523,-67.83287,1798.0,8221.1,2.65,2.33,-50.5,-0.392,19.35,20.61,03a60826o0895o
60826.151517,21.041,0.848,14,12,o,0,1.36,346.01523,-67.83287,1778.49,8179.83,2.61,2.32,-49.7,-0.393,19.32,20.61,03a60826o0902o
60826.157049,22.61,4.19,3,14,o,0,0.87,346.01523,-67.83287,1838.4,8262.75,2.62,2.39,-52.2,-0.393,19.37,20.67,03a60826o0914o
60826.175056,-21.829,2.022,-7,14,o,0,1.13,346.01523,-67.83287,1862.84,8144.18,2.56,2.28,-52.2,-0.396,19.33,20.52,03a60826o0952o
60828.350024,21.332,4.0,11,43,c,0,1.28,346.01523,-67.83287,1392.62,2105.93,2.77,2.08,49.0,-0.383,17.94,19.85,04a60828o0858c
60828.353997,18.695,0.558,121,67,c,0,1.11,346.01523,-67.83287,1375.17,2063.18,2.69,2.02,45.4,-0.391,17.75,19.61,04a60828o0866c
60828.356758,18.92,0.337,98,33,c,0,1.22,346.01523,-67.83287,1430.23,2148.08,2.66,2.02,43.3,-0.394,18.16,20.01,04a60828o0872c
60828.364729,19.624,0.602,51,31,c,0,1.05,346.01523,-67.83287,10181.7,1968.85,3.27,2.57,-14.8,-0.337,18.55,20.43,04a60828o0889c
60828.366618,22.211,5.833,5,28,c,0,1.2,346.01523,-67.83287,1445.04,2032.96,2.65,2.08,41.8,-0.4,18.43,20.29,04a60828o0893c
60828.367566,-20.326,1.065,-27,29,c,0,0.98,346.01523,-67.83287,10163.59,1932.84,3.18,2.61,-12.8,-0.339,18.38,20.28,04a60828o0895c
60828.372718,21.681,4.6,8,36,c,0,1.04,346.01523,-67.83287,10218.68,2006.24,3.2,2.65,-14.2,-0.338,18.12,20.0,04a60828o0906c
60828.383273,-19.235,0.765,-73,56,c,0,0.98,346.01523,-67.83287,10237.81,1886.01,3.18,2.56,-16.4,-0.344,17.9,19.78,04a60828o0928c
60832.34275,20.84,1.178,17,20,c,0,1.45,346.01523,-67.83287,4014.0,197.45,2.77,2.25,44.3,-0.38,18.61,20.56,04a60832o0839c
60832.344566,20.05,0.418,35,14,c,0,0.94,346.01523,-67.83287,3996.2,158.17,2.75,2.26,47.2,-0.375,19.11,21.14,04a60832o0843c
60832.347762,20.605,0.616,21,13,c,0,1.44,346.01523,-67.83287,4049.81,238.78,2.72,2.26,43.4,-0.377,19.25,21.31,04a60832o0850c
60832.373058,21.748,3.353,7,24,c,0,0.99,346.01523,-67.83287,4063.37,128.13,3.0,2.5,40.8,-0.362,18.62,20.58,04a60832o0904c
60832.396062,21.047,0.855,14,12,c,0,1.24,346.01523,-67.83287,1490.61,10277.97,3.15,2.13,-75.1,-0.355,19.26,21.36,04a60832o0953c
60832.39794,20.017,0.339,36,12,c,0,1.22,346.01523,-67.83287,1469.6,10237.55,3.22,2.25,-75.3,-0.348,19.34,21.36,04a60832o0957c
60832.414073,20.393,0.504,25,13,c,0,1.25,346.01523,-67.83287,1531.03,10320.01,3.26,2.28,-75.3,-0.341,19.32,21.34,04a60832o0992c
60832.425743,21.42,1.426,10,14,c,0,0.72,346.01523,-67.83287,1552.57,10203.36,3.18,2.19,-73.4,-0.358,19.23,21.33,04a60832o1016c
60832.439823,-21.572,2.167,-8,18,c,0,1.17,346.01523,-67.83287,9066.29,310.68,3.36,2.93,-17.7,-0.312,18.86,20.42,04a60832o1045c
60836.318109,-19.199,0.446,-76,34,o,0,1.06,346.01523,-67.83287,7443.23,8587.8,2.77,2.23,-71.6,-0.404,18.35,19.09,04a60836o0786o
60836.320851,21.028,2.656,14,37,o,0,1.26,346.01523,-67.83287,7421.8,8550.66,2.73,2.28,-63.3,-0.41,18.34,19.11,04a60836o0792o
60836.323669,-20.738,2.062,-18,38,o,0,0.77,346.01523,-67.83287,7485.05,8624.65,2.42,2.19,-53.7,-0.385,18.42,19.09,04a60836o0798o
60836.333648,-19.115,0.423,-82,35,o,0,0.93,346.01523,-67.83287,7504.33,8507.64,2.48,2.16,-52.8,-0.377,18.44,19.1,04a60836o0819o
60838.001342,-21.403,2.554,-10,26,o,0,1.18,346.01523,-67.83287,5085.86,2051.56,2.19,2.04,-42.6,-0.436,18.61,18.98,03a60838o0693o
60838.004074,-20.268,1.029,-28,29,o,0,0.74,346.01523,-67.83287,5069.55,2012.32,2.18,1.99,-51.9,-0.43,18.63,18.98,03a60838o0699o
60838.027416,20.42,0.854,25,21,o,0,1.4,346.01523,-67.83287,5128.19,2093.41,2.19,2.0,-47.2,-0.427,18.62,19.05,03a60838o0747o
60838.04541,20.608,1.107,21,23,o,0,1.04,346.01523,-67.83287,5154.52,1974.56,2.32,2.13,-49.6,-0.429,18.64,19.1,03a60838o0785o
60844.31238,21.681,2.841,8,22,o,0,0.93,346.01523,-67.83287,6549.08,2429.47,2.35,2.19,-14.1,-0.395,18.77,19.89,04a60844o0741o
60844.319363,-23.559,15.143,-1,21,o,0,1.22,346.01523,-67.83287,6530.83,2396.57,2.43,2.32,-16.8,-0.4,18.75,19.93,04a60844o0756o
60844.321686,-22.337,4.9,-4,21,o,0,1.25,346.01523,-67.83287,6585.34,2472.49,2.56,2.45,-16.0,-0.382,18.7,19.94,04a60844o0761o
60844.328168,20.012,0.607,36,22,o,0,0.91,346.01523,-67.83287,6603.43,2356.31,2.42,2.29,-24.5,-0.389,18.77,19.91,04a60844o0775o
60850.220481,21.478,2.077,9,19,o,0,1.1,346.01523,-67.83287,6116.99,6290.86,2.38,2.1,-51.2,-0.419,18.99,20.41,04a60850o0581o
60850.22504,-19.906,0.463,-40,18,o,0,0.92,346.01523,-67.83287,6096.87,6253.83,2.25,2.02,-49.2,-0.422,19.01,20.33,04a60850o0591o
60850.229128,-20.55,0.763,-22,17,o,0,1.29,346.01523,-67.83287,6156.36,6330.37,2.26,2.02,-50.8,-0.416,19.07,20.37,04a60850o0600o
60850.233684,25.792,78.0,0,14,o,0,1.81,346.01523,-67.83287,6175.43,6214.76,2.33,2.06,-75.9,-0.45,19.04,20.4,04a60850o0610o
60854.083924,-20.33,0.767,-27,21,o,0,1.25,346.01523,-67.83287,5998.82,6273.3,2.61,2.46,-49.3,-0.371,18.63,20.12,04a60854o0188o
60854.102827,-21.798,2.658,-7,18,o,0,0.8,346.01523,-67.83287,5901.51,6141.09,2.34,2.2,-55.4,-0.393,18.82,20.29,04a60854o0226o
60854.112933,-21.107,1.436,-13,19,o,0,1.06,346.01523,-67.83287,6240.35,6540.04,2.54,2.22,-67.5,-0.413,18.74,20.25,04a60854o0246o
60854.113383,-20.767,1.234,-18,22,o,0,1.02,346.01523,-67.83287,6260.28,6597.53,2.5,2.17,-68.6,-0.411,18.75,20.28,04a60854o0247o
60856.340222,-20.684,0.828,-19,16,o,0,1.11,346.01523,-67.83287,8358.42,2247.5,2.75,2.39,-16.3,-0.378,19.13,20.7,04a60856o0839o
60856.342965,20.383,0.573,26,15,o,0,1.1,346.01523,-67.83287,8340.53,2210.07,2.77,2.49,-17.3,-0.378,19.09,20.6,04a60856o0845o
60856.346224,-21.373,1.578,-10,16,o,0,1.0,346.01523,-67.83287,8394.08,2285.02,2.86,2.57,-16.7,-0.366,19.08,20.62,04a60856o0852o
60856.367908,21.662,2.029,8,16,o,0,0.99,346.01523,-67.83287,8411.1,2170.12,2.88,2.54,-17.8,-0.359,19.06,20.62,04a60856o0898o
60858.022624,20.376,0.364,26,9,c,0,1.15,346.01523,-67.83287,9438.34,8424.89,2.84,2.39,-53.8,-0.389,19.67,21.95,03a60858o0717c
60858.02443,23.16,3.833,2,8,c,0,1.37,346.01523,-67.83287,9418.18,8387.69,2.69,2.33,-60.3,-0.384,19.7,21.96,03a60858o0721c
60858.057165,21.227,0.75,12,9,c,0,1.06,346.01523,-67.83287,9477.66,8467.17,2.64,2.2,-55.8,-0.399,19.74,21.86,03a60858o0792c
60858.068158,-22.433,2.231,-4,9,c,0,1.12,346.01523,-67.83287,9503.39,8353.55,2.58,2.16,-54.4,-0.398,19.74,21.82,03a60858o0816c
60860.321976,-19.96,0.505,-38,19,o,0,0.76,346.01523,-67.83287,5340.72,8749.65,2.54,2.05,-47.4,-0.396,19.19,20.77,04a60860o0799o
60860.32476,21.183,1.191,12,14,o,0,1.14,346.01523,-67.83287,5318.45,8710.71,2.42,1.99,-63.6,-0.444,19.21,20.76,04a60860o0805o
60860.327979,-22.088,2.871,-5,15,o,0,1.11,346.01523,-67.83287,5381.19,8788.82,2.34,2.04,-56.0,-0.41,19.21,20.78,04a60860o0812o
60860.335858,21.023,1.282,14,18,o,0,0.84,346.01523,-67.83287,5401.57,8672.17,2.52,2.14,-54.9,-0.413,19.13,20.8,04a60860o0828o
60864.230274,-22.232,4.56,-5,21,o,0,1.58,346.01523,-67.83287,3713.57,10283.42,2.82,2.01,-77.9,-0.414,18.6,19.44,04a60864o0596o
60864.251273,22.265,4.88,4,22,o,0,1.29,346.01523,-67.83287,3686.45,10245.79,2.78,1.96,-71.2,-0.419,18.64,19.47,04a60864o0637o
60864.269109,20.651,1.043,20,21,o,0,1.91,346.01523,-67.83287,3747.17,10325.1,2.69,1.84,-70.5,-0.451,18.7,19.46,04a60864o0674o
60864.288751,21.066,1.75,14,24,o,0,1.15,346.01523,-67.83287,3762.69,10211.18,2.94,2.02,-70.9,-0.4,18.62,19.49,04a60864o0713o
60864.339529,-20.02,0.63,-36,22,o,0,1.13,346.01523,-67.83287,5760.86,120.18,2.48,2.23,23.1,-0.399,18.82,19.71,04a60864o0815o
60864.342785,20.139,0.84,32,27,o,0,1.02,346.01523,-67.83287,5743.84,82.34,2.69,2.34,34.8,-0.382,18.78,19.73,04a60864o0822o
60864.345678,-22.162,4.346,-5,22,o,0,0.79,346.01523,-67.83287,5796.86,159.77,2.55,2.39,14.1,-0.394,18.76,19.7,04a60864o0828o
60864.360941,19.499,0.759,58,44,o,0,0.67,346.01523,-67.83287,5812.73,43.49,2.59,2.35,28.7,-0.389,18.85,19.74,04a60864o0859o
60866.076475,19.085,0.312,84,26,o,0,1.2,346.01523,-67.83287,4865.58,3977.57,2.52,2.28,-59.3,-0.404,18.5,19.05,03a60866o0267o
60866.078305,19.301,0.361,69,25,o,0,1.29,346.01523,-67.83287,4848.07,3938.44,2.52,2.22,-68.1,-0.402,18.51,19.05,03a60866o0271o
60866.081086,19.272,0.363,71,26,o,0,1.21,346.01523,-67.83287,4902.81,4017.36,2.45,2.27,-58.6,-0.415,18.48,19.04,03a60866o0277o
60866.086514,19.924,0.713,39,28,o,0,1.07,346.01523,-67.83287,4924.99,3901.98,2.5,2.22,-63.6,-0.407,18.49,19.04,03a60866o0289o
60868.221309,18.922,0.343,98,34,o,0,1.5,346.01523,-67.83287,8762.97,236.29,2.8,2.42,-18.7,-0.375,18.24,18.77,04a60868o0583o
60868.225069,20.151,1.094,32,35,o,0,1.3,346.01523,-67.83287,8746.44,197.59,2.59,2.53,-34.4,-0.361,18.28,18.78,04a60868o0591o
60868.228706,-20.891,2.468,-16,39,o,0,0.75,346.01523,-67.83287,8798.9,273.75,2.73,2.41,-25.5,-0.382,18.27,18.79,04a60868o0599o
60868.264249,19.378,0.567,64,36,o,0,0.99,346.01523,-67.83287,8817.62,163.24,2.77,2.46,-28.7,-0.373,18.33,18.87,04a60868o0673o
60868.274407,-19.172,0.522,-78,41,o,0,1.02,346.01523,-67.83287,493.61,158.2,2.96,1.94,41.9,-0.415,18.26,18.78,04a60868o0695o
60868.27626,-21.746,9.294,-7,68,o,0,0.65,346.01523,-67.83287,475.43,116.46,2.91,1.91,38.1,-0.414,18.3,18.78,04a60868o0699o
60868.279071,-19.989,1.448,-37,53,o,0,0.81,346.01523,-67.83287,529.88,201.38,2.52,1.86,34.0,-0.416,18.32,18.78,04a60868o0705o
60868.300801,-21.602,9.378,-8,78,o,0,0.8,346.01523,-67.83287,542.3,83.27,2.82,2.03,38.9,-0.4,18.27,18.77,04a60868o0751o
60868.301264,-19.227,0.056,-74,4,o,0,1.4,346.01523,-67.83287,7233.76,10524.93,2.71,2.11,-68.9,-0.416,18.36,18.93,04a60868o0752o
60868.309383,19.831,0.946,42,40,o,0,1.46,346.01523,-67.83287,7321.17,10484.1,2.4,2.06,-47.2,-0.411,18.35,18.94,04a60868o0769o
60872.31423,20.081,0.714,34,24,o,0,1.01,346.01523,-67.83287,10049.63,5886.5,3.06,2.66,-21.8,-0.371,18.73,19.98,04a60872o0765o
60872.316509,20.679,1.289,19,25,o,0,0.91,346.01523,-67.83287,10028.99,5850.05,3.08,2.69,-19.7,-0.356,18.75,19.99,04a60872o0770o
60872.319758,20.653,1.013,20,20,o,0,1.87,346.01523,-67.83287,10088.73,5922.48,2.99,2.7,-13.1,-0.384,18.72,19.96,04a60872o0777o
60872.328915,20.673,1.253,20,24,o,0,0.94,346.01523,-67.83287,10106.77,5804.5,2.94,2.57,-6.9,-0.375,18.77,19.9,04a60872o0796o
60876.327419,23.801,12.833,1,14,o,0,1.29,346.01523,-67.83287,8724.37,2219.57,2.55,2.22,-16.1,-0.397,19.09,20.65,04a60876o0788o
60876.362631,20.207,1.438,30,43,o,0,0.96,346.01523,-67.83287,8752.42,2264.6,2.67,2.44,-21.0,-0.375,18.05,19.34,04a60876o0862o
60876.365699,-21.623,4.556,-8,37,o,0,1.2,346.01523,-67.83287,8689.32,2179.15,2.59,2.41,-10.9,-0.391,18.08,19.34,04a60876o0868o
60876.394729,-20.686,0.78,-19,15,o,0,1.22,346.01523,-67.83287,8675.32,2301.05,2.53,2.33,-12.6,-0.386,19.07,20.58,04a60876o0928o
60880.246556,21.483,1.368,9,13,c,0,1.24,346.01523,-67.83287,2258.15,220.77,3.17,2.18,44.0,-0.376,19.2,21.3,04a60880o0626c
60880.267982,22.156,3.111,5,16,c,0,0.92,346.01523,-67.83287,2239.62,181.16,3.31,2.35,46.5,-0.351,19.14,21.24,04a60880o0671c
60880.270756,19.947,0.409,38,16,c,0,1.09,346.01523,-67.83287,2293.65,263.92,3.2,2.26,48.3,-0.353,19.08,21.13,04a60880o0677c
60880.27443,22.067,3.118,5,17,c,0,1.22,346.01523,-67.83287,2311.81,147.99,3.27,2.45,42.6,-0.355,18.94,21.09,04a60880o0685c
60880.279478,20.217,0.566,30,17,c,0,0.86,346.01523,-67.83287,9458.44,10330.17,3.21,2.65,-52.1,-0.373,19.12,21.22,04a60880o0696c
60880.297715,20.809,1.45,17,25,c,0,0.91,346.01523,-67.83287,9431.63,10296.48,3.1,2.7,-52.7,-0.37,18.73,20.75,04a60880o0734c
60880.315832,0.0,20.875,0,16,c,0,1.5,346.01523,-67.83287,9494.5,10371.3,3.11,2.75,-59.6,-0.368,19.02,21.11,04a60880o0773c
60880.324759,21.4,2.789,10,28,c,0,0.95,346.01523,-67.83287,9513.68,10252.77,3.09,2.77,-51.3,-0.368,18.52,20.54,04a60880o0791c
60882.056537,-24.625,18.75,0,10,o,0,2.36,346.01523,-67.83287,9202.14,448.41,2.22,2.05,-28.7,-0.479,19.57,20.99,03a60882o0630o
60882.059731,22.696,3.833,3,12,o,0,1.11,346.01523,-67.83287,9222.6,490.45,2.2,2.06,-25.5,-0.475,19.51,20.98,03a60882o0637o
60882.065741,-21.983,2.267,-6,13,o,0,1.02,346.01523,-67.83287,9162.35,405.79,2.25,2.06,-27.7,-0.47,19.49,20.93,03a60882o0650o
60882.070742,23.362,7.0,2,12,o,0,0.95,346.01523,-67.83287,6371.67,10407.82,2.66,2.14,-33.5,-0.401,19.56,20.99,03a60882o0661o
60882.073928,21.315,1.087,11,12,o,0,1.11,346.01523,-67.83287,6388.59,10448.98,2.7,2.24,-30.8,-0.391,19.5,21.0,03a60882o0668o
60882.077125,-22.513,3.462,-4,12,o,0,1.02,346.01523,-67.83287,9139.77,523.13,2.33,2.13,-36.5,-0.465,19.48,20.96,03a60882o0675o
60882.079407,21.08,0.849,13,11,o,0,0.95,346.01523,-67.83287,6339.08,10367.6,2.71,2.18,-33.2,-0.402,19.55,21.0,03a60882o0680o
60882.091757,-21.349,1.209,-10,13,o,0,0.91,346.01523,-67.83287,6321.77,10484.87,2.67,2.21,-34.0,-0.4,19.49,21.0,03a60882o0707o
60890.023438,-20.341,1.585,-26,42,o,0,1.42,346.01523,-67.83287,3921.24,8318.44,2.65,2.36,-57.3,-0.377,17.88,19.38,03a60890o0687o
60890.026199,-19.415,2.708,-62,169,o,0,0.82,346.01523,-67.83287,3945.9,8203.64,2.55,2.27,-56.3,-0.383,17.28,18.77,03a60890o0693o
60892.225432,-20.18,4.545,-31,140,o,0,1.32,346.01523,-67.83287,4595.73,5934.33,2.24,2.05,-41.1,-0.44,16.72,16.79,04a60892o0557o
60892.230944,19.388,1.706,64,109,o,0,0.84,346.01523,-67.83287,4575.3,5895.67,2.22,2.01,-53.5,-0.436,16.98,17.12,04a60892o0569o
60892.234229,-18.755,0.796,-114,91,o,0,1.56,346.01523,-67.83287,4633.26,5973.85,2.27,2.08,-54.9,-0.423,16.97,17.12,04a60892o0576o
60892.249801,-17.879,0.508,-256,130,o,0,1.47,346.01523,-67.83287,4650.06,5858.17,2.28,2.03,-56.6,-0.416,16.55,16.61,04a60892o0609o
60893.95075,22.545,5.346,4,19,o,0,1.53,346.01523,-67.83287,6620.76,2459.06,2.35,2.12,-50.4,-0.433,18.81,19.41,03a60894o0549o
60893.954006,-20.744,1.144,-18,21,o,0,0.89,346.01523,-67.83287,6603.46,2419.45,2.33,2.09,-46.5,-0.439,18.8,19.37,03a60894o0556o
60893.956769,21.372,2.169,10,22,o,0,1.28,346.01523,-67.83287,6658.58,2496.02,2.35,2.24,-37.6,-0.448,18.78,19.38,03a60894o0562o
60893.971341,18.743,1.188,116,137,o,0,1.42,346.01523,-67.83287,6683.22,2380.59,2.65,2.06,24.3,-0.469,16.73,16.73,03a60894o0593o
60896.156761,-19.52,0.706,-56,40,o,0,1.05,346.01523,-67.83287,6331.66,4364.23,2.4,2.18,-29.7,-0.417,18.06,18.39,04a60896o0409o
60896.159599,-20.029,1.222,-35,43,o,0,0.68,346.01523,-67.83287,6311.98,4326.04,2.42,2.23,-24.4,-0.448,18.08,18.39,04a60896o0415o
60896.186816,20.601,1.864,21,39,o,0,1.02,346.01523,-67.83287,6368.45,4406.27,2.3,2.15,-25.3,-0.403,18.12,18.44,04a60896o0470o
60896.190471,21.142,3.286,13,42,o,0,0.83,346.01523,-67.83287,6387.7,4291.41,2.36,2.13,-29.0,-0.419,18.1,18.42,04a60896o0478o
60898.999949,-22.767,3.802,-3,11,o,0,1.18,346.01523,-67.83287,7917.93,4698.22,2.27,2.11,-45.1,-0.437,19.66,19.68,03a60899o0234o
60899.008289,21.018,0.754,14,11,o,0,0.64,346.01523,-67.83287,7937.64,4738.46,2.29,2.07,-51.8,-0.434,19.67,19.66,03a60899o0240o
60899.016622,-22.777,3.429,-3,10,o,0,1.36,346.01523,-67.83287,7888.56,4657.26,2.28,2.18,-45.3,-0.445,19.63,19.65,03a60899o0246o
60899.037446,22.069,1.955,5,11,o,0,1.05,346.01523,-67.83287,2691.99,5870.23,2.36,2.12,-79.2,-0.383,19.63,20.21,04a60899o0060o
60910.227754,21.54,0.816,9,7,o,0,1.29,346.01523,-67.83287,7940.79,4608.11,2.39,2.25,-40.1,-0.425,19.96,20.84,04a60910o0036o
60910.236167,22.122,1.5,5,8,o,0,1.75,346.01523,-67.83287,7960.48,4647.84,2.46,2.22,-34.2,-0.412,19.69,20.49,04a60910o0042o
60910.244573,-26.407,92.0,0,9,o,0,0.72,346.01523,-67.83287,7907.56,4567.82,2.38,2.2,-35.3,-0.418,19.93,20.65,04a60910o0048o
60910.252979,-22.589,2.574,-3,9,o,0,1.35,346.01523,-67.83287,7890.66,4682.43,2.31,2.15,-37.4,-0.432,19.91,20.65,04a60910o0054o
60915.261773,22.647,2.014,3,6,o,0,1.13,346.01523,-67.83287,7903.29,4566.33,2.33,2.15,-43.8,-0.433,20.05,20.88,04a60915o0159o
60916.198833,-20.61,0.546,-21,11,o,0,1.29,346.01523,-67.83287,4813.15,3998.87,2.12,2.07,-60.8,-0.42,19.24,20.81,04a60916o0493o
60916.201537,-21.725,1.49,-7,11,o,0,1.57,346.01523,-67.83287,4794.34,3960.12,2.14,2.11,-30.9,-0.422,19.2,20.77,04a60916o0499o
60916.204301,-20.894,0.747,-16,12,o,0,1.56,346.01523,-67.83287,4850.18,4038.11,2.22,2.16,-44.9,-0.419,19.19,20.8,04a60916o0505o
60916.21166,-20.634,0.648,-20,13,o,0,1.21,346.01523,-67.83287,4869.71,3923.97,2.22,2.14,-42.8,-0.424,19.16,20.74,04a60916o0521o
60919.19315,16.75,0.722,724,523,o,0,0.15,346.01523,-67.83287,7231.93,10515.08,3.35,2.57,-75.8,-0.369,18.64,20.19,04a60919o0473o
60919.195026,21.73,3.318,7,24,o,0,0.92,346.01523,-67.83287,8767.49,252.14,3.3,3.03,-13.8,-0.381,18.75,20.3,04a60919o0477o
60919.196871,-21.907,3.273,-6,20,o,0,1.19,346.01523,-67.83287,8750.27,214.19,3.23,2.8,-25.8,-0.343,18.89,20.31,04a60919o0481o
60919.200549,24.261,27.667,1,20,o,0,1.47,346.01523,-67.83287,8803.85,289.04,2.67,2.43,-30.4,-0.406,18.96,20.32,04a60919o0489o
60919.201915,-20.814,1.313,-17,22,o,0,1.3,346.01523,-67.83287,7318.75,10473.37,2.79,2.26,-76.9,-0.384,18.94,20.22,04a60919o0492o
60919.210838,-20.62,1.585,-20,32,o,0,0.98,346.01523,-67.83287,10063.72,10426.01,2.73,2.46,-84.0,-0.401,18.88,20.15,04a60919o0511o
60919.213574,20.537,1.523,22,34,o,0,1.02,346.01523,-67.83287,10082.15,10467.17,2.42,2.03,1.7,-0.589,18.97,20.31,04a60919o0517o
60919.220807,20.721,1.072,19,20,o,0,1.11,346.01523,-67.83287,8820.68,170.6,2.73,2.41,-26.0,-0.391,19.0,20.36,04a60919o0532o
60919.241284,-19.929,0.604,-39,23,o,0,1.64,346.01523,-67.83287,10028.41,10384.93,2.25,2.11,-10.0,-0.471,18.88,20.14,04a60919o0576o
60919.246343,-22.078,12.85,-5,69,o,0,1.31,346.01523,-67.83287,10013.64,10500.75,1.91,1.82,-20.0,-0.62,18.14,19.2,04a60919o0587o
60920.189806,-21.475,2.308,-9,22,o,0,0.91,346.01523,-67.83287,8069.3,6133.14,2.43,2.15,-27.1,-0.428,18.77,19.75,04a60920o0411o
60920.19231,21.358,2.069,10,22,o,0,1.0,346.01523,-67.83287,8049.7,6096.08,2.44,2.16,-28.5,-0.428,18.76,19.77,04a60920o0416o
60920.195237,-22.111,3.613,-5,19,o,0,1.52,346.01523,-67.83287,8109.08,6170.38,2.3,2.07,-33.4,-0.422,18.8,19.78,04a60920o0422o
60920.214728,21.656,2.204,8,17,o,0,1.38,346.01523,-67.83287,2441.49,4502.28,2.2,2.06,78.2,-0.391,18.78,19.86,04a60920o0462o
60920.986251,22.745,5.095,3,15,o,0,1.25,346.01523,-67.83287,2507.77,4349.32,2.37,2.19,-60.5,-0.409,19.01,20.07,03a60921o0577o
60920.989465,-20.789,1.0,-18,18,o,0,0.95,346.01523,-67.83287,2527.07,4387.45,2.4,2.21,-58.4,-0.412,19.04,20.08,03a60921o0584o
60920.996123,-20.435,0.513,-24,12,o,0,1.18,346.01523,-67.83287,2472.7,4311.66,2.28,2.08,-62.2,-0.414,19.08,20.08,03a60921o0596o
60921.032313,21.062,1.231,14,17,o,0,1.07,346.01523,-67.83287,2457.96,4427.9,2.66,2.49,-73.9,-0.395,18.91,20.08,03a60921o0672o
60922.164507,-20.296,8.395,-28,232,o,0,1.01,346.01523,-67.83287,649.28,5902.25,2.46,2.16,77.1,-0.365,16.0,15.96,04a60922o0409o
60922.167257,18.915,0.749,99,74,o,0,0.98,346.01523,-67.83287,628.38,5861.96,2.45,2.14,73.5,-0.361,17.24,17.5,04a60922o0415o
60922.170003,18.793,0.671,110,74,o,0,1.19,346.01523,-67.83287,688.93,5946.32,2.49,2.15,74.2,-0.362,17.24,17.53,04a60922o0421o
60922.189414,20.289,1.048,28,29,o,0,1.46,346.01523,-67.83287,9857.16,4736.95,2.62,2.32,-16.3,-0.397,18.29,19.07,04a60922o0463o
60922.19982,-19.851,7.375,-42,307,o,0,0.6,346.01523,-67.83287,10044.42,5872.97,2.79,2.33,-12.7,-0.39,16.21,16.41,04a60922o0483o
60922.202679,-18.676,1.087,-123,134,o,0,1.27,346.01523,-67.83287,10024.68,5836.85,2.72,2.29,-3.4,-0.403,17.01,17.15,04a60922o0489o
60922.20639,19.391,2.539,64,162,o,0,1.14,346.01523,-67.83287,10083.79,5908.5,2.71,2.27,-6.8,-0.421,16.94,17.14,04a60922o0497o
60922.211461,-19.754,2.823,-46,128,o,0,0.86,346.01523,-67.83287,10103.93,5792.02,2.67,2.26,-9.2,-0.425,17.19,17.46,04a60922o0508o
60923.186312,21.291,3.255,11,36,o,0,0.87,346.01523,-67.83287,9918.08,4664.18,2.75,2.39,-25.1,-0.398,18.36,19.12,04a60923o0462o
60923.197473,19.845,0.667,42,28,o,0,1.28,346.01523,-67.83287,10042.97,5870.28,2.81,2.45,-17.4,-0.396,18.4,19.18,04a60923o0485o
60923.200236,21.374,2.796,10,29,o,0,1.58,346.01523,-67.83287,10022.63,5834.68,2.76,2.35,-12.8,-0.394,18.41,19.18,04a60923o0491o
60923.202943,-20.846,1.872,-17,31,o,0,1.11,346.01523,-67.83287,10082.42,5906.37,2.79,2.37,-13.1,-0.392,18.42,19.19,04a60923o0497o
60923.208051,19.241,0.48,73,35,o,0,1.09,346.01523,-67.83287,10101.46,5788.84,3.33,2.9,-17.4,-0.348,18.27,19.18,04a60923o0508o
60923.219841,-20.51,1.535,-23,35,o,0,0.7,346.01523,-67.83287,9941.7,4707.96,2.82,2.49,-25.9,-0.386,18.33,19.16,04a60923o0532o
60923.222597,20.116,0.941,33,31,o,0,1.4,346.01523,-67.83287,9880.89,4622.29,2.74,2.58,-14.7,-0.405,18.33,19.16,04a60923o0538o
60923.227636,19.72,0.708,47,33,o,0,1.25,346.01523,-67.83287,9860.25,4737.88,2.76,2.43,-24.1,-0.39,18.34,19.19,04a60923o0549o
60925.215008,19.745,0.865,46,40,o,0,0.88,346.01523,-67.83287,7637.31,6523.5,2.69,2.32,-57.5,-0.406,18.09,18.66,04a60925o0526o
60925.217729,-22.35,9.842,-4,41,o,0,1.09,346.01523,-67.83287,7655.08,6562.51,2.8,2.48,-55.6,-0.389,18.01,18.56,04a60925o0532o
60925.250116,-18.027,0.796,-223,178,o,0,0.91,346.01523,-67.83287,7582.54,6596.27,2.62,2.4,-48.4,-0.4,17.08,17.59,04a60925o0601o
60928.175351,-20.629,1.23,-20,25,o,0,1.33,346.01523,-67.83287,9169.09,8471.93,2.34,2.15,-38.3,-0.426,18.6,19.54,04a60928o0439o
60928.178104,-20.255,1.03,-29,30,o,0,1.57,346.01523,-67.83287,9188.45,8512.34,2.39,2.23,-53.4,-0.416,18.61,19.54,04a60928o0445o
60928.210628,22.905,8.267,2,21,o,0,1.92,346.01523,-67.83287,9134.46,8431.96,2.37,2.18,-19.9,-0.419,18.61,19.6,04a60928o0514o
60928.213817,-21.054,1.851,-14,26,o,0,1.17,346.01523,-67.83287,378.56,8576.64,2.94,2.29,-83.0,-0.345,18.61,19.6,04a60928o0521o
60928.238999,-19.848,0.702,-42,29,o,0,1.73,346.01523,-67.83287,9120.9,8549.15,2.09,2.02,-60.0,-0.454,18.6,19.42,04a60928o0574o
60928.241288,21.18,2.266,12,28,o,0,1.06,346.01523,-67.83287,399.39,8612.19,2.84,2.03,-79.7,-0.372,18.6,19.42,04a60928o0579o
60928.244027,-20.897,1.729,-16,28,o,0,0.92,346.01523,-67.83287,345.06,8539.17,2.79,2.05,-79.9,-0.378,18.57,19.34,04a60928o0585o
60928.249591,19.559,0.629,54,34,o,0,1.48,346.01523,-67.83287,326.34,8658.44,2.91,2.16,-78.6,-0.361,18.28,18.99,04a60928o0597o
60931.24469,-22.11,4.207,-5,22,o,0,1.05,346.01523,-67.83287,1133.16,226.56,2.36,1.86,37.0,-0.419,18.97,20.23,04a60931o0216o
60931.245151,-20.36,0.817,-26,21,o,0,1.68,346.01523,-67.83287,8302.08,10358.65,2.22,2.01,0.4,-0.463,18.94,20.16,04a60931o0217o
60931.247884,21.271,2.837,11,32,o,0,0.61,346.01523,-67.83287,1155.5,262.84,2.72,1.94,43.8,-0.455,19.01,20.33,04a60931o0223o
60931.248345,-21.513,2.714,-9,24,o,0,0.84,346.01523,-67.83287,8320.16,10399.12,2.35,2.2,14.1,-0.424,19.02,20.28,04a60931o0224o
60931.253443,21.095,1.474,13,20,o,0,1.15,346.01523,-67.83287,1091.31,189.13,2.32,1.85,37.0,-0.434,19.01,20.31,04a60931o0235o
60931.265008,-19.684,0.402,-49,20,o,0,0.98,346.01523,-67.83287,8268.05,10318.79,2.8,2.37,-84.2,-0.395,18.91,20.26,04a60931o0259o
60931.270542,-20.714,1.406,-19,26,o,0,1.23,346.01523,-67.83287,8251.33,10435.7,2.89,2.5,-87.5,-0.421,18.83,20.21,04a60931o0271o
60931.273789,23.785,21.5,1,24,o,0,1.03,346.01523,-67.83287,1073.61,309.86,2.41,1.97,40.7,-0.417,18.9,20.17,04a60931o0278o
60932.165819,20.783,0.837,18,15,c,0,0.7,346.01523,-67.83287,9084.33,303.61,2.89,2.42,-18.4,-0.378,19.42,21.55,04a60932o0414c
60932.168638,21.683,1.6,8,12,c,0,1.08,346.01523,-67.83287,9105.4,344.87,2.96,2.42,-21.2,-0.363,19.38,21.57,04a60932o0420c
60932.174629,0.0,21.221,0,12,c,0,1.06,346.01523,-67.83287,9041.95,261.41,3.03,2.64,-16.7,-0.373,19.3,21.56,04a60932o0433c
60932.176459,21.694,1.6,8,12,c,0,1.01,346.01523,-67.83287,6541.6,10367.24,3.31,2.14,-74.7,-0.373,19.41,21.62,04a60932o0437c
60932.207716,-21.453,1.395,-10,13,c,0,0.96,346.01523,-67.83287,9023.9,381.03,3.04,2.68,-16.2,-0.353,19.32,21.45,04a60932o0503c
60932.209092,21.269,1.073,11,12,c,0,1.14,346.01523,-67.83287,6560.4,10408.16,3.15,2.12,-71.8,-0.376,19.38,21.5,04a60932o0506c
60932.21283,22.185,2.476,5,12,c,0,1.12,346.01523,-67.83287,6505.75,10325.67,3.31,2.31,-75.1,-0.344,19.32,21.47,04a60932o0514c
60932.218056,20.728,0.774,19,14,c,0,0.79,346.01523,-67.83287,6490.45,10444.49,3.25,2.23,-73.5,-0.36,19.35,21.46,04a60932o0525c
60932.915093,-24.125,13.5,-1,11,o,0,1.76,346.01523,-67.83287,9194.72,444.06,2.23,2.05,-53.0,-0.47,19.56,21.06,03a60933o0177o
60932.918854,21.857,1.744,7,12,o,0,0.95,346.01523,-67.83287,6362.84,10403.43,2.59,2.17,-41.1,-0.418,19.54,21.08,03a60933o0185o
60932.919759,20.933,0.85,15,13,o,0,0.81,346.01523,-67.83287,9215.5,486.36,2.24,2.09,-49.5,-0.47,19.54,21.05,03a60933o0187o
60932.921294,22.271,2.267,4,10,o,0,1.5,346.01523,-67.83287,6379.38,10443.4,2.57,2.16,-40.2,-0.415,19.57,21.12,03a60933o0190o
60932.924527,-23.568,8.2,-1,11,o,0,0.92,346.01523,-67.83287,9156.87,401.84,2.28,2.08,-59.8,-0.466,19.55,21.05,03a60933o0197o
60932.952971,20.64,0.585,20,12,o,0,0.95,346.01523,-67.83287,6332.86,10361.34,2.45,2.06,-42.6,-0.419,19.58,21.04,03a60933o0257o
60932.954775,-22.099,1.93,-5,10,o,0,1.28,346.01523,-67.83287,9136.97,517.73,2.15,1.96,-49.5,-0.472,19.55,21.0,03a60933o0261o
60932.957961,-21.344,1.027,-10,11,o,0,1.08,346.01523,-67.83287,6315.07,10478.01,2.49,2.09,-42.0,-0.415,19.57,20.98,03a60933o0268o
60934.210042,20.706,0.593,19,11,c,0,0.82,346.01523,-67.83287,2349.12,6360.99,2.47,2.04,-80.2,-0.374,19.47,21.71,04a60934o0507c
60934.236145,21.409,0.952,10,9,c,0,0.82,346.01523,-67.83287,2370.86,6397.83,2.49,2.07,-80.2,-0.372,19.44,21.68,04a60934o0562c
60934.239326,22.525,2.478,4,9,c,0,1.28,346.01523,-67.83287,2313.07,6322.83,2.45,2.05,-76.6,-0.373,19.46,21.66,04a60934o0569c
60934.26757,20.514,0.446,23,10,c,0,1.43,346.01523,-67.83287,2300.43,6443.89,2.42,2.04,-80.1,-0.376,19.42,21.48,04a60934o0629c
60935.182142,21.891,1.405,6,9,c,0,1.34,346.01523,-67.83287,2348.88,6362.07,2.55,2.2,-84.2,-0.364,19.41,21.63,04a60935o0443c
60935.184908,21.991,1.559,6,9,c,0,1.4,346.01523,-67.83287,2367.83,6398.92,2.52,2.12,-83.4,-0.371,19.39,21.63,04a60935o0449c
60935.1909,23.343,5.8,2,10,c,0,1.07,346.01523,-67.83287,2312.12,6324.72,2.56,2.15,-81.5,-0.365,19.42,21.66,04a60935o0462c
60935.222053,20.134,0.306,32,10,c,0,1.24,346.01523,-67.83287,2296.6,6443.2,2.53,2.12,-80.5,-0.373,19.39,21.48,04a60935o0528c
60935.919289,-24.243,12.167,-1,9,o,0,1.13,346.01523,-67.83287,3225.15,1917.81,2.22,2.04,-49.8,-0.423,19.56,21.04,03a60936o0443o
60935.922111,21.604,1.448,8,12,o,0,0.79,346.01523,-67.83287,3246.54,1956.81,2.25,2.05,-57.1,-0.422,19.49,21.02,03a60936o0449o
60935.954802,-21.341,0.875,-11,9,o,0,1.09,346.01523,-67.83287,3192.63,1881.3,2.2,2.05,-50.1,-0.419,19.58,21.22,03a60936o0518o
60935.981233,-20.318,0.376,-27,10,o,0,0.88,346.01523,-67.83287,3174.21,1999.37,2.23,2.13,-66.1,-0.42,19.56,21.18,03a60936o0575o
60937.173656,-20.737,0.431,-18,8,c,0,2.25,346.01523,-67.83287,3145.09,1962.33,2.57,2.26,41.8,-0.386,19.36,21.61,04a60937o0430c
60937.204991,20.221,0.349,30,10,c,0,1.08,346.01523,-67.83287,3170.29,1999.44,2.51,2.25,44.6,-0.382,19.4,21.63,04a60937o0496c
60937.208188,-21.393,1.111,-10,11,c,0,1.07,346.01523,-67.83287,3106.93,1923.76,2.61,2.33,45.7,-0.38,19.36,21.63,04a60937o0503c
60937.214643,23.837,9.5,1,10,c,0,1.06,346.01523,-67.83287,3085.83,2040.09,2.53,2.26,45.3,-0.381,19.37,21.64,04a60937o0517c
60938.907264,-23.733,10.143,-1,12,o,0,1.38,346.01523,-67.83287,5408.08,8506.43,2.41,2.12,-45.3,-0.416,19.27,20.74,03a60939o0415o
60938.910429,-23.442,8.9,-2,14,o,0,1.02,346.01523,-67.83287,5424.71,8545.33,2.36,2.13,-46.7,-0.412,19.39,20.89,03a60939o0422o
60938.916441,21.456,1.644,10,16,o,0,0.77,346.01523,-67.83287,5374.23,8466.41,2.33,2.1,-47.3,-0.415,19.3,20.77,03a60939o0435o
60938.926722,-20.267,0.433,-28,12,o,0,0.86,346.01523,-67.83287,5355.62,8582.84,2.33,2.1,-47.5,-0.415,19.37,20.88,03a60939o0457o
60940.182526,21.238,1.017,12,12,c,0,1.29,346.01523,-67.83287,6633.15,2227.94,2.61,2.42,-19.7,-0.373,19.22,21.22,04a60940o0365c
60940.1858,20.218,0.477,30,14,c,0,1.14,346.01523,-67.83287,6653.73,2267.49,2.8,2.67,-12.5,-0.36,19.13,21.16,04a60940o0372c
60940.19192,-20.743,0.635,-18,12,c,0,1.18,346.01523,-67.83287,6590.1,2187.08,2.72,2.56,-7.4,-0.372,19.18,21.18,04a60940o0385c
60940.203003,20.597,0.517,21,11,c,0,1.12,346.01523,-67.83287,6570.52,2303.52,2.49,2.28,-9.7,-0.379,19.26,21.18,04a60940o0409c
60941.164556,21.674,1.326,8,10,c,0,1.49,346.01523,-67.83287,6627.75,2226.77,2.53,2.27,-13.4,-0.384,19.35,21.44,04a60941o0403c
60941.167362,20.668,0.598,20,12,c,0,1.11,346.01523,-67.83287,6649.05,2266.04,2.48,2.26,-14.6,-0.384,19.34,21.42,04a60941o0409c
60941.172488,-21.155,0.918,-12,12,c,0,0.98,346.01523,-67.83287,6585.93,2186.48,2.46,2.21,-14.9,-0.388,19.39,21.44,04a60941o0420c
60941.207215,21.428,1.22,10,12,c,0,1.09,346.01523,-67.83287,6569.82,2305.3,2.56,2.45,-10.2,-0.371,19.26,21.35,04a60941o0494c
60943.109913,20.372,0.395,26,10,c,0,0.78,346.01523,-67.83287,4585.56,5926.37,2.27,2.09,-73.0,-0.377,19.34,21.46,04a60943o0287c
60943.134619,20.886,0.59,16,10,c,0,1.41,346.01523,-67.83287,4563.92,5888.6,2.29,2.11,-68.0,-0.373,19.33,21.44,04a60943o0339c
60943.137371,21.528,1.089,9,10,c,0,1.29,346.01523,-67.83287,4621.88,5966.41,2.34,2.15,-66.2,-0.376,19.33,21.43,04a60943o0345c
60943.147713,21.393,0.945,10,10,c,0,1.61,346.01523,-67.83287,5908.76,4706.76,2.54,2.31,-49.3,-0.368,19.29,21.42,04a60943o0367c
60944.931794,-21.738,2.256,-7,16,o,0,0.65,346.01523,-67.83287,3881.52,8055.72,2.41,2.2,-47.9,-0.389,19.16,20.63,03a60945o0448o
60944.937279,19.779,0.365,44,16,o,0,1.38,346.01523,-67.83287,3862.2,8171.82,2.63,2.38,-51.2,-0.387,18.92,20.42,03a60945o0460o
60947.145054,20.641,0.829,20,17,o,0,1.22,346.01523,-67.83287,4236.41,6181.73,2.19,1.93,-64.6,-0.431,19.1,20.46,04a60947o0350o
60947.148719,-21.311,1.286,-11,14,o,0,1.22,346.01523,-67.83287,4256.19,6219.21,2.28,1.97,-69.9,-0.418,19.11,20.51,04a60947o0358o
60947.169434,-20.914,1.061,-16,17,o,0,0.98,346.01523,-67.83287,4201.13,6145.16,2.31,2.02,-68.6,-0.416,19.09,20.53,04a60947o0401o
60947.175842,20.774,0.874,18,16,o,0,1.3,346.01523,-67.83287,4182.06,6259.86,2.24,1.98,-71.0,-0.427,19.2,20.53,04a60947o0415o
60947.892972,-21.153,1.07,-13,13,o,0,1.4,346.01523,-67.83287,3384.7,10039.21,2.81,2.4,-39.8,-0.386,19.29,20.65,03a60948o0367o
60947.895711,-20.755,0.822,-18,15,o,0,0.76,346.01523,-67.83287,3402.29,10078.02,2.74,2.37,-45.4,-0.386,19.33,20.64,03a60948o0373o
60947.901733,-20.502,0.576,-23,13,o,0,1.37,346.01523,-67.83287,3352.68,10000.7,2.61,2.21,-39.6,-0.392,19.36,20.67,03a60948o0386o
60947.937357,20.537,0.606,22,13,o,0,1.05,346.01523,-67.83287,3336.96,10120.35,2.67,2.29,-36.3,-0.39,19.36,20.63,03a60948o0461o
60949.152269,-22.556,6.882,-3,24,o,0,1.14,346.01523,-67.83287,3550.01,10087.68,2.52,1.86,-64.7,-0.465,18.9,20.01,04a60949o0360o
60949.155995,19.146,0.242,80,19,o,0,1.68,346.01523,-67.83287,3565.31,10125.57,2.47,1.87,-67.8,-0.471,18.9,20.02,04a60949o0368o
60949.162406,21.608,2.872,8,24,o,0,1.3,346.01523,-67.83287,3514.47,10049.87,2.57,1.91,-70.8,-0.467,18.9,20.02,04a60949o0382o
60949.191793,19.718,0.524,47,25,o,0,1.06,346.01523,-67.83287,3498.24,10170.26,2.47,1.93,-64.7,-0.459,18.96,20.04,04a60949o0444o
60950.148409,-20.737,1.266,-18,23,o,0,1.19,346.01523,-67.83287,4468.37,4246.08,2.28,2.1,-41.6,-0.452,18.76,19.8,04a60950o0353o
60950.151155,20.806,1.107,17,19,o,0,1.22,346.01523,-67.83287,4488.43,4283.67,2.24,2.1,-50.2,-0.45,18.73,19.81,04a60950o0359o
60950.157596,-21.549,2.182,-9,19,o,0,0.97,346.01523,-67.83287,4429.73,4207.76,2.2,2.05,-47.4,-0.443,18.81,19.82,04a60950o0373o
60950.192562,-19.801,0.43,-44,19,o,0,1.46,346.01523,-67.83287,4413.24,4324.77,2.13,1.99,-61.7,-0.441,18.81,19.83,04a60950o0447o
60950.890923,19.906,0.466,40,18,o,0,1.62,346.01523,-67.83287,4475.93,4236.62,2.89,2.74,-53.6,-0.393,18.7,19.78,03a60951o0346o
60950.893641,20.16,0.675,31,21,o,0,0.97,346.01523,-67.83287,4497.62,4276.84,2.75,2.58,-59.4,-0.395,18.76,19.78,03a60951o0352o
60950.901178,-21.005,1.549,-14,22,o,0,1.1,346.01523,-67.83287,4442.55,4199.42,2.83,2.69,-56.4,-0.39,18.73,19.79,03a60951o0368o
60950.93491,22.879,8.714,3,22,o,0,0.88,346.01523,-67.83287,4423.16,4320.37,2.69,2.53,-77.7,-0.405,18.79,19.81,03a60951o0440o
60952.138153,21.49,3.605,9,33,o,0,1.31,346.01523,-67.83287,7349.25,8444.81,2.75,2.28,-65.3,-0.414,18.41,19.17,04a60952o0328o
60952.141038,-20.867,2.257,-16,37,o,0,1.04,346.01523,-67.83287,7367.18,8484.35,2.74,2.28,-67.0,-0.415,18.35,19.09,04a60952o0334o
60952.148541,20.567,1.842,22,40,o,0,0.72,346.01523,-67.83287,7310.98,8403.86,2.58,2.2,-63.0,-0.387,18.46,19.28,04a60952o0350o
60952.160602,19.759,0.667,45,30,o,0,1.29,346.01523,-67.83287,7294.5,8519.4,2.77,2.3,-65.1,-0.412,18.5,19.36,04a60952o0376o
60953.146152,21.719,4.688,8,35,o,0,1.07,346.01523,-67.83287,7352.07,8444.65,2.77,2.37,-68.4,-0.397,18.22,18.91,04a60953o0347o
60953.149793,-20.22,1.265,-30,38,o,0,1.03,346.01523,-67.83287,7369.16,8484.23,2.9,2.52,-72.9,-0.394,18.15,18.85,04a60953o0355o
60953.155394,-19.845,1.686,-42,71,o,0,0.87,346.01523,-67.83287,7315.05,8404.01,2.95,2.62,-69.6,-0.367,17.52,17.96,04a60953o0367o
60955.137203,-19.496,0.446,-58,26,o,0,1.94,346.01523,-67.83287,7944.02,4607.71,2.41,2.08,-27.9,-0.442,18.26,18.62,04a60955o0328o
60955.139949,-22.235,8.12,-5,38,o,0,0.91,346.01523,-67.83287,7961.32,4646.92,2.52,2.15,-21.4,-0.431,18.2,18.61,04a60955o0334o
60955.145579,20.709,2.189,19,41,o,0,1.09,346.01523,-67.83287,7905.3,4567.14,2.42,2.06,-24.2,-0.433,18.24,18.62,04a60955o0346o
60955.155232,21.626,4.787,8,39,o,0,0.92,346.01523,-67.83287,7885.35,4681.5,2.4,2.12,-26.0,-0.425,18.25,18.62,04a60955o0367o
60956.15529,-20.677,1.291,-20,25,o,0,1.56,346.01523,-67.83287,2208.38,8309.66,2.67,2.03,-75.6,-0.386,18.44,19.08,04a60956o0368o
60956.158535,20.466,0.934,24,22,o,0,1.81,346.01523,-67.83287,2225.83,8347.37,2.66,1.97,-75.8,-0.383,18.46,19.07,04a60956o0375o
60956.164236,21.922,4.879,6,30,o,0,1.16,346.01523,-67.83287,2172.1,8273.46,2.53,1.99,-71.5,-0.421,18.44,19.08,04a60956o0387o
60956.177186,20.012,0.678,36,24,o,0,1.35,346.01523,-67.83287,2152.44,8390.04,2.51,2.0,-71.1,-0.409,18.47,19.07,04a60956o0415o
60956.887564,-19.786,0.469,-44,21,o,0,0.91,346.01523,-67.83287,2095.09,8226.55,2.49,2.19,-54.0,-0.389,18.91,19.63,03a60957o0350o
60956.890932,-20.808,0.943,-17,16,o,0,1.28,346.01523,-67.83287,2112.88,8264.65,2.44,2.18,-50.7,-0.393,18.93,19.63,03a60957o0357o
60956.896881,24.826,44.0,0,19,o,0,0.81,346.01523,-67.83287,2063.32,8188.93,2.42,2.2,-54.8,-0.396,18.9,19.63,03a60957o0370o
60956.913436,-20.736,1.07,-18,20,o,0,0.83,346.01523,-67.83287,2045.38,8305.98,2.45,2.21,-54.8,-0.394,18.94,19.62,03a60957o0406o
60958.145576,20.319,0.701,27,19,o,0,1.63,346.01523,-67.83287,1056.29,2192.26,2.27,1.93,42.9,-0.44,18.82,19.76,04a60958o0346o
60958.150613,19.672,0.481,49,24,o,0,0.95,346.01523,-67.83287,1079.88,2228.89,2.13,2.09,22.6,-0.417,18.7,19.68,04a60958o0357o
60958.153383,22.686,6.632,3,20,o,0,1.24,346.01523,-67.83287,1015.79,2156.52,2.22,2.0,45.8,-0.426,18.77,19.76,04a60958o0363o
60958.163403,19.652,0.44,50,22,o,0,1.23,346.01523,-67.83287,994.28,2273.84,2.18,2.0,47.4,-0.424,18.77,19.67,04a60958o0385o
60959.154936,20.533,1.658,22,37,o,0,0.84,346.01523,-67.83287,1061.26,2192.03,2.56,2.02,47.6,-0.405,18.31,19.45,04a60959o0365o
60959.158138,-20.516,1.737,-23,39,o,0,1.04,346.01523,-67.83287,1081.16,2227.59,2.44,2.02,47.8,-0.415,18.18,19.2,04a60959o0372o
60959.163656,-20.735,2.4,-18,44,o,0,1.11,346.01523,-67.83287,1021.16,2155.93,2.39,2.1,50.1,-0.432,18.06,19.02,04a60959o0384o
60959.174142,20.245,1.404,29,41,o,0,0.88,346.01523,-67.83287,998.55,2274.42,2.58,2.13,47.7,-0.397,18.08,19.01,04a60959o0407o
60961.133266,21.933,3.0,6,18,o,0,0.86,346.01523,-67.83287,5239.03,1815.89,2.18,2.1,-88.5,-0.455,19.04,20.41,04a60961o0316o
60961.136606,19.922,0.406,39,16,o,0,1.06,346.01523,-67.83287,5257.4,1853.59,2.24,2.19,31.1,-0.44,19.09,20.53,04a60961o0323o
60961.143198,19.886,0.377,40,15,o,0,1.68,346.01523,-67.83287,5196.76,1777.29,2.11,2.08,22.6,-0.454,19.1,20.53,04a60961o0337o
60961.156644,21.637,1.938,8,16,o,0,1.07,346.01523,-67.83287,5175.04,1893.12,2.23,2.14,30.1,-0.442,19.11,20.56,04a60961o0366o
60962.113468,-21.346,2.067,-10,22,o,0,1.24,346.01523,-67.83287,9531.99,6564.61,2.52,2.31,-48.1,-0.441,19.01,20.44,04a60962o0273o
60962.117181,-22.087,4.04,-5,22,o,0,0.98,346.01523,-67.83287,9552.18,6605.16,2.54,2.33,-54.7,-0.414,19.02,20.44,04a60962o0281o
60962.122298,-21.48,1.896,-9,18,o,0,0.95,346.01523,-67.83287,9493.89,6521.97,2.47,2.26,-48.7,-0.414,19.04,20.42,04a60962o0292o
60962.132047,22.147,3.818,5,19,o,0,1.29,346.01523,-67.83287,9475.59,6636.93,2.64,2.42,-31.1,-0.416,18.96,20.3,04a60962o0313o
60962.13725,20.144,0.597,32,19,o,0,0.94,346.01523,-67.83287,458.59,6618.99,2.74,2.24,-73.0,-0.383,18.84,20.32,04a60962o0323o
60962.140598,21.338,1.894,11,20,o,0,0.93,346.01523,-67.83287,478.14,6655.31,2.81,2.31,-79.6,-0.377,18.9,20.34,04a60962o0329o
60962.147651,21.444,1.674,10,16,o,0,1.22,346.01523,-67.83287,421.4,6583.17,2.82,2.4,-76.9,-0.364,18.9,20.38,04a60962o0343o
60962.158841,21.067,1.303,14,18,o,0,0.72,346.01523,-67.83287,402.35,6701.25,2.69,2.24,-77.3,-0.386,18.99,20.48,04a60962o0366o
60962.858979,-20.074,0.933,-34,32,c,0,1.33,346.01523,-67.83287,9456.34,6703.51,3.14,2.65,-55.9,-0.374,18.05,20.17,03a60963o0272c
60962.861724,-17.942,0.525,-242,127,c,0,1.2,346.01523,-67.83287,9476.09,6744.75,2.94,2.55,-55.7,-0.376,16.79,18.84,03a60963o0278c
60962.86783,19.912,1.795,39,71,c,0,1.04,346.01523,-67.83287,9421.39,6660.78,3.05,2.61,-56.8,-0.375,17.73,19.83,03a60963o0291c
60962.875737,-20.487,1.167,-23,27,c,0,1.07,346.01523,-67.83287,403.0,6493.13,2.78,2.52,-53.8,-0.39,18.51,20.53,03a60963o0308c
60962.87892,-24.911,44.0,0,17,c,0,1.51,346.01523,-67.83287,9404.04,6774.76,2.93,2.47,-51.5,-0.376,18.76,20.81,03a60963o0315c
60962.879374,20.547,1.02,22,22,c,0,1.06,346.01523,-67.83287,422.51,6529.63,2.84,2.59,-42.4,-0.387,18.6,20.71,03a60963o0316c
60962.885008,-22.132,2.882,-5,15,c,0,1.02,346.01523,-67.83287,369.56,6455.85,2.83,2.69,-44.8,-0.388,19.08,21.22,03a60963o0327c
60962.896568,19.104,0.663,83,55,c,0,1.25,346.01523,-67.83287,348.48,6572.2,2.66,2.45,-42.1,-0.388,17.73,19.71,03a60963o0351c
60964.126035,-20.283,0.629,-28,18,o,0,1.05,346.01523,-67.83287,6892.4,281.24,2.43,2.27,83.4,-0.444,18.96,20.49,04a60964o0297o
60964.12694,-19.329,0.49,-67,33,o,0,1.12,346.01523,-67.83287,4793.7,10446.96,2.75,2.04,-66.2,-0.442,18.63,20.09,04a60964o0299o
60964.137527,21.462,4.147,9,39,o,0,0.73,346.01523,-67.83287,4811.38,10486.46,2.57,1.97,-66.3,-0.474,18.74,20.24,04a60964o0322o
60964.138432,20.424,0.686,25,17,o,0,1.3,346.01523,-67.83287,6914.17,321.17,2.22,2.2,31.2,-0.44,19.03,20.5,04a60964o0324o
60964.140743,22.349,4.6,4,19,o,0,0.98,346.01523,-67.83287,4756.29,10407.66,2.81,2.02,-66.9,-0.422,18.92,20.37,04a60964o0329o
60964.141672,-20.169,0.676,-31,21,o,0,0.72,346.01523,-67.83287,6848.33,240.14,2.18,2.17,-68.5,-0.458,19.05,20.46,04a60964o0331o
60964.147185,-20.6,19.653,-21,411,o,0,0.01,346.01523,-67.83287,4739.86,10525.41,2.53,2.06,-62.5,-0.452,18.92,20.35,04a60964o0343o
60964.147635,-25.546,87.0,0,19,o,0,1.14,346.01523,-67.83287,6826.48,356.99,2.28,2.14,79.3,-0.455,18.86,20.27,04a60964o0344o
60965.127892,21.726,1.882,7,14,o,0,1.32,346.01523,-67.83287,6891.49,280.66,2.06,2.01,-74.8,-0.444,19.17,20.75,04a60965o0300o
60965.131116,19.993,0.335,36,12,o,0,1.26,346.01523,-67.83287,6914.02,320.32,2.17,2.06,79.7,-0.449,19.17,20.76,04a60965o0307o
60965.132988,20.316,0.667,27,18,o,0,1.39,346.01523,-67.83287,4793.27,10446.49,2.68,1.97,-67.4,-0.462,19.15,20.78,04a60965o0311o
60965.135733,-24.684,47.5,0,23,o,0,1.31,346.01523,-67.83287,4810.15,10484.98,2.93,2.01,-69.9,-0.408,19.2,20.76,04a60965o0317o
60965.136634,19.714,0.324,47,15,o,0,1.21,346.01523,-67.83287,6848.31,239.02,2.3,2.03,75.7,-0.434,19.2,20.72,04a60965o0319o
60965.141772,-20.835,1.091,-17,18,o,0,1.17,346.01523,-67.83287,4756.98,10407.27,2.6,1.96,-64.6,-0.458,19.25,20.82,04a60965o0330o
60965.146444,21.583,1.551,8,13,o,0,1.41,346.01523,-67.83287,6826.7,356.04,2.28,2.21,71.9,-0.428,19.19,20.72,04a60965o0340o
60965.151543,21.66,4.463,8,35,o,0,0.71,346.01523,-67.83287,4739.98,10525.12,2.7,1.95,-69.7,-0.425,19.21,20.85,04a60965o0351o
60967.123454,21.175,1.169,12,14,o,0,1.14,346.01523,-67.83287,5750.21,6556.2,2.44,2.06,-57.9,-0.434,19.18,20.76,04a60967o0288o
60967.126803,20.497,0.628,23,14,o,0,1.25,346.01523,-67.83287,5769.15,6594.78,2.3,2.02,-56.7,-0.424,19.22,20.79,04a60967o0294o
60967.13256,21.843,2.513,7,17,o,0,1.19,346.01523,-67.83287,5713.37,6516.67,2.3,1.97,-61.2,-0.435,19.25,20.82,04a60967o0305o
60967.143291,-22.741,5.722,-3,17,o,0,0.97,346.01523,-67.83287,5696.03,6633.14,2.23,1.98,-57.2,-0.422,19.24,20.84,04a60967o0327o
60968.248426,-20.828,1.816,-17,31,o,0,0.9,346.01523,-67.83287,3365.79,42.73,2.2,2.08,43.6,-0.42,19.01,20.41,04a60968o0249o
60968.249356,22.203,3.296,5,16,o,0,1.62,346.01523,-67.83287,1824.6,10341.07,2.44,1.9,-65.8,-0.458,19.04,20.51,04a60968o0251o
60968.265625,21.488,2.25,9,21,o,0,0.91,346.01523,-67.83287,1773.67,10267.84,2.59,1.82,-74.5,-0.429,19.08,20.4,04a60968o0286o
60968.268031,21.448,2.492,10,24,o,0,0.69,346.01523,-67.83287,3275.97,85.29,2.16,1.97,54.6,-0.409,19.04,20.47,04a60968o0291o
60968.268481,-20.693,0.99,-19,19,o,0,1.1,346.01523,-67.83287,1756.53,10387.53,2.62,1.9,-74.8,-0.438,19.07,20.56,04a60968o0292o
60968.853484,-25.536,56.0,0,12,c,0,1.01,346.01523,-67.83287,9837.6,10519.28,3.15,2.71,-59.9,-0.396,19.55,21.48,03a60969o0250c
60968.868791,20.954,0.871,15,13,c,0,0.75,346.01523,-67.83287,1627.27,10196.16,3.04,2.74,-41.6,-0.374,19.55,21.5,03a60969o0282c
60968.872079,22.338,2.429,4,10,c,0,1.08,346.01523,-67.83287,1645.33,10234.95,2.99,2.63,-39.9,-0.37,19.5,21.5,03a60969o0289c
60968.878634,21.6,1.348,8,11,c,0,1.03,346.01523,-67.83287,1596.01,10159.62,2.78,2.49,-40.3,-0.394,19.6,21.52,03a60969o0302c
60968.889825,-20.087,0.313,-34,10,c,0,1.01,346.01523,-67.83287,3405.78,45.06,2.69,2.53,-75.6,-0.355,19.49,21.45,03a60969o0326c
60968.890276,-23.637,9.333,-1,12,c,0,0.78,346.01523,-67.83287,1577.0,10278.38,3.02,2.7,-40.5,-0.39,19.56,21.51,03a60969o0327c
60970.125453,19.17,0.793,78,62,o,0,0.82,346.01523,-67.83287,2504.58,4415.68,2.19,2.0,-84.4,-0.408,17.71,19.05,04a60970o0288o
60970.128669,18.703,0.368,120,44,o,0,2.13,346.01523,-67.83287,2524.22,4452.86,2.13,1.99,-75.3,-0.419,17.72,19.06,04a60970o0295o
60970.134818,21.99,6.312,6,37,o,0,0.78,346.01523,-67.83287,2467.75,4377.98,2.22,2.05,-57.1,-0.424,18.24,19.54,04a60970o0307o
60970.144713,20.19,1.356,30,41,o,0,1.24,346.01523,-67.83287,2448.55,4494.78,2.26,2.09,-57.0,-0.439,18.11,19.47,04a60970o0326o
60971.126243,-21.114,1.023,-13,13,o,0,1.13,346.01523,-67.83287,2506.25,4414.37,2.21,2.02,78.9,-0.392,19.19,20.77,04a60971o0290o
60971.129486,21.435,1.475,10,14,o,0,1.09,346.01523,-67.83287,2524.57,4451.36,2.28,2.1,76.6,-0.392,19.1,20.7,04a60971o0297o
60971.135047,21.847,1.907,7,13,o,0,1.43,346.01523,-67.83287,2465.41,4378.03,2.22,2.07,80.9,-0.398,19.14,20.69,04a60971o0309o
60971.145384,22.299,3.37,4,15,o,0,1.1,346.01523,-67.83287,2446.24,4495.13,2.31,2.12,77.2,-0.391,19.13,20.74,04a60971o0329o
60971.828203,-23.069,4.571,-2,10,c,0,1.12,346.01523,-67.83287,9888.22,4824.67,2.53,2.18,-61.3,-0.378,19.55,21.47,03a60972o0001c
60971.831132,20.792,0.566,18,10,c,0,0.98,346.01523,-67.83287,9908.95,4864.51,2.52,2.19,-63.4,-0.379,19.56,21.46,03a60972o0007c
60971.83666,23.439,5.8,2,9,c,0,1.12,346.01523,-67.83287,9855.68,4777.39,2.51,2.15,-62.7,-0.379,19.55,21.44,03a60972o0019c
60971.843031,22.383,2.037,4,8,c,0,1.97,346.01523,-67.83287,518.36,4551.25,2.42,2.18,-56.9,-0.391,19.58,21.45,03a60972o0033c
60971.845852,-23.302,5.455,-2,10,c,0,1.56,346.01523,-67.83287,538.26,4588.32,2.49,2.23,-60.6,-0.39,19.54,21.45,03a60972o0039c
60971.847218,20.437,0.451,24,11,c,0,1.04,346.01523,-67.83287,9836.54,4891.49,2.61,2.19,-64.2,-0.373,19.53,21.43,03a60972o0042c
60971.851017,19.039,0.129,88,11,c,0,16.47,346.01523,-67.83287,482.0,4514.41,2.52,2.29,-59.9,-0.389,19.54,21.45,03a60972o0050c
60971.886303,-20.905,0.559,-16,9,c,0,1.66,346.01523,-67.83287,465.15,4632.37,2.44,2.26,-60.4,-0.392,19.57,21.47,03a60972o0125c
60973.0498,19.8,0.42,44,18,o,0,0.93,346.01523,-67.83287,10042.16,5871.13,2.91,2.46,-17.6,-0.388,18.97,20.51,04a60973o0072o
60973.080805,22.21,4.368,5,21,o,0,1.0,346.01523,-67.83287,10020.13,5840.43,2.92,2.48,-14.0,-0.414,18.95,20.44,04a60973o0135o
60973.099776,20.351,0.762,26,20,o,0,0.82,346.01523,-67.83287,489.21,4638.83,2.76,2.28,65.9,-0.368,18.93,20.44,04a60973o0173o
60973.103018,21.239,1.352,12,16,o,0,1.83,346.01523,-67.83287,470.08,4756.3,2.61,2.29,85.0,-0.393,18.89,20.36,04a60973o0178o
60973.124126,-19.28,0.429,-70,30,o,0,1.25,346.01523,-67.83287,9930.0,4668.74,2.41,2.2,-13.5,-0.47,18.7,20.57,04a60973o0222o
60973.127353,19.591,0.551,53,29,o,0,1.16,346.01523,-67.83287,9950.09,4707.36,2.34,2.23,-72.8,-0.418,18.74,20.67,04a60973o0229o
60973.132611,-23.17,9.778,-2,19,o,0,1.35,346.01523,-67.83287,9890.84,4624.3,2.51,2.46,82.1,-0.384,18.96,20.44,04a60973o0240o
60973.142616,19.609,0.358,52,19,o,0,1.15,346.01523,-67.83287,9872.06,4739.53,2.74,2.44,-13.2,-0.393,18.95,20.34,04a60973o0261o
60974.823599,21.166,1.167,12,14,o,0,0.82,346.01523,-67.83287,7567.23,6599.48,2.65,2.19,-49.5,-0.418,19.24,20.56,03a60975o0186o
60974.826328,21.664,1.612,8,13,o,0,1.26,346.01523,-67.83287,7585.67,6639.68,2.62,2.22,-46.8,-0.415,19.26,20.56,03a60975o0192o
60974.832008,20.597,0.629,21,13,o,0,1.24,346.01523,-67.83287,7535.66,6559.97,2.54,2.13,-50.4,-0.422,19.28,20.57,03a60975o0204o
60974.849941,21.976,2.256,6,13,o,0,1.55,346.01523,-67.83287,7519.61,6677.74,2.54,2.15,-51.8,-0.421,19.25,20.53,03a60975o0243o
60976.076073,19.956,0.573,38,22,o,0,1.11,346.01523,-67.83287,8723.06,2232.12,2.2,2.11,-68.1,-0.434,18.92,20.18,04a60976o0179o
60976.078874,20.337,0.783,27,21,o,0,1.39,346.01523,-67.83287,8744.69,2272.76,2.24,2.06,-79.1,-0.385,18.92,20.18,04a60976o0185o
60976.08485,20.403,0.729,25,18,o,0,1.17,346.01523,-67.83287,8682.81,2190.65,2.46,2.17,-27.1,-0.425,18.9,20.18,04a60976o0198o
60976.098273,20.716,1.157,19,22,o,0,0.8,346.01523,-67.83287,8661.6,2305.55,2.25,2.13,-89.2,-0.424,18.99,20.35,04a60976o0227o
60977.10179,-20.32,0.807,-27,22,o,0,0.93,346.01523,-67.83287,8727.24,2233.07,2.36,1.97,88.5,-0.455,18.94,20.15,04a60977o0231o
60977.104529,19.729,0.34,47,16,o,0,2.0,346.01523,-67.83287,8748.46,2273.84,2.26,1.9,89.9,-0.425,18.96,20.13,04a60977o0237o
60977.111337,-24.046,18.8,-1,16,o,0,2.24,346.01523,-67.83287,8686.42,2191.75,2.16,2.02,-64.8,-0.439,18.93,20.11,04a60977o0252o
60977.120834,20.646,1.077,20,22,o,0,1.4,346.01523,-67.83287,8666.44,2306.88,2.4,2.05,89.4,-0.409,18.9,20.06,04a60977o0272o
60977.832776,20.996,1.267,14,18,o,0,1.25,346.01523,-67.83287,9036.52,8591.96,2.99,2.34,-53.5,-0.408,19.08,20.23,03a60978o0194o
60977.835517,-21.418,1.596,-10,16,o,0,1.44,346.01523,-67.83287,9054.99,8633.2,2.99,2.28,-53.0,-0.419,19.11,20.23,03a60978o0200o
60977.842475,-21.796,2.486,-7,17,o,0,1.18,346.01523,-67.83287,9004.0,8549.33,2.96,2.3,-55.4,-0.412,19.07,20.28,03a60978o0215o
60977.852628,20.187,0.563,31,17,o,0,1.3,346.01523,-67.83287,8986.01,8664.06,3.05,2.43,-52.9,-0.4,19.06,20.28,03a60978o0237o
60977.856744,-21.125,1.188,-13,15,o,0,1.22,346.01523,-67.83287,266.83,8435.53,2.68,2.45,-61.2,-0.462,19.19,20.36,03a60978o0246o
60977.8595,21.295,1.815,11,20,o,0,0.88,346.01523,-67.83287,285.8,8472.73,2.87,2.61,-57.7,-0.402,19.15,20.33,03a60978o0252o
60977.865488,20.339,0.626,27,17,o,0,1.03,346.01523,-67.83287,233.98,8398.82,2.81,2.52,-59.7,-0.394,19.14,20.33,03a60978o0265o
60977.875241,23.232,9.3,2,17,o,0,1.17,346.01523,-67.83287,216.13,8517.64,2.72,2.46,-62.6,-0.411,19.16,20.28,03a60978o0286o
60979.09072,20.987,1.938,15,28,o,0,1.44,346.01523,-67.83287,9169.04,8472.19,2.37,2.08,-82.5,-0.445,18.75,19.77,04a60979o0203o
60979.095619,20.669,1.51,20,30,o,0,1.31,346.01523,-67.83287,9191.75,8514.53,2.2,2.07,-8.4,-0.451,18.76,19.78,04a60979o0213o
60979.098464,-22.146,4.115,-5,21,o,0,2.04,346.01523,-67.83287,9134.84,8430.99,2.32,2.11,-13.7,-0.418,18.75,19.78,04a60979o0219o
60979.108182,-22.939,13.071,-2,32,o,0,0.93,346.01523,-67.83287,9120.41,8546.66,2.04,1.96,8.0,-0.475,18.74,19.77,04a60979o0240o
60979.118034,20.578,1.065,21,23,o,0,1.42,346.01523,-67.83287,379.54,8570.69,2.83,2.0,-78.4,-0.394,18.76,19.8,04a60979o0261o
60979.120783,-19.239,0.331,-73,24,o,0,1.0,346.01523,-67.83287,398.76,8607.66,2.79,1.98,-78.8,-0.389,18.78,19.8,04a60979o0267o
60979.125855,-19.464,0.347,-60,21,o,0,1.15,346.01523,-67.83287,346.39,8535.88,2.69,1.99,-78.0,-0.39,18.79,19.79,04a60979o0278o
60979.136532,20.343,0.754,26,20,o,0,1.51,346.01523,-67.83287,327.46,8653.61,2.77,2.01,-79.7,-0.386,18.79,19.82,04a60979o0301o
60980.835447,21.263,2.038,11,23,o,0,1.09,346.01523,-67.83287,8124.77,10449.16,3.17,2.38,-43.8,-0.44,18.83,19.73,03a60981o0207o
60980.838655,-21.166,1.8,-12,22,o,0,1.14,346.01523,-67.83287,8140.12,10488.2,3.23,2.46,-42.1,-0.426,18.85,19.72,03a60981o0214o
60980.844607,20.047,0.755,35,26,o,0,0.95,346.01523,-67.83287,8088.78,10404.59,3.17,2.38,-39.9,-0.445,18.89,19.73,03a60981o0227o
60980.853375,-21.32,1.838,-11,20,o,0,1.01,346.01523,-67.83287,1270.45,124.28,2.57,2.23,-65.6,-0.436,18.87,19.71,03a60981o0246o
60980.854735,-21.74,3.176,-7,23,o,0,1.46,346.01523,-67.83287,8072.95,10517.94,3.16,2.36,-42.4,-0.432,18.82,19.62,03a60981o0249o
60980.856098,19.749,2.198,46,101,o,0,0.87,346.01523,-67.83287,1291.04,162.09,2.41,2.2,-61.1,-0.437,17.3,17.53,03a60981o0252o
60982.082883,19.167,0.491,78,38,o,0,1.03,346.01523,-67.83287,9097.03,303.31,2.5,2.2,-88.2,-0.398,18.46,19.21,04a60982o0182o
60982.085639,19.398,0.662,63,42,o,0,0.73,346.01523,-67.83287,9114.71,343.87,2.4,2.2,-88.4,-0.426,18.44,19.2,04a60982o0188o
60982.093704,-20.055,1.214,-34,42,o,0,0.83,346.01523,-67.83287,9053.71,261.4,2.53,2.1,88.7,-0.421,18.48,19.22,04a60982o0205o
60982.095551,-19.657,0.768,-50,38,o,0,0.72,346.01523,-67.83287,6546.67,10364.6,2.49,2.07,-64.8,-0.423,18.53,19.27,04a60982o0209o
60982.098825,-20.666,1.784,-20,35,o,0,1.36,346.01523,-67.83287,6566.65,10404.99,2.4,2.08,-64.0,-0.424,18.54,19.27,04a60982o0216o
60982.105519,20.198,1.145,30,35,o,0,1.08,346.01523,-67.83287,6512.3,10324.79,2.71,2.07,-72.6,-0.402,18.52,19.28,04a60982o0230o
60982.105969,-19.785,0.81,-44,36,o,0,1.36,346.01523,-67.83287,9030.68,377.29,2.45,2.15,-76.9,-0.415,18.53,19.24,04a60982o0231o
60982.115413,20.389,1.47,25,37,o,0,0.73,346.01523,-67.83287,6496.14,10441.89,2.29,2.03,-69.0,-0.398,18.55,19.28,04a60982o0251o
60983.102922,22.352,8.937,4,37,o,0,0.91,346.01523,-67.83287,9101.23,305.23,3.09,2.6,-25.9,-0.363,18.28,19.07,04a60983o0223o
60983.106184,19.705,0.724,48,34,o,0,1.27,346.01523,-67.83287,9121.56,346.84,3.01,2.61,-20.3,-0.375,18.31,19.02,04a60983o0230o
60983.108499,-20.911,1.944,-16,30,o,0,1.09,346.01523,-67.83287,6550.87,10366.73,3.0,2.33,-76.8,-0.354,18.35,19.11,04a60983o0235o
60983.111342,19.775,0.769,45,34,o,0,0.85,346.01523,-67.83287,6568.92,10406.36,3.0,2.4,-76.8,-0.364,18.34,19.13,04a60983o0241o
60983.111792,-20.476,1.522,-23,36,o,0,1.18,346.01523,-67.83287,9056.37,262.28,2.95,2.66,-22.6,-0.366,18.31,19.07,04a60983o0242o
60983.116925,20.23,1.231,29,36,o,0,1.02,346.01523,-67.83287,6515.63,10326.76,3.07,2.49,-76.9,-0.35,18.3,19.11,04a60983o0253o
60983.123988,20.265,1.342,28,38,o,0,0.75,346.01523,-67.83287,9033.79,379.57,3.09,2.6,-27.8,-0.351,18.27,19.02,04a60983o0268o
60983.126311,20.834,1.959,17,33,o,0,1.31,346.01523,-67.83287,6499.38,10443.95,2.99,2.35,-74.9,-0.389,18.3,19.07,04a60983o0273o
60983.848056,20.185,0.776,31,24,o,0,1.57,346.01523,-67.83287,2301.64,6285.59,2.65,2.41,-61.1,-0.385,18.48,19.15,03a60984o0230o
60983.851261,20.407,1.015,25,25,o,0,1.3,346.01523,-67.83287,2320.42,6323.16,2.74,2.53,-69.5,-0.389,18.47,19.14,03a60984o0237o
60983.856273,21.682,3.625,8,28,o,0,0.85,346.01523,-67.83287,2268.31,6248.26,2.58,2.38,-67.4,-0.385,18.51,19.13,03a60984o0248o
